station_id,date,y_true,y_pred
Darrington,2019-01-01,0.266,0.2838418185710907
Darrington,2019-01-02,0.274,0.2905252277851105
Darrington,2019-01-03,0.336,0.3056280314922333
Darrington,2019-01-04,0.311,0.303812175989151
Darrington,2019-01-05,0.281,0.2874585688114166
Darrington,2019-01-06,0.305,0.3045133948326111
Darrington,2019-01-07,0.309,0.29132476449012756
Darrington,2019-01-08,0.282,0.2915991544723511
Darrington,2019-01-09,0.319,0.2860388159751892
Darrington,2019-01-10,0.308,0.28365397453308105
Darrington,2019-01-11,0.277,0.26981404423713684
Darrington,2019-01-12,0.266,0.264955997467041
Darrington,2019-01-13,0.259,0.2582314908504486
Darrington,2019-01-14,0.253,0.25767508149147034
Darrington,2019-01-15,0.264,0.256363183259964
Darrington,2019-01-16,0.261,0.25398796796798706
Darrington,2019-01-17,0.26,0.2630842328071594
Darrington,2019-01-18,0.31,0.2908611297607422
Darrington,2019-01-19,0.319,0.30052870512008667
Darrington,2019-01-20,0.283,0.29738134145736694
Darrington,2019-01-21,0.268,0.28910139203071594
Darrington,2019-01-22,0.3,0.30446434020996094
Darrington,2019-01-23,0.309,0.3036954402923584
Darrington,2019-01-24,0.277,0.2925942838191986
Darrington,2019-01-25,0.267,0.27392327785491943
Darrington,2019-01-26,0.26,0.2686317265033722
Darrington,2019-01-27,0.255,0.25350067019462585
Darrington,2019-01-28,0.252,0.2468879222869873
Darrington,2019-01-29,0.246,0.24568355083465576
Darrington,2019-01-30,0.244,0.24526415765285492
Darrington,2019-01-31,0.246,0.23418495059013367
Darrington,2019-02-01,0.304,0.27512887120246887
Darrington,2019-02-02,0.302,0.2791784107685089
Darrington,2019-02-03,0.281,0.27182790637016296
Darrington,2019-02-04,0.258,0.25131547451019287
Darrington,2019-03-27,0.253,0.2536625862121582
Darrington,2019-03-28,0.243,0.25333982706069946
Darrington,2019-03-29,0.237,0.24786774814128876
Darrington,2019-03-30,0.233,0.24385017156600952
Darrington,2019-03-31,0.229,0.24248971045017242
Darrington,2019-04-01,0.225,0.2236834615468979
Darrington,2019-04-02,0.221,0.21961922943592072
Darrington,2019-04-03,0.252,0.24686330556869507
Darrington,2019-04-04,0.26,0.25575318932533264
Darrington,2019-04-05,0.266,0.26012179255485535
Darrington,2019-04-06,0.286,0.2728959321975708
Darrington,2019-04-07,0.291,0.2710859775543213
Darrington,2019-04-08,0.273,0.2826932668685913
Darrington,2019-04-09,0.297,0.28075122833251953
Darrington,2019-04-10,0.299,0.29003778100013733
Darrington,2019-04-11,0.303,0.29031744599342346
Darrington,2019-04-12,0.287,0.28752022981643677
Darrington,2019-04-13,0.307,0.2956467866897583
Darrington,2019-04-14,0.306,0.2964595854282379
Darrington,2019-04-15,0.274,0.2726254463195801
Darrington,2019-04-16,0.27,0.2793382406234741
Darrington,2019-04-17,0.292,0.26855671405792236
Darrington,2019-04-18,0.315,0.2859790623188019
Darrington,2019-04-19,0.319,0.28790804743766785
Darrington,2019-04-20,0.272,0.2722620368003845
Darrington,2019-04-21,0.251,0.26643866300582886
Darrington,2019-04-22,0.25,0.252554327249527
Darrington,2019-04-23,0.26,0.24880096316337585
Darrington,2019-04-24,0.248,0.24310480058193207
Darrington,2019-04-25,0.234,0.23466789722442627
Darrington,2019-04-26,0.224,0.22881890833377838
Darrington,2019-04-27,0.225,0.2289244383573532
Darrington,2019-04-28,0.22,0.2271171659231186
Darrington,2019-04-29,0.211,0.22147338092327118
Darrington,2019-04-30,0.203,0.2199559062719345
Darrington,2019-05-01,0.195,0.2040039300918579
Darrington,2019-05-02,0.193,0.20529957115650177
Darrington,2019-05-03,0.192,0.19247208535671234
Darrington,2019-05-04,0.186,0.19078002870082855
Darrington,2019-05-05,0.176,0.18634198606014252
Darrington,2019-05-06,0.163,0.15329676866531372
Darrington,2019-05-07,0.151,0.14971597492694855
Darrington,2019-05-08,0.139,0.1418643742799759
Darrington,2019-05-09,0.126,0.12825478613376617
Darrington,2019-05-10,0.113,0.12449968606233597
Darrington,2019-05-11,0.101,0.11700505018234253
Darrington,2019-05-12,0.095,0.11330115050077438
Darrington,2019-05-13,0.091,0.08800788223743439
Darrington,2019-05-14,0.09,0.11103283613920212
Darrington,2019-05-15,0.09,0.11715418100357056
Darrington,2019-05-16,0.089,0.1352001130580902
Darrington,2019-05-17,0.147,0.16886314749717712
Darrington,2019-05-18,0.174,0.1655394285917282
Darrington,2019-05-19,0.161,0.1587350219488144
Darrington,2019-05-20,0.179,0.19712568819522858
Darrington,2019-05-21,0.201,0.19768474996089935
Darrington,2019-05-22,0.187,0.19454604387283325
Darrington,2019-05-23,0.172,0.1874345988035202
Darrington,2019-05-24,0.206,0.19443002343177795
Darrington,2019-05-25,0.226,0.20236937701702118
Darrington,2019-05-26,0.225,0.2036970853805542
Darrington,2019-05-27,0.196,0.20916639268398285
Darrington,2019-05-28,0.175,0.1462257206439972
Darrington,2019-05-29,0.162,0.13973619043827057
Darrington,2019-05-30,0.149,0.1351463943719864
Darrington,2019-05-31,0.133,0.12469068914651871
Darrington,2019-06-01,0.118,0.11677524447441101
Darrington,2019-06-02,0.105,0.10448955744504929
Darrington,2019-06-03,0.097,0.10010432451963425
Darrington,2019-06-04,0.09,0.08392789214849472
Darrington,2019-06-05,0.087,0.08334334939718246
Darrington,2019-06-06,0.085,0.09121264517307281
Darrington,2019-06-07,0.085,0.10810839384794235
Darrington,2019-06-08,0.091,0.11999467015266418
Darrington,2019-06-09,0.097,0.10908136516809464
Darrington,2019-06-10,0.097,0.10191769897937775
Darrington,2019-06-11,0.093,0.10364077240228653
Darrington,2019-06-12,0.087,0.09868796169757843
Darrington,2019-06-13,0.081,0.09239143133163452
Darrington,2019-06-14,0.078,0.08686576783657074
Darrington,2019-06-15,0.076,0.0823075920343399
Darrington,2019-06-16,0.073,0.07787276804447174
Darrington,2019-06-17,0.069,0.06168021261692047
Darrington,2019-06-18,0.069,0.07129663974046707
Darrington,2019-06-19,0.075,0.07415568083524704
Darrington,2019-06-20,0.076,0.08030625432729721
Darrington,2019-06-21,0.075,0.07949422299861908
Darrington,2019-06-22,0.074,0.07729759812355042
Darrington,2019-06-23,0.074,0.0792374536395073
Darrington,2019-06-24,0.073,0.08639511466026306
Darrington,2019-06-25,0.071,0.0857030600309372
Darrington,2019-06-26,0.072,0.08948317170143127
Darrington,2019-06-27,0.127,0.129367396235466
Darrington,2019-06-28,0.165,0.14929735660552979
Darrington,2019-06-29,0.16,0.15374886989593506
Darrington,2019-06-30,0.147,0.1338924914598465
Darrington,2019-07-01,0.134,0.11692817509174347
Darrington,2019-07-02,0.124,0.11530177295207977
Darrington,2019-07-03,0.119,0.11053099483251572
Darrington,2019-07-04,0.115,0.10616179555654526
Darrington,2019-07-05,0.112,0.09790096431970596
Darrington,2019-07-06,0.106,0.09577833861112595
Darrington,2019-07-07,0.101,0.09313292801380157
Darrington,2019-07-08,0.096,0.10093706846237183
Darrington,2019-07-09,0.088,0.10262751579284668
Darrington,2019-07-10,0.09,0.1045871451497078
Darrington,2019-07-11,0.1,0.11946115642786026
Darrington,2019-07-12,0.098,0.10721691697835922
Darrington,2019-07-13,0.092,0.10737089812755585
Darrington,2019-07-14,0.087,0.11193743348121643
Darrington,2019-07-15,0.082,0.1056317538022995
Darrington,2019-07-16,0.081,0.10310830920934677
Darrington,2019-07-17,0.1,0.15138065814971924
Darrington,2019-07-18,0.158,0.16975948214530945
Darrington,2019-07-19,0.16,0.16854549944400787
Darrington,2019-07-20,0.155,0.1665475219488144
Darrington,2019-07-21,0.145,0.14907877147197723
Darrington,2019-07-22,0.134,0.13367581367492676
Darrington,2019-07-23,0.126,0.12252722680568695
Darrington,2019-07-24,0.12,0.12213616073131561
Darrington,2019-07-25,0.114,0.1121048703789711
Darrington,2019-07-26,0.106,0.1098955050110817
Darrington,2019-07-27,0.102,0.10816640406847
Darrington,2019-07-28,0.099,0.10981644690036774
Darrington,2019-07-29,0.094,0.10128623992204666
Darrington,2019-07-30,0.091,0.1003333106637001
Darrington,2019-07-31,0.088,0.10073407739400864
Darrington,2019-08-01,0.084,0.09715648740530014
Darrington,2019-08-02,0.101,0.10682366788387299
Darrington,2019-08-03,0.113,0.10755115747451782
Darrington,2019-08-04,0.111,0.10317245870828629
Darrington,2019-08-05,0.105,0.09991041570901871
Darrington,2019-08-06,0.099,0.09547428041696548
Darrington,2019-08-07,0.094,0.09349743276834488
Darrington,2019-08-08,0.091,0.0882403552532196
Darrington,2019-08-09,0.089,0.0905323401093483
Darrington,2019-08-10,0.092,0.09182687103748322
Darrington,2019-08-11,0.093,0.09807843714952469
Darrington,2019-08-12,0.092,0.10015389323234558
Darrington,2019-08-13,0.089,0.0863661840558052
Darrington,2019-08-14,0.087,0.08381262421607971
Darrington,2019-08-15,0.084,0.08084442466497421
Darrington,2019-08-16,0.082,0.08062700927257538
Darrington,2019-08-17,0.081,0.0815730094909668
Darrington,2019-08-18,0.079,0.08552102744579315
Darrington,2019-08-19,0.077,0.07279202342033386
Darrington,2019-08-20,0.075,0.07261062413454056
Darrington,2019-08-21,0.079,0.07781059294939041
Darrington,2019-08-22,0.089,0.09082851558923721
Darrington,2019-08-23,0.093,0.09403965622186661
Darrington,2019-08-24,0.099,0.0934082642197609
Darrington,2019-08-25,0.1,0.09001249074935913
Darrington,2019-08-26,0.099,0.09202219545841217
Darrington,2019-08-27,0.095,0.08920655399560928
Darrington,2019-08-28,0.091,0.09268062561750412
Darrington,2019-08-29,0.086,0.07775457203388214
Darrington,2019-08-30,0.084,0.0869886577129364
Darrington,2019-08-31,0.084,0.08952464908361435
Darrington,2019-09-01,0.081,0.09164034575223923
Darrington,2019-09-02,0.078,0.07888215780258179
Darrington,2019-09-03,0.076,0.07961517572402954
Darrington,2019-09-04,0.075,0.07816630601882935
Darrington,2019-09-05,0.073,0.07466524094343185
Darrington,2019-09-06,0.072,0.07187824696302414
Darrington,2019-09-07,0.07,0.0679180920124054
Darrington,2019-09-08,0.08,0.07523781806230545
Darrington,2019-09-09,0.09,0.08083628118038177
Darrington,2019-09-10,0.093,0.08399735391139984
Darrington,2019-09-11,0.094,0.08530651777982712
Darrington,2019-09-12,0.094,0.10040818899869919
Darrington,2019-09-13,0.115,0.1391911804676056
Darrington,2019-09-14,0.143,0.1712828278541565
Darrington,2019-09-15,0.193,0.21394002437591553
Darrington,2019-09-16,0.204,0.23167447745800018
Darrington,2019-09-17,0.216,0.23335257172584534
Darrington,2019-09-18,0.226,0.23129504919052124
Darrington,2019-09-19,0.215,0.21740710735321045
Darrington,2019-09-20,0.206,0.21706238389015198
Darrington,2019-09-21,0.2,0.2080460637807846
Darrington,2019-09-22,0.237,0.22017979621887207
Darrington,2019-09-23,0.259,0.2487848848104477
Darrington,2019-09-24,0.257,0.25199535489082336
Darrington,2019-09-25,0.234,0.24938753247261047
Darrington,2019-09-26,0.271,0.2578105628490448
Darrington,2019-09-27,0.262,0.25510916113853455
Darrington,2019-09-28,0.247,0.2511797845363617
Darrington,2019-09-29,0.233,0.23999883234500885
Darrington,2019-09-30,0.225,0.2371140569448471
Darrington,2019-10-01,0.22,0.22948360443115234
Darrington,2019-10-02,0.216,0.22846505045890808
Darrington,2019-10-03,0.224,0.23574142158031464
Darrington,2019-10-04,0.264,0.25048863887786865
Darrington,2019-10-05,0.27,0.2484886646270752
Darrington,2019-10-06,0.251,0.24644985795021057
Darrington,2019-10-07,0.293,0.27427616715431213
Darrington,2019-10-08,0.271,0.2733851969242096
Darrington,2019-10-09,0.251,0.2605433166027069
Darrington,2019-10-10,0.24,0.25517454743385315
Darrington,2019-10-11,0.234,0.24516217410564423
Darrington,2019-10-12,0.23,0.2366369068622589
Darrington,2019-10-13,0.227,0.23928670585155487
Darrington,2019-10-14,0.224,0.23003123700618744
Darrington,2019-10-15,0.221,0.2224241942167282
Darrington,2019-10-16,0.239,0.2535390555858612
Darrington,2019-10-17,0.295,0.2738440930843353
Darrington,2019-10-18,0.293,0.282314658164978
Darrington,2019-10-19,0.288,0.28524529933929443
Darrington,2019-10-20,0.296,0.28589296340942383
Darrington,2019-10-21,0.324,0.30045977234840393
Darrington,2019-10-22,0.282,0.2914641201496124
Darrington,2019-10-23,0.258,0.2760697603225708
Darrington,2019-10-24,0.249,0.2717791795730591
Darrington,2019-10-26,0.273,0.25864747166633606
Darrington,2019-10-27,0.256,0.25555410981178284
Darrington,2019-10-28,0.249,0.24737563729286194
Darrington,2019-10-29,0.244,0.24595177173614502
Darrington,2019-10-30,0.24,0.24087917804718018
Darrington,2019-10-31,0.238,0.24109235405921936
Darrington,2019-11-01,0.236,0.2378528118133545
Darrington,2019-11-02,0.234,0.2376011312007904
Darrington,2019-11-03,0.233,0.23778320848941803
Darrington,2019-11-04,0.231,0.23168456554412842
Darrington,2019-11-05,0.23,0.22318606078624725
Darrington,2019-11-06,0.229,0.22442136704921722
Darrington,2019-11-07,0.228,0.2229515016078949
Darrington,2019-11-08,0.227,0.2226141095161438
Darrington,2019-11-09,0.228,0.2248108685016632
Darrington,2019-11-10,0.23,0.22398073971271515
Darrington,2019-11-11,0.229,0.22372139990329742
Darrington,2019-11-12,0.262,0.2422361522912979
Darrington,2019-11-13,0.265,0.24637971818447113
Darrington,2019-11-14,0.252,0.23805348575115204
Darrington,2019-11-15,0.291,0.2613028883934021
Darrington,2019-11-16,0.292,0.27162525057792664
Darrington,2019-11-17,0.32,0.28869274258613586
Darrington,2019-11-18,0.288,0.2950498163700104
Darrington,2019-11-19,0.299,0.2927384674549103
Darrington,2019-11-20,0.269,0.27866697311401367
Darrington,2019-11-21,0.26,0.2696303129196167
Darrington,2019-11-22,0.253,0.2628103792667389
Darrington,2019-11-23,0.264,0.26660099625587463
Darrington,2019-11-24,0.309,0.2774600684642792
Darrington,2019-11-25,0.3,0.2767251133918762
Darrington,2019-11-26,0.276,0.2719147503376007
Darrington,2019-11-27,0.262,0.26704537868499756
Darrington,2019-11-28,0.253,0.2692005932331085
Darrington,2019-11-29,0.244,0.25790008902549744
Darrington,2019-11-30,0.237,0.2524760067462921
Darrington,2019-12-01,0.238,0.2498472034931183
Darrington,2019-12-02,0.276,0.2690703272819519
Darrington,2019-12-03,0.323,0.29111453890800476
Darrington,2019-12-04,0.313,0.29619917273521423
Darrington,2019-12-05,0.276,0.2919904887676239
Darrington,2019-12-06,0.267,0.29207542538642883
Darrington,2019-12-07,0.301,0.2909722626209259
Darrington,2019-12-08,0.281,0.29012906551361084
Darrington,2019-12-09,0.266,0.28571903705596924
Darrington,2019-12-10,0.263,0.28642937541007996
Darrington,2019-12-11,0.287,0.283866822719574
Darrington,2019-12-12,0.331,0.30420196056365967
Darrington,2019-12-13,0.305,0.30403608083724976
Darrington,2019-12-14,0.28,0.301174134016037
Darrington,2019-12-15,0.273,0.2986256182193756
Darrington,2019-12-16,0.283,0.2878798246383667
Darrington,2019-12-17,0.284,0.2803928852081299
Darrington,2019-12-18,0.273,0.2854577302932739
Darrington,2019-12-19,0.328,0.3074549436569214
Darrington,2019-12-20,0.348,0.3286356031894684
Darrington,2019-12-21,0.32,0.32039564847946167
Darrington,2019-12-22,0.283,0.31572431325912476
Darrington,2019-12-23,0.294,0.30276623368263245
Darrington,2019-12-24,0.274,0.2824676036834717
Darrington,2019-12-25,0.265,0.2687469720840454
Darrington,2019-12-26,0.253,0.2691790759563446
Darrington,2019-12-27,0.268,0.26659926772117615
Darrington,2019-12-28,0.285,0.2623901963233948
Darrington,2019-12-29,0.281,0.25756949186325073
Darrington,2019-12-30,0.289,0.2777710258960724
Darrington,2019-12-31,0.342,0.3107948303222656
Darrington,2020-01-01,0.317,0.3244096338748932
Darrington,2020-01-02,0.313,0.3211331367492676
Darrington,2020-01-03,0.305,0.3203873038291931
Darrington,2020-01-04,0.314,0.31911367177963257
Darrington,2020-01-05,0.311,0.3187418580055237
Darrington,2020-01-06,0.335,0.3192669451236725
Darrington,2020-01-07,0.334,0.3146916925907135
Darrington,2020-01-08,0.3,0.29898402094841003
Darrington,2020-01-09,0.284,0.29863449931144714
Darrington,2020-01-10,0.277,0.29708245396614075
Darrington,2020-01-11,0.297,0.2918188273906708
Darrington,2020-01-12,0.298,0.2914655804634094
Darrington,2020-01-13,0.289,0.28559958934783936
Darrington,2020-01-14,0.276,0.2811328172683716
Darrington,2020-01-15,0.27,0.2790902554988861
Darrington,2020-01-16,0.265,0.2750230133533478
Darrington,2020-01-17,0.263,0.27482977509498596
Darrington,2020-01-18,0.264,0.27567577362060547
Darrington,2020-01-19,0.267,0.26929476857185364
Darrington,2020-01-20,0.267,0.273595929145813
Darrington,2020-01-21,0.277,0.28760677576065063
Darrington,2020-01-22,0.304,0.3020286560058594
Darrington,2020-01-23,0.321,0.31594374775886536
Darrington,2020-01-24,0.319,0.3146812319755554
Darrington,2020-01-25,0.312,0.31459957361221313
Darrington,2020-01-26,0.316,0.30979084968566895
Darrington,2020-01-27,0.32,0.31049180030822754
Darrington,2020-01-28,0.313,0.31019264459609985
Darrington,2020-01-29,0.313,0.3131585121154785
Darrington,2020-01-30,0.3,0.31317365169525146
Darrington,2020-01-31,0.335,0.3187101483345032
Darrington,2020-02-01,0.319,0.3154659867286682
Darrington,2020-02-02,0.29,0.3124667704105377
Darrington,2020-02-03,0.282,0.2951655387878418
Darrington,2020-02-04,0.276,0.2875656485557556
Darrington,2020-02-05,0.303,0.29345935583114624
Darrington,2020-02-06,0.317,0.2973794937133789
Darrington,2020-02-07,0.321,0.300760954618454
Darrington,2020-02-08,0.31,0.29965120553970337
Darrington,2020-02-09,0.285,0.28060382604599
Darrington,2020-02-10,0.275,0.2773821949958801
Darrington,2020-02-11,0.291,0.2874113619327545
Darrington,2020-02-12,0.29,0.28230583667755127
Darrington,2020-02-13,0.287,0.2938890755176544
Darrington,2020-02-14,0.319,0.30789828300476074
Darrington,2020-02-15,0.321,0.3132782578468323
Darrington,2020-02-16,0.317,0.3160320520401001
Darrington,2020-02-17,0.303,0.3077680766582489
Darrington,2020-02-18,0.282,0.2928537428379059
Darrington,2020-02-19,0.273,0.28745612502098083
Darrington,2020-02-23,0.323,0.308133065700531
Darrington,2020-02-24,0.311,0.30998581647872925
Darrington,2020-02-25,0.285,0.307417094707489
Darrington,2020-02-26,0.294,0.2982960343360901
Darrington,2020-02-27,0.281,0.28666383028030396
Darrington,2020-02-28,0.279,0.2910672128200531
Darrington,2020-02-29,0.316,0.2931458353996277
Darrington,2020-03-01,0.291,0.2952771484851837
Darrington,2020-03-02,0.321,0.3085635304450989
Darrington,2020-03-03,0.32,0.30865710973739624
Darrington,2020-03-04,0.304,0.3041582405567169
Darrington,2020-03-05,0.294,0.30721399188041687
Darrington,2020-03-06,0.315,0.30782827734947205
Darrington,2020-03-07,0.297,0.3023245334625244
Darrington,2020-03-08,0.303,0.30188512802124023
Darrington,2020-03-09,0.282,0.29068365693092346
Darrington,2020-03-10,0.279,0.29186776280403137
Darrington,2020-03-11,0.307,0.29692092537879944
Darrington,2020-03-12,0.282,0.290802925825119
Darrington,2020-03-13,0.273,0.2828308641910553
Darrington,2020-03-14,0.263,0.27640220522880554
Darrington,2020-03-15,0.256,0.26638343930244446
Darrington,2020-03-16,0.253,0.2633357048034668
Darrington,2020-03-17,0.25,0.26158079504966736
Darrington,2020-03-18,0.247,0.252712607383728
Darrington,2020-03-19,0.246,0.2461443841457367
Darrington,2020-03-20,0.244,0.24566921591758728
Darrington,2020-03-21,0.242,0.24342921376228333
Darrington,2020-03-22,0.24,0.23767945170402527
Darrington,2020-03-23,0.247,0.25960710644721985
Darrington,2020-03-24,0.253,0.2658618688583374
Darrington,2020-03-25,0.253,0.26684385538101196
Darrington,2020-03-26,0.252,0.27288728952407837
Darrington,2020-03-27,0.255,0.27266255021095276
Darrington,2020-03-28,0.294,0.29168689250946045
Darrington,2020-03-29,0.31,0.3067529797554016
Darrington,2020-03-30,0.31,0.3122061491012573
Darrington,2020-03-31,0.308,0.31261035799980164
Darrington,2020-04-01,0.291,0.3024062216281891
Darrington,2020-04-02,0.283,0.305044561624527
Darrington,2020-04-03,0.309,0.29934197664260864
Darrington,2020-04-04,0.293,0.29218000173568726
Darrington,2020-04-05,0.275,0.2898084223270416
Darrington,2020-04-06,0.265,0.27539700269699097
Darrington,2020-04-07,0.258,0.25479722023010254
Darrington,2020-04-08,0.252,0.2558526396751404
Darrington,2020-04-09,0.246,0.252931147813797
Darrington,2020-04-10,0.243,0.25213468074798584
Darrington,2020-04-11,0.245,0.23666632175445557
Darrington,2020-04-12,0.24,0.23420973122119904
Darrington,2020-04-13,0.235,0.22881101071834564
Darrington,2020-04-14,0.229,0.22846542298793793
Darrington,2020-04-15,0.223,0.2240796536207199
Darrington,2020-04-16,0.216,0.22404421865940094
Darrington,2020-04-17,0.211,0.22234860062599182
Darrington,2020-04-18,0.207,0.22047583758831024
Darrington,2020-04-19,0.204,0.21987389028072357
Darrington,2020-04-20,0.199,0.20560845732688904
Darrington,2020-04-21,0.192,0.2042214274406433
Darrington,2020-04-22,0.212,0.24449539184570312
Darrington,2020-04-23,0.248,0.24957221746444702
Darrington,2020-04-24,0.247,0.2512035369873047
Darrington,2020-04-25,0.265,0.280987411737442
Darrington,2020-04-26,0.287,0.2833813726902008
Darrington,2020-04-27,0.31,0.299481600522995
Darrington,2020-04-28,0.286,0.28787997364997864
Darrington,2020-04-29,0.275,0.2887517213821411
Darrington,2020-04-30,0.288,0.29572585225105286
Darrington,2020-05-01,0.275,0.27785468101501465
Darrington,2020-05-02,0.279,0.29255253076553345
Darrington,2020-05-03,0.317,0.29947516322135925
Darrington,2020-05-04,0.289,0.2946174740791321
Darrington,2020-05-05,0.268,0.2847151756286621
Darrington,2020-05-06,0.316,0.2842526435852051
Darrington,2020-05-07,0.293,0.2753213047981262
Darrington,2020-05-08,0.265,0.2713032066822052
Darrington,2020-05-09,0.238,0.2643924355506897
Darrington,2020-05-10,0.216,0.2379359006881714
Darrington,2020-05-11,0.204,0.22216297686100006
Darrington,2020-05-12,0.229,0.2526894807815552
Darrington,2020-05-13,0.248,0.25876641273498535
Darrington,2020-05-14,0.249,0.2601476311683655
Darrington,2020-05-15,0.253,0.2607192397117615
Darrington,2020-05-16,0.253,0.2591516673564911
Darrington,2020-05-17,0.303,0.26313313841819763
Darrington,2020-05-18,0.295,0.26452142000198364
Darrington,2020-05-19,0.271,0.26265817880630493
Darrington,2020-05-20,0.26,0.26904404163360596
Darrington,2020-05-21,0.272,0.2773207426071167
Darrington,2020-05-22,0.316,0.2800663411617279
Darrington,2020-05-23,0.291,0.2783169150352478
Darrington,2020-05-24,0.269,0.27619507908821106
Darrington,2020-05-25,0.291,0.2852277159690857
Darrington,2020-05-26,0.304,0.2815597355365753
Darrington,2020-05-27,0.272,0.27587610483169556
Darrington,2020-05-28,0.249,0.2717287838459015
Darrington,2020-05-29,0.23,0.25742995738983154
Darrington,2020-05-30,0.263,0.2747644782066345
Darrington,2020-05-31,0.296,0.27932652831077576
Darrington,2020-06-01,0.278,0.27816101908683777
Darrington,2020-06-02,0.269,0.2592540979385376
Darrington,2020-06-03,0.262,0.24600069224834442
Darrington,2020-06-04,0.252,0.2445189356803894
Darrington,2020-06-05,0.247,0.24648545682430267
Darrington,2020-06-06,0.263,0.2579934000968933
Darrington,2020-06-07,0.281,0.26320862770080566
Darrington,2020-06-08,0.294,0.291414737701416
Darrington,2020-06-09,0.318,0.31167173385620117
Darrington,2020-06-10,0.308,0.30569490790367126
Darrington,2020-06-11,0.295,0.30688798427581787
Darrington,2020-06-12,0.308,0.31159499287605286
Darrington,2020-06-13,0.311,0.31038400530815125
Darrington,2020-06-14,0.313,0.3125641644001007
Darrington,2020-06-15,0.314,0.3045680820941925
Darrington,2020-06-16,0.311,0.29989469051361084
Darrington,2020-06-17,0.291,0.2773357927799225
Darrington,2020-06-18,0.272,0.25871142745018005
Darrington,2020-06-19,0.252,0.24812451004981995
Darrington,2020-06-20,0.246,0.24470363557338715
Darrington,2020-06-21,0.242,0.2447972446680069
Darrington,2020-06-22,0.229,0.23030006885528564
Darrington,2020-06-23,0.216,0.22836348414421082
Darrington,2020-06-24,0.222,0.2280171811580658
Darrington,2020-06-25,0.219,0.22181880474090576
Darrington,2020-06-26,0.21,0.21838924288749695
Darrington,2020-06-27,0.206,0.2200092077255249
Darrington,2020-06-28,0.205,0.213115394115448
Darrington,2020-06-29,0.198,0.2188817262649536
Darrington,2020-06-30,0.193,0.2265482097864151
Darrington,2020-07-01,0.212,0.24960936605930328
Darrington,2020-07-02,0.255,0.25253501534461975
Darrington,2020-07-03,0.252,0.25384756922721863
Darrington,2020-07-04,0.251,0.2428678274154663
Darrington,2020-07-05,0.238,0.22686272859573364
Darrington,2020-07-06,0.226,0.22225630283355713
Darrington,2020-07-07,0.221,0.2223208099603653
Darrington,2020-07-08,0.216,0.21416476368904114
Darrington,2020-07-09,0.218,0.22599157691001892
Darrington,2020-07-10,0.223,0.22652098536491394
Darrington,2020-07-11,0.216,0.22660648822784424
Darrington,2020-07-12,0.224,0.22964957356452942
Darrington,2020-07-13,0.218,0.2247755080461502
Darrington,2020-07-14,0.205,0.19933637976646423
Darrington,2020-07-15,0.194,0.20125678181648254
Darrington,2020-07-16,0.183,0.17258773744106293
Darrington,2020-07-17,0.177,0.16437730193138123
Darrington,2020-07-18,0.17,0.1522863358259201
Darrington,2020-07-19,0.159,0.14170999825000763
Darrington,2020-07-20,0.149,0.12855522334575653
Darrington,2020-07-21,0.138,0.12556049227714539
Darrington,2020-07-22,0.129,0.12202363461256027
Darrington,2020-07-23,0.123,0.11849220097064972
Darrington,2020-07-24,0.12,0.11814773082733154
Darrington,2020-07-25,0.115,0.11729338020086288
Darrington,2020-07-26,0.109,0.11464481055736542
Darrington,2020-07-27,0.101,0.10677041113376617
Darrington,2020-07-28,0.095,0.09981054812669754
Darrington,2020-07-29,0.089,0.09332108497619629
Darrington,2020-07-30,0.085,0.09005128592252731
Darrington,2020-07-31,0.082,0.08760354667901993
Darrington,2020-08-01,0.079,0.08076826483011246
Darrington,2020-08-02,0.076,0.09051782637834549
Darrington,2020-08-03,0.074,0.07239416241645813
Darrington,2020-08-04,0.072,0.07256044447422028
Darrington,2020-08-05,0.07,0.06860753893852234
Darrington,2020-08-06,0.073,0.07339470833539963
Darrington,2020-08-07,0.084,0.0838698074221611
Darrington,2020-08-08,0.087,0.08639829605817795
Darrington,2020-08-09,0.087,0.09288211911916733
Darrington,2020-08-10,0.084,0.09297735244035721
Darrington,2020-08-11,0.08,0.08188030868768692
Darrington,2020-08-12,0.076,0.07300333678722382
Darrington,2020-08-13,0.073,0.07274813205003738
Darrington,2020-08-14,0.069,0.06550932675600052
Darrington,2020-08-15,0.066,0.061361752450466156
Darrington,2020-08-16,0.065,0.06073300167918205
Darrington,2020-08-17,0.063,0.06043066084384918
Darrington,2020-08-18,0.061,0.05866927653551102
Darrington,2020-08-19,0.059,0.05770986154675484
Darrington,2020-08-20,0.059,0.057806290686130524
Darrington,2020-08-21,0.06,0.06880967319011688
Darrington,2020-08-22,0.072,0.10272697359323502
Darrington,2020-08-23,0.07,0.09456665813922882
Darrington,2020-08-24,0.07,0.07996007055044174
Darrington,2020-08-25,0.068,0.07722347974777222
Darrington,2020-08-26,0.066,0.07216700911521912
Darrington,2020-08-27,0.064,0.07101079821586609
Darrington,2020-08-28,0.062,0.07334302365779877
Darrington,2020-08-29,0.061,0.06652630120515823
Darrington,2020-08-30,0.058,0.0660112127661705
Darrington,2020-08-31,0.059,0.06613427400588989
Darrington,2020-09-01,0.06,0.06610503792762756
Darrington,2020-09-02,0.059,0.06695221364498138
Darrington,2020-09-03,0.059,0.06310444325208664
Darrington,2020-09-04,0.058,0.06342191249132156
Darrington,2020-09-05,0.057,0.06352686136960983
Darrington,2020-09-06,0.057,0.0572199672460556
Darrington,2020-09-07,0.055,0.059160616248846054
Darrington,2020-09-08,0.053,0.05626051127910614
Darrington,2020-09-09,0.052,0.05678502842783928
Darrington,2020-09-10,0.052,0.054329726845026016
Darrington,2020-09-11,0.051,0.054636407643556595
Darrington,2020-09-12,0.051,0.054636407643556595
Darrington,2020-09-13,0.05,0.05045456811785698
Darrington,2020-09-14,0.05,0.0470111109316349
Darrington,2020-09-15,0.052,0.047790586948394775
Darrington,2020-09-16,0.053,0.04701635241508484
Darrington,2020-09-17,0.053,0.0458950512111187
Darrington,2020-09-18,0.056,0.06773654371500015
Darrington,2020-09-19,0.079,0.0872064009308815
Darrington,2020-09-20,0.099,0.09866708517074585
Darrington,2020-09-21,0.1,0.09665630012750626
Darrington,2020-09-22,0.115,0.09962063282728195
Darrington,2020-09-23,0.158,0.16341064870357513
Darrington,2020-09-24,0.212,0.21727101504802704
Darrington,2020-09-25,0.228,0.24249282479286194
Darrington,2020-09-26,0.243,0.2469540238380432
Darrington,2020-09-27,0.241,0.24037161469459534
Darrington,2020-09-28,0.228,0.23801466822624207
Darrington,2020-09-29,0.223,0.22473624348640442
Darrington,2020-09-30,0.219,0.21468180418014526
Darrington,2020-10-01,0.216,0.21696487069129944
Darrington,2020-10-02,0.214,0.21684393286705017
Darrington,2020-10-03,0.213,0.20630820095539093
Darrington,2020-10-04,0.211,0.20197707414627075
Darrington,2020-10-05,0.213,0.20805606245994568
Darrington,2020-10-06,0.216,0.20777806639671326
Darrington,2020-10-07,0.215,0.20558996498584747
Darrington,2020-10-08,0.215,0.22540239989757538
Darrington,2020-10-09,0.221,0.2347683608531952
Darrington,2020-10-10,0.307,0.28025302290916443
Darrington,2020-10-11,0.315,0.290216326713562
Darrington,2020-10-12,0.304,0.3021996319293976
Darrington,2020-10-13,0.322,0.31168869137763977
Darrington,2020-10-14,0.323,0.3040390908718109
Darrington,2020-10-15,0.293,0.30631765723228455
Darrington,2020-10-16,0.325,0.3095192015171051
Darrington,2020-10-17,0.3,0.29640811681747437
Darrington,2020-10-18,0.32,0.29978400468826294
Darrington,2020-10-19,0.302,0.3080316185951233
Darrington,2020-10-20,0.307,0.30396154522895813
Darrington,2020-10-21,0.328,0.31490620970726013
Darrington,2020-10-22,0.302,0.3054441213607788
Darrington,2020-10-23,0.327,0.31420964002609253
Darrington,2020-10-24,0.309,0.3011099100112915
Darrington,2020-10-25,0.295,0.30240899324417114
Darrington,2020-10-26,0.286,0.2947663962841034
Darrington,2020-10-27,0.282,0.2854156792163849
Darrington,2020-10-28,0.3,0.28869664669036865
Darrington,2020-10-29,0.293,0.2903079092502594
Darrington,2020-10-30,0.326,0.303745299577713
Darrington,2020-10-31,0.307,0.29854726791381836
Darrington,2020-11-01,0.297,0.29557639360427856
Darrington,2020-11-02,0.291,0.29070723056793213
Darrington,2020-11-03,0.329,0.3083895444869995
Darrington,2020-11-04,0.343,0.32743388414382935
Darrington,2020-11-05,0.35,0.33626416325569153
Darrington,2020-11-06,0.313,0.31973570585250854
Darrington,2020-11-07,0.301,0.32978931069374084
Darrington,2020-11-08,0.295,0.3099115788936615
Darrington,2020-11-09,0.291,0.3027735650539398
Darrington,2020-11-10,0.314,0.31252485513687134
Darrington,2020-11-11,0.312,0.3096282482147217
Darrington,2020-11-12,0.314,0.3232155740261078
Darrington,2020-11-13,0.355,0.3430919349193573
Darrington,2020-11-14,0.342,0.33808189630508423
Darrington,2020-11-15,0.351,0.3400894105434418
Darrington,2020-11-16,0.343,0.33630070090293884
Darrington,2020-11-17,0.34,0.3337741494178772
Darrington,2020-11-18,0.347,0.33810192346572876
Darrington,2020-11-19,0.339,0.3342818021774292
Darrington,2020-11-20,0.346,0.3341420590877533
Darrington,2020-11-21,0.329,0.3270672559738159
Darrington,2020-11-22,0.31,0.3220106065273285
Darrington,2020-11-23,0.314,0.32256731390953064
Darrington,2020-11-24,0.333,0.3292509913444519
Darrington,2020-11-25,0.34,0.33280426263809204
Darrington,2020-11-26,0.324,0.33082929253578186
Darrington,2020-11-27,0.32,0.3274962604045868
Darrington,2020-11-28,0.341,0.31966254115104675
Darrington,2020-11-29,0.314,0.31341785192489624
Darrington,2020-11-30,0.349,0.3236900568008423
Darrington,2020-12-01,0.325,0.31021326780319214
Darrington,2020-12-02,0.31,0.3096363842487335
Darrington,2020-12-03,0.303,0.31004342436790466
Darrington,2020-12-04,0.299,0.288998007774353
Darrington,2020-12-05,0.296,0.28766611218452454
Darrington,2020-12-06,0.294,0.2838117182254791
Darrington,2020-12-07,0.292,0.2838520109653473
Darrington,2020-12-08,0.352,0.32081422209739685
Darrington,2020-12-09,0.339,0.3225756287574768
Darrington,2020-12-10,0.318,0.3149867057800293
Darrington,2020-12-11,0.313,0.3185671269893646
Darrington,2020-12-12,0.307,0.30070608854293823
Darrington,2020-12-13,0.317,0.3018028140068054
Darrington,2020-12-14,0.337,0.3019244968891144
Darrington,2020-12-15,0.348,0.324479877948761
Darrington,2020-12-16,0.344,0.3317526876926422
Darrington,2020-12-17,0.349,0.33736753463745117
Darrington,2020-12-18,0.349,0.3414059579372406
Darrington,2020-12-19,0.351,0.34508800506591797
Darrington,2020-12-20,0.336,0.3363850712776184
Darrington,2020-12-21,0.361,0.34302616119384766
Darrington,2020-12-22,0.335,0.33884570002555847
Darrington,2020-12-23,0.318,0.3254595398902893
Darrington,2020-12-24,0.308,0.3209502100944519
Darrington,2020-12-25,0.318,0.31875157356262207
Darrington,2020-12-26,0.348,0.32385534048080444
Darrington,2020-12-27,0.328,0.3269389867782593
Darrington,2020-12-28,0.313,0.31862935423851013
Darrington,2020-12-29,0.305,0.3146645426750183
Darrington,2020-12-30,0.364,0.3404798209667206
Darrington,2020-12-31,0.355,0.3393947184085846
Quinault,2019-01-01,0.19,0.20960913598537445
Quinault,2019-01-02,0.208,0.21937666833400726
Quinault,2019-01-03,0.263,0.24107100069522858
Quinault,2019-01-04,0.222,0.2357679158449173
Quinault,2019-01-05,0.207,0.23436406254768372
Quinault,2019-01-06,0.236,0.23329465091228485
Quinault,2019-01-07,0.215,0.2288082391023636
Quinault,2019-01-08,0.225,0.2297404706478119
Quinault,2019-01-09,0.244,0.23533858358860016
Quinault,2019-01-10,0.232,0.23333384096622467
Quinault,2019-01-11,0.205,0.2135801762342453
Quinault,2019-01-12,0.194,0.20874498784542084
Quinault,2019-01-13,0.189,0.20645734667778015
Quinault,2019-01-14,0.186,0.19367584586143494
Quinault,2019-01-15,0.184,0.19215171039104462
Quinault,2019-01-16,0.186,0.20480352640151978
Quinault,2019-01-17,0.243,0.22777287662029266
Quinault,2019-01-18,0.24,0.23123224079608917
Quinault,2019-01-19,0.23,0.23327964544296265
Quinault,2019-01-20,0.2,0.21358752250671387
Quinault,2019-01-21,0.192,0.2056853324174881
Quinault,2019-01-22,0.245,0.23515178263187408
Quinault,2019-01-23,0.224,0.2284812331199646
Quinault,2019-01-24,0.202,0.20871348679065704
Quinault,2019-01-25,0.195,0.20554006099700928
Quinault,2019-01-26,0.19,0.19965285062789917
Quinault,2019-01-27,0.19,0.1922575831413269
Quinault,2019-01-28,0.189,0.18830713629722595
Quinault,2019-01-29,0.188,0.18902158737182617
Quinault,2019-01-30,0.185,0.19285070896148682
Quinault,2019-01-31,0.186,0.19619546830654144
Quinault,2019-02-01,0.251,0.22334367036819458
Quinault,2019-02-02,0.217,0.221810445189476
Quinault,2019-02-03,0.204,0.22092902660369873
Quinault,2019-02-04,0.209,0.22580979764461517
Quinault,2019-02-05,0.206,0.21105797588825226
Quinault,2019-02-06,0.197,0.21072648465633392
Quinault,2019-02-07,0.192,0.20215468108654022
Quinault,2019-02-08,0.191,0.2166503369808197
Quinault,2019-02-09,0.197,0.22008082270622253
Quinault,2019-02-10,0.199,0.2231486439704895
Quinault,2019-02-11,0.202,0.2218356877565384
Quinault,2019-02-12,0.218,0.22679485380649567
Quinault,2019-02-13,0.214,0.22552619874477386
Quinault,2019-02-14,0.219,0.2264091521501541
Quinault,2019-02-15,0.224,0.22714099287986755
Quinault,2019-02-16,0.214,0.21943692862987518
Quinault,2019-02-17,0.216,0.21474242210388184
Quinault,2019-02-18,0.214,0.2158452868461609
Quinault,2019-02-19,0.23,0.22071321308612823
Quinault,2019-02-20,0.231,0.21843083202838898
Quinault,2019-02-21,0.234,0.2206106334924698
Quinault,2019-02-22,0.235,0.2281966209411621
Quinault,2019-02-23,0.245,0.2249019742012024
Quinault,2019-02-24,0.234,0.2293032854795456
Quinault,2019-02-25,0.214,0.23275044560432434
Quinault,2019-02-26,0.216,0.2211969792842865
Quinault,2019-02-27,0.207,0.2204814851284027
Quinault,2019-02-28,0.208,0.2145179659128189
Quinault,2019-03-01,0.2,0.211524099111557
Quinault,2019-03-02,0.195,0.21130861341953278
Quinault,2019-03-03,0.191,0.20283947885036469
Quinault,2019-03-04,0.187,0.1943083256483078
Quinault,2019-03-05,0.183,0.18850411474704742
Quinault,2019-03-06,0.18,0.18734915554523468
Quinault,2019-03-07,0.195,0.1975022405385971
Quinault,2019-03-08,0.206,0.20283342897891998
Quinault,2019-03-09,0.197,0.20249247550964355
Quinault,2019-03-10,0.19,0.20245808362960815
Quinault,2019-03-11,0.208,0.21873143315315247
Quinault,2019-03-12,0.228,0.22057552635669708
Quinault,2019-03-13,0.207,0.2162964642047882
Quinault,2019-03-14,0.198,0.21799184381961823
Quinault,2019-03-15,0.193,0.19791923463344574
Quinault,2019-03-16,0.189,0.18962781131267548
Quinault,2019-03-17,0.186,0.19465558230876923
Quinault,2019-03-18,0.182,0.1882321536540985
Quinault,2019-03-19,0.177,0.16746269166469574
Quinault,2019-03-20,0.173,0.16118021309375763
Quinault,2019-03-21,0.169,0.1655815690755844
Quinault,2019-03-22,0.18,0.17817087471485138
Quinault,2019-03-23,0.201,0.18707339465618134
Quinault,2019-03-24,0.19,0.1818903386592865
Quinault,2019-03-25,0.203,0.20054614543914795
Quinault,2019-03-26,0.227,0.2120048701763153
Quinault,2019-03-27,0.199,0.2091631293296814
Quinault,2019-03-28,0.191,0.200795516371727
Quinault,2019-03-29,0.188,0.1984991580247879
Quinault,2019-03-30,0.187,0.19468538463115692
Quinault,2019-03-31,0.186,0.1937752664089203
Quinault,2019-04-01,0.183,0.1939324140548706
Quinault,2019-04-02,0.179,0.19339808821678162
Quinault,2019-04-03,0.242,0.2165922075510025
Quinault,2019-04-04,0.215,0.21934305131435394
Quinault,2019-04-05,0.244,0.24021486937999725
Quinault,2019-04-06,0.252,0.2467585951089859
Quinault,2019-04-07,0.225,0.2410648763179779
Quinault,2019-04-08,0.226,0.25290122628211975
Quinault,2019-04-09,0.217,0.22933457791805267
Quinault,2019-04-10,0.228,0.23248974978923798
Quinault,2019-04-11,0.233,0.2336188554763794
Quinault,2019-04-12,0.219,0.22570472955703735
Quinault,2019-04-13,0.236,0.2360197752714157
Quinault,2019-04-14,0.237,0.23464003205299377
Quinault,2019-04-15,0.213,0.2250407338142395
Quinault,2019-04-16,0.214,0.2284192591905594
Quinault,2019-04-17,0.234,0.22074522078037262
Quinault,2019-04-18,0.233,0.23094025254249573
Quinault,2019-04-19,0.227,0.23172692954540253
Quinault,2019-04-20,0.206,0.22315047681331635
Quinault,2019-04-21,0.196,0.21490247547626495
Quinault,2019-04-22,0.218,0.21087278425693512
Quinault,2019-04-23,0.223,0.20280881226062775
Quinault,2019-04-24,0.201,0.19733749330043793
Quinault,2019-04-25,0.191,0.19396169483661652
Quinault,2019-04-26,0.183,0.18582120537757874
Quinault,2019-04-27,0.178,0.18676161766052246
Quinault,2019-04-28,0.174,0.18373166024684906
Quinault,2019-04-29,0.168,0.17977143824100494
Quinault,2019-04-30,0.163,0.17149046063423157
Quinault,2019-05-01,0.157,0.16579917073249817
Quinault,2019-05-02,0.151,0.15095065534114838
Quinault,2019-05-03,0.144,0.14351287484169006
Quinault,2019-05-04,0.135,0.13878215849399567
Quinault,2019-05-05,0.128,0.13330021500587463
Quinault,2019-05-06,0.119,0.1250925362110138
Quinault,2019-05-07,0.11,0.12122682482004166
Quinault,2019-05-08,0.103,0.11706923693418503
Quinault,2019-05-09,0.095,0.11021356284618378
Quinault,2019-05-10,0.087,0.10299348086118698
Quinault,2019-05-11,0.08,0.09924107044935226
Quinault,2019-05-12,0.076,0.0950876846909523
Quinault,2019-05-13,0.073,0.09518541395664215
Quinault,2019-05-14,0.141,0.14146314561367035
Quinault,2019-05-15,0.185,0.17263676226139069
Quinault,2019-05-16,0.197,0.19086530804634094
Quinault,2019-05-17,0.188,0.1994946002960205
Quinault,2019-05-18,0.189,0.19508512318134308
Quinault,2019-05-19,0.185,0.1968664675951004
Quinault,2019-05-20,0.195,0.19831687211990356
Quinault,2019-05-21,0.191,0.1923781931400299
Quinault,2019-05-22,0.182,0.18316198885440826
Quinault,2019-05-23,0.168,0.16887451708316803
Quinault,2019-05-24,0.16,0.16146576404571533
Quinault,2019-05-25,0.173,0.16810351610183716
Quinault,2019-05-26,0.182,0.16707128286361694
Quinault,2019-05-27,0.171,0.15420953929424286
Quinault,2019-05-28,0.163,0.1579412817955017
Quinault,2019-05-29,0.156,0.15253418684005737
Quinault,2019-05-30,0.147,0.1502208113670349
Quinault,2019-05-31,0.145,0.14862725138664246
Quinault,2019-06-01,0.184,0.15896067023277283
Quinault,2019-06-02,0.178,0.15779639780521393
Quinault,2019-06-03,0.168,0.15772342681884766
Quinault,2019-06-04,0.157,0.1576453149318695
Quinault,2019-06-05,0.156,0.1569822132587433
Quinault,2019-06-06,0.175,0.17700223624706268
Quinault,2019-06-07,0.256,0.21383270621299744
Quinault,2019-06-08,0.239,0.2174483686685562
Quinault,2019-06-09,0.222,0.19814512133598328
Quinault,2019-06-10,0.209,0.188128262758255
Quinault,2019-06-11,0.196,0.17869628965854645
Quinault,2019-06-12,0.184,0.17425358295440674
Quinault,2019-06-13,0.172,0.17091864347457886
Quinault,2019-06-14,0.164,0.1662154197692871
Quinault,2019-06-15,0.156,0.1517326831817627
Quinault,2019-06-16,0.148,0.1417093575000763
Quinault,2019-06-17,0.141,0.13547717034816742
Quinault,2019-06-18,0.135,0.13470891118049622
Quinault,2019-06-19,0.13,0.14011536538600922
Quinault,2019-06-20,0.127,0.137638121843338
Quinault,2019-06-21,0.124,0.13583768904209137
Quinault,2019-06-22,0.121,0.13181765377521515
Quinault,2019-06-23,0.117,0.13243764638900757
Quinault,2019-06-24,0.114,0.12888573110103607
Quinault,2019-06-25,0.112,0.1405389904975891
Quinault,2019-06-26,0.127,0.1560990810394287
Quinault,2019-06-27,0.216,0.1965414434671402
Quinault,2019-06-28,0.211,0.20571444928646088
Quinault,2019-06-29,0.19,0.1867656707763672
Quinault,2019-06-30,0.176,0.1722278594970703
Quinault,2019-07-01,0.164,0.163596510887146
Quinault,2019-07-02,0.157,0.16669517755508423
Quinault,2019-07-03,0.152,0.16554616391658783
Quinault,2019-07-04,0.144,0.1623157411813736
Quinault,2019-07-05,0.14,0.15707208216190338
Quinault,2019-07-06,0.136,0.1539921760559082
Quinault,2019-07-07,0.132,0.14970849454402924
Quinault,2019-07-08,0.13,0.1512787789106369
Quinault,2019-07-09,0.14,0.16198329627513885
Quinault,2019-07-10,0.242,0.22182884812355042
Quinault,2019-07-11,0.232,0.22229184210300446
Quinault,2019-07-12,0.212,0.21472562849521637
Quinault,2019-07-13,0.199,0.2157355099916458
Quinault,2019-07-14,0.189,0.2041417956352234
Quinault,2019-07-15,0.181,0.20469960570335388
Quinault,2019-07-16,0.176,0.19993959367275238
Quinault,2019-07-17,0.236,0.23054751753807068
Quinault,2019-07-18,0.236,0.2272210419178009
Quinault,2019-07-19,0.224,0.22455035150051117
Quinault,2019-07-20,0.213,0.2188541144132614
Quinault,2019-07-21,0.203,0.20555323362350464
Quinault,2019-07-22,0.194,0.20437438786029816
Quinault,2019-07-23,0.187,0.20329120755195618
Quinault,2019-07-24,0.182,0.200217604637146
Quinault,2019-07-25,0.174,0.17555344104766846
Quinault,2019-07-26,0.166,0.17189987003803253
Quinault,2019-07-27,0.194,0.17376551032066345
Quinault,2019-07-28,0.187,0.17310260236263275
Quinault,2019-07-29,0.177,0.1679222285747528
Quinault,2019-07-30,0.169,0.16656401753425598
Quinault,2019-07-31,0.162,0.16571460664272308
Quinault,2019-08-01,0.165,0.1774914711713791
Quinault,2019-08-02,0.245,0.21857553720474243
Quinault,2019-08-03,0.218,0.21887987852096558
Quinault,2019-08-04,0.206,0.21758630871772766
Quinault,2019-08-05,0.197,0.20971576869487762
Quinault,2019-08-06,0.19,0.18879130482673645
Quinault,2019-08-07,0.186,0.17811883985996246
Quinault,2019-08-08,0.183,0.18331056833267212
Quinault,2019-08-09,0.179,0.17937739193439484
Quinault,2019-08-10,0.198,0.18124589323997498
Quinault,2019-08-11,0.226,0.2018788903951645
Quinault,2019-08-12,0.243,0.21227218210697174
Quinault,2019-08-13,0.225,0.20528733730316162
Quinault,2019-08-14,0.212,0.1893051564693451
Quinault,2019-08-15,0.204,0.18912029266357422
Quinault,2019-08-16,0.197,0.18367533385753632
Quinault,2019-08-17,0.19,0.18114441633224487
Quinault,2019-08-18,0.183,0.16835737228393555
Quinault,2019-08-19,0.177,0.16131260991096497
Quinault,2019-08-20,0.171,0.16069675981998444
Quinault,2019-08-21,0.245,0.21296271681785583
Quinault,2019-08-22,0.238,0.21867938339710236
Quinault,2019-08-23,0.226,0.21846282482147217
Quinault,2019-08-24,0.217,0.2207505702972412
Quinault,2019-08-25,0.208,0.2009928971529007
Quinault,2019-08-26,0.199,0.1833523064851761
Quinault,2019-08-27,0.191,0.1816292703151703
Quinault,2019-08-28,0.183,0.17283429205417633
Quinault,2019-08-29,0.177,0.16317811608314514
Quinault,2019-08-30,0.175,0.16856230795383453
Quinault,2019-08-31,0.178,0.1877187192440033
Quinault,2019-09-01,0.18,0.20293354988098145
Quinault,2019-09-02,0.178,0.19853870570659637
Quinault,2019-09-03,0.176,0.18272089958190918
Quinault,2019-09-04,0.174,0.1800924688577652
Quinault,2019-09-05,0.171,0.17109782993793488
Quinault,2019-09-06,0.168,0.1653107851743698
Quinault,2019-09-07,0.168,0.16173520684242249
Quinault,2019-09-08,0.197,0.17120972275733948
Quinault,2019-09-09,0.232,0.22565525770187378
Quinault,2019-09-10,0.23,0.22924362123012543
Quinault,2019-09-11,0.22,0.22673553228378296
Quinault,2019-09-12,0.233,0.2512946128845215
Quinault,2019-09-13,0.269,0.25558727979660034
Quinault,2019-09-14,0.278,0.2714477479457855
Quinault,2019-09-15,0.268,0.2734619975090027
Quinault,2019-09-16,0.264,0.25615736842155457
Quinault,2019-09-17,0.277,0.2649613916873932
Quinault,2019-09-18,0.258,0.2579151391983032
Quinault,2019-09-19,0.25,0.2562759816646576
Quinault,2019-09-20,0.242,0.2421325445175171
Quinault,2019-09-21,0.236,0.23283594846725464
Quinault,2019-09-22,0.265,0.24735647439956665
Quinault,2019-09-23,0.268,0.2512860894203186
Quinault,2019-09-24,0.259,0.25044751167297363
Quinault,2019-09-25,0.243,0.2380830943584442
Quinault,2019-09-26,0.26,0.24253112077713013
Quinault,2019-09-27,0.243,0.2385035902261734
Quinault,2019-09-28,0.235,0.23578014969825745
Quinault,2019-09-29,0.229,0.23271434009075165
Quinault,2019-09-30,0.223,0.2294304072856903
Quinault,2019-10-01,0.217,0.22578337788581848
Quinault,2019-10-02,0.213,0.22354064881801605
Quinault,2019-10-03,0.251,0.2433096021413803
Quinault,2019-10-04,0.273,0.2525067925453186
Quinault,2019-10-05,0.253,0.2522226572036743
Quinault,2019-10-06,0.243,0.24575218558311462
Quinault,2019-10-07,0.264,0.2621447741985321
Quinault,2019-10-08,0.265,0.2599347233772278
Quinault,2019-10-09,0.247,0.24841627478599548
Quinault,2019-10-10,0.238,0.24553640186786652
Quinault,2019-10-11,0.232,0.23201695084571838
Quinault,2019-10-12,0.229,0.22665724158287048
Quinault,2019-10-13,0.226,0.22502633929252625
Quinault,2019-10-14,0.222,0.22883227467536926
Quinault,2019-10-15,0.236,0.2432708889245987
Quinault,2019-10-16,0.286,0.2699814736843109
Quinault,2019-10-17,0.293,0.2819070518016815
Quinault,2019-10-18,0.289,0.2768700420856476
Quinault,2019-10-19,0.276,0.27619752287864685
Quinault,2019-10-20,0.275,0.27581679821014404
Quinault,2019-10-21,0.309,0.27923622727394104
Quinault,2019-10-22,0.268,0.25875070691108704
Quinault,2019-10-23,0.253,0.2535637319087982
Quinault,2019-10-24,0.247,0.25137314200401306
Quinault,2019-10-25,0.246,0.2484472244977951
Quinault,2019-10-27,0.235,0.2389611303806305
Quinault,2019-10-28,0.231,0.2303462028503418
Quinault,2019-10-29,0.227,0.22070135176181793
Quinault,2019-10-30,0.224,0.21996749937534332
Quinault,2019-10-31,0.221,0.22129644453525543
Quinault,2019-11-01,0.22,0.2243570238351822
Quinault,2019-11-02,0.218,0.22205618023872375
Quinault,2019-11-03,0.216,0.22050774097442627
Quinault,2019-11-04,0.215,0.2177402228116989
Quinault,2019-11-05,0.215,0.21292774379253387
Quinault,2019-11-06,0.214,0.21248646080493927
Quinault,2019-11-07,0.213,0.21230264008045197
Quinault,2019-11-08,0.212,0.20978747308254242
Quinault,2019-11-09,0.245,0.23618535697460175
Quinault,2019-11-10,0.25,0.23426669836044312
Quinault,2019-11-11,0.243,0.24214498698711395
Quinault,2019-11-12,0.257,0.2519393563270569
Quinault,2019-11-13,0.249,0.23959821462631226
Quinault,2019-11-14,0.244,0.24294519424438477
Quinault,2019-11-15,0.278,0.2638564109802246
Quinault,2019-11-16,0.276,0.2692694664001465
Quinault,2019-11-17,0.291,0.27696022391319275
Quinault,2019-11-18,0.274,0.2772473990917206
Quinault,2019-11-19,0.274,0.2727930247783661
Quinault,2019-11-20,0.253,0.25890278816223145
Quinault,2019-11-21,0.247,0.25800853967666626
Quinault,2019-11-22,0.243,0.24649488925933838
Quinault,2019-11-23,0.265,0.26657482981681824
Quinault,2019-11-24,0.272,0.26791614294052124
Quinault,2019-11-25,0.264,0.258332222700119
Quinault,2019-11-26,0.253,0.25441962480545044
Quinault,2019-11-27,0.248,0.25078365206718445
Quinault,2019-11-28,0.242,0.24373920261859894
Quinault,2019-11-29,0.239,0.24193648993968964
Quinault,2019-11-30,0.287,0.24223941564559937
Quinault,2019-12-01,0.272,0.25221648812294006
Quinault,2019-12-02,0.258,0.2560049593448639
Quinault,2019-12-03,0.271,0.2630970776081085
Quinault,2019-12-04,0.276,0.2634824216365814
Quinault,2019-12-05,0.257,0.2535078227519989
Quinault,2019-12-06,0.262,0.2593814432621002
Quinault,2019-12-07,0.282,0.2660757601261139
Quinault,2019-12-08,0.258,0.26206469535827637
Quinault,2019-12-09,0.251,0.25940966606140137
Quinault,2019-12-10,0.266,0.26636430621147156
Quinault,2019-12-11,0.284,0.273855596780777
Quinault,2019-12-12,0.298,0.2893896698951721
Quinault,2019-12-13,0.28,0.28348302841186523
Quinault,2019-12-14,0.261,0.279846727848053
Quinault,2019-12-15,0.253,0.26323285698890686
Quinault,2019-12-16,0.276,0.26276305317878723
Quinault,2019-12-17,0.264,0.2557321786880493
Quinault,2019-12-18,0.28,0.26984357833862305
Quinault,2019-12-19,0.308,0.2926553189754486
Quinault,2019-12-20,0.309,0.2950315773487091
Quinault,2019-12-21,0.288,0.29009899497032166
Quinault,2019-12-22,0.274,0.2888626158237457
Quinault,2019-12-23,0.263,0.2725028097629547
Quinault,2019-12-24,0.267,0.27312684059143066
Quinault,2019-12-25,0.27,0.26918739080429077
Quinault,2019-12-26,0.262,0.26774200797080994
Quinault,2019-12-27,0.274,0.26395049691200256
Quinault,2019-12-28,0.265,0.264937162399292
Quinault,2019-12-29,0.276,0.26526889204978943
Quinault,2019-12-30,0.27,0.26458117365837097
Quinault,2019-12-31,0.325,0.2961658835411072
Quinault,2020-01-01,0.3,0.29989051818847656
Quinault,2020-01-02,0.29,0.29812994599342346
Quinault,2020-01-03,0.307,0.29900798201560974
Quinault,2020-01-04,0.299,0.2955666780471802
Quinault,2020-01-05,0.3,0.297803670167923
Quinault,2020-01-06,0.361,0.31831562519073486
Quinault,2020-01-07,0.329,0.31718236207962036
Quinault,2020-01-08,0.289,0.3121839463710785
Quinault,2020-01-09,0.276,0.2989881634712219
Quinault,2020-01-10,0.319,0.31186023354530334
Quinault,2020-01-11,0.309,0.30766865611076355
Quinault,2020-01-12,0.319,0.3108064532279968
Quinault,2020-01-13,0.28,0.29309791326522827
Quinault,2020-01-14,0.274,0.2902153432369232
Quinault,2020-01-15,0.288,0.288907915353775
Quinault,2020-01-16,0.292,0.289429634809494
Quinault,2020-01-17,0.273,0.28895217180252075
Quinault,2020-01-18,0.311,0.2940395176410675
Quinault,2020-01-19,0.301,0.2904770076274872
Quinault,2020-01-20,0.292,0.30119964480400085
Quinault,2020-01-21,0.325,0.3114471137523651
Quinault,2020-01-22,0.321,0.3116755187511444
Quinault,2020-01-23,0.361,0.32468143105506897
Quinault,2020-01-24,0.319,0.3216979503631592
Quinault,2020-01-25,0.292,0.3088870942592621
Quinault,2020-01-26,0.321,0.3233642280101776
Quinault,2020-01-27,0.308,0.30817243456840515
Quinault,2020-01-28,0.302,0.30626538395881653
Quinault,2020-01-29,0.309,0.3080379068851471
Quinault,2020-01-30,0.305,0.30713552236557007
Quinault,2020-01-31,0.347,0.3192720115184784
Quinault,2020-02-01,0.316,0.3190847933292389
Quinault,2020-02-02,0.287,0.3156770169734955
Quinault,2020-02-03,0.283,0.2937586307525635
Quinault,2020-02-04,0.298,0.2960464656352997
Quinault,2020-02-05,0.316,0.29427656531333923
Quinault,2020-02-06,0.326,0.3115188479423523
Quinault,2020-02-07,0.318,0.3099530041217804
Quinault,2020-02-08,0.293,0.29725056886672974
Quinault,2020-02-09,0.265,0.2767181694507599
Quinault,2020-02-10,0.258,0.26364201307296753
Quinault,2020-02-11,0.255,0.2623593509197235
Quinault,2020-02-12,0.255,0.25248751044273376
Quinault,2020-02-13,0.276,0.2686355412006378
Quinault,2020-02-14,0.291,0.27367839217185974
Quinault,2020-02-15,0.305,0.2827903628349304
Quinault,2020-02-16,0.288,0.28171098232269287
Quinault,2020-02-17,0.275,0.2778041660785675
Quinault,2020-02-18,0.261,0.257712185382843
Quinault,2020-02-19,0.255,0.25034311413764954
Quinault,2020-02-20,0.25,0.25038936734199524
Quinault,2020-02-21,0.247,0.24936485290527344
Quinault,2020-02-22,0.272,0.26063793897628784
Quinault,2020-02-23,0.306,0.27929049730300903
Quinault,2020-02-24,0.273,0.2786863148212433
Quinault,2020-02-25,0.26,0.27900367975234985
Quinault,2020-02-26,0.26,0.27005618810653687
Quinault,2020-02-27,0.253,0.2588854730129242
Quinault,2020-02-28,0.271,0.2673628628253937
Quinault,2020-02-29,0.291,0.2794879972934723
Quinault,2020-03-01,0.265,0.2800895571708679
Quinault,2020-03-02,0.289,0.27957671880722046
Quinault,2020-03-03,0.296,0.2811807692050934
Quinault,2020-03-04,0.28,0.2736249566078186
Quinault,2020-03-05,0.286,0.2838168442249298
Quinault,2020-03-06,0.28,0.281881719827652
Quinault,2020-03-07,0.283,0.2778809666633606
Quinault,2020-03-08,0.266,0.2691844701766968
Quinault,2020-03-09,0.258,0.2566870152950287
Quinault,2020-03-10,0.272,0.26291942596435547
Quinault,2020-03-11,0.28,0.25880900025367737
Quinault,2020-03-12,0.26,0.25631144642829895
Quinault,2020-03-13,0.271,0.26557883620262146
Quinault,2020-03-14,0.263,0.2567741274833679
Quinault,2020-03-15,0.255,0.25681638717651367
Quinault,2020-03-16,0.249,0.2547817826271057
Quinault,2020-03-17,0.244,0.24026626348495483
Quinault,2020-03-18,0.24,0.23536990582942963
Quinault,2020-03-19,0.236,0.23213757574558258
Quinault,2020-03-20,0.233,0.22596581280231476
Quinault,2020-03-21,0.23,0.22103849053382874
Quinault,2020-03-22,0.227,0.22421592473983765
Quinault,2020-03-23,0.283,0.2619642913341522
Quinault,2020-03-24,0.288,0.26393967866897583
Quinault,2020-03-25,0.266,0.26271769404411316
Quinault,2020-03-26,0.263,0.2656760811805725
Quinault,2020-03-27,0.295,0.2623928189277649
Quinault,2020-03-28,0.314,0.2861517667770386
Quinault,2020-03-29,0.299,0.2926619052886963
Quinault,2020-03-30,0.306,0.29466670751571655
Quinault,2020-03-31,0.291,0.2918197214603424
Quinault,2020-04-01,0.28,0.28630000352859497
Quinault,2020-04-02,0.271,0.28250834345817566
Quinault,2020-04-03,0.274,0.2694987952709198
Quinault,2020-04-04,0.266,0.26575329899787903
Quinault,2020-04-05,0.256,0.25879016518592834
Quinault,2020-04-06,0.249,0.25374770164489746
Quinault,2020-04-07,0.242,0.23721370100975037
Quinault,2020-04-08,0.236,0.22636684775352478
Quinault,2020-04-09,0.231,0.21966883540153503
Quinault,2020-04-10,0.226,0.22009682655334473
Quinault,2020-04-11,0.221,0.2147318720817566
Quinault,2020-04-12,0.215,0.20852865278720856
Quinault,2020-04-13,0.207,0.2061178982257843
Quinault,2020-04-14,0.201,0.20247849822044373
Quinault,2020-04-15,0.196,0.19695959985256195
Quinault,2020-04-16,0.189,0.19285938143730164
Quinault,2020-04-17,0.183,0.19030402600765228
Quinault,2020-04-18,0.179,0.19380821287631989
Quinault,2020-04-19,0.177,0.19230538606643677
Quinault,2020-04-20,0.173,0.1947697103023529
Quinault,2020-04-21,0.171,0.19288349151611328
Quinault,2020-04-22,0.244,0.24606309831142426
Quinault,2020-04-23,0.259,0.2507745623588562
Quinault,2020-04-24,0.24,0.2529090940952301
Quinault,2020-04-25,0.268,0.2693833112716675
Quinault,2020-04-26,0.265,0.2734568417072296
Quinault,2020-04-27,0.29,0.28408583998680115
Quinault,2020-04-28,0.259,0.27792853116989136
Quinault,2020-04-29,0.264,0.273639440536499
Quinault,2020-04-30,0.287,0.2756645977497101
Quinault,2020-05-01,0.262,0.2661754786968231
Quinault,2020-05-02,0.284,0.28051215410232544
Quinault,2020-05-03,0.275,0.28098875284194946
Quinault,2020-05-04,0.26,0.2717645466327667
Quinault,2020-05-05,0.262,0.27101802825927734
Quinault,2020-05-06,0.275,0.26730477809906006
Quinault,2020-05-07,0.251,0.252718985080719
Quinault,2020-05-08,0.237,0.24750015139579773
Quinault,2020-05-09,0.225,0.24536161124706268
Quinault,2020-05-10,0.214,0.221061572432518
Quinault,2020-05-11,0.209,0.2334139496088028
Quinault,2020-05-12,0.264,0.2469024360179901
Quinault,2020-05-13,0.285,0.26202502846717834
Quinault,2020-05-14,0.26,0.2621374726295471
Quinault,2020-05-15,0.245,0.25359898805618286
Quinault,2020-05-16,0.267,0.2660800516605377
Quinault,2020-05-17,0.268,0.2657051086425781
Quinault,2020-05-18,0.257,0.2624533772468567
Quinault,2020-05-19,0.252,0.2536417841911316
Quinault,2020-05-20,0.241,0.24715912342071533
Quinault,2020-05-21,0.267,0.2500912845134735
Quinault,2020-05-22,0.271,0.2529977262020111
Quinault,2020-05-23,0.252,0.24998462200164795
Quinault,2020-05-24,0.241,0.24825042486190796
Quinault,2020-05-25,0.266,0.2508542835712433
Quinault,2020-05-26,0.253,0.24045969545841217
Quinault,2020-05-27,0.237,0.23662114143371582
Quinault,2020-05-28,0.225,0.23575983941555023
Quinault,2020-05-29,0.212,0.22331278026103973
Quinault,2020-05-30,0.221,0.22878748178482056
Quinault,2020-05-31,0.241,0.22522105276584625
Quinault,2020-06-01,0.226,0.2231799066066742
Quinault,2020-06-02,0.215,0.20765335857868195
Quinault,2020-06-03,0.209,0.20525623857975006
Quinault,2020-06-04,0.201,0.19355645775794983
Quinault,2020-06-05,0.194,0.18817268311977386
Quinault,2020-06-06,0.207,0.2158121019601822
Quinault,2020-06-07,0.242,0.22535739839076996
Quinault,2020-06-08,0.235,0.2287295162677765
Quinault,2020-06-09,0.289,0.2715666592121124
Quinault,2020-06-10,0.263,0.2668531835079193
Quinault,2020-06-11,0.251,0.2566637396812439
Quinault,2020-06-12,0.272,0.2637825012207031
Quinault,2020-06-13,0.272,0.2648875117301941
Quinault,2020-06-14,0.256,0.25813817977905273
Quinault,2020-06-15,0.278,0.2647011876106262
Quinault,2020-06-16,0.265,0.2642286419868469
Quinault,2020-06-17,0.253,0.2498544305562973
Quinault,2020-06-18,0.241,0.24425072968006134
Quinault,2020-06-19,0.23,0.22988052666187286
Quinault,2020-06-20,0.265,0.24863210320472717
Quinault,2020-06-21,0.258,0.23572975397109985
Quinault,2020-06-22,0.241,0.2275587022304535
Quinault,2020-06-23,0.228,0.22114203870296478
Quinault,2020-06-24,0.218,0.20868229866027832
Quinault,2020-06-25,0.207,0.20567479729652405
Quinault,2020-06-26,0.195,0.20201866328716278
Quinault,2020-06-27,0.186,0.19565632939338684
Quinault,2020-06-28,0.182,0.18159009516239166
Quinault,2020-06-29,0.177,0.1788841038942337
Quinault,2020-06-30,0.172,0.18026277422904968
Quinault,2020-07-01,0.17,0.18497508764266968
Quinault,2020-07-02,0.169,0.19518326222896576
Quinault,2020-07-03,0.188,0.1973702758550644
Quinault,2020-07-04,0.184,0.1942620575428009
Quinault,2020-07-05,0.177,0.18916285037994385
Quinault,2020-07-06,0.171,0.18052394688129425
Quinault,2020-07-07,0.168,0.17578531801700592
Quinault,2020-07-08,0.165,0.17239783704280853
Quinault,2020-07-09,0.166,0.18233442306518555
Quinault,2020-07-10,0.168,0.17754429578781128
Quinault,2020-07-11,0.174,0.20276838541030884
Quinault,2020-07-12,0.226,0.2085459977388382
Quinault,2020-07-13,0.205,0.19994352757930756
Quinault,2020-07-14,0.189,0.17853796482086182
Quinault,2020-07-15,0.176,0.17051884531974792
Quinault,2020-07-16,0.166,0.15639789402484894
Quinault,2020-07-17,0.159,0.15380382537841797
Quinault,2020-07-18,0.152,0.15033100545406342
Quinault,2020-07-19,0.146,0.1308937668800354
Quinault,2020-07-20,0.14,0.13151247799396515
Quinault,2020-07-21,0.135,0.1290522664785385
Quinault,2020-07-22,0.131,0.12281522154808044
Quinault,2020-07-23,0.128,0.11796490103006363
Quinault,2020-07-24,0.124,0.116193987429142
Quinault,2020-07-25,0.121,0.116019107401371
Quinault,2020-07-26,0.117,0.10815805196762085
Quinault,2020-07-27,0.114,0.11442501097917557
Quinault,2020-07-28,0.111,0.11206238716840744
Quinault,2020-07-29,0.109,0.11636783927679062
Quinault,2020-07-30,0.107,0.10976742953062057
Quinault,2020-07-31,0.105,0.10563569515943527
Quinault,2020-08-01,0.105,0.10414516925811768
Quinault,2020-08-02,0.104,0.10445362329483032
Quinault,2020-08-03,0.103,0.10027898848056793
Quinault,2020-08-04,0.102,0.10140026360750198
Quinault,2020-08-05,0.102,0.09864222258329391
Quinault,2020-08-06,0.131,0.11172717809677124
Quinault,2020-08-07,0.13,0.11530336737632751
Quinault,2020-08-08,0.128,0.11616035550832748
Quinault,2020-08-09,0.124,0.11801719665527344
Quinault,2020-08-10,0.12,0.1186545118689537
Quinault,2020-08-11,0.115,0.1155567318201065
Quinault,2020-08-12,0.112,0.11182050406932831
Quinault,2020-08-13,0.108,0.10865071415901184
Quinault,2020-08-14,0.107,0.10294231027364731
Quinault,2020-08-15,0.104,0.10063344240188599
Quinault,2020-08-16,0.102,0.0941820815205574
Quinault,2020-08-17,0.101,0.08957181125879288
Quinault,2020-08-18,0.099,0.0890236422419548
Quinault,2020-08-19,0.098,0.08377047628164291
Quinault,2020-08-20,0.169,0.16171132028102875
Quinault,2020-08-21,0.216,0.21903319656848907
Quinault,2020-08-22,0.214,0.22204767167568207
Quinault,2020-08-23,0.201,0.2248118370771408
Quinault,2020-08-24,0.194,0.21035555005073547
Quinault,2020-08-25,0.187,0.19192342460155487
Quinault,2020-08-26,0.181,0.19170184433460236
Quinault,2020-08-27,0.175,0.18962326645851135
Quinault,2020-08-28,0.17,0.1867290884256363
Quinault,2020-08-29,0.166,0.1647166907787323
Quinault,2020-08-30,0.16,0.15379749238491058
Quinault,2020-08-31,0.156,0.15434563159942627
Quinault,2020-09-01,0.153,0.1446581929922104
Quinault,2020-09-02,0.149,0.14025765657424927
Quinault,2020-09-03,0.145,0.13629095256328583
Quinault,2020-09-04,0.142,0.1325296312570572
Quinault,2020-09-05,0.14,0.13498233258724213
Quinault,2020-09-06,0.137,0.13105453550815582
Quinault,2020-09-07,0.135,0.12644058465957642
Quinault,2020-09-08,0.13,0.12330476194620132
Quinault,2020-09-09,0.127,0.1198434978723526
Quinault,2020-09-10,0.124,0.1113332211971283
Quinault,2020-09-11,0.122,0.10886471718549728
Quinault,2020-09-12,0.122,0.10940637439489365
Quinault,2020-09-13,0.12,0.10391100496053696
Quinault,2020-09-14,0.12,0.12414994835853577
Quinault,2020-09-15,0.122,0.12584780156612396
Quinault,2020-09-16,0.134,0.1270439177751541
Quinault,2020-09-17,0.135,0.1311132311820984
Quinault,2020-09-18,0.148,0.17911498248577118
Quinault,2020-09-19,0.189,0.20396536588668823
Quinault,2020-09-20,0.198,0.20050692558288574
Quinault,2020-09-21,0.193,0.2147529125213623
Quinault,2020-09-22,0.202,0.19426414370536804
Quinault,2020-09-23,0.268,0.25641930103302
Quinault,2020-09-24,0.27,0.26897817850112915
Quinault,2020-09-25,0.27,0.2624644339084625
Quinault,2020-09-26,0.249,0.25855502486228943
Quinault,2020-09-27,0.234,0.24030904471874237
Quinault,2020-09-28,0.224,0.22814780473709106
Quinault,2020-09-29,0.216,0.2097838819026947
Quinault,2020-09-30,0.21,0.20574751496315002
Quinault,2020-10-01,0.206,0.20575793087482452
Quinault,2020-10-02,0.202,0.20590917766094208
Quinault,2020-10-03,0.199,0.1939011812210083
Quinault,2020-10-04,0.197,0.19020389020442963
Quinault,2020-10-05,0.194,0.1944277435541153
Quinault,2020-10-06,0.189,0.19128581881523132
Quinault,2020-10-07,0.184,0.19305598735809326
Quinault,2020-10-08,0.182,0.1920916587114334
Quinault,2020-10-09,0.207,0.23780371248722076
Quinault,2020-10-10,0.27,0.2590680718421936
Quinault,2020-10-11,0.271,0.26310408115386963
Quinault,2020-10-12,0.246,0.261027067899704
Quinault,2020-10-13,0.275,0.269302099943161
Quinault,2020-10-14,0.253,0.26368218660354614
Quinault,2020-10-15,0.234,0.24496425688266754
Quinault,2020-10-16,0.253,0.2624247968196869
Quinault,2020-10-17,0.24,0.24608592689037323
Quinault,2020-10-18,0.258,0.25298720598220825
Quinault,2020-10-19,0.241,0.25336501002311707
Quinault,2020-10-20,0.232,0.24278032779693604
Quinault,2020-10-21,0.226,0.24142926931381226
Quinault,2020-10-22,0.222,0.23174236714839935
Quinault,2020-10-23,0.247,0.2457662969827652
Quinault,2020-10-24,0.247,0.2464623600244522
Quinault,2020-10-25,0.236,0.24250748753547668
Quinault,2020-10-26,0.23,0.24640458822250366
Quinault,2020-10-27,0.226,0.2350403517484665
Quinault,2020-10-28,0.224,0.2359010875225067
Quinault,2020-10-29,0.222,0.2410210222005844
Quinault,2020-10-30,0.255,0.24994276463985443
Quinault,2020-10-31,0.235,0.24682296812534332
Quinault,2020-11-01,0.229,0.24585992097854614
Quinault,2020-11-02,0.224,0.23915016651153564
Quinault,2020-11-03,0.277,0.2650220990180969
Quinault,2020-11-04,0.289,0.2738506495952606
Quinault,2020-11-05,0.27,0.26804494857788086
Quinault,2020-11-06,0.243,0.2505897283554077
Quinault,2020-11-07,0.234,0.2432609349489212
Quinault,2020-11-08,0.228,0.23802407085895538
Quinault,2020-11-09,0.24,0.2479991316795349
Quinault,2020-11-10,0.277,0.2554709017276764
Quinault,2020-11-11,0.248,0.2515949010848999
Quinault,2020-11-12,0.271,0.28388068079948425
Quinault,2020-11-13,0.292,0.2899545729160309
Quinault,2020-11-14,0.281,0.2867487668991089
Quinault,2020-11-15,0.277,0.28604161739349365
Quinault,2020-11-16,0.273,0.2895641624927521
Quinault,2020-11-17,0.286,0.29075732827186584
Quinault,2020-11-18,0.297,0.2900375723838806
Quinault,2020-11-19,0.285,0.29170602560043335
Quinault,2020-11-20,0.29,0.2936447262763977
Quinault,2020-11-21,0.262,0.27446839213371277
Quinault,2020-11-22,0.261,0.27735304832458496
Quinault,2020-11-23,0.27,0.2723340094089508
Quinault,2020-11-24,0.282,0.2746099829673767
Quinault,2020-11-25,0.276,0.2730509638786316
Quinault,2020-11-26,0.26,0.2703613042831421
Quinault,2020-11-27,0.272,0.2716268301010132
Quinault,2020-11-28,0.26,0.25595009326934814
Quinault,2020-11-29,0.247,0.2582079768180847
Quinault,2020-11-30,0.277,0.27358314394950867
Quinault,2020-12-01,0.249,0.25852465629577637
Quinault,2020-12-02,0.244,0.2561749219894409
Quinault,2020-12-03,0.242,0.2611190676689148
Quinault,2020-12-04,0.239,0.24305510520935059
Quinault,2020-12-05,0.237,0.25023144483566284
Quinault,2020-12-06,0.26,0.2507598102092743
Quinault,2020-12-07,0.265,0.2656090259552002
Quinault,2020-12-08,0.29,0.2772811949253082
Quinault,2020-12-09,0.262,0.2769818902015686
Quinault,2020-12-10,0.261,0.277497798204422
Quinault,2020-12-11,0.267,0.2790504992008209
Quinault,2020-12-12,0.25,0.2655574381351471
Quinault,2020-12-13,0.288,0.28504276275634766
Quinault,2020-12-14,0.275,0.27941393852233887
Quinault,2020-12-15,0.287,0.281006395816803
Quinault,2020-12-16,0.288,0.2938154637813568
Quinault,2020-12-17,0.287,0.2909710705280304
Quinault,2020-12-18,0.294,0.29150423407554626
Quinault,2020-12-19,0.286,0.28958791494369507
Quinault,2020-12-20,0.272,0.28659725189208984
Quinault,2020-12-21,0.295,0.2849423289299011
Quinault,2020-12-22,0.264,0.2673353850841522
Quinault,2020-12-23,0.252,0.2581125497817993
Quinault,2020-12-24,0.248,0.25704988837242126
Quinault,2020-12-25,0.285,0.2715676724910736
Quinault,2020-12-26,0.296,0.27825722098350525
Quinault,2020-12-27,0.287,0.2812210023403168
Quinault,2020-12-28,0.255,0.26581403613090515
Quinault,2020-12-29,0.267,0.2819710373878479
Quinault,2020-12-30,0.309,0.2877001166343689
Quinault,2020-12-31,0.29,0.28527793288230896
SourdoughGulch_WA_985,2019-01-01,0.295,0.2633752226829529
SourdoughGulch_WA_985,2019-01-02,0.222,0.2411075234413147
SourdoughGulch_WA_985,2019-01-03,0.165,0.23421229422092438
SourdoughGulch_WA_985,2019-01-04,0.196,0.23390203714370728
SourdoughGulch_WA_985,2019-01-05,0.223,0.23390203714370728
SourdoughGulch_WA_985,2019-01-06,0.236,0.2370724231004715
SourdoughGulch_WA_985,2019-01-07,0.247,0.24127979576587677
SourdoughGulch_WA_985,2019-01-08,0.252,0.24160245060920715
SourdoughGulch_WA_985,2019-01-09,0.244,0.2417105883359909
SourdoughGulch_WA_985,2019-01-10,0.253,0.24454501271247864
SourdoughGulch_WA_985,2019-01-11,0.277,0.2503851652145386
SourdoughGulch_WA_985,2019-01-12,0.277,0.24418804049491882
SourdoughGulch_WA_985,2019-01-13,0.252,0.23717227578163147
SourdoughGulch_WA_985,2019-01-14,0.184,0.1658434271812439
SourdoughGulch_WA_985,2019-01-15,0.115,0.15533234179019928
SourdoughGulch_WA_985,2019-01-16,0.119,0.1490345150232315
SourdoughGulch_WA_985,2019-01-17,0.119,0.1668310910463333
SourdoughGulch_WA_985,2019-01-18,0.134,0.17270736396312714
SourdoughGulch_WA_985,2019-01-19,0.147,0.17805811762809753
SourdoughGulch_WA_985,2019-01-20,0.156,0.18888689577579498
SourdoughGulch_WA_985,2019-01-21,0.172,0.2196727842092514
SourdoughGulch_WA_985,2019-01-22,0.184,0.2173544466495514
SourdoughGulch_WA_985,2019-01-23,0.177,0.226431205868721
SourdoughGulch_WA_985,2019-01-24,0.224,0.23135459423065186
SourdoughGulch_WA_985,2019-01-25,0.253,0.23262010514736176
SourdoughGulch_WA_985,2019-01-26,0.261,0.23248781263828278
SourdoughGulch_WA_985,2019-01-27,0.256,0.22800426185131073
SourdoughGulch_WA_985,2019-01-28,0.307,0.23762603104114532
SourdoughGulch_WA_985,2019-01-29,0.288,0.23714907467365265
SourdoughGulch_WA_985,2019-01-30,0.194,0.21935677528381348
SourdoughGulch_WA_985,2019-01-31,0.146,0.2044469565153122
SourdoughGulch_WA_985,2019-02-01,0.149,0.20689953863620758
SourdoughGulch_WA_985,2019-02-02,0.174,0.21965080499649048
SourdoughGulch_WA_985,2019-02-03,0.193,0.22995507717132568
SourdoughGulch_WA_985,2019-02-04,0.242,0.24812975525856018
SourdoughGulch_WA_985,2019-02-05,0.267,0.25601211190223694
SourdoughGulch_WA_985,2019-02-06,0.276,0.2621854543685913
SourdoughGulch_WA_985,2019-02-07,0.274,0.2621176242828369
SourdoughGulch_WA_985,2019-02-08,0.266,0.26100605726242065
SourdoughGulch_WA_985,2019-02-09,0.25,0.26056739687919617
SourdoughGulch_WA_985,2019-02-10,0.247,0.25730371475219727
SourdoughGulch_WA_985,2019-02-11,0.236,0.25643813610076904
SourdoughGulch_WA_985,2019-02-12,0.231,0.2563823163509369
SourdoughGulch_WA_985,2019-02-13,0.243,0.25579118728637695
SourdoughGulch_WA_985,2019-02-14,0.258,0.2611043155193329
SourdoughGulch_WA_985,2019-02-15,0.265,0.26642945408821106
SourdoughGulch_WA_985,2019-02-16,0.267,0.26909196376800537
SourdoughGulch_WA_985,2019-02-17,0.269,0.2685331404209137
SourdoughGulch_WA_985,2019-02-18,0.273,0.2781541645526886
SourdoughGulch_WA_985,2019-02-19,0.275,0.28044891357421875
SourdoughGulch_WA_985,2019-02-20,0.277,0.2784610390663147
SourdoughGulch_WA_985,2019-02-21,0.277,0.27920088171958923
SourdoughGulch_WA_985,2019-02-22,0.277,0.28130072355270386
SourdoughGulch_WA_985,2019-02-23,0.279,0.28342822194099426
SourdoughGulch_WA_985,2019-02-24,0.278,0.2822374403476715
SourdoughGulch_WA_985,2019-02-25,0.28,0.2809703052043915
SourdoughGulch_WA_985,2019-02-26,0.28,0.2835807800292969
SourdoughGulch_WA_985,2019-02-27,0.281,0.2818417549133301
SourdoughGulch_WA_985,2019-02-28,0.283,0.2823469936847687
SourdoughGulch_WA_985,2019-03-01,0.284,0.2824060618877411
SourdoughGulch_WA_985,2019-03-02,0.285,0.28362876176834106
SourdoughGulch_WA_985,2019-03-03,0.285,0.28251346945762634
SourdoughGulch_WA_985,2019-03-04,0.285,0.2820512354373932
SourdoughGulch_WA_985,2019-03-05,0.284,0.2875055968761444
SourdoughGulch_WA_985,2019-03-06,0.284,0.28958776593208313
SourdoughGulch_WA_985,2019-03-07,0.283,0.29710397124290466
SourdoughGulch_WA_985,2019-03-08,0.308,0.30457988381385803
SourdoughGulch_WA_985,2019-03-09,0.305,0.30499067902565
SourdoughGulch_WA_985,2019-03-10,0.304,0.30277392268180847
SourdoughGulch_WA_985,2019-03-11,0.302,0.29939979314804077
SourdoughGulch_WA_985,2019-03-12,0.3,0.30084434151649475
SourdoughGulch_WA_985,2019-03-13,0.298,0.30152490735054016
SourdoughGulch_WA_985,2019-03-14,0.298,0.3044798970222473
SourdoughGulch_WA_985,2019-03-15,0.298,0.30426904559135437
SourdoughGulch_WA_985,2019-03-16,0.297,0.29990124702453613
SourdoughGulch_WA_985,2019-03-17,0.301,0.3029906451702118
SourdoughGulch_WA_985,2019-03-18,0.303,0.31117329001426697
SourdoughGulch_WA_985,2019-03-19,0.306,0.31304702162742615
SourdoughGulch_WA_985,2019-03-20,0.316,0.3156372308731079
SourdoughGulch_WA_985,2019-03-21,0.352,0.3222237229347229
SourdoughGulch_WA_985,2019-03-22,0.356,0.34586888551712036
SourdoughGulch_WA_985,2019-03-23,0.359,0.3410625457763672
SourdoughGulch_WA_985,2019-03-24,0.361,0.3438224196434021
SourdoughGulch_WA_985,2019-03-25,0.359,0.3471740186214447
SourdoughGulch_WA_985,2019-03-26,0.357,0.34558045864105225
SourdoughGulch_WA_985,2019-03-27,0.354,0.34152844548225403
SourdoughGulch_WA_985,2019-03-28,0.348,0.34205812215805054
SourdoughGulch_WA_985,2019-03-29,0.347,0.34091123938560486
SourdoughGulch_WA_985,2019-03-30,0.347,0.34248870611190796
SourdoughGulch_WA_985,2019-03-31,0.341,0.33751052618026733
SourdoughGulch_WA_985,2019-04-01,0.338,0.33327874541282654
SourdoughGulch_WA_985,2019-04-02,0.335,0.3343331515789032
SourdoughGulch_WA_985,2019-04-03,0.333,0.3270941972732544
SourdoughGulch_WA_985,2019-04-04,0.331,0.32643207907676697
SourdoughGulch_WA_985,2019-04-05,0.328,0.3268508315086365
SourdoughGulch_WA_985,2019-04-06,0.339,0.32825395464897156
SourdoughGulch_WA_985,2019-04-07,0.338,0.33428409695625305
SourdoughGulch_WA_985,2019-04-08,0.354,0.3392503261566162
SourdoughGulch_WA_985,2019-04-09,0.35,0.33394503593444824
SourdoughGulch_WA_985,2019-04-10,0.341,0.3343779444694519
SourdoughGulch_WA_985,2019-04-11,0.336,0.3354159891605377
SourdoughGulch_WA_985,2019-04-12,0.338,0.33380380272865295
SourdoughGulch_WA_985,2019-04-13,0.348,0.3359595835208893
SourdoughGulch_WA_985,2019-04-14,0.338,0.33608922362327576
SourdoughGulch_WA_985,2019-04-15,0.338,0.32682004570961
SourdoughGulch_WA_985,2019-04-16,0.334,0.32696807384490967
SourdoughGulch_WA_985,2019-04-17,0.337,0.3287334144115448
SourdoughGulch_WA_985,2019-04-18,0.337,0.3262097239494324
SourdoughGulch_WA_985,2019-04-19,0.333,0.32852503657341003
SourdoughGulch_WA_985,2019-04-20,0.332,0.33069607615470886
SourdoughGulch_WA_985,2019-04-21,0.347,0.3216364085674286
SourdoughGulch_WA_985,2019-04-22,0.342,0.3280239999294281
SourdoughGulch_WA_985,2019-04-23,0.338,0.3244324326515198
SourdoughGulch_WA_985,2019-04-24,0.335,0.32058796286582947
SourdoughGulch_WA_985,2019-04-25,0.328,0.3195313811302185
SourdoughGulch_WA_985,2019-04-26,0.323,0.3168960213661194
SourdoughGulch_WA_985,2019-04-27,0.315,0.3151552975177765
SourdoughGulch_WA_985,2019-04-28,0.308,0.314225435256958
SourdoughGulch_WA_985,2019-04-29,0.303,0.31101730465888977
SourdoughGulch_WA_985,2019-04-30,0.3,0.3140120506286621
SourdoughGulch_WA_985,2019-05-01,0.295,0.30882641673088074
SourdoughGulch_WA_985,2019-05-02,0.289,0.29328638315200806
SourdoughGulch_WA_985,2019-05-03,0.287,0.28886929154396057
SourdoughGulch_WA_985,2019-05-04,0.284,0.2836577296257019
SourdoughGulch_WA_985,2019-05-05,0.281,0.27995750308036804
SourdoughGulch_WA_985,2019-05-06,0.274,0.26733988523483276
SourdoughGulch_WA_985,2019-05-07,0.272,0.26172903180122375
SourdoughGulch_WA_985,2019-05-08,0.267,0.2612813413143158
SourdoughGulch_WA_985,2019-05-09,0.26,0.259366899728775
SourdoughGulch_WA_985,2019-05-10,0.258,0.2650901973247528
SourdoughGulch_WA_985,2019-05-11,0.253,0.26329129934310913
SourdoughGulch_WA_985,2019-05-12,0.25,0.25931233167648315
SourdoughGulch_WA_985,2019-05-13,0.245,0.25482603907585144
SourdoughGulch_WA_985,2019-05-14,0.232,0.21230971813201904
SourdoughGulch_WA_985,2019-05-15,0.219,0.20883867144584656
SourdoughGulch_WA_985,2019-05-16,0.217,0.2168072760105133
SourdoughGulch_WA_985,2019-05-17,0.215,0.2360229194164276
SourdoughGulch_WA_985,2019-05-18,0.211,0.23830561339855194
SourdoughGulch_WA_985,2019-05-19,0.212,0.235776886343956
SourdoughGulch_WA_985,2019-05-20,0.216,0.2237701416015625
SourdoughGulch_WA_985,2019-05-21,0.203,0.21643854677677155
SourdoughGulch_WA_985,2019-05-22,0.206,0.21684731543064117
SourdoughGulch_WA_985,2019-05-23,0.209,0.21736690402030945
SourdoughGulch_WA_985,2019-05-24,0.216,0.2259378433227539
SourdoughGulch_WA_985,2019-05-25,0.211,0.23347754776477814
SourdoughGulch_WA_985,2019-05-26,0.311,0.24814608693122864
SourdoughGulch_WA_985,2019-05-27,0.309,0.2574542462825775
SourdoughGulch_WA_985,2019-05-28,0.292,0.2627292573451996
SourdoughGulch_WA_985,2019-05-29,0.291,0.276287317276001
SourdoughGulch_WA_985,2019-05-30,0.283,0.28944969177246094
SourdoughGulch_WA_985,2019-05-31,0.273,0.2883507013320923
SourdoughGulch_WA_985,2019-06-01,0.269,0.28299441933631897
SourdoughGulch_WA_985,2019-06-02,0.262,0.2712169885635376
SourdoughGulch_WA_985,2019-06-03,0.254,0.2678370177745819
SourdoughGulch_WA_985,2019-06-04,0.244,0.25960519909858704
SourdoughGulch_WA_985,2019-06-05,0.235,0.25834921002388
SourdoughGulch_WA_985,2019-06-06,0.221,0.2588801085948944
SourdoughGulch_WA_985,2019-06-07,0.317,0.26167088747024536
SourdoughGulch_WA_985,2019-06-08,0.293,0.265208899974823
SourdoughGulch_WA_985,2019-06-09,0.276,0.2633858919143677
SourdoughGulch_WA_985,2019-06-10,0.274,0.2639344334602356
SourdoughGulch_WA_985,2019-06-11,0.27,0.26147088408470154
SourdoughGulch_WA_985,2019-06-12,0.263,0.2541535496711731
SourdoughGulch_WA_985,2019-06-13,0.256,0.24595430493354797
SourdoughGulch_WA_985,2019-06-14,0.24,0.23680077493190765
SourdoughGulch_WA_985,2019-06-15,0.234,0.23148712515830994
SourdoughGulch_WA_985,2019-06-16,0.223,0.223434180021286
SourdoughGulch_WA_985,2019-06-17,0.216,0.20900140702724457
SourdoughGulch_WA_985,2019-06-18,0.203,0.2019239217042923
SourdoughGulch_WA_985,2019-06-19,0.188,0.18829327821731567
SourdoughGulch_WA_985,2019-06-20,0.183,0.186584010720253
SourdoughGulch_WA_985,2019-06-21,0.168,0.18531596660614014
SourdoughGulch_WA_985,2019-06-22,0.157,0.17968051135540009
SourdoughGulch_WA_985,2019-06-23,0.158,0.18178504705429077
SourdoughGulch_WA_985,2019-06-24,0.154,0.17425589263439178
SourdoughGulch_WA_985,2019-06-25,0.154,0.18363440036773682
SourdoughGulch_WA_985,2019-06-26,0.156,0.19332431256771088
SourdoughGulch_WA_985,2019-06-27,0.268,0.2402363121509552
SourdoughGulch_WA_985,2019-06-28,0.316,0.29334160685539246
SourdoughGulch_WA_985,2019-06-29,0.307,0.29099059104919434
SourdoughGulch_WA_985,2019-06-30,0.308,0.29077059030532837
SourdoughGulch_WA_985,2019-07-01,0.303,0.2812683582305908
SourdoughGulch_WA_985,2019-07-02,0.292,0.2811650037765503
SourdoughGulch_WA_985,2019-07-03,0.287,0.27901560068130493
SourdoughGulch_WA_985,2019-07-04,0.284,0.27723896503448486
SourdoughGulch_WA_985,2019-07-05,0.279,0.27531278133392334
SourdoughGulch_WA_985,2019-07-06,0.278,0.27259430289268494
SourdoughGulch_WA_985,2019-07-07,0.278,0.2711377739906311
SourdoughGulch_WA_985,2019-07-08,0.268,0.2699050307273865
SourdoughGulch_WA_985,2019-07-09,0.261,0.2692336440086365
SourdoughGulch_WA_985,2019-07-10,0.26,0.25311732292175293
SourdoughGulch_WA_985,2019-07-11,0.258,0.26670488715171814
SourdoughGulch_WA_985,2019-07-12,0.248,0.2511596381664276
SourdoughGulch_WA_985,2019-07-13,0.244,0.23994506895542145
SourdoughGulch_WA_985,2019-07-14,0.236,0.2213626652956009
SourdoughGulch_WA_985,2019-07-15,0.225,0.21517351269721985
SourdoughGulch_WA_985,2019-07-16,0.205,0.21430206298828125
SourdoughGulch_WA_985,2019-07-17,0.196,0.19859157502651215
SourdoughGulch_WA_985,2019-07-18,0.185,0.19784210622310638
SourdoughGulch_WA_985,2019-07-19,0.19,0.19187675416469574
SourdoughGulch_WA_985,2019-07-20,0.176,0.18197667598724365
SourdoughGulch_WA_985,2019-07-21,0.175,0.1782892495393753
SourdoughGulch_WA_985,2019-07-22,0.174,0.17765019834041595
SourdoughGulch_WA_985,2019-07-23,0.166,0.1733141988515854
SourdoughGulch_WA_985,2019-07-24,0.163,0.16669870913028717
SourdoughGulch_WA_985,2019-07-25,0.157,0.16466741263866425
SourdoughGulch_WA_985,2019-07-26,0.151,0.16065311431884766
SourdoughGulch_WA_985,2019-07-27,0.147,0.1548655927181244
SourdoughGulch_WA_985,2019-07-28,0.145,0.14527460932731628
SourdoughGulch_WA_985,2019-07-29,0.139,0.14101551473140717
SourdoughGulch_WA_985,2019-07-30,0.132,0.13853220641613007
SourdoughGulch_WA_985,2019-07-31,0.133,0.13571080565452576
SourdoughGulch_WA_985,2019-08-01,0.129,0.13308410346508026
SourdoughGulch_WA_985,2019-08-02,0.126,0.12997980415821075
SourdoughGulch_WA_985,2019-08-03,0.119,0.125006765127182
SourdoughGulch_WA_985,2019-08-04,0.111,0.12418849766254425
SourdoughGulch_WA_985,2019-08-05,0.111,0.10678630322217941
SourdoughGulch_WA_985,2019-08-06,0.112,0.10691867023706436
SourdoughGulch_WA_985,2019-08-07,0.107,0.10014184564352036
SourdoughGulch_WA_985,2019-08-08,0.104,0.1012125238776207
SourdoughGulch_WA_985,2019-08-09,0.096,0.09456247836351395
SourdoughGulch_WA_985,2019-08-10,0.091,0.09281668812036514
SourdoughGulch_WA_985,2019-08-11,0.091,0.12409195303916931
SourdoughGulch_WA_985,2019-08-12,0.093,0.13729575276374817
SourdoughGulch_WA_985,2019-08-13,0.109,0.11924075335264206
SourdoughGulch_WA_985,2019-08-14,0.112,0.11414580792188644
SourdoughGulch_WA_985,2019-08-15,0.114,0.11477509140968323
SourdoughGulch_WA_985,2019-08-16,0.11,0.11372588574886322
SourdoughGulch_WA_985,2019-08-17,0.115,0.1130121648311615
SourdoughGulch_WA_985,2019-08-18,0.105,0.10874433815479279
SourdoughGulch_WA_985,2019-08-19,0.105,0.11622460931539536
SourdoughGulch_WA_985,2019-08-20,0.108,0.11419760435819626
SourdoughGulch_WA_985,2019-08-21,0.107,0.09964395314455032
SourdoughGulch_WA_985,2019-08-22,0.106,0.09955072402954102
SourdoughGulch_WA_985,2019-08-23,0.094,0.10282262414693832
SourdoughGulch_WA_985,2019-08-24,0.096,0.10323130339384079
SourdoughGulch_WA_985,2019-08-25,0.097,0.09970113635063171
SourdoughGulch_WA_985,2019-08-26,0.094,0.09199274331331253
SourdoughGulch_WA_985,2019-08-27,0.088,0.09151776880025864
SourdoughGulch_WA_985,2019-08-28,0.087,0.09299574792385101
SourdoughGulch_WA_985,2019-08-29,0.088,0.09447716176509857
SourdoughGulch_WA_985,2019-08-30,0.079,0.08623155951499939
SourdoughGulch_WA_985,2019-08-31,0.082,0.08656052500009537
SourdoughGulch_WA_985,2019-09-01,0.083,0.08814866840839386
SourdoughGulch_WA_985,2019-09-02,0.082,0.07685860246419907
SourdoughGulch_WA_985,2019-09-03,0.079,0.07791874557733536
SourdoughGulch_WA_985,2019-09-04,0.078,0.07796785235404968
SourdoughGulch_WA_985,2019-09-05,0.074,0.07617513090372086
SourdoughGulch_WA_985,2019-09-06,0.07,0.06998104602098465
SourdoughGulch_WA_985,2019-09-07,0.069,0.08281508088111877
SourdoughGulch_WA_985,2019-09-08,0.063,0.0737028494477272
SourdoughGulch_WA_985,2019-09-09,0.065,0.06702983379364014
SourdoughGulch_WA_985,2019-09-10,0.068,0.07031074166297913
SourdoughGulch_WA_985,2019-09-11,0.067,0.07041801512241364
SourdoughGulch_WA_985,2019-09-12,0.062,0.07499833405017853
SourdoughGulch_WA_985,2019-09-13,0.071,0.07535334676504135
SourdoughGulch_WA_985,2019-09-14,0.073,0.07699910551309586
SourdoughGulch_WA_985,2019-09-15,0.076,0.08528966456651688
SourdoughGulch_WA_985,2019-09-16,0.08,0.09141317009925842
SourdoughGulch_WA_985,2019-09-17,0.073,0.0932849794626236
SourdoughGulch_WA_985,2019-09-18,0.077,0.10099537670612335
SourdoughGulch_WA_985,2019-09-19,0.085,0.10746078193187714
SourdoughGulch_WA_985,2019-09-20,0.12,0.11481635272502899
SourdoughGulch_WA_985,2019-09-21,0.133,0.11659562587738037
SourdoughGulch_WA_985,2019-09-22,0.14,0.11757241189479828
SourdoughGulch_WA_985,2019-09-23,0.144,0.13882577419281006
SourdoughGulch_WA_985,2019-09-24,0.146,0.1383754163980484
SourdoughGulch_WA_985,2019-09-25,0.147,0.13837166130542755
SourdoughGulch_WA_985,2019-09-26,0.145,0.13777795433998108
SourdoughGulch_WA_985,2019-09-27,0.143,0.1387988179922104
SourdoughGulch_WA_985,2019-09-28,0.139,0.135832279920578
SourdoughGulch_WA_985,2019-09-29,0.129,0.13026125729084015
SourdoughGulch_WA_985,2019-09-30,0.126,0.12795379757881165
SourdoughGulch_WA_985,2019-10-01,0.12,0.13203908503055573
SourdoughGulch_WA_985,2019-10-02,0.135,0.14538757503032684
SourdoughGulch_WA_985,2019-10-03,0.145,0.15229396522045135
SourdoughGulch_WA_985,2019-10-04,0.156,0.15144498646259308
SourdoughGulch_WA_985,2019-10-05,0.157,0.15594255924224854
SourdoughGulch_WA_985,2019-10-06,0.157,0.15774525701999664
SourdoughGulch_WA_985,2019-10-07,0.157,0.17896701395511627
SourdoughGulch_WA_985,2019-10-08,0.158,0.18123619258403778
SourdoughGulch_WA_985,2019-10-09,0.174,0.20647382736206055
SourdoughGulch_WA_985,2019-10-10,0.219,0.2084779292345047
SourdoughGulch_WA_985,2019-10-11,0.222,0.20589083433151245
SourdoughGulch_WA_985,2019-10-12,0.225,0.2030957192182541
SourdoughGulch_WA_985,2019-10-13,0.229,0.19895972311496735
SourdoughGulch_WA_985,2019-10-14,0.234,0.24672281742095947
SourdoughGulch_WA_985,2019-10-15,0.233,0.24912330508232117
SourdoughGulch_WA_985,2019-10-16,0.228,0.2439500093460083
SourdoughGulch_WA_985,2019-10-17,0.23,0.24436406791210175
SourdoughGulch_WA_985,2019-10-18,0.224,0.2509459853172302
SourdoughGulch_WA_985,2019-10-19,0.217,0.2581152319908142
SourdoughGulch_WA_985,2019-10-20,0.345,0.2911719083786011
SourdoughGulch_WA_985,2019-10-21,0.328,0.30119597911834717
SourdoughGulch_WA_985,2019-10-22,0.315,0.30257323384284973
SourdoughGulch_WA_985,2019-10-23,0.326,0.2938646674156189
SourdoughGulch_WA_985,2019-10-24,0.31,0.2925604283809662
SourdoughGulch_WA_985,2019-10-25,0.303,0.2897873520851135
SourdoughGulch_WA_985,2019-10-26,0.302,0.2894059419631958
SourdoughGulch_WA_985,2019-10-27,0.291,0.2878623306751251
SourdoughGulch_WA_985,2019-10-28,0.286,0.2800791561603546
SourdoughGulch_WA_985,2019-10-29,0.281,0.2770155966281891
SourdoughGulch_WA_985,2019-10-30,0.282,0.27747124433517456
SourdoughGulch_WA_985,2019-10-31,0.275,0.27747124433517456
SourdoughGulch_WA_985,2019-11-01,0.271,0.2724580466747284
SourdoughGulch_WA_985,2019-11-02,0.269,0.271524578332901
SourdoughGulch_WA_985,2019-11-03,0.267,0.2726488411426544
SourdoughGulch_WA_985,2019-11-04,0.27,0.27945807576179504
SourdoughGulch_WA_985,2019-11-05,0.308,0.2837733030319214
SourdoughGulch_WA_985,2019-11-06,0.305,0.28506016731262207
SourdoughGulch_WA_985,2019-11-07,0.3,0.2826933264732361
SourdoughGulch_WA_985,2019-11-08,0.294,0.28287672996520996
SourdoughGulch_WA_985,2019-11-09,0.297,0.28457340598106384
SourdoughGulch_WA_985,2019-11-10,0.297,0.2844001352787018
SourdoughGulch_WA_985,2019-11-11,0.298,0.2752279043197632
SourdoughGulch_WA_985,2019-11-12,0.29,0.27085456252098083
SourdoughGulch_WA_985,2019-11-13,0.291,0.27422916889190674
SourdoughGulch_WA_985,2019-11-14,0.289,0.2749492824077606
SourdoughGulch_WA_985,2019-11-15,0.286,0.277687132358551
SourdoughGulch_WA_985,2019-11-16,0.289,0.2771126627922058
SourdoughGulch_WA_985,2019-11-17,0.288,0.2783055007457733
SourdoughGulch_WA_985,2019-11-18,0.293,0.28789186477661133
SourdoughGulch_WA_985,2019-11-19,0.292,0.28866344690322876
SourdoughGulch_WA_985,2019-11-20,0.304,0.28941798210144043
SourdoughGulch_WA_985,2019-11-21,0.305,0.2855047285556793
SourdoughGulch_WA_985,2019-11-22,0.296,0.28398600220680237
SourdoughGulch_WA_985,2019-11-23,0.28,0.2750876843929291
SourdoughGulch_WA_985,2019-11-24,0.271,0.2705872654914856
SourdoughGulch_WA_985,2019-11-25,0.276,0.2643384039402008
SourdoughGulch_WA_985,2019-11-26,0.273,0.2651515603065491
SourdoughGulch_WA_985,2019-11-27,0.274,0.26270562410354614
SourdoughGulch_WA_985,2019-11-28,0.276,0.26534488797187805
SourdoughGulch_WA_985,2019-11-29,0.277,0.26358455419540405
SourdoughGulch_WA_985,2019-11-30,0.272,0.26633739471435547
SourdoughGulch_WA_985,2019-12-01,0.27,0.26543277502059937
SourdoughGulch_WA_985,2019-12-02,0.265,0.27766063809394836
SourdoughGulch_WA_985,2019-12-03,0.266,0.27741003036499023
SourdoughGulch_WA_985,2019-12-04,0.266,0.27952611446380615
SourdoughGulch_WA_985,2019-12-05,0.273,0.2757599353790283
SourdoughGulch_WA_985,2019-12-06,0.29,0.277446448802948
SourdoughGulch_WA_985,2019-12-07,0.304,0.2822563946247101
SourdoughGulch_WA_985,2019-12-08,0.337,0.28439128398895264
SourdoughGulch_WA_985,2019-12-09,0.327,0.2959624230861664
SourdoughGulch_WA_985,2019-12-10,0.309,0.2965514361858368
SourdoughGulch_WA_985,2019-12-11,0.294,0.29995283484458923
SourdoughGulch_WA_985,2019-12-12,0.295,0.30942174792289734
SourdoughGulch_WA_985,2019-12-13,0.319,0.314474493265152
SourdoughGulch_WA_985,2019-12-14,0.325,0.31615743041038513
SourdoughGulch_WA_985,2019-12-15,0.312,0.31387221813201904
SourdoughGulch_WA_985,2019-12-16,0.306,0.2972986102104187
SourdoughGulch_WA_985,2019-12-17,0.296,0.29282450675964355
SourdoughGulch_WA_985,2019-12-18,0.285,0.2936285734176636
SourdoughGulch_WA_985,2019-12-19,0.281,0.29450440406799316
SourdoughGulch_WA_985,2019-12-20,0.279,0.30099958181381226
SourdoughGulch_WA_985,2019-12-21,0.332,0.3060941696166992
SourdoughGulch_WA_985,2019-12-22,0.333,0.305294930934906
SourdoughGulch_WA_985,2019-12-23,0.325,0.3126070499420166
SourdoughGulch_WA_985,2019-12-24,0.331,0.3132424056529999
SourdoughGulch_WA_985,2019-12-25,0.319,0.29918786883354187
SourdoughGulch_WA_985,2019-12-26,0.303,0.29723671078681946
SourdoughGulch_WA_985,2019-12-27,0.291,0.2907930910587311
SourdoughGulch_WA_985,2019-12-28,0.278,0.28241413831710815
SourdoughGulch_WA_985,2019-12-29,0.272,0.2804224193096161
SourdoughGulch_WA_985,2019-12-30,0.271,0.268671452999115
SourdoughGulch_WA_985,2019-12-31,0.276,0.2688625752925873
SourdoughGulch_WA_985,2020-01-01,0.303,0.3099844753742218
SourdoughGulch_WA_985,2020-01-02,0.339,0.31172892451286316
SourdoughGulch_WA_985,2020-01-03,0.33,0.31740641593933105
SourdoughGulch_WA_985,2020-01-04,0.329,0.316292405128479
SourdoughGulch_WA_985,2020-01-05,0.323,0.3163169026374817
SourdoughGulch_WA_985,2020-01-06,0.311,0.31608644127845764
SourdoughGulch_WA_985,2020-01-07,0.314,0.31752172112464905
SourdoughGulch_WA_985,2020-01-08,0.324,0.3200869560241699
SourdoughGulch_WA_985,2020-01-09,0.319,0.3202808201313019
SourdoughGulch_WA_985,2020-01-10,0.311,0.31789207458496094
SourdoughGulch_WA_985,2020-01-11,0.298,0.3158967196941376
SourdoughGulch_WA_985,2020-01-12,0.297,0.3172769844532013
SourdoughGulch_WA_985,2020-01-13,0.298,0.3154481053352356
SourdoughGulch_WA_985,2020-01-14,0.3,0.3073180913925171
SourdoughGulch_WA_985,2020-01-15,0.301,0.2921809256076813
SourdoughGulch_WA_985,2020-01-16,0.301,0.2909657657146454
SourdoughGulch_WA_985,2020-01-17,0.3,0.29304879903793335
SourdoughGulch_WA_985,2020-01-18,0.301,0.29337409138679504
SourdoughGulch_WA_985,2020-01-19,0.3,0.29514437913894653
SourdoughGulch_WA_985,2020-01-20,0.3,0.30582335591316223
SourdoughGulch_WA_985,2020-01-21,0.301,0.3074137270450592
SourdoughGulch_WA_985,2020-01-22,0.322,0.31233909726142883
SourdoughGulch_WA_985,2020-01-23,0.322,0.3194037079811096
SourdoughGulch_WA_985,2020-01-24,0.33,0.32283106446266174
SourdoughGulch_WA_985,2020-01-25,0.343,0.3258820176124573
SourdoughGulch_WA_985,2020-01-26,0.337,0.3308227062225342
SourdoughGulch_WA_985,2020-01-27,0.341,0.3272530436515808
SourdoughGulch_WA_985,2020-01-28,0.328,0.32973048090934753
SourdoughGulch_WA_985,2020-01-29,0.345,0.3329410254955292
SourdoughGulch_WA_985,2020-01-30,0.333,0.3336981534957886
SourdoughGulch_WA_985,2020-01-31,0.333,0.3328540325164795
SourdoughGulch_WA_985,2020-02-01,0.346,0.3328843116760254
SourdoughGulch_WA_985,2020-02-02,0.341,0.33192309737205505
SourdoughGulch_WA_985,2020-02-03,0.332,0.32979387044906616
SourdoughGulch_WA_985,2020-02-04,0.319,0.32787027955055237
SourdoughGulch_WA_985,2020-02-05,0.307,0.32311394810676575
SourdoughGulch_WA_985,2020-02-06,0.342,0.3331446051597595
SourdoughGulch_WA_985,2020-02-07,0.351,0.332609623670578
SourdoughGulch_WA_985,2020-02-08,0.343,0.3334651589393616
SourdoughGulch_WA_985,2020-02-09,0.333,0.33028990030288696
SourdoughGulch_WA_985,2020-02-10,0.328,0.3231405019760132
SourdoughGulch_WA_985,2020-02-11,0.321,0.320545494556427
SourdoughGulch_WA_985,2020-02-12,0.313,0.3123491108417511
SourdoughGulch_WA_985,2020-02-13,0.311,0.31564009189605713
SourdoughGulch_WA_985,2020-02-14,0.301,0.31751060485839844
SourdoughGulch_WA_985,2020-02-15,0.305,0.31934458017349243
SourdoughGulch_WA_985,2020-02-16,0.301,0.31606706976890564
SourdoughGulch_WA_985,2020-02-17,0.311,0.3152014911174774
SourdoughGulch_WA_985,2020-02-18,0.311,0.3116404712200165
SourdoughGulch_WA_985,2020-02-19,0.302,0.3092796206474304
SourdoughGulch_WA_985,2020-02-20,0.292,0.30784472823143005
SourdoughGulch_WA_985,2020-02-21,0.282,0.29801106452941895
SourdoughGulch_WA_985,2020-02-22,0.274,0.2925848960876465
SourdoughGulch_WA_985,2020-02-23,0.276,0.30236777663230896
SourdoughGulch_WA_985,2020-02-24,0.322,0.3190418779850006
SourdoughGulch_WA_985,2020-02-25,0.314,0.31757959723472595
SourdoughGulch_WA_985,2020-02-26,0.3,0.31977927684783936
SourdoughGulch_WA_985,2020-02-27,0.335,0.3162212669849396
SourdoughGulch_WA_985,2020-02-28,0.325,0.314841091632843
SourdoughGulch_WA_985,2020-02-29,0.336,0.31928738951683044
SourdoughGulch_WA_985,2020-03-01,0.33,0.32549145817756653
SourdoughGulch_WA_985,2020-03-02,0.315,0.3141477704048157
SourdoughGulch_WA_985,2020-03-03,0.307,0.31076928973197937
SourdoughGulch_WA_985,2020-03-04,0.328,0.31232911348342896
SourdoughGulch_WA_985,2020-03-05,0.324,0.3138312101364136
SourdoughGulch_WA_985,2020-03-06,0.324,0.31440144777297974
SourdoughGulch_WA_985,2020-03-07,0.321,0.32375815510749817
SourdoughGulch_WA_985,2020-03-08,0.318,0.32484233379364014
SourdoughGulch_WA_985,2020-03-09,0.314,0.3202228248119354
SourdoughGulch_WA_985,2020-03-10,0.312,0.3152370750904083
SourdoughGulch_WA_985,2020-03-11,0.31,0.31287264823913574
SourdoughGulch_WA_985,2020-03-12,0.314,0.30415764451026917
SourdoughGulch_WA_985,2020-03-13,0.304,0.3089722692966461
SourdoughGulch_WA_985,2020-03-14,0.301,0.31209251284599304
SourdoughGulch_WA_985,2020-03-15,0.302,0.31269311904907227
SourdoughGulch_WA_985,2020-03-16,0.304,0.31480899453163147
SourdoughGulch_WA_985,2020-03-17,0.306,0.31657418608665466
SourdoughGulch_WA_985,2020-03-18,0.34,0.3190698027610779
SourdoughGulch_WA_985,2020-03-19,0.336,0.31956323981285095
SourdoughGulch_WA_985,2020-03-20,0.331,0.31959912180900574
SourdoughGulch_WA_985,2020-03-21,0.327,0.31569904088974
SourdoughGulch_WA_985,2020-03-22,0.325,0.31026965379714966
SourdoughGulch_WA_985,2020-03-23,0.321,0.31023651361465454
SourdoughGulch_WA_985,2020-03-24,0.32,0.3106960654258728
SourdoughGulch_WA_985,2020-03-25,0.313,0.31019482016563416
SourdoughGulch_WA_985,2020-03-26,0.313,0.31092163920402527
SourdoughGulch_WA_985,2020-03-27,0.311,0.31032702326774597
SourdoughGulch_WA_985,2020-03-28,0.311,0.3104197680950165
SourdoughGulch_WA_985,2020-03-29,0.313,0.31399038434028625
SourdoughGulch_WA_985,2020-03-30,0.317,0.32639047503471375
SourdoughGulch_WA_985,2020-03-31,0.355,0.3306073844432831
SourdoughGulch_WA_985,2020-04-01,0.344,0.33708444237709045
SourdoughGulch_WA_985,2020-04-02,0.343,0.3364294767379761
SourdoughGulch_WA_985,2020-04-03,0.336,0.33625224232673645
SourdoughGulch_WA_985,2020-04-04,0.332,0.3345790207386017
SourdoughGulch_WA_985,2020-04-05,0.331,0.3320295214653015
SourdoughGulch_WA_985,2020-04-06,0.33,0.32860252261161804
SourdoughGulch_WA_985,2020-04-07,0.329,0.3285345435142517
SourdoughGulch_WA_985,2020-04-08,0.327,0.3270297050476074
SourdoughGulch_WA_985,2020-04-09,0.323,0.3212004005908966
SourdoughGulch_WA_985,2020-04-10,0.319,0.3149944245815277
SourdoughGulch_WA_985,2020-04-11,0.316,0.319682776927948
SourdoughGulch_WA_985,2020-04-12,0.307,0.3203555941581726
SourdoughGulch_WA_985,2020-04-13,0.3,0.31775426864624023
SourdoughGulch_WA_985,2020-04-14,0.295,0.3148144781589508
SourdoughGulch_WA_985,2020-04-15,0.294,0.3241032660007477
SourdoughGulch_WA_985,2020-04-16,0.341,0.3266066312789917
SourdoughGulch_WA_985,2020-04-17,0.336,0.32694366574287415
SourdoughGulch_WA_985,2020-04-18,0.332,0.32694366574287415
SourdoughGulch_WA_985,2020-04-19,0.324,0.3193628489971161
SourdoughGulch_WA_985,2020-04-20,0.32,0.31669697165489197
SourdoughGulch_WA_985,2020-04-21,0.319,0.32187893986701965
SourdoughGulch_WA_985,2020-04-22,0.316,0.3287282884120941
SourdoughGulch_WA_985,2020-04-23,0.307,0.3329572081565857
SourdoughGulch_WA_985,2020-04-24,0.349,0.34102702140808105
SourdoughGulch_WA_985,2020-04-25,0.34,0.3379119336605072
SourdoughGulch_WA_985,2020-04-26,0.336,0.3342868983745575
SourdoughGulch_WA_985,2020-04-27,0.334,0.3310870826244354
SourdoughGulch_WA_985,2020-04-28,0.327,0.29955336451530457
SourdoughGulch_WA_985,2020-04-29,0.32,0.29528653621673584
SourdoughGulch_WA_985,2020-04-30,0.314,0.29764077067375183
SourdoughGulch_WA_985,2020-05-01,0.308,0.29761552810668945
SourdoughGulch_WA_985,2020-05-02,0.307,0.3020265996456146
SourdoughGulch_WA_985,2020-05-03,0.301,0.30256834626197815
SourdoughGulch_WA_985,2020-05-04,0.299,0.2929948568344116
SourdoughGulch_WA_985,2020-05-05,0.296,0.2950042486190796
SourdoughGulch_WA_985,2020-05-06,0.292,0.29659783840179443
SourdoughGulch_WA_985,2020-05-07,0.284,0.29018253087997437
SourdoughGulch_WA_985,2020-05-08,0.284,0.2886234223842621
SourdoughGulch_WA_985,2020-05-09,0.28,0.2852277457714081
SourdoughGulch_WA_985,2020-05-10,0.274,0.2649499177932739
SourdoughGulch_WA_985,2020-05-11,0.265,0.2759626507759094
SourdoughGulch_WA_985,2020-05-12,0.254,0.28411993384361267
SourdoughGulch_WA_985,2020-05-13,0.322,0.3042146563529968
SourdoughGulch_WA_985,2020-05-14,0.313,0.3106541335582733
SourdoughGulch_WA_985,2020-05-15,0.35,0.3184817433357239
SourdoughGulch_WA_985,2020-05-16,0.347,0.3139374554157257
SourdoughGulch_WA_985,2020-05-17,0.342,0.33416876196861267
SourdoughGulch_WA_985,2020-05-18,0.341,0.3386349081993103
SourdoughGulch_WA_985,2020-05-19,0.339,0.3392881751060486
SourdoughGulch_WA_985,2020-05-20,0.354,0.34856003522872925
SourdoughGulch_WA_985,2020-05-21,0.369,0.345927357673645
SourdoughGulch_WA_985,2020-05-22,0.351,0.34661614894866943
SourdoughGulch_WA_985,2020-05-23,0.344,0.3462311923503876
SourdoughGulch_WA_985,2020-05-24,0.339,0.3418818414211273
SourdoughGulch_WA_985,2020-05-25,0.336,0.33914095163345337
SourdoughGulch_WA_985,2020-05-26,0.33,0.33966198563575745
SourdoughGulch_WA_985,2020-05-27,0.333,0.33872899413108826
SourdoughGulch_WA_985,2020-05-28,0.328,0.32673314213752747
SourdoughGulch_WA_985,2020-05-29,0.319,0.3258749842643738
SourdoughGulch_WA_985,2020-05-30,0.317,0.3249080777168274
SourdoughGulch_WA_985,2020-05-31,0.308,0.3376971483230591
SourdoughGulch_WA_985,2020-06-01,0.353,0.34582746028900146
SourdoughGulch_WA_985,2020-06-02,0.342,0.33322227001190186
SourdoughGulch_WA_985,2020-06-03,0.335,0.3338853418827057
SourdoughGulch_WA_985,2020-06-04,0.326,0.33137422800064087
SourdoughGulch_WA_985,2020-06-05,0.317,0.32877838611602783
SourdoughGulch_WA_985,2020-06-06,0.311,0.33164137601852417
SourdoughGulch_WA_985,2020-06-07,0.351,0.3304717540740967
SourdoughGulch_WA_985,2020-06-08,0.346,0.3380461037158966
SourdoughGulch_WA_985,2020-06-09,0.339,0.33601677417755127
SourdoughGulch_WA_985,2020-06-10,0.334,0.33821815252304077
SourdoughGulch_WA_985,2020-06-11,0.338,0.3374130129814148
SourdoughGulch_WA_985,2020-06-12,0.337,0.336886465549469
SourdoughGulch_WA_985,2020-06-13,0.33,0.33931398391723633
SourdoughGulch_WA_985,2020-06-14,0.364,0.34477874636650085
SourdoughGulch_WA_985,2020-06-15,0.352,0.35082945227622986
SourdoughGulch_WA_985,2020-06-16,0.351,0.3528558611869812
SourdoughGulch_WA_985,2020-06-17,0.357,0.3479551672935486
SourdoughGulch_WA_985,2020-06-18,0.352,0.34772437810897827
SourdoughGulch_WA_985,2020-06-19,0.347,0.3485269248485565
SourdoughGulch_WA_985,2020-06-20,0.342,0.3462512493133545
SourdoughGulch_WA_985,2020-06-21,0.337,0.34052351117134094
SourdoughGulch_WA_985,2020-06-22,0.338,0.334051251411438
SourdoughGulch_WA_985,2020-06-23,0.332,0.32386234402656555
SourdoughGulch_WA_985,2020-06-24,0.324,0.3142646253108978
SourdoughGulch_WA_985,2020-06-25,0.314,0.30930742621421814
SourdoughGulch_WA_985,2020-06-26,0.305,0.3042806386947632
SourdoughGulch_WA_985,2020-06-27,0.295,0.30368101596832275
SourdoughGulch_WA_985,2020-06-28,0.28,0.2997833788394928
SourdoughGulch_WA_985,2020-06-29,0.266,0.31531527638435364
SourdoughGulch_WA_985,2020-06-30,0.355,0.31875208020210266
SourdoughGulch_WA_985,2020-07-01,0.36,0.3210142254829407
SourdoughGulch_WA_985,2020-07-02,0.348,0.3210047483444214
SourdoughGulch_WA_985,2020-07-03,0.343,0.3204786777496338
SourdoughGulch_WA_985,2020-07-04,0.336,0.32060506939888
SourdoughGulch_WA_985,2020-07-05,0.327,0.31763020157814026
SourdoughGulch_WA_985,2020-07-06,0.319,0.30343329906463623
SourdoughGulch_WA_985,2020-07-07,0.312,0.3113492429256439
SourdoughGulch_WA_985,2020-07-08,0.305,0.30865079164505005
SourdoughGulch_WA_985,2020-07-09,0.301,0.30742889642715454
SourdoughGulch_WA_985,2020-07-10,0.294,0.30711978673934937
SourdoughGulch_WA_985,2020-07-11,0.292,0.30370596051216125
SourdoughGulch_WA_985,2020-07-12,0.289,0.3004204034805298
SourdoughGulch_WA_985,2020-07-13,0.277,0.2974964678287506
SourdoughGulch_WA_985,2020-07-14,0.269,0.2329205423593521
SourdoughGulch_WA_985,2020-07-15,0.26,0.23235052824020386
SourdoughGulch_WA_985,2020-07-16,0.249,0.2233683168888092
SourdoughGulch_WA_985,2020-07-17,0.238,0.21106581389904022
SourdoughGulch_WA_985,2020-07-18,0.22,0.20756179094314575
SourdoughGulch_WA_985,2020-07-19,0.216,0.19576452672481537
SourdoughGulch_WA_985,2020-07-20,0.203,0.19081231951713562
SourdoughGulch_WA_985,2020-07-21,0.191,0.18557889759540558
SourdoughGulch_WA_985,2020-07-22,0.185,0.17526446282863617
SourdoughGulch_WA_985,2020-07-23,0.179,0.16815687716007233
SourdoughGulch_WA_985,2020-07-24,0.17,0.16631945967674255
SourdoughGulch_WA_985,2020-07-25,0.166,0.1610010266304016
SourdoughGulch_WA_985,2020-07-26,0.162,0.16240662336349487
SourdoughGulch_WA_985,2020-07-27,0.159,0.14979048073291779
SourdoughGulch_WA_985,2020-07-28,0.156,0.1528375893831253
SourdoughGulch_WA_985,2020-07-29,0.15,0.14657476544380188
SourdoughGulch_WA_985,2020-07-30,0.15,0.1443554013967514
SourdoughGulch_WA_985,2020-07-31,0.149,0.14089274406433105
SourdoughGulch_WA_985,2020-08-01,0.148,0.13928888738155365
SourdoughGulch_WA_985,2020-08-02,0.138,0.1396826058626175
SourdoughGulch_WA_985,2020-08-03,0.139,0.13561531901359558
SourdoughGulch_WA_985,2020-08-04,0.138,0.12862473726272583
SourdoughGulch_WA_985,2020-08-05,0.133,0.12539082765579224
SourdoughGulch_WA_985,2020-08-06,0.133,0.12285327911376953
SourdoughGulch_WA_985,2020-08-07,0.127,0.12366551905870438
SourdoughGulch_WA_985,2020-08-08,0.123,0.12284266203641891
SourdoughGulch_WA_985,2020-08-09,0.123,0.1198839545249939
SourdoughGulch_WA_985,2020-08-10,0.122,0.11376426368951797
SourdoughGulch_WA_985,2020-08-11,0.126,0.11331857740879059
SourdoughGulch_WA_985,2020-08-12,0.125,0.11875537782907486
SourdoughGulch_WA_985,2020-08-13,0.117,0.11879659444093704
SourdoughGulch_WA_985,2020-08-14,0.121,0.11876405775547028
SourdoughGulch_WA_985,2020-08-15,0.117,0.11876405775547028
SourdoughGulch_WA_985,2020-08-16,0.121,0.11359866708517075
SourdoughGulch_WA_985,2020-08-17,0.12,0.11700253933668137
SourdoughGulch_WA_985,2020-08-18,0.118,0.11375404894351959
SourdoughGulch_WA_985,2020-08-19,0.115,0.11429095268249512
SourdoughGulch_WA_985,2020-08-20,0.106,0.11403237283229828
SourdoughGulch_WA_985,2020-08-21,0.109,0.10084738582372665
SourdoughGulch_WA_985,2020-08-22,0.109,0.10138730704784393
SourdoughGulch_WA_985,2020-08-23,0.109,0.10151511430740356
SourdoughGulch_WA_985,2020-08-24,0.111,0.10487975925207138
SourdoughGulch_WA_985,2020-08-25,0.103,0.10670922696590424
SourdoughGulch_WA_985,2020-08-26,0.106,0.09866410493850708
SourdoughGulch_WA_985,2020-08-27,0.106,0.09866410493850708
SourdoughGulch_WA_985,2020-08-28,0.104,0.09866410493850708
SourdoughGulch_WA_985,2020-08-29,0.104,0.09526052325963974
SourdoughGulch_WA_985,2020-08-30,0.098,0.09349074214696884
SourdoughGulch_WA_985,2020-08-31,0.096,0.09377892315387726
SourdoughGulch_WA_985,2020-09-01,0.091,0.09333116561174393
SourdoughGulch_WA_985,2020-09-02,0.091,0.09288689494132996
SourdoughGulch_WA_985,2020-09-03,0.096,0.09288689494132996
SourdoughGulch_WA_985,2020-09-04,0.091,0.09253238141536713
SourdoughGulch_WA_985,2020-09-05,0.094,0.0930388867855072
SourdoughGulch_WA_985,2020-09-06,0.092,0.0930388867855072
SourdoughGulch_WA_985,2020-09-07,0.09,0.07804348319768906
SourdoughGulch_WA_985,2020-09-08,0.081,0.07728990912437439
SourdoughGulch_WA_985,2020-09-09,0.075,0.08097027987241745
SourdoughGulch_WA_985,2020-09-10,0.073,0.0802699625492096
SourdoughGulch_WA_985,2020-09-11,0.077,0.0802699625492096
SourdoughGulch_WA_985,2020-09-12,0.074,0.07966432720422745
SourdoughGulch_WA_985,2020-09-13,0.073,0.07963564991950989
SourdoughGulch_WA_985,2020-09-14,0.073,0.07590676844120026
SourdoughGulch_WA_985,2020-09-15,0.075,0.07652828097343445
SourdoughGulch_WA_985,2020-09-16,0.07,0.07092523574829102
SourdoughGulch_WA_985,2020-09-17,0.069,0.07062633335590363
SourdoughGulch_WA_985,2020-09-18,0.071,0.07062633335590363
SourdoughGulch_WA_985,2020-09-19,0.071,0.06835436075925827
SourdoughGulch_WA_985,2020-09-20,0.068,0.06963486224412918
SourdoughGulch_WA_985,2020-09-21,0.067,0.06976044178009033
SourdoughGulch_WA_985,2020-09-22,0.068,0.06373078376054764
SourdoughGulch_WA_985,2020-09-23,0.073,0.0763220563530922
SourdoughGulch_WA_985,2020-09-24,0.074,0.0847056433558464
SourdoughGulch_WA_985,2020-09-25,0.071,0.09767220914363861
SourdoughGulch_WA_985,2020-09-26,0.072,0.10747821629047394
SourdoughGulch_WA_985,2020-09-27,0.208,0.15742233395576477
SourdoughGulch_WA_985,2020-09-28,0.195,0.17764711380004883
SourdoughGulch_WA_985,2020-09-29,0.186,0.17659680545330048
SourdoughGulch_WA_985,2020-09-30,0.179,0.1685032844543457
SourdoughGulch_WA_985,2020-10-01,0.178,0.16796757280826569
SourdoughGulch_WA_985,2020-10-02,0.17,0.16388416290283203
SourdoughGulch_WA_985,2020-10-03,0.161,0.15414287149906158
SourdoughGulch_WA_985,2020-10-04,0.156,0.148221954703331
SourdoughGulch_WA_985,2020-10-05,0.147,0.13713441789150238
SourdoughGulch_WA_985,2020-10-06,0.143,0.13736246526241302
SourdoughGulch_WA_985,2020-10-07,0.139,0.13736839592456818
SourdoughGulch_WA_985,2020-10-08,0.139,0.13401161134243011
SourdoughGulch_WA_985,2020-10-09,0.129,0.13199511170387268
SourdoughGulch_WA_985,2020-10-10,0.122,0.12750144302845
SourdoughGulch_WA_985,2020-10-11,0.117,0.13078641891479492
SourdoughGulch_WA_985,2020-10-12,0.109,0.1623510867357254
SourdoughGulch_WA_985,2020-10-13,0.174,0.19982782006263733
SourdoughGulch_WA_985,2020-10-14,0.325,0.25030410289764404
SourdoughGulch_WA_985,2020-10-15,0.285,0.25197434425354004
SourdoughGulch_WA_985,2020-10-16,0.27,0.2531893253326416
SourdoughGulch_WA_985,2020-10-17,0.266,0.25314971804618835
SourdoughGulch_WA_985,2020-10-18,0.26,0.234325110912323
SourdoughGulch_WA_985,2020-10-19,0.255,0.2600577175617218
SourdoughGulch_WA_985,2020-10-20,0.249,0.2594294846057892
SourdoughGulch_WA_985,2020-10-21,0.243,0.25136828422546387
SourdoughGulch_WA_985,2020-10-22,0.232,0.2498343586921692
SourdoughGulch_WA_985,2020-10-23,0.227,0.25076183676719666
SourdoughGulch_WA_985,2020-10-24,0.221,0.2575334310531616
SourdoughGulch_WA_985,2020-10-25,0.317,0.26760751008987427
SourdoughGulch_WA_985,2020-10-26,0.288,0.2893171012401581
SourdoughGulch_WA_985,2020-10-27,0.265,0.2869032919406891
SourdoughGulch_WA_985,2020-10-28,0.258,0.2870531678199768
SourdoughGulch_WA_985,2020-10-29,0.305,0.2881409227848053
SourdoughGulch_WA_985,2020-10-30,0.302,0.29127293825149536
SourdoughGulch_WA_985,2020-10-31,0.298,0.28062888979911804
SourdoughGulch_WA_985,2020-11-01,0.286,0.27451518177986145
SourdoughGulch_WA_985,2020-11-02,0.282,0.2737172245979309
SourdoughGulch_WA_985,2020-11-03,0.278,0.27218642830848694
SourdoughGulch_WA_985,2020-11-04,0.278,0.2736448049545288
SourdoughGulch_WA_985,2020-11-05,0.277,0.28298354148864746
SourdoughGulch_WA_985,2020-11-06,0.275,0.30487558245658875
SourdoughGulch_WA_985,2020-11-07,0.348,0.3181798458099365
SourdoughGulch_WA_985,2020-11-08,0.334,0.3250429034233093
SourdoughGulch_WA_985,2020-11-09,0.325,0.3285239338874817
SourdoughGulch_WA_985,2020-11-10,0.326,0.3264601230621338
SourdoughGulch_WA_985,2020-11-11,0.327,0.32692450284957886
SourdoughGulch_WA_985,2020-11-12,0.328,0.32009315490722656
SourdoughGulch_WA_985,2020-11-13,0.328,0.32384192943573
SourdoughGulch_WA_985,2020-11-14,0.329,0.32198989391326904
SourdoughGulch_WA_985,2020-11-15,0.331,0.3247736692428589
SourdoughGulch_WA_985,2020-11-16,0.331,0.32522082328796387
SourdoughGulch_WA_985,2020-11-17,0.361,0.32399994134902954
SourdoughGulch_WA_985,2020-11-18,0.351,0.32744938135147095
SourdoughGulch_WA_985,2020-11-19,0.353,0.3279024064540863
SourdoughGulch_WA_985,2020-11-20,0.334,0.32757362723350525
SourdoughGulch_WA_985,2020-11-21,0.321,0.3241768777370453
SourdoughGulch_WA_985,2020-11-22,0.308,0.3161567747592926
SourdoughGulch_WA_985,2020-11-23,0.295,0.30930817127227783
SourdoughGulch_WA_985,2020-11-24,0.297,0.30289238691329956
SourdoughGulch_WA_985,2020-11-25,0.3,0.30706775188446045
SourdoughGulch_WA_985,2020-11-26,0.299,0.2914707660675049
SourdoughGulch_WA_985,2020-11-27,0.299,0.2902955412864685
SourdoughGulch_WA_985,2020-11-28,0.293,0.2897679805755615
SourdoughGulch_WA_985,2020-11-29,0.291,0.28193873167037964
SourdoughGulch_WA_985,2020-11-30,0.29,0.2806173861026764
SourdoughGulch_WA_985,2020-12-01,0.285,0.28126761317253113
SourdoughGulch_WA_985,2020-12-02,0.279,0.27761486172676086
SourdoughGulch_WA_985,2020-12-03,0.263,0.2627284824848175
SourdoughGulch_WA_985,2020-12-04,0.246,0.2501814067363739
SourdoughGulch_WA_985,2020-12-05,0.222,0.24682722985744476
SourdoughGulch_WA_985,2020-12-06,0.188,0.24379710853099823
SourdoughGulch_WA_985,2020-12-07,0.177,0.23143553733825684
SourdoughGulch_WA_985,2020-12-08,0.155,0.2240651398897171
SourdoughGulch_WA_985,2020-12-09,0.195,0.23253479599952698
SourdoughGulch_WA_985,2020-12-10,0.258,0.2470615953207016
SourdoughGulch_WA_985,2020-12-11,0.282,0.26044926047325134
SourdoughGulch_WA_985,2020-12-12,0.273,0.26352906227111816
SourdoughGulch_WA_985,2020-12-13,0.249,0.2664044499397278
SourdoughGulch_WA_985,2020-12-14,0.219,0.23862867057323456
SourdoughGulch_WA_985,2020-12-15,0.221,0.2480989694595337
SourdoughGulch_WA_985,2020-12-16,0.224,0.2557338774204254
SourdoughGulch_WA_985,2020-12-17,0.238,0.2639392614364624
SourdoughGulch_WA_985,2020-12-18,0.258,0.2693605124950409
SourdoughGulch_WA_985,2020-12-19,0.283,0.2722269892692566
SourdoughGulch_WA_985,2020-12-20,0.314,0.28530725836753845
SourdoughGulch_WA_985,2020-12-21,0.35,0.308998703956604
SourdoughGulch_WA_985,2020-12-22,0.35,0.3110400140285492
SourdoughGulch_WA_985,2020-12-23,0.339,0.3143790662288666
SourdoughGulch_WA_985,2020-12-24,0.322,0.3101550042629242
SourdoughGulch_WA_985,2020-12-25,0.307,0.30904528498649597
SourdoughGulch_WA_985,2020-12-26,0.3,0.30879688262939453
SourdoughGulch_WA_985,2020-12-27,0.307,0.30687686800956726
SourdoughGulch_WA_985,2020-12-28,0.301,0.30018484592437744
SourdoughGulch_WA_985,2020-12-29,0.285,0.2976178824901581
SourdoughGulch_WA_985,2020-12-30,0.27,0.2991960048675537
SourdoughGulch_WA_985,2020-12-31,0.262,0.30450502038002014
Spokane,2019-01-01,0.299,0.28480151295661926
Spokane,2019-01-05,0.301,0.28377145528793335
Spokane,2019-01-06,0.304,0.28706881403923035
Spokane,2019-01-07,0.303,0.2840193510055542
Spokane,2019-01-08,0.299,0.2897663116455078
Spokane,2019-01-10,0.319,0.29316475987434387
Spokane,2019-01-11,0.313,0.29530733823776245
Spokane,2019-01-12,0.308,0.28944486379623413
Spokane,2019-01-13,0.306,0.28920263051986694
Spokane,2019-01-14,0.301,0.2793576121330261
Spokane,2019-04-02,0.298,0.30377593636512756
Spokane,2019-04-03,0.298,0.3097507357597351
Spokane,2019-04-04,0.296,0.3104594647884369
Spokane,2019-04-05,0.301,0.30771395564079285
Spokane,2019-04-06,0.308,0.31524258852005005
Spokane,2019-04-07,0.319,0.31444051861763
Spokane,2019-04-08,0.314,0.30905938148498535
Spokane,2019-04-09,0.335,0.32106348872184753
Spokane,2019-04-10,0.32,0.3206115663051605
Spokane,2019-04-11,0.312,0.31303009390830994
Spokane,2019-04-12,0.314,0.31208112835884094
Spokane,2019-04-13,0.319,0.31085115671157837
Spokane,2019-04-14,0.316,0.3100022077560425
Spokane,2019-04-15,0.31,0.3088025450706482
Spokane,2019-04-16,0.307,0.3052797019481659
Spokane,2019-04-17,0.302,0.3031139671802521
Spokane,2019-04-18,0.298,0.3032775819301605
Spokane,2019-04-19,0.296,0.30483102798461914
Spokane,2019-04-20,0.298,0.3051246702671051
Spokane,2019-04-21,0.295,0.29494422674179077
Spokane,2019-04-22,0.291,0.2934163212776184
Spokane,2019-04-23,0.287,0.2840183675289154
Spokane,2019-04-24,0.283,0.2810502052307129
Spokane,2019-04-25,0.279,0.2820919156074524
Spokane,2019-04-26,0.284,0.28307074308395386
Spokane,2019-04-27,0.282,0.2812345623970032
Spokane,2019-04-28,0.278,0.2814144492149353
Spokane,2019-04-29,0.274,0.28300830721855164
Spokane,2019-04-30,0.27,0.2442675679922104
Spokane,2019-05-01,0.266,0.24122372269630432
Spokane,2019-05-02,0.262,0.23131951689720154
Spokane,2019-05-03,0.258,0.24224872887134552
Spokane,2019-05-04,0.254,0.23542101681232452
Spokane,2019-05-05,0.249,0.2331806868314743
Spokane,2019-05-06,0.243,0.22695893049240112
Spokane,2019-05-07,0.243,0.22646234929561615
Spokane,2019-05-08,0.235,0.22538334131240845
Spokane,2019-05-09,0.228,0.2235725075006485
Spokane,2019-05-10,0.22,0.21791411936283112
Spokane,2019-05-11,0.213,0.21363113820552826
Spokane,2019-05-12,0.204,0.20687223970890045
Spokane,2019-05-13,0.197,0.19764444231987
Spokane,2019-05-14,0.192,0.1913742572069168
Spokane,2019-05-15,0.19,0.1805790811777115
Spokane,2019-05-16,0.213,0.2058497667312622
Spokane,2019-05-17,0.264,0.23040640354156494
Spokane,2019-05-18,0.266,0.24749474227428436
Spokane,2019-05-19,0.257,0.24762119352817535
Spokane,2019-05-20,0.249,0.2455735057592392
Spokane,2019-05-21,0.244,0.24062272906303406
Spokane,2019-05-22,0.238,0.23566032946109772
Spokane,2019-05-23,0.231,0.23121792078018188
Spokane,2019-05-24,0.231,0.23788033425807953
Spokane,2019-05-25,0.23,0.23289445042610168
Spokane,2019-05-26,0.261,0.2390463948249817
Spokane,2019-05-27,0.248,0.240750253200531
Spokane,2019-05-28,0.239,0.22674094140529633
Spokane,2019-05-29,0.23,0.22374437749385834
Spokane,2019-05-30,0.225,0.22215759754180908
Spokane,2019-05-31,0.224,0.21818113327026367
Spokane,2019-06-01,0.212,0.21440090239048004
Spokane,2019-06-02,0.202,0.19540981948375702
Spokane,2019-06-03,0.191,0.18891151249408722
Spokane,2019-06-04,0.182,0.18177899718284607
Spokane,2019-06-05,0.178,0.17965957522392273
Spokane,2019-06-06,0.187,0.18517731130123138
Spokane,2019-06-07,0.179,0.1792844980955124
Spokane,2019-06-08,0.174,0.1782071888446808
Spokane,2019-06-09,0.17,0.17151278257369995
Spokane,2019-06-10,0.163,0.16472169756889343
Spokane,2019-06-11,0.154,0.15802094340324402
Spokane,2019-06-12,0.145,0.1511838436126709
Spokane,2019-06-13,0.135,0.14049513638019562
Spokane,2019-06-14,0.125,0.15044531226158142
Spokane,2019-06-15,0.117,0.12570413947105408
Spokane,2019-06-16,0.109,0.11523067951202393
Spokane,2019-06-17,0.102,0.113785021007061
Spokane,2019-06-18,0.095,0.10220007598400116
Spokane,2019-06-19,0.089,0.09877194464206696
Spokane,2019-06-20,0.084,0.08853352069854736
Spokane,2019-06-21,0.081,0.08912457525730133
Spokane,2019-06-22,0.081,0.08093973994255066
Spokane,2019-06-23,0.078,0.07974004745483398
Spokane,2019-06-24,0.076,0.07302836328744888
Spokane,2019-06-25,0.072,0.07239191234111786
Spokane,2019-06-26,0.069,0.0744551420211792
Spokane,2019-06-27,0.066,0.0742422416806221
Spokane,2019-06-28,0.066,0.0748496875166893
Spokane,2019-06-29,0.067,0.07354627549648285
Spokane,2019-06-30,0.068,0.07330409437417984
Spokane,2019-07-01,0.068,0.0722094476222992
Spokane,2019-07-02,0.066,0.06829680502414703
Spokane,2019-07-03,0.063,0.06556714326143265
Spokane,2019-07-04,0.06,0.05830870941281319
Spokane,2019-07-05,0.057,0.053772732615470886
Spokane,2019-07-06,0.055,0.053934067487716675
Spokane,2019-07-07,0.052,0.05300797149538994
Spokane,2019-07-08,0.048,0.05127077177166939
Spokane,2019-07-09,0.046,0.05184503644704819
Spokane,2019-07-10,0.044,0.054724399000406265
Spokane,2019-07-11,0.042,0.0520930290222168
Spokane,2019-07-12,0.041,0.04656476527452469
Spokane,2019-07-13,0.04,0.04660090059041977
Spokane,2019-07-14,0.037,0.04271514341235161
Spokane,2019-07-15,0.034,0.0390201136469841
Spokane,2019-07-16,0.034,0.04099010303616524
Spokane,2019-07-17,0.035,0.03982309252023697
Spokane,2019-07-18,0.038,0.03970121964812279
Spokane,2019-07-19,0.04,0.03994818404316902
Spokane,2019-07-20,0.042,0.038599129766225815
Spokane,2019-07-21,0.044,0.04359428957104683
Spokane,2019-07-22,0.044,0.04774538427591324
Spokane,2019-07-23,0.044,0.04656872898340225
Spokane,2019-07-24,0.043,0.04823413863778114
Spokane,2019-07-25,0.046,0.05083908885717392
Spokane,2019-07-26,0.051,0.051228709518909454
Spokane,2019-07-27,0.054,0.05161263793706894
Spokane,2019-07-28,0.053,0.050967682152986526
Spokane,2019-07-29,0.052,0.049084894359111786
Spokane,2019-07-30,0.05,0.048689600080251694
Spokane,2019-07-31,0.048,0.04783881455659866
Spokane,2019-08-01,0.046,0.04583591967821121
Spokane,2019-08-02,0.043,0.044015444815158844
Spokane,2019-08-03,0.039,0.04286893829703331
Spokane,2019-08-04,0.037,0.042482540011405945
Spokane,2019-08-05,0.035,0.038596708327531815
Spokane,2019-08-06,0.033,0.038596708327531815
Spokane,2019-08-07,0.031,0.038826871663331985
Spokane,2019-08-08,0.03,0.038826871663331985
Spokane,2019-08-09,0.028,0.042695969343185425
Spokane,2019-08-10,0.029,0.04303353652358055
Spokane,2019-08-11,0.046,0.05386313050985336
Spokane,2019-08-12,0.131,0.0818282961845398
Spokane,2019-08-13,0.121,0.08948781341314316
Spokane,2019-08-14,0.112,0.09427071362733841
Spokane,2019-08-15,0.105,0.09271346777677536
Spokane,2019-08-16,0.098,0.09161324054002762
Spokane,2019-08-17,0.093,0.08348873257637024
Spokane,2019-08-18,0.087,0.07282334566116333
Spokane,2019-08-19,0.082,0.059949684888124466
Spokane,2019-08-20,0.077,0.050643108785152435
Spokane,2019-08-21,0.072,0.051065776497125626
Spokane,2019-08-22,0.067,0.05567196384072304
Spokane,2019-08-23,0.063,0.0622512623667717
Spokane,2019-08-24,0.06,0.06267323344945908
Spokane,2019-08-25,0.056,0.05721122398972511
Spokane,2019-08-26,0.052,0.05083674564957619
Spokane,2019-08-27,0.049,0.04715079441666603
Spokane,2019-08-28,0.046,0.0442153625190258
Spokane,2019-08-29,0.042,0.043323200196027756
Spokane,2019-08-30,0.042,0.04240686818957329
Spokane,2019-08-31,0.042,0.042938102036714554
Spokane,2019-09-01,0.041,0.042938102036714554
Spokane,2019-09-02,0.038,0.035509057343006134
Spokane,2019-09-03,0.036,0.03456152230501175
Spokane,2019-09-04,0.035,0.0342719629406929
Spokane,2019-09-05,0.033,0.0341249480843544
Spokane,2019-09-06,0.032,0.03912173584103584
Spokane,2019-09-07,0.034,0.04048488661646843
Spokane,2019-09-08,0.035,0.04664672911167145
Spokane,2019-09-09,0.072,0.07531964033842087
Spokane,2019-09-10,0.129,0.09626460075378418
Spokane,2019-09-11,0.126,0.10093807429075241
Spokane,2019-09-12,0.122,0.104563407599926
Spokane,2019-09-13,0.117,0.10531014204025269
Spokane,2019-09-14,0.112,0.09948575496673584
Spokane,2019-09-15,0.107,0.09542673826217651
Spokane,2019-09-16,0.103,0.09457888454198837
Spokane,2019-09-17,0.099,0.0956350713968277
Spokane,2019-09-18,0.097,0.09515088051557541
Spokane,2019-09-19,0.095,0.08994311839342117
Spokane,2019-09-20,0.093,0.08939255028963089
Spokane,2019-09-21,0.092,0.08994311839342117
Spokane,2019-09-22,0.091,0.07810080796480179
Spokane,2019-09-23,0.091,0.09103373438119888
Spokane,2019-09-24,0.089,0.09251060336828232
Spokane,2019-09-25,0.087,0.09441475570201874
Spokane,2019-09-26,0.085,0.09211612492799759
Spokane,2019-09-27,0.083,0.09943543374538422
Spokane,2019-09-28,0.145,0.13766278326511383
Spokane,2019-09-29,0.196,0.14930914342403412
Spokane,2019-09-30,0.178,0.16866286098957062
Spokane,2019-10-01,0.166,0.16656053066253662
Spokane,2019-10-02,0.158,0.16192278265953064
Spokane,2019-10-03,0.154,0.1594708114862442
Spokane,2019-10-04,0.151,0.156874880194664
Spokane,2019-10-05,0.148,0.15811993181705475
Spokane,2019-10-06,0.144,0.15119265019893646
Spokane,2019-10-07,0.142,0.15419112145900726
Spokane,2019-10-08,0.139,0.15201106667518616
Spokane,2019-10-09,0.164,0.1547631472349167
Spokane,2019-10-10,0.166,0.15550409257411957
Spokane,2019-10-11,0.16,0.15460936725139618
Spokane,2019-10-12,0.156,0.15456804633140564
Spokane,2019-10-13,0.154,0.1519111543893814
Spokane,2019-10-14,0.151,0.15106923878192902
Spokane,2019-10-15,0.147,0.15109337866306305
Spokane,2019-10-16,0.146,0.15232519805431366
Spokane,2019-10-17,0.144,0.15526127815246582
Spokane,2019-10-18,0.148,0.1603693813085556
Spokane,2019-10-19,0.193,0.17663578689098358
Spokane,2019-10-20,0.196,0.17645931243896484
Spokane,2019-10-21,0.195,0.21148672699928284
Spokane,2019-10-22,0.207,0.20871159434318542
Spokane,2019-10-23,0.193,0.20354622602462769
Spokane,2019-10-25,0.182,0.1909700334072113
Spokane,2019-10-26,0.184,0.19110004603862762
Spokane,2019-10-27,0.18,0.2095758020877838
Spokane,2019-10-28,0.179,0.19938281178474426
Spokane,2019-10-29,0.17,0.19140657782554626
Spokane,2019-10-30,0.163,0.1864451766014099
Spokane,2019-10-31,0.165,0.18487834930419922
Spokane,2019-11-04,0.166,0.17988456785678864
Spokane,2019-11-05,0.165,0.17936842143535614
Spokane,2019-11-06,0.164,0.1775989532470703
Spokane,2019-11-07,0.16,0.17975395917892456
Spokane,2019-11-08,0.161,0.18085892498493195
Spokane,2019-11-09,0.166,0.18774425983428955
Spokane,2019-11-10,0.172,0.1926952302455902
Spokane,2019-11-11,0.167,0.18480335175991058
Spokane,2019-11-12,0.17,0.18446673452854156
Spokane,2019-11-13,0.175,0.18452340364456177
Spokane,2019-11-14,0.173,0.18095766007900238
Spokane,2019-11-15,0.177,0.18900389969348907
Spokane,2019-11-16,0.18,0.18813355267047882
Spokane,2019-11-17,0.207,0.19192934036254883
Spokane,2019-11-18,0.208,0.2061464488506317
Spokane,2019-11-19,0.203,0.20576637983322144
Spokane,2019-11-20,0.2,0.2061106264591217
Spokane,2019-11-21,0.193,0.20502130687236786
Spokane,2019-11-22,0.185,0.19957703351974487
Spokane,2019-11-23,0.18,0.1920866221189499
Spokane,2019-11-24,0.184,0.2040199637413025
Spokane,2019-11-25,0.18,0.21788763999938965
Spokane,2019-12-24,0.265,0.26432734727859497
Spokane,2019-12-25,0.263,0.2586698830127716
Spokane,2019-12-26,0.262,0.25599396228790283
Spokane,2019-12-27,0.259,0.2514375150203705
Spokane,2019-12-28,0.259,0.25726810097694397
Spokane,2019-12-29,0.259,0.25464311242103577
Spokane,2019-12-30,0.262,0.25768429040908813
Spokane,2019-12-31,0.275,0.2647319436073303
Spokane,2020-01-01,0.287,0.27026069164276123
Spokane,2020-01-02,0.28,0.2740984559059143
Spokane,2020-01-03,0.281,0.27741220593452454
Spokane,2020-01-04,0.278,0.2702091336250305
Spokane,2020-01-05,0.275,0.2747039794921875
Spokane,2020-01-06,0.282,0.28239381313323975
Spokane,2020-01-07,0.289,0.28532978892326355
Spokane,2020-01-08,0.286,0.28728362917900085
Spokane,2020-01-09,0.282,0.28795430064201355
Spokane,2020-01-10,0.275,0.2881474196910858
Spokane,2020-01-11,0.295,0.29022470116615295
Spokane,2020-01-12,0.297,0.29285070300102234
Spokane,2020-01-13,0.294,0.3015432059764862
Spokane,2020-01-14,0.297,0.2978660762310028
Spokane,2020-01-15,0.295,0.2924894392490387
Spokane,2020-01-16,0.294,0.2869039475917816
Spokane,2020-01-17,0.289,0.2807648181915283
Spokane,2020-01-18,0.287,0.2863365411758423
Spokane,2020-01-19,0.289,0.2878347635269165
Spokane,2020-01-20,0.29,0.28887510299682617
Spokane,2020-01-21,0.291,0.29268401861190796
Spokane,2020-01-22,0.295,0.29456523060798645
Spokane,2020-01-23,0.328,0.31262660026550293
Spokane,2020-01-24,0.342,0.31381019949913025
Spokane,2020-01-25,0.319,0.3128992021083832
Spokane,2020-01-26,0.317,0.30969417095184326
Spokane,2020-01-27,0.313,0.30795735120773315
Spokane,2020-01-28,0.328,0.31437307596206665
Spokane,2020-01-29,0.319,0.31471142172813416
Spokane,2020-01-30,0.315,0.3145703077316284
Spokane,2020-01-31,0.312,0.3107336163520813
Spokane,2020-02-01,0.309,0.3053116798400879
Spokane,2020-02-02,0.304,0.3052944839000702
Spokane,2020-02-03,0.291,0.2944015860557556
Spokane,2020-02-04,0.281,0.2913094460964203
Spokane,2020-02-05,0.295,0.2972137928009033
Spokane,2020-02-06,0.309,0.3092791438102722
Spokane,2020-02-07,0.33,0.3114679753780365
Spokane,2020-02-08,0.332,0.3131396472454071
Spokane,2020-02-09,0.321,0.3102867305278778
Spokane,2020-02-10,0.32,0.30446282029151917
Spokane,2020-02-11,0.317,0.30199697613716125
Spokane,2020-02-15,0.309,0.2933093309402466
Spokane,2020-02-16,0.307,0.29319465160369873
Spokane,2020-02-17,0.3,0.2964564561843872
Spokane,2020-02-18,0.307,0.29605117440223694
Spokane,2020-03-04,0.279,0.2748772203922272
Spokane,2020-03-05,0.278,0.27135831117630005
Spokane,2020-03-06,0.279,0.27658721804618835
Spokane,2020-03-07,0.294,0.29292935132980347
Spokane,2020-03-08,0.294,0.2951257526874542
Spokane,2020-03-09,0.291,0.29358142614364624
Spokane,2020-03-10,0.289,0.2866823673248291
Spokane,2020-03-11,0.289,0.2805495858192444
Spokane,2020-03-12,0.285,0.27741318941116333
Spokane,2020-03-13,0.285,0.283405601978302
Spokane,2020-03-14,0.284,0.2841862440109253
Spokane,2020-03-15,0.283,0.2889494299888611
Spokane,2020-03-16,0.287,0.2932663559913635
Spokane,2020-03-17,0.287,0.289313942193985
Spokane,2020-03-18,0.286,0.28273898363113403
Spokane,2020-03-19,0.284,0.27952009439468384
Spokane,2020-03-20,0.282,0.2790032625198364
Spokane,2020-03-21,0.28,0.276606947183609
Spokane,2020-03-22,0.278,0.271409273147583
Spokane,2020-03-23,0.277,0.2732453942298889
Spokane,2020-03-24,0.276,0.2737608253955841
Spokane,2020-03-25,0.28,0.28168779611587524
Spokane,2020-03-26,0.282,0.2825782597064972
Spokane,2020-03-27,0.281,0.2826215326786041
Spokane,2020-03-28,0.28,0.27856555581092834
Spokane,2020-03-29,0.279,0.2802019417285919
Spokane,2020-03-30,0.281,0.2814115583896637
Spokane,2020-03-31,0.285,0.28710392117500305
Spokane,2020-04-01,0.288,0.28826794028282166
Spokane,2020-04-02,0.291,0.2906169295310974
Spokane,2020-04-03,0.288,0.2840437591075897
Spokane,2020-04-04,0.285,0.28410351276397705
Spokane,2020-04-05,0.288,0.2792385220527649
Spokane,2020-04-06,0.286,0.2806818187236786
Spokane,2020-04-07,0.283,0.279017835855484
Spokane,2020-04-08,0.28,0.27606698870658875
Spokane,2020-04-09,0.277,0.26919981837272644
Spokane,2020-04-10,0.274,0.2684217691421509
Spokane,2020-04-11,0.27,0.2682747542858124
Spokane,2020-04-12,0.267,0.2633351981639862
Spokane,2020-04-13,0.264,0.26466649770736694
Spokane,2020-04-14,0.262,0.2603937089443207
Spokane,2020-04-15,0.261,0.2535969018936157
Spokane,2020-04-16,0.257,0.2541513442993164
Spokane,2020-04-17,0.254,0.2541513442993164
Spokane,2020-04-18,0.251,0.25231003761291504
Spokane,2020-04-19,0.25,0.24432061612606049
Spokane,2020-04-20,0.247,0.23992016911506653
Spokane,2020-04-21,0.242,0.23583146929740906
Spokane,2020-04-22,0.243,0.2443290501832962
Spokane,2020-04-23,0.25,0.24530428647994995
Spokane,2020-04-24,0.246,0.24580137431621552
Spokane,2020-04-25,0.244,0.24526965618133545
Spokane,2020-04-26,0.241,0.23968827724456787
Spokane,2020-04-27,0.238,0.23860032856464386
Spokane,2020-04-28,0.234,0.23911578953266144
Spokane,2020-04-29,0.229,0.23885980248451233
Spokane,2020-04-30,0.224,0.23381049931049347
Spokane,2020-05-01,0.22,0.22941839694976807
Spokane,2020-05-02,0.216,0.2422758787870407
Spokane,2020-05-03,0.225,0.2425210326910019
Spokane,2020-05-04,0.219,0.24394026398658752
Spokane,2020-05-05,0.214,0.20465858280658722
Spokane,2020-05-06,0.222,0.21408611536026
Spokane,2020-05-07,0.222,0.21459558606147766
Spokane,2020-05-08,0.217,0.21459558606147766
Spokane,2020-05-09,0.21,0.21117988228797913
Spokane,2020-05-10,0.202,0.19656981527805328
Spokane,2020-05-11,0.195,0.2031645029783249
Spokane,2020-05-12,0.209,0.21493157744407654
Spokane,2020-05-13,0.211,0.21868057548999786
Spokane,2020-05-14,0.21,0.21118946373462677
Spokane,2020-05-15,0.21,0.21141517162322998
Spokane,2020-05-16,0.207,0.21267612278461456
Spokane,2020-05-17,0.206,0.21399861574172974
Spokane,2020-05-18,0.224,0.22139468789100647
Spokane,2020-05-19,0.255,0.2351561188697815
Spokane,2020-05-20,0.294,0.303215891122818
Spokane,2020-05-21,0.326,0.31159403920173645
Spokane,2020-05-22,0.311,0.3110116720199585
Spokane,2020-05-23,0.305,0.3134891390800476
Spokane,2020-05-24,0.298,0.3062784969806671
Spokane,2020-05-25,0.294,0.30492711067199707
Spokane,2020-05-26,0.29,0.3046269118785858
Spokane,2020-05-27,0.282,0.28794002532958984
Spokane,2020-05-28,0.273,0.27222588658332825
Spokane,2020-05-29,0.265,0.26039478182792664
Spokane,2020-05-30,0.259,0.2592630088329315
Spokane,2020-05-31,0.306,0.30520740151405334
Spokane,2020-06-01,0.297,0.29278936982154846
Spokane,2020-06-02,0.289,0.28751710057258606
Spokane,2020-06-03,0.28,0.28353720903396606
Spokane,2020-06-04,0.272,0.2779654860496521
Spokane,2020-06-05,0.268,0.2800794243812561
Spokane,2020-06-06,0.269,0.28042545914649963
Spokane,2020-06-07,0.264,0.2803316116333008
Spokane,2020-06-08,0.259,0.2611714005470276
Spokane,2020-06-09,0.26,0.2673892676830292
Spokane,2020-06-10,0.261,0.26627153158187866
Spokane,2020-06-11,0.254,0.2613432705402374
Spokane,2020-06-12,0.25,0.2557332217693329
Spokane,2020-06-13,0.262,0.25838395953178406
Spokane,2020-06-14,0.268,0.25802066922187805
Spokane,2020-06-15,0.268,0.25916892290115356
Spokane,2020-06-16,0.269,0.2565256655216217
Spokane,2020-06-17,0.267,0.2514922618865967
Spokane,2020-06-18,0.264,0.2485847920179367
Spokane,2020-06-19,0.255,0.24203604459762573
Spokane,2020-06-20,0.248,0.2395494133234024
Spokane,2020-06-21,0.243,0.2196604460477829
Spokane,2020-06-22,0.235,0.21316978335380554
Spokane,2020-06-23,0.226,0.20686745643615723
Spokane,2020-06-24,0.215,0.19773946702480316
Spokane,2020-06-25,0.206,0.19096753001213074
Spokane,2020-06-26,0.197,0.1892825961112976
Spokane,2020-06-27,0.187,0.1817413717508316
Spokane,2020-06-28,0.18,0.18497617542743683
Spokane,2020-06-29,0.175,0.1768738329410553
Spokane,2020-06-30,0.178,0.17471358180046082
Spokane,2020-07-01,0.189,0.1746867597103119
Spokane,2020-07-02,0.187,0.17445552349090576
Spokane,2020-07-03,0.177,0.17431411147117615
Spokane,2020-07-04,0.167,0.16549737751483917
Spokane,2020-07-05,0.16,0.16053086519241333
Spokane,2020-07-06,0.152,0.15906359255313873
Spokane,2020-07-07,0.145,0.1509963870048523
Spokane,2020-07-08,0.139,0.1432923972606659
Spokane,2020-07-09,0.134,0.13755939900875092
Spokane,2020-07-10,0.128,0.13567756116390228
Spokane,2020-07-11,0.122,0.12904079258441925
Spokane,2020-07-12,0.116,0.11141280084848404
Spokane,2020-07-13,0.11,0.10498402267694473
Spokane,2020-07-14,0.104,0.09553212672472
Spokane,2020-07-15,0.099,0.09105518460273743
Spokane,2020-07-16,0.093,0.08125247061252594
Spokane,2020-07-17,0.087,0.0749257430434227
Spokane,2020-07-18,0.082,0.06943803280591965
Spokane,2020-07-19,0.078,0.06971481442451477
Spokane,2020-07-20,0.074,0.06919693946838379
Spokane,2020-07-21,0.069,0.0670270249247551
Spokane,2020-07-22,0.066,0.06570206582546234
Spokane,2020-07-23,0.062,0.06559432297945023
Spokane,2020-07-24,0.06,0.06307353079319
Spokane,2020-07-25,0.057,0.062013108283281326
Spokane,2020-07-26,0.055,0.05921946465969086
Spokane,2020-07-27,0.054,0.05447875335812569
Spokane,2020-07-28,0.051,0.04528883099555969
Spokane,2020-07-29,0.049,0.045493144541978836
Spokane,2020-07-30,0.048,0.045493144541978836
Spokane,2020-07-31,0.046,0.04500400647521019
Spokane,2020-08-01,0.043,0.044072870165109634
Spokane,2020-08-02,0.042,0.043913692235946655
Spokane,2020-08-03,0.04,0.03784671425819397
Spokane,2020-08-04,0.039,0.037233516573905945
Spokane,2020-08-05,0.038,0.03497714921832085
Spokane,2020-08-06,0.037,0.03707104176282883
Spokane,2020-08-07,0.037,0.03952297568321228
Spokane,2020-08-08,0.037,0.03952297568321228
Spokane,2020-08-09,0.037,0.038332775235176086
Spokane,2020-08-10,0.036,0.039637528359889984
Spokane,2020-08-11,0.036,0.039415422827005386
Spokane,2020-08-12,0.034,0.03578808158636093
Spokane,2020-08-13,0.033,0.03570176661014557
Spokane,2020-08-14,0.033,0.03439585864543915
Spokane,2020-08-15,0.033,0.03430898115038872
Spokane,2020-08-16,0.033,0.034018151462078094
Spokane,2020-08-17,0.034,0.032020002603530884
Spokane,2020-08-18,0.033,0.032020002603530884
Spokane,2020-08-19,0.033,0.032935500144958496
Spokane,2020-08-20,0.033,0.0332033634185791
Spokane,2020-08-21,0.034,0.0332033634185791
Spokane,2020-08-22,0.033,0.0332033634185791
Spokane,2020-08-23,0.032,0.0332033634185791
Spokane,2020-08-24,0.031,0.03083878383040428
Spokane,2020-08-25,0.031,0.03083878383040428
Spokane,2020-08-26,0.03,0.03121473453938961
Spokane,2020-08-27,0.029,0.03121473453938961
Spokane,2020-08-28,0.029,0.03121473453938961
Spokane,2020-08-29,0.029,0.03121473453938961
Spokane,2020-08-30,0.028,0.030828744173049927
Spokane,2020-08-31,0.029,0.030465152114629745
Spokane,2020-09-01,0.028,0.030465152114629745
Spokane,2020-09-02,0.028,0.030240869149565697
Spokane,2020-09-03,0.028,0.030185315757989883
Spokane,2020-09-04,0.028,0.029950151219964027
Spokane,2020-09-05,0.028,0.029950151219964027
Spokane,2020-09-06,0.027,0.029950151219964027
Spokane,2020-09-07,0.027,0.02939617820084095
Spokane,2020-09-08,0.025,0.02939617820084095
Spokane,2020-09-09,0.025,0.029128316789865494
Spokane,2020-09-10,0.025,0.029128316789865494
Spokane,2020-09-11,0.025,0.029128316789865494
Spokane,2020-09-12,0.024,0.029128316789865494
Spokane,2020-09-13,0.023,0.029128316789865494
Spokane,2020-09-14,0.024,0.029456958174705505
Spokane,2020-09-15,0.024,0.029626481235027313
Spokane,2020-09-16,0.025,0.030895330011844635
Spokane,2020-09-17,0.025,0.03070545196533203
Spokane,2020-09-18,0.025,0.03070545196533203
Spokane,2020-09-19,0.025,0.032485753297805786
Spokane,2020-09-20,0.026,0.03349169343709946
Spokane,2020-09-21,0.026,0.024661028757691383
Spokane,2020-09-22,0.028,0.025643378496170044
Spokane,2020-09-23,0.029,0.030373496934771538
Spokane,2020-09-24,0.03,0.03213280439376831
Spokane,2020-09-25,0.03,0.03494401276111603
Spokane,2020-09-26,0.032,0.03539208322763443
Spokane,2020-09-27,0.035,0.04551829770207405
Spokane,2020-09-28,0.039,0.057259976863861084
Spokane,2020-09-29,0.043,0.05464538559317589
Spokane,2020-09-30,0.045,0.05489587411284447
Spokane,2020-10-01,0.047,0.056154247373342514
Spokane,2020-10-02,0.05,0.05521341413259506
Spokane,2020-10-03,0.05,0.044293880462646484
Spokane,2020-10-04,0.05,0.04185790941119194
Spokane,2020-10-05,0.049,0.04970630630850792
Spokane,2020-10-06,0.049,0.049175992608070374
Spokane,2020-10-07,0.049,0.04895780608057976
Spokane,2020-10-08,0.049,0.049230728298425674
Spokane,2020-10-09,0.048,0.047919075936079025
Spokane,2020-10-10,0.091,0.0825856477022171
Spokane,2020-10-11,0.142,0.12788446247577667
Spokane,2020-10-12,0.176,0.17039501667022705
Spokane,2020-10-13,0.192,0.2149655818939209
Spokane,2020-10-14,0.184,0.18498346209526062
Spokane,2020-10-15,0.171,0.17216475307941437
Spokane,2020-10-16,0.165,0.16831637918949127
Spokane,2020-10-17,0.16,0.16183586418628693
Spokane,2020-10-18,0.163,0.15479251742362976
Spokane,2020-10-19,0.162,0.16818948090076447
Spokane,2020-10-20,0.157,0.16487380862236023
Spokane,2020-10-21,0.153,0.1489516645669937
Spokane,2020-10-22,0.149,0.1419837921857834
Spokane,2020-10-23,0.146,0.1586897224187851
Spokane,2020-10-24,0.149,0.16262146830558777
Spokane,2020-10-25,0.154,0.16507267951965332
Spokane,2020-10-26,0.151,0.17569676041603088
Spokane,2020-10-27,0.16,0.17375822365283966
Spokane,2020-10-28,0.195,0.1847022920846939
Spokane,2020-10-29,0.207,0.18839102983474731
Spokane,2020-10-30,0.197,0.17682349681854248
Spokane,2020-10-31,0.188,0.17132122814655304
Spokane,2020-11-01,0.182,0.17084074020385742
Spokane,2020-11-02,0.179,0.17418904602527618
Spokane,2020-11-03,0.176,0.1785263866186142
Spokane,2020-11-04,0.178,0.18214277923107147
Spokane,2020-11-05,0.194,0.20349961519241333
Spokane,2020-11-06,0.221,0.21388928592205048
Spokane,2020-11-07,0.209,0.20822297036647797
Spokane,2020-11-08,0.204,0.24457162618637085
Spokane,2020-11-09,0.199,0.2265220284461975
Spokane,2020-11-10,0.202,0.21949739754199982
Spokane,2020-11-11,0.203,0.2212429940700531
Spokane,2020-11-12,0.202,0.22642937302589417
Spokane,2020-11-13,0.227,0.23617947101593018
Spokane,2020-11-14,0.229,0.2339228242635727
Spokane,2020-11-15,0.23,0.2350391149520874
Spokane,2020-11-16,0.227,0.2426013946533203
Spokane,2020-11-17,0.227,0.23535935580730438
Spokane,2020-11-18,0.23,0.24724385142326355
Spokane,2020-11-19,0.23,0.24687659740447998
Spokane,2020-11-20,0.225,0.24346213042736053
Spokane,2020-11-21,0.22,0.23617874085903168
Spokane,2020-11-22,0.216,0.2323140949010849
Spokane,2020-11-23,0.219,0.23003815114498138
Spokane,2020-11-24,0.227,0.23059847950935364
Spokane,2020-11-25,0.242,0.2355698198080063
Spokane,2020-11-26,0.236,0.23342514038085938
Spokane,2020-11-27,0.232,0.23379652202129364
Spokane,2020-11-28,0.231,0.23221047222614288
Spokane,2020-11-29,0.224,0.2267451137304306
Spokane,2020-11-30,0.219,0.23067224025726318
Spokane,2020-12-01,0.223,0.229400634765625
Spokane,2020-12-02,0.226,0.24042129516601562
Touchet_WA_824,2019-01-01,0.128,0.13574625551700592
Touchet_WA_824,2019-01-02,0.129,0.13264352083206177
Touchet_WA_824,2019-01-03,0.128,0.13202013075351715
Touchet_WA_824,2019-01-04,0.129,0.13142700493335724
Touchet_WA_824,2019-01-05,0.128,0.13236336410045624
Touchet_WA_824,2019-01-06,0.128,0.1309507191181183
Touchet_WA_824,2019-01-07,0.128,0.13500048220157623
Touchet_WA_824,2019-01-08,0.129,0.1327207237482071
Touchet_WA_824,2019-01-09,0.127,0.13192477822303772
Touchet_WA_824,2019-01-10,0.127,0.13497643172740936
Touchet_WA_824,2019-01-11,0.128,0.135243758559227
Touchet_WA_824,2019-01-12,0.129,0.13534951210021973
Touchet_WA_824,2019-01-13,0.126,0.1359737366437912
Touchet_WA_824,2019-01-14,0.128,0.13085032999515533
Touchet_WA_824,2019-01-15,0.127,0.1315525621175766
Touchet_WA_824,2019-01-16,0.129,0.1333424597978592
Touchet_WA_824,2019-01-17,0.129,0.12500092387199402
Touchet_WA_824,2019-01-18,0.13,0.12786899507045746
Touchet_WA_824,2019-01-19,0.126,0.13263338804244995
Touchet_WA_824,2019-01-20,0.128,0.13069909811019897
Touchet_WA_824,2019-01-21,0.127,0.13239707052707672
Touchet_WA_824,2019-01-22,0.126,0.14795129001140594
Touchet_WA_824,2019-01-23,0.129,0.13300396502017975
Touchet_WA_824,2019-01-24,0.13,0.13740168511867523
Touchet_WA_824,2019-01-25,0.13,0.1356247514486313
Touchet_WA_824,2019-01-26,0.128,0.13378562033176422
Touchet_WA_824,2019-01-27,0.13,0.13079006969928741
Touchet_WA_824,2019-01-28,0.13,0.13010570406913757
Touchet_WA_824,2019-01-29,0.13,0.13003398478031158
Touchet_WA_824,2019-01-30,0.133,0.13537824153900146
Touchet_WA_824,2019-01-31,0.133,0.13276997208595276
Touchet_WA_824,2019-02-01,0.131,0.13510464131832123
Touchet_WA_824,2019-02-02,0.132,0.1395234614610672
Touchet_WA_824,2019-02-03,0.133,0.1346694380044937
Touchet_WA_824,2019-02-04,0.133,0.13769535720348358
Touchet_WA_824,2019-02-05,0.132,0.13498717546463013
Touchet_WA_824,2019-02-06,0.132,0.14194151759147644
Touchet_WA_824,2019-02-07,0.131,0.1422310471534729
Touchet_WA_824,2019-02-08,0.132,0.14504727721214294
Touchet_WA_824,2019-02-09,0.133,0.1445109248161316
Touchet_WA_824,2019-02-10,0.134,0.14083226025104523
Touchet_WA_824,2019-02-11,0.133,0.13645802438259125
Touchet_WA_824,2019-02-12,0.135,0.13703396916389465
Touchet_WA_824,2019-02-13,0.136,0.1338367611169815
Touchet_WA_824,2019-02-14,0.136,0.13847129046916962
Touchet_WA_824,2019-02-15,0.136,0.14014138281345367
Touchet_WA_824,2019-02-16,0.137,0.1425347775220871
Touchet_WA_824,2019-02-17,0.137,0.1408093124628067
Touchet_WA_824,2019-02-18,0.137,0.13992932438850403
Touchet_WA_824,2019-02-19,0.137,0.13955619931221008
Touchet_WA_824,2019-02-20,0.138,0.13941439986228943
Touchet_WA_824,2019-02-21,0.138,0.139764204621315
Touchet_WA_824,2019-02-22,0.139,0.13966746628284454
Touchet_WA_824,2019-02-23,0.138,0.13926365971565247
Touchet_WA_824,2019-02-24,0.137,0.13907253742218018
Touchet_WA_824,2019-02-25,0.139,0.14401498436927795
Touchet_WA_824,2019-02-26,0.139,0.1427019089460373
Touchet_WA_824,2019-02-27,0.14,0.14196868240833282
Touchet_WA_824,2019-02-28,0.139,0.1423594355583191
Touchet_WA_824,2019-03-01,0.138,0.14271780848503113
Touchet_WA_824,2019-03-02,0.14,0.14261125028133392
Touchet_WA_824,2019-03-03,0.14,0.14324502646923065
Touchet_WA_824,2019-03-04,0.14,0.1383851319551468
Touchet_WA_824,2019-03-05,0.14,0.14059998095035553
Touchet_WA_824,2019-03-06,0.14,0.14185631275177002
Touchet_WA_824,2019-03-07,0.14,0.14001986384391785
Touchet_WA_824,2019-03-08,0.141,0.13674388825893402
Touchet_WA_824,2019-03-09,0.14,0.13822616636753082
Touchet_WA_824,2019-03-10,0.14,0.14212393760681152
Touchet_WA_824,2019-03-11,0.141,0.1404310017824173
Touchet_WA_824,2019-03-12,0.141,0.13808313012123108
Touchet_WA_824,2019-03-13,0.141,0.13869425654411316
Touchet_WA_824,2019-03-14,0.141,0.13849009573459625
Touchet_WA_824,2019-03-15,0.142,0.13992327451705933
Touchet_WA_824,2019-03-16,0.141,0.1415938436985016
Touchet_WA_824,2019-03-17,0.141,0.14034007489681244
Touchet_WA_824,2019-03-18,0.142,0.1409677267074585
Touchet_WA_824,2019-03-19,0.141,0.14199869334697723
Touchet_WA_824,2019-03-20,0.142,0.13722777366638184
Touchet_WA_824,2019-03-21,0.143,0.14028559625148773
Touchet_WA_824,2019-03-22,0.141,0.1432950496673584
Touchet_WA_824,2019-03-23,0.143,0.14477869868278503
Touchet_WA_824,2019-03-24,0.142,0.1430128514766693
Touchet_WA_824,2019-03-25,0.143,0.14420753717422485
Touchet_WA_824,2019-03-26,0.144,0.1482592672109604
Touchet_WA_824,2019-03-27,0.145,0.14813955128192902
Touchet_WA_824,2019-03-28,0.146,0.14970973134040833
Touchet_WA_824,2019-03-29,0.146,0.14853210747241974
Touchet_WA_824,2019-03-30,0.148,0.1521286517381668
Touchet_WA_824,2019-03-31,0.149,0.14914047718048096
Touchet_WA_824,2019-04-01,0.151,0.14449013769626617
Touchet_WA_824,2019-04-02,0.152,0.1666121929883957
Touchet_WA_824,2019-04-03,0.153,0.1646459847688675
Touchet_WA_824,2019-04-04,0.153,0.16524352133274078
Touchet_WA_824,2019-04-05,0.153,0.16745281219482422
Touchet_WA_824,2019-04-06,0.155,0.16778503358364105
Touchet_WA_824,2019-04-07,0.156,0.1610272377729416
Touchet_WA_824,2019-04-08,0.157,0.16557082533836365
Touchet_WA_824,2019-04-09,0.158,0.17421402037143707
Touchet_WA_824,2019-04-10,0.159,0.16823525726795197
Touchet_WA_824,2019-04-11,0.161,0.16833969950675964
Touchet_WA_824,2019-04-12,0.161,0.16424225270748138
Touchet_WA_824,2019-04-13,0.161,0.16553491353988647
Touchet_WA_824,2019-04-14,0.163,0.16564185917377472
Touchet_WA_824,2019-04-15,0.164,0.16841119527816772
Touchet_WA_824,2019-04-16,0.165,0.16771189868450165
Touchet_WA_824,2019-04-17,0.166,0.16955971717834473
Touchet_WA_824,2019-04-18,0.167,0.1692933589220047
Touchet_WA_824,2019-04-19,0.165,0.1716424971818924
Touchet_WA_824,2019-04-20,0.169,0.17250463366508484
Touchet_WA_824,2019-04-21,0.169,0.17105433344841003
Touchet_WA_824,2019-04-22,0.17,0.18690910935401917
Touchet_WA_824,2019-04-23,0.171,0.18470191955566406
Touchet_WA_824,2019-04-24,0.171,0.18488453328609467
Touchet_WA_824,2019-04-25,0.171,0.18479838967323303
Touchet_WA_824,2019-04-26,0.172,0.1849244385957718
Touchet_WA_824,2019-04-27,0.173,0.17903727293014526
Touchet_WA_824,2019-04-28,0.175,0.17555376887321472
Touchet_WA_824,2019-04-29,0.175,0.19050103425979614
Touchet_WA_824,2019-04-30,0.176,0.18881851434707642
Touchet_WA_824,2019-05-01,0.177,0.18561148643493652
Touchet_WA_824,2019-05-02,0.177,0.18658529222011566
Touchet_WA_824,2019-05-03,0.179,0.1838175356388092
Touchet_WA_824,2019-05-04,0.179,0.18290573358535767
Touchet_WA_824,2019-05-05,0.179,0.18276569247245789
Touchet_WA_824,2019-05-06,0.181,0.18432477116584778
Touchet_WA_824,2019-05-07,0.182,0.18673181533813477
Touchet_WA_824,2019-05-08,0.185,0.1885071098804474
Touchet_WA_824,2019-05-09,0.188,0.18928785622119904
Touchet_WA_824,2019-05-10,0.192,0.20043589174747467
Touchet_WA_824,2019-05-11,0.198,0.20331864058971405
Touchet_WA_824,2019-05-12,0.203,0.23386593163013458
Touchet_WA_824,2019-05-13,0.283,0.29045408964157104
Touchet_WA_824,2019-05-14,0.34,0.30516517162323
Touchet_WA_824,2019-05-15,0.343,0.30636492371559143
Touchet_WA_824,2019-05-16,0.344,0.3192905783653259
Touchet_WA_824,2019-05-17,0.342,0.32426929473876953
Touchet_WA_824,2019-05-18,0.345,0.3265826106071472
Touchet_WA_824,2019-05-19,0.345,0.32137686014175415
Touchet_WA_824,2019-05-20,0.336,0.3079676926136017
Touchet_WA_824,2019-05-21,0.306,0.2990601062774658
Touchet_WA_824,2019-05-22,0.307,0.2946586310863495
Touchet_WA_824,2019-05-23,0.287,0.2861565351486206
Touchet_WA_824,2019-05-24,0.267,0.28509679436683655
Touchet_WA_824,2019-05-25,0.265,0.28204524517059326
Touchet_WA_824,2019-05-26,0.261,0.28127044439315796
Touchet_WA_824,2019-05-27,0.257,0.2502530813217163
Touchet_WA_824,2019-05-28,0.266,0.2652576267719269
Touchet_WA_824,2019-05-29,0.253,0.2679330110549927
Touchet_WA_824,2019-05-30,0.256,0.2710493505001068
Touchet_WA_824,2019-05-31,0.256,0.27060550451278687
Touchet_WA_824,2019-06-01,0.239,0.26810765266418457
Touchet_WA_824,2019-06-02,0.349,0.26591578125953674
Touchet_WA_824,2019-06-03,0.293,0.24432729184627533
Touchet_WA_824,2019-06-04,0.258,0.22925275564193726
Touchet_WA_824,2019-06-05,0.234,0.22622303664684296
Touchet_WA_824,2019-06-06,0.22,0.2253284901380539
Touchet_WA_824,2019-06-07,0.228,0.21460261940956116
Touchet_WA_824,2019-06-08,0.225,0.20774433016777039
Touchet_WA_824,2019-06-09,0.223,0.20411232113838196
Touchet_WA_824,2019-06-10,0.21,0.1925291270017624
Touchet_WA_824,2019-06-11,0.196,0.18828421831130981
Touchet_WA_824,2019-06-12,0.182,0.1601296067237854
Touchet_WA_824,2019-06-13,0.168,0.15775328874588013
Touchet_WA_824,2019-06-14,0.155,0.1471492052078247
Touchet_WA_824,2019-06-15,0.141,0.14302635192871094
Touchet_WA_824,2019-06-16,0.124,0.13787075877189636
Touchet_WA_824,2019-06-17,0.111,0.128180593252182
Touchet_WA_824,2019-06-18,0.091,0.12294153869152069
Touchet_WA_824,2019-06-19,0.07,0.12830744683742523
Touchet_WA_824,2019-06-20,0.055,0.13763970136642456
Touchet_WA_824,2019-06-21,0.146,0.14407874643802643
Touchet_WA_824,2019-06-22,0.18,0.1563183218240738
Touchet_WA_824,2019-06-23,0.162,0.15408892929553986
Touchet_WA_824,2019-06-24,0.152,0.16862764954566956
Touchet_WA_824,2019-06-25,0.135,0.143117755651474
Touchet_WA_824,2019-06-26,0.119,0.15232373774051666
Touchet_WA_824,2019-06-27,0.182,0.16519546508789062
Touchet_WA_824,2019-06-28,0.246,0.1850043088197708
Touchet_WA_824,2019-06-29,0.211,0.17518390715122223
Touchet_WA_824,2019-06-30,0.186,0.16311496496200562
Touchet_WA_824,2019-07-01,0.162,0.1519586443901062
Touchet_WA_824,2019-07-02,0.143,0.14833644032478333
Touchet_WA_824,2019-07-03,0.137,0.13467364013195038
Touchet_WA_824,2019-07-04,0.152,0.12626706063747406
Touchet_WA_824,2019-07-05,0.143,0.11837548017501831
Touchet_WA_824,2019-07-06,0.13,0.11806561797857285
Touchet_WA_824,2019-07-07,0.151,0.11068525910377502
Touchet_WA_824,2019-07-08,0.131,0.1119609847664833
Touchet_WA_824,2019-07-09,0.117,0.09946631640195847
Touchet_WA_824,2019-07-10,0.104,0.0817897841334343
Touchet_WA_824,2019-07-11,0.092,0.07824254781007767
Touchet_WA_824,2019-07-12,0.086,0.07126649469137192
Touchet_WA_824,2019-07-13,0.074,0.06681947410106659
Touchet_WA_824,2019-07-14,0.063,0.06263892352581024
Touchet_WA_824,2019-07-15,0.054,0.05729997903108597
Touchet_WA_824,2019-07-16,0.049,0.05534631013870239
Touchet_WA_824,2019-07-17,0.039,0.04200020059943199
Touchet_WA_824,2019-07-18,0.035,0.0417669452726841
Touchet_WA_824,2019-07-19,0.03,0.04228240251541138
Touchet_WA_824,2019-07-20,0.026,0.03869466483592987
Touchet_WA_824,2019-07-21,0.023,0.033883899450302124
Touchet_WA_824,2019-07-22,0.018,0.020920058712363243
Touchet_WA_824,2019-07-23,0.017,0.020799297839403152
Touchet_WA_824,2019-07-24,0.015,0.016671711578965187
Touchet_WA_824,2019-07-25,0.01,0.01718716509640217
Touchet_WA_824,2019-07-26,0.009,0.014013990759849548
Touchet_WA_824,2019-07-27,0.01,0.013166692107915878
Touchet_WA_824,2019-07-28,0.007,0.008484154008328915
Touchet_WA_824,2019-07-29,0.007,0.005823065061122179
Touchet_WA_824,2019-07-30,0.005,0.0022553117014467716
Touchet_WA_824,2019-07-31,0.005,0.00139723252505064
Touchet_WA_824,2019-08-01,0.004,-0.0007733549573458731
Touchet_WA_824,2019-08-02,0.001,-0.0007247824687510729
Touchet_WA_824,2019-08-03,0.001,-0.001365481410175562
Touchet_WA_824,2019-08-04,0.0,-0.0008962372085079551
Touchet_WA_824,2019-08-05,0.0,-0.0008962372085079551
Touchet_WA_824,2019-08-06,0.0,-0.0017425953410565853
Touchet_WA_824,2019-08-07,0.0,-0.0029669597279280424
Touchet_WA_824,2019-08-08,0.0,0.00017580976418685168
Touchet_WA_824,2019-08-09,0.0,0.0010496710892766714
Touchet_WA_824,2019-08-10,0.0,0.019618742167949677
Touchet_WA_824,2019-08-11,0.0,0.03928418457508087
Touchet_WA_824,2019-08-12,0.01,0.04846685007214546
Touchet_WA_824,2019-08-13,0.019,0.03817945718765259
Touchet_WA_824,2019-08-14,0.021,0.03854840621352196
Touchet_WA_824,2019-08-15,0.02,0.033951543271541595
Touchet_WA_824,2019-08-16,0.017,0.027389055117964745
Touchet_WA_824,2019-08-17,0.011,0.02429955080151558
Touchet_WA_824,2019-08-18,0.008,0.017999807372689247
Touchet_WA_824,2019-08-19,0.006,0.013700312003493309
Touchet_WA_824,2019-08-20,0.0,0.011319298297166824
Touchet_WA_824,2019-08-21,0.0,0.014934965409338474
Touchet_WA_824,2019-08-22,0.0,0.013730035163462162
Touchet_WA_824,2019-08-23,0.0,0.013282961212098598
Touchet_WA_824,2019-08-24,0.0,0.013282961212098598
Touchet_WA_824,2019-08-25,0.0,0.012582836672663689
Touchet_WA_824,2019-08-26,0.0,0.007491245865821838
Touchet_WA_824,2019-08-27,0.0,0.007911906577646732
Touchet_WA_824,2019-08-28,0.0,0.005383864510804415
Touchet_WA_824,2019-08-29,0.0,0.0031934163998812437
Touchet_WA_824,2019-08-30,0.0,0.0031934163998812437
Touchet_WA_824,2019-08-31,0.0,0.004056392703205347
Touchet_WA_824,2019-09-01,0.0,0.0023122949060052633
Touchet_WA_824,2019-09-02,0.0,0.004546624142676592
Touchet_WA_824,2019-09-03,0.0,0.002768090693280101
Touchet_WA_824,2019-09-04,0.0,-0.0011421316303312778
Touchet_WA_824,2019-09-05,0.0,-0.0011421316303312778
Touchet_WA_824,2019-09-06,0.0,0.004755476955324411
Touchet_WA_824,2019-09-07,0.0,0.0073112365789711475
Touchet_WA_824,2019-09-08,0.0,0.03848510980606079
Touchet_WA_824,2019-09-09,0.11,0.0842490866780281
Touchet_WA_824,2019-09-10,0.123,0.11149358749389648
Touchet_WA_824,2019-09-11,0.169,0.12525328993797302
Touchet_WA_824,2019-09-12,0.135,0.116744764149189
Touchet_WA_824,2019-09-13,0.121,0.1136704832315445
Touchet_WA_824,2019-09-14,0.104,0.10232871770858765
Touchet_WA_824,2019-09-15,0.098,0.10217511653900146
Touchet_WA_824,2019-09-16,0.085,0.11115741729736328
Touchet_WA_824,2019-09-17,0.074,0.11951480805873871
Touchet_WA_824,2019-09-18,0.08,0.11661599576473236
Touchet_WA_824,2019-09-19,0.163,0.15118390321731567
Touchet_WA_824,2019-09-20,0.16,0.14394310116767883
Touchet_WA_824,2019-09-21,0.146,0.14007116854190826
Touchet_WA_824,2019-09-22,0.136,0.14341655373573303
Touchet_WA_824,2019-09-23,0.125,0.13999319076538086
Touchet_WA_824,2019-09-24,0.132,0.1385272890329361
Touchet_WA_824,2019-09-25,0.124,0.1343241035938263
Touchet_WA_824,2019-09-26,0.116,0.1331605166196823
Touchet_WA_824,2019-09-27,0.111,0.13102664053440094
Touchet_WA_824,2019-09-28,0.106,0.13502909243106842
Touchet_WA_824,2019-09-29,0.104,0.13869990408420563
Touchet_WA_824,2019-09-30,0.115,0.15308775007724762
Touchet_WA_824,2019-10-01,0.124,0.15382598340511322
Touchet_WA_824,2019-10-02,0.13,0.1531757265329361
Touchet_WA_824,2019-10-03,0.168,0.15808555483818054
Touchet_WA_824,2019-10-04,0.195,0.16279549896717072
Touchet_WA_824,2019-10-05,0.225,0.19319339096546173
Touchet_WA_824,2019-10-06,0.247,0.19020606577396393
Touchet_WA_824,2019-10-07,0.216,0.20205871760845184
Touchet_WA_824,2019-10-08,0.193,0.21817578375339508
Touchet_WA_824,2019-10-09,0.242,0.23080620169639587
Touchet_WA_824,2019-10-10,0.214,0.22068659961223602
Touchet_WA_824,2019-10-11,0.211,0.21343883872032166
Touchet_WA_824,2019-10-12,0.224,0.2082342952489853
Touchet_WA_824,2019-10-13,0.242,0.20797470211982727
Touchet_WA_824,2019-10-14,0.276,0.22489452362060547
Touchet_WA_824,2019-10-15,0.247,0.22318048775196075
Touchet_WA_824,2019-10-16,0.224,0.21194449067115784
Touchet_WA_824,2019-10-17,0.208,0.21792396903038025
Touchet_WA_824,2019-10-18,0.23,0.22003135085105896
Touchet_WA_824,2019-10-19,0.221,0.23740217089653015
Touchet_WA_824,2019-10-20,0.207,0.2405601143836975
Touchet_WA_824,2019-10-21,0.202,0.22090183198451996
Touchet_WA_824,2019-10-22,0.196,0.22029346227645874
Touchet_WA_824,2019-10-23,0.28,0.2363833487033844
Touchet_WA_824,2019-10-24,0.257,0.2335619330406189
Touchet_WA_824,2019-10-25,0.249,0.23585708439350128
Touchet_WA_824,2019-10-26,0.293,0.2361147552728653
Touchet_WA_824,2019-10-27,0.259,0.23058399558067322
Touchet_WA_824,2019-10-28,0.235,0.21492165327072144
Touchet_WA_824,2019-10-29,0.214,0.2004469484090805
Touchet_WA_824,2019-10-30,0.188,0.17694158852100372
Touchet_WA_824,2019-10-31,0.159,0.17706911265850067
Touchet_WA_824,2019-11-01,0.147,0.16916289925575256
Touchet_WA_824,2019-11-02,0.105,0.1638697236776352
Touchet_WA_824,2019-11-03,0.123,0.16327746212482452
Touchet_WA_824,2019-11-04,0.159,0.17669373750686646
Touchet_WA_824,2019-11-05,0.197,0.17912475764751434
Touchet_WA_824,2019-11-06,0.223,0.20277872681617737
Touchet_WA_824,2019-11-07,0.209,0.20032723248004913
Touchet_WA_824,2019-11-08,0.195,0.20283107459545135
Touchet_WA_824,2019-11-09,0.204,0.21599829196929932
Touchet_WA_824,2019-11-10,0.252,0.22782555222511292
Touchet_WA_824,2019-11-11,0.317,0.26855891942977905
Touchet_WA_824,2019-11-12,0.272,0.273843377828598
Touchet_WA_824,2019-11-13,0.304,0.2851560711860657
Touchet_WA_824,2019-11-14,0.282,0.2918182909488678
Touchet_WA_824,2019-11-15,0.267,0.2932106852531433
Touchet_WA_824,2019-11-16,0.332,0.29526203870773315
Touchet_WA_824,2019-11-17,0.301,0.2939532399177551
Touchet_WA_824,2019-11-18,0.328,0.27245795726776123
Touchet_WA_824,2019-11-19,0.3,0.2704189717769623
Touchet_WA_824,2019-11-20,0.319,0.26881423592567444
Touchet_WA_824,2019-11-21,0.295,0.26517540216445923
Touchet_WA_824,2019-11-22,0.271,0.26247477531433105
Touchet_WA_824,2019-11-23,0.247,0.2521726191043854
Touchet_WA_824,2019-11-24,0.235,0.23989765346050262
Touchet_WA_824,2019-11-25,0.232,0.22028379142284393
Touchet_WA_824,2019-11-26,0.216,0.2186025232076645
Touchet_WA_824,2019-11-27,0.214,0.21279826760292053
Touchet_WA_824,2019-11-28,0.211,0.2054559588432312
Touchet_WA_824,2019-11-29,0.208,0.20396721363067627
Touchet_WA_824,2019-11-30,0.198,0.20252759754657745
Touchet_WA_824,2019-12-01,0.189,0.20241385698318481
Touchet_WA_824,2019-12-02,0.185,0.19173486530780792
Touchet_WA_824,2019-12-03,0.186,0.19064536690711975
Touchet_WA_824,2019-12-04,0.185,0.1913617104291916
Touchet_WA_824,2019-12-05,0.186,0.18408824503421783
Touchet_WA_824,2019-12-06,0.186,0.17293307185173035
Touchet_WA_824,2019-12-07,0.187,0.18685586750507355
Touchet_WA_824,2019-12-08,0.187,0.187913179397583
Touchet_WA_824,2019-12-09,0.188,0.2022695541381836
Touchet_WA_824,2019-12-10,0.189,0.2003469318151474
Touchet_WA_824,2019-12-11,0.187,0.20442453026771545
Touchet_WA_824,2019-12-12,0.187,0.20178565382957458
Touchet_WA_824,2019-12-13,0.188,0.2035682648420334
Touchet_WA_824,2019-12-14,0.188,0.20014069974422455
Touchet_WA_824,2019-12-15,0.189,0.1995684802532196
Touchet_WA_824,2019-12-16,0.19,0.1823391318321228
Touchet_WA_824,2019-12-17,0.19,0.18141056597232819
Touchet_WA_824,2019-12-18,0.188,0.18177901208400726
Touchet_WA_824,2019-12-19,0.188,0.1782814860343933
Touchet_WA_824,2019-12-20,0.187,0.17995740473270416
Touchet_WA_824,2019-12-21,0.187,0.18024450540542603
Touchet_WA_824,2019-12-22,0.188,0.1811302900314331
Touchet_WA_824,2019-12-23,0.187,0.18614651262760162
Touchet_WA_824,2019-12-24,0.189,0.18663568794727325
Touchet_WA_824,2019-12-25,0.189,0.17934098839759827
Touchet_WA_824,2019-12-26,0.189,0.17913591861724854
Touchet_WA_824,2019-12-27,0.188,0.17922359704971313
Touchet_WA_824,2019-12-28,0.186,0.18176674842834473
Touchet_WA_824,2019-12-29,0.185,0.18219247460365295
Touchet_WA_824,2019-12-30,0.185,0.19450289011001587
Touchet_WA_824,2019-12-31,0.186,0.18566511571407318
Touchet_WA_824,2020-01-01,0.186,0.20407544076442719
Touchet_WA_824,2020-01-02,0.189,0.2050638496875763
Touchet_WA_824,2020-01-03,0.191,0.2036837637424469
Touchet_WA_824,2020-01-04,0.19,0.20568698644638062
Touchet_WA_824,2020-01-05,0.191,0.20890659093856812
Touchet_WA_824,2020-01-06,0.191,0.20570039749145508
Touchet_WA_824,2020-01-07,0.191,0.1990262120962143
Touchet_WA_824,2020-01-08,0.192,0.19621816277503967
Touchet_WA_824,2020-01-09,0.192,0.19608758389949799
Touchet_WA_824,2020-01-10,0.192,0.1955135017633438
Touchet_WA_824,2020-01-11,0.193,0.19542963802814484
Touchet_WA_824,2020-01-12,0.193,0.19982585310935974
Touchet_WA_824,2020-01-13,0.193,0.19584119319915771
Touchet_WA_824,2020-01-14,0.193,0.1952798217535019
Touchet_WA_824,2020-01-15,0.193,0.19330738484859467
Touchet_WA_824,2020-01-16,0.192,0.19693461060523987
Touchet_WA_824,2020-01-17,0.193,0.19812089204788208
Touchet_WA_824,2020-01-18,0.193,0.19522961974143982
Touchet_WA_824,2020-01-19,0.194,0.1946651190519333
Touchet_WA_824,2020-01-20,0.194,0.19229678809642792
Touchet_WA_824,2020-01-21,0.194,0.19761283695697784
Touchet_WA_824,2020-01-22,0.194,0.20023228228092194
Touchet_WA_824,2020-01-23,0.193,0.20027202367782593
Touchet_WA_824,2020-01-24,0.195,0.20066756010055542
Touchet_WA_824,2020-01-25,0.195,0.20096780359745026
Touchet_WA_824,2020-01-26,0.196,0.20341497659683228
Touchet_WA_824,2020-01-27,0.195,0.1988859325647354
Touchet_WA_824,2020-01-28,0.195,0.20233061909675598
Touchet_WA_824,2020-01-29,0.196,0.20785808563232422
Touchet_WA_824,2020-01-30,0.196,0.20110608637332916
Touchet_WA_824,2020-01-31,0.197,0.2012706845998764
Touchet_WA_824,2020-02-01,0.198,0.20060966908931732
Touchet_WA_824,2020-02-02,0.197,0.2001727968454361
Touchet_WA_824,2020-02-03,0.199,0.1982644945383072
Touchet_WA_824,2020-02-04,0.199,0.19782227277755737
Touchet_WA_824,2020-02-05,0.199,0.2002880722284317
Touchet_WA_824,2020-02-06,0.2,0.21075484156608582
Touchet_WA_824,2020-02-07,0.201,0.21247173845767975
Touchet_WA_824,2020-02-08,0.213,0.21216066181659698
Touchet_WA_824,2020-02-09,0.214,0.20638081431388855
Touchet_WA_824,2020-02-10,0.216,0.21240095794200897
Touchet_WA_824,2020-02-11,0.215,0.21307341754436493
Touchet_WA_824,2020-02-12,0.214,0.20707052946090698
Touchet_WA_824,2020-02-13,0.215,0.20811662077903748
Touchet_WA_824,2020-02-14,0.216,0.20970194041728973
Touchet_WA_824,2020-02-15,0.215,0.2123931348323822
Touchet_WA_824,2020-02-16,0.214,0.21215666830539703
Touchet_WA_824,2020-02-17,0.215,0.21937616169452667
Touchet_WA_824,2020-02-18,0.215,0.2188376784324646
Touchet_WA_824,2020-02-19,0.215,0.21672093868255615
Touchet_WA_824,2020-02-20,0.214,0.21294355392456055
Touchet_WA_824,2020-02-21,0.215,0.20840539038181305
Touchet_WA_824,2020-02-22,0.215,0.2081141173839569
Touchet_WA_824,2020-02-23,0.214,0.21264073252677917
Touchet_WA_824,2020-02-24,0.214,0.2157619446516037
Touchet_WA_824,2020-02-25,0.214,0.20867829024791718
Touchet_WA_824,2020-02-26,0.215,0.20938676595687866
Touchet_WA_824,2020-02-27,0.214,0.2155628353357315
Touchet_WA_824,2020-02-28,0.215,0.21228820085525513
Touchet_WA_824,2020-02-29,0.216,0.22307516634464264
Touchet_WA_824,2020-03-01,0.215,0.22153565287590027
Touchet_WA_824,2020-03-02,0.216,0.20319925248622894
Touchet_WA_824,2020-03-03,0.216,0.201651468873024
Touchet_WA_824,2020-03-04,0.216,0.2016851007938385
Touchet_WA_824,2020-03-05,0.215,0.2018296867609024
Touchet_WA_824,2020-03-06,0.215,0.20480573177337646
Touchet_WA_824,2020-03-07,0.215,0.21482490003108978
Touchet_WA_824,2020-03-08,0.216,0.2047969400882721
Touchet_WA_824,2020-03-09,0.215,0.2038852721452713
Touchet_WA_824,2020-03-10,0.217,0.2032330483198166
Touchet_WA_824,2020-03-11,0.217,0.20349052548408508
Touchet_WA_824,2020-03-12,0.216,0.21159715950489044
Touchet_WA_824,2020-03-13,0.218,0.21744568645954132
Touchet_WA_824,2020-03-14,0.218,0.2187814861536026
Touchet_WA_824,2020-03-15,0.217,0.20939108729362488
Touchet_WA_824,2020-03-16,0.216,0.20310136675834656
Touchet_WA_824,2020-03-17,0.218,0.21102233231067657
Touchet_WA_824,2020-03-18,0.217,0.21669435501098633
Touchet_WA_824,2020-03-19,0.217,0.2122277170419693
Touchet_WA_824,2020-03-20,0.217,0.21297721564769745
Touchet_WA_824,2020-03-21,0.219,0.21291883289813995
Touchet_WA_824,2020-03-22,0.221,0.2135857790708542
Touchet_WA_824,2020-03-23,0.224,0.22027648985385895
Touchet_WA_824,2020-03-24,0.225,0.2163240909576416
Touchet_WA_824,2020-03-25,0.227,0.22439303994178772
Touchet_WA_824,2020-03-26,0.226,0.22470413148403168
Touchet_WA_824,2020-03-27,0.226,0.22403386235237122
Touchet_WA_824,2020-03-28,0.225,0.22500327229499817
Touchet_WA_824,2020-03-29,0.225,0.23245783150196075
Touchet_WA_824,2020-03-30,0.224,0.24643278121948242
Touchet_WA_824,2020-03-31,0.223,0.24881070852279663
Touchet_WA_824,2020-04-01,0.225,0.24566908180713654
Touchet_WA_824,2020-04-02,0.223,0.2407180815935135
Touchet_WA_824,2020-04-03,0.224,0.23950016498565674
Touchet_WA_824,2020-04-04,0.224,0.2334228903055191
Touchet_WA_824,2020-04-05,0.223,0.23410964012145996
Touchet_WA_824,2020-04-06,0.223,0.2295575737953186
Touchet_WA_824,2020-04-07,0.224,0.23231391608715057
Touchet_WA_824,2020-04-08,0.224,0.22286488115787506
Touchet_WA_824,2020-04-09,0.222,0.21983151137828827
Touchet_WA_824,2020-04-10,0.224,0.2218659669160843
Touchet_WA_824,2020-04-11,0.223,0.22226150333881378
Touchet_WA_824,2020-04-12,0.228,0.2235390841960907
Touchet_WA_824,2020-04-13,0.234,0.22912965714931488
Touchet_WA_824,2020-04-14,0.235,0.22842977941036224
Touchet_WA_824,2020-04-15,0.234,0.2351447492837906
Touchet_WA_824,2020-04-16,0.237,0.23936200141906738
Touchet_WA_824,2020-04-17,0.238,0.24215173721313477
Touchet_WA_824,2020-04-18,0.241,0.24475987255573273
Touchet_WA_824,2020-04-19,0.252,0.24379122257232666
Touchet_WA_824,2020-04-20,0.262,0.25494644045829773
Touchet_WA_824,2020-04-21,0.27,0.2604442834854126
Touchet_WA_824,2020-04-22,0.277,0.27196264266967773
Touchet_WA_824,2020-04-23,0.281,0.27715906500816345
Touchet_WA_824,2020-04-24,0.302,0.28051912784576416
Touchet_WA_824,2020-04-25,0.292,0.28193673491477966
Touchet_WA_824,2020-04-26,0.292,0.27981752157211304
Touchet_WA_824,2020-04-27,0.298,0.2898983955383301
Touchet_WA_824,2020-04-28,0.303,0.291347861289978
Touchet_WA_824,2020-04-29,0.307,0.2987522780895233
Touchet_WA_824,2020-04-30,0.316,0.30100923776626587
Touchet_WA_824,2020-05-01,0.323,0.2981034517288208
Touchet_WA_824,2020-05-02,0.327,0.30584588646888733
Touchet_WA_824,2020-05-03,0.333,0.3059388995170593
Touchet_WA_824,2020-05-04,0.313,0.32451552152633667
Touchet_WA_824,2020-05-05,0.331,0.3196158707141876
Touchet_WA_824,2020-05-06,0.339,0.322509765625
Touchet_WA_824,2020-05-07,0.321,0.32137414813041687
Touchet_WA_824,2020-05-08,0.332,0.32461637258529663
Touchet_WA_824,2020-05-09,0.343,0.32352152466773987
Touchet_WA_824,2020-05-10,0.346,0.3162821829319
Touchet_WA_824,2020-05-11,0.347,0.3287997245788574
Touchet_WA_824,2020-05-12,0.346,0.33552560210227966
Touchet_WA_824,2020-05-13,0.344,0.33310407400131226
Touchet_WA_824,2020-05-14,0.346,0.3330063223838806
Touchet_WA_824,2020-05-15,0.332,0.33218976855278015
Touchet_WA_824,2020-05-16,0.343,0.331622451543808
Touchet_WA_824,2020-05-17,0.345,0.3329481780529022
Touchet_WA_824,2020-05-18,0.335,0.32988646626472473
Touchet_WA_824,2020-05-19,0.313,0.32438379526138306
Touchet_WA_824,2020-05-20,0.31,0.33313533663749695
Touchet_WA_824,2020-05-21,0.354,0.3206689953804016
Touchet_WA_824,2020-05-22,0.323,0.31341591477394104
Touchet_WA_824,2020-05-23,0.31,0.3082802891731262
Touchet_WA_824,2020-05-24,0.291,0.2893911600112915
Touchet_WA_824,2020-05-25,0.274,0.2710409462451935
Touchet_WA_824,2020-05-26,0.291,0.27066463232040405
Touchet_WA_824,2020-05-27,0.27,0.26573804020881653
Touchet_WA_824,2020-05-28,0.252,0.243100106716156
Touchet_WA_824,2020-05-29,0.244,0.23640647530555725
Touchet_WA_824,2020-05-30,0.236,0.2407657653093338
Touchet_WA_824,2020-05-31,0.229,0.26108843088150024
Touchet_WA_824,2020-06-01,0.246,0.23933590948581696
Touchet_WA_824,2020-06-02,0.235,0.25475960969924927
Touchet_WA_824,2020-06-03,0.222,0.2342572659254074
Touchet_WA_824,2020-06-04,0.215,0.22249817848205566
Touchet_WA_824,2020-06-05,0.208,0.24811951816082
Touchet_WA_824,2020-06-06,0.214,0.23639003932476044
Touchet_WA_824,2020-06-07,0.229,0.2332461029291153
Touchet_WA_824,2020-06-08,0.222,0.22193817794322968
Touchet_WA_824,2020-06-09,0.26,0.2436969131231308
Touchet_WA_824,2020-06-10,0.289,0.24047929048538208
Touchet_WA_824,2020-06-11,0.256,0.2387518733739853
Touchet_WA_824,2020-06-12,0.24,0.2369103580713272
Touchet_WA_824,2020-06-13,0.228,0.26936399936676025
Touchet_WA_824,2020-06-14,0.322,0.27672630548477173
Touchet_WA_824,2020-06-15,0.301,0.2831538915634155
Touchet_WA_824,2020-06-16,0.313,0.2822346091270447
Touchet_WA_824,2020-06-17,0.289,0.27230769395828247
Touchet_WA_824,2020-06-18,0.264,0.27125367522239685
Touchet_WA_824,2020-06-19,0.247,0.24485987424850464
Touchet_WA_824,2020-06-20,0.236,0.24225236475467682
Touchet_WA_824,2020-06-21,0.233,0.23400963842868805
Touchet_WA_824,2020-06-22,0.221,0.22239409387111664
Touchet_WA_824,2020-06-23,0.205,0.1959754079580307
Touchet_WA_824,2020-06-24,0.193,0.1742623746395111
Touchet_WA_824,2020-06-25,0.184,0.1673148274421692
Touchet_WA_824,2020-06-26,0.169,0.15874987840652466
Touchet_WA_824,2020-06-27,0.157,0.1559336930513382
Touchet_WA_824,2020-06-28,0.146,0.1604209542274475
Touchet_WA_824,2020-06-29,0.147,0.16349062323570251
Touchet_WA_824,2020-06-30,0.17,0.1659289002418518
Touchet_WA_824,2020-07-01,0.165,0.16410477459430695
Touchet_WA_824,2020-07-02,0.159,0.157245472073555
Touchet_WA_824,2020-07-03,0.149,0.14895959198474884
Touchet_WA_824,2020-07-04,0.14,0.14017874002456665
Touchet_WA_824,2020-07-05,0.125,0.1341582089662552
Touchet_WA_824,2020-07-06,0.113,0.12891747057437897
Touchet_WA_824,2020-07-07,0.099,0.1349070966243744
Touchet_WA_824,2020-07-08,0.133,0.13729743659496307
Touchet_WA_824,2020-07-09,0.115,0.1283300220966339
Touchet_WA_824,2020-07-10,0.1,0.12469041347503662
Touchet_WA_824,2020-07-11,0.103,0.12541893124580383
Touchet_WA_824,2020-07-12,0.092,0.12214508652687073
Touchet_WA_824,2020-07-13,0.076,0.11408735066652298
Touchet_WA_824,2020-07-14,0.067,0.08646534383296967
Touchet_WA_824,2020-07-15,0.054,0.06754813343286514
Touchet_WA_824,2020-07-16,0.044,0.060844868421554565
Touchet_WA_824,2020-07-17,0.036,0.055972933769226074
Touchet_WA_824,2020-07-18,0.028,0.04826616495847702
Touchet_WA_824,2020-07-19,0.024,0.047333016991615295
Touchet_WA_824,2020-07-20,0.021,0.05035123974084854
Touchet_WA_824,2020-07-21,0.017,0.020489433780312538
Touchet_WA_824,2020-07-22,0.016,0.014701778069138527
Touchet_WA_824,2020-07-23,0.013,0.012393615208566189
Touchet_WA_824,2020-07-24,0.011,0.010413148440420628
Touchet_WA_824,2020-07-25,0.007,0.006464407779276371
Touchet_WA_824,2020-07-26,0.01,0.006187700666487217
Touchet_WA_824,2020-07-27,0.009,0.004968428984284401
Touchet_WA_824,2020-07-28,0.011,0.0022410033270716667
Touchet_WA_824,2020-07-29,0.004,0.002226707059890032
Touchet_WA_824,2020-07-30,0.007,0.0015875175595283508
Touchet_WA_824,2020-07-31,0.006,0.0015875175595283508
Touchet_WA_824,2020-08-01,0.003,0.0015591681003570557
Touchet_WA_824,2020-08-02,0.004,0.0015591681003570557
Touchet_WA_824,2020-08-03,0.004,-0.0007536984048783779
Touchet_WA_824,2020-08-04,0.003,-0.0023226889315992594
Touchet_WA_824,2020-08-05,0.001,-0.0024492947850376368
Touchet_WA_824,2020-08-06,0.0,0.002695393282920122
Touchet_WA_824,2020-08-07,0.0,0.003152902005240321
Touchet_WA_824,2020-08-08,0.0,0.003152902005240321
Touchet_WA_824,2020-08-09,0.0,0.003152902005240321
Touchet_WA_824,2020-08-10,0.0,0.0025395124685019255
Touchet_WA_824,2020-08-11,0.0,0.001303729135543108
Touchet_WA_824,2020-08-12,0.0,0.011335683986544609
Touchet_WA_824,2020-08-13,0.0,0.009270611219108105
Touchet_WA_824,2020-08-14,0.0,0.004216005094349384
Touchet_WA_824,2020-08-15,0.0,0.0038911839947104454
Touchet_WA_824,2020-08-16,0.0,0.0007317204144783318
Touchet_WA_824,2020-08-17,0.0,-0.00028544513043016195
Touchet_WA_824,2020-08-18,0.0,0.001301585347391665
Touchet_WA_824,2020-08-19,0.0,0.0011300761252641678
Touchet_WA_824,2020-08-20,0.0,0.0011300761252641678
Touchet_WA_824,2020-08-21,0.0,-0.0004782339674420655
Touchet_WA_824,2020-08-22,0.0,-0.0005254553398117423
Touchet_WA_824,2020-08-23,0.0,-0.00024305509577970952
Touchet_WA_824,2020-08-24,0.0,0.0004829253302887082
Touchet_WA_824,2020-08-25,0.0,0.0004829253302887082
Touchet_WA_824,2020-08-26,0.0,0.001238547032698989
Touchet_WA_824,2020-08-27,0.0,0.0013337552081793547
Touchet_WA_824,2020-08-28,0.0,0.0013337552081793547
Touchet_WA_824,2020-08-29,0.0,0.0015169298276305199
Touchet_WA_824,2020-08-30,0.0,0.0015169298276305199
Touchet_WA_824,2020-08-31,0.0,0.004752809181809425
Touchet_WA_824,2020-09-01,0.0,0.0051046451553702354
Touchet_WA_824,2020-09-02,0.0,0.004349024035036564
Touchet_WA_824,2020-09-03,0.0,0.004566653165966272
Touchet_WA_824,2020-09-04,0.0,0.002056046389043331
Touchet_WA_824,2020-09-05,0.0,0.00152881711255759
Touchet_WA_824,2020-09-06,0.0,0.0010328597854822874
Touchet_WA_824,2020-09-07,0.0,-0.00017152192594949156
Touchet_WA_824,2020-09-08,0.0,-0.00047757814172655344
Touchet_WA_824,2020-09-09,0.0,-0.00047757814172655344
Touchet_WA_824,2020-09-10,0.0,-0.0005247994558885694
Touchet_WA_824,2020-09-11,0.0,-0.0005247994558885694
Touchet_WA_824,2020-09-12,0.0,-0.0005247994558885694
Touchet_WA_824,2020-09-13,0.0,4.157572038820945e-05
Touchet_WA_824,2020-09-14,0.0,0.0006357654929161072
Touchet_WA_824,2020-09-15,0.0,0.0006357654929161072
Touchet_WA_824,2020-09-16,0.0,0.0013913873117417097
Touchet_WA_824,2020-09-17,0.0,0.004298490937799215
Touchet_WA_824,2020-09-18,0.0,0.00460454635322094
Touchet_WA_824,2020-09-19,0.0,0.013144168071448803
Touchet_WA_824,2020-09-20,0.07,0.02175140753388405
Touchet_WA_824,2020-09-21,0.062,0.031735602766275406
Touchet_WA_824,2020-09-22,0.047,0.03292582929134369
Touchet_WA_824,2020-09-23,0.032,0.05084569752216339
Touchet_WA_824,2020-09-24,0.02,0.058345429599285126
Touchet_WA_824,2020-09-25,0.131,0.1130283772945404
Touchet_WA_824,2020-09-26,0.113,0.12518192827701569
Touchet_WA_824,2020-09-27,0.191,0.1524520218372345
Touchet_WA_824,2020-09-28,0.165,0.14043515920639038
Touchet_WA_824,2020-09-29,0.149,0.13058994710445404
Touchet_WA_824,2020-09-30,0.138,0.1308840662240982
Touchet_WA_824,2020-10-01,0.126,0.12985463440418243
Touchet_WA_824,2020-10-02,0.12,0.11507345736026764
Touchet_WA_824,2020-10-03,0.11,0.10228186845779419
Touchet_WA_824,2020-10-04,0.103,0.0954989567399025
Touchet_WA_824,2020-10-05,0.097,0.08836192637681961
Touchet_WA_824,2020-10-06,0.09,0.08469697833061218
Touchet_WA_824,2020-10-07,0.083,0.08045367151498795
Touchet_WA_824,2020-10-08,0.079,0.08045367151498795
Touchet_WA_824,2020-10-09,0.072,0.07939126342535019
Touchet_WA_824,2020-10-10,0.07,0.11017955094575882
Touchet_WA_824,2020-10-11,0.307,0.21923023462295532
Touchet_WA_824,2020-10-12,0.312,0.2804141640663147
Touchet_WA_824,2020-10-13,0.259,0.2807203531265259
Touchet_WA_824,2020-10-14,0.314,0.2843075692653656
Touchet_WA_824,2020-10-15,0.247,0.2666228711605072
Touchet_WA_824,2020-10-16,0.223,0.22571900486946106
Touchet_WA_824,2020-10-17,0.204,0.21498146653175354
Touchet_WA_824,2020-10-18,0.194,0.2138216346502304
Touchet_WA_824,2020-10-19,0.216,0.19029060006141663
Touchet_WA_824,2020-10-20,0.197,0.1906658560037613
Touchet_WA_824,2020-10-21,0.186,0.18680579960346222
Touchet_WA_824,2020-10-22,0.18,0.1783699095249176
Touchet_WA_824,2020-10-23,0.185,0.2094171643257141
Touchet_WA_824,2020-10-24,0.155,0.21240998804569244
Touchet_WA_824,2020-10-25,0.277,0.22494220733642578
Touchet_WA_824,2020-10-26,0.239,0.21985994279384613
Touchet_WA_824,2020-10-27,0.212,0.2160089910030365
Touchet_WA_824,2020-10-28,0.231,0.2171502709388733
