station_id,date,y_true,y_pred
Darrington,2019-01-01,0.266,0.2838079333305359
Darrington,2019-01-02,0.274,0.2823091447353363
Darrington,2019-01-03,0.336,0.29570522904396057
Darrington,2019-01-04,0.311,0.2943975329399109
Darrington,2019-01-05,0.281,0.283475399017334
Darrington,2019-01-06,0.305,0.29492470622062683
Darrington,2019-01-07,0.309,0.27742865681648254
Darrington,2019-01-08,0.282,0.2795535624027252
Darrington,2019-01-09,0.319,0.27777427434921265
Darrington,2019-01-10,0.308,0.2690354585647583
Darrington,2019-01-11,0.277,0.2628593444824219
Darrington,2019-01-12,0.266,0.260172575712204
Darrington,2019-01-13,0.259,0.2568616271018982
Darrington,2019-01-14,0.253,0.26461854577064514
Darrington,2019-01-15,0.264,0.2566102147102356
Darrington,2019-01-16,0.261,0.25283876061439514
Darrington,2019-01-17,0.26,0.26282447576522827
Darrington,2019-01-18,0.31,0.28339827060699463
Darrington,2019-01-19,0.319,0.29032498598098755
Darrington,2019-01-20,0.283,0.28805217146873474
Darrington,2019-01-21,0.268,0.28483104705810547
Darrington,2019-01-22,0.3,0.2982978820800781
Darrington,2019-01-23,0.309,0.2983899712562561
Darrington,2019-01-24,0.277,0.28880417346954346
Darrington,2019-01-25,0.267,0.2761194407939911
Darrington,2019-01-26,0.26,0.27233922481536865
Darrington,2019-01-27,0.255,0.2607802748680115
Darrington,2019-01-28,0.252,0.2519995868206024
Darrington,2019-01-29,0.246,0.24795228242874146
Darrington,2019-01-30,0.244,0.2501501441001892
Darrington,2019-01-31,0.246,0.23920360207557678
Darrington,2019-02-01,0.304,0.27093541622161865
Darrington,2019-02-02,0.302,0.27448996901512146
Darrington,2019-02-03,0.281,0.2714846432209015
Darrington,2019-02-04,0.258,0.2576735019683838
Darrington,2019-03-27,0.253,0.24202010035514832
Darrington,2019-03-28,0.243,0.2403540462255478
Darrington,2019-03-29,0.237,0.23867370188236237
Darrington,2019-03-30,0.233,0.23404622077941895
Darrington,2019-03-31,0.229,0.2323095202445984
Darrington,2019-04-01,0.225,0.21835815906524658
Darrington,2019-04-02,0.221,0.212393656373024
Darrington,2019-04-03,0.252,0.23328202962875366
Darrington,2019-04-04,0.26,0.23656624555587769
Darrington,2019-04-05,0.266,0.24205420911312103
Darrington,2019-04-06,0.286,0.25482454895973206
Darrington,2019-04-07,0.291,0.25357842445373535
Darrington,2019-04-08,0.273,0.27464768290519714
Darrington,2019-04-09,0.297,0.26978403329849243
Darrington,2019-04-10,0.299,0.28183820843696594
Darrington,2019-04-11,0.303,0.28031352162361145
Darrington,2019-04-12,0.287,0.2774426341056824
Darrington,2019-04-13,0.307,0.2849729061126709
Darrington,2019-04-14,0.306,0.29040125012397766
Darrington,2019-04-15,0.274,0.28154417872428894
Darrington,2019-04-16,0.27,0.2841106355190277
Darrington,2019-04-17,0.292,0.2845609188079834
Darrington,2019-04-18,0.315,0.29294395446777344
Darrington,2019-04-19,0.319,0.29811587929725647
Darrington,2019-04-20,0.272,0.277432382106781
Darrington,2019-04-21,0.251,0.27413687109947205
Darrington,2019-04-22,0.25,0.26181894540786743
Darrington,2019-04-23,0.26,0.25654521584510803
Darrington,2019-04-24,0.248,0.24977777898311615
Darrington,2019-04-25,0.234,0.24678181111812592
Darrington,2019-04-26,0.224,0.22758756577968597
Darrington,2019-04-27,0.225,0.2255978286266327
Darrington,2019-04-28,0.22,0.22490373253822327
Darrington,2019-04-29,0.211,0.22253285348415375
Darrington,2019-04-30,0.203,0.22055445611476898
Darrington,2019-05-01,0.195,0.20867784321308136
Darrington,2019-05-02,0.193,0.20697282254695892
Darrington,2019-05-03,0.192,0.19926653802394867
Darrington,2019-05-04,0.186,0.19527049362659454
Darrington,2019-05-05,0.176,0.1885048896074295
Darrington,2019-05-06,0.163,0.16012708842754364
Darrington,2019-05-07,0.151,0.15725567936897278
Darrington,2019-05-08,0.139,0.1525372564792633
Darrington,2019-05-09,0.126,0.14331574738025665
Darrington,2019-05-10,0.113,0.13883624970912933
Darrington,2019-05-11,0.101,0.13272565603256226
Darrington,2019-05-12,0.095,0.1290360540151596
Darrington,2019-05-13,0.091,0.12040246278047562
Darrington,2019-05-14,0.09,0.14161977171897888
Darrington,2019-05-15,0.09,0.14433132112026215
Darrington,2019-05-16,0.089,0.16280117630958557
Darrington,2019-05-17,0.147,0.19244587421417236
Darrington,2019-05-18,0.174,0.18871033191680908
Darrington,2019-05-19,0.161,0.18572288751602173
Darrington,2019-05-20,0.179,0.20707781612873077
Darrington,2019-05-21,0.201,0.1976463347673416
Darrington,2019-05-22,0.187,0.19005879759788513
Darrington,2019-05-23,0.172,0.18705852329730988
Darrington,2019-05-24,0.206,0.1877472847700119
Darrington,2019-05-25,0.226,0.20457109808921814
Darrington,2019-05-26,0.225,0.19601169228553772
Darrington,2019-05-27,0.196,0.19674517214298248
Darrington,2019-05-28,0.175,0.13573768734931946
Darrington,2019-05-29,0.162,0.13552218675613403
Darrington,2019-05-30,0.149,0.13083557784557343
Darrington,2019-05-31,0.133,0.12130914628505707
Darrington,2019-06-01,0.118,0.11632398515939713
Darrington,2019-06-02,0.105,0.10526760667562485
Darrington,2019-06-03,0.097,0.1040603518486023
Darrington,2019-06-04,0.09,0.08986035734415054
Darrington,2019-06-05,0.087,0.09166842699050903
Darrington,2019-06-06,0.085,0.09371412545442581
Darrington,2019-06-07,0.085,0.12008274346590042
Darrington,2019-06-08,0.091,0.12576527893543243
Darrington,2019-06-09,0.097,0.10959164053201675
Darrington,2019-06-10,0.097,0.10663485527038574
Darrington,2019-06-11,0.093,0.10597911477088928
Darrington,2019-06-12,0.087,0.09897983819246292
Darrington,2019-06-13,0.081,0.09486613422632217
Darrington,2019-06-14,0.078,0.09481725841760635
Darrington,2019-06-15,0.076,0.09212736785411835
Darrington,2019-06-16,0.073,0.08699982613325119
Darrington,2019-06-17,0.069,0.08280998468399048
Darrington,2019-06-18,0.069,0.08558832108974457
Darrington,2019-06-19,0.075,0.086563341319561
Darrington,2019-06-20,0.076,0.08705489337444305
Darrington,2019-06-21,0.075,0.08705489337444305
Darrington,2019-06-22,0.074,0.08720294386148453
Darrington,2019-06-23,0.074,0.0895615965127945
Darrington,2019-06-24,0.073,0.09141024947166443
Darrington,2019-06-25,0.071,0.09081573784351349
Darrington,2019-06-26,0.072,0.09234968572854996
Darrington,2019-06-27,0.127,0.1363471895456314
Darrington,2019-06-28,0.165,0.15069034695625305
Darrington,2019-06-29,0.16,0.1527024805545807
Darrington,2019-06-30,0.147,0.1390533149242401
Darrington,2019-07-01,0.134,0.12498067319393158
Darrington,2019-07-02,0.124,0.12007296085357666
Darrington,2019-07-03,0.119,0.11607977002859116
Darrington,2019-07-04,0.115,0.11202216148376465
Darrington,2019-07-05,0.112,0.10521996766328812
Darrington,2019-07-06,0.106,0.10539663583040237
Darrington,2019-07-07,0.101,0.10094210505485535
Darrington,2019-07-08,0.096,0.11039038002490997
Darrington,2019-07-09,0.088,0.11071571707725525
Darrington,2019-07-10,0.09,0.11602585017681122
Darrington,2019-07-11,0.1,0.12698310613632202
Darrington,2019-07-12,0.098,0.11918454617261887
Darrington,2019-07-13,0.092,0.12015403807163239
Darrington,2019-07-14,0.087,0.11998194456100464
Darrington,2019-07-15,0.082,0.11993211507797241
Darrington,2019-07-16,0.081,0.11846055090427399
Darrington,2019-07-17,0.1,0.16531114280223846
Darrington,2019-07-18,0.158,0.17819355428218842
Darrington,2019-07-19,0.16,0.1756489872932434
Darrington,2019-07-20,0.155,0.16878321766853333
Darrington,2019-07-21,0.145,0.14885534346103668
Darrington,2019-07-22,0.134,0.13500916957855225
Darrington,2019-07-23,0.126,0.12636049091815948
Darrington,2019-07-24,0.12,0.12405600398778915
Darrington,2019-07-25,0.114,0.11735709011554718
Darrington,2019-07-26,0.106,0.11428099125623703
Darrington,2019-07-27,0.102,0.11186932027339935
Darrington,2019-07-28,0.099,0.11468703299760818
Darrington,2019-07-29,0.094,0.11005803942680359
Darrington,2019-07-30,0.091,0.10345207154750824
Darrington,2019-07-31,0.088,0.10263726115226746
Darrington,2019-08-01,0.084,0.10410484671592712
Darrington,2019-08-02,0.101,0.10854174196720123
Darrington,2019-08-03,0.113,0.10986535251140594
Darrington,2019-08-04,0.111,0.10907278209924698
Darrington,2019-08-05,0.105,0.10731471329927444
Darrington,2019-08-06,0.099,0.10358496755361557
Darrington,2019-08-07,0.094,0.10080742835998535
Darrington,2019-08-08,0.091,0.09014379233121872
Darrington,2019-08-09,0.089,0.08948055654764175
Darrington,2019-08-10,0.092,0.09017286449670792
Darrington,2019-08-11,0.093,0.10245201736688614
Darrington,2019-08-12,0.092,0.10435930639505386
Darrington,2019-08-13,0.089,0.08854225277900696
Darrington,2019-08-14,0.087,0.08747253566980362
Darrington,2019-08-15,0.084,0.08060219883918762
Darrington,2019-08-16,0.082,0.08292825520038605
Darrington,2019-08-17,0.081,0.08730632066726685
Darrington,2019-08-18,0.079,0.09409887343645096
Darrington,2019-08-19,0.077,0.08392442762851715
Darrington,2019-08-20,0.075,0.07738164067268372
Darrington,2019-08-21,0.079,0.08586940169334412
Darrington,2019-08-22,0.089,0.08858395367860794
Darrington,2019-08-23,0.093,0.09066023677587509
Darrington,2019-08-24,0.099,0.090067058801651
Darrington,2019-08-25,0.1,0.09280410408973694
Darrington,2019-08-26,0.099,0.09055019915103912
Darrington,2019-08-27,0.095,0.08707295358181
Darrington,2019-08-28,0.091,0.08487822115421295
Darrington,2019-08-29,0.086,0.07832551002502441
Darrington,2019-08-30,0.084,0.0837474837899208
Darrington,2019-08-31,0.084,0.08664505183696747
Darrington,2019-09-01,0.081,0.08803129196166992
Darrington,2019-09-02,0.078,0.07757991552352905
Darrington,2019-09-03,0.076,0.07648995518684387
Darrington,2019-09-04,0.075,0.07495833188295364
Darrington,2019-09-05,0.073,0.0712832435965538
Darrington,2019-09-06,0.072,0.06643941253423691
Darrington,2019-09-07,0.07,0.06267756223678589
Darrington,2019-09-08,0.08,0.06990887224674225
Darrington,2019-09-09,0.09,0.08045732975006104
Darrington,2019-09-10,0.093,0.0855221375823021
Darrington,2019-09-11,0.094,0.08667643368244171
Darrington,2019-09-12,0.094,0.1023164615035057
Darrington,2019-09-13,0.115,0.14746451377868652
Darrington,2019-09-14,0.143,0.16813795268535614
Darrington,2019-09-15,0.193,0.21827058494091034
Darrington,2019-09-16,0.204,0.23391513526439667
Darrington,2019-09-17,0.216,0.23749269545078278
Darrington,2019-09-18,0.226,0.23456555604934692
Darrington,2019-09-19,0.215,0.2201329618692398
Darrington,2019-09-20,0.206,0.22134946286678314
Darrington,2019-09-21,0.2,0.21773304045200348
Darrington,2019-09-22,0.237,0.2331639975309372
Darrington,2019-09-23,0.259,0.25189208984375
Darrington,2019-09-24,0.257,0.2554108798503876
Darrington,2019-09-25,0.234,0.2521153390407562
Darrington,2019-09-26,0.271,0.25792285799980164
Darrington,2019-09-27,0.262,0.25435569882392883
Darrington,2019-09-28,0.247,0.25083696842193604
Darrington,2019-09-29,0.233,0.24586330354213715
Darrington,2019-09-30,0.225,0.2413119375705719
Darrington,2019-10-01,0.22,0.23786935210227966
Darrington,2019-10-02,0.216,0.24014928936958313
Darrington,2019-10-03,0.224,0.2420157641172409
Darrington,2019-10-04,0.264,0.24808505177497864
Darrington,2019-10-05,0.27,0.2488897740840912
Darrington,2019-10-06,0.251,0.24815532565116882
Darrington,2019-10-07,0.293,0.26744768023490906
Darrington,2019-10-08,0.271,0.2666607201099396
Darrington,2019-10-09,0.251,0.2596406638622284
Darrington,2019-10-10,0.24,0.2575589120388031
Darrington,2019-10-11,0.234,0.24905477464199066
Darrington,2019-10-12,0.23,0.24610626697540283
Darrington,2019-10-13,0.227,0.2438078373670578
Darrington,2019-10-14,0.224,0.24019628763198853
Darrington,2019-10-15,0.221,0.23590409755706787
Darrington,2019-10-16,0.239,0.25088319182395935
Darrington,2019-10-17,0.295,0.27019181847572327
Darrington,2019-10-18,0.293,0.27615630626678467
Darrington,2019-10-19,0.288,0.27762845158576965
Darrington,2019-10-20,0.296,0.27867719531059265
Darrington,2019-10-21,0.324,0.28815045952796936
Darrington,2019-10-22,0.282,0.2852782607078552
Darrington,2019-10-23,0.258,0.26887574791908264
Darrington,2019-10-24,0.249,0.26639309525489807
Darrington,2019-10-26,0.273,0.2510453462600708
Darrington,2019-10-27,0.256,0.2483852356672287
Darrington,2019-10-28,0.249,0.24261343479156494
Darrington,2019-10-29,0.244,0.25019097328186035
Darrington,2019-10-30,0.24,0.24437198042869568
Darrington,2019-10-31,0.238,0.24450485408306122
Darrington,2019-11-01,0.236,0.24450485408306122
Darrington,2019-11-02,0.234,0.24150940775871277
Darrington,2019-11-03,0.233,0.23807425796985626
Darrington,2019-11-04,0.231,0.22807811200618744
Darrington,2019-11-05,0.23,0.2168215960264206
Darrington,2019-11-06,0.229,0.2152894139289856
Darrington,2019-11-07,0.228,0.21476726233959198
Darrington,2019-11-08,0.227,0.2136581689119339
Darrington,2019-11-09,0.228,0.21804355084896088
Darrington,2019-11-10,0.23,0.21961404383182526
Darrington,2019-11-11,0.229,0.21898236870765686
Darrington,2019-11-12,0.262,0.23201364278793335
Darrington,2019-11-13,0.265,0.2319972813129425
Darrington,2019-11-14,0.252,0.22932517528533936
Darrington,2019-11-15,0.291,0.24479511380195618
Darrington,2019-11-16,0.292,0.2600477933883667
Darrington,2019-11-17,0.32,0.27777209877967834
Darrington,2019-11-18,0.288,0.2869810163974762
Darrington,2019-11-19,0.299,0.2846094071865082
Darrington,2019-11-20,0.269,0.2731397747993469
Darrington,2019-11-21,0.26,0.2678968608379364
Darrington,2019-11-22,0.253,0.26447606086730957
Darrington,2019-11-23,0.264,0.26368409395217896
Darrington,2019-11-24,0.309,0.2715965807437897
Darrington,2019-11-25,0.3,0.27855977416038513
Darrington,2019-11-26,0.276,0.26940637826919556
Darrington,2019-11-27,0.262,0.2609758675098419
Darrington,2019-11-28,0.253,0.259713739156723
Darrington,2019-11-29,0.244,0.25253188610076904
Darrington,2019-11-30,0.237,0.24373848736286163
Darrington,2019-12-01,0.238,0.24189072847366333
Darrington,2019-12-02,0.276,0.25698116421699524
Darrington,2019-12-03,0.323,0.28026115894317627
Darrington,2019-12-04,0.313,0.290078729391098
Darrington,2019-12-05,0.276,0.285274863243103
Darrington,2019-12-06,0.267,0.285774290561676
Darrington,2019-12-07,0.301,0.28720590472221375
Darrington,2019-12-08,0.281,0.27764397859573364
Darrington,2019-12-09,0.266,0.28852608799934387
Darrington,2019-12-10,0.263,0.2866896092891693
Darrington,2019-12-11,0.287,0.2815791666507721
Darrington,2019-12-12,0.331,0.30110663175582886
Darrington,2019-12-13,0.305,0.3042980432510376
Darrington,2019-12-14,0.28,0.2981281578540802
Darrington,2019-12-15,0.273,0.3001488745212555
Darrington,2019-12-16,0.283,0.2924368679523468
Darrington,2019-12-17,0.284,0.29058146476745605
Darrington,2019-12-18,0.273,0.29033443331718445
Darrington,2019-12-19,0.328,0.3066408038139343
Darrington,2019-12-20,0.348,0.31672176718711853
Darrington,2019-12-21,0.32,0.3077186048030853
Darrington,2019-12-22,0.283,0.3023670017719269
Darrington,2019-12-23,0.294,0.28980889916419983
Darrington,2019-12-24,0.274,0.2783766984939575
Darrington,2019-12-25,0.265,0.270343542098999
Darrington,2019-12-26,0.253,0.2637021243572235
Darrington,2019-12-27,0.268,0.25693264603614807
Darrington,2019-12-28,0.285,0.2589532434940338
Darrington,2019-12-29,0.281,0.25172507762908936
Darrington,2019-12-30,0.289,0.2720482647418976
Darrington,2019-12-31,0.342,0.3036622703075409
Darrington,2020-01-01,0.317,0.32461920380592346
Darrington,2020-01-02,0.313,0.3237138092517853
Darrington,2020-01-03,0.305,0.3247726261615753
Darrington,2020-01-04,0.314,0.32385948300361633
Darrington,2020-01-05,0.311,0.32220515608787537
Darrington,2020-01-06,0.335,0.3119727671146393
Darrington,2020-01-07,0.334,0.3097228407859802
Darrington,2020-01-08,0.3,0.30222681164741516
Darrington,2020-01-09,0.284,0.3017229735851288
Darrington,2020-01-10,0.277,0.3008175194263458
Darrington,2020-01-11,0.297,0.29784509539604187
Darrington,2020-01-12,0.298,0.29695427417755127
Darrington,2020-01-13,0.289,0.29090550541877747
Darrington,2020-01-14,0.276,0.28767234086990356
Darrington,2020-01-15,0.27,0.2871868908405304
Darrington,2020-01-16,0.265,0.28369712829589844
Darrington,2020-01-17,0.263,0.28257134556770325
Darrington,2020-01-18,0.264,0.2831774055957794
Darrington,2020-01-19,0.267,0.28112414479255676
Darrington,2020-01-20,0.267,0.2892993092536926
Darrington,2020-01-21,0.277,0.2939256727695465
Darrington,2020-01-22,0.304,0.302441269159317
Darrington,2020-01-23,0.321,0.31323084235191345
Darrington,2020-01-24,0.319,0.31356173753738403
Darrington,2020-01-25,0.312,0.31356173753738403
Darrington,2020-01-26,0.316,0.3102568984031677
Darrington,2020-01-27,0.32,0.3112614154815674
Darrington,2020-01-28,0.313,0.3112614154815674
Darrington,2020-01-29,0.313,0.3131755590438843
Darrington,2020-01-30,0.3,0.3131755590438843
Darrington,2020-01-31,0.335,0.3143419921398163
Darrington,2020-02-01,0.319,0.31564876437187195
Darrington,2020-02-02,0.29,0.3145963251590729
Darrington,2020-02-03,0.282,0.3010370135307312
Darrington,2020-02-04,0.276,0.2937887907028198
Darrington,2020-02-05,0.303,0.29317083954811096
Darrington,2020-02-06,0.317,0.2961321771144867
Darrington,2020-02-07,0.321,0.2970016300678253
Darrington,2020-02-08,0.31,0.296797513961792
Darrington,2020-02-09,0.285,0.28403595089912415
Darrington,2020-02-10,0.275,0.2853236496448517
Darrington,2020-02-11,0.291,0.2917548716068268
Darrington,2020-02-12,0.29,0.2839660048484802
Darrington,2020-02-13,0.287,0.29328590631484985
Darrington,2020-02-14,0.319,0.30296361446380615
Darrington,2020-02-15,0.321,0.30906590819358826
Darrington,2020-02-16,0.317,0.31090372800827026
Darrington,2020-02-17,0.303,0.3086168169975281
Darrington,2020-02-18,0.282,0.3000234365463257
Darrington,2020-02-19,0.273,0.2958369851112366
Darrington,2020-02-23,0.323,0.3061906695365906
Darrington,2020-02-24,0.311,0.3095925450325012
Darrington,2020-02-25,0.285,0.31133192777633667
Darrington,2020-02-26,0.294,0.30612263083457947
Darrington,2020-02-27,0.281,0.29292336106300354
Darrington,2020-02-28,0.279,0.29378432035446167
Darrington,2020-02-29,0.316,0.2956799268722534
Darrington,2020-03-01,0.291,0.29625847935676575
Darrington,2020-03-02,0.321,0.30554720759391785
Darrington,2020-03-03,0.32,0.30656710267066956
Darrington,2020-03-04,0.304,0.30422255396842957
Darrington,2020-03-05,0.294,0.30640289187431335
Darrington,2020-03-06,0.315,0.30640289187431335
Darrington,2020-03-07,0.297,0.3032923936843872
Darrington,2020-03-08,0.303,0.30369117856025696
Darrington,2020-03-09,0.282,0.2929823696613312
Darrington,2020-03-10,0.279,0.28948134183883667
Darrington,2020-03-11,0.307,0.2916363477706909
Darrington,2020-03-12,0.282,0.2859760522842407
Darrington,2020-03-13,0.273,0.2874385416507721
Darrington,2020-03-14,0.263,0.2841089963912964
Darrington,2020-03-15,0.256,0.2802681624889374
Darrington,2020-03-16,0.253,0.2668275237083435
Darrington,2020-03-17,0.25,0.2638154923915863
Darrington,2020-03-18,0.247,0.26051753759384155
Darrington,2020-03-19,0.246,0.24947312474250793
Darrington,2020-03-20,0.244,0.24947312474250793
Darrington,2020-03-21,0.242,0.25117507576942444
Darrington,2020-03-22,0.24,0.24824170768260956
Darrington,2020-03-23,0.247,0.26985299587249756
Darrington,2020-03-24,0.253,0.24964022636413574
Darrington,2020-03-25,0.253,0.24915499985218048
Darrington,2020-03-26,0.252,0.26349884271621704
Darrington,2020-03-27,0.255,0.26836884021759033
Darrington,2020-03-28,0.294,0.28925296664237976
Darrington,2020-03-29,0.31,0.29498091340065
Darrington,2020-03-30,0.31,0.29645365476608276
Darrington,2020-03-31,0.308,0.2968534529209137
Darrington,2020-04-01,0.291,0.3000370264053345
Darrington,2020-04-02,0.283,0.30705568194389343
Darrington,2020-04-03,0.309,0.30351030826568604
Darrington,2020-04-04,0.293,0.2989678978919983
Darrington,2020-04-05,0.275,0.2750310003757477
Darrington,2020-04-06,0.265,0.2663564383983612
Darrington,2020-04-07,0.258,0.2454129457473755
Darrington,2020-04-08,0.252,0.24631668627262115
Darrington,2020-04-09,0.246,0.24382850527763367
Darrington,2020-04-10,0.243,0.2436683624982834
Darrington,2020-04-11,0.245,0.23356464505195618
Darrington,2020-04-12,0.24,0.22209683060646057
Darrington,2020-04-13,0.235,0.21191319823265076
Darrington,2020-04-14,0.229,0.21433624625205994
Darrington,2020-04-15,0.223,0.23757599294185638
Darrington,2020-04-16,0.216,0.2411431074142456
Darrington,2020-04-17,0.211,0.23898158967494965
Darrington,2020-04-18,0.207,0.2413163185119629
Darrington,2020-04-19,0.204,0.237684428691864
Darrington,2020-04-20,0.199,0.22643430531024933
Darrington,2020-04-21,0.192,0.22905860841274261
Darrington,2020-04-22,0.212,0.25693464279174805
Darrington,2020-04-23,0.248,0.2683200240135193
Darrington,2020-04-24,0.247,0.26975083351135254
Darrington,2020-04-25,0.265,0.29086753726005554
Darrington,2020-04-26,0.287,0.2824459671974182
Darrington,2020-04-27,0.31,0.29439571499824524
Darrington,2020-04-28,0.286,0.297453373670578
Darrington,2020-04-29,0.275,0.298387736082077
Darrington,2020-04-30,0.288,0.2972853481769562
Darrington,2020-05-01,0.275,0.27001404762268066
Darrington,2020-05-02,0.279,0.28126367926597595
Darrington,2020-05-03,0.317,0.28684088587760925
Darrington,2020-05-04,0.289,0.3031025230884552
Darrington,2020-05-05,0.268,0.29806405305862427
Darrington,2020-05-06,0.316,0.2813631594181061
Darrington,2020-05-07,0.293,0.2640606760978699
Darrington,2020-05-08,0.265,0.25551506876945496
Darrington,2020-05-09,0.238,0.25255122780799866
Darrington,2020-05-10,0.216,0.2360447496175766
Darrington,2020-05-11,0.204,0.2334124594926834
Darrington,2020-05-12,0.229,0.24565930664539337
Darrington,2020-05-13,0.248,0.2546302080154419
Darrington,2020-05-14,0.249,0.25478875637054443
Darrington,2020-05-15,0.253,0.25576910376548767
Darrington,2020-05-16,0.253,0.2546302080154419
Darrington,2020-05-17,0.303,0.26246824860572815
Darrington,2020-05-18,0.295,0.2589982748031616
Darrington,2020-05-19,0.271,0.25371015071868896
Darrington,2020-05-20,0.26,0.25490298867225647
Darrington,2020-05-21,0.272,0.2570927143096924
Darrington,2020-05-22,0.316,0.26766735315322876
Darrington,2020-05-23,0.291,0.2675890028476715
Darrington,2020-05-24,0.269,0.2603627145290375
Darrington,2020-05-25,0.291,0.27817708253860474
Darrington,2020-05-26,0.304,0.2718818187713623
Darrington,2020-05-27,0.272,0.27107763290405273
Darrington,2020-05-28,0.249,0.25991174578666687
Darrington,2020-05-29,0.23,0.25311845541000366
Darrington,2020-05-30,0.263,0.2669293284416199
Darrington,2020-05-31,0.296,0.27567631006240845
Darrington,2020-06-01,0.278,0.2747397720813751
Darrington,2020-06-02,0.269,0.2465895265340805
Darrington,2020-06-03,0.262,0.24190618097782135
Darrington,2020-06-04,0.252,0.24195556342601776
Darrington,2020-06-05,0.247,0.243947833776474
Darrington,2020-06-06,0.263,0.2546021640300751
Darrington,2020-06-07,0.281,0.2500842809677124
Darrington,2020-06-08,0.294,0.2827523350715637
Darrington,2020-06-09,0.318,0.29965606331825256
Darrington,2020-06-10,0.308,0.2970067858695984
Darrington,2020-06-11,0.295,0.2970067858695984
Darrington,2020-06-12,0.308,0.29765045642852783
Darrington,2020-06-13,0.311,0.29630401730537415
Darrington,2020-06-14,0.313,0.2941024601459503
Darrington,2020-06-15,0.314,0.2941482961177826
Darrington,2020-06-16,0.311,0.2886331379413605
Darrington,2020-06-17,0.291,0.27151182293891907
Darrington,2020-06-18,0.272,0.2559005916118622
Darrington,2020-06-19,0.252,0.24665658175945282
Darrington,2020-06-20,0.246,0.24333834648132324
Darrington,2020-06-21,0.242,0.2433449923992157
Darrington,2020-06-22,0.229,0.23296889662742615
Darrington,2020-06-23,0.216,0.23019668459892273
Darrington,2020-06-24,0.222,0.23509067296981812
Darrington,2020-06-25,0.219,0.23591218888759613
Darrington,2020-06-26,0.21,0.2352093905210495
Darrington,2020-06-27,0.206,0.23528710007667542
Darrington,2020-06-28,0.205,0.22673507034778595
Darrington,2020-06-29,0.198,0.22674478590488434
Darrington,2020-06-30,0.193,0.2378452569246292
Darrington,2020-07-01,0.212,0.25414812564849854
Darrington,2020-07-02,0.255,0.2597678303718567
Darrington,2020-07-03,0.252,0.2609160244464874
Darrington,2020-07-04,0.251,0.24978889524936676
Darrington,2020-07-05,0.238,0.23619350790977478
Darrington,2020-07-06,0.226,0.22967208921909332
Darrington,2020-07-07,0.221,0.23093381524085999
Darrington,2020-07-08,0.216,0.221156045794487
Darrington,2020-07-09,0.218,0.23317423462867737
Darrington,2020-07-10,0.223,0.2328905314207077
Darrington,2020-07-11,0.216,0.2328905314207077
Darrington,2020-07-12,0.224,0.2340722531080246
Darrington,2020-07-13,0.218,0.2261515110731125
Darrington,2020-07-14,0.205,0.1844799816608429
Darrington,2020-07-15,0.194,0.18277710676193237
Darrington,2020-07-16,0.183,0.17084164917469025
Darrington,2020-07-17,0.177,0.16019833087921143
Darrington,2020-07-18,0.17,0.14621418714523315
Darrington,2020-07-19,0.159,0.13435812294483185
Darrington,2020-07-20,0.149,0.12493647634983063
Darrington,2020-07-21,0.138,0.12181084603071213
Darrington,2020-07-22,0.129,0.11428237706422806
Darrington,2020-07-23,0.123,0.10932223498821259
Darrington,2020-07-24,0.12,0.11271403729915619
Darrington,2020-07-25,0.115,0.10855387896299362
Darrington,2020-07-26,0.109,0.10501795262098312
Darrington,2020-07-27,0.101,0.10469719767570496
Darrington,2020-07-28,0.095,0.09795019030570984
Darrington,2020-07-29,0.089,0.08751718699932098
Darrington,2020-07-30,0.085,0.08438433706760406
Darrington,2020-07-31,0.082,0.08274294435977936
Darrington,2020-08-01,0.079,0.08043107390403748
Darrington,2020-08-02,0.076,0.08338222652673721
Darrington,2020-08-03,0.074,0.07085587829351425
Darrington,2020-08-04,0.072,0.06759767234325409
Darrington,2020-08-05,0.07,0.06587772071361542
Darrington,2020-08-06,0.073,0.08164455741643906
Darrington,2020-08-07,0.084,0.09540662914514542
Darrington,2020-08-08,0.087,0.09604360163211823
Darrington,2020-08-09,0.087,0.09966471791267395
Darrington,2020-08-10,0.084,0.09792790561914444
Darrington,2020-08-11,0.08,0.08336038887500763
Darrington,2020-08-12,0.076,0.0710957795381546
Darrington,2020-08-13,0.073,0.07044138014316559
Darrington,2020-08-14,0.069,0.0668049305677414
Darrington,2020-08-15,0.066,0.06446630507707596
Darrington,2020-08-16,0.065,0.06275022029876709
Darrington,2020-08-17,0.063,0.05950744077563286
Darrington,2020-08-18,0.061,0.05310695990920067
Darrington,2020-08-19,0.059,0.05310695990920067
Darrington,2020-08-20,0.059,0.05928272008895874
Darrington,2020-08-21,0.06,0.07716076076030731
Darrington,2020-08-22,0.072,0.10894685983657837
Darrington,2020-08-23,0.07,0.0951152816414833
Darrington,2020-08-24,0.07,0.08581343293190002
Darrington,2020-08-25,0.068,0.08620190620422363
Darrington,2020-08-26,0.066,0.08214832842350006
Darrington,2020-08-27,0.064,0.08037283271551132
Darrington,2020-08-28,0.062,0.08113520592451096
Darrington,2020-08-29,0.061,0.07404246926307678
Darrington,2020-08-30,0.058,0.07964280247688293
Darrington,2020-08-31,0.059,0.07295025140047073
Darrington,2020-09-01,0.06,0.07485941052436829
Darrington,2020-09-02,0.059,0.07342948764562607
Darrington,2020-09-03,0.059,0.07122453302145004
Darrington,2020-09-04,0.058,0.07044807821512222
Darrington,2020-09-05,0.057,0.0711473748087883
Darrington,2020-09-06,0.057,0.06507046520709991
Darrington,2020-09-07,0.055,0.0637715607881546
Darrington,2020-09-08,0.053,0.060487307608127594
Darrington,2020-09-09,0.052,0.057967573404312134
Darrington,2020-09-10,0.052,0.05583590269088745
Darrington,2020-09-11,0.051,0.05583590269088745
Darrington,2020-09-12,0.051,0.05583590269088745
Darrington,2020-09-13,0.05,0.050180014222860336
Darrington,2020-09-14,0.05,0.04865726828575134
Darrington,2020-09-15,0.052,0.038184747099876404
Darrington,2020-09-16,0.053,0.03840697556734085
Darrington,2020-09-17,0.053,0.04415203630924225
Darrington,2020-09-18,0.056,0.060571737587451935
Darrington,2020-09-19,0.079,0.08904934674501419
Darrington,2020-09-20,0.099,0.09939872473478317
Darrington,2020-09-21,0.1,0.09631391614675522
Darrington,2020-09-22,0.115,0.09954312443733215
Darrington,2020-09-23,0.158,0.17023809254169464
Darrington,2020-09-24,0.212,0.2045566886663437
Darrington,2020-09-25,0.228,0.23676763474941254
Darrington,2020-09-26,0.243,0.24723070859909058
Darrington,2020-09-27,0.241,0.2531806230545044
Darrington,2020-09-28,0.228,0.2418394237756729
Darrington,2020-09-29,0.223,0.23408684134483337
Darrington,2020-09-30,0.219,0.21188242733478546
Darrington,2020-10-01,0.216,0.21568772196769714
Darrington,2020-10-02,0.214,0.21664878726005554
Darrington,2020-10-03,0.213,0.20663140714168549
Darrington,2020-10-04,0.211,0.19883108139038086
Darrington,2020-10-05,0.213,0.20513643324375153
Darrington,2020-10-06,0.216,0.2019575536251068
Darrington,2020-10-07,0.215,0.20027218759059906
Darrington,2020-10-08,0.215,0.21946480870246887
Darrington,2020-10-09,0.221,0.22483275830745697
Darrington,2020-10-10,0.307,0.25924408435821533
Darrington,2020-10-11,0.315,0.2710971236228943
Darrington,2020-10-12,0.304,0.29008811712265015
Darrington,2020-10-13,0.322,0.29413577914237976
Darrington,2020-10-14,0.323,0.29004859924316406
Darrington,2020-10-15,0.293,0.2923474609851837
Darrington,2020-10-16,0.325,0.29276561737060547
Darrington,2020-10-17,0.3,0.28715774416923523
Darrington,2020-10-18,0.32,0.2870576083660126
Darrington,2020-10-19,0.302,0.29666832089424133
Darrington,2020-10-20,0.307,0.2877621650695801
Darrington,2020-10-21,0.328,0.30250561237335205
Darrington,2020-10-22,0.302,0.29938286542892456
Darrington,2020-10-23,0.327,0.3168085813522339
Darrington,2020-10-24,0.309,0.3118633031845093
Darrington,2020-10-25,0.295,0.3122765123844147
Darrington,2020-10-26,0.286,0.3043421506881714
Darrington,2020-10-27,0.282,0.2925756573677063
Darrington,2020-10-28,0.3,0.28857770562171936
Darrington,2020-10-29,0.293,0.28888583183288574
Darrington,2020-10-30,0.326,0.29947391152381897
Darrington,2020-10-31,0.307,0.2963244915008545
Darrington,2020-11-01,0.297,0.2961401343345642
Darrington,2020-11-02,0.291,0.2820684313774109
Darrington,2020-11-03,0.329,0.30441293120384216
Darrington,2020-11-04,0.343,0.31685078144073486
Darrington,2020-11-05,0.35,0.3204953372478485
Darrington,2020-11-06,0.313,0.3133854269981384
Darrington,2020-11-07,0.301,0.32636165618896484
Darrington,2020-11-08,0.295,0.3135859966278076
Darrington,2020-11-09,0.291,0.30167752504348755
Darrington,2020-11-10,0.314,0.3094886541366577
Darrington,2020-11-11,0.312,0.3064902126789093
Darrington,2020-11-12,0.314,0.31104350090026855
Darrington,2020-11-13,0.355,0.32373133301734924
Darrington,2020-11-14,0.342,0.32809069752693176
Darrington,2020-11-15,0.351,0.3293987810611725
Darrington,2020-11-16,0.343,0.3300987482070923
Darrington,2020-11-17,0.34,0.32973045110702515
Darrington,2020-11-18,0.347,0.33270779252052307
Darrington,2020-11-19,0.339,0.3322415053844452
Darrington,2020-11-20,0.346,0.3297346830368042
Darrington,2020-11-21,0.329,0.3232336640357971
Darrington,2020-11-22,0.31,0.3209834694862366
Darrington,2020-11-23,0.314,0.3165047764778137
Darrington,2020-11-24,0.333,0.321493923664093
Darrington,2020-11-25,0.34,0.3258439600467682
Darrington,2020-11-26,0.324,0.3252047598361969
Darrington,2020-11-27,0.32,0.324274480342865
Darrington,2020-11-28,0.341,0.31948122382164
Darrington,2020-11-29,0.314,0.3131330609321594
Darrington,2020-11-30,0.349,0.32335203886032104
Darrington,2020-12-01,0.325,0.3180120289325714
Darrington,2020-12-02,0.31,0.3136219084262848
Darrington,2020-12-03,0.303,0.30892905592918396
Darrington,2020-12-04,0.299,0.27812883257865906
Darrington,2020-12-05,0.296,0.27447953820228577
Darrington,2020-12-06,0.294,0.2655588984489441
Darrington,2020-12-07,0.292,0.2667551338672638
Darrington,2020-12-08,0.352,0.29405486583709717
Darrington,2020-12-09,0.339,0.3047383427619934
Darrington,2020-12-10,0.318,0.3012264668941498
Darrington,2020-12-11,0.313,0.308723509311676
Darrington,2020-12-12,0.307,0.28982773423194885
Darrington,2020-12-13,0.317,0.28753218054771423
Darrington,2020-12-14,0.337,0.2940978705883026
Darrington,2020-12-15,0.348,0.309158593416214
Darrington,2020-12-16,0.344,0.31725600361824036
Darrington,2020-12-17,0.349,0.3289383351802826
Darrington,2020-12-18,0.349,0.3306850492954254
Darrington,2020-12-19,0.351,0.3328544795513153
Darrington,2020-12-20,0.336,0.32945358753204346
Darrington,2020-12-21,0.361,0.3383510708808899
Darrington,2020-12-22,0.335,0.3356455862522125
Darrington,2020-12-23,0.318,0.3252076804637909
Darrington,2020-12-24,0.308,0.3220587968826294
Darrington,2020-12-25,0.318,0.31830066442489624
Darrington,2020-12-26,0.348,0.3219679594039917
Darrington,2020-12-27,0.328,0.32346147298812866
Darrington,2020-12-28,0.313,0.31873974204063416
Darrington,2020-12-29,0.305,0.3190564215183258
Darrington,2020-12-30,0.364,0.33224934339523315
Darrington,2020-12-31,0.355,0.33266472816467285
Quinault,2019-01-01,0.19,0.21876610815525055
Quinault,2019-01-02,0.208,0.22422003746032715
Quinault,2019-01-03,0.263,0.2416231334209442
Quinault,2019-01-04,0.222,0.23826627433300018
Quinault,2019-01-05,0.207,0.2382921278476715
Quinault,2019-01-06,0.236,0.23663648962974548
Quinault,2019-01-07,0.215,0.23207992315292358
Quinault,2019-01-08,0.225,0.2329588681459427
Quinault,2019-01-09,0.244,0.23534032702445984
Quinault,2019-01-10,0.232,0.23394818603992462
Quinault,2019-01-11,0.205,0.21858535706996918
Quinault,2019-01-12,0.194,0.21772350370883942
Quinault,2019-01-13,0.189,0.2171952724456787
Quinault,2019-01-14,0.186,0.2052219957113266
Quinault,2019-01-15,0.184,0.20367294549942017
Quinault,2019-01-16,0.186,0.21405528485774994
Quinault,2019-01-17,0.243,0.2332545518875122
Quinault,2019-01-18,0.24,0.23757459223270416
Quinault,2019-01-19,0.23,0.23468218743801117
Quinault,2019-01-20,0.2,0.21743059158325195
Quinault,2019-01-21,0.192,0.21588589251041412
Quinault,2019-01-22,0.245,0.2355978637933731
Quinault,2019-01-23,0.224,0.23212845623493195
Quinault,2019-01-24,0.202,0.2159731388092041
Quinault,2019-01-25,0.195,0.2147500365972519
Quinault,2019-01-26,0.19,0.20747126638889313
Quinault,2019-01-27,0.19,0.20445401966571808
Quinault,2019-01-28,0.189,0.20330685377120972
Quinault,2019-01-29,0.188,0.2034427374601364
Quinault,2019-01-30,0.185,0.19985470175743103
Quinault,2019-01-31,0.186,0.2061835676431656
Quinault,2019-02-01,0.251,0.2323293685913086
Quinault,2019-02-02,0.217,0.23315726220607758
Quinault,2019-02-03,0.204,0.23306387662887573
Quinault,2019-02-04,0.209,0.2395140528678894
Quinault,2019-02-05,0.206,0.23009085655212402
Quinault,2019-02-06,0.197,0.22893103957176208
Quinault,2019-02-07,0.192,0.2264253944158554
Quinault,2019-02-08,0.191,0.22904226183891296
Quinault,2019-02-09,0.197,0.23460431396961212
Quinault,2019-02-10,0.199,0.23843535780906677
Quinault,2019-02-11,0.202,0.23438049852848053
Quinault,2019-02-12,0.218,0.23750419914722443
Quinault,2019-02-13,0.214,0.23649869859218597
Quinault,2019-02-14,0.219,0.237187460064888
Quinault,2019-02-15,0.224,0.23727798461914062
Quinault,2019-02-16,0.214,0.23461328446865082
Quinault,2019-02-17,0.216,0.23437757790088654
Quinault,2019-02-18,0.214,0.23253707587718964
Quinault,2019-02-19,0.23,0.233380988240242
Quinault,2019-02-20,0.231,0.2273944914340973
Quinault,2019-02-21,0.234,0.2285165637731552
Quinault,2019-02-22,0.235,0.23516258597373962
Quinault,2019-02-23,0.245,0.23362816870212555
Quinault,2019-02-24,0.234,0.23615992069244385
Quinault,2019-02-25,0.214,0.2431751936674118
Quinault,2019-02-26,0.216,0.23644044995307922
Quinault,2019-02-27,0.207,0.23194672167301178
Quinault,2019-02-28,0.208,0.22062291204929352
Quinault,2019-03-01,0.2,0.2165060192346573
Quinault,2019-03-02,0.195,0.21254891157150269
Quinault,2019-03-03,0.191,0.21060270071029663
Quinault,2019-03-04,0.187,0.20120488107204437
Quinault,2019-03-05,0.183,0.19542352855205536
Quinault,2019-03-06,0.18,0.1940772831439972
Quinault,2019-03-07,0.195,0.19730426371097565
Quinault,2019-03-08,0.206,0.2000700682401657
Quinault,2019-03-09,0.197,0.19978925585746765
Quinault,2019-03-10,0.19,0.2004545032978058
Quinault,2019-03-11,0.208,0.21732860803604126
Quinault,2019-03-12,0.228,0.21939486265182495
Quinault,2019-03-13,0.207,0.2136802077293396
Quinault,2019-03-14,0.198,0.21229088306427002
Quinault,2019-03-15,0.193,0.20007409155368805
Quinault,2019-03-16,0.189,0.19540473818778992
Quinault,2019-03-17,0.186,0.19506338238716125
Quinault,2019-03-18,0.182,0.18367606401443481
Quinault,2019-03-19,0.177,0.1773059219121933
Quinault,2019-03-20,0.173,0.16599252820014954
Quinault,2019-03-21,0.169,0.17167972028255463
Quinault,2019-03-22,0.18,0.18484877049922943
Quinault,2019-03-23,0.201,0.1870705634355545
Quinault,2019-03-24,0.19,0.18438203632831573
Quinault,2019-03-25,0.203,0.2057429850101471
Quinault,2019-03-26,0.227,0.21757318079471588
Quinault,2019-03-27,0.199,0.2127152532339096
Quinault,2019-03-28,0.191,0.20597144961357117
Quinault,2019-03-29,0.188,0.20573535561561584
Quinault,2019-03-30,0.187,0.19648651778697968
Quinault,2019-03-31,0.186,0.19638115167617798
Quinault,2019-04-01,0.183,0.1979047656059265
Quinault,2019-04-02,0.179,0.19856292009353638
Quinault,2019-04-03,0.242,0.22720548510551453
Quinault,2019-04-04,0.215,0.2275814265012741
Quinault,2019-04-05,0.244,0.24376505613327026
Quinault,2019-04-06,0.252,0.2507350444793701
Quinault,2019-04-07,0.225,0.24702322483062744
Quinault,2019-04-08,0.226,0.25452756881713867
Quinault,2019-04-09,0.217,0.23142129182815552
Quinault,2019-04-10,0.228,0.22917574644088745
Quinault,2019-04-11,0.233,0.22853344678878784
Quinault,2019-04-12,0.219,0.22193828225135803
Quinault,2019-04-13,0.236,0.2334883064031601
Quinault,2019-04-14,0.237,0.23358117043972015
Quinault,2019-04-15,0.213,0.2253725528717041
Quinault,2019-04-16,0.214,0.2253856360912323
Quinault,2019-04-17,0.234,0.22008705139160156
Quinault,2019-04-18,0.233,0.2304721623659134
Quinault,2019-04-19,0.227,0.23431093990802765
Quinault,2019-04-20,0.206,0.22107252478599548
Quinault,2019-04-21,0.196,0.2165273129940033
Quinault,2019-04-22,0.218,0.20625300705432892
Quinault,2019-04-23,0.223,0.20871978998184204
Quinault,2019-04-24,0.201,0.20516924560070038
Quinault,2019-04-25,0.191,0.20244544744491577
Quinault,2019-04-26,0.183,0.20176979899406433
Quinault,2019-04-27,0.178,0.2014724165201187
Quinault,2019-04-28,0.174,0.19524624943733215
Quinault,2019-04-29,0.168,0.19267572462558746
Quinault,2019-04-30,0.163,0.19103552401065826
Quinault,2019-05-01,0.157,0.18095281720161438
Quinault,2019-05-02,0.151,0.16793981194496155
Quinault,2019-05-03,0.144,0.15342271327972412
Quinault,2019-05-04,0.135,0.15233390033245087
Quinault,2019-05-05,0.128,0.14675088226795197
Quinault,2019-05-06,0.119,0.13630005717277527
Quinault,2019-05-07,0.11,0.1338912695646286
Quinault,2019-05-08,0.103,0.12953072786331177
Quinault,2019-05-09,0.095,0.12408293038606644
Quinault,2019-05-10,0.087,0.11815684288740158
Quinault,2019-05-11,0.08,0.1140650063753128
Quinault,2019-05-12,0.076,0.10808491706848145
Quinault,2019-05-13,0.073,0.1104123666882515
Quinault,2019-05-14,0.141,0.1450255662202835
Quinault,2019-05-15,0.185,0.17840576171875
Quinault,2019-05-16,0.197,0.2038494348526001
Quinault,2019-05-17,0.188,0.21129068732261658
Quinault,2019-05-18,0.189,0.20525556802749634
Quinault,2019-05-19,0.185,0.20778405666351318
Quinault,2019-05-20,0.195,0.20543938875198364
Quinault,2019-05-21,0.191,0.2002747654914856
Quinault,2019-05-22,0.182,0.18648788332939148
Quinault,2019-05-23,0.168,0.17208382487297058
Quinault,2019-05-24,0.16,0.1613091379404068
Quinault,2019-05-25,0.173,0.16612985730171204
Quinault,2019-05-26,0.182,0.16629628837108612
Quinault,2019-05-27,0.171,0.15937693417072296
Quinault,2019-05-28,0.163,0.1584383249282837
Quinault,2019-05-29,0.156,0.15690001845359802
Quinault,2019-05-30,0.147,0.15526193380355835
Quinault,2019-05-31,0.145,0.15346761047840118
Quinault,2019-06-01,0.184,0.15966790914535522
Quinault,2019-06-02,0.178,0.15965598821640015
Quinault,2019-06-03,0.168,0.16025859117507935
Quinault,2019-06-04,0.157,0.14813782274723053
Quinault,2019-06-05,0.156,0.1574828326702118
Quinault,2019-06-06,0.175,0.16666504740715027
Quinault,2019-06-07,0.256,0.21350188553333282
Quinault,2019-06-08,0.239,0.20892900228500366
Quinault,2019-06-09,0.222,0.19252146780490875
Quinault,2019-06-10,0.209,0.17522016167640686
Quinault,2019-06-11,0.196,0.17226429283618927
Quinault,2019-06-12,0.184,0.16667020320892334
Quinault,2019-06-13,0.172,0.16542492806911469
Quinault,2019-06-14,0.164,0.1589328944683075
Quinault,2019-06-15,0.156,0.1459687501192093
Quinault,2019-06-16,0.148,0.1438027173280716
Quinault,2019-06-17,0.141,0.1401989459991455
Quinault,2019-06-18,0.135,0.13533057272434235
Quinault,2019-06-19,0.13,0.13388636708259583
Quinault,2019-06-20,0.127,0.1341763138771057
Quinault,2019-06-21,0.124,0.1350775957107544
Quinault,2019-06-22,0.121,0.13060416281223297
Quinault,2019-06-23,0.117,0.1303863674402237
Quinault,2019-06-24,0.114,0.12675049901008606
Quinault,2019-06-25,0.112,0.13494433462619781
Quinault,2019-06-26,0.127,0.15533024072647095
Quinault,2019-06-27,0.216,0.20007401704788208
Quinault,2019-06-28,0.211,0.20607386529445648
Quinault,2019-06-29,0.19,0.1853933483362198
Quinault,2019-06-30,0.176,0.17249543964862823
Quinault,2019-07-01,0.164,0.1677417904138565
Quinault,2019-07-02,0.157,0.16283102333545685
Quinault,2019-07-03,0.152,0.16194148361682892
Quinault,2019-07-04,0.144,0.15712203085422516
Quinault,2019-07-05,0.14,0.15361040830612183
Quinault,2019-07-06,0.136,0.15138192474842072
Quinault,2019-07-07,0.132,0.13795338571071625
Quinault,2019-07-08,0.13,0.1383562833070755
Quinault,2019-07-09,0.14,0.14682462811470032
Quinault,2019-07-10,0.242,0.2225877344608307
Quinault,2019-07-11,0.232,0.2224244773387909
Quinault,2019-07-12,0.212,0.21596404910087585
Quinault,2019-07-13,0.199,0.21945354342460632
Quinault,2019-07-14,0.189,0.2064831703901291
Quinault,2019-07-15,0.181,0.20667512714862823
Quinault,2019-07-16,0.176,0.19980183243751526
Quinault,2019-07-17,0.236,0.21945486962795258
Quinault,2019-07-18,0.236,0.21899902820587158
Quinault,2019-07-19,0.224,0.2140301913022995
Quinault,2019-07-20,0.213,0.21361564099788666
Quinault,2019-07-21,0.203,0.20692820847034454
Quinault,2019-07-22,0.194,0.2064422070980072
Quinault,2019-07-23,0.187,0.20650747418403625
Quinault,2019-07-24,0.182,0.19680579006671906
Quinault,2019-07-25,0.174,0.1791490763425827
Quinault,2019-07-26,0.166,0.1730991005897522
Quinault,2019-07-27,0.194,0.17485560476779938
Quinault,2019-07-28,0.187,0.17314894497394562
Quinault,2019-07-29,0.177,0.16727058589458466
Quinault,2019-07-30,0.169,0.16178815066814423
Quinault,2019-07-31,0.162,0.162183478474617
Quinault,2019-08-01,0.165,0.1716618686914444
Quinault,2019-08-02,0.245,0.21753649413585663
Quinault,2019-08-03,0.218,0.21549537777900696
Quinault,2019-08-04,0.206,0.2151593118906021
Quinault,2019-08-05,0.197,0.20098567008972168
Quinault,2019-08-06,0.19,0.1864369809627533
Quinault,2019-08-07,0.186,0.17683230340480804
Quinault,2019-08-08,0.183,0.1808830201625824
Quinault,2019-08-09,0.179,0.17678064107894897
Quinault,2019-08-10,0.198,0.1827734261751175
Quinault,2019-08-11,0.226,0.19561000168323517
Quinault,2019-08-12,0.243,0.2021302431821823
Quinault,2019-08-13,0.225,0.19289235770702362
Quinault,2019-08-14,0.212,0.18624109029769897
Quinault,2019-08-15,0.204,0.1837048977613449
Quinault,2019-08-16,0.197,0.17519257962703705
Quinault,2019-08-17,0.19,0.17248126864433289
Quinault,2019-08-18,0.183,0.1641755849123001
Quinault,2019-08-19,0.177,0.15225259959697723
Quinault,2019-08-20,0.171,0.14487265050411224
Quinault,2019-08-21,0.245,0.20550796389579773
Quinault,2019-08-22,0.238,0.21581269800662994
Quinault,2019-08-23,0.226,0.21233074367046356
Quinault,2019-08-24,0.217,0.21279390156269073
Quinault,2019-08-25,0.208,0.19111208617687225
Quinault,2019-08-26,0.199,0.1801016926765442
Quinault,2019-08-27,0.191,0.17840507626533508
Quinault,2019-08-28,0.183,0.16706928610801697
Quinault,2019-08-29,0.177,0.16185104846954346
Quinault,2019-08-30,0.175,0.16702130436897278
Quinault,2019-08-31,0.178,0.17985793948173523
Quinault,2019-09-01,0.18,0.19371560215950012
Quinault,2019-09-02,0.178,0.19159990549087524
Quinault,2019-09-03,0.176,0.17805178463459015
Quinault,2019-09-04,0.174,0.17325955629348755
Quinault,2019-09-05,0.171,0.1662192940711975
Quinault,2019-09-06,0.168,0.15871553122997284
Quinault,2019-09-07,0.168,0.15421824157238007
Quinault,2019-09-08,0.197,0.16645775735378265
Quinault,2019-09-09,0.232,0.22567155957221985
Quinault,2019-09-10,0.23,0.2299947589635849
Quinault,2019-09-11,0.22,0.23015739023685455
Quinault,2019-09-12,0.233,0.2455216646194458
Quinault,2019-09-13,0.269,0.24535854160785675
Quinault,2019-09-14,0.278,0.26074352860450745
Quinault,2019-09-15,0.268,0.2661728262901306
Quinault,2019-09-16,0.264,0.2570333182811737
Quinault,2019-09-17,0.277,0.2555822432041168
Quinault,2019-09-18,0.258,0.2535865902900696
Quinault,2019-09-19,0.25,0.25435635447502136
Quinault,2019-09-20,0.242,0.24328282475471497
Quinault,2019-09-21,0.236,0.23273015022277832
Quinault,2019-09-22,0.265,0.2397191971540451
Quinault,2019-09-23,0.268,0.2451377511024475
Quinault,2019-09-24,0.259,0.24656988680362701
Quinault,2019-09-25,0.243,0.23885151743888855
Quinault,2019-09-26,0.26,0.23984338343143463
Quinault,2019-09-27,0.243,0.23564264178276062
Quinault,2019-09-28,0.235,0.23457010090351105
Quinault,2019-09-29,0.229,0.2325834482908249
Quinault,2019-09-30,0.223,0.22947312891483307
Quinault,2019-10-01,0.217,0.22612275183200836
Quinault,2019-10-02,0.213,0.2244616001844406
Quinault,2019-10-03,0.251,0.24135112762451172
Quinault,2019-10-04,0.273,0.2490861713886261
Quinault,2019-10-05,0.253,0.2490861713886261
Quinault,2019-10-06,0.243,0.24412202835083008
Quinault,2019-10-07,0.264,0.25930777192115784
Quinault,2019-10-08,0.265,0.25586479902267456
Quinault,2019-10-09,0.247,0.24862098693847656
Quinault,2019-10-10,0.238,0.24679972231388092
Quinault,2019-10-11,0.232,0.23117615282535553
Quinault,2019-10-12,0.229,0.2308236062526703
Quinault,2019-10-13,0.226,0.2282102257013321
Quinault,2019-10-14,0.222,0.22994083166122437
Quinault,2019-10-15,0.236,0.2330317199230194
Quinault,2019-10-16,0.286,0.2665182948112488
Quinault,2019-10-17,0.293,0.27270734310150146
Quinault,2019-10-18,0.289,0.2708909809589386
Quinault,2019-10-19,0.276,0.26995015144348145
Quinault,2019-10-20,0.275,0.265865296125412
Quinault,2019-10-21,0.309,0.26630711555480957
Quinault,2019-10-22,0.268,0.2542625069618225
Quinault,2019-10-23,0.253,0.2539772391319275
Quinault,2019-10-24,0.247,0.25347042083740234
Quinault,2019-10-25,0.246,0.24147091805934906
Quinault,2019-10-27,0.235,0.2389698177576065
Quinault,2019-10-28,0.231,0.23513104021549225
Quinault,2019-10-29,0.227,0.22086763381958008
Quinault,2019-10-30,0.224,0.21860271692276
Quinault,2019-10-31,0.221,0.22044852375984192
Quinault,2019-11-01,0.22,0.22306713461875916
Quinault,2019-11-02,0.218,0.21918192505836487
Quinault,2019-11-03,0.216,0.2182358205318451
Quinault,2019-11-04,0.215,0.21213263273239136
Quinault,2019-11-05,0.215,0.21004414558410645
Quinault,2019-11-06,0.214,0.21004414558410645
Quinault,2019-11-07,0.213,0.21004414558410645
Quinault,2019-11-08,0.212,0.2015661597251892
Quinault,2019-11-09,0.245,0.23368069529533386
Quinault,2019-11-10,0.25,0.2329462468624115
Quinault,2019-11-11,0.243,0.23403440415859222
Quinault,2019-11-12,0.257,0.24611231684684753
Quinault,2019-11-13,0.249,0.23322324454784393
Quinault,2019-11-14,0.244,0.2294076383113861
Quinault,2019-11-15,0.278,0.2638167440891266
Quinault,2019-11-16,0.276,0.2649649381637573
Quinault,2019-11-17,0.291,0.26972079277038574
Quinault,2019-11-18,0.274,0.2749330997467041
Quinault,2019-11-19,0.274,0.2670409679412842
Quinault,2019-11-20,0.253,0.25715336203575134
Quinault,2019-11-21,0.247,0.2489335983991623
Quinault,2019-11-22,0.243,0.2533336877822876
Quinault,2019-11-23,0.265,0.25713419914245605
Quinault,2019-11-24,0.272,0.26978906989097595
Quinault,2019-11-25,0.264,0.2652854919433594
Quinault,2019-11-26,0.253,0.26226377487182617
Quinault,2019-11-27,0.248,0.23962144553661346
Quinault,2019-11-28,0.242,0.23878158628940582
Quinault,2019-11-29,0.239,0.23603814840316772
Quinault,2019-11-30,0.287,0.23523694276809692
Quinault,2019-12-01,0.272,0.2381942719221115
Quinault,2019-12-02,0.258,0.24704967439174652
Quinault,2019-12-03,0.271,0.2546677589416504
Quinault,2019-12-04,0.276,0.262636661529541
Quinault,2019-12-05,0.257,0.24849405884742737
Quinault,2019-12-06,0.262,0.24894683063030243
Quinault,2019-12-07,0.282,0.2652326822280884
Quinault,2019-12-08,0.258,0.261279821395874
Quinault,2019-12-09,0.251,0.2523384094238281
Quinault,2019-12-10,0.266,0.26334044337272644
Quinault,2019-12-11,0.284,0.270902544260025
Quinault,2019-12-12,0.298,0.28075113892555237
Quinault,2019-12-13,0.28,0.2762753367424011
Quinault,2019-12-14,0.261,0.28297942876815796
Quinault,2019-12-15,0.253,0.2712211608886719
Quinault,2019-12-16,0.276,0.267321914434433
Quinault,2019-12-17,0.264,0.265404611825943
Quinault,2019-12-18,0.28,0.27471792697906494
Quinault,2019-12-19,0.308,0.29084476828575134
Quinault,2019-12-20,0.309,0.2936100661754608
Quinault,2019-12-21,0.288,0.28920498490333557
Quinault,2019-12-22,0.274,0.2873968183994293
Quinault,2019-12-23,0.263,0.2743379473686218
Quinault,2019-12-24,0.267,0.2719768285751343
Quinault,2019-12-25,0.27,0.26560649275779724
Quinault,2019-12-26,0.262,0.2659081816673279
Quinault,2019-12-27,0.274,0.26423290371894836
Quinault,2019-12-28,0.265,0.26563918590545654
Quinault,2019-12-29,0.276,0.26864197850227356
Quinault,2019-12-30,0.27,0.266554057598114
Quinault,2019-12-31,0.325,0.28974759578704834
Quinault,2020-01-01,0.3,0.303947776556015
Quinault,2020-01-02,0.29,0.30108895897865295
Quinault,2020-01-03,0.307,0.3022393584251404
Quinault,2020-01-04,0.299,0.3003644049167633
Quinault,2020-01-05,0.3,0.30174586176872253
Quinault,2020-01-06,0.361,0.3129151463508606
Quinault,2020-01-07,0.329,0.31158247590065
Quinault,2020-01-08,0.289,0.3099367320537567
Quinault,2020-01-09,0.276,0.3050417900085449
Quinault,2020-01-10,0.319,0.31002163887023926
Quinault,2020-01-11,0.309,0.30897289514541626
Quinault,2020-01-12,0.319,0.306549608707428
Quinault,2020-01-13,0.28,0.29488852620124817
Quinault,2020-01-14,0.274,0.29373225569725037
Quinault,2020-01-15,0.288,0.29180437326431274
Quinault,2020-01-16,0.292,0.2888888716697693
Quinault,2020-01-17,0.273,0.2855622470378876
Quinault,2020-01-18,0.311,0.2897883951663971
Quinault,2020-01-19,0.301,0.29198306798934937
Quinault,2020-01-20,0.292,0.29906997084617615
Quinault,2020-01-21,0.325,0.3020460605621338
Quinault,2020-01-22,0.321,0.3033512532711029
Quinault,2020-01-23,0.361,0.30839285254478455
Quinault,2020-01-24,0.319,0.30594107508659363
Quinault,2020-01-25,0.292,0.30293208360671997
Quinault,2020-01-26,0.321,0.3077014088630676
Quinault,2020-01-27,0.308,0.3020942211151123
Quinault,2020-01-28,0.302,0.2967562675476074
Quinault,2020-01-29,0.309,0.2952859103679657
Quinault,2020-01-30,0.305,0.3028452396392822
Quinault,2020-01-31,0.347,0.3075157105922699
Quinault,2020-02-01,0.316,0.30707406997680664
Quinault,2020-02-02,0.287,0.30824586749076843
Quinault,2020-02-03,0.283,0.2928653955459595
Quinault,2020-02-04,0.298,0.30508261919021606
Quinault,2020-02-05,0.316,0.2972634732723236
Quinault,2020-02-06,0.326,0.29911744594573975
Quinault,2020-02-07,0.318,0.30202555656433105
Quinault,2020-02-08,0.293,0.2944362163543701
Quinault,2020-02-09,0.265,0.2787877321243286
Quinault,2020-02-10,0.258,0.27408191561698914
Quinault,2020-02-11,0.255,0.26284727454185486
Quinault,2020-02-12,0.255,0.25286805629730225
Quinault,2020-02-13,0.276,0.2643018364906311
Quinault,2020-02-14,0.291,0.2672910988330841
Quinault,2020-02-15,0.305,0.2788090407848358
Quinault,2020-02-16,0.288,0.2785211205482483
Quinault,2020-02-17,0.275,0.27194076776504517
Quinault,2020-02-18,0.261,0.2589828073978424
Quinault,2020-02-19,0.255,0.24275150895118713
Quinault,2020-02-20,0.25,0.2440471649169922
Quinault,2020-02-21,0.247,0.24653774499893188
Quinault,2020-02-22,0.272,0.24816128611564636
Quinault,2020-02-23,0.306,0.27081987261772156
Quinault,2020-02-24,0.273,0.2732294201850891
Quinault,2020-02-25,0.26,0.2736135423183441
Quinault,2020-02-26,0.26,0.26604321599006653
Quinault,2020-02-27,0.253,0.24871905148029327
Quinault,2020-02-28,0.271,0.2607213854789734
Quinault,2020-02-29,0.291,0.26972663402557373
Quinault,2020-03-01,0.265,0.2688470780849457
Quinault,2020-03-02,0.289,0.27313804626464844
Quinault,2020-03-03,0.296,0.27174919843673706
Quinault,2020-03-04,0.28,0.26845502853393555
Quinault,2020-03-05,0.286,0.27552783489227295
Quinault,2020-03-06,0.28,0.2733013331890106
Quinault,2020-03-07,0.283,0.2706453502178192
Quinault,2020-03-08,0.266,0.26627713441848755
Quinault,2020-03-09,0.258,0.25184276700019836
Quinault,2020-03-10,0.272,0.2536291778087616
Quinault,2020-03-11,0.28,0.25176021456718445
Quinault,2020-03-12,0.26,0.2503935694694519
Quinault,2020-03-13,0.271,0.25306087732315063
Quinault,2020-03-14,0.263,0.24547435343265533
Quinault,2020-03-15,0.255,0.24474087357521057
Quinault,2020-03-16,0.249,0.24350115656852722
Quinault,2020-03-17,0.244,0.23584240674972534
Quinault,2020-03-18,0.24,0.2335125058889389
Quinault,2020-03-19,0.236,0.22215093672275543
Quinault,2020-03-20,0.233,0.22039377689361572
Quinault,2020-03-21,0.23,0.21417656540870667
Quinault,2020-03-22,0.227,0.21530160307884216
Quinault,2020-03-23,0.283,0.25765419006347656
Quinault,2020-03-24,0.288,0.25830110907554626
Quinault,2020-03-25,0.266,0.262479305267334
Quinault,2020-03-26,0.263,0.27753695845603943
Quinault,2020-03-27,0.295,0.27850210666656494
Quinault,2020-03-28,0.314,0.29473546147346497
Quinault,2020-03-29,0.299,0.2975263297557831
Quinault,2020-03-30,0.306,0.30101436376571655
Quinault,2020-03-31,0.291,0.29674413800239563
Quinault,2020-04-01,0.28,0.2860136330127716
Quinault,2020-04-02,0.271,0.28117865324020386
Quinault,2020-04-03,0.274,0.2666877806186676
Quinault,2020-04-04,0.266,0.25506001710891724
Quinault,2020-04-05,0.256,0.25099700689315796
Quinault,2020-04-06,0.249,0.2469625622034073
Quinault,2020-04-07,0.242,0.23385487496852875
Quinault,2020-04-08,0.236,0.2263168841600418
Quinault,2020-04-09,0.231,0.2221149057149887
Quinault,2020-04-10,0.226,0.2224896103143692
Quinault,2020-04-11,0.221,0.2138703167438507
Quinault,2020-04-12,0.215,0.2117146998643875
Quinault,2020-04-13,0.207,0.2114202380180359
Quinault,2020-04-14,0.201,0.2079039216041565
Quinault,2020-04-15,0.196,0.19733920693397522
Quinault,2020-04-16,0.189,0.19052669405937195
Quinault,2020-04-17,0.183,0.19026526808738708
Quinault,2020-04-18,0.179,0.19567231833934784
Quinault,2020-04-19,0.177,0.19536085426807404
Quinault,2020-04-20,0.173,0.1926133632659912
Quinault,2020-04-21,0.171,0.19038866460323334
Quinault,2020-04-22,0.244,0.247861847281456
Quinault,2020-04-23,0.259,0.2512878477573395
Quinault,2020-04-24,0.24,0.255603164434433
Quinault,2020-04-25,0.268,0.27213558554649353
Quinault,2020-04-26,0.265,0.27173349261283875
Quinault,2020-04-27,0.29,0.2816188633441925
Quinault,2020-04-28,0.259,0.27718213200569153
Quinault,2020-04-29,0.264,0.27500730752944946
Quinault,2020-04-30,0.287,0.2748231887817383
Quinault,2020-05-01,0.262,0.269597589969635
Quinault,2020-05-02,0.284,0.27965280413627625
Quinault,2020-05-03,0.275,0.2828890383243561
Quinault,2020-05-04,0.26,0.28111645579338074
Quinault,2020-05-05,0.262,0.2730172574520111
Quinault,2020-05-06,0.275,0.2707841992378235
Quinault,2020-05-07,0.251,0.25940775871276855
Quinault,2020-05-08,0.237,0.250426322221756
Quinault,2020-05-09,0.225,0.24945621192455292
Quinault,2020-05-10,0.214,0.22705718874931335
Quinault,2020-05-11,0.209,0.23479624092578888
Quinault,2020-05-12,0.264,0.2512824833393097
Quinault,2020-05-13,0.285,0.2622944116592407
Quinault,2020-05-14,0.26,0.2617602050304413
Quinault,2020-05-15,0.245,0.2551128566265106
Quinault,2020-05-16,0.267,0.26036593317985535
Quinault,2020-05-17,0.268,0.25861287117004395
Quinault,2020-05-18,0.257,0.26188626885414124
Quinault,2020-05-19,0.252,0.2568609416484833
Quinault,2020-05-20,0.241,0.24539373815059662
Quinault,2020-05-21,0.267,0.24932289123535156
Quinault,2020-05-22,0.271,0.2525714039802551
Quinault,2020-05-23,0.252,0.2503605782985687
Quinault,2020-05-24,0.241,0.2464124858379364
Quinault,2020-05-25,0.266,0.2472846508026123
Quinault,2020-05-26,0.253,0.24101440608501434
Quinault,2020-05-27,0.237,0.2357974648475647
Quinault,2020-05-28,0.225,0.23311953246593475
Quinault,2020-05-29,0.212,0.2297852784395218
Quinault,2020-05-30,0.221,0.2315746694803238
Quinault,2020-05-31,0.241,0.22835654020309448
Quinault,2020-06-01,0.226,0.22541002929210663
Quinault,2020-06-02,0.215,0.1985308676958084
Quinault,2020-06-03,0.209,0.190512552857399
Quinault,2020-06-04,0.201,0.18449871242046356
Quinault,2020-06-05,0.194,0.17220763862133026
Quinault,2020-06-06,0.207,0.20781616866588593
Quinault,2020-06-07,0.242,0.21208250522613525
Quinault,2020-06-08,0.235,0.2243768274784088
Quinault,2020-06-09,0.289,0.26006731390953064
Quinault,2020-06-10,0.263,0.253712922334671
Quinault,2020-06-11,0.251,0.24454477429389954
Quinault,2020-06-12,0.272,0.251396507024765
Quinault,2020-06-13,0.272,0.2507931888103485
Quinault,2020-06-14,0.256,0.24562625586986542
Quinault,2020-06-15,0.278,0.25109365582466125
Quinault,2020-06-16,0.265,0.2506685256958008
Quinault,2020-06-17,0.253,0.23691608011722565
Quinault,2020-06-18,0.241,0.23431286215782166
Quinault,2020-06-19,0.23,0.22814494371414185
Quinault,2020-06-20,0.265,0.23594284057617188
Quinault,2020-06-21,0.258,0.2272869497537613
Quinault,2020-06-22,0.241,0.22393415868282318
Quinault,2020-06-23,0.228,0.21636395156383514
Quinault,2020-06-24,0.218,0.20944379270076752
Quinault,2020-06-25,0.207,0.20870934426784515
Quinault,2020-06-26,0.195,0.20845912396907806
Quinault,2020-06-27,0.186,0.20722943544387817
Quinault,2020-06-28,0.182,0.19828753173351288
Quinault,2020-06-29,0.177,0.1932619959115982
Quinault,2020-06-30,0.172,0.19373415410518646
Quinault,2020-07-01,0.17,0.1961870938539505
Quinault,2020-07-02,0.169,0.2045879065990448
Quinault,2020-07-03,0.188,0.20820751786231995
Quinault,2020-07-04,0.184,0.2027568370103836
Quinault,2020-07-05,0.177,0.19084957242012024
Quinault,2020-07-06,0.171,0.1822439581155777
Quinault,2020-07-07,0.168,0.17893768846988678
Quinault,2020-07-08,0.165,0.16781868040561676
Quinault,2020-07-09,0.166,0.18361042439937592
Quinault,2020-07-10,0.168,0.16956883668899536
Quinault,2020-07-11,0.174,0.20546196401119232
Quinault,2020-07-12,0.226,0.2108045220375061
Quinault,2020-07-13,0.205,0.20790131390094757
Quinault,2020-07-14,0.189,0.1836322396993637
Quinault,2020-07-15,0.176,0.16763761639595032
Quinault,2020-07-16,0.166,0.16050656139850616
Quinault,2020-07-17,0.159,0.1502855122089386
Quinault,2020-07-18,0.152,0.14473332464694977
Quinault,2020-07-19,0.146,0.13153718411922455
Quinault,2020-07-20,0.14,0.13019874691963196
Quinault,2020-07-21,0.135,0.12594184279441833
Quinault,2020-07-22,0.131,0.12250787019729614
Quinault,2020-07-23,0.128,0.11920785903930664
Quinault,2020-07-24,0.124,0.11853194236755371
Quinault,2020-07-25,0.121,0.11686928570270538
Quinault,2020-07-26,0.117,0.10926373302936554
Quinault,2020-07-27,0.114,0.1089191809296608
Quinault,2020-07-28,0.111,0.1055174469947815
Quinault,2020-07-29,0.109,0.10592855513095856
Quinault,2020-07-30,0.107,0.10584358870983124
Quinault,2020-07-31,0.105,0.10546887665987015
Quinault,2020-08-01,0.105,0.10228780657052994
Quinault,2020-08-02,0.104,0.0984102338552475
Quinault,2020-08-03,0.103,0.09595521539449692
Quinault,2020-08-04,0.102,0.10372422635555267
Quinault,2020-08-05,0.102,0.10024601966142654
Quinault,2020-08-06,0.131,0.11304476112127304
Quinault,2020-08-07,0.13,0.114956796169281
Quinault,2020-08-08,0.128,0.11645115911960602
Quinault,2020-08-09,0.124,0.11810051649808884
Quinault,2020-08-10,0.12,0.11659478396177292
Quinault,2020-08-11,0.115,0.1118881031870842
Quinault,2020-08-12,0.112,0.10926488041877747
Quinault,2020-08-13,0.108,0.10920850932598114
Quinault,2020-08-14,0.107,0.10244347900152206
Quinault,2020-08-15,0.104,0.10160576552152634
Quinault,2020-08-16,0.102,0.08777254074811935
Quinault,2020-08-17,0.101,0.08529476821422577
Quinault,2020-08-18,0.099,0.08311552554368973
Quinault,2020-08-19,0.098,0.08023327589035034
Quinault,2020-08-20,0.169,0.15828821063041687
Quinault,2020-08-21,0.216,0.20857584476470947
Quinault,2020-08-22,0.214,0.21141357719898224
Quinault,2020-08-23,0.201,0.2102266103029251
Quinault,2020-08-24,0.194,0.2071971297264099
Quinault,2020-08-25,0.187,0.1971989870071411
Quinault,2020-08-26,0.181,0.1934230774641037
Quinault,2020-08-27,0.175,0.19172422587871552
Quinault,2020-08-28,0.17,0.1866711676120758
Quinault,2020-08-29,0.166,0.1682640165090561
Quinault,2020-08-30,0.16,0.16152611374855042
Quinault,2020-08-31,0.156,0.15686433017253876
Quinault,2020-09-01,0.153,0.15156878530979156
Quinault,2020-09-02,0.149,0.1471026986837387
Quinault,2020-09-03,0.145,0.14138710498809814
Quinault,2020-09-04,0.142,0.1377549022436142
Quinault,2020-09-05,0.14,0.1370314061641693
Quinault,2020-09-06,0.137,0.1311183124780655
Quinault,2020-09-07,0.135,0.12768636643886566
Quinault,2020-09-08,0.13,0.12754352390766144
Quinault,2020-09-09,0.127,0.12457288801670074
Quinault,2020-09-10,0.124,0.11735402792692184
Quinault,2020-09-11,0.122,0.11553943902254105
Quinault,2020-09-12,0.122,0.11449597775936127
Quinault,2020-09-13,0.12,0.11341296136379242
Quinault,2020-09-14,0.12,0.1337367743253708
Quinault,2020-09-15,0.122,0.1382012516260147
Quinault,2020-09-16,0.134,0.1389133334159851
Quinault,2020-09-17,0.135,0.1387874186038971
Quinault,2020-09-18,0.148,0.18352800607681274
Quinault,2020-09-19,0.189,0.20748452842235565
Quinault,2020-09-20,0.198,0.1999853402376175
Quinault,2020-09-21,0.193,0.21203097701072693
Quinault,2020-09-22,0.202,0.19780945777893066
Quinault,2020-09-23,0.268,0.25455543398857117
Quinault,2020-09-24,0.27,0.261115700006485
Quinault,2020-09-25,0.27,0.2686450481414795
Quinault,2020-09-26,0.249,0.2784712612628937
Quinault,2020-09-27,0.234,0.23900559544563293
Quinault,2020-09-28,0.224,0.2275368571281433
Quinault,2020-09-29,0.216,0.21711859107017517
Quinault,2020-09-30,0.21,0.21449102461338043
Quinault,2020-10-01,0.206,0.21371936798095703
Quinault,2020-10-02,0.202,0.2132185846567154
Quinault,2020-10-03,0.199,0.2013692855834961
Quinault,2020-10-04,0.197,0.199186310172081
Quinault,2020-10-05,0.194,0.19751374423503876
Quinault,2020-10-06,0.189,0.19480282068252563
Quinault,2020-10-07,0.184,0.19458217918872833
Quinault,2020-10-08,0.182,0.19946427643299103
Quinault,2020-10-09,0.207,0.23844091594219208
Quinault,2020-10-10,0.27,0.25029200315475464
Quinault,2020-10-11,0.271,0.254785418510437
Quinault,2020-10-12,0.246,0.2668890357017517
Quinault,2020-10-13,0.275,0.2697542607784271
Quinault,2020-10-14,0.253,0.26757416129112244
Quinault,2020-10-15,0.234,0.255250483751297
Quinault,2020-10-16,0.253,0.2687794864177704
Quinault,2020-10-17,0.24,0.2530883848667145
Quinault,2020-10-18,0.258,0.25820669531822205
Quinault,2020-10-19,0.241,0.2600635886192322
Quinault,2020-10-20,0.232,0.24733786284923553
Quinault,2020-10-21,0.226,0.24969501793384552
Quinault,2020-10-22,0.222,0.23800677061080933
Quinault,2020-10-23,0.247,0.2503177523612976
Quinault,2020-10-24,0.247,0.2542736232280731
Quinault,2020-10-25,0.236,0.24918706715106964
Quinault,2020-10-26,0.23,0.2479025274515152
Quinault,2020-10-27,0.226,0.23892894387245178
Quinault,2020-10-28,0.224,0.24022287130355835
Quinault,2020-10-29,0.222,0.23985892534255981
Quinault,2020-10-30,0.255,0.25480833649635315
Quinault,2020-10-31,0.235,0.2471235990524292
Quinault,2020-11-01,0.229,0.24541179835796356
Quinault,2020-11-02,0.224,0.2380746752023697
Quinault,2020-11-03,0.277,0.26470324397087097
Quinault,2020-11-04,0.289,0.27119094133377075
Quinault,2020-11-05,0.27,0.26878952980041504
Quinault,2020-11-06,0.243,0.2538968324661255
Quinault,2020-11-07,0.234,0.251817911863327
Quinault,2020-11-08,0.228,0.24532924592494965
Quinault,2020-11-09,0.24,0.2456180900335312
Quinault,2020-11-10,0.277,0.2515747547149658
Quinault,2020-11-11,0.248,0.24912478029727936
Quinault,2020-11-12,0.271,0.2754829525947571
Quinault,2020-11-13,0.292,0.280522882938385
Quinault,2020-11-14,0.281,0.27826988697052
Quinault,2020-11-15,0.277,0.27927106618881226
Quinault,2020-11-16,0.273,0.28500986099243164
Quinault,2020-11-17,0.286,0.2857321798801422
Quinault,2020-11-18,0.297,0.2858165502548218
Quinault,2020-11-19,0.285,0.2854999899864197
Quinault,2020-11-20,0.29,0.28725072741508484
Quinault,2020-11-21,0.262,0.2742505371570587
Quinault,2020-11-22,0.261,0.27579188346862793
Quinault,2020-11-23,0.27,0.27058544754981995
Quinault,2020-11-24,0.282,0.27116742730140686
Quinault,2020-11-25,0.276,0.27106568217277527
Quinault,2020-11-26,0.26,0.2699873745441437
Quinault,2020-11-27,0.272,0.2769591212272644
Quinault,2020-11-28,0.26,0.26835930347442627
Quinault,2020-11-29,0.247,0.26897215843200684
Quinault,2020-11-30,0.277,0.2752063274383545
Quinault,2020-12-01,0.249,0.272086501121521
Quinault,2020-12-02,0.244,0.26808226108551025
Quinault,2020-12-03,0.242,0.2761455476284027
Quinault,2020-12-04,0.239,0.2624969482421875
Quinault,2020-12-05,0.237,0.26198694109916687
Quinault,2020-12-06,0.26,0.26535916328430176
Quinault,2020-12-07,0.265,0.2773808240890503
Quinault,2020-12-08,0.29,0.2859896421432495
Quinault,2020-12-09,0.262,0.2828194499015808
Quinault,2020-12-10,0.261,0.28299835324287415
Quinault,2020-12-11,0.267,0.2876180112361908
Quinault,2020-12-12,0.25,0.27417322993278503
Quinault,2020-12-13,0.288,0.2811814248561859
Quinault,2020-12-14,0.275,0.2808760702610016
Quinault,2020-12-15,0.287,0.2859232723712921
Quinault,2020-12-16,0.288,0.2952156960964203
Quinault,2020-12-17,0.287,0.2988825738430023
Quinault,2020-12-18,0.294,0.2987181842327118
Quinault,2020-12-19,0.286,0.29497918486595154
Quinault,2020-12-20,0.272,0.2916613817214966
Quinault,2020-12-21,0.295,0.28415054082870483
Quinault,2020-12-22,0.264,0.26633915305137634
Quinault,2020-12-23,0.252,0.2609354257583618
Quinault,2020-12-24,0.248,0.25472795963287354
Quinault,2020-12-25,0.285,0.2632196247577667
Quinault,2020-12-26,0.296,0.27029362320899963
Quinault,2020-12-27,0.287,0.27066150307655334
Quinault,2020-12-28,0.255,0.2649872303009033
Quinault,2020-12-29,0.267,0.28304553031921387
Quinault,2020-12-30,0.309,0.28660017251968384
Quinault,2020-12-31,0.29,0.28583604097366333
SourdoughGulch_WA_985,2019-01-01,0.295,0.2585527300834656
SourdoughGulch_WA_985,2019-01-02,0.222,0.23826174437999725
SourdoughGulch_WA_985,2019-01-03,0.165,0.23361431062221527
SourdoughGulch_WA_985,2019-01-04,0.196,0.2332589328289032
SourdoughGulch_WA_985,2019-01-05,0.223,0.2332589328289032
SourdoughGulch_WA_985,2019-01-06,0.236,0.2360295206308365
SourdoughGulch_WA_985,2019-01-07,0.247,0.2423352599143982
SourdoughGulch_WA_985,2019-01-08,0.252,0.24272385239601135
SourdoughGulch_WA_985,2019-01-09,0.244,0.24240709841251373
SourdoughGulch_WA_985,2019-01-10,0.253,0.24913960695266724
SourdoughGulch_WA_985,2019-01-11,0.277,0.25513771176338196
SourdoughGulch_WA_985,2019-01-12,0.277,0.25421226024627686
SourdoughGulch_WA_985,2019-01-13,0.252,0.24845315515995026
SourdoughGulch_WA_985,2019-01-14,0.184,0.19560378789901733
SourdoughGulch_WA_985,2019-01-15,0.115,0.17431458830833435
SourdoughGulch_WA_985,2019-01-16,0.119,0.16700097918510437
SourdoughGulch_WA_985,2019-01-17,0.119,0.1879904717206955
SourdoughGulch_WA_985,2019-01-18,0.134,0.19115810096263885
SourdoughGulch_WA_985,2019-01-19,0.147,0.19476203620433807
SourdoughGulch_WA_985,2019-01-20,0.156,0.20602619647979736
SourdoughGulch_WA_985,2019-01-21,0.172,0.22863231599330902
SourdoughGulch_WA_985,2019-01-22,0.184,0.22501887381076813
SourdoughGulch_WA_985,2019-01-23,0.177,0.2246001958847046
SourdoughGulch_WA_985,2019-01-24,0.224,0.2330363243818283
SourdoughGulch_WA_985,2019-01-25,0.253,0.23709888756275177
SourdoughGulch_WA_985,2019-01-26,0.261,0.24066466093063354
SourdoughGulch_WA_985,2019-01-27,0.256,0.23769746720790863
SourdoughGulch_WA_985,2019-01-28,0.307,0.24114583432674408
SourdoughGulch_WA_985,2019-01-29,0.288,0.2396395206451416
SourdoughGulch_WA_985,2019-01-30,0.194,0.23398129642009735
SourdoughGulch_WA_985,2019-01-31,0.146,0.21354570984840393
SourdoughGulch_WA_985,2019-02-01,0.149,0.21843089163303375
SourdoughGulch_WA_985,2019-02-02,0.174,0.24694935977458954
SourdoughGulch_WA_985,2019-02-03,0.193,0.24825818836688995
SourdoughGulch_WA_985,2019-02-04,0.242,0.25587525963783264
SourdoughGulch_WA_985,2019-02-05,0.267,0.2603588402271271
SourdoughGulch_WA_985,2019-02-06,0.276,0.2673356235027313
SourdoughGulch_WA_985,2019-02-07,0.274,0.2681366205215454
SourdoughGulch_WA_985,2019-02-08,0.266,0.26883238554000854
SourdoughGulch_WA_985,2019-02-09,0.25,0.26936769485473633
SourdoughGulch_WA_985,2019-02-10,0.247,0.26390737295150757
SourdoughGulch_WA_985,2019-02-11,0.236,0.2621709108352661
SourdoughGulch_WA_985,2019-02-12,0.231,0.2602008283138275
SourdoughGulch_WA_985,2019-02-13,0.243,0.26009508967399597
SourdoughGulch_WA_985,2019-02-14,0.258,0.261362224817276
SourdoughGulch_WA_985,2019-02-15,0.265,0.2719308137893677
SourdoughGulch_WA_985,2019-02-16,0.267,0.2725428342819214
SourdoughGulch_WA_985,2019-02-17,0.269,0.2722049653530121
SourdoughGulch_WA_985,2019-02-18,0.273,0.27932366728782654
SourdoughGulch_WA_985,2019-02-19,0.275,0.2805286943912506
SourdoughGulch_WA_985,2019-02-20,0.277,0.27979639172554016
SourdoughGulch_WA_985,2019-02-21,0.277,0.2792861759662628
SourdoughGulch_WA_985,2019-02-22,0.277,0.28066036105155945
SourdoughGulch_WA_985,2019-02-23,0.279,0.2797909677028656
SourdoughGulch_WA_985,2019-02-24,0.278,0.2792758047580719
SourdoughGulch_WA_985,2019-02-25,0.28,0.2795015275478363
SourdoughGulch_WA_985,2019-02-26,0.28,0.2814415693283081
SourdoughGulch_WA_985,2019-02-27,0.281,0.2875809669494629
SourdoughGulch_WA_985,2019-02-28,0.283,0.2867637276649475
SourdoughGulch_WA_985,2019-03-01,0.284,0.2814086675643921
SourdoughGulch_WA_985,2019-03-02,0.285,0.2744998633861542
SourdoughGulch_WA_985,2019-03-03,0.285,0.2742108404636383
SourdoughGulch_WA_985,2019-03-04,0.285,0.2731820046901703
SourdoughGulch_WA_985,2019-03-05,0.284,0.273029625415802
SourdoughGulch_WA_985,2019-03-06,0.284,0.2830173671245575
SourdoughGulch_WA_985,2019-03-07,0.283,0.2917112708091736
SourdoughGulch_WA_985,2019-03-08,0.308,0.29498395323753357
SourdoughGulch_WA_985,2019-03-09,0.305,0.29634660482406616
SourdoughGulch_WA_985,2019-03-10,0.304,0.29609164595603943
SourdoughGulch_WA_985,2019-03-11,0.302,0.29633909463882446
SourdoughGulch_WA_985,2019-03-12,0.3,0.2973271310329437
SourdoughGulch_WA_985,2019-03-13,0.298,0.3005877733230591
SourdoughGulch_WA_985,2019-03-14,0.298,0.30657052993774414
SourdoughGulch_WA_985,2019-03-15,0.298,0.3104311227798462
SourdoughGulch_WA_985,2019-03-16,0.297,0.3084028959274292
SourdoughGulch_WA_985,2019-03-17,0.301,0.3092763125896454
SourdoughGulch_WA_985,2019-03-18,0.303,0.310627818107605
SourdoughGulch_WA_985,2019-03-19,0.306,0.3124335706233978
SourdoughGulch_WA_985,2019-03-20,0.316,0.3196953535079956
SourdoughGulch_WA_985,2019-03-21,0.352,0.32536301016807556
SourdoughGulch_WA_985,2019-03-22,0.356,0.3377734422683716
SourdoughGulch_WA_985,2019-03-23,0.359,0.32712653279304504
SourdoughGulch_WA_985,2019-03-24,0.361,0.3247019648551941
SourdoughGulch_WA_985,2019-03-25,0.359,0.3266732096672058
SourdoughGulch_WA_985,2019-03-26,0.357,0.3318101167678833
SourdoughGulch_WA_985,2019-03-27,0.354,0.3320309519767761
SourdoughGulch_WA_985,2019-03-28,0.348,0.3356301784515381
SourdoughGulch_WA_985,2019-03-29,0.347,0.33568891882896423
SourdoughGulch_WA_985,2019-03-30,0.347,0.3346495032310486
SourdoughGulch_WA_985,2019-03-31,0.341,0.3329605460166931
SourdoughGulch_WA_985,2019-04-01,0.338,0.3310355246067047
SourdoughGulch_WA_985,2019-04-02,0.335,0.33009037375450134
SourdoughGulch_WA_985,2019-04-03,0.333,0.3245159387588501
SourdoughGulch_WA_985,2019-04-04,0.331,0.32393985986709595
SourdoughGulch_WA_985,2019-04-05,0.328,0.3248865604400635
SourdoughGulch_WA_985,2019-04-06,0.339,0.3247773349285126
SourdoughGulch_WA_985,2019-04-07,0.338,0.32935911417007446
SourdoughGulch_WA_985,2019-04-08,0.354,0.33425217866897583
SourdoughGulch_WA_985,2019-04-09,0.35,0.3343576192855835
SourdoughGulch_WA_985,2019-04-10,0.341,0.3343554437160492
SourdoughGulch_WA_985,2019-04-11,0.336,0.3340263366699219
SourdoughGulch_WA_985,2019-04-12,0.338,0.33399733901023865
SourdoughGulch_WA_985,2019-04-13,0.348,0.3338930606842041
SourdoughGulch_WA_985,2019-04-14,0.338,0.33378973603248596
SourdoughGulch_WA_985,2019-04-15,0.338,0.3267979919910431
SourdoughGulch_WA_985,2019-04-16,0.334,0.3252658247947693
SourdoughGulch_WA_985,2019-04-17,0.337,0.32353875041007996
SourdoughGulch_WA_985,2019-04-18,0.337,0.3255152404308319
SourdoughGulch_WA_985,2019-04-19,0.333,0.32557737827301025
SourdoughGulch_WA_985,2019-04-20,0.332,0.3172389566898346
SourdoughGulch_WA_985,2019-04-21,0.347,0.31210091710090637
SourdoughGulch_WA_985,2019-04-22,0.342,0.3133592903614044
SourdoughGulch_WA_985,2019-04-23,0.338,0.30979132652282715
SourdoughGulch_WA_985,2019-04-24,0.335,0.30880409479141235
SourdoughGulch_WA_985,2019-04-25,0.328,0.3057688772678375
SourdoughGulch_WA_985,2019-04-26,0.323,0.30841168761253357
SourdoughGulch_WA_985,2019-04-27,0.315,0.3069644868373871
SourdoughGulch_WA_985,2019-04-28,0.308,0.3076827824115753
SourdoughGulch_WA_985,2019-04-29,0.303,0.3068352937698364
SourdoughGulch_WA_985,2019-04-30,0.3,0.30634862184524536
SourdoughGulch_WA_985,2019-05-01,0.295,0.30374428629875183
SourdoughGulch_WA_985,2019-05-02,0.289,0.29283270239830017
SourdoughGulch_WA_985,2019-05-03,0.287,0.2895325720310211
SourdoughGulch_WA_985,2019-05-04,0.284,0.2833504378795624
SourdoughGulch_WA_985,2019-05-05,0.281,0.27991271018981934
SourdoughGulch_WA_985,2019-05-06,0.274,0.2644893527030945
SourdoughGulch_WA_985,2019-05-07,0.272,0.2701048254966736
SourdoughGulch_WA_985,2019-05-08,0.267,0.2680668830871582
SourdoughGulch_WA_985,2019-05-09,0.26,0.2667253911495209
SourdoughGulch_WA_985,2019-05-10,0.258,0.2670834958553314
SourdoughGulch_WA_985,2019-05-11,0.253,0.26500988006591797
SourdoughGulch_WA_985,2019-05-12,0.25,0.26391687989234924
SourdoughGulch_WA_985,2019-05-13,0.245,0.2538697421550751
SourdoughGulch_WA_985,2019-05-14,0.232,0.214970201253891
SourdoughGulch_WA_985,2019-05-15,0.219,0.2123304158449173
SourdoughGulch_WA_985,2019-05-16,0.217,0.22253264486789703
SourdoughGulch_WA_985,2019-05-17,0.215,0.22694739699363708
SourdoughGulch_WA_985,2019-05-18,0.211,0.2294100522994995
SourdoughGulch_WA_985,2019-05-19,0.212,0.23958443105220795
SourdoughGulch_WA_985,2019-05-20,0.216,0.22981570661067963
SourdoughGulch_WA_985,2019-05-21,0.203,0.23418596386909485
SourdoughGulch_WA_985,2019-05-22,0.206,0.23322664201259613
SourdoughGulch_WA_985,2019-05-23,0.209,0.23555923998355865
SourdoughGulch_WA_985,2019-05-24,0.216,0.23819206655025482
SourdoughGulch_WA_985,2019-05-25,0.211,0.24286198616027832
SourdoughGulch_WA_985,2019-05-26,0.311,0.24935448169708252
SourdoughGulch_WA_985,2019-05-27,0.309,0.25896045565605164
SourdoughGulch_WA_985,2019-05-28,0.292,0.2675097584724426
SourdoughGulch_WA_985,2019-05-29,0.291,0.27775001525878906
SourdoughGulch_WA_985,2019-05-30,0.283,0.28466376662254333
SourdoughGulch_WA_985,2019-05-31,0.273,0.2842573821544647
SourdoughGulch_WA_985,2019-06-01,0.269,0.28089991211891174
SourdoughGulch_WA_985,2019-06-02,0.262,0.2737075686454773
SourdoughGulch_WA_985,2019-06-03,0.254,0.2657908499240875
SourdoughGulch_WA_985,2019-06-04,0.244,0.2611846327781677
SourdoughGulch_WA_985,2019-06-05,0.235,0.25995054841041565
SourdoughGulch_WA_985,2019-06-06,0.221,0.26061147451400757
SourdoughGulch_WA_985,2019-06-07,0.317,0.26152610778808594
SourdoughGulch_WA_985,2019-06-08,0.293,0.263277530670166
SourdoughGulch_WA_985,2019-06-09,0.276,0.2610439956188202
SourdoughGulch_WA_985,2019-06-10,0.274,0.26417800784111023
SourdoughGulch_WA_985,2019-06-11,0.27,0.25891128182411194
SourdoughGulch_WA_985,2019-06-12,0.263,0.2563532292842865
SourdoughGulch_WA_985,2019-06-13,0.256,0.2508094608783722
SourdoughGulch_WA_985,2019-06-14,0.24,0.23965851962566376
SourdoughGulch_WA_985,2019-06-15,0.234,0.2385777235031128
SourdoughGulch_WA_985,2019-06-16,0.223,0.22333599627017975
SourdoughGulch_WA_985,2019-06-17,0.216,0.21378332376480103
SourdoughGulch_WA_985,2019-06-18,0.203,0.20090197026729584
SourdoughGulch_WA_985,2019-06-19,0.188,0.19477532804012299
SourdoughGulch_WA_985,2019-06-20,0.183,0.19183547794818878
SourdoughGulch_WA_985,2019-06-21,0.168,0.18549026548862457
SourdoughGulch_WA_985,2019-06-22,0.157,0.17411653697490692
SourdoughGulch_WA_985,2019-06-23,0.158,0.17321525514125824
SourdoughGulch_WA_985,2019-06-24,0.154,0.17158228158950806
SourdoughGulch_WA_985,2019-06-25,0.154,0.18394887447357178
SourdoughGulch_WA_985,2019-06-26,0.156,0.194833442568779
SourdoughGulch_WA_985,2019-06-27,0.268,0.24397563934326172
SourdoughGulch_WA_985,2019-06-28,0.316,0.28417667746543884
SourdoughGulch_WA_985,2019-06-29,0.307,0.2870015501976013
SourdoughGulch_WA_985,2019-06-30,0.308,0.2905692160129547
SourdoughGulch_WA_985,2019-07-01,0.303,0.2838001251220703
SourdoughGulch_WA_985,2019-07-02,0.292,0.28302332758903503
SourdoughGulch_WA_985,2019-07-03,0.287,0.278508722782135
SourdoughGulch_WA_985,2019-07-04,0.284,0.27845653891563416
SourdoughGulch_WA_985,2019-07-05,0.279,0.27532508969306946
SourdoughGulch_WA_985,2019-07-06,0.278,0.27760177850723267
SourdoughGulch_WA_985,2019-07-07,0.278,0.27635613083839417
SourdoughGulch_WA_985,2019-07-08,0.268,0.2727319300174713
SourdoughGulch_WA_985,2019-07-09,0.261,0.2729993462562561
SourdoughGulch_WA_985,2019-07-10,0.26,0.2594369351863861
SourdoughGulch_WA_985,2019-07-11,0.258,0.2608087360858917
SourdoughGulch_WA_985,2019-07-12,0.248,0.2492406964302063
SourdoughGulch_WA_985,2019-07-13,0.244,0.23517519235610962
SourdoughGulch_WA_985,2019-07-14,0.236,0.224670872092247
SourdoughGulch_WA_985,2019-07-15,0.225,0.2249322086572647
SourdoughGulch_WA_985,2019-07-16,0.205,0.2333107441663742
SourdoughGulch_WA_985,2019-07-17,0.196,0.20943933725357056
SourdoughGulch_WA_985,2019-07-18,0.185,0.18248282372951508
SourdoughGulch_WA_985,2019-07-19,0.19,0.17717833817005157
SourdoughGulch_WA_985,2019-07-20,0.176,0.17538246512413025
SourdoughGulch_WA_985,2019-07-21,0.175,0.1681065708398819
SourdoughGulch_WA_985,2019-07-22,0.174,0.16617317497730255
SourdoughGulch_WA_985,2019-07-23,0.166,0.1603849083185196
SourdoughGulch_WA_985,2019-07-24,0.163,0.1627308577299118
SourdoughGulch_WA_985,2019-07-25,0.157,0.15895666182041168
SourdoughGulch_WA_985,2019-07-26,0.151,0.15645909309387207
SourdoughGulch_WA_985,2019-07-27,0.147,0.15068550407886505
SourdoughGulch_WA_985,2019-07-28,0.145,0.1420527994632721
SourdoughGulch_WA_985,2019-07-29,0.139,0.13653767108917236
SourdoughGulch_WA_985,2019-07-30,0.132,0.13281379640102386
SourdoughGulch_WA_985,2019-07-31,0.133,0.13165417313575745
SourdoughGulch_WA_985,2019-08-01,0.129,0.14032088220119476
SourdoughGulch_WA_985,2019-08-02,0.126,0.1389947235584259
SourdoughGulch_WA_985,2019-08-03,0.119,0.139386385679245
SourdoughGulch_WA_985,2019-08-04,0.111,0.134458526968956
SourdoughGulch_WA_985,2019-08-05,0.111,0.11895588040351868
SourdoughGulch_WA_985,2019-08-06,0.112,0.11349444091320038
SourdoughGulch_WA_985,2019-08-07,0.107,0.10479667037725449
SourdoughGulch_WA_985,2019-08-08,0.104,0.10952673852443695
SourdoughGulch_WA_985,2019-08-09,0.096,0.11431572586297989
SourdoughGulch_WA_985,2019-08-10,0.091,0.11289621889591217
SourdoughGulch_WA_985,2019-08-11,0.091,0.1314290165901184
SourdoughGulch_WA_985,2019-08-12,0.093,0.13913902640342712
SourdoughGulch_WA_985,2019-08-13,0.109,0.12822315096855164
SourdoughGulch_WA_985,2019-08-14,0.112,0.11763665825128555
SourdoughGulch_WA_985,2019-08-15,0.114,0.11556561291217804
SourdoughGulch_WA_985,2019-08-16,0.11,0.12214409559965134
SourdoughGulch_WA_985,2019-08-17,0.115,0.12577217817306519
SourdoughGulch_WA_985,2019-08-18,0.105,0.12563402950763702
SourdoughGulch_WA_985,2019-08-19,0.105,0.12660516798496246
SourdoughGulch_WA_985,2019-08-20,0.108,0.1166234165430069
SourdoughGulch_WA_985,2019-08-21,0.107,0.10543044656515121
SourdoughGulch_WA_985,2019-08-22,0.106,0.10570650547742844
SourdoughGulch_WA_985,2019-08-23,0.094,0.1063213124871254
SourdoughGulch_WA_985,2019-08-24,0.096,0.1052742451429367
SourdoughGulch_WA_985,2019-08-25,0.097,0.10410566627979279
SourdoughGulch_WA_985,2019-08-26,0.094,0.10020428150892258
SourdoughGulch_WA_985,2019-08-27,0.088,0.1012175902724266
SourdoughGulch_WA_985,2019-08-28,0.087,0.09957870841026306
SourdoughGulch_WA_985,2019-08-29,0.088,0.09877883642911911
SourdoughGulch_WA_985,2019-08-30,0.079,0.0959012359380722
SourdoughGulch_WA_985,2019-08-31,0.082,0.09682447463274002
SourdoughGulch_WA_985,2019-09-01,0.083,0.09533413499593735
SourdoughGulch_WA_985,2019-09-02,0.082,0.08389831334352493
SourdoughGulch_WA_985,2019-09-03,0.079,0.08558955788612366
SourdoughGulch_WA_985,2019-09-04,0.078,0.08372269570827484
SourdoughGulch_WA_985,2019-09-05,0.074,0.08484598994255066
SourdoughGulch_WA_985,2019-09-06,0.07,0.08426088839769363
SourdoughGulch_WA_985,2019-09-07,0.069,0.08806221187114716
SourdoughGulch_WA_985,2019-09-08,0.063,0.084390789270401
SourdoughGulch_WA_985,2019-09-09,0.065,0.08310046046972275
SourdoughGulch_WA_985,2019-09-10,0.068,0.08803050965070724
SourdoughGulch_WA_985,2019-09-11,0.067,0.08981124311685562
SourdoughGulch_WA_985,2019-09-12,0.062,0.09221712499856949
SourdoughGulch_WA_985,2019-09-13,0.071,0.08887322247028351
SourdoughGulch_WA_985,2019-09-14,0.073,0.08966322243213654
SourdoughGulch_WA_985,2019-09-15,0.076,0.1099080890417099
SourdoughGulch_WA_985,2019-09-16,0.08,0.1066632866859436
SourdoughGulch_WA_985,2019-09-17,0.073,0.10789512097835541
SourdoughGulch_WA_985,2019-09-18,0.077,0.10664500296115875
SourdoughGulch_WA_985,2019-09-19,0.085,0.11703085154294968
SourdoughGulch_WA_985,2019-09-20,0.12,0.1196499615907669
SourdoughGulch_WA_985,2019-09-21,0.133,0.11831163614988327
SourdoughGulch_WA_985,2019-09-22,0.14,0.12637577950954437
SourdoughGulch_WA_985,2019-09-23,0.144,0.13490436971187592
SourdoughGulch_WA_985,2019-09-24,0.146,0.1357676237821579
SourdoughGulch_WA_985,2019-09-25,0.147,0.13575948774814606
SourdoughGulch_WA_985,2019-09-26,0.145,0.13403986394405365
SourdoughGulch_WA_985,2019-09-27,0.143,0.13859842717647552
SourdoughGulch_WA_985,2019-09-28,0.139,0.13433937728405
SourdoughGulch_WA_985,2019-09-29,0.129,0.13209906220436096
SourdoughGulch_WA_985,2019-09-30,0.126,0.15091240406036377
SourdoughGulch_WA_985,2019-10-01,0.12,0.1495329886674881
SourdoughGulch_WA_985,2019-10-02,0.135,0.15674598515033722
SourdoughGulch_WA_985,2019-10-03,0.145,0.1571635901927948
SourdoughGulch_WA_985,2019-10-04,0.156,0.15624138712882996
SourdoughGulch_WA_985,2019-10-05,0.157,0.15706032514572144
SourdoughGulch_WA_985,2019-10-06,0.157,0.16442222893238068
SourdoughGulch_WA_985,2019-10-07,0.157,0.18550530076026917
SourdoughGulch_WA_985,2019-10-08,0.158,0.1839313805103302
SourdoughGulch_WA_985,2019-10-09,0.174,0.20102477073669434
SourdoughGulch_WA_985,2019-10-10,0.219,0.20102477073669434
SourdoughGulch_WA_985,2019-10-11,0.222,0.20076198875904083
SourdoughGulch_WA_985,2019-10-12,0.225,0.1993379294872284
SourdoughGulch_WA_985,2019-10-13,0.229,0.1988336741924286
SourdoughGulch_WA_985,2019-10-14,0.234,0.24560368061065674
SourdoughGulch_WA_985,2019-10-15,0.233,0.2476353645324707
SourdoughGulch_WA_985,2019-10-16,0.228,0.24936716258525848
SourdoughGulch_WA_985,2019-10-17,0.23,0.2512308359146118
SourdoughGulch_WA_985,2019-10-18,0.224,0.2532864511013031
SourdoughGulch_WA_985,2019-10-19,0.217,0.27072057127952576
SourdoughGulch_WA_985,2019-10-20,0.345,0.28538715839385986
SourdoughGulch_WA_985,2019-10-21,0.328,0.2907479703426361
SourdoughGulch_WA_985,2019-10-22,0.315,0.29172033071517944
SourdoughGulch_WA_985,2019-10-23,0.326,0.2812483608722687
SourdoughGulch_WA_985,2019-10-24,0.31,0.2799983620643616
SourdoughGulch_WA_985,2019-10-25,0.303,0.28007495403289795
SourdoughGulch_WA_985,2019-10-26,0.302,0.2793009877204895
SourdoughGulch_WA_985,2019-10-27,0.291,0.27746471762657166
SourdoughGulch_WA_985,2019-10-28,0.286,0.27654334902763367
SourdoughGulch_WA_985,2019-10-29,0.281,0.2738719582557678
SourdoughGulch_WA_985,2019-10-30,0.282,0.27124980092048645
SourdoughGulch_WA_985,2019-10-31,0.275,0.2708323001861572
SourdoughGulch_WA_985,2019-11-01,0.271,0.2667138874530792
SourdoughGulch_WA_985,2019-11-02,0.269,0.26670828461647034
SourdoughGulch_WA_985,2019-11-03,0.267,0.2649942934513092
SourdoughGulch_WA_985,2019-11-04,0.27,0.26949211955070496
SourdoughGulch_WA_985,2019-11-05,0.308,0.276502400636673
SourdoughGulch_WA_985,2019-11-06,0.305,0.2778462767601013
SourdoughGulch_WA_985,2019-11-07,0.3,0.2787097990512848
SourdoughGulch_WA_985,2019-11-08,0.294,0.27730607986450195
SourdoughGulch_WA_985,2019-11-09,0.297,0.2788189947605133
SourdoughGulch_WA_985,2019-11-10,0.297,0.2824714183807373
SourdoughGulch_WA_985,2019-11-11,0.298,0.2721644341945648
SourdoughGulch_WA_985,2019-11-12,0.29,0.2698860466480255
SourdoughGulch_WA_985,2019-11-13,0.291,0.27196845412254333
SourdoughGulch_WA_985,2019-11-14,0.289,0.27209094166755676
SourdoughGulch_WA_985,2019-11-15,0.286,0.2732385993003845
SourdoughGulch_WA_985,2019-11-16,0.289,0.27220311760902405
SourdoughGulch_WA_985,2019-11-17,0.288,0.2732587456703186
SourdoughGulch_WA_985,2019-11-18,0.293,0.2818170189857483
SourdoughGulch_WA_985,2019-11-19,0.292,0.2823205590248108
SourdoughGulch_WA_985,2019-11-20,0.304,0.2830708622932434
SourdoughGulch_WA_985,2019-11-21,0.305,0.2803349792957306
SourdoughGulch_WA_985,2019-11-22,0.296,0.2803349792957306
SourdoughGulch_WA_985,2019-11-23,0.28,0.2709978520870209
SourdoughGulch_WA_985,2019-11-24,0.271,0.2667178809642792
SourdoughGulch_WA_985,2019-11-25,0.276,0.2651146650314331
SourdoughGulch_WA_985,2019-11-26,0.273,0.2655371129512787
SourdoughGulch_WA_985,2019-11-27,0.274,0.2675485908985138
SourdoughGulch_WA_985,2019-11-28,0.276,0.26783326268196106
SourdoughGulch_WA_985,2019-11-29,0.277,0.2681499123573303
SourdoughGulch_WA_985,2019-11-30,0.272,0.26618561148643494
SourdoughGulch_WA_985,2019-12-01,0.27,0.26618561148643494
SourdoughGulch_WA_985,2019-12-02,0.265,0.27917858958244324
SourdoughGulch_WA_985,2019-12-03,0.266,0.280834823846817
SourdoughGulch_WA_985,2019-12-04,0.266,0.2785274088382721
SourdoughGulch_WA_985,2019-12-05,0.273,0.27692216634750366
SourdoughGulch_WA_985,2019-12-06,0.29,0.27698493003845215
SourdoughGulch_WA_985,2019-12-07,0.304,0.28221017122268677
SourdoughGulch_WA_985,2019-12-08,0.337,0.28221017122268677
SourdoughGulch_WA_985,2019-12-09,0.327,0.2896789312362671
SourdoughGulch_WA_985,2019-12-10,0.309,0.28905728459358215
SourdoughGulch_WA_985,2019-12-11,0.294,0.29151594638824463
SourdoughGulch_WA_985,2019-12-12,0.295,0.29981493949890137
SourdoughGulch_WA_985,2019-12-13,0.319,0.30551818013191223
SourdoughGulch_WA_985,2019-12-14,0.325,0.3081013858318329
SourdoughGulch_WA_985,2019-12-15,0.312,0.3074930012226105
SourdoughGulch_WA_985,2019-12-16,0.306,0.2893287241458893
SourdoughGulch_WA_985,2019-12-17,0.296,0.28576165437698364
SourdoughGulch_WA_985,2019-12-18,0.285,0.28458014130592346
SourdoughGulch_WA_985,2019-12-19,0.281,0.28789228200912476
SourdoughGulch_WA_985,2019-12-20,0.279,0.2907230257987976
SourdoughGulch_WA_985,2019-12-21,0.332,0.2923007607460022
SourdoughGulch_WA_985,2019-12-22,0.333,0.2930004894733429
SourdoughGulch_WA_985,2019-12-23,0.325,0.30026814341545105
SourdoughGulch_WA_985,2019-12-24,0.331,0.30000969767570496
SourdoughGulch_WA_985,2019-12-25,0.319,0.28950703144073486
SourdoughGulch_WA_985,2019-12-26,0.303,0.2870933711528778
SourdoughGulch_WA_985,2019-12-27,0.291,0.282518595457077
SourdoughGulch_WA_985,2019-12-28,0.278,0.2746284604072571
SourdoughGulch_WA_985,2019-12-29,0.272,0.2739544212818146
SourdoughGulch_WA_985,2019-12-30,0.271,0.2591947317123413
SourdoughGulch_WA_985,2019-12-31,0.276,0.25941723585128784
SourdoughGulch_WA_985,2020-01-01,0.303,0.31767213344573975
SourdoughGulch_WA_985,2020-01-02,0.339,0.320200115442276
SourdoughGulch_WA_985,2020-01-03,0.33,0.32230791449546814
SourdoughGulch_WA_985,2020-01-04,0.329,0.32347485423088074
SourdoughGulch_WA_985,2020-01-05,0.323,0.32186996936798096
SourdoughGulch_WA_985,2020-01-06,0.311,0.31918609142303467
SourdoughGulch_WA_985,2020-01-07,0.314,0.3200097680091858
SourdoughGulch_WA_985,2020-01-08,0.324,0.3215909004211426
SourdoughGulch_WA_985,2020-01-09,0.319,0.32263222336769104
SourdoughGulch_WA_985,2020-01-10,0.311,0.32130229473114014
SourdoughGulch_WA_985,2020-01-11,0.298,0.3193913996219635
SourdoughGulch_WA_985,2020-01-12,0.297,0.31850314140319824
SourdoughGulch_WA_985,2020-01-13,0.298,0.32047611474990845
SourdoughGulch_WA_985,2020-01-14,0.3,0.3097565174102783
SourdoughGulch_WA_985,2020-01-15,0.301,0.29624825716018677
SourdoughGulch_WA_985,2020-01-16,0.301,0.29191190004348755
SourdoughGulch_WA_985,2020-01-17,0.3,0.2862783968448639
SourdoughGulch_WA_985,2020-01-18,0.301,0.2866802215576172
SourdoughGulch_WA_985,2020-01-19,0.3,0.2847689390182495
SourdoughGulch_WA_985,2020-01-20,0.3,0.29244616627693176
SourdoughGulch_WA_985,2020-01-21,0.301,0.30760055780410767
SourdoughGulch_WA_985,2020-01-22,0.322,0.31663742661476135
SourdoughGulch_WA_985,2020-01-23,0.322,0.3196183741092682
SourdoughGulch_WA_985,2020-01-24,0.33,0.32270199060440063
SourdoughGulch_WA_985,2020-01-25,0.343,0.3269481658935547
SourdoughGulch_WA_985,2020-01-26,0.337,0.3363046944141388
SourdoughGulch_WA_985,2020-01-27,0.341,0.3332281708717346
SourdoughGulch_WA_985,2020-01-28,0.328,0.33388498425483704
SourdoughGulch_WA_985,2020-01-29,0.345,0.33272939920425415
SourdoughGulch_WA_985,2020-01-30,0.333,0.3339725136756897
SourdoughGulch_WA_985,2020-01-31,0.333,0.3330758512020111
SourdoughGulch_WA_985,2020-02-01,0.346,0.33393678069114685
SourdoughGulch_WA_985,2020-02-02,0.341,0.33456602692604065
SourdoughGulch_WA_985,2020-02-03,0.332,0.3312302231788635
SourdoughGulch_WA_985,2020-02-04,0.319,0.3308536112308502
SourdoughGulch_WA_985,2020-02-05,0.307,0.3317256569862366
SourdoughGulch_WA_985,2020-02-06,0.342,0.338133841753006
SourdoughGulch_WA_985,2020-02-07,0.351,0.3362680673599243
SourdoughGulch_WA_985,2020-02-08,0.343,0.33593225479125977
SourdoughGulch_WA_985,2020-02-09,0.333,0.33347973227500916
SourdoughGulch_WA_985,2020-02-10,0.328,0.32428276538848877
SourdoughGulch_WA_985,2020-02-11,0.321,0.32035553455352783
SourdoughGulch_WA_985,2020-02-12,0.313,0.3157044053077698
SourdoughGulch_WA_985,2020-02-13,0.311,0.3189827799797058
SourdoughGulch_WA_985,2020-02-14,0.301,0.3207989037036896
SourdoughGulch_WA_985,2020-02-15,0.305,0.32204294204711914
SourdoughGulch_WA_985,2020-02-16,0.301,0.3118574619293213
SourdoughGulch_WA_985,2020-02-17,0.311,0.3123334050178528
SourdoughGulch_WA_985,2020-02-18,0.311,0.31060999631881714
SourdoughGulch_WA_985,2020-02-19,0.302,0.3077578842639923
SourdoughGulch_WA_985,2020-02-20,0.292,0.30571606755256653
SourdoughGulch_WA_985,2020-02-21,0.282,0.29779383540153503
SourdoughGulch_WA_985,2020-02-22,0.274,0.2956218123435974
SourdoughGulch_WA_985,2020-02-23,0.276,0.3040766716003418
SourdoughGulch_WA_985,2020-02-24,0.322,0.3121805489063263
SourdoughGulch_WA_985,2020-02-25,0.314,0.31414681673049927
SourdoughGulch_WA_985,2020-02-26,0.3,0.318855345249176
SourdoughGulch_WA_985,2020-02-27,0.335,0.3160538077354431
SourdoughGulch_WA_985,2020-02-28,0.325,0.31295743584632874
SourdoughGulch_WA_985,2020-02-29,0.336,0.318148136138916
SourdoughGulch_WA_985,2020-03-01,0.33,0.32083919644355774
SourdoughGulch_WA_985,2020-03-02,0.315,0.3099762797355652
SourdoughGulch_WA_985,2020-03-03,0.307,0.3082454204559326
SourdoughGulch_WA_985,2020-03-04,0.328,0.31110402941703796
SourdoughGulch_WA_985,2020-03-05,0.324,0.31291741132736206
SourdoughGulch_WA_985,2020-03-06,0.324,0.31377729773521423
SourdoughGulch_WA_985,2020-03-07,0.321,0.3246709704399109
SourdoughGulch_WA_985,2020-03-08,0.318,0.3227548897266388
SourdoughGulch_WA_985,2020-03-09,0.314,0.32162660360336304
SourdoughGulch_WA_985,2020-03-10,0.312,0.31878334283828735
SourdoughGulch_WA_985,2020-03-11,0.31,0.31234586238861084
SourdoughGulch_WA_985,2020-03-12,0.314,0.30685290694236755
SourdoughGulch_WA_985,2020-03-13,0.304,0.3061615228652954
SourdoughGulch_WA_985,2020-03-14,0.301,0.30768680572509766
SourdoughGulch_WA_985,2020-03-15,0.302,0.30741286277770996
SourdoughGulch_WA_985,2020-03-16,0.304,0.3092864751815796
SourdoughGulch_WA_985,2020-03-17,0.306,0.31057727336883545
SourdoughGulch_WA_985,2020-03-18,0.34,0.31332796812057495
SourdoughGulch_WA_985,2020-03-19,0.336,0.3141273558139801
SourdoughGulch_WA_985,2020-03-20,0.331,0.31346651911735535
SourdoughGulch_WA_985,2020-03-21,0.327,0.31174781918525696
SourdoughGulch_WA_985,2020-03-22,0.325,0.30995023250579834
SourdoughGulch_WA_985,2020-03-23,0.321,0.31006377935409546
SourdoughGulch_WA_985,2020-03-24,0.32,0.30904918909072876
SourdoughGulch_WA_985,2020-03-25,0.313,0.30736419558525085
SourdoughGulch_WA_985,2020-03-26,0.313,0.3070451617240906
SourdoughGulch_WA_985,2020-03-27,0.311,0.3070451617240906
SourdoughGulch_WA_985,2020-03-28,0.311,0.30847540497779846
SourdoughGulch_WA_985,2020-03-29,0.313,0.3200750946998596
SourdoughGulch_WA_985,2020-03-30,0.317,0.3242703974246979
SourdoughGulch_WA_985,2020-03-31,0.355,0.3317405581474304
SourdoughGulch_WA_985,2020-04-01,0.344,0.33714398741722107
SourdoughGulch_WA_985,2020-04-02,0.343,0.3360714614391327
SourdoughGulch_WA_985,2020-04-03,0.336,0.33313316106796265
SourdoughGulch_WA_985,2020-04-04,0.332,0.33313316106796265
SourdoughGulch_WA_985,2020-04-05,0.331,0.33248579502105713
SourdoughGulch_WA_985,2020-04-06,0.33,0.3318398892879486
SourdoughGulch_WA_985,2020-04-07,0.329,0.32362785935401917
SourdoughGulch_WA_985,2020-04-08,0.327,0.3209388554096222
SourdoughGulch_WA_985,2020-04-09,0.323,0.31918805837631226
SourdoughGulch_WA_985,2020-04-10,0.319,0.3174104690551758
SourdoughGulch_WA_985,2020-04-11,0.316,0.31870952248573303
SourdoughGulch_WA_985,2020-04-12,0.307,0.3174390494823456
SourdoughGulch_WA_985,2020-04-13,0.3,0.31370702385902405
SourdoughGulch_WA_985,2020-04-14,0.295,0.31156644225120544
SourdoughGulch_WA_985,2020-04-15,0.294,0.3202357590198517
SourdoughGulch_WA_985,2020-04-16,0.341,0.3211326003074646
SourdoughGulch_WA_985,2020-04-17,0.336,0.3228958547115326
SourdoughGulch_WA_985,2020-04-18,0.332,0.32408350706100464
SourdoughGulch_WA_985,2020-04-19,0.324,0.3206368088722229
SourdoughGulch_WA_985,2020-04-20,0.32,0.3181726038455963
SourdoughGulch_WA_985,2020-04-21,0.319,0.32031717896461487
SourdoughGulch_WA_985,2020-04-22,0.316,0.32360586524009705
SourdoughGulch_WA_985,2020-04-23,0.307,0.327796071767807
SourdoughGulch_WA_985,2020-04-24,0.349,0.32904893159866333
SourdoughGulch_WA_985,2020-04-25,0.34,0.33514341711997986
SourdoughGulch_WA_985,2020-04-26,0.336,0.33432629704475403
SourdoughGulch_WA_985,2020-04-27,0.334,0.33138877153396606
SourdoughGulch_WA_985,2020-04-28,0.327,0.3065744638442993
SourdoughGulch_WA_985,2020-04-29,0.32,0.30270305275917053
SourdoughGulch_WA_985,2020-04-30,0.314,0.3082834780216217
SourdoughGulch_WA_985,2020-05-01,0.308,0.29908332228660583
SourdoughGulch_WA_985,2020-05-02,0.307,0.3093299865722656
SourdoughGulch_WA_985,2020-05-03,0.301,0.3092125952243805
SourdoughGulch_WA_985,2020-05-04,0.299,0.3049064576625824
SourdoughGulch_WA_985,2020-05-05,0.296,0.2982209622859955
SourdoughGulch_WA_985,2020-05-06,0.292,0.29807865619659424
SourdoughGulch_WA_985,2020-05-07,0.284,0.2968981862068176
SourdoughGulch_WA_985,2020-05-08,0.284,0.2919113337993622
SourdoughGulch_WA_985,2020-05-09,0.28,0.28788718581199646
SourdoughGulch_WA_985,2020-05-10,0.274,0.27092814445495605
SourdoughGulch_WA_985,2020-05-11,0.265,0.2735437750816345
SourdoughGulch_WA_985,2020-05-12,0.254,0.28496405482292175
SourdoughGulch_WA_985,2020-05-13,0.322,0.3027377426624298
SourdoughGulch_WA_985,2020-05-14,0.313,0.30743667483329773
SourdoughGulch_WA_985,2020-05-15,0.35,0.3105316758155823
SourdoughGulch_WA_985,2020-05-16,0.347,0.3078473210334778
SourdoughGulch_WA_985,2020-05-17,0.342,0.32573777437210083
SourdoughGulch_WA_985,2020-05-18,0.341,0.339456707239151
SourdoughGulch_WA_985,2020-05-19,0.339,0.3378228545188904
SourdoughGulch_WA_985,2020-05-20,0.354,0.3432905077934265
SourdoughGulch_WA_985,2020-05-21,0.369,0.3400486409664154
SourdoughGulch_WA_985,2020-05-22,0.351,0.3435831665992737
SourdoughGulch_WA_985,2020-05-23,0.344,0.3420616090297699
SourdoughGulch_WA_985,2020-05-24,0.339,0.33570045232772827
SourdoughGulch_WA_985,2020-05-25,0.336,0.3308925926685333
SourdoughGulch_WA_985,2020-05-26,0.33,0.33087918162345886
SourdoughGulch_WA_985,2020-05-27,0.333,0.3305840492248535
SourdoughGulch_WA_985,2020-05-28,0.328,0.3188420534133911
SourdoughGulch_WA_985,2020-05-29,0.319,0.31962427496910095
SourdoughGulch_WA_985,2020-05-30,0.317,0.31961724162101746
SourdoughGulch_WA_985,2020-05-31,0.308,0.3302401602268219
SourdoughGulch_WA_985,2020-06-01,0.353,0.3352307975292206
SourdoughGulch_WA_985,2020-06-02,0.342,0.32381004095077515
SourdoughGulch_WA_985,2020-06-03,0.335,0.3225841522216797
SourdoughGulch_WA_985,2020-06-04,0.326,0.3202950060367584
SourdoughGulch_WA_985,2020-06-05,0.317,0.3205024302005768
SourdoughGulch_WA_985,2020-06-06,0.311,0.32102033495903015
SourdoughGulch_WA_985,2020-06-07,0.351,0.32179415225982666
SourdoughGulch_WA_985,2020-06-08,0.346,0.342449814081192
SourdoughGulch_WA_985,2020-06-09,0.339,0.33975711464881897
SourdoughGulch_WA_985,2020-06-10,0.334,0.3376085162162781
SourdoughGulch_WA_985,2020-06-11,0.338,0.3335792124271393
SourdoughGulch_WA_985,2020-06-12,0.337,0.3333794176578522
SourdoughGulch_WA_985,2020-06-13,0.33,0.3334762156009674
SourdoughGulch_WA_985,2020-06-14,0.364,0.3411616086959839
SourdoughGulch_WA_985,2020-06-15,0.352,0.3446236550807953
SourdoughGulch_WA_985,2020-06-16,0.351,0.34556272625923157
SourdoughGulch_WA_985,2020-06-17,0.357,0.346604585647583
SourdoughGulch_WA_985,2020-06-18,0.352,0.34618714451789856
SourdoughGulch_WA_985,2020-06-19,0.347,0.3478173613548279
SourdoughGulch_WA_985,2020-06-20,0.342,0.34352850914001465
SourdoughGulch_WA_985,2020-06-21,0.337,0.34031620621681213
SourdoughGulch_WA_985,2020-06-22,0.338,0.3359798491001129
SourdoughGulch_WA_985,2020-06-23,0.332,0.32071080803871155
SourdoughGulch_WA_985,2020-06-24,0.324,0.3165630102157593
SourdoughGulch_WA_985,2020-06-25,0.314,0.3123871088027954
SourdoughGulch_WA_985,2020-06-26,0.305,0.30929553508758545
SourdoughGulch_WA_985,2020-06-27,0.295,0.30927202105522156
SourdoughGulch_WA_985,2020-06-28,0.28,0.3084891438484192
SourdoughGulch_WA_985,2020-06-29,0.266,0.31703823804855347
SourdoughGulch_WA_985,2020-06-30,0.355,0.31934651732444763
SourdoughGulch_WA_985,2020-07-01,0.36,0.32538583874702454
SourdoughGulch_WA_985,2020-07-02,0.348,0.3224359452724457
SourdoughGulch_WA_985,2020-07-03,0.343,0.3121717870235443
SourdoughGulch_WA_985,2020-07-04,0.336,0.2952765226364136
SourdoughGulch_WA_985,2020-07-05,0.327,0.2937203347682953
SourdoughGulch_WA_985,2020-07-06,0.319,0.28655099868774414
SourdoughGulch_WA_985,2020-07-07,0.312,0.2955607771873474
SourdoughGulch_WA_985,2020-07-08,0.305,0.29728183150291443
SourdoughGulch_WA_985,2020-07-09,0.301,0.2977897822856903
SourdoughGulch_WA_985,2020-07-10,0.294,0.2977897822856903
SourdoughGulch_WA_985,2020-07-11,0.292,0.2917502224445343
SourdoughGulch_WA_985,2020-07-12,0.289,0.2925741672515869
SourdoughGulch_WA_985,2020-07-13,0.277,0.2909064292907715
SourdoughGulch_WA_985,2020-07-14,0.269,0.19672375917434692
SourdoughGulch_WA_985,2020-07-15,0.26,0.20529702305793762
SourdoughGulch_WA_985,2020-07-16,0.249,0.2179991900920868
SourdoughGulch_WA_985,2020-07-17,0.238,0.21445822715759277
SourdoughGulch_WA_985,2020-07-18,0.22,0.21073544025421143
SourdoughGulch_WA_985,2020-07-19,0.216,0.20145225524902344
SourdoughGulch_WA_985,2020-07-20,0.203,0.18234480917453766
SourdoughGulch_WA_985,2020-07-21,0.191,0.18486915528774261
SourdoughGulch_WA_985,2020-07-22,0.185,0.18116381764411926
SourdoughGulch_WA_985,2020-07-23,0.179,0.1739877313375473
SourdoughGulch_WA_985,2020-07-24,0.17,0.17347007989883423
SourdoughGulch_WA_985,2020-07-25,0.166,0.1672721654176712
SourdoughGulch_WA_985,2020-07-26,0.162,0.1648867279291153
SourdoughGulch_WA_985,2020-07-27,0.159,0.15622569620609283
SourdoughGulch_WA_985,2020-07-28,0.156,0.1600666046142578
SourdoughGulch_WA_985,2020-07-29,0.15,0.1583540141582489
SourdoughGulch_WA_985,2020-07-30,0.15,0.15624971687793732
SourdoughGulch_WA_985,2020-07-31,0.149,0.155133917927742
SourdoughGulch_WA_985,2020-08-01,0.148,0.15360505878925323
SourdoughGulch_WA_985,2020-08-02,0.138,0.14727047085762024
SourdoughGulch_WA_985,2020-08-03,0.139,0.14807680249214172
SourdoughGulch_WA_985,2020-08-04,0.138,0.14177951216697693
SourdoughGulch_WA_985,2020-08-05,0.133,0.13681615889072418
SourdoughGulch_WA_985,2020-08-06,0.133,0.13635551929473877
SourdoughGulch_WA_985,2020-08-07,0.127,0.1270563006401062
SourdoughGulch_WA_985,2020-08-08,0.123,0.10824214667081833
SourdoughGulch_WA_985,2020-08-09,0.123,0.10639458149671555
SourdoughGulch_WA_985,2020-08-10,0.122,0.10749086737632751
SourdoughGulch_WA_985,2020-08-11,0.126,0.10889077931642532
SourdoughGulch_WA_985,2020-08-12,0.125,0.10876291245222092
SourdoughGulch_WA_985,2020-08-13,0.117,0.10766544193029404
SourdoughGulch_WA_985,2020-08-14,0.121,0.10793598741292953
SourdoughGulch_WA_985,2020-08-15,0.117,0.10793598741292953
SourdoughGulch_WA_985,2020-08-16,0.121,0.107905812561512
SourdoughGulch_WA_985,2020-08-17,0.12,0.10639674961566925
SourdoughGulch_WA_985,2020-08-18,0.118,0.10433891415596008
SourdoughGulch_WA_985,2020-08-19,0.115,0.10405973345041275
SourdoughGulch_WA_985,2020-08-20,0.106,0.10207105427980423
SourdoughGulch_WA_985,2020-08-21,0.109,0.09216728061437607
SourdoughGulch_WA_985,2020-08-22,0.109,0.09216728061437607
SourdoughGulch_WA_985,2020-08-23,0.109,0.09308365732431412
SourdoughGulch_WA_985,2020-08-24,0.111,0.09497527778148651
SourdoughGulch_WA_985,2020-08-25,0.103,0.09426776319742203
SourdoughGulch_WA_985,2020-08-26,0.106,0.09171470999717712
SourdoughGulch_WA_985,2020-08-27,0.106,0.09208472818136215
SourdoughGulch_WA_985,2020-08-28,0.104,0.09137306362390518
SourdoughGulch_WA_985,2020-08-29,0.104,0.09008198231458664
SourdoughGulch_WA_985,2020-08-30,0.098,0.09090739488601685
SourdoughGulch_WA_985,2020-08-31,0.096,0.0896867886185646
SourdoughGulch_WA_985,2020-09-01,0.091,0.0889165997505188
SourdoughGulch_WA_985,2020-09-02,0.091,0.0889165997505188
SourdoughGulch_WA_985,2020-09-03,0.096,0.0889165997505188
SourdoughGulch_WA_985,2020-09-04,0.091,0.0889165997505188
SourdoughGulch_WA_985,2020-09-05,0.094,0.0889165997505188
SourdoughGulch_WA_985,2020-09-06,0.092,0.0889165997505188
SourdoughGulch_WA_985,2020-09-07,0.09,0.0802580714225769
SourdoughGulch_WA_985,2020-09-08,0.081,0.07974326610565186
SourdoughGulch_WA_985,2020-09-09,0.075,0.08148764073848724
SourdoughGulch_WA_985,2020-09-10,0.073,0.08148764073848724
SourdoughGulch_WA_985,2020-09-11,0.077,0.08148764073848724
SourdoughGulch_WA_985,2020-09-12,0.074,0.08148764073848724
SourdoughGulch_WA_985,2020-09-13,0.073,0.08148764073848724
SourdoughGulch_WA_985,2020-09-14,0.073,0.07078952342271805
SourdoughGulch_WA_985,2020-09-15,0.075,0.07191696763038635
SourdoughGulch_WA_985,2020-09-16,0.07,0.06729033589363098
SourdoughGulch_WA_985,2020-09-17,0.069,0.06729033589363098
SourdoughGulch_WA_985,2020-09-18,0.071,0.06729033589363098
SourdoughGulch_WA_985,2020-09-19,0.071,0.07054023444652557
SourdoughGulch_WA_985,2020-09-20,0.068,0.07285775989294052
SourdoughGulch_WA_985,2020-09-21,0.067,0.07355853170156479
SourdoughGulch_WA_985,2020-09-22,0.068,0.07286781817674637
SourdoughGulch_WA_985,2020-09-23,0.073,0.08528744429349899
SourdoughGulch_WA_985,2020-09-24,0.074,0.09797679632902145
SourdoughGulch_WA_985,2020-09-25,0.071,0.10725522041320801
SourdoughGulch_WA_985,2020-09-26,0.072,0.1179429143667221
SourdoughGulch_WA_985,2020-09-27,0.208,0.14289070665836334
SourdoughGulch_WA_985,2020-09-28,0.195,0.1508994996547699
SourdoughGulch_WA_985,2020-09-29,0.186,0.15038558840751648
SourdoughGulch_WA_985,2020-09-30,0.179,0.14614738523960114
SourdoughGulch_WA_985,2020-10-01,0.178,0.14446726441383362
SourdoughGulch_WA_985,2020-10-02,0.17,0.14088192582130432
SourdoughGulch_WA_985,2020-10-03,0.161,0.13672864437103271
SourdoughGulch_WA_985,2020-10-04,0.156,0.13480016589164734
SourdoughGulch_WA_985,2020-10-05,0.147,0.1285376399755478
SourdoughGulch_WA_985,2020-10-06,0.143,0.12843038141727448
SourdoughGulch_WA_985,2020-10-07,0.139,0.1294960230588913
SourdoughGulch_WA_985,2020-10-08,0.139,0.12200771272182465
SourdoughGulch_WA_985,2020-10-09,0.129,0.11556180566549301
SourdoughGulch_WA_985,2020-10-10,0.122,0.12318567931652069
SourdoughGulch_WA_985,2020-10-11,0.117,0.12515032291412354
SourdoughGulch_WA_985,2020-10-12,0.109,0.1637878566980362
SourdoughGulch_WA_985,2020-10-13,0.174,0.1913916915655136
SourdoughGulch_WA_985,2020-10-14,0.325,0.2189582735300064
SourdoughGulch_WA_985,2020-10-15,0.285,0.2257385402917862
SourdoughGulch_WA_985,2020-10-16,0.27,0.2257385402917862
SourdoughGulch_WA_985,2020-10-17,0.266,0.22560718655586243
SourdoughGulch_WA_985,2020-10-18,0.26,0.21699802577495575
SourdoughGulch_WA_985,2020-10-19,0.255,0.2595103085041046
SourdoughGulch_WA_985,2020-10-20,0.249,0.25662726163864136
SourdoughGulch_WA_985,2020-10-21,0.243,0.2571355998516083
SourdoughGulch_WA_985,2020-10-22,0.232,0.25565704703330994
SourdoughGulch_WA_985,2020-10-23,0.227,0.267167866230011
SourdoughGulch_WA_985,2020-10-24,0.221,0.26868000626564026
SourdoughGulch_WA_985,2020-10-25,0.317,0.2718057334423065
SourdoughGulch_WA_985,2020-10-26,0.288,0.28241804242134094
SourdoughGulch_WA_985,2020-10-27,0.265,0.2781199812889099
SourdoughGulch_WA_985,2020-10-28,0.258,0.2772488594055176
SourdoughGulch_WA_985,2020-10-29,0.305,0.27698054909706116
SourdoughGulch_WA_985,2020-10-30,0.302,0.2806028723716736
SourdoughGulch_WA_985,2020-10-31,0.298,0.26970529556274414
SourdoughGulch_WA_985,2020-11-01,0.286,0.27052515745162964
SourdoughGulch_WA_985,2020-11-02,0.282,0.26947614550590515
SourdoughGulch_WA_985,2020-11-03,0.278,0.27035465836524963
SourdoughGulch_WA_985,2020-11-04,0.278,0.27035465836524963
SourdoughGulch_WA_985,2020-11-05,0.277,0.27687081694602966
SourdoughGulch_WA_985,2020-11-06,0.275,0.29810523986816406
SourdoughGulch_WA_985,2020-11-07,0.348,0.30610737204551697
SourdoughGulch_WA_985,2020-11-08,0.334,0.3125457167625427
SourdoughGulch_WA_985,2020-11-09,0.325,0.3165624439716339
SourdoughGulch_WA_985,2020-11-10,0.326,0.3201182186603546
SourdoughGulch_WA_985,2020-11-11,0.327,0.3238092064857483
SourdoughGulch_WA_985,2020-11-12,0.328,0.31581664085388184
SourdoughGulch_WA_985,2020-11-13,0.328,0.3197951316833496
SourdoughGulch_WA_985,2020-11-14,0.329,0.3235340416431427
SourdoughGulch_WA_985,2020-11-15,0.331,0.3189167380332947
SourdoughGulch_WA_985,2020-11-16,0.331,0.3180552124977112
SourdoughGulch_WA_985,2020-11-17,0.361,0.3155423104763031
SourdoughGulch_WA_985,2020-11-18,0.351,0.31894978880882263
SourdoughGulch_WA_985,2020-11-19,0.353,0.31894978880882263
SourdoughGulch_WA_985,2020-11-20,0.334,0.3184548616409302
SourdoughGulch_WA_985,2020-11-21,0.321,0.3131001591682434
SourdoughGulch_WA_985,2020-11-22,0.308,0.30706319212913513
SourdoughGulch_WA_985,2020-11-23,0.295,0.30207276344299316
SourdoughGulch_WA_985,2020-11-24,0.297,0.2962625324726105
SourdoughGulch_WA_985,2020-11-25,0.3,0.29798364639282227
SourdoughGulch_WA_985,2020-11-26,0.299,0.28769874572753906
SourdoughGulch_WA_985,2020-11-27,0.299,0.2862301766872406
SourdoughGulch_WA_985,2020-11-28,0.293,0.28695210814476013
SourdoughGulch_WA_985,2020-11-29,0.291,0.27970418334007263
SourdoughGulch_WA_985,2020-11-30,0.29,0.28405264019966125
SourdoughGulch_WA_985,2020-12-01,0.285,0.283067524433136
SourdoughGulch_WA_985,2020-12-02,0.279,0.28106436133384705
SourdoughGulch_WA_985,2020-12-03,0.263,0.26555943489074707
SourdoughGulch_WA_985,2020-12-04,0.246,0.2538752555847168
SourdoughGulch_WA_985,2020-12-05,0.222,0.2505408227443695
SourdoughGulch_WA_985,2020-12-06,0.188,0.2468678206205368
SourdoughGulch_WA_985,2020-12-07,0.177,0.2412933111190796
SourdoughGulch_WA_985,2020-12-08,0.155,0.24062250554561615
SourdoughGulch_WA_985,2020-12-09,0.195,0.24801470339298248
SourdoughGulch_WA_985,2020-12-10,0.258,0.2516939640045166
SourdoughGulch_WA_985,2020-12-11,0.282,0.2654998302459717
SourdoughGulch_WA_985,2020-12-12,0.273,0.2637864351272583
SourdoughGulch_WA_985,2020-12-13,0.249,0.26428699493408203
SourdoughGulch_WA_985,2020-12-14,0.219,0.2531012296676636
SourdoughGulch_WA_985,2020-12-15,0.221,0.2591780722141266
SourdoughGulch_WA_985,2020-12-16,0.224,0.26880860328674316
SourdoughGulch_WA_985,2020-12-17,0.238,0.26934874057769775
SourdoughGulch_WA_985,2020-12-18,0.258,0.27104854583740234
SourdoughGulch_WA_985,2020-12-19,0.283,0.2761123478412628
SourdoughGulch_WA_985,2020-12-20,0.314,0.27974265813827515
SourdoughGulch_WA_985,2020-12-21,0.35,0.2964310646057129
SourdoughGulch_WA_985,2020-12-22,0.35,0.3043304681777954
SourdoughGulch_WA_985,2020-12-23,0.339,0.31062784790992737
SourdoughGulch_WA_985,2020-12-24,0.322,0.31661292910575867
SourdoughGulch_WA_985,2020-12-25,0.307,0.31524378061294556
SourdoughGulch_WA_985,2020-12-26,0.3,0.3154657781124115
SourdoughGulch_WA_985,2020-12-27,0.307,0.3151601254940033
SourdoughGulch_WA_985,2020-12-28,0.301,0.3114888370037079
SourdoughGulch_WA_985,2020-12-29,0.285,0.30169740319252014
SourdoughGulch_WA_985,2020-12-30,0.27,0.29724013805389404
SourdoughGulch_WA_985,2020-12-31,0.262,0.2991839051246643
Spokane,2019-01-01,0.299,0.28234806656837463
Spokane,2019-01-05,0.301,0.2730220854282379
Spokane,2019-01-06,0.304,0.28165343403816223
Spokane,2019-01-07,0.303,0.27906906604766846
Spokane,2019-01-08,0.299,0.2853524088859558
Spokane,2019-01-10,0.319,0.28714582324028015
Spokane,2019-01-11,0.313,0.28694236278533936
Spokane,2019-01-12,0.308,0.2849138677120209
Spokane,2019-01-13,0.306,0.2805040776729584
Spokane,2019-01-14,0.301,0.2755252718925476
Spokane,2019-04-02,0.298,0.30189093947410583
Spokane,2019-04-03,0.298,0.30660736560821533
Spokane,2019-04-04,0.296,0.30746299028396606
Spokane,2019-04-05,0.301,0.30821964144706726
Spokane,2019-04-06,0.308,0.308973491191864
Spokane,2019-04-07,0.319,0.30766239762306213
Spokane,2019-04-08,0.314,0.3108067214488983
Spokane,2019-04-09,0.335,0.31879401206970215
Spokane,2019-04-10,0.32,0.318569540977478
Spokane,2019-04-11,0.312,0.31795763969421387
Spokane,2019-04-12,0.314,0.31608325242996216
Spokane,2019-04-13,0.319,0.3123987019062042
Spokane,2019-04-14,0.316,0.312666118144989
Spokane,2019-04-15,0.31,0.31106796860694885
Spokane,2019-04-16,0.307,0.30809202790260315
Spokane,2019-04-17,0.302,0.3068077564239502
Spokane,2019-04-18,0.298,0.30317533016204834
Spokane,2019-04-19,0.296,0.3003848195075989
Spokane,2019-04-20,0.298,0.2962474524974823
Spokane,2019-04-21,0.295,0.2898479700088501
Spokane,2019-04-22,0.291,0.2857576310634613
Spokane,2019-04-23,0.287,0.28462791442871094
Spokane,2019-04-24,0.283,0.280117005109787
Spokane,2019-04-25,0.279,0.2807105779647827
Spokane,2019-04-26,0.284,0.280172735452652
Spokane,2019-04-27,0.282,0.25193873047828674
Spokane,2019-04-28,0.278,0.24979358911514282
Spokane,2019-04-29,0.274,0.2522317171096802
Spokane,2019-04-30,0.27,0.2394751012325287
Spokane,2019-05-01,0.266,0.23750829696655273
Spokane,2019-05-02,0.262,0.2356100082397461
Spokane,2019-05-03,0.258,0.23171046376228333
Spokane,2019-05-04,0.254,0.22559669613838196
Spokane,2019-05-05,0.249,0.2305694818496704
Spokane,2019-05-06,0.243,0.22274446487426758
Spokane,2019-05-07,0.243,0.23066261410713196
Spokane,2019-05-08,0.235,0.22964349389076233
Spokane,2019-05-09,0.228,0.22953811287879944
Spokane,2019-05-10,0.22,0.22579199075698853
Spokane,2019-05-11,0.213,0.21835863590240479
Spokane,2019-05-12,0.204,0.2144128978252411
Spokane,2019-05-13,0.197,0.2057613730430603
Spokane,2019-05-14,0.192,0.20432932674884796
Spokane,2019-05-15,0.19,0.160398468375206
Spokane,2019-05-16,0.213,0.18401406705379486
Spokane,2019-05-17,0.264,0.20094908773899078
Spokane,2019-05-18,0.266,0.22842440009117126
Spokane,2019-05-19,0.257,0.23965846002101898
Spokane,2019-05-20,0.249,0.2435659021139145
Spokane,2019-05-21,0.244,0.24001164734363556
Spokane,2019-05-22,0.238,0.2356485277414322
Spokane,2019-05-23,0.231,0.22787752747535706
Spokane,2019-05-24,0.231,0.23180106282234192
Spokane,2019-05-25,0.23,0.23020000755786896
Spokane,2019-05-26,0.261,0.23451551795005798
Spokane,2019-05-27,0.248,0.2349930852651596
Spokane,2019-05-28,0.239,0.23544199764728546
Spokane,2019-05-29,0.23,0.23306354880332947
Spokane,2019-05-30,0.225,0.2329968363046646
Spokane,2019-05-31,0.224,0.2272919863462448
Spokane,2019-06-01,0.212,0.2113470733165741
Spokane,2019-06-02,0.202,0.1660812497138977
Spokane,2019-06-03,0.191,0.16268998384475708
Spokane,2019-06-04,0.182,0.1607845425605774
Spokane,2019-06-05,0.178,0.1537524163722992
Spokane,2019-06-06,0.187,0.16144567728042603
Spokane,2019-06-07,0.179,0.15850284695625305
Spokane,2019-06-08,0.174,0.15975455939769745
Spokane,2019-06-09,0.17,0.15426045656204224
Spokane,2019-06-10,0.163,0.15173178911209106
Spokane,2019-06-11,0.154,0.1487295776605606
Spokane,2019-06-12,0.145,0.14238379895687103
Spokane,2019-06-13,0.135,0.13694097101688385
Spokane,2019-06-14,0.125,0.12613829970359802
Spokane,2019-06-15,0.117,0.12221356481313705
Spokane,2019-06-16,0.109,0.11567370593547821
Spokane,2019-06-17,0.102,0.11095208674669266
Spokane,2019-06-18,0.095,0.10430258512496948
Spokane,2019-06-19,0.089,0.09430468827486038
Spokane,2019-06-20,0.084,0.09211809188127518
Spokane,2019-06-21,0.081,0.08992280811071396
Spokane,2019-06-22,0.081,0.08206034451723099
Spokane,2019-06-23,0.078,0.08113328367471695
Spokane,2019-06-24,0.076,0.07606121152639389
Spokane,2019-06-25,0.072,0.07178077846765518
Spokane,2019-06-26,0.069,0.07562380284070969
Spokane,2019-06-27,0.066,0.07436945289373398
Spokane,2019-06-28,0.066,0.07436945289373398
Spokane,2019-06-29,0.067,0.07431884855031967
Spokane,2019-06-30,0.068,0.07226941734552383
Spokane,2019-07-01,0.068,0.06876561790704727
Spokane,2019-07-02,0.066,0.06551938503980637
Spokane,2019-07-03,0.063,0.06375180929899216
Spokane,2019-07-04,0.06,0.05556606128811836
Spokane,2019-07-05,0.057,0.05581330135464668
Spokane,2019-07-06,0.055,0.05581330135464668
Spokane,2019-07-07,0.052,0.05581330135464668
Spokane,2019-07-08,0.048,0.05460447818040848
Spokane,2019-07-09,0.046,0.0547141507267952
Spokane,2019-07-10,0.044,0.055967945605516434
Spokane,2019-07-11,0.042,0.05242094397544861
Spokane,2019-07-12,0.041,0.04260651767253876
Spokane,2019-07-13,0.04,0.04014645889401436
Spokane,2019-07-14,0.037,0.03811114281415939
Spokane,2019-07-15,0.034,0.03899721801280975
Spokane,2019-07-16,0.034,0.04559149220585823
Spokane,2019-07-17,0.035,0.04630543291568756
Spokane,2019-07-18,0.038,0.046681709587574005
Spokane,2019-07-19,0.04,0.044707171618938446
Spokane,2019-07-20,0.042,0.04198862984776497
Spokane,2019-07-21,0.044,0.04200597479939461
Spokane,2019-07-22,0.044,0.05071873590350151
Spokane,2019-07-23,0.044,0.049952272325754166
Spokane,2019-07-24,0.043,0.05260935425758362
Spokane,2019-07-25,0.046,0.05709126964211464
Spokane,2019-07-26,0.051,0.058093953877687454
Spokane,2019-07-27,0.054,0.0586785264313221
Spokane,2019-07-28,0.053,0.05455196276307106
Spokane,2019-07-29,0.052,0.05259355902671814
Spokane,2019-07-30,0.05,0.052034325897693634
Spokane,2019-07-31,0.048,0.05168728157877922
Spokane,2019-08-01,0.046,0.0508827343583107
Spokane,2019-08-02,0.043,0.05027693510055542
Spokane,2019-08-03,0.039,0.04910016059875488
Spokane,2019-08-04,0.037,0.0476730577647686
Spokane,2019-08-05,0.035,0.04196429252624512
Spokane,2019-08-06,0.033,0.04079614579677582
Spokane,2019-08-07,0.031,0.04002074524760246
Spokane,2019-08-08,0.03,0.03890706226229668
Spokane,2019-08-09,0.028,0.043213050812482834
Spokane,2019-08-10,0.029,0.04821404442191124
Spokane,2019-08-11,0.046,0.05707044526934624
Spokane,2019-08-12,0.131,0.07777610421180725
Spokane,2019-08-13,0.121,0.08192826062440872
Spokane,2019-08-14,0.112,0.0839102640748024
Spokane,2019-08-15,0.105,0.08317199349403381
Spokane,2019-08-16,0.098,0.07995802164077759
Spokane,2019-08-17,0.093,0.07399669289588928
Spokane,2019-08-18,0.087,0.0694529190659523
Spokane,2019-08-19,0.082,0.06323803961277008
Spokane,2019-08-20,0.077,0.05775821954011917
Spokane,2019-08-21,0.072,0.05216050148010254
Spokane,2019-08-22,0.067,0.0581301674246788
Spokane,2019-08-23,0.063,0.06530981510877609
Spokane,2019-08-24,0.06,0.06858398765325546
Spokane,2019-08-25,0.056,0.06140435114502907
Spokane,2019-08-26,0.052,0.0568104088306427
Spokane,2019-08-27,0.049,0.04832417517900467
Spokane,2019-08-28,0.046,0.045032523572444916
Spokane,2019-08-29,0.042,0.043315865099430084
Spokane,2019-08-30,0.042,0.04455966874957085
Spokane,2019-08-31,0.042,0.04455966874957085
Spokane,2019-09-01,0.041,0.04455966874957085
Spokane,2019-09-02,0.038,0.037299372255802155
Spokane,2019-09-03,0.036,0.03511706739664078
Spokane,2019-09-04,0.035,0.03469838947057724
Spokane,2019-09-05,0.033,0.03465490788221359
Spokane,2019-09-06,0.032,0.04322485253214836
Spokane,2019-09-07,0.034,0.044479575008153915
Spokane,2019-09-08,0.035,0.05125150829553604
Spokane,2019-09-09,0.072,0.06797843426465988
Spokane,2019-09-10,0.129,0.08374194800853729
Spokane,2019-09-11,0.126,0.09329288452863693
Spokane,2019-09-12,0.122,0.09329288452863693
Spokane,2019-09-13,0.117,0.0949697270989418
Spokane,2019-09-14,0.112,0.0914197787642479
Spokane,2019-09-15,0.107,0.08892326802015305
Spokane,2019-09-16,0.103,0.08440542966127396
Spokane,2019-09-17,0.099,0.0852254331111908
Spokane,2019-09-18,0.097,0.08585426211357117
Spokane,2019-09-19,0.095,0.08388309180736542
Spokane,2019-09-20,0.093,0.08578676730394363
Spokane,2019-09-21,0.092,0.08498221635818481
Spokane,2019-09-22,0.091,0.0768238753080368
Spokane,2019-09-23,0.091,0.10124222189188004
Spokane,2019-09-24,0.089,0.09717945754528046
Spokane,2019-09-25,0.087,0.09710408002138138
Spokane,2019-09-26,0.085,0.09925305843353271
Spokane,2019-09-27,0.083,0.10396469384431839
Spokane,2019-09-28,0.145,0.1306869238615036
Spokane,2019-09-29,0.196,0.13890565931797028
Spokane,2019-09-30,0.178,0.1615428775548935
Spokane,2019-10-01,0.166,0.1604520082473755
Spokane,2019-10-02,0.158,0.1581951528787613
Spokane,2019-10-03,0.154,0.15969690680503845
Spokane,2019-10-04,0.151,0.15821678936481476
Spokane,2019-10-05,0.148,0.16155655682086945
Spokane,2019-10-06,0.144,0.15572020411491394
Spokane,2019-10-07,0.142,0.1552674025297165
Spokane,2019-10-08,0.139,0.1557578146457672
Spokane,2019-10-09,0.164,0.1607479453086853
Spokane,2019-10-10,0.166,0.15923406183719635
Spokane,2019-10-11,0.16,0.15923406183719635
Spokane,2019-10-12,0.156,0.15923406183719635
Spokane,2019-10-13,0.154,0.15653488039970398
Spokane,2019-10-14,0.151,0.1527237743139267
Spokane,2019-10-15,0.147,0.15175358951091766
Spokane,2019-10-16,0.146,0.156585231423378
Spokane,2019-10-17,0.144,0.159666046500206
Spokane,2019-10-18,0.148,0.16696570813655853
Spokane,2019-10-19,0.193,0.18438680469989777
Spokane,2019-10-20,0.196,0.18760128319263458
Spokane,2019-10-21,0.195,0.21858564019203186
Spokane,2019-10-22,0.207,0.21442021429538727
Spokane,2019-10-23,0.193,0.20850108563899994
Spokane,2019-10-25,0.182,0.20440097153186798
Spokane,2019-10-26,0.184,0.2047886699438095
Spokane,2019-10-27,0.18,0.20859356224536896
Spokane,2019-10-28,0.179,0.19992652535438538
Spokane,2019-10-29,0.17,0.19757996499538422
Spokane,2019-10-30,0.163,0.18983015418052673
Spokane,2019-10-31,0.165,0.18753162026405334
Spokane,2019-11-04,0.166,0.18453742563724518
Spokane,2019-11-05,0.165,0.1855498105287552
Spokane,2019-11-06,0.164,0.18493244051933289
Spokane,2019-11-07,0.16,0.18149936199188232
Spokane,2019-11-08,0.161,0.18352073431015015
Spokane,2019-11-09,0.166,0.19289202988147736
Spokane,2019-11-10,0.172,0.19356226921081543
Spokane,2019-11-11,0.167,0.18860110640525818
Spokane,2019-11-12,0.17,0.19002658128738403
Spokane,2019-11-13,0.175,0.1888624131679535
Spokane,2019-11-14,0.173,0.18704275786876678
Spokane,2019-11-15,0.177,0.20320259034633636
Spokane,2019-11-16,0.18,0.19985003769397736
Spokane,2019-11-17,0.207,0.20234160125255585
Spokane,2019-11-18,0.208,0.20859603583812714
Spokane,2019-11-19,0.203,0.22796975076198578
Spokane,2019-11-20,0.2,0.22432149946689606
Spokane,2019-11-21,0.193,0.21421903371810913
Spokane,2019-11-22,0.185,0.20714710652828217
Spokane,2019-11-23,0.18,0.20183347165584564
Spokane,2019-11-24,0.184,0.20992010831832886
Spokane,2019-11-25,0.18,0.22034159302711487
Spokane,2019-12-24,0.265,0.2533471882343292
Spokane,2019-12-25,0.263,0.2536455988883972
Spokane,2019-12-26,0.262,0.25155723094940186
Spokane,2019-12-27,0.259,0.25098127126693726
Spokane,2019-12-28,0.259,0.2548416554927826
Spokane,2019-12-29,0.259,0.2518640458583832
Spokane,2019-12-30,0.262,0.2511868476867676
Spokane,2019-12-31,0.275,0.2550732493400574
Spokane,2020-01-01,0.287,0.2591165006160736
Spokane,2020-01-02,0.28,0.26182636618614197
Spokane,2020-01-03,0.281,0.2641628384590149
Spokane,2020-01-04,0.278,0.26818713545799255
Spokane,2020-01-05,0.275,0.2668055295944214
Spokane,2020-01-06,0.282,0.27351614832878113
Spokane,2020-01-07,0.289,0.27779608964920044
Spokane,2020-01-08,0.286,0.2736564576625824
Spokane,2020-01-09,0.282,0.2772064507007599
Spokane,2020-01-10,0.275,0.2763875126838684
Spokane,2020-01-11,0.295,0.2714112401008606
Spokane,2020-01-12,0.297,0.27948519587516785
Spokane,2020-01-13,0.294,0.3058801293373108
Spokane,2020-01-14,0.297,0.30425798892974854
Spokane,2020-01-15,0.295,0.30417600274086
Spokane,2020-01-16,0.294,0.2951676547527313
Spokane,2020-01-17,0.289,0.29224541783332825
Spokane,2020-01-18,0.287,0.2937975823879242
Spokane,2020-01-19,0.289,0.2937975823879242
Spokane,2020-01-20,0.29,0.28706976771354675
Spokane,2020-01-21,0.291,0.29007649421691895
Spokane,2020-01-22,0.295,0.29220932722091675
Spokane,2020-01-23,0.328,0.309824675321579
Spokane,2020-01-24,0.342,0.31059056520462036
Spokane,2020-01-25,0.319,0.30886757373809814
Spokane,2020-01-26,0.317,0.3088688850402832
Spokane,2020-01-27,0.313,0.30421414971351624
Spokane,2020-01-28,0.328,0.31146934628486633
Spokane,2020-01-29,0.319,0.3109361231327057
Spokane,2020-01-30,0.315,0.3109709322452545
Spokane,2020-01-31,0.312,0.3080291450023651
Spokane,2020-02-01,0.309,0.30413350462913513
Spokane,2020-02-02,0.304,0.3042612075805664
Spokane,2020-02-03,0.291,0.29925838112831116
Spokane,2020-02-04,0.281,0.29365983605384827
Spokane,2020-02-05,0.295,0.29356831312179565
Spokane,2020-02-06,0.309,0.3068321943283081
Spokane,2020-02-07,0.33,0.30944201350212097
Spokane,2020-02-08,0.332,0.30902206897735596
Spokane,2020-02-09,0.321,0.307108074426651
Spokane,2020-02-10,0.32,0.3023071885108948
Spokane,2020-02-11,0.317,0.30280596017837524
Spokane,2020-02-15,0.309,0.29293036460876465
Spokane,2020-02-16,0.307,0.28826406598091125
Spokane,2020-02-17,0.3,0.2900475263595581
Spokane,2020-02-18,0.307,0.28864145278930664
Spokane,2020-03-04,0.279,0.27510517835617065
Spokane,2020-03-05,0.278,0.27476435899734497
Spokane,2020-03-06,0.279,0.27813875675201416
Spokane,2020-03-07,0.294,0.28987812995910645
Spokane,2020-03-08,0.294,0.28927767276763916
Spokane,2020-03-09,0.291,0.2889460623264313
Spokane,2020-03-10,0.289,0.2859592139720917
Spokane,2020-03-11,0.289,0.2838631570339203
Spokane,2020-03-12,0.285,0.2810054421424866
Spokane,2020-03-13,0.285,0.28853556513786316
Spokane,2020-03-14,0.284,0.2890186011791229
Spokane,2020-03-15,0.283,0.28537461161613464
Spokane,2020-03-16,0.287,0.2891665995121002
Spokane,2020-03-17,0.287,0.2870359420776367
Spokane,2020-03-18,0.286,0.28339457511901855
Spokane,2020-03-19,0.284,0.283884197473526
Spokane,2020-03-20,0.282,0.2834279239177704
Spokane,2020-03-21,0.28,0.283048540353775
Spokane,2020-03-22,0.278,0.27752143144607544
Spokane,2020-03-23,0.277,0.2777656018733978
Spokane,2020-03-24,0.276,0.2772270143032074
Spokane,2020-03-25,0.28,0.2845425307750702
Spokane,2020-03-26,0.282,0.2845425307750702
Spokane,2020-03-27,0.281,0.2845425307750702
Spokane,2020-03-28,0.28,0.2825069725513458
Spokane,2020-03-29,0.279,0.28314027190208435
Spokane,2020-03-30,0.281,0.28270649909973145
Spokane,2020-03-31,0.285,0.28985509276390076
Spokane,2020-04-01,0.288,0.29306143522262573
Spokane,2020-04-02,0.291,0.2886403501033783
Spokane,2020-04-03,0.288,0.28707456588745117
Spokane,2020-04-04,0.285,0.2873092591762543
Spokane,2020-04-05,0.288,0.2858591079711914
Spokane,2020-04-06,0.286,0.2796086072921753
Spokane,2020-04-07,0.283,0.2800460755825043
Spokane,2020-04-08,0.28,0.2799922525882721
Spokane,2020-04-09,0.277,0.2752227783203125
Spokane,2020-04-10,0.274,0.2716645300388336
Spokane,2020-04-11,0.27,0.2713194191455841
Spokane,2020-04-12,0.267,0.26832136511802673
Spokane,2020-04-13,0.264,0.26364216208457947
Spokane,2020-04-14,0.262,0.26025259494781494
Spokane,2020-04-15,0.261,0.2557529807090759
Spokane,2020-04-16,0.257,0.2529268264770508
Spokane,2020-04-17,0.254,0.2534520924091339
Spokane,2020-04-18,0.251,0.24954374134540558
Spokane,2020-04-19,0.25,0.24502700567245483
Spokane,2020-04-20,0.247,0.24185284972190857
Spokane,2020-04-21,0.242,0.23637157678604126
Spokane,2020-04-22,0.243,0.2400183230638504
Spokane,2020-04-23,0.25,0.24036669731140137
Spokane,2020-04-24,0.246,0.24144437909126282
Spokane,2020-04-25,0.244,0.24135436117649078
Spokane,2020-04-26,0.241,0.23986485600471497
Spokane,2020-04-27,0.238,0.2399284839630127
Spokane,2020-04-28,0.234,0.23929056525230408
Spokane,2020-04-29,0.229,0.24257761240005493
Spokane,2020-04-30,0.224,0.23724177479743958
Spokane,2020-05-01,0.22,0.23580501973628998
Spokane,2020-05-02,0.216,0.2409091740846634
Spokane,2020-05-03,0.225,0.24130511283874512
Spokane,2020-05-04,0.219,0.23483966290950775
Spokane,2020-05-05,0.214,0.21320970356464386
Spokane,2020-05-06,0.222,0.21648065745830536
Spokane,2020-05-07,0.222,0.22252120077610016
Spokane,2020-05-08,0.217,0.22252120077610016
Spokane,2020-05-09,0.21,0.2180219441652298
Spokane,2020-05-10,0.202,0.21213111281394958
Spokane,2020-05-11,0.195,0.21051986515522003
Spokane,2020-05-12,0.209,0.21351248025894165
Spokane,2020-05-13,0.211,0.2152789831161499
Spokane,2020-05-14,0.21,0.212979257106781
Spokane,2020-05-15,0.21,0.21454136073589325
Spokane,2020-05-16,0.207,0.2155746966600418
Spokane,2020-05-17,0.206,0.21537429094314575
Spokane,2020-05-18,0.224,0.22055290639400482
Spokane,2020-05-19,0.255,0.2274145931005478
Spokane,2020-05-20,0.294,0.28181537985801697
Spokane,2020-05-21,0.326,0.2999853789806366
Spokane,2020-05-22,0.311,0.30878114700317383
Spokane,2020-05-23,0.305,0.3048664927482605
Spokane,2020-05-24,0.298,0.2986271381378174
Spokane,2020-05-25,0.294,0.29889345169067383
Spokane,2020-05-26,0.29,0.29652008414268494
Spokane,2020-05-27,0.282,0.285918265581131
Spokane,2020-05-28,0.273,0.2756058871746063
Spokane,2020-05-29,0.265,0.264899879693985
Spokane,2020-05-30,0.259,0.2619621753692627
Spokane,2020-05-31,0.306,0.2981208860874176
Spokane,2020-06-01,0.297,0.2885255515575409
Spokane,2020-06-02,0.289,0.2841227650642395
Spokane,2020-06-03,0.28,0.27967652678489685
Spokane,2020-06-04,0.272,0.274294376373291
Spokane,2020-06-05,0.268,0.2791198194026947
Spokane,2020-06-06,0.269,0.2791198194026947
Spokane,2020-06-07,0.264,0.27792826294898987
Spokane,2020-06-08,0.259,0.26317697763442993
Spokane,2020-06-09,0.26,0.26331520080566406
Spokane,2020-06-10,0.261,0.26115667819976807
Spokane,2020-06-11,0.254,0.25215089321136475
Spokane,2020-06-12,0.25,0.24392631649971008
Spokane,2020-06-13,0.262,0.24456925690174103
Spokane,2020-06-14,0.268,0.2458643764257431
Spokane,2020-06-15,0.268,0.23708966374397278
Spokane,2020-06-16,0.269,0.24751237034797668
Spokane,2020-06-17,0.267,0.2430267482995987
Spokane,2020-06-18,0.264,0.24399259686470032
Spokane,2020-06-19,0.255,0.24150165915489197
Spokane,2020-06-20,0.248,0.24024702608585358
Spokane,2020-06-21,0.243,0.22954238951206207
Spokane,2020-06-22,0.235,0.2085171639919281
Spokane,2020-06-23,0.226,0.2025996893644333
Spokane,2020-06-24,0.215,0.1953837126493454
Spokane,2020-06-25,0.206,0.19027094542980194
Spokane,2020-06-26,0.197,0.18621984124183655
Spokane,2020-06-27,0.187,0.1824856996536255
Spokane,2020-06-28,0.18,0.1860729306936264
Spokane,2020-06-29,0.175,0.18422114849090576
Spokane,2020-06-30,0.178,0.18155765533447266
Spokane,2020-07-01,0.189,0.18309496343135834
Spokane,2020-07-02,0.187,0.18330909311771393
Spokane,2020-07-03,0.177,0.18289066851139069
Spokane,2020-07-04,0.167,0.18226896226406097
Spokane,2020-07-05,0.16,0.17948809266090393
Spokane,2020-07-06,0.152,0.17935006320476532
Spokane,2020-07-07,0.145,0.16715118288993835
Spokane,2020-07-08,0.139,0.1273544281721115
Spokane,2020-07-09,0.134,0.12215125560760498
Spokane,2020-07-10,0.128,0.12119937688112259
Spokane,2020-07-11,0.122,0.11924681067466736
Spokane,2020-07-12,0.116,0.11192499101161957
Spokane,2020-07-13,0.11,0.10532527416944504
Spokane,2020-07-14,0.104,0.1001429408788681
Spokane,2020-07-15,0.099,0.09655361622571945
Spokane,2020-07-16,0.093,0.08319876343011856
Spokane,2020-07-17,0.087,0.07975908368825912
Spokane,2020-07-18,0.082,0.07582874596118927
Spokane,2020-07-19,0.078,0.07239033281803131
Spokane,2020-07-20,0.074,0.07062522321939468
Spokane,2020-07-21,0.069,0.07120907306671143
Spokane,2020-07-22,0.066,0.06855080276727676
Spokane,2020-07-23,0.062,0.06522684544324875
Spokane,2020-07-24,0.06,0.06468434631824493
Spokane,2020-07-25,0.057,0.06400711834430695
Spokane,2020-07-26,0.055,0.059897974133491516
Spokane,2020-07-27,0.054,0.055283866822719574
Spokane,2020-07-28,0.051,0.05386517569422722
Spokane,2020-07-29,0.049,0.048772022128105164
Spokane,2020-07-30,0.048,0.04842498153448105
Spokane,2020-07-31,0.046,0.04583493620157242
Spokane,2020-08-01,0.043,0.045570556074380875
Spokane,2020-08-02,0.042,0.045570556074380875
Spokane,2020-08-03,0.04,0.040662918239831924
Spokane,2020-08-04,0.039,0.03954605385661125
Spokane,2020-08-05,0.038,0.040292154997587204
Spokane,2020-08-06,0.037,0.04306846112012863
Spokane,2020-08-07,0.037,0.04354637861251831
Spokane,2020-08-08,0.037,0.04354637861251831
Spokane,2020-08-09,0.037,0.04341794177889824
Spokane,2020-08-10,0.036,0.04224419221282005
Spokane,2020-08-11,0.036,0.0407772995531559
Spokane,2020-08-12,0.034,0.03774913400411606
Spokane,2020-08-13,0.033,0.03783423453569412
Spokane,2020-08-14,0.033,0.03783423453569412
Spokane,2020-08-15,0.033,0.03660425916314125
Spokane,2020-08-16,0.033,0.03660425916314125
Spokane,2020-08-17,0.034,0.03581373766064644
Spokane,2020-08-18,0.033,0.03581373766064644
Spokane,2020-08-19,0.033,0.03581373766064644
Spokane,2020-08-20,0.033,0.03595544025301933
Spokane,2020-08-21,0.034,0.03595544025301933
Spokane,2020-08-22,0.033,0.03595544025301933
Spokane,2020-08-23,0.032,0.03595544025301933
Spokane,2020-08-24,0.031,0.03527716547250748
Spokane,2020-08-25,0.031,0.03527716547250748
Spokane,2020-08-26,0.03,0.034573741257190704
Spokane,2020-08-27,0.029,0.03443203866481781
Spokane,2020-08-28,0.029,0.03443203866481781
Spokane,2020-08-29,0.029,0.03443203866481781
Spokane,2020-08-30,0.028,0.03443203866481781
Spokane,2020-08-31,0.029,0.0344645194709301
Spokane,2020-09-01,0.028,0.0344645194709301
Spokane,2020-09-02,0.028,0.03516794368624687
Spokane,2020-09-03,0.028,0.03514142706990242
Spokane,2020-09-04,0.028,0.03514142706990242
Spokane,2020-09-05,0.028,0.03514142706990242
Spokane,2020-09-06,0.027,0.03514142706990242
Spokane,2020-09-07,0.027,0.03493301942944527
Spokane,2020-09-08,0.025,0.03493301942944527
Spokane,2020-09-09,0.025,0.03507472202181816
Spokane,2020-09-10,0.025,0.03507472202181816
Spokane,2020-09-11,0.025,0.03493301942944527
Spokane,2020-09-12,0.024,0.03493301942944527
Spokane,2020-09-13,0.023,0.03493301942944527
Spokane,2020-09-14,0.024,0.03352123126387596
Spokane,2020-09-15,0.024,0.0334545262157917
Spokane,2020-09-16,0.025,0.0334545262157917
Spokane,2020-09-17,0.025,0.0334545262157917
Spokane,2020-09-18,0.025,0.0334545262157917
Spokane,2020-09-19,0.025,0.03469621762633324
Spokane,2020-09-20,0.026,0.03469621762633324
Spokane,2020-09-21,0.026,0.031191181391477585
Spokane,2020-09-22,0.028,0.03177449852228165
Spokane,2020-09-23,0.029,0.0362183079123497
Spokane,2020-09-24,0.03,0.04468970000743866
Spokane,2020-09-25,0.03,0.04507334530353546
Spokane,2020-09-26,0.032,0.04972643405199051
Spokane,2020-09-27,0.035,0.052500948309898376
Spokane,2020-09-28,0.039,0.06471142917871475
Spokane,2020-09-29,0.043,0.0605505108833313
Spokane,2020-09-30,0.045,0.06066472828388214
Spokane,2020-10-01,0.047,0.062307748943567276
Spokane,2020-10-02,0.05,0.05824119970202446
Spokane,2020-10-03,0.05,0.05109484866261482
Spokane,2020-10-04,0.05,0.046189602464437485
Spokane,2020-10-05,0.049,0.04678905010223389
Spokane,2020-10-06,0.049,0.04682029411196709
Spokane,2020-10-07,0.049,0.04610862210392952
Spokane,2020-10-08,0.049,0.045295972377061844
Spokane,2020-10-09,0.048,0.04291221871972084
Spokane,2020-10-10,0.091,0.07635999470949173
Spokane,2020-10-11,0.142,0.118463434278965
Spokane,2020-10-12,0.176,0.17026051878929138
Spokane,2020-10-13,0.192,0.21198415756225586
Spokane,2020-10-14,0.184,0.1847798377275467
Spokane,2020-10-15,0.171,0.17496095597743988
Spokane,2020-10-16,0.165,0.17425751686096191
Spokane,2020-10-17,0.16,0.1713176965713501
Spokane,2020-10-18,0.163,0.16875708103179932
Spokane,2020-10-19,0.162,0.1814773678779602
Spokane,2020-10-20,0.157,0.17912988364696503
Spokane,2020-10-21,0.153,0.16879205405712128
Spokane,2020-10-22,0.149,0.1768883764743805
Spokane,2020-10-23,0.146,0.18095596134662628
Spokane,2020-10-24,0.149,0.17632141709327698
Spokane,2020-10-25,0.154,0.17795397341251373
Spokane,2020-10-26,0.151,0.18563222885131836
Spokane,2020-10-27,0.16,0.18579764664173126
Spokane,2020-10-28,0.195,0.1912013590335846
Spokane,2020-10-29,0.207,0.19338177144527435
Spokane,2020-10-30,0.197,0.18552933633327484
Spokane,2020-10-31,0.188,0.17872397601604462
Spokane,2020-11-01,0.182,0.17824040353298187
Spokane,2020-11-02,0.179,0.1786555051803589
Spokane,2020-11-03,0.176,0.18713977932929993
Spokane,2020-11-04,0.178,0.1904805302619934
Spokane,2020-11-05,0.194,0.20954835414886475
Spokane,2020-11-06,0.221,0.21143676340579987
Spokane,2020-11-07,0.209,0.2099636346101761
Spokane,2020-11-08,0.204,0.25000500679016113
Spokane,2020-11-09,0.199,0.24531090259552002
Spokane,2020-11-10,0.202,0.22710207104682922
Spokane,2020-11-11,0.203,0.22688525915145874
Spokane,2020-11-12,0.202,0.22929564118385315
Spokane,2020-11-13,0.227,0.23849043250083923
Spokane,2020-11-14,0.229,0.23655347526073456
Spokane,2020-11-15,0.23,0.2378435581922531
Spokane,2020-11-16,0.227,0.23777861893177032
Spokane,2020-11-17,0.227,0.2472117394208908
Spokane,2020-11-18,0.23,0.24613435566425323
Spokane,2020-11-19,0.23,0.23799151182174683
Spokane,2020-11-20,0.225,0.2367759346961975
Spokane,2020-11-21,0.22,0.23064932227134705
Spokane,2020-11-22,0.216,0.22962768375873566
Spokane,2020-11-23,0.219,0.22883859276771545
Spokane,2020-11-24,0.227,0.23013237118721008
Spokane,2020-11-25,0.242,0.23110613226890564
Spokane,2020-11-26,0.236,0.22900502383708954
Spokane,2020-11-27,0.232,0.22676268219947815
Spokane,2020-11-28,0.231,0.22685809433460236
Spokane,2020-11-29,0.224,0.22170598804950714
Spokane,2020-11-30,0.219,0.22631420195102692
Spokane,2020-12-01,0.223,0.22658899426460266
Spokane,2020-12-02,0.226,0.2256050556898117
Touchet_WA_824,2019-01-01,0.128,0.13820013403892517
Touchet_WA_824,2019-01-02,0.129,0.13765235245227814
Touchet_WA_824,2019-01-03,0.128,0.1352098137140274
Touchet_WA_824,2019-01-04,0.129,0.13662183284759521
Touchet_WA_824,2019-01-05,0.128,0.13661523163318634
Touchet_WA_824,2019-01-06,0.128,0.13650958240032196
Touchet_WA_824,2019-01-07,0.128,0.1414431780576706
Touchet_WA_824,2019-01-08,0.129,0.14129531383514404
Touchet_WA_824,2019-01-09,0.127,0.1390300691127777
Touchet_WA_824,2019-01-10,0.127,0.13845224678516388
Touchet_WA_824,2019-01-11,0.128,0.13598157465457916
Touchet_WA_824,2019-01-12,0.129,0.13583558797836304
Touchet_WA_824,2019-01-13,0.126,0.13583558797836304
Touchet_WA_824,2019-01-14,0.128,0.13182926177978516
Touchet_WA_824,2019-01-15,0.127,0.13082870841026306
Touchet_WA_824,2019-01-16,0.129,0.1316245198249817
Touchet_WA_824,2019-01-17,0.129,0.1335620880126953
Touchet_WA_824,2019-01-18,0.13,0.1334609091281891
Touchet_WA_824,2019-01-19,0.126,0.13372118771076202
Touchet_WA_824,2019-01-20,0.128,0.14065998792648315
Touchet_WA_824,2019-01-21,0.127,0.13886499404907227
Touchet_WA_824,2019-01-22,0.126,0.1483091115951538
Touchet_WA_824,2019-01-23,0.129,0.14024609327316284
Touchet_WA_824,2019-01-24,0.13,0.13823719322681427
Touchet_WA_824,2019-01-25,0.13,0.13823719322681427
Touchet_WA_824,2019-01-26,0.128,0.1377275437116623
Touchet_WA_824,2019-01-27,0.13,0.13477547466754913
Touchet_WA_824,2019-01-28,0.13,0.13416695594787598
Touchet_WA_824,2019-01-29,0.13,0.13352949917316437
Touchet_WA_824,2019-01-30,0.133,0.1354585438966751
Touchet_WA_824,2019-01-31,0.133,0.1363612413406372
Touchet_WA_824,2019-02-01,0.131,0.13940870761871338
Touchet_WA_824,2019-02-02,0.132,0.14017599821090698
Touchet_WA_824,2019-02-03,0.133,0.13906429708003998
Touchet_WA_824,2019-02-04,0.133,0.14565034210681915
Touchet_WA_824,2019-02-05,0.132,0.1457526832818985
Touchet_WA_824,2019-02-06,0.132,0.14992161095142365
Touchet_WA_824,2019-02-07,0.131,0.14711293578147888
Touchet_WA_824,2019-02-08,0.132,0.1459188014268875
Touchet_WA_824,2019-02-09,0.133,0.1459188014268875
Touchet_WA_824,2019-02-10,0.134,0.14588738977909088
Touchet_WA_824,2019-02-11,0.133,0.14310498535633087
Touchet_WA_824,2019-02-12,0.135,0.14268538355827332
Touchet_WA_824,2019-02-13,0.136,0.1405724734067917
Touchet_WA_824,2019-02-14,0.136,0.14595067501068115
Touchet_WA_824,2019-02-15,0.136,0.14600040018558502
Touchet_WA_824,2019-02-16,0.137,0.14606070518493652
Touchet_WA_824,2019-02-17,0.137,0.1459868997335434
Touchet_WA_824,2019-02-18,0.137,0.14329886436462402
Touchet_WA_824,2019-02-19,0.137,0.14259304106235504
Touchet_WA_824,2019-02-20,0.138,0.14188252389431
Touchet_WA_824,2019-02-21,0.138,0.14315944910049438
Touchet_WA_824,2019-02-22,0.139,0.1427362561225891
Touchet_WA_824,2019-02-23,0.138,0.1427362561225891
Touchet_WA_824,2019-02-24,0.137,0.1427362561225891
Touchet_WA_824,2019-02-25,0.139,0.1471368819475174
Touchet_WA_824,2019-02-26,0.139,0.14528554677963257
Touchet_WA_824,2019-02-27,0.14,0.14497703313827515
Touchet_WA_824,2019-02-28,0.139,0.1449328362941742
Touchet_WA_824,2019-03-01,0.138,0.14292117953300476
Touchet_WA_824,2019-03-02,0.14,0.14118503034114838
Touchet_WA_824,2019-03-03,0.14,0.14076249301433563
Touchet_WA_824,2019-03-04,0.14,0.13654863834381104
Touchet_WA_824,2019-03-05,0.14,0.13910625874996185
Touchet_WA_824,2019-03-06,0.14,0.13836444914340973
Touchet_WA_824,2019-03-07,0.14,0.13784317672252655
Touchet_WA_824,2019-03-08,0.141,0.14405404031276703
Touchet_WA_824,2019-03-09,0.14,0.14939287304878235
Touchet_WA_824,2019-03-10,0.14,0.17411091923713684
Touchet_WA_824,2019-03-11,0.141,0.18531349301338196
Touchet_WA_824,2019-03-12,0.141,0.14920467138290405
Touchet_WA_824,2019-03-13,0.141,0.15577509999275208
Touchet_WA_824,2019-03-14,0.141,0.1406363546848297
Touchet_WA_824,2019-03-15,0.142,0.14350752532482147
Touchet_WA_824,2019-03-16,0.141,0.14320942759513855
Touchet_WA_824,2019-03-17,0.141,0.14774680137634277
Touchet_WA_824,2019-03-18,0.142,0.14572595059871674
Touchet_WA_824,2019-03-19,0.141,0.14192166924476624
Touchet_WA_824,2019-03-20,0.142,0.1403089016675949
Touchet_WA_824,2019-03-21,0.143,0.1403089016675949
Touchet_WA_824,2019-03-22,0.141,0.14221619069576263
Touchet_WA_824,2019-03-23,0.143,0.14531342685222626
Touchet_WA_824,2019-03-24,0.142,0.14614525437355042
Touchet_WA_824,2019-03-25,0.143,0.14614525437355042
Touchet_WA_824,2019-03-26,0.144,0.14813251793384552
Touchet_WA_824,2019-03-27,0.145,0.147853285074234
Touchet_WA_824,2019-03-28,0.146,0.15022654831409454
Touchet_WA_824,2019-03-29,0.146,0.14932748675346375
Touchet_WA_824,2019-03-30,0.148,0.1504686176776886
Touchet_WA_824,2019-03-31,0.149,0.1499055027961731
Touchet_WA_824,2019-04-01,0.151,0.14828455448150635
Touchet_WA_824,2019-04-02,0.152,0.17460158467292786
Touchet_WA_824,2019-04-03,0.153,0.17319604754447937
Touchet_WA_824,2019-04-04,0.153,0.17356246709823608
Touchet_WA_824,2019-04-05,0.153,0.17234066128730774
Touchet_WA_824,2019-04-06,0.155,0.1716192215681076
Touchet_WA_824,2019-04-07,0.156,0.16990160942077637
Touchet_WA_824,2019-04-08,0.157,0.17476867139339447
Touchet_WA_824,2019-04-09,0.158,0.17850641906261444
Touchet_WA_824,2019-04-10,0.159,0.177399143576622
Touchet_WA_824,2019-04-11,0.161,0.17765213549137115
Touchet_WA_824,2019-04-12,0.161,0.17810606956481934
Touchet_WA_824,2019-04-13,0.161,0.1798020303249359
Touchet_WA_824,2019-04-14,0.163,0.1813235878944397
Touchet_WA_824,2019-04-15,0.164,0.18017339706420898
Touchet_WA_824,2019-04-16,0.165,0.1807921975851059
Touchet_WA_824,2019-04-17,0.166,0.1830959916114807
Touchet_WA_824,2019-04-18,0.167,0.18358083069324493
Touchet_WA_824,2019-04-19,0.165,0.1839110106229782
Touchet_WA_824,2019-04-20,0.169,0.18263784050941467
Touchet_WA_824,2019-04-21,0.169,0.1842297911643982
Touchet_WA_824,2019-04-22,0.17,0.19469842314720154
Touchet_WA_824,2019-04-23,0.171,0.1924687922000885
Touchet_WA_824,2019-04-24,0.171,0.19253073632717133
Touchet_WA_824,2019-04-25,0.171,0.19253073632717133
Touchet_WA_824,2019-04-26,0.172,0.18996810913085938
Touchet_WA_824,2019-04-27,0.173,0.1844521462917328
Touchet_WA_824,2019-04-28,0.175,0.18013592064380646
Touchet_WA_824,2019-04-29,0.175,0.18347500264644623
Touchet_WA_824,2019-04-30,0.176,0.18808653950691223
Touchet_WA_824,2019-05-01,0.177,0.18808653950691223
Touchet_WA_824,2019-05-02,0.177,0.1877039521932602
Touchet_WA_824,2019-05-03,0.179,0.18730831146240234
Touchet_WA_824,2019-05-04,0.179,0.19247202575206757
Touchet_WA_824,2019-05-05,0.179,0.19111086428165436
Touchet_WA_824,2019-05-06,0.181,0.1940355747938156
Touchet_WA_824,2019-05-07,0.182,0.21271103620529175
Touchet_WA_824,2019-05-08,0.185,0.19687342643737793
Touchet_WA_824,2019-05-09,0.188,0.2021503448486328
Touchet_WA_824,2019-05-10,0.192,0.20656640827655792
Touchet_WA_824,2019-05-11,0.198,0.20319312810897827
Touchet_WA_824,2019-05-12,0.203,0.21538016200065613
Touchet_WA_824,2019-05-13,0.283,0.2455689162015915
Touchet_WA_824,2019-05-14,0.34,0.29777762293815613
Touchet_WA_824,2019-05-15,0.343,0.3039853572845459
Touchet_WA_824,2019-05-16,0.344,0.3016928732395172
Touchet_WA_824,2019-05-17,0.342,0.3027898371219635
Touchet_WA_824,2019-05-18,0.345,0.30843988060951233
Touchet_WA_824,2019-05-19,0.345,0.29764705896377563
Touchet_WA_824,2019-05-20,0.336,0.29045039415359497
Touchet_WA_824,2019-05-21,0.306,0.28145185112953186
Touchet_WA_824,2019-05-22,0.307,0.276096910238266
Touchet_WA_824,2019-05-23,0.287,0.270905077457428
Touchet_WA_824,2019-05-24,0.267,0.2671613395214081
Touchet_WA_824,2019-05-25,0.265,0.26570025086402893
Touchet_WA_824,2019-05-26,0.261,0.2658465802669525
Touchet_WA_824,2019-05-27,0.257,0.25973793864250183
Touchet_WA_824,2019-05-28,0.266,0.23162904381752014
Touchet_WA_824,2019-05-29,0.253,0.2314397394657135
Touchet_WA_824,2019-05-30,0.256,0.2616424560546875
Touchet_WA_824,2019-05-31,0.256,0.2643609046936035
Touchet_WA_824,2019-06-01,0.239,0.268037348985672
Touchet_WA_824,2019-06-02,0.349,0.2661381661891937
Touchet_WA_824,2019-06-03,0.293,0.2374200075864792
Touchet_WA_824,2019-06-04,0.258,0.23378053307533264
Touchet_WA_824,2019-06-05,0.234,0.23283210396766663
Touchet_WA_824,2019-06-06,0.22,0.22518755495548248
Touchet_WA_824,2019-06-07,0.228,0.19781474769115448
Touchet_WA_824,2019-06-08,0.225,0.1762959510087967
Touchet_WA_824,2019-06-09,0.223,0.17685842514038086
Touchet_WA_824,2019-06-10,0.21,0.1677548736333847
Touchet_WA_824,2019-06-11,0.196,0.20765703916549683
Touchet_WA_824,2019-06-12,0.182,0.1944325864315033
Touchet_WA_824,2019-06-13,0.168,0.18212249875068665
Touchet_WA_824,2019-06-14,0.155,0.1605239361524582
Touchet_WA_824,2019-06-15,0.141,0.15540917217731476
Touchet_WA_824,2019-06-16,0.124,0.1478017419576645
Touchet_WA_824,2019-06-17,0.111,0.14415353536605835
Touchet_WA_824,2019-06-18,0.091,0.14506371319293976
Touchet_WA_824,2019-06-19,0.07,0.14713048934936523
Touchet_WA_824,2019-06-20,0.055,0.1538708209991455
Touchet_WA_824,2019-06-21,0.146,0.16124986112117767
Touchet_WA_824,2019-06-22,0.18,0.17062926292419434
Touchet_WA_824,2019-06-23,0.162,0.16914406418800354
Touchet_WA_824,2019-06-24,0.152,0.18366141617298126
Touchet_WA_824,2019-06-25,0.135,0.15575169026851654
Touchet_WA_824,2019-06-26,0.119,0.1353214681148529
Touchet_WA_824,2019-06-27,0.182,0.14838498830795288
Touchet_WA_824,2019-06-28,0.246,0.1528957635164261
Touchet_WA_824,2019-06-29,0.211,0.1481418013572693
Touchet_WA_824,2019-06-30,0.186,0.13873426616191864
Touchet_WA_824,2019-07-01,0.162,0.11947470158338547
Touchet_WA_824,2019-07-02,0.143,0.11886578053236008
Touchet_WA_824,2019-07-03,0.137,0.11194971948862076
Touchet_WA_824,2019-07-04,0.152,0.10688141733407974
Touchet_WA_824,2019-07-05,0.143,0.09976308047771454
Touchet_WA_824,2019-07-06,0.13,0.09866397827863693
Touchet_WA_824,2019-07-07,0.151,0.09476704895496368
Touchet_WA_824,2019-07-08,0.131,0.09792207926511765
Touchet_WA_824,2019-07-09,0.117,0.08626474440097809
Touchet_WA_824,2019-07-10,0.104,0.08103622496128082
Touchet_WA_824,2019-07-11,0.092,0.07666799426078796
Touchet_WA_824,2019-07-12,0.086,0.07010595500469208
Touchet_WA_824,2019-07-13,0.074,0.06914815306663513
Touchet_WA_824,2019-07-14,0.063,0.06216215714812279
Touchet_WA_824,2019-07-15,0.054,0.058616187423467636
Touchet_WA_824,2019-07-16,0.049,0.0531587153673172
Touchet_WA_824,2019-07-17,0.039,0.04779680818319321
Touchet_WA_824,2019-07-18,0.035,0.046764492988586426
Touchet_WA_824,2019-07-19,0.03,0.046764492988586426
Touchet_WA_824,2019-07-20,0.026,0.04270085319876671
Touchet_WA_824,2019-07-21,0.023,0.03661086782813072
Touchet_WA_824,2019-07-22,0.018,0.02620263397693634
Touchet_WA_824,2019-07-23,0.017,0.020761065185070038
Touchet_WA_824,2019-07-24,0.015,0.02521360293030739
Touchet_WA_824,2019-07-25,0.01,0.02448420599102974
Touchet_WA_824,2019-07-26,0.009,0.01355518214404583
Touchet_WA_824,2019-07-27,0.01,0.01355518214404583
Touchet_WA_824,2019-07-28,0.007,0.008740612305700779
Touchet_WA_824,2019-07-29,0.007,0.00710377749055624
Touchet_WA_824,2019-07-30,0.005,0.004557754844427109
Touchet_WA_824,2019-07-31,0.005,0.0027929272036999464
Touchet_WA_824,2019-08-01,0.004,0.0016255936352536082
Touchet_WA_824,2019-08-02,0.001,0.0007215982768684626
Touchet_WA_824,2019-08-03,0.001,0.0007215982768684626
Touchet_WA_824,2019-08-04,0.0,0.0009471607045270503
Touchet_WA_824,2019-08-05,0.0,0.0010638815583661199
Touchet_WA_824,2019-08-06,0.0,0.0008383196545764804
Touchet_WA_824,2019-08-07,0.0,-0.00039462713175453246
Touchet_WA_824,2019-08-08,0.0,0.005387537647038698
Touchet_WA_824,2019-08-09,0.0,0.009673469699919224
Touchet_WA_824,2019-08-10,0.0,0.022590024396777153
Touchet_WA_824,2019-08-11,0.0,0.05537307634949684
Touchet_WA_824,2019-08-12,0.01,0.06603152304887772
Touchet_WA_824,2019-08-13,0.019,0.05702870339155197
Touchet_WA_824,2019-08-14,0.021,0.05362919345498085
Touchet_WA_824,2019-08-15,0.02,0.051175180822610855
Touchet_WA_824,2019-08-16,0.017,0.03496512770652771
Touchet_WA_824,2019-08-17,0.011,0.035490650683641434
Touchet_WA_824,2019-08-18,0.008,0.03702319785952568
Touchet_WA_824,2019-08-19,0.006,0.03146900236606598
Touchet_WA_824,2019-08-20,0.0,0.026259401813149452
Touchet_WA_824,2019-08-21,0.0,0.028599044308066368
Touchet_WA_824,2019-08-22,0.0,0.024995720013976097
Touchet_WA_824,2019-08-23,0.0,0.024995720013976097
Touchet_WA_824,2019-08-24,0.0,0.024995720013976097
Touchet_WA_824,2019-08-25,0.0,0.023210030049085617
Touchet_WA_824,2019-08-26,0.0,0.020718075335025787
Touchet_WA_824,2019-08-27,0.0,0.015812121331691742
Touchet_WA_824,2019-08-28,0.0,0.015812121331691742
Touchet_WA_824,2019-08-29,0.0,0.011596044525504112
Touchet_WA_824,2019-08-30,0.0,0.011596044525504112
Touchet_WA_824,2019-08-31,0.0,0.01041909959167242
Touchet_WA_824,2019-09-01,0.0,0.010379073210060596
Touchet_WA_824,2019-09-02,0.0,0.009407315403223038
Touchet_WA_824,2019-09-03,0.0,0.0035192861687391996
Touchet_WA_824,2019-09-04,0.0,0.005947717931121588
Touchet_WA_824,2019-09-05,0.0,0.005947717931121588
Touchet_WA_824,2019-09-06,0.0,0.014850937761366367
Touchet_WA_824,2019-09-07,0.0,0.008174012415111065
Touchet_WA_824,2019-09-08,0.0,0.0369473472237587
Touchet_WA_824,2019-09-09,0.11,0.08596194535493851
Touchet_WA_824,2019-09-10,0.123,0.11379578709602356
Touchet_WA_824,2019-09-11,0.169,0.11537256091833115
Touchet_WA_824,2019-09-12,0.135,0.11373697966337204
Touchet_WA_824,2019-09-13,0.121,0.11487575620412827
Touchet_WA_824,2019-09-14,0.104,0.1064729318022728
Touchet_WA_824,2019-09-15,0.098,0.1037004142999649
Touchet_WA_824,2019-09-16,0.085,0.13230688869953156
Touchet_WA_824,2019-09-17,0.074,0.13620823621749878
Touchet_WA_824,2019-09-18,0.08,0.14639823138713837
Touchet_WA_824,2019-09-19,0.163,0.16880732774734497
Touchet_WA_824,2019-09-20,0.16,0.16252335906028748
Touchet_WA_824,2019-09-21,0.146,0.15738792717456818
Touchet_WA_824,2019-09-22,0.136,0.1560424566268921
Touchet_WA_824,2019-09-23,0.125,0.1477099061012268
Touchet_WA_824,2019-09-24,0.132,0.1467607319355011
Touchet_WA_824,2019-09-25,0.124,0.14582431316375732
Touchet_WA_824,2019-09-26,0.116,0.14510409533977509
Touchet_WA_824,2019-09-27,0.111,0.1483394056558609
Touchet_WA_824,2019-09-28,0.106,0.1506701111793518
Touchet_WA_824,2019-09-29,0.104,0.15099628269672394
Touchet_WA_824,2019-09-30,0.115,0.15673494338989258
Touchet_WA_824,2019-10-01,0.124,0.1859273612499237
Touchet_WA_824,2019-10-02,0.13,0.1777125597000122
Touchet_WA_824,2019-10-03,0.168,0.15685810148715973
Touchet_WA_824,2019-10-04,0.195,0.16006414592266083
Touchet_WA_824,2019-10-05,0.225,0.1861874759197235
Touchet_WA_824,2019-10-06,0.247,0.1857174187898636
Touchet_WA_824,2019-10-07,0.216,0.19010736048221588
Touchet_WA_824,2019-10-08,0.193,0.21141861379146576
Touchet_WA_824,2019-10-09,0.242,0.2158038467168808
Touchet_WA_824,2019-10-10,0.214,0.2100462168455124
Touchet_WA_824,2019-10-11,0.211,0.20781129598617554
Touchet_WA_824,2019-10-12,0.224,0.2044537514448166
Touchet_WA_824,2019-10-13,0.242,0.2050052136182785
Touchet_WA_824,2019-10-14,0.276,0.20542126893997192
Touchet_WA_824,2019-10-15,0.247,0.20387043058872223
Touchet_WA_824,2019-10-16,0.224,0.19415315985679626
Touchet_WA_824,2019-10-17,0.208,0.20052498579025269
Touchet_WA_824,2019-10-18,0.23,0.20480825006961823
Touchet_WA_824,2019-10-19,0.221,0.22940661013126373
Touchet_WA_824,2019-10-20,0.207,0.22990736365318298
Touchet_WA_824,2019-10-21,0.202,0.22715987265110016
Touchet_WA_824,2019-10-22,0.196,0.22710491716861725
Touchet_WA_824,2019-10-23,0.28,0.21835926175117493
Touchet_WA_824,2019-10-24,0.257,0.22007620334625244
Touchet_WA_824,2019-10-25,0.249,0.2211116999387741
Touchet_WA_824,2019-10-26,0.293,0.2211116999387741
Touchet_WA_824,2019-10-27,0.259,0.22049318253993988
Touchet_WA_824,2019-10-28,0.235,0.2057962268590927
Touchet_WA_824,2019-10-29,0.214,0.19948160648345947
Touchet_WA_824,2019-10-30,0.188,0.19097626209259033
Touchet_WA_824,2019-10-31,0.159,0.19072909653186798
Touchet_WA_824,2019-11-01,0.147,0.18741466104984283
Touchet_WA_824,2019-11-02,0.105,0.18231678009033203
Touchet_WA_824,2019-11-03,0.123,0.18025512993335724
Touchet_WA_824,2019-11-04,0.159,0.18502333760261536
Touchet_WA_824,2019-11-05,0.197,0.18686528503894806
Touchet_WA_824,2019-11-06,0.223,0.19092291593551636
Touchet_WA_824,2019-11-07,0.209,0.19303058087825775
Touchet_WA_824,2019-11-08,0.195,0.19823630154132843
Touchet_WA_824,2019-11-09,0.204,0.20798411965370178
Touchet_WA_824,2019-11-10,0.252,0.2164081633090973
Touchet_WA_824,2019-11-11,0.317,0.24799291789531708
Touchet_WA_824,2019-11-12,0.272,0.2641235888004303
Touchet_WA_824,2019-11-13,0.304,0.2704075574874878
Touchet_WA_824,2019-11-14,0.282,0.27045854926109314
Touchet_WA_824,2019-11-15,0.267,0.272941529750824
Touchet_WA_824,2019-11-16,0.332,0.272941529750824
Touchet_WA_824,2019-11-17,0.301,0.2720702290534973
Touchet_WA_824,2019-11-18,0.328,0.2564246952533722
Touchet_WA_824,2019-11-19,0.3,0.25317221879959106
Touchet_WA_824,2019-11-20,0.319,0.24752333760261536
Touchet_WA_824,2019-11-21,0.295,0.24352410435676575
Touchet_WA_824,2019-11-22,0.271,0.2430555820465088
Touchet_WA_824,2019-11-23,0.247,0.23506391048431396
Touchet_WA_824,2019-11-24,0.235,0.23216018080711365
Touchet_WA_824,2019-11-25,0.232,0.21896176040172577
Touchet_WA_824,2019-11-26,0.216,0.21785779297351837
Touchet_WA_824,2019-11-27,0.214,0.21502308547496796
Touchet_WA_824,2019-11-28,0.211,0.2030394822359085
Touchet_WA_824,2019-11-29,0.208,0.20168140530586243
Touchet_WA_824,2019-11-30,0.198,0.20058682560920715
Touchet_WA_824,2019-12-01,0.189,0.19975261390209198
Touchet_WA_824,2019-12-02,0.185,0.19392803311347961
Touchet_WA_824,2019-12-03,0.186,0.19355420768260956
Touchet_WA_824,2019-12-04,0.185,0.19427567720413208
Touchet_WA_824,2019-12-05,0.186,0.18834653496742249
Touchet_WA_824,2019-12-06,0.186,0.1834501028060913
Touchet_WA_824,2019-12-07,0.187,0.19658821821212769
Touchet_WA_824,2019-12-08,0.187,0.19727422297000885
Touchet_WA_824,2019-12-09,0.188,0.20155470073223114
Touchet_WA_824,2019-12-10,0.189,0.19985492527484894
Touchet_WA_824,2019-12-11,0.187,0.20778298377990723
Touchet_WA_824,2019-12-12,0.187,0.207168310880661
Touchet_WA_824,2019-12-13,0.188,0.19998441636562347
Touchet_WA_824,2019-12-14,0.188,0.19685275852680206
Touchet_WA_824,2019-12-15,0.189,0.19499510526657104
Touchet_WA_824,2019-12-16,0.19,0.186865895986557
Touchet_WA_824,2019-12-17,0.19,0.186865895986557
Touchet_WA_824,2019-12-18,0.188,0.18764610588550568
Touchet_WA_824,2019-12-19,0.188,0.18568022549152374
Touchet_WA_824,2019-12-20,0.187,0.18621473014354706
Touchet_WA_824,2019-12-21,0.187,0.1864440143108368
Touchet_WA_824,2019-12-22,0.188,0.1864440143108368
Touchet_WA_824,2019-12-23,0.187,0.1880887895822525
Touchet_WA_824,2019-12-24,0.189,0.1880887895822525
Touchet_WA_824,2019-12-25,0.189,0.18394215404987335
Touchet_WA_824,2019-12-26,0.189,0.18394215404987335
Touchet_WA_824,2019-12-27,0.188,0.18660341203212738
Touchet_WA_824,2019-12-28,0.186,0.18801778554916382
Touchet_WA_824,2019-12-29,0.185,0.19267430901527405
Touchet_WA_824,2019-12-30,0.185,0.20220650732517242
Touchet_WA_824,2019-12-31,0.186,0.1939033567905426
Touchet_WA_824,2020-01-01,0.186,0.19600096344947815
Touchet_WA_824,2020-01-02,0.189,0.1947086751461029
Touchet_WA_824,2020-01-03,0.191,0.19694720208644867
Touchet_WA_824,2020-01-04,0.19,0.1969292163848877
Touchet_WA_824,2020-01-05,0.191,0.20025254786014557
Touchet_WA_824,2020-01-06,0.191,0.2015000432729721
Touchet_WA_824,2020-01-07,0.191,0.20153756439685822
Touchet_WA_824,2020-01-08,0.192,0.19999298453330994
Touchet_WA_824,2020-01-09,0.192,0.19645613431930542
Touchet_WA_824,2020-01-10,0.192,0.19662979245185852
Touchet_WA_824,2020-01-11,0.193,0.19665130972862244
Touchet_WA_824,2020-01-12,0.193,0.20233598351478577
Touchet_WA_824,2020-01-13,0.193,0.1997663527727127
Touchet_WA_824,2020-01-14,0.193,0.1989010125398636
Touchet_WA_824,2020-01-15,0.193,0.196350559592247
Touchet_WA_824,2020-01-16,0.192,0.1986367404460907
Touchet_WA_824,2020-01-17,0.193,0.1995561122894287
Touchet_WA_824,2020-01-18,0.193,0.19815722107887268
Touchet_WA_824,2020-01-19,0.194,0.1977994740009308
Touchet_WA_824,2020-01-20,0.194,0.19523146748542786
Touchet_WA_824,2020-01-21,0.194,0.19495725631713867
Touchet_WA_824,2020-01-22,0.194,0.1963869333267212
Touchet_WA_824,2020-01-23,0.193,0.19559459388256073
Touchet_WA_824,2020-01-24,0.195,0.1954784244298935
Touchet_WA_824,2020-01-25,0.195,0.19652828574180603
Touchet_WA_824,2020-01-26,0.196,0.1976306140422821
Touchet_WA_824,2020-01-27,0.195,0.19713610410690308
Touchet_WA_824,2020-01-28,0.195,0.20029982924461365
Touchet_WA_824,2020-01-29,0.196,0.20212958753108978
Touchet_WA_824,2020-01-30,0.196,0.19867439568042755
Touchet_WA_824,2020-01-31,0.197,0.1989327073097229
Touchet_WA_824,2020-02-01,0.198,0.1988101452589035
Touchet_WA_824,2020-02-02,0.197,0.1980312168598175
Touchet_WA_824,2020-02-03,0.199,0.19671978056430817
Touchet_WA_824,2020-02-04,0.199,0.19685271382331848
Touchet_WA_824,2020-02-05,0.199,0.19871632754802704
Touchet_WA_824,2020-02-06,0.2,0.20691299438476562
Touchet_WA_824,2020-02-07,0.201,0.2066679298877716
Touchet_WA_824,2020-02-08,0.213,0.20469465851783752
Touchet_WA_824,2020-02-09,0.214,0.21280184388160706
Touchet_WA_824,2020-02-10,0.216,0.21357527375221252
Touchet_WA_824,2020-02-11,0.215,0.21273614466190338
Touchet_WA_824,2020-02-12,0.214,0.20778699219226837
Touchet_WA_824,2020-02-13,0.215,0.2104342132806778
Touchet_WA_824,2020-02-14,0.216,0.2104342132806778
Touchet_WA_824,2020-02-15,0.215,0.20146644115447998
Touchet_WA_824,2020-02-16,0.214,0.20186331868171692
Touchet_WA_824,2020-02-17,0.215,0.2091732770204544
Touchet_WA_824,2020-02-18,0.215,0.20892971754074097
Touchet_WA_824,2020-02-19,0.215,0.20917904376983643
Touchet_WA_824,2020-02-20,0.214,0.20661906898021698
Touchet_WA_824,2020-02-21,0.215,0.2033727765083313
Touchet_WA_824,2020-02-22,0.215,0.20908154547214508
Touchet_WA_824,2020-02-23,0.214,0.21066001057624817
Touchet_WA_824,2020-02-24,0.214,0.2042015939950943
Touchet_WA_824,2020-02-25,0.214,0.21044383943080902
Touchet_WA_824,2020-02-26,0.215,0.21625003218650818
Touchet_WA_824,2020-02-27,0.214,0.2303697019815445
Touchet_WA_824,2020-02-28,0.215,0.2304251790046692
Touchet_WA_824,2020-02-29,0.216,0.2432621717453003
Touchet_WA_824,2020-03-01,0.215,0.2410072386264801
Touchet_WA_824,2020-03-02,0.216,0.23074698448181152
Touchet_WA_824,2020-03-03,0.216,0.2300015389919281
Touchet_WA_824,2020-03-04,0.216,0.22888760268688202
Touchet_WA_824,2020-03-05,0.215,0.2280760556459427
Touchet_WA_824,2020-03-06,0.215,0.2297522872686386
Touchet_WA_824,2020-03-07,0.215,0.23924711346626282
Touchet_WA_824,2020-03-08,0.216,0.22914905846118927
Touchet_WA_824,2020-03-09,0.215,0.22782675921916962
Touchet_WA_824,2020-03-10,0.217,0.2271980494260788
Touchet_WA_824,2020-03-11,0.217,0.22569401562213898
Touchet_WA_824,2020-03-12,0.216,0.22227564454078674
Touchet_WA_824,2020-03-13,0.218,0.21564193069934845
Touchet_WA_824,2020-03-14,0.218,0.2168848067522049
Touchet_WA_824,2020-03-15,0.217,0.2108176052570343
Touchet_WA_824,2020-03-16,0.216,0.20616760849952698
Touchet_WA_824,2020-03-17,0.218,0.20396697521209717
Touchet_WA_824,2020-03-18,0.217,0.20527692139148712
Touchet_WA_824,2020-03-19,0.217,0.20639385282993317
Touchet_WA_824,2020-03-20,0.217,0.20755240321159363
Touchet_WA_824,2020-03-21,0.219,0.2122936099767685
Touchet_WA_824,2020-03-22,0.221,0.21833699941635132
Touchet_WA_824,2020-03-23,0.224,0.22544758021831512
Touchet_WA_824,2020-03-24,0.225,0.20625092089176178
Touchet_WA_824,2020-03-25,0.227,0.21449530124664307
Touchet_WA_824,2020-03-26,0.226,0.22158248722553253
Touchet_WA_824,2020-03-27,0.226,0.22158248722553253
Touchet_WA_824,2020-03-28,0.225,0.2214267998933792
Touchet_WA_824,2020-03-29,0.225,0.22846385836601257
Touchet_WA_824,2020-03-30,0.224,0.2347182333469391
Touchet_WA_824,2020-03-31,0.223,0.2516460418701172
Touchet_WA_824,2020-04-01,0.225,0.25432243943214417
Touchet_WA_824,2020-04-02,0.223,0.25932106375694275
Touchet_WA_824,2020-04-03,0.224,0.25791218876838684
Touchet_WA_824,2020-04-04,0.224,0.23964223265647888
Touchet_WA_824,2020-04-05,0.223,0.22821201384067535
Touchet_WA_824,2020-04-06,0.223,0.21954579651355743
Touchet_WA_824,2020-04-07,0.224,0.21873803436756134
Touchet_WA_824,2020-04-08,0.224,0.2068714052438736
Touchet_WA_824,2020-04-09,0.222,0.20851142704486847
Touchet_WA_824,2020-04-10,0.224,0.209447979927063
Touchet_WA_824,2020-04-11,0.223,0.20729875564575195
Touchet_WA_824,2020-04-12,0.228,0.20729875564575195
Touchet_WA_824,2020-04-13,0.234,0.20859196782112122
Touchet_WA_824,2020-04-14,0.235,0.2138931006193161
Touchet_WA_824,2020-04-15,0.234,0.22943995893001556
Touchet_WA_824,2020-04-16,0.237,0.23292332887649536
Touchet_WA_824,2020-04-17,0.238,0.23536770045757294
Touchet_WA_824,2020-04-18,0.241,0.2366812527179718
Touchet_WA_824,2020-04-19,0.252,0.24349892139434814
Touchet_WA_824,2020-04-20,0.262,0.24710774421691895
Touchet_WA_824,2020-04-21,0.27,0.24900129437446594
Touchet_WA_824,2020-04-22,0.277,0.2674974799156189
Touchet_WA_824,2020-04-23,0.281,0.28487157821655273
Touchet_WA_824,2020-04-24,0.302,0.28829193115234375
Touchet_WA_824,2020-04-25,0.292,0.2904033362865448
Touchet_WA_824,2020-04-26,0.292,0.2931736409664154
Touchet_WA_824,2020-04-27,0.298,0.2955824136734009
Touchet_WA_824,2020-04-28,0.303,0.2955824136734009
Touchet_WA_824,2020-04-29,0.307,0.30276942253112793
Touchet_WA_824,2020-04-30,0.316,0.3060150146484375
Touchet_WA_824,2020-05-01,0.323,0.29939866065979004
Touchet_WA_824,2020-05-02,0.327,0.3057019114494324
Touchet_WA_824,2020-05-03,0.333,0.3094634711742401
Touchet_WA_824,2020-05-04,0.313,0.31889107823371887
Touchet_WA_824,2020-05-05,0.331,0.31387776136398315
Touchet_WA_824,2020-05-06,0.339,0.31951281428337097
Touchet_WA_824,2020-05-07,0.321,0.31988537311553955
Touchet_WA_824,2020-05-08,0.332,0.32178768515586853
Touchet_WA_824,2020-05-09,0.343,0.321191668510437
Touchet_WA_824,2020-05-10,0.346,0.3102565407752991
Touchet_WA_824,2020-05-11,0.347,0.31381428241729736
Touchet_WA_824,2020-05-12,0.346,0.32477131485939026
Touchet_WA_824,2020-05-13,0.344,0.32348814606666565
Touchet_WA_824,2020-05-14,0.346,0.32343119382858276
Touchet_WA_824,2020-05-15,0.332,0.3239668607711792
Touchet_WA_824,2020-05-16,0.343,0.32306966185569763
Touchet_WA_824,2020-05-17,0.345,0.3244573473930359
Touchet_WA_824,2020-05-18,0.335,0.32194969058036804
Touchet_WA_824,2020-05-19,0.313,0.32067811489105225
Touchet_WA_824,2020-05-20,0.31,0.3175288736820221
Touchet_WA_824,2020-05-21,0.354,0.3149169683456421
Touchet_WA_824,2020-05-22,0.323,0.30925536155700684
Touchet_WA_824,2020-05-23,0.31,0.30625736713409424
Touchet_WA_824,2020-05-24,0.291,0.2890511751174927
Touchet_WA_824,2020-05-25,0.274,0.2812687158584595
Touchet_WA_824,2020-05-26,0.291,0.2788999676704407
Touchet_WA_824,2020-05-27,0.27,0.2781547009944916
Touchet_WA_824,2020-05-28,0.252,0.25882402062416077
Touchet_WA_824,2020-05-29,0.244,0.24934598803520203
Touchet_WA_824,2020-05-30,0.236,0.2571568191051483
Touchet_WA_824,2020-05-31,0.229,0.264857679605484
Touchet_WA_824,2020-06-01,0.246,0.24796518683433533
Touchet_WA_824,2020-06-02,0.235,0.2565058171749115
Touchet_WA_824,2020-06-03,0.222,0.2422591596841812
Touchet_WA_824,2020-06-04,0.215,0.23190253973007202
Touchet_WA_824,2020-06-05,0.208,0.2582208812236786
Touchet_WA_824,2020-06-06,0.214,0.25154921412467957
Touchet_WA_824,2020-06-07,0.229,0.25165697932243347
Touchet_WA_824,2020-06-08,0.222,0.2368617057800293
Touchet_WA_824,2020-06-09,0.26,0.2476341277360916
Touchet_WA_824,2020-06-10,0.289,0.25292378664016724
Touchet_WA_824,2020-06-11,0.256,0.2509286105632782
Touchet_WA_824,2020-06-12,0.24,0.24786728620529175
Touchet_WA_824,2020-06-13,0.228,0.2713485062122345
Touchet_WA_824,2020-06-14,0.322,0.28063586354255676
Touchet_WA_824,2020-06-15,0.301,0.28966179490089417
Touchet_WA_824,2020-06-16,0.313,0.2928904592990875
Touchet_WA_824,2020-06-17,0.289,0.2868756353855133
Touchet_WA_824,2020-06-18,0.264,0.281141459941864
Touchet_WA_824,2020-06-19,0.247,0.24582511186599731
Touchet_WA_824,2020-06-20,0.236,0.22037994861602783
Touchet_WA_824,2020-06-21,0.233,0.192191481590271
Touchet_WA_824,2020-06-22,0.221,0.18396246433258057
Touchet_WA_824,2020-06-23,0.205,0.21692734956741333
Touchet_WA_824,2020-06-24,0.193,0.18249638378620148
Touchet_WA_824,2020-06-25,0.184,0.15440964698791504
Touchet_WA_824,2020-06-26,0.169,0.14528551697731018
Touchet_WA_824,2020-06-27,0.157,0.14765523374080658
Touchet_WA_824,2020-06-28,0.146,0.1522204875946045
Touchet_WA_824,2020-06-29,0.147,0.1534617394208908
Touchet_WA_824,2020-06-30,0.17,0.15476810932159424
Touchet_WA_824,2020-07-01,0.165,0.15582400560379028
Touchet_WA_824,2020-07-02,0.159,0.15417052805423737
Touchet_WA_824,2020-07-03,0.149,0.14729109406471252
Touchet_WA_824,2020-07-04,0.14,0.14514796435832977
Touchet_WA_824,2020-07-05,0.125,0.1367367058992386
Touchet_WA_824,2020-07-06,0.113,0.13160096108913422
Touchet_WA_824,2020-07-07,0.099,0.13988669216632843
Touchet_WA_824,2020-07-08,0.133,0.13828814029693604
Touchet_WA_824,2020-07-09,0.115,0.13184167444705963
Touchet_WA_824,2020-07-10,0.1,0.12825360894203186
Touchet_WA_824,2020-07-11,0.103,0.12715449929237366
Touchet_WA_824,2020-07-12,0.092,0.11999096721410751
Touchet_WA_824,2020-07-13,0.076,0.11318080872297287
Touchet_WA_824,2020-07-14,0.067,0.09008034318685532
Touchet_WA_824,2020-07-15,0.054,0.07502520084381104
Touchet_WA_824,2020-07-16,0.044,0.06667277216911316
Touchet_WA_824,2020-07-17,0.036,0.06138186529278755
Touchet_WA_824,2020-07-18,0.028,0.06138186529278755
Touchet_WA_824,2020-07-19,0.024,0.05973159894347191
Touchet_WA_824,2020-07-20,0.021,0.059343334287405014
Touchet_WA_824,2020-07-21,0.017,0.029739059507846832
Touchet_WA_824,2020-07-22,0.016,0.012123127467930317
Touchet_WA_824,2020-07-23,0.013,0.008848937228322029
Touchet_WA_824,2020-07-24,0.011,0.008548582904040813
Touchet_WA_824,2020-07-25,0.007,0.0060919723473489285
Touchet_WA_824,2020-07-26,0.01,0.006317535415291786
Touchet_WA_824,2020-07-27,0.009,0.005318085663020611
Touchet_WA_824,2020-07-28,0.011,0.004347394220530987
Touchet_WA_824,2020-07-29,0.004,0.004347394220530987
Touchet_WA_824,2020-07-30,0.007,0.004000352695584297
Touchet_WA_824,2020-07-31,0.006,0.004000352695584297
Touchet_WA_824,2020-08-01,0.003,0.003394561354070902
Touchet_WA_824,2020-08-02,0.004,0.003394561354070902
Touchet_WA_824,2020-08-03,0.004,0.0009264411055482924
Touchet_WA_824,2020-08-04,0.003,-0.00013140322698745877
Touchet_WA_824,2020-08-05,0.001,-0.00013140322698745877
Touchet_WA_824,2020-08-06,0.0,0.0054497006349265575
Touchet_WA_824,2020-08-07,0.0,0.0054497006349265575
Touchet_WA_824,2020-08-08,0.0,0.0054497006349265575
Touchet_WA_824,2020-08-09,0.0,0.0054497006349265575
Touchet_WA_824,2020-08-10,0.0,0.0049850475043058395
Touchet_WA_824,2020-08-11,0.0,0.0025912027340382338
Touchet_WA_824,2020-08-12,0.0,0.011819885112345219
Touchet_WA_824,2020-08-13,0.0,0.011538651771843433
Touchet_WA_824,2020-08-14,0.0,0.005779342260211706
Touchet_WA_824,2020-08-15,0.0,0.005779342260211706
Touchet_WA_824,2020-08-16,0.0,0.0037986207753419876
Touchet_WA_824,2020-08-17,0.0,0.00208441074937582
Touchet_WA_824,2020-08-18,0.0,0.001464520813897252
Touchet_WA_824,2020-08-19,0.0,0.002430287655442953
Touchet_WA_824,2020-08-20,0.0,0.002430287655442953
Touchet_WA_824,2020-08-21,0.0,0.0011502915294840932
Touchet_WA_824,2020-08-22,0.0,0.0011502915294840932
Touchet_WA_824,2020-08-23,0.0,0.0007107809651643038
Touchet_WA_824,2020-08-24,0.0,0.0012658219784498215
Touchet_WA_824,2020-08-25,0.0,0.0012658219784498215
Touchet_WA_824,2020-08-26,0.0,0.0013916995376348495
Touchet_WA_824,2020-08-27,0.0,0.0016172616742551327
Touchet_WA_824,2020-08-28,0.0,0.0016172616742551327
Touchet_WA_824,2020-08-29,0.0,0.0016172616742551327
Touchet_WA_824,2020-08-30,0.0,0.0016172616742551327
Touchet_WA_824,2020-08-31,0.0,0.005894873291254044
Touchet_WA_824,2020-09-01,0.0,0.005894873291254044
Touchet_WA_824,2020-09-02,0.0,0.005894873291254044
Touchet_WA_824,2020-09-03,0.0,0.005894873291254044
Touchet_WA_824,2020-09-04,0.0,0.004139713477343321
Touchet_WA_824,2020-09-05,0.0,0.0024255034513771534
Touchet_WA_824,2020-09-06,0.0,0.001628975267522037
Touchet_WA_824,2020-09-07,0.0,0.0002602084423415363
Touchet_WA_824,2020-09-08,0.0,0.0003860858269035816
Touchet_WA_824,2020-09-09,0.0,0.0003860858269035816
Touchet_WA_824,2020-09-10,0.0,0.0003860858269035816
Touchet_WA_824,2020-09-11,0.0,0.0003860858269035816
Touchet_WA_824,2020-09-12,0.0,0.0003860858269035816
Touchet_WA_824,2020-09-13,0.0,0.0003860858269035816
Touchet_WA_824,2020-09-14,0.0,-9.174688602797687e-05
Touchet_WA_824,2020-09-15,0.0,-9.174688602797687e-05
Touchet_WA_824,2020-09-16,0.0,0.0003462825552560389
Touchet_WA_824,2020-09-17,0.0,0.0037182753439992666
Touchet_WA_824,2020-09-18,0.0,0.0037182753439992666
Touchet_WA_824,2020-09-19,0.0,0.014459237456321716
Touchet_WA_824,2020-09-20,0.07,0.017423536628484726
Touchet_WA_824,2020-09-21,0.062,0.02995714172720909
Touchet_WA_824,2020-09-22,0.047,0.03169615566730499
Touchet_WA_824,2020-09-23,0.032,0.047051139175891876
Touchet_WA_824,2020-09-24,0.02,0.054030898958444595
Touchet_WA_824,2020-09-25,0.131,0.10934465378522873
Touchet_WA_824,2020-09-26,0.113,0.12172319740056992
Touchet_WA_824,2020-09-27,0.191,0.1404239982366562
Touchet_WA_824,2020-09-28,0.165,0.13645653426647186
Touchet_WA_824,2020-09-29,0.149,0.1243193969130516
Touchet_WA_824,2020-09-30,0.138,0.11873379349708557
Touchet_WA_824,2020-10-01,0.126,0.11614000052213669
Touchet_WA_824,2020-10-02,0.12,0.10796290636062622
Touchet_WA_824,2020-10-03,0.11,0.09813503175973892
Touchet_WA_824,2020-10-04,0.103,0.0888495072722435
Touchet_WA_824,2020-10-05,0.097,0.08584360033273697
Touchet_WA_824,2020-10-06,0.09,0.08197647333145142
Touchet_WA_824,2020-10-07,0.083,0.08101778477430344
Touchet_WA_824,2020-10-08,0.079,0.08101778477430344
Touchet_WA_824,2020-10-09,0.072,0.07738884538412094
Touchet_WA_824,2020-10-10,0.07,0.10744339227676392
Touchet_WA_824,2020-10-11,0.307,0.20567692816257477
Touchet_WA_824,2020-10-12,0.312,0.26860523223876953
Touchet_WA_824,2020-10-13,0.259,0.2739798128604889
Touchet_WA_824,2020-10-14,0.314,0.2732688784599304
Touchet_WA_824,2020-10-15,0.247,0.24670852720737457
Touchet_WA_824,2020-10-16,0.223,0.22181063890457153
Touchet_WA_824,2020-10-17,0.204,0.2170758694410324
Touchet_WA_824,2020-10-18,0.194,0.2088802307844162
Touchet_WA_824,2020-10-19,0.216,0.19466066360473633
Touchet_WA_824,2020-10-20,0.197,0.19330227375030518
Touchet_WA_824,2020-10-21,0.186,0.19305917620658875
Touchet_WA_824,2020-10-22,0.18,0.18754057586193085
Touchet_WA_824,2020-10-23,0.185,0.2118573784828186
Touchet_WA_824,2020-10-24,0.155,0.2123609036207199
Touchet_WA_824,2020-10-25,0.277,0.22158199548721313
Touchet_WA_824,2020-10-26,0.239,0.20247003436088562
Touchet_WA_824,2020-10-27,0.212,0.20251324772834778
Touchet_WA_824,2020-10-28,0.231,0.20246657729148865
