station_id,date,y_true,y_pred
Darrington,2019-01-01,0.266,0.2816736698150635
Darrington,2019-01-02,0.274,0.2859196662902832
Darrington,2019-01-03,0.336,0.30790868401527405
Darrington,2019-01-04,0.311,0.3018514811992645
Darrington,2019-01-05,0.281,0.2903638482093811
Darrington,2019-01-06,0.305,0.30521708726882935
Darrington,2019-01-07,0.309,0.28743821382522583
Darrington,2019-01-08,0.282,0.28732165694236755
Darrington,2019-01-09,0.319,0.2865602970123291
Darrington,2019-01-10,0.308,0.2859399914741516
Darrington,2019-01-11,0.277,0.2722574472427368
Darrington,2019-01-12,0.266,0.266005277633667
Darrington,2019-01-13,0.259,0.25764787197113037
Darrington,2019-01-14,0.253,0.2622356116771698
Darrington,2019-01-15,0.264,0.25903961062431335
Darrington,2019-01-16,0.261,0.2566847503185272
Darrington,2019-01-17,0.26,0.2613845765590668
Darrington,2019-01-18,0.31,0.28069019317626953
Darrington,2019-01-19,0.319,0.28571686148643494
Darrington,2019-01-20,0.283,0.28928256034851074
Darrington,2019-01-21,0.268,0.27706971764564514
Darrington,2019-01-22,0.3,0.2965146005153656
Darrington,2019-01-23,0.309,0.29474183917045593
Darrington,2019-01-24,0.277,0.2842467427253723
Darrington,2019-01-25,0.267,0.2797468900680542
Darrington,2019-01-26,0.26,0.26932498812675476
Darrington,2019-01-27,0.255,0.2540878653526306
Darrington,2019-01-28,0.252,0.2487747222185135
Darrington,2019-01-29,0.246,0.252827912569046
Darrington,2019-01-30,0.244,0.2488974630832672
Darrington,2019-01-31,0.246,0.23852989077568054
Darrington,2019-02-01,0.304,0.27797064185142517
Darrington,2019-02-02,0.302,0.2853742241859436
Darrington,2019-02-03,0.281,0.280372679233551
Darrington,2019-02-04,0.258,0.26058685779571533
Darrington,2019-03-27,0.253,0.2650884985923767
Darrington,2019-03-28,0.243,0.2558715045452118
Darrington,2019-03-29,0.237,0.2463882565498352
Darrington,2019-03-30,0.233,0.23360243439674377
Darrington,2019-03-31,0.229,0.23232994973659515
Darrington,2019-04-01,0.225,0.2259257733821869
Darrington,2019-04-02,0.221,0.21957966685295105
Darrington,2019-04-03,0.252,0.23238523304462433
Darrington,2019-04-04,0.26,0.2513050138950348
Darrington,2019-04-05,0.266,0.26047325134277344
Darrington,2019-04-06,0.286,0.271378755569458
Darrington,2019-04-07,0.291,0.2707226574420929
Darrington,2019-04-08,0.273,0.2744714915752411
Darrington,2019-04-09,0.297,0.2788470983505249
Darrington,2019-04-10,0.299,0.2882595956325531
Darrington,2019-04-11,0.303,0.28797218203544617
Darrington,2019-04-12,0.287,0.2848341464996338
Darrington,2019-04-13,0.307,0.29234516620635986
Darrington,2019-04-14,0.306,0.29201754927635193
Darrington,2019-04-15,0.274,0.2827998995780945
Darrington,2019-04-16,0.27,0.2847234010696411
Darrington,2019-04-17,0.292,0.2776764929294586
Darrington,2019-04-18,0.315,0.2937763035297394
Darrington,2019-04-19,0.319,0.29422318935394287
Darrington,2019-04-20,0.272,0.28288209438323975
Darrington,2019-04-21,0.251,0.2671026289463043
Darrington,2019-04-22,0.25,0.25874578952789307
Darrington,2019-04-23,0.26,0.2579452097415924
Darrington,2019-04-24,0.248,0.24999304115772247
Darrington,2019-04-25,0.234,0.2446904182434082
Darrington,2019-04-26,0.224,0.22613228857517242
Darrington,2019-04-27,0.225,0.22512146830558777
Darrington,2019-04-28,0.22,0.22206375002861023
Darrington,2019-04-29,0.211,0.21264933049678802
Darrington,2019-04-30,0.203,0.20521464943885803
Darrington,2019-05-01,0.195,0.18943370878696442
Darrington,2019-05-02,0.193,0.19554439187049866
Darrington,2019-05-03,0.192,0.18815726041793823
Darrington,2019-05-04,0.186,0.17885203659534454
Darrington,2019-05-05,0.176,0.17735350131988525
Darrington,2019-05-06,0.163,0.15577568113803864
Darrington,2019-05-07,0.151,0.15014411509037018
Darrington,2019-05-08,0.139,0.13653624057769775
Darrington,2019-05-09,0.126,0.12060077488422394
Darrington,2019-05-10,0.113,0.11838742345571518
Darrington,2019-05-11,0.101,0.11195264011621475
Darrington,2019-05-12,0.095,0.10413794219493866
Darrington,2019-05-13,0.091,0.09810073673725128
Darrington,2019-05-14,0.09,0.11991707980632782
Darrington,2019-05-15,0.09,0.12441194802522659
Darrington,2019-05-16,0.089,0.1371813863515854
Darrington,2019-05-17,0.147,0.16433048248291016
Darrington,2019-05-18,0.174,0.161630317568779
Darrington,2019-05-19,0.161,0.1629173308610916
Darrington,2019-05-20,0.179,0.19180797040462494
Darrington,2019-05-21,0.201,0.1944759488105774
Darrington,2019-05-22,0.187,0.18620385229587555
Darrington,2019-05-23,0.172,0.17867811024188995
Darrington,2019-05-24,0.206,0.19451400637626648
Darrington,2019-05-25,0.226,0.2077113687992096
Darrington,2019-05-26,0.225,0.20571860671043396
Darrington,2019-05-27,0.196,0.19395430386066437
Darrington,2019-05-28,0.175,0.15298424661159515
Darrington,2019-05-29,0.162,0.14662721753120422
Darrington,2019-05-30,0.149,0.14332589507102966
Darrington,2019-05-31,0.133,0.13115845620632172
Darrington,2019-06-01,0.118,0.12344929575920105
Darrington,2019-06-02,0.105,0.11710290610790253
Darrington,2019-06-03,0.097,0.10756006836891174
Darrington,2019-06-04,0.09,0.08996608108282089
Darrington,2019-06-05,0.087,0.08537591993808746
Darrington,2019-06-06,0.085,0.0815778598189354
Darrington,2019-06-07,0.085,0.10233310610055923
Darrington,2019-06-08,0.091,0.12156020849943161
Darrington,2019-06-09,0.097,0.10608644783496857
Darrington,2019-06-10,0.097,0.10943832248449326
Darrington,2019-06-11,0.093,0.11070255190134048
Darrington,2019-06-12,0.087,0.10160017758607864
Darrington,2019-06-13,0.081,0.09619651734828949
Darrington,2019-06-14,0.078,0.0979580208659172
Darrington,2019-06-15,0.076,0.09657212346792221
Darrington,2019-06-16,0.073,0.08251701295375824
Darrington,2019-06-17,0.069,0.07242149859666824
Darrington,2019-06-18,0.069,0.0699629932641983
Darrington,2019-06-19,0.075,0.079598069190979
Darrington,2019-06-20,0.076,0.08087696880102158
Darrington,2019-06-21,0.075,0.08268939703702927
Darrington,2019-06-22,0.074,0.08244358748197556
Darrington,2019-06-23,0.074,0.08543942123651505
Darrington,2019-06-24,0.073,0.0878683477640152
Darrington,2019-06-25,0.071,0.08715599775314331
Darrington,2019-06-26,0.072,0.08496402949094772
Darrington,2019-06-27,0.127,0.12641862034797668
Darrington,2019-06-28,0.165,0.143565371632576
Darrington,2019-06-29,0.16,0.15015269815921783
Darrington,2019-06-30,0.147,0.14753857254981995
Darrington,2019-07-01,0.134,0.14362235367298126
Darrington,2019-07-02,0.124,0.1262110024690628
Darrington,2019-07-03,0.119,0.12319393455982208
Darrington,2019-07-04,0.115,0.12356968969106674
Darrington,2019-07-05,0.112,0.11099113523960114
Darrington,2019-07-06,0.106,0.10282713174819946
Darrington,2019-07-07,0.101,0.09958775341510773
Darrington,2019-07-08,0.096,0.10292321443557739
Darrington,2019-07-09,0.088,0.08948981761932373
Darrington,2019-07-10,0.09,0.09783809632062912
Darrington,2019-07-11,0.1,0.11212113499641418
Darrington,2019-07-12,0.098,0.09927673637866974
Darrington,2019-07-13,0.092,0.09865482151508331
Darrington,2019-07-14,0.087,0.09425505995750427
Darrington,2019-07-15,0.082,0.089117132127285
Darrington,2019-07-16,0.081,0.08862696588039398
Darrington,2019-07-17,0.1,0.14204290509223938
Darrington,2019-07-18,0.158,0.16162298619747162
Darrington,2019-07-19,0.16,0.1651584953069687
Darrington,2019-07-20,0.155,0.16201837360858917
Darrington,2019-07-21,0.145,0.15103332698345184
Darrington,2019-07-22,0.134,0.13225360214710236
Darrington,2019-07-23,0.126,0.12481933832168579
Darrington,2019-07-24,0.12,0.1223907321691513
Darrington,2019-07-25,0.114,0.11037392169237137
Darrington,2019-07-26,0.106,0.10333967953920364
Darrington,2019-07-27,0.102,0.10664427280426025
Darrington,2019-07-28,0.099,0.10737894475460052
Darrington,2019-07-29,0.094,0.10146920382976532
Darrington,2019-07-30,0.091,0.09848329424858093
Darrington,2019-07-31,0.088,0.09681820124387741
Darrington,2019-08-01,0.084,0.09278886765241623
Darrington,2019-08-02,0.101,0.09961611777544022
Darrington,2019-08-03,0.113,0.10127626359462738
Darrington,2019-08-04,0.111,0.0990491658449173
Darrington,2019-08-05,0.105,0.09282751381397247
Darrington,2019-08-06,0.099,0.09139416366815567
Darrington,2019-08-07,0.094,0.08929792791604996
Darrington,2019-08-08,0.091,0.0852111205458641
Darrington,2019-08-09,0.089,0.08495676517486572
Darrington,2019-08-10,0.092,0.08427172154188156
Darrington,2019-08-11,0.093,0.08990704268217087
Darrington,2019-08-12,0.092,0.09276552498340607
Darrington,2019-08-13,0.089,0.09266936033964157
Darrington,2019-08-14,0.087,0.09141948074102402
Darrington,2019-08-15,0.084,0.08773956447839737
Darrington,2019-08-16,0.082,0.08795242756605148
Darrington,2019-08-17,0.081,0.08510585874319077
Darrington,2019-08-18,0.079,0.08090615272521973
Darrington,2019-08-19,0.077,0.07369033247232437
Darrington,2019-08-20,0.075,0.0700380876660347
Darrington,2019-08-21,0.079,0.076194629073143
Darrington,2019-08-22,0.089,0.08516664057970047
Darrington,2019-08-23,0.093,0.08641832321882248
Darrington,2019-08-24,0.099,0.08640699088573456
Darrington,2019-08-25,0.1,0.0868254005908966
Darrington,2019-08-26,0.099,0.08718643337488174
Darrington,2019-08-27,0.095,0.08580607920885086
Darrington,2019-08-28,0.091,0.08623596280813217
Darrington,2019-08-29,0.086,0.07971552759408951
Darrington,2019-08-30,0.084,0.08168608695268631
Darrington,2019-08-31,0.084,0.08504220843315125
Darrington,2019-09-01,0.081,0.08562695235013962
Darrington,2019-09-02,0.078,0.08529654145240784
Darrington,2019-09-03,0.076,0.08317280560731888
Darrington,2019-09-04,0.075,0.08257168531417847
Darrington,2019-09-05,0.073,0.08221461623907089
Darrington,2019-09-06,0.072,0.08055175095796585
Darrington,2019-09-07,0.07,0.0810239315032959
Darrington,2019-09-08,0.08,0.0811590701341629
Darrington,2019-09-09,0.09,0.07919225841760635
Darrington,2019-09-10,0.093,0.08715059608221054
Darrington,2019-09-11,0.094,0.08474981784820557
Darrington,2019-09-12,0.094,0.09457266330718994
Darrington,2019-09-13,0.115,0.14235076308250427
Darrington,2019-09-14,0.143,0.1587105691432953
Darrington,2019-09-15,0.193,0.18007278442382812
Darrington,2019-09-16,0.204,0.2170727401971817
Darrington,2019-09-17,0.216,0.2365725189447403
Darrington,2019-09-18,0.226,0.235738143324852
Darrington,2019-09-19,0.215,0.2180088460445404
Darrington,2019-09-20,0.206,0.2144237905740738
Darrington,2019-09-21,0.2,0.20826146006584167
Darrington,2019-09-22,0.237,0.2219712734222412
Darrington,2019-09-23,0.259,0.24656571447849274
Darrington,2019-09-24,0.257,0.257303386926651
Darrington,2019-09-25,0.234,0.2545543313026428
Darrington,2019-09-26,0.271,0.2629750370979309
Darrington,2019-09-27,0.262,0.2596815228462219
Darrington,2019-09-28,0.247,0.2526882290840149
Darrington,2019-09-29,0.233,0.24426859617233276
Darrington,2019-09-30,0.225,0.23525501787662506
Darrington,2019-10-01,0.22,0.22988291084766388
Darrington,2019-10-02,0.216,0.23069235682487488
Darrington,2019-10-03,0.224,0.23596355319023132
Darrington,2019-10-04,0.264,0.2450573593378067
Darrington,2019-10-05,0.27,0.2446509450674057
Darrington,2019-10-06,0.251,0.24220658838748932
Darrington,2019-10-07,0.293,0.26775187253952026
Darrington,2019-10-08,0.271,0.26600387692451477
Darrington,2019-10-09,0.251,0.25394582748413086
Darrington,2019-10-10,0.24,0.24948638677597046
Darrington,2019-10-11,0.234,0.2363107055425644
Darrington,2019-10-12,0.23,0.2322453260421753
Darrington,2019-10-13,0.227,0.23249945044517517
Darrington,2019-10-14,0.224,0.22122704982757568
Darrington,2019-10-15,0.221,0.21812450885772705
Darrington,2019-10-16,0.239,0.254793256521225
Darrington,2019-10-17,0.295,0.27657148241996765
Darrington,2019-10-18,0.293,0.2861314117908478
Darrington,2019-10-19,0.288,0.2875385582447052
Darrington,2019-10-20,0.296,0.28594428300857544
Darrington,2019-10-21,0.324,0.2927767038345337
Darrington,2019-10-22,0.282,0.28766679763793945
Darrington,2019-10-23,0.258,0.27217400074005127
Darrington,2019-10-24,0.249,0.26904919743537903
Darrington,2019-10-26,0.273,0.25309455394744873
Darrington,2019-10-27,0.256,0.24979627132415771
Darrington,2019-10-28,0.249,0.24067415297031403
Darrington,2019-10-29,0.244,0.23562300205230713
Darrington,2019-10-30,0.24,0.2432958483695984
Darrington,2019-10-31,0.238,0.24331189692020416
Darrington,2019-11-01,0.236,0.24084192514419556
Darrington,2019-11-02,0.234,0.24121800065040588
Darrington,2019-11-03,0.233,0.24089697003364563
Darrington,2019-11-04,0.231,0.23509205877780914
Darrington,2019-11-05,0.23,0.22697868943214417
Darrington,2019-11-06,0.229,0.22384428977966309
Darrington,2019-11-07,0.228,0.21830400824546814
Darrington,2019-11-08,0.227,0.2163691371679306
Darrington,2019-11-09,0.228,0.22741658985614777
Darrington,2019-11-10,0.23,0.2230795919895172
Darrington,2019-11-11,0.229,0.22364702820777893
Darrington,2019-11-12,0.262,0.24259135127067566
Darrington,2019-11-13,0.265,0.2491864114999771
Darrington,2019-11-14,0.252,0.24346694350242615
Darrington,2019-11-15,0.291,0.2724296748638153
Darrington,2019-11-16,0.292,0.2796480357646942
Darrington,2019-11-17,0.32,0.29199203848838806
Darrington,2019-11-18,0.288,0.2903766930103302
Darrington,2019-11-19,0.299,0.28811031579971313
Darrington,2019-11-20,0.269,0.27796635031700134
Darrington,2019-11-21,0.26,0.26754230260849
Darrington,2019-11-22,0.253,0.2655895948410034
Darrington,2019-11-23,0.264,0.26963934302330017
Darrington,2019-11-24,0.309,0.28579768538475037
Darrington,2019-11-25,0.3,0.2889400124549866
Darrington,2019-11-26,0.276,0.27611541748046875
Darrington,2019-11-27,0.262,0.2653343975543976
Darrington,2019-11-28,0.253,0.25810080766677856
Darrington,2019-11-29,0.244,0.2532911002635956
Darrington,2019-11-30,0.237,0.2451595962047577
Darrington,2019-12-01,0.238,0.24983811378479004
Darrington,2019-12-02,0.276,0.271649569272995
Darrington,2019-12-03,0.323,0.27991634607315063
Darrington,2019-12-04,0.313,0.28690028190612793
Darrington,2019-12-05,0.276,0.2799641489982605
Darrington,2019-12-06,0.267,0.2812720239162445
Darrington,2019-12-07,0.301,0.2782943546772003
Darrington,2019-12-08,0.281,0.27487441897392273
Darrington,2019-12-09,0.266,0.26948556303977966
Darrington,2019-12-10,0.263,0.27991780638694763
Darrington,2019-12-11,0.287,0.2766197919845581
Darrington,2019-12-12,0.331,0.29783061146736145
Darrington,2019-12-13,0.305,0.2977103590965271
Darrington,2019-12-14,0.28,0.30247482657432556
Darrington,2019-12-15,0.273,0.29966261982917786
Darrington,2019-12-16,0.283,0.28462135791778564
Darrington,2019-12-17,0.284,0.28169894218444824
Darrington,2019-12-18,0.273,0.28597262501716614
Darrington,2019-12-19,0.328,0.31185922026634216
Darrington,2019-12-20,0.348,0.32512325048446655
Darrington,2019-12-21,0.32,0.3195209503173828
Darrington,2019-12-22,0.283,0.3125969171524048
Darrington,2019-12-23,0.294,0.2982213795185089
Darrington,2019-12-24,0.274,0.27690231800079346
Darrington,2019-12-25,0.265,0.2636604905128479
Darrington,2019-12-26,0.253,0.2679097056388855
Darrington,2019-12-27,0.268,0.26904451847076416
Darrington,2019-12-28,0.285,0.26641714572906494
Darrington,2019-12-29,0.281,0.26127660274505615
Darrington,2019-12-30,0.289,0.2795713245868683
Darrington,2019-12-31,0.342,0.31018927693367004
Darrington,2020-01-01,0.317,0.32246583700180054
Darrington,2020-01-02,0.313,0.32029929757118225
Darrington,2020-01-03,0.305,0.3195645809173584
Darrington,2020-01-04,0.314,0.32279065251350403
Darrington,2020-01-05,0.311,0.3244956433773041
Darrington,2020-01-06,0.335,0.3180326521396637
Darrington,2020-01-07,0.334,0.31825342774391174
Darrington,2020-01-08,0.3,0.3046214282512665
Darrington,2020-01-09,0.284,0.3004666566848755
Darrington,2020-01-10,0.277,0.29782024025917053
Darrington,2020-01-11,0.297,0.2947382926940918
Darrington,2020-01-12,0.298,0.29511958360671997
Darrington,2020-01-13,0.289,0.28635209798812866
Darrington,2020-01-14,0.276,0.28168219327926636
Darrington,2020-01-15,0.27,0.2823159694671631
Darrington,2020-01-16,0.265,0.275951623916626
Darrington,2020-01-17,0.263,0.275701105594635
Darrington,2020-01-18,0.264,0.2779092788696289
Darrington,2020-01-19,0.267,0.27290821075439453
Darrington,2020-01-20,0.267,0.27676689624786377
Darrington,2020-01-21,0.277,0.2931080758571625
Darrington,2020-01-22,0.304,0.304862916469574
Darrington,2020-01-23,0.321,0.31512749195098877
Darrington,2020-01-24,0.319,0.31268253922462463
Darrington,2020-01-25,0.312,0.3112776279449463
Darrington,2020-01-26,0.316,0.30793318152427673
Darrington,2020-01-27,0.32,0.30602964758872986
Darrington,2020-01-28,0.313,0.30669164657592773
Darrington,2020-01-29,0.313,0.3097110092639923
Darrington,2020-01-30,0.3,0.30965620279312134
Darrington,2020-01-31,0.335,0.31390416622161865
Darrington,2020-02-01,0.319,0.3132293224334717
Darrington,2020-02-02,0.29,0.311954528093338
Darrington,2020-02-03,0.282,0.2990209460258484
Darrington,2020-02-04,0.276,0.2917434871196747
Darrington,2020-02-05,0.303,0.2970079481601715
Darrington,2020-02-06,0.317,0.30099043250083923
Darrington,2020-02-07,0.321,0.3037590980529785
Darrington,2020-02-08,0.31,0.3041466474533081
Darrington,2020-02-09,0.285,0.28452056646347046
Darrington,2020-02-10,0.275,0.2865493893623352
Darrington,2020-02-11,0.291,0.2979086935520172
Darrington,2020-02-12,0.29,0.2837323248386383
Darrington,2020-02-13,0.287,0.30115455389022827
Darrington,2020-02-14,0.319,0.3111094832420349
Darrington,2020-02-15,0.321,0.3135249614715576
Darrington,2020-02-16,0.317,0.3128965198993683
Darrington,2020-02-17,0.303,0.3113647401332855
Darrington,2020-02-18,0.282,0.2972283363342285
Darrington,2020-02-19,0.273,0.2872065603733063
Darrington,2020-02-23,0.323,0.31210634112358093
Darrington,2020-02-24,0.311,0.3130965232849121
Darrington,2020-02-25,0.285,0.31181809306144714
Darrington,2020-02-26,0.294,0.2996370196342468
Darrington,2020-02-27,0.281,0.2846640348434448
Darrington,2020-02-28,0.279,0.29433292150497437
Darrington,2020-02-29,0.316,0.30125582218170166
Darrington,2020-03-01,0.291,0.30285629630088806
Darrington,2020-03-02,0.321,0.31034591794013977
Darrington,2020-03-03,0.32,0.3103143572807312
Darrington,2020-03-04,0.304,0.3090323805809021
Darrington,2020-03-05,0.294,0.3034191131591797
Darrington,2020-03-06,0.315,0.29893600940704346
Darrington,2020-03-07,0.297,0.29833534359931946
Darrington,2020-03-08,0.303,0.29756566882133484
Darrington,2020-03-09,0.282,0.28437307476997375
Darrington,2020-03-10,0.279,0.28372207283973694
Darrington,2020-03-11,0.307,0.2928621470928192
Darrington,2020-03-12,0.282,0.28628242015838623
Darrington,2020-03-13,0.273,0.2847890853881836
Darrington,2020-03-14,0.263,0.27109524607658386
Darrington,2020-03-15,0.256,0.2660692632198334
Darrington,2020-03-16,0.253,0.26043376326560974
Darrington,2020-03-17,0.25,0.2530997395515442
Darrington,2020-03-18,0.247,0.24484151601791382
Darrington,2020-03-19,0.246,0.2428421974182129
Darrington,2020-03-20,0.244,0.2439781278371811
Darrington,2020-03-21,0.242,0.2431638091802597
Darrington,2020-03-22,0.24,0.23757538199424744
Darrington,2020-03-23,0.247,0.25402307510375977
Darrington,2020-03-24,0.253,0.2537568509578705
Darrington,2020-03-25,0.253,0.25383323431015015
Darrington,2020-03-26,0.252,0.26819169521331787
Darrington,2020-03-27,0.255,0.2738669514656067
Darrington,2020-03-28,0.294,0.2934121787548065
Darrington,2020-03-29,0.31,0.30644744634628296
Darrington,2020-03-30,0.31,0.3130851686000824
Darrington,2020-03-31,0.308,0.31373903155326843
Darrington,2020-04-01,0.291,0.2992396652698517
Darrington,2020-04-02,0.283,0.30309465527534485
Darrington,2020-04-03,0.309,0.29861417412757874
Darrington,2020-04-04,0.293,0.2932265102863312
Darrington,2020-04-05,0.275,0.28746476769447327
Darrington,2020-04-06,0.265,0.2753075063228607
Darrington,2020-04-07,0.258,0.25633275508880615
Darrington,2020-04-08,0.252,0.2535679042339325
Darrington,2020-04-09,0.246,0.2501760423183441
Darrington,2020-04-10,0.243,0.2497166395187378
Darrington,2020-04-11,0.245,0.250744491815567
Darrington,2020-04-12,0.24,0.24730949103832245
Darrington,2020-04-13,0.235,0.2449064701795578
Darrington,2020-04-14,0.229,0.23736053705215454
Darrington,2020-04-15,0.223,0.2324312925338745
Darrington,2020-04-16,0.216,0.21792489290237427
Darrington,2020-04-17,0.211,0.20378543436527252
Darrington,2020-04-18,0.207,0.20874369144439697
Darrington,2020-04-19,0.204,0.20603029429912567
Darrington,2020-04-20,0.199,0.20508962869644165
Darrington,2020-04-21,0.192,0.20061750710010529
Darrington,2020-04-22,0.212,0.231901153922081
Darrington,2020-04-23,0.248,0.24592341482639313
Darrington,2020-04-24,0.247,0.24545365571975708
Darrington,2020-04-25,0.265,0.27508795261383057
Darrington,2020-04-26,0.287,0.2799065113067627
Darrington,2020-04-27,0.31,0.2923259735107422
Darrington,2020-04-28,0.286,0.28773748874664307
Darrington,2020-04-29,0.275,0.2905190885066986
Darrington,2020-04-30,0.288,0.2968551814556122
Darrington,2020-05-01,0.275,0.274407297372818
Darrington,2020-05-02,0.279,0.28593674302101135
Darrington,2020-05-03,0.317,0.30062735080718994
Darrington,2020-05-04,0.289,0.2847852110862732
Darrington,2020-05-05,0.268,0.28633561730384827
Darrington,2020-05-06,0.316,0.2854704260826111
Darrington,2020-05-07,0.293,0.27052366733551025
Darrington,2020-05-08,0.265,0.26656150817871094
Darrington,2020-05-09,0.238,0.25778019428253174
Darrington,2020-05-10,0.216,0.23163695633411407
Darrington,2020-05-11,0.204,0.22303153574466705
Darrington,2020-05-12,0.229,0.24290330708026886
Darrington,2020-05-13,0.248,0.24993745982646942
Darrington,2020-05-14,0.249,0.25270363688468933
Darrington,2020-05-15,0.253,0.25575894117355347
Darrington,2020-05-16,0.253,0.25705161690711975
Darrington,2020-05-17,0.303,0.2704996168613434
Darrington,2020-05-18,0.295,0.2646455466747284
Darrington,2020-05-19,0.271,0.2633957862854004
Darrington,2020-05-20,0.26,0.26786091923713684
Darrington,2020-05-21,0.272,0.26831960678100586
Darrington,2020-05-22,0.316,0.2773410975933075
Darrington,2020-05-23,0.291,0.27508819103240967
Darrington,2020-05-24,0.269,0.2705724537372589
Darrington,2020-05-25,0.291,0.2820552885532379
Darrington,2020-05-26,0.304,0.2742219865322113
Darrington,2020-05-27,0.272,0.27284330129623413
Darrington,2020-05-28,0.249,0.26795271039009094
Darrington,2020-05-29,0.23,0.2515856623649597
Darrington,2020-05-30,0.263,0.2666128873825073
Darrington,2020-05-31,0.296,0.27834105491638184
Darrington,2020-06-01,0.278,0.2741970121860504
Darrington,2020-06-02,0.269,0.26490405201911926
Darrington,2020-06-03,0.262,0.24833078682422638
Darrington,2020-06-04,0.252,0.25160539150238037
Darrington,2020-06-05,0.247,0.2526770234107971
Darrington,2020-06-06,0.263,0.25941118597984314
Darrington,2020-06-07,0.281,0.26284629106521606
Darrington,2020-06-08,0.294,0.2904210686683655
Darrington,2020-06-09,0.318,0.3040507435798645
Darrington,2020-06-10,0.308,0.304025262594223
Darrington,2020-06-11,0.295,0.3019320070743561
Darrington,2020-06-12,0.308,0.2994675934314728
Darrington,2020-06-13,0.311,0.2981492578983307
Darrington,2020-06-14,0.313,0.3002386689186096
Darrington,2020-06-15,0.314,0.3002268671989441
Darrington,2020-06-16,0.311,0.29218214750289917
Darrington,2020-06-17,0.291,0.27975767850875854
Darrington,2020-06-18,0.272,0.26685574650764465
Darrington,2020-06-19,0.252,0.25096818804740906
Darrington,2020-06-20,0.246,0.2443685680627823
Darrington,2020-06-21,0.242,0.24676239490509033
Darrington,2020-06-22,0.229,0.23054948449134827
Darrington,2020-06-23,0.216,0.2235952913761139
Darrington,2020-06-24,0.222,0.22768841683864594
Darrington,2020-06-25,0.219,0.22363199293613434
Darrington,2020-06-26,0.21,0.22433866560459137
Darrington,2020-06-27,0.206,0.22727781534194946
Darrington,2020-06-28,0.205,0.21186846494674683
Darrington,2020-06-29,0.198,0.21470707654953003
Darrington,2020-06-30,0.193,0.2268841713666916
Darrington,2020-07-01,0.212,0.24182374775409698
Darrington,2020-07-02,0.255,0.24779856204986572
Darrington,2020-07-03,0.252,0.25270387530326843
Darrington,2020-07-04,0.251,0.247792586684227
Darrington,2020-07-05,0.238,0.23774342238903046
Darrington,2020-07-06,0.226,0.22922436892986298
Darrington,2020-07-07,0.221,0.22799059748649597
Darrington,2020-07-08,0.216,0.2178548127412796
Darrington,2020-07-09,0.218,0.22204574942588806
Darrington,2020-07-10,0.223,0.22104895114898682
Darrington,2020-07-11,0.216,0.22071406245231628
Darrington,2020-07-12,0.224,0.22222819924354553
Darrington,2020-07-13,0.218,0.2180442363023758
Darrington,2020-07-14,0.205,0.1984175145626068
Darrington,2020-07-15,0.194,0.18993814289569855
Darrington,2020-07-16,0.183,0.18510551750659943
Darrington,2020-07-17,0.177,0.18061691522598267
Darrington,2020-07-18,0.17,0.1567028909921646
Darrington,2020-07-19,0.159,0.13651342689990997
Darrington,2020-07-20,0.149,0.13320927321910858
Darrington,2020-07-21,0.138,0.11928063631057739
Darrington,2020-07-22,0.129,0.1129593774676323
Darrington,2020-07-23,0.123,0.1129593774676323
Darrington,2020-07-24,0.12,0.11338862031698227
Darrington,2020-07-25,0.115,0.11212146282196045
Darrington,2020-07-26,0.109,0.10971042513847351
Darrington,2020-07-27,0.101,0.10465933382511139
Darrington,2020-07-28,0.095,0.0953705832362175
Darrington,2020-07-29,0.089,0.08993563801050186
Darrington,2020-07-30,0.085,0.086646668612957
Darrington,2020-07-31,0.082,0.08437620848417282
Darrington,2020-08-01,0.079,0.08041445165872574
Darrington,2020-08-02,0.076,0.07820028811693192
Darrington,2020-08-03,0.074,0.07071045786142349
Darrington,2020-08-04,0.072,0.06960596144199371
Darrington,2020-08-05,0.07,0.06963071972131729
Darrington,2020-08-06,0.073,0.07797366380691528
Darrington,2020-08-07,0.084,0.08457121253013611
Darrington,2020-08-08,0.087,0.0874677300453186
Darrington,2020-08-09,0.087,0.0892946794629097
Darrington,2020-08-10,0.084,0.08832848072052002
Darrington,2020-08-11,0.08,0.07986480742692947
Darrington,2020-08-12,0.076,0.070574551820755
Darrington,2020-08-13,0.073,0.06793160736560822
Darrington,2020-08-14,0.069,0.06247841939330101
Darrington,2020-08-15,0.066,0.0701160803437233
Darrington,2020-08-16,0.065,0.06941864639520645
Darrington,2020-08-17,0.063,0.06347812712192535
Darrington,2020-08-18,0.061,0.05213070660829544
Darrington,2020-08-19,0.059,0.05316010117530823
Darrington,2020-08-20,0.059,0.056986283510923386
Darrington,2020-08-21,0.06,0.06584589928388596
Darrington,2020-08-22,0.072,0.10115410387516022
Darrington,2020-08-23,0.07,0.09601382911205292
Darrington,2020-08-24,0.07,0.10039513558149338
Darrington,2020-08-25,0.068,0.09668627381324768
Darrington,2020-08-26,0.066,0.08206074684858322
Darrington,2020-08-27,0.064,0.07083611935377121
Darrington,2020-08-28,0.062,0.06874646246433258
Darrington,2020-08-29,0.061,0.06692106276750565
Darrington,2020-08-30,0.058,0.06723026186227798
Darrington,2020-08-31,0.059,0.07045672088861465
Darrington,2020-09-01,0.06,0.06950721144676208
Darrington,2020-09-02,0.059,0.06903167814016342
Darrington,2020-09-03,0.059,0.06596240401268005
Darrington,2020-09-04,0.058,0.06252168864011765
Darrington,2020-09-05,0.057,0.062411606311798096
Darrington,2020-09-06,0.057,0.05958154797554016
Darrington,2020-09-07,0.055,0.06011674553155899
Darrington,2020-09-08,0.053,0.05801285058259964
Darrington,2020-09-09,0.052,0.05897831171751022
Darrington,2020-09-10,0.052,0.0570099912583828
Darrington,2020-09-11,0.051,0.05493292212486267
Darrington,2020-09-12,0.051,0.05195845663547516
Darrington,2020-09-13,0.05,0.04972310736775398
Darrington,2020-09-14,0.05,0.051103830337524414
Darrington,2020-09-15,0.052,0.05104536563158035
Darrington,2020-09-16,0.053,0.05107176676392555
Darrington,2020-09-17,0.053,0.05015573278069496
Darrington,2020-09-18,0.056,0.06296481192111969
Darrington,2020-09-19,0.079,0.08086337149143219
Darrington,2020-09-20,0.099,0.09587738662958145
Darrington,2020-09-21,0.1,0.0852639451622963
Darrington,2020-09-22,0.115,0.0991986021399498
Darrington,2020-09-23,0.158,0.1771557778120041
Darrington,2020-09-24,0.212,0.20636409521102905
Darrington,2020-09-25,0.228,0.23291321098804474
Darrington,2020-09-26,0.243,0.24516205489635468
Darrington,2020-09-27,0.241,0.25011739134788513
Darrington,2020-09-28,0.228,0.24507269263267517
Darrington,2020-09-29,0.223,0.22950144112110138
Darrington,2020-09-30,0.219,0.21853074431419373
Darrington,2020-10-01,0.216,0.2177274078130722
Darrington,2020-10-02,0.214,0.2256990224123001
Darrington,2020-10-03,0.213,0.22137276828289032
Darrington,2020-10-04,0.211,0.2136915922164917
Darrington,2020-10-05,0.213,0.20530922710895538
Darrington,2020-10-06,0.216,0.20392295718193054
Darrington,2020-10-07,0.215,0.20160561800003052
Darrington,2020-10-08,0.215,0.230242520570755
Darrington,2020-10-09,0.221,0.23518039286136627
Darrington,2020-10-10,0.307,0.2867281436920166
Darrington,2020-10-11,0.315,0.2895071804523468
Darrington,2020-10-12,0.304,0.3009588122367859
Darrington,2020-10-13,0.322,0.3100912570953369
Darrington,2020-10-14,0.323,0.30643516778945923
Darrington,2020-10-15,0.293,0.29646727442741394
Darrington,2020-10-16,0.325,0.30191850662231445
Darrington,2020-10-17,0.3,0.29613661766052246
Darrington,2020-10-18,0.32,0.2961452603340149
Darrington,2020-10-19,0.302,0.30561771988868713
Darrington,2020-10-20,0.307,0.2982942759990692
Darrington,2020-10-21,0.328,0.31424614787101746
Darrington,2020-10-22,0.302,0.3033253848552704
Darrington,2020-10-23,0.327,0.3172075152397156
Darrington,2020-10-24,0.309,0.30667826533317566
Darrington,2020-10-25,0.295,0.30157649517059326
Darrington,2020-10-26,0.286,0.28719305992126465
Darrington,2020-10-27,0.282,0.28324204683303833
Darrington,2020-10-28,0.3,0.2876951992511749
Darrington,2020-10-29,0.293,0.29120075702667236
Darrington,2020-10-30,0.326,0.311637282371521
Darrington,2020-10-31,0.307,0.30241596698760986
Darrington,2020-11-01,0.297,0.2951450049877167
Darrington,2020-11-02,0.291,0.2819984555244446
Darrington,2020-11-03,0.329,0.30349862575531006
Darrington,2020-11-04,0.343,0.32359009981155396
Darrington,2020-11-05,0.35,0.3293119966983795
Darrington,2020-11-06,0.313,0.311416894197464
Darrington,2020-11-07,0.301,0.3246059715747833
Darrington,2020-11-08,0.295,0.30266404151916504
Darrington,2020-11-09,0.291,0.2863222658634186
Darrington,2020-11-10,0.314,0.3095685541629791
Darrington,2020-11-11,0.312,0.30605369806289673
Darrington,2020-11-12,0.314,0.32058125734329224
Darrington,2020-11-13,0.355,0.3394237160682678
Darrington,2020-11-14,0.342,0.33657845854759216
Darrington,2020-11-15,0.351,0.3379882872104645
Darrington,2020-11-16,0.343,0.3366498053073883
Darrington,2020-11-17,0.34,0.33358234167099
Darrington,2020-11-18,0.347,0.3364225924015045
Darrington,2020-11-19,0.339,0.33508017659187317
Darrington,2020-11-20,0.346,0.33505910634994507
Darrington,2020-11-21,0.329,0.32948729395866394
Darrington,2020-11-22,0.31,0.32097718119621277
Darrington,2020-11-23,0.314,0.3195783197879791
Darrington,2020-11-24,0.333,0.3265215754508972
Darrington,2020-11-25,0.34,0.33000507950782776
Darrington,2020-11-26,0.324,0.3299652636051178
Darrington,2020-11-27,0.32,0.32913845777511597
Darrington,2020-11-28,0.341,0.3200513422489166
Darrington,2020-11-29,0.314,0.3128848671913147
Darrington,2020-11-30,0.349,0.3289335072040558
Darrington,2020-12-01,0.325,0.3161104619503021
Darrington,2020-12-02,0.31,0.3122880756855011
Darrington,2020-12-03,0.303,0.3122290074825287
Darrington,2020-12-04,0.299,0.2880813479423523
Darrington,2020-12-05,0.296,0.2856447994709015
Darrington,2020-12-06,0.294,0.2852504253387451
Darrington,2020-12-07,0.292,0.2903667390346527
Darrington,2020-12-08,0.352,0.3190668523311615
Darrington,2020-12-09,0.339,0.32508331537246704
Darrington,2020-12-10,0.318,0.31475740671157837
Darrington,2020-12-11,0.313,0.321055144071579
Darrington,2020-12-12,0.307,0.30254995822906494
Darrington,2020-12-13,0.317,0.30430591106414795
Darrington,2020-12-14,0.337,0.3090827763080597
Darrington,2020-12-15,0.348,0.3277052938938141
Darrington,2020-12-16,0.344,0.3288143575191498
Darrington,2020-12-17,0.349,0.3374927043914795
Darrington,2020-12-18,0.349,0.3387976288795471
Darrington,2020-12-19,0.351,0.34004974365234375
Darrington,2020-12-20,0.336,0.3340679407119751
Darrington,2020-12-21,0.361,0.3400723934173584
Darrington,2020-12-22,0.335,0.3382182717323303
Darrington,2020-12-23,0.318,0.3235991895198822
Darrington,2020-12-24,0.308,0.3200414478778839
Darrington,2020-12-25,0.318,0.31914222240448
Darrington,2020-12-26,0.348,0.32476189732551575
Darrington,2020-12-27,0.328,0.32588645815849304
Darrington,2020-12-28,0.313,0.31557273864746094
Darrington,2020-12-29,0.305,0.3161986172199249
Darrington,2020-12-30,0.364,0.331892192363739
Darrington,2020-12-31,0.355,0.33249956369400024
Quinault,2019-01-01,0.19,0.2193274348974228
Quinault,2019-01-02,0.208,0.22594065964221954
Quinault,2019-01-03,0.263,0.24329331517219543
Quinault,2019-01-04,0.222,0.2359715849161148
Quinault,2019-01-05,0.207,0.23528172075748444
Quinault,2019-01-06,0.236,0.2404237538576126
Quinault,2019-01-07,0.215,0.23218971490859985
Quinault,2019-01-08,0.225,0.22714638710021973
Quinault,2019-01-09,0.244,0.23060211539268494
Quinault,2019-01-10,0.232,0.22830887138843536
Quinault,2019-01-11,0.205,0.21075180172920227
Quinault,2019-01-12,0.194,0.2100919932126999
Quinault,2019-01-13,0.189,0.20461370050907135
Quinault,2019-01-14,0.186,0.1953829973936081
Quinault,2019-01-15,0.184,0.19557636976242065
Quinault,2019-01-16,0.186,0.20641830563545227
Quinault,2019-01-17,0.243,0.2257976084947586
Quinault,2019-01-18,0.24,0.2303404062986374
Quinault,2019-01-19,0.23,0.22916129231452942
Quinault,2019-01-20,0.2,0.2116730958223343
Quinault,2019-01-21,0.192,0.20905280113220215
Quinault,2019-01-22,0.245,0.23588654398918152
Quinault,2019-01-23,0.224,0.22651983797550201
Quinault,2019-01-24,0.202,0.2095765471458435
Quinault,2019-01-25,0.195,0.20723427832126617
Quinault,2019-01-26,0.19,0.2021714746952057
Quinault,2019-01-27,0.19,0.19687175750732422
Quinault,2019-01-28,0.189,0.19352416694164276
Quinault,2019-01-29,0.188,0.19442306458950043
Quinault,2019-01-30,0.185,0.194308340549469
Quinault,2019-01-31,0.186,0.1943209320306778
Quinault,2019-02-01,0.251,0.21955621242523193
Quinault,2019-02-02,0.217,0.2174353450536728
Quinault,2019-02-03,0.204,0.22465887665748596
Quinault,2019-02-04,0.209,0.22531670331954956
Quinault,2019-02-05,0.206,0.21211043000221252
Quinault,2019-02-06,0.197,0.20949415862560272
Quinault,2019-02-07,0.192,0.20693986117839813
Quinault,2019-02-08,0.191,0.21516482532024384
Quinault,2019-02-09,0.197,0.2161823809146881
Quinault,2019-02-10,0.199,0.216899111866951
Quinault,2019-02-11,0.202,0.2160627394914627
Quinault,2019-02-12,0.218,0.2170668989419937
Quinault,2019-02-13,0.214,0.2256501317024231
Quinault,2019-02-14,0.219,0.22605349123477936
Quinault,2019-02-15,0.224,0.22718532383441925
Quinault,2019-02-16,0.214,0.2251840978860855
Quinault,2019-02-17,0.216,0.22564660012722015
Quinault,2019-02-18,0.214,0.2265176922082901
Quinault,2019-02-19,0.23,0.23027965426445007
Quinault,2019-02-20,0.231,0.2267816960811615
Quinault,2019-02-21,0.234,0.23267853260040283
Quinault,2019-02-22,0.235,0.23848949372768402
Quinault,2019-02-23,0.245,0.23343899846076965
Quinault,2019-02-24,0.234,0.23750783503055573
Quinault,2019-02-25,0.214,0.24172449111938477
Quinault,2019-02-26,0.216,0.23294438421726227
Quinault,2019-02-27,0.207,0.22890128195285797
Quinault,2019-02-28,0.208,0.22420276701450348
Quinault,2019-03-01,0.2,0.22084274888038635
Quinault,2019-03-02,0.195,0.2046705037355423
Quinault,2019-03-03,0.191,0.20278607308864594
Quinault,2019-03-04,0.187,0.19350704550743103
Quinault,2019-03-05,0.183,0.19151797890663147
Quinault,2019-03-06,0.18,0.1844591200351715
Quinault,2019-03-07,0.195,0.19053567945957184
Quinault,2019-03-08,0.206,0.19551008939743042
Quinault,2019-03-09,0.197,0.19397412240505219
Quinault,2019-03-10,0.19,0.19389848411083221
Quinault,2019-03-11,0.208,0.20762495696544647
Quinault,2019-03-12,0.228,0.20895980298519135
Quinault,2019-03-13,0.207,0.2065902203321457
Quinault,2019-03-14,0.198,0.20447129011154175
Quinault,2019-03-15,0.193,0.19761818647384644
Quinault,2019-03-16,0.189,0.19089964032173157
Quinault,2019-03-17,0.186,0.19307370483875275
Quinault,2019-03-18,0.182,0.1934356689453125
Quinault,2019-03-19,0.177,0.174706369638443
Quinault,2019-03-20,0.173,0.17192022502422333
Quinault,2019-03-21,0.169,0.17725223302841187
Quinault,2019-03-22,0.18,0.1855320781469345
Quinault,2019-03-23,0.201,0.19222651422023773
Quinault,2019-03-24,0.19,0.18794584274291992
Quinault,2019-03-25,0.203,0.1920984387397766
Quinault,2019-03-26,0.227,0.22685346007347107
Quinault,2019-03-27,0.199,0.21663422882556915
Quinault,2019-03-28,0.191,0.20391422510147095
Quinault,2019-03-29,0.188,0.19731231033802032
Quinault,2019-03-30,0.187,0.1925285905599594
Quinault,2019-03-31,0.186,0.19046758115291595
Quinault,2019-04-01,0.183,0.19063307344913483
Quinault,2019-04-02,0.179,0.19119976460933685
Quinault,2019-04-03,0.242,0.21944089233875275
Quinault,2019-04-04,0.215,0.2232738584280014
Quinault,2019-04-05,0.244,0.23761823773384094
Quinault,2019-04-06,0.252,0.24386557936668396
Quinault,2019-04-07,0.225,0.24019810557365417
Quinault,2019-04-08,0.226,0.2457977533340454
Quinault,2019-04-09,0.217,0.23567797243595123
Quinault,2019-04-10,0.228,0.23620487749576569
Quinault,2019-04-11,0.233,0.2335902452468872
Quinault,2019-04-12,0.219,0.2224227786064148
Quinault,2019-04-13,0.236,0.2339494228363037
Quinault,2019-04-14,0.237,0.23436787724494934
Quinault,2019-04-15,0.213,0.22282235324382782
Quinault,2019-04-16,0.214,0.22768859565258026
Quinault,2019-04-17,0.234,0.21750898659229279
Quinault,2019-04-18,0.233,0.22906236350536346
Quinault,2019-04-19,0.227,0.23127678036689758
Quinault,2019-04-20,0.206,0.22292524576187134
Quinault,2019-04-21,0.196,0.21485184133052826
Quinault,2019-04-22,0.218,0.21134866774082184
Quinault,2019-04-23,0.223,0.21062538027763367
Quinault,2019-04-24,0.201,0.20378953218460083
Quinault,2019-04-25,0.191,0.20010890066623688
Quinault,2019-04-26,0.183,0.18958842754364014
Quinault,2019-04-27,0.178,0.18951937556266785
Quinault,2019-04-28,0.174,0.1895168572664261
Quinault,2019-04-29,0.168,0.18912586569786072
Quinault,2019-04-30,0.163,0.18196140229701996
Quinault,2019-05-01,0.157,0.17389482259750366
Quinault,2019-05-02,0.151,0.1492949277162552
Quinault,2019-05-03,0.144,0.1396653950214386
Quinault,2019-05-04,0.135,0.14421340823173523
Quinault,2019-05-05,0.128,0.1392984837293625
Quinault,2019-05-06,0.119,0.13848814368247986
Quinault,2019-05-07,0.11,0.11799128353595734
Quinault,2019-05-08,0.103,0.10470521450042725
Quinault,2019-05-09,0.095,0.10102247446775436
Quinault,2019-05-10,0.087,0.09782873094081879
Quinault,2019-05-11,0.08,0.09296368062496185
Quinault,2019-05-12,0.076,0.08721712976694107
Quinault,2019-05-13,0.073,0.10642050206661224
Quinault,2019-05-14,0.141,0.14279358088970184
Quinault,2019-05-15,0.185,0.18502289056777954
Quinault,2019-05-16,0.197,0.20125657320022583
Quinault,2019-05-17,0.188,0.20477135479450226
Quinault,2019-05-18,0.189,0.1954956352710724
Quinault,2019-05-19,0.185,0.1936749368906021
Quinault,2019-05-20,0.195,0.19674760103225708
Quinault,2019-05-21,0.191,0.19116100668907166
Quinault,2019-05-22,0.182,0.1853356808423996
Quinault,2019-05-23,0.168,0.1716260462999344
Quinault,2019-05-24,0.16,0.16588105261325836
Quinault,2019-05-25,0.173,0.1665608435869217
Quinault,2019-05-26,0.182,0.16628095507621765
Quinault,2019-05-27,0.171,0.15965206921100616
Quinault,2019-05-28,0.163,0.15489649772644043
Quinault,2019-05-29,0.156,0.1514762043952942
Quinault,2019-05-30,0.147,0.14657247066497803
Quinault,2019-05-31,0.145,0.15084509551525116
Quinault,2019-06-01,0.184,0.15635381639003754
Quinault,2019-06-02,0.178,0.15323136746883392
Quinault,2019-06-03,0.168,0.1620592474937439
Quinault,2019-06-04,0.157,0.1513717919588089
Quinault,2019-06-05,0.156,0.15433107316493988
Quinault,2019-06-06,0.175,0.17247210443019867
Quinault,2019-06-07,0.256,0.21726129949092865
Quinault,2019-06-08,0.239,0.2132088541984558
Quinault,2019-06-09,0.222,0.2017449140548706
Quinault,2019-06-10,0.209,0.19105897843837738
Quinault,2019-06-11,0.196,0.1784065216779709
Quinault,2019-06-12,0.184,0.17131727933883667
Quinault,2019-06-13,0.172,0.16783124208450317
Quinault,2019-06-14,0.164,0.16219989955425262
Quinault,2019-06-15,0.156,0.149651437997818
Quinault,2019-06-16,0.148,0.14785990118980408
Quinault,2019-06-17,0.141,0.1433926224708557
Quinault,2019-06-18,0.135,0.13323618471622467
Quinault,2019-06-19,0.13,0.13203683495521545
Quinault,2019-06-20,0.127,0.1315881907939911
Quinault,2019-06-21,0.124,0.13176728785037994
Quinault,2019-06-22,0.121,0.1309937834739685
Quinault,2019-06-23,0.117,0.12788698077201843
Quinault,2019-06-24,0.114,0.12288986891508102
Quinault,2019-06-25,0.112,0.12427157908678055
Quinault,2019-06-26,0.127,0.15051865577697754
Quinault,2019-06-27,0.216,0.19532790780067444
Quinault,2019-06-28,0.211,0.20543327927589417
Quinault,2019-06-29,0.19,0.1907268464565277
Quinault,2019-06-30,0.176,0.17667102813720703
Quinault,2019-07-01,0.164,0.1630547046661377
Quinault,2019-07-02,0.157,0.16334499418735504
Quinault,2019-07-03,0.152,0.16015346348285675
Quinault,2019-07-04,0.144,0.15742111206054688
Quinault,2019-07-05,0.14,0.15388812124729156
Quinault,2019-07-06,0.136,0.14654693007469177
Quinault,2019-07-07,0.132,0.13978861272335052
Quinault,2019-07-08,0.13,0.13838441669940948
Quinault,2019-07-09,0.14,0.15746153891086578
Quinault,2019-07-10,0.242,0.21576540172100067
Quinault,2019-07-11,0.232,0.21885110437870026
Quinault,2019-07-12,0.212,0.20977731049060822
Quinault,2019-07-13,0.199,0.2068161517381668
Quinault,2019-07-14,0.189,0.19768281280994415
Quinault,2019-07-15,0.181,0.19650214910507202
Quinault,2019-07-16,0.176,0.19558444619178772
Quinault,2019-07-17,0.236,0.21635837852954865
Quinault,2019-07-18,0.236,0.21721585094928741
Quinault,2019-07-19,0.224,0.2192787230014801
Quinault,2019-07-20,0.213,0.21572628617286682
Quinault,2019-07-21,0.203,0.20296192169189453
Quinault,2019-07-22,0.194,0.19958403706550598
Quinault,2019-07-23,0.187,0.20179593563079834
Quinault,2019-07-24,0.182,0.19904303550720215
Quinault,2019-07-25,0.174,0.1807173788547516
Quinault,2019-07-26,0.166,0.17349790036678314
Quinault,2019-07-27,0.194,0.17502272129058838
Quinault,2019-07-28,0.187,0.17535372078418732
Quinault,2019-07-29,0.177,0.1690576672554016
Quinault,2019-07-30,0.169,0.16856907308101654
Quinault,2019-07-31,0.162,0.1662673056125641
Quinault,2019-08-01,0.165,0.17490947246551514
Quinault,2019-08-02,0.245,0.2211022675037384
Quinault,2019-08-03,0.218,0.2205425351858139
Quinault,2019-08-04,0.206,0.21333859860897064
Quinault,2019-08-05,0.197,0.2038649618625641
Quinault,2019-08-06,0.19,0.1918267011642456
Quinault,2019-08-07,0.186,0.1844102144241333
Quinault,2019-08-08,0.183,0.18121938407421112
Quinault,2019-08-09,0.179,0.1824491173028946
Quinault,2019-08-10,0.198,0.19080781936645508
Quinault,2019-08-11,0.226,0.20240378379821777
Quinault,2019-08-12,0.243,0.212139293551445
Quinault,2019-08-13,0.225,0.20145151019096375
Quinault,2019-08-14,0.212,0.1918332874774933
Quinault,2019-08-15,0.204,0.18710513412952423
Quinault,2019-08-16,0.197,0.18148891627788544
Quinault,2019-08-17,0.19,0.18209266662597656
Quinault,2019-08-18,0.183,0.17046770453453064
Quinault,2019-08-19,0.177,0.16368260979652405
Quinault,2019-08-20,0.171,0.16078877449035645
Quinault,2019-08-21,0.245,0.2210317850112915
Quinault,2019-08-22,0.238,0.22255752980709076
Quinault,2019-08-23,0.226,0.22222696244716644
Quinault,2019-08-24,0.217,0.22239215672016144
Quinault,2019-08-25,0.208,0.2003985047340393
Quinault,2019-08-26,0.199,0.18520371615886688
Quinault,2019-08-27,0.191,0.18227791786193848
Quinault,2019-08-28,0.183,0.1770734041929245
Quinault,2019-08-29,0.177,0.16972720623016357
Quinault,2019-08-30,0.175,0.1780901402235031
Quinault,2019-08-31,0.178,0.19271299242973328
Quinault,2019-09-01,0.18,0.1996067613363266
Quinault,2019-09-02,0.178,0.19531145691871643
Quinault,2019-09-03,0.176,0.17909665405750275
Quinault,2019-09-04,0.174,0.1759384572505951
Quinault,2019-09-05,0.171,0.17409129440784454
Quinault,2019-09-06,0.168,0.1709618717432022
Quinault,2019-09-07,0.168,0.16379739344120026
Quinault,2019-09-08,0.197,0.18943679332733154
Quinault,2019-09-09,0.232,0.2300240397453308
Quinault,2019-09-10,0.23,0.2310606986284256
Quinault,2019-09-11,0.22,0.2334374040365219
Quinault,2019-09-12,0.233,0.2391183078289032
Quinault,2019-09-13,0.269,0.24511438608169556
Quinault,2019-09-14,0.278,0.2657090127468109
Quinault,2019-09-15,0.268,0.2624565660953522
Quinault,2019-09-16,0.264,0.25305965542793274
Quinault,2019-09-17,0.277,0.25273603200912476
Quinault,2019-09-18,0.258,0.24751092493534088
Quinault,2019-09-19,0.25,0.26189857721328735
Quinault,2019-09-20,0.242,0.24629537761211395
Quinault,2019-09-21,0.236,0.23462340235710144
Quinault,2019-09-22,0.265,0.24559128284454346
Quinault,2019-09-23,0.268,0.25292396545410156
Quinault,2019-09-24,0.259,0.2530893385410309
Quinault,2019-09-25,0.243,0.243466317653656
Quinault,2019-09-26,0.26,0.239199697971344
Quinault,2019-09-27,0.243,0.236045703291893
Quinault,2019-09-28,0.235,0.23567210137844086
Quinault,2019-09-29,0.229,0.23628205060958862
Quinault,2019-09-30,0.223,0.23475447297096252
Quinault,2019-10-01,0.217,0.22641544044017792
Quinault,2019-10-02,0.213,0.22437302768230438
Quinault,2019-10-03,0.251,0.24435487389564514
Quinault,2019-10-04,0.273,0.25465771555900574
Quinault,2019-10-05,0.253,0.2527174651622772
Quinault,2019-10-06,0.243,0.2493617832660675
Quinault,2019-10-07,0.264,0.26007789373397827
Quinault,2019-10-08,0.265,0.25649890303611755
Quinault,2019-10-09,0.247,0.2501353919506073
Quinault,2019-10-10,0.238,0.24757561087608337
Quinault,2019-10-11,0.232,0.2331906408071518
Quinault,2019-10-12,0.229,0.23370769619941711
Quinault,2019-10-13,0.226,0.22953124344348907
Quinault,2019-10-14,0.222,0.230310320854187
Quinault,2019-10-15,0.236,0.23210953176021576
Quinault,2019-10-16,0.286,0.26959747076034546
Quinault,2019-10-17,0.293,0.2754323184490204
Quinault,2019-10-18,0.289,0.27283936738967896
Quinault,2019-10-19,0.276,0.27104657888412476
Quinault,2019-10-20,0.275,0.2704196274280548
Quinault,2019-10-21,0.309,0.2750391364097595
Quinault,2019-10-22,0.268,0.25474557280540466
Quinault,2019-10-23,0.253,0.24935774505138397
Quinault,2019-10-24,0.247,0.2481132596731186
Quinault,2019-10-25,0.246,0.24077372252941132
Quinault,2019-10-27,0.235,0.23617470264434814
Quinault,2019-10-28,0.231,0.2335038036108017
Quinault,2019-10-29,0.227,0.2224624902009964
Quinault,2019-10-30,0.224,0.2226533740758896
Quinault,2019-10-31,0.221,0.21929168701171875
Quinault,2019-11-01,0.22,0.2188268005847931
Quinault,2019-11-02,0.218,0.21500669419765472
Quinault,2019-11-03,0.216,0.21360637247562408
Quinault,2019-11-04,0.215,0.21589414775371552
Quinault,2019-11-05,0.215,0.2113606035709381
Quinault,2019-11-06,0.214,0.21147045493125916
Quinault,2019-11-07,0.213,0.2117169201374054
Quinault,2019-11-08,0.212,0.20299778878688812
Quinault,2019-11-09,0.245,0.23150062561035156
Quinault,2019-11-10,0.25,0.23224054276943207
Quinault,2019-11-11,0.243,0.23390136659145355
Quinault,2019-11-12,0.257,0.2506255805492401
Quinault,2019-11-13,0.249,0.2446621060371399
Quinault,2019-11-14,0.244,0.24277371168136597
Quinault,2019-11-15,0.278,0.26493844389915466
Quinault,2019-11-16,0.276,0.2703469693660736
Quinault,2019-11-17,0.291,0.2814736068248749
Quinault,2019-11-18,0.274,0.2756223976612091
Quinault,2019-11-19,0.274,0.2707952857017517
Quinault,2019-11-20,0.253,0.2594561278820038
Quinault,2019-11-21,0.247,0.25210094451904297
Quinault,2019-11-22,0.243,0.2479666769504547
Quinault,2019-11-23,0.265,0.2660408914089203
Quinault,2019-11-24,0.272,0.2696371376514435
Quinault,2019-11-25,0.264,0.26298147439956665
Quinault,2019-11-26,0.253,0.26101502776145935
Quinault,2019-11-27,0.248,0.24969425797462463
Quinault,2019-11-28,0.242,0.25114905834198
Quinault,2019-11-29,0.239,0.24568141996860504
Quinault,2019-11-30,0.287,0.24981215596199036
Quinault,2019-12-01,0.272,0.2527340352535248
Quinault,2019-12-02,0.258,0.25390318036079407
Quinault,2019-12-03,0.271,0.2633056342601776
Quinault,2019-12-04,0.276,0.2671232521533966
Quinault,2019-12-05,0.257,0.25736290216445923
Quinault,2019-12-06,0.262,0.2643158435821533
Quinault,2019-12-07,0.282,0.2734479308128357
Quinault,2019-12-08,0.258,0.2686324715614319
Quinault,2019-12-09,0.251,0.26342371106147766
Quinault,2019-12-10,0.266,0.2676427960395813
Quinault,2019-12-11,0.284,0.2740696370601654
Quinault,2019-12-12,0.298,0.28448107838630676
Quinault,2019-12-13,0.28,0.288619726896286
Quinault,2019-12-14,0.261,0.28249889612197876
Quinault,2019-12-15,0.253,0.27019861340522766
Quinault,2019-12-16,0.276,0.2675926089286804
Quinault,2019-12-17,0.264,0.25964075326919556
Quinault,2019-12-18,0.28,0.2776843011379242
Quinault,2019-12-19,0.308,0.29300037026405334
Quinault,2019-12-20,0.309,0.29598918557167053
Quinault,2019-12-21,0.288,0.2874390482902527
Quinault,2019-12-22,0.274,0.28633975982666016
Quinault,2019-12-23,0.263,0.2717204689979553
Quinault,2019-12-24,0.267,0.272396981716156
Quinault,2019-12-25,0.27,0.2689332664012909
Quinault,2019-12-26,0.262,0.268751323223114
Quinault,2019-12-27,0.274,0.2647024095058441
Quinault,2019-12-28,0.265,0.26946502923965454
Quinault,2019-12-29,0.276,0.2739282548427582
Quinault,2019-12-30,0.27,0.27355146408081055
Quinault,2019-12-31,0.325,0.29564255475997925
Quinault,2020-01-01,0.3,0.3007935583591461
Quinault,2020-01-02,0.29,0.3034064471721649
Quinault,2020-01-03,0.307,0.3025995194911957
Quinault,2020-01-04,0.299,0.3007577061653137
Quinault,2020-01-05,0.3,0.30227798223495483
Quinault,2020-01-06,0.361,0.31846120953559875
Quinault,2020-01-07,0.329,0.3127173185348511
Quinault,2020-01-08,0.289,0.3108057379722595
Quinault,2020-01-09,0.276,0.2994397282600403
Quinault,2020-01-10,0.319,0.310901939868927
Quinault,2020-01-11,0.309,0.3074074685573578
Quinault,2020-01-12,0.319,0.31156256794929504
Quinault,2020-01-13,0.28,0.29164543747901917
Quinault,2020-01-14,0.274,0.2890382409095764
Quinault,2020-01-15,0.288,0.2895753085613251
Quinault,2020-01-16,0.292,0.2907571494579315
Quinault,2020-01-17,0.273,0.29301777482032776
Quinault,2020-01-18,0.311,0.29845547676086426
Quinault,2020-01-19,0.301,0.2932364046573639
Quinault,2020-01-20,0.292,0.30119118094444275
Quinault,2020-01-21,0.325,0.3116680979728699
Quinault,2020-01-22,0.321,0.3109169900417328
Quinault,2020-01-23,0.361,0.3224148452281952
Quinault,2020-01-24,0.319,0.31866544485092163
Quinault,2020-01-25,0.292,0.30576348304748535
Quinault,2020-01-26,0.321,0.31779950857162476
Quinault,2020-01-27,0.308,0.3029246926307678
Quinault,2020-01-28,0.302,0.30412623286247253
Quinault,2020-01-29,0.309,0.3077501356601715
Quinault,2020-01-30,0.305,0.3059637248516083
Quinault,2020-01-31,0.347,0.3205048739910126
Quinault,2020-02-01,0.316,0.31508976221084595
Quinault,2020-02-02,0.287,0.3125273883342743
Quinault,2020-02-03,0.283,0.2911822199821472
Quinault,2020-02-04,0.298,0.29516011476516724
Quinault,2020-02-05,0.316,0.2958400845527649
Quinault,2020-02-06,0.326,0.311185747385025
Quinault,2020-02-07,0.318,0.3045891225337982
Quinault,2020-02-08,0.293,0.28949472308158875
Quinault,2020-02-09,0.265,0.2696031630039215
Quinault,2020-02-10,0.258,0.26247549057006836
Quinault,2020-02-11,0.255,0.2577638030052185
Quinault,2020-02-12,0.255,0.251809298992157
Quinault,2020-02-13,0.276,0.26753121614456177
Quinault,2020-02-14,0.291,0.2707747519016266
Quinault,2020-02-15,0.305,0.280453085899353
Quinault,2020-02-16,0.288,0.27817532420158386
Quinault,2020-02-17,0.275,0.2735857367515564
Quinault,2020-02-18,0.261,0.2620062828063965
Quinault,2020-02-19,0.255,0.2496625930070877
Quinault,2020-02-20,0.25,0.24808605015277863
Quinault,2020-02-21,0.247,0.24747136235237122
Quinault,2020-02-22,0.272,0.2603071331977844
Quinault,2020-02-23,0.306,0.280538409948349
Quinault,2020-02-24,0.273,0.27732768654823303
Quinault,2020-02-25,0.26,0.27711981534957886
Quinault,2020-02-26,0.26,0.2679682970046997
Quinault,2020-02-27,0.253,0.2530081868171692
Quinault,2020-02-28,0.271,0.26875776052474976
Quinault,2020-02-29,0.291,0.27738457918167114
Quinault,2020-03-01,0.265,0.27738457918167114
Quinault,2020-03-02,0.289,0.284476637840271
Quinault,2020-03-03,0.296,0.2831595540046692
Quinault,2020-03-04,0.28,0.27767571806907654
Quinault,2020-03-05,0.286,0.2864331007003784
Quinault,2020-03-06,0.28,0.28092458844184875
Quinault,2020-03-07,0.283,0.27714094519615173
Quinault,2020-03-08,0.266,0.2709408700466156
Quinault,2020-03-09,0.258,0.25897109508514404
Quinault,2020-03-10,0.272,0.27209725975990295
Quinault,2020-03-11,0.28,0.26280733942985535
Quinault,2020-03-12,0.26,0.2590816617012024
Quinault,2020-03-13,0.271,0.2753553092479706
Quinault,2020-03-14,0.263,0.264196515083313
Quinault,2020-03-15,0.255,0.2572923004627228
Quinault,2020-03-16,0.249,0.2528418302536011
Quinault,2020-03-17,0.244,0.24475258588790894
Quinault,2020-03-18,0.24,0.2361057996749878
Quinault,2020-03-19,0.236,0.23505306243896484
Quinault,2020-03-20,0.233,0.23410604894161224
Quinault,2020-03-21,0.23,0.23111625015735626
Quinault,2020-03-22,0.227,0.23973815143108368
Quinault,2020-03-23,0.283,0.2677781581878662
Quinault,2020-03-24,0.288,0.26927727460861206
Quinault,2020-03-25,0.266,0.2674512565135956
Quinault,2020-03-26,0.263,0.27156636118888855
Quinault,2020-03-27,0.295,0.27176839113235474
Quinault,2020-03-28,0.314,0.2935812473297119
Quinault,2020-03-29,0.299,0.29140862822532654
Quinault,2020-03-30,0.306,0.2991401255130768
Quinault,2020-03-31,0.291,0.2974158525466919
Quinault,2020-04-01,0.28,0.293133407831192
Quinault,2020-04-02,0.271,0.28315454721450806
Quinault,2020-04-03,0.274,0.271314412355423
Quinault,2020-04-04,0.266,0.267050564289093
Quinault,2020-04-05,0.256,0.2559884786605835
Quinault,2020-04-06,0.249,0.25320616364479065
Quinault,2020-04-07,0.242,0.23434019088745117
Quinault,2020-04-08,0.236,0.22492873668670654
Quinault,2020-04-09,0.231,0.21924132108688354
Quinault,2020-04-10,0.226,0.2145620733499527
Quinault,2020-04-11,0.221,0.21544089913368225
Quinault,2020-04-12,0.215,0.21603108942508698
Quinault,2020-04-13,0.207,0.2113913744688034
Quinault,2020-04-14,0.201,0.20366984605789185
Quinault,2020-04-15,0.196,0.19775743782520294
Quinault,2020-04-16,0.189,0.19590798020362854
Quinault,2020-04-17,0.183,0.1890328824520111
Quinault,2020-04-18,0.179,0.18732666969299316
Quinault,2020-04-19,0.177,0.1859595626592636
Quinault,2020-04-20,0.173,0.18548302352428436
Quinault,2020-04-21,0.171,0.19326035678386688
Quinault,2020-04-22,0.244,0.23640140891075134
Quinault,2020-04-23,0.259,0.24140852689743042
Quinault,2020-04-24,0.24,0.2484302669763565
Quinault,2020-04-25,0.268,0.2691231667995453
Quinault,2020-04-26,0.265,0.2711496949195862
Quinault,2020-04-27,0.29,0.2848206162452698
Quinault,2020-04-28,0.259,0.2729696035385132
Quinault,2020-04-29,0.264,0.2718137502670288
Quinault,2020-04-30,0.287,0.27373218536376953
Quinault,2020-05-01,0.262,0.2659677565097809
Quinault,2020-05-02,0.284,0.2766563892364502
Quinault,2020-05-03,0.275,0.2815176546573639
Quinault,2020-05-04,0.26,0.2760832905769348
Quinault,2020-05-05,0.262,0.27775007486343384
Quinault,2020-05-06,0.275,0.2710767090320587
Quinault,2020-05-07,0.251,0.258604496717453
Quinault,2020-05-08,0.237,0.2535842955112457
Quinault,2020-05-09,0.225,0.246924489736557
Quinault,2020-05-10,0.214,0.2207781821489334
Quinault,2020-05-11,0.209,0.2257528305053711
Quinault,2020-05-12,0.264,0.2516930103302002
Quinault,2020-05-13,0.285,0.2614913880825043
Quinault,2020-05-14,0.26,0.26100078225135803
Quinault,2020-05-15,0.245,0.2513706088066101
Quinault,2020-05-16,0.267,0.2630506753921509
Quinault,2020-05-17,0.268,0.2598554790019989
Quinault,2020-05-18,0.257,0.2593759596347809
Quinault,2020-05-19,0.252,0.2543688714504242
Quinault,2020-05-20,0.241,0.24917112290859222
Quinault,2020-05-21,0.267,0.25441277027130127
Quinault,2020-05-22,0.271,0.25625699758529663
Quinault,2020-05-23,0.252,0.2528730630874634
Quinault,2020-05-24,0.241,0.2512075901031494
Quinault,2020-05-25,0.266,0.25357741117477417
Quinault,2020-05-26,0.253,0.24476191401481628
Quinault,2020-05-27,0.237,0.24074308574199677
Quinault,2020-05-28,0.225,0.23855242133140564
Quinault,2020-05-29,0.212,0.22549960017204285
Quinault,2020-05-30,0.221,0.22743749618530273
Quinault,2020-05-31,0.241,0.22700940072536469
Quinault,2020-06-01,0.226,0.2216930389404297
Quinault,2020-06-02,0.215,0.20513169467449188
Quinault,2020-06-03,0.209,0.19916166365146637
Quinault,2020-06-04,0.201,0.19584843516349792
Quinault,2020-06-05,0.194,0.19135570526123047
Quinault,2020-06-06,0.207,0.2167821228504181
Quinault,2020-06-07,0.242,0.2204168438911438
Quinault,2020-06-08,0.235,0.226118803024292
Quinault,2020-06-09,0.289,0.2650690972805023
Quinault,2020-06-10,0.263,0.2638017535209656
Quinault,2020-06-11,0.251,0.25543832778930664
Quinault,2020-06-12,0.272,0.2655062973499298
Quinault,2020-06-13,0.272,0.261537104845047
Quinault,2020-06-14,0.256,0.2531222999095917
Quinault,2020-06-15,0.278,0.26770544052124023
Quinault,2020-06-16,0.265,0.2660278379917145
Quinault,2020-06-17,0.253,0.2476835697889328
Quinault,2020-06-18,0.241,0.24497713148593903
Quinault,2020-06-19,0.23,0.23328106105327606
Quinault,2020-06-20,0.265,0.24938595294952393
Quinault,2020-06-21,0.258,0.2424021065235138
Quinault,2020-06-22,0.241,0.2353295236825943
Quinault,2020-06-23,0.228,0.22889384627342224
Quinault,2020-06-24,0.218,0.2152804583311081
Quinault,2020-06-25,0.207,0.2102549523115158
Quinault,2020-06-26,0.195,0.20487894117832184
Quinault,2020-06-27,0.186,0.20246565341949463
Quinault,2020-06-28,0.182,0.19639426469802856
Quinault,2020-06-29,0.177,0.18323227763175964
Quinault,2020-06-30,0.172,0.1850096732378006
Quinault,2020-07-01,0.17,0.18689028918743134
Quinault,2020-07-02,0.169,0.1911281794309616
Quinault,2020-07-03,0.188,0.19692252576351166
Quinault,2020-07-04,0.184,0.19240863621234894
Quinault,2020-07-05,0.177,0.18773913383483887
Quinault,2020-07-06,0.171,0.18840737640857697
Quinault,2020-07-07,0.168,0.18377259373664856
Quinault,2020-07-08,0.165,0.1734253615140915
Quinault,2020-07-09,0.166,0.18873605132102966
Quinault,2020-07-10,0.168,0.17485985159873962
Quinault,2020-07-11,0.174,0.19530904293060303
Quinault,2020-07-12,0.226,0.19837459921836853
Quinault,2020-07-13,0.205,0.19641025364398956
Quinault,2020-07-14,0.189,0.18761025369167328
Quinault,2020-07-15,0.176,0.17415089905261993
Quinault,2020-07-16,0.166,0.16609612107276917
Quinault,2020-07-17,0.159,0.16054455935955048
Quinault,2020-07-18,0.152,0.15176334977149963
Quinault,2020-07-19,0.146,0.13804471492767334
Quinault,2020-07-20,0.14,0.13707274198532104
Quinault,2020-07-21,0.135,0.13490749895572662
Quinault,2020-07-22,0.131,0.1282285749912262
Quinault,2020-07-23,0.128,0.1276707500219345
Quinault,2020-07-24,0.124,0.12784035503864288
Quinault,2020-07-25,0.121,0.12531493604183197
Quinault,2020-07-26,0.117,0.11721779406070709
Quinault,2020-07-27,0.114,0.11666426807641983
Quinault,2020-07-28,0.111,0.11214985698461533
Quinault,2020-07-29,0.109,0.1106361448764801
Quinault,2020-07-30,0.107,0.1112438514828682
Quinault,2020-07-31,0.105,0.11038056015968323
Quinault,2020-08-01,0.105,0.10828887671232224
Quinault,2020-08-02,0.104,0.10670991986989975
Quinault,2020-08-03,0.103,0.10445421934127808
Quinault,2020-08-04,0.102,0.09839478135108948
Quinault,2020-08-05,0.102,0.09625479578971863
Quinault,2020-08-06,0.131,0.11706574261188507
Quinault,2020-08-07,0.13,0.12097496539354324
Quinault,2020-08-08,0.128,0.121602863073349
Quinault,2020-08-09,0.124,0.12317949533462524
Quinault,2020-08-10,0.12,0.12547200918197632
Quinault,2020-08-11,0.115,0.11621718853712082
Quinault,2020-08-12,0.112,0.11074129492044449
Quinault,2020-08-13,0.108,0.11042764037847519
Quinault,2020-08-14,0.107,0.10610564053058624
Quinault,2020-08-15,0.104,0.10512053221464157
Quinault,2020-08-16,0.102,0.07539448887109756
Quinault,2020-08-17,0.101,0.07128274440765381
Quinault,2020-08-18,0.099,0.07071445137262344
Quinault,2020-08-19,0.098,0.0675211027264595
Quinault,2020-08-20,0.169,0.16883456707000732
Quinault,2020-08-21,0.216,0.22444789111614227
Quinault,2020-08-22,0.214,0.21944215893745422
Quinault,2020-08-23,0.201,0.20573045313358307
Quinault,2020-08-24,0.194,0.19744421541690826
Quinault,2020-08-25,0.187,0.1882041096687317
Quinault,2020-08-26,0.181,0.18674755096435547
Quinault,2020-08-27,0.175,0.18495550751686096
Quinault,2020-08-28,0.17,0.18113945424556732
Quinault,2020-08-29,0.166,0.16793538630008698
Quinault,2020-08-30,0.16,0.16298463940620422
Quinault,2020-08-31,0.156,0.15523971617221832
Quinault,2020-09-01,0.153,0.14768503606319427
Quinault,2020-09-02,0.149,0.15050022304058075
Quinault,2020-09-03,0.145,0.14366662502288818
Quinault,2020-09-04,0.142,0.1407565027475357
Quinault,2020-09-05,0.14,0.14213673770427704
Quinault,2020-09-06,0.137,0.1349221169948578
Quinault,2020-09-07,0.135,0.1322600543498993
Quinault,2020-09-08,0.13,0.1314801424741745
Quinault,2020-09-09,0.127,0.1252785176038742
Quinault,2020-09-10,0.124,0.1203894317150116
Quinault,2020-09-11,0.122,0.1179019883275032
Quinault,2020-09-12,0.122,0.11695101112127304
Quinault,2020-09-13,0.12,0.11581707745790482
Quinault,2020-09-14,0.12,0.11889669299125671
Quinault,2020-09-15,0.122,0.12591150403022766
Quinault,2020-09-16,0.134,0.13374808430671692
Quinault,2020-09-17,0.135,0.13506419956684113
Quinault,2020-09-18,0.148,0.18403910100460052
Quinault,2020-09-19,0.189,0.20344047248363495
Quinault,2020-09-20,0.198,0.19882644712924957
Quinault,2020-09-21,0.193,0.20582062005996704
Quinault,2020-09-22,0.202,0.20061838626861572
Quinault,2020-09-23,0.268,0.26129046082496643
Quinault,2020-09-24,0.27,0.26052409410476685
Quinault,2020-09-25,0.27,0.2585356831550598
Quinault,2020-09-26,0.249,0.26998087763786316
Quinault,2020-09-27,0.234,0.2474914938211441
Quinault,2020-09-28,0.224,0.2319224774837494
Quinault,2020-09-29,0.216,0.21471890807151794
Quinault,2020-09-30,0.21,0.20820266008377075
Quinault,2020-10-01,0.206,0.20915865898132324
Quinault,2020-10-02,0.202,0.21284256875514984
Quinault,2020-10-03,0.199,0.20781536400318146
Quinault,2020-10-04,0.197,0.20651066303253174
Quinault,2020-10-05,0.194,0.1931418478488922
Quinault,2020-10-06,0.189,0.1929156333208084
Quinault,2020-10-07,0.184,0.19364036619663239
Quinault,2020-10-08,0.182,0.2007884830236435
Quinault,2020-10-09,0.207,0.237229123711586
Quinault,2020-10-10,0.27,0.2573927640914917
Quinault,2020-10-11,0.271,0.2597566843032837
Quinault,2020-10-12,0.246,0.2596644163131714
Quinault,2020-10-13,0.275,0.2673283815383911
Quinault,2020-10-14,0.253,0.26164349913597107
Quinault,2020-10-15,0.234,0.24364010989665985
Quinault,2020-10-16,0.253,0.26236584782600403
Quinault,2020-10-17,0.24,0.24772047996520996
Quinault,2020-10-18,0.258,0.25166645646095276
Quinault,2020-10-19,0.241,0.2552332580089569
Quinault,2020-10-20,0.232,0.24518533051013947
Quinault,2020-10-21,0.226,0.24580125510692596
Quinault,2020-10-22,0.222,0.22818441689014435
Quinault,2020-10-23,0.247,0.24647743999958038
Quinault,2020-10-24,0.247,0.24646934866905212
Quinault,2020-10-25,0.236,0.24170808494091034
Quinault,2020-10-26,0.23,0.2378341108560562
Quinault,2020-10-27,0.226,0.23020848631858826
Quinault,2020-10-28,0.224,0.23082728683948517
Quinault,2020-10-29,0.222,0.22917704284191132
Quinault,2020-10-30,0.255,0.24532754719257355
Quinault,2020-10-31,0.235,0.23761697113513947
Quinault,2020-11-01,0.229,0.23687154054641724
Quinault,2020-11-02,0.224,0.22965706884860992
Quinault,2020-11-03,0.277,0.2601161003112793
Quinault,2020-11-04,0.289,0.27095913887023926
Quinault,2020-11-05,0.27,0.270470529794693
Quinault,2020-11-06,0.243,0.2498958855867386
Quinault,2020-11-07,0.234,0.24310269951820374
Quinault,2020-11-08,0.228,0.23722635209560394
Quinault,2020-11-09,0.24,0.24041010439395905
Quinault,2020-11-10,0.277,0.2554159164428711
Quinault,2020-11-11,0.248,0.24827249348163605
Quinault,2020-11-12,0.271,0.2757914066314697
Quinault,2020-11-13,0.292,0.29202884435653687
Quinault,2020-11-14,0.281,0.28765708208084106
Quinault,2020-11-15,0.277,0.291305810213089
Quinault,2020-11-16,0.273,0.2923721969127655
Quinault,2020-11-17,0.286,0.29251834750175476
Quinault,2020-11-18,0.297,0.28350552916526794
Quinault,2020-11-19,0.285,0.2865711748600006
Quinault,2020-11-20,0.29,0.28533440828323364
Quinault,2020-11-21,0.262,0.26913943886756897
Quinault,2020-11-22,0.261,0.27812349796295166
Quinault,2020-11-23,0.27,0.26980113983154297
Quinault,2020-11-24,0.282,0.2721705436706543
Quinault,2020-11-25,0.276,0.2736445963382721
Quinault,2020-11-26,0.26,0.2703525125980377
Quinault,2020-11-27,0.272,0.2750617563724518
Quinault,2020-11-28,0.26,0.25849753618240356
Quinault,2020-11-29,0.247,0.263645201921463
Quinault,2020-11-30,0.277,0.2707206904888153
Quinault,2020-12-01,0.249,0.261331707239151
Quinault,2020-12-02,0.244,0.257755309343338
Quinault,2020-12-03,0.242,0.26852935552597046
Quinault,2020-12-04,0.239,0.2475048154592514
Quinault,2020-12-05,0.237,0.2538326680660248
Quinault,2020-12-06,0.26,0.25829243659973145
Quinault,2020-12-07,0.265,0.2707860469818115
Quinault,2020-12-08,0.29,0.2846473157405853
Quinault,2020-12-09,0.262,0.28448179364204407
Quinault,2020-12-10,0.261,0.2826870381832123
Quinault,2020-12-11,0.267,0.2833159863948822
Quinault,2020-12-12,0.25,0.2699721157550812
Quinault,2020-12-13,0.288,0.2858665883541107
Quinault,2020-12-14,0.275,0.28166672587394714
Quinault,2020-12-15,0.287,0.2865152060985565
Quinault,2020-12-16,0.288,0.2983093559741974
Quinault,2020-12-17,0.287,0.2950574457645416
Quinault,2020-12-18,0.294,0.2954477071762085
Quinault,2020-12-19,0.286,0.28996312618255615
Quinault,2020-12-20,0.272,0.28804460167884827
Quinault,2020-12-21,0.295,0.2848317325115204
Quinault,2020-12-22,0.264,0.2677745521068573
Quinault,2020-12-23,0.252,0.2585552930831909
Quinault,2020-12-24,0.248,0.2575388550758362
Quinault,2020-12-25,0.285,0.2709382474422455
Quinault,2020-12-26,0.296,0.2794759273529053
Quinault,2020-12-27,0.287,0.2831084430217743
Quinault,2020-12-28,0.255,0.26317018270492554
Quinault,2020-12-29,0.267,0.27791252732276917
Quinault,2020-12-30,0.309,0.2834571301937103
Quinault,2020-12-31,0.29,0.2834068238735199
SourdoughGulch_WA_985,2019-01-01,0.295,0.2613210380077362
SourdoughGulch_WA_985,2019-01-02,0.222,0.2365664690732956
SourdoughGulch_WA_985,2019-01-03,0.165,0.22971715033054352
SourdoughGulch_WA_985,2019-01-04,0.196,0.23172038793563843
SourdoughGulch_WA_985,2019-01-05,0.223,0.23470911383628845
SourdoughGulch_WA_985,2019-01-06,0.236,0.2350391149520874
SourdoughGulch_WA_985,2019-01-07,0.247,0.24355919659137726
SourdoughGulch_WA_985,2019-01-08,0.252,0.25286152958869934
SourdoughGulch_WA_985,2019-01-09,0.244,0.25174880027770996
SourdoughGulch_WA_985,2019-01-10,0.253,0.24981296062469482
SourdoughGulch_WA_985,2019-01-11,0.277,0.2523578405380249
SourdoughGulch_WA_985,2019-01-12,0.277,0.2518426179885864
SourdoughGulch_WA_985,2019-01-13,0.252,0.24458037316799164
SourdoughGulch_WA_985,2019-01-14,0.184,0.17570151388645172
SourdoughGulch_WA_985,2019-01-15,0.115,0.1488223373889923
SourdoughGulch_WA_985,2019-01-16,0.119,0.1473044455051422
SourdoughGulch_WA_985,2019-01-17,0.119,0.16309407353401184
SourdoughGulch_WA_985,2019-01-18,0.134,0.17524439096450806
SourdoughGulch_WA_985,2019-01-19,0.147,0.18972083926200867
SourdoughGulch_WA_985,2019-01-20,0.156,0.19929145276546478
SourdoughGulch_WA_985,2019-01-21,0.172,0.2370084822177887
SourdoughGulch_WA_985,2019-01-22,0.184,0.22493910789489746
SourdoughGulch_WA_985,2019-01-23,0.177,0.23185822367668152
SourdoughGulch_WA_985,2019-01-24,0.224,0.237786203622818
SourdoughGulch_WA_985,2019-01-25,0.253,0.24208205938339233
SourdoughGulch_WA_985,2019-01-26,0.261,0.24158760905265808
SourdoughGulch_WA_985,2019-01-27,0.256,0.2486572265625
SourdoughGulch_WA_985,2019-01-28,0.307,0.2553417384624481
SourdoughGulch_WA_985,2019-01-29,0.288,0.24384741485118866
SourdoughGulch_WA_985,2019-01-30,0.194,0.2059190571308136
SourdoughGulch_WA_985,2019-01-31,0.146,0.18981118500232697
SourdoughGulch_WA_985,2019-02-01,0.149,0.19083110988140106
SourdoughGulch_WA_985,2019-02-02,0.174,0.2039049118757248
SourdoughGulch_WA_985,2019-02-03,0.193,0.22774118185043335
SourdoughGulch_WA_985,2019-02-04,0.242,0.25224441289901733
SourdoughGulch_WA_985,2019-02-05,0.267,0.2534242272377014
SourdoughGulch_WA_985,2019-02-06,0.276,0.2705957591533661
SourdoughGulch_WA_985,2019-02-07,0.274,0.27081015706062317
SourdoughGulch_WA_985,2019-02-08,0.266,0.2575528621673584
SourdoughGulch_WA_985,2019-02-09,0.25,0.2554004192352295
SourdoughGulch_WA_985,2019-02-10,0.247,0.2552911341190338
SourdoughGulch_WA_985,2019-02-11,0.236,0.2557626962661743
SourdoughGulch_WA_985,2019-02-12,0.231,0.25209519267082214
SourdoughGulch_WA_985,2019-02-13,0.243,0.2539105713367462
SourdoughGulch_WA_985,2019-02-14,0.258,0.26255130767822266
SourdoughGulch_WA_985,2019-02-15,0.265,0.26849886775016785
SourdoughGulch_WA_985,2019-02-16,0.267,0.2694825232028961
SourdoughGulch_WA_985,2019-02-17,0.269,0.2694661319255829
SourdoughGulch_WA_985,2019-02-18,0.273,0.2759247422218323
SourdoughGulch_WA_985,2019-02-19,0.275,0.27975013852119446
SourdoughGulch_WA_985,2019-02-20,0.277,0.2748298645019531
SourdoughGulch_WA_985,2019-02-21,0.277,0.277648389339447
SourdoughGulch_WA_985,2019-02-22,0.277,0.27858754992485046
SourdoughGulch_WA_985,2019-02-23,0.279,0.28066760301589966
SourdoughGulch_WA_985,2019-02-24,0.278,0.2806949317455292
SourdoughGulch_WA_985,2019-02-25,0.28,0.2813141345977783
SourdoughGulch_WA_985,2019-02-26,0.28,0.28214511275291443
SourdoughGulch_WA_985,2019-02-27,0.281,0.28220507502555847
SourdoughGulch_WA_985,2019-02-28,0.283,0.28308746218681335
SourdoughGulch_WA_985,2019-03-01,0.284,0.28105872869491577
SourdoughGulch_WA_985,2019-03-02,0.285,0.2808055281639099
SourdoughGulch_WA_985,2019-03-03,0.285,0.2745567858219147
SourdoughGulch_WA_985,2019-03-04,0.285,0.2687452733516693
SourdoughGulch_WA_985,2019-03-05,0.284,0.27147191762924194
SourdoughGulch_WA_985,2019-03-06,0.284,0.28513315320014954
SourdoughGulch_WA_985,2019-03-07,0.283,0.28681984543800354
SourdoughGulch_WA_985,2019-03-08,0.308,0.2923659682273865
SourdoughGulch_WA_985,2019-03-09,0.305,0.29628291726112366
SourdoughGulch_WA_985,2019-03-10,0.304,0.2956109642982483
SourdoughGulch_WA_985,2019-03-11,0.302,0.29280564188957214
SourdoughGulch_WA_985,2019-03-12,0.3,0.2967754900455475
SourdoughGulch_WA_985,2019-03-13,0.298,0.3027067482471466
SourdoughGulch_WA_985,2019-03-14,0.298,0.3001183569431305
SourdoughGulch_WA_985,2019-03-15,0.298,0.3037834167480469
SourdoughGulch_WA_985,2019-03-16,0.297,0.3018643856048584
SourdoughGulch_WA_985,2019-03-17,0.301,0.30189061164855957
SourdoughGulch_WA_985,2019-03-18,0.303,0.3053790330886841
SourdoughGulch_WA_985,2019-03-19,0.306,0.3087124824523926
SourdoughGulch_WA_985,2019-03-20,0.316,0.31670039892196655
SourdoughGulch_WA_985,2019-03-21,0.352,0.3225039839744568
SourdoughGulch_WA_985,2019-03-22,0.356,0.3298584222793579
SourdoughGulch_WA_985,2019-03-23,0.359,0.3260578215122223
SourdoughGulch_WA_985,2019-03-24,0.361,0.3264544606208801
SourdoughGulch_WA_985,2019-03-25,0.359,0.33708810806274414
SourdoughGulch_WA_985,2019-03-26,0.357,0.3406428396701813
SourdoughGulch_WA_985,2019-03-27,0.354,0.34599798917770386
SourdoughGulch_WA_985,2019-03-28,0.348,0.34151899814605713
SourdoughGulch_WA_985,2019-03-29,0.347,0.34186309576034546
SourdoughGulch_WA_985,2019-03-30,0.347,0.34219446778297424
SourdoughGulch_WA_985,2019-03-31,0.341,0.338265985250473
SourdoughGulch_WA_985,2019-04-01,0.338,0.33674466609954834
SourdoughGulch_WA_985,2019-04-02,0.335,0.33490151166915894
SourdoughGulch_WA_985,2019-04-03,0.333,0.3298886716365814
SourdoughGulch_WA_985,2019-04-04,0.331,0.3304002285003662
SourdoughGulch_WA_985,2019-04-05,0.328,0.3333653211593628
SourdoughGulch_WA_985,2019-04-06,0.339,0.33291420340538025
SourdoughGulch_WA_985,2019-04-07,0.338,0.3380098044872284
SourdoughGulch_WA_985,2019-04-08,0.354,0.33710455894470215
SourdoughGulch_WA_985,2019-04-09,0.35,0.3364543318748474
SourdoughGulch_WA_985,2019-04-10,0.341,0.3414030373096466
SourdoughGulch_WA_985,2019-04-11,0.336,0.33666330575942993
SourdoughGulch_WA_985,2019-04-12,0.338,0.33708134293556213
SourdoughGulch_WA_985,2019-04-13,0.348,0.33442747592926025
SourdoughGulch_WA_985,2019-04-14,0.338,0.3281715512275696
SourdoughGulch_WA_985,2019-04-15,0.338,0.3299313187599182
SourdoughGulch_WA_985,2019-04-16,0.334,0.32899734377861023
SourdoughGulch_WA_985,2019-04-17,0.337,0.3266870379447937
SourdoughGulch_WA_985,2019-04-18,0.337,0.325764924287796
SourdoughGulch_WA_985,2019-04-19,0.333,0.3215712606906891
SourdoughGulch_WA_985,2019-04-20,0.332,0.33110612630844116
SourdoughGulch_WA_985,2019-04-21,0.347,0.3283911943435669
SourdoughGulch_WA_985,2019-04-22,0.342,0.3352537751197815
SourdoughGulch_WA_985,2019-04-23,0.338,0.32576122879981995
SourdoughGulch_WA_985,2019-04-24,0.335,0.31887081265449524
SourdoughGulch_WA_985,2019-04-25,0.328,0.3182125687599182
SourdoughGulch_WA_985,2019-04-26,0.323,0.32102954387664795
SourdoughGulch_WA_985,2019-04-27,0.315,0.30219539999961853
SourdoughGulch_WA_985,2019-04-28,0.308,0.2978960871696472
SourdoughGulch_WA_985,2019-04-29,0.303,0.29280978441238403
SourdoughGulch_WA_985,2019-04-30,0.3,0.31108662486076355
SourdoughGulch_WA_985,2019-05-01,0.295,0.301939994096756
SourdoughGulch_WA_985,2019-05-02,0.289,0.30135655403137207
SourdoughGulch_WA_985,2019-05-03,0.287,0.30109256505966187
SourdoughGulch_WA_985,2019-05-04,0.284,0.28765320777893066
SourdoughGulch_WA_985,2019-05-05,0.281,0.2823459506034851
SourdoughGulch_WA_985,2019-05-06,0.274,0.28564324975013733
SourdoughGulch_WA_985,2019-05-07,0.272,0.2658248543739319
SourdoughGulch_WA_985,2019-05-08,0.267,0.26629137992858887
SourdoughGulch_WA_985,2019-05-09,0.26,0.26374343037605286
SourdoughGulch_WA_985,2019-05-10,0.258,0.26411065459251404
SourdoughGulch_WA_985,2019-05-11,0.253,0.25934872031211853
SourdoughGulch_WA_985,2019-05-12,0.25,0.2546922564506531
SourdoughGulch_WA_985,2019-05-13,0.245,0.24634473025798798
SourdoughGulch_WA_985,2019-05-14,0.232,0.22053319215774536
SourdoughGulch_WA_985,2019-05-15,0.219,0.21601182222366333
SourdoughGulch_WA_985,2019-05-16,0.217,0.22826027870178223
SourdoughGulch_WA_985,2019-05-17,0.215,0.2287229597568512
SourdoughGulch_WA_985,2019-05-18,0.211,0.22971488535404205
SourdoughGulch_WA_985,2019-05-19,0.212,0.2302166372537613
SourdoughGulch_WA_985,2019-05-20,0.216,0.22393731772899628
SourdoughGulch_WA_985,2019-05-21,0.203,0.22101907432079315
SourdoughGulch_WA_985,2019-05-22,0.206,0.22317329049110413
SourdoughGulch_WA_985,2019-05-23,0.209,0.22161948680877686
SourdoughGulch_WA_985,2019-05-24,0.216,0.22788231074810028
SourdoughGulch_WA_985,2019-05-25,0.211,0.23568646609783173
SourdoughGulch_WA_985,2019-05-26,0.311,0.2566035985946655
SourdoughGulch_WA_985,2019-05-27,0.309,0.2671438455581665
SourdoughGulch_WA_985,2019-05-28,0.292,0.27497363090515137
SourdoughGulch_WA_985,2019-05-29,0.291,0.28021377325057983
SourdoughGulch_WA_985,2019-05-30,0.283,0.2798978388309479
SourdoughGulch_WA_985,2019-05-31,0.273,0.2790897786617279
SourdoughGulch_WA_985,2019-06-01,0.269,0.27325063943862915
SourdoughGulch_WA_985,2019-06-02,0.262,0.2697184383869171
SourdoughGulch_WA_985,2019-06-03,0.254,0.25922465324401855
SourdoughGulch_WA_985,2019-06-04,0.244,0.2509174346923828
SourdoughGulch_WA_985,2019-06-05,0.235,0.25224360823631287
SourdoughGulch_WA_985,2019-06-06,0.221,0.25534120202064514
SourdoughGulch_WA_985,2019-06-07,0.317,0.2632739841938019
SourdoughGulch_WA_985,2019-06-08,0.293,0.2597845792770386
SourdoughGulch_WA_985,2019-06-09,0.276,0.25789129734039307
SourdoughGulch_WA_985,2019-06-10,0.274,0.25826412439346313
SourdoughGulch_WA_985,2019-06-11,0.27,0.25941362977027893
SourdoughGulch_WA_985,2019-06-12,0.263,0.24624575674533844
SourdoughGulch_WA_985,2019-06-13,0.256,0.25065916776657104
SourdoughGulch_WA_985,2019-06-14,0.24,0.24282662570476532
SourdoughGulch_WA_985,2019-06-15,0.234,0.23442578315734863
SourdoughGulch_WA_985,2019-06-16,0.223,0.22199156880378723
SourdoughGulch_WA_985,2019-06-17,0.216,0.21075540781021118
SourdoughGulch_WA_985,2019-06-18,0.203,0.20577672123908997
SourdoughGulch_WA_985,2019-06-19,0.188,0.1978859305381775
SourdoughGulch_WA_985,2019-06-20,0.183,0.19131697714328766
SourdoughGulch_WA_985,2019-06-21,0.168,0.18547295033931732
SourdoughGulch_WA_985,2019-06-22,0.157,0.18554165959358215
SourdoughGulch_WA_985,2019-06-23,0.158,0.18454954028129578
SourdoughGulch_WA_985,2019-06-24,0.154,0.17728953063488007
SourdoughGulch_WA_985,2019-06-25,0.154,0.17968790233135223
SourdoughGulch_WA_985,2019-06-26,0.156,0.19891151785850525
SourdoughGulch_WA_985,2019-06-27,0.268,0.23970766365528107
SourdoughGulch_WA_985,2019-06-28,0.316,0.2943419814109802
SourdoughGulch_WA_985,2019-06-29,0.307,0.3013792037963867
SourdoughGulch_WA_985,2019-06-30,0.308,0.29612213373184204
SourdoughGulch_WA_985,2019-07-01,0.303,0.2947903275489807
SourdoughGulch_WA_985,2019-07-02,0.292,0.29189610481262207
SourdoughGulch_WA_985,2019-07-03,0.287,0.2883169949054718
SourdoughGulch_WA_985,2019-07-04,0.284,0.28310540318489075
SourdoughGulch_WA_985,2019-07-05,0.279,0.2814253568649292
SourdoughGulch_WA_985,2019-07-06,0.278,0.27895790338516235
SourdoughGulch_WA_985,2019-07-07,0.278,0.2768903076648712
SourdoughGulch_WA_985,2019-07-08,0.268,0.2780402600765228
SourdoughGulch_WA_985,2019-07-09,0.261,0.275018572807312
SourdoughGulch_WA_985,2019-07-10,0.26,0.2706521153450012
SourdoughGulch_WA_985,2019-07-11,0.258,0.272395521402359
SourdoughGulch_WA_985,2019-07-12,0.248,0.24683648347854614
SourdoughGulch_WA_985,2019-07-13,0.244,0.2285045087337494
SourdoughGulch_WA_985,2019-07-14,0.236,0.2227913737297058
SourdoughGulch_WA_985,2019-07-15,0.225,0.20688337087631226
SourdoughGulch_WA_985,2019-07-16,0.205,0.20741692185401917
SourdoughGulch_WA_985,2019-07-17,0.196,0.19329877197742462
SourdoughGulch_WA_985,2019-07-18,0.185,0.19098643958568573
SourdoughGulch_WA_985,2019-07-19,0.19,0.1836305409669876
SourdoughGulch_WA_985,2019-07-20,0.176,0.1794136017560959
SourdoughGulch_WA_985,2019-07-21,0.175,0.1718921810388565
SourdoughGulch_WA_985,2019-07-22,0.174,0.16940198838710785
SourdoughGulch_WA_985,2019-07-23,0.166,0.16650797426700592
SourdoughGulch_WA_985,2019-07-24,0.163,0.1631128340959549
SourdoughGulch_WA_985,2019-07-25,0.157,0.1536492258310318
SourdoughGulch_WA_985,2019-07-26,0.151,0.15277984738349915
SourdoughGulch_WA_985,2019-07-27,0.147,0.15215741097927094
SourdoughGulch_WA_985,2019-07-28,0.145,0.14032040536403656
SourdoughGulch_WA_985,2019-07-29,0.139,0.13748711347579956
SourdoughGulch_WA_985,2019-07-30,0.132,0.131272092461586
SourdoughGulch_WA_985,2019-07-31,0.133,0.13100960850715637
SourdoughGulch_WA_985,2019-08-01,0.129,0.12840169668197632
SourdoughGulch_WA_985,2019-08-02,0.126,0.12100575864315033
SourdoughGulch_WA_985,2019-08-03,0.119,0.11965513974428177
SourdoughGulch_WA_985,2019-08-04,0.111,0.11530241370201111
SourdoughGulch_WA_985,2019-08-05,0.111,0.1092524304986
SourdoughGulch_WA_985,2019-08-06,0.112,0.10945124924182892
SourdoughGulch_WA_985,2019-08-07,0.107,0.10391799360513687
SourdoughGulch_WA_985,2019-08-08,0.104,0.10156576335430145
SourdoughGulch_WA_985,2019-08-09,0.096,0.1007879376411438
SourdoughGulch_WA_985,2019-08-10,0.091,0.1003371924161911
SourdoughGulch_WA_985,2019-08-11,0.091,0.12029921263456345
SourdoughGulch_WA_985,2019-08-12,0.093,0.1322023570537567
SourdoughGulch_WA_985,2019-08-13,0.109,0.13487404584884644
SourdoughGulch_WA_985,2019-08-14,0.112,0.11721184849739075
SourdoughGulch_WA_985,2019-08-15,0.114,0.11247777193784714
SourdoughGulch_WA_985,2019-08-16,0.11,0.11620621383190155
SourdoughGulch_WA_985,2019-08-17,0.115,0.11203865706920624
SourdoughGulch_WA_985,2019-08-18,0.105,0.10588749498128891
SourdoughGulch_WA_985,2019-08-19,0.105,0.11240939795970917
SourdoughGulch_WA_985,2019-08-20,0.108,0.11354003846645355
SourdoughGulch_WA_985,2019-08-21,0.107,0.10624857991933823
SourdoughGulch_WA_985,2019-08-22,0.106,0.10180200636386871
SourdoughGulch_WA_985,2019-08-23,0.094,0.10066292434930801
SourdoughGulch_WA_985,2019-08-24,0.096,0.09930764138698578
SourdoughGulch_WA_985,2019-08-25,0.097,0.09990157932043076
SourdoughGulch_WA_985,2019-08-26,0.094,0.10232715308666229
SourdoughGulch_WA_985,2019-08-27,0.088,0.09820643067359924
SourdoughGulch_WA_985,2019-08-28,0.087,0.09841100871562958
SourdoughGulch_WA_985,2019-08-29,0.088,0.09881514310836792
SourdoughGulch_WA_985,2019-08-30,0.079,0.09622615575790405
SourdoughGulch_WA_985,2019-08-31,0.082,0.09603796899318695
SourdoughGulch_WA_985,2019-09-01,0.083,0.09733424335718155
SourdoughGulch_WA_985,2019-09-02,0.082,0.08477552980184555
SourdoughGulch_WA_985,2019-09-03,0.079,0.08659976720809937
SourdoughGulch_WA_985,2019-09-04,0.078,0.0836910679936409
SourdoughGulch_WA_985,2019-09-05,0.074,0.08441413193941116
SourdoughGulch_WA_985,2019-09-06,0.07,0.07623503357172012
SourdoughGulch_WA_985,2019-09-07,0.069,0.07639812678098679
SourdoughGulch_WA_985,2019-09-08,0.063,0.07376482337713242
SourdoughGulch_WA_985,2019-09-09,0.065,0.07823885977268219
SourdoughGulch_WA_985,2019-09-10,0.068,0.07679950445890427
SourdoughGulch_WA_985,2019-09-11,0.067,0.07946640253067017
SourdoughGulch_WA_985,2019-09-12,0.062,0.07857018709182739
SourdoughGulch_WA_985,2019-09-13,0.071,0.07718953490257263
SourdoughGulch_WA_985,2019-09-14,0.073,0.08119652420282364
SourdoughGulch_WA_985,2019-09-15,0.076,0.0929742231965065
SourdoughGulch_WA_985,2019-09-16,0.08,0.09852845221757889
SourdoughGulch_WA_985,2019-09-17,0.073,0.09732936322689056
SourdoughGulch_WA_985,2019-09-18,0.077,0.09718922525644302
SourdoughGulch_WA_985,2019-09-19,0.085,0.10151655226945877
SourdoughGulch_WA_985,2019-09-20,0.12,0.11322048306465149
SourdoughGulch_WA_985,2019-09-21,0.133,0.11898750066757202
SourdoughGulch_WA_985,2019-09-22,0.14,0.12190274894237518
SourdoughGulch_WA_985,2019-09-23,0.144,0.1251620203256607
SourdoughGulch_WA_985,2019-09-24,0.146,0.12916113436222076
SourdoughGulch_WA_985,2019-09-25,0.147,0.13266736268997192
SourdoughGulch_WA_985,2019-09-26,0.145,0.1358567774295807
SourdoughGulch_WA_985,2019-09-27,0.143,0.13731352984905243
SourdoughGulch_WA_985,2019-09-28,0.139,0.13662301003932953
SourdoughGulch_WA_985,2019-09-29,0.129,0.13619312644004822
SourdoughGulch_WA_985,2019-09-30,0.126,0.13374614715576172
SourdoughGulch_WA_985,2019-10-01,0.12,0.137020543217659
SourdoughGulch_WA_985,2019-10-02,0.135,0.147207573056221
SourdoughGulch_WA_985,2019-10-03,0.145,0.15119439363479614
SourdoughGulch_WA_985,2019-10-04,0.156,0.15347835421562195
SourdoughGulch_WA_985,2019-10-05,0.157,0.15332664549350739
SourdoughGulch_WA_985,2019-10-06,0.157,0.1601901799440384
SourdoughGulch_WA_985,2019-10-07,0.157,0.16624924540519714
SourdoughGulch_WA_985,2019-10-08,0.158,0.164591446518898
SourdoughGulch_WA_985,2019-10-09,0.174,0.19283190369606018
SourdoughGulch_WA_985,2019-10-10,0.219,0.21004122495651245
SourdoughGulch_WA_985,2019-10-11,0.222,0.21377849578857422
SourdoughGulch_WA_985,2019-10-12,0.225,0.21328407526016235
SourdoughGulch_WA_985,2019-10-13,0.229,0.2121223360300064
SourdoughGulch_WA_985,2019-10-14,0.234,0.23653604090213776
SourdoughGulch_WA_985,2019-10-15,0.233,0.23541182279586792
SourdoughGulch_WA_985,2019-10-16,0.228,0.230597123503685
SourdoughGulch_WA_985,2019-10-17,0.23,0.22811120748519897
SourdoughGulch_WA_985,2019-10-18,0.224,0.22902724146842957
SourdoughGulch_WA_985,2019-10-19,0.217,0.2505679726600647
SourdoughGulch_WA_985,2019-10-20,0.345,0.2943347990512848
SourdoughGulch_WA_985,2019-10-21,0.328,0.3159879148006439
SourdoughGulch_WA_985,2019-10-22,0.315,0.3186568319797516
SourdoughGulch_WA_985,2019-10-23,0.326,0.3056698441505432
SourdoughGulch_WA_985,2019-10-24,0.31,0.29822060465812683
SourdoughGulch_WA_985,2019-10-25,0.303,0.29889705777168274
SourdoughGulch_WA_985,2019-10-26,0.302,0.29577893018722534
SourdoughGulch_WA_985,2019-10-27,0.291,0.290876567363739
SourdoughGulch_WA_985,2019-10-28,0.286,0.282726526260376
SourdoughGulch_WA_985,2019-10-29,0.281,0.2795353829860687
SourdoughGulch_WA_985,2019-10-30,0.282,0.2769761085510254
SourdoughGulch_WA_985,2019-10-31,0.275,0.27301064133644104
SourdoughGulch_WA_985,2019-11-01,0.271,0.27182257175445557
SourdoughGulch_WA_985,2019-11-02,0.269,0.2693181037902832
SourdoughGulch_WA_985,2019-11-03,0.267,0.26875025033950806
SourdoughGulch_WA_985,2019-11-04,0.27,0.27822044491767883
SourdoughGulch_WA_985,2019-11-05,0.308,0.2880827784538269
SourdoughGulch_WA_985,2019-11-06,0.305,0.29312339425086975
SourdoughGulch_WA_985,2019-11-07,0.3,0.29330602288246155
SourdoughGulch_WA_985,2019-11-08,0.294,0.29145851731300354
SourdoughGulch_WA_985,2019-11-09,0.297,0.2810685336589813
SourdoughGulch_WA_985,2019-11-10,0.297,0.2815598249435425
SourdoughGulch_WA_985,2019-11-11,0.298,0.2804734706878662
SourdoughGulch_WA_985,2019-11-12,0.29,0.2893749475479126
SourdoughGulch_WA_985,2019-11-13,0.291,0.2901016175746918
SourdoughGulch_WA_985,2019-11-14,0.289,0.28732526302337646
SourdoughGulch_WA_985,2019-11-15,0.286,0.2840654253959656
SourdoughGulch_WA_985,2019-11-16,0.289,0.28140246868133545
SourdoughGulch_WA_985,2019-11-17,0.288,0.27106136083602905
SourdoughGulch_WA_985,2019-11-18,0.293,0.274813175201416
SourdoughGulch_WA_985,2019-11-19,0.292,0.27487868070602417
SourdoughGulch_WA_985,2019-11-20,0.304,0.2877584993839264
SourdoughGulch_WA_985,2019-11-21,0.305,0.2852938771247864
SourdoughGulch_WA_985,2019-11-22,0.296,0.28298309445381165
SourdoughGulch_WA_985,2019-11-23,0.28,0.28532880544662476
SourdoughGulch_WA_985,2019-11-24,0.271,0.27963390946388245
SourdoughGulch_WA_985,2019-11-25,0.276,0.2680818736553192
SourdoughGulch_WA_985,2019-11-26,0.273,0.26752105355262756
SourdoughGulch_WA_985,2019-11-27,0.274,0.27108508348464966
SourdoughGulch_WA_985,2019-11-28,0.276,0.27119535207748413
SourdoughGulch_WA_985,2019-11-29,0.277,0.2731339931488037
SourdoughGulch_WA_985,2019-11-30,0.272,0.2733270227909088
SourdoughGulch_WA_985,2019-12-01,0.27,0.26699861884117126
SourdoughGulch_WA_985,2019-12-02,0.265,0.2805406153202057
SourdoughGulch_WA_985,2019-12-03,0.266,0.2794501483440399
SourdoughGulch_WA_985,2019-12-04,0.266,0.2766018807888031
SourdoughGulch_WA_985,2019-12-05,0.273,0.2763288617134094
SourdoughGulch_WA_985,2019-12-06,0.29,0.2766381502151489
SourdoughGulch_WA_985,2019-12-07,0.304,0.28390806913375854
SourdoughGulch_WA_985,2019-12-08,0.337,0.2911069989204407
SourdoughGulch_WA_985,2019-12-09,0.327,0.2952825725078583
SourdoughGulch_WA_985,2019-12-10,0.309,0.2932780086994171
SourdoughGulch_WA_985,2019-12-11,0.294,0.29480186104774475
SourdoughGulch_WA_985,2019-12-12,0.295,0.30416861176490784
SourdoughGulch_WA_985,2019-12-13,0.319,0.3105759918689728
SourdoughGulch_WA_985,2019-12-14,0.325,0.3099871873855591
SourdoughGulch_WA_985,2019-12-15,0.312,0.30910149216651917
SourdoughGulch_WA_985,2019-12-16,0.306,0.292362779378891
SourdoughGulch_WA_985,2019-12-17,0.296,0.2910171449184418
SourdoughGulch_WA_985,2019-12-18,0.285,0.28944340348243713
SourdoughGulch_WA_985,2019-12-19,0.281,0.29408860206604004
SourdoughGulch_WA_985,2019-12-20,0.279,0.296703040599823
SourdoughGulch_WA_985,2019-12-21,0.332,0.29895102977752686
SourdoughGulch_WA_985,2019-12-22,0.333,0.2988147437572479
SourdoughGulch_WA_985,2019-12-23,0.325,0.3077242374420166
SourdoughGulch_WA_985,2019-12-24,0.331,0.3144914209842682
SourdoughGulch_WA_985,2019-12-25,0.319,0.30611178278923035
SourdoughGulch_WA_985,2019-12-26,0.303,0.30245885252952576
SourdoughGulch_WA_985,2019-12-27,0.291,0.29975757002830505
SourdoughGulch_WA_985,2019-12-28,0.278,0.2850983440876007
SourdoughGulch_WA_985,2019-12-29,0.272,0.2791602611541748
SourdoughGulch_WA_985,2019-12-30,0.271,0.26580679416656494
SourdoughGulch_WA_985,2019-12-31,0.276,0.2601376473903656
SourdoughGulch_WA_985,2020-01-01,0.303,0.3009217381477356
SourdoughGulch_WA_985,2020-01-02,0.339,0.31790781021118164
SourdoughGulch_WA_985,2020-01-03,0.33,0.32105422019958496
SourdoughGulch_WA_985,2020-01-04,0.329,0.3203541934490204
SourdoughGulch_WA_985,2020-01-05,0.323,0.31663328409194946
SourdoughGulch_WA_985,2020-01-06,0.311,0.315066933631897
SourdoughGulch_WA_985,2020-01-07,0.314,0.3135353624820709
SourdoughGulch_WA_985,2020-01-08,0.324,0.3163827657699585
SourdoughGulch_WA_985,2020-01-09,0.319,0.31220588088035583
SourdoughGulch_WA_985,2020-01-10,0.311,0.31410616636276245
SourdoughGulch_WA_985,2020-01-11,0.298,0.3132105767726898
SourdoughGulch_WA_985,2020-01-12,0.297,0.31246069073677063
SourdoughGulch_WA_985,2020-01-13,0.298,0.3081630766391754
SourdoughGulch_WA_985,2020-01-14,0.3,0.3110176920890808
SourdoughGulch_WA_985,2020-01-15,0.301,0.30395469069480896
SourdoughGulch_WA_985,2020-01-16,0.301,0.3008226752281189
SourdoughGulch_WA_985,2020-01-17,0.3,0.3051014840602875
SourdoughGulch_WA_985,2020-01-18,0.301,0.30181461572647095
SourdoughGulch_WA_985,2020-01-19,0.3,0.2990850806236267
SourdoughGulch_WA_985,2020-01-20,0.3,0.3083302080631256
SourdoughGulch_WA_985,2020-01-21,0.301,0.3144910931587219
SourdoughGulch_WA_985,2020-01-22,0.322,0.3180522620677948
SourdoughGulch_WA_985,2020-01-23,0.322,0.3212621212005615
SourdoughGulch_WA_985,2020-01-24,0.33,0.3243071734905243
SourdoughGulch_WA_985,2020-01-25,0.343,0.32079893350601196
SourdoughGulch_WA_985,2020-01-26,0.337,0.3269951343536377
SourdoughGulch_WA_985,2020-01-27,0.341,0.325514554977417
SourdoughGulch_WA_985,2020-01-28,0.328,0.3274213969707489
SourdoughGulch_WA_985,2020-01-29,0.345,0.3289867043495178
SourdoughGulch_WA_985,2020-01-30,0.333,0.3277669847011566
SourdoughGulch_WA_985,2020-01-31,0.333,0.32606077194213867
SourdoughGulch_WA_985,2020-02-01,0.346,0.325542151927948
SourdoughGulch_WA_985,2020-02-02,0.341,0.32497820258140564
SourdoughGulch_WA_985,2020-02-03,0.332,0.32530543208122253
SourdoughGulch_WA_985,2020-02-04,0.319,0.3252578675746918
SourdoughGulch_WA_985,2020-02-05,0.307,0.3229932188987732
SourdoughGulch_WA_985,2020-02-06,0.342,0.33437466621398926
SourdoughGulch_WA_985,2020-02-07,0.351,0.3360253572463989
SourdoughGulch_WA_985,2020-02-08,0.343,0.337872177362442
SourdoughGulch_WA_985,2020-02-09,0.333,0.33628612756729126
SourdoughGulch_WA_985,2020-02-10,0.328,0.3267485797405243
SourdoughGulch_WA_985,2020-02-11,0.321,0.3218499720096588
SourdoughGulch_WA_985,2020-02-12,0.313,0.3181556165218353
SourdoughGulch_WA_985,2020-02-13,0.311,0.3175109922885895
SourdoughGulch_WA_985,2020-02-14,0.301,0.3161700665950775
SourdoughGulch_WA_985,2020-02-15,0.305,0.3180027902126312
SourdoughGulch_WA_985,2020-02-16,0.301,0.31125926971435547
SourdoughGulch_WA_985,2020-02-17,0.311,0.31159719824790955
SourdoughGulch_WA_985,2020-02-18,0.311,0.30564990639686584
SourdoughGulch_WA_985,2020-02-19,0.302,0.30374348163604736
SourdoughGulch_WA_985,2020-02-20,0.292,0.3018951117992401
SourdoughGulch_WA_985,2020-02-21,0.282,0.29165536165237427
SourdoughGulch_WA_985,2020-02-22,0.274,0.2914889454841614
SourdoughGulch_WA_985,2020-02-23,0.276,0.2988053560256958
SourdoughGulch_WA_985,2020-02-24,0.322,0.3161255717277527
SourdoughGulch_WA_985,2020-02-25,0.314,0.308883935213089
SourdoughGulch_WA_985,2020-02-26,0.3,0.3154388964176178
SourdoughGulch_WA_985,2020-02-27,0.335,0.3184136152267456
SourdoughGulch_WA_985,2020-02-28,0.325,0.319388210773468
SourdoughGulch_WA_985,2020-02-29,0.336,0.32000526785850525
SourdoughGulch_WA_985,2020-03-01,0.33,0.3239459991455078
SourdoughGulch_WA_985,2020-03-02,0.315,0.32116517424583435
SourdoughGulch_WA_985,2020-03-03,0.307,0.31995368003845215
SourdoughGulch_WA_985,2020-03-04,0.328,0.3241134285926819
SourdoughGulch_WA_985,2020-03-05,0.324,0.32133567333221436
SourdoughGulch_WA_985,2020-03-06,0.324,0.3207448124885559
SourdoughGulch_WA_985,2020-03-07,0.321,0.32258141040802
SourdoughGulch_WA_985,2020-03-08,0.318,0.3235645294189453
SourdoughGulch_WA_985,2020-03-09,0.314,0.3214725852012634
SourdoughGulch_WA_985,2020-03-10,0.312,0.3214374780654907
SourdoughGulch_WA_985,2020-03-11,0.31,0.3185628056526184
SourdoughGulch_WA_985,2020-03-12,0.314,0.31889864802360535
SourdoughGulch_WA_985,2020-03-13,0.304,0.31677237153053284
SourdoughGulch_WA_985,2020-03-14,0.301,0.3175415098667145
SourdoughGulch_WA_985,2020-03-15,0.302,0.3176487684249878
SourdoughGulch_WA_985,2020-03-16,0.304,0.31798362731933594
SourdoughGulch_WA_985,2020-03-17,0.306,0.3193906247615814
SourdoughGulch_WA_985,2020-03-18,0.34,0.32067441940307617
SourdoughGulch_WA_985,2020-03-19,0.336,0.3211607038974762
SourdoughGulch_WA_985,2020-03-20,0.331,0.32165616750717163
SourdoughGulch_WA_985,2020-03-21,0.327,0.3213048279285431
SourdoughGulch_WA_985,2020-03-22,0.325,0.3201501667499542
SourdoughGulch_WA_985,2020-03-23,0.321,0.32083937525749207
SourdoughGulch_WA_985,2020-03-24,0.32,0.3192526400089264
SourdoughGulch_WA_985,2020-03-25,0.313,0.31917786598205566
SourdoughGulch_WA_985,2020-03-26,0.313,0.31894445419311523
SourdoughGulch_WA_985,2020-03-27,0.311,0.31652820110321045
SourdoughGulch_WA_985,2020-03-28,0.311,0.3175804316997528
SourdoughGulch_WA_985,2020-03-29,0.313,0.327699214220047
SourdoughGulch_WA_985,2020-03-30,0.317,0.3312477767467499
SourdoughGulch_WA_985,2020-03-31,0.355,0.3351995348930359
SourdoughGulch_WA_985,2020-04-01,0.344,0.3368876874446869
SourdoughGulch_WA_985,2020-04-02,0.343,0.33315184712409973
SourdoughGulch_WA_985,2020-04-03,0.336,0.32907652854919434
SourdoughGulch_WA_985,2020-04-04,0.332,0.32683035731315613
SourdoughGulch_WA_985,2020-04-05,0.331,0.3271530270576477
SourdoughGulch_WA_985,2020-04-06,0.33,0.32542937994003296
SourdoughGulch_WA_985,2020-04-07,0.329,0.3265717923641205
SourdoughGulch_WA_985,2020-04-08,0.327,0.3201981484889984
SourdoughGulch_WA_985,2020-04-09,0.323,0.3198661208152771
SourdoughGulch_WA_985,2020-04-10,0.319,0.31823524832725525
SourdoughGulch_WA_985,2020-04-11,0.316,0.31451913714408875
SourdoughGulch_WA_985,2020-04-12,0.307,0.31510671973228455
SourdoughGulch_WA_985,2020-04-13,0.3,0.312992125749588
SourdoughGulch_WA_985,2020-04-14,0.295,0.3088047504425049
SourdoughGulch_WA_985,2020-04-15,0.294,0.3106347322463989
SourdoughGulch_WA_985,2020-04-16,0.341,0.3224729001522064
SourdoughGulch_WA_985,2020-04-17,0.336,0.3230764865875244
SourdoughGulch_WA_985,2020-04-18,0.332,0.3249451220035553
SourdoughGulch_WA_985,2020-04-19,0.324,0.32304486632347107
SourdoughGulch_WA_985,2020-04-20,0.32,0.32411283254623413
SourdoughGulch_WA_985,2020-04-21,0.319,0.32427263259887695
SourdoughGulch_WA_985,2020-04-22,0.316,0.3234202265739441
SourdoughGulch_WA_985,2020-04-23,0.307,0.3301953673362732
SourdoughGulch_WA_985,2020-04-24,0.349,0.3334985673427582
SourdoughGulch_WA_985,2020-04-25,0.34,0.3328022360801697
SourdoughGulch_WA_985,2020-04-26,0.336,0.333720862865448
SourdoughGulch_WA_985,2020-04-27,0.334,0.32729217410087585
SourdoughGulch_WA_985,2020-04-28,0.327,0.31275925040245056
SourdoughGulch_WA_985,2020-04-29,0.32,0.3079097867012024
SourdoughGulch_WA_985,2020-04-30,0.314,0.3094937205314636
SourdoughGulch_WA_985,2020-05-01,0.308,0.30641940236091614
SourdoughGulch_WA_985,2020-05-02,0.307,0.3104477822780609
SourdoughGulch_WA_985,2020-05-03,0.301,0.31128865480422974
SourdoughGulch_WA_985,2020-05-04,0.299,0.30891865491867065
SourdoughGulch_WA_985,2020-05-05,0.296,0.3044950067996979
SourdoughGulch_WA_985,2020-05-06,0.292,0.30199703574180603
SourdoughGulch_WA_985,2020-05-07,0.284,0.29857033491134644
SourdoughGulch_WA_985,2020-05-08,0.284,0.2959068715572357
SourdoughGulch_WA_985,2020-05-09,0.28,0.2900625169277191
SourdoughGulch_WA_985,2020-05-10,0.274,0.2758534550666809
SourdoughGulch_WA_985,2020-05-11,0.265,0.2744121849536896
SourdoughGulch_WA_985,2020-05-12,0.254,0.2856922745704651
SourdoughGulch_WA_985,2020-05-13,0.322,0.3121180832386017
SourdoughGulch_WA_985,2020-05-14,0.313,0.32042503356933594
SourdoughGulch_WA_985,2020-05-15,0.35,0.3262830972671509
SourdoughGulch_WA_985,2020-05-16,0.347,0.32259708642959595
SourdoughGulch_WA_985,2020-05-17,0.342,0.33848750591278076
SourdoughGulch_WA_985,2020-05-18,0.341,0.33660125732421875
SourdoughGulch_WA_985,2020-05-19,0.339,0.3379376232624054
SourdoughGulch_WA_985,2020-05-20,0.354,0.35297510027885437
SourdoughGulch_WA_985,2020-05-21,0.369,0.34702712297439575
SourdoughGulch_WA_985,2020-05-22,0.351,0.34550413489341736
SourdoughGulch_WA_985,2020-05-23,0.344,0.34325888752937317
SourdoughGulch_WA_985,2020-05-24,0.339,0.33111047744750977
SourdoughGulch_WA_985,2020-05-25,0.336,0.3314005732536316
SourdoughGulch_WA_985,2020-05-26,0.33,0.32922619581222534
SourdoughGulch_WA_985,2020-05-27,0.333,0.32917338609695435
SourdoughGulch_WA_985,2020-05-28,0.328,0.3184896409511566
SourdoughGulch_WA_985,2020-05-29,0.319,0.32042196393013
SourdoughGulch_WA_985,2020-05-30,0.317,0.3213127851486206
SourdoughGulch_WA_985,2020-05-31,0.308,0.33565375208854675
SourdoughGulch_WA_985,2020-06-01,0.353,0.3449462652206421
SourdoughGulch_WA_985,2020-06-02,0.342,0.3461962938308716
SourdoughGulch_WA_985,2020-06-03,0.335,0.345516175031662
SourdoughGulch_WA_985,2020-06-04,0.326,0.3370339274406433
SourdoughGulch_WA_985,2020-06-05,0.317,0.31664028763771057
SourdoughGulch_WA_985,2020-06-06,0.311,0.3102527856826782
SourdoughGulch_WA_985,2020-06-07,0.351,0.31266939640045166
SourdoughGulch_WA_985,2020-06-08,0.346,0.3194946348667145
SourdoughGulch_WA_985,2020-06-09,0.339,0.3328768312931061
SourdoughGulch_WA_985,2020-06-10,0.334,0.34226664900779724
SourdoughGulch_WA_985,2020-06-11,0.338,0.3406892716884613
SourdoughGulch_WA_985,2020-06-12,0.337,0.34479859471321106
SourdoughGulch_WA_985,2020-06-13,0.33,0.3476986289024353
SourdoughGulch_WA_985,2020-06-14,0.364,0.3514846861362457
SourdoughGulch_WA_985,2020-06-15,0.352,0.3423028290271759
SourdoughGulch_WA_985,2020-06-16,0.351,0.35238343477249146
SourdoughGulch_WA_985,2020-06-17,0.357,0.3489283621311188
SourdoughGulch_WA_985,2020-06-18,0.352,0.34672972559928894
SourdoughGulch_WA_985,2020-06-19,0.347,0.3425622880458832
SourdoughGulch_WA_985,2020-06-20,0.342,0.33819928765296936
SourdoughGulch_WA_985,2020-06-21,0.337,0.33474093675613403
SourdoughGulch_WA_985,2020-06-22,0.338,0.33470419049263
SourdoughGulch_WA_985,2020-06-23,0.332,0.32481497526168823
SourdoughGulch_WA_985,2020-06-24,0.324,0.3102385699748993
SourdoughGulch_WA_985,2020-06-25,0.314,0.3101806044578552
SourdoughGulch_WA_985,2020-06-26,0.305,0.30900561809539795
SourdoughGulch_WA_985,2020-06-27,0.295,0.3034018576145172
SourdoughGulch_WA_985,2020-06-28,0.28,0.30492326617240906
SourdoughGulch_WA_985,2020-06-29,0.266,0.306021511554718
SourdoughGulch_WA_985,2020-06-30,0.355,0.3360292315483093
SourdoughGulch_WA_985,2020-07-01,0.36,0.3468717038631439
SourdoughGulch_WA_985,2020-07-02,0.348,0.33085376024246216
SourdoughGulch_WA_985,2020-07-03,0.343,0.320125550031662
SourdoughGulch_WA_985,2020-07-04,0.336,0.30435264110565186
SourdoughGulch_WA_985,2020-07-05,0.327,0.29667800664901733
SourdoughGulch_WA_985,2020-07-06,0.319,0.2763359248638153
SourdoughGulch_WA_985,2020-07-07,0.312,0.2861471474170685
SourdoughGulch_WA_985,2020-07-08,0.305,0.2785477638244629
SourdoughGulch_WA_985,2020-07-09,0.301,0.2975597679615021
SourdoughGulch_WA_985,2020-07-10,0.294,0.2998447120189667
SourdoughGulch_WA_985,2020-07-11,0.292,0.2984609603881836
SourdoughGulch_WA_985,2020-07-12,0.289,0.29706260561943054
SourdoughGulch_WA_985,2020-07-13,0.277,0.3057590126991272
SourdoughGulch_WA_985,2020-07-14,0.269,0.27466410398483276
SourdoughGulch_WA_985,2020-07-15,0.26,0.26844093203544617
SourdoughGulch_WA_985,2020-07-16,0.249,0.23179897665977478
SourdoughGulch_WA_985,2020-07-17,0.238,0.22413554787635803
SourdoughGulch_WA_985,2020-07-18,0.22,0.21214745938777924
SourdoughGulch_WA_985,2020-07-19,0.216,0.19872911274433136
SourdoughGulch_WA_985,2020-07-20,0.203,0.18026918172836304
SourdoughGulch_WA_985,2020-07-21,0.191,0.1753212809562683
SourdoughGulch_WA_985,2020-07-22,0.185,0.17201407253742218
SourdoughGulch_WA_985,2020-07-23,0.179,0.17153650522232056
SourdoughGulch_WA_985,2020-07-24,0.17,0.1691766232252121
SourdoughGulch_WA_985,2020-07-25,0.166,0.17111845314502716
SourdoughGulch_WA_985,2020-07-26,0.162,0.16570329666137695
SourdoughGulch_WA_985,2020-07-27,0.159,0.15793439745903015
SourdoughGulch_WA_985,2020-07-28,0.156,0.16215947270393372
SourdoughGulch_WA_985,2020-07-29,0.15,0.1558002233505249
SourdoughGulch_WA_985,2020-07-30,0.15,0.16202130913734436
SourdoughGulch_WA_985,2020-07-31,0.149,0.15300005674362183
SourdoughGulch_WA_985,2020-08-01,0.148,0.14674006402492523
SourdoughGulch_WA_985,2020-08-02,0.138,0.13756568729877472
SourdoughGulch_WA_985,2020-08-03,0.139,0.14070475101470947
SourdoughGulch_WA_985,2020-08-04,0.138,0.14166034758090973
SourdoughGulch_WA_985,2020-08-05,0.133,0.13857871294021606
SourdoughGulch_WA_985,2020-08-06,0.133,0.131057009100914
SourdoughGulch_WA_985,2020-08-07,0.127,0.1303824633359909
SourdoughGulch_WA_985,2020-08-08,0.123,0.1260940581560135
SourdoughGulch_WA_985,2020-08-09,0.123,0.11395931988954544
SourdoughGulch_WA_985,2020-08-10,0.122,0.11358655244112015
SourdoughGulch_WA_985,2020-08-11,0.126,0.11291540414094925
SourdoughGulch_WA_985,2020-08-12,0.125,0.11082968860864639
SourdoughGulch_WA_985,2020-08-13,0.117,0.10922688990831375
SourdoughGulch_WA_985,2020-08-14,0.121,0.10815943032503128
SourdoughGulch_WA_985,2020-08-15,0.117,0.10801734030246735
SourdoughGulch_WA_985,2020-08-16,0.121,0.10811750590801239
SourdoughGulch_WA_985,2020-08-17,0.12,0.10656361281871796
SourdoughGulch_WA_985,2020-08-18,0.118,0.10667901486158371
SourdoughGulch_WA_985,2020-08-19,0.115,0.1077127456665039
SourdoughGulch_WA_985,2020-08-20,0.106,0.10678912699222565
SourdoughGulch_WA_985,2020-08-21,0.109,0.095464326441288
SourdoughGulch_WA_985,2020-08-22,0.109,0.09374036639928818
SourdoughGulch_WA_985,2020-08-23,0.109,0.09125225991010666
SourdoughGulch_WA_985,2020-08-24,0.111,0.09357862174510956
SourdoughGulch_WA_985,2020-08-25,0.103,0.0938085988163948
SourdoughGulch_WA_985,2020-08-26,0.106,0.09271860867738724
SourdoughGulch_WA_985,2020-08-27,0.106,0.09684119373559952
SourdoughGulch_WA_985,2020-08-28,0.104,0.09736289829015732
SourdoughGulch_WA_985,2020-08-29,0.104,0.09603450447320938
SourdoughGulch_WA_985,2020-08-30,0.098,0.09502376616001129
SourdoughGulch_WA_985,2020-08-31,0.096,0.09403650462627411
SourdoughGulch_WA_985,2020-09-01,0.091,0.09166553616523743
SourdoughGulch_WA_985,2020-09-02,0.091,0.09194941073656082
SourdoughGulch_WA_985,2020-09-03,0.096,0.09021012485027313
SourdoughGulch_WA_985,2020-09-04,0.091,0.08989107608795166
SourdoughGulch_WA_985,2020-09-05,0.094,0.09004877507686615
SourdoughGulch_WA_985,2020-09-06,0.092,0.08898612856864929
SourdoughGulch_WA_985,2020-09-07,0.09,0.08386661112308502
SourdoughGulch_WA_985,2020-09-08,0.081,0.0824565514922142
SourdoughGulch_WA_985,2020-09-09,0.075,0.08215375989675522
SourdoughGulch_WA_985,2020-09-10,0.073,0.08234349638223648
SourdoughGulch_WA_985,2020-09-11,0.077,0.08125055581331253
SourdoughGulch_WA_985,2020-09-12,0.074,0.0796586200594902
SourdoughGulch_WA_985,2020-09-13,0.073,0.07764068990945816
SourdoughGulch_WA_985,2020-09-14,0.073,0.07171405851840973
SourdoughGulch_WA_985,2020-09-15,0.075,0.072233647108078
SourdoughGulch_WA_985,2020-09-16,0.07,0.07086076587438583
SourdoughGulch_WA_985,2020-09-17,0.069,0.07025398313999176
SourdoughGulch_WA_985,2020-09-18,0.071,0.0701172798871994
SourdoughGulch_WA_985,2020-09-19,0.071,0.06696516275405884
SourdoughGulch_WA_985,2020-09-20,0.068,0.07043296098709106
SourdoughGulch_WA_985,2020-09-21,0.067,0.06829153001308441
SourdoughGulch_WA_985,2020-09-22,0.068,0.06983912736177444
SourdoughGulch_WA_985,2020-09-23,0.073,0.07628556340932846
SourdoughGulch_WA_985,2020-09-24,0.074,0.09340548515319824
SourdoughGulch_WA_985,2020-09-25,0.071,0.10081003606319427
SourdoughGulch_WA_985,2020-09-26,0.072,0.11851132661104202
SourdoughGulch_WA_985,2020-09-27,0.208,0.1663021296262741
SourdoughGulch_WA_985,2020-09-28,0.195,0.17549537122249603
SourdoughGulch_WA_985,2020-09-29,0.186,0.1661260724067688
SourdoughGulch_WA_985,2020-09-30,0.179,0.16064828634262085
SourdoughGulch_WA_985,2020-10-01,0.178,0.161915585398674
SourdoughGulch_WA_985,2020-10-02,0.17,0.15976804494857788
SourdoughGulch_WA_985,2020-10-03,0.161,0.15813030302524567
SourdoughGulch_WA_985,2020-10-04,0.156,0.15362225472927094
SourdoughGulch_WA_985,2020-10-05,0.147,0.1429506540298462
SourdoughGulch_WA_985,2020-10-06,0.143,0.1337258368730545
SourdoughGulch_WA_985,2020-10-07,0.139,0.13061049580574036
SourdoughGulch_WA_985,2020-10-08,0.139,0.12766660749912262
SourdoughGulch_WA_985,2020-10-09,0.129,0.12520623207092285
SourdoughGulch_WA_985,2020-10-10,0.122,0.12792043387889862
SourdoughGulch_WA_985,2020-10-11,0.117,0.13002479076385498
SourdoughGulch_WA_985,2020-10-12,0.109,0.1495073139667511
SourdoughGulch_WA_985,2020-10-13,0.174,0.17647619545459747
SourdoughGulch_WA_985,2020-10-14,0.325,0.24858179688453674
SourdoughGulch_WA_985,2020-10-15,0.285,0.25259172916412354
SourdoughGulch_WA_985,2020-10-16,0.27,0.25324568152427673
SourdoughGulch_WA_985,2020-10-17,0.266,0.25296276807785034
SourdoughGulch_WA_985,2020-10-18,0.26,0.2441079169511795
SourdoughGulch_WA_985,2020-10-19,0.255,0.2665679156780243
SourdoughGulch_WA_985,2020-10-20,0.249,0.25493597984313965
SourdoughGulch_WA_985,2020-10-21,0.243,0.24915309250354767
SourdoughGulch_WA_985,2020-10-22,0.232,0.24148428440093994
SourdoughGulch_WA_985,2020-10-23,0.227,0.2494180053472519
SourdoughGulch_WA_985,2020-10-24,0.221,0.2658542990684509
SourdoughGulch_WA_985,2020-10-25,0.317,0.2826802134513855
SourdoughGulch_WA_985,2020-10-26,0.288,0.2861318290233612
SourdoughGulch_WA_985,2020-10-27,0.265,0.2661181688308716
SourdoughGulch_WA_985,2020-10-28,0.258,0.2711699903011322
SourdoughGulch_WA_985,2020-10-29,0.305,0.2826928496360779
SourdoughGulch_WA_985,2020-10-30,0.302,0.28598135709762573
SourdoughGulch_WA_985,2020-10-31,0.298,0.2875727713108063
SourdoughGulch_WA_985,2020-11-01,0.286,0.2792418599128723
SourdoughGulch_WA_985,2020-11-02,0.282,0.27855372428894043
SourdoughGulch_WA_985,2020-11-03,0.278,0.2662772238254547
SourdoughGulch_WA_985,2020-11-04,0.278,0.2712346613407135
SourdoughGulch_WA_985,2020-11-05,0.277,0.271184504032135
SourdoughGulch_WA_985,2020-11-06,0.275,0.29388681054115295
SourdoughGulch_WA_985,2020-11-07,0.348,0.3054788410663605
SourdoughGulch_WA_985,2020-11-08,0.334,0.31593218445777893
SourdoughGulch_WA_985,2020-11-09,0.325,0.32047921419143677
SourdoughGulch_WA_985,2020-11-10,0.326,0.3289928436279297
SourdoughGulch_WA_985,2020-11-11,0.327,0.32588839530944824
SourdoughGulch_WA_985,2020-11-12,0.328,0.3207113742828369
SourdoughGulch_WA_985,2020-11-13,0.328,0.3252401649951935
SourdoughGulch_WA_985,2020-11-14,0.329,0.325407475233078
SourdoughGulch_WA_985,2020-11-15,0.331,0.32445424795150757
SourdoughGulch_WA_985,2020-11-16,0.331,0.32832956314086914
SourdoughGulch_WA_985,2020-11-17,0.361,0.3237144947052002
SourdoughGulch_WA_985,2020-11-18,0.351,0.3273892104625702
SourdoughGulch_WA_985,2020-11-19,0.353,0.3347601294517517
SourdoughGulch_WA_985,2020-11-20,0.334,0.32687559723854065
SourdoughGulch_WA_985,2020-11-21,0.321,0.3230186998844147
SourdoughGulch_WA_985,2020-11-22,0.308,0.31446900963783264
SourdoughGulch_WA_985,2020-11-23,0.295,0.30727964639663696
SourdoughGulch_WA_985,2020-11-24,0.297,0.3097159266471863
SourdoughGulch_WA_985,2020-11-25,0.3,0.3009178042411804
SourdoughGulch_WA_985,2020-11-26,0.299,0.293340802192688
SourdoughGulch_WA_985,2020-11-27,0.299,0.2899223864078522
SourdoughGulch_WA_985,2020-11-28,0.293,0.2898273169994354
SourdoughGulch_WA_985,2020-11-29,0.291,0.28124210238456726
SourdoughGulch_WA_985,2020-11-30,0.29,0.2839014530181885
SourdoughGulch_WA_985,2020-12-01,0.285,0.26953861117362976
SourdoughGulch_WA_985,2020-12-02,0.279,0.26487961411476135
SourdoughGulch_WA_985,2020-12-03,0.263,0.2542625665664673
SourdoughGulch_WA_985,2020-12-04,0.246,0.23679640889167786
SourdoughGulch_WA_985,2020-12-05,0.222,0.2287251353263855
SourdoughGulch_WA_985,2020-12-06,0.188,0.22100773453712463
SourdoughGulch_WA_985,2020-12-07,0.177,0.2015915811061859
SourdoughGulch_WA_985,2020-12-08,0.155,0.20389319956302643
SourdoughGulch_WA_985,2020-12-09,0.195,0.21599073708057404
SourdoughGulch_WA_985,2020-12-10,0.258,0.24205420911312103
SourdoughGulch_WA_985,2020-12-11,0.282,0.24338676035404205
SourdoughGulch_WA_985,2020-12-12,0.273,0.24778860807418823
SourdoughGulch_WA_985,2020-12-13,0.249,0.2530045211315155
SourdoughGulch_WA_985,2020-12-14,0.219,0.2361595332622528
SourdoughGulch_WA_985,2020-12-15,0.221,0.22358138859272003
SourdoughGulch_WA_985,2020-12-16,0.224,0.2448134571313858
SourdoughGulch_WA_985,2020-12-17,0.238,0.2596432864665985
SourdoughGulch_WA_985,2020-12-18,0.258,0.26611846685409546
SourdoughGulch_WA_985,2020-12-19,0.283,0.27418947219848633
SourdoughGulch_WA_985,2020-12-20,0.314,0.30169039964675903
SourdoughGulch_WA_985,2020-12-21,0.35,0.3213113844394684
SourdoughGulch_WA_985,2020-12-22,0.35,0.32226771116256714
SourdoughGulch_WA_985,2020-12-23,0.339,0.3231755793094635
SourdoughGulch_WA_985,2020-12-24,0.322,0.3147592842578888
SourdoughGulch_WA_985,2020-12-25,0.307,0.3136063814163208
SourdoughGulch_WA_985,2020-12-26,0.3,0.31037428975105286
SourdoughGulch_WA_985,2020-12-27,0.307,0.30714181065559387
SourdoughGulch_WA_985,2020-12-28,0.301,0.303861141204834
SourdoughGulch_WA_985,2020-12-29,0.285,0.2972457706928253
SourdoughGulch_WA_985,2020-12-30,0.27,0.29432234168052673
SourdoughGulch_WA_985,2020-12-31,0.262,0.30212441086769104
Spokane,2019-01-01,0.299,0.28892526030540466
Spokane,2019-01-05,0.301,0.2798282206058502
Spokane,2019-01-06,0.304,0.28592026233673096
Spokane,2019-01-07,0.303,0.2857772409915924
Spokane,2019-01-08,0.299,0.28502708673477173
Spokane,2019-01-10,0.319,0.294058233499527
Spokane,2019-01-11,0.313,0.29833275079727173
Spokane,2019-01-12,0.308,0.2957151234149933
Spokane,2019-01-13,0.306,0.29777517914772034
Spokane,2019-01-14,0.301,0.2844472825527191
Spokane,2019-04-02,0.298,0.294441819190979
Spokane,2019-04-03,0.298,0.29819977283477783
Spokane,2019-04-04,0.296,0.30146774649620056
Spokane,2019-04-05,0.301,0.30612313747406006
Spokane,2019-04-06,0.308,0.3093135952949524
Spokane,2019-04-07,0.319,0.31345975399017334
Spokane,2019-04-08,0.314,0.30704939365386963
Spokane,2019-04-09,0.335,0.31672507524490356
Spokane,2019-04-10,0.32,0.3151834011077881
Spokane,2019-04-11,0.312,0.31567633152008057
Spokane,2019-04-12,0.314,0.3128112554550171
Spokane,2019-04-13,0.319,0.3162931501865387
Spokane,2019-04-14,0.316,0.31037822365760803
Spokane,2019-04-15,0.31,0.30756714940071106
Spokane,2019-04-16,0.307,0.3057156503200531
Spokane,2019-04-17,0.302,0.29905980825424194
Spokane,2019-04-18,0.298,0.3039563000202179
Spokane,2019-04-19,0.296,0.3071035146713257
Spokane,2019-04-20,0.298,0.30271732807159424
Spokane,2019-04-21,0.295,0.2957656979560852
Spokane,2019-04-22,0.291,0.2908032238483429
Spokane,2019-04-23,0.287,0.2836446464061737
Spokane,2019-04-24,0.283,0.282260000705719
Spokane,2019-04-25,0.279,0.28207048773765564
Spokane,2019-04-26,0.284,0.28519582748413086
Spokane,2019-04-27,0.282,0.2824231684207916
Spokane,2019-04-28,0.278,0.28134283423423767
Spokane,2019-04-29,0.274,0.2771364748477936
Spokane,2019-04-30,0.27,0.25011545419692993
Spokane,2019-05-01,0.266,0.24601764976978302
Spokane,2019-05-02,0.262,0.24436955153942108
Spokane,2019-05-03,0.258,0.24501322209835052
Spokane,2019-05-04,0.254,0.2451772838830948
Spokane,2019-05-05,0.249,0.2409651279449463
Spokane,2019-05-06,0.243,0.23620738089084625
Spokane,2019-05-07,0.243,0.23407858610153198
Spokane,2019-05-08,0.235,0.22556890547275543
Spokane,2019-05-09,0.228,0.21944962441921234
Spokane,2019-05-10,0.22,0.21652047336101532
Spokane,2019-05-11,0.213,0.21433870494365692
Spokane,2019-05-12,0.204,0.20892836153507233
Spokane,2019-05-13,0.197,0.2039128690958023
Spokane,2019-05-14,0.192,0.2063576728105545
Spokane,2019-05-15,0.19,0.20426909625530243
Spokane,2019-05-16,0.213,0.2249894142150879
Spokane,2019-05-17,0.264,0.24082528054714203
Spokane,2019-05-18,0.266,0.25006356835365295
Spokane,2019-05-19,0.257,0.2508254945278168
Spokane,2019-05-20,0.249,0.25337541103363037
Spokane,2019-05-21,0.244,0.24359478056430817
Spokane,2019-05-22,0.238,0.2380117028951645
Spokane,2019-05-23,0.231,0.22613193094730377
Spokane,2019-05-24,0.231,0.22904875874519348
Spokane,2019-05-25,0.23,0.22653934359550476
Spokane,2019-05-26,0.261,0.2332802414894104
Spokane,2019-05-27,0.248,0.24542608857154846
Spokane,2019-05-28,0.239,0.23734037578105927
Spokane,2019-05-29,0.23,0.2281043380498886
Spokane,2019-05-30,0.225,0.22498467564582825
Spokane,2019-05-31,0.224,0.21730639040470123
Spokane,2019-06-01,0.212,0.21152271330356598
Spokane,2019-06-02,0.202,0.19072027504444122
Spokane,2019-06-03,0.191,0.1885438710451126
Spokane,2019-06-04,0.182,0.17984364926815033
Spokane,2019-06-05,0.178,0.1709204465150833
Spokane,2019-06-06,0.187,0.17266997694969177
Spokane,2019-06-07,0.179,0.1685926765203476
Spokane,2019-06-08,0.174,0.16374471783638
Spokane,2019-06-09,0.17,0.16015328466892242
Spokane,2019-06-10,0.163,0.1534232497215271
Spokane,2019-06-11,0.154,0.14544978737831116
Spokane,2019-06-12,0.145,0.13796186447143555
Spokane,2019-06-13,0.135,0.13416603207588196
Spokane,2019-06-14,0.125,0.11496942490339279
Spokane,2019-06-15,0.117,0.11012270301580429
Spokane,2019-06-16,0.109,0.10391446202993393
Spokane,2019-06-17,0.102,0.10643626004457474
Spokane,2019-06-18,0.095,0.09667130559682846
Spokane,2019-06-19,0.089,0.08276240527629852
Spokane,2019-06-20,0.084,0.08295030891895294
Spokane,2019-06-21,0.081,0.08784940838813782
Spokane,2019-06-22,0.081,0.08852573484182358
Spokane,2019-06-23,0.078,0.08744438737630844
Spokane,2019-06-24,0.076,0.08070487529039383
Spokane,2019-06-25,0.072,0.07490977644920349
Spokane,2019-06-26,0.069,0.07654053717851639
Spokane,2019-06-27,0.066,0.07780695706605911
Spokane,2019-06-28,0.066,0.07846906781196594
Spokane,2019-06-29,0.067,0.07599586248397827
Spokane,2019-06-30,0.068,0.07663065940141678
Spokane,2019-07-01,0.068,0.07550069689750671
Spokane,2019-07-02,0.066,0.07502484321594238
Spokane,2019-07-03,0.063,0.07271669059991837
Spokane,2019-07-04,0.06,0.05581711232662201
Spokane,2019-07-05,0.057,0.054100144654512405
Spokane,2019-07-06,0.055,0.052673645317554474
Spokane,2019-07-07,0.052,0.05123976990580559
Spokane,2019-07-08,0.048,0.04828287661075592
Spokane,2019-07-09,0.046,0.04172065854072571
Spokane,2019-07-10,0.044,0.044094182550907135
Spokane,2019-07-11,0.042,0.044238824397325516
Spokane,2019-07-12,0.041,0.038849472999572754
Spokane,2019-07-13,0.04,0.03794616088271141
Spokane,2019-07-14,0.037,0.03466636314988136
Spokane,2019-07-15,0.034,0.032101452350616455
Spokane,2019-07-16,0.034,0.04086652398109436
Spokane,2019-07-17,0.035,0.036693084985017776
Spokane,2019-07-18,0.038,0.0415157787501812
Spokane,2019-07-19,0.04,0.04368262737989426
Spokane,2019-07-20,0.042,0.04683099687099457
Spokane,2019-07-21,0.044,0.04171245917677879
Spokane,2019-07-22,0.044,0.04999035596847534
Spokane,2019-07-23,0.044,0.04800879582762718
Spokane,2019-07-24,0.043,0.051044486463069916
Spokane,2019-07-25,0.046,0.057873375713825226
Spokane,2019-07-26,0.051,0.06107960268855095
Spokane,2019-07-27,0.054,0.06141297146677971
Spokane,2019-07-28,0.053,0.06213756278157234
Spokane,2019-07-29,0.052,0.05644313991069794
Spokane,2019-07-30,0.05,0.05069003999233246
Spokane,2019-07-31,0.048,0.048149123787879944
Spokane,2019-08-01,0.046,0.04702259972691536
Spokane,2019-08-02,0.043,0.04905955120921135
Spokane,2019-08-03,0.039,0.04835974797606468
Spokane,2019-08-04,0.037,0.04673975706100464
Spokane,2019-08-05,0.035,0.044236328452825546
Spokane,2019-08-06,0.033,0.038510315120220184
Spokane,2019-08-07,0.031,0.040008820593357086
Spokane,2019-08-08,0.03,0.039886005222797394
Spokane,2019-08-09,0.028,0.03889962285757065
Spokane,2019-08-10,0.029,0.04310120642185211
Spokane,2019-08-11,0.046,0.056204624474048615
Spokane,2019-08-12,0.131,0.08662623167037964
Spokane,2019-08-13,0.121,0.09347781538963318
Spokane,2019-08-14,0.112,0.09512825310230255
Spokane,2019-08-15,0.105,0.09041950106620789
Spokane,2019-08-16,0.098,0.08262284100055695
Spokane,2019-08-17,0.093,0.07524644583463669
Spokane,2019-08-18,0.087,0.07236642390489578
Spokane,2019-08-19,0.082,0.06730355322360992
Spokane,2019-08-20,0.077,0.05883478745818138
Spokane,2019-08-21,0.072,0.05491890385746956
Spokane,2019-08-22,0.067,0.05873723328113556
Spokane,2019-08-23,0.063,0.06461280584335327
Spokane,2019-08-24,0.06,0.0621773935854435
Spokane,2019-08-25,0.056,0.06101343035697937
Spokane,2019-08-26,0.052,0.05630113184452057
Spokane,2019-08-27,0.049,0.055010780692100525
Spokane,2019-08-28,0.046,0.053187355399131775
Spokane,2019-08-29,0.042,0.053228095173835754
Spokane,2019-08-30,0.042,0.051050297915935516
Spokane,2019-08-31,0.042,0.05111779272556305
Spokane,2019-09-01,0.041,0.048125725239515305
Spokane,2019-09-02,0.038,0.04161379486322403
Spokane,2019-09-03,0.036,0.04284489154815674
Spokane,2019-09-04,0.035,0.04218187555670738
Spokane,2019-09-05,0.033,0.039981432259082794
Spokane,2019-09-06,0.032,0.03939175605773926
Spokane,2019-09-07,0.034,0.04021017998456955
Spokane,2019-09-08,0.035,0.043073803186416626
Spokane,2019-09-09,0.072,0.06690698862075806
Spokane,2019-09-10,0.129,0.08818350732326508
Spokane,2019-09-11,0.126,0.10572148114442825
Spokane,2019-09-12,0.122,0.10828573256731033
Spokane,2019-09-13,0.117,0.1140441820025444
Spokane,2019-09-14,0.112,0.10148989409208298
Spokane,2019-09-15,0.107,0.09691793471574783
Spokane,2019-09-16,0.103,0.0971439853310585
Spokane,2019-09-17,0.099,0.09756501764059067
Spokane,2019-09-18,0.097,0.09744086861610413
Spokane,2019-09-19,0.095,0.09445038437843323
Spokane,2019-09-20,0.093,0.09482544660568237
Spokane,2019-09-21,0.092,0.09488826245069504
Spokane,2019-09-22,0.091,0.09590635448694229
Spokane,2019-09-23,0.091,0.0896868035197258
Spokane,2019-09-24,0.089,0.08630180358886719
Spokane,2019-09-25,0.087,0.08678873628377914
Spokane,2019-09-26,0.085,0.08632130920886993
Spokane,2019-09-27,0.083,0.09076358377933502
Spokane,2019-09-28,0.145,0.13320110738277435
Spokane,2019-09-29,0.196,0.15632617473602295
Spokane,2019-09-30,0.178,0.1628662645816803
Spokane,2019-10-01,0.166,0.1621483713388443
Spokane,2019-10-02,0.158,0.16004513204097748
Spokane,2019-10-03,0.154,0.15074720978736877
Spokane,2019-10-04,0.151,0.15586166083812714
Spokane,2019-10-05,0.148,0.15151460468769073
Spokane,2019-10-06,0.144,0.14594127237796783
Spokane,2019-10-07,0.142,0.1488787978887558
Spokane,2019-10-08,0.139,0.1523411124944687
Spokane,2019-10-09,0.164,0.15830756723880768
Spokane,2019-10-10,0.166,0.158945232629776
Spokane,2019-10-11,0.16,0.15634942054748535
Spokane,2019-10-12,0.156,0.15556001663208008
Spokane,2019-10-13,0.154,0.1522243469953537
Spokane,2019-10-14,0.151,0.14996905624866486
Spokane,2019-10-15,0.147,0.15059566497802734
Spokane,2019-10-16,0.146,0.1489640325307846
Spokane,2019-10-17,0.144,0.15302187204360962
Spokane,2019-10-18,0.148,0.15677930414676666
Spokane,2019-10-19,0.193,0.19161629676818848
Spokane,2019-10-20,0.196,0.19107162952423096
Spokane,2019-10-21,0.195,0.2034478634595871
Spokane,2019-10-22,0.207,0.2017960399389267
Spokane,2019-10-23,0.193,0.20212422311306
Spokane,2019-10-25,0.182,0.1940412074327469
Spokane,2019-10-26,0.184,0.2050761729478836
Spokane,2019-10-27,0.18,0.20423491299152374
Spokane,2019-10-28,0.179,0.20687468349933624
Spokane,2019-10-29,0.17,0.1869669258594513
Spokane,2019-10-30,0.163,0.17812880873680115
Spokane,2019-10-31,0.165,0.17319053411483765
Spokane,2019-11-04,0.166,0.17659319937229156
Spokane,2019-11-05,0.165,0.17723873257637024
Spokane,2019-11-06,0.164,0.17036433517932892
Spokane,2019-11-07,0.16,0.17400196194648743
Spokane,2019-11-08,0.161,0.17423903942108154
Spokane,2019-11-09,0.166,0.18096184730529785
Spokane,2019-11-10,0.172,0.1907842755317688
Spokane,2019-11-11,0.167,0.18453721702098846
Spokane,2019-11-12,0.17,0.19216211140155792
Spokane,2019-11-13,0.175,0.1912095546722412
Spokane,2019-11-14,0.173,0.19094733893871307
Spokane,2019-11-15,0.177,0.19104339182376862
Spokane,2019-11-16,0.18,0.19249004125595093
Spokane,2019-11-17,0.207,0.19886043667793274
Spokane,2019-11-18,0.208,0.2111710011959076
Spokane,2019-11-19,0.203,0.22013306617736816
Spokane,2019-11-20,0.2,0.21750342845916748
Spokane,2019-11-21,0.193,0.21646878123283386
Spokane,2019-11-22,0.185,0.2100839465856552
Spokane,2019-11-23,0.18,0.20034357905387878
Spokane,2019-11-24,0.184,0.2007911652326584
Spokane,2019-11-25,0.18,0.20188643038272858
Spokane,2019-12-24,0.265,0.2549722492694855
Spokane,2019-12-25,0.263,0.25621724128723145
Spokane,2019-12-26,0.262,0.25922757387161255
Spokane,2019-12-27,0.259,0.2534327805042267
Spokane,2019-12-28,0.259,0.26265737414360046
Spokane,2019-12-29,0.259,0.26054251194000244
Spokane,2019-12-30,0.262,0.26203298568725586
Spokane,2019-12-31,0.275,0.26297083497047424
Spokane,2020-01-01,0.287,0.27123120427131653
Spokane,2020-01-02,0.28,0.2713545262813568
Spokane,2020-01-03,0.281,0.2750261127948761
Spokane,2020-01-04,0.278,0.2755090892314911
Spokane,2020-01-05,0.275,0.2749207317829132
Spokane,2020-01-06,0.282,0.2793690860271454
Spokane,2020-01-07,0.289,0.28464120626449585
Spokane,2020-01-08,0.286,0.2824796140193939
Spokane,2020-01-09,0.282,0.2798306345939636
Spokane,2020-01-10,0.275,0.2860547602176666
Spokane,2020-01-11,0.295,0.28439247608184814
Spokane,2020-01-12,0.297,0.2909465730190277
Spokane,2020-01-13,0.294,0.29545995593070984
Spokane,2020-01-14,0.297,0.29462963342666626
Spokane,2020-01-15,0.295,0.2950875163078308
Spokane,2020-01-16,0.294,0.2894480228424072
Spokane,2020-01-17,0.289,0.2815452516078949
Spokane,2020-01-18,0.287,0.28855881094932556
Spokane,2020-01-19,0.289,0.2878168821334839
Spokane,2020-01-20,0.29,0.2807038128376007
Spokane,2020-01-21,0.291,0.28584641218185425
Spokane,2020-01-22,0.295,0.28609660267829895
Spokane,2020-01-23,0.328,0.31029820442199707
Spokane,2020-01-24,0.342,0.3135334253311157
Spokane,2020-01-25,0.319,0.3126464784145355
Spokane,2020-01-26,0.317,0.31275373697280884
Spokane,2020-01-27,0.313,0.30764633417129517
Spokane,2020-01-28,0.328,0.3170851469039917
Spokane,2020-01-29,0.319,0.315603643655777
Spokane,2020-01-30,0.315,0.31543922424316406
Spokane,2020-01-31,0.312,0.3119976222515106
Spokane,2020-02-01,0.309,0.3035190999507904
Spokane,2020-02-02,0.304,0.30359309911727905
Spokane,2020-02-03,0.291,0.298031210899353
Spokane,2020-02-04,0.281,0.2918837070465088
Spokane,2020-02-05,0.295,0.29396358132362366
Spokane,2020-02-06,0.309,0.3057279884815216
Spokane,2020-02-07,0.33,0.3067874610424042
Spokane,2020-02-08,0.332,0.3084600269794464
Spokane,2020-02-09,0.321,0.31202593445777893
Spokane,2020-02-10,0.32,0.3043495714664459
Spokane,2020-02-11,0.317,0.3034861981868744
Spokane,2020-02-15,0.309,0.2881118953227997
Spokane,2020-02-16,0.307,0.28715693950653076
Spokane,2020-02-17,0.3,0.2900065779685974
Spokane,2020-02-18,0.307,0.2783204913139343
Spokane,2020-03-04,0.279,0.2687702178955078
Spokane,2020-03-05,0.278,0.26975083351135254
Spokane,2020-03-06,0.279,0.2812206745147705
Spokane,2020-03-07,0.294,0.2906721532344818
Spokane,2020-03-08,0.294,0.2897341847419739
Spokane,2020-03-09,0.291,0.29188546538352966
Spokane,2020-03-10,0.289,0.2833150327205658
Spokane,2020-03-11,0.289,0.28369835019111633
Spokane,2020-03-12,0.285,0.28220120072364807
Spokane,2020-03-13,0.285,0.28732892870903015
Spokane,2020-03-14,0.284,0.2829231917858124
Spokane,2020-03-15,0.283,0.28500527143478394
Spokane,2020-03-16,0.287,0.28666970133781433
Spokane,2020-03-17,0.287,0.28281083703041077
Spokane,2020-03-18,0.286,0.2826636731624603
Spokane,2020-03-19,0.284,0.2823605239391327
Spokane,2020-03-20,0.282,0.28067755699157715
Spokane,2020-03-21,0.28,0.27756455540657043
Spokane,2020-03-22,0.278,0.2757037281990051
Spokane,2020-03-23,0.277,0.26870474219322205
Spokane,2020-03-24,0.276,0.2763782739639282
Spokane,2020-03-25,0.28,0.27730703353881836
Spokane,2020-03-26,0.282,0.277543306350708
Spokane,2020-03-27,0.281,0.27726203203201294
Spokane,2020-03-28,0.28,0.27726203203201294
Spokane,2020-03-29,0.279,0.2743053436279297
Spokane,2020-03-30,0.281,0.27518612146377563
Spokane,2020-03-31,0.285,0.2878531515598297
Spokane,2020-04-01,0.288,0.2898350954055786
Spokane,2020-04-02,0.291,0.2900725305080414
Spokane,2020-04-03,0.288,0.28485995531082153
Spokane,2020-04-04,0.285,0.28514793515205383
Spokane,2020-04-05,0.288,0.2852596640586853
Spokane,2020-04-06,0.286,0.2790997624397278
Spokane,2020-04-07,0.283,0.27394798398017883
Spokane,2020-04-08,0.28,0.2721637487411499
Spokane,2020-04-09,0.277,0.2728579044342041
Spokane,2020-04-10,0.274,0.2759656608104706
Spokane,2020-04-11,0.27,0.27733197808265686
Spokane,2020-04-12,0.267,0.2729681432247162
Spokane,2020-04-13,0.264,0.2641708552837372
Spokane,2020-04-14,0.262,0.2582291066646576
Spokane,2020-04-15,0.261,0.2598070800304413
Spokane,2020-04-16,0.257,0.2584887444972992
Spokane,2020-04-17,0.254,0.255715936422348
Spokane,2020-04-18,0.251,0.24895308911800385
Spokane,2020-04-19,0.25,0.25020357966423035
Spokane,2020-04-20,0.247,0.24459445476531982
Spokane,2020-04-21,0.242,0.24242743849754333
Spokane,2020-04-22,0.243,0.2452860027551651
Spokane,2020-04-23,0.25,0.2451094090938568
Spokane,2020-04-24,0.246,0.24465373158454895
Spokane,2020-04-25,0.244,0.2438693642616272
Spokane,2020-04-26,0.241,0.24353037774562836
Spokane,2020-04-27,0.238,0.2428162544965744
Spokane,2020-04-28,0.234,0.24253582954406738
Spokane,2020-04-29,0.229,0.24023590981960297
Spokane,2020-04-30,0.224,0.234406515955925
Spokane,2020-05-01,0.22,0.22817206382751465
Spokane,2020-05-02,0.216,0.23467640578746796
Spokane,2020-05-03,0.225,0.23275013267993927
Spokane,2020-05-04,0.219,0.23656202852725983
Spokane,2020-05-05,0.214,0.2173260748386383
Spokane,2020-05-06,0.222,0.22485454380512238
Spokane,2020-05-07,0.222,0.22647422552108765
Spokane,2020-05-08,0.217,0.22406965494155884
Spokane,2020-05-09,0.21,0.21881425380706787
Spokane,2020-05-10,0.202,0.2081129103899002
Spokane,2020-05-11,0.195,0.20431309938430786
Spokane,2020-05-12,0.209,0.2192232757806778
Spokane,2020-05-13,0.211,0.22077997028827667
Spokane,2020-05-14,0.21,0.21437788009643555
Spokane,2020-05-15,0.21,0.21439649164676666
Spokane,2020-05-16,0.207,0.21375715732574463
Spokane,2020-05-17,0.206,0.21626342833042145
Spokane,2020-05-18,0.224,0.21774592995643616
Spokane,2020-05-19,0.255,0.23987290263175964
Spokane,2020-05-20,0.294,0.2959352731704712
Spokane,2020-05-21,0.326,0.31644484400749207
Spokane,2020-05-22,0.311,0.31612345576286316
Spokane,2020-05-23,0.305,0.3146572709083557
Spokane,2020-05-24,0.298,0.2937469482421875
Spokane,2020-05-25,0.294,0.29441535472869873
Spokane,2020-05-26,0.29,0.2938506007194519
Spokane,2020-05-27,0.282,0.2874365448951721
Spokane,2020-05-28,0.273,0.2708766460418701
Spokane,2020-05-29,0.265,0.2604430019855499
Spokane,2020-05-30,0.259,0.258330374956131
Spokane,2020-05-31,0.306,0.29437199234962463
Spokane,2020-06-01,0.297,0.292632132768631
Spokane,2020-06-02,0.289,0.28816792368888855
Spokane,2020-06-03,0.28,0.2841521203517914
Spokane,2020-06-04,0.272,0.2713787257671356
Spokane,2020-06-05,0.268,0.27094632387161255
Spokane,2020-06-06,0.269,0.2691911458969116
Spokane,2020-06-07,0.264,0.2633823752403259
Spokane,2020-06-08,0.259,0.25425469875335693
Spokane,2020-06-09,0.26,0.26434126496315
Spokane,2020-06-10,0.261,0.26290977001190186
Spokane,2020-06-11,0.254,0.26022768020629883
Spokane,2020-06-12,0.25,0.2326188087463379
Spokane,2020-06-13,0.262,0.22978182137012482
Spokane,2020-06-14,0.268,0.24029432237148285
Spokane,2020-06-15,0.268,0.24275749921798706
Spokane,2020-06-16,0.269,0.25226539373397827
Spokane,2020-06-17,0.267,0.260724276304245
Spokane,2020-06-18,0.264,0.25711971521377563
Spokane,2020-06-19,0.255,0.2497662603855133
Spokane,2020-06-20,0.248,0.24373836815357208
Spokane,2020-06-21,0.243,0.23075972497463226
Spokane,2020-06-22,0.235,0.21967460215091705
Spokane,2020-06-23,0.226,0.21486705541610718
Spokane,2020-06-24,0.215,0.2126423865556717
Spokane,2020-06-25,0.206,0.21197770535945892
Spokane,2020-06-26,0.197,0.19166842103004456
Spokane,2020-06-27,0.187,0.18810121715068817
Spokane,2020-06-28,0.18,0.17665575444698334
Spokane,2020-06-29,0.175,0.1829831749200821
Spokane,2020-06-30,0.178,0.18459275364875793
Spokane,2020-07-01,0.189,0.18161216378211975
Spokane,2020-07-02,0.187,0.17346547544002533
Spokane,2020-07-03,0.177,0.17322853207588196
Spokane,2020-07-04,0.167,0.17349238693714142
Spokane,2020-07-05,0.16,0.15704047679901123
Spokane,2020-07-06,0.152,0.1538095921278
Spokane,2020-07-07,0.145,0.13566815853118896
Spokane,2020-07-08,0.139,0.12844641506671906
Spokane,2020-07-09,0.134,0.12606744468212128
Spokane,2020-07-10,0.128,0.12227580696344376
Spokane,2020-07-11,0.122,0.11292967200279236
Spokane,2020-07-12,0.116,0.10687454789876938
Spokane,2020-07-13,0.11,0.10604368895292282
Spokane,2020-07-14,0.104,0.0988568589091301
Spokane,2020-07-15,0.099,0.09436360001564026
Spokane,2020-07-16,0.093,0.08154060691595078
Spokane,2020-07-17,0.087,0.07697257399559021
Spokane,2020-07-18,0.082,0.07508209347724915
Spokane,2020-07-19,0.078,0.07425215095281601
Spokane,2020-07-20,0.074,0.07401341944932938
Spokane,2020-07-21,0.069,0.068902887403965
Spokane,2020-07-22,0.066,0.06616086512804031
Spokane,2020-07-23,0.062,0.06414146721363068
Spokane,2020-07-24,0.06,0.061851866543293
Spokane,2020-07-25,0.057,0.06344465166330338
Spokane,2020-07-26,0.055,0.06307972222566605
Spokane,2020-07-27,0.054,0.06011653319001198
Spokane,2020-07-28,0.051,0.04741233214735985
Spokane,2020-07-29,0.049,0.04717796668410301
Spokane,2020-07-30,0.048,0.04691707715392113
Spokane,2020-07-31,0.046,0.045767124742269516
Spokane,2020-08-01,0.043,0.04440958425402641
Spokane,2020-08-02,0.042,0.04420690983533859
Spokane,2020-08-03,0.04,0.04144417867064476
Spokane,2020-08-04,0.039,0.033281680196523666
Spokane,2020-08-05,0.038,0.03292793035507202
Spokane,2020-08-06,0.037,0.028958110138773918
Spokane,2020-08-07,0.037,0.03897430747747421
Spokane,2020-08-08,0.037,0.04497040808200836
Spokane,2020-08-09,0.037,0.04754551872611046
Spokane,2020-08-10,0.036,0.04987337067723274
Spokane,2020-08-11,0.036,0.046027734875679016
Spokane,2020-08-12,0.034,0.04554560035467148
Spokane,2020-08-13,0.033,0.045017559081315994
Spokane,2020-08-14,0.033,0.045040857046842575
Spokane,2020-08-15,0.033,0.04273469001054764
Spokane,2020-08-16,0.033,0.0422365628182888
Spokane,2020-08-17,0.034,0.03585480526089668
Spokane,2020-08-18,0.033,0.033108752220869064
Spokane,2020-08-19,0.033,0.03393778204917908
Spokane,2020-08-20,0.033,0.0346805639564991
Spokane,2020-08-21,0.034,0.03315382078289986
Spokane,2020-08-22,0.033,0.032809820026159286
Spokane,2020-08-23,0.032,0.03176437318325043
Spokane,2020-08-24,0.031,0.03095708042383194
Spokane,2020-08-25,0.031,0.030788054689764977
Spokane,2020-08-26,0.03,0.03106050379574299
Spokane,2020-08-27,0.029,0.030070394277572632
Spokane,2020-08-28,0.029,0.02861432172358036
Spokane,2020-08-29,0.029,0.028419578447937965
Spokane,2020-08-30,0.028,0.025741664692759514
Spokane,2020-08-31,0.029,0.027526291087269783
Spokane,2020-09-01,0.028,0.025856316089630127
Spokane,2020-09-02,0.028,0.0250649806112051
Spokane,2020-09-03,0.028,0.0260848980396986
Spokane,2020-09-04,0.028,0.0260848980396986
Spokane,2020-09-05,0.028,0.026032131165266037
Spokane,2020-09-06,0.027,0.025475528091192245
Spokane,2020-09-07,0.027,0.02406373806297779
Spokane,2020-09-08,0.025,0.024765215814113617
Spokane,2020-09-09,0.025,0.024288302287459373
Spokane,2020-09-10,0.025,0.02374037355184555
Spokane,2020-09-11,0.025,0.023531142622232437
Spokane,2020-09-12,0.024,0.02433454990386963
Spokane,2020-09-13,0.023,0.02433454990386963
Spokane,2020-09-14,0.024,0.024649059399962425
Spokane,2020-09-15,0.024,0.025644933804869652
Spokane,2020-09-16,0.025,0.02570268139243126
Spokane,2020-09-17,0.025,0.025742068886756897
Spokane,2020-09-18,0.025,0.026341736316680908
Spokane,2020-09-19,0.025,0.028270529583096504
Spokane,2020-09-20,0.026,0.028519397601485252
Spokane,2020-09-21,0.026,0.025786081328988075
Spokane,2020-09-22,0.028,0.02567129395902157
Spokane,2020-09-23,0.029,0.02674945443868637
Spokane,2020-09-24,0.03,0.03580516204237938
Spokane,2020-09-25,0.03,0.03789797052741051
Spokane,2020-09-26,0.032,0.042447712272405624
Spokane,2020-09-27,0.035,0.04628962278366089
Spokane,2020-09-28,0.039,0.05503469333052635
Spokane,2020-09-29,0.043,0.05459466949105263
Spokane,2020-09-30,0.045,0.05860293656587601
Spokane,2020-10-01,0.047,0.057550061494112015
Spokane,2020-10-02,0.05,0.057153843343257904
Spokane,2020-10-03,0.05,0.053611334413290024
Spokane,2020-10-04,0.05,0.049277279525995255
Spokane,2020-10-05,0.049,0.05667965114116669
Spokane,2020-10-06,0.049,0.058803681284189224
Spokane,2020-10-07,0.049,0.05706404522061348
Spokane,2020-10-08,0.049,0.05710688233375549
Spokane,2020-10-09,0.048,0.0557757206261158
Spokane,2020-10-10,0.091,0.07468893378973007
Spokane,2020-10-11,0.142,0.12691500782966614
Spokane,2020-10-12,0.176,0.16134847700595856
Spokane,2020-10-13,0.192,0.206217423081398
Spokane,2020-10-14,0.184,0.194741889834404
Spokane,2020-10-15,0.171,0.1857489049434662
Spokane,2020-10-16,0.165,0.1816529631614685
Spokane,2020-10-17,0.16,0.1799182891845703
Spokane,2020-10-18,0.163,0.175660640001297
Spokane,2020-10-19,0.162,0.17355254292488098
Spokane,2020-10-20,0.157,0.14855824410915375
Spokane,2020-10-21,0.153,0.14444369077682495
Spokane,2020-10-22,0.149,0.15234282612800598
Spokane,2020-10-23,0.146,0.16150687634944916
Spokane,2020-10-24,0.149,0.1603238880634308
Spokane,2020-10-25,0.154,0.16010481119155884
Spokane,2020-10-26,0.151,0.1683766394853592
Spokane,2020-10-27,0.16,0.17047327756881714
Spokane,2020-10-28,0.195,0.18001049757003784
Spokane,2020-10-29,0.207,0.18752790987491608
Spokane,2020-10-30,0.197,0.18554164469242096
Spokane,2020-10-31,0.188,0.18248194456100464
Spokane,2020-11-01,0.182,0.1839846521615982
Spokane,2020-11-02,0.179,0.17925713956356049
Spokane,2020-11-03,0.176,0.1854139119386673
Spokane,2020-11-04,0.178,0.18214018642902374
Spokane,2020-11-05,0.194,0.20260296761989594
Spokane,2020-11-06,0.221,0.2068227231502533
Spokane,2020-11-07,0.209,0.20159024000167847
Spokane,2020-11-08,0.204,0.21114544570446014
Spokane,2020-11-09,0.199,0.22568129003047943
Spokane,2020-11-10,0.202,0.2163897007703781
Spokane,2020-11-11,0.203,0.22348152101039886
Spokane,2020-11-12,0.202,0.21320734918117523
Spokane,2020-11-13,0.227,0.23147448897361755
Spokane,2020-11-14,0.229,0.23312050104141235
Spokane,2020-11-15,0.23,0.2353871464729309
Spokane,2020-11-16,0.227,0.2519773840904236
Spokane,2020-11-17,0.227,0.24406063556671143
Spokane,2020-11-18,0.23,0.23540440201759338
Spokane,2020-11-19,0.23,0.23652774095535278
Spokane,2020-11-20,0.225,0.23654954135417938
Spokane,2020-11-21,0.22,0.22663439810276031
Spokane,2020-11-22,0.216,0.22837278246879578
Spokane,2020-11-23,0.219,0.22317922115325928
Spokane,2020-11-24,0.227,0.22230559587478638
Spokane,2020-11-25,0.242,0.23200511932373047
Spokane,2020-11-26,0.236,0.23414389789104462
Spokane,2020-11-27,0.232,0.23143695294857025
Spokane,2020-11-28,0.231,0.23284558951854706
Spokane,2020-11-29,0.224,0.2261509746313095
Spokane,2020-11-30,0.219,0.23824529349803925
Spokane,2020-12-01,0.223,0.2382737249135971
Spokane,2020-12-02,0.226,0.2370540052652359
Touchet_WA_824,2019-01-01,0.128,0.13699299097061157
Touchet_WA_824,2019-01-02,0.129,0.14063924551010132
Touchet_WA_824,2019-01-03,0.128,0.13928310573101044
Touchet_WA_824,2019-01-04,0.129,0.13846595585346222
Touchet_WA_824,2019-01-05,0.128,0.13675768673419952
Touchet_WA_824,2019-01-06,0.128,0.13439223170280457
Touchet_WA_824,2019-01-07,0.128,0.13641779124736786
Touchet_WA_824,2019-01-08,0.129,0.1319098025560379
Touchet_WA_824,2019-01-09,0.127,0.1362997442483902
Touchet_WA_824,2019-01-10,0.127,0.1375659853219986
Touchet_WA_824,2019-01-11,0.128,0.13580502569675446
Touchet_WA_824,2019-01-12,0.129,0.13304008543491364
Touchet_WA_824,2019-01-13,0.126,0.13322000205516815
Touchet_WA_824,2019-01-14,0.128,0.14562293887138367
Touchet_WA_824,2019-01-15,0.127,0.12932227551937103
Touchet_WA_824,2019-01-16,0.129,0.1272289901971817
Touchet_WA_824,2019-01-17,0.129,0.12932051718235016
Touchet_WA_824,2019-01-18,0.13,0.12998802959918976
Touchet_WA_824,2019-01-19,0.126,0.1301332265138626
Touchet_WA_824,2019-01-20,0.128,0.1343495398759842
Touchet_WA_824,2019-01-21,0.127,0.13703793287277222
Touchet_WA_824,2019-01-22,0.126,0.13545766472816467
Touchet_WA_824,2019-01-23,0.129,0.13601678609848022
Touchet_WA_824,2019-01-24,0.13,0.13677388429641724
Touchet_WA_824,2019-01-25,0.13,0.13521987199783325
Touchet_WA_824,2019-01-26,0.128,0.13768261671066284
Touchet_WA_824,2019-01-27,0.13,0.13597308099269867
Touchet_WA_824,2019-01-28,0.13,0.13454565405845642
Touchet_WA_824,2019-01-29,0.13,0.1335945427417755
Touchet_WA_824,2019-01-30,0.133,0.13149453699588776
Touchet_WA_824,2019-01-31,0.133,0.1341271996498108
Touchet_WA_824,2019-02-01,0.131,0.13562244176864624
Touchet_WA_824,2019-02-02,0.132,0.1397901028394699
Touchet_WA_824,2019-02-03,0.133,0.13949277997016907
Touchet_WA_824,2019-02-04,0.133,0.14313603937625885
Touchet_WA_824,2019-02-05,0.132,0.1401544064283371
Touchet_WA_824,2019-02-06,0.132,0.14500543475151062
Touchet_WA_824,2019-02-07,0.131,0.1462223082780838
Touchet_WA_824,2019-02-08,0.132,0.14501257240772247
Touchet_WA_824,2019-02-09,0.133,0.14411914348602295
Touchet_WA_824,2019-02-10,0.134,0.13807348906993866
Touchet_WA_824,2019-02-11,0.133,0.1359669715166092
Touchet_WA_824,2019-02-12,0.135,0.13738998770713806
Touchet_WA_824,2019-02-13,0.136,0.1353238970041275
Touchet_WA_824,2019-02-14,0.136,0.13875259459018707
Touchet_WA_824,2019-02-15,0.136,0.1369268149137497
Touchet_WA_824,2019-02-16,0.137,0.13582108914852142
Touchet_WA_824,2019-02-17,0.137,0.13770036399364471
Touchet_WA_824,2019-02-18,0.137,0.13701491057872772
Touchet_WA_824,2019-02-19,0.137,0.14284491539001465
Touchet_WA_824,2019-02-20,0.138,0.1429588794708252
Touchet_WA_824,2019-02-21,0.138,0.15056440234184265
Touchet_WA_824,2019-02-22,0.139,0.1432892382144928
Touchet_WA_824,2019-02-23,0.138,0.14281313121318817
Touchet_WA_824,2019-02-24,0.137,0.14279788732528687
Touchet_WA_824,2019-02-25,0.139,0.15152813494205475
Touchet_WA_824,2019-02-26,0.139,0.14288295805454254
Touchet_WA_824,2019-02-27,0.14,0.14293476939201355
Touchet_WA_824,2019-02-28,0.139,0.1367180347442627
Touchet_WA_824,2019-03-01,0.138,0.13804616034030914
Touchet_WA_824,2019-03-02,0.14,0.13834725320339203
Touchet_WA_824,2019-03-03,0.14,0.13586419820785522
Touchet_WA_824,2019-03-04,0.14,0.1360059529542923
Touchet_WA_824,2019-03-05,0.14,0.13718374073505402
Touchet_WA_824,2019-03-06,0.14,0.13898621499538422
Touchet_WA_824,2019-03-07,0.14,0.14195215702056885
Touchet_WA_824,2019-03-08,0.141,0.1412392258644104
Touchet_WA_824,2019-03-09,0.14,0.14289651811122894
Touchet_WA_824,2019-03-10,0.14,0.14533573389053345
Touchet_WA_824,2019-03-11,0.141,0.1415717899799347
Touchet_WA_824,2019-03-12,0.141,0.14400623738765717
Touchet_WA_824,2019-03-13,0.141,0.1424856334924698
Touchet_WA_824,2019-03-14,0.141,0.14176277816295624
Touchet_WA_824,2019-03-15,0.142,0.13979452848434448
Touchet_WA_824,2019-03-16,0.141,0.14189104735851288
Touchet_WA_824,2019-03-17,0.141,0.13999351859092712
Touchet_WA_824,2019-03-18,0.142,0.14168553054332733
Touchet_WA_824,2019-03-19,0.141,0.14032739400863647
Touchet_WA_824,2019-03-20,0.142,0.13950215280056
Touchet_WA_824,2019-03-21,0.143,0.137709841132164
Touchet_WA_824,2019-03-22,0.141,0.14071021974086761
Touchet_WA_824,2019-03-23,0.143,0.14231860637664795
Touchet_WA_824,2019-03-24,0.142,0.14346995949745178
Touchet_WA_824,2019-03-25,0.143,0.14111913740634918
Touchet_WA_824,2019-03-26,0.144,0.14974914491176605
Touchet_WA_824,2019-03-27,0.145,0.14791567623615265
Touchet_WA_824,2019-03-28,0.146,0.1509123593568802
Touchet_WA_824,2019-03-29,0.146,0.14899083971977234
Touchet_WA_824,2019-03-30,0.148,0.15008263289928436
Touchet_WA_824,2019-03-31,0.149,0.15143370628356934
Touchet_WA_824,2019-04-01,0.151,0.15110395848751068
Touchet_WA_824,2019-04-02,0.152,0.16639219224452972
Touchet_WA_824,2019-04-03,0.153,0.16677625477313995
Touchet_WA_824,2019-04-04,0.153,0.1707831472158432
Touchet_WA_824,2019-04-05,0.153,0.16833914816379547
Touchet_WA_824,2019-04-06,0.155,0.16855445504188538
Touchet_WA_824,2019-04-07,0.156,0.1638430953025818
Touchet_WA_824,2019-04-08,0.157,0.16461460292339325
Touchet_WA_824,2019-04-09,0.158,0.1690206676721573
Touchet_WA_824,2019-04-10,0.159,0.17170748114585876
Touchet_WA_824,2019-04-11,0.161,0.1717863231897354
Touchet_WA_824,2019-04-12,0.161,0.17034228146076202
Touchet_WA_824,2019-04-13,0.161,0.17280681431293488
Touchet_WA_824,2019-04-14,0.163,0.17195482552051544
Touchet_WA_824,2019-04-15,0.164,0.17531128227710724
Touchet_WA_824,2019-04-16,0.165,0.17276877164840698
Touchet_WA_824,2019-04-17,0.166,0.1728753000497818
Touchet_WA_824,2019-04-18,0.167,0.1742280125617981
Touchet_WA_824,2019-04-19,0.165,0.17391937971115112
Touchet_WA_824,2019-04-20,0.169,0.17411665618419647
Touchet_WA_824,2019-04-21,0.169,0.17483222484588623
Touchet_WA_824,2019-04-22,0.17,0.1798587590456009
Touchet_WA_824,2019-04-23,0.171,0.18006522953510284
Touchet_WA_824,2019-04-24,0.171,0.17839142680168152
Touchet_WA_824,2019-04-25,0.171,0.17671212553977966
Touchet_WA_824,2019-04-26,0.172,0.1772923767566681
Touchet_WA_824,2019-04-27,0.173,0.17488355934619904
Touchet_WA_824,2019-04-28,0.175,0.17157872021198273
Touchet_WA_824,2019-04-29,0.175,0.1726105958223343
Touchet_WA_824,2019-04-30,0.176,0.1772952377796173
Touchet_WA_824,2019-05-01,0.177,0.17765554785728455
Touchet_WA_824,2019-05-02,0.177,0.17805776000022888
Touchet_WA_824,2019-05-03,0.179,0.1750747412443161
Touchet_WA_824,2019-05-04,0.179,0.1762470304965973
Touchet_WA_824,2019-05-05,0.179,0.17704372107982635
Touchet_WA_824,2019-05-06,0.181,0.1784573197364807
Touchet_WA_824,2019-05-07,0.182,0.18421319127082825
Touchet_WA_824,2019-05-08,0.185,0.190704345703125
Touchet_WA_824,2019-05-09,0.188,0.19491755962371826
Touchet_WA_824,2019-05-10,0.192,0.20293326675891876
Touchet_WA_824,2019-05-11,0.198,0.20681346952915192
Touchet_WA_824,2019-05-12,0.203,0.23388776183128357
Touchet_WA_824,2019-05-13,0.283,0.2746812701225281
Touchet_WA_824,2019-05-14,0.34,0.30789050459861755
Touchet_WA_824,2019-05-15,0.343,0.30832144618034363
Touchet_WA_824,2019-05-16,0.344,0.325104683637619
Touchet_WA_824,2019-05-17,0.342,0.33446967601776123
Touchet_WA_824,2019-05-18,0.345,0.33378738164901733
Touchet_WA_824,2019-05-19,0.345,0.3247993290424347
Touchet_WA_824,2019-05-20,0.336,0.31468626856803894
Touchet_WA_824,2019-05-21,0.306,0.2995089590549469
Touchet_WA_824,2019-05-22,0.307,0.288527250289917
Touchet_WA_824,2019-05-23,0.287,0.27079352736473083
Touchet_WA_824,2019-05-24,0.267,0.2758421003818512
Touchet_WA_824,2019-05-25,0.265,0.2758287489414215
Touchet_WA_824,2019-05-26,0.261,0.2681054472923279
Touchet_WA_824,2019-05-27,0.257,0.25324690341949463
Touchet_WA_824,2019-05-28,0.266,0.2657393217086792
Touchet_WA_824,2019-05-29,0.253,0.2662835419178009
Touchet_WA_824,2019-05-30,0.256,0.25807762145996094
Touchet_WA_824,2019-05-31,0.256,0.25965550541877747
Touchet_WA_824,2019-06-01,0.239,0.261004239320755
Touchet_WA_824,2019-06-02,0.349,0.26106151938438416
Touchet_WA_824,2019-06-03,0.293,0.26347965002059937
Touchet_WA_824,2019-06-04,0.258,0.25221261382102966
Touchet_WA_824,2019-06-05,0.234,0.23546946048736572
Touchet_WA_824,2019-06-06,0.22,0.2325066775083542
Touchet_WA_824,2019-06-07,0.228,0.2287512868642807
Touchet_WA_824,2019-06-08,0.225,0.22073593735694885
Touchet_WA_824,2019-06-09,0.223,0.21963855624198914
Touchet_WA_824,2019-06-10,0.21,0.21606828272342682
Touchet_WA_824,2019-06-11,0.196,0.18882152438163757
Touchet_WA_824,2019-06-12,0.182,0.1718769669532776
Touchet_WA_824,2019-06-13,0.168,0.16532881557941437
Touchet_WA_824,2019-06-14,0.155,0.15163664519786835
Touchet_WA_824,2019-06-15,0.141,0.14551441371440887
Touchet_WA_824,2019-06-16,0.124,0.11939900368452072
Touchet_WA_824,2019-06-17,0.111,0.11247893422842026
Touchet_WA_824,2019-06-18,0.091,0.10458306968212128
Touchet_WA_824,2019-06-19,0.07,0.10252116620540619
Touchet_WA_824,2019-06-20,0.055,0.11148436367511749
Touchet_WA_824,2019-06-21,0.146,0.13985010981559753
Touchet_WA_824,2019-06-22,0.18,0.1581297218799591
Touchet_WA_824,2019-06-23,0.162,0.14990003407001495
Touchet_WA_824,2019-06-24,0.152,0.1556164026260376
Touchet_WA_824,2019-06-25,0.135,0.16181975603103638
Touchet_WA_824,2019-06-26,0.119,0.16457797586917877
Touchet_WA_824,2019-06-27,0.182,0.18070653080940247
Touchet_WA_824,2019-06-28,0.246,0.20010702311992645
Touchet_WA_824,2019-06-29,0.211,0.19305990636348724
Touchet_WA_824,2019-06-30,0.186,0.17503994703292847
Touchet_WA_824,2019-07-01,0.162,0.1598331183195114
Touchet_WA_824,2019-07-02,0.143,0.15916197001934052
Touchet_WA_824,2019-07-03,0.137,0.12460780143737793
Touchet_WA_824,2019-07-04,0.152,0.11989734321832657
Touchet_WA_824,2019-07-05,0.143,0.10904373228549957
Touchet_WA_824,2019-07-06,0.13,0.10814622789621353
Touchet_WA_824,2019-07-07,0.151,0.10630781203508377
Touchet_WA_824,2019-07-08,0.131,0.0943775326013565
Touchet_WA_824,2019-07-09,0.117,0.0999797061085701
Touchet_WA_824,2019-07-10,0.104,0.09652406722307205
Touchet_WA_824,2019-07-11,0.092,0.09309815615415573
Touchet_WA_824,2019-07-12,0.086,0.08635328710079193
Touchet_WA_824,2019-07-13,0.074,0.06481879949569702
Touchet_WA_824,2019-07-14,0.063,0.05208223685622215
Touchet_WA_824,2019-07-15,0.054,0.0558418408036232
Touchet_WA_824,2019-07-16,0.049,0.04013938456773758
Touchet_WA_824,2019-07-17,0.039,0.03450825437903404
Touchet_WA_824,2019-07-18,0.035,0.027259938418865204
Touchet_WA_824,2019-07-19,0.03,0.028708914294838905
Touchet_WA_824,2019-07-20,0.026,0.02738715521991253
Touchet_WA_824,2019-07-21,0.023,0.025266291573643684
Touchet_WA_824,2019-07-22,0.018,0.019726639613509178
Touchet_WA_824,2019-07-23,0.017,0.019149966537952423
Touchet_WA_824,2019-07-24,0.015,0.015357869677245617
Touchet_WA_824,2019-07-25,0.01,0.015865638852119446
Touchet_WA_824,2019-07-26,0.009,0.013287687674164772
Touchet_WA_824,2019-07-27,0.01,0.01277855783700943
Touchet_WA_824,2019-07-28,0.007,0.006846514996141195
Touchet_WA_824,2019-07-29,0.007,0.006484363693743944
Touchet_WA_824,2019-07-30,0.005,0.0013124776305630803
Touchet_WA_824,2019-07-31,0.005,0.000507298216689378
Touchet_WA_824,2019-08-01,0.004,-0.0010521241929382086
Touchet_WA_824,2019-08-02,0.001,4.656774763134308e-05
Touchet_WA_824,2019-08-03,0.001,0.000161630887305364
Touchet_WA_824,2019-08-04,0.0,0.0004753108660224825
Touchet_WA_824,2019-08-05,0.0,0.0002714472357183695
Touchet_WA_824,2019-08-06,0.0,0.0022328461054712534
Touchet_WA_824,2019-08-07,0.0,0.0012961931060999632
Touchet_WA_824,2019-08-08,0.0,0.002795212669298053
Touchet_WA_824,2019-08-09,0.0,0.002015110105276108
Touchet_WA_824,2019-08-10,0.0,0.013779045082628727
Touchet_WA_824,2019-08-11,0.0,0.03244641795754433
Touchet_WA_824,2019-08-12,0.01,0.0442744605243206
Touchet_WA_824,2019-08-13,0.019,0.0380217619240284
Touchet_WA_824,2019-08-14,0.021,0.037775956094264984
Touchet_WA_824,2019-08-15,0.02,0.03472871333360672
Touchet_WA_824,2019-08-16,0.017,0.02531706914305687
Touchet_WA_824,2019-08-17,0.011,0.024896441027522087
Touchet_WA_824,2019-08-18,0.008,0.022263089194893837
Touchet_WA_824,2019-08-19,0.006,0.019484931603074074
Touchet_WA_824,2019-08-20,0.0,0.013758672401309013
Touchet_WA_824,2019-08-21,0.0,0.011519253253936768
Touchet_WA_824,2019-08-22,0.0,0.013135459274053574
Touchet_WA_824,2019-08-23,0.0,0.014003632590174675
Touchet_WA_824,2019-08-24,0.0,0.01388847641646862
Touchet_WA_824,2019-08-25,0.0,0.013218821957707405
Touchet_WA_824,2019-08-26,0.0,0.013621211051940918
Touchet_WA_824,2019-08-27,0.0,0.012613961473107338
Touchet_WA_824,2019-08-28,0.0,0.012168969959020615
Touchet_WA_824,2019-08-29,0.0,0.010518987663090229
Touchet_WA_824,2019-08-30,0.0,0.011245242320001125
Touchet_WA_824,2019-08-31,0.0,0.004420542158186436
Touchet_WA_824,2019-09-01,0.0,0.003315884852781892
Touchet_WA_824,2019-09-02,0.0,0.003951709251850843
Touchet_WA_824,2019-09-03,0.0,0.0026023383252322674
Touchet_WA_824,2019-09-04,0.0,0.002416711300611496
Touchet_WA_824,2019-09-05,0.0,0.0021747916471213102
Touchet_WA_824,2019-09-06,0.0,0.006943144369870424
Touchet_WA_824,2019-09-07,0.0,0.010426935739815235
Touchet_WA_824,2019-09-08,0.0,0.02905016764998436
Touchet_WA_824,2019-09-09,0.11,0.07673336565494537
Touchet_WA_824,2019-09-10,0.123,0.12091122567653656
Touchet_WA_824,2019-09-11,0.169,0.12125960737466812
Touchet_WA_824,2019-09-12,0.135,0.11652485281229019
Touchet_WA_824,2019-09-13,0.121,0.11377885192632675
Touchet_WA_824,2019-09-14,0.104,0.10076358914375305
Touchet_WA_824,2019-09-15,0.098,0.09825491160154343
Touchet_WA_824,2019-09-16,0.085,0.10637267678976059
Touchet_WA_824,2019-09-17,0.074,0.10453470051288605
Touchet_WA_824,2019-09-18,0.08,0.10303319990634918
Touchet_WA_824,2019-09-19,0.163,0.15153935551643372
Touchet_WA_824,2019-09-20,0.16,0.14095686376094818
Touchet_WA_824,2019-09-21,0.146,0.13646496832370758
Touchet_WA_824,2019-09-22,0.136,0.14265237748622894
Touchet_WA_824,2019-09-23,0.125,0.13300998508930206
Touchet_WA_824,2019-09-24,0.132,0.1234331801533699
Touchet_WA_824,2019-09-25,0.124,0.12196355313062668
Touchet_WA_824,2019-09-26,0.116,0.12081769108772278
Touchet_WA_824,2019-09-27,0.111,0.11828483641147614
Touchet_WA_824,2019-09-28,0.106,0.1324068158864975
Touchet_WA_824,2019-09-29,0.104,0.13280270993709564
Touchet_WA_824,2019-09-30,0.115,0.1370096653699875
Touchet_WA_824,2019-10-01,0.124,0.14428642392158508
Touchet_WA_824,2019-10-02,0.13,0.14648406207561493
Touchet_WA_824,2019-10-03,0.168,0.16719059646129608
Touchet_WA_824,2019-10-04,0.195,0.17673242092132568
Touchet_WA_824,2019-10-05,0.225,0.19977954030036926
Touchet_WA_824,2019-10-06,0.247,0.21739254891872406
Touchet_WA_824,2019-10-07,0.216,0.2055114209651947
Touchet_WA_824,2019-10-08,0.193,0.22256915271282196
Touchet_WA_824,2019-10-09,0.242,0.23194275796413422
Touchet_WA_824,2019-10-10,0.214,0.22789441049098969
Touchet_WA_824,2019-10-11,0.211,0.22875550389289856
Touchet_WA_824,2019-10-12,0.224,0.22805452346801758
Touchet_WA_824,2019-10-13,0.242,0.23103898763656616
Touchet_WA_824,2019-10-14,0.276,0.23574353754520416
Touchet_WA_824,2019-10-15,0.247,0.23294080793857574
Touchet_WA_824,2019-10-16,0.224,0.21454666554927826
Touchet_WA_824,2019-10-17,0.208,0.21349777281284332
Touchet_WA_824,2019-10-18,0.23,0.2179185003042221
Touchet_WA_824,2019-10-19,0.221,0.24519412219524384
Touchet_WA_824,2019-10-20,0.207,0.2459433525800705
Touchet_WA_824,2019-10-21,0.202,0.24302086234092712
Touchet_WA_824,2019-10-22,0.196,0.2331378012895584
Touchet_WA_824,2019-10-23,0.28,0.2541131377220154
Touchet_WA_824,2019-10-24,0.257,0.2527165710926056
Touchet_WA_824,2019-10-25,0.249,0.24863022565841675
Touchet_WA_824,2019-10-26,0.293,0.2554769515991211
Touchet_WA_824,2019-10-27,0.259,0.24770475924015045
Touchet_WA_824,2019-10-28,0.235,0.21174466609954834
Touchet_WA_824,2019-10-29,0.214,0.19106975197792053
Touchet_WA_824,2019-10-30,0.188,0.17609432339668274
Touchet_WA_824,2019-10-31,0.159,0.1639987826347351
Touchet_WA_824,2019-11-01,0.147,0.15475918352603912
Touchet_WA_824,2019-11-02,0.105,0.14781388640403748
Touchet_WA_824,2019-11-03,0.123,0.15619347989559174
Touchet_WA_824,2019-11-04,0.159,0.17666307091712952
Touchet_WA_824,2019-11-05,0.197,0.20068658888339996
Touchet_WA_824,2019-11-06,0.223,0.21366164088249207
Touchet_WA_824,2019-11-07,0.209,0.211602121591568
Touchet_WA_824,2019-11-08,0.195,0.21167129278182983
Touchet_WA_824,2019-11-09,0.204,0.1996908038854599
Touchet_WA_824,2019-11-10,0.252,0.2323247492313385
Touchet_WA_824,2019-11-11,0.317,0.2846467196941376
Touchet_WA_824,2019-11-12,0.272,0.2849988043308258
Touchet_WA_824,2019-11-13,0.304,0.29334473609924316
Touchet_WA_824,2019-11-14,0.282,0.2906883656978607
Touchet_WA_824,2019-11-15,0.267,0.2997851073741913
Touchet_WA_824,2019-11-16,0.332,0.30393967032432556
Touchet_WA_824,2019-11-17,0.301,0.30080464482307434
Touchet_WA_824,2019-11-18,0.328,0.2942047417163849
Touchet_WA_824,2019-11-19,0.3,0.2965362071990967
Touchet_WA_824,2019-11-20,0.319,0.2806210517883301
Touchet_WA_824,2019-11-21,0.295,0.26993316411972046
Touchet_WA_824,2019-11-22,0.271,0.26394522190093994
Touchet_WA_824,2019-11-23,0.247,0.25098884105682373
Touchet_WA_824,2019-11-24,0.235,0.24254636466503143
Touchet_WA_824,2019-11-25,0.232,0.24518319964408875
Touchet_WA_824,2019-11-26,0.216,0.19571776688098907
Touchet_WA_824,2019-11-27,0.214,0.20285449922084808
Touchet_WA_824,2019-11-28,0.211,0.19989976286888123
Touchet_WA_824,2019-11-29,0.208,0.20293574035167694
Touchet_WA_824,2019-11-30,0.198,0.19635233283042908
Touchet_WA_824,2019-12-01,0.189,0.19111886620521545
Touchet_WA_824,2019-12-02,0.185,0.18719464540481567
Touchet_WA_824,2019-12-03,0.186,0.18399828672409058
Touchet_WA_824,2019-12-04,0.185,0.18560178577899933
Touchet_WA_824,2019-12-05,0.186,0.18270498514175415
Touchet_WA_824,2019-12-06,0.186,0.18241189420223236
Touchet_WA_824,2019-12-07,0.187,0.18908482789993286
Touchet_WA_824,2019-12-08,0.187,0.18899962306022644
Touchet_WA_824,2019-12-09,0.188,0.19118951261043549
Touchet_WA_824,2019-12-10,0.189,0.188338503241539
Touchet_WA_824,2019-12-11,0.187,0.1927502304315567
Touchet_WA_824,2019-12-12,0.187,0.20197923481464386
Touchet_WA_824,2019-12-13,0.188,0.1988818645477295
Touchet_WA_824,2019-12-14,0.188,0.19556187093257904
Touchet_WA_824,2019-12-15,0.189,0.19651800394058228
Touchet_WA_824,2019-12-16,0.19,0.19197052717208862
Touchet_WA_824,2019-12-17,0.19,0.18650270998477936
Touchet_WA_824,2019-12-18,0.188,0.1867963969707489
Touchet_WA_824,2019-12-19,0.188,0.18726909160614014
Touchet_WA_824,2019-12-20,0.187,0.18713194131851196
Touchet_WA_824,2019-12-21,0.187,0.1842857152223587
Touchet_WA_824,2019-12-22,0.188,0.1841639280319214
Touchet_WA_824,2019-12-23,0.187,0.1875193566083908
Touchet_WA_824,2019-12-24,0.189,0.18685077130794525
Touchet_WA_824,2019-12-25,0.189,0.18215970695018768
Touchet_WA_824,2019-12-26,0.189,0.18186497688293457
Touchet_WA_824,2019-12-27,0.188,0.18155233561992645
Touchet_WA_824,2019-12-28,0.186,0.18105313181877136
Touchet_WA_824,2019-12-29,0.185,0.18079179525375366
Touchet_WA_824,2019-12-30,0.185,0.18539690971374512
Touchet_WA_824,2019-12-31,0.186,0.18205000460147858
Touchet_WA_824,2020-01-01,0.186,0.20208586752414703
Touchet_WA_824,2020-01-02,0.189,0.19846872985363007
Touchet_WA_824,2020-01-03,0.191,0.2006872445344925
Touchet_WA_824,2020-01-04,0.19,0.19966547191143036
Touchet_WA_824,2020-01-05,0.191,0.19964610040187836
Touchet_WA_824,2020-01-06,0.191,0.1985432654619217
Touchet_WA_824,2020-01-07,0.191,0.19759468734264374
Touchet_WA_824,2020-01-08,0.192,0.19813689589500427
Touchet_WA_824,2020-01-09,0.192,0.1976166069507599
Touchet_WA_824,2020-01-10,0.192,0.19539886713027954
Touchet_WA_824,2020-01-11,0.193,0.1887947916984558
Touchet_WA_824,2020-01-12,0.193,0.19632932543754578
Touchet_WA_824,2020-01-13,0.193,0.1911344975233078
Touchet_WA_824,2020-01-14,0.193,0.19541557133197784
Touchet_WA_824,2020-01-15,0.193,0.19300316274166107
Touchet_WA_824,2020-01-16,0.192,0.1976301223039627
Touchet_WA_824,2020-01-17,0.193,0.19646547734737396
Touchet_WA_824,2020-01-18,0.193,0.19601966440677643
Touchet_WA_824,2020-01-19,0.194,0.19279444217681885
Touchet_WA_824,2020-01-20,0.194,0.19110186398029327
Touchet_WA_824,2020-01-21,0.194,0.19420583546161652
Touchet_WA_824,2020-01-22,0.194,0.1932336688041687
Touchet_WA_824,2020-01-23,0.193,0.19361385703086853
Touchet_WA_824,2020-01-24,0.195,0.1984938532114029
Touchet_WA_824,2020-01-25,0.195,0.19814907014369965
Touchet_WA_824,2020-01-26,0.196,0.22341947257518768
Touchet_WA_824,2020-01-27,0.195,0.22233033180236816
Touchet_WA_824,2020-01-28,0.195,0.198542058467865
Touchet_WA_824,2020-01-29,0.196,0.19965879619121552
Touchet_WA_824,2020-01-30,0.196,0.20152541995048523
Touchet_WA_824,2020-01-31,0.197,0.18984919786453247
Touchet_WA_824,2020-02-01,0.198,0.1934165358543396
Touchet_WA_824,2020-02-02,0.197,0.19401027262210846
Touchet_WA_824,2020-02-03,0.199,0.19409337639808655
Touchet_WA_824,2020-02-04,0.199,0.19471341371536255
Touchet_WA_824,2020-02-05,0.199,0.19536082446575165
Touchet_WA_824,2020-02-06,0.2,0.20302025973796844
Touchet_WA_824,2020-02-07,0.201,0.20907171070575714
Touchet_WA_824,2020-02-08,0.213,0.21015283465385437
Touchet_WA_824,2020-02-09,0.214,0.20716246962547302
Touchet_WA_824,2020-02-10,0.216,0.2076956033706665
Touchet_WA_824,2020-02-11,0.215,0.20659230649471283
Touchet_WA_824,2020-02-12,0.214,0.20345088839530945
Touchet_WA_824,2020-02-13,0.215,0.20850799977779388
Touchet_WA_824,2020-02-14,0.216,0.20832276344299316
Touchet_WA_824,2020-02-15,0.215,0.20571593940258026
Touchet_WA_824,2020-02-16,0.214,0.20629246532917023
Touchet_WA_824,2020-02-17,0.215,0.21098676323890686
Touchet_WA_824,2020-02-18,0.215,0.21066880226135254
Touchet_WA_824,2020-02-19,0.215,0.21581768989562988
Touchet_WA_824,2020-02-20,0.214,0.21384993195533752
Touchet_WA_824,2020-02-21,0.215,0.21119090914726257
Touchet_WA_824,2020-02-22,0.215,0.20664255321025848
Touchet_WA_824,2020-02-23,0.214,0.20797544717788696
Touchet_WA_824,2020-02-24,0.214,0.206844761967659
Touchet_WA_824,2020-02-25,0.214,0.2058763951063156
Touchet_WA_824,2020-02-26,0.215,0.2086023986339569
Touchet_WA_824,2020-02-27,0.214,0.22471824288368225
Touchet_WA_824,2020-02-28,0.215,0.21866239607334137
Touchet_WA_824,2020-02-29,0.216,0.23113948106765747
Touchet_WA_824,2020-03-01,0.215,0.2348041832447052
Touchet_WA_824,2020-03-02,0.216,0.2282506376504898
Touchet_WA_824,2020-03-03,0.216,0.22086317837238312
Touchet_WA_824,2020-03-04,0.216,0.21877282857894897
Touchet_WA_824,2020-03-05,0.215,0.217860147356987
Touchet_WA_824,2020-03-06,0.215,0.21779268980026245
Touchet_WA_824,2020-03-07,0.215,0.21493133902549744
Touchet_WA_824,2020-03-08,0.216,0.21805240213871002
Touchet_WA_824,2020-03-09,0.215,0.22778071463108063
Touchet_WA_824,2020-03-10,0.217,0.21306151151657104
Touchet_WA_824,2020-03-11,0.217,0.20955978333950043
Touchet_WA_824,2020-03-12,0.216,0.20786286890506744
Touchet_WA_824,2020-03-13,0.218,0.20699281990528107
Touchet_WA_824,2020-03-14,0.218,0.20482613146305084
Touchet_WA_824,2020-03-15,0.217,0.20591653883457184
Touchet_WA_824,2020-03-16,0.216,0.20563407242298126
Touchet_WA_824,2020-03-17,0.218,0.210816890001297
Touchet_WA_824,2020-03-18,0.217,0.2116110622882843
Touchet_WA_824,2020-03-19,0.217,0.21169079840183258
Touchet_WA_824,2020-03-20,0.217,0.21092131733894348
Touchet_WA_824,2020-03-21,0.219,0.2131810188293457
Touchet_WA_824,2020-03-22,0.221,0.21362152695655823
Touchet_WA_824,2020-03-23,0.224,0.2194826602935791
Touchet_WA_824,2020-03-24,0.225,0.2169673591852188
Touchet_WA_824,2020-03-25,0.227,0.22012831270694733
Touchet_WA_824,2020-03-26,0.226,0.2164141982793808
Touchet_WA_824,2020-03-27,0.226,0.21681609749794006
Touchet_WA_824,2020-03-28,0.225,0.22730781137943268
Touchet_WA_824,2020-03-29,0.225,0.2365511804819107
Touchet_WA_824,2020-03-30,0.224,0.23940050601959229
Touchet_WA_824,2020-03-31,0.223,0.2355150282382965
Touchet_WA_824,2020-04-01,0.225,0.2333320528268814
Touchet_WA_824,2020-04-02,0.223,0.2347610741853714
Touchet_WA_824,2020-04-03,0.224,0.23610509932041168
Touchet_WA_824,2020-04-04,0.224,0.2333928644657135
Touchet_WA_824,2020-04-05,0.223,0.23387859761714935
Touchet_WA_824,2020-04-06,0.223,0.22640785574913025
Touchet_WA_824,2020-04-07,0.224,0.22806034982204437
Touchet_WA_824,2020-04-08,0.224,0.22696420550346375
Touchet_WA_824,2020-04-09,0.222,0.2342081516981125
Touchet_WA_824,2020-04-10,0.224,0.22031398117542267
Touchet_WA_824,2020-04-11,0.223,0.21608693897724152
Touchet_WA_824,2020-04-12,0.228,0.21980133652687073
Touchet_WA_824,2020-04-13,0.234,0.2233411818742752
Touchet_WA_824,2020-04-14,0.235,0.23068520426750183
Touchet_WA_824,2020-04-15,0.234,0.23586496710777283
Touchet_WA_824,2020-04-16,0.237,0.2383451759815216
Touchet_WA_824,2020-04-17,0.238,0.252484530210495
Touchet_WA_824,2020-04-18,0.241,0.2506909668445587
Touchet_WA_824,2020-04-19,0.252,0.2507512867450714
Touchet_WA_824,2020-04-20,0.262,0.25506794452667236
Touchet_WA_824,2020-04-21,0.27,0.26809990406036377
Touchet_WA_824,2020-04-22,0.277,0.27641013264656067
Touchet_WA_824,2020-04-23,0.281,0.2906436622142792
Touchet_WA_824,2020-04-24,0.302,0.29650476574897766
Touchet_WA_824,2020-04-25,0.292,0.2963603138923645
Touchet_WA_824,2020-04-26,0.292,0.30114421248435974
Touchet_WA_824,2020-04-27,0.298,0.2987402081489563
Touchet_WA_824,2020-04-28,0.303,0.2993781268596649
Touchet_WA_824,2020-04-29,0.307,0.3002443313598633
Touchet_WA_824,2020-04-30,0.316,0.30038103461265564
Touchet_WA_824,2020-05-01,0.323,0.2993892729282379
Touchet_WA_824,2020-05-02,0.327,0.30355408787727356
Touchet_WA_824,2020-05-03,0.333,0.313449889421463
Touchet_WA_824,2020-05-04,0.313,0.3230430781841278
Touchet_WA_824,2020-05-05,0.331,0.32723838090896606
Touchet_WA_824,2020-05-06,0.339,0.32783982157707214
Touchet_WA_824,2020-05-07,0.321,0.3266012668609619
Touchet_WA_824,2020-05-08,0.332,0.327481210231781
Touchet_WA_824,2020-05-09,0.343,0.32867178320884705
Touchet_WA_824,2020-05-10,0.346,0.3119785189628601
Touchet_WA_824,2020-05-11,0.347,0.3239894211292267
Touchet_WA_824,2020-05-12,0.346,0.3347908854484558
Touchet_WA_824,2020-05-13,0.344,0.33599960803985596
Touchet_WA_824,2020-05-14,0.346,0.3374662399291992
Touchet_WA_824,2020-05-15,0.332,0.336433470249176
Touchet_WA_824,2020-05-16,0.343,0.3364434540271759
Touchet_WA_824,2020-05-17,0.345,0.33689942955970764
Touchet_WA_824,2020-05-18,0.335,0.33402007818222046
Touchet_WA_824,2020-05-19,0.313,0.33078432083129883
Touchet_WA_824,2020-05-20,0.31,0.33166423439979553
Touchet_WA_824,2020-05-21,0.354,0.33445727825164795
Touchet_WA_824,2020-05-22,0.323,0.31704017519950867
Touchet_WA_824,2020-05-23,0.31,0.30959460139274597
Touchet_WA_824,2020-05-24,0.291,0.2918951213359833
Touchet_WA_824,2020-05-25,0.274,0.2865568995475769
Touchet_WA_824,2020-05-26,0.291,0.2661147713661194
Touchet_WA_824,2020-05-27,0.27,0.2598366141319275
Touchet_WA_824,2020-05-28,0.252,0.24694378674030304
Touchet_WA_824,2020-05-29,0.244,0.24321125447750092
Touchet_WA_824,2020-05-30,0.236,0.23774613440036774
Touchet_WA_824,2020-05-31,0.229,0.2559579312801361
Touchet_WA_824,2020-06-01,0.246,0.25843170285224915
Touchet_WA_824,2020-06-02,0.235,0.2520691752433777
Touchet_WA_824,2020-06-03,0.222,0.22900649905204773
Touchet_WA_824,2020-06-04,0.215,0.21679913997650146
Touchet_WA_824,2020-06-05,0.208,0.23462513089179993
Touchet_WA_824,2020-06-06,0.214,0.22984232008457184
Touchet_WA_824,2020-06-07,0.229,0.2329435795545578
Touchet_WA_824,2020-06-08,0.222,0.22926273941993713
Touchet_WA_824,2020-06-09,0.26,0.24318844079971313
Touchet_WA_824,2020-06-10,0.289,0.2520187795162201
Touchet_WA_824,2020-06-11,0.256,0.24586345255374908
Touchet_WA_824,2020-06-12,0.24,0.24528467655181885
Touchet_WA_824,2020-06-13,0.228,0.2689705789089203
Touchet_WA_824,2020-06-14,0.322,0.2724875509738922
Touchet_WA_824,2020-06-15,0.301,0.28383469581604004
Touchet_WA_824,2020-06-16,0.313,0.28946998715400696
Touchet_WA_824,2020-06-17,0.289,0.28063830733299255
Touchet_WA_824,2020-06-18,0.264,0.26225990056991577
Touchet_WA_824,2020-06-19,0.247,0.2407144457101822
Touchet_WA_824,2020-06-20,0.236,0.23984888195991516
Touchet_WA_824,2020-06-21,0.233,0.2194358855485916
Touchet_WA_824,2020-06-22,0.221,0.1978919506072998
Touchet_WA_824,2020-06-23,0.205,0.20051826536655426
Touchet_WA_824,2020-06-24,0.193,0.18543113768100739
Touchet_WA_824,2020-06-25,0.184,0.17790737748146057
Touchet_WA_824,2020-06-26,0.169,0.1602843552827835
Touchet_WA_824,2020-06-27,0.157,0.1518806368112564
Touchet_WA_824,2020-06-28,0.146,0.15193061530590057
Touchet_WA_824,2020-06-29,0.147,0.1656944751739502
Touchet_WA_824,2020-06-30,0.17,0.16937610507011414
Touchet_WA_824,2020-07-01,0.165,0.16994456946849823
Touchet_WA_824,2020-07-02,0.159,0.17143042385578156
Touchet_WA_824,2020-07-03,0.149,0.16012443602085114
Touchet_WA_824,2020-07-04,0.14,0.1514354646205902
Touchet_WA_824,2020-07-05,0.125,0.14626839756965637
Touchet_WA_824,2020-07-06,0.113,0.14345195889472961
Touchet_WA_824,2020-07-07,0.099,0.12344787269830704
Touchet_WA_824,2020-07-08,0.133,0.1280708611011505
Touchet_WA_824,2020-07-09,0.115,0.10614849627017975
Touchet_WA_824,2020-07-10,0.1,0.1063123270869255
Touchet_WA_824,2020-07-11,0.103,0.10329464823007584
Touchet_WA_824,2020-07-12,0.092,0.09927809983491898
Touchet_WA_824,2020-07-13,0.076,0.09421661496162415
Touchet_WA_824,2020-07-14,0.067,0.08016866445541382
Touchet_WA_824,2020-07-15,0.054,0.07092417031526566
Touchet_WA_824,2020-07-16,0.044,0.05673787370324135
Touchet_WA_824,2020-07-17,0.036,0.05282389745116234
Touchet_WA_824,2020-07-18,0.028,0.050667885690927505
Touchet_WA_824,2020-07-19,0.024,0.04690413549542427
Touchet_WA_824,2020-07-20,0.021,0.041627705097198486
Touchet_WA_824,2020-07-21,0.017,0.03643571212887764
Touchet_WA_824,2020-07-22,0.016,0.01065719872713089
Touchet_WA_824,2020-07-23,0.013,0.009054634720087051
Touchet_WA_824,2020-07-24,0.011,0.008276773616671562
Touchet_WA_824,2020-07-25,0.007,0.00711473636329174
Touchet_WA_824,2020-07-26,0.01,0.007650431245565414
Touchet_WA_824,2020-07-27,0.009,0.00762703362852335
Touchet_WA_824,2020-07-28,0.011,0.0068053374998271465
Touchet_WA_824,2020-07-29,0.004,0.007594584953039885
Touchet_WA_824,2020-07-30,0.007,0.006980008911341429
Touchet_WA_824,2020-07-31,0.006,0.007260509300976992
Touchet_WA_824,2020-08-01,0.003,0.007527173031121492
Touchet_WA_824,2020-08-02,0.004,0.00688714487478137
Touchet_WA_824,2020-08-03,0.004,0.006573635619133711
Touchet_WA_824,2020-08-04,0.003,0.007075762376189232
Touchet_WA_824,2020-08-05,0.001,0.007223822176456451
Touchet_WA_824,2020-08-06,0.0,0.008920849300920963
Touchet_WA_824,2020-08-07,0.0,0.003936439286917448
Touchet_WA_824,2020-08-08,0.0,0.0036028174217790365
Touchet_WA_824,2020-08-09,0.0,0.003636231180280447
Touchet_WA_824,2020-08-10,0.0,0.0016988093266263604
Touchet_WA_824,2020-08-11,0.0,0.0014036813518032432
Touchet_WA_824,2020-08-12,0.0,0.004048069939017296
Touchet_WA_824,2020-08-13,0.0,0.004246600437909365
Touchet_WA_824,2020-08-14,0.0,0.0035635961685329676
Touchet_WA_824,2020-08-15,0.0,0.0035635961685329676
Touchet_WA_824,2020-08-16,0.0,0.0020654192194342613
Touchet_WA_824,2020-08-17,0.0,0.0020833087619394064
Touchet_WA_824,2020-08-18,0.0,0.0017987929750233889
Touchet_WA_824,2020-08-19,0.0,0.0029880583751946688
Touchet_WA_824,2020-08-20,0.0,0.0029880583751946688
Touchet_WA_824,2020-08-21,0.0,0.0015952923567965627
Touchet_WA_824,2020-08-22,0.0,0.0023971956688910723
Touchet_WA_824,2020-08-23,0.0,0.0013153202598914504
Touchet_WA_824,2020-08-24,0.0,0.0026041411329060793
Touchet_WA_824,2020-08-25,0.0,-0.0005750398267991841
Touchet_WA_824,2020-08-26,0.0,-0.0007525307009927928
Touchet_WA_824,2020-08-27,0.0,-0.0005948320031166077
Touchet_WA_824,2020-08-28,0.0,-0.0011528783943504095
Touchet_WA_824,2020-08-29,0.0,-0.001037775306031108
Touchet_WA_824,2020-08-30,0.0,-0.0006025952170602977
Touchet_WA_824,2020-08-31,0.0,0.002072330564260483
Touchet_WA_824,2020-09-01,0.0,0.0012113882694393396
Touchet_WA_824,2020-09-02,0.0,-0.0007252720533870161
Touchet_WA_824,2020-09-03,0.0,-0.0006825418095104396
Touchet_WA_824,2020-09-04,0.0,-0.0014994892990216613
Touchet_WA_824,2020-09-05,0.0,-0.0014994892990216613
Touchet_WA_824,2020-09-06,0.0,-0.002096715848892927
Touchet_WA_824,2020-09-07,0.0,-0.001599690760485828
Touchet_WA_824,2020-09-08,0.0,-0.0010951453587040305
Touchet_WA_824,2020-09-09,0.0,-0.0001563036348670721
Touchet_WA_824,2020-09-10,0.0,0.00034235112252645195
Touchet_WA_824,2020-09-11,0.0,0.0004767042410094291
Touchet_WA_824,2020-09-12,0.0,0.0013292542425915599
Touchet_WA_824,2020-09-13,0.0,0.002350053982809186
Touchet_WA_824,2020-09-14,0.0,0.002239988185465336
Touchet_WA_824,2020-09-15,0.0,0.005031319335103035
Touchet_WA_824,2020-09-16,0.0,0.006096433382481337
Touchet_WA_824,2020-09-17,0.0,0.00647963909432292
Touchet_WA_824,2020-09-18,0.0,0.009291562251746655
Touchet_WA_824,2020-09-19,0.0,0.009563017636537552
Touchet_WA_824,2020-09-20,0.07,0.027675127610564232
Touchet_WA_824,2020-09-21,0.062,0.04363643005490303
Touchet_WA_824,2020-09-22,0.047,0.045606829226017
Touchet_WA_824,2020-09-23,0.032,0.04969253018498421
Touchet_WA_824,2020-09-24,0.02,0.05510549619793892
Touchet_WA_824,2020-09-25,0.131,0.11345203220844269
Touchet_WA_824,2020-09-26,0.113,0.1280454695224762
Touchet_WA_824,2020-09-27,0.191,0.14995281398296356
Touchet_WA_824,2020-09-28,0.165,0.15011855959892273
Touchet_WA_824,2020-09-29,0.149,0.13207831978797913
Touchet_WA_824,2020-09-30,0.138,0.12470617890357971
Touchet_WA_824,2020-10-01,0.126,0.11627783626317978
Touchet_WA_824,2020-10-02,0.12,0.11097390949726105
Touchet_WA_824,2020-10-03,0.11,0.10073546320199966
Touchet_WA_824,2020-10-04,0.103,0.09592361003160477
Touchet_WA_824,2020-10-05,0.097,0.09434761106967926
Touchet_WA_824,2020-10-06,0.09,0.08690686523914337
Touchet_WA_824,2020-10-07,0.083,0.0837002694606781
Touchet_WA_824,2020-10-08,0.079,0.08166283369064331
Touchet_WA_824,2020-10-09,0.072,0.07140202075242996
Touchet_WA_824,2020-10-10,0.07,0.09416361898183823
Touchet_WA_824,2020-10-11,0.307,0.22540856897830963
Touchet_WA_824,2020-10-12,0.312,0.2639945149421692
Touchet_WA_824,2020-10-13,0.259,0.26776614785194397
Touchet_WA_824,2020-10-14,0.314,0.27306821942329407
Touchet_WA_824,2020-10-15,0.247,0.24861934781074524
Touchet_WA_824,2020-10-16,0.223,0.22322790324687958
Touchet_WA_824,2020-10-17,0.204,0.20979496836662292
Touchet_WA_824,2020-10-18,0.194,0.1984388381242752
Touchet_WA_824,2020-10-19,0.216,0.19649532437324524
Touchet_WA_824,2020-10-20,0.197,0.18204361200332642
Touchet_WA_824,2020-10-21,0.186,0.18207386136054993
Touchet_WA_824,2020-10-22,0.18,0.18172381818294525
Touchet_WA_824,2020-10-23,0.185,0.20246008038520813
Touchet_WA_824,2020-10-24,0.155,0.2057565301656723
Touchet_WA_824,2020-10-25,0.277,0.22659458220005035
Touchet_WA_824,2020-10-26,0.239,0.2292250692844391
Touchet_WA_824,2020-10-27,0.212,0.22298716008663177
Touchet_WA_824,2020-10-28,0.231,0.2118237018585205
