station_id,date,y_true,y_pred
Darrington,2019-01-01,0.266,0.28709936141967773
Darrington,2019-01-02,0.274,0.2952731251716614
Darrington,2019-01-03,0.336,0.3046381175518036
Darrington,2019-01-04,0.311,0.30208805203437805
Darrington,2019-01-05,0.281,0.28577545285224915
Darrington,2019-01-06,0.305,0.30248701572418213
Darrington,2019-01-07,0.309,0.2868138253688812
Darrington,2019-01-08,0.282,0.2854856252670288
Darrington,2019-01-09,0.319,0.28580519556999207
Darrington,2019-01-10,0.308,0.2834920585155487
Darrington,2019-01-11,0.277,0.27018406987190247
Darrington,2019-01-12,0.266,0.26459479331970215
Darrington,2019-01-13,0.259,0.25756171345710754
Darrington,2019-01-14,0.253,0.257266104221344
Darrington,2019-01-15,0.264,0.2529756426811218
Darrington,2019-01-16,0.261,0.2466316819190979
Darrington,2019-01-17,0.26,0.25537753105163574
Darrington,2019-01-18,0.31,0.2858951985836029
Darrington,2019-01-19,0.319,0.2942703664302826
Darrington,2019-01-20,0.283,0.2909392714500427
Darrington,2019-01-21,0.268,0.2861507534980774
Darrington,2019-01-22,0.3,0.30150482058525085
Darrington,2019-01-23,0.309,0.3026162385940552
Darrington,2019-01-24,0.277,0.29382187128067017
Darrington,2019-01-25,0.267,0.27523094415664673
Darrington,2019-01-26,0.26,0.26873254776000977
Darrington,2019-01-27,0.255,0.24812470376491547
Darrington,2019-01-28,0.252,0.24658827483654022
Darrington,2019-01-29,0.246,0.25005364418029785
Darrington,2019-01-30,0.244,0.24813124537467957
Darrington,2019-01-31,0.246,0.24143275618553162
Darrington,2019-02-01,0.304,0.2717893123626709
Darrington,2019-02-02,0.302,0.27917352318763733
Darrington,2019-02-03,0.281,0.2771056890487671
Darrington,2019-02-04,0.258,0.26087284088134766
Darrington,2019-03-27,0.253,0.2604834735393524
Darrington,2019-03-28,0.243,0.2547560930252075
Darrington,2019-03-29,0.237,0.2506272792816162
Darrington,2019-03-30,0.233,0.23785239458084106
Darrington,2019-03-31,0.229,0.23737835884094238
Darrington,2019-04-01,0.225,0.22943994402885437
Darrington,2019-04-02,0.221,0.22319892048835754
Darrington,2019-04-03,0.252,0.22985760867595673
Darrington,2019-04-04,0.26,0.25325751304626465
Darrington,2019-04-05,0.266,0.25476911664009094
Darrington,2019-04-06,0.286,0.2688676416873932
Darrington,2019-04-07,0.291,0.26939868927001953
Darrington,2019-04-08,0.273,0.27977514266967773
Darrington,2019-04-09,0.297,0.2897380590438843
Darrington,2019-04-10,0.299,0.29560819268226624
Darrington,2019-04-11,0.303,0.2974720895290375
Darrington,2019-04-12,0.287,0.29463303089141846
Darrington,2019-04-13,0.307,0.29930147528648376
Darrington,2019-04-14,0.306,0.2993987798690796
Darrington,2019-04-15,0.274,0.27541545033454895
Darrington,2019-04-16,0.27,0.28115954995155334
Darrington,2019-04-17,0.292,0.2746002972126007
Darrington,2019-04-18,0.315,0.28940486907958984
Darrington,2019-04-19,0.319,0.29297399520874023
Darrington,2019-04-20,0.272,0.2807005047798157
Darrington,2019-04-21,0.251,0.2686196565628052
Darrington,2019-04-22,0.25,0.25852474570274353
Darrington,2019-04-23,0.26,0.25510698556900024
Darrington,2019-04-24,0.248,0.24666622281074524
Darrington,2019-04-25,0.234,0.242371067404747
Darrington,2019-04-26,0.224,0.22357934713363647
Darrington,2019-04-27,0.225,0.2186555564403534
Darrington,2019-04-28,0.22,0.2185630053281784
Darrington,2019-04-29,0.211,0.20937106013298035
Darrington,2019-04-30,0.203,0.20649243891239166
Darrington,2019-05-01,0.195,0.196156844496727
Darrington,2019-05-02,0.193,0.19902682304382324
Darrington,2019-05-03,0.192,0.1914517879486084
Darrington,2019-05-04,0.186,0.18410173058509827
Darrington,2019-05-05,0.176,0.17834119498729706
Darrington,2019-05-06,0.163,0.15578092634677887
Darrington,2019-05-07,0.151,0.1446504443883896
Darrington,2019-05-08,0.139,0.13600918650627136
Darrington,2019-05-09,0.126,0.12370505183935165
Darrington,2019-05-10,0.113,0.117251917719841
Darrington,2019-05-11,0.101,0.11168906837701797
Darrington,2019-05-12,0.095,0.10800549387931824
Darrington,2019-05-13,0.091,0.09676558524370193
Darrington,2019-05-14,0.09,0.12135075777769089
Darrington,2019-05-15,0.09,0.12966850399971008
Darrington,2019-05-16,0.089,0.14219124615192413
Darrington,2019-05-17,0.147,0.17253440618515015
Darrington,2019-05-18,0.174,0.17028801143169403
Darrington,2019-05-19,0.161,0.1700136959552765
Darrington,2019-05-20,0.179,0.19362622499465942
Darrington,2019-05-21,0.201,0.19331613183021545
Darrington,2019-05-22,0.187,0.18803954124450684
Darrington,2019-05-23,0.172,0.1793026328086853
Darrington,2019-05-24,0.206,0.19295862317085266
Darrington,2019-05-25,0.226,0.20407861471176147
Darrington,2019-05-26,0.225,0.19905847311019897
Darrington,2019-05-27,0.196,0.18875689804553986
Darrington,2019-05-28,0.175,0.15506915748119354
Darrington,2019-05-29,0.162,0.15365509688854218
Darrington,2019-05-30,0.149,0.1420288234949112
Darrington,2019-05-31,0.133,0.13018013536930084
Darrington,2019-06-01,0.118,0.12406390905380249
Darrington,2019-06-02,0.105,0.11615753173828125
Darrington,2019-06-03,0.097,0.10605055838823318
Darrington,2019-06-04,0.09,0.09118840098381042
Darrington,2019-06-05,0.087,0.08695868402719498
Darrington,2019-06-06,0.085,0.08565811812877655
Darrington,2019-06-07,0.085,0.11065082252025604
Darrington,2019-06-08,0.091,0.1208917573094368
Darrington,2019-06-09,0.097,0.1114945039153099
Darrington,2019-06-10,0.097,0.10881892591714859
Darrington,2019-06-11,0.093,0.11293648183345795
Darrington,2019-06-12,0.087,0.10840602219104767
Darrington,2019-06-13,0.081,0.1007959321141243
Darrington,2019-06-14,0.078,0.10072784870862961
Darrington,2019-06-15,0.076,0.10119710862636566
Darrington,2019-06-16,0.073,0.08383407443761826
Darrington,2019-06-17,0.069,0.07081189006567001
Darrington,2019-06-18,0.069,0.07340092957019806
Darrington,2019-06-19,0.075,0.07723817229270935
Darrington,2019-06-20,0.076,0.08162365108728409
Darrington,2019-06-21,0.075,0.08129618316888809
Darrington,2019-06-22,0.074,0.08138824254274368
Darrington,2019-06-23,0.074,0.08541740477085114
Darrington,2019-06-24,0.073,0.09558554738759995
Darrington,2019-06-25,0.071,0.09474819898605347
Darrington,2019-06-26,0.072,0.08780404925346375
Darrington,2019-06-27,0.127,0.12192943692207336
Darrington,2019-06-28,0.165,0.14032377302646637
Darrington,2019-06-29,0.16,0.14943276345729828
Darrington,2019-06-30,0.147,0.15975607931613922
Darrington,2019-07-01,0.134,0.14992548525333405
Darrington,2019-07-02,0.124,0.12665127217769623
Darrington,2019-07-03,0.119,0.12529680132865906
Darrington,2019-07-04,0.115,0.12541510164737701
Darrington,2019-07-05,0.112,0.11189846694469452
Darrington,2019-07-06,0.106,0.10141634941101074
Darrington,2019-07-07,0.101,0.09727256745100021
Darrington,2019-07-08,0.096,0.10348132997751236
Darrington,2019-07-09,0.088,0.0936218723654747
Darrington,2019-07-10,0.09,0.09982200711965561
Darrington,2019-07-11,0.1,0.11511045694351196
Darrington,2019-07-12,0.098,0.10386959463357925
Darrington,2019-07-13,0.092,0.10147841274738312
Darrington,2019-07-14,0.087,0.10007654130458832
Darrington,2019-07-15,0.082,0.09402915835380554
Darrington,2019-07-16,0.081,0.09547527879476547
Darrington,2019-07-17,0.1,0.14669792354106903
Darrington,2019-07-18,0.158,0.16279010474681854
Darrington,2019-07-19,0.16,0.16681240499019623
Darrington,2019-07-20,0.155,0.16379232704639435
Darrington,2019-07-21,0.145,0.15218544006347656
Darrington,2019-07-22,0.134,0.1328267902135849
Darrington,2019-07-23,0.126,0.12366192042827606
Darrington,2019-07-24,0.12,0.12111977487802505
Darrington,2019-07-25,0.114,0.10964078456163406
Darrington,2019-07-26,0.106,0.1038627102971077
Darrington,2019-07-27,0.102,0.1067982167005539
Darrington,2019-07-28,0.099,0.1032092496752739
Darrington,2019-07-29,0.094,0.09880738705396652
Darrington,2019-07-30,0.091,0.09708382934331894
Darrington,2019-07-31,0.088,0.09442415088415146
Darrington,2019-08-01,0.084,0.09321055561304092
Darrington,2019-08-02,0.101,0.09918717294931412
Darrington,2019-08-03,0.113,0.10139535367488861
Darrington,2019-08-04,0.111,0.09699208289384842
Darrington,2019-08-05,0.105,0.09352730214595795
Darrington,2019-08-06,0.099,0.08912082761526108
Darrington,2019-08-07,0.094,0.08737615495920181
Darrington,2019-08-08,0.091,0.08351562172174454
Darrington,2019-08-09,0.089,0.08552137762308121
Darrington,2019-08-10,0.092,0.08460455387830734
Darrington,2019-08-11,0.093,0.08911941200494766
Darrington,2019-08-12,0.092,0.09374427050352097
Darrington,2019-08-13,0.089,0.09150764346122742
Darrington,2019-08-14,0.087,0.08946399390697479
Darrington,2019-08-15,0.084,0.09118771553039551
Darrington,2019-08-16,0.082,0.08646135777235031
Darrington,2019-08-17,0.081,0.08664277195930481
Darrington,2019-08-18,0.079,0.08336127549409866
Darrington,2019-08-19,0.077,0.08026518672704697
Darrington,2019-08-20,0.075,0.07553016394376755
Darrington,2019-08-21,0.079,0.07953960448503494
Darrington,2019-08-22,0.089,0.08531082421541214
Darrington,2019-08-23,0.093,0.08581798523664474
Darrington,2019-08-24,0.099,0.08581798523664474
Darrington,2019-08-25,0.1,0.08520573377609253
Darrington,2019-08-26,0.099,0.08605020493268967
Darrington,2019-08-27,0.095,0.08289095014333725
Darrington,2019-08-28,0.091,0.08179367333650589
Darrington,2019-08-29,0.086,0.07635767757892609
Darrington,2019-08-30,0.084,0.08046551793813705
Darrington,2019-08-31,0.084,0.0840107724070549
Darrington,2019-09-01,0.081,0.08364234864711761
Darrington,2019-09-02,0.078,0.08324701339006424
Darrington,2019-09-03,0.076,0.08214537054300308
Darrington,2019-09-04,0.075,0.08091012388467789
Darrington,2019-09-05,0.073,0.07896210998296738
Darrington,2019-09-06,0.072,0.07809160649776459
Darrington,2019-09-07,0.07,0.07646673172712326
Darrington,2019-09-08,0.08,0.07962755858898163
Darrington,2019-09-09,0.09,0.07928836345672607
Darrington,2019-09-10,0.093,0.08942388743162155
Darrington,2019-09-11,0.094,0.08476261794567108
Darrington,2019-09-12,0.094,0.09314747899770737
Darrington,2019-09-13,0.115,0.14264486730098724
Darrington,2019-09-14,0.143,0.15783274173736572
Darrington,2019-09-15,0.193,0.17923882603645325
Darrington,2019-09-16,0.204,0.21319080889225006
Darrington,2019-09-17,0.216,0.2324073314666748
Darrington,2019-09-18,0.226,0.2344849854707718
Darrington,2019-09-19,0.215,0.22079381346702576
Darrington,2019-09-20,0.206,0.2174805998802185
Darrington,2019-09-21,0.2,0.2113713026046753
Darrington,2019-09-22,0.237,0.22608153522014618
Darrington,2019-09-23,0.259,0.2452842742204666
Darrington,2019-09-24,0.257,0.2587987780570984
Darrington,2019-09-25,0.234,0.25169557332992554
Darrington,2019-09-26,0.271,0.2627612352371216
Darrington,2019-09-27,0.262,0.2586163282394409
Darrington,2019-09-28,0.247,0.2536194622516632
Darrington,2019-09-29,0.233,0.24510996043682098
Darrington,2019-09-30,0.225,0.24059155583381653
Darrington,2019-10-01,0.22,0.2319323569536209
Darrington,2019-10-02,0.216,0.227824404835701
Darrington,2019-10-03,0.224,0.23230844736099243
Darrington,2019-10-04,0.264,0.24081531167030334
Darrington,2019-10-05,0.27,0.24139627814292908
Darrington,2019-10-06,0.251,0.24023248255252838
Darrington,2019-10-07,0.293,0.260682076215744
Darrington,2019-10-08,0.271,0.26729726791381836
Darrington,2019-10-09,0.251,0.2558198571205139
Darrington,2019-10-10,0.24,0.25307539105415344
Darrington,2019-10-11,0.234,0.240905299782753
Darrington,2019-10-12,0.23,0.23399995267391205
Darrington,2019-10-13,0.227,0.23300261795520782
Darrington,2019-10-14,0.224,0.22818264365196228
Darrington,2019-10-15,0.221,0.21647290885448456
Darrington,2019-10-16,0.239,0.25397083163261414
Darrington,2019-10-17,0.295,0.2773880660533905
Darrington,2019-10-18,0.293,0.2863786518573761
Darrington,2019-10-19,0.288,0.2873407304286957
Darrington,2019-10-20,0.296,0.2859644293785095
Darrington,2019-10-21,0.324,0.28901344537734985
Darrington,2019-10-22,0.282,0.2853544354438782
Darrington,2019-10-23,0.258,0.2704193890094757
Darrington,2019-10-24,0.249,0.2674393653869629
Darrington,2019-10-26,0.273,0.25284266471862793
Darrington,2019-10-27,0.256,0.2511124014854431
Darrington,2019-10-28,0.249,0.23784086108207703
Darrington,2019-10-29,0.244,0.23252040147781372
Darrington,2019-10-30,0.24,0.23852434754371643
Darrington,2019-10-31,0.238,0.23982976377010345
Darrington,2019-11-01,0.236,0.24071155488491058
Darrington,2019-11-02,0.234,0.24041283130645752
Darrington,2019-11-03,0.233,0.24034295976161957
Darrington,2019-11-04,0.231,0.231403186917305
Darrington,2019-11-05,0.23,0.22582058608531952
Darrington,2019-11-06,0.229,0.22335144877433777
Darrington,2019-11-07,0.228,0.2185286283493042
Darrington,2019-11-08,0.227,0.2183389812707901
Darrington,2019-11-09,0.228,0.2282615602016449
Darrington,2019-11-10,0.23,0.22572192549705505
Darrington,2019-11-11,0.229,0.22371253371238708
Darrington,2019-11-12,0.262,0.24276618659496307
Darrington,2019-11-13,0.265,0.251798540353775
Darrington,2019-11-14,0.252,0.24628552794456482
Darrington,2019-11-15,0.291,0.27323147654533386
Darrington,2019-11-16,0.292,0.2791444957256317
Darrington,2019-11-17,0.32,0.2900509238243103
Darrington,2019-11-18,0.288,0.28773045539855957
Darrington,2019-11-19,0.299,0.2841205894947052
Darrington,2019-11-20,0.269,0.27703043818473816
Darrington,2019-11-21,0.26,0.26837027072906494
Darrington,2019-11-22,0.253,0.26305094361305237
Darrington,2019-11-23,0.264,0.26932865381240845
Darrington,2019-11-24,0.309,0.2856842875480652
Darrington,2019-11-25,0.3,0.28770875930786133
Darrington,2019-11-26,0.276,0.2694670557975769
Darrington,2019-11-27,0.262,0.26016274094581604
Darrington,2019-11-28,0.253,0.25774046778678894
Darrington,2019-11-29,0.244,0.2502472996711731
Darrington,2019-11-30,0.237,0.2424696832895279
Darrington,2019-12-01,0.238,0.24396120011806488
Darrington,2019-12-02,0.276,0.25973838567733765
Darrington,2019-12-03,0.323,0.28611019253730774
Darrington,2019-12-04,0.313,0.2941219210624695
Darrington,2019-12-05,0.276,0.2862577438354492
Darrington,2019-12-06,0.267,0.28548699617385864
Darrington,2019-12-07,0.301,0.28292325139045715
Darrington,2019-12-08,0.281,0.2818071246147156
Darrington,2019-12-09,0.266,0.27591806650161743
Darrington,2019-12-10,0.263,0.278579980134964
Darrington,2019-12-11,0.287,0.27709290385246277
Darrington,2019-12-12,0.331,0.29195091128349304
Darrington,2019-12-13,0.305,0.2972448766231537
Darrington,2019-12-14,0.28,0.2999538779258728
Darrington,2019-12-15,0.273,0.3005901873111725
Darrington,2019-12-16,0.283,0.2900402545928955
Darrington,2019-12-17,0.284,0.28410714864730835
Darrington,2019-12-18,0.273,0.2879328429698944
Darrington,2019-12-19,0.328,0.3167847990989685
Darrington,2019-12-20,0.348,0.3244667649269104
Darrington,2019-12-21,0.32,0.3197765648365021
Darrington,2019-12-22,0.283,0.3130912184715271
Darrington,2019-12-23,0.294,0.30723920464515686
Darrington,2019-12-24,0.274,0.2874833345413208
Darrington,2019-12-25,0.265,0.2717110514640808
Darrington,2019-12-26,0.253,0.274091899394989
Darrington,2019-12-27,0.268,0.2647387385368347
Darrington,2019-12-28,0.285,0.26198261976242065
Darrington,2019-12-29,0.281,0.25712305307388306
Darrington,2019-12-30,0.289,0.2788899838924408
Darrington,2019-12-31,0.342,0.3048599064350128
Darrington,2020-01-01,0.317,0.3202461004257202
Darrington,2020-01-02,0.313,0.3216896057128906
Darrington,2020-01-03,0.305,0.32082638144493103
Darrington,2020-01-04,0.314,0.3228714168071747
Darrington,2020-01-05,0.311,0.32382670044898987
Darrington,2020-01-06,0.335,0.31909459829330444
Darrington,2020-01-07,0.334,0.31794604659080505
Darrington,2020-01-08,0.3,0.30365946888923645
Darrington,2020-01-09,0.284,0.3008638322353363
Darrington,2020-01-10,0.277,0.29914912581443787
Darrington,2020-01-11,0.297,0.29498931765556335
Darrington,2020-01-12,0.298,0.2965896427631378
Darrington,2020-01-13,0.289,0.2894126772880554
Darrington,2020-01-14,0.276,0.28286150097846985
Darrington,2020-01-15,0.27,0.28415563702583313
Darrington,2020-01-16,0.265,0.2790193259716034
Darrington,2020-01-17,0.263,0.2783856987953186
Darrington,2020-01-18,0.264,0.28260791301727295
Darrington,2020-01-19,0.267,0.27629226446151733
Darrington,2020-01-20,0.267,0.2776488959789276
Darrington,2020-01-21,0.277,0.29249224066734314
Darrington,2020-01-22,0.304,0.30395442247390747
Darrington,2020-01-23,0.321,0.31258031725883484
Darrington,2020-01-24,0.319,0.3126090168952942
Darrington,2020-01-25,0.312,0.31113290786743164
Darrington,2020-01-26,0.316,0.30973055958747864
Darrington,2020-01-27,0.32,0.30701157450675964
Darrington,2020-01-28,0.313,0.3067544996738434
Darrington,2020-01-29,0.313,0.3114732801914215
Darrington,2020-01-30,0.3,0.3114732801914215
Darrington,2020-01-31,0.335,0.31357744336128235
Darrington,2020-02-01,0.319,0.31359151005744934
Darrington,2020-02-02,0.29,0.3129182755947113
Darrington,2020-02-03,0.282,0.3021566867828369
Darrington,2020-02-04,0.276,0.29342982172966003
Darrington,2020-02-05,0.303,0.29507195949554443
Darrington,2020-02-06,0.317,0.3008730709552765
Darrington,2020-02-07,0.321,0.30256396532058716
Darrington,2020-02-08,0.31,0.30228009819984436
Darrington,2020-02-09,0.285,0.2829864025115967
Darrington,2020-02-10,0.275,0.284260630607605
Darrington,2020-02-11,0.291,0.29341843724250793
Darrington,2020-02-12,0.29,0.2824239432811737
Darrington,2020-02-13,0.287,0.2971545159816742
Darrington,2020-02-14,0.319,0.3069063723087311
Darrington,2020-02-15,0.321,0.3090318739414215
Darrington,2020-02-16,0.317,0.3106500804424286
Darrington,2020-02-17,0.303,0.3085101544857025
Darrington,2020-02-18,0.282,0.29537448287010193
Darrington,2020-02-19,0.273,0.29044872522354126
Darrington,2020-02-23,0.323,0.3090711832046509
Darrington,2020-02-24,0.311,0.3094176650047302
Darrington,2020-02-25,0.285,0.3087385296821594
Darrington,2020-02-26,0.294,0.30099815130233765
Darrington,2020-02-27,0.281,0.288283109664917
Darrington,2020-02-28,0.279,0.2950054109096527
Darrington,2020-02-29,0.316,0.2991035580635071
Darrington,2020-03-01,0.291,0.30155253410339355
Darrington,2020-03-02,0.321,0.30847224593162537
Darrington,2020-03-03,0.32,0.30919748544692993
Darrington,2020-03-04,0.304,0.3069900572299957
Darrington,2020-03-05,0.294,0.30343863368034363
Darrington,2020-03-06,0.315,0.30223193764686584
Darrington,2020-03-07,0.297,0.3007938265800476
Darrington,2020-03-08,0.303,0.298869788646698
Darrington,2020-03-09,0.282,0.28494179248809814
Darrington,2020-03-10,0.279,0.2862153649330139
Darrington,2020-03-11,0.307,0.2946067154407501
Darrington,2020-03-12,0.282,0.28950855135917664
Darrington,2020-03-13,0.273,0.2833220660686493
Darrington,2020-03-14,0.263,0.269732803106308
Darrington,2020-03-15,0.256,0.26347416639328003
Darrington,2020-03-16,0.253,0.25175929069519043
Darrington,2020-03-17,0.25,0.24793340265750885
Darrington,2020-03-18,0.247,0.24227775633335114
Darrington,2020-03-19,0.246,0.24511364102363586
Darrington,2020-03-20,0.244,0.24525639414787292
Darrington,2020-03-21,0.242,0.2434355467557907
Darrington,2020-03-22,0.24,0.23596073687076569
Darrington,2020-03-23,0.247,0.25309398770332336
Darrington,2020-03-24,0.253,0.2553042769432068
Darrington,2020-03-25,0.253,0.2553745210170746
Darrington,2020-03-26,0.252,0.26751235127449036
Darrington,2020-03-27,0.255,0.27276137471199036
Darrington,2020-03-28,0.294,0.2870698571205139
Darrington,2020-03-29,0.31,0.30030161142349243
Darrington,2020-03-30,0.31,0.3074321150779724
Darrington,2020-03-31,0.308,0.3150980770587921
Darrington,2020-04-01,0.291,0.30008000135421753
Darrington,2020-04-02,0.283,0.30247625708580017
Darrington,2020-04-03,0.309,0.29539793729782104
Darrington,2020-04-04,0.293,0.29175814986228943
Darrington,2020-04-05,0.275,0.286823570728302
Darrington,2020-04-06,0.265,0.2739195227622986
Darrington,2020-04-07,0.258,0.26038098335266113
Darrington,2020-04-08,0.252,0.25800490379333496
Darrington,2020-04-09,0.246,0.2536599934101105
Darrington,2020-04-10,0.243,0.254816472530365
Darrington,2020-04-11,0.245,0.2504062354564667
Darrington,2020-04-12,0.24,0.24720314145088196
Darrington,2020-04-13,0.235,0.2466145157814026
Darrington,2020-04-14,0.229,0.23649562895298004
Darrington,2020-04-15,0.223,0.2328995019197464
Darrington,2020-04-16,0.216,0.21584448218345642
Darrington,2020-04-17,0.211,0.20443759858608246
Darrington,2020-04-18,0.207,0.20924897491931915
Darrington,2020-04-19,0.204,0.2084735631942749
Darrington,2020-04-20,0.199,0.20879070460796356
Darrington,2020-04-21,0.192,0.20716537535190582
Darrington,2020-04-22,0.212,0.23529158532619476
Darrington,2020-04-23,0.248,0.2508133351802826
Darrington,2020-04-24,0.247,0.24979263544082642
Darrington,2020-04-25,0.265,0.27850908041000366
Darrington,2020-04-26,0.287,0.2790825366973877
Darrington,2020-04-27,0.31,0.2910999059677124
Darrington,2020-04-28,0.286,0.2880571782588959
Darrington,2020-04-29,0.275,0.2906406819820404
Darrington,2020-04-30,0.288,0.2922622263431549
Darrington,2020-05-01,0.275,0.2745199203491211
Darrington,2020-05-02,0.279,0.28669995069503784
Darrington,2020-05-03,0.317,0.2994723618030548
Darrington,2020-05-04,0.289,0.2880166172981262
Darrington,2020-05-05,0.268,0.28297412395477295
Darrington,2020-05-06,0.316,0.28724175691604614
Darrington,2020-05-07,0.293,0.2765662670135498
Darrington,2020-05-08,0.265,0.26694387197494507
Darrington,2020-05-09,0.238,0.2530073821544647
Darrington,2020-05-10,0.216,0.22963932156562805
Darrington,2020-05-11,0.204,0.22635427117347717
Darrington,2020-05-12,0.229,0.24595525860786438
Darrington,2020-05-13,0.248,0.2532408535480499
Darrington,2020-05-14,0.249,0.2551352083683014
Darrington,2020-05-15,0.253,0.25695905089378357
Darrington,2020-05-16,0.253,0.2555471360683441
Darrington,2020-05-17,0.303,0.2728065550327301
Darrington,2020-05-18,0.295,0.265066534280777
Darrington,2020-05-19,0.271,0.26498642563819885
Darrington,2020-05-20,0.26,0.2692854106426239
Darrington,2020-05-21,0.272,0.2704574465751648
Darrington,2020-05-22,0.316,0.2746438682079315
Darrington,2020-05-23,0.291,0.27192923426628113
Darrington,2020-05-24,0.269,0.272747665643692
Darrington,2020-05-25,0.291,0.28058692812919617
Darrington,2020-05-26,0.304,0.27300143241882324
Darrington,2020-05-27,0.272,0.2690165936946869
Darrington,2020-05-28,0.249,0.2655845582485199
Darrington,2020-05-29,0.23,0.2543672025203705
Darrington,2020-05-30,0.263,0.2709004878997803
Darrington,2020-05-31,0.296,0.2755972743034363
Darrington,2020-06-01,0.278,0.2724783420562744
Darrington,2020-06-02,0.269,0.26222363114356995
Darrington,2020-06-03,0.262,0.24626463651657104
Darrington,2020-06-04,0.252,0.24762175977230072
Darrington,2020-06-05,0.247,0.2528581917285919
Darrington,2020-06-06,0.263,0.26162534952163696
Darrington,2020-06-07,0.281,0.26052799820899963
Darrington,2020-06-08,0.294,0.2831079661846161
Darrington,2020-06-09,0.318,0.3045124113559723
Darrington,2020-06-10,0.308,0.3008813261985779
Darrington,2020-06-11,0.295,0.2989475727081299
Darrington,2020-06-12,0.308,0.3020073473453522
Darrington,2020-06-13,0.311,0.294789582490921
Darrington,2020-06-14,0.313,0.2978258430957794
Darrington,2020-06-15,0.314,0.29353663325309753
Darrington,2020-06-16,0.311,0.28590068221092224
Darrington,2020-06-17,0.291,0.2763999104499817
Darrington,2020-06-18,0.272,0.2635185718536377
Darrington,2020-06-19,0.252,0.24920283257961273
Darrington,2020-06-20,0.246,0.24626655876636505
Darrington,2020-06-21,0.242,0.2488192766904831
Darrington,2020-06-22,0.229,0.23398075997829437
Darrington,2020-06-23,0.216,0.2218802273273468
Darrington,2020-06-24,0.222,0.22667667269706726
Darrington,2020-06-25,0.219,0.22043156623840332
Darrington,2020-06-26,0.21,0.22329771518707275
Darrington,2020-06-27,0.206,0.22732503712177277
Darrington,2020-06-28,0.205,0.21126773953437805
Darrington,2020-06-29,0.198,0.2160411775112152
Darrington,2020-06-30,0.193,0.22597606480121613
Darrington,2020-07-01,0.212,0.24300169944763184
Darrington,2020-07-02,0.255,0.248671755194664
Darrington,2020-07-03,0.252,0.25198426842689514
Darrington,2020-07-04,0.251,0.24688053131103516
Darrington,2020-07-05,0.238,0.23936070501804352
Darrington,2020-07-06,0.226,0.23122671246528625
Darrington,2020-07-07,0.221,0.22790440917015076
Darrington,2020-07-08,0.216,0.21689197421073914
Darrington,2020-07-09,0.218,0.21753565967082977
Darrington,2020-07-10,0.223,0.21661309897899628
Darrington,2020-07-11,0.216,0.21709267795085907
Darrington,2020-07-12,0.224,0.22010670602321625
Darrington,2020-07-13,0.218,0.2133685052394867
Darrington,2020-07-14,0.205,0.19481810927391052
Darrington,2020-07-15,0.194,0.1905384212732315
Darrington,2020-07-16,0.183,0.18098725378513336
Darrington,2020-07-17,0.177,0.17342893779277802
Darrington,2020-07-18,0.17,0.15197868645191193
Darrington,2020-07-19,0.159,0.138000950217247
Darrington,2020-07-20,0.149,0.13133864104747772
Darrington,2020-07-21,0.138,0.12263942509889603
Darrington,2020-07-22,0.129,0.11203885823488235
Darrington,2020-07-23,0.123,0.10939060151576996
Darrington,2020-07-24,0.12,0.11636814475059509
Darrington,2020-07-25,0.115,0.1099463477730751
Darrington,2020-07-26,0.109,0.10784322768449783
Darrington,2020-07-27,0.101,0.09893817454576492
Darrington,2020-07-28,0.095,0.09225797653198242
Darrington,2020-07-29,0.089,0.08714856952428818
Darrington,2020-07-30,0.085,0.08495773375034332
Darrington,2020-07-31,0.082,0.08335861563682556
Darrington,2020-08-01,0.079,0.08135497570037842
Darrington,2020-08-02,0.076,0.08118370175361633
Darrington,2020-08-03,0.074,0.07662436366081238
Darrington,2020-08-04,0.072,0.07377727329730988
Darrington,2020-08-05,0.07,0.0729932188987732
Darrington,2020-08-06,0.073,0.08097300678491592
Darrington,2020-08-07,0.084,0.08682285994291306
Darrington,2020-08-08,0.087,0.08824803680181503
Darrington,2020-08-09,0.087,0.08897937089204788
Darrington,2020-08-10,0.084,0.08478914946317673
Darrington,2020-08-11,0.08,0.079014852643013
Darrington,2020-08-12,0.076,0.07051058858633041
Darrington,2020-08-13,0.073,0.06597717851400375
Darrington,2020-08-14,0.069,0.06363680213689804
Darrington,2020-08-15,0.066,0.07704266160726547
Darrington,2020-08-16,0.065,0.07544296979904175
Darrington,2020-08-17,0.063,0.07118318974971771
Darrington,2020-08-18,0.061,0.055649589747190475
Darrington,2020-08-19,0.059,0.05635667219758034
Darrington,2020-08-20,0.059,0.057036060839891434
Darrington,2020-08-21,0.06,0.06916970759630203
Darrington,2020-08-22,0.072,0.10328947752714157
Darrington,2020-08-23,0.07,0.09136935323476791
Darrington,2020-08-24,0.07,0.10168073326349258
Darrington,2020-08-25,0.068,0.0931381806731224
Darrington,2020-08-26,0.066,0.07931485027074814
Darrington,2020-08-27,0.064,0.07521826773881912
Darrington,2020-08-28,0.062,0.06918802112340927
Darrington,2020-08-29,0.061,0.06586665660142899
Darrington,2020-08-30,0.058,0.06544554978609085
Darrington,2020-08-31,0.059,0.0664333701133728
Darrington,2020-09-01,0.06,0.06455174088478088
Darrington,2020-09-02,0.059,0.06379546970129013
Darrington,2020-09-03,0.059,0.060252320021390915
Darrington,2020-09-04,0.058,0.06104667857289314
Darrington,2020-09-05,0.057,0.061367154121398926
Darrington,2020-09-06,0.057,0.05853116139769554
Darrington,2020-09-07,0.055,0.057502493262290955
Darrington,2020-09-08,0.053,0.054367177188396454
Darrington,2020-09-09,0.052,0.05543633550405502
Darrington,2020-09-10,0.052,0.057703807950019836
Darrington,2020-09-11,0.051,0.058514293283224106
Darrington,2020-09-12,0.051,0.050925400108098984
Darrington,2020-09-13,0.05,0.04754960164427757
Darrington,2020-09-14,0.05,0.04815038666129112
Darrington,2020-09-15,0.052,0.05145898833870888
Darrington,2020-09-16,0.053,0.052863433957099915
Darrington,2020-09-17,0.053,0.05110267177224159
Darrington,2020-09-18,0.056,0.06286176294088364
Darrington,2020-09-19,0.079,0.09077255427837372
Darrington,2020-09-20,0.099,0.09870114177465439
Darrington,2020-09-21,0.1,0.08782017230987549
Darrington,2020-09-22,0.115,0.09750661253929138
Darrington,2020-09-23,0.158,0.17218707501888275
Darrington,2020-09-24,0.212,0.20532073080539703
Darrington,2020-09-25,0.228,0.2352699339389801
Darrington,2020-09-26,0.243,0.24684709310531616
Darrington,2020-09-27,0.241,0.24540261924266815
Darrington,2020-09-28,0.228,0.2427564263343811
Darrington,2020-09-29,0.223,0.23436732590198517
Darrington,2020-09-30,0.219,0.22338488698005676
Darrington,2020-10-01,0.216,0.2269783616065979
Darrington,2020-10-02,0.214,0.22803233563899994
Darrington,2020-10-03,0.213,0.2211427092552185
Darrington,2020-10-04,0.211,0.21636250615119934
Darrington,2020-10-05,0.213,0.2105223387479782
Darrington,2020-10-06,0.216,0.2105223387479782
Darrington,2020-10-07,0.215,0.2105223387479782
Darrington,2020-10-08,0.215,0.23084565997123718
Darrington,2020-10-09,0.221,0.23962044715881348
Darrington,2020-10-10,0.307,0.2808353006839752
Darrington,2020-10-11,0.315,0.2854401767253876
Darrington,2020-10-12,0.304,0.29549092054367065
Darrington,2020-10-13,0.322,0.3017720580101013
Darrington,2020-10-14,0.323,0.29764726758003235
Darrington,2020-10-15,0.293,0.2926390767097473
Darrington,2020-10-16,0.325,0.2982467710971832
Darrington,2020-10-17,0.3,0.28932899236679077
Darrington,2020-10-18,0.32,0.29049986600875854
Darrington,2020-10-19,0.302,0.3033340871334076
Darrington,2020-10-20,0.307,0.29403483867645264
Darrington,2020-10-21,0.328,0.31281307339668274
Darrington,2020-10-22,0.302,0.3013400435447693
Darrington,2020-10-23,0.327,0.316454142332077
Darrington,2020-10-24,0.309,0.30621665716171265
Darrington,2020-10-25,0.295,0.30158084630966187
Darrington,2020-10-26,0.286,0.2839478850364685
Darrington,2020-10-27,0.282,0.27717599272727966
Darrington,2020-10-28,0.3,0.28023025393486023
Darrington,2020-10-29,0.293,0.28940239548683167
Darrington,2020-10-30,0.326,0.30711376667022705
Darrington,2020-10-31,0.307,0.2966630160808563
Darrington,2020-11-01,0.297,0.29277175664901733
Darrington,2020-11-02,0.291,0.27808088064193726
Darrington,2020-11-03,0.329,0.3016248047351837
Darrington,2020-11-04,0.343,0.3219754993915558
Darrington,2020-11-05,0.35,0.3269937038421631
Darrington,2020-11-06,0.313,0.3082226812839508
Darrington,2020-11-07,0.301,0.32398858666419983
Darrington,2020-11-08,0.295,0.29975953698158264
Darrington,2020-11-09,0.291,0.28836655616760254
Darrington,2020-11-10,0.314,0.3124827742576599
Darrington,2020-11-11,0.312,0.3107754588127136
Darrington,2020-11-12,0.314,0.32150372862815857
Darrington,2020-11-13,0.355,0.33917859196662903
Darrington,2020-11-14,0.342,0.3367791175842285
Darrington,2020-11-15,0.351,0.33905136585235596
Darrington,2020-11-16,0.343,0.3374299108982086
Darrington,2020-11-17,0.34,0.3349230885505676
Darrington,2020-11-18,0.347,0.33588117361068726
Darrington,2020-11-19,0.339,0.3338191509246826
Darrington,2020-11-20,0.346,0.33455759286880493
Darrington,2020-11-21,0.329,0.32760629057884216
Darrington,2020-11-22,0.31,0.320329874753952
Darrington,2020-11-23,0.314,0.32031238079071045
Darrington,2020-11-24,0.333,0.32465308904647827
Darrington,2020-11-25,0.34,0.3280634880065918
Darrington,2020-11-26,0.324,0.32915279269218445
Darrington,2020-11-27,0.32,0.3288790285587311
Darrington,2020-11-28,0.341,0.3176906406879425
Darrington,2020-11-29,0.314,0.3077451288700104
Darrington,2020-11-30,0.349,0.3250844180583954
Darrington,2020-12-01,0.325,0.3144496977329254
Darrington,2020-12-02,0.31,0.3111850321292877
Darrington,2020-12-03,0.303,0.31022587418556213
Darrington,2020-12-04,0.299,0.291348397731781
Darrington,2020-12-05,0.296,0.2880472242832184
Darrington,2020-12-06,0.294,0.28419947624206543
Darrington,2020-12-07,0.292,0.28980880975723267
Darrington,2020-12-08,0.352,0.3125271499156952
Darrington,2020-12-09,0.339,0.3208085894584656
Darrington,2020-12-10,0.318,0.31157392263412476
Darrington,2020-12-11,0.313,0.3194582164287567
Darrington,2020-12-12,0.307,0.29935580492019653
Darrington,2020-12-13,0.317,0.30594414472579956
Darrington,2020-12-14,0.337,0.3078029155731201
Darrington,2020-12-15,0.348,0.32490524649620056
Darrington,2020-12-16,0.344,0.3265841603279114
Darrington,2020-12-17,0.349,0.33732613921165466
Darrington,2020-12-18,0.349,0.3362829387187958
Darrington,2020-12-19,0.351,0.3345349133014679
Darrington,2020-12-20,0.336,0.32803165912628174
Darrington,2020-12-21,0.361,0.336222380399704
Darrington,2020-12-22,0.335,0.3386937379837036
Darrington,2020-12-23,0.318,0.32458311319351196
Darrington,2020-12-24,0.308,0.3186463713645935
Darrington,2020-12-25,0.318,0.319179892539978
Darrington,2020-12-26,0.348,0.32511866092681885
Darrington,2020-12-27,0.328,0.3263534903526306
Darrington,2020-12-28,0.313,0.3153350055217743
Darrington,2020-12-29,0.305,0.3165803849697113
Darrington,2020-12-30,0.364,0.3344756066799164
Darrington,2020-12-31,0.355,0.334193617105484
Quinault,2019-01-01,0.19,0.21992234885692596
Quinault,2019-01-02,0.208,0.22833514213562012
Quinault,2019-01-03,0.263,0.24352869391441345
Quinault,2019-01-04,0.222,0.23715616762638092
Quinault,2019-01-05,0.207,0.23610180616378784
Quinault,2019-01-06,0.236,0.2437058538198471
Quinault,2019-01-07,0.215,0.23523397743701935
Quinault,2019-01-08,0.225,0.22746305167675018
Quinault,2019-01-09,0.244,0.2311650514602661
Quinault,2019-01-10,0.232,0.22973282635211945
Quinault,2019-01-11,0.205,0.21428343653678894
Quinault,2019-01-12,0.194,0.2134617418050766
Quinault,2019-01-13,0.189,0.2120826691389084
Quinault,2019-01-14,0.186,0.1958448737859726
Quinault,2019-01-15,0.184,0.1953486055135727
Quinault,2019-01-16,0.186,0.2045038640499115
Quinault,2019-01-17,0.243,0.2239706963300705
Quinault,2019-01-18,0.24,0.2315262258052826
Quinault,2019-01-19,0.23,0.2303636074066162
Quinault,2019-01-20,0.2,0.21404969692230225
Quinault,2019-01-21,0.192,0.21248944103717804
Quinault,2019-01-22,0.245,0.23507720232009888
Quinault,2019-01-23,0.224,0.22679108381271362
Quinault,2019-01-24,0.202,0.21224510669708252
Quinault,2019-01-25,0.195,0.2106911987066269
Quinault,2019-01-26,0.19,0.20591700077056885
Quinault,2019-01-27,0.19,0.1989295333623886
Quinault,2019-01-28,0.189,0.19691552221775055
Quinault,2019-01-29,0.188,0.19729368388652802
Quinault,2019-01-30,0.185,0.19267688691616058
Quinault,2019-01-31,0.186,0.1948348581790924
Quinault,2019-02-01,0.251,0.22379747033119202
Quinault,2019-02-02,0.217,0.22216036915779114
Quinault,2019-02-03,0.204,0.22704185545444489
Quinault,2019-02-04,0.209,0.2306946963071823
Quinault,2019-02-05,0.206,0.2143513560295105
Quinault,2019-02-06,0.197,0.21175122261047363
Quinault,2019-02-07,0.192,0.20780056715011597
Quinault,2019-02-08,0.191,0.21984165906906128
Quinault,2019-02-09,0.197,0.21748709678649902
Quinault,2019-02-10,0.199,0.2195935696363449
Quinault,2019-02-11,0.202,0.21842016279697418
Quinault,2019-02-12,0.218,0.2218123823404312
Quinault,2019-02-13,0.214,0.2275327444076538
Quinault,2019-02-14,0.219,0.22934560477733612
Quinault,2019-02-15,0.224,0.2291656881570816
Quinault,2019-02-16,0.214,0.22843725979328156
Quinault,2019-02-17,0.216,0.22803069651126862
Quinault,2019-02-18,0.214,0.22954998910427094
Quinault,2019-02-19,0.23,0.23419758677482605
Quinault,2019-02-20,0.231,0.22842954099178314
Quinault,2019-02-21,0.234,0.23646682500839233
Quinault,2019-02-22,0.235,0.24055735766887665
Quinault,2019-02-23,0.245,0.23404929041862488
Quinault,2019-02-24,0.234,0.2389291375875473
Quinault,2019-02-25,0.214,0.24025176465511322
Quinault,2019-02-26,0.216,0.23143896460533142
Quinault,2019-02-27,0.207,0.22837351262569427
Quinault,2019-02-28,0.208,0.22206369042396545
Quinault,2019-03-01,0.2,0.2215154469013214
Quinault,2019-03-02,0.195,0.2077099084854126
Quinault,2019-03-03,0.191,0.20574109256267548
Quinault,2019-03-04,0.187,0.20023705065250397
Quinault,2019-03-05,0.183,0.19639039039611816
Quinault,2019-03-06,0.18,0.1872844398021698
Quinault,2019-03-07,0.195,0.18774206936359406
Quinault,2019-03-08,0.206,0.19078302383422852
Quinault,2019-03-09,0.197,0.19114062190055847
Quinault,2019-03-10,0.19,0.191650390625
Quinault,2019-03-11,0.208,0.20360024273395538
Quinault,2019-03-12,0.228,0.20488795638084412
Quinault,2019-03-13,0.207,0.2029113620519638
Quinault,2019-03-14,0.198,0.20345821976661682
Quinault,2019-03-15,0.193,0.1930256336927414
Quinault,2019-03-16,0.189,0.189695805311203
Quinault,2019-03-17,0.186,0.18930761516094208
Quinault,2019-03-18,0.182,0.18514344096183777
Quinault,2019-03-19,0.177,0.1718396544456482
Quinault,2019-03-20,0.173,0.16978873312473297
Quinault,2019-03-21,0.169,0.17445988953113556
Quinault,2019-03-22,0.18,0.18577386438846588
Quinault,2019-03-23,0.201,0.19122737646102905
Quinault,2019-03-24,0.19,0.1890787035226822
Quinault,2019-03-25,0.203,0.18810385465621948
Quinault,2019-03-26,0.227,0.22582107782363892
Quinault,2019-03-27,0.199,0.21761232614517212
Quinault,2019-03-28,0.191,0.20128896832466125
Quinault,2019-03-29,0.188,0.1978391706943512
Quinault,2019-03-30,0.187,0.1959119290113449
Quinault,2019-03-31,0.186,0.19255201518535614
Quinault,2019-04-01,0.183,0.19364137947559357
Quinault,2019-04-02,0.179,0.19483967125415802
Quinault,2019-04-03,0.242,0.22222508490085602
Quinault,2019-04-04,0.215,0.22191661596298218
Quinault,2019-04-05,0.244,0.23291628062725067
Quinault,2019-04-06,0.252,0.23917093873023987
Quinault,2019-04-07,0.225,0.23955479264259338
Quinault,2019-04-08,0.226,0.24491265416145325
Quinault,2019-04-09,0.217,0.23442846536636353
Quinault,2019-04-10,0.228,0.23556475341320038
Quinault,2019-04-11,0.233,0.23262688517570496
Quinault,2019-04-12,0.219,0.2255486398935318
Quinault,2019-04-13,0.236,0.23540733754634857
Quinault,2019-04-14,0.237,0.23365120589733124
Quinault,2019-04-15,0.213,0.22368663549423218
Quinault,2019-04-16,0.214,0.2276739925146103
Quinault,2019-04-17,0.234,0.21937017142772675
Quinault,2019-04-18,0.233,0.2280721813440323
Quinault,2019-04-19,0.227,0.2302784025669098
Quinault,2019-04-20,0.206,0.22185549139976501
Quinault,2019-04-21,0.196,0.21765194833278656
Quinault,2019-04-22,0.218,0.21343502402305603
Quinault,2019-04-23,0.223,0.21500861644744873
Quinault,2019-04-24,0.201,0.21053116023540497
Quinault,2019-04-25,0.191,0.2083032876253128
Quinault,2019-04-26,0.183,0.19067995250225067
Quinault,2019-04-27,0.178,0.1925295740365982
Quinault,2019-04-28,0.174,0.19306720793247223
Quinault,2019-04-29,0.168,0.19247673451900482
Quinault,2019-04-30,0.163,0.1795806884765625
Quinault,2019-05-01,0.157,0.16906055808067322
Quinault,2019-05-02,0.151,0.15097078680992126
Quinault,2019-05-03,0.144,0.14231787621974945
Quinault,2019-05-04,0.135,0.14450950920581818
Quinault,2019-05-05,0.128,0.1376841813325882
Quinault,2019-05-06,0.119,0.14184445142745972
Quinault,2019-05-07,0.11,0.12237031757831573
Quinault,2019-05-08,0.103,0.1088876724243164
Quinault,2019-05-09,0.095,0.10621070861816406
Quinault,2019-05-10,0.087,0.10141560435295105
Quinault,2019-05-11,0.08,0.0950041338801384
Quinault,2019-05-12,0.076,0.09051989763975143
Quinault,2019-05-13,0.073,0.1084127426147461
Quinault,2019-05-14,0.141,0.147705078125
Quinault,2019-05-15,0.185,0.18435534834861755
Quinault,2019-05-16,0.197,0.19863636791706085
Quinault,2019-05-17,0.188,0.20137949287891388
Quinault,2019-05-18,0.189,0.19276796281337738
Quinault,2019-05-19,0.185,0.1951894611120224
Quinault,2019-05-20,0.195,0.195166677236557
Quinault,2019-05-21,0.191,0.19421391189098358
Quinault,2019-05-22,0.182,0.19084694981575012
Quinault,2019-05-23,0.168,0.17039455473423004
Quinault,2019-05-24,0.16,0.16827340424060822
Quinault,2019-05-25,0.173,0.16807225346565247
Quinault,2019-05-26,0.182,0.16777822375297546
Quinault,2019-05-27,0.171,0.16116106510162354
Quinault,2019-05-28,0.163,0.1600390374660492
Quinault,2019-05-29,0.156,0.15539713203907013
Quinault,2019-05-30,0.147,0.14862003922462463
Quinault,2019-05-31,0.145,0.1537313461303711
Quinault,2019-06-01,0.184,0.15223243832588196
Quinault,2019-06-02,0.178,0.14872770011425018
Quinault,2019-06-03,0.168,0.15609164535999298
Quinault,2019-06-04,0.157,0.14811290800571442
Quinault,2019-06-05,0.156,0.1532321274280548
Quinault,2019-06-06,0.175,0.16633975505828857
Quinault,2019-06-07,0.256,0.21407750248908997
Quinault,2019-06-08,0.239,0.21106870472431183
Quinault,2019-06-09,0.222,0.2013777643442154
Quinault,2019-06-10,0.209,0.18732205033302307
Quinault,2019-06-11,0.196,0.17836207151412964
Quinault,2019-06-12,0.184,0.17327700555324554
Quinault,2019-06-13,0.172,0.16611076891422272
Quinault,2019-06-14,0.164,0.1646435707807541
Quinault,2019-06-15,0.156,0.15290109813213348
Quinault,2019-06-16,0.148,0.15093517303466797
Quinault,2019-06-17,0.141,0.14827677607536316
Quinault,2019-06-18,0.135,0.13692481815814972
Quinault,2019-06-19,0.13,0.13726721704006195
Quinault,2019-06-20,0.127,0.1360228806734085
Quinault,2019-06-21,0.124,0.13597461581230164
Quinault,2019-06-22,0.121,0.13246425986289978
Quinault,2019-06-23,0.117,0.12941253185272217
Quinault,2019-06-24,0.114,0.12401837855577469
Quinault,2019-06-25,0.112,0.12867261469364166
Quinault,2019-06-26,0.127,0.14686954021453857
Quinault,2019-06-27,0.216,0.20548097789287567
Quinault,2019-06-28,0.211,0.21006295084953308
Quinault,2019-06-29,0.19,0.19050118327140808
Quinault,2019-06-30,0.176,0.1722600907087326
Quinault,2019-07-01,0.164,0.16287671029567719
Quinault,2019-07-02,0.157,0.15740829706192017
Quinault,2019-07-03,0.152,0.15662962198257446
Quinault,2019-07-04,0.144,0.15280744433403015
Quinault,2019-07-05,0.14,0.1523633748292923
Quinault,2019-07-06,0.136,0.14869755506515503
Quinault,2019-07-07,0.132,0.14559359848499298
Quinault,2019-07-08,0.13,0.14656071364879608
Quinault,2019-07-09,0.14,0.15796947479248047
Quinault,2019-07-10,0.242,0.22150754928588867
Quinault,2019-07-11,0.232,0.2193082571029663
Quinault,2019-07-12,0.212,0.21106107532978058
Quinault,2019-07-13,0.199,0.20871485769748688
Quinault,2019-07-14,0.189,0.19391761720180511
Quinault,2019-07-15,0.181,0.19398514926433563
Quinault,2019-07-16,0.176,0.1922699213027954
Quinault,2019-07-17,0.236,0.21959276497364044
Quinault,2019-07-18,0.236,0.22144411504268646
Quinault,2019-07-19,0.224,0.21784384548664093
Quinault,2019-07-20,0.213,0.21620264649391174
Quinault,2019-07-21,0.203,0.20610550045967102
Quinault,2019-07-22,0.194,0.19729773700237274
Quinault,2019-07-23,0.187,0.1984347552061081
Quinault,2019-07-24,0.182,0.19178506731987
Quinault,2019-07-25,0.174,0.1771242916584015
Quinault,2019-07-26,0.166,0.16977502405643463
Quinault,2019-07-27,0.194,0.1716489940881729
Quinault,2019-07-28,0.187,0.1711948812007904
Quinault,2019-07-29,0.177,0.1693197637796402
Quinault,2019-07-30,0.169,0.16718445718288422
Quinault,2019-07-31,0.162,0.1643363982439041
Quinault,2019-08-01,0.165,0.175722137093544
Quinault,2019-08-02,0.245,0.22309283912181854
Quinault,2019-08-03,0.218,0.22061263024806976
Quinault,2019-08-04,0.206,0.2158498466014862
Quinault,2019-08-05,0.197,0.20708699524402618
Quinault,2019-08-06,0.19,0.1899682730436325
Quinault,2019-08-07,0.186,0.1833898425102234
Quinault,2019-08-08,0.183,0.181908518075943
Quinault,2019-08-09,0.179,0.18198007345199585
Quinault,2019-08-10,0.198,0.1898476928472519
Quinault,2019-08-11,0.226,0.20335374772548676
Quinault,2019-08-12,0.243,0.21239253878593445
Quinault,2019-08-13,0.225,0.20078709721565247
Quinault,2019-08-14,0.212,0.19125233590602875
Quinault,2019-08-15,0.204,0.18584337830543518
Quinault,2019-08-16,0.197,0.1792682409286499
Quinault,2019-08-17,0.19,0.17882263660430908
Quinault,2019-08-18,0.183,0.17061986029148102
Quinault,2019-08-19,0.177,0.16584362089633942
Quinault,2019-08-20,0.171,0.15641742944717407
Quinault,2019-08-21,0.245,0.21249409019947052
Quinault,2019-08-22,0.238,0.21975505352020264
Quinault,2019-08-23,0.226,0.2229873090982437
Quinault,2019-08-24,0.217,0.22310562431812286
Quinault,2019-08-25,0.208,0.19749313592910767
Quinault,2019-08-26,0.199,0.1849612444639206
Quinault,2019-08-27,0.191,0.1819426715373993
Quinault,2019-08-28,0.183,0.17917901277542114
Quinault,2019-08-29,0.177,0.16886255145072937
Quinault,2019-08-30,0.175,0.179790660738945
Quinault,2019-08-31,0.178,0.19273366034030914
Quinault,2019-09-01,0.18,0.1987784057855606
Quinault,2019-09-02,0.178,0.19074472784996033
Quinault,2019-09-03,0.176,0.1799657791852951
Quinault,2019-09-04,0.174,0.17443139851093292
Quinault,2019-09-05,0.171,0.17169800400733948
Quinault,2019-09-06,0.168,0.16850164532661438
Quinault,2019-09-07,0.168,0.16289040446281433
Quinault,2019-09-08,0.197,0.17814883589744568
Quinault,2019-09-09,0.232,0.2306068390607834
Quinault,2019-09-10,0.23,0.23277176916599274
Quinault,2019-09-11,0.22,0.23498988151550293
Quinault,2019-09-12,0.233,0.24295759201049805
Quinault,2019-09-13,0.269,0.24733376502990723
Quinault,2019-09-14,0.278,0.26267799735069275
Quinault,2019-09-15,0.268,0.2628466784954071
Quinault,2019-09-16,0.264,0.25762489438056946
Quinault,2019-09-17,0.277,0.2573603391647339
Quinault,2019-09-18,0.258,0.25265929102897644
Quinault,2019-09-19,0.25,0.2626861333847046
Quinault,2019-09-20,0.242,0.24824948608875275
Quinault,2019-09-21,0.236,0.23551931977272034
Quinault,2019-09-22,0.265,0.2443859875202179
Quinault,2019-09-23,0.268,0.2517731785774231
Quinault,2019-09-24,0.259,0.2513001263141632
Quinault,2019-09-25,0.243,0.24175095558166504
Quinault,2019-09-26,0.26,0.23853999376296997
Quinault,2019-09-27,0.243,0.2351333200931549
Quinault,2019-09-28,0.235,0.23466262221336365
Quinault,2019-09-29,0.229,0.23674118518829346
Quinault,2019-09-30,0.223,0.23340974748134613
Quinault,2019-10-01,0.217,0.2230944037437439
Quinault,2019-10-02,0.213,0.21968849003314972
Quinault,2019-10-03,0.251,0.2435464859008789
Quinault,2019-10-04,0.273,0.25511378049850464
Quinault,2019-10-05,0.253,0.25327643752098083
Quinault,2019-10-06,0.243,0.24878670275211334
Quinault,2019-10-07,0.264,0.2573148012161255
Quinault,2019-10-08,0.265,0.25557518005371094
Quinault,2019-10-09,0.247,0.24764233827590942
Quinault,2019-10-10,0.238,0.2453196495771408
Quinault,2019-10-11,0.232,0.2327897846698761
Quinault,2019-10-12,0.229,0.23391033709049225
Quinault,2019-10-13,0.226,0.23126178979873657
Quinault,2019-10-14,0.222,0.23318135738372803
Quinault,2019-10-15,0.236,0.23337151110172272
Quinault,2019-10-16,0.286,0.2692766785621643
Quinault,2019-10-17,0.293,0.2754153311252594
Quinault,2019-10-18,0.289,0.2738220989704132
Quinault,2019-10-19,0.276,0.2714192271232605
Quinault,2019-10-20,0.275,0.2705796957015991
Quinault,2019-10-21,0.309,0.2722442150115967
Quinault,2019-10-22,0.268,0.255837619304657
Quinault,2019-10-23,0.253,0.25075244903564453
Quinault,2019-10-24,0.247,0.2500172257423401
Quinault,2019-10-25,0.246,0.24152840673923492
Quinault,2019-10-27,0.235,0.23755285143852234
Quinault,2019-10-28,0.231,0.2344995141029358
Quinault,2019-10-29,0.227,0.22040657699108124
Quinault,2019-10-30,0.224,0.21966293454170227
Quinault,2019-10-31,0.221,0.21508027613162994
Quinault,2019-11-01,0.22,0.2163742184638977
Quinault,2019-11-02,0.218,0.21078655123710632
Quinault,2019-11-03,0.216,0.20882146060466766
Quinault,2019-11-04,0.215,0.2135796695947647
Quinault,2019-11-05,0.215,0.20780222117900848
Quinault,2019-11-06,0.214,0.20770062506198883
Quinault,2019-11-07,0.213,0.2091454416513443
Quinault,2019-11-08,0.212,0.20254717767238617
Quinault,2019-11-09,0.245,0.22903543710708618
Quinault,2019-11-10,0.25,0.22877703607082367
Quinault,2019-11-11,0.243,0.235748291015625
Quinault,2019-11-12,0.257,0.24946986138820648
Quinault,2019-11-13,0.249,0.24217092990875244
Quinault,2019-11-14,0.244,0.2392328977584839
Quinault,2019-11-15,0.278,0.2652851939201355
Quinault,2019-11-16,0.276,0.2685720920562744
Quinault,2019-11-17,0.291,0.27886340022087097
Quinault,2019-11-18,0.274,0.27376946806907654
Quinault,2019-11-19,0.274,0.27085721492767334
Quinault,2019-11-20,0.253,0.2570323050022125
Quinault,2019-11-21,0.247,0.2534620761871338
Quinault,2019-11-22,0.243,0.24928802251815796
Quinault,2019-11-23,0.265,0.26708459854125977
Quinault,2019-11-24,0.272,0.27142930030822754
Quinault,2019-11-25,0.264,0.25928884744644165
Quinault,2019-11-26,0.253,0.25904855132102966
Quinault,2019-11-27,0.248,0.24818836152553558
Quinault,2019-11-28,0.242,0.24840179085731506
Quinault,2019-11-29,0.239,0.2441323846578598
Quinault,2019-11-30,0.287,0.24900972843170166
Quinault,2019-12-01,0.272,0.24986165761947632
Quinault,2019-12-02,0.258,0.2531443238258362
Quinault,2019-12-03,0.271,0.264604389667511
Quinault,2019-12-04,0.276,0.2683037519454956
Quinault,2019-12-05,0.257,0.25736919045448303
Quinault,2019-12-06,0.262,0.2663857042789459
Quinault,2019-12-07,0.282,0.2719103693962097
Quinault,2019-12-08,0.258,0.2660171091556549
Quinault,2019-12-09,0.251,0.2624721825122833
Quinault,2019-12-10,0.266,0.26463061571121216
Quinault,2019-12-11,0.284,0.26796242594718933
Quinault,2019-12-12,0.298,0.27780377864837646
Quinault,2019-12-13,0.28,0.2845067083835602
Quinault,2019-12-14,0.261,0.2858641445636749
Quinault,2019-12-15,0.253,0.26909828186035156
Quinault,2019-12-16,0.276,0.2678976058959961
Quinault,2019-12-17,0.264,0.2585511803627014
Quinault,2019-12-18,0.28,0.2759687900543213
Quinault,2019-12-19,0.308,0.2936529517173767
Quinault,2019-12-20,0.309,0.2942006289958954
Quinault,2019-12-21,0.288,0.28993669152259827
Quinault,2019-12-22,0.274,0.2883498966693878
Quinault,2019-12-23,0.263,0.27002832293510437
Quinault,2019-12-24,0.267,0.27128949761390686
Quinault,2019-12-25,0.27,0.26754191517829895
Quinault,2019-12-26,0.262,0.2682379484176636
Quinault,2019-12-27,0.274,0.26486271619796753
Quinault,2019-12-28,0.265,0.26783469319343567
Quinault,2019-12-29,0.276,0.2716354727745056
Quinault,2019-12-30,0.27,0.2717381715774536
Quinault,2019-12-31,0.325,0.29272815585136414
Quinault,2020-01-01,0.3,0.303171306848526
Quinault,2020-01-02,0.29,0.30495092272758484
Quinault,2020-01-03,0.307,0.3036494553089142
Quinault,2020-01-04,0.299,0.30153048038482666
Quinault,2020-01-05,0.3,0.30420419573783875
Quinault,2020-01-06,0.361,0.3152727782726288
Quinault,2020-01-07,0.329,0.3127599358558655
Quinault,2020-01-08,0.289,0.3114818334579468
Quinault,2020-01-09,0.276,0.30224475264549255
Quinault,2020-01-10,0.319,0.3106405735015869
Quinault,2020-01-11,0.309,0.30900612473487854
Quinault,2020-01-12,0.319,0.31038954854011536
Quinault,2020-01-13,0.28,0.2931586503982544
Quinault,2020-01-14,0.274,0.29249781370162964
Quinault,2020-01-15,0.288,0.28910642862319946
Quinault,2020-01-16,0.292,0.2901548743247986
Quinault,2020-01-17,0.273,0.2902239263057709
Quinault,2020-01-18,0.311,0.2976135015487671
Quinault,2020-01-19,0.301,0.2915319502353668
Quinault,2020-01-20,0.292,0.300418883562088
Quinault,2020-01-21,0.325,0.3098929524421692
Quinault,2020-01-22,0.321,0.3103160858154297
Quinault,2020-01-23,0.361,0.31978538632392883
Quinault,2020-01-24,0.319,0.31711268424987793
Quinault,2020-01-25,0.292,0.30865490436553955
Quinault,2020-01-26,0.321,0.31740888953208923
Quinault,2020-01-27,0.308,0.3056511878967285
Quinault,2020-01-28,0.302,0.3065289258956909
Quinault,2020-01-29,0.309,0.3072666525840759
Quinault,2020-01-30,0.305,0.30711817741394043
Quinault,2020-01-31,0.347,0.3179633319377899
Quinault,2020-02-01,0.316,0.3126380145549774
Quinault,2020-02-02,0.287,0.3093143403530121
Quinault,2020-02-03,0.283,0.28921881318092346
Quinault,2020-02-04,0.298,0.2961658239364624
Quinault,2020-02-05,0.316,0.29530295729637146
Quinault,2020-02-06,0.326,0.30910447239875793
Quinault,2020-02-07,0.318,0.30343690514564514
Quinault,2020-02-08,0.293,0.29006803035736084
Quinault,2020-02-09,0.265,0.2710902690887451
Quinault,2020-02-10,0.258,0.26169726252555847
Quinault,2020-02-11,0.255,0.25770628452301025
Quinault,2020-02-12,0.255,0.2529975473880768
Quinault,2020-02-13,0.276,0.26697778701782227
Quinault,2020-02-14,0.291,0.27075162529945374
Quinault,2020-02-15,0.305,0.27836957573890686
Quinault,2020-02-16,0.288,0.27785423398017883
Quinault,2020-02-17,0.275,0.2719651162624359
Quinault,2020-02-18,0.261,0.2618197202682495
Quinault,2020-02-19,0.255,0.2520110607147217
Quinault,2020-02-20,0.25,0.25158828496932983
Quinault,2020-02-21,0.247,0.24810324609279633
Quinault,2020-02-22,0.272,0.2599780857563019
Quinault,2020-02-23,0.306,0.279745876789093
Quinault,2020-02-24,0.273,0.2777843475341797
Quinault,2020-02-25,0.26,0.27821749448776245
Quinault,2020-02-26,0.26,0.26816868782043457
Quinault,2020-02-27,0.253,0.25475555658340454
Quinault,2020-02-28,0.271,0.2701805531978607
Quinault,2020-02-29,0.291,0.2783454656600952
Quinault,2020-03-01,0.265,0.27839991450309753
Quinault,2020-03-02,0.289,0.2840058505535126
Quinault,2020-03-03,0.296,0.283183217048645
Quinault,2020-03-04,0.28,0.27780887484550476
Quinault,2020-03-05,0.286,0.2844995856285095
Quinault,2020-03-06,0.28,0.28068798780441284
Quinault,2020-03-07,0.283,0.27750054001808167
Quinault,2020-03-08,0.266,0.27168163657188416
Quinault,2020-03-09,0.258,0.26022762060165405
Quinault,2020-03-10,0.272,0.27117928862571716
Quinault,2020-03-11,0.28,0.2607666552066803
Quinault,2020-03-12,0.26,0.25771450996398926
Quinault,2020-03-13,0.271,0.27307426929473877
Quinault,2020-03-14,0.263,0.26161691546440125
Quinault,2020-03-15,0.255,0.2566946744918823
Quinault,2020-03-16,0.249,0.2527220845222473
Quinault,2020-03-17,0.244,0.24672675132751465
Quinault,2020-03-18,0.24,0.236836239695549
Quinault,2020-03-19,0.236,0.23595651984214783
Quinault,2020-03-20,0.233,0.23064851760864258
Quinault,2020-03-21,0.23,0.22558560967445374
Quinault,2020-03-22,0.227,0.2348044216632843
Quinault,2020-03-23,0.283,0.26791074872016907
Quinault,2020-03-24,0.288,0.2699470818042755
Quinault,2020-03-25,0.266,0.2690331041812897
Quinault,2020-03-26,0.263,0.27065226435661316
Quinault,2020-03-27,0.295,0.26993292570114136
Quinault,2020-03-28,0.314,0.29029276967048645
Quinault,2020-03-29,0.299,0.29183638095855713
Quinault,2020-03-30,0.306,0.3007507920265198
Quinault,2020-03-31,0.291,0.29814350605010986
Quinault,2020-04-01,0.28,0.2953910529613495
Quinault,2020-04-02,0.271,0.28295889496803284
Quinault,2020-04-03,0.274,0.2699708938598633
Quinault,2020-04-04,0.266,0.26735827326774597
Quinault,2020-04-05,0.256,0.2560734450817108
Quinault,2020-04-06,0.249,0.25149986147880554
Quinault,2020-04-07,0.242,0.23121149837970734
Quinault,2020-04-08,0.236,0.22669927775859833
Quinault,2020-04-09,0.231,0.22139477729797363
Quinault,2020-04-10,0.226,0.21868941187858582
Quinault,2020-04-11,0.221,0.21705403923988342
Quinault,2020-04-12,0.215,0.21632003784179688
Quinault,2020-04-13,0.207,0.2160574495792389
Quinault,2020-04-14,0.201,0.2107902467250824
Quinault,2020-04-15,0.196,0.2001400887966156
Quinault,2020-04-16,0.189,0.19477277994155884
Quinault,2020-04-17,0.183,0.18987996876239777
Quinault,2020-04-18,0.179,0.18759164214134216
Quinault,2020-04-19,0.177,0.18882575631141663
Quinault,2020-04-20,0.173,0.18978014588356018
Quinault,2020-04-21,0.171,0.19705303013324738
Quinault,2020-04-22,0.244,0.2436058074235916
Quinault,2020-04-23,0.259,0.24500413239002228
Quinault,2020-04-24,0.24,0.24835151433944702
Quinault,2020-04-25,0.268,0.27005624771118164
Quinault,2020-04-26,0.265,0.27152296900749207
Quinault,2020-04-27,0.29,0.28404343128204346
Quinault,2020-04-28,0.259,0.27828001976013184
Quinault,2020-04-29,0.264,0.2736878991127014
Quinault,2020-04-30,0.287,0.2770887315273285
Quinault,2020-05-01,0.262,0.26591894030570984
Quinault,2020-05-02,0.284,0.2770385146141052
Quinault,2020-05-03,0.275,0.28036606311798096
Quinault,2020-05-04,0.26,0.2713024914264679
Quinault,2020-05-05,0.262,0.2761212885379791
Quinault,2020-05-06,0.275,0.27384528517723083
Quinault,2020-05-07,0.251,0.26264211535453796
Quinault,2020-05-08,0.237,0.257009893655777
Quinault,2020-05-09,0.225,0.24909020960330963
Quinault,2020-05-10,0.214,0.2229752391576767
Quinault,2020-05-11,0.209,0.22301654517650604
Quinault,2020-05-12,0.264,0.24388070404529572
Quinault,2020-05-13,0.285,0.2600289285182953
Quinault,2020-05-14,0.26,0.25927504897117615
Quinault,2020-05-15,0.245,0.25012126564979553
Quinault,2020-05-16,0.267,0.26209744811058044
Quinault,2020-05-17,0.268,0.26190128922462463
Quinault,2020-05-18,0.257,0.26146140694618225
Quinault,2020-05-19,0.252,0.2529014050960541
Quinault,2020-05-20,0.241,0.24861392378807068
Quinault,2020-05-21,0.267,0.2533281743526459
Quinault,2020-05-22,0.271,0.25479456782341003
Quinault,2020-05-23,0.252,0.25309327244758606
Quinault,2020-05-24,0.241,0.25089630484580994
Quinault,2020-05-25,0.266,0.252608984708786
Quinault,2020-05-26,0.253,0.2457931935787201
Quinault,2020-05-27,0.237,0.24160689115524292
Quinault,2020-05-28,0.225,0.239615336060524
Quinault,2020-05-29,0.212,0.2292906492948532
Quinault,2020-05-30,0.221,0.2287391871213913
Quinault,2020-05-31,0.241,0.2271692305803299
Quinault,2020-06-01,0.226,0.22514420747756958
Quinault,2020-06-02,0.215,0.20428556203842163
Quinault,2020-06-03,0.209,0.20151633024215698
Quinault,2020-06-04,0.201,0.1932837963104248
Quinault,2020-06-05,0.194,0.18608488142490387
Quinault,2020-06-06,0.207,0.21200546622276306
Quinault,2020-06-07,0.242,0.21661022305488586
Quinault,2020-06-08,0.235,0.2224603295326233
Quinault,2020-06-09,0.289,0.26550397276878357
Quinault,2020-06-10,0.263,0.26097527146339417
Quinault,2020-06-11,0.251,0.2554883360862732
Quinault,2020-06-12,0.272,0.2628110945224762
Quinault,2020-06-13,0.272,0.26068055629730225
Quinault,2020-06-14,0.256,0.25047239661216736
Quinault,2020-06-15,0.278,0.26713475584983826
Quinault,2020-06-16,0.265,0.266021192073822
Quinault,2020-06-17,0.253,0.24759940803050995
Quinault,2020-06-18,0.241,0.24501949548721313
Quinault,2020-06-19,0.23,0.23721382021903992
Quinault,2020-06-20,0.265,0.24612143635749817
Quinault,2020-06-21,0.258,0.23811358213424683
Quinault,2020-06-22,0.241,0.234101340174675
Quinault,2020-06-23,0.228,0.22563253343105316
Quinault,2020-06-24,0.218,0.21651829779148102
Quinault,2020-06-25,0.207,0.21049152314662933
Quinault,2020-06-26,0.195,0.20671068131923676
Quinault,2020-06-27,0.186,0.20002178847789764
Quinault,2020-06-28,0.182,0.19106096029281616
Quinault,2020-06-29,0.177,0.1812373548746109
Quinault,2020-06-30,0.172,0.18564775586128235
Quinault,2020-07-01,0.17,0.18983954191207886
Quinault,2020-07-02,0.169,0.19327108561992645
Quinault,2020-07-03,0.188,0.1961767077445984
Quinault,2020-07-04,0.184,0.19380921125411987
Quinault,2020-07-05,0.177,0.19331496953964233
Quinault,2020-07-06,0.171,0.1836666315793991
Quinault,2020-07-07,0.168,0.1793081909418106
Quinault,2020-07-08,0.165,0.17231012880802155
Quinault,2020-07-09,0.166,0.185683473944664
Quinault,2020-07-10,0.168,0.17290331423282623
Quinault,2020-07-11,0.174,0.19547821581363678
Quinault,2020-07-12,0.226,0.19830770790576935
Quinault,2020-07-13,0.205,0.19510695338249207
Quinault,2020-07-14,0.189,0.1860777884721756
Quinault,2020-07-15,0.176,0.1728140264749527
Quinault,2020-07-16,0.166,0.166922926902771
Quinault,2020-07-17,0.159,0.16211749613285065
Quinault,2020-07-18,0.152,0.1516895592212677
Quinault,2020-07-19,0.146,0.14108844101428986
Quinault,2020-07-20,0.14,0.14002156257629395
Quinault,2020-07-21,0.135,0.13755139708518982
Quinault,2020-07-22,0.131,0.13419950008392334
Quinault,2020-07-23,0.128,0.13250769674777985
Quinault,2020-07-24,0.124,0.1313248574733734
Quinault,2020-07-25,0.121,0.12412027269601822
Quinault,2020-07-26,0.117,0.11249852180480957
Quinault,2020-07-27,0.114,0.1137482225894928
Quinault,2020-07-28,0.111,0.10974986851215363
Quinault,2020-07-29,0.109,0.1093975231051445
Quinault,2020-07-30,0.107,0.10718517005443573
Quinault,2020-07-31,0.105,0.10483504086732864
Quinault,2020-08-01,0.105,0.1054815948009491
Quinault,2020-08-02,0.104,0.10390900075435638
Quinault,2020-08-03,0.103,0.0976385548710823
Quinault,2020-08-04,0.102,0.0953349620103836
Quinault,2020-08-05,0.102,0.08973082154989243
Quinault,2020-08-06,0.131,0.11755095422267914
Quinault,2020-08-07,0.13,0.12015482783317566
Quinault,2020-08-08,0.128,0.11972750723361969
Quinault,2020-08-09,0.124,0.12146617472171783
Quinault,2020-08-10,0.12,0.12406083941459656
Quinault,2020-08-11,0.115,0.11441022902727127
Quinault,2020-08-12,0.112,0.11148031800985336
Quinault,2020-08-13,0.108,0.10779570788145065
Quinault,2020-08-14,0.107,0.10167485475540161
Quinault,2020-08-15,0.104,0.10088392347097397
Quinault,2020-08-16,0.102,0.08313778787851334
Quinault,2020-08-17,0.101,0.07023591548204422
Quinault,2020-08-18,0.099,0.06928977370262146
Quinault,2020-08-19,0.098,0.06962506473064423
Quinault,2020-08-20,0.169,0.16069373488426208
Quinault,2020-08-21,0.216,0.22270964086055756
Quinault,2020-08-22,0.214,0.21608403325080872
Quinault,2020-08-23,0.201,0.20681267976760864
Quinault,2020-08-24,0.194,0.1967032253742218
Quinault,2020-08-25,0.187,0.18356533348560333
Quinault,2020-08-26,0.181,0.1853870004415512
Quinault,2020-08-27,0.175,0.18169870972633362
Quinault,2020-08-28,0.17,0.1805441677570343
Quinault,2020-08-29,0.166,0.17021606862545013
Quinault,2020-08-30,0.16,0.1623292714357376
Quinault,2020-08-31,0.156,0.15146392583847046
Quinault,2020-09-01,0.153,0.147241473197937
Quinault,2020-09-02,0.149,0.14442653954029083
Quinault,2020-09-03,0.145,0.1410847157239914
Quinault,2020-09-04,0.142,0.1388828307390213
Quinault,2020-09-05,0.14,0.13827082514762878
Quinault,2020-09-06,0.137,0.13205021619796753
Quinault,2020-09-07,0.135,0.13434511423110962
Quinault,2020-09-08,0.13,0.132645845413208
Quinault,2020-09-09,0.127,0.12796367704868317
Quinault,2020-09-10,0.124,0.12010160833597183
Quinault,2020-09-11,0.122,0.11849784106016159
Quinault,2020-09-12,0.122,0.11569403856992722
Quinault,2020-09-13,0.12,0.11238881200551987
Quinault,2020-09-14,0.12,0.11973591893911362
Quinault,2020-09-15,0.122,0.13090024888515472
Quinault,2020-09-16,0.134,0.1347985863685608
Quinault,2020-09-17,0.135,0.13505277037620544
Quinault,2020-09-18,0.148,0.18231087923049927
Quinault,2020-09-19,0.189,0.20556782186031342
Quinault,2020-09-20,0.198,0.19897788763046265
Quinault,2020-09-21,0.193,0.21016144752502441
Quinault,2020-09-22,0.202,0.19064603745937347
Quinault,2020-09-23,0.268,0.2581368684768677
Quinault,2020-09-24,0.27,0.26286593079566956
Quinault,2020-09-25,0.27,0.2647487223148346
Quinault,2020-09-26,0.249,0.2757522761821747
Quinault,2020-09-27,0.234,0.2508733868598938
Quinault,2020-09-28,0.224,0.23896260559558868
Quinault,2020-09-29,0.216,0.2182190865278244
Quinault,2020-09-30,0.21,0.21292658150196075
Quinault,2020-10-01,0.206,0.2121032029390335
Quinault,2020-10-02,0.202,0.21488580107688904
Quinault,2020-10-03,0.199,0.20378033816814423
Quinault,2020-10-04,0.197,0.20298457145690918
Quinault,2020-10-05,0.194,0.19638341665267944
Quinault,2020-10-06,0.189,0.1961532086133957
Quinault,2020-10-07,0.184,0.19634954631328583
Quinault,2020-10-08,0.182,0.20086699724197388
Quinault,2020-10-09,0.207,0.24040402472019196
Quinault,2020-10-10,0.27,0.2602628767490387
Quinault,2020-10-11,0.271,0.26079708337783813
Quinault,2020-10-12,0.246,0.2619022727012634
Quinault,2020-10-13,0.275,0.2639697194099426
Quinault,2020-10-14,0.253,0.2626737952232361
Quinault,2020-10-15,0.234,0.24577924609184265
Quinault,2020-10-16,0.253,0.2632538378238678
Quinault,2020-10-17,0.24,0.24936366081237793
Quinault,2020-10-18,0.258,0.25439491868019104
Quinault,2020-10-19,0.241,0.2577453553676605
Quinault,2020-10-20,0.232,0.24854829907417297
Quinault,2020-10-21,0.226,0.24786779284477234
Quinault,2020-10-22,0.222,0.2319556176662445
Quinault,2020-10-23,0.247,0.24911010265350342
Quinault,2020-10-24,0.247,0.2473110854625702
Quinault,2020-10-25,0.236,0.24468983709812164
Quinault,2020-10-26,0.23,0.23671285808086395
Quinault,2020-10-27,0.226,0.23030908405780792
Quinault,2020-10-28,0.224,0.23055565357208252
Quinault,2020-10-29,0.222,0.2297748476266861
Quinault,2020-10-30,0.255,0.24496591091156006
Quinault,2020-10-31,0.235,0.2360234260559082
Quinault,2020-11-01,0.229,0.23536035418510437
Quinault,2020-11-02,0.224,0.23065011203289032
Quinault,2020-11-03,0.277,0.2607661187648773
Quinault,2020-11-04,0.289,0.27523481845855713
Quinault,2020-11-05,0.27,0.2710079848766327
Quinault,2020-11-06,0.243,0.25056248903274536
Quinault,2020-11-07,0.234,0.24539212882518768
Quinault,2020-11-08,0.228,0.23824194073677063
Quinault,2020-11-09,0.24,0.2430090606212616
Quinault,2020-11-10,0.277,0.2551708519458771
Quinault,2020-11-11,0.248,0.25046446919441223
Quinault,2020-11-12,0.271,0.2797078788280487
Quinault,2020-11-13,0.292,0.29113292694091797
Quinault,2020-11-14,0.281,0.2889280319213867
Quinault,2020-11-15,0.277,0.29121899604797363
Quinault,2020-11-16,0.273,0.29195600748062134
Quinault,2020-11-17,0.286,0.29199227690696716
Quinault,2020-11-18,0.297,0.28321573138237
Quinault,2020-11-19,0.285,0.2874283492565155
Quinault,2020-11-20,0.29,0.28799426555633545
Quinault,2020-11-21,0.262,0.2736179530620575
Quinault,2020-11-22,0.261,0.28061407804489136
Quinault,2020-11-23,0.27,0.2701731026172638
Quinault,2020-11-24,0.282,0.27318331599235535
Quinault,2020-11-25,0.276,0.2739441394805908
Quinault,2020-11-26,0.26,0.27195048332214355
Quinault,2020-11-27,0.272,0.27609530091285706
Quinault,2020-11-28,0.26,0.2628527879714966
Quinault,2020-11-29,0.247,0.26512202620506287
Quinault,2020-11-30,0.277,0.2732660472393036
Quinault,2020-12-01,0.249,0.2613942623138428
Quinault,2020-12-02,0.244,0.25863370299339294
Quinault,2020-12-03,0.242,0.26936158537864685
Quinault,2020-12-04,0.239,0.24723562598228455
Quinault,2020-12-05,0.237,0.25205186009407043
Quinault,2020-12-06,0.26,0.2580605149269104
Quinault,2020-12-07,0.265,0.27516356110572815
Quinault,2020-12-08,0.29,0.28618374466896057
Quinault,2020-12-09,0.262,0.2843056321144104
Quinault,2020-12-10,0.261,0.28426074981689453
Quinault,2020-12-11,0.267,0.2851577401161194
Quinault,2020-12-12,0.25,0.2729962170124054
Quinault,2020-12-13,0.288,0.2867107391357422
Quinault,2020-12-14,0.275,0.28241726756095886
Quinault,2020-12-15,0.287,0.28782525658607483
Quinault,2020-12-16,0.288,0.2964004874229431
Quinault,2020-12-17,0.287,0.2931596040725708
Quinault,2020-12-18,0.294,0.2936594486236572
Quinault,2020-12-19,0.286,0.2896730601787567
Quinault,2020-12-20,0.272,0.2890359163284302
Quinault,2020-12-21,0.295,0.2833084464073181
Quinault,2020-12-22,0.264,0.26597365736961365
Quinault,2020-12-23,0.252,0.25975000858306885
Quinault,2020-12-24,0.248,0.25821056962013245
Quinault,2020-12-25,0.285,0.26968657970428467
Quinault,2020-12-26,0.296,0.2783184349536896
Quinault,2020-12-27,0.287,0.279770165681839
Quinault,2020-12-28,0.255,0.2622818648815155
Quinault,2020-12-29,0.267,0.2755661904811859
Quinault,2020-12-30,0.309,0.2822956442832947
Quinault,2020-12-31,0.29,0.282357782125473
SourdoughGulch_WA_985,2019-01-01,0.295,0.25844523310661316
SourdoughGulch_WA_985,2019-01-02,0.222,0.23941317200660706
SourdoughGulch_WA_985,2019-01-03,0.165,0.2357102930545807
SourdoughGulch_WA_985,2019-01-04,0.196,0.2379266917705536
SourdoughGulch_WA_985,2019-01-05,0.223,0.23739449679851532
SourdoughGulch_WA_985,2019-01-06,0.236,0.2381529062986374
SourdoughGulch_WA_985,2019-01-07,0.247,0.2502609193325043
SourdoughGulch_WA_985,2019-01-08,0.252,0.25506332516670227
SourdoughGulch_WA_985,2019-01-09,0.244,0.2542920410633087
SourdoughGulch_WA_985,2019-01-10,0.253,0.2543940842151642
SourdoughGulch_WA_985,2019-01-11,0.277,0.2557833790779114
SourdoughGulch_WA_985,2019-01-12,0.277,0.2553040087223053
SourdoughGulch_WA_985,2019-01-13,0.252,0.2453543245792389
SourdoughGulch_WA_985,2019-01-14,0.184,0.1848377138376236
SourdoughGulch_WA_985,2019-01-15,0.115,0.15283523499965668
SourdoughGulch_WA_985,2019-01-16,0.119,0.1474577933549881
SourdoughGulch_WA_985,2019-01-17,0.119,0.16363637149333954
SourdoughGulch_WA_985,2019-01-18,0.134,0.17420968413352966
SourdoughGulch_WA_985,2019-01-19,0.147,0.18755567073822021
SourdoughGulch_WA_985,2019-01-20,0.156,0.2008967399597168
SourdoughGulch_WA_985,2019-01-21,0.172,0.24116811156272888
SourdoughGulch_WA_985,2019-01-22,0.184,0.22841575741767883
SourdoughGulch_WA_985,2019-01-23,0.177,0.22920078039169312
SourdoughGulch_WA_985,2019-01-24,0.224,0.23858527839183807
SourdoughGulch_WA_985,2019-01-25,0.253,0.2473793625831604
SourdoughGulch_WA_985,2019-01-26,0.261,0.24559442698955536
SourdoughGulch_WA_985,2019-01-27,0.256,0.24986900389194489
SourdoughGulch_WA_985,2019-01-28,0.307,0.25723132491111755
SourdoughGulch_WA_985,2019-01-29,0.288,0.2507951557636261
SourdoughGulch_WA_985,2019-01-30,0.194,0.21693934500217438
SourdoughGulch_WA_985,2019-01-31,0.146,0.18838627636432648
SourdoughGulch_WA_985,2019-02-01,0.149,0.19433410465717316
SourdoughGulch_WA_985,2019-02-02,0.174,0.2045244723558426
SourdoughGulch_WA_985,2019-02-03,0.193,0.22990688681602478
SourdoughGulch_WA_985,2019-02-04,0.242,0.25329506397247314
SourdoughGulch_WA_985,2019-02-05,0.267,0.2561705708503723
SourdoughGulch_WA_985,2019-02-06,0.276,0.26818645000457764
SourdoughGulch_WA_985,2019-02-07,0.274,0.2669767141342163
SourdoughGulch_WA_985,2019-02-08,0.266,0.2573256194591522
SourdoughGulch_WA_985,2019-02-09,0.25,0.25679969787597656
SourdoughGulch_WA_985,2019-02-10,0.247,0.2559528946876526
SourdoughGulch_WA_985,2019-02-11,0.236,0.2543019652366638
SourdoughGulch_WA_985,2019-02-12,0.231,0.24848595261573792
SourdoughGulch_WA_985,2019-02-13,0.243,0.2522185444831848
SourdoughGulch_WA_985,2019-02-14,0.258,0.2602415978908539
SourdoughGulch_WA_985,2019-02-15,0.265,0.2684110999107361
SourdoughGulch_WA_985,2019-02-16,0.267,0.26913365721702576
SourdoughGulch_WA_985,2019-02-17,0.269,0.267662912607193
SourdoughGulch_WA_985,2019-02-18,0.273,0.27721545100212097
SourdoughGulch_WA_985,2019-02-19,0.275,0.2809097468852997
SourdoughGulch_WA_985,2019-02-20,0.277,0.27687597274780273
SourdoughGulch_WA_985,2019-02-21,0.277,0.2801061272621155
SourdoughGulch_WA_985,2019-02-22,0.277,0.2801993489265442
SourdoughGulch_WA_985,2019-02-23,0.279,0.27808958292007446
SourdoughGulch_WA_985,2019-02-24,0.278,0.27848514914512634
SourdoughGulch_WA_985,2019-02-25,0.28,0.27828073501586914
SourdoughGulch_WA_985,2019-02-26,0.28,0.28233468532562256
SourdoughGulch_WA_985,2019-02-27,0.281,0.28265196084976196
SourdoughGulch_WA_985,2019-02-28,0.283,0.28425759077072144
SourdoughGulch_WA_985,2019-03-01,0.284,0.28398188948631287
SourdoughGulch_WA_985,2019-03-02,0.285,0.28585582971572876
SourdoughGulch_WA_985,2019-03-03,0.285,0.2801344394683838
SourdoughGulch_WA_985,2019-03-04,0.285,0.27309492230415344
SourdoughGulch_WA_985,2019-03-05,0.284,0.27301186323165894
SourdoughGulch_WA_985,2019-03-06,0.284,0.2847658395767212
SourdoughGulch_WA_985,2019-03-07,0.283,0.28947845101356506
SourdoughGulch_WA_985,2019-03-08,0.308,0.29593491554260254
SourdoughGulch_WA_985,2019-03-09,0.305,0.30015406012535095
SourdoughGulch_WA_985,2019-03-10,0.304,0.29707321524620056
SourdoughGulch_WA_985,2019-03-11,0.302,0.29700884222984314
SourdoughGulch_WA_985,2019-03-12,0.3,0.2993103563785553
SourdoughGulch_WA_985,2019-03-13,0.298,0.2997696101665497
SourdoughGulch_WA_985,2019-03-14,0.298,0.2985493540763855
SourdoughGulch_WA_985,2019-03-15,0.298,0.2984863221645355
SourdoughGulch_WA_985,2019-03-16,0.297,0.30137693881988525
SourdoughGulch_WA_985,2019-03-17,0.301,0.2966737747192383
SourdoughGulch_WA_985,2019-03-18,0.303,0.30340325832366943
SourdoughGulch_WA_985,2019-03-19,0.306,0.30251285433769226
SourdoughGulch_WA_985,2019-03-20,0.316,0.31345415115356445
SourdoughGulch_WA_985,2019-03-21,0.352,0.3193880319595337
SourdoughGulch_WA_985,2019-03-22,0.356,0.32666170597076416
SourdoughGulch_WA_985,2019-03-23,0.359,0.32361677289009094
SourdoughGulch_WA_985,2019-03-24,0.361,0.3266133666038513
SourdoughGulch_WA_985,2019-03-25,0.359,0.3336934745311737
SourdoughGulch_WA_985,2019-03-26,0.357,0.3383534550666809
SourdoughGulch_WA_985,2019-03-27,0.354,0.34261584281921387
SourdoughGulch_WA_985,2019-03-28,0.348,0.3409438729286194
SourdoughGulch_WA_985,2019-03-29,0.347,0.3402085602283478
SourdoughGulch_WA_985,2019-03-30,0.347,0.3399070203304291
SourdoughGulch_WA_985,2019-03-31,0.341,0.3357962369918823
SourdoughGulch_WA_985,2019-04-01,0.338,0.3358669579029083
SourdoughGulch_WA_985,2019-04-02,0.335,0.33422964811325073
SourdoughGulch_WA_985,2019-04-03,0.333,0.33096131682395935
SourdoughGulch_WA_985,2019-04-04,0.331,0.33069130778312683
SourdoughGulch_WA_985,2019-04-05,0.328,0.3331204950809479
SourdoughGulch_WA_985,2019-04-06,0.339,0.3331941068172455
SourdoughGulch_WA_985,2019-04-07,0.338,0.33825305104255676
SourdoughGulch_WA_985,2019-04-08,0.354,0.33940115571022034
SourdoughGulch_WA_985,2019-04-09,0.35,0.3402464985847473
SourdoughGulch_WA_985,2019-04-10,0.341,0.3426915407180786
SourdoughGulch_WA_985,2019-04-11,0.336,0.33883678913116455
SourdoughGulch_WA_985,2019-04-12,0.338,0.3369204103946686
SourdoughGulch_WA_985,2019-04-13,0.348,0.3334834575653076
SourdoughGulch_WA_985,2019-04-14,0.338,0.32533618807792664
SourdoughGulch_WA_985,2019-04-15,0.338,0.32911014556884766
SourdoughGulch_WA_985,2019-04-16,0.334,0.3290517032146454
SourdoughGulch_WA_985,2019-04-17,0.337,0.3284139037132263
SourdoughGulch_WA_985,2019-04-18,0.337,0.32873430848121643
SourdoughGulch_WA_985,2019-04-19,0.333,0.3205551207065582
SourdoughGulch_WA_985,2019-04-20,0.332,0.3316853940486908
SourdoughGulch_WA_985,2019-04-21,0.347,0.3296634256839752
SourdoughGulch_WA_985,2019-04-22,0.342,0.33189666271209717
SourdoughGulch_WA_985,2019-04-23,0.338,0.32746821641921997
SourdoughGulch_WA_985,2019-04-24,0.335,0.31875693798065186
SourdoughGulch_WA_985,2019-04-25,0.328,0.3175719678401947
SourdoughGulch_WA_985,2019-04-26,0.323,0.3185253441333771
SourdoughGulch_WA_985,2019-04-27,0.315,0.30197328329086304
SourdoughGulch_WA_985,2019-04-28,0.308,0.29823723435401917
SourdoughGulch_WA_985,2019-04-29,0.303,0.29672589898109436
SourdoughGulch_WA_985,2019-04-30,0.3,0.3113807439804077
SourdoughGulch_WA_985,2019-05-01,0.295,0.310194730758667
SourdoughGulch_WA_985,2019-05-02,0.289,0.3024241030216217
SourdoughGulch_WA_985,2019-05-03,0.287,0.30054232478141785
SourdoughGulch_WA_985,2019-05-04,0.284,0.2818352282047272
SourdoughGulch_WA_985,2019-05-05,0.281,0.28194916248321533
SourdoughGulch_WA_985,2019-05-06,0.274,0.28408604860305786
SourdoughGulch_WA_985,2019-05-07,0.272,0.2697078585624695
SourdoughGulch_WA_985,2019-05-08,0.267,0.2669728100299835
SourdoughGulch_WA_985,2019-05-09,0.26,0.26160410046577454
SourdoughGulch_WA_985,2019-05-10,0.258,0.26295071840286255
SourdoughGulch_WA_985,2019-05-11,0.253,0.2593178451061249
SourdoughGulch_WA_985,2019-05-12,0.25,0.2553967833518982
SourdoughGulch_WA_985,2019-05-13,0.245,0.24803641438484192
SourdoughGulch_WA_985,2019-05-14,0.232,0.22819910943508148
SourdoughGulch_WA_985,2019-05-15,0.219,0.22060976922512054
SourdoughGulch_WA_985,2019-05-16,0.217,0.22854915261268616
SourdoughGulch_WA_985,2019-05-17,0.215,0.23131486773490906
SourdoughGulch_WA_985,2019-05-18,0.211,0.2285842001438141
SourdoughGulch_WA_985,2019-05-19,0.212,0.2319755107164383
SourdoughGulch_WA_985,2019-05-20,0.216,0.2231118381023407
SourdoughGulch_WA_985,2019-05-21,0.203,0.21807719767093658
SourdoughGulch_WA_985,2019-05-22,0.206,0.22223277390003204
SourdoughGulch_WA_985,2019-05-23,0.209,0.22030727565288544
SourdoughGulch_WA_985,2019-05-24,0.216,0.22662165760993958
SourdoughGulch_WA_985,2019-05-25,0.211,0.2374398112297058
SourdoughGulch_WA_985,2019-05-26,0.311,0.25062838196754456
SourdoughGulch_WA_985,2019-05-27,0.309,0.26219481229782104
SourdoughGulch_WA_985,2019-05-28,0.292,0.2707158923149109
SourdoughGulch_WA_985,2019-05-29,0.291,0.2769322395324707
SourdoughGulch_WA_985,2019-05-30,0.283,0.2768499255180359
SourdoughGulch_WA_985,2019-05-31,0.273,0.27481284737586975
SourdoughGulch_WA_985,2019-06-01,0.269,0.2721646726131439
SourdoughGulch_WA_985,2019-06-02,0.262,0.2705961763858795
SourdoughGulch_WA_985,2019-06-03,0.254,0.25839337706565857
SourdoughGulch_WA_985,2019-06-04,0.244,0.25775858759880066
SourdoughGulch_WA_985,2019-06-05,0.235,0.2563132643699646
SourdoughGulch_WA_985,2019-06-06,0.221,0.2563161849975586
SourdoughGulch_WA_985,2019-06-07,0.317,0.2656465172767639
SourdoughGulch_WA_985,2019-06-08,0.293,0.25869983434677124
SourdoughGulch_WA_985,2019-06-09,0.276,0.2578957974910736
SourdoughGulch_WA_985,2019-06-10,0.274,0.25659021735191345
SourdoughGulch_WA_985,2019-06-11,0.27,0.25651344656944275
SourdoughGulch_WA_985,2019-06-12,0.263,0.24795998632907867
SourdoughGulch_WA_985,2019-06-13,0.256,0.25293758511543274
SourdoughGulch_WA_985,2019-06-14,0.24,0.24527989327907562
SourdoughGulch_WA_985,2019-06-15,0.234,0.2376587986946106
SourdoughGulch_WA_985,2019-06-16,0.223,0.22549454867839813
SourdoughGulch_WA_985,2019-06-17,0.216,0.20995043218135834
SourdoughGulch_WA_985,2019-06-18,0.203,0.20299391448497772
SourdoughGulch_WA_985,2019-06-19,0.188,0.20020359754562378
SourdoughGulch_WA_985,2019-06-20,0.183,0.19516602158546448
SourdoughGulch_WA_985,2019-06-21,0.168,0.19401586055755615
SourdoughGulch_WA_985,2019-06-22,0.157,0.19126605987548828
SourdoughGulch_WA_985,2019-06-23,0.158,0.1893334537744522
SourdoughGulch_WA_985,2019-06-24,0.154,0.179221972823143
SourdoughGulch_WA_985,2019-06-25,0.154,0.18712255358695984
SourdoughGulch_WA_985,2019-06-26,0.156,0.19966809451580048
SourdoughGulch_WA_985,2019-06-27,0.268,0.2489979863166809
SourdoughGulch_WA_985,2019-06-28,0.316,0.29451829195022583
SourdoughGulch_WA_985,2019-06-29,0.307,0.2972116470336914
SourdoughGulch_WA_985,2019-06-30,0.308,0.2976020872592926
SourdoughGulch_WA_985,2019-07-01,0.303,0.2909362018108368
SourdoughGulch_WA_985,2019-07-02,0.292,0.2905556261539459
SourdoughGulch_WA_985,2019-07-03,0.287,0.28881046175956726
SourdoughGulch_WA_985,2019-07-04,0.284,0.2840106189250946
SourdoughGulch_WA_985,2019-07-05,0.279,0.2820667028427124
SourdoughGulch_WA_985,2019-07-06,0.278,0.27905476093292236
SourdoughGulch_WA_985,2019-07-07,0.278,0.2768474221229553
SourdoughGulch_WA_985,2019-07-08,0.268,0.2775172293186188
SourdoughGulch_WA_985,2019-07-09,0.261,0.2779066264629364
SourdoughGulch_WA_985,2019-07-10,0.26,0.2741062045097351
SourdoughGulch_WA_985,2019-07-11,0.258,0.2742179036140442
SourdoughGulch_WA_985,2019-07-12,0.248,0.25008606910705566
SourdoughGulch_WA_985,2019-07-13,0.244,0.22885845601558685
SourdoughGulch_WA_985,2019-07-14,0.236,0.22107712924480438
SourdoughGulch_WA_985,2019-07-15,0.225,0.20486629009246826
SourdoughGulch_WA_985,2019-07-16,0.205,0.21024775505065918
SourdoughGulch_WA_985,2019-07-17,0.196,0.1873326301574707
SourdoughGulch_WA_985,2019-07-18,0.185,0.18530461192131042
SourdoughGulch_WA_985,2019-07-19,0.19,0.17820368707180023
SourdoughGulch_WA_985,2019-07-20,0.176,0.17414188385009766
SourdoughGulch_WA_985,2019-07-21,0.175,0.16977275907993317
SourdoughGulch_WA_985,2019-07-22,0.174,0.16700805723667145
SourdoughGulch_WA_985,2019-07-23,0.166,0.1627407670021057
SourdoughGulch_WA_985,2019-07-24,0.163,0.15953244268894196
SourdoughGulch_WA_985,2019-07-25,0.157,0.1554681956768036
SourdoughGulch_WA_985,2019-07-26,0.151,0.1569356620311737
SourdoughGulch_WA_985,2019-07-27,0.147,0.15653203427791595
SourdoughGulch_WA_985,2019-07-28,0.145,0.14392578601837158
SourdoughGulch_WA_985,2019-07-29,0.139,0.13709048926830292
SourdoughGulch_WA_985,2019-07-30,0.132,0.13389623165130615
SourdoughGulch_WA_985,2019-07-31,0.133,0.13011042773723602
SourdoughGulch_WA_985,2019-08-01,0.129,0.1273927390575409
SourdoughGulch_WA_985,2019-08-02,0.126,0.11765360832214355
SourdoughGulch_WA_985,2019-08-03,0.119,0.11575724184513092
SourdoughGulch_WA_985,2019-08-04,0.111,0.1121361181139946
SourdoughGulch_WA_985,2019-08-05,0.111,0.10597474873065948
SourdoughGulch_WA_985,2019-08-06,0.112,0.10339301824569702
SourdoughGulch_WA_985,2019-08-07,0.107,0.10200716555118561
SourdoughGulch_WA_985,2019-08-08,0.104,0.10103734582662582
SourdoughGulch_WA_985,2019-08-09,0.096,0.09481561183929443
SourdoughGulch_WA_985,2019-08-10,0.091,0.09832017868757248
SourdoughGulch_WA_985,2019-08-11,0.091,0.1247251108288765
SourdoughGulch_WA_985,2019-08-12,0.093,0.13323131203651428
SourdoughGulch_WA_985,2019-08-13,0.109,0.13439619541168213
SourdoughGulch_WA_985,2019-08-14,0.112,0.11804372817277908
SourdoughGulch_WA_985,2019-08-15,0.114,0.1121765673160553
SourdoughGulch_WA_985,2019-08-16,0.11,0.11626928299665451
SourdoughGulch_WA_985,2019-08-17,0.115,0.11045065522193909
SourdoughGulch_WA_985,2019-08-18,0.105,0.10658196359872818
SourdoughGulch_WA_985,2019-08-19,0.105,0.11178672313690186
SourdoughGulch_WA_985,2019-08-20,0.108,0.11527503281831741
SourdoughGulch_WA_985,2019-08-21,0.107,0.10193970054388046
SourdoughGulch_WA_985,2019-08-22,0.106,0.10088880360126495
SourdoughGulch_WA_985,2019-08-23,0.094,0.1010085716843605
SourdoughGulch_WA_985,2019-08-24,0.096,0.0986788421869278
SourdoughGulch_WA_985,2019-08-25,0.097,0.10231495648622513
SourdoughGulch_WA_985,2019-08-26,0.094,0.09996867179870605
SourdoughGulch_WA_985,2019-08-27,0.088,0.09594084322452545
SourdoughGulch_WA_985,2019-08-28,0.087,0.09607347846031189
SourdoughGulch_WA_985,2019-08-29,0.088,0.0949283018708229
SourdoughGulch_WA_985,2019-08-30,0.079,0.0901116132736206
SourdoughGulch_WA_985,2019-08-31,0.082,0.09047970175743103
SourdoughGulch_WA_985,2019-09-01,0.083,0.09385695308446884
SourdoughGulch_WA_985,2019-09-02,0.082,0.0853491947054863
SourdoughGulch_WA_985,2019-09-03,0.079,0.08673811703920364
SourdoughGulch_WA_985,2019-09-04,0.078,0.08478564769029617
SourdoughGulch_WA_985,2019-09-05,0.074,0.0820433497428894
SourdoughGulch_WA_985,2019-09-06,0.07,0.07062537223100662
SourdoughGulch_WA_985,2019-09-07,0.069,0.07467140257358551
SourdoughGulch_WA_985,2019-09-08,0.063,0.07396578043699265
SourdoughGulch_WA_985,2019-09-09,0.065,0.07786785066127777
SourdoughGulch_WA_985,2019-09-10,0.068,0.07722805440425873
SourdoughGulch_WA_985,2019-09-11,0.067,0.08249182999134064
SourdoughGulch_WA_985,2019-09-12,0.062,0.08351416885852814
SourdoughGulch_WA_985,2019-09-13,0.071,0.07852860540151596
SourdoughGulch_WA_985,2019-09-14,0.073,0.07913421094417572
SourdoughGulch_WA_985,2019-09-15,0.076,0.09000438451766968
SourdoughGulch_WA_985,2019-09-16,0.08,0.09515959024429321
SourdoughGulch_WA_985,2019-09-17,0.073,0.09757328778505325
SourdoughGulch_WA_985,2019-09-18,0.077,0.09853364527225494
SourdoughGulch_WA_985,2019-09-19,0.085,0.10467560589313507
SourdoughGulch_WA_985,2019-09-20,0.12,0.11463683098554611
SourdoughGulch_WA_985,2019-09-21,0.133,0.11927808821201324
SourdoughGulch_WA_985,2019-09-22,0.14,0.12680961191654205
SourdoughGulch_WA_985,2019-09-23,0.144,0.13139212131500244
SourdoughGulch_WA_985,2019-09-24,0.146,0.13101314008235931
SourdoughGulch_WA_985,2019-09-25,0.147,0.13159319758415222
SourdoughGulch_WA_985,2019-09-26,0.145,0.1333554983139038
SourdoughGulch_WA_985,2019-09-27,0.143,0.1380387395620346
SourdoughGulch_WA_985,2019-09-28,0.139,0.13498322665691376
SourdoughGulch_WA_985,2019-09-29,0.129,0.1335093379020691
SourdoughGulch_WA_985,2019-09-30,0.126,0.13823829591274261
SourdoughGulch_WA_985,2019-10-01,0.12,0.1394634246826172
SourdoughGulch_WA_985,2019-10-02,0.135,0.147727832198143
SourdoughGulch_WA_985,2019-10-03,0.145,0.15226905047893524
SourdoughGulch_WA_985,2019-10-04,0.156,0.15742242336273193
SourdoughGulch_WA_985,2019-10-05,0.157,0.1584114283323288
SourdoughGulch_WA_985,2019-10-06,0.157,0.1646883189678192
SourdoughGulch_WA_985,2019-10-07,0.157,0.17239157855510712
SourdoughGulch_WA_985,2019-10-08,0.158,0.1704389452934265
SourdoughGulch_WA_985,2019-10-09,0.174,0.1914900541305542
SourdoughGulch_WA_985,2019-10-10,0.219,0.20092682540416718
SourdoughGulch_WA_985,2019-10-11,0.222,0.2042548656463623
SourdoughGulch_WA_985,2019-10-12,0.225,0.20694462954998016
SourdoughGulch_WA_985,2019-10-13,0.229,0.20544011890888214
SourdoughGulch_WA_985,2019-10-14,0.234,0.22457562386989594
SourdoughGulch_WA_985,2019-10-15,0.233,0.23204724490642548
SourdoughGulch_WA_985,2019-10-16,0.228,0.23348592221736908
SourdoughGulch_WA_985,2019-10-17,0.23,0.2282833307981491
SourdoughGulch_WA_985,2019-10-18,0.224,0.23137600719928741
SourdoughGulch_WA_985,2019-10-19,0.217,0.2596479058265686
SourdoughGulch_WA_985,2019-10-20,0.345,0.28675392270088196
SourdoughGulch_WA_985,2019-10-21,0.328,0.3117300868034363
SourdoughGulch_WA_985,2019-10-22,0.315,0.3118799030780792
SourdoughGulch_WA_985,2019-10-23,0.326,0.2993236184120178
SourdoughGulch_WA_985,2019-10-24,0.31,0.29879552125930786
SourdoughGulch_WA_985,2019-10-25,0.303,0.29802441596984863
SourdoughGulch_WA_985,2019-10-26,0.302,0.29774120450019836
SourdoughGulch_WA_985,2019-10-27,0.291,0.2930314242839813
SourdoughGulch_WA_985,2019-10-28,0.286,0.2845422625541687
SourdoughGulch_WA_985,2019-10-29,0.281,0.2867491543292999
SourdoughGulch_WA_985,2019-10-30,0.282,0.28115683794021606
SourdoughGulch_WA_985,2019-10-31,0.275,0.27860233187675476
SourdoughGulch_WA_985,2019-11-01,0.271,0.2716905176639557
SourdoughGulch_WA_985,2019-11-02,0.269,0.2688579261302948
SourdoughGulch_WA_985,2019-11-03,0.267,0.26777952909469604
SourdoughGulch_WA_985,2019-11-04,0.27,0.27242839336395264
SourdoughGulch_WA_985,2019-11-05,0.308,0.28206363320350647
SourdoughGulch_WA_985,2019-11-06,0.305,0.2881818413734436
SourdoughGulch_WA_985,2019-11-07,0.3,0.2897188663482666
SourdoughGulch_WA_985,2019-11-08,0.294,0.2888275384902954
SourdoughGulch_WA_985,2019-11-09,0.297,0.2846177816390991
SourdoughGulch_WA_985,2019-11-10,0.297,0.27904316782951355
SourdoughGulch_WA_985,2019-11-11,0.298,0.2799452543258667
SourdoughGulch_WA_985,2019-11-12,0.29,0.28942787647247314
SourdoughGulch_WA_985,2019-11-13,0.291,0.2859673500061035
SourdoughGulch_WA_985,2019-11-14,0.289,0.2848570942878723
SourdoughGulch_WA_985,2019-11-15,0.286,0.27661487460136414
SourdoughGulch_WA_985,2019-11-16,0.289,0.279019832611084
SourdoughGulch_WA_985,2019-11-17,0.288,0.2698300778865814
SourdoughGulch_WA_985,2019-11-18,0.293,0.27228325605392456
SourdoughGulch_WA_985,2019-11-19,0.292,0.2735762894153595
SourdoughGulch_WA_985,2019-11-20,0.304,0.28353387117385864
SourdoughGulch_WA_985,2019-11-21,0.305,0.27956464886665344
SourdoughGulch_WA_985,2019-11-22,0.296,0.28268444538116455
SourdoughGulch_WA_985,2019-11-23,0.28,0.2833540737628937
SourdoughGulch_WA_985,2019-11-24,0.271,0.28106603026390076
SourdoughGulch_WA_985,2019-11-25,0.276,0.2671891152858734
SourdoughGulch_WA_985,2019-11-26,0.273,0.26747336983680725
SourdoughGulch_WA_985,2019-11-27,0.274,0.2692955434322357
SourdoughGulch_WA_985,2019-11-28,0.276,0.26869139075279236
SourdoughGulch_WA_985,2019-11-29,0.277,0.26908645033836365
SourdoughGulch_WA_985,2019-11-30,0.272,0.26834654808044434
SourdoughGulch_WA_985,2019-12-01,0.27,0.2648131549358368
SourdoughGulch_WA_985,2019-12-02,0.265,0.2802162170410156
SourdoughGulch_WA_985,2019-12-03,0.266,0.2773992717266083
SourdoughGulch_WA_985,2019-12-04,0.266,0.27909815311431885
SourdoughGulch_WA_985,2019-12-05,0.273,0.27797508239746094
SourdoughGulch_WA_985,2019-12-06,0.29,0.28082796931266785
SourdoughGulch_WA_985,2019-12-07,0.304,0.2863772511482239
SourdoughGulch_WA_985,2019-12-08,0.337,0.2903658449649811
SourdoughGulch_WA_985,2019-12-09,0.327,0.29730603098869324
SourdoughGulch_WA_985,2019-12-10,0.309,0.2918306887149811
SourdoughGulch_WA_985,2019-12-11,0.294,0.29434359073638916
SourdoughGulch_WA_985,2019-12-12,0.295,0.3049428164958954
SourdoughGulch_WA_985,2019-12-13,0.319,0.30964821577072144
SourdoughGulch_WA_985,2019-12-14,0.325,0.31273916363716125
SourdoughGulch_WA_985,2019-12-15,0.312,0.3097195327281952
SourdoughGulch_WA_985,2019-12-16,0.306,0.29047468304634094
SourdoughGulch_WA_985,2019-12-17,0.296,0.2884114980697632
SourdoughGulch_WA_985,2019-12-18,0.285,0.286398321390152
SourdoughGulch_WA_985,2019-12-19,0.281,0.28926989436149597
SourdoughGulch_WA_985,2019-12-20,0.279,0.2944376766681671
SourdoughGulch_WA_985,2019-12-21,0.332,0.2955659031867981
SourdoughGulch_WA_985,2019-12-22,0.333,0.2915410101413727
SourdoughGulch_WA_985,2019-12-23,0.325,0.30914533138275146
SourdoughGulch_WA_985,2019-12-24,0.331,0.31200990080833435
SourdoughGulch_WA_985,2019-12-25,0.319,0.30070817470550537
SourdoughGulch_WA_985,2019-12-26,0.303,0.2980438768863678
SourdoughGulch_WA_985,2019-12-27,0.291,0.29164284467697144
SourdoughGulch_WA_985,2019-12-28,0.278,0.27940675616264343
SourdoughGulch_WA_985,2019-12-29,0.272,0.2756085693836212
SourdoughGulch_WA_985,2019-12-30,0.271,0.25925812125205994
SourdoughGulch_WA_985,2019-12-31,0.276,0.26179754734039307
SourdoughGulch_WA_985,2020-01-01,0.303,0.29889848828315735
SourdoughGulch_WA_985,2020-01-02,0.339,0.31680914759635925
SourdoughGulch_WA_985,2020-01-03,0.33,0.31739163398742676
SourdoughGulch_WA_985,2020-01-04,0.329,0.31969499588012695
SourdoughGulch_WA_985,2020-01-05,0.323,0.3154750466346741
SourdoughGulch_WA_985,2020-01-06,0.311,0.3154374063014984
SourdoughGulch_WA_985,2020-01-07,0.314,0.3161391019821167
SourdoughGulch_WA_985,2020-01-08,0.324,0.3173690140247345
SourdoughGulch_WA_985,2020-01-09,0.319,0.3152766823768616
SourdoughGulch_WA_985,2020-01-10,0.311,0.31561219692230225
SourdoughGulch_WA_985,2020-01-11,0.298,0.3128727972507477
SourdoughGulch_WA_985,2020-01-12,0.297,0.311788409948349
SourdoughGulch_WA_985,2020-01-13,0.298,0.30526015162467957
SourdoughGulch_WA_985,2020-01-14,0.3,0.3000282347202301
SourdoughGulch_WA_985,2020-01-15,0.301,0.29729974269866943
SourdoughGulch_WA_985,2020-01-16,0.301,0.2987002730369568
SourdoughGulch_WA_985,2020-01-17,0.3,0.30091193318367004
SourdoughGulch_WA_985,2020-01-18,0.301,0.29389142990112305
SourdoughGulch_WA_985,2020-01-19,0.3,0.29299402236938477
SourdoughGulch_WA_985,2020-01-20,0.3,0.3073080778121948
SourdoughGulch_WA_985,2020-01-21,0.301,0.30778592824935913
SourdoughGulch_WA_985,2020-01-22,0.322,0.3120715320110321
SourdoughGulch_WA_985,2020-01-23,0.322,0.31781893968582153
SourdoughGulch_WA_985,2020-01-24,0.33,0.3180147111415863
SourdoughGulch_WA_985,2020-01-25,0.343,0.31692734360694885
SourdoughGulch_WA_985,2020-01-26,0.337,0.3214954435825348
SourdoughGulch_WA_985,2020-01-27,0.341,0.3301401734352112
SourdoughGulch_WA_985,2020-01-28,0.328,0.3312929570674896
SourdoughGulch_WA_985,2020-01-29,0.345,0.33415839076042175
SourdoughGulch_WA_985,2020-01-30,0.333,0.33219364285469055
SourdoughGulch_WA_985,2020-01-31,0.333,0.33164820075035095
SourdoughGulch_WA_985,2020-02-01,0.346,0.3292783498764038
SourdoughGulch_WA_985,2020-02-02,0.341,0.32681867480278015
SourdoughGulch_WA_985,2020-02-03,0.332,0.32599499821662903
SourdoughGulch_WA_985,2020-02-04,0.319,0.328953355550766
SourdoughGulch_WA_985,2020-02-05,0.307,0.32596445083618164
SourdoughGulch_WA_985,2020-02-06,0.342,0.33257418870925903
SourdoughGulch_WA_985,2020-02-07,0.351,0.3337351679801941
SourdoughGulch_WA_985,2020-02-08,0.343,0.33789893984794617
SourdoughGulch_WA_985,2020-02-09,0.333,0.3360339403152466
SourdoughGulch_WA_985,2020-02-10,0.328,0.3282981514930725
SourdoughGulch_WA_985,2020-02-11,0.321,0.32354316115379333
SourdoughGulch_WA_985,2020-02-12,0.313,0.32081401348114014
SourdoughGulch_WA_985,2020-02-13,0.311,0.3231137990951538
SourdoughGulch_WA_985,2020-02-14,0.301,0.32278555631637573
SourdoughGulch_WA_985,2020-02-15,0.305,0.3215000033378601
SourdoughGulch_WA_985,2020-02-16,0.301,0.3187507092952728
SourdoughGulch_WA_985,2020-02-17,0.311,0.3159444332122803
SourdoughGulch_WA_985,2020-02-18,0.311,0.30977195501327515
SourdoughGulch_WA_985,2020-02-19,0.302,0.3022138774394989
SourdoughGulch_WA_985,2020-02-20,0.292,0.30000659823417664
SourdoughGulch_WA_985,2020-02-21,0.282,0.28881481289863586
SourdoughGulch_WA_985,2020-02-22,0.274,0.28912919759750366
SourdoughGulch_WA_985,2020-02-23,0.276,0.3006416857242584
SourdoughGulch_WA_985,2020-02-24,0.322,0.32247042655944824
SourdoughGulch_WA_985,2020-02-25,0.314,0.31866326928138733
SourdoughGulch_WA_985,2020-02-26,0.3,0.3191472589969635
SourdoughGulch_WA_985,2020-02-27,0.335,0.31878694891929626
SourdoughGulch_WA_985,2020-02-28,0.325,0.31839117407798767
SourdoughGulch_WA_985,2020-02-29,0.336,0.32252588868141174
SourdoughGulch_WA_985,2020-03-01,0.33,0.3245917856693268
SourdoughGulch_WA_985,2020-03-02,0.315,0.3221825957298279
SourdoughGulch_WA_985,2020-03-03,0.307,0.3212440609931946
SourdoughGulch_WA_985,2020-03-04,0.328,0.3211613893508911
SourdoughGulch_WA_985,2020-03-05,0.324,0.3226446807384491
SourdoughGulch_WA_985,2020-03-06,0.324,0.3229614794254303
SourdoughGulch_WA_985,2020-03-07,0.321,0.32500335574150085
SourdoughGulch_WA_985,2020-03-08,0.318,0.3249285817146301
SourdoughGulch_WA_985,2020-03-09,0.314,0.32316529750823975
SourdoughGulch_WA_985,2020-03-10,0.312,0.320783793926239
SourdoughGulch_WA_985,2020-03-11,0.31,0.3167153596878052
SourdoughGulch_WA_985,2020-03-12,0.314,0.31597790122032166
SourdoughGulch_WA_985,2020-03-13,0.304,0.31494149565696716
SourdoughGulch_WA_985,2020-03-14,0.301,0.3151105046272278
SourdoughGulch_WA_985,2020-03-15,0.302,0.31488171219825745
SourdoughGulch_WA_985,2020-03-16,0.304,0.31549909710884094
SourdoughGulch_WA_985,2020-03-17,0.306,0.31608161330223083
SourdoughGulch_WA_985,2020-03-18,0.34,0.31829777359962463
SourdoughGulch_WA_985,2020-03-19,0.336,0.3180904686450958
SourdoughGulch_WA_985,2020-03-20,0.331,0.3184283673763275
SourdoughGulch_WA_985,2020-03-21,0.327,0.3174883723258972
SourdoughGulch_WA_985,2020-03-22,0.325,0.3169706463813782
SourdoughGulch_WA_985,2020-03-23,0.321,0.3176156282424927
SourdoughGulch_WA_985,2020-03-24,0.32,0.3166792392730713
SourdoughGulch_WA_985,2020-03-25,0.313,0.3157113194465637
SourdoughGulch_WA_985,2020-03-26,0.313,0.3147866129875183
SourdoughGulch_WA_985,2020-03-27,0.311,0.31540408730506897
SourdoughGulch_WA_985,2020-03-28,0.311,0.3157711625099182
SourdoughGulch_WA_985,2020-03-29,0.313,0.32207420468330383
SourdoughGulch_WA_985,2020-03-30,0.317,0.3279208838939667
SourdoughGulch_WA_985,2020-03-31,0.355,0.3309730291366577
SourdoughGulch_WA_985,2020-04-01,0.344,0.33784207701683044
SourdoughGulch_WA_985,2020-04-02,0.343,0.3361319899559021
SourdoughGulch_WA_985,2020-04-03,0.336,0.33100807666778564
SourdoughGulch_WA_985,2020-04-04,0.332,0.33106687664985657
SourdoughGulch_WA_985,2020-04-05,0.331,0.3307517468929291
SourdoughGulch_WA_985,2020-04-06,0.33,0.33005768060684204
SourdoughGulch_WA_985,2020-04-07,0.329,0.3267925977706909
SourdoughGulch_WA_985,2020-04-08,0.327,0.3208569586277008
SourdoughGulch_WA_985,2020-04-09,0.323,0.31938135623931885
SourdoughGulch_WA_985,2020-04-10,0.319,0.31752270460128784
SourdoughGulch_WA_985,2020-04-11,0.316,0.3166522681713104
SourdoughGulch_WA_985,2020-04-12,0.307,0.31477996706962585
SourdoughGulch_WA_985,2020-04-13,0.3,0.3130052089691162
SourdoughGulch_WA_985,2020-04-14,0.295,0.3115384578704834
SourdoughGulch_WA_985,2020-04-15,0.294,0.31501543521881104
SourdoughGulch_WA_985,2020-04-16,0.341,0.32285627722740173
SourdoughGulch_WA_985,2020-04-17,0.336,0.3233450949192047
SourdoughGulch_WA_985,2020-04-18,0.332,0.32513296604156494
SourdoughGulch_WA_985,2020-04-19,0.324,0.32343241572380066
SourdoughGulch_WA_985,2020-04-20,0.32,0.3228711187839508
SourdoughGulch_WA_985,2020-04-21,0.319,0.32478705048561096
SourdoughGulch_WA_985,2020-04-22,0.316,0.32534682750701904
SourdoughGulch_WA_985,2020-04-23,0.307,0.3324008882045746
SourdoughGulch_WA_985,2020-04-24,0.349,0.3339952230453491
SourdoughGulch_WA_985,2020-04-25,0.34,0.33421534299850464
SourdoughGulch_WA_985,2020-04-26,0.336,0.3333927094936371
SourdoughGulch_WA_985,2020-04-27,0.334,0.331615686416626
SourdoughGulch_WA_985,2020-04-28,0.327,0.3143118917942047
SourdoughGulch_WA_985,2020-04-29,0.32,0.3082790970802307
SourdoughGulch_WA_985,2020-04-30,0.314,0.30884888768196106
SourdoughGulch_WA_985,2020-05-01,0.308,0.3044043481349945
SourdoughGulch_WA_985,2020-05-02,0.307,0.3098982870578766
SourdoughGulch_WA_985,2020-05-03,0.301,0.3095836341381073
SourdoughGulch_WA_985,2020-05-04,0.299,0.3035985231399536
SourdoughGulch_WA_985,2020-05-05,0.296,0.30420616269111633
SourdoughGulch_WA_985,2020-05-06,0.292,0.30245891213417053
SourdoughGulch_WA_985,2020-05-07,0.284,0.29779842495918274
SourdoughGulch_WA_985,2020-05-08,0.284,0.29585233330726624
SourdoughGulch_WA_985,2020-05-09,0.28,0.29343879222869873
SourdoughGulch_WA_985,2020-05-10,0.274,0.2835901975631714
SourdoughGulch_WA_985,2020-05-11,0.265,0.2808231711387634
SourdoughGulch_WA_985,2020-05-12,0.254,0.2823483943939209
SourdoughGulch_WA_985,2020-05-13,0.322,0.3098379671573639
SourdoughGulch_WA_985,2020-05-14,0.313,0.32017117738723755
SourdoughGulch_WA_985,2020-05-15,0.35,0.32339105010032654
SourdoughGulch_WA_985,2020-05-16,0.347,0.31768932938575745
SourdoughGulch_WA_985,2020-05-17,0.342,0.3314010798931122
SourdoughGulch_WA_985,2020-05-18,0.341,0.34111571311950684
SourdoughGulch_WA_985,2020-05-19,0.339,0.3434453010559082
SourdoughGulch_WA_985,2020-05-20,0.354,0.34855273365974426
SourdoughGulch_WA_985,2020-05-21,0.369,0.34691545367240906
SourdoughGulch_WA_985,2020-05-22,0.351,0.34067705273628235
SourdoughGulch_WA_985,2020-05-23,0.344,0.3388760983943939
SourdoughGulch_WA_985,2020-05-24,0.339,0.33196818828582764
SourdoughGulch_WA_985,2020-05-25,0.336,0.33484339714050293
SourdoughGulch_WA_985,2020-05-26,0.33,0.3340577781200409
SourdoughGulch_WA_985,2020-05-27,0.333,0.3350549340248108
SourdoughGulch_WA_985,2020-05-28,0.328,0.3208371698856354
SourdoughGulch_WA_985,2020-05-29,0.319,0.32211196422576904
SourdoughGulch_WA_985,2020-05-30,0.317,0.32327336072921753
SourdoughGulch_WA_985,2020-05-31,0.308,0.33666735887527466
SourdoughGulch_WA_985,2020-06-01,0.353,0.3431858420372009
SourdoughGulch_WA_985,2020-06-02,0.342,0.3421901762485504
SourdoughGulch_WA_985,2020-06-03,0.335,0.3400346338748932
SourdoughGulch_WA_985,2020-06-04,0.326,0.33271098136901855
SourdoughGulch_WA_985,2020-06-05,0.317,0.31095319986343384
SourdoughGulch_WA_985,2020-06-06,0.311,0.30945226550102234
SourdoughGulch_WA_985,2020-06-07,0.351,0.3113771975040436
SourdoughGulch_WA_985,2020-06-08,0.346,0.32529371976852417
SourdoughGulch_WA_985,2020-06-09,0.339,0.3318755328655243
SourdoughGulch_WA_985,2020-06-10,0.334,0.341115802526474
SourdoughGulch_WA_985,2020-06-11,0.338,0.3404885232448578
SourdoughGulch_WA_985,2020-06-12,0.337,0.34310948848724365
SourdoughGulch_WA_985,2020-06-13,0.33,0.34499621391296387
SourdoughGulch_WA_985,2020-06-14,0.364,0.3465810716152191
SourdoughGulch_WA_985,2020-06-15,0.352,0.33925896883010864
SourdoughGulch_WA_985,2020-06-16,0.351,0.3518543839454651
SourdoughGulch_WA_985,2020-06-17,0.357,0.349032998085022
SourdoughGulch_WA_985,2020-06-18,0.352,0.34544920921325684
SourdoughGulch_WA_985,2020-06-19,0.347,0.3441356420516968
SourdoughGulch_WA_985,2020-06-20,0.342,0.3412666320800781
SourdoughGulch_WA_985,2020-06-21,0.337,0.33657678961753845
SourdoughGulch_WA_985,2020-06-22,0.338,0.33528655767440796
SourdoughGulch_WA_985,2020-06-23,0.332,0.326041042804718
SourdoughGulch_WA_985,2020-06-24,0.324,0.3107251226902008
SourdoughGulch_WA_985,2020-06-25,0.314,0.3064475357532501
SourdoughGulch_WA_985,2020-06-26,0.305,0.3038235902786255
SourdoughGulch_WA_985,2020-06-27,0.295,0.3032090663909912
SourdoughGulch_WA_985,2020-06-28,0.28,0.3066708743572235
SourdoughGulch_WA_985,2020-06-29,0.266,0.307757705450058
SourdoughGulch_WA_985,2020-06-30,0.355,0.3268664479255676
SourdoughGulch_WA_985,2020-07-01,0.36,0.3331240117549896
SourdoughGulch_WA_985,2020-07-02,0.348,0.32365480065345764
SourdoughGulch_WA_985,2020-07-03,0.343,0.3110233545303345
SourdoughGulch_WA_985,2020-07-04,0.336,0.2982388734817505
SourdoughGulch_WA_985,2020-07-05,0.327,0.2942829430103302
SourdoughGulch_WA_985,2020-07-06,0.319,0.27186262607574463
SourdoughGulch_WA_985,2020-07-07,0.312,0.2854902446269989
SourdoughGulch_WA_985,2020-07-08,0.305,0.28264039754867554
SourdoughGulch_WA_985,2020-07-09,0.301,0.2900974154472351
SourdoughGulch_WA_985,2020-07-10,0.294,0.2947618067264557
SourdoughGulch_WA_985,2020-07-11,0.292,0.29706209897994995
SourdoughGulch_WA_985,2020-07-12,0.289,0.29628780484199524
SourdoughGulch_WA_985,2020-07-13,0.277,0.3067753314971924
SourdoughGulch_WA_985,2020-07-14,0.269,0.2752681076526642
SourdoughGulch_WA_985,2020-07-15,0.26,0.26922908425331116
SourdoughGulch_WA_985,2020-07-16,0.249,0.22555558383464813
SourdoughGulch_WA_985,2020-07-17,0.238,0.21856659650802612
SourdoughGulch_WA_985,2020-07-18,0.22,0.20266444981098175
SourdoughGulch_WA_985,2020-07-19,0.216,0.19233211874961853
SourdoughGulch_WA_985,2020-07-20,0.203,0.17836980521678925
SourdoughGulch_WA_985,2020-07-21,0.191,0.17269593477249146
SourdoughGulch_WA_985,2020-07-22,0.185,0.1742490977048874
SourdoughGulch_WA_985,2020-07-23,0.179,0.1755688190460205
SourdoughGulch_WA_985,2020-07-24,0.17,0.17083977162837982
SourdoughGulch_WA_985,2020-07-25,0.166,0.17190733551979065
SourdoughGulch_WA_985,2020-07-26,0.162,0.16722357273101807
SourdoughGulch_WA_985,2020-07-27,0.159,0.15641732513904572
SourdoughGulch_WA_985,2020-07-28,0.156,0.163069486618042
SourdoughGulch_WA_985,2020-07-29,0.15,0.15164440870285034
SourdoughGulch_WA_985,2020-07-30,0.15,0.15504410862922668
SourdoughGulch_WA_985,2020-07-31,0.149,0.1508757472038269
SourdoughGulch_WA_985,2020-08-01,0.148,0.1455378234386444
SourdoughGulch_WA_985,2020-08-02,0.138,0.13804912567138672
SourdoughGulch_WA_985,2020-08-03,0.139,0.137191504240036
SourdoughGulch_WA_985,2020-08-04,0.138,0.1380295604467392
SourdoughGulch_WA_985,2020-08-05,0.133,0.1315096914768219
SourdoughGulch_WA_985,2020-08-06,0.133,0.12973201274871826
SourdoughGulch_WA_985,2020-08-07,0.127,0.13085870444774628
SourdoughGulch_WA_985,2020-08-08,0.123,0.1264985352754593
SourdoughGulch_WA_985,2020-08-09,0.123,0.11776787042617798
SourdoughGulch_WA_985,2020-08-10,0.122,0.11513430625200272
SourdoughGulch_WA_985,2020-08-11,0.126,0.11272755265235901
SourdoughGulch_WA_985,2020-08-12,0.125,0.11106611043214798
SourdoughGulch_WA_985,2020-08-13,0.117,0.11190451681613922
SourdoughGulch_WA_985,2020-08-14,0.121,0.11104327440261841
SourdoughGulch_WA_985,2020-08-15,0.117,0.11075937002897263
SourdoughGulch_WA_985,2020-08-16,0.121,0.11136859655380249
SourdoughGulch_WA_985,2020-08-17,0.12,0.10921769589185715
SourdoughGulch_WA_985,2020-08-18,0.118,0.10674626380205154
SourdoughGulch_WA_985,2020-08-19,0.115,0.10703571140766144
SourdoughGulch_WA_985,2020-08-20,0.106,0.1070418730378151
SourdoughGulch_WA_985,2020-08-21,0.109,0.09479132294654846
SourdoughGulch_WA_985,2020-08-22,0.109,0.09389790892601013
SourdoughGulch_WA_985,2020-08-23,0.109,0.09369997680187225
SourdoughGulch_WA_985,2020-08-24,0.111,0.09474511444568634
SourdoughGulch_WA_985,2020-08-25,0.103,0.09754250943660736
SourdoughGulch_WA_985,2020-08-26,0.106,0.0959128588438034
SourdoughGulch_WA_985,2020-08-27,0.106,0.09842537343502045
SourdoughGulch_WA_985,2020-08-28,0.104,0.09905338287353516
SourdoughGulch_WA_985,2020-08-29,0.104,0.09696308523416519
SourdoughGulch_WA_985,2020-08-30,0.098,0.09703916311264038
SourdoughGulch_WA_985,2020-08-31,0.096,0.09318369626998901
SourdoughGulch_WA_985,2020-09-01,0.091,0.09159376472234726
SourdoughGulch_WA_985,2020-09-02,0.091,0.09122153371572495
SourdoughGulch_WA_985,2020-09-03,0.096,0.09098639339208603
SourdoughGulch_WA_985,2020-09-04,0.091,0.09065587818622589
SourdoughGulch_WA_985,2020-09-05,0.094,0.09065587818622589
SourdoughGulch_WA_985,2020-09-06,0.092,0.08985938131809235
SourdoughGulch_WA_985,2020-09-07,0.09,0.08470940589904785
SourdoughGulch_WA_985,2020-09-08,0.081,0.08241792768239975
SourdoughGulch_WA_985,2020-09-09,0.075,0.08204114437103271
SourdoughGulch_WA_985,2020-09-10,0.073,0.08127706497907639
SourdoughGulch_WA_985,2020-09-11,0.077,0.08011038601398468
SourdoughGulch_WA_985,2020-09-12,0.074,0.07991468161344528
SourdoughGulch_WA_985,2020-09-13,0.073,0.07818464189767838
SourdoughGulch_WA_985,2020-09-14,0.073,0.07304391264915466
SourdoughGulch_WA_985,2020-09-15,0.075,0.07247420400381088
SourdoughGulch_WA_985,2020-09-16,0.07,0.07297084480524063
SourdoughGulch_WA_985,2020-09-17,0.069,0.07266102731227875
SourdoughGulch_WA_985,2020-09-18,0.071,0.07169096171855927
SourdoughGulch_WA_985,2020-09-19,0.071,0.06533464044332504
SourdoughGulch_WA_985,2020-09-20,0.068,0.07259780168533325
SourdoughGulch_WA_985,2020-09-21,0.067,0.06914696842432022
SourdoughGulch_WA_985,2020-09-22,0.068,0.0726909413933754
SourdoughGulch_WA_985,2020-09-23,0.073,0.0786765068769455
SourdoughGulch_WA_985,2020-09-24,0.074,0.09072676301002502
SourdoughGulch_WA_985,2020-09-25,0.071,0.0995873436331749
SourdoughGulch_WA_985,2020-09-26,0.072,0.1257193386554718
SourdoughGulch_WA_985,2020-09-27,0.208,0.16846007108688354
SourdoughGulch_WA_985,2020-09-28,0.195,0.17963162064552307
SourdoughGulch_WA_985,2020-09-29,0.186,0.16970181465148926
SourdoughGulch_WA_985,2020-09-30,0.179,0.16014324128627777
SourdoughGulch_WA_985,2020-10-01,0.178,0.16045545041561127
SourdoughGulch_WA_985,2020-10-02,0.17,0.1609894335269928
SourdoughGulch_WA_985,2020-10-03,0.161,0.15641331672668457
SourdoughGulch_WA_985,2020-10-04,0.156,0.1516982614994049
SourdoughGulch_WA_985,2020-10-05,0.147,0.1409863829612732
SourdoughGulch_WA_985,2020-10-06,0.143,0.13182196021080017
SourdoughGulch_WA_985,2020-10-07,0.139,0.12974844872951508
SourdoughGulch_WA_985,2020-10-08,0.139,0.1238558366894722
SourdoughGulch_WA_985,2020-10-09,0.129,0.12210435420274734
SourdoughGulch_WA_985,2020-10-10,0.122,0.1270448863506317
SourdoughGulch_WA_985,2020-10-11,0.117,0.1372727006673813
SourdoughGulch_WA_985,2020-10-12,0.109,0.1636829972267151
SourdoughGulch_WA_985,2020-10-13,0.174,0.19463211297988892
SourdoughGulch_WA_985,2020-10-14,0.325,0.2393205612897873
SourdoughGulch_WA_985,2020-10-15,0.285,0.24670134484767914
SourdoughGulch_WA_985,2020-10-16,0.27,0.24949775636196136
SourdoughGulch_WA_985,2020-10-17,0.266,0.2491147369146347
SourdoughGulch_WA_985,2020-10-18,0.26,0.24331389367580414
SourdoughGulch_WA_985,2020-10-19,0.255,0.26040640473365784
SourdoughGulch_WA_985,2020-10-20,0.249,0.25429821014404297
SourdoughGulch_WA_985,2020-10-21,0.243,0.24594290554523468
SourdoughGulch_WA_985,2020-10-22,0.232,0.2513362467288971
SourdoughGulch_WA_985,2020-10-23,0.227,0.2541881203651428
SourdoughGulch_WA_985,2020-10-24,0.221,0.2668215334415436
SourdoughGulch_WA_985,2020-10-25,0.317,0.2848685383796692
SourdoughGulch_WA_985,2020-10-26,0.288,0.28923946619033813
SourdoughGulch_WA_985,2020-10-27,0.265,0.2636067271232605
SourdoughGulch_WA_985,2020-10-28,0.258,0.26558005809783936
SourdoughGulch_WA_985,2020-10-29,0.305,0.2774100601673126
SourdoughGulch_WA_985,2020-10-30,0.302,0.27797651290893555
SourdoughGulch_WA_985,2020-10-31,0.298,0.27976036071777344
SourdoughGulch_WA_985,2020-11-01,0.286,0.27583128213882446
SourdoughGulch_WA_985,2020-11-02,0.282,0.2800961434841156
SourdoughGulch_WA_985,2020-11-03,0.278,0.2676771581172943
SourdoughGulch_WA_985,2020-11-04,0.278,0.27094125747680664
SourdoughGulch_WA_985,2020-11-05,0.277,0.2709168493747711
SourdoughGulch_WA_985,2020-11-06,0.275,0.2993658185005188
SourdoughGulch_WA_985,2020-11-07,0.348,0.3103993237018585
SourdoughGulch_WA_985,2020-11-08,0.334,0.32207122445106506
SourdoughGulch_WA_985,2020-11-09,0.325,0.32137197256088257
SourdoughGulch_WA_985,2020-11-10,0.326,0.33104076981544495
SourdoughGulch_WA_985,2020-11-11,0.327,0.32855039834976196
SourdoughGulch_WA_985,2020-11-12,0.328,0.32269394397735596
SourdoughGulch_WA_985,2020-11-13,0.328,0.32603585720062256
SourdoughGulch_WA_985,2020-11-14,0.329,0.32594773173332214
SourdoughGulch_WA_985,2020-11-15,0.331,0.3272666037082672
SourdoughGulch_WA_985,2020-11-16,0.331,0.3280004560947418
SourdoughGulch_WA_985,2020-11-17,0.361,0.3229183554649353
SourdoughGulch_WA_985,2020-11-18,0.351,0.3229052722454071
SourdoughGulch_WA_985,2020-11-19,0.353,0.32811111211776733
SourdoughGulch_WA_985,2020-11-20,0.334,0.32433632016181946
SourdoughGulch_WA_985,2020-11-21,0.321,0.3229532241821289
SourdoughGulch_WA_985,2020-11-22,0.308,0.3149280548095703
SourdoughGulch_WA_985,2020-11-23,0.295,0.30693289637565613
SourdoughGulch_WA_985,2020-11-24,0.297,0.3027763068675995
SourdoughGulch_WA_985,2020-11-25,0.3,0.30555102229118347
SourdoughGulch_WA_985,2020-11-26,0.299,0.29473477602005005
SourdoughGulch_WA_985,2020-11-27,0.299,0.2894151210784912
SourdoughGulch_WA_985,2020-11-28,0.293,0.2866896986961365
SourdoughGulch_WA_985,2020-11-29,0.291,0.2796580195426941
SourdoughGulch_WA_985,2020-11-30,0.29,0.2832242250442505
SourdoughGulch_WA_985,2020-12-01,0.285,0.2736138701438904
SourdoughGulch_WA_985,2020-12-02,0.279,0.266751229763031
SourdoughGulch_WA_985,2020-12-03,0.263,0.25773337483406067
SourdoughGulch_WA_985,2020-12-04,0.246,0.2482655793428421
SourdoughGulch_WA_985,2020-12-05,0.222,0.23104768991470337
SourdoughGulch_WA_985,2020-12-06,0.188,0.22328709065914154
SourdoughGulch_WA_985,2020-12-07,0.177,0.2058798223733902
SourdoughGulch_WA_985,2020-12-08,0.155,0.20956142246723175
SourdoughGulch_WA_985,2020-12-09,0.195,0.2192401885986328
SourdoughGulch_WA_985,2020-12-10,0.258,0.24342875182628632
SourdoughGulch_WA_985,2020-12-11,0.282,0.2443085014820099
SourdoughGulch_WA_985,2020-12-12,0.273,0.24771517515182495
SourdoughGulch_WA_985,2020-12-13,0.249,0.25145813822746277
SourdoughGulch_WA_985,2020-12-14,0.219,0.243146151304245
SourdoughGulch_WA_985,2020-12-15,0.221,0.22800078988075256
SourdoughGulch_WA_985,2020-12-16,0.224,0.25293323397636414
SourdoughGulch_WA_985,2020-12-17,0.238,0.26510289311408997
SourdoughGulch_WA_985,2020-12-18,0.258,0.2670823633670807
SourdoughGulch_WA_985,2020-12-19,0.283,0.2740269899368286
SourdoughGulch_WA_985,2020-12-20,0.314,0.2947823405265808
SourdoughGulch_WA_985,2020-12-21,0.35,0.3165087401866913
SourdoughGulch_WA_985,2020-12-22,0.35,0.3167358636856079
SourdoughGulch_WA_985,2020-12-23,0.339,0.3175460994243622
SourdoughGulch_WA_985,2020-12-24,0.322,0.3087179660797119
SourdoughGulch_WA_985,2020-12-25,0.307,0.31234052777290344
SourdoughGulch_WA_985,2020-12-26,0.3,0.31259289383888245
SourdoughGulch_WA_985,2020-12-27,0.307,0.30635756254196167
SourdoughGulch_WA_985,2020-12-28,0.301,0.30302104353904724
SourdoughGulch_WA_985,2020-12-29,0.285,0.30007225275039673
SourdoughGulch_WA_985,2020-12-30,0.27,0.2938920259475708
SourdoughGulch_WA_985,2020-12-31,0.262,0.2959405779838562
Spokane,2019-01-01,0.299,0.28639283776283264
Spokane,2019-01-05,0.301,0.27753502130508423
Spokane,2019-01-06,0.304,0.28361281752586365
Spokane,2019-01-07,0.303,0.28509196639060974
Spokane,2019-01-08,0.299,0.2837277352809906
Spokane,2019-01-10,0.319,0.2899608016014099
Spokane,2019-01-11,0.313,0.29722774028778076
Spokane,2019-01-12,0.308,0.2970438599586487
Spokane,2019-01-13,0.306,0.29458945989608765
Spokane,2019-01-14,0.301,0.28125762939453125
Spokane,2019-04-02,0.298,0.29148411750793457
Spokane,2019-04-03,0.298,0.2988019585609436
Spokane,2019-04-04,0.296,0.29897648096084595
Spokane,2019-04-05,0.301,0.3070680797100067
Spokane,2019-04-06,0.308,0.3095671832561493
Spokane,2019-04-07,0.319,0.3112647235393524
Spokane,2019-04-08,0.314,0.3062698543071747
Spokane,2019-04-09,0.335,0.312480628490448
Spokane,2019-04-10,0.32,0.31208857893943787
Spokane,2019-04-11,0.312,0.31395044922828674
Spokane,2019-04-12,0.314,0.3109499514102936
Spokane,2019-04-13,0.319,0.3138546347618103
Spokane,2019-04-14,0.316,0.3100550174713135
Spokane,2019-04-15,0.31,0.30529922246932983
Spokane,2019-04-16,0.307,0.30033981800079346
Spokane,2019-04-17,0.302,0.2984485924243927
Spokane,2019-04-18,0.298,0.2988816499710083
Spokane,2019-04-19,0.296,0.3035471439361572
Spokane,2019-04-20,0.298,0.301285058259964
Spokane,2019-04-21,0.295,0.2939274311065674
Spokane,2019-04-22,0.291,0.2876049280166626
Spokane,2019-04-23,0.287,0.28252071142196655
Spokane,2019-04-24,0.283,0.2791418433189392
Spokane,2019-04-25,0.279,0.2796744704246521
Spokane,2019-04-26,0.284,0.28237032890319824
Spokane,2019-04-27,0.282,0.28023460507392883
Spokane,2019-04-28,0.278,0.2794266939163208
Spokane,2019-04-29,0.274,0.27814528346061707
Spokane,2019-04-30,0.27,0.25586259365081787
Spokane,2019-05-01,0.266,0.2506139278411865
Spokane,2019-05-02,0.262,0.24924078583717346
Spokane,2019-05-03,0.258,0.24729658663272858
Spokane,2019-05-04,0.254,0.24533841013908386
Spokane,2019-05-05,0.249,0.24411441385746002
Spokane,2019-05-06,0.243,0.23852601647377014
Spokane,2019-05-07,0.243,0.2380061149597168
Spokane,2019-05-08,0.235,0.22227375209331512
Spokane,2019-05-09,0.228,0.2168051302433014
Spokane,2019-05-10,0.22,0.21130545437335968
Spokane,2019-05-11,0.213,0.20625901222229004
Spokane,2019-05-12,0.204,0.2026485800743103
Spokane,2019-05-13,0.197,0.203090637922287
Spokane,2019-05-14,0.192,0.2065516859292984
Spokane,2019-05-15,0.19,0.20239564776420593
Spokane,2019-05-16,0.213,0.22141112387180328
Spokane,2019-05-17,0.264,0.23545394837856293
Spokane,2019-05-18,0.266,0.2496863454580307
Spokane,2019-05-19,0.257,0.24706381559371948
Spokane,2019-05-20,0.249,0.2484573870897293
Spokane,2019-05-21,0.244,0.24343161284923553
Spokane,2019-05-22,0.238,0.24059638381004333
Spokane,2019-05-23,0.231,0.23179402947425842
Spokane,2019-05-24,0.231,0.2310442328453064
Spokane,2019-05-25,0.23,0.23027445375919342
Spokane,2019-05-26,0.261,0.23719117045402527
Spokane,2019-05-27,0.248,0.2458060085773468
Spokane,2019-05-28,0.239,0.24220192432403564
Spokane,2019-05-29,0.23,0.23204471170902252
Spokane,2019-05-30,0.225,0.22723239660263062
Spokane,2019-05-31,0.224,0.22252558171749115
Spokane,2019-06-01,0.212,0.21245767176151276
Spokane,2019-06-02,0.202,0.18942208588123322
Spokane,2019-06-03,0.191,0.1899591088294983
Spokane,2019-06-04,0.182,0.17281495034694672
Spokane,2019-06-05,0.178,0.17016997933387756
Spokane,2019-06-06,0.187,0.1715283840894699
Spokane,2019-06-07,0.179,0.16548536717891693
Spokane,2019-06-08,0.174,0.1610049605369568
Spokane,2019-06-09,0.17,0.15711510181427002
Spokane,2019-06-10,0.163,0.15620307624340057
Spokane,2019-06-11,0.154,0.15218095481395721
Spokane,2019-06-12,0.145,0.13599038124084473
Spokane,2019-06-13,0.135,0.1310616433620453
Spokane,2019-06-14,0.125,0.11632589250802994
Spokane,2019-06-15,0.117,0.10588213056325912
Spokane,2019-06-16,0.109,0.10383814573287964
Spokane,2019-06-17,0.102,0.10649292916059494
Spokane,2019-06-18,0.095,0.09371853619813919
Spokane,2019-06-19,0.089,0.0809105709195137
Spokane,2019-06-20,0.084,0.07915931940078735
Spokane,2019-06-21,0.081,0.08440454304218292
Spokane,2019-06-22,0.081,0.08691328018903732
Spokane,2019-06-23,0.078,0.08648106455802917
Spokane,2019-06-24,0.076,0.08045961707830429
Spokane,2019-06-25,0.072,0.07607622444629669
Spokane,2019-06-26,0.069,0.07724693417549133
Spokane,2019-06-27,0.066,0.07869897037744522
Spokane,2019-06-28,0.066,0.07836714386940002
Spokane,2019-06-29,0.067,0.07895038276910782
Spokane,2019-06-30,0.068,0.07854431122541428
Spokane,2019-07-01,0.068,0.07683499157428741
Spokane,2019-07-02,0.066,0.07648804783821106
Spokane,2019-07-03,0.063,0.07504058629274368
Spokane,2019-07-04,0.06,0.05585293471813202
Spokane,2019-07-05,0.057,0.05398988723754883
Spokane,2019-07-06,0.055,0.052146393805742264
Spokane,2019-07-07,0.052,0.05159033462405205
Spokane,2019-07-08,0.048,0.05062621086835861
Spokane,2019-07-09,0.046,0.04351551830768585
Spokane,2019-07-10,0.044,0.046846240758895874
Spokane,2019-07-11,0.042,0.04486045986413956
Spokane,2019-07-12,0.041,0.04107792675495148
Spokane,2019-07-13,0.04,0.04036284610629082
Spokane,2019-07-14,0.037,0.03520357981324196
Spokane,2019-07-15,0.034,0.03456002101302147
Spokane,2019-07-16,0.034,0.04358573257923126
Spokane,2019-07-17,0.035,0.03893935680389404
Spokane,2019-07-18,0.038,0.043389514088630676
Spokane,2019-07-19,0.04,0.046266697347164154
Spokane,2019-07-20,0.042,0.04552602767944336
Spokane,2019-07-21,0.044,0.04000643640756607
Spokane,2019-07-22,0.044,0.047651007771492004
Spokane,2019-07-23,0.044,0.048184096813201904
Spokane,2019-07-24,0.043,0.05391755327582359
Spokane,2019-07-25,0.046,0.059023186564445496
Spokane,2019-07-26,0.051,0.06414294242858887
Spokane,2019-07-27,0.054,0.06508848071098328
Spokane,2019-07-28,0.053,0.06534179300069809
Spokane,2019-07-29,0.052,0.059798240661621094
Spokane,2019-07-30,0.05,0.05261155962944031
Spokane,2019-07-31,0.048,0.049795962870121
Spokane,2019-08-01,0.046,0.04985422641038895
Spokane,2019-08-02,0.043,0.0522359274327755
Spokane,2019-08-03,0.039,0.05101538449525833
Spokane,2019-08-04,0.037,0.046144358813762665
Spokane,2019-08-05,0.035,0.04617935046553612
Spokane,2019-08-06,0.033,0.04063748940825462
Spokane,2019-08-07,0.031,0.04047786816954613
Spokane,2019-08-08,0.03,0.04086197167634964
Spokane,2019-08-09,0.028,0.03854073956608772
Spokane,2019-08-10,0.029,0.04444542154669762
Spokane,2019-08-11,0.046,0.05653560161590576
Spokane,2019-08-12,0.131,0.09216409176588058
Spokane,2019-08-13,0.121,0.09646107256412506
Spokane,2019-08-14,0.112,0.09475674480199814
Spokane,2019-08-15,0.105,0.08856126666069031
Spokane,2019-08-16,0.098,0.08372266590595245
Spokane,2019-08-17,0.093,0.07601804286241531
Spokane,2019-08-18,0.087,0.06642276793718338
Spokane,2019-08-19,0.082,0.06322692334651947
Spokane,2019-08-20,0.077,0.05900793522596359
Spokane,2019-08-21,0.072,0.05906159058213234
Spokane,2019-08-22,0.067,0.061555538326501846
Spokane,2019-08-23,0.063,0.06634372472763062
Spokane,2019-08-24,0.06,0.06420912593603134
Spokane,2019-08-25,0.056,0.062167003750801086
Spokane,2019-08-26,0.052,0.05511554330587387
Spokane,2019-08-27,0.049,0.0548512302339077
Spokane,2019-08-28,0.046,0.05303599685430527
Spokane,2019-08-29,0.042,0.05223832651972771
Spokane,2019-08-30,0.042,0.05192349851131439
Spokane,2019-08-31,0.042,0.052191589027643204
Spokane,2019-09-01,0.041,0.05048610270023346
Spokane,2019-09-02,0.038,0.04519122838973999
Spokane,2019-09-03,0.036,0.04640886187553406
Spokane,2019-09-04,0.035,0.04621202498674393
Spokane,2019-09-05,0.033,0.04531435668468475
Spokane,2019-09-06,0.032,0.04469246789813042
Spokane,2019-09-07,0.034,0.04547910392284393
Spokane,2019-09-08,0.035,0.04990953579545021
Spokane,2019-09-09,0.072,0.06862729042768478
Spokane,2019-09-10,0.129,0.094211645424366
Spokane,2019-09-11,0.126,0.10191842168569565
Spokane,2019-09-12,0.122,0.10808848589658737
Spokane,2019-09-13,0.117,0.10800547152757645
Spokane,2019-09-14,0.112,0.10258372873067856
Spokane,2019-09-15,0.107,0.09746323525905609
Spokane,2019-09-16,0.103,0.0983726903796196
Spokane,2019-09-17,0.099,0.09433307498693466
Spokane,2019-09-18,0.097,0.09474959969520569
Spokane,2019-09-19,0.095,0.09354367107152939
Spokane,2019-09-20,0.093,0.0926879495382309
Spokane,2019-09-21,0.092,0.09505316615104675
Spokane,2019-09-22,0.091,0.09453912824392319
Spokane,2019-09-23,0.091,0.09119865298271179
Spokane,2019-09-24,0.089,0.09002085030078888
Spokane,2019-09-25,0.087,0.08768774569034576
Spokane,2019-09-26,0.085,0.0876559466123581
Spokane,2019-09-27,0.083,0.0919279083609581
Spokane,2019-09-28,0.145,0.13428069651126862
Spokane,2019-09-29,0.196,0.15236400067806244
Spokane,2019-09-30,0.178,0.15825463831424713
Spokane,2019-10-01,0.166,0.15964902937412262
Spokane,2019-10-02,0.158,0.15733523666858673
Spokane,2019-10-03,0.154,0.1560247391462326
Spokane,2019-10-04,0.151,0.16061624884605408
Spokane,2019-10-05,0.148,0.15374858677387238
Spokane,2019-10-06,0.144,0.1495392769575119
Spokane,2019-10-07,0.142,0.15030428767204285
Spokane,2019-10-08,0.139,0.15283264219760895
Spokane,2019-10-09,0.164,0.1548900604248047
Spokane,2019-10-10,0.166,0.158877432346344
Spokane,2019-10-11,0.16,0.15343591570854187
Spokane,2019-10-12,0.156,0.15325677394866943
Spokane,2019-10-13,0.154,0.15155816078186035
Spokane,2019-10-14,0.151,0.14753958582878113
Spokane,2019-10-15,0.147,0.14504605531692505
Spokane,2019-10-16,0.146,0.14737947285175323
Spokane,2019-10-17,0.144,0.15369583666324615
Spokane,2019-10-18,0.148,0.16378158330917358
Spokane,2019-10-19,0.193,0.1857982575893402
Spokane,2019-10-20,0.196,0.1892143189907074
Spokane,2019-10-21,0.195,0.20214428007602692
Spokane,2019-10-22,0.207,0.19969333708286285
Spokane,2019-10-23,0.193,0.20677001774311066
Spokane,2019-10-25,0.182,0.19606269896030426
Spokane,2019-10-26,0.184,0.21073119342327118
Spokane,2019-10-27,0.18,0.2074868083000183
Spokane,2019-10-28,0.179,0.20734170079231262
Spokane,2019-10-29,0.17,0.18829290568828583
Spokane,2019-10-30,0.163,0.1804555058479309
Spokane,2019-10-31,0.165,0.17645363509655
Spokane,2019-11-04,0.166,0.17498187720775604
Spokane,2019-11-05,0.165,0.17924723029136658
Spokane,2019-11-06,0.164,0.16811847686767578
Spokane,2019-11-07,0.16,0.17729857563972473
Spokane,2019-11-08,0.161,0.1773231327533722
Spokane,2019-11-09,0.166,0.1775471419095993
Spokane,2019-11-10,0.172,0.19150260090827942
Spokane,2019-11-11,0.167,0.18765993416309357
Spokane,2019-11-12,0.17,0.1937004178762436
Spokane,2019-11-13,0.175,0.19137781858444214
Spokane,2019-11-14,0.173,0.19211004674434662
Spokane,2019-11-15,0.177,0.1964733600616455
Spokane,2019-11-16,0.18,0.19667580723762512
Spokane,2019-11-17,0.207,0.2036115527153015
Spokane,2019-11-18,0.208,0.2177598923444748
Spokane,2019-11-19,0.203,0.21610021591186523
Spokane,2019-11-20,0.2,0.21426446735858917
Spokane,2019-11-21,0.193,0.21083936095237732
Spokane,2019-11-22,0.185,0.20587016642093658
Spokane,2019-11-23,0.18,0.19606100022792816
Spokane,2019-11-24,0.184,0.19735324382781982
Spokane,2019-11-25,0.18,0.19684380292892456
Spokane,2019-12-24,0.265,0.25717923045158386
Spokane,2019-12-25,0.263,0.25801149010658264
Spokane,2019-12-26,0.262,0.2586325705051422
Spokane,2019-12-27,0.259,0.25433188676834106
Spokane,2019-12-28,0.259,0.26352745294570923
Spokane,2019-12-29,0.259,0.26032912731170654
Spokane,2019-12-30,0.262,0.2594859302043915
Spokane,2019-12-31,0.275,0.26546937227249146
Spokane,2020-01-01,0.287,0.27924466133117676
Spokane,2020-01-02,0.28,0.2773730456829071
Spokane,2020-01-03,0.281,0.28113698959350586
Spokane,2020-01-04,0.278,0.281305193901062
Spokane,2020-01-05,0.275,0.28134211897850037
Spokane,2020-01-06,0.282,0.2852005660533905
Spokane,2020-01-07,0.289,0.2877035439014435
Spokane,2020-01-08,0.286,0.28775554895401
Spokane,2020-01-09,0.282,0.2858836054801941
Spokane,2020-01-10,0.275,0.28839176893234253
Spokane,2020-01-11,0.295,0.28850552439689636
Spokane,2020-01-12,0.297,0.28822043538093567
Spokane,2020-01-13,0.294,0.2952588200569153
Spokane,2020-01-14,0.297,0.2943391501903534
Spokane,2020-01-15,0.295,0.2945130169391632
Spokane,2020-01-16,0.294,0.2860356271266937
Spokane,2020-01-17,0.289,0.2804141342639923
Spokane,2020-01-18,0.287,0.2878834009170532
Spokane,2020-01-19,0.289,0.28702887892723083
Spokane,2020-01-20,0.29,0.2820267677307129
Spokane,2020-01-21,0.291,0.28184276819229126
Spokane,2020-01-22,0.295,0.2839428782463074
Spokane,2020-01-23,0.328,0.30572977662086487
Spokane,2020-01-24,0.342,0.3081665337085724
Spokane,2020-01-25,0.319,0.30787166953086853
Spokane,2020-01-26,0.317,0.31343498826026917
Spokane,2020-01-27,0.313,0.30991917848587036
Spokane,2020-01-28,0.328,0.31766384840011597
Spokane,2020-01-29,0.319,0.3165121376514435
Spokane,2020-01-30,0.315,0.3159372806549072
Spokane,2020-01-31,0.312,0.3125895857810974
Spokane,2020-02-01,0.309,0.3051089942455292
Spokane,2020-02-02,0.304,0.3029726445674896
Spokane,2020-02-03,0.291,0.2982734739780426
Spokane,2020-02-04,0.281,0.2939145565032959
Spokane,2020-02-05,0.295,0.29454317688941956
Spokane,2020-02-06,0.309,0.3060418665409088
Spokane,2020-02-07,0.33,0.30708178877830505
Spokane,2020-02-08,0.332,0.30916303396224976
Spokane,2020-02-09,0.321,0.30981531739234924
Spokane,2020-02-10,0.32,0.303097128868103
Spokane,2020-02-11,0.317,0.3004170060157776
Spokane,2020-02-15,0.309,0.2918895184993744
Spokane,2020-02-16,0.307,0.2816278338432312
Spokane,2020-02-17,0.3,0.2819083333015442
Spokane,2020-02-18,0.307,0.27492234110832214
Spokane,2020-03-04,0.279,0.2635113298892975
Spokane,2020-03-05,0.278,0.26820147037506104
Spokane,2020-03-06,0.279,0.2776446044445038
Spokane,2020-03-07,0.294,0.2889876961708069
Spokane,2020-03-08,0.294,0.2904321551322937
Spokane,2020-03-09,0.291,0.29373490810394287
Spokane,2020-03-10,0.289,0.2825772762298584
Spokane,2020-03-11,0.289,0.28167417645454407
Spokane,2020-03-12,0.285,0.2814830243587494
Spokane,2020-03-13,0.285,0.2863602042198181
Spokane,2020-03-14,0.284,0.2849162518978119
Spokane,2020-03-15,0.283,0.28728848695755005
Spokane,2020-03-16,0.287,0.28658851981163025
Spokane,2020-03-17,0.287,0.284188449382782
Spokane,2020-03-18,0.286,0.2828148603439331
Spokane,2020-03-19,0.284,0.281972736120224
Spokane,2020-03-20,0.282,0.278632789850235
Spokane,2020-03-21,0.28,0.2766374945640564
Spokane,2020-03-22,0.278,0.2735121548175812
Spokane,2020-03-23,0.277,0.2734522819519043
Spokane,2020-03-24,0.276,0.27576902508735657
Spokane,2020-03-25,0.28,0.27847960591316223
Spokane,2020-03-26,0.282,0.2772887647151947
Spokane,2020-03-27,0.281,0.2773444950580597
Spokane,2020-03-28,0.28,0.27669593691825867
Spokane,2020-03-29,0.279,0.2760625183582306
Spokane,2020-03-30,0.281,0.27872395515441895
Spokane,2020-03-31,0.285,0.2909846305847168
Spokane,2020-04-01,0.288,0.29044482111930847
Spokane,2020-04-02,0.291,0.2905987501144409
Spokane,2020-04-03,0.288,0.28749576210975647
Spokane,2020-04-04,0.285,0.28379347920417786
Spokane,2020-04-05,0.288,0.2827972173690796
Spokane,2020-04-06,0.286,0.27781498432159424
Spokane,2020-04-07,0.283,0.2735660970211029
Spokane,2020-04-08,0.28,0.26888424158096313
Spokane,2020-04-09,0.277,0.26853296160697937
Spokane,2020-04-10,0.274,0.27503758668899536
Spokane,2020-04-11,0.27,0.277850866317749
Spokane,2020-04-12,0.267,0.2735884487628937
Spokane,2020-04-13,0.264,0.26310279965400696
Spokane,2020-04-14,0.262,0.26054686307907104
Spokane,2020-04-15,0.261,0.2585369050502777
Spokane,2020-04-16,0.257,0.25742533802986145
Spokane,2020-04-17,0.254,0.2545824646949768
Spokane,2020-04-18,0.251,0.2507248520851135
Spokane,2020-04-19,0.25,0.2502254247665405
Spokane,2020-04-20,0.247,0.24397730827331543
Spokane,2020-04-21,0.242,0.24541635811328888
Spokane,2020-04-22,0.243,0.24932228028774261
Spokane,2020-04-23,0.25,0.24817518889904022
Spokane,2020-04-24,0.246,0.24383369088172913
Spokane,2020-04-25,0.244,0.24600081145763397
Spokane,2020-04-26,0.241,0.24198788404464722
Spokane,2020-04-27,0.238,0.2457050383090973
Spokane,2020-04-28,0.234,0.24435997009277344
Spokane,2020-04-29,0.229,0.24092485010623932
Spokane,2020-04-30,0.224,0.2353704869747162
Spokane,2020-05-01,0.22,0.2323010414838791
Spokane,2020-05-02,0.216,0.23931364715099335
Spokane,2020-05-03,0.225,0.2367805391550064
Spokane,2020-05-04,0.219,0.23398953676223755
Spokane,2020-05-05,0.214,0.21787641942501068
Spokane,2020-05-06,0.222,0.22521701455116272
Spokane,2020-05-07,0.222,0.22407273948192596
Spokane,2020-05-08,0.217,0.22254353761672974
Spokane,2020-05-09,0.21,0.22026506066322327
Spokane,2020-05-10,0.202,0.2121240496635437
Spokane,2020-05-11,0.195,0.20427796244621277
Spokane,2020-05-12,0.209,0.22052070498466492
Spokane,2020-05-13,0.211,0.22072109580039978
Spokane,2020-05-14,0.21,0.21325233578681946
Spokane,2020-05-15,0.21,0.2145342230796814
Spokane,2020-05-16,0.207,0.21353113651275635
Spokane,2020-05-17,0.206,0.21482603251934052
Spokane,2020-05-18,0.224,0.22304293513298035
Spokane,2020-05-19,0.255,0.23828940093517303
Spokane,2020-05-20,0.294,0.29751381278038025
Spokane,2020-05-21,0.326,0.31657716631889343
Spokane,2020-05-22,0.311,0.31581851840019226
Spokane,2020-05-23,0.305,0.3152950704097748
Spokane,2020-05-24,0.298,0.297421932220459
Spokane,2020-05-25,0.294,0.2996487617492676
Spokane,2020-05-26,0.29,0.2983092665672302
Spokane,2020-05-27,0.282,0.2854473888874054
Spokane,2020-05-28,0.273,0.26725950837135315
Spokane,2020-05-29,0.265,0.25779497623443604
Spokane,2020-05-30,0.259,0.2544708549976349
Spokane,2020-05-31,0.306,0.29557907581329346
Spokane,2020-06-01,0.297,0.29359811544418335
Spokane,2020-06-02,0.289,0.2861754298210144
Spokane,2020-06-03,0.28,0.28737789392471313
Spokane,2020-06-04,0.272,0.269340842962265
Spokane,2020-06-05,0.268,0.27134498953819275
Spokane,2020-06-06,0.269,0.2733478844165802
Spokane,2020-06-07,0.264,0.2693450152873993
Spokane,2020-06-08,0.259,0.254619836807251
Spokane,2020-06-09,0.26,0.2625925838947296
Spokane,2020-06-10,0.261,0.26011747121810913
Spokane,2020-06-11,0.254,0.25212720036506653
Spokane,2020-06-12,0.25,0.22834952175617218
Spokane,2020-06-13,0.262,0.2317976951599121
Spokane,2020-06-14,0.268,0.23480580747127533
Spokane,2020-06-15,0.268,0.23471581935882568
Spokane,2020-06-16,0.269,0.2450825721025467
Spokane,2020-06-17,0.267,0.25460633635520935
Spokane,2020-06-18,0.264,0.253099650144577
Spokane,2020-06-19,0.255,0.24856914579868317
Spokane,2020-06-20,0.248,0.23992452025413513
Spokane,2020-06-21,0.243,0.22496722638607025
Spokane,2020-06-22,0.235,0.21801789104938507
Spokane,2020-06-23,0.226,0.2163689285516739
Spokane,2020-06-24,0.215,0.2151191085577011
Spokane,2020-06-25,0.206,0.21272873878479004
Spokane,2020-06-26,0.197,0.19646744430065155
Spokane,2020-06-27,0.187,0.19050422310829163
Spokane,2020-06-28,0.18,0.17939336597919464
Spokane,2020-06-29,0.175,0.18396951258182526
Spokane,2020-06-30,0.178,0.18664242327213287
Spokane,2020-07-01,0.189,0.1844342201948166
Spokane,2020-07-02,0.187,0.17899443209171295
Spokane,2020-07-03,0.177,0.17699694633483887
Spokane,2020-07-04,0.167,0.17657147347927094
Spokane,2020-07-05,0.16,0.1605159193277359
Spokane,2020-07-06,0.152,0.14893388748168945
Spokane,2020-07-07,0.145,0.1350817233324051
Spokane,2020-07-08,0.139,0.13209322094917297
Spokane,2020-07-09,0.134,0.12481889873743057
Spokane,2020-07-10,0.128,0.1242908462882042
Spokane,2020-07-11,0.122,0.11640246957540512
Spokane,2020-07-12,0.116,0.11124888807535172
Spokane,2020-07-13,0.11,0.10976932942867279
Spokane,2020-07-14,0.104,0.1052129864692688
Spokane,2020-07-15,0.099,0.09553487598896027
Spokane,2020-07-16,0.093,0.08186066150665283
Spokane,2020-07-17,0.087,0.08038806170225143
Spokane,2020-07-18,0.082,0.0752188190817833
Spokane,2020-07-19,0.078,0.0749007984995842
Spokane,2020-07-20,0.074,0.07415015995502472
Spokane,2020-07-21,0.069,0.06819381564855576
Spokane,2020-07-22,0.066,0.06676600128412247
Spokane,2020-07-23,0.062,0.06493207812309265
Spokane,2020-07-24,0.06,0.06302110850811005
Spokane,2020-07-25,0.057,0.06301907449960709
Spokane,2020-07-26,0.055,0.06175023317337036
Spokane,2020-07-27,0.054,0.05819109082221985
Spokane,2020-07-28,0.051,0.04656257852911949
Spokane,2020-07-29,0.049,0.04657980054616928
Spokane,2020-07-30,0.048,0.04657980054616928
Spokane,2020-07-31,0.046,0.04616643488407135
Spokane,2020-08-01,0.043,0.04336601123213768
Spokane,2020-08-02,0.042,0.04273660108447075
Spokane,2020-08-03,0.04,0.041938409209251404
Spokane,2020-08-04,0.039,0.034797899425029755
Spokane,2020-08-05,0.038,0.035089511424303055
Spokane,2020-08-06,0.037,0.03113555535674095
Spokane,2020-08-07,0.037,0.04086220636963844
Spokane,2020-08-08,0.037,0.04639885574579239
Spokane,2020-08-09,0.037,0.05033394694328308
Spokane,2020-08-10,0.036,0.04822613671422005
Spokane,2020-08-11,0.036,0.04276745393872261
Spokane,2020-08-12,0.034,0.04401138424873352
Spokane,2020-08-13,0.033,0.04306036978960037
Spokane,2020-08-14,0.033,0.04417829588055611
Spokane,2020-08-15,0.033,0.042501695454120636
Spokane,2020-08-16,0.033,0.043610814958810806
Spokane,2020-08-17,0.034,0.03598271310329437
Spokane,2020-08-18,0.033,0.03318364545702934
Spokane,2020-08-19,0.033,0.03286789357662201
Spokane,2020-08-20,0.033,0.0325595960021019
Spokane,2020-08-21,0.034,0.032342586666345596
Spokane,2020-08-22,0.033,0.03178215026855469
Spokane,2020-08-23,0.032,0.03197438642382622
Spokane,2020-08-24,0.031,0.03200085088610649
Spokane,2020-08-25,0.031,0.031866516917943954
Spokane,2020-08-26,0.03,0.03186856210231781
Spokane,2020-08-27,0.029,0.03132323920726776
Spokane,2020-08-28,0.029,0.03070392832159996
Spokane,2020-08-29,0.029,0.030443191528320312
Spokane,2020-08-30,0.028,0.028797993436455727
Spokane,2020-08-31,0.029,0.02905975840985775
Spokane,2020-09-01,0.028,0.02753339894115925
Spokane,2020-09-02,0.028,0.026410022750496864
Spokane,2020-09-03,0.028,0.026578813791275024
Spokane,2020-09-04,0.028,0.026448022574186325
Spokane,2020-09-05,0.028,0.026473121717572212
Spokane,2020-09-06,0.027,0.026304330676794052
Spokane,2020-09-07,0.027,0.02510027587413788
Spokane,2020-09-08,0.025,0.02507517673075199
Spokane,2020-09-09,0.025,0.0250440314412117
Spokane,2020-09-10,0.025,0.024313392117619514
Spokane,2020-09-11,0.025,0.024092039093375206
Spokane,2020-09-12,0.024,0.024100175127387047
Spokane,2020-09-13,0.023,0.024097919464111328
Spokane,2020-09-14,0.024,0.0245011318475008
Spokane,2020-09-15,0.024,0.024761388078331947
Spokane,2020-09-16,0.025,0.025607148185372353
Spokane,2020-09-17,0.025,0.025607148185372353
Spokane,2020-09-18,0.025,0.02620844542980194
Spokane,2020-09-19,0.025,0.026051228865981102
Spokane,2020-09-20,0.026,0.02603757753968239
Spokane,2020-09-21,0.026,0.02383514679968357
Spokane,2020-09-22,0.028,0.023007987067103386
Spokane,2020-09-23,0.029,0.02484951727092266
Spokane,2020-09-24,0.03,0.03868582472205162
Spokane,2020-09-25,0.03,0.03933676332235336
Spokane,2020-09-26,0.032,0.04500865191221237
Spokane,2020-09-27,0.035,0.04872950538992882
Spokane,2020-09-28,0.039,0.05714833363890648
Spokane,2020-09-29,0.043,0.052777502685785294
Spokane,2020-09-30,0.045,0.05490889027714729
Spokane,2020-10-01,0.047,0.05725553259253502
Spokane,2020-10-02,0.05,0.05885034799575806
Spokane,2020-10-03,0.05,0.0516514852643013
Spokane,2020-10-04,0.05,0.04765897989273071
Spokane,2020-10-05,0.049,0.0547054223716259
Spokane,2020-10-06,0.049,0.05442868173122406
Spokane,2020-10-07,0.049,0.05470340698957443
Spokane,2020-10-08,0.049,0.056152258068323135
Spokane,2020-10-09,0.048,0.05829388275742531
Spokane,2020-10-10,0.091,0.07503131031990051
Spokane,2020-10-11,0.142,0.1297088861465454
Spokane,2020-10-12,0.176,0.15964506566524506
Spokane,2020-10-13,0.192,0.21452608704566956
Spokane,2020-10-14,0.184,0.199323371052742
Spokane,2020-10-15,0.171,0.18633770942687988
Spokane,2020-10-16,0.165,0.1880815327167511
Spokane,2020-10-17,0.16,0.17810970544815063
Spokane,2020-10-18,0.163,0.17892055213451385
Spokane,2020-10-19,0.162,0.1832149624824524
Spokane,2020-10-20,0.157,0.1539478302001953
Spokane,2020-10-21,0.153,0.14428363740444183
Spokane,2020-10-22,0.149,0.1488926261663437
Spokane,2020-10-23,0.146,0.16507627069950104
Spokane,2020-10-24,0.149,0.16559866070747375
Spokane,2020-10-25,0.154,0.16322635114192963
Spokane,2020-10-26,0.151,0.1706055849790573
Spokane,2020-10-27,0.16,0.17433609068393707
Spokane,2020-10-28,0.195,0.17803841829299927
Spokane,2020-10-29,0.207,0.1869046837091446
Spokane,2020-10-30,0.197,0.18767736852169037
Spokane,2020-10-31,0.188,0.18222321569919586
Spokane,2020-11-01,0.182,0.18696516752243042
Spokane,2020-11-02,0.179,0.17540651559829712
Spokane,2020-11-03,0.176,0.1913921982049942
Spokane,2020-11-04,0.178,0.18819768726825714
Spokane,2020-11-05,0.194,0.20423616468906403
Spokane,2020-11-06,0.221,0.20836398005485535
Spokane,2020-11-07,0.209,0.20501026511192322
Spokane,2020-11-08,0.204,0.2111593335866928
Spokane,2020-11-09,0.199,0.2226416915655136
Spokane,2020-11-10,0.202,0.22050073742866516
Spokane,2020-11-11,0.203,0.22478094696998596
Spokane,2020-11-12,0.202,0.22162142395973206
Spokane,2020-11-13,0.227,0.23042267560958862
Spokane,2020-11-14,0.229,0.2340712696313858
Spokane,2020-11-15,0.23,0.23467014729976654
Spokane,2020-11-16,0.227,0.25489649176597595
Spokane,2020-11-17,0.227,0.24759922921657562
Spokane,2020-11-18,0.23,0.23439395427703857
Spokane,2020-11-19,0.23,0.23842592537403107
Spokane,2020-11-20,0.225,0.23446480929851532
Spokane,2020-11-21,0.22,0.22596436738967896
Spokane,2020-11-22,0.216,0.23022015392780304
Spokane,2020-11-23,0.219,0.2243146449327469
Spokane,2020-11-24,0.227,0.22379948198795319
Spokane,2020-11-25,0.242,0.23197294771671295
Spokane,2020-11-26,0.236,0.2379486858844757
Spokane,2020-11-27,0.232,0.23541168868541718
Spokane,2020-11-28,0.231,0.23366199433803558
Spokane,2020-11-29,0.224,0.22701826691627502
Spokane,2020-11-30,0.219,0.23802122473716736
Spokane,2020-12-01,0.223,0.23492740094661713
Spokane,2020-12-02,0.226,0.233551025390625
Touchet_WA_824,2019-01-01,0.128,0.1387600153684616
Touchet_WA_824,2019-01-02,0.129,0.14130641520023346
Touchet_WA_824,2019-01-03,0.128,0.1370616853237152
Touchet_WA_824,2019-01-04,0.129,0.1374073177576065
Touchet_WA_824,2019-01-05,0.128,0.13601917028427124
Touchet_WA_824,2019-01-06,0.128,0.13768479228019714
Touchet_WA_824,2019-01-07,0.128,0.13878674805164337
Touchet_WA_824,2019-01-08,0.129,0.13847588002681732
Touchet_WA_824,2019-01-09,0.127,0.1417529135942459
Touchet_WA_824,2019-01-10,0.127,0.13969790935516357
Touchet_WA_824,2019-01-11,0.128,0.13544175028800964
Touchet_WA_824,2019-01-12,0.129,0.13534924387931824
Touchet_WA_824,2019-01-13,0.126,0.1346457153558731
Touchet_WA_824,2019-01-14,0.128,0.14897407591342926
Touchet_WA_824,2019-01-15,0.127,0.1297837644815445
Touchet_WA_824,2019-01-16,0.129,0.13146409392356873
Touchet_WA_824,2019-01-17,0.129,0.13062207400798798
Touchet_WA_824,2019-01-18,0.13,0.13160228729248047
Touchet_WA_824,2019-01-19,0.126,0.13594408333301544
Touchet_WA_824,2019-01-20,0.128,0.13549581170082092
Touchet_WA_824,2019-01-21,0.127,0.13875558972358704
Touchet_WA_824,2019-01-22,0.126,0.13439954817295074
Touchet_WA_824,2019-01-23,0.129,0.13550443947315216
Touchet_WA_824,2019-01-24,0.13,0.13555747270584106
Touchet_WA_824,2019-01-25,0.13,0.1344706267118454
Touchet_WA_824,2019-01-26,0.128,0.13550156354904175
Touchet_WA_824,2019-01-27,0.13,0.13443218171596527
Touchet_WA_824,2019-01-28,0.13,0.13401265442371368
Touchet_WA_824,2019-01-29,0.13,0.1361418068408966
Touchet_WA_824,2019-01-30,0.133,0.13584239780902863
Touchet_WA_824,2019-01-31,0.133,0.13631023466587067
Touchet_WA_824,2019-02-01,0.131,0.1366892158985138
Touchet_WA_824,2019-02-02,0.132,0.13931222259998322
Touchet_WA_824,2019-02-03,0.133,0.13898865878582
Touchet_WA_824,2019-02-04,0.133,0.14367572963237762
Touchet_WA_824,2019-02-05,0.132,0.14041632413864136
Touchet_WA_824,2019-02-06,0.132,0.14369304478168488
Touchet_WA_824,2019-02-07,0.131,0.1442226767539978
Touchet_WA_824,2019-02-08,0.132,0.1454179584980011
Touchet_WA_824,2019-02-09,0.133,0.1450800746679306
Touchet_WA_824,2019-02-10,0.134,0.13982446491718292
Touchet_WA_824,2019-02-11,0.133,0.13408006727695465
Touchet_WA_824,2019-02-12,0.135,0.1376882940530777
Touchet_WA_824,2019-02-13,0.136,0.1385585367679596
Touchet_WA_824,2019-02-14,0.136,0.1405911147594452
Touchet_WA_824,2019-02-15,0.136,0.1348286271095276
Touchet_WA_824,2019-02-16,0.137,0.13552625477313995
Touchet_WA_824,2019-02-17,0.137,0.13612483441829681
Touchet_WA_824,2019-02-18,0.137,0.13511033356189728
Touchet_WA_824,2019-02-19,0.137,0.14474263787269592
Touchet_WA_824,2019-02-20,0.138,0.1431935727596283
Touchet_WA_824,2019-02-21,0.138,0.15338420867919922
Touchet_WA_824,2019-02-22,0.139,0.14466379582881927
Touchet_WA_824,2019-02-23,0.138,0.1442837119102478
Touchet_WA_824,2019-02-24,0.137,0.14341484010219574
Touchet_WA_824,2019-02-25,0.139,0.15524743497371674
Touchet_WA_824,2019-02-26,0.139,0.14535050094127655
Touchet_WA_824,2019-02-27,0.14,0.14568525552749634
Touchet_WA_824,2019-02-28,0.139,0.13718633353710175
Touchet_WA_824,2019-03-01,0.138,0.1375812441110611
Touchet_WA_824,2019-03-02,0.14,0.1378384381532669
Touchet_WA_824,2019-03-03,0.14,0.13987602293491364
Touchet_WA_824,2019-03-04,0.14,0.137037992477417
Touchet_WA_824,2019-03-05,0.14,0.14011310040950775
Touchet_WA_824,2019-03-06,0.14,0.13914182782173157
Touchet_WA_824,2019-03-07,0.14,0.14250890910625458
Touchet_WA_824,2019-03-08,0.141,0.1408020257949829
Touchet_WA_824,2019-03-09,0.14,0.1433344930410385
Touchet_WA_824,2019-03-10,0.14,0.1443779021501541
Touchet_WA_824,2019-03-11,0.141,0.14171211421489716
Touchet_WA_824,2019-03-12,0.141,0.1433182954788208
Touchet_WA_824,2019-03-13,0.141,0.14108683168888092
Touchet_WA_824,2019-03-14,0.141,0.14092199504375458
Touchet_WA_824,2019-03-15,0.142,0.1417112648487091
Touchet_WA_824,2019-03-16,0.141,0.1441458910703659
Touchet_WA_824,2019-03-17,0.141,0.13880817592144012
Touchet_WA_824,2019-03-18,0.142,0.14193998277187347
Touchet_WA_824,2019-03-19,0.141,0.14362765848636627
Touchet_WA_824,2019-03-20,0.142,0.14177648723125458
Touchet_WA_824,2019-03-21,0.143,0.1416425108909607
Touchet_WA_824,2019-03-22,0.141,0.14378544688224792
Touchet_WA_824,2019-03-23,0.143,0.14765402674674988
Touchet_WA_824,2019-03-24,0.142,0.1469067633152008
Touchet_WA_824,2019-03-25,0.143,0.14330260455608368
Touchet_WA_824,2019-03-26,0.144,0.1522102653980255
Touchet_WA_824,2019-03-27,0.145,0.14565537869930267
Touchet_WA_824,2019-03-28,0.146,0.14615698158740997
Touchet_WA_824,2019-03-29,0.146,0.14545097947120667
Touchet_WA_824,2019-03-30,0.148,0.14829745888710022
Touchet_WA_824,2019-03-31,0.149,0.14951546490192413
Touchet_WA_824,2019-04-01,0.151,0.14787322282791138
Touchet_WA_824,2019-04-02,0.152,0.1650354415178299
Touchet_WA_824,2019-04-03,0.153,0.16730880737304688
Touchet_WA_824,2019-04-04,0.153,0.17066191136837006
Touchet_WA_824,2019-04-05,0.153,0.1704101711511612
Touchet_WA_824,2019-04-06,0.155,0.1720510721206665
Touchet_WA_824,2019-04-07,0.156,0.16345131397247314
Touchet_WA_824,2019-04-08,0.157,0.16141004860401154
Touchet_WA_824,2019-04-09,0.158,0.16777555644512177
Touchet_WA_824,2019-04-10,0.159,0.16588850319385529
Touchet_WA_824,2019-04-11,0.161,0.1672164350748062
Touchet_WA_824,2019-04-12,0.161,0.16852545738220215
Touchet_WA_824,2019-04-13,0.161,0.1734398901462555
Touchet_WA_824,2019-04-14,0.163,0.1725807785987854
Touchet_WA_824,2019-04-15,0.164,0.17518870532512665
Touchet_WA_824,2019-04-16,0.165,0.17374715209007263
Touchet_WA_824,2019-04-17,0.166,0.17278939485549927
Touchet_WA_824,2019-04-18,0.167,0.17334075272083282
Touchet_WA_824,2019-04-19,0.165,0.17430077493190765
Touchet_WA_824,2019-04-20,0.169,0.17484384775161743
Touchet_WA_824,2019-04-21,0.169,0.17665059864521027
Touchet_WA_824,2019-04-22,0.17,0.18220287561416626
Touchet_WA_824,2019-04-23,0.171,0.17920313775539398
Touchet_WA_824,2019-04-24,0.171,0.17736956477165222
Touchet_WA_824,2019-04-25,0.171,0.17703677713871002
Touchet_WA_824,2019-04-26,0.172,0.17744885385036469
Touchet_WA_824,2019-04-27,0.173,0.17474694550037384
Touchet_WA_824,2019-04-28,0.175,0.1735512763261795
Touchet_WA_824,2019-04-29,0.175,0.173542320728302
Touchet_WA_824,2019-04-30,0.176,0.17437078058719635
Touchet_WA_824,2019-05-01,0.177,0.17598392069339752
Touchet_WA_824,2019-05-02,0.177,0.17524714767932892
Touchet_WA_824,2019-05-03,0.179,0.17397268116474152
Touchet_WA_824,2019-05-04,0.179,0.17557957768440247
Touchet_WA_824,2019-05-05,0.179,0.17759646475315094
Touchet_WA_824,2019-05-06,0.181,0.17871949076652527
Touchet_WA_824,2019-05-07,0.182,0.1823558807373047
Touchet_WA_824,2019-05-08,0.185,0.1947445273399353
Touchet_WA_824,2019-05-09,0.188,0.1989699900150299
Touchet_WA_824,2019-05-10,0.192,0.20372506976127625
Touchet_WA_824,2019-05-11,0.198,0.21021607518196106
Touchet_WA_824,2019-05-12,0.203,0.22879761457443237
Touchet_WA_824,2019-05-13,0.283,0.27020490169525146
Touchet_WA_824,2019-05-14,0.34,0.3061069846153259
Touchet_WA_824,2019-05-15,0.343,0.30542507767677307
Touchet_WA_824,2019-05-16,0.344,0.32297250628471375
Touchet_WA_824,2019-05-17,0.342,0.3314562439918518
Touchet_WA_824,2019-05-18,0.345,0.33174362778663635
Touchet_WA_824,2019-05-19,0.345,0.3258964419364929
Touchet_WA_824,2019-05-20,0.336,0.315527081489563
Touchet_WA_824,2019-05-21,0.306,0.2925337255001068
Touchet_WA_824,2019-05-22,0.307,0.2820349633693695
Touchet_WA_824,2019-05-23,0.287,0.27223268151283264
Touchet_WA_824,2019-05-24,0.267,0.28023162484169006
Touchet_WA_824,2019-05-25,0.265,0.27696511149406433
Touchet_WA_824,2019-05-26,0.261,0.2653852105140686
Touchet_WA_824,2019-05-27,0.257,0.2537381649017334
Touchet_WA_824,2019-05-28,0.266,0.26094892621040344
Touchet_WA_824,2019-05-29,0.253,0.2604105770587921
Touchet_WA_824,2019-05-30,0.256,0.259460985660553
Touchet_WA_824,2019-05-31,0.256,0.25905171036720276
Touchet_WA_824,2019-06-01,0.239,0.258504182100296
Touchet_WA_824,2019-06-02,0.349,0.25745078921318054
Touchet_WA_824,2019-06-03,0.293,0.2600399851799011
Touchet_WA_824,2019-06-04,0.258,0.25113654136657715
Touchet_WA_824,2019-06-05,0.234,0.23552390933036804
Touchet_WA_824,2019-06-06,0.22,0.2329866886138916
Touchet_WA_824,2019-06-07,0.228,0.22613871097564697
Touchet_WA_824,2019-06-08,0.225,0.21856150031089783
Touchet_WA_824,2019-06-09,0.223,0.21748308837413788
Touchet_WA_824,2019-06-10,0.21,0.21569205820560455
Touchet_WA_824,2019-06-11,0.196,0.18285030126571655
Touchet_WA_824,2019-06-12,0.182,0.17041714489459991
Touchet_WA_824,2019-06-13,0.168,0.16403734683990479
Touchet_WA_824,2019-06-14,0.155,0.15209706127643585
Touchet_WA_824,2019-06-15,0.141,0.14633679389953613
Touchet_WA_824,2019-06-16,0.124,0.12315686047077179
Touchet_WA_824,2019-06-17,0.111,0.11669255048036575
Touchet_WA_824,2019-06-18,0.091,0.11061788350343704
Touchet_WA_824,2019-06-19,0.07,0.1062987819314003
Touchet_WA_824,2019-06-20,0.055,0.11496922373771667
Touchet_WA_824,2019-06-21,0.146,0.14522720873355865
Touchet_WA_824,2019-06-22,0.18,0.15821486711502075
Touchet_WA_824,2019-06-23,0.162,0.1550542414188385
Touchet_WA_824,2019-06-24,0.152,0.15551626682281494
Touchet_WA_824,2019-06-25,0.135,0.15704698860645294
Touchet_WA_824,2019-06-26,0.119,0.1626589149236679
Touchet_WA_824,2019-06-27,0.182,0.17104198038578033
Touchet_WA_824,2019-06-28,0.246,0.2004043161869049
Touchet_WA_824,2019-06-29,0.211,0.18890537321567535
Touchet_WA_824,2019-06-30,0.186,0.17047567665576935
Touchet_WA_824,2019-07-01,0.162,0.1596570461988449
Touchet_WA_824,2019-07-02,0.143,0.15653014183044434
Touchet_WA_824,2019-07-03,0.137,0.12835291028022766
Touchet_WA_824,2019-07-04,0.152,0.1228148490190506
Touchet_WA_824,2019-07-05,0.143,0.11066959798336029
Touchet_WA_824,2019-07-06,0.13,0.10913598537445068
Touchet_WA_824,2019-07-07,0.151,0.10620652139186859
Touchet_WA_824,2019-07-08,0.131,0.09120799601078033
Touchet_WA_824,2019-07-09,0.117,0.09330666810274124
Touchet_WA_824,2019-07-10,0.104,0.0920899510383606
Touchet_WA_824,2019-07-11,0.092,0.08808191865682602
Touchet_WA_824,2019-07-12,0.086,0.07941476255655289
Touchet_WA_824,2019-07-13,0.074,0.06785959005355835
Touchet_WA_824,2019-07-14,0.063,0.050856731832027435
Touchet_WA_824,2019-07-15,0.054,0.052539363503456116
Touchet_WA_824,2019-07-16,0.049,0.04426157847046852
Touchet_WA_824,2019-07-17,0.039,0.03832294046878815
Touchet_WA_824,2019-07-18,0.035,0.026142863556742668
Touchet_WA_824,2019-07-19,0.03,0.029181139543652534
Touchet_WA_824,2019-07-20,0.026,0.02728835865855217
Touchet_WA_824,2019-07-21,0.023,0.02531270869076252
Touchet_WA_824,2019-07-22,0.018,0.02209768071770668
Touchet_WA_824,2019-07-23,0.017,0.02241484262049198
Touchet_WA_824,2019-07-24,0.015,0.014849958941340446
Touchet_WA_824,2019-07-25,0.01,0.017716487869620323
Touchet_WA_824,2019-07-26,0.009,0.014096798375248909
Touchet_WA_824,2019-07-27,0.01,0.012784193269908428
Touchet_WA_824,2019-07-28,0.007,0.007572723552584648
Touchet_WA_824,2019-07-29,0.007,0.006794449873268604
Touchet_WA_824,2019-07-30,0.005,0.001439815852791071
Touchet_WA_824,2019-07-31,0.005,0.0003186851099599153
Touchet_WA_824,2019-08-01,0.004,-0.0010224237339571118
Touchet_WA_824,2019-08-02,0.001,-0.0005708222161047161
Touchet_WA_824,2019-08-03,0.001,-0.000798192631918937
Touchet_WA_824,2019-08-04,0.0,-0.0009021604200825095
Touchet_WA_824,2019-08-05,0.0,-0.0007800851599313319
Touchet_WA_824,2019-08-06,0.0,0.0005301725468598306
Touchet_WA_824,2019-08-07,0.0,-1.2416785466484725e-05
Touchet_WA_824,2019-08-08,0.0,0.0014692473923787475
Touchet_WA_824,2019-08-09,0.0,0.001383348018862307
Touchet_WA_824,2019-08-10,0.0,0.01218151394277811
Touchet_WA_824,2019-08-11,0.0,0.03326794132590294
Touchet_WA_824,2019-08-12,0.01,0.04827393218874931
Touchet_WA_824,2019-08-13,0.019,0.046222031116485596
Touchet_WA_824,2019-08-14,0.021,0.04406365752220154
Touchet_WA_824,2019-08-15,0.02,0.037582386285066605
Touchet_WA_824,2019-08-16,0.017,0.03506392613053322
Touchet_WA_824,2019-08-17,0.011,0.03457650914788246
Touchet_WA_824,2019-08-18,0.008,0.03163337707519531
Touchet_WA_824,2019-08-19,0.006,0.022733306512236595
Touchet_WA_824,2019-08-20,0.0,0.015504308976233006
Touchet_WA_824,2019-08-21,0.0,0.013519304804503918
Touchet_WA_824,2019-08-22,0.0,0.017098339274525642
Touchet_WA_824,2019-08-23,0.0,0.016812799498438835
Touchet_WA_824,2019-08-24,0.0,0.016697747632861137
Touchet_WA_824,2019-08-25,0.0,0.014697260223329067
Touchet_WA_824,2019-08-26,0.0,0.014332984574139118
Touchet_WA_824,2019-08-27,0.0,0.012544388882815838
Touchet_WA_824,2019-08-28,0.0,0.01127957459539175
Touchet_WA_824,2019-08-29,0.0,0.008734744973480701
Touchet_WA_824,2019-08-30,0.0,0.008463927544653416
Touchet_WA_824,2019-08-31,0.0,0.00028547740657813847
Touchet_WA_824,2019-09-01,0.0,0.0009173967991955578
Touchet_WA_824,2019-09-02,0.0,0.0015268779825419188
Touchet_WA_824,2019-09-03,0.0,0.0005998282576911151
Touchet_WA_824,2019-09-04,0.0,0.002391223795711994
Touchet_WA_824,2019-09-05,0.0,0.0027489366475492716
Touchet_WA_824,2019-09-06,0.0,0.008335950784385204
Touchet_WA_824,2019-09-07,0.0,0.011997208930552006
Touchet_WA_824,2019-09-08,0.0,0.02588699944317341
Touchet_WA_824,2019-09-09,0.11,0.07684130221605301
Touchet_WA_824,2019-09-10,0.123,0.11381110548973083
Touchet_WA_824,2019-09-11,0.169,0.11974149942398071
Touchet_WA_824,2019-09-12,0.135,0.1190013587474823
Touchet_WA_824,2019-09-13,0.121,0.11633040010929108
Touchet_WA_824,2019-09-14,0.104,0.10719217360019684
Touchet_WA_824,2019-09-15,0.098,0.10407165437936783
Touchet_WA_824,2019-09-16,0.085,0.11335179209709167
Touchet_WA_824,2019-09-17,0.074,0.10871551930904388
Touchet_WA_824,2019-09-18,0.08,0.108860544860363
Touchet_WA_824,2019-09-19,0.163,0.147482231259346
Touchet_WA_824,2019-09-20,0.16,0.13732509315013885
Touchet_WA_824,2019-09-21,0.146,0.1340106725692749
Touchet_WA_824,2019-09-22,0.136,0.14240659773349762
Touchet_WA_824,2019-09-23,0.125,0.13130062818527222
Touchet_WA_824,2019-09-24,0.132,0.1282299906015396
Touchet_WA_824,2019-09-25,0.124,0.12311004847288132
Touchet_WA_824,2019-09-26,0.116,0.12388495355844498
Touchet_WA_824,2019-09-27,0.111,0.12390755861997604
Touchet_WA_824,2019-09-28,0.106,0.1317390352487564
Touchet_WA_824,2019-09-29,0.104,0.13330647349357605
Touchet_WA_824,2019-09-30,0.115,0.13859599828720093
Touchet_WA_824,2019-10-01,0.124,0.14494265615940094
Touchet_WA_824,2019-10-02,0.13,0.14550869166851044
Touchet_WA_824,2019-10-03,0.168,0.17021453380584717
Touchet_WA_824,2019-10-04,0.195,0.1794252097606659
Touchet_WA_824,2019-10-05,0.225,0.19759990274906158
Touchet_WA_824,2019-10-06,0.247,0.20776589214801788
Touchet_WA_824,2019-10-07,0.216,0.20446500182151794
Touchet_WA_824,2019-10-08,0.193,0.22519493103027344
Touchet_WA_824,2019-10-09,0.242,0.2350355088710785
Touchet_WA_824,2019-10-10,0.214,0.22539003193378448
Touchet_WA_824,2019-10-11,0.211,0.22460107505321503
Touchet_WA_824,2019-10-12,0.224,0.22472181916236877
Touchet_WA_824,2019-10-13,0.242,0.2305215746164322
Touchet_WA_824,2019-10-14,0.276,0.23517028987407684
Touchet_WA_824,2019-10-15,0.247,0.22651825845241547
Touchet_WA_824,2019-10-16,0.224,0.21050000190734863
Touchet_WA_824,2019-10-17,0.208,0.21577933430671692
Touchet_WA_824,2019-10-18,0.23,0.218595489859581
Touchet_WA_824,2019-10-19,0.221,0.2399345487356186
Touchet_WA_824,2019-10-20,0.207,0.24573136866092682
Touchet_WA_824,2019-10-21,0.202,0.24286092817783356
Touchet_WA_824,2019-10-22,0.196,0.23640656471252441
Touchet_WA_824,2019-10-23,0.28,0.2503519356250763
Touchet_WA_824,2019-10-24,0.257,0.2464667558670044
Touchet_WA_824,2019-10-25,0.249,0.2468823343515396
Touchet_WA_824,2019-10-26,0.293,0.24874483048915863
Touchet_WA_824,2019-10-27,0.259,0.24138249456882477
Touchet_WA_824,2019-10-28,0.235,0.21026818454265594
Touchet_WA_824,2019-10-29,0.214,0.18772590160369873
Touchet_WA_824,2019-10-30,0.188,0.17434750497341156
Touchet_WA_824,2019-10-31,0.159,0.16583847999572754
Touchet_WA_824,2019-11-01,0.147,0.15777313709259033
Touchet_WA_824,2019-11-02,0.105,0.15356969833374023
Touchet_WA_824,2019-11-03,0.123,0.1570601612329483
Touchet_WA_824,2019-11-04,0.159,0.17724202573299408
Touchet_WA_824,2019-11-05,0.197,0.19165091216564178
Touchet_WA_824,2019-11-06,0.223,0.2099395990371704
Touchet_WA_824,2019-11-07,0.209,0.21354001760482788
Touchet_WA_824,2019-11-08,0.195,0.2142012119293213
Touchet_WA_824,2019-11-09,0.204,0.20469176769256592
Touchet_WA_824,2019-11-10,0.252,0.2302728295326233
Touchet_WA_824,2019-11-11,0.317,0.28054726123809814
Touchet_WA_824,2019-11-12,0.272,0.28194382786750793
Touchet_WA_824,2019-11-13,0.304,0.2889520525932312
Touchet_WA_824,2019-11-14,0.282,0.28847789764404297
Touchet_WA_824,2019-11-15,0.267,0.29881370067596436
Touchet_WA_824,2019-11-16,0.332,0.2985524535179138
Touchet_WA_824,2019-11-17,0.301,0.30068156123161316
Touchet_WA_824,2019-11-18,0.328,0.2961178719997406
Touchet_WA_824,2019-11-19,0.3,0.2940155565738678
Touchet_WA_824,2019-11-20,0.319,0.2813308537006378
Touchet_WA_824,2019-11-21,0.295,0.2749074399471283
Touchet_WA_824,2019-11-22,0.271,0.26430922746658325
Touchet_WA_824,2019-11-23,0.247,0.24813105165958405
Touchet_WA_824,2019-11-24,0.235,0.2407003790140152
Touchet_WA_824,2019-11-25,0.232,0.2467479258775711
Touchet_WA_824,2019-11-26,0.216,0.19714407622814178
Touchet_WA_824,2019-11-27,0.214,0.19944334030151367
Touchet_WA_824,2019-11-28,0.211,0.19791293144226074
Touchet_WA_824,2019-11-29,0.208,0.19843000173568726
Touchet_WA_824,2019-11-30,0.198,0.19217507541179657
Touchet_WA_824,2019-12-01,0.189,0.18803882598876953
Touchet_WA_824,2019-12-02,0.185,0.18821386992931366
Touchet_WA_824,2019-12-03,0.186,0.18400748074054718
Touchet_WA_824,2019-12-04,0.185,0.18669840693473816
Touchet_WA_824,2019-12-05,0.186,0.18391616642475128
Touchet_WA_824,2019-12-06,0.186,0.18423809111118317
Touchet_WA_824,2019-12-07,0.187,0.19014497101306915
Touchet_WA_824,2019-12-08,0.187,0.19014497101306915
Touchet_WA_824,2019-12-09,0.188,0.19382695853710175
Touchet_WA_824,2019-12-10,0.189,0.19153055548667908
Touchet_WA_824,2019-12-11,0.187,0.1897459179162979
Touchet_WA_824,2019-12-12,0.187,0.19730275869369507
Touchet_WA_824,2019-12-13,0.188,0.19631697237491608
Touchet_WA_824,2019-12-14,0.188,0.1969779133796692
Touchet_WA_824,2019-12-15,0.189,0.19845134019851685
Touchet_WA_824,2019-12-16,0.19,0.18758884072303772
Touchet_WA_824,2019-12-17,0.19,0.18524587154388428
Touchet_WA_824,2019-12-18,0.188,0.1850716769695282
Touchet_WA_824,2019-12-19,0.188,0.18918760120868683
Touchet_WA_824,2019-12-20,0.187,0.1895403265953064
Touchet_WA_824,2019-12-21,0.187,0.18797247111797333
Touchet_WA_824,2019-12-22,0.188,0.18701408803462982
Touchet_WA_824,2019-12-23,0.187,0.18859036266803741
Touchet_WA_824,2019-12-24,0.189,0.18728427588939667
Touchet_WA_824,2019-12-25,0.189,0.18548466265201569
Touchet_WA_824,2019-12-26,0.189,0.18561066687107086
Touchet_WA_824,2019-12-27,0.188,0.18563121557235718
Touchet_WA_824,2019-12-28,0.186,0.1852731853723526
Touchet_WA_824,2019-12-29,0.185,0.1853552609682083
Touchet_WA_824,2019-12-30,0.185,0.18982206284999847
Touchet_WA_824,2019-12-31,0.186,0.181196928024292
Touchet_WA_824,2020-01-01,0.186,0.19933468103408813
Touchet_WA_824,2020-01-02,0.189,0.19672457873821259
Touchet_WA_824,2020-01-03,0.191,0.19771330058574677
Touchet_WA_824,2020-01-04,0.19,0.20182375609874725
Touchet_WA_824,2020-01-05,0.191,0.2024082988500595
Touchet_WA_824,2020-01-06,0.191,0.20084793865680695
Touchet_WA_824,2020-01-07,0.191,0.19804063439369202
Touchet_WA_824,2020-01-08,0.192,0.19695989787578583
Touchet_WA_824,2020-01-09,0.192,0.1940537542104721
Touchet_WA_824,2020-01-10,0.192,0.18902058899402618
Touchet_WA_824,2020-01-11,0.193,0.19214659929275513
Touchet_WA_824,2020-01-12,0.193,0.19327464699745178
Touchet_WA_824,2020-01-13,0.193,0.19347406923770905
Touchet_WA_824,2020-01-14,0.193,0.19495844841003418
Touchet_WA_824,2020-01-15,0.193,0.19174933433532715
Touchet_WA_824,2020-01-16,0.192,0.19475942850112915
Touchet_WA_824,2020-01-17,0.193,0.19665153324604034
Touchet_WA_824,2020-01-18,0.193,0.19754086434841156
Touchet_WA_824,2020-01-19,0.194,0.19642874598503113
Touchet_WA_824,2020-01-20,0.194,0.1967649757862091
Touchet_WA_824,2020-01-21,0.194,0.19916410744190216
Touchet_WA_824,2020-01-22,0.194,0.1972459852695465
Touchet_WA_824,2020-01-23,0.193,0.19754618406295776
Touchet_WA_824,2020-01-24,0.195,0.20375648140907288
Touchet_WA_824,2020-01-25,0.195,0.20590786635875702
Touchet_WA_824,2020-01-26,0.196,0.22209100425243378
Touchet_WA_824,2020-01-27,0.195,0.22414208948612213
Touchet_WA_824,2020-01-28,0.195,0.2038833200931549
Touchet_WA_824,2020-01-29,0.196,0.2052011638879776
Touchet_WA_824,2020-01-30,0.196,0.20431509613990784
Touchet_WA_824,2020-01-31,0.197,0.19430804252624512
Touchet_WA_824,2020-02-01,0.198,0.19325043261051178
Touchet_WA_824,2020-02-02,0.197,0.194026917219162
Touchet_WA_824,2020-02-03,0.199,0.19498012959957123
Touchet_WA_824,2020-02-04,0.199,0.19479651749134064
Touchet_WA_824,2020-02-05,0.199,0.19511011242866516
Touchet_WA_824,2020-02-06,0.2,0.20206284523010254
Touchet_WA_824,2020-02-07,0.201,0.20708078145980835
Touchet_WA_824,2020-02-08,0.213,0.20750153064727783
Touchet_WA_824,2020-02-09,0.214,0.20954793691635132
Touchet_WA_824,2020-02-10,0.216,0.21140353381633759
Touchet_WA_824,2020-02-11,0.215,0.20653288066387177
Touchet_WA_824,2020-02-12,0.214,0.20293739438056946
Touchet_WA_824,2020-02-13,0.215,0.20608772337436676
Touchet_WA_824,2020-02-14,0.216,0.20488706231117249
Touchet_WA_824,2020-02-15,0.215,0.20543037354946136
Touchet_WA_824,2020-02-16,0.214,0.20610405504703522
Touchet_WA_824,2020-02-17,0.215,0.2102789431810379
Touchet_WA_824,2020-02-18,0.215,0.2141687422990799
Touchet_WA_824,2020-02-19,0.215,0.2159780114889145
Touchet_WA_824,2020-02-20,0.214,0.21328364312648773
Touchet_WA_824,2020-02-21,0.215,0.21245354413986206
Touchet_WA_824,2020-02-22,0.215,0.20689557492733002
Touchet_WA_824,2020-02-23,0.214,0.20827321708202362
Touchet_WA_824,2020-02-24,0.214,0.20555700361728668
Touchet_WA_824,2020-02-25,0.214,0.2033621221780777
Touchet_WA_824,2020-02-26,0.215,0.2101493775844574
Touchet_WA_824,2020-02-27,0.214,0.22225452959537506
Touchet_WA_824,2020-02-28,0.215,0.21895433962345123
Touchet_WA_824,2020-02-29,0.216,0.23235131800174713
Touchet_WA_824,2020-03-01,0.215,0.2321014404296875
Touchet_WA_824,2020-03-02,0.216,0.22967539727687836
Touchet_WA_824,2020-03-03,0.216,0.22360043227672577
Touchet_WA_824,2020-03-04,0.216,0.21629631519317627
Touchet_WA_824,2020-03-05,0.215,0.21659916639328003
Touchet_WA_824,2020-03-06,0.215,0.21459539234638214
Touchet_WA_824,2020-03-07,0.215,0.21575741469860077
Touchet_WA_824,2020-03-08,0.216,0.2159220427274704
Touchet_WA_824,2020-03-09,0.215,0.2230861932039261
Touchet_WA_824,2020-03-10,0.217,0.21271733939647675
Touchet_WA_824,2020-03-11,0.217,0.2092438042163849
Touchet_WA_824,2020-03-12,0.216,0.20515191555023193
Touchet_WA_824,2020-03-13,0.218,0.20465898513793945
Touchet_WA_824,2020-03-14,0.218,0.2053646445274353
Touchet_WA_824,2020-03-15,0.217,0.20584683120250702
Touchet_WA_824,2020-03-16,0.216,0.2075117826461792
Touchet_WA_824,2020-03-17,0.218,0.21006318926811218
Touchet_WA_824,2020-03-18,0.217,0.21190865337848663
Touchet_WA_824,2020-03-19,0.217,0.21241730451583862
Touchet_WA_824,2020-03-20,0.217,0.21432891488075256
Touchet_WA_824,2020-03-21,0.219,0.21280375123023987
Touchet_WA_824,2020-03-22,0.221,0.21838070452213287
Touchet_WA_824,2020-03-23,0.224,0.22137144207954407
Touchet_WA_824,2020-03-24,0.225,0.21913212537765503
Touchet_WA_824,2020-03-25,0.227,0.2167578637599945
Touchet_WA_824,2020-03-26,0.226,0.21291117370128632
Touchet_WA_824,2020-03-27,0.226,0.2151670753955841
Touchet_WA_824,2020-03-28,0.225,0.22501370310783386
Touchet_WA_824,2020-03-29,0.225,0.23250719904899597
Touchet_WA_824,2020-03-30,0.224,0.23720331490039825
Touchet_WA_824,2020-03-31,0.223,0.23075880110263824
Touchet_WA_824,2020-04-01,0.225,0.2304808497428894
Touchet_WA_824,2020-04-02,0.223,0.23298175632953644
Touchet_WA_824,2020-04-03,0.224,0.233401820063591
Touchet_WA_824,2020-04-04,0.224,0.23008665442466736
Touchet_WA_824,2020-04-05,0.223,0.22769781947135925
Touchet_WA_824,2020-04-06,0.223,0.22375251352787018
Touchet_WA_824,2020-04-07,0.224,0.22453530132770538
Touchet_WA_824,2020-04-08,0.224,0.22342458367347717
Touchet_WA_824,2020-04-09,0.222,0.2316560000181198
Touchet_WA_824,2020-04-10,0.224,0.22165456414222717
Touchet_WA_824,2020-04-11,0.223,0.2135574221611023
Touchet_WA_824,2020-04-12,0.228,0.21321873366832733
Touchet_WA_824,2020-04-13,0.234,0.2163766771554947
Touchet_WA_824,2020-04-14,0.235,0.230550616979599
Touchet_WA_824,2020-04-15,0.234,0.23019063472747803
Touchet_WA_824,2020-04-16,0.237,0.23379366099834442
Touchet_WA_824,2020-04-17,0.238,0.2485128939151764
Touchet_WA_824,2020-04-18,0.241,0.24934986233711243
Touchet_WA_824,2020-04-19,0.252,0.25084081292152405
Touchet_WA_824,2020-04-20,0.262,0.25521954894065857
Touchet_WA_824,2020-04-21,0.27,0.2669081389904022
Touchet_WA_824,2020-04-22,0.277,0.2701546549797058
Touchet_WA_824,2020-04-23,0.281,0.2870020568370819
Touchet_WA_824,2020-04-24,0.302,0.29862910509109497
Touchet_WA_824,2020-04-25,0.292,0.2982582449913025
Touchet_WA_824,2020-04-26,0.292,0.30228298902511597
Touchet_WA_824,2020-04-27,0.298,0.3003416061401367
Touchet_WA_824,2020-04-28,0.303,0.3005635440349579
Touchet_WA_824,2020-04-29,0.307,0.3024008870124817
Touchet_WA_824,2020-04-30,0.316,0.3003448247909546
Touchet_WA_824,2020-05-01,0.323,0.29898279905319214
Touchet_WA_824,2020-05-02,0.327,0.3033624589443207
Touchet_WA_824,2020-05-03,0.333,0.31333860754966736
Touchet_WA_824,2020-05-04,0.313,0.3237307369709015
Touchet_WA_824,2020-05-05,0.331,0.32569438219070435
Touchet_WA_824,2020-05-06,0.339,0.32662829756736755
Touchet_WA_824,2020-05-07,0.321,0.3270619809627533
Touchet_WA_824,2020-05-08,0.332,0.3283969461917877
Touchet_WA_824,2020-05-09,0.343,0.3264332413673401
Touchet_WA_824,2020-05-10,0.346,0.3151083290576935
Touchet_WA_824,2020-05-11,0.347,0.32466986775398254
Touchet_WA_824,2020-05-12,0.346,0.33436235785484314
Touchet_WA_824,2020-05-13,0.344,0.33227109909057617
Touchet_WA_824,2020-05-14,0.346,0.3337523341178894
Touchet_WA_824,2020-05-15,0.332,0.3327038586139679
Touchet_WA_824,2020-05-16,0.343,0.33202120661735535
Touchet_WA_824,2020-05-17,0.345,0.3339310586452484
Touchet_WA_824,2020-05-18,0.335,0.3317781388759613
Touchet_WA_824,2020-05-19,0.313,0.32816699147224426
Touchet_WA_824,2020-05-20,0.31,0.3262098431587219
Touchet_WA_824,2020-05-21,0.354,0.33496132493019104
Touchet_WA_824,2020-05-22,0.323,0.31455594301223755
Touchet_WA_824,2020-05-23,0.31,0.3024081289768219
Touchet_WA_824,2020-05-24,0.291,0.28651049733161926
Touchet_WA_824,2020-05-25,0.274,0.2818385362625122
Touchet_WA_824,2020-05-26,0.291,0.2679738998413086
Touchet_WA_824,2020-05-27,0.27,0.26286426186561584
Touchet_WA_824,2020-05-28,0.252,0.2497989535331726
Touchet_WA_824,2020-05-29,0.244,0.2432137280702591
Touchet_WA_824,2020-05-30,0.236,0.23649363219738007
Touchet_WA_824,2020-05-31,0.229,0.2542087137699127
Touchet_WA_824,2020-06-01,0.246,0.2531767189502716
Touchet_WA_824,2020-06-02,0.235,0.24940237402915955
Touchet_WA_824,2020-06-03,0.222,0.23160193860530853
Touchet_WA_824,2020-06-04,0.215,0.2247769683599472
Touchet_WA_824,2020-06-05,0.208,0.23665191233158112
Touchet_WA_824,2020-06-06,0.214,0.23629571497440338
Touchet_WA_824,2020-06-07,0.229,0.23726502060890198
Touchet_WA_824,2020-06-08,0.222,0.22693738341331482
Touchet_WA_824,2020-06-09,0.26,0.24177172780036926
Touchet_WA_824,2020-06-10,0.289,0.25247862935066223
Touchet_WA_824,2020-06-11,0.256,0.24189116060733795
Touchet_WA_824,2020-06-12,0.24,0.24042358994483948
Touchet_WA_824,2020-06-13,0.228,0.2645222544670105
Touchet_WA_824,2020-06-14,0.322,0.26843711733818054
Touchet_WA_824,2020-06-15,0.301,0.2754652798175812
Touchet_WA_824,2020-06-16,0.313,0.2846272885799408
Touchet_WA_824,2020-06-17,0.289,0.2759391963481903
Touchet_WA_824,2020-06-18,0.264,0.26344534754753113
Touchet_WA_824,2020-06-19,0.247,0.23780488967895508
Touchet_WA_824,2020-06-20,0.236,0.2363230586051941
Touchet_WA_824,2020-06-21,0.233,0.2107495814561844
Touchet_WA_824,2020-06-22,0.221,0.19121120870113373
Touchet_WA_824,2020-06-23,0.205,0.20211516320705414
Touchet_WA_824,2020-06-24,0.193,0.18740248680114746
Touchet_WA_824,2020-06-25,0.184,0.17904545366764069
Touchet_WA_824,2020-06-26,0.169,0.15975652635097504
Touchet_WA_824,2020-06-27,0.157,0.1517161726951599
Touchet_WA_824,2020-06-28,0.146,0.15382793545722961
Touchet_WA_824,2020-06-29,0.147,0.16618014872074127
Touchet_WA_824,2020-06-30,0.17,0.17403630912303925
Touchet_WA_824,2020-07-01,0.165,0.1728302240371704
Touchet_WA_824,2020-07-02,0.159,0.17146308720111847
Touchet_WA_824,2020-07-03,0.149,0.1652660220861435
Touchet_WA_824,2020-07-04,0.14,0.15541836619377136
Touchet_WA_824,2020-07-05,0.125,0.15054118633270264
Touchet_WA_824,2020-07-06,0.113,0.14885340631008148
Touchet_WA_824,2020-07-07,0.099,0.13007108867168427
Touchet_WA_824,2020-07-08,0.133,0.13335278630256653
Touchet_WA_824,2020-07-09,0.115,0.11683820188045502
Touchet_WA_824,2020-07-10,0.1,0.11183328181505203
Touchet_WA_824,2020-07-11,0.103,0.10944747179746628
Touchet_WA_824,2020-07-12,0.092,0.1027471199631691
Touchet_WA_824,2020-07-13,0.076,0.09595835953950882
Touchet_WA_824,2020-07-14,0.067,0.08228827267885208
Touchet_WA_824,2020-07-15,0.054,0.07199504971504211
Touchet_WA_824,2020-07-16,0.044,0.05589194968342781
Touchet_WA_824,2020-07-17,0.036,0.05308341607451439
Touchet_WA_824,2020-07-18,0.028,0.04916110634803772
Touchet_WA_824,2020-07-19,0.024,0.046134401112794876
Touchet_WA_824,2020-07-20,0.021,0.038712915033102036
Touchet_WA_824,2020-07-21,0.017,0.032968997955322266
Touchet_WA_824,2020-07-22,0.016,0.010859648697078228
Touchet_WA_824,2020-07-23,0.013,0.010593526996672153
Touchet_WA_824,2020-07-24,0.011,0.01032711286097765
Touchet_WA_824,2020-07-25,0.007,0.009296002797782421
Touchet_WA_824,2020-07-26,0.01,0.009158260188996792
Touchet_WA_824,2020-07-27,0.009,0.006391386967152357
Touchet_WA_824,2020-07-28,0.011,0.006608758587390184
Touchet_WA_824,2020-07-29,0.004,0.005761169362813234
Touchet_WA_824,2020-07-30,0.007,0.0059577226638793945
Touchet_WA_824,2020-07-31,0.006,0.006107427645474672
Touchet_WA_824,2020-08-01,0.003,0.006107427645474672
Touchet_WA_824,2020-08-02,0.004,0.005833174102008343
Touchet_WA_824,2020-08-03,0.004,0.00464482931420207
Touchet_WA_824,2020-08-04,0.003,0.00408797524869442
Touchet_WA_824,2020-08-05,0.001,0.004060959443449974
Touchet_WA_824,2020-08-06,0.0,0.006479443050920963
Touchet_WA_824,2020-08-07,0.0,0.0020274450071156025
Touchet_WA_824,2020-08-08,0.0,0.001531786983832717
Touchet_WA_824,2020-08-09,0.0,0.0011054305359721184
Touchet_WA_824,2020-08-10,0.0,0.0008770324639044702
Touchet_WA_824,2020-08-11,0.0,0.0013275628443807364
Touchet_WA_824,2020-08-12,0.0,0.0030292589217424393
Touchet_WA_824,2020-08-13,0.0,0.0028667093720287085
Touchet_WA_824,2020-08-14,0.0,0.002566383685916662
Touchet_WA_824,2020-08-15,0.0,0.0024946751073002815
Touchet_WA_824,2020-08-16,0.0,0.0011758499313145876
Touchet_WA_824,2020-08-17,0.0,0.0011758499313145876
Touchet_WA_824,2020-08-18,0.0,0.002417274285107851
Touchet_WA_824,2020-08-19,0.0,0.0034960289485752583
Touchet_WA_824,2020-08-20,0.0,0.0034960289485752583
Touchet_WA_824,2020-08-21,0.0,0.002083130879327655
Touchet_WA_824,2020-08-22,0.0,0.001840502372942865
Touchet_WA_824,2020-08-23,0.0,0.0007889024564065039
Touchet_WA_824,2020-08-24,0.0,0.0016542614903301
Touchet_WA_824,2020-08-25,0.0,0.0004884831723757088
Touchet_WA_824,2020-08-26,0.0,0.00020926966681145132
Touchet_WA_824,2020-08-27,0.0,0.00022111748694442213
Touchet_WA_824,2020-08-28,0.0,0.0005049447645433247
Touchet_WA_824,2020-08-29,0.0,0.0005049447645433247
Touchet_WA_824,2020-08-30,0.0,0.0010344237089157104
Touchet_WA_824,2020-08-31,0.0,0.0026623099111020565
Touchet_WA_824,2020-09-01,0.0,0.0017634043470025063
Touchet_WA_824,2020-09-02,0.0,0.0007766038761474192
Touchet_WA_824,2020-09-03,0.0,0.0007396345608867705
Touchet_WA_824,2020-09-04,0.0,-0.0007488893461413682
Touchet_WA_824,2020-09-05,0.0,-0.0007488893461413682
Touchet_WA_824,2020-09-06,0.0,-0.001052670064382255
Touchet_WA_824,2020-09-07,0.0,-0.0006901094457134604
Touchet_WA_824,2020-09-08,0.0,-0.0008634397527202964
Touchet_WA_824,2020-09-09,0.0,-0.0005117348628118634
Touchet_WA_824,2020-09-10,0.0,-6.725311686750501e-05
Touchet_WA_824,2020-09-11,0.0,0.0011685709469020367
Touchet_WA_824,2020-09-12,0.0,0.0012051536468788981
Touchet_WA_824,2020-09-13,0.0,0.0009981991024687886
Touchet_WA_824,2020-09-14,0.0,0.002168024890124798
Touchet_WA_824,2020-09-15,0.0,0.0035711191594600677
Touchet_WA_824,2020-09-16,0.0,0.007518104277551174
Touchet_WA_824,2020-09-17,0.0,0.008120400831103325
Touchet_WA_824,2020-09-18,0.0,0.00979064591228962
Touchet_WA_824,2020-09-19,0.0,0.013090843334794044
Touchet_WA_824,2020-09-20,0.07,0.029460225254297256
Touchet_WA_824,2020-09-21,0.062,0.043392669409513474
Touchet_WA_824,2020-09-22,0.047,0.0438835434615612
Touchet_WA_824,2020-09-23,0.032,0.04812393710017204
Touchet_WA_824,2020-09-24,0.02,0.05744841322302818
Touchet_WA_824,2020-09-25,0.131,0.11220557242631912
Touchet_WA_824,2020-09-26,0.113,0.11714312434196472
Touchet_WA_824,2020-09-27,0.191,0.14150041341781616
Touchet_WA_824,2020-09-28,0.165,0.14660361409187317
Touchet_WA_824,2020-09-29,0.149,0.1295834332704544
Touchet_WA_824,2020-09-30,0.138,0.12124332040548325
Touchet_WA_824,2020-10-01,0.126,0.11629810184240341
Touchet_WA_824,2020-10-02,0.12,0.10984978824853897
Touchet_WA_824,2020-10-03,0.11,0.0989137813448906
Touchet_WA_824,2020-10-04,0.103,0.0922696441411972
Touchet_WA_824,2020-10-05,0.097,0.08887720108032227
Touchet_WA_824,2020-10-06,0.09,0.08434213697910309
Touchet_WA_824,2020-10-07,0.083,0.08225376904010773
Touchet_WA_824,2020-10-08,0.079,0.08127650618553162
Touchet_WA_824,2020-10-09,0.072,0.06802577525377274
Touchet_WA_824,2020-10-10,0.07,0.09318692237138748
Touchet_WA_824,2020-10-11,0.307,0.21443286538124084
Touchet_WA_824,2020-10-12,0.312,0.2564099431037903
Touchet_WA_824,2020-10-13,0.259,0.2782244086265564
Touchet_WA_824,2020-10-14,0.314,0.2794455289840698
Touchet_WA_824,2020-10-15,0.247,0.24710167944431305
Touchet_WA_824,2020-10-16,0.223,0.21858331561088562
Touchet_WA_824,2020-10-17,0.204,0.21615247428417206
Touchet_WA_824,2020-10-18,0.194,0.19830049574375153
Touchet_WA_824,2020-10-19,0.216,0.19471527636051178
Touchet_WA_824,2020-10-20,0.197,0.18981218338012695
Touchet_WA_824,2020-10-21,0.186,0.1810465008020401
Touchet_WA_824,2020-10-22,0.18,0.1874287873506546
Touchet_WA_824,2020-10-23,0.185,0.2112501859664917
Touchet_WA_824,2020-10-24,0.155,0.21386033296585083
Touchet_WA_824,2020-10-25,0.277,0.22778107225894928
Touchet_WA_824,2020-10-26,0.239,0.2270483523607254
Touchet_WA_824,2020-10-27,0.212,0.22076083719730377
Touchet_WA_824,2020-10-28,0.231,0.2119092047214508
