station_id,date,crx_vn,longitude,latitude,air_temp_max,air_temp_min,air_temp_mean,air_temp_avg,precipitation,solar_radiation,sur_temp_type,sur_temp_max,sur_temp_min,sur_temp_avg,rh_max,rh_min,rh_mean,soil_moisture_5cm,soil_moisture_10cm,soil_moisture_20cm,soil_moisture_50cm,soil_moisture_100cm,soil_temp_5cm,soil_temp_10cm,soil_temp_20cm,soil_temp_50cm,soil_temp_100cm,source_file,LST,NDVI,Rain_sat,s1_vv,s1_vh,s1_vv_dB,s1_vh_dB,s2_b2,s2_b3,s2_b4,s2_b8,s2_b11,s2_b12
4136,2016-08-25,2.422,-117.53,47.42,28.0,2.2,15.1,16.8,0.0,23.38,C,56.7,-0.1,22.8,82.9,15.1,42.8,0.054,0.087,0.08,0.058,0.046,21.9,21.1,20.8,20.7,20.6,uscrn_WA_Spokane_17_SSW_2016.txt,308.0301825059102,0.455309364334471,0.0011698717717081,0.0548004547101119,0.0115309322618453,-12.612158379157552,-19.381355791053167,0.1450143730704259,0.1658753311727676,0.1788981035290401,0.2953662625642983,0.3333827975761358,0.2549728836314148
4136,2017-05-25,2.422,-117.53,47.42,16.7,3.4,10.1,9.5,0.0,19.49,C,33.9,4.5,13.9,92.8,41.3,70.2,0.226,0.252,0.234,0.206,0.176,15.8,15.4,15.2,15.0,14.9,uscrn_WA_Spokane_17_SSW_2017.txt,303.1497933806147,0.5639018291382252,0.0366025641560554,0.0591375041461424,0.0125583720840601,-12.281370084949028,-19.010666536506427,0.1557798998165479,0.1771873017714297,0.1745589533415476,0.334878746976738,0.3169830662195413,0.2370048744414502
4136,2017-06-15,2.422,-117.53,47.42,17.9,9.8,13.9,13.3,6.5,10.02,C,31.2,10.2,15.5,94.2,47.6,71.3,0.08,0.12,0.113,0.094,0.083,18.1,17.8,17.6,17.3,17.1,uscrn_WA_Spokane_17_SSW_2017.txt,299.1666823910841,0.6044688886518773,0.0402243584394454,0.056786988239014,0.0120445237283524,-12.45751163995917,-19.19210368454174,0.1476500204877277,0.1691784504249883,0.1686210492036397,0.3497635368606784,0.3283413745985606,0.2486533635184712
4136,2017-06-22,2.422,-117.53,47.42,23.2,3.0,13.1,14.6,0.0,31.06,C,44.6,1.2,19.9,87.9,18.0,45.6,0.078,0.105,0.1,0.076,0.067,21.5,20.4,19.5,18.8,18.5,uscrn_WA_Spokane_17_SSW_2017.txt,304.04025309017226,0.549394309940273,0.0446955114603042,0.0592124312129089,0.0123883609335854,-12.27587106783665,-19.069861500071315,0.1453494451254733,0.1659314627350243,0.1661243942643916,0.3361002281456001,0.3225774182768268,0.2448797615542432
4136,2017-06-29,2.422,-117.53,47.42,26.2,5.7,16.0,16.4,0.0,24.64,C,45.7,5.3,20.6,97.3,30.8,68.4,0.054,0.085,0.086,0.061,0.052,21.9,20.9,20.1,19.5,19.2,uscrn_WA_Spokane_17_SSW_2017.txt,305.58110916827854,0.549394309940273,0.0205512810498476,0.0587504092765128,0.0121983534280486,-12.309891035938948,-19.136987877984797,0.1430488697632189,0.1626844750450603,0.1636277393251436,0.3224369194305185,0.3168134619550932,0.241106159590014
4136,2017-07-06,2.422,-117.53,47.42,35.5,9.4,22.4,23.7,0.0,28.23,C,57.7,8.5,29.8,91.7,13.5,48.6,0.04,0.078,0.078,0.054,0.045,26.9,24.5,22.8,21.6,21.0,uscrn_WA_Spokane_17_SSW_2017.txt,308.8057531914894,0.5171254212883958,6.410256901290268e-06,0.0613824290927877,0.012822463475214,-12.119559291867017,-18.920285293482355,0.1497717047597374,0.1711821696725003,0.1766944282422895,0.3298353132336409,0.3349529262820525,0.2517586963664212
4136,2017-07-13,2.422,-117.53,47.42,30.8,5.7,18.2,19.6,0.0,27.96,C,53.5,4.3,25.8,91.0,16.1,48.3,0.028,0.069,0.071,0.049,0.041,26.3,24.2,23.0,22.1,21.7,uscrn_WA_Spokane_17_SSW_2017.txt,308.6802765957447,0.5171254212883958,0.0092788459733128,0.0591134517862033,0.0121977834547047,-12.283136803409777,-19.137190808702343,0.1505550318665756,0.1730347206532786,0.1792977635567291,0.3349308488879147,0.3386604246139778,0.2533670979722774
4136,2017-07-27,2.422,-117.53,47.42,31.9,8.8,20.4,21.2,0.0,25.68,C,54.0,8.4,27.2,82.1,15.8,42.8,0.021,0.057,0.064,0.043,0.035,28.0,25.6,24.1,23.1,22.6,uscrn_WA_Spokane_17_SSW_2017.txt,310.9886402618658,0.4768303967576791,6.410256901290268e-06,0.0601992385278618,0.0119361760558322,-12.204090021846888,-19.231347840811456,0.1510965055204281,0.1725291006473394,0.184210886767749,0.3285011538178529,0.3415937005839469,0.2554790946141786
4136,2017-08-03,2.422,-117.53,47.42,35.6,8.6,22.1,23.2,0.0,23.78,C,55.4,8.5,28.7,83.4,10.2,43.4,0.02,0.053,0.061,0.044,0.034,28.4,26.0,24.5,23.5,23.0,uscrn_WA_Spokane_17_SSW_2017.txt,311.2949092198582,0.4768303967576791,6.410256901290268e-06,0.0597525568131206,0.0117968121782507,-12.236435065125113,-19.28235335103771,0.1612721185401819,0.1825400352595898,0.1944932865419341,0.3371241133556448,0.3516366433949291,0.2592591824879331
4136,2017-08-10,2.422,-117.53,47.42,35.5,7.3,21.4,21.7,0.0,18.32,C,51.0,6.9,25.5,85.9,14.3,48.5,0.018,0.048,0.058,0.041,0.033,26.2,24.6,23.6,23.1,22.7,uscrn_WA_Spokane_17_SSW_2017.txt,309.1048548463358,0.4560544795221844,0.0048076920211315,0.0592050427316519,0.0116819823648777,-12.27641301093623,-19.324834537068437,0.1784838683968027,0.1982019433146727,0.2096331914829742,0.350594292572934,0.3638297603260021,0.2628648801118235
4136,2017-08-17,2.422,-117.53,47.42,29.0,7.1,18.0,18.3,0.0,23.89,C,49.9,4.3,23.2,81.0,20.0,46.4,0.017,0.046,0.055,0.04,0.031,25.0,23.2,22.3,21.7,21.4,uscrn_WA_Spokane_17_SSW_2017.txt,306.4221680851065,0.4560544795221844,0.0063461535610258,0.0601146671717352,0.0114855055651954,-12.210195530454312,-19.39849883416955,0.1470532083508053,0.1698906407421576,0.1879732589611202,0.3148654507658234,0.3434667110084106,0.2516994628837793
4136,2017-08-24,2.422,-117.53,47.42,26.8,4.7,15.8,19.5,0.0,20.99,C,47.4,2.2,23.5,77.1,15.6,44.7,0.017,0.045,0.053,0.038,0.028,24.9,23.1,22.0,21.5,21.2,uscrn_WA_Spokane_17_SSW_2017.txt,306.8611959767892,0.4288262052047782,0.0045833331532776,0.059224267005623,0.0113863722121589,-12.275003056559887,-19.436146235242425,0.1520555654800387,0.1757458331783825,0.1947944478941314,0.3280461092935818,0.3517086998976113,0.2565072101788366
4136,2017-08-31,2.422,-117.53,47.42,28.3,7.7,18.0,19.3,0.0,20.7,C,46.7,6.6,23.0,68.9,21.3,44.2,0.015,0.044,0.052,0.038,0.027,24.4,22.8,22.0,21.4,21.2,uscrn_WA_Spokane_17_SSW_2017.txt,307.4584030947776,0.4288262052047782,0.0001842948695411,0.0598648216822009,0.0113028523845277,-12.228283067801314,-19.468119442564856,0.1641815166752352,0.1848137918057961,0.2035223731952976,0.3347735000885344,0.3559028973672329,0.2590115375587278
4136,2017-09-14,2.422,-117.53,47.42,20.0,-0.5,9.7,11.9,0.0,12.26,C,35.4,-1.6,14.5,76.0,28.9,44.5,0.012,0.039,0.049,0.024,0.023,18.5,18.4,18.8,19.0,19.1,uscrn_WA_Spokane_17_SSW_2017.txt,299.7740328267477,0.4082591563566551,0.1031089723110199,0.0562494679635022,0.0103070024073597,-12.498815809785174,-19.868676225177957,0.1872967031647313,0.2068395803785918,0.2285760323955167,0.3626853539873267,0.3868173080866307,0.2839347975433842
4136,2017-09-28,2.422,-117.53,47.42,26.8,0.8,13.8,12.9,0.0,16.35,C,38.0,0.6,14.3,92.2,20.6,61.8,0.108,0.098,0.047,0.02,0.033,14.5,14.4,14.6,15.2,15.1,uscrn_WA_Spokane_17_SSW_2017.txt,294.17222638297875,0.4167730535409555,0.0001282051380258,0.0485825700542717,0.009413811256077,-13.135195144204513,-20.26234513408427,0.1455163257674881,0.1662491665424215,0.1874890579387022,0.2994046593515867,0.3247815230950671,0.2434868501543665
4136,2017-10-05,2.422,-117.53,47.42,18.8,-2.4,8.2,7.3,0.0,13.12,C,30.9,-3.2,9.4,82.0,24.3,57.7,0.092,0.092,0.049,0.021,0.033,10.8,11.1,11.7,13.0,12.9,uscrn_WA_Spokane_17_SSW_2017.txt,291.5590929550828,0.4167730535409555,0.0005128204938955,0.0447613671900285,0.0083158452827509,-13.490966568618049,-20.800935993637285,0.1517198129458553,0.1721790853227686,0.1926437416560694,0.3087098372138331,0.3401269390584786,0.2557771377774931
4136,2017-10-19,2.422,-117.53,47.42,14.5,7.5,11.0,11.8,5.9,2.65,C,16.2,7.5,10.8,91.7,44.9,61.9,0.145,0.11,0.053,0.019,0.032,10.2,9.9,10.0,10.6,10.6,uscrn_WA_Spokane_17_SSW_2017.txt,287.5864136170213,0.4235642011518771,0.1824999898672104,0.0761852529708514,0.0177570370745296,-11.181290860515029,-17.506294985535785,0.139569769326273,0.1621147526989723,0.1834273725931183,0.2917960144973268,0.3017107387420712,0.2261231760719731
4136,2017-10-26,2.422,-117.53,47.42,14.4,-2.8,5.8,5.0,0.0,10.14,C,21.2,-3.3,5.5,93.8,46.0,79.1,0.196,0.22,0.206,0.114,0.151,7.4,7.7,8.2,9.2,9.2,uscrn_WA_Spokane_17_SSW_2017.txt,285.24458014184404,0.2007507679180886,0.1327003240585327,0.0667344159699502,0.013223679422161,-11.756501359325858,-18.78647687784616,0.139569769326273,0.1621147526989723,0.1834273725931183,0.2917960144973268,0.3017107387420712,0.2261231760719731
4136,2018-02-01,2.422,-117.53,47.42,5.4,-2.8,1.3,1.3,5.1,4.41,C,9.4,-4.3,0.7,91.5,57.3,78.9,0.309,0.344,0.32,0.296,0.25,0.8,1.2,1.4,1.9,2.2,uscrn_WA_Spokane_17_SSW_2018.txt,277.3633262411348,0.4431049754692834,0.1038685888051986,0.0683865960619463,0.0136331121463958,-11.6502901270657,-18.6540499275479,0.1366850533755615,0.1521482195124367,0.1650275462526222,0.2554301319027543,0.263157960121773,0.2105368861145083
4136,2018-02-08,2.422,-117.53,47.42,13.3,2.3,7.8,8.6,0.0,6.58,C,15.8,-3.8,6.4,71.4,47.7,59.7,0.306,0.343,0.319,0.296,0.249,5.1,4.7,4.5,4.3,4.3,uscrn_WA_Spokane_17_SSW_2018.txt,276.7419608510639,0.4431049754692834,0.1259775608778,0.0713870450842322,0.0145081981235353,-11.4638059437103,-18.38386522338184,0.1417209963040211,0.1564355150061943,0.1685816345009921,0.2602563968791791,0.2766362726938687,0.2207989813624803
4136,2018-02-15,2.422,-117.53,47.42,-0.4,-13.0,-6.7,-5.4,0.0,11.62,C,-2.5,-22.1,-8.9,91.6,56.7,81.8,0.298,0.324,0.308,0.279,0.232,0.3,0.8,1.0,1.8,2.1,uscrn_WA_Spokane_17_SSW_2018.txt,271.8254212765958,0.0736786369453924,0.0725480765104293,0.0571460887688073,0.0087175621965516,-12.430134885277084,-20.596049454119452,0.415595065750082,0.4245911825438866,0.4357014066760968,0.5134138907132423,0.2128323314305835,0.1897312644765995
4136,2018-03-08,2.422,-117.53,47.42,10.4,0.6,5.5,5.4,3.2,5.86,C,18.6,-1.2,4.5,90.0,56.1,73.5,0.317,0.355,0.328,0.305,0.26,1.8,1.2,1.1,1.2,1.4,uscrn_WA_Spokane_17_SSW_2018.txt,279.7796264437691,0.4198355215443686,0.0645673051476478,0.0633344444471821,0.0104627570120522,-11.983600346134578,-19.80353860655064,0.3362359127171647,0.3459243151281995,0.3582067038880299,0.4373685603968301,0.2345092288426263,0.1988375437688476
4136,2018-03-22,2.422,-117.53,47.42,13.4,-0.5,6.4,6.7,8.8,4.29,C,15.2,-4.0,5.8,89.6,60.4,77.4,0.313,0.35,0.324,0.3,0.254,5.6,5.0,4.8,4.5,4.5,uscrn_WA_Spokane_17_SSW_2018.txt,284.2532502532928,0.4165337244027303,0.0551121793687343,0.0576405681310459,0.0097834451369282,-12.39271747237606,-20.0950818606207,0.1312231187541002,0.1513948287679762,0.1666897516327917,0.2551159384283217,0.2885921028255322,0.2263851840466618
4136,2018-04-19,2.422,-117.53,47.42,16.8,-1.6,7.6,8.2,0.0,24.13,C,31.3,-4.4,10.4,89.8,22.5,52.6,0.304,0.343,0.327,0.295,0.248,8.6,7.6,7.3,6.9,6.9,uscrn_WA_Spokane_17_SSW_2018.txt,294.0689580547113,0.4936154330204778,0.0575160235166549,0.0623032613526561,0.0110007370861968,-12.054892189846496,-19.5857821468328,0.1738685077644673,0.1893248156132972,0.1942149746578804,0.2989703626799698,0.3133673378885114,0.2459891932157012
4136,2018-04-26,2.422,-117.53,47.42,24.2,0.7,12.4,12.8,0.0,24.48,C,36.0,-1.5,14.5,94.3,18.2,56.8,0.274,0.304,0.296,0.257,0.218,12.7,11.3,10.9,9.7,9.7,uscrn_WA_Spokane_17_SSW_2018.txt,296.13371744680853,0.4936154330204778,0.0181442312896251,0.0603410243616644,0.0104431056145507,-12.19387321425827,-19.81170329811364,0.1641855959369817,0.1814845642494095,0.186065536428749,0.2997907512087067,0.3194083097744377,0.2469714397805822
4136,2018-05-03,2.422,-117.53,47.42,22.3,2.7,12.5,13.1,0.0,22.63,C,33.0,0.4,14.4,90.8,29.1,60.6,0.247,0.274,0.266,0.213,0.195,13.2,12.1,11.8,10.9,11.0,uscrn_WA_Spokane_17_SSW_2018.txt,299.5506820668693,0.5886732135238908,0.1090256348252296,0.0571255728226939,0.0105491070343197,-12.431694320426567,-19.76784301170153,0.1496612281957525,0.1697241872035798,0.1738413790850507,0.3010213340018152,0.328469767603325,0.248444809627901
4136,2018-05-10,2.422,-117.53,47.42,15.2,6.3,10.8,10.3,0.7,14.93,C,27.9,5.7,12.4,86.3,40.8,68.4,0.235,0.26,0.25,0.2,0.184,14.1,13.8,13.8,13.2,13.3,uscrn_WA_Spokane_17_SSW_2018.txt,302.0059629179331,0.5886732135238908,0.0940224304795265,0.0569943922006278,0.0102251481503482,-12.441678733824716,-19.903303908597287,0.1448766430014376,0.1657628298208512,0.1650391822240905,0.3089143435756043,0.3224284437720205,0.2410154422704981
4136,2018-05-24,2.422,-117.53,47.42,25.3,10.3,17.8,18.2,0.0,26.47,C,36.6,9.9,20.8,93.9,37.9,69.0,0.219,0.248,0.237,0.187,0.173,20.3,18.7,18.2,16.3,16.6,uscrn_WA_Spokane_17_SSW_2018.txt,299.88159948420383,0.5925378732935151,0.0650160238146781,0.0615220580612849,0.0108987897077062,-12.109691447653164,-19.626217270546405,0.1579322746870289,0.1762562078496148,0.1727435960072637,0.3279866426926701,0.3278846240629982,0.2485277471210571
4136,2018-05-31,2.422,-117.53,47.42,16.6,1.9,9.3,10.9,0.0,12.11,C,26.9,0.4,12.9,93.5,32.9,62.9,0.156,0.187,0.176,0.143,0.133,16.0,16.2,16.4,16.2,16.4,uscrn_WA_Spokane_17_SSW_2018.txt,300.05615007092206,0.5925378732935151,0.0094326920807361,0.0590054725370759,0.0106787613454172,-12.291077072996185,-19.714791192220304,0.1468761486177348,0.1658231728819593,0.1627665703237403,0.3234760365067075,0.3174304676728913,0.2418599558584159
4136,2018-06-07,2.422,-117.53,47.42,26.4,5.0,15.7,17.0,0.0,24.89,C,43.2,3.4,20.3,93.4,24.6,55.5,0.107,0.149,0.138,0.113,0.105,19.2,17.9,17.6,16.1,16.6,uscrn_WA_Spokane_17_SSW_2018.txt,299.88696838905776,0.5372291862201365,0.0443685874342918,0.0582294928059931,0.010684361352487,-12.348569926932411,-19.71251432262672,0.2795698555077884,0.2894774012349947,0.2853172905159735,0.4340754179001653,0.4059356198842508,0.3234288101458076
4136,2018-06-14,2.422,-117.53,47.42,19.7,4.0,11.9,12.2,0.0,21.49,C,36.4,1.7,15.5,91.5,32.2,58.1,0.093,0.13,0.115,0.091,0.088,17.4,16.7,16.5,15.5,15.9,uscrn_WA_Spokane_17_SSW_2018.txt,300.4065463829788,0.5372291862201365,0.0629807710647583,0.0566041141365938,0.0114818587751474,-12.471520019939511,-19.399877991816343,0.3825501519776539,0.3799233454326359,0.3733343813576351,0.464616869877854,0.4169296997669395,0.3555903657187253
4136,2018-06-21,2.422,-117.53,47.42,25.9,10.4,18.2,17.7,8.5,17.8,C,38.8,9.0,20.0,91.7,44.2,74.7,0.079,0.113,0.101,0.074,0.073,20.2,18.8,18.5,16.6,17.1,uscrn_WA_Spokane_17_SSW_2018.txt,302.8916192502533,0.5660250586604096,0.0356730744242668,0.0574450774437196,0.0115949520489216,-12.407471807376483,-19.35731043052885,0.2474087192281791,0.2575716210119582,0.2543665003282701,0.3816419788926937,0.3565742098293549,0.2882468708081319
4136,2018-06-28,2.422,-117.53,47.42,21.8,6.5,14.2,15.2,0.0,15.3,C,40.7,4.9,18.6,82.9,33.1,54.7,0.073,0.104,0.091,0.057,0.061,19.6,18.9,18.7,17.3,17.9,uscrn_WA_Spokane_17_SSW_2018.txt,301.42678480243165,0.5660250586604096,0.0105512822046875,0.0540139148636493,0.0097478907261654,-12.674943444358128,-20.11089347900254,0.174779279995983,0.1903401996703311,0.1894614832375361,0.3297345482589751,0.321758186803152,0.2506993483048971
4136,2018-07-12,2.422,-117.53,47.42,31.4,6.4,18.9,20.2,0.0,27.96,C,54.4,4.7,26.6,92.5,16.7,49.9,0.037,0.084,0.075,0.042,0.047,24.2,21.9,21.3,19.0,19.6,uscrn_WA_Spokane_17_SSW_2018.txt,309.1593636661211,0.5355872920221844,0.0,0.0590998054888191,0.0109865560425882,-12.284139484803614,-19.591384246013227,0.1480712257802145,0.1695969946755789,0.1737027459610516,0.3340170010351337,0.334772728839043,0.2520337206326936
4136,2018-07-26,2.422,-117.53,47.42,34.6,6.2,20.4,21.9,0.0,24.88,C,56.4,5.1,28.2,83.5,13.7,40.8,0.024,0.068,0.064,0.034,0.041,26.5,23.8,23.2,20.8,21.4,uscrn_WA_Spokane_17_SSW_2018.txt,309.80621465721043,0.4894567619453924,0.0024519229773432,0.0588232480896147,0.0105641439145634,-12.30450998386416,-19.761656910627053,0.1541301620458113,0.174461321627295,0.182519646894617,0.3316838167339548,0.3404920495676767,0.2557147727431708
4136,2018-08-02,2.422,-117.53,47.42,30.9,8.2,19.5,21.0,0.0,25.6,C,52.3,5.2,25.4,64.1,11.4,32.2,0.022,0.062,0.059,0.032,0.037,26.2,24.0,23.6,21.6,22.1,uscrn_WA_Spokane_17_SSW_2018.txt,308.8284246808511,0.4894567619453924,0.0024519229773432,0.0587030616029702,0.0104768395386516,-12.313392479414455,-19.79769707612702,0.1820473666105651,0.1974333577048017,0.2053923924087269,0.3497140164969713,0.3553792208556528,0.2676711578005368
4136,2018-08-09,2.422,-117.53,47.42,40.1,9.0,24.6,25.3,0.0,22.19,C,58.4,8.0,29.9,76.6,9.4,37.4,0.02,0.059,0.055,0.03,0.037,27.2,24.4,23.8,21.5,21.9,uscrn_WA_Spokane_17_SSW_2018.txt,308.9111035460993,0.4636997066979521,0.002371794776991,0.0594242840434013,0.0107300108580798,-12.260360420419053,-19.693998385557823,0.1826540082421737,0.1987249622003421,0.2080189761447343,0.352021512949574,0.3597217706525443,0.2672668023985707
4136,2018-08-16,2.422,-117.53,47.42,34.7,8.0,21.3,21.7,0.0,17.09,C,54.4,7.6,25.5,71.0,13.6,38.5,0.019,0.056,0.052,0.031,0.034,24.4,22.5,22.2,20.8,21.2,uscrn_WA_Spokane_17_SSW_2018.txt,306.8239838813669,0.4636997066979521,0.0062660253606736,0.0610102166607992,0.0104398936177102,-12.14597432728929,-19.813039267625697,0.2015117672976293,0.2195012058793126,0.228401857494806,0.354680245497903,0.3612740962592235,0.2629043188333888
4136,2018-08-23,2.422,-117.53,47.42,28.2,4.8,16.5,18.8,0.0,17.4,C,42.8,4.1,21.2,74.7,18.3,39.1,0.017,0.052,0.049,0.028,0.033,22.4,21.1,20.9,19.9,20.2,uscrn_WA_Spokane_17_SSW_2018.txt,302.6862825059102,0.4330712457337884,0.0208814088255167,0.0608012112493818,0.0101008558842435,-12.160877688574796,-19.95641825221747,0.2159080627821758,0.2303867461463119,0.2376653344583102,0.3464295247341969,0.3523641807399669,0.2576124360675439
4136,2018-08-30,2.422,-117.53,47.42,24.7,6.2,15.4,16.5,0.0,16.78,C,41.7,4.1,18.7,79.4,28.7,47.9,0.027,0.052,0.046,0.027,0.03,19.5,18.9,18.8,18.1,18.5,uscrn_WA_Spokane_17_SSW_2018.txt,300.9334524822695,0.4330712457337884,0.0172628201544284,0.0497452704922136,0.008246774410044,-13.032482032955857,-20.837158853705457,0.1496864434021837,0.1690554903868034,0.1858214473581408,0.3115357759958437,0.3345404733546372,0.2507368179983575
4136,2018-09-13,2.422,-117.53,47.42,19.3,-2.8,8.3,9.1,0.0,14.4,C,36.5,-4.3,10.8,85.3,26.3,59.4,0.017,0.05,0.045,0.026,0.028,15.4,15.8,16.1,16.7,16.9,uscrn_WA_Spokane_17_SSW_2018.txt,298.4314291793313,0.4389619720563138,0.0263621788471937,0.0576348227416848,0.0095511653151676,-12.393150381929276,-20.199436379374777,0.1478279035226492,0.1694665955083484,0.1893652235414046,0.3153339893272754,0.3423726797890482,0.2551477990562779
4136,2018-09-20,2.422,-117.53,47.42,19.0,-1.6,8.7,10.3,0.0,15.76,C,37.2,-3.0,12.6,84.3,30.0,54.4,0.017,0.048,0.044,0.026,0.026,14.7,14.6,14.8,15.3,15.4,uscrn_WA_Spokane_17_SSW_2018.txt,296.1622765957447,0.4389619720563138,0.0191025640815496,0.0555033014775971,0.0090748986442251,-12.556811831681658,-20.42158216815213,0.1526434064659334,0.1725969287003209,0.1935940382078207,0.3186340427557193,0.3401801662593579,0.2560844669932652
4136,2018-09-27,2.622,-117.53,47.42,24.2,-1.4,11.4,11.9,0.0,15.93,C,42.3,-2.8,14.8,72.2,25.8,46.9,0.015,0.048,0.043,0.025,0.035,14.9,14.6,14.6,14.9,15.0,uscrn_WA_Spokane_17_SSW_2018.txt,295.4130462411348,0.3930805407423207,0.0167612172663211,0.0528212469855242,0.0088483247211211,-12.771913503358409,-20.531389477478616,0.1554854663201201,0.1751131044860447,0.1975381397553003,0.3104964743879527,0.3388277460292876,0.2568034265510726
4136,2018-10-11,2.622,-117.53,47.42,14.2,-7.1,3.6,4.1,0.0,13.3,C,26.7,-8.2,5.3,88.4,35.3,64.3,0.103,0.049,0.04,0.023,0.034,7.6,9.4,10.1,12.1,12.1,uscrn_WA_Spokane_17_SSW_2018.txt,288.53879422492406,0.387797434940273,0.0390705130994319,0.052142106309444,0.0084105624032846,-12.828114292457029,-20.7517496252829,0.1437452240054072,0.1637857994745634,0.1885256442659549,0.2961483838919035,0.3218216112713327,0.244734382523326
4136,2018-10-18,2.622,-117.53,47.42,18.1,-7.1,5.5,4.1,0.0,11.77,C,31.9,-8.6,4.7,86.7,29.9,64.6,0.085,0.058,0.039,0.022,0.033,6.5,7.6,8.1,9.9,9.8,uscrn_WA_Spokane_17_SSW_2018.txt,289.9900781431335,0.387797434940273,0.0008173076785169,0.0427659530159414,0.0061622547436355,-13.689018455113269,-22.10260352194275,0.1460084313633836,0.1656708745171911,0.1893223645396162,0.288517615044304,0.3118104408119616,0.2393805264373558
4136,2018-11-01,2.622,-117.53,47.42,12.0,8.2,10.1,10.3,3.4,1.36,C,12.8,7.5,9.9,90.5,81.2,88.5,0.166,0.129,0.072,0.022,0.035,9.1,8.9,8.8,9.4,9.4,uscrn_WA_Spokane_17_SSW_2018.txt,283.51405843971634,0.4530487414675768,0.1824535280466079,0.0536418890556442,0.0107619432503029,-12.70495936413347,-19.681093023978004,0.1486443291301362,0.1661122425514917,0.1910396829366404,0.2963864926682582,0.2874228456412664,0.2200697582038766
4136,2018-11-15,2.622,-117.53,47.42,8.7,-6.0,1.4,2.1,1.3,3.84,C,14.9,-6.6,1.9,93.4,64.6,84.4,0.149,0.163,0.146,0.02,0.051,2.2,2.8,3.1,5.0,4.9,uscrn_WA_Spokane_17_SSW_2018.txt,277.378340425532,0.4154339643771331,0.0113621791824698,0.0450872096197355,0.0072269599234841,-13.459466417005304,-21.41044353619888,0.1366528065798184,0.1533224339078874,0.1698468695400891,0.268755637434438,0.262722706048366,0.2027314941404422
4136,2018-12-20,2.622,-117.53,47.42,8.4,1.4,4.9,4.9,3.7,0.91,C,6.7,-1.1,2.8,85.3,55.7,72.8,0.306,0.341,0.325,0.265,0.247,2.2,2.3,2.3,3.1,2.9,uscrn_WA_Spokane_17_SSW_2018.txt,273.67000283687946,0.4426453284982936,0.1532371789216995,0.0733895258788422,0.016924791477876,-11.343659179805416,-17.71476673340938,0.1439851916890448,0.1620100621523607,0.1762046819830481,0.2736112263533929,0.2575431394431227,0.2114322011802705
4136,2018-12-27,2.622,-117.53,47.42,-1.9,-10.8,-6.4,-5.1,0.0,0.81,C,-1.7,-17.8,-6.2,91.3,84.4,88.0,0.295,0.334,0.319,0.26,0.242,0.7,1.2,1.4,2.5,2.5,uscrn_WA_Spokane_17_SSW_2018.txt,271.5262808510638,0.3998453071672354,0.0363749973475933,0.0586539076929033,0.0109082251510494,-12.317030486306152,-19.622459065894812,0.1439851916890448,0.1620100621523607,0.1762046819830481,0.2736112263533929,0.2575431394431227,0.2114322011802705
4136,2019-03-28,2.622,-117.53,47.42,7.7,1.9,4.8,5.3,0.0,4.76,C,12.6,-0.3,6.0,93.0,66.7,83.6,0.306,0.344,0.327,0.27,0.25,4.8,4.2,3.9,3.7,3.5,uscrn_WA_Spokane_17_SSW_2019.txt,285.1952375278623,0.3847309780290102,0.0367692299187183,0.0653852621431221,0.0117364426158107,-11.845201307461933,-19.30463520332166,0.276166766825098,0.2876054504519419,0.2948277093014948,0.3581173577962375,0.2417212428561627,0.1993834786352741
4136,2019-04-25,2.622,-117.53,47.42,17.6,-1.9,7.8,9.4,0.0,20.87,C,32.0,-4.4,12.2,92.8,21.3,56.2,0.279,0.314,0.304,0.243,0.225,11.1,10.4,10.3,9.7,9.8,uscrn_WA_Spokane_17_SSW_2019.txt,290.75169726443767,0.5154829458191127,0.0297676268965005,0.0583733833358091,0.0100371103933455,-12.337851341441972,-19.98391299227988,0.1437884489135703,0.1635586022013471,0.1682023258773472,0.293855604988429,0.3184052978431094,0.2438158119537113
4136,2019-05-09,2.622,-117.53,47.42,21.0,4.3,12.6,13.9,0.0,27.68,C,37.0,0.8,16.3,87.8,18.8,42.2,0.228,0.257,0.247,0.195,0.181,14.7,13.5,13.2,11.9,12.1,uscrn_WA_Spokane_17_SSW_2019.txt,297.7160807736945,0.5122737468003412,0.0099519230425357,0.0556896471322127,0.0096381778269013,-12.542255339331598,-20.160050651141287,0.1596287526687214,0.1805487750636319,0.1824105886579532,0.322797945495482,0.3379676797827943,0.256474497061267
4136,2019-05-23,2.622,-117.53,47.42,23.3,1.8,12.5,14.2,0.0,26.54,C,39.4,0.6,16.9,92.5,20.5,51.9,0.231,0.26,0.251,0.195,0.182,15.2,14.2,13.9,13.2,13.2,uscrn_WA_Spokane_17_SSW_2019.txt,295.31410541033443,0.6240627719709896,0.0610416643321514,0.0653679718067607,0.0126318918931749,-11.846349898206334,-18.985315997824156,0.1718703313484741,0.1919739426814473,0.1895647459948292,0.3439691242955111,0.3426019976984149,0.2606609458540607
4136,2019-05-30,2.622,-117.53,47.42,26.1,8.0,17.1,17.3,4.1,25.82,C,39.7,7.0,20.9,93.5,30.2,66.6,0.225,0.25,0.241,0.185,0.174,18.9,17.3,16.9,15.2,15.3,uscrn_WA_Spokane_17_SSW_2019.txt,301.0223038500507,0.6240627719709896,0.1670416593551635,0.0583581675242445,0.0105872256000735,-12.33898353629228,-19.752178325685037,0.1536951421056748,0.1732091997231006,0.1678519925978067,0.3391687990848237,0.3362027027423524,0.2525407560431967
4136,2019-06-06,2.622,-117.53,47.42,14.7,4.8,9.7,11.6,0.0,13.82,C,22.4,2.8,13.1,88.0,47.3,68.5,0.187,0.207,0.193,0.147,0.14,16.4,16.3,16.4,16.0,16.1,uscrn_WA_Spokane_17_SSW_2019.txt,300.2529179669031,0.5674769997866894,0.1785480678081512,0.0613466957246273,0.0114147737349628,-12.122088244154988,-19.425326927266127,0.1500349828484236,0.1711412029520067,0.1668985129424091,0.3397831201028894,0.33141971693842,0.2494653399399014
4136,2019-06-13,2.622,-117.53,47.42,31.4,9.7,20.6,21.8,0.0,29.01,C,47.6,8.7,24.7,92.6,20.1,51.8,0.135,0.171,0.158,0.121,0.117,21.1,19.2,18.7,16.8,17.0,uscrn_WA_Spokane_17_SSW_2019.txt,302.3880858284978,0.5674769997866894,0.0102884611114859,0.0579858944291146,0.0107305993542582,-12.366776394825283,-19.6937601997463,0.148159141424342,0.1699460438130308,0.166904683356288,0.3384013479338105,0.3282528481182169,0.2469194538306248
4136,2019-06-20,2.622,-117.53,47.42,19.0,5.4,12.2,11.6,1.0,17.23,C,38.6,4.0,15.0,89.0,29.2,56.2,0.084,0.131,0.119,0.088,0.086,18.7,18.5,18.6,17.8,18.1,uscrn_WA_Spokane_17_SSW_2019.txt,304.4610081053698,0.5764416755546077,0.0078365383669734,0.0576826654274095,0.0103150971111786,-12.389546797437164,-19.865266790189455,0.196682975355364,0.2146732666376206,0.2131934596555537,0.3694864700311121,0.3560150471695377,0.2771211584231839
4136,2019-06-27,2.622,-117.53,47.42,18.7,5.0,11.8,12.4,1.8,19.69,C,32.0,2.4,15.3,91.8,38.6,71.3,0.066,0.114,0.1,0.068,0.068,18.7,18.2,18.1,17.1,17.4,uscrn_WA_Spokane_17_SSW_2019.txt,302.2917208037825,0.5764416755546077,0.0253605768084526,0.0594137268772638,0.0114194633035903,-12.26113204541927,-19.423543067527245,0.2205213236726574,0.2360940447157861,0.2357653949064882,0.388523780212575,0.3744217322074928,0.2934561469237877
4136,2019-07-18,2.622,-117.53,47.42,24.0,5.5,14.7,17.8,0.0,28.19,C,44.5,1.8,21.5,84.8,18.3,46.0,0.038,0.08,0.073,0.039,0.044,20.0,18.9,18.7,17.9,18.2,uscrn_WA_Spokane_17_SSW_2019.txt,305.15846950354614,0.5398059940273038,0.0284294858574867,0.0575709833984409,0.0102365960219733,-12.39796352082668,-19.89844435414955,0.176476462939162,0.1949170573778051,0.1988752328680688,0.3528456066249434,0.3480357515788852,0.2683458103422155
4136,2019-07-25,2.622,-117.53,47.42,29.0,2.5,15.8,17.2,0.0,28.14,C,51.6,1.7,22.9,91.0,15.5,50.5,0.046,0.077,0.07,0.036,0.043,21.0,20.2,20.0,18.8,19.2,uscrn_WA_Spokane_17_SSW_2019.txt,307.78087618310775,0.5249347162969281,0.0250801276415586,0.0563874100014361,0.0098795297208178,-12.488178530604642,-20.052637279341035,0.1637357662097266,0.1834905420564761,0.1887237771874639,0.3391025823293329,0.3451002894950566,0.263562054244087
4136,2019-08-01,2.622,-117.53,47.42,31.7,5.8,18.8,19.9,0.0,27.06,C,57.1,4.8,26.5,80.6,16.0,44.7,0.046,0.076,0.068,0.034,0.042,23.7,21.9,21.4,19.5,19.9,uscrn_WA_Spokane_17_SSW_2019.txt,310.0219050736498,0.5249347162969281,3.84615377697628e-05,0.0571113805434237,0.0101780539617173,-12.432773415837078,-19.923352509264756,0.1530195790479983,0.173463194529692,0.1804363962752934,0.3255676163987789,0.342698268215567,0.25887598746922
4136,2019-08-08,2.622,-117.53,47.42,35.2,9.3,22.2,24.2,0.0,24.43,C,61.1,8.4,30.3,75.2,17.4,38.8,0.03,0.049,0.065,0.032,0.04,26.0,23.5,22.9,20.7,21.0,uscrn_WA_Spokane_17_SSW_2019.txt,309.20475234042556,0.4739992267491468,0.0183173064142465,0.0533139951588673,0.0098379172768506,-12.731587717905745,-20.07096833571599,0.1535423753242463,0.1722399809725136,0.1802990594154331,0.3165397134123477,0.3417979090406324,0.2592374619544091
4136,2019-08-15,2.622,-117.53,47.42,29.6,9.8,19.7,19.1,0.0,19.7,C,52.2,8.3,23.5,81.6,24.3,54.0,0.105,0.069,0.064,0.032,0.04,21.7,20.9,20.7,19.4,19.6,uscrn_WA_Spokane_17_SSW_2019.txt,304.7081425531915,0.4739992267491468,0.0242628194391727,0.0541751853500285,0.0096616183543829,-12.661995941501484,-20.149501216682825,0.1518489221408358,0.1708459466541204,0.1792285084627449,0.3082705013369057,0.3430286387517268,0.2609882564892875
4136,2019-08-29,2.622,-117.53,47.42,26.3,3.8,15.1,15.3,0.2,6.43,C,36.2,3.1,15.8,93.4,28.2,62.5,0.042,0.073,0.064,0.031,0.04,19.2,19.2,19.3,18.9,19.1,uscrn_WA_Spokane_17_SSW_2019.txt,305.2982762088975,0.4910320872440272,0.0191233959048986,0.0554995911267298,0.0093786681386973,-12.557102163738843,-20.278588312459956,0.159845834466328,0.1776572865770757,0.1876579784856692,0.3079948839023095,0.3418624710894443,0.2632957752293312
4136,2019-09-12,2.622,-117.53,47.42,25.3,1.9,13.6,13.9,0.0,19.06,C,40.0,1.7,16.4,93.5,25.5,63.4,0.122,0.092,0.059,0.029,0.037,15.7,15.8,15.9,16.4,16.4,uscrn_WA_Spokane_17_SSW_2019.txt,297.3054612765958,0.4657603508959044,0.0936217904090881,0.061741706078551,0.0118793093247983,-12.094213740398107,-19.252088089464568,0.1394683686890211,0.1557768344704209,0.1645078680037651,0.270803675576751,0.3198569325795115,0.2524862801486024
4136,2019-09-19,2.622,-117.53,47.42,18.8,3.4,11.1,10.5,0.0,13.51,C,36.8,1.5,13.8,93.9,39.3,76.1,0.095,0.092,0.063,0.03,0.036,14.6,14.7,14.8,15.4,15.4,uscrn_WA_Spokane_17_SSW_2019.txt,291.78019659574477,0.4657603508959044,0.0304967947304248,0.0545458321664095,0.009649793394371,-12.632384281422102,-20.154819849614,0.1408499073872831,0.1598641810726147,0.168469757896816,0.2871779340523765,0.3298787105389491,0.2523584541984132
4136,2019-09-26,2.622,-117.53,47.42,22.8,1.6,12.2,13.8,0.0,11.87,C,37.4,-0.3,14.2,89.5,27.0,56.9,0.085,0.088,0.065,0.029,0.036,14.0,13.9,13.9,14.4,14.4,uscrn_WA_Spokane_17_SSW_2019.txt,289.9471177304965,0.4888221043088737,0.0736858993768692,0.0557366191308928,0.0095578633831266,-12.53859378237142,-20.196391814296085,0.1618009822850248,0.1771644688219781,0.1851677064970146,0.3041184715370694,0.3426825922382732,0.276207863124921
4136,2019-10-03,2.622,-117.53,47.42,10.9,-0.2,5.3,6.2,0.2,4.27,C,16.5,-1.8,6.3,92.3,55.7,71.4,0.154,0.153,0.138,0.027,0.033,8.1,8.7,8.9,10.5,10.5,uscrn_WA_Spokane_17_SSW_2019.txt,288.1189364133739,0.4888221043088737,0.0397756397724151,0.0523435255336862,0.0091948868121009,-12.811370293411285,-20.364536125033972,0.2063250241184293,0.2188268809672715,0.2260075133608072,0.3436083070541154,0.304864075455338,0.2525447494043308
4136,2019-10-10,2.622,-117.53,47.42,8.1,-10.3,-1.1,-1.9,0.0,14.9,C,19.9,-10.2,0.1,85.8,30.6,65.8,0.166,0.166,0.146,0.028,0.041,5.0,6.6,7.2,9.6,9.5,uscrn_WA_Spokane_17_SSW_2019.txt,285.99001854103346,0.4784269037969283,0.0157532040029764,0.0466264104580471,0.0070591219380887,-13.31368017491421,-21.512493161094632,0.1780564042571482,0.1935237144676104,0.2035643678333481,0.3195945283609168,0.2980024801579505,0.2357195534460147
4136,2019-10-17,2.622,-117.53,47.42,13.1,6.7,9.9,9.4,0.9,6.8,C,20.9,3.1,9.2,87.0,44.4,68.6,0.144,0.162,0.144,0.028,0.047,9.6,9.5,9.5,9.7,9.7,uscrn_WA_Spokane_17_SSW_2019.txt,286.0217957446809,0.4784269037969283,0.1309935897588729,0.050780829515942,0.0084223029260679,-12.943002091091294,-20.74569142308558,0.1354328102622641,0.1526384479867045,0.1655379879539222,0.2767564824067672,0.3022735626093706,0.232800072545775
4136,2019-10-31,2.622,-117.53,47.42,6.3,-11.0,-2.4,-3.5,0.0,7.59,C,17.7,-11.4,-2.9,81.7,25.0,59.2,0.165,0.189,0.174,0.074,0.094,0.4,1.9,2.4,4.6,4.7,uscrn_WA_Spokane_17_SSW_2019.txt,279.2557477541372,0.4462797088310581,0.0011121794814243,0.0428363923514564,0.0058082104575569,-13.681871122526436,-22.35957655582806,0.1357830631261964,0.1521489558196346,0.16605963082969,0.2696209509899216,0.2873956974862838,0.2237959787418948
4136,2019-11-07,2.622,-117.53,47.42,9.4,-9.1,0.2,-1.0,0.0,7.22,C,14.7,-9.3,-1.3,87.5,47.1,73.8,0.16,0.184,0.168,0.085,0.083,0.5,1.5,1.9,3.7,3.5,uscrn_WA_Spokane_17_SSW_2019.txt,279.6773859371834,0.4462797088310581,0.0331634618341922,0.0423864921023878,0.0053871893566563,-13.727725240690743,-22.686377589805588,0.1401163961012929,0.1552431332336867,0.1688771470234107,0.2705396833289953,0.291860349901723,0.2278704087958367
4136,2019-11-21,2.622,-117.53,47.42,6.4,-8.2,-0.9,-1.9,0.0,7.26,C,10.8,-8.4,-2.6,91.0,45.6,77.5,0.193,0.218,0.202,0.117,0.121,1.8,3.3,3.7,5.3,5.2,uscrn_WA_Spokane_17_SSW_2019.txt,275.95040226950357,0.4768597429607508,0.0447115376591682,0.0572888277703943,0.011222860922235,-12.41930064084088,-19.498964189835952,0.0276526564274656,0.0415947231052096,0.0534195897132161,0.1505551263842008,0.1538838019012483,0.1016481347638684
4136,2020-01-16,2.622,-117.53,47.42,4.6,-3.9,0.4,1.4,2.7,2.81,C,0.1,-3.7,-0.9,91.1,51.1,70.5,0.294,0.325,0.307,0.25,0.236,0.5,0.9,1.1,2.0,2.0,uscrn_WA_Spokane_17_SSW_2020.txt,265.0383234042554,0.167921928327645,0.1024038419127464,0.0599006314505432,0.0102957486874323,-12.22568599413008,-19.873420668217545,0.5682048631996398,0.5514129650296204,0.5614191475467816,0.6596915108479207,0.1730554543072512,0.177613864766669
4136,2020-01-23,2.622,-117.53,47.42,4.6,1.7,3.1,3.4,11.7,2.21,C,0.4,0.0,0.2,91.9,82.1,88.6,0.328,0.354,0.332,0.275,0.261,0.6,1.0,1.1,1.9,1.9,uscrn_WA_Spokane_17_SSW_2020.txt,274.14968253968254,0.167921928327645,0.1991826891899109,0.0666859373735659,0.0137816363245605,-11.759657397711164,-18.60699214610015,0.4261368934498303,0.4139833392470817,0.4224681971789374,0.5045886876356837,0.2569007577900286,0.2452649187331503
4136,2020-01-30,2.622,-117.53,47.42,7.4,-0.9,3.2,2.9,1.6,4.13,C,10.5,-2.6,2.4,91.0,62.7,81.8,0.315,0.35,0.328,0.275,0.256,3.0,3.0,3.0,3.1,3.1,uscrn_WA_Spokane_17_SSW_2020.txt,275.4834723404255,0.4822027143771331,0.17558653652668,0.0778931679212645,0.0171153338350915,-11.085006330105664,-17.666146255168037,0.2444639556223214,0.2362293545973538,0.2385404872292014,0.309175915712704,0.2518100391569766,0.2211213687848928
4136,2020-03-19,2.622,-117.53,47.42,13.7,-6.5,3.6,2.9,0.0,17.16,C,31.0,-8.7,4.8,89.5,27.1,64.8,0.284,0.325,0.31,0.252,0.234,3.2,2.9,2.8,3.0,2.9,uscrn_WA_Spokane_17_SSW_2020.txt,287.41951327254304,0.4271665049061432,0.0053044869564473,0.058530823531196,0.008693046231151,-12.326153653008545,-20.6082801071413,0.0498695760149273,0.0644868953490525,0.0788431251477729,0.1758502740965638,0.2214372610063663,0.1537984726834283
4136,2020-03-26,2.622,-117.53,47.42,6.3,-5.7,0.3,2.0,0.0,9.73,C,19.3,-8.4,2.8,91.7,46.0,67.6,0.282,0.323,0.307,0.249,0.231,2.8,3.0,3.1,3.9,3.7,uscrn_WA_Spokane_17_SSW_2020.txt,285.60252425531917,0.4271665049061432,0.0064375000074505,0.0608016641861468,0.0100184085361978,-12.160845336060596,-19.99201262385098,0.0504451516415938,0.0654666223192382,0.0799684281392541,0.1756196617017334,0.2273875953378728,0.1580353251407449
4136,2020-04-02,2.622,-117.53,47.42,7.3,-5.2,1.1,1.0,0.0,15.26,C,23.1,-8.4,2.6,91.3,29.2,64.3,0.291,0.33,0.314,0.256,0.238,3.3,3.2,3.3,3.9,3.9,uscrn_WA_Spokane_17_SSW_2020.txt,282.400194893617,0.4736258905716723,0.0078637823462486,0.0570489283191824,0.0097442153917367,-12.437525095181062,-20.112531247102925,0.7686587147900267,0.7222665931655972,0.7222506999433296,0.7838638775608352,0.579650389471528,0.4994746383771127
4136,2020-04-09,2.622,-117.53,47.42,20.2,-4.5,7.8,7.9,0.0,21.7,C,36.8,-6.3,10.2,87.0,18.2,52.4,0.277,0.318,0.306,0.246,0.228,6.9,6.1,5.9,5.4,5.4,uscrn_WA_Spokane_17_SSW_2020.txt,291.6296822695035,0.4736258905716723,0.0106410253793001,0.0558342041874735,0.008724303014226,-12.530996695402646,-20.5926925882913,0.2905636264653441,0.2860979607120106,0.2947459294360126,0.3852565519615511,0.3530102708849438,0.2763873794917344
4136,2020-04-16,2.622,-117.53,47.42,13.3,-6.4,3.4,4.0,0.0,23.81,C,33.8,-9.2,7.6,85.7,19.8,49.0,0.257,0.294,0.287,0.226,0.21,6.8,6.3,6.2,6.2,6.1,uscrn_WA_Spokane_17_SSW_2020.txt,294.5974893617021,0.5013257892491468,0.0224679484963417,0.0543963125459685,0.0088506233558265,-12.644305395521268,-20.53026140549404,0.0544273186358486,0.0712429544223978,0.0833502552265878,0.193191184477229,0.2408639495578834,0.1639540422149537
4136,2020-04-23,2.622,-117.53,47.42,17.3,1.6,9.4,10.9,0.6,17.09,C,34.0,-2.0,12.6,91.1,31.8,62.7,0.25,0.283,0.275,0.215,0.199,9.9,8.9,8.6,8.1,8.0,uscrn_WA_Spokane_17_SSW_2020.txt,294.31338480243164,0.5013257892491468,0.0288141015917062,0.0559188397215868,0.0093372300627557,-12.524418484880558,-20.297819403519338,0.0546434927327423,0.0719077586562781,0.0825343842292151,0.1947917134051833,0.2399912966337478,0.1624937531821947
4136,2020-05-07,2.622,-117.53,47.42,14.4,-2.2,6.1,6.8,0.0,17.86,C,29.9,-2.9,9.6,91.6,39.5,64.5,0.222,0.248,0.24,0.187,0.172,10.0,9.7,9.6,9.7,9.7,uscrn_WA_Spokane_17_SSW_2020.txt,297.33396656534956,0.522430679394198,0.0658910274505615,0.0574492777888944,0.0107329052540376,-12.407154265800376,-19.692827044073784,0.0558341049865525,0.0749190068905407,0.0821573054072473,0.2136735868898567,0.2453449330489742,0.162737306292034
4136,2020-05-14,2.622,-117.53,47.42,12.5,1.6,7.0,8.4,1.8,11.22,C,22.4,-0.1,9.6,93.4,59.5,77.0,0.21,0.229,0.22,0.171,0.158,11.3,11.2,11.2,11.2,11.2,uscrn_WA_Spokane_17_SSW_2020.txt,298.7217007092199,0.522430679394198,0.1355608999729156,0.0569905331812446,0.0111418196458494,-12.441972799170408,-19.530438758035466,0.050603467014759,0.0685473795326751,0.0748364899217777,0.2033284014489134,0.2363998864219068,0.1587221524361974
4136,2020-05-21,2.622,-117.53,47.42,14.5,5.2,9.9,9.8,0.0,23.22,C,24.1,3.9,11.4,89.6,31.8,59.7,0.326,0.358,0.342,0.277,0.256,12.0,11.7,11.7,11.7,11.6,uscrn_WA_Spokane_17_SSW_2020.txt,294.0320794326241,0.627547941552901,0.1450641006231308,0.0618611819478489,0.0118042289291187,-12.085817864258749,-19.27962376460377,0.1349089803116526,0.1435065440291657,0.1398401905750993,0.2570503681137951,0.2467926487100243,0.173200826230296
4136,2020-05-28,2.622,-117.53,47.42,25.5,1.9,13.7,15.1,0.0,25.67,C,40.5,1.9,18.0,92.3,21.3,56.2,0.273,0.309,0.303,0.237,0.218,15.8,14.6,14.2,13.1,13.1,uscrn_WA_Spokane_17_SSW_2020.txt,300.86216567375885,0.627547941552901,0.0913477540016174,0.0649019584732198,0.0114753895753707,-11.877421977870098,-19.402325617765957,0.0749841060498897,0.0914436781856255,0.0891549150700397,0.230349744759196,0.2297062617841397,0.1527446476196193
4136,2020-06-04,2.622,-117.53,47.42,20.6,6.8,13.7,13.9,0.0,28.16,C,35.6,6.0,17.3,88.0,24.5,53.1,0.272,0.306,0.3,0.235,0.215,16.6,15.6,15.4,14.3,14.3,uscrn_WA_Spokane_17_SSW_2020.txt,299.10898666666674,0.5997218163395903,0.1290080100297927,0.0619403000577902,0.011248605507707,-12.080266951186106,-19.489013138055757,0.0450216689190088,0.065412245263855,0.0638122773175103,0.2169994330818961,0.2211630683211984,0.1425165583142812
4136,2020-06-25,2.622,-117.53,47.42,28.1,8.2,18.2,18.9,0.0,28.11,C,42.0,8.2,22.1,90.8,30.5,64.7,0.206,0.231,0.209,0.175,0.162,20.5,19.1,18.8,17.1,17.2,uscrn_WA_Spokane_17_SSW_2020.txt,303.05658407294834,0.6010613001279862,0.0319503210484981,0.060815703483931,0.0117382491604499,-12.159842652035875,-19.303966762281316,0.0431220708776422,0.0644758435024222,0.0603058145227791,0.2242180443312796,0.2131274221321365,0.1369605614319638
4136,2020-07-09,2.622,-117.53,47.42,25.8,1.9,13.9,16.4,0.0,25.13,C,41.9,1.6,19.6,93.0,26.8,57.1,0.134,0.127,0.14,0.115,0.108,18.2,17.3,17.1,16.3,16.5,uscrn_WA_Spokane_17_SSW_2020.txt,304.29064964539015,0.5641390518344709,0.0347275622189044,0.0571667313065158,0.0110819927323534,-12.428566392729913,-19.55382138989311,0.1204377695910267,0.1375142772131095,0.1372158254848225,0.2927616865851948,0.2807993572210115,0.1990034005192042
4136,2020-07-16,2.622,-117.53,47.42,31.0,6.4,18.7,20.4,0.0,27.36,C,46.5,5.8,23.4,89.0,15.6,47.7,0.093,0.126,0.108,0.08,0.08,20.8,19.3,18.9,17.4,17.6,uscrn_WA_Spokane_17_SSW_2020.txt,307.1081290780142,0.5641390518344709,0.0010576923377811,0.058914308789543,0.0111611724199088,-12.29779213300487,-19.52290182750332,0.1186769117676656,0.1364508536644028,0.1384856248756837,0.2874268854116804,0.2814390826684064,0.1991855887108356
4136,2020-07-23,2.622,-117.53,47.42,28.6,7.0,17.8,19.9,0.0,20.15,C,43.3,5.6,21.9,71.2,20.2,38.6,0.062,0.102,0.086,0.058,0.06,21.6,20.5,20.3,18.7,19.0,uscrn_WA_Spokane_17_SSW_2020.txt,309.8469344680851,0.5064333777730375,0.0,0.0601907475230407,0.0113151782530906,-12.2047026303647,-19.463386000191175,0.0462918133105745,0.0683469991279493,0.0719642024303456,0.2311937853012418,0.2320528945525164,0.1487079223278014
4136,2020-07-30,2.622,-117.53,47.42,37.2,9.2,23.2,24.6,0.0,24.62,C,57.0,8.5,28.2,83.2,13.6,44.2,0.048,0.089,0.071,0.046,0.05,23.7,21.7,21.2,19.2,19.5,uscrn_WA_Spokane_17_SSW_2020.txt,310.75520711798845,0.5064333777730375,1.4423078027903102e-05,0.0601780733296983,0.0111593073357026,-12.205617208112086,-19.523627614574004,0.0514562166247072,0.0729853037181901,0.0788873302870701,0.2313616934019282,0.2381035327938393,0.1522948653968254
4136,2020-08-06,2.622,-117.53,47.42,27.0,11.5,19.2,18.3,1.3,15.19,C,40.5,8.8,20.1,81.5,26.1,53.4,0.037,0.078,0.063,0.04,0.045,22.2,21.2,21.0,19.6,19.8,uscrn_WA_Spokane_17_SSW_2020.txt,308.27382458628847,0.4936364014505117,0.0132676279172301,0.058082328155532,0.0105346249207564,-12.359559838224964,-19.77380922585126,0.048980250231745,0.0701558237260505,0.0787982851635756,0.2246519915486859,0.2366593807520439,0.1509875123975481
4136,2020-08-13,2.622,-117.53,47.42,23.9,1.0,12.4,12.8,0.0,21.97,C,44.6,-0.7,16.6,88.2,14.5,47.5,0.033,0.071,0.056,0.034,0.041,18.7,18.3,18.4,18.1,18.3,uscrn_WA_Spokane_17_SSW_2020.txt,307.3808556231003,0.4936364014505117,0.0075801280327141,0.0605571268004275,0.0112884270935952,-12.17834738599153,-19.47366567566719,0.0788795873727363,0.0962136161265198,0.1043758663374528,0.2384856786248347,0.2322168842141484,0.1533908389459931
4136,2020-08-27,2.622,-117.53,47.42,28.7,0.3,14.5,15.1,0.0,22.54,C,47.5,-0.9,18.7,78.5,13.2,42.1,0.029,0.064,0.05,0.03,0.038,19.8,19.1,19.0,18.4,18.6,uscrn_WA_Spokane_17_SSW_2020.txt,305.4825965183753,0.4504159929607508,0.0030256409663707,0.0592188637448531,0.0104679976718634,-12.275399298422697,-19.80136382621472,0.0452565200273078,0.0672370265830966,0.0819071977144726,0.2100547505086102,0.2334778016640168,0.1479369648981487
4136,2020-09-03,2.622,-117.53,47.42,31.1,3.1,17.1,17.7,0.0,20.78,C,49.0,2.4,21.0,79.8,16.9,44.0,0.028,0.061,0.048,0.029,0.037,20.6,19.4,19.2,18.3,18.4,uscrn_WA_Spokane_17_SSW_2020.txt,304.66043764320784,0.4504159929607508,0.0032499998342245,0.0581361995690539,0.0102314509541754,-12.355533619728028,-19.90062773256695,0.0496170326026101,0.0713770494465582,0.0879437289898444,0.2133716044449325,0.2388131893369666,0.1519898173521667
4136,2020-09-10,2.622,-117.53,47.42,30.5,-0.5,15.0,15.0,0.0,19.65,C,47.2,-1.5,17.8,81.6,13.0,43.1,0.025,0.057,0.044,0.029,0.034,18.1,17.4,17.4,17.2,17.3,uscrn_WA_Spokane_17_SSW_2020.txt,302.8491667311413,0.4377249253412968,0.0002243589697172,0.0587314287225054,0.0098651160028033,-12.3112943421999,-20.0589780356119,0.0526847385594266,0.0736009392966214,0.0905906585743839,0.2129246055387487,0.2371119054791905,0.149707600247422
4136,2020-09-17,2.622,-117.53,47.42,26.7,1.0,13.9,12.7,0.0,10.88,C,36.4,0.1,13.7,88.4,26.4,63.6,0.025,0.055,0.042,0.026,0.032,15.8,15.7,15.7,15.8,15.9,uscrn_WA_Spokane_17_SSW_2020.txt,297.4436067882472,0.4377249253412968,0.0153205124661326,0.0553044253182684,0.0092790443165612,-12.572401161743215,-20.32496751088986,0.0575365949363073,0.0772990790587451,0.0936704666254747,0.2115598430309155,0.2347304865229642,0.1466371330078272
4136,2020-09-24,2.622,-117.53,47.42,18.7,4.5,11.6,13.4,0.5,12.68,C,27.0,2.2,13.8,88.5,38.4,65.7,0.03,0.055,0.041,0.026,0.032,15.8,15.6,15.7,15.5,15.4,uscrn_WA_Spokane_17_SSW_2020.txt,295.4394888888889,0.4398196725682592,0.0406570509076118,0.0568799096648587,0.0103273189609938,-12.450411020125468,-19.86012409513375,0.1388047251420407,0.147654192239365,0.1582417606753682,0.2473964776803178,0.2565216393559529,0.1997013342440489
4136,2020-10-01,2.622,-117.53,47.42,25.7,-0.7,12.5,12.9,0.0,11.71,C,34.3,-1.5,13.8,89.9,26.1,62.1,0.047,0.055,0.049,0.025,0.03,12.8,12.9,13.0,13.6,13.5,uscrn_WA_Spokane_17_SSW_2020.txt,298.26615925209546,0.4398196725682592,0.0169262811541557,0.048601123368687,0.0081529075853894,-13.133536923182922,-20.88687480450763,0.0945815940799509,0.1082922872662544,0.1227115376099061,0.2208910194154058,0.2427439988529593,0.1743701014031621
4136,2020-10-29,2.622,-117.53,47.42,16.2,-3.9,6.2,4.2,0.0,10.49,C,19.1,-4.4,3.3,89.7,40.1,73.7,0.207,0.203,0.183,0.024,0.063,3.1,3.6,3.7,5.4,5.6,uscrn_WA_Spokane_17_SSW_2020.txt,278.5438699088146,0.4256272237627986,0.0601955130696296,0.0592766176885132,0.0095239599108597,-12.271165850746472,-20.211824413361455,0.2569083482285867,0.2704795999894926,0.2767623240588689,0.3576651265274958,0.1477452870038896,0.1043903560463367
4136,2020-11-05,2.622,-117.53,47.42,15.0,5.2,10.1,11.0,14.0,1.77,C,15.6,5.0,9.6,90.9,50.8,72.3,0.194,0.202,0.184,0.045,0.084,7.6,7.0,6.9,7.0,6.9,uscrn_WA_Spokane_17_SSW_2020.txt,281.09785304964544,0.4256272237627986,0.1223429441452026,0.0580053557927579,0.0091182392852003,-12.365319049912843,-20.40089015020814,0.0423478364721126,0.0660379286685915,0.0860716801266995,0.1943331838405916,0.1970312532859678,0.1272752957585114
4136,2020-11-12,2.622,-117.53,47.42,3.0,-8.9,-2.9,-1.5,0.0,5.09,C,4.3,-9.4,-2.4,87.5,56.9,74.6,0.202,0.222,0.208,0.1,0.146,1.6,2.7,3.1,4.7,4.8,uscrn_WA_Spokane_17_SSW_2020.txt,275.70171347517737,0.4761454938139933,0.1524519175291061,0.0594879830876073,0.009623465118969,-12.255707553778,-20.166685234836432,0.1241338024983088,0.1388579346187326,0.1538985242353941,0.2724301255227272,0.2350313093414829,0.1786509956080173
4136,2020-11-19,2.622,-117.53,47.42,7.1,-0.3,3.4,3.1,0.7,3.87,C,8.7,-3.3,1.7,84.3,53.8,74.6,0.23,0.251,0.21,0.15,0.155,3.7,4.2,4.3,5.3,5.2,uscrn_WA_Spokane_17_SSW_2020.txt,276.35719290780145,0.4761454938139933,0.0723717957735061,0.0637475947702468,0.012600779684334,-11.955361967405244,-18.996025816976996,0.0822014525986318,0.0990798565722615,0.1131848577612659,0.2224497005823561,0.1875303703860399,0.1332664201543275
4136,2020-11-26,2.622,-117.53,47.42,3.8,-1.3,1.2,1.0,0.0,1.77,C,5.2,-3.2,0.9,92.4,74.7,87.4,0.236,0.259,0.217,0.168,0.172,2.7,3.1,3.2,4.1,4.0,uscrn_WA_Spokane_17_SSW_2020.txt,275.9545645390071,0.45839229415529,0.00861057639122,0.0577001907108779,0.0107039723965182,-12.38822751410212,-19.704550195365737,0.0373754590803281,0.055831026215079,0.0699413610196848,0.1750001430899717,0.1394878322688013,0.0878399958649251
4136,2020-12-24,2.622,-117.53,47.42,3.0,-10.5,-3.8,-5.1,0.0,5.66,C,4.4,-10.6,-5.7,87.3,50.6,77.0,0.26,0.289,0.251,0.214,0.206,0.5,1.2,1.4,2.6,2.6,uscrn_WA_Spokane_17_SSW_2020.txt,273.37898723404254,0.4538787276023892,0.092387817800045,0.0569734487550917,0.0101441251026847,-12.443274907421491,-19.93785403481404,0.0119933845964361,0.0078398629420513,0.0084089228573095,0.0215078894979671,0.0107311415502368,0.0078339190446475
4136,2021-01-14,2.622,-117.53,47.42,4.8,-7.0,-1.1,-1.1,0.0,5.41,C,6.9,-7.9,-2.5,89.3,48.4,72.4,0.31,0.346,0.309,0.273,0.252,1.3,1.9,2.1,2.9,2.9,uscrn_WA_Spokane_17_SSW_2021.txt,275.85426950354616,0.4382220989761093,0.1060416623950004,0.0640249923405873,0.0109529412136375,-11.93650464814876,-19.60469243259244,0.0299506600937621,0.0452500736773476,0.0592048784332296,0.1588298610075732,0.1559847896792347,0.1038236027148194
4136,2021-02-04,2.622,-117.53,47.42,4.6,-1.4,1.6,1.1,2.7,3.07,C,4.8,-1.7,0.9,91.4,61.6,82.2,0.3,0.336,0.3,0.262,0.243,0.7,1.0,1.2,1.9,1.9,uscrn_WA_Spokane_17_SSW_2021.txt,275.5459177304965,0.4712783116467575,0.0282483957707881,0.0606937726391926,0.010253618890353,-12.168558665388447,-19.89122828585943,0.0615829071112712,0.0752071591898116,0.0903903341086035,0.2025393161534388,0.2077540992001774,0.1457952382325211
4136,2021-03-04,2.622,-117.53,47.42,15.4,-5.4,5.0,4.2,0.0,13.87,C,22.2,-7.4,2.7,87.1,28.6,61.5,0.309,0.34,0.303,0.266,0.247,1.1,1.0,1.0,1.5,1.4,uscrn_WA_Spokane_17_SSW_2021.txt,281.84164936170214,0.4310347269624575,0.0039358977228403,0.0611242040562671,0.0093813625391511,-12.137867831030348,-20.27734080569705,0.0560907381484211,0.0713687854547712,0.0891550785851899,0.1909983876448597,0.2128129975097427,0.1484620608060732
4136,2021-03-11,2.622,-117.53,47.42,10.7,-8.3,1.2,0.1,0.0,15.56,C,22.4,-9.6,0.6,89.0,25.3,63.5,0.292,0.33,0.295,0.258,0.238,1.3,1.5,1.6,2.2,2.1,uscrn_WA_Spokane_17_SSW_2021.txt,284.963895035461,0.4310347269624575,0.0045512821525335,0.0604638011729402,0.0087674471505951,-12.18504553543574,-20.571268433277364,0.0578914658124486,0.0739109049525256,0.0911830743054559,0.1922450867836933,0.2269819377966882,0.157297090833701
4136,2021-03-18,2.622,-117.53,47.42,17.8,-3.7,7.1,8.7,0.0,14.91,C,24.1,-5.7,8.0,90.4,23.6,54.4,0.285,0.324,0.289,0.251,0.231,4.5,4.0,3.9,3.8,3.7,uscrn_WA_Spokane_17_SSW_2021.txt,285.8874159067883,0.4116090283703073,0.0121314097195863,0.0565396820974249,0.0083989920067397,-12.476466377234402,-20.75772832054621,0.0523766786203996,0.0694236370202485,0.0863943065100477,0.188196355487486,0.2273293412914191,0.1553645227451295
4136,2021-03-25,2.622,-117.53,47.42,9.0,-3.1,2.9,2.9,0.0,9.06,C,20.4,-5.2,3.9,92.4,48.3,78.2,0.298,0.335,0.299,0.261,0.241,3.9,3.7,3.6,4.0,3.9,uscrn_WA_Spokane_17_SSW_2021.txt,284.02136737588654,0.4116090283703073,0.0277884602546691,0.0604098329458931,0.0094153395924928,-12.188923652435031,-20.261640112303237,0.346283066663073,0.3411738876665238,0.3470028449111445,0.4207851958172977,0.3819050240479181,0.3230614868597083
4136,2021-04-01,2.622,-117.53,47.42,18.0,-4.9,6.5,7.6,0.0,15.77,C,25.9,-6.4,6.9,85.9,19.8,47.9,0.283,0.322,0.289,0.279,0.23,4.2,3.9,3.9,4.1,4.0,uscrn_WA_Spokane_17_SSW_2021.txt,285.8869929078015,0.4215296448378838,0.0348124988377094,0.0598479034999374,0.0099920329031472,-12.229510585300163,-20.0034614452666,0.2490570462144688,0.2524689116166387,0.2614779847855181,0.3476943965070674,0.3358186065979933,0.2698818686399492
4136,2021-04-08,2.622,-117.53,47.42,9.7,-4.4,2.7,4.5,1.9,10.55,C,19.7,-6.9,4.1,87.4,27.5,56.3,0.277,0.313,0.282,0.271,0.223,5.2,5.2,5.2,5.3,5.3,uscrn_WA_Spokane_17_SSW_2021.txt,289.55264285714287,0.4215296448378838,0.0187019221484661,0.0560417322220989,0.0091992299825382,-12.514884493521384,-20.362485235599035,0.0545037954734575,0.0720578778996277,0.0866917757383684,0.1919395995118436,0.2366102796668601,0.1619626579627664
4136,2021-04-22,2.622,-117.53,47.42,18.2,0.7,9.5,9.9,1.6,19.15,C,35.5,-2.4,11.0,82.6,26.3,50.6,0.24,0.271,0.247,0.232,0.19,9.2,8.3,8.1,7.5,7.5,uscrn_WA_Spokane_17_SSW_2021.txt,296.7290130754352,0.4849276130546074,0.0064423074945807,0.0553195248289952,0.0092898873121391,-12.57121558950139,-20.319895540378926,0.0575037262189116,0.0769886867827376,0.0914994272534426,0.2053360043916413,0.2480090763304605,0.1678893899615703
4136,2021-04-29,2.622,-117.53,47.42,24.9,5.2,15.0,14.9,0.0,20.98,C,34.1,2.3,15.1,81.1,19.6,48.2,0.234,0.262,0.241,0.224,0.184,10.9,9.6,9.3,8.3,8.4,uscrn_WA_Spokane_17_SSW_2021.txt,296.43856259371836,0.4849276130546074,0.0103589743375778,0.056479691680014,0.0101318201817269,-12.481076827429742,-19.94312526617052,0.0881652117025353,0.1015027749014593,0.108679107857564,0.2235984273579565,0.2456331206203427,0.1720489875036801
4136,2021-05-06,2.622,-117.53,47.42,27.8,6.7,17.2,18.7,0.0,23.21,C,37.0,3.2,18.6,71.9,14.0,32.5,0.208,0.233,0.215,0.183,0.163,12.8,11.4,11.0,9.8,9.9,uscrn_WA_Spokane_17_SSW_2021.txt,298.10281489361705,0.5202227975682592,0.0059358971193432,0.0571782602423117,0.0096013048704121,-12.427690630154297,-20.176697399282265,0.0854471203910717,0.1015541812107922,0.1102644375359733,0.2292188370749724,0.2548163868724348,0.1753540905598489
4136,2021-05-13,2.622,-117.53,47.42,22.9,-0.3,11.3,12.9,0.0,26.19,C,36.4,-2.0,15.3,89.7,21.9,53.5,0.182,0.205,0.187,0.169,0.142,12.6,11.5,11.2,10.3,10.4,uscrn_WA_Spokane_17_SSW_2021.txt,300.9850379196218,0.5202227975682592,0.0066185896284878,0.0562756062156476,0.0096039716777045,-12.496798179677343,-20.175491293558217,0.0700127962972887,0.0891303554197061,0.0997769965185077,0.2276114432913021,0.2553342741169214,0.1714954752913909
4136,2021-05-20,2.622,-117.53,47.42,11.8,5.3,8.5,7.7,3.9,11.06,C,20.9,0.5,9.1,88.2,48.9,68.2,0.154,0.174,0.156,0.136,0.121,11.4,11.3,11.3,11.2,11.4,uscrn_WA_Spokane_17_SSW_2021.txt,302.50606443769,0.4843865507679178,0.0209615379571914,0.0566561922281305,0.0092934110794479,-12.467526170708076,-20.318248520906067,0.059836540851095,0.0805401244991935,0.0906242466043422,0.2279038749747099,0.2533307020364553,0.1674790521978158
4136,2021-05-27,2.622,-117.53,47.42,21.5,2.9,12.2,13.4,1.0,17.0,C,34.7,-0.2,12.8,85.7,23.0,51.1,0.133,0.158,0.14,0.126,0.107,13.5,13.1,13.0,12.1,12.3,uscrn_WA_Spokane_17_SSW_2021.txt,301.6906002364066,0.4843865507679178,0.0220913458615541,0.0541892323709968,0.009010405475334,-12.660870010341393,-20.452556649878808,0.0711289605796338,0.0919807714576105,0.1005097047344902,0.2509890815936961,0.2670348546821366,0.1769512753311724
4136,2021-06-10,2.622,-117.53,47.42,20.1,1.4,10.7,12.0,0.0,23.75,C,36.6,-2.4,14.9,84.7,13.7,47.8,0.075,0.108,0.095,0.071,0.07,15.0,14.4,14.2,13.5,13.8,uscrn_WA_Spokane_17_SSW_2021.txt,302.4720439311044,0.5271272184300341,0.0579006373882293,0.0599816630710721,0.0113399026189943,-12.21981497019694,-19.453906749153337,0.0521399408670625,0.0727034024639179,0.0805907980592439,0.215034534836473,0.2469860587242058,0.162033789192374
4136,2021-06-24,2.622,-117.53,47.42,31.6,7.6,19.6,21.9,0.0,28.14,C,53.5,3.4,26.5,75.9,21.5,38.9,0.068,0.094,0.075,0.051,0.053,21.0,19.4,18.9,17.0,17.2,uscrn_WA_Spokane_17_SSW_2021.txt,314.31186537717605,0.4825362468003413,8.012820035219193e-05,0.0611912165344652,0.010976476204629,-12.13310912566492,-19.59537059749897,0.0611561768843165,0.0833246127648948,0.0922998757703369,0.2363546409154758,0.2624489488891758,0.1726894334640161
4136,2021-07-01,2.622,-117.53,47.42,33.9,15.0,24.5,27.9,0.0,27.17,C,56.2,11.3,32.8,61.3,19.7,32.2,0.047,0.085,0.065,0.05,0.046,26.4,23.8,23.1,20.1,20.4,uscrn_WA_Spokane_17_SSW_2021.txt,316.36312765957456,0.4825362468003413,0.0004326922935433,0.0623687044818888,0.0112553743458894,-12.050332769879953,-19.48640056092116,0.0592747797270782,0.0828872218505285,0.0940310593349148,0.2378783706490873,0.2676508938517384,0.1744364640775596
4136,2021-07-08,2.622,-117.53,47.42,31.3,5.3,18.3,20.0,0.0,28.52,C,54.6,3.4,25.6,77.4,12.4,37.8,0.036,0.075,0.06,0.039,0.043,23.6,21.9,21.6,19.7,20.1,uscrn_WA_Spokane_17_SSW_2021.txt,314.1509106382979,0.4627077271757679,0.0004166666767559,0.0617649078716703,0.0108502801416774,-12.092582020360096,-19.645590486897333,0.0621108158397257,0.0839578814291117,0.0987324018184095,0.2376089918349333,0.2683606911136483,0.1753579786221396
4136,2021-07-15,2.622,-117.53,47.42,31.8,9.1,20.4,22.8,0.0,27.29,C,52.6,7.4,27.0,58.8,12.9,33.0,0.032,0.069,0.056,0.037,0.042,24.3,22.4,22.0,20.0,20.4,uscrn_WA_Spokane_17_SSW_2021.txt,312.6595992263056,0.4627077271757679,0.0148878199979662,0.0668702451984552,0.0122101925941898,-11.747670843350056,-19.132774857738543,0.0636564503860941,0.0861453530934417,0.102633725323889,0.2419555689327585,0.2737521399320299,0.1778456620504169
4136,2021-07-22,2.622,-117.53,47.42,26.2,2.0,14.1,15.8,0.0,27.09,C,45.2,-0.2,19.4,83.5,16.0,42.8,0.032,0.063,0.051,0.035,0.039,19.6,19.5,19.6,19.1,19.3,uscrn_WA_Spokane_17_SSW_2021.txt,310.77836784869976,0.4346368387372015,0.0230608973652124,0.0628888549074021,0.0118641983361176,-12.01426312918519,-19.25761601733427,0.0576321476699427,0.0805835672459748,0.0984871612129963,0.2290654124583794,0.2679434838552936,0.1730823121415296
4136,2021-07-29,2.622,-117.53,47.42,36.2,7.0,21.6,23.6,0.0,25.14,C,58.2,4.4,28.4,77.7,13.2,36.4,0.037,0.065,0.052,0.039,0.038,23.2,21.4,20.9,19.2,19.4,uscrn_WA_Spokane_17_SSW_2021.txt,313.7852539007092,0.4346368387372015,0.0372451916337013,0.0569443798033726,0.01009900709606,-12.445491327056605,-19.95721322643027,0.0593338075477398,0.0815456966526704,0.0989543534799962,0.2279457763722762,0.2722960313310412,0.1763858788143256
4136,2021-08-12,2.622,-117.53,47.42,35.7,9.4,22.6,23.9,0.0,18.53,C,51.2,8.1,26.1,68.0,9.0,31.3,0.032,0.062,0.049,0.042,0.036,23.4,21.8,21.4,19.6,19.9,uscrn_WA_Spokane_17_SSW_2021.txt,310.45561580547115,0.4241645104522185,0.0083493590354919,0.0611421670456571,0.0105270604725085,-12.13659172752676,-19.776928822609673,0.0917062838640295,0.1019951549510182,0.1110298557022588,0.2200014806775647,0.259541678451516,0.17284835458473
4136,2021-08-19,2.622,-117.53,47.42,27.2,2.2,14.7,16.3,0.0,16.08,C,45.9,0.0,19.6,81.7,26.0,50.4,0.028,0.057,0.046,0.031,0.035,19.5,19.1,19.1,18.8,19.0,uscrn_WA_Spokane_17_SSW_2021.txt,309.00329645390076,0.4241645104522185,0.0073717948980629,0.0584223894225308,0.0097356260972516,-12.334206847503664,-20.116361138061908,0.0802731288472773,0.0937683960742258,0.1064660795565227,0.2138144897646079,0.2529469697212657,0.1676029495958697
4136,2021-08-26,2.622,-117.53,47.42,24.3,3.3,13.8,15.7,0.0,15.8,C,41.0,1.2,18.0,63.3,26.0,43.4,0.026,0.056,0.045,0.038,0.032,18.7,18.2,18.1,17.6,17.9,uscrn_WA_Spokane_17_SSW_2021.txt,304.27549030732865,0.4105887052047779,0.0029871794395148,0.0588729443291451,0.0098276174641173,-12.300842438901403,-20.07551756593287,0.0566220789550268,0.0755666196239334,0.095306684167951,0.2074107397570746,0.2485817468508438,0.16585015666885
4136,2021-09-02,2.622,-117.53,47.42,23.8,-2.3,10.7,11.5,0.0,20.15,C,44.2,-4.8,15.4,77.6,21.5,46.3,0.025,0.055,0.042,0.028,0.031,16.9,16.8,16.9,16.8,17.1,uscrn_WA_Spokane_17_SSW_2021.txt,304.7356415711948,0.4105887052047779,0.0003750000032596,0.0578230720666944,0.0095789777092717,-12.378988385358015,-20.18680837363248,0.0712739951272983,0.0879158907248428,0.1040108395601124,0.2088881189332195,0.2468996951235099,0.1640330404435582
4136,2021-09-09,2.622,-117.53,47.42,30.9,4.1,17.5,18.5,0.0,14.15,C,48.3,2.0,20.4,73.1,17.9,40.7,0.025,0.053,0.043,0.029,0.03,18.9,17.9,17.8,17.1,17.3,uscrn_WA_Spokane_17_SSW_2021.txt,302.8380868085107,0.419604244880546,0.0316025614738464,0.064839487846423,0.0118227276573703,-11.881604242114127,-19.27282314496907,0.0869858567469447,0.1002983054585378,0.1121384978828213,0.2017067298755418,0.2276778752469684,0.1538550332836011
4136,2021-09-16,2.622,-117.53,47.42,18.8,-4.1,7.4,8.1,0.0,18.7,C,36.0,-6.9,10.4,77.3,14.5,42.1,0.068,0.056,0.042,0.043,0.032,13.3,14.5,14.9,15.7,15.8,uscrn_WA_Spokane_17_SSW_2021.txt,297.5140340425532,0.419604244880546,0.0688140988349914,0.063986326977557,0.0135002730242542,-11.939128190255031,-18.696574484140275,0.0698877290881037,0.0846426358135026,0.0988780824817818,0.18420564264593,0.2122594865768715,0.1467845712230849
4136,2021-09-30,2.622,-117.53,47.42,23.1,-1.3,10.9,12.0,7.4,14.61,C,32.6,-2.1,13.2,91.8,23.5,62.4,0.151,0.117,0.075,0.03,0.03,11.0,11.4,11.6,12.8,12.9,uscrn_WA_Spokane_17_SSW_2021.txt,297.45082836879436,0.4449593803327644,0.0714375004172325,0.0657093177837278,0.012594140844376,-11.823730417776858,-18.99831454150257,0.0888666114413527,0.1008514041115793,0.1105887773654458,0.2011285052352016,0.2170154763484746,0.1568171240325763
4136,2021-10-14,2.622,-117.53,47.42,9.9,-5.6,2.2,3.6,0.0,7.43,C,20.3,-7.0,3.1,91.2,57.0,77.7,0.131,0.12,0.098,0.051,0.028,5.5,6.4,6.7,8.4,8.6,uscrn_WA_Spokane_17_SSW_2021.txt,289.0066723404256,0.4929120627133105,0.0037980768829584,0.0489473769045262,0.0076106821451053,-13.102705771277282,-21.185764156895853,0.0399918957306032,0.0583063109819792,0.0721920826391786,0.1718782423520156,0.2011883995792603,0.1366713721113762
4136,2021-10-21,2.622,-117.53,47.42,18.5,4.5,11.5,11.8,0.0,9.09,C,24.1,3.1,10.7,84.5,40.5,63.2,0.127,0.124,0.102,0.054,0.03,8.2,8.1,8.1,8.5,8.8,uscrn_WA_Spokane_17_SSW_2021.txt,287.9831035460993,0.4929120627133105,0.046842947602272,0.0621912584193087,0.011340762691067,-12.062706552940131,-19.45357737208235,0.039686513889519,0.0590921114914489,0.0726006080982646,0.1703944491053126,0.1974310426769094,0.1340292737893898
4136,2021-10-28,2.622,-117.53,47.42,17.5,5.0,11.3,12.1,2.1,4.07,C,20.5,4.1,11.1,85.0,55.1,70.6,0.179,0.189,0.153,0.074,0.046,8.5,8.3,8.3,8.8,9.0,uscrn_WA_Spokane_17_SSW_2021.txt,282.75074212765963,0.4639722216296929,0.0912964716553688,0.0637614150638379,0.011778076722464,-11.954420531615542,-19.289256210102163,0.0320965058616056,0.0476424021578818,0.0580697849180986,0.1581771042738309,0.1738142896183349,0.116478351517542
4136,2021-11-04,2.622,-117.53,47.42,13.0,5.2,9.1,8.9,5.7,3.0,C,16.2,3.1,8.1,90.8,61.0,80.4,0.196,0.212,0.177,0.115,0.094,7.8,7.6,7.6,7.8,8.0,uscrn_WA_Spokane_17_SSW_2021.txt,280.4167682269504,0.4639722216296929,0.0958637818694114,0.0654909417139325,0.0113285698318013,-11.838187646754282,-19.458249139107703,0.0458096702414139,0.0590377688950237,0.0683497018845184,0.1679321715319187,0.166248081869936,0.11502369541283
4136,2021-11-11,2.622,-117.53,47.42,5.2,-2.4,1.4,3.0,10.7,2.3,C,8.0,-3.5,3.2,89.9,77.1,84.3,0.216,0.23,0.193,0.164,0.12,3.7,4.4,4.6,5.6,6.0,uscrn_WA_Spokane_17_SSW_2021.txt,277.1572368794327,0.5184930300767917,0.1196794807910919,0.0651213725079603,0.0119904374798112,-11.862764547657836,-19.21164971062796,0.0526662524313183,0.0647354522635952,0.0734896603677283,0.1728097051609633,0.1624649779957368,0.1142963673604747
4136,2021-11-18,2.622,-117.53,47.42,3.2,-5.3,-1.0,0.6,6.0,1.41,C,3.3,-4.6,-0.1,89.8,53.6,74.8,0.222,0.25,0.211,0.203,0.164,1.6,3.0,3.5,4.9,5.5,uscrn_WA_Spokane_17_SSW_2021.txt,274.62329361702126,0.5184930300767917,0.140224352478981,0.0675880373656233,0.0128023625184254,-11.701301644997704,-18.927098792553146,0.0276497276889331,0.0470691491673724,0.0517998090086635,0.1500723259421716,0.1389544220226178,0.0885965339064208
4136,2021-12-16,2.622,-117.53,47.42,-1.5,-9.8,-5.6,-2.8,2.5,0.95,C,-0.6,-19.9,-4.0,90.1,71.3,84.3,0.247,0.27,0.243,0.242,0.199,0.7,1.5,1.8,2.7,3.1,uscrn_WA_Spokane_17_SSW_2021.txt,263.7949446808511,0.0852948645477815,0.094663456082344,0.0504870453784853,0.008039947335476,-12.968200445028986,-20.947467960260575,0.3447744549258071,0.3459598815840063,0.3554845718030872,0.4879144286482911,0.0776065918281778,0.0720806416735726
4136,2021-12-23,2.622,-117.53,47.42,4.3,-0.3,2.0,1.5,2.0,1.56,C,0.3,-3.3,-0.7,87.0,68.4,78.8,0.274,0.294,0.264,0.261,0.218,0.6,1.2,1.4,2.1,2.4,uscrn_WA_Spokane_17_SSW_2021.txt,261.1879404255319,0.0852948645477815,0.0936057642102241,0.0469385446105321,0.0076465003596293,-13.284703803832256,-21.16537286709869,0.3447744549258071,0.3459598815840063,0.3554845718030872,0.4879144286482911,0.0776065918281778,0.0720806416735726
4136,2021-12-30,2.622,-117.53,47.42,-8.3,-12.6,-10.4,-10.4,5.8,2.13,C,-8.0,-13.2,-10.5,80.9,74.0,78.3,0.268,0.288,0.259,0.257,0.213,0.4,1.0,1.1,1.8,2.2,uscrn_WA_Spokane_17_SSW_2021.txt,258.44434609929084,0.0706621373720136,0.0132596148177981,0.0553620456623752,0.0089166205649742,-12.56787870800804,-20.497997137937112,0.5217542069100094,0.5059729512869704,0.504506663031986,0.5433916880215506,0.2263824776878237,0.2018799475814421
4136,2022-01-06,2.622,-117.53,47.42,2.7,-4.9,-1.1,-1.8,16.8,0.31,C,0.3,-4.9,-2.2,91.9,85.5,87.8,0.271,0.286,0.256,0.255,0.211,0.4,0.9,1.0,1.6,1.9,uscrn_WA_Spokane_17_SSW_2022.txt,262.1286156028369,0.0706621373720136,0.1329551190137863,0.0512960076356075,0.0079610569890172,-12.899164346795445,-20.990292671841104,0.5217542069100094,0.5059729512869704,0.504506663031986,0.5433916880215506,0.2263824776878237,0.2018799475814421
4136,2022-03-03,2.622,-117.53,47.42,6.0,-0.3,2.9,4.3,10.1,3.3,C,9.1,-0.6,4.4,92.2,80.1,88.3,0.336,0.36,0.323,0.321,0.275,2.9,2.1,2.1,1.8,1.9,uscrn_WA_Spokane_17_SSW_2022.txt,277.0599621073962,0.4582494560580203,0.1197147443890571,0.04341613429516,0.0067743426010483,-13.623488480630751,-21.69132843418828,0.3523335374372696,0.3641233331843518,0.3734286778029372,0.4626814666585689,0.2219139850659645,0.1904720456304845
4136,2022-03-10,2.622,-117.53,47.42,4.1,-12.1,-4.0,-3.3,0.0,11.98,C,12.9,-12.4,-2.1,81.1,27.0,53.3,0.307,0.329,0.296,0.286,0.238,0.5,1.1,1.3,1.9,2.1,uscrn_WA_Spokane_17_SSW_2022.txt,280.4976000000001,0.4582494560580203,0.0430608950555324,0.04341613429516,0.0067743426010483,-13.623488480630751,-21.69132843418828,0.2101639471781701,0.2153293926386788,0.2216844266831066,0.2970436786234701,0.2959549352734538,0.2471379887500026
4136,2022-03-17,2.622,-117.53,47.42,11.3,-6.1,2.6,4.0,0.0,11.83,C,18.6,-7.1,4.2,88.5,36.1,64.5,0.307,0.341,0.306,0.297,0.249,3.4,3.5,3.5,3.6,3.7,uscrn_WA_Spokane_17_SSW_2022.txt,283.265390070922,0.5098545808447099,0.0499198697507381,0.0465502805667339,0.0075235292167793,-13.320776971054704,-21.235783881551175,0.219087454960265,0.2226562206778992,0.2291459044163095,0.3072710601554476,0.3198969432174385,0.2677927923117627
4136,2022-03-24,2.622,-117.53,47.42,12.5,-3.8,4.4,4.2,0.0,15.59,C,23.8,-5.6,5.3,87.7,18.9,54.2,0.299,0.334,0.3,0.291,0.242,5.6,5.3,5.2,4.9,4.9,uscrn_WA_Spokane_17_SSW_2022.txt,286.38936709219865,0.5098545808447099,0.0075641022995114,0.0465502805667339,0.0075235292167793,-13.320776971054704,-21.235783881551175,0.1448696221421663,0.157547878914631,0.1703925310377977,0.2664661707192333,0.3082743127570138,0.2468563259312553
4136,2022-04-07,2.622,-117.53,47.42,19.8,-3.9,8.0,8.1,0.0,19.38,C,30.0,-6.1,8.7,84.3,20.3,51.8,0.287,0.321,0.289,0.278,0.231,5.8,5.3,5.2,5.1,5.3,uscrn_WA_Spokane_17_SSW_2022.txt,284.6955795744681,0.5380830844709896,0.0532692298293113,0.0419460728470908,0.00692497736873,-13.77308693254237,-21.595816415634008,0.1493992549700217,0.164408061451582,0.1733690605634959,0.2921592366555983,0.3248020720410594,0.2563011920070228
4136,2022-04-21,2.622,-117.53,47.42,12.3,-3.1,4.6,5.5,0.3,10.47,C,21.2,-5.3,5.7,91.3,36.5,74.4,0.29,0.323,0.292,0.281,0.231,6.7,6.3,6.1,5.8,5.8,uscrn_WA_Spokane_17_SSW_2022.txt,288.76306836879434,0.5074569059300339,0.050993587821722,0.0429864346805736,0.0073560082643149,-13.666685740214868,-21.333577915133016,0.1715169508052302,0.1875550568180463,0.1933273072234493,0.320414158094289,0.3528970239059883,0.2683241750405914
4136,2022-04-28,2.622,-117.53,47.42,12.8,-5.7,3.5,4.9,0.0,16.2,C,31.3,-7.0,7.2,88.4,32.4,62.2,0.277,0.31,0.282,0.27,0.222,6.7,6.6,6.6,6.6,6.7,uscrn_WA_Spokane_17_SSW_2022.txt,291.9896450658561,0.5074569059300339,0.0356714725494384,0.0429864346805736,0.0073560082643149,-13.666685740214868,-21.333577915133016,0.1567039694843751,0.1747938538182739,0.1801344625067769,0.3049535315656003,0.3386229256645213,0.2579819148467954
4136,2022-05-05,2.622,-117.53,47.42,12.8,7.9,10.3,10.3,10.3,4.9,C,17.2,5.9,10.4,88.4,76.2,82.9,0.278,0.309,0.279,0.243,0.216,10.6,9.9,9.7,8.8,8.7,uscrn_WA_Spokane_17_SSW_2022.txt,292.7947506382979,0.5786232348549488,0.0713926255702972,0.0574783729038,0.0142668375022976,-12.404955343600603,-18.456722852956737,0.1532826247184006,0.1717570396922848,0.1732938447600033,0.3063937592949624,0.3227151597411554,0.2453892586820383
4136,2022-05-12,2.622,-117.53,47.42,14.3,-4.5,4.9,6.0,4.2,16.02,C,29.1,-6.0,8.2,88.6,35.8,67.1,0.276,0.31,0.281,0.268,0.219,8.5,8.4,8.3,8.2,8.3,uscrn_WA_Spokane_17_SSW_2022.txt,291.00864680851066,0.5786232348549488,0.0427724346518516,0.0522262601212261,0.011524790861558,-12.821110725139006,-19.383669469357447,0.164674261273282,0.1814814285660678,0.1796460717299045,0.3232946135530153,0.3210814920592569,0.243138862711073
4136,2022-06-23,2.622,-117.53,47.42,22.5,7.1,14.8,15.3,0.0,30.28,C,35.2,6.2,17.9,83.1,15.9,45.4,0.269,0.305,0.274,0.261,0.214,17.4,16.5,16.3,15.4,15.1,uscrn_WA_Spokane_17_SSW_2022.txt,303.372840425532,0.6478149370733787,0.0121153844520449,0.0545338472362001,0.0109917741301501,-12.633338627658794,-19.5893220450553,0.1414318117940389,0.1626255878465192,0.1581986840771978,0.3366462933931261,0.3026342777135059,0.2288144222682679
4136,2022-06-30,2.622,-117.53,47.42,25.9,5.1,15.5,16.5,0.0,26.1,C,40.0,4.7,18.8,92.4,27.4,61.6,0.205,0.232,0.208,0.174,0.16,18.4,17.6,17.3,16.3,16.3,uscrn_WA_Spokane_17_SSW_2022.txt,304.12862297872334,0.6478149370733787,0.034823715686798,0.0607757314552126,0.0140104639513296,-12.162698055812784,-18.5354748297503,0.1444677951350092,0.1665539249265529,0.1621120727245514,0.345052816144169,0.311133622890938,0.2337504239304848
4136,2022-07-07,2.622,-117.53,47.42,24.8,10.6,17.7,18.1,0.0,19.78,C,38.6,9.9,20.1,92.1,47.1,68.5,0.195,0.216,0.191,0.169,0.143,19.6,18.6,18.3,17.3,17.0,uscrn_WA_Spokane_17_SSW_2022.txt,303.4027699806577,0.5819665369027303,0.0462980754673481,0.0607757314552126,0.0140104639513296,-12.162698055812784,-18.5354748297503,0.2409734690072374,0.2566580401279701,0.2508721194272451,0.4278727279008056,0.3903162028752416,0.3072593139664879
4136,2022-07-14,2.622,-117.53,47.42,29.6,6.8,18.2,18.7,0.0,28.15,C,41.9,6.1,21.2,91.3,22.5,58.0,0.135,0.162,0.14,0.117,0.109,20.2,19.3,19.1,17.9,18.0,uscrn_WA_Spokane_17_SSW_2022.txt,305.6434476318009,0.5819665369027303,0.0126442303881049,0.0554851093147926,0.0115359091720877,-12.558235539965109,-19.37948172026204,0.190104018426331,0.2109855451151353,0.2084304981485985,0.3878856643908958,0.3570927458092299,0.2739352791499766
4136,2022-07-28,2.622,-117.53,47.42,38.2,11.3,24.8,25.6,0.0,25.49,C,54.0,10.0,28.9,87.4,17.1,49.8,0.064,0.094,0.076,0.055,0.055,23.8,22.0,21.5,19.4,19.7,uscrn_WA_Spokane_17_SSW_2022.txt,311.04042243713735,0.5287043675341297,0.0013445512158796,0.0551460306799676,0.0116268006357272,-12.58485741896964,-19.34539774300138,0.1472288513532645,0.1690717242273426,0.172718386215325,0.3293982500376157,0.3201864973219255,0.2388626949157342
4136,2022-08-11,2.622,-117.53,47.42,34.3,11.7,23.0,23.0,0.7,23.79,C,49.9,10.2,26.8,90.5,26.5,57.2,0.042,0.075,0.061,0.043,0.044,23.9,22.1,21.7,19.7,19.9,uscrn_WA_Spokane_17_SSW_2022.txt,308.57986073500973,0.4885575031996585,0.0092467945069074,0.0545510503793956,0.0110170871807638,-12.631968826634743,-19.579332138813708,0.1494085537711581,0.1692500480975412,0.1786310176173983,0.3215394374847971,0.3267264148984837,0.243712145605818
4136,2022-08-18,2.622,-117.53,47.42,37.5,6.9,22.2,23.3,0.0,22.41,C,53.9,5.8,27.0,77.1,11.9,40.5,0.037,0.071,0.056,0.037,0.039,23.3,21.6,21.2,19.5,19.8,uscrn_WA_Spokane_17_SSW_2022.txt,309.75642174940907,0.4885575031996585,0.0098076919093728,0.0520369422572396,0.0100716659115178,-12.836882309387237,-19.968986886975227,0.1489593831232301,0.1691803994941919,0.1791533825107027,0.3220421189916758,0.328837748412982,0.2444313533420472
4136,2022-08-25,2.622,-117.53,47.42,31.5,11.5,21.5,22.7,0.0,20.19,C,48.4,10.6,26.1,83.5,24.2,50.0,0.035,0.068,0.053,0.036,0.04,23.5,21.8,21.2,19.8,20.1,uscrn_WA_Spokane_17_SSW_2022.txt,307.875414893617,0.463904804820819,0.010913461446762,0.0520369422572396,0.0100716659115178,-12.836882309387237,-19.968986886975227,0.1488942487315867,0.1720636994660223,0.1865869042651666,0.3246006120388661,0.3375205132133064,0.2480465823707271
4136,2022-09-01,2.622,-117.53,47.42,34.1,7.7,20.9,21.8,0.0,20.12,C,48.4,6.5,23.9,70.0,14.9,39.6,0.033,0.064,0.05,0.033,0.036,22.3,20.9,20.4,19.3,19.4,uscrn_WA_Spokane_17_SSW_2022.txt,306.9550591876209,0.463904804820819,0.0134471151977777,0.0530550819287213,0.0102291835892145,-12.75273010482802,-19.9015902678128,0.1495152973438512,0.1707614910561945,0.1856363490380885,0.3171324361494264,0.3309761653411349,0.2442523670631947
4136,2022-09-08,2.622,-117.53,47.42,26.0,-2.7,11.6,12.3,0.0,19.59,C,40.8,-4.5,14.3,71.8,11.2,38.0,0.029,0.059,0.046,0.031,0.035,17.3,17.4,17.6,17.7,17.8,uscrn_WA_Spokane_17_SSW_2022.txt,303.9683198452612,0.4433603188993176,0.019759614020586,0.0530550819287213,0.0102291835892145,-12.75273010482802,-19.9015902678128,0.1617019647747561,0.17975114566939,0.1945244529754048,0.3263649460842397,0.3354904295417228,0.2471997792807038
4136,2022-09-15,2.622,-117.53,47.42,23.7,1.3,12.5,12.0,0.0,14.45,C,38.2,0.6,14.4,90.3,31.2,64.1,0.029,0.057,0.045,0.031,0.034,16.4,16.5,16.6,16.7,16.8,uscrn_WA_Spokane_17_SSW_2022.txt,299.51517165146913,0.4433603188993176,0.0097435899078845,0.0451025217488276,0.0080715606820076,-13.457991753951342,-20.930424838588586,0.1674323275866488,0.183020981241021,0.1971410706773702,0.3132032486268438,0.3217016245181285,0.2385855678205186
4136,2022-09-29,2.622,-117.53,47.42,16.4,10.6,13.5,12.4,10.1,1.62,C,14.7,10.9,12.6,90.8,49.1,83.4,0.029,0.056,0.043,0.027,0.031,15.1,15.1,15.4,15.3,15.3,uscrn_WA_Spokane_17_SSW_2022.txt,300.16507612293145,0.4236965497013653,0.0318253189325332,0.0491027959091714,0.0086653267781986,-13.088937784808028,-20.622150549590085,0.143423600713243,0.1616087675304265,0.180826582141002,0.2884403793828978,0.314330635674529,0.2386193843014308
4136,2022-10-06,2.622,-117.53,47.42,26.2,0.3,13.2,12.0,0.0,13.95,C,34.7,-0.8,12.7,88.1,26.6,63.0,0.073,0.06,0.042,0.03,0.03,12.7,13.1,13.5,14.0,13.9,uscrn_WA_Spokane_17_SSW_2022.txt,297.5903319148937,0.4236965497013653,0.0015849358169361,0.0389168629532657,0.0067477042926023,-14.098621750068611,-21.708439579301288,0.1433981389023558,0.1616209223946728,0.1797721888432807,0.2840130712246206,0.3148755685028743,0.239733678910059
4136,2022-10-13,2.622,-117.53,47.42,23.3,-4.5,9.4,7.8,0.0,13.2,C,31.3,-5.5,8.0,85.2,22.9,59.7,0.063,0.06,0.042,0.033,0.027,9.9,10.8,11.6,12.4,12.4,uscrn_WA_Spokane_17_SSW_2022.txt,295.58371063829793,0.4085467203498293,0.0,0.0389168629532657,0.0067477042926023,-14.098621750068611,-21.708439579301288,0.1433861319273168,0.1623246792468021,0.1814195442342139,0.2877158048367407,0.315996162316025,0.2402816926922788
4136,2022-11-03,2.622,-117.53,47.42,2.7,-3.4,-0.3,0.1,3.1,1.73,C,6.0,-3.2,1.4,88.9,70.2,83.5,0.184,0.165,0.142,0.086,0.041,4.5,5.7,6.3,7.6,8.2,uscrn_WA_Spokane_17_SSW_2022.txt,279.2684425531915,0.4369707337883957,0.171863779425621,0.0660926174853941,0.0162641450894853,-11.79847048296719,-17.887687600905174,0.1473101886269738,0.1576301647922922,0.1691202771182616,0.2442918247656183,0.22953653127253,0.190934913782662
4136,2023-01-19,2.622,-117.53,47.42,1.4,-6.2,-2.4,-1.6,0.0,1.87,C,4.2,-8.0,-1.0,91.2,78.3,87.4,0.326,0.35,0.311,0.265,0.259,1.3,1.5,1.8,2.0,2.1,uscrn_WA_Spokane_17_SSW_2023.txt,273.05004255319153,0.4996170435153583,0.0266346149146556,0.0560675601182048,0.0109554923454759,-12.512883426041196,-19.603681002467127,0.1771705895519529,0.1890711531434585,0.1991309434282845,0.2932087236435893,0.2176468614882915,0.1768636677706037
4136,2023-03-16,2.622,-117.53,47.42,8.8,-9.1,-0.2,-0.9,0.0,16.52,C,20.7,-9.4,0.7,86.7,22.9,65.3,0.318,0.347,0.312,0.262,0.252,1.3,1.4,1.5,1.3,1.9,uscrn_WA_Spokane_17_SSW_2023.txt,279.9973787234043,0.4747744133959043,0.0671474337577819,0.0510245630348304,0.0082015152794832,-12.922207058157042,-20.861059016745163,0.2137359022088878,0.2279681767310147,0.2430250619322996,0.3284969758226614,0.2676735300496344,0.2151030757179307
4136,2023-03-23,2.622,-117.53,47.42,10.0,-5.8,2.1,2.7,1.1,7.41,C,17.8,-8.0,1.7,87.9,34.8,68.3,0.308,0.336,0.303,0.256,0.241,2.8,3.0,3.2,3.1,3.3,uscrn_WA_Spokane_17_SSW_2023.txt,284.521765106383,0.4747744133959043,0.003365384414792,0.043905383653227,0.0070164810176342,-13.574822235497823,-21.5388064539125,0.1403574240802613,0.1649651317304575,0.1871357549224283,0.2907355248662315,0.3171749108417107,0.2469115877971615
4136,2023-04-27,2.622,-117.53,47.42,19.9,-0.5,9.7,10.8,0.0,22.53,C,33.8,-1.8,12.4,89.2,12.2,48.3,0.299,0.328,0.298,0.254,0.235,9.9,8.9,8.5,7.6,7.7,uscrn_WA_Spokane_17_SSW_2023.txt,298.2647978723404,0.4623088737201366,0.0363814085721969,0.051549228582212,0.0098660891468332,-12.877778294104411,-20.058549647097944,0.1607995987578402,0.1817275019336242,0.1916280188521207,0.3088383076659578,0.3543962827142591,0.2727492143869227
4136,2023-05-11,2.622,-117.53,47.42,22.0,-0.6,10.7,12.0,0.0,24.93,C,38.9,-0.8,14.7,91.7,21.6,60.4,0.274,0.296,0.271,0.223,0.206,13.0,12.3,11.8,10.8,11.3,uscrn_WA_Spokane_17_SSW_2023.txt,300.3952446808511,0.5293421288395904,0.0678205117583274,0.0517287989570217,0.0099686417752905,-12.862676049544064,-20.013640101617092,0.1768479741714745,0.1934907478037526,0.195027989937303,0.3254977306387558,0.344291778160733,0.2670287176013287
4136,2023-05-25,2.622,-117.53,47.42,22.5,-0.6,10.9,12.9,0.0,24.52,C,39.8,-0.6,16.3,89.8,27.8,56.4,0.18,0.201,0.185,0.151,0.141,15.5,15.0,14.7,14.2,14.3,uscrn_WA_Spokane_17_SSW_2023.txt,301.85386207608,0.5533864814419795,0.0022115383762866,0.0508657064688582,0.0093794463963781,-12.935749192504534,-20.2782279425349,0.161390852980342,0.1811019669071173,0.1816821078596105,0.3334620733272994,0.3407655206390396,0.2559622760892708
4136,2023-06-08,2.622,-117.53,47.42,28.6,8.6,18.6,18.0,6.9,11.32,C,49.0,6.4,20.1,91.6,31.7,68.5,0.088,0.113,0.1,0.086,0.081,19.0,18.0,17.2,16.1,16.5,uscrn_WA_Spokane_17_SSW_2023.txt,303.5112962917933,0.5280873986774745,0.0607692301273345,0.0549039862751094,0.010297984491832,-12.603961226822433,-19.872477665306175,0.1524608853632321,0.1706482456807742,0.1726405906060792,0.3173069559501927,0.3341118790777133,0.2561911849378187
4136,2023-06-15,2.622,-117.53,47.42,22.2,5.6,13.9,14.4,0.0,23.7,C,41.1,3.1,18.7,84.7,31.3,55.1,0.087,0.104,0.087,0.068,0.068,17.9,17.2,16.6,16.0,16.3,uscrn_WA_Spokane_17_SSW_2023.txt,300.634680952381,0.5280873986774745,0.0720512792468071,0.049484992854526,0.0092837582427794,-13.055264881096983,-20.32276177478712,0.1528605536360501,0.169885053580268,0.1706286721393861,0.3118999548962926,0.333303884002273,0.256395541147239
4136,2023-06-22,2.622,-117.53,47.42,24.3,0.5,12.4,13.5,0.0,27.48,C,48.5,-1.1,19.0,87.7,21.0,52.3,0.069,0.09,0.075,0.054,0.056,16.9,16.1,15.3,14.9,15.3,uscrn_WA_Spokane_17_SSW_2023.txt,304.3664902735562,0.5146719496587029,0.0219230763614177,0.049484992854526,0.0092837582427794,-13.055264881096983,-20.32276177478712,0.1614814846443255,0.181539298190427,0.1855488739028428,0.3342287734919387,0.3461877672061939,0.2629714381747722
4136,2023-06-29,2.622,-117.53,47.42,31.6,8.6,20.1,21.1,0.0,26.83,C,55.1,6.9,26.4,90.5,22.6,54.2,0.057,0.083,0.069,0.047,0.05,21.5,19.8,18.6,17.1,17.4,uscrn_WA_Spokane_17_SSW_2023.txt,308.60311179883945,0.5146719496587029,0.0103285256773233,0.0546422590012194,0.0106634520951958,-12.624713545043354,-19.72102177748935,0.1626378017390746,0.1823171694433423,0.1872403578318331,0.3359349847874517,0.350142366817547,0.267380435346294
4136,2023-07-06,2.622,-117.53,47.42,32.0,5.3,18.7,20.6,0.0,25.38,C,55.4,3.6,26.1,82.4,13.8,42.3,0.043,0.077,0.063,0.042,0.046,22.1,20.5,19.3,17.9,18.4,uscrn_WA_Spokane_17_SSW_2023.txt,309.95359574468097,0.4624122706911261,0.0102644227445125,0.0524076906468364,0.0099080000424924,-12.806049771306968,-20.04014000223643,0.1611292647225899,0.1807937150697896,0.187258727012719,0.3321710807369999,0.3516408689901087,0.2689313550422513
4136,2023-07-13,2.622,-117.53,47.42,29.4,6.9,18.2,19.6,0.0,28.03,C,52.4,5.1,25.4,73.9,16.8,43.0,0.041,0.071,0.059,0.036,0.04,21.9,20.5,19.3,18.2,18.6,uscrn_WA_Spokane_17_SSW_2023.txt,309.4158326241135,0.4624122706911261,0.0102243591099977,0.050264503868209,0.0092060679755163,-12.987385997570629,-20.35925822698329,0.1521780788226495,0.1733048776314623,0.1837065633824781,0.318937095179738,0.3501080905625788,0.2651255559151216
4136,2023-07-27,2.622,-117.53,47.42,29.8,2.3,16.1,18.3,0.0,26.04,C,54.1,0.6,24.4,65.6,12.3,33.0,0.031,0.062,0.053,0.034,0.04,22.6,21.2,20.3,19.4,19.8,uscrn_WA_Spokane_17_SSW_2023.txt,311.11611631205676,0.4411052474402731,0.0009775640210136,0.054993316745297,0.0102501258209958,-12.596900864512062,-19.892708035810227,0.1557514520356888,0.1749157124150854,0.1893596351171591,0.3126373952200309,0.345562723117491,0.2643552188348582
4136,2023-08-03,2.622,-117.53,47.42,33.3,5.7,19.5,21.1,0.0,25.12,C,55.4,4.0,26.6,59.2,11.6,30.7,0.029,0.06,0.051,0.033,0.039,23.7,21.9,20.8,19.6,20.1,uscrn_WA_Spokane_17_SSW_2023.txt,310.89639878419456,0.4411052474402731,0.0116987181827425,0.052162519366033,0.0096348795098839,-12.826414410425691,-20.16153712095165,0.1559946476366779,0.1750873250170111,0.1899775507618566,0.3114981813971881,0.3434093176227788,0.2628746295633541
4136,2023-08-10,2.622,-117.53,47.42,26.9,6.4,16.7,18.2,0.0,25.07,C,47.4,4.9,22.2,74.2,22.3,44.8,0.038,0.059,0.049,0.033,0.039,20.6,19.8,19.2,18.6,19.0,uscrn_WA_Spokane_17_SSW_2023.txt,309.5010018237083,0.4405462137372015,0.011185897514224,0.052162519366033,0.0096348795098839,-12.826414410425691,-20.16153712095165,0.1567937377495837,0.1789230973963693,0.1956024732661608,0.3183858036937959,0.3677901982345446,0.2744616430509068
4136,2023-08-17,2.622,-117.53,47.42,37.6,9.0,23.3,26.2,0.0,21.85,C,56.7,7.8,30.4,66.2,10.6,31.1,0.036,0.064,0.05,0.032,0.036,24.4,22.5,21.5,19.9,19.6,uscrn_WA_Spokane_17_SSW_2023.txt,307.82709739952725,0.4405462137372015,0.0183653831481933,0.0521276959421419,0.0092067907271751,-12.82931470578979,-20.35891728366489,0.199706967169257,0.2120359171638478,0.2197361823499855,0.3295868213248425,0.3594439167257778,0.2700718378759441
4136,2023-08-24,2.622,-117.53,47.42,26.3,-0.7,12.8,14.0,0.0,22.36,C,43.4,-0.8,17.6,86.9,20.0,53.1,0.035,0.057,0.047,0.033,0.034,17.2,17.4,17.3,17.6,17.5,uscrn_WA_Spokane_17_SSW_2023.txt,305.90163080040526,0.4524563886518771,0.0770512819290161,0.0481354310037043,0.0086694487986722,-13.17535135167139,-20.620085139776386,0.2010706893463485,0.2116427720287436,0.2190019124039622,0.326522597582256,0.3575134694723788,0.2695380542333966
4136,2023-10-12,2.622,-117.53,47.42,14.1,-2.5,5.8,5.4,0.0,6.57,C,23.5,-3.1,6.0,90.6,52.3,78.5,0.081,0.08,0.048,0.023,0.031,9.6,10.6,11.0,12.0,12.2,uscrn_WA_Spokane_17_SSW_2023.txt,294.37364917257685,0.4550232775170647,0.0461057685315609,0.0411170762666976,0.0072581643834697,-13.859777745182154,-21.39173200088978,0.149976178760794,0.1656332722994664,0.1786124370740181,0.2828319785532223,0.3251943489099184,0.2552533112073842
4136,2023-10-19,2.622,-117.53,47.42,24.5,-4.1,10.2,9.2,0.0,12.37,C,30.5,-4.4,8.4,85.8,29.5,63.1,0.079,0.08,0.048,0.022,0.03,8.9,9.6,10.2,11.1,11.3,uscrn_WA_Spokane_17_SSW_2023.txt,293.35375531914895,0.4550232775170647,0.0490865372121334,0.0411170762666976,0.0072581643834697,-13.859777745182154,-21.39173200088978,0.1515855497778992,0.1664683538364136,0.1788939083839774,0.2820621078374344,0.3232744545163912,0.2548052975587941
4136,2023-10-26,2.622,-117.53,47.42,1.8,-6.5,-2.3,-1.5,0.0,2.74,C,5.7,-7.5,-0.8,87.4,57.2,74.1,0.087,0.082,0.046,0.021,0.027,4.1,6.1,7.1,9.2,9.6,uscrn_WA_Spokane_17_SSW_2023.txt,286.3727863829788,0.1534743014078498,0.0184615384787321,0.0395477651465145,0.005154833623986,-14.028780535559394,-22.877853473253374,0.1414475417968406,0.1549090794579231,0.1679802934504435,0.2699784755186167,0.3026267517006867,0.2387375218481737
4136,2023-11-02,2.622,-117.53,47.42,8.6,2.9,5.8,5.9,13.2,1.01,C,9.7,2.2,5.8,90.7,85.3,88.8,0.172,0.118,0.043,0.02,0.043,2.5,3.1,3.6,5.4,6.0,uscrn_WA_Spokane_17_SSW_2023.txt,277.7613531914894,0.1534743014078498,0.1645673066377639,0.0395477651465145,0.005154833623986,-14.028780535559394,-22.877853473253374,0.144424978889622,0.1561761812513923,0.1689316116591379,0.2785970434895938,0.2913113636433433,0.2304911677253992
4136,2024-02-08,2.622,-117.53,47.42,4.0,0.2,2.1,1.8,1.5,2.4,C,7.8,-2.1,1.7,88.4,69.7,82.6,0.32,0.352,0.314,0.269,0.233,2.0,1.8,1.8,1.9,1.9,uscrn_WA_Spokane_17_SSW_2024.txt,274.14874893617025,0.5067681420648464,0.0242147427052259,0.0508903279166874,0.0080595024746204,-12.933647506997248,-20.93691767028167,0.4368857850313696,0.4373474825683711,0.4498179597021227,0.4977753692482118,0.4813684886812533,0.478378158649729
4136,2024-02-22,2.622,-117.53,47.42,8.4,-3.5,2.5,3.3,0.0,4.46,C,16.0,-6.4,2.9,91.1,61.7,83.9,0.315,0.353,0.316,0.271,0.235,2.7,2.2,2.0,2.0,2.0,uscrn_WA_Spokane_17_SSW_2024.txt,272.76913787234054,0.4779246906996586,0.080432690680027,0.059757034562115,0.0122068937041935,-12.236109624855732,-19.13394837182044,0.1350535079049188,0.1499075207871107,0.1608231612307374,0.2437463019908059,0.2616550782440121,0.2074159519389641
4136,2024-02-29,2.622,-117.53,47.42,8.6,0.4,4.5,3.8,7.0,1.07,C,5.6,-2.3,2.5,87.9,56.1,77.1,0.329,0.362,0.324,0.278,0.241,2.5,2.3,2.3,2.5,2.6,uscrn_WA_Spokane_17_SSW_2024.txt,274.8189815602837,0.4319703178327643,0.1004326865077018,0.059757034562115,0.0122068937041935,-12.236109624855732,-19.13394837182044,0.1897716549705226,0.2004701763513969,0.2118371517953512,0.302459647308579,0.3097291496290991,0.2515180935461789
4136,2024-03-21,2.622,-117.53,47.42,12.6,1.5,7.0,7.8,0.0,9.72,C,22.2,-2.6,7.1,83.2,35.5,59.6,0.287,0.328,0.298,0.252,0.218,6.4,5.9,5.9,5.5,5.3,uscrn_WA_Spokane_17_SSW_2024.txt,290.77997446808513,0.4587283969709897,0.0210416670888662,0.0531102181231648,0.0096389529485764,-12.748219149338595,-20.15970139681457,0.1414958943174449,0.1565641853543964,0.1696286057973614,0.261493097120015,0.312670013370759,0.2492065757757628
4136,2024-04-04,2.622,-117.53,47.42,11.1,1.8,6.5,5.7,6.2,7.5,C,19.5,1.6,7.2,88.8,53.9,78.6,0.294,0.334,0.304,0.257,0.222,7.1,6.7,6.5,6.2,6.2,uscrn_WA_Spokane_17_SSW_2024.txt,287.4314151975684,0.5081189366467577,0.0393910259008407,0.0490839883137519,0.0081059103699692,-13.090601559637424,-20.911982027215135,0.1484852000649608,0.1665778244831242,0.1761491087070961,0.2880813568846079,0.3260201652631181,0.2529269588126723
4136,2024-04-11,2.622,-117.53,47.42,16.9,-3.2,6.8,8.0,0.0,17.46,C,32.4,-5.7,10.4,89.5,30.5,61.1,0.295,0.337,0.306,0.26,0.225,7.5,6.8,6.5,6.2,6.2,uscrn_WA_Spokane_17_SSW_2024.txt,287.79834924012164,0.5081189366467577,0.040881410241127,0.0482265119266131,0.0089346220972142,-13.167141481093283,-20.489238118841776,0.14887486425388,0.1656891668710897,0.1720324491994772,0.2844421661310738,0.3121627017768214,0.2427616557427212
4136,2024-04-18,2.622,-117.53,47.42,10.1,-5.0,2.6,3.7,0.0,17.17,C,29.4,-7.8,6.0,89.7,38.6,63.3,0.275,0.312,0.286,0.238,0.208,6.6,6.8,6.9,7.3,7.3,uscrn_WA_Spokane_17_SSW_2024.txt,290.44122765957445,0.5195632145904435,0.0056089744903147,0.0482265119266131,0.0089346220972142,-13.167141481093283,-20.489238118841776,0.1477271600052267,0.1651411953778603,0.1704532732257657,0.290087573451318,0.3170005931717352,0.2446319063514688
4136,2024-04-25,2.622,-117.53,47.42,15.0,4.4,9.7,9.6,0.5,11.65,C,33.1,1.8,10.9,85.8,44.0,65.8,0.252,0.285,0.264,0.216,0.192,9.1,8.5,8.3,7.9,7.8,uscrn_WA_Spokane_17_SSW_2024.txt,292.13012765957444,0.5195632145904435,0.0081249997019767,0.0506442444843141,0.0092966086319888,-12.95469903329004,-20.316754515564085,0.1503516329622792,0.169558472724369,0.1753996248408836,0.3052597391081516,0.3356641588960573,0.2562157670547082
4136,2024-05-02,2.622,-117.53,47.42,16.2,-5.5,5.3,6.9,0.0,21.59,C,36.9,-8.0,10.4,86.3,21.0,51.2,0.24,0.272,0.253,0.206,0.184,8.3,7.9,7.7,7.7,7.7,uscrn_WA_Spokane_17_SSW_2024.txt,291.7002697872341,0.5316818899317405,0.0582371763885021,0.0512157032063884,0.0111297089174402,-12.905968599173994,-19.535161939045175,0.2734451047296439,0.2825508007613697,0.2856888886235265,0.3909395199218846,0.3965780565693268,0.3198041065525553
4136,2024-05-09,2.622,-117.53,47.42,23.2,-1.8,10.7,11.7,0.0,24.59,C,37.9,-2.9,15.0,90.9,26.1,60.1,0.251,0.287,0.267,0.218,0.194,11.1,9.9,9.3,8.7,8.6,uscrn_WA_Spokane_17_SSW_2024.txt,298.1983741641338,0.5316818899317405,0.0507051274180412,0.0512157032063884,0.0111297089174402,-12.905968599173994,-19.535161939045175,0.19269111331891,0.2097605187676781,0.2124170090215377,0.3434768276013752,0.3581962342158361,0.2769403208936498
4136,2024-05-30,2.622,-117.53,47.42,16.9,-2.5,7.2,8.0,0.0,25.58,C,39.2,-2.8,11.8,87.2,25.0,57.4,0.176,0.204,0.19,0.157,0.142,12.6,12.4,12.2,12.0,12.0,uscrn_WA_Spokane_17_SSW_2024.txt,295.6472355825735,0.565462078711604,0.1186858937144279,0.0487229130590011,0.0088818408587822,-13.122667538803311,-20.514970126047995,0.2105027047211841,0.2306304992488984,0.2279295571887357,0.4128998162075166,0.3908654331269324,0.2988780683058457
4136,2024-06-06,2.622,-117.53,47.42,25.1,0.3,12.7,14.8,0.0,26.29,C,42.8,-0.7,18.4,90.7,22.9,56.4,0.188,0.217,0.202,0.162,0.144,15.0,13.8,13.2,12.4,12.2,uscrn_WA_Spokane_17_SSW_2024.txt,301.7460354609929,0.5736320979095562,0.0876602530479431,0.0491951034336398,0.0091817716901895,-13.080781219801736,-20.370735104072452,0.1457818019340007,0.166789995711395,0.1670837538804712,0.3252482138147687,0.3228663540681876,0.2465667211584498
4136,2024-06-20,2.622,-117.53,47.42,27.2,1.3,14.3,15.6,0.0,26.69,C,47.2,-0.2,20.1,88.1,13.5,48.8,0.109,0.145,0.126,0.112,0.103,16.6,15.3,14.6,13.8,13.5,uscrn_WA_Spokane_17_SSW_2024.txt,303.4241984802432,0.5523282209897612,0.0167948715388774,0.0512242649138819,0.0096016097090675,-12.905242651597668,-20.176559514228035,0.1756741421453642,0.1925560172108287,0.1915099200518052,0.3435882283193721,0.3168356209077844,0.246409209185099
4136,2024-06-27,2.622,-117.53,47.42,21.1,8.0,14.6,15.5,1.2,18.46,C,33.0,4.1,17.3,72.8,29.3,51.1,0.074,0.114,0.093,0.079,0.081,18.2,17.5,16.9,15.8,15.4,uscrn_WA_Spokane_17_SSW_2024.txt,303.7311414202819,0.5523282209897612,0.0191346146166324,0.0512242649138819,0.0096016097090675,-12.905242651597668,-20.176559514228035,0.2897672709153089,0.298072340604287,0.2951882628437242,0.4371482174738973,0.4028640192946278,0.323685242942482
4136,2024-08-22,2.622,-117.53,47.42,32.2,7.7,19.9,20.3,0.0,16.26,C,52.1,7.0,23.9,66.8,17.0,41.2,0.022,0.06,0.05,0.029,0.033,21.9,20.2,19.6,18.9,18.6,uscrn_WA_Spokane_17_SSW_2024.txt,302.8338624371374,0.4306919475255972,0.0088621787726879,0.0502150691008292,0.0086593610094841,-12.991659353395104,-20.625141542059517,0.1531113389193238,0.1737207990293265,0.1918131178715875,0.31603058208687,0.3494491114422058,0.2625478831281769
4136,2024-08-29,2.622,-117.53,47.42,26.4,-1.3,12.6,13.2,0.0,20.59,C,46.8,-3.0,17.5,77.5,18.0,45.6,0.032,0.058,0.047,0.025,0.03,16.7,16.6,16.3,16.6,16.5,uscrn_WA_Spokane_17_SSW_2024.txt,303.1358430947776,0.4306919475255972,0.0104326922446489,0.0498798176166599,0.0085726936171586,-13.02075143169096,-20.66882697415816,0.1520246376691679,0.1727781956845782,0.191511706782921,0.3147680139152783,0.3479682255052257,0.2620301826955961
4136,2024-09-26,2.622,-117.53,47.42,19.3,2.5,10.9,11.3,0.0,15.42,C,33.3,1.0,12.6,81.2,24.2,54.6,0.022,0.055,0.045,0.023,0.026,15.5,15.7,15.9,15.7,15.5,uscrn_WA_Spokane_17_SSW_2024.txt,296.73494009819973,0.4199897450938566,0.0019871795084327,0.0470086689331244,0.0078974959852031,-13.278220458375548,-21.025105862021164,0.1576380124072713,0.1751483845742595,0.1957313872937885,0.2968292502924754,0.3289733146891053,0.2540064019149622
4136,2024-11-28,2.622,-117.53,47.42,4.3,-4.1,0.1,-0.5,0.0,1.91,C,6.6,-6.2,-0.5,91.2,65.8,85.4,0.248,0.29,0.26,0.209,0.185,3.1,4.0,4.3,5.3,5.6,uscrn_WA_Spokane_17_SSW_2024.txt,272.4473276595745,0.4038077911689419,0.1293910294771194,0.068690062922977,0.0173094864884058,-11.631060857914337,-17.617158159235515,0.1503932620794856,0.1617335230395659,0.1722382878605862,0.2692144158541225,0.2557512820267889,0.2081750965447923
4136,2024-12-05,2.622,-117.53,47.42,-0.9,-2.1,-1.5,-1.4,0.0,0.11,C,0.6,-1.5,-0.5,88.9,85.3,86.7,0.241,0.282,0.254,0.204,0.181,1.9,2.7,3.0,3.9,4.2,uscrn_WA_Spokane_17_SSW_2024.txt,273.16834042553194,0.4038077911689419,0.0060416664928197,0.0545729932063751,0.0113444764488205,-12.630222254845458,-19.452155421443933,0.1503932620794856,0.1617335230395659,0.1722382878605862,0.2692144158541225,0.2557512820267889,0.2081750965447923
4136,2025-01-16,2.622,-117.53,47.42,-1.0,-6.1,-3.6,-3.0,0.0,1.56,C,3.0,-7.3,-1.8,90.1,84.8,88.2,0.307,0.335,0.301,0.268,0.223,0.4,1.1,1.3,2.2,2.5,uscrn_WA_Spokane_17_SSW_2025.txt,271.5451744680851,0.4609089697098975,0.0034615383483469,0.0447341194160995,0.0062611855313701,-13.493611072531245,-22.033434270156395,0.1189869249405413,0.1367372073163528,0.1474857393135437,0.2433850612226516,0.2398274294674599,0.189983127392722
4136,2025-04-03,2.622,-117.53,47.42,11.8,-2.7,4.5,4.1,0.0,15.74,C,26.9,-6.6,5.8,88.4,26.1,66.0,0.307,0.34,0.313,0.277,0.23,6.5,6.3,6.1,5.9,5.9,uscrn_WA_Spokane_17_SSW_2025.txt,284.7866501519757,0.4822866680887372,0.0605128183960914,0.0683276355576429,0.0129797161526197,-11.654036075523791,-18.86734804815993,0.1427561585494211,0.1631736069966013,0.1736411328399668,0.2841361434898326,0.3251974823124897,0.247095588127421
4136,2025-04-17,2.622,-117.53,47.42,14.3,-4.0,5.2,6.1,0.0,25.04,C,31.2,-7.3,8.7,79.2,17.4,41.5,0.285,0.313,0.291,0.252,0.213,8.4,8.1,8.0,7.7,7.7,uscrn_WA_Spokane_17_SSW_2025.txt,291.2491880851064,0.5170858201791809,0.0263141021132469,0.0559319104112203,0.0099281247465326,-12.523403466491931,-20.03132774580396,0.1470092853382583,0.1650941772684834,0.1720610009747445,0.2874013496789342,0.323534364991335,0.2477714421756505
4136,2025-04-24,2.622,-117.53,47.42,20.3,-3.5,8.4,9.1,0.0,25.37,C,35.3,-5.8,11.5,87.1,16.4,51.8,0.272,0.299,0.279,0.24,0.205,9.3,8.6,8.2,7.9,7.9,uscrn_WA_Spokane_17_SSW_2025.txt,290.99342770685587,0.5170858201791809,0.0530769228935241,0.053790332113122,0.0099432032096129,-12.692957742819951,-20.024736848021345,0.1480628675517042,0.1671637874489544,0.1728754244848983,0.2951700536160913,0.3261130546433782,0.2480594281723496
4136,2025-07-31,2.622,-117.53,47.42,34.0,10.3,22.2,24.4,0.0,20.12,C,58.1,9.3,30.0,73.2,19.9,39.5,0.032,0.066,0.057,0.034,0.042,25.4,23.0,21.7,19.9,19.4,uscrn_WA_Spokane_17_SSW_2025.txt,307.368770496454,0.4840461017491468,0.0107532050460577,0.0529941449177623,0.0100107485188671,-12.757721109723168,-19.9953344844875,0.1639951626445776,0.1843642147468643,0.1977234122864268,0.3253834864738365,0.358507728965279,0.2717931482711023
4136,2025-08-14,2.622,-117.53,47.42,28.5,8.8,18.6,19.9,0.0,18.89,C,51.6,6.1,24.4,70.2,24.2,41.9,0.019,0.056,0.053,0.031,0.041,23.9,22.2,21.2,19.9,19.5,uscrn_WA_Spokane_17_SSW_2025.txt,306.1584361702128,0.4669822418941979,0.0108333332464098,0.0553546585128102,0.0103286505069201,-12.568458240847596,-19.859564176559218,0.1530658447101915,0.1734004831555394,0.1902634549165933,0.311328119219808,0.3540337291519047,0.2665837343343939
4136,2025-08-28,2.622,-117.53,47.42,27.8,9.4,18.6,19.5,0.0,9.07,C,45.4,7.4,21.3,80.4,31.8,60.6,0.017,0.051,0.048,0.031,0.037,22.1,20.8,20.3,19.3,19.0,uscrn_WA_Spokane_17_SSW_2025.txt,305.2741269030733,0.4473734108361774,0.027051281183958,0.057048956225873,0.010590788759174,-12.437522970738218,-19.750716941889735,0.1741351821303796,0.1878206886355605,0.2014306464216297,0.3043481074582726,0.3278711824620055,0.24919290687927
4136,2025-10-02,2.622,-117.53,47.42,16.9,1.5,9.2,9.7,0.0,7.96,C,27.9,0.5,10.5,90.7,47.4,75.0,0.028,0.051,0.042,0.026,0.034,13.7,14.5,14.8,15.2,15.2,uscrn_WA_Spokane_17_SSW_2025.txt,293.3315846808511,0.4311565966296928,0.0216506402939558,0.0496147864567106,0.0082960715481055,-13.04388873518864,-20.811275111014854,0.1460391796584332,0.1639235269665239,0.1825315734335757,0.2886302899363109,0.330288362001938,0.2523888408108694
4136,2025-10-30,2.622,-117.53,47.42,4.4,-5.8,-0.7,0.7,0.0,3.32,C,11.0,-6.7,1.1,90.4,82.8,87.5,0.168,0.199,0.152,0.024,0.027,4.6,6.0,6.5,8.0,8.5,uscrn_WA_Spokane_17_SSW_2025.txt,279.40750638297874,0.4713119880546074,0.0989756062626838,0.0593386458473102,0.0125955927134061,-12.266623688339935,-18.99781390999929,0.4118687184133328,0.4100771287703983,0.4190503604884709,0.4788056474991847,0.4535326025589055,0.4170367538739912
4223,2016-08-25,2.422,-121.45,48.54,33.6,9.8,21.7,19.8,0.0,16.93,C,42.8,6.9,18.7,91.7,22.7,62.4,0.061,0.053,0.047,0.027,0.073,18.0,17.9,17.6,17.4,17.3,uscrn_WA_Darrington_21_NNE_2016.txt,296.39185497470487,0.8358997702949627,0.0254006404429674,0.0871612318724236,0.0231540341075384,-10.596766403852206,-16.3537333129784,0.1128918882483717,0.1306323612060273,0.1198093287497406,0.3466725503209842,0.2241334021962915,0.1547844036749329
4223,2016-12-08,2.422,-121.45,48.54,1.2,-2.4,-0.6,-0.6,0.0,3.33,C,1.1,-4.8,-2.4,43.3,31.2,36.7,0.311,0.304,0.226,0.187,0.229,0.7,1.5,3.5,4.3,5.0,uscrn_WA_Darrington_21_NNE_2016.txt,268.476032321529,0.7269272618115378,0.1568589657545089,0.0783725031380479,0.0200144363221086,-11.058362820864728,-16.986566366677945,0.1161165348221439,0.1240958195799377,0.1202675896172727,0.2566982620560529,0.1900006234390239,0.149573965327923
4223,2017-01-05,2.422,-121.45,48.54,-1.4,-8.0,-4.7,-5.1,0.0,3.09,C,-7.7,-15.3,-12.1,88.5,45.2,61.8,0.325,0.316,0.229,0.189,0.231,1.1,1.2,1.9,2.2,2.3,uscrn_WA_Darrington_21_NNE_2017.txt,268.54090419979116,0.5327228817541115,0.1964871734380722,0.1043706501335374,0.0237872516813873,-9.814216112675537,-16.236557323451184,0.2075738683433271,0.2125798932234625,0.2101308809139317,0.349277271017031,0.1724813091485025,0.1440671459586467
4223,2017-01-12,2.422,-121.45,48.54,-0.7,-8.7,-4.7,-5.5,0.0,3.28,C,-6.3,-15.5,-12.8,84.7,44.0,63.9,0.327,0.314,0.23,0.19,0.232,0.7,0.8,1.6,1.9,2.1,uscrn_WA_Darrington_21_NNE_2017.txt,270.44649072512647,0.6609006421299927,0.4225160181522369,0.1819367134044426,0.0383793097681844,-7.400796548665734,-14.159028400894544,0.2070027262758166,0.2148305481115364,0.213419359406436,0.3558226327662371,0.1757566027814728,0.1445012505838272
4223,2017-05-25,2.422,-121.45,48.54,22.3,4.0,13.2,12.6,0.0,25.45,C,28.3,2.0,13.6,96.6,47.1,74.9,0.202,0.244,0.183,0.135,0.193,14.9,14.6,14.0,13.7,13.3,uscrn_WA_Darrington_21_NNE_2017.txt,295.6174030354131,0.8678351553119293,0.0706890970468521,0.0895882320980132,0.0243684491384988,-10.477490335359011,-16.131721093882824,0.1177387044326805,0.144401892618521,0.1212106144216265,0.4251526380311153,0.2553110458278095,0.169584577112103
4223,2017-06-08,2.422,-121.45,48.54,15.9,9.6,12.8,13.0,12.3,5.51,C,19.4,8.2,13.7,96.0,76.9,90.7,0.116,0.134,0.111,0.082,0.148,16.3,16.2,15.6,15.2,14.6,uscrn_WA_Darrington_21_NNE_2017.txt,292.819735806633,0.8602163978073616,0.0402884595096111,0.0985115571731831,0.0248485609263031,-10.06512815978467,-16.046987578305586,0.1175021592343527,0.1407240393600546,0.1206426623390286,0.4225490532734239,0.2379882194262322,0.160780554471458
4223,2017-06-22,2.422,-121.45,48.54,25.6,5.0,15.3,14.9,0.0,28.82,C,33.8,3.0,16.6,96.6,33.3,70.8,0.153,0.175,0.128,0.088,0.154,16.4,16.0,15.2,14.9,14.5,uscrn_WA_Darrington_21_NNE_2017.txt,297.07496880269815,0.8775836648394679,0.0567788444459438,0.1139981154025408,0.0309889079969684,-9.43102328286707,-15.08793727382746,0.1480796737812082,0.1670454206076751,0.1438936045418835,0.4608307377907061,0.2528745935243675,0.1722657009549217
4223,2017-06-29,2.422,-121.45,48.54,26.8,11.7,19.3,18.5,0.0,26.1,C,37.7,9.6,21.5,92.5,46.9,72.5,0.088,0.099,0.089,0.068,0.136,19.1,18.3,16.8,16.4,15.8,uscrn_WA_Darrington_21_NNE_2017.txt,296.4149276406562,0.8775836648394679,3.685897536342963e-05,0.1139981154025408,0.0309889079969684,-9.43102328286707,-15.08793727382746,0.1386510878244215,0.1596195693883894,0.1369248115199225,0.4567365485146116,0.2541493292705537,0.1708835231794301
4223,2017-07-06,2.422,-121.45,48.54,29.2,10.0,19.6,19.3,0.0,27.33,C,41.8,7.5,21.9,95.5,36.4,68.9,0.067,0.065,0.059,0.044,0.111,19.7,19.0,17.6,17.1,16.5,uscrn_WA_Darrington_21_NNE_2017.txt,294.96752228013696,0.8668048133646573,0.0006618589395657,0.1384388107975761,0.0332198202909476,-8.58742139992391,-14.7860272127839,0.1197939159108493,0.1447678669498184,0.1229872254760008,0.4485481699624183,0.2566988007629245,0.1681191676284433
4223,2017-07-13,2.422,-121.45,48.54,24.5,10.9,17.7,17.3,0.0,23.7,C,42.8,7.9,21.5,93.0,47.5,71.1,0.055,0.053,0.043,0.026,0.082,19.8,19.2,17.9,17.5,16.9,uscrn_WA_Darrington_21_NNE_2017.txt,294.53446754220107,0.8668048133646573,0.0006410256028175,0.1384388107975761,0.0332198202909476,-8.58742139992391,-14.7860272127839,0.1205585588322589,0.1404701426825367,0.1238695828594,0.4317367714678995,0.2459692078578579,0.1649616811854213
4223,2017-07-27,2.422,-121.45,48.54,24.2,9.6,16.9,16.8,0.0,25.4,C,42.6,7.2,21.7,95.3,48.5,73.2,0.038,0.041,0.034,0.012,0.057,20.3,19.9,18.8,18.3,17.7,uscrn_WA_Darrington_21_NNE_2017.txt,297.85482569369924,0.8474860558600891,0.0129198711365461,0.1740108125358674,0.0403552414089345,-7.594237650578198,-13.941000503559028,0.1191262162886721,0.1355246380604956,0.1221015968238471,0.4025326868806396,0.2353130909174672,0.1616699158787993
4223,2017-08-03,2.422,-121.45,48.54,33.8,12.2,23.0,21.8,0.0,20.82,C,47.4,10.9,25.2,92.3,27.4,63.9,0.032,0.036,0.032,0.01,0.053,21.5,20.8,19.3,18.8,18.1,uscrn_WA_Darrington_21_NNE_2017.txt,299.6855885328836,0.8474860558600891,1.92307688848814e-05,0.1659216565667997,0.0384689693105802,-7.800969249242448,-14.14889449480136,0.2390088522621327,0.2451266127403361,0.2247991510203207,0.4092229073945649,0.2482344828484135,0.1683908213176491
4223,2017-08-10,2.422,-121.45,48.54,32.7,13.1,22.9,21.9,0.0,21.39,C,47.6,10.4,24.7,95.3,33.0,67.3,0.03,0.035,0.031,0.008,0.052,21.8,21.1,19.5,19.0,18.3,uscrn_WA_Darrington_21_NNE_2017.txt,299.1409355978479,0.8327041085878367,0.0278525631874799,0.1700876389925275,0.0383784695156159,-7.693272473068949,-14.15912348364898,0.242351686625017,0.2484246835202861,0.227996085561447,0.4122370304774242,0.2545287902365059,0.1703199166744852
4223,2017-08-17,2.422,-121.45,48.54,26.4,10.8,18.6,18.3,0.0,19.29,C,43.5,8.6,21.3,94.6,40.3,68.9,0.03,0.033,0.03,0.006,0.05,19.5,19.1,18.2,17.9,17.6,uscrn_WA_Darrington_21_NNE_2017.txt,295.80809594073713,0.8327041085878367,0.0278525631874799,0.1553866588330502,0.0343175701910689,-8.085862715319601,-14.644834693655184,0.1334342965411726,0.1473709558841948,0.1326317543094706,0.41374118401667,0.2486530144682316,0.1680202449086421
4223,2017-08-24,2.422,-121.45,48.54,23.6,8.8,16.2,16.6,0.0,14.99,C,43.4,5.6,19.0,86.1,32.1,57.5,0.025,0.031,0.028,0.009,0.047,19.3,19.3,18.6,18.3,17.8,uscrn_WA_Darrington_21_NNE_2017.txt,298.2587043282743,0.8356023231532241,0.0,0.1381682507638368,0.0322236634034327,-8.595917406243277,-14.918250875836286,0.1284077872621994,0.1426072079086013,0.1283433154576754,0.4081570525329322,0.2423090912125935,0.16682909511201
4223,2017-08-31,2.422,-121.45,48.54,27.1,12.6,19.8,19.2,0.9,14.93,C,39.9,10.8,20.8,95.0,33.6,73.0,0.024,0.029,0.028,0.006,0.048,20.0,19.6,18.5,18.2,17.7,uscrn_WA_Darrington_21_NNE_2017.txt,301.05966966460556,0.8356023231532241,0.0001394230785081,0.1479210272848917,0.0353888789145629,-8.299700857414562,-14.511331951734752,0.1424428383468746,0.1578036654835996,0.1446601562403496,0.4128776337828236,0.2606555137996893,0.1836913359369495
4223,2017-09-14,2.422,-121.45,48.54,26.7,5.2,15.9,14.8,0.0,14.45,C,35.9,2.3,13.3,94.9,13.5,55.0,0.025,0.028,0.027,0.008,0.045,15.0,15.5,16.3,16.6,16.6,uscrn_WA_Darrington_21_NNE_2017.txt,293.9492254075323,0.8400528373792748,0.0965544879436492,0.1379311809693342,0.0317194484853629,-8.603375453384805,-14.986743724845049,0.1175065848034323,0.1322865875143265,0.1216631809745941,0.3865788508477084,0.230431070826799,0.1607949177400349
4223,2017-09-28,2.422,-121.45,48.54,30.8,8.1,19.4,16.3,0.0,11.29,C,33.0,5.5,14.0,94.4,20.8,69.2,0.115,0.1,0.057,0.014,0.049,14.3,14.3,14.6,14.8,14.9,uscrn_WA_Darrington_21_NNE_2017.txt,292.8444415000402,0.831229000261029,0.0648173093795776,0.1732731504384479,0.038885047512622,-7.612687282255696,-14.102173660554698,0.1120869865032824,0.1280279403442901,0.1183988332636135,0.3482279302452049,0.2153238198176424,0.1533128638633401
4223,2017-10-05,2.422,-121.45,48.54,20.2,2.0,11.1,9.3,0.0,10.07,C,22.1,-0.5,6.6,96.2,34.2,76.6,0.144,0.13,0.084,0.035,0.049,9.8,10.2,11.5,12.1,12.6,uscrn_WA_Darrington_21_NNE_2017.txt,288.4626118605958,0.831229000261029,0.0906987190246582,0.1768584054243172,0.0398212194320115,-7.5237429495213055,-13.9988544484892,0.1123109321171255,0.1287488124978913,0.1183082593151123,0.3541519466861828,0.2158753678988008,0.1532268229849158
4223,2017-10-26,2.422,-121.45,48.54,16.1,4.5,10.3,8.4,0.0,5.67,C,14.4,1.6,5.6,97.2,45.0,87.9,0.251,0.276,0.221,0.182,0.226,8.1,8.4,9.0,9.2,9.4,uscrn_WA_Darrington_21_NNE_2017.txt,288.1334369228298,0.7380714278256335,0.2374615371227264,0.1878579141759945,0.0467911433080947,-7.261705040311922,-13.29836343003366,0.1138759470854701,0.1335741185335396,0.1291560246130554,0.315051284853944,0.2165807962151635,0.1568730832855658
4223,2017-11-02,2.422,-121.45,48.54,7.9,2.5,5.2,5.3,5.9,1.36,C,10.7,2.2,5.6,96.9,76.7,94.5,0.258,0.273,0.208,0.166,0.213,7.9,8.1,8.6,8.8,9.0,uscrn_WA_Darrington_21_NNE_2017.txt,286.74113827993256,0.7380714278256335,0.0485673062503337,0.1545806650156387,0.0392252715903845,-8.108448286722089,-14.064340407353656,0.1138759470854701,0.1335741185335396,0.1291560246130554,0.315051284853944,0.2165807962151635,0.1568730832855658
4223,2017-12-07,2.422,-121.45,48.54,11.4,0.7,6.0,5.0,0.0,2.58,C,7.6,-2.8,0.7,95.8,48.8,79.4,0.251,0.278,0.217,0.178,0.224,2.3,2.7,4.0,4.6,5.1,uscrn_WA_Darrington_21_NNE_2017.txt,280.79437886453064,0.8084213155833992,0.1166907027363777,0.1356152787552828,0.0362047236604767,-8.676913790138606,-14.412347630070064,0.1113903752051948,0.121373741578949,0.1178910210792098,0.27872340583864,0.18868699686945,0.1458300470133255
4223,2017-12-14,2.422,-121.45,48.54,10.6,-1.1,4.7,3.3,0.0,2.38,C,8.1,-4.2,-0.1,96.5,48.4,84.1,0.238,0.265,0.206,0.164,0.214,1.8,2.0,3.1,3.6,3.9,uscrn_WA_Darrington_21_NNE_2017.txt,280.15485244519397,0.7762274706342998,0.3957051038742065,0.1645908575967835,0.0419411691435924,-7.835942918791513,-13.77359467396338,0.1120923595005919,0.1242639515430897,0.1204609226189783,0.2840890270191429,0.1945440035642271,0.1478741907461678
4223,2017-12-28,2.422,-121.45,48.54,1.3,0.1,0.7,0.5,36.3,0.14,C,0.2,-0.2,0.0,97.3,96.9,97.1,0.322,0.333,0.269,0.224,0.245,0.6,0.8,1.6,2.0,2.4,uscrn_WA_Darrington_21_NNE_2017.txt,275.07297077009554,0.8018609971286877,0.3357996642589569,0.1072158258764778,0.0267112442086184,-9.697411047221646,-15.733058820889854,0.1155522416128359,0.1223218604283138,0.118972111269543,0.279943786325405,0.193404630989467,0.1492756529600657
4223,2018-01-04,2.422,-121.45,48.54,9.4,0.0,4.7,5.4,1.6,1.43,C,8.6,-3.0,3.2,94.0,58.7,82.6,0.263,0.272,0.218,0.179,0.224,1.1,1.0,1.5,1.8,2.0,uscrn_WA_Darrington_21_NNE_2018.txt,277.47185497470485,0.8018609971286877,0.3641009628772735,0.1234966994261977,0.0324802622726749,-9.083446492071015,-14.8838047256154,0.1155522416128359,0.1223218604283138,0.118972111269543,0.279943786325405,0.193404630989467,0.1492756529600657
4223,2018-02-08,2.422,-121.45,48.54,10.0,4.9,7.4,7.2,23.1,2.03,C,12.6,4.1,7.2,96.6,89.4,95.4,0.323,0.351,0.274,0.238,0.257,6.5,6.2,5.8,5.6,5.3,uscrn_WA_Darrington_21_NNE_2018.txt,275.05863406408093,0.7391413312451066,0.5464422702789307,0.1797963798574511,0.048732448055664,-7.452190568951177,-13.121817714555268,0.1153446072724761,0.126335577355482,0.1235931516855784,0.2874921822736199,0.2011152644240808,0.1545098168109528
4223,2018-02-15,2.422,-121.45,48.54,4.5,-0.8,1.8,1.2,0.7,3.93,C,0.7,-3.4,-0.3,97.4,72.2,95.3,0.286,0.292,0.223,0.182,0.225,1.6,1.7,2.5,2.8,3.0,uscrn_WA_Darrington_21_NNE_2018.txt,273.8216849353569,0.4788823649177762,0.203092947602272,0.1548605621653136,0.0402384115305712,-8.100591685204373,-13.953591720158482,0.1153446072724761,0.126335577355482,0.1235931516855784,0.2874921822736199,0.2011152644240808,0.1545098168109528
4223,2018-03-08,2.422,-121.45,48.54,4.4,1.7,3.1,2.8,26.9,1.51,C,1.0,0.0,0.4,97.0,88.3,95.6,0.357,0.342,0.282,0.239,0.257,0.3,0.3,0.8,1.0,1.1,uscrn_WA_Darrington_21_NNE_2018.txt,280.6889688026981,0.7372874184286091,0.3333173096179962,0.1230113345267663,0.0325899823942435,-9.100548698968884,-14.86915874149306,0.1372130147987463,0.1498704918437789,0.1472118718494597,0.3016634476905817,0.2207034387967091,0.1683243518808165
4223,2018-04-19,2.422,-121.45,48.54,17.5,0.0,8.8,8.4,0.0,18.1,C,34.8,-2.3,10.2,97.3,36.2,73.4,0.273,0.302,0.23,0.191,0.232,9.3,9.0,8.5,8.3,7.9,uscrn_WA_Darrington_21_NNE_2018.txt,290.03332209106236,0.7884008091882022,0.2865384519100189,0.1621965470294654,0.0407959556732849,-7.899583956366484,-13.893828887688136,0.1246542166933031,0.142289817719036,0.1326893876482705,0.3420500774040578,0.2452809532601023,0.1775710968874452
4223,2018-04-26,2.422,-121.45,48.54,30.2,5.1,17.7,15.3,0.0,22.69,C,39.0,0.9,15.5,87.4,10.0,52.7,0.208,0.257,0.201,0.16,0.211,12.6,11.9,10.7,10.1,9.5,uscrn_WA_Darrington_21_NNE_2018.txt,291.951404480848,0.7884008091882022,0.03204807639122,0.1359302712304735,0.0341368121358984,-8.666838165243808,-14.667770378911964,0.1248162505120485,0.1423996719550257,0.1315861700966282,0.3394696602300721,0.240271050214652,0.1738620356716359
4223,2018-05-10,2.422,-121.45,48.54,14.4,9.2,11.8,11.2,8.2,11.26,C,24.5,9.5,13.8,95.5,75.2,90.2,0.267,0.297,0.204,0.154,0.198,14.9,14.7,14.0,13.6,13.0,uscrn_WA_Darrington_21_NNE_2018.txt,293.1239422896758,0.8602983920647356,0.0658653825521469,0.1511014409772121,0.0339631648676004,-8.207313939967273,-14.6899184668215,0.2185793284759795,0.2316826217957951,0.2096300489830642,0.4843393958443858,0.3169862704030725,0.242202867171833
4223,2018-05-24,2.422,-121.45,48.54,23.0,10.2,16.6,16.1,0.0,24.68,C,34.1,7.8,18.8,89.2,53.2,74.4,0.101,0.152,0.133,0.101,0.158,18.0,17.5,16.1,15.5,14.8,uscrn_WA_Darrington_21_NNE_2018.txt,293.0267003934795,0.8659073714434875,0.009631410241127,0.140353583881275,0.0320845085040905,-8.52776493325306,-14.93704609188632,0.4036485038720929,0.3943517734493226,0.3700406683958078,0.581700737895312,0.4120553635041669,0.3342000270087918
4223,2018-05-31,2.422,-121.45,48.54,13.6,5.1,9.3,9.7,0.3,7.09,C,18.8,2.3,10.5,94.9,68.4,86.1,0.078,0.098,0.096,0.076,0.139,13.7,14.0,14.2,14.3,14.0,uscrn_WA_Darrington_21_NNE_2018.txt,291.42822372119167,0.8659073714434875,0.0286570508033037,0.1342722207244624,0.0299954789882864,-8.720138282395345,-15.22944198560372,0.467198493333433,0.4516639767657634,0.4232343296428004,0.6374982497034554,0.4443078085120098,0.3557849926936045
4223,2018-06-07,2.422,-121.45,48.54,21.7,7.4,14.5,14.7,0.0,25.29,C,33.7,5.0,17.1,95.6,46.8,72.8,0.073,0.081,0.073,0.059,0.124,16.4,15.9,14.6,14.3,13.8,uscrn_WA_Darrington_21_NNE_2018.txt,290.1578021360315,0.8491588149308282,0.083576925098896,0.1418181888190579,0.0307605423987051,-8.482680653647508,-15.120060109158665,0.1653562821480572,0.1867726227339254,0.1623059578589414,0.5041005609749373,0.295603497989031,0.2142058753636089
4223,2018-06-14,2.422,-121.45,48.54,16.3,8.7,12.5,12.5,0.0,10.01,C,20.4,7.8,13.6,95.9,63.6,85.7,0.187,0.179,0.079,0.059,0.119,14.8,14.6,14.1,14.0,13.7,uscrn_WA_Darrington_21_NNE_2018.txt,298.6171646992692,0.8491588149308282,0.07804486900568,0.1835221539669322,0.0391336446288801,-7.363115021756801,-14.074497031215117,0.1199045098004516,0.1478497199465441,0.1234281352482755,0.4579895335758687,0.2577066278038311,0.1688958865510575
4223,2018-06-21,2.422,-121.45,48.54,25.2,13.2,19.2,18.4,0.0,21.35,C,35.8,12.3,21.0,94.5,54.5,73.9,0.078,0.089,0.066,0.049,0.109,19.6,19.0,17.3,16.8,15.9,uscrn_WA_Darrington_21_NNE_2018.txt,297.8642134425439,0.8438501592273563,0.0811698734760284,0.1793300890303611,0.0388777084425958,-7.463468359061922,-14.102993414840656,0.1199045098004516,0.1478497199465441,0.1234281352482755,0.4579895335758687,0.2577066278038311,0.1688958865510575
4223,2018-07-12,2.422,-121.45,48.54,30.4,11.3,20.8,20.0,0.0,27.35,C,36.9,9.1,20.8,95.7,31.9,70.1,0.084,0.098,0.065,0.043,0.091,19.9,19.3,17.9,17.4,16.8,uscrn_WA_Darrington_21_NNE_2018.txt,299.0553419524078,0.8625075176194209,0.0482852533459663,0.1585143537174212,0.0348799921893254,-7.999314056353466,-14.574236209909971,0.1217411819968547,0.1416204872532862,0.1228053457264398,0.4217969314808002,0.2483286916048949,0.1660560215972411
4223,2018-07-26,2.422,-121.45,48.54,32.7,13.1,22.9,22.1,0.0,23.56,C,49.1,10.7,25.4,93.2,28.9,62.9,0.045,0.045,0.035,0.014,0.055,22.2,21.6,19.6,19.0,18.2,uscrn_WA_Darrington_21_NNE_2018.txt,301.022844856661,0.8435462020360222,3.36538469127845e-05,0.1077299903845733,0.0253651739467935,-9.67663378917162,-15.957621550744086,0.1569508629225381,0.170892638598668,0.1561909974256517,0.415731433659364,0.2691154258859065,0.1924053922234049
4223,2018-08-02,2.422,-121.45,48.54,24.6,11.9,18.3,17.7,0.0,18.53,C,42.6,9.3,21.7,95.3,42.8,71.6,0.036,0.039,0.03,0.011,0.051,21.0,20.9,19.9,19.6,19.0,uscrn_WA_Darrington_21_NNE_2018.txt,300.36044519392914,0.8435462020360222,0.002004807582125,0.1653976412483641,0.0356413461572619,-7.814706882545971,-14.480459012224268,0.1643971060664286,0.1761631353100392,0.1611615469527318,0.4080293316809785,0.2690933822985926,0.1923350048492293
4223,2018-08-09,2.422,-121.45,48.54,34.6,14.2,24.4,23.0,0.0,20.94,C,48.6,11.6,25.9,93.3,30.3,64.5,0.03,0.035,0.03,0.01,0.049,23.1,22.5,20.5,19.9,19.1,uscrn_WA_Darrington_21_NNE_2018.txt,299.679130597714,0.8455032210910993,0.0066666663624346,0.1570241542904953,0.0333796479554015,-8.040335369651899,-14.76518247999274,0.153371891284774,0.16159607587968,0.1435086147027312,0.3838454966095453,0.2411806249396967,0.1643723145449192
4223,2018-08-16,2.422,-121.45,48.54,26.7,10.9,18.8,18.3,0.0,17.98,C,39.6,8.2,20.4,95.6,39.5,72.7,0.034,0.035,0.03,0.008,0.048,19.9,19.8,19.1,18.9,18.5,uscrn_WA_Darrington_21_NNE_2018.txt,298.84665140929894,0.8455032210910993,0.0221153832972049,0.1589149715771277,0.0338329139559866,-7.988351854418455,-14.70660595753081,0.2093604350362886,0.2050061817191997,0.1790775252913901,0.3833113967195279,0.2441084164045625,0.1692100701171371
4223,2018-08-23,2.422,-121.45,48.54,23.2,9.3,16.2,15.8,0.0,13.75,C,36.0,6.3,17.2,94.9,49.9,73.2,0.027,0.032,0.029,0.008,0.046,18.3,18.5,18.1,18.1,17.8,uscrn_WA_Darrington_21_NNE_2018.txt,297.0719786396852,0.8356486139389195,0.0368910245597362,0.1525998841024108,0.0322624008108774,-8.164457962219153,-14.913033176624811,0.264158414674085,0.2484111347999099,0.2138686036655151,0.3993007136797711,0.2484569814053329,0.1749301175399895
4223,2018-08-30,2.422,-121.45,48.54,22.7,10.0,16.3,15.2,0.0,8.31,C,38.5,7.3,16.2,95.3,42.2,76.5,0.037,0.035,0.03,0.009,0.047,16.4,16.5,16.6,16.8,16.7,uscrn_WA_Darrington_21_NNE_2018.txt,293.5605149361599,0.8356486139389195,0.021525640040636,0.1498525283623473,0.031518737141289,-8.243359250936967,-15.014311916760375,0.3051279213368678,0.3005508809684623,0.2813537323156135,0.4808852205155954,0.3348688677663142,0.2639262393357282
4223,2018-09-13,2.422,-121.45,48.54,15.8,8.8,12.3,12.2,3.4,6.34,C,20.1,7.4,13.3,95.6,74.1,90.9,0.178,0.14,0.094,0.035,0.049,15.7,15.9,16.0,16.2,16.1,uscrn_WA_Darrington_21_NNE_2018.txt,289.55800590219224,0.8256018010963201,0.0952083319425582,0.1601998774754028,0.0339425416413104,-7.95337820410188,-14.692556405254836,0.1126608240318818,0.1306883775728874,0.1195857361531543,0.3385740654173639,0.2165586888684046,0.1528208929860951
4223,2018-09-20,2.422,-121.45,48.54,17.1,9.6,13.4,12.2,5.5,8.98,C,25.5,9.1,13.6,95.3,59.9,88.0,0.194,0.186,0.133,0.065,0.053,14.5,14.4,14.4,14.6,14.6,uscrn_WA_Darrington_21_NNE_2018.txt,287.7676065205171,0.8256018010963201,0.2071794867515564,0.166729564660304,0.0358142492882624,-7.779873837929816,-14.459441477688554,0.1131149371970489,0.1315456279143374,0.1209419252560921,0.337019031699775,0.2166177877262589,0.1535008726944462
4223,2018-09-27,2.422,-121.45,48.54,22.5,6.2,14.3,13.1,0.0,11.25,C,26.0,4.5,12.0,96.3,46.5,83.2,0.209,0.236,0.186,0.142,0.181,13.0,13.0,13.4,13.7,13.8,uscrn_WA_Darrington_21_NNE_2018.txt,289.6900952782462,0.7951917776037591,0.2782644033432007,0.1816397819872766,0.0397426398117192,-7.407890280316939,-14.007432892748506,0.112384415443286,0.1313214237639303,0.1215247163492665,0.3287175871133676,0.2182664250509378,0.1541244544407765
4223,2018-10-04,2.422,-121.45,48.54,15.8,2.1,9.0,8.5,0.0,10.81,C,18.9,0.3,7.5,96.5,47.1,80.4,0.24,0.271,0.211,0.169,0.205,11.2,11.6,12.5,13.0,13.2,uscrn_WA_Darrington_21_NNE_2018.txt,288.04944350758853,0.7951917776037591,0.1257644146680832,0.1585409172375721,0.0362434595878463,-7.998586335271038,-14.4077035381531,0.1111997805243577,0.1302399692720746,0.1207513183395043,0.3219711762445484,0.2198559635177679,0.1540680564787541
4223,2018-10-11,2.422,-121.45,48.54,16.7,1.8,9.3,8.0,0.0,8.48,C,20.0,-0.1,6.2,96.8,46.6,83.6,0.236,0.268,0.208,0.166,0.208,10.2,10.7,11.6,12.1,12.3,uscrn_WA_Darrington_21_NNE_2018.txt,287.8347738496747,0.751898814930828,0.0202724356204271,0.1420608920950289,0.0331815710201705,-8.475254624308798,-14.79103055646228,0.1112070431182493,0.1297632475617804,0.1238670322312707,0.3124882353510712,0.2131975811440578,0.1550545421509093
4223,2018-10-18,2.422,-121.45,48.54,19.7,3.2,11.5,9.7,0.0,5.97,C,20.2,0.2,6.4,94.5,37.1,78.0,0.213,0.246,0.191,0.148,0.199,8.2,8.5,9.3,9.8,10.1,uscrn_WA_Darrington_21_NNE_2018.txt,289.27325555725895,0.751898814930828,0.0023076923098415,0.1174978724834563,0.0283099331454961,-9.29969997026799,-15.480611562292587,0.1343250411157944,0.1481468441479226,0.1412723916668694,0.3192291384996797,0.2236081226886861,0.1707900231461003
4223,2018-11-01,2.622,-121.45,48.54,11.7,9.0,10.3,10.5,56.0,0.91,C,12.7,9.0,10.6,96.4,95.5,96.0,0.321,0.354,0.271,0.241,0.261,10.1,9.9,9.8,9.9,9.9,uscrn_WA_Darrington_21_NNE_2018.txt,279.28580944350756,0.7640786530931872,0.5747740268707275,0.1753087474441743,0.0425597607716364,-7.561964132162171,-13.710008218749024,0.1181661752112711,0.1294570124203715,0.1229622575343345,0.275387336549239,0.1804215988536797,0.1390986702593808
4223,2018-11-15,2.622,-121.45,48.54,9.2,5.6,7.4,7.5,6.4,2.07,C,11.1,4.6,7.5,96.9,94.0,96.2,0.28,0.312,0.239,0.198,0.235,6.9,6.7,6.9,7.0,7.2,uscrn_WA_Darrington_21_NNE_2018.txt,279.5224182124789,0.7930629913860612,0.1159935891628265,0.1488398431762913,0.0361642991302692,-8.272807962405814,-14.417199471797806,0.1090536821596081,0.1209607704483099,0.1185363127190706,0.2734972392942206,0.1941094215945481,0.1488044239832733
4223,2018-11-22,2.622,-121.45,48.54,9.7,5.7,7.7,7.2,15.6,3.29,C,12.0,4.7,6.7,96.7,89.1,95.5,0.302,0.317,0.235,0.189,0.227,5.8,5.6,5.6,5.8,5.9,uscrn_WA_Darrington_21_NNE_2018.txt,280.9388420460932,0.7930629913860612,0.5878525376319885,0.1541157102495548,0.0371061603008565,-8.121530879076415,-14.305539835769975,0.2659367723748717,0.2643751548498476,0.2558552768022741,0.3731309850819541,0.2847312362403446,0.2361575489349333
4223,2018-11-29,2.622,-121.45,48.54,8.1,3.3,5.7,5.6,0.0,3.47,C,9.4,-0.2,4.4,97.8,90.7,96.1,0.275,0.311,0.238,0.199,0.239,6.5,6.5,6.9,7.1,7.0,uscrn_WA_Darrington_21_NNE_2018.txt,275.51854693648113,0.7749024066823288,0.547487199306488,0.1622946309984307,0.0385462436688095,-7.896958471874671,-14.140179375454066,0.3537408125706723,0.3484654963024002,0.3371719159649338,0.461154548227052,0.3460151421166567,0.2911122483032717
4223,2018-12-06,2.622,-121.45,48.54,5.5,-5.1,0.2,-0.9,0.0,4.0,C,1.8,-9.4,-5.8,91.2,33.0,68.1,0.236,0.272,0.213,0.172,0.221,1.1,1.9,3.5,4.2,4.8,uscrn_WA_Darrington_21_NNE_2018.txt,275.4636880269814,0.7749024066823288,0.306990385055542,0.1474182268419236,0.0349225120179173,-8.314488168331913,-14.568945245231074,0.1164048547718259,0.1316964534519012,0.1304177982092728,0.3077459687459203,0.2072373372169466,0.158553550938279
4223,2018-12-13,2.622,-121.45,48.54,4.9,2.7,3.8,3.6,24.9,0.21,C,4.6,2.4,3.2,96.5,95.1,95.8,0.317,0.355,0.283,0.243,0.263,3.3,3.3,3.5,3.7,3.7,uscrn_WA_Darrington_21_NNE_2018.txt,275.44555649241147,0.806574132080397,0.7487820386886597,0.1508560367615513,0.0359760369820073,-8.214373061070035,-14.43986679001559,0.1050265767870364,0.1176658379519264,0.1169849694573638,0.2655813176951662,0.188419255732524,0.1457464041082739
4223,2018-12-20,2.622,-121.45,48.54,10.7,3.2,7.0,6.0,23.0,0.76,C,8.3,1.8,4.9,95.6,61.4,87.2,0.316,0.347,0.27,0.228,0.252,4.7,4.6,4.6,4.7,4.6,uscrn_WA_Darrington_21_NNE_2018.txt,274.1461467116357,0.806574132080397,0.4622756242752075,0.169224358910648,0.0403028167345393,-7.715371225082654,-13.946646002728134,0.115585057594829,0.1230143735846666,0.1176585588990305,0.265293864664256,0.1709146149277498,0.1338472520641367
4223,2018-12-27,2.622,-121.45,48.54,3.4,0.1,1.8,1.3,1.4,2.42,C,2.5,-0.4,0.4,97.2,93.2,96.5,0.303,0.324,0.245,0.203,0.239,1.7,1.8,2.5,2.9,3.2,uscrn_WA_Darrington_21_NNE_2018.txt,273.8504679595278,0.7340707700339342,0.2582820355892181,0.1359360053976684,0.033422314005448,-8.666654963619663,-14.75963484873298,0.115585057594829,0.1230143735846666,0.1176585588990305,0.265293864664256,0.1709146149277498,0.1338472520641367
4223,2019-01-17,2.622,-121.45,48.54,11.4,5.1,8.2,7.2,6.5,2.57,C,10.3,2.5,5.3,96.5,40.5,81.7,0.26,0.287,0.218,0.176,0.223,2.9,2.5,2.3,2.4,2.5,uscrn_WA_Darrington_21_NNE_2019.txt,280.0817782462057,0.7448964865570353,0.2295833230018615,0.1233964017268472,0.0304616103975341,-9.086975042651671,-15.162471407808242,0.10643188806809,0.1202430498693522,0.1179486408635331,0.2705285277604635,0.1873154274950846,0.1436199279810068
4223,2019-01-31,2.622,-121.45,48.54,9.9,2.7,6.3,6.0,0.3,3.29,C,11.7,0.1,4.8,92.8,57.6,79.5,0.246,0.279,0.215,0.174,0.221,2.8,2.5,2.5,2.6,2.7,uscrn_WA_Darrington_21_NNE_2019.txt,275.52373243395164,0.7189907073871057,0.0949390977621078,0.1385835015588812,0.0335361432324463,-8.58288469640737,-14.744868841621496,0.4698647319602835,0.4605190225354822,0.4459769465275994,0.5547127710853043,0.3961405510294213,0.3151009414850695
4223,2019-03-21,2.622,-121.45,48.54,18.9,1.5,10.2,9.7,0.0,18.49,C,31.2,-3.6,7.3,89.0,28.9,62.5,0.243,0.287,0.22,0.181,0.225,5.0,4.4,3.7,3.3,2.8,uscrn_WA_Darrington_21_NNE_2019.txt,288.8256046735726,0.7168924823805798,0.0575961545109748,0.1272466822713578,0.0319442353511986,-8.953535322919945,-14.95607503109538,0.1432996390258902,0.1554788857020671,0.1537843838996434,0.3150038495150723,0.2442630864382614,0.1825433519479223
4223,2019-03-28,2.622,-121.45,48.54,17.7,2.7,10.2,9.1,0.0,20.99,C,33.8,0.2,10.1,88.1,28.0,64.0,0.243,0.283,0.216,0.176,0.221,7.0,6.4,5.7,5.5,5.1,uscrn_WA_Darrington_21_NNE_2019.txt,287.93903316469925,0.7168924823805798,0.0937483981251716,0.1158721780911967,0.0290146840068145,-9.360208293682213,-15.373821548890096,0.1567380274267756,0.1669159113497348,0.1630808737026839,0.3273363847313854,0.2498117774522356,0.1875232306153501
4223,2019-04-04,2.622,-121.45,48.54,18.6,4.7,11.6,10.7,0.3,24.12,C,30.9,1.6,12.5,96.8,37.2,79.2,0.26,0.284,0.213,0.17,0.215,9.4,8.7,7.6,7.1,6.5,uscrn_WA_Darrington_21_NNE_2019.txt,288.5478617200675,0.771527642913078,0.1215528845787048,0.1067925318556977,0.0270765797873176,-9.714591170384043,-15.67406194983375,0.1295543947042737,0.1402367159646664,0.1374430914082339,0.2975142218480092,0.2395562159114163,0.1782919209326808
4223,2019-04-25,2.622,-121.45,48.54,19.0,0.5,9.7,10.3,0.0,26.6,C,26.5,-1.6,11.6,96.4,34.1,69.7,0.234,0.278,0.211,0.171,0.219,11.4,11.1,10.7,10.5,10.0,uscrn_WA_Darrington_21_NNE_2019.txt,284.8139339516582,0.8374237431480035,0.209158644080162,0.1240654227352924,0.0306415919528014,-9.06349240319648,-15.136886751243908,0.1506482971941903,0.1648683835221662,0.1470693329028833,0.3572187977181736,0.2279503655868593,0.1698470764902995
4223,2019-05-09,2.622,-121.45,48.54,27.7,7.3,17.5,16.7,0.0,36.02,C,35.1,3.1,16.0,90.1,16.8,55.5,0.126,0.184,0.149,0.111,0.172,14.3,13.8,12.5,12.0,11.4,uscrn_WA_Darrington_21_NNE_2019.txt,292.79241086485183,0.8158585382406686,0.0433173067867755,0.1326165137102047,0.0299683698762386,-8.774023932263145,-15.233368797773633,0.137843815921565,0.156966656645482,0.14018442641039,0.3774045987725513,0.231770867746729,0.1670702457599709
4223,2019-05-23,2.622,-121.45,48.54,25.1,8.8,16.9,15.8,4.0,33.52,C,34.4,6.0,17.2,95.9,39.3,77.6,0.172,0.202,0.142,0.097,0.159,16.0,15.6,14.3,13.8,13.2,uscrn_WA_Darrington_21_NNE_2019.txt,293.54372400224844,0.843600642129993,0.1424999982118606,0.1475677711130504,0.0329998541208132,-8.310084823239968,-14.81487979960472,0.1278347633191895,0.1488460100937428,0.125537256407575,0.4382291927309307,0.2522779325487987,0.1702376876468345
4223,2019-05-30,2.622,-121.45,48.54,24.2,12.3,18.2,17.6,0.0,36.38,C,32.4,10.2,19.9,93.1,55.4,77.8,0.149,0.187,0.143,0.103,0.159,17.6,17.0,15.5,15.0,14.2,uscrn_WA_Darrington_21_NNE_2019.txt,293.1055206576728,0.843600642129993,0.0522083342075347,0.1736021065001661,0.0378992923648611,-7.604450093677765,-14.213688988684734,0.1261756005672409,0.1483405741488134,0.1249308265346749,0.4354339620027364,0.2505950699107033,0.1685641908274048
4223,2019-06-06,2.622,-121.45,48.54,18.4,8.1,13.3,11.7,2.9,27.79,C,31.4,7.5,13.9,95.2,38.2,73.2,0.085,0.119,0.102,0.078,0.139,15.8,15.7,15.2,15.1,14.7,uscrn_WA_Darrington_21_NNE_2019.txt,292.0410944150004,0.8706994466196822,0.0319679491221904,0.1957575273752161,0.0411435478689029,-7.0828152922063845,-13.856982611718838,0.1253460191912644,0.1480878561763488,0.1246276115982214,0.4340363466386427,0.2497536385916579,0.1677274424176911
4223,2019-06-13,2.622,-121.45,48.54,28.5,12.5,20.5,19.3,0.0,35.83,C,36.7,9.2,19.8,93.7,41.4,63.5,0.081,0.104,0.081,0.063,0.127,18.8,18.2,16.6,16.0,15.3,uscrn_WA_Darrington_21_NNE_2019.txt,292.58067959527824,0.8706994466196822,0.0239903833717107,0.1579348720534265,0.0347636376124517,-8.015219670894146,-14.58874785952986,0.1291022018842041,0.1505988468013947,0.1297851681839761,0.4409238717319463,0.2497948103391926,0.1703271653188426
4223,2019-06-20,2.622,-121.45,48.54,16.6,8.6,12.6,12.3,2.4,20.05,C,25.5,8.0,14.2,95.1,59.8,83.1,0.076,0.084,0.058,0.046,0.106,16.1,16.2,15.9,16.0,15.6,uscrn_WA_Darrington_21_NNE_2019.txt,292.00159327069787,0.8419442286609244,0.0740865394473075,0.1442447584572884,0.031135110087961,-8.408999592081758,-15.067495943553167,0.1291022018842041,0.1505988468013947,0.1297851681839761,0.4409238717319463,0.2497948103391926,0.1703271653188426
4223,2019-06-27,2.622,-121.45,48.54,19.1,11.6,15.4,14.2,16.6,16.36,C,27.1,12.1,15.5,95.7,63.9,89.3,0.127,0.153,0.091,0.043,0.097,16.8,16.7,16.1,16.0,15.6,uscrn_WA_Darrington_21_NNE_2019.txt,293.53536352686103,0.8419442286609244,0.1189054474234581,0.1258319042291854,0.0274449484830686,-9.002092311166004,-15.615375800960663,0.1238764502702706,0.1418140549209913,0.1217555956440057,0.4127790762659505,0.2353815659490261,0.1611636604223723
4223,2019-07-18,2.622,-121.45,48.54,20.0,11.5,15.7,14.8,1.8,26.7,C,27.4,10.6,16.6,95.1,52.7,81.2,0.158,0.174,0.159,0.112,0.109,17.8,17.7,17.1,17.1,16.8,uscrn_WA_Darrington_21_NNE_2019.txt,296.8533285553682,0.8518393108848868,0.0413942299783229,0.1483054670284692,0.033064013883086,-8.28842839150082,-14.80644425372537,0.1211840802538348,0.1403192361519854,0.1221425520503484,0.4096084837484864,0.241464779234013,0.1626459270642451
4223,2019-07-25,2.622,-121.45,48.54,28.7,7.9,18.3,17.6,0.0,38.38,C,35.3,5.8,18.5,95.8,33.9,68.8,0.114,0.138,0.113,0.077,0.109,17.9,17.7,17.1,17.1,16.9,uscrn_WA_Darrington_21_NNE_2019.txt,296.6803153456998,0.8679590602975726,0.0015064101899042,0.1426130082150677,0.0315433528920766,-8.458408592080998,-15.010921453402036,0.1240196819305831,0.1414267276612418,0.1240468944146547,0.4000177253372833,0.2379170636135503,0.1613654422764706
4223,2019-08-01,2.622,-121.45,48.54,30.6,11.0,20.8,19.8,0.0,36.1,C,38.2,9.2,20.9,95.2,26.5,65.9,0.084,0.103,0.079,0.058,0.092,19.3,19.0,18.0,17.8,17.3,uscrn_WA_Darrington_21_NNE_2019.txt,297.69994481066993,0.8679590602975726,0.0060288459062576,0.1283894744787783,0.0282025316434733,-8.914705787839551,-15.497119048210305,0.1261227091687323,0.1427971105517571,0.1260657424947102,0.3985296220004477,0.2409894790408108,0.1627957502134153
4223,2019-08-08,2.622,-121.45,48.54,24.2,11.8,18.0,18.0,0.0,27.57,C,33.8,9.4,19.7,95.7,58.6,78.1,0.091,0.106,0.084,0.06,0.087,19.6,19.4,18.6,18.4,17.9,uscrn_WA_Darrington_21_NNE_2019.txt,297.5006119007467,0.8510606525711308,0.0480769202113151,0.1249346501679539,0.0278542157633494,-9.033170949345886,-15.551090646123448,0.1243553129809231,0.1409694135954043,0.1253243189961935,0.3920367135052737,0.2380264170351004,0.1612248192542088
4223,2019-08-15,2.622,-121.45,48.54,27.9,11.5,19.7,19.3,0.0,32.33,C,35.9,8.7,19.6,95.6,36.3,69.1,0.084,0.094,0.072,0.051,0.079,19.4,19.3,18.4,18.3,17.8,uscrn_WA_Darrington_21_NNE_2019.txt,293.3478440134907,0.8510606525711308,0.0603846125304698,0.1377402187795454,0.0301120284666731,-8.609392315389236,-15.21259987688503,0.1359726050285315,0.1478131755939792,0.1305676312822568,0.3855796791840772,0.2334977650698105,0.16101651560328
4223,2019-08-29,2.622,-121.45,48.54,31.0,10.3,20.6,20.1,0.0,23.85,C,38.0,7.5,19.8,95.6,33.0,67.4,0.086,0.085,0.063,0.043,0.071,18.2,18.0,17.3,17.3,16.9,uscrn_WA_Darrington_21_NNE_2019.txt,295.6359355175459,0.843564818585226,0.0324006415903568,0.1671766195786652,0.0348385385109301,-7.768244607365848,-14.579400720900772,0.1760797419708934,0.1830087775400366,0.1696272546414895,0.3587817204566724,0.2397936416497605,0.1851118582616016
4223,2019-09-19,2.622,-121.45,48.54,20.1,12.1,16.1,15.1,0.0,16.07,C,25.7,11.8,16.1,95.4,57.9,83.9,0.215,0.261,0.198,0.151,0.17,16.2,16.0,15.7,15.9,15.8,uscrn_WA_Darrington_21_NNE_2019.txt,286.8668381112985,0.6721849595405904,0.2207692265510559,0.1219528522136,0.0281872125707921,-9.1380803802231,-15.49947869320948,0.1442030115303167,0.1562791392308196,0.1435889827167111,0.3551927863824964,0.2372050178595214,0.1732136199091855
4223,2019-09-26,2.622,-121.45,48.54,17.5,6.2,11.9,12.0,31.7,10.76,C,23.3,3.8,12.2,95.6,55.8,89.5,0.271,0.317,0.244,0.216,0.236,14.7,14.9,15.1,15.4,15.3,uscrn_WA_Darrington_21_NNE_2019.txt,283.7689536256324,0.7847235238841038,0.1250432729721069,0.120723525025542,0.0274531569820199,-9.182080920131924,-15.614077065495891,0.1442030115303167,0.1562791392308196,0.1435889827167111,0.3551927863824964,0.2372050178595214,0.1732136199091855
4223,2019-10-10,2.622,-121.45,48.54,13.3,-2.2,5.6,3.7,0.0,12.82,C,13.6,-4.2,1.3,95.9,30.2,78.1,0.24,0.29,0.22,0.184,0.225,7.2,8.1,9.9,10.8,11.3,uscrn_WA_Darrington_21_NNE_2019.txt,283.35639460370993,0.7097292560689119,0.0655929446220398,0.1252240431736896,0.028967076267277,-9.023122780331322,-15.38095337211369,0.1081494786368472,0.1275605355152251,0.1209833947680393,0.316748646004885,0.215779081106834,0.1555931401342291
4223,2019-10-17,2.622,-121.45,48.54,10.1,6.3,8.2,8.8,31.3,1.82,C,11.0,6.3,8.8,96.2,91.8,95.1,0.295,0.331,0.244,0.205,0.234,10.2,10.2,10.4,10.6,10.7,uscrn_WA_Darrington_21_NNE_2019.txt,284.2237717818999,0.7097292560689119,0.4787499904632568,0.1454068757995181,0.0346234972145691,-8.374150566737725,-14.606290674750367,0.130230707693766,0.1437286180012102,0.1393155137963511,0.2889290190600595,0.1975961720296435,0.1539655872275458
4223,2019-10-31,2.622,-121.45,48.54,10.7,-2.0,4.3,2.3,0.0,4.87,C,9.7,-4.9,-0.3,95.7,44.4,83.1,0.238,0.286,0.212,0.173,0.219,4.3,4.8,6.3,7.0,7.7,uscrn_WA_Darrington_21_NNE_2019.txt,280.91278972269066,0.7342260349778129,0.0439775623381137,0.11715134350873,0.0285245854244191,-9.31252726485865,-15.44780658888556,0.1222000215113276,0.1346517418444744,0.130398390767912,0.2874778981061909,0.2111703296686172,0.1636129001755289
4223,2019-11-07,2.622,-121.45,48.54,14.3,0.0,7.2,5.6,0.0,4.01,C,11.5,-3.7,1.8,93.6,36.9,77.8,0.228,0.273,0.203,0.161,0.211,4.2,4.5,5.4,5.9,6.3,uscrn_WA_Darrington_21_NNE_2019.txt,281.82112984822936,0.7342260349778129,0.0669583305716514,0.1239619519392854,0.0301356020811623,-9.06711593857517,-15.209201273115712,0.1095539447024207,0.1243440401212415,0.1216386625339986,0.2749245090592965,0.207995479683146,0.1556661131144222
4223,2019-11-14,2.622,-121.45,48.54,12.8,1.9,7.3,7.1,0.0,3.4,C,12.0,-1.1,5.2,97.3,54.5,86.6,0.252,0.287,0.211,0.171,0.216,6.2,6.2,6.8,7.1,7.2,uscrn_WA_Darrington_21_NNE_2019.txt,280.3644688026981,0.7920810232315325,0.4558653831481933,0.1368151851368303,0.0338419891181356,-8.638656975344789,-14.705441185159277,0.7032700762288921,0.6922954188215572,0.6726363687898536,0.6679928742194902,0.174469442306851,0.1139515646570104
4223,2019-11-21,2.622,-121.45,48.54,10.5,-1.8,4.4,1.8,0.0,3.36,C,5.0,-5.2,-2.2,96.8,43.4,86.4,0.26,0.309,0.228,0.191,0.231,3.7,4.4,5.9,6.7,7.1,uscrn_WA_Darrington_21_NNE_2019.txt,278.9667748735244,0.7920810232315325,0.456602543592453,0.1250730579299343,0.0303373801744815,-9.02836231893373,-15.180219260177084,0.2529051214544283,0.2539580077282767,0.2446260588987502,0.3307122855502517,0.1135971628750317,0.0684264993078648
4223,2019-11-28,2.622,-121.45,48.54,4.2,0.0,2.1,2.2,0.0,2.26,C,2.5,-3.7,-0.9,51.9,31.5,37.8,0.253,0.303,0.225,0.187,0.229,2.3,2.9,4.3,4.9,5.4,uscrn_WA_Darrington_21_NNE_2019.txt,275.5949443507588,0.7356906290785699,0.0688108950853347,0.1091824485145617,0.0265245576787738,-9.618471704766652,-15.763518496233964,0.0223551404618515,0.030628895439476,0.0277983941954802,0.1656316886682042,0.0887842200218277,0.0478233411822418
4223,2019-12-05,2.622,-121.45,48.54,7.8,3.0,5.4,5.7,0.6,1.03,C,8.5,0.1,4.5,97.2,84.2,93.1,0.276,0.327,0.242,0.206,0.24,4.9,4.8,4.9,5.0,5.0,uscrn_WA_Darrington_21_NNE_2019.txt,275.89749859471607,0.7356906290785699,0.0350288450717926,0.1257381726646451,0.0304144402319247,-9.005328554812014,-15.169201721789744,0.0114112783617353,0.0226466870829537,0.0209175286555263,0.1697376800850389,0.0907194572301266,0.0460385475212837
4223,2019-12-26,2.622,-121.45,48.54,2.8,-3.6,-0.4,-0.8,1.1,2.68,C,2.2,-6.5,-2.8,96.6,74.0,92.3,0.253,0.306,0.227,0.189,0.23,1.1,1.6,2.8,3.4,3.7,uscrn_WA_Darrington_21_NNE_2019.txt,273.8316779089376,0.1068001513965022,0.7130593061447144,0.1280114143272968,0.0313616457790279,-8.927513041150538,-15.036011547249798,0.2133783795459659,0.2107709375222234,0.2142943365502395,0.316847084135557,0.1230504670617942,0.0848150766478783
4223,2020-01-02,2.622,-121.45,48.54,5.5,1.6,3.6,2.9,16.7,0.73,C,5.7,1.8,3.0,96.1,84.4,93.0,0.313,0.359,0.27,0.234,0.252,4.1,4.0,4.0,4.1,4.0,uscrn_WA_Darrington_21_NNE_2020.txt,273.8316779089376,0.1068001513965022,0.4503669738769531,0.1310029823815852,0.0324734917790078,-8.82718817190634,-14.884710104555518,0.2133783795459659,0.2107709375222234,0.2142943365502395,0.316847084135557,0.1230504670617942,0.0848150766478783
4223,2020-01-23,2.622,-121.45,48.54,5.2,1.6,3.4,3.0,45.5,0.26,C,0.6,0.0,0.3,97.0,95.6,96.5,0.321,0.361,0.329,0.29,0.277,0.7,0.7,1.2,1.5,1.6,uscrn_WA_Darrington_21_NNE_2020.txt,273.6,0.2300116366483948,0.5601121783256531,0.1246658920798507,0.0302808484108819,-9.042523509135002,-15.188319609089987,0.449467515301366,0.4025475731649471,0.3809592215659046,0.3836042810770531,0.0924097263031238,0.0898001392505177
4223,2020-01-30,2.622,-121.45,48.54,6.5,-0.4,3.0,2.9,16.2,2.43,C,8.0,-2.4,2.1,97.3,77.3,94.2,0.3,0.353,0.263,0.226,0.25,1.8,1.6,1.7,1.8,1.7,uscrn_WA_Darrington_21_NNE_2020.txt,269.92914285714284,0.5386950822239628,0.996022403240204,0.1313330598071991,0.0328786851782423,-8.816259373941982,-14.830855582625064,0.2729671207526701,0.2510404397057939,0.2415723626950164,0.3207211828047809,0.1122423175846596,0.0972511705089366
4223,2020-02-06,2.622,-121.45,48.54,2.8,0.6,1.7,1.5,24.1,0.66,C,0.2,0.0,0.0,97.2,96.8,97.0,0.317,0.36,0.304,0.267,0.27,1.0,1.0,1.5,1.9,2.0,uscrn_WA_Darrington_21_NNE_2020.txt,262.471811023622,0.5386950822239628,0.8562948703765869,0.1268101172823993,0.0313199013428666,-8.968460957868182,-15.041796146318491,0.1685940235787744,0.1734244085914889,0.1750987365294073,0.3163173283931834,0.1958976880162981,0.1556800174116009
4223,2020-02-13,2.622,-121.45,48.54,4.7,-0.3,2.2,2.7,7.7,1.6,C,6.7,-2.6,2.1,97.3,91.4,95.3,0.287,0.335,0.242,0.205,0.239,2.1,1.9,1.9,2.0,1.9,uscrn_WA_Darrington_21_NNE_2020.txt,276.4354215851602,0.735446155050901,0.1421794891357422,0.1497833197101298,0.0348744654778262,-8.24536548193275,-14.574924401143177,0.2051893236317586,0.2103273997678385,0.2115283861896608,0.3455569503235207,0.2278090775913507,0.1811689252337224
4223,2020-03-05,2.622,-121.45,48.54,10.1,0.0,5.1,4.7,16.8,4.39,C,14.3,-1.4,4.6,96.6,55.5,87.7,0.294,0.344,0.251,0.212,0.242,3.9,3.7,3.7,3.7,3.5,uscrn_WA_Darrington_21_NNE_2020.txt,277.79736930860037,0.7164646463064478,0.2391634583473205,0.1099492665081624,0.0271210334757101,-9.588076635521231,-15.66693765238368,0.3782511891713777,0.3677211905501952,0.3698053685064122,0.436342170254874,0.1826998348257159,0.1736362797009054
4223,2020-03-19,2.622,-121.45,48.54,17.7,-2.5,7.6,5.9,0.0,12.35,C,25.3,-5.8,3.9,95.4,25.9,69.2,0.246,0.295,0.214,0.175,0.22,3.1,2.9,2.9,3.0,2.9,uscrn_WA_Darrington_21_NNE_2020.txt,283.28864024732997,0.7126263534325243,0.0496153831481933,0.1162472289886436,0.0283284136123923,-9.346173906899184,-15.477777452351084,0.0253805181147529,0.0372746919834859,0.0348895991670564,0.1909063666632051,0.1291638543247949,0.0713361837790783
4223,2020-03-26,2.622,-121.45,48.54,7.7,0.5,4.1,4.0,0.0,4.71,C,12.5,-0.2,4.5,96.0,64.4,87.9,0.252,0.296,0.21,0.17,0.214,4.9,4.8,4.7,4.6,4.4,uscrn_WA_Darrington_21_NNE_2020.txt,284.1645615514334,0.7126263534325243,0.1738862097263336,0.132362535026377,0.0326877744321889,-8.782349237619261,-14.85614647627732,0.025811318619941,0.0380503169777132,0.0361303757093146,0.1875776631953636,0.1285271975858345,0.0699272753070538
4223,2020-04-02,2.622,-121.45,48.54,9.6,-1.1,4.3,3.1,4.2,10.42,C,23.5,-3.0,4.9,96.3,45.0,85.5,0.283,0.336,0.238,0.202,0.236,5.5,5.4,5.4,5.4,5.2,uscrn_WA_Darrington_21_NNE_2020.txt,281.9836756604834,0.7563947950926654,0.1779727488756179,0.1326971975092511,0.0314485685071226,-8.771382490957755,-15.023991182189189,0.4346643961955408,0.4316690044508338,0.4375571121638056,0.5521840460838756,0.4577006381285999,0.3961980955964312
4223,2020-04-09,2.622,-121.45,48.54,21.2,0.5,10.8,9.7,0.0,17.59,C,30.4,-2.6,9.1,94.6,28.3,65.2,0.246,0.307,0.216,0.178,0.222,7.5,7.1,6.4,6.1,5.7,uscrn_WA_Darrington_21_NNE_2020.txt,286.4211980044969,0.7563947950926654,0.0536698698997497,0.1206450396977667,0.0294539373565253,-9.184905293388947,-15.308566411854043,0.1721086923126658,0.1784442936110465,0.1763676638441536,0.3374935434966738,0.2522864935900585,0.1895124641510312
4223,2020-04-16,2.622,-121.45,48.54,21.4,0.8,11.1,10.1,0.0,19.96,C,30.9,-3.4,9.2,86.0,13.5,53.3,0.216,0.279,0.197,0.157,0.207,8.6,8.3,7.7,7.4,6.9,uscrn_WA_Darrington_21_NNE_2020.txt,288.03666947723434,0.7844632524145136,0.0940544828772544,0.1220991671951058,0.0306045233600172,-9.132872982484304,-15.142143798872675,0.0404266069312772,0.0518270650791686,0.0436229530991836,0.2282894084918887,0.1450823472676218,0.0805236748470918
4223,2020-04-23,2.622,-121.45,48.54,12.3,5.4,8.9,9.0,4.3,5.82,C,17.8,3.2,10.1,96.0,86.4,93.6,0.248,0.33,0.208,0.158,0.2,10.5,10.2,9.5,9.2,8.8,uscrn_WA_Darrington_21_NNE_2020.txt,291.39018549747044,0.7844632524145136,0.1796314120292663,0.1349307340981335,0.032267252224647,-8.69889116829449,-14.912380161418804,0.0387275551435055,0.0516449764816524,0.0392866063436942,0.224571641069521,0.1360881991612922,0.0692317276846121
4223,2020-05-07,2.622,-121.45,48.54,21.6,3.0,12.3,10.6,0.0,25.01,C,27.3,1.6,11.9,96.8,26.6,74.6,0.293,0.348,0.241,0.203,0.235,11.9,11.6,10.8,10.7,10.2,uscrn_WA_Darrington_21_NNE_2020.txt,291.9813962900506,0.8517661028452104,0.1150112152099609,0.1608672641032855,0.0380732575045598,-7.935323242400675,-14.193799638545949,0.0241563578828446,0.0458055512581121,0.025805424844282,0.2807796179775056,0.134876916280426,0.0623645423311894
4223,2020-05-14,2.622,-121.45,48.54,15.5,7.0,11.3,10.9,1.9,10.29,C,19.9,5.5,12.1,95.9,67.2,88.8,0.249,0.311,0.207,0.165,0.209,13.2,13.1,12.4,12.3,11.7,uscrn_WA_Darrington_21_NNE_2020.txt,294.19344154019115,0.8517661028452104,0.0992467924952507,0.15638198751738,0.0364434628491851,-8.058132715594867,-14.383803631798136,0.022170433419323,0.0428639950776563,0.0245470860051394,0.2775847193005367,0.1361930579727518,0.0623233596666268
4223,2020-05-21,2.622,-121.45,48.54,13.0,7.9,10.4,9.4,6.3,14.11,C,22.6,8.1,11.4,95.2,71.0,87.9,0.272,0.32,0.218,0.176,0.218,13.6,13.4,12.8,12.6,12.2,uscrn_WA_Darrington_21_NNE_2020.txt,290.2549494097807,0.8749576350822241,0.1004166677594184,0.1526957982610599,0.0339237617482866,-8.161729132850477,-14.694959955680249,0.0230590865553308,0.0476160511344193,0.0235078230680451,0.3367531550708577,0.1463145576717818,0.0649251127341608
4223,2020-05-28,2.622,-121.45,48.54,28.0,8.5,18.2,17.4,0.0,23.33,C,30.9,6.3,17.0,90.2,28.9,64.1,0.249,0.306,0.213,0.174,0.218,15.4,15.0,13.8,13.5,12.9,uscrn_WA_Darrington_21_NNE_2020.txt,290.9617200674536,0.8749576350822241,0.2138461470603943,0.1403966416248993,0.0314033042153057,-8.526432806764317,-15.030246536154118,0.3086127391187797,0.3053529179844161,0.2865422604622357,0.4962383905765031,0.3077545707621973,0.2225076428035604
4223,2020-06-04,2.622,-121.45,48.54,17.7,6.0,11.8,11.0,0.0,11.16,C,20.3,4.1,11.0,94.8,54.9,82.3,0.252,0.306,0.211,0.17,0.214,13.6,13.7,13.3,13.3,12.9,uscrn_WA_Darrington_21_NNE_2020.txt,288.5857419898819,0.8981030749151662,0.2428044825792312,0.1501803104813655,0.0327359636883167,-8.23387002150866,-14.849748696997407,0.5941663916822294,0.5630897848344134,0.5495766978564243,0.6557236260821455,0.4691945838526136,0.3800901728729591
4223,2020-06-25,2.622,-121.45,48.54,26.6,12.7,19.6,19.1,0.0,26.52,C,29.5,11.8,19.6,94.4,52.9,77.1,0.219,0.271,0.181,0.139,0.19,18.1,17.6,16.1,15.7,15.1,uscrn_WA_Darrington_21_NNE_2020.txt,292.8481821247892,0.8827300234925611,0.0789455100893974,0.1530807656281838,0.0340503174655928,-8.150793743331933,-14.678788346201411,0.0229901450629164,0.043188997740142,0.0230494410782685,0.3114985015295523,0.1344824805421525,0.0583660216718006
4223,2020-07-09,2.622,-121.45,48.54,18.9,12.6,15.8,15.2,5.4,9.01,C,21.0,12.5,15.6,95.0,75.7,89.3,0.218,0.258,0.171,0.128,0.18,16.4,16.2,15.5,15.4,15.0,uscrn_WA_Darrington_21_NNE_2020.txt,293.2839392917369,0.8801311981205958,0.0269551277160644,0.1527594258351119,0.0332470777038882,-8.159919826443025,-14.78246521574424,0.0220946599713352,0.0397964987725857,0.0213992708294036,0.2984649804812214,0.1290878870077698,0.0588593175489371
4223,2020-07-16,2.622,-121.45,48.54,26.2,11.7,18.9,19.0,0.0,22.64,C,29.6,9.8,19.0,95.0,51.7,73.9,0.183,0.22,0.149,0.11,0.165,17.9,17.5,16.2,16.0,15.5,uscrn_WA_Darrington_21_NNE_2020.txt,294.7385652051714,0.8801311981205958,0.0049038459546864,0.1597920039849303,0.0353883474638817,-7.964449566372081,-14.511397172176425,0.0252210152323128,0.0448844987343037,0.0244194866148459,0.3163592860331166,0.1436490734715912,0.064215344843953
4223,2020-07-23,2.622,-121.45,48.54,22.8,13.2,18.0,16.9,0.0,15.66,C,28.4,12.0,17.3,90.5,56.5,77.0,0.123,0.146,0.113,0.085,0.144,18.6,18.4,17.5,17.3,16.7,uscrn_WA_Darrington_21_NNE_2020.txt,298.5797901442758,0.8766899295223184,0.0,0.1590183914904916,0.0352142167993114,-7.98552643849836,-14.532819663237513,0.0205984839020592,0.0406239265285202,0.0226447939413951,0.3070844800718628,0.1438136969515679,0.0626482904725964
4223,2020-07-30,2.622,-121.45,48.54,32.7,12.8,22.8,21.5,0.0,23.16,C,36.2,10.7,21.9,94.4,34.6,69.9,0.085,0.097,0.074,0.059,0.124,19.3,18.8,17.5,17.3,16.8,uscrn_WA_Darrington_21_NNE_2020.txt,299.1568165636125,0.8766899295223184,0.003440705128014,0.1784805520908992,0.038431802187588,-7.484090993263017,-14.153092496294995,0.0219295872378952,0.0403129047688045,0.0234112981296495,0.2927720156036716,0.1372027444554359,0.0599052847758216
4223,2020-08-06,2.622,-121.45,48.54,16.3,12.6,14.5,14.2,7.0,3.87,C,17.4,11.2,14.2,95.1,84.1,90.7,0.073,0.074,0.052,0.038,0.101,17.5,17.7,17.4,17.4,17.0,uscrn_WA_Darrington_21_NNE_2020.txt,295.49544294547496,0.8664975880971028,0.0163894221186637,0.1563777118914861,0.0335810566974027,-8.05825145728288,-14.739056420088517,0.0258270152347613,0.0419737335887095,0.0245865790233055,0.2894390801074974,0.1366863949918345,0.0608061963086204
4223,2020-08-13,2.622,-121.45,48.54,23.3,5.3,14.3,13.8,0.0,20.75,C,31.0,3.2,14.5,95.9,34.5,70.8,0.073,0.074,0.05,0.035,0.089,15.8,16.0,16.0,16.2,16.1,uscrn_WA_Darrington_21_NNE_2020.txt,297.16891207607273,0.8664975880971028,0.0151602560654282,0.1429954339695768,0.0312473587210299,-8.446778299019071,-15.051866868434672,0.0325479367486823,0.0492689496301062,0.033973580594534,0.297830670193612,0.1476550978759867,0.0735866566137655
4223,2020-08-27,2.622,-121.45,48.54,25.7,6.9,16.3,15.8,0.0,17.73,C,33.2,4.7,15.8,95.4,36.6,71.1,0.064,0.066,0.044,0.024,0.069,15.8,16.0,15.9,16.1,15.9,uscrn_WA_Darrington_21_NNE_2020.txt,293.81745118980695,0.8491230592534589,0.0612788461148738,0.1355367528435441,0.0296494050609091,-8.679429232925951,-15.279840166793637,0.0161424483636311,0.0333664463424789,0.020021534770397,0.2715602914595799,0.1288147130224105,0.0579729403793456
4223,2020-09-03,2.622,-121.45,48.54,28.2,10.2,19.2,17.4,0.0,15.38,C,34.3,7.9,17.4,95.7,38.0,75.4,0.059,0.062,0.041,0.022,0.063,16.1,16.0,15.6,15.7,15.5,uscrn_WA_Darrington_21_NNE_2020.txt,296.06938504777963,0.8491230592534589,0.0370961539447307,0.1435147580141315,0.0316720313367029,-8.431034369470918,-14.99324081559261,0.0173783828177347,0.0343758285939971,0.0218034630612211,0.2681368818967986,0.1294306942394493,0.0579867981762223
4223,2020-09-10,2.622,-121.45,48.54,31.4,9.2,20.3,18.6,0.0,13.78,C,36.9,6.6,17.4,91.6,21.7,64.5,0.052,0.055,0.035,0.017,0.059,15.6,15.6,15.2,15.4,15.2,uscrn_WA_Darrington_21_NNE_2020.txt,297.9444600698627,0.8319978334638481,0.0120192300528287,0.1417866027659085,0.0313253341400249,-8.483648031424728,-15.04104287791273,0.0188092097975475,0.0355481316471034,0.0231900846019509,0.2674181914392473,0.1304807032924573,0.0583046003416663
4223,2020-09-17,2.622,-121.45,48.54,23.3,11.1,17.2,16.5,0.0,8.88,C,26.3,9.4,16.1,95.9,56.7,84.4,0.053,0.056,0.035,0.017,0.057,16.2,16.2,15.7,15.7,15.3,uscrn_WA_Darrington_21_NNE_2020.txt,293.2621332209106,0.8319978334638481,0.1418269127607345,0.1615174523400643,0.0352908317044491,-7.917805442586829,-14.52338106434688,0.1401678272545741,0.1450746346384936,0.1213435779671029,0.2765160374464046,0.1399582625701883,0.0642699204859846
4223,2020-09-24,2.622,-121.45,48.54,13.5,11.6,12.5,12.5,47.2,1.16,C,14.2,11.3,12.5,95.5,93.4,94.9,0.212,0.356,0.251,0.201,0.177,14.3,14.4,14.7,15.0,15.0,uscrn_WA_Darrington_21_NNE_2020.txt,295.17907251264756,0.8210337927434097,0.3281089663505554,0.1676372197611487,0.0374407815124149,-7.75629550489136,-14.266550946832094,0.0128222623551866,0.0291520240735468,0.0189506660221057,0.2336815729265751,0.122053880402134,0.0567093466109308
4223,2020-10-01,2.622,-121.45,48.54,21.5,8.7,15.1,14.4,0.0,6.21,C,22.4,7.0,13.3,95.8,50.9,85.4,0.216,0.287,0.208,0.167,0.214,13.3,13.3,13.4,13.6,13.6,uscrn_WA_Darrington_21_NNE_2020.txt,293.72856661045523,0.8210337927434097,0.0744855776429176,0.1498444222932755,0.0343145337113478,-8.243594182994899,-14.645218982147927,0.028596362259671,0.0409122616685601,0.0294475741219946,0.2134324343757046,0.1176951425128278,0.0558194631115222
4223,2020-10-29,2.622,-121.45,48.54,14.1,6.7,10.4,10.0,0.0,4.66,C,16.2,4.7,9.8,95.9,69.8,90.4,0.293,0.311,0.223,0.181,0.224,9.4,9.2,9.1,9.2,9.2,uscrn_WA_Darrington_21_NNE_2020.txt,281.0115244519393,0.8059914173844952,0.2933269143104553,0.150903919731918,0.0355260709456043,-8.212994792712394,-14.49452821246913,0.1464229533829591,0.1510821062750866,0.1406871421961134,0.2704500997055054,0.1976079118064471,0.1684116137135224
4223,2020-11-05,2.622,-121.45,48.54,15.5,4.0,9.8,8.2,31.2,0.15,C,13.0,3.5,7.8,96.3,76.0,93.1,0.35,0.378,0.283,0.241,0.261,9.2,9.1,8.9,9.0,8.9,uscrn_WA_Darrington_21_NNE_2020.txt,282.52773355817874,0.8059914173844952,0.5410673022270203,0.1325442008471331,0.0312143326821902,-8.776392690262126,-15.05645945228618,0.0120614570191308,0.024116823299851,0.0194408487326288,0.185633560086993,0.0948444752109486,0.0487373992303326
4223,2020-11-12,2.622,-121.45,48.54,4.5,0.1,2.3,1.9,17.6,1.57,C,5.1,-0.1,1.8,96.5,75.9,92.0,0.314,0.333,0.237,0.192,0.231,4.7,4.9,5.8,6.3,6.7,uscrn_WA_Darrington_21_NNE_2020.txt,279.4750252951096,0.8294561002349263,0.3944871723651886,0.1199109380204126,0.0288403359462238,-9.211411996764271,-15.39999685050339,0.013044842539414,0.0243431037775249,0.0202004153811895,0.1874215645000988,0.0941786558769497,0.0483646994762834
4223,2020-11-19,2.622,-121.45,48.54,7.0,3.0,5.0,4.8,9.2,1.64,C,9.4,1.6,4.6,96.2,90.6,94.9,0.339,0.365,0.267,0.225,0.25,5.7,5.7,5.9,6.1,6.1,uscrn_WA_Darrington_21_NNE_2020.txt,278.95917369308603,0.8294561002349263,0.5050320625305176,0.1393118536226061,0.0332969403638867,-8.56011929205111,-14.775956717227878,0.0268000564547171,0.0327519171734849,0.0244623448037791,0.17656729388937,0.0753308016069062,0.0416807086452504
4223,2020-11-26,2.622,-121.45,48.54,7.5,3.7,5.6,5.2,2.8,1.89,C,8.1,3.3,5.1,96.3,86.5,94.8,0.324,0.35,0.251,0.208,0.242,5.7,5.6,5.7,5.9,5.9,uscrn_WA_Darrington_21_NNE_2020.txt,278.7581669477234,0.8290600104411386,0.1960080116987228,0.1478795127301085,0.0355096387698441,-8.300919891171464,-14.49653745638721,0.0397911305276909,0.047377056743946,0.0416635167761095,0.1874360891092039,0.0923281940288427,0.0594127730772983
4223,2020-12-03,2.622,-121.45,48.54,8.7,-1.2,3.8,3.4,0.0,2.83,C,7.8,-3.0,1.9,97.0,59.3,90.8,0.303,0.33,0.236,0.191,0.233,2.8,3.1,4.1,4.6,4.9,uscrn_WA_Darrington_21_NNE_2020.txt,279.4742017987634,0.8290600104411386,0.1714086532592773,0.1348344201776106,0.0323606923256567,-8.701992280897647,-14.899821956507392,0.0462632283818664,0.0546885644977614,0.0502618722834714,0.1928704867191207,0.1008268902398106,0.0682788052933224
4223,2020-12-24,2.622,-121.45,48.54,5.9,-2.5,1.7,0.7,0.0,2.32,C,3.4,-4.4,-1.2,95.9,62.7,89.3,0.308,0.335,0.244,0.196,0.237,1.9,2.4,3.5,4.1,4.4,uscrn_WA_Darrington_21_NNE_2020.txt,276.25424957841483,0.7845954476637961,0.4369070529937744,0.1389160684153825,0.0334653869293353,-8.572475165336515,-14.75404149285798,0.0723484393050835,0.0786788148248548,0.0746171877738644,0.2552044960456646,0.1092827128711745,0.0682828214071215
4223,2020-12-31,2.622,-121.45,48.54,5.6,2.9,4.3,4.1,12.4,0.97,C,6.0,2.5,3.8,96.1,92.6,94.4,0.355,0.382,0.293,0.242,0.26,2.8,2.7,2.8,3.0,3.1,uscrn_WA_Darrington_21_NNE_2020.txt,276.43069983136587,0.6703271574001569,0.5645384192466736,0.1458642979877326,0.0354680386619774,-8.360509938111727,-14.501628268038289,0.0723484393050835,0.0786788148248548,0.0746171877738644,0.2552044960456646,0.1092827128711745,0.0682828214071215
4223,2021-03-04,2.622,-121.45,48.54,13.7,-0.8,6.4,4.6,3.2,6.91,C,15.8,-4.0,3.9,96.2,46.7,83.6,0.306,0.33,0.241,0.182,0.233,2.3,2.2,2.2,2.3,2.2,uscrn_WA_Darrington_21_NNE_2021.txt,278.35507026419333,0.7408646985121383,0.153599351644516,0.1217362361937421,0.0299809177019524,-9.145801297684674,-15.231550777320964,0.0231545253747428,0.03590727067316,0.0338701743152069,0.1973980914232563,0.1180290500417147,0.0637431047290084
4223,2021-03-11,2.622,-121.45,48.54,13.1,-3.2,5.0,3.2,0.0,10.93,C,15.5,-6.5,0.5,95.3,30.0,72.5,0.305,0.33,0.24,0.18,0.231,1.7,1.9,2.4,2.7,2.7,uscrn_WA_Darrington_21_NNE_2021.txt,279.58723861720074,0.7408646985121383,0.1215384602546691,0.1202748835333291,0.0298216936302896,-9.198250549687945,-15.254676957789796,0.025148563943564,0.0329842740060249,0.0311019826923391,0.1857631013504066,0.1121453181478715,0.0634144072371538
4223,2021-03-18,2.622,-121.45,48.54,13.8,0.2,7.0,6.6,7.3,4.57,C,14.4,-3.0,5.4,95.6,51.7,79.4,0.308,0.328,0.236,0.175,0.226,3.6,3.3,3.2,3.2,3.1,uscrn_WA_Darrington_21_NNE_2021.txt,282.3935581787521,0.7223800417645527,0.1808333247900009,0.1259241633392022,0.031701709942935,-8.998909259844446,-14.989173119540832,0.6451442935164561,0.6266149571949062,0.6349359122110804,0.6972378653907199,0.503213916271411,0.4014394441530613
4223,2021-03-25,2.622,-121.45,48.54,12.3,3.1,7.7,6.4,0.0,10.87,C,19.4,0.2,6.8,95.5,52.9,86.6,0.33,0.355,0.264,0.203,0.244,5.9,5.4,4.8,4.7,4.4,uscrn_WA_Darrington_21_NNE_2021.txt,283.51843170320404,0.7223800417645527,0.2773237228393554,0.1290037642205837,0.0318742302636686,-8.893976171706953,-14.965602942843454,0.4537387470324538,0.4441071078191635,0.443468532370989,0.5337239023129744,0.3405206182409173,0.2785784129647545
4223,2021-04-01,2.622,-121.45,48.54,15.6,0.8,8.2,7.1,0.0,11.73,C,22.7,-2.4,6.4,96.1,33.4,73.4,0.308,0.331,0.241,0.182,0.232,5.5,5.1,4.9,4.9,4.7,uscrn_WA_Darrington_21_NNE_2021.txt,282.7323566610455,0.7708626155050905,0.2166201919317245,0.1256585844659112,0.0309425260143537,-9.008078368857667,-15.094442352612395,0.1015737915235127,0.1112243529602781,0.1062337300965962,0.2567352700984865,0.1427184627290376,0.0970052501885432
4223,2021-04-08,2.622,-121.45,48.54,9.6,2.0,5.8,4.9,4.8,11.63,C,16.9,-1.5,5.4,95.4,50.4,80.5,0.346,0.372,0.272,0.203,0.24,6.1,5.8,5.6,5.5,5.3,uscrn_WA_Darrington_21_NNE_2021.txt,284.5406263550952,0.7708626155050905,0.1524358987808227,0.1387712425546594,0.0337903043721551,-8.577005230295697,-14.712078962229713,0.0209071382666498,0.0360317113758425,0.0333500188794454,0.1999979355301153,0.125164033988344,0.0676491843945942
4223,2021-04-22,2.622,-121.45,48.54,18.5,2.5,10.5,10.9,0.0,20.07,C,28.8,-1.2,10.8,93.8,43.4,67.9,0.241,0.256,0.199,0.145,0.2,9.9,9.4,8.6,8.3,7.7,uscrn_WA_Darrington_21_NNE_2021.txt,292.3612620452903,0.8242663586530937,0.0313942283391952,0.133477578132597,0.033040464525412,-8.74591681948254,-14.809538554374605,0.0249365493325535,0.0407300029278998,0.0312953966759042,0.2303306703688865,0.1390586559837832,0.0718906074284972
4223,2021-04-29,2.622,-121.45,48.54,25.1,6.2,15.7,14.4,0.0,18.96,C,30.2,2.8,14.7,91.5,17.3,62.0,0.252,0.258,0.197,0.14,0.195,11.9,11.2,10.0,9.6,9.0,uscrn_WA_Darrington_21_NNE_2021.txt,287.4520432827431,0.8242663586530937,0.0703205093741417,0.1172572840468026,0.0284948380862815,-9.308601693116076,-15.452338064365712,0.027117405446695,0.0500773729760517,0.0270922712457193,0.298075294901616,0.1414473298187412,0.0665366209164228
4223,2021-05-06,2.622,-121.45,48.54,19.0,7.3,13.2,13.1,1.5,4.83,C,21.2,7.2,12.2,93.9,42.8,68.8,0.264,0.274,0.208,0.153,0.202,11.6,11.2,10.6,10.4,9.9,uscrn_WA_Darrington_21_NNE_2021.txt,288.1780432827431,0.8895926076742372,0.0471794866025447,0.125667830000524,0.029163605532728,-9.007758841387794,-15.351587846692432,0.0659039009007716,0.0824846944784883,0.0585510954919357,0.3300949555656963,0.1637493752088671,0.0920593789780799
4223,2021-05-13,2.622,-121.45,48.54,23.6,7.3,15.4,14.5,0.0,26.02,C,30.6,3.7,15.3,92.9,37.8,69.1,0.235,0.248,0.19,0.142,0.193,12.9,12.3,11.1,10.7,10.2,uscrn_WA_Darrington_21_NNE_2021.txt,291.87148960089934,0.8895926076742372,0.050528846681118,0.1415002808418263,0.0317124152531644,-8.492426981754901,-14.98770680357748,0.0655151307823101,0.0823686378855552,0.0608855601119211,0.3384880236542248,0.1615816484276655,0.0913496913853304
4223,2021-05-20,2.622,-121.45,48.54,17.5,5.2,11.3,10.1,5.7,20.83,C,27.0,3.6,12.2,95.8,48.3,82.2,0.246,0.262,0.194,0.136,0.185,12.3,12.0,11.3,11.2,10.9,uscrn_WA_Darrington_21_NNE_2021.txt,290.94160427206293,0.8834984547115639,0.0543589740991592,0.1420628167535691,0.0313205048786468,-8.475195785953705,-15.041712458400491,0.0238304750141972,0.0480704576571257,0.0275093637710283,0.3307753556296633,0.1416471571160482,0.0649563512391494
4223,2021-05-27,2.622,-121.45,48.54,13.1,6.6,9.9,10.2,37.1,5.04,C,19.0,6.8,10.7,95.1,85.2,92.6,0.319,0.323,0.215,0.151,0.189,13.0,13.0,12.6,12.4,11.9,uscrn_WA_Darrington_21_NNE_2021.txt,293.02928611579534,0.8834984547115639,0.1024326905608177,0.149639124070552,0.0327702483093826,-8.249548426580025,-14.845202678337934,0.0202098808608494,0.046534787006134,0.0222140464244065,0.3508479589499756,0.1496707847506155,0.0651775183360981
4223,2021-06-24,2.622,-121.45,48.54,28.1,11.2,19.7,19.6,0.0,26.55,C,32.6,9.5,20.1,94.6,47.3,72.3,0.175,0.208,0.163,0.121,0.175,17.9,17.4,16.0,15.6,15.0,uscrn_WA_Darrington_21_NNE_2021.txt,302.2021600490572,0.862514753328113,0.0042467946186661,0.16238614188261,0.0366505430122734,-7.894510364293006,-14.359195864938776,0.0300452079676936,0.0513570089983678,0.030413069425614,0.3289067130367664,0.1437212675870134,0.0643242508816249
4223,2021-07-01,2.622,-121.45,48.54,23.3,16.7,20.0,19.3,0.0,10.87,C,28.1,16.5,19.9,88.4,60.5,76.7,0.091,0.098,0.093,0.073,0.137,19.8,19.4,18.1,17.8,17.0,uscrn_WA_Darrington_21_NNE_2021.txt,306.02157953906686,0.862514753328113,0.0109198717400431,0.2237726466261708,0.0476790880387915,-6.501930015670084,-13.216720599689156,0.0252199045444543,0.0446024764708022,0.0252150324789897,0.3295706969386574,0.1468364273311613,0.0642735097840929
4223,2021-07-08,2.622,-121.45,48.54,24.6,12.7,18.6,17.9,0.0,21.59,C,41.5,9.0,22.5,88.9,51.2,72.2,0.074,0.072,0.065,0.045,0.114,19.3,18.7,17.5,17.3,16.8,uscrn_WA_Darrington_21_NNE_2021.txt,297.0801278808319,0.8612545288436444,0.0066666663624346,0.1927487352948341,0.0409188105470511,-7.150084628556135,-13.880769991133509,0.0249944841237383,0.0437214506625501,0.0262383652102728,0.3215709535505535,0.1425513198084611,0.062704626469083
4223,2021-07-15,2.622,-121.45,48.54,22.8,10.7,16.7,16.1,0.0,20.14,C,41.2,6.6,19.0,94.7,46.7,75.4,0.065,0.063,0.056,0.035,0.096,18.7,18.5,17.7,17.6,17.1,uscrn_WA_Darrington_21_NNE_2021.txt,296.5678844090143,0.8612545288436444,0.0,0.1480071358954393,0.0323986375090291,-8.297173453800205,-14.894732532116675,0.0222653652813838,0.040794126372432,0.0243919494855475,0.3146007372248251,0.1387148588498541,0.0614077305320532
4223,2021-07-22,2.622,-121.45,48.54,25.3,9.8,17.6,17.4,0.0,25.85,C,42.4,6.9,21.3,91.0,29.8,60.8,0.059,0.058,0.047,0.028,0.081,18.7,18.2,17.4,17.2,16.8,uscrn_WA_Darrington_21_NNE_2021.txt,296.650084317032,0.8509005377186121,0.0,0.1479564386229043,0.0321816376389869,-8.298661308916204,-14.923918595695222,0.0187217009017285,0.0377327680961962,0.0223481102804451,0.3127266674701432,0.1384766033979893,0.0616656172632807
4223,2021-07-29,2.622,-121.45,48.54,33.1,10.3,21.7,21.1,0.0,24.73,C,48.6,6.0,23.8,94.2,24.2,60.3,0.052,0.052,0.043,0.021,0.069,20.0,19.4,18.1,17.8,17.2,uscrn_WA_Darrington_21_NNE_2021.txt,298.9243280699065,0.8509005377186121,0.0632051303982734,0.1423517154207889,0.0317687541511962,-8.466372949849296,-14.979998162043245,0.0246010711706691,0.0414857928582611,0.0260274689090083,0.3070420181593212,0.1377040224570248,0.0609745328547421
4223,2021-08-12,2.622,-121.45,48.54,37.8,16.7,27.3,24.9,0.0,16.06,C,44.3,12.9,24.4,93.2,16.4,57.9,0.126,0.151,0.11,0.046,0.071,20.6,20.3,19.0,18.7,18.0,uscrn_WA_Darrington_21_NNE_2021.txt,299.11610535613903,0.87168109109893,0.0331249982118606,0.2156563174270823,0.0453371920272597,-6.662378151274174,-13.435453815370336,0.0656553907021427,0.0721655192993782,0.0499371250805284,0.2973393747893239,0.1367757468620781,0.0624553125023995
4223,2021-08-19,2.622,-121.45,48.54,25.6,11.8,18.7,18.4,0.0,17.04,C,39.1,8.8,20.2,95.6,47.5,74.8,0.125,0.132,0.095,0.047,0.073,18.7,18.5,18.0,18.1,17.7,uscrn_WA_Darrington_21_NNE_2021.txt,297.0949112663615,0.87168109109893,0.007403845898807,0.1206613671257344,0.0261605719256042,-9.184317583184797,-15.823527656452145,0.0667338815772999,0.0695785850776376,0.04750183422745,0.2915919023592689,0.1299510895827187,0.0580169203679121
4223,2021-08-26,2.622,-121.45,48.54,20.6,10.5,15.6,15.4,7.2,7.21,C,26.9,7.7,16.0,94.7,56.7,80.0,0.097,0.107,0.081,0.043,0.071,16.4,16.4,16.2,16.4,16.3,uscrn_WA_Darrington_21_NNE_2021.txt,293.8484418212479,0.8691075646045423,0.0008846154087223,0.1134777683941228,0.024589305329464,-9.450892134441078,-16.092537403073173,0.0284669967759716,0.0402824718786402,0.0252036993197055,0.2887479619713538,0.1266741654400317,0.057307326860794
4223,2021-09-02,2.622,-121.45,48.54,25.2,5.4,15.3,14.3,0.0,16.53,C,33.7,1.9,13.2,95.7,31.0,71.6,0.094,0.099,0.076,0.041,0.072,13.8,14.0,14.6,15.0,15.2,uscrn_WA_Darrington_21_NNE_2021.txt,293.1272428330523,0.8691075646045423,0.0123429484665393,0.1440359760818011,0.0299360844360713,-8.41529019971399,-15.238050048952363,0.0206658242639103,0.0354347709755758,0.0226849549235846,0.2736378388048119,0.1196197607090084,0.0550945953149374
4223,2021-09-09,2.622,-121.45,48.54,28.0,10.8,19.4,18.4,0.0,12.09,C,37.6,7.1,16.9,94.4,38.9,71.7,0.076,0.075,0.06,0.032,0.067,16.0,15.9,15.6,15.7,15.4,uscrn_WA_Darrington_21_NNE_2021.txt,294.0953119730185,0.8659537875228401,0.0594070516526699,0.1535307028412831,0.0331164338156001,-8.138047619379677,-14.799564369111351,0.0288723119825888,0.0433507619049844,0.0304535476164326,0.2773488315275733,0.1229720694376314,0.0606467149263802
4223,2021-09-30,2.622,-121.45,48.54,13.5,9.2,11.4,10.9,34.9,1.42,C,14.7,6.6,11.0,95.1,92.1,94.2,0.303,0.353,0.262,0.219,0.249,12.9,12.9,13.0,13.3,13.3,uscrn_WA_Darrington_21_NNE_2021.txt,290.6596163575042,0.8499645523362052,0.2861586511135101,0.1602737513412901,0.0333275046677046,-7.951375979269938,-14.771972020795138,0.0133942158786987,0.0298432711385524,0.0177766940337947,0.2553428888089134,0.1160907973803137,0.0521439885074088
4223,2021-10-14,2.622,-121.45,48.54,9.2,5.8,7.5,7.5,9.0,2.38,C,11.9,5.6,7.9,95.3,88.4,93.5,0.298,0.33,0.238,0.19,0.231,9.7,9.8,10.2,10.6,10.7,uscrn_WA_Darrington_21_NNE_2021.txt,284.64632377740304,0.7757133803184552,0.085064098238945,0.1243983600088069,0.0278526017652551,-9.051853450778395,-15.551342303100975,0.0582224926810849,0.0819833811801811,0.0761072930747655,0.2701378977077914,0.1374650227137599,0.0814492522838121
4223,2021-12-23,2.622,-121.45,48.54,2.8,0.2,1.5,1.3,27.9,0.7,C,0.4,-0.2,0.1,96.9,92.5,95.1,0.381,0.388,0.3,0.251,0.264,1.4,1.6,2.2,2.6,2.9,uscrn_WA_Darrington_21_NNE_2021.txt,269.8910101180438,0.481483946750196,0.1991025656461715,0.1310804426905812,0.0307480048757325,-8.824621005689417,-15.121830587363858,0.0912752261076471,0.099818536117764,0.1034004824820277,0.2620985434950047,0.0723525702921324,0.0525034435374376
4223,2022-03-10,2.622,-121.45,48.54,9.5,-4.7,2.4,2.0,0.0,11.12,C,16.6,-10.4,1.0,84.4,20.0,59.2,0.312,0.316,0.229,0.179,0.225,1.0,1.2,1.8,2.2,2.2,uscrn_WA_Darrington_21_NNE_2022.txt,278.96094154019113,0.6955699556251635,0.2827884554862976,0.0831350701794279,0.0217475417979813,-10.802157322636418,-16.62589825785491,0.1162043508358531,0.1279228551964879,0.1280773818398764,0.2847286661596542,0.2136354571012576,0.1639639629775908
4223,2022-03-17,2.622,-121.45,48.54,7.7,2.1,4.9,4.9,8.4,3.06,C,10.5,-1.2,5.1,96.2,83.6,93.0,0.355,0.349,0.255,0.203,0.24,4.9,4.6,4.4,4.3,3.9,uscrn_WA_Darrington_21_NNE_2022.txt,284.3354777070063,0.7025359227355787,0.4073557555675506,0.0967031271664475,0.0256192315464179,-10.145594815615407,-15.91433901139164,0.1099593318700293,0.1238959873928599,0.1253092415514692,0.2910661412583168,0.2161375946350993,0.1639573617986185
4223,2022-04-21,2.622,-121.45,48.54,13.8,0.8,7.3,6.6,2.3,14.65,C,24.2,-2.0,7.4,95.8,45.3,82.1,0.336,0.335,0.248,0.191,0.232,7.5,7.1,6.7,6.7,6.4,uscrn_WA_Darrington_21_NNE_2022.txt,282.96961214165265,0.6851305559906034,0.1161057651042938,0.1443192888589058,0.0361889158241079,-8.406756198063878,-14.414244276312411,0.1184572144688331,0.1380221253414909,0.1317965475820457,0.3261173591411413,0.2357326790016835,0.1716453820809189
4223,2022-05-19,2.622,-121.45,48.54,11.4,4.7,8.0,7.8,6.7,11.75,C,19.5,4.5,9.5,95.3,65.3,87.7,0.376,0.368,0.272,0.215,0.242,10.9,10.8,10.6,10.6,10.3,uscrn_WA_Darrington_21_NNE_2022.txt,288.93173693086,0.844934194727226,0.209663450717926,0.1349378242577313,0.0314893085670821,-8.698662967039136,-15.018368753684609,0.1203583800868089,0.1479248766993597,0.1219617599582813,0.4076836761068325,0.2465262598900086,0.169628130006767
4223,2022-05-26,2.622,-121.45,48.54,21.2,8.0,14.6,13.5,4.6,12.57,C,24.3,6.0,14.0,95.1,40.1,78.9,0.326,0.316,0.228,0.174,0.217,13.5,13.1,12.2,11.9,11.3,uscrn_WA_Darrington_21_NNE_2022.txt,290.7989713322091,0.844934194727226,0.109379805624485,0.1293669080570351,0.0300868355621385,-8.881768016131915,-15.21623487573019,0.1203583800868089,0.1479248766993597,0.1219617599582813,0.4076836761068325,0.2465262598900086,0.169628130006767
4223,2022-06-23,2.622,-121.45,48.54,22.4,6.8,14.6,13.8,0.0,27.52,C,27.3,5.0,14.8,95.0,28.2,69.2,0.308,0.315,0.225,0.188,0.208,15.5,15.3,14.5,14.3,13.9,uscrn_WA_Darrington_21_NNE_2022.txt,295.62010286677906,0.8867242443226316,0.0118108969181776,0.1550367232532543,0.0347724743973262,-8.09565419137922,-14.587644039710634,0.1196706223973985,0.141437812992331,0.1201814649581807,0.4181403560920512,0.2436242092416811,0.1640657242412415
4223,2022-06-30,2.622,-121.45,48.54,25.4,11.3,18.4,17.7,0.0,26.84,C,28.7,10.3,18.1,94.4,45.7,74.3,0.218,0.234,0.174,0.146,0.173,17.6,17.0,16.0,15.8,15.2,uscrn_WA_Darrington_21_NNE_2022.txt,294.987933028186,0.8867242443226316,0.0726265981793403,0.1571634076871535,0.034987787732121,-8.03648563191344,-14.56083516965692,0.1245450794756224,0.1446580358053993,0.1221882549483017,0.4254768268019838,0.2470690982813966,0.1660796816879832
4223,2022-07-07,2.622,-121.45,48.54,21.0,13.2,17.1,16.6,6.0,10.11,C,24.8,12.3,17.2,95.0,68.0,90.3,0.222,0.241,0.158,0.131,0.159,17.7,17.4,16.6,16.3,15.8,uscrn_WA_Darrington_21_NNE_2022.txt,295.7164966273187,0.8532101905507702,0.0881233960390091,0.1649709216888844,0.0366117025009588,-7.825925991980321,-14.363800752818044,0.1273908317338943,0.1456766035259665,0.1232575592732793,0.4321623362404205,0.2516862212263729,0.1684397140406656
4223,2022-07-14,2.622,-121.45,48.54,26.1,8.4,17.2,17.0,0.0,26.95,C,29.7,6.5,17.0,95.2,41.2,72.8,0.148,0.169,0.128,0.1,0.145,17.6,17.5,16.8,16.8,16.4,uscrn_WA_Darrington_21_NNE_2022.txt,297.02669196177624,0.8532101905507702,0.0362980775535106,0.1830513061329362,0.0402924239643383,-7.37427167933485,-13.94776604970258,0.1489220392405359,0.1647705713427709,0.1466326707387969,0.4196321579974238,0.2628265292184036,0.1848071312139843
4223,2022-07-28,2.622,-121.45,48.54,34.6,15.6,25.1,24.0,0.0,24.18,C,39.6,13.8,24.9,94.4,36.2,69.2,0.074,0.074,0.059,0.042,0.102,21.0,20.4,18.6,18.2,17.5,uscrn_WA_Darrington_21_NNE_2022.txt,299.9251899295196,0.8435221247716004,0.0014423077227547,0.1578915868459874,0.0365442100049235,-8.016410104838284,-14.37181422046824,0.1198279787308277,0.1364100310584407,0.1222947721796775,0.3862434636955435,0.23848400007879,0.1617810455640651
4223,2022-08-11,2.622,-121.45,48.54,27.7,15.9,21.8,20.3,0.2,17.99,C,34.7,13.8,21.6,91.2,44.5,72.6,0.056,0.054,0.044,0.024,0.061,20.1,19.7,18.2,17.8,17.3,uscrn_WA_Darrington_21_NNE_2022.txt,297.50569645868467,0.8347955259723313,0.0011858973884955,0.1376148555671747,0.0309294704216737,-8.613346813431967,-15.096275159785158,0.1162716039115675,0.1343517257749669,0.1226371481053284,0.3758824056030498,0.2363023743253786,0.1612451778957925
4223,2022-08-18,2.622,-121.45,48.54,34.7,15.4,25.0,23.4,0.0,12.04,C,41.0,14.7,24.1,90.2,25.0,67.3,0.05,0.047,0.04,0.019,0.054,20.3,19.7,18.3,18.0,17.5,uscrn_WA_Darrington_21_NNE_2022.txt,297.59204609331084,0.8347955259723313,0.0237339735031127,0.1515169428989612,0.0341751555609963,-8.195388008507395,-14.662894999019525,0.1198916792557465,0.1345871436149925,0.1238905602437942,0.3548608748945451,0.2301408250568126,0.1606318750310895
4223,2022-08-25,2.622,-121.45,48.54,31.8,13.6,22.7,22.0,0.0,17.19,C,39.0,11.7,22.4,93.8,37.4,67.0,0.047,0.044,0.04,0.019,0.052,19.7,19.4,18.4,18.2,17.7,uscrn_WA_Darrington_21_NNE_2022.txt,297.8330615982762,0.8247976037588102,0.0221474356949329,0.1492779879572061,0.0336818673473399,-8.260042271946517,-14.726038389014702,0.1265317973849872,0.1395235927217821,0.1274554006732491,0.3655960932567844,0.2400915068284839,0.1652091947156909
4223,2022-09-01,2.622,-121.45,48.54,28.4,13.1,20.7,19.8,0.0,15.79,C,36.1,10.7,20.0,94.9,44.0,74.7,0.044,0.043,0.038,0.017,0.05,18.8,18.7,17.9,17.7,17.4,uscrn_WA_Darrington_21_NNE_2022.txt,297.0930705452501,0.8247976037588102,3.685897900140844e-05,0.1415790994808141,0.0320251942100434,-8.490008543447662,-14.945082278878994,0.1405658442367274,0.1495721202585643,0.1355051547897545,0.3620613543005905,0.2349922450799114,0.1633825540234245
4223,2022-09-08,2.622,-121.45,48.54,23.6,4.3,13.9,13.4,0.0,13.91,C,29.2,1.5,12.7,92.6,29.8,66.9,0.053,0.057,0.039,0.018,0.05,14.2,14.8,15.7,16.2,16.2,uscrn_WA_Darrington_21_NNE_2022.txt,296.94250236890707,0.8157942625946231,0.044519230723381,0.1396593649444297,0.031703361125753,-8.549299371035152,-14.988946923252575,0.166258961003957,0.1678565653898195,0.1493302267770307,0.3558921752070434,0.2281049937107478,0.1598539413972658
4223,2022-09-15,2.622,-121.45,48.54,17.5,13.4,15.4,14.9,0.6,5.4,C,19.7,12.9,15.1,90.9,70.3,83.8,0.051,0.051,0.039,0.019,0.05,16.2,16.2,15.9,16.0,15.9,uscrn_WA_Darrington_21_NNE_2022.txt,296.0550702641934,0.8157942625946231,0.0457532033324241,0.1361721120727288,0.0307592132133658,-8.659118264398314,-15.120247775007662,0.1587991753304567,0.1621402508612598,0.1449614816074804,0.3609419829794526,0.2307182439878725,0.1616877060254983
4223,2022-09-29,2.622,-121.45,48.54,19.5,12.3,15.9,15.2,0.0,6.12,C,25.0,9.7,15.4,95.5,61.2,85.1,0.045,0.044,0.039,0.016,0.048,14.7,14.5,14.1,14.3,14.2,uscrn_WA_Darrington_21_NNE_2022.txt,295.7189554056586,0.7810157974419217,0.0068365382030606,0.1342238308103258,0.0318159341939598,-8.721703703770944,-14.973553202880332,0.1418635504258154,0.1499808284153848,0.1378400795106772,0.3333188860058736,0.2254412172184555,0.1588548407499556
4223,2022-10-06,2.622,-121.45,48.54,25.7,7.1,16.4,14.7,0.0,7.19,C,27.3,4.8,13.2,94.7,37.0,75.8,0.043,0.041,0.038,0.017,0.048,12.6,12.8,13.2,13.6,13.7,uscrn_WA_Darrington_21_NNE_2022.txt,294.82023399983933,0.7810157974419217,0.0178301278501749,0.1499873270254361,0.034720817429294,-8.239454345138785,-14.59410058816606,0.1565032016768819,0.1603850393163206,0.1464184926256653,0.3344554061150708,0.2259864401344629,0.1604938017828471
4223,2022-10-13,2.622,-121.45,48.54,24.4,6.5,15.4,13.3,0.0,6.55,C,25.5,3.9,11.1,92.1,27.0,70.1,0.042,0.041,0.037,0.015,0.047,11.0,11.3,12.0,12.5,12.7,uscrn_WA_Darrington_21_NNE_2022.txt,294.5117142857143,0.4168591566957524,0.039054486900568,0.1323119835169163,0.0316390620374721,-8.784008199124013,-14.99776399952747,0.2903730911645193,0.2866642630956741,0.2624373490298142,0.3487027803030132,0.2291828853401689,0.1649944865898063
4223,2022-11-17,2.622,-121.45,48.54,11.6,-1.7,4.9,7.4,0.0,3.47,C,10.8,-8.0,2.9,78.3,23.0,44.7,0.244,0.28,0.221,0.181,0.213,3.0,3.0,3.8,4.3,4.7,uscrn_WA_Darrington_21_NNE_2022.txt,279.7959153082256,0.7161585069172542,0.1399038434028625,0.1142017731933617,0.0287791878397593,-9.42327152814218,-15.409214661912063,0.1092936502298087,0.1221744741103434,0.1203476627713692,0.2830181533353745,0.2039322780096018,0.1538333241968613
4223,2022-12-08,2.622,-121.45,48.54,2.2,0.0,1.1,0.6,13.5,0.92,C,0.1,-0.7,-0.1,96.3,90.0,95.3,0.281,0.318,0.249,0.205,0.225,2.2,2.4,3.1,3.6,3.8,uscrn_WA_Darrington_21_NNE_2022.txt,273.2350061832489,0.5777539336987735,0.1887339651584625,0.1089603055259097,0.0263085271300833,-9.627316876630204,-15.799034649961106,0.1458428800452427,0.1426450048258599,0.1349369612138395,0.2415207402144865,0.1419888148215159,0.1209377898395525
4223,2022-12-15,2.622,-121.45,48.54,0.8,-4.5,-1.9,-2.3,0.0,1.31,C,-0.7,-9.1,-5.6,96.1,92.3,94.3,0.256,0.296,0.234,0.194,0.224,0.8,1.2,2.2,2.7,3.1,uscrn_WA_Darrington_21_NNE_2022.txt,274.7033487914559,0.4877514330462023,0.1537660211324691,0.1026802576040517,0.0237399644816525,-9.885130504419866,-16.245199351469637,0.1701862976956391,0.1702487685404455,0.1648271256291617,0.2968924857246806,0.1570756189625978,0.1347928885752146
4223,2022-12-22,2.622,-121.45,48.54,-4.8,-12.3,-8.6,-7.7,0.2,2.06,C,-7.0,-17.7,-11.3,62.1,30.5,37.1,0.257,0.282,0.223,0.182,0.213,0.5,0.8,1.5,1.9,2.2,uscrn_WA_Darrington_21_NNE_2022.txt,272.4212478920742,0.4877514330462023,0.7671153545379639,0.09528261145597,0.0210563881001964,-10.209863484461922,-16.766161233064302,0.1823580065208369,0.1840506503977378,0.1797722078368231,0.3245783584797744,0.1646190210331383,0.141720437943047
4223,2023-01-12,2.622,-121.45,48.54,7.8,5.5,6.7,6.6,27.7,0.04,C,7.0,4.4,5.7,95.5,67.9,91.1,0.319,0.36,0.277,0.232,0.246,3.3,2.9,2.5,2.4,2.3,uscrn_WA_Darrington_21_NNE_2023.txt,274.21087689713323,0.5762633881493087,0.3540705144405365,0.1337100653284834,0.0341971849947293,-8.73835899005148,-14.660096422354464,0.1408137993557285,0.1493615096679121,0.1455720897359562,0.3372997173591747,0.2048308677100059,0.1598187275086712
4223,2023-02-16,2.622,-121.45,48.54,7.3,-1.0,3.1,2.5,2.9,3.6,C,10.1,-3.5,2.1,95.0,47.4,83.6,0.275,0.315,0.245,0.204,0.231,2.2,2.3,2.7,2.9,3.0,uscrn_WA_Darrington_21_NNE_2023.txt,275.41885328836423,0.4566211537457584,0.2242147326469421,0.1274426298147387,0.0316443114442075,-8.946852753248983,-14.997043497993426,0.3087465655712151,0.3065731205436762,0.3015955865053081,0.4258509700518448,0.3050625987331573,0.2751452168343
4223,2023-02-23,2.622,-121.45,48.54,0.3,-3.7,-1.7,-1.9,0.0,5.48,C,4.2,-7.3,-3.8,39.5,27.4,33.1,0.275,0.319,0.249,0.208,0.234,0.9,1.4,2.3,2.8,3.0,uscrn_WA_Darrington_21_NNE_2023.txt,269.61937605396287,0.4566211537457584,0.2145192325115203,0.1163312254042544,0.0288555032478987,-9.343036971323558,-15.39771347074273,0.115339411752529,0.1285028622975634,0.1292942282646825,0.2723153473367301,0.2151015296190317,0.1655628970317391
4223,2023-03-02,2.622,-121.45,48.54,3.8,-0.1,1.8,0.9,10.4,2.17,C,1.0,-0.5,-0.1,96.4,91.6,95.6,0.29,0.32,0.252,0.203,0.226,0.7,0.8,1.2,1.5,1.6,uscrn_WA_Darrington_21_NNE_2023.txt,272.9581843732434,0.7110897676846779,0.1833012849092483,0.1071271171231972,0.0258871535623919,-9.701005821437834,-15.86915700052069,0.115339411752529,0.1285028622975634,0.1292942282646825,0.2723153473367301,0.2151015296190317,0.1655628970317391
4223,2023-03-16,2.622,-121.45,48.54,13.3,-1.8,5.8,3.7,0.0,10.54,C,16.5,-6.2,1.7,96.0,29.5,75.9,0.289,0.328,0.255,0.213,0.237,2.8,2.8,2.8,2.8,2.6,uscrn_WA_Darrington_21_NNE_2023.txt,282.4654755480607,0.676545277995302,0.21330127120018,0.1201219057222569,0.0296638974129256,-9.20377786379026,-15.277717894597256,0.1317793818258534,0.141753055916211,0.1401725143482117,0.2943666931023415,0.2331881115746842,0.178071968163012
4223,2023-03-23,2.622,-121.45,48.54,10.0,2.2,6.1,5.6,7.3,6.65,C,18.6,2.2,6.7,95.3,57.0,85.1,0.292,0.316,0.24,0.197,0.224,5.1,4.7,4.2,4.1,3.8,uscrn_WA_Darrington_21_NNE_2023.txt,284.92023327712195,0.676545277995302,0.0420352555811405,0.1184221495963075,0.0294062505832906,-9.265670598783922,-15.31560346278157,0.1317793818258534,0.141753055916211,0.1401725143482117,0.2943666931023415,0.2331881115746842,0.178071968163012
4223,2023-04-06,2.622,-121.45,48.54,12.9,2.4,7.7,7.1,5.3,4.42,C,17.3,-1.4,7.7,95.2,52.7,80.1,0.276,0.31,0.239,0.199,0.226,5.8,5.5,5.2,5.1,4.8,uscrn_WA_Darrington_21_NNE_2023.txt,280.1505283867341,0.7239707961367792,0.2689535319805145,0.1261257495963089,0.0314678288364719,-8.991962396285851,-15.021332207622786,0.1294718517814946,0.1437719244114411,0.1410169462805484,0.306629281619567,0.2351153405761823,0.1753571284179549
4223,2023-04-13,2.622,-121.45,48.54,11.4,0.0,5.7,4.9,0.0,11.49,C,26.7,-3.4,6.6,96.4,41.6,78.7,0.282,0.322,0.249,0.209,0.233,6.5,6.4,6.0,6.0,5.7,uscrn_WA_Darrington_21_NNE_2023.txt,282.27639123102864,0.7239707961367792,0.2627243399620056,0.1148493316283114,0.0291630429966179,-9.39871527861039,-15.351671618462174,0.1283336001717337,0.143182849417475,0.1391953899765662,0.3125321875685435,0.2303862668141393,0.17127708572804
4223,2023-04-27,2.622,-121.45,48.54,23.4,6.6,15.0,12.8,0.4,20.0,C,35.3,1.7,14.5,94.5,26.0,72.9,0.28,0.315,0.242,0.202,0.227,11.2,10.4,9.0,8.5,7.9,uscrn_WA_Darrington_21_NNE_2023.txt,293.8774030354131,0.7751589297833467,0.11026281863451,0.1292267403369097,0.0341678832182539,-8.886476103413347,-14.663819259453913,0.1191678520599293,0.1429419178779167,0.1334474323787003,0.3311869233381001,0.2467094138825186,0.1758709520615656
4223,2023-05-04,2.622,-121.45,48.54,20.0,10.5,15.2,14.6,0.9,16.23,C,34.8,9.9,17.4,89.8,58.5,74.1,0.236,0.273,0.21,0.174,0.205,14.3,13.6,12.0,11.4,10.5,uscrn_WA_Darrington_21_NNE_2023.txt,293.4166441821248,0.8440544244322638,0.1110801249742508,0.1320051234962962,0.0338846385100324,-8.794092122563654,-14.699971431635626,0.122707734746961,0.143797919688741,0.1297048181814238,0.3438735497130353,0.2416477381556095,0.1723296113671949
4223,2023-05-11,2.622,-121.45,48.54,24.7,4.9,14.8,13.9,0.0,25.03,C,35.4,1.5,15.0,94.3,22.4,65.1,0.246,0.287,0.22,0.183,0.212,13.5,13.1,12.0,11.7,11.1,uscrn_WA_Darrington_21_NNE_2023.txt,297.22875,0.8440544244322638,0.0759775638580322,0.1374691073562677,0.0333613808143957,-8.617948873762527,-14.767559823849531,0.1272147805193495,0.1472884004001574,0.1283853505100106,0.3779180408961175,0.2494625849533324,0.1721950023469949
4223,2023-05-25,2.622,-121.45,48.54,25.4,8.3,16.9,16.3,0.0,22.66,C,37.6,5.6,17.4,95.3,37.6,70.5,0.131,0.17,0.138,0.108,0.156,15.7,15.2,14.1,13.9,13.4,uscrn_WA_Darrington_21_NNE_2023.txt,294.35215289488474,0.8422056799791182,0.0134134609252214,0.1460334979761952,0.0329138665000716,-8.355475119036457,-14.826210967086348,0.1328206744118588,0.1466762663834692,0.1282208595339188,0.3865351110615512,0.244430228546457,0.1697107572109959
4223,2023-06-08,2.622,-121.45,48.54,26.4,10.0,18.2,18.5,0.0,22.06,C,38.9,6.5,20.5,92.3,36.3,63.1,0.066,0.064,0.065,0.051,0.113,17.4,16.8,15.1,14.7,14.1,uscrn_WA_Darrington_21_NNE_2023.txt,293.37104623383925,0.8556019107282699,0.0422756411135196,0.1457525809329974,0.0327727119378764,-8.363837461741985,-14.844876193157289,0.1201661635263793,0.1427023073653878,0.123297791121552,0.4349570844660732,0.2479799378597502,0.1673820765453862
4223,2023-06-29,2.622,-121.45,48.54,29.1,11.6,20.4,19.8,0.0,26.88,C,41.7,9.5,22.4,94.1,40.5,66.9,0.071,0.067,0.05,0.038,0.084,19.1,18.4,19.1,16.0,15.3,uscrn_WA_Darrington_21_NNE_2023.txt,295.7428529817568,0.8569529365700863,0.0383365377783775,0.1413758891819923,0.0320075388329314,-8.49624650567862,-14.947477189321072,0.1266991370874771,0.145893256604773,0.1268602931594529,0.4197720137062657,0.2440476789855465,0.1646462060438037
4223,2023-07-06,2.622,-121.45,48.54,32.0,12.2,22.1,22.0,0.0,25.62,C,45.8,8.9,24.7,87.9,28.8,57.8,0.053,0.05,0.038,0.023,0.059,20.5,19.8,20.0,17.1,16.2,uscrn_WA_Darrington_21_NNE_2023.txt,296.22370034663675,0.8717701122422349,0.0300032049417495,0.1241379727149688,0.0288026538258513,-9.06095351313208,-15.405674952676812,0.1838782381754742,0.1956704119441617,0.1746384656519282,0.4576981589702729,0.2832076855201826,0.203381929415913
4223,2023-07-13,2.622,-121.45,48.54,27.7,9.4,18.6,18.7,0.0,26.0,C,43.7,6.5,22.0,94.8,37.7,66.9,0.046,0.045,0.034,0.02,0.052,19.5,19.1,20.0,17.1,16.4,uscrn_WA_Darrington_21_NNE_2023.txt,296.58314562755965,0.8717701122422349,0.0299679487943649,0.1397020838905874,0.0314911868523015,-8.547971156078438,-15.018109711928576,0.1980694139070024,0.2054825925056672,0.1869172861383912,0.4455485919984295,0.2851223352132648,0.2119516316281309
4223,2023-07-27,2.622,-121.45,48.54,27.0,10.5,18.7,18.5,0.0,24.21,C,40.0,8.5,21.0,95.3,41.3,69.7,0.069,0.098,0.035,0.019,0.049,19.5,19.3,20.6,17.8,17.1,uscrn_WA_Darrington_21_NNE_2023.txt,296.1379108113171,0.8289659827721227,0.0220368579030036,0.1418555051582027,0.0311107830629793,-8.481538053497196,-15.070890574978234,0.1257855942429313,0.1446807592575218,0.1273668100013321,0.4292380253624431,0.2516275692766592,0.1689718778276731
4223,2023-08-03,2.622,-121.45,48.54,29.6,9.1,19.4,19.4,0.0,22.33,C,42.8,6.0,20.9,91.3,29.0,60.0,0.051,0.057,0.036,0.02,0.05,19.3,19.0,20.5,17.7,17.1,uscrn_WA_Darrington_21_NNE_2023.txt,296.0724331486389,0.8289659827721227,0.000258012820268,0.1236583224944376,0.0279669931972484,-9.077766492842612,-15.533542232258135,0.1208619976456611,0.1396072232992721,0.1254197840231477,0.4034054322725343,0.2411653531958676,0.1637268127522901
4223,2023-08-10,2.622,-121.45,48.54,24.6,14.4,19.5,18.5,0.0,15.56,C,39.3,13.4,20.5,87.2,42.7,67.2,0.044,0.046,0.033,0.017,0.049,19.5,19.3,20.7,18.0,17.5,uscrn_WA_Darrington_21_NNE_2023.txt,300.15481490403914,0.8229364552336209,0.0,0.1390173419415956,0.0309079005559846,-8.569310196037769,-15.099304937369808,0.1439499409746065,0.1542302998242928,0.137614047092115,0.3932321283762267,0.2399474454657801,0.1637181958795067
4223,2023-08-17,2.622,-121.45,48.54,35.3,14.2,24.8,24.0,0.0,18.57,C,46.4,11.0,24.6,90.9,25.1,56.1,0.038,0.041,0.035,0.017,0.045,21.6,21.1,19.7,18.9,18.1,uscrn_WA_Darrington_21_NNE_2023.txt,300.3752330763672,0.8229364552336209,0.0,0.1400002954239056,0.031053699562994,-8.538710478872144,-15.07886653004844,0.1812010045918284,0.1861946827819112,0.1653391035551782,0.3957886175388214,0.2392748047204284,0.1642948595659693
4223,2023-08-24,2.622,-121.45,48.54,26.8,7.2,17.0,16.2,0.0,14.43,C,33.8,4.8,16.3,95.1,32.6,70.4,0.035,0.041,0.03,0.014,0.045,16.9,17.0,19.5,17.1,16.9,uscrn_WA_Darrington_21_NNE_2023.txt,298.5432138842046,0.8601838475593845,0.0364903844892978,0.1322238104997047,0.0287870040302081,-8.786903312534902,-15.408035314002454,0.2057282610222195,0.205181748711853,0.1810629441719273,0.3895187428548281,0.2351665772828134,0.1638406386048986
4223,2023-08-31,2.622,-121.45,48.54,21.3,12.9,17.1,16.4,2.2,10.42,C,26.8,10.6,17.4,94.8,57.1,83.9,0.108,0.169,0.059,0.018,0.046,17.9,17.7,17.1,17.0,16.7,uscrn_WA_Darrington_21_NNE_2023.txt,296.37524885569735,0.8601838475593845,0.0547916665673255,0.1360545539689395,0.0293412527254323,-8.6628691709274,-15.3252134788441,0.1542075630458293,0.1617436753690167,0.1444213978568562,0.3743628352019703,0.231217961931292,0.1627144688332235
4223,2023-09-14,2.622,-121.45,48.54,27.3,7.1,17.2,15.9,0.0,12.26,C,32.3,4.2,13.8,95.2,32.5,68.3,0.083,0.111,0.057,0.023,0.049,15.2,15.4,18.0,16.0,15.8,uscrn_WA_Darrington_21_NNE_2023.txt,296.9833923552558,0.8355556095014361,0.0083814105018973,0.1455479428899262,0.0311439954981917,-8.3699392830739,-15.066256720663729,0.1189563439611324,0.1347320999318614,0.1222814705836208,0.3800732122700712,0.2292944456203509,0.1584298641614707
4223,2023-09-28,2.622,-121.45,48.54,11.8,6.7,9.2,9.9,14.3,2.25,C,13.6,5.3,10.2,94.7,88.3,93.6,0.227,0.275,0.194,0.151,0.083,13.4,13.7,15.7,14.2,14.1,uscrn_WA_Darrington_21_NNE_2023.txt,289.52298482293423,0.8335059096841558,0.2275320440530777,0.1218236429053541,0.0268053972521447,-9.14268417886326,-15.717777522090158,0.1161118824994063,0.1330952477881334,0.1206882776169899,0.3582983783708001,0.2084482909177352,0.1480001441247879
4223,2023-10-05,2.622,-121.45,48.54,21.9,9.8,15.9,14.4,0.0,8.01,C,22.9,7.2,12.7,95.3,56.6,85.1,0.199,0.225,0.193,0.142,0.148,13.2,13.2,14.8,13.2,13.1,uscrn_WA_Darrington_21_NNE_2023.txt,291.70821978639685,0.8335059096841558,0.0230288449674844,0.1275598164635898,0.0275141396246411,-8.942861143029223,-15.604440631585785,0.1144618815145366,0.1305396615254254,0.1197516780004552,0.347126854066726,0.2088758515865243,0.1491134629810962
4223,2023-10-12,2.622,-121.45,48.54,18.6,6.6,12.6,11.2,0.0,6.82,C,18.9,3.6,9.6,96.2,49.2,84.2,0.229,0.251,0.191,0.154,0.164,12.1,12.3,14.3,12.9,12.8,uscrn_WA_Darrington_21_NNE_2023.txt,290.9373709949409,0.7811517984860356,0.2409294843673706,0.1324891793803432,0.029021164500811,-8.778195898577687,-15.372851650847156,0.1102416649167149,0.1279630671637527,0.1200160154120377,0.3306464090326217,0.2076568116238622,0.1488205432906859
4223,2023-10-19,2.622,-121.45,48.54,18.6,8.0,13.3,13.2,2.0,5.09,C,19.7,5.8,12.7,95.8,64.9,89.7,0.246,0.279,0.219,0.189,0.201,12.4,12.4,14.0,12.7,12.6,uscrn_WA_Darrington_21_NNE_2023.txt,285.883018549747,0.7811517984860356,0.2761538326740265,0.1282322363447457,0.0288944529524633,-8.920027836568925,-15.39185523449735,0.988266612226204,0.9270141628226184,0.8994012197023258,0.9252366907253,0.6584699364442095,0.5120800617029012
4223,2023-10-26,2.622,-121.45,48.54,9.8,-0.4,4.7,4.2,0.0,3.24,C,11.7,-3.1,2.4,93.0,30.0,67.0,0.25,0.282,0.238,0.189,0.208,8.7,9.5,12.2,11.5,11.8,uscrn_WA_Darrington_21_NNE_2023.txt,280.1756250702642,0.7855596919864268,0.0517788454890251,0.1046486336277593,0.0251243399611214,-9.80266437767706,-15.999053387260034,0.1080363674377468,0.124881027909864,0.1191424632451734,0.3118271156747482,0.2062814200214272,0.1527257265081111
4223,2023-11-02,2.622,-121.45,48.54,12.5,8.1,10.3,10.1,63.5,0.65,C,13.3,7.7,9.9,95.3,90.8,93.6,0.283,0.346,0.294,0.241,0.247,8.4,8.2,9.2,8.2,8.3,uscrn_WA_Darrington_21_NNE_2023.txt,279.7476385609893,0.7855596919864268,0.7868589758872986,0.1053185672089367,0.025651765571498,-9.774950578216204,-15.908827377034193,0.1500700894606407,0.1608332165845775,0.1536174810868905,0.3177236695388131,0.2225837857778828,0.1769239181932977
4223,2023-12-28,2.622,-121.45,48.54,9.0,5.9,7.5,7.3,4.0,0.84,C,9.7,4.3,6.5,95.3,87.1,93.3,0.273,0.326,0.261,0.217,0.237,5.0,4.7,5.2,4.5,4.3,uscrn_WA_Darrington_21_NNE_2023.txt,277.2502529510961,0.7430179169929526,0.1265384554862976,0.120145983885478,0.0302619199132921,-9.202907417600104,-15.19103522403439,0.3470072314230524,0.3404143239294441,0.3390560311454659,0.4486689649289669,0.290079878873304,0.2596527006621327
4223,2024-01-04,2.622,-121.45,48.54,6.2,4.4,5.3,5.2,8.8,0.53,C,7.8,3.3,4.9,95.9,93.6,95.3,0.289,0.337,0.267,0.222,0.238,4.7,4.6,5.3,4.7,4.6,uscrn_WA_Darrington_21_NNE_2024.txt,271.42754637436764,0.7430179169929526,0.1179166659712791,0.1338106436718674,0.0333893289891226,-8.735093401996489,-14.763923086859574,0.5144229750333958,0.4964753663964554,0.493341756576341,0.5736376851429259,0.3756316575919577,0.337568112065451
4223,2024-01-11,2.622,-121.45,48.54,2.3,-10.7,-4.2,-2.7,7.7,0.71,C,1.4,-11.9,-3.4,94.7,41.4,74.0,0.271,0.331,0.267,0.223,0.242,2.6,2.9,4.1,3.8,3.8,uscrn_WA_Darrington_21_NNE_2024.txt,257.70243676222594,0.2831230383711825,0.1261378228664398,0.1145521823476519,0.0267613244185397,-9.409966325984191,-15.724923971287923,0.4339903275141491,0.4092319238906267,0.4033106006334558,0.4514332436823993,0.3800854002292235,0.3435134838302818
4223,2024-02-08,2.622,-121.45,48.54,7.8,2.5,5.1,4.1,3.7,2.7,C,12.5,1.2,3.9,95.9,67.3,91.1,0.234,0.296,0.243,0.196,0.225,4.4,4.2,4.8,4.2,4.0,uscrn_WA_Darrington_21_NNE_2024.txt,276.9677234401349,0.7136083894544508,0.0536217950284481,0.1296453871598692,0.0326472575841174,-8.872429310091993,-14.861532942084176,0.1278836948694311,0.1355186432772979,0.1335483375571445,0.2838199283482462,0.1984028363237214,0.1564156716425395
4223,2024-02-15,2.622,-121.45,48.54,5.8,2.7,4.2,4.5,0.0,2.04,C,6.9,-0.1,3.1,64.8,32.4,44.8,0.246,0.299,0.248,0.201,0.229,2.8,2.9,4.0,3.7,3.7,uscrn_WA_Darrington_21_NNE_2024.txt,277.3225576166385,0.7190089115113553,0.0806410238146781,0.1252748239356661,0.0313270626595423,-9.021361989532558,-15.040803242551016,0.1082881088203907,0.1230773376279518,0.1239621339081852,0.2814459098373766,0.2186942086006827,0.1635095684569381
4223,2024-02-22,2.622,-121.45,48.54,12.9,1.4,7.1,6.9,1.1,5.04,C,16.5,-2.2,5.5,95.8,55.5,88.4,0.257,0.296,0.24,0.192,0.221,5.4,5.1,5.2,4.5,4.1,uscrn_WA_Darrington_21_NNE_2024.txt,279.0308783024171,0.7190089115113553,0.2536057531833648,0.144599159964786,0.0337081160406576,-8.398342300270878,-14.72265519683437,0.1082881088203907,0.1230773376279518,0.1239621339081852,0.2814459098373766,0.2186942086006827,0.1635095684569381
4223,2024-02-29,2.622,-121.45,48.54,6.2,0.1,3.2,2.2,18.8,3.85,C,8.0,-0.1,1.7,95.9,75.4,93.2,0.324,0.367,0.307,0.267,0.263,2.1,2.2,3.3,3.2,3.4,uscrn_WA_Darrington_21_NNE_2024.txt,277.14333052276555,0.6999042077786484,0.3278205096721649,0.1256977254935772,0.028814426094107,-9.006725808225992,-15.403900259748534,0.1230593692629271,0.1294671801786849,0.1278013749110697,0.2781061108976305,0.1875047059730835,0.1485196413005487
4223,2024-03-07,2.622,-121.45,48.54,8.2,-2.7,2.8,1.3,0.0,9.6,C,13.5,-6.7,-0.2,94.1,36.4,74.2,0.26,0.304,0.25,0.203,0.231,1.4,1.6,2.8,2.6,2.7,uscrn_WA_Darrington_21_NNE_2024.txt,274.4741399662732,0.6999042077786484,0.1500640958547592,0.0847212454843717,0.020655051627013,-10.720076683040892,-16.849737151730473,0.1230848988138499,0.1319844403821832,0.1293265129847522,0.2800527203762147,0.1945656126171451,0.1512783893278882
4223,2024-03-21,2.622,-121.45,48.54,14.8,6.4,10.6,9.0,1.6,11.32,C,23.3,4.6,9.6,94.9,48.9,81.1,0.247,0.283,0.236,0.187,0.218,7.4,6.9,6.6,5.8,5.3,uscrn_WA_Darrington_21_NNE_2024.txt,286.80945474985947,0.7470652832158707,0.1236698701977729,0.1198519949921548,0.0308627430845786,-9.213547325366823,-15.105654764079125,0.126937137004682,0.1392176173104653,0.1378291147259339,0.2881975206330113,0.2313202495158279,0.1743373637416489
4223,2024-04-11,2.622,-121.45,48.54,15.0,2.7,8.9,8.0,2.4,7.33,C,22.3,-0.6,8.4,94.9,41.8,80.2,0.263,0.303,0.251,0.202,0.23,8.1,8.0,8.4,7.7,7.4,uscrn_WA_Darrington_21_NNE_2024.txt,284.9099302979202,0.7694082223962416,0.1395031958818435,0.1001677501064459,0.0257801066932352,-9.99272080916283,-15.887152896130488,0.126452177713172,0.141121958381089,0.131389038737418,0.3105161656797397,0.231837925117206,0.1713302187645323
4223,2024-04-18,2.622,-121.45,48.54,18.3,-1.3,8.5,8.1,0.0,20.94,C,30.4,-5.5,7.9,90.7,12.7,53.4,0.232,0.268,0.227,0.178,0.21,8.1,8.1,8.7,8.1,7.9,uscrn_WA_Darrington_21_NNE_2024.txt,286.7080991193554,0.7949357295745244,0.048685897141695,0.1024990554293102,0.0254839086659061,-9.89280136790944,-15.937339600946286,0.1243821651836319,0.1412560317742237,0.1309266373620724,0.3188290323307601,0.2335091442786926,0.1697187307136692
4223,2024-04-25,2.622,-121.45,48.54,12.5,7.3,9.9,9.4,5.6,6.31,C,17.0,7.0,10.4,95.1,81.4,90.8,0.282,0.306,0.239,0.193,0.218,9.9,9.6,9.6,8.8,8.4,uscrn_WA_Darrington_21_NNE_2024.txt,288.3314629005059,0.7949357295745244,0.0955128148198127,0.1333298367250427,0.0314292300987075,-8.750726527236855,-15.026662574799772,0.1223121526540904,0.1413901051673602,0.1304642359867277,0.327141898981777,0.2351803634401779,0.1681072426628067
4223,2024-05-09,2.622,-121.45,48.54,26.3,3.4,14.8,13.7,0.0,24.47,C,33.7,0.5,14.3,95.1,29.2,69.2,0.25,0.291,0.239,0.196,0.223,11.9,11.5,11.1,10.2,9.8,uscrn_WA_Darrington_21_NNE_2024.txt,292.06615177065765,0.846062709475333,0.0345032028853893,0.1354047520647197,0.0308876208568624,-8.683660937064854,-15.10215542282191,0.121654787216462,0.1430505259536458,0.1242993549439276,0.3806110568950708,0.2416082650073253,0.167041431419204
4223,2024-05-30,2.622,-121.45,48.54,16.1,5.8,10.9,10.5,2.0,17.37,C,24.0,3.3,12.1,94.9,51.9,84.4,0.288,0.329,0.258,0.216,0.231,13.1,12.9,12.8,12.1,11.8,uscrn_WA_Darrington_21_NNE_2024.txt,285.3372023809524,0.8618720438527808,0.2317147403955459,0.1555482045758497,0.0345346627360419,-8.0813499739553,-14.617447809374385,0.3723190559876551,0.3701801356348803,0.3449392620523808,0.5802839481144079,0.3729114189263905,0.2841482769125588
4223,2024-06-06,2.622,-121.45,48.54,23.0,4.9,14.0,13.5,0.0,26.91,C,31.1,2.6,14.8,95.5,37.3,71.1,0.263,0.302,0.239,0.203,0.229,14.1,13.8,13.5,12.8,12.4,uscrn_WA_Darrington_21_NNE_2024.txt,292.9981599213041,0.8615382511093714,0.2139262706041336,0.1381985603577374,0.0316741136613029,-8.594964810714231,-14.992955291640463,0.2488232584754696,0.2586473724185167,0.2348197873116108,0.4983404056944179,0.3091429828388992,0.2252570117025856
4223,2024-06-13,2.622,-121.45,48.54,22.9,4.2,13.5,14.2,0.0,23.99,C,31.0,1.6,14.8,94.9,33.3,61.5,0.202,0.23,0.189,0.156,0.19,14.9,14.8,14.8,14.1,13.7,uscrn_WA_Darrington_21_NNE_2024.txt,291.9641247892074,0.8615382511093714,0.0129487179219722,0.1460642151264564,0.0328702048596395,-8.354561706277027,-14.831975892212723,0.1253274609632822,0.1471146092021531,0.1247003125708381,0.4163968632744191,0.2453745467514161,0.1663657464926125
4223,2024-06-20,2.622,-121.45,48.54,29.6,8.7,19.2,18.6,0.0,28.56,C,36.1,6.1,18.9,91.9,22.9,60.5,0.21,0.239,0.194,0.158,0.191,16.4,16.0,15.3,14.4,13.9,uscrn_WA_Darrington_21_NNE_2024.txt,293.43501854974704,0.8622977290524673,0.0250480771064758,0.1882330104083386,0.041305262898697,-7.253042120403196,-13.8399460930621,0.1241476900973209,0.148088973168486,0.1241613935200934,0.4460062694949868,0.2553564853983938,0.1685483552180223
4223,2024-06-27,2.622,-121.45,48.54,13.6,11.6,12.6,12.4,12.7,6.08,C,16.1,11.7,13.6,94.3,90.6,92.7,0.253,0.277,0.188,0.141,0.17,15.3,15.3,15.5,14.9,14.6,uscrn_WA_Darrington_21_NNE_2024.txt,293.4389319842608,0.8622977290524673,0.0437660254538059,0.1929566359576425,0.0423001978854107,-7.145402810457896,-13.73657600938411,0.1246573166838098,0.1442712736408994,0.122975265733901,0.41376989075072,0.2379084794584621,0.161171578572046
4223,2024-07-11,2.622,-121.45,48.54,27.1,10.4,18.7,18.9,0.0,25.73,C,34.0,7.5,19.4,93.0,39.7,67.6,0.133,0.137,0.139,0.104,0.144,18.7,18.5,18.2,17.3,16.7,uscrn_WA_Darrington_21_NNE_2024.txt,299.3770450123232,0.847442714695902,0.0,0.1569660635139368,0.0357373719461494,-8.041942330796937,-14.468773877915009,0.11949698179928,0.1398133659130351,0.1220402360748656,0.4148180688547244,0.2451200867419555,0.1638123603446832
4223,2024-07-25,2.622,-121.45,48.54,19.4,9.1,14.2,14.2,0.3,9.25,C,25.6,6.5,14.3,93.8,55.4,77.1,0.074,0.069,0.066,0.05,0.09,17.5,17.8,18.1,17.5,17.1,uscrn_WA_Darrington_21_NNE_2024.txt,294.85101774672773,0.8415011067606376,0.0205288454890251,0.1532465935485196,0.0328839746012896,-8.146091704442826,-14.830156959043066,0.1340906865741609,0.1465076877736983,0.1303052716553579,0.4019623324177956,0.2410451927689895,0.1643180700999995
4223,2024-08-01,2.622,-121.45,48.54,31.3,13.2,22.2,21.5,0.0,22.9,C,37.2,12.5,23.2,94.8,40.1,74.9,0.124,0.105,0.06,0.044,0.085,19.9,19.7,18.9,17.9,17.2,uscrn_WA_Darrington_21_NNE_2024.txt,296.0965639471077,0.8415011067606376,0.0162499994039535,0.1572061026609157,0.0341748611331357,-8.03530598878562,-14.662932414780744,0.1200600651315833,0.1374103039874524,0.1233789189372357,0.3828380252901117,0.2383286454106252,0.1606556022710088
4223,2024-08-08,2.622,-121.45,48.54,31.1,12.3,21.7,20.6,0.0,16.11,C,38.7,11.0,21.2,95.0,39.4,72.6,0.076,0.074,0.056,0.041,0.076,19.0,18.9,18.6,17.9,17.4,uscrn_WA_Darrington_21_NNE_2024.txt,296.31385248534497,0.8399679979117728,0.0103846155107021,0.1682984537634779,0.0364758581883383,-7.739198740721503,-14.37994481420109,0.2596132851954764,0.2581274631834119,0.2390362638511869,0.4531449840517932,0.3159722245796022,0.2388892334661298
4223,2024-08-15,2.622,-121.45,48.54,24.0,14.7,19.4,19.2,0.0,11.26,C,31.9,14.5,20.4,85.2,50.9,67.7,0.06,0.056,0.067,0.034,0.067,19.1,18.9,18.5,17.7,17.3,uscrn_WA_Darrington_21_NNE_2024.txt,294.8721703204047,0.8399679979117728,0.0380288437008857,0.1529523369705076,0.033462209223841,-8.154438830098538,-14.754453896721753,0.307549722239008,0.2985063857596565,0.2783075852860734,0.4681119829226975,0.3392661782604727,0.263938603297165
4223,2024-08-22,2.622,-121.45,48.54,21.9,9.9,15.9,15.7,0.7,10.05,C,26.6,8.0,16.0,95.0,55.8,82.1,0.084,0.085,0.066,0.038,0.068,16.8,17.0,17.6,17.1,16.9,uscrn_WA_Darrington_21_NNE_2024.txt,293.0363462619449,0.8498944192116944,0.2293108850717544,0.1440541309702245,0.0309193234757826,-8.414742831534433,-15.097700171453289,0.1243161561982828,0.1378299125202274,0.1255355383279448,0.3574320631411469,0.2305669272842543,0.1575700805689943
4223,2024-08-29,2.622,-121.45,48.54,26.1,7.7,16.9,16.0,0.0,15.93,C,31.2,5.5,15.3,95.3,37.7,76.0,0.189,0.202,0.162,0.093,0.072,15.2,15.3,15.9,15.6,15.6,uscrn_WA_Darrington_21_NNE_2024.txt,295.90720468963303,0.8498944192116944,0.2048878222703933,0.125571662192728,0.0275467568094059,-9.01108356951375,-15.59929525040497,0.1283363994599132,0.1407778148096093,0.125830899314853,0.3644906498947306,0.2318391395223859,0.1601875669975502
4223,2024-09-12,2.622,-121.45,48.54,20.0,13.3,16.7,15.5,0.0,6.63,C,22.0,12.3,15.6,91.0,57.7,79.5,0.136,0.148,0.125,0.089,0.107,16.5,16.6,16.9,16.4,16.2,uscrn_WA_Darrington_21_NNE_2024.txt,295.93126053962897,0.805176966849387,0.0526602528989315,0.1456598670143036,0.0323428515231859,-8.366600908871751,-14.902216929580351,0.2360008633687894,0.2399133767966786,0.224746317973933,0.4263606855381001,0.3068760837096697,0.2386281516850215
4223,2024-09-19,2.622,-121.45,48.54,21.2,10.5,15.8,15.2,0.0,10.15,C,26.9,8.4,14.6,94.6,50.5,76.6,0.134,0.138,0.12,0.087,0.105,15.3,15.4,15.9,15.5,15.5,uscrn_WA_Darrington_21_NNE_2024.txt,289.1852824620573,0.805176966849387,0.0739743560552597,0.1418883496502218,0.0310889545717717,-8.480532626844475,-15.073938817311536,0.2630163572535305,0.2632042190386277,0.250428469269237,0.4264171917884592,0.3142069830662551,0.2495921304594745
4223,2024-09-26,2.622,-121.45,48.54,15.1,8.1,11.6,10.9,5.4,6.31,C,18.7,6.4,11.1,94.9,65.1,88.7,0.195,0.214,0.16,0.107,0.108,14.3,14.5,15.3,15.0,14.9,uscrn_WA_Darrington_21_NNE_2024.txt,286.6938673412029,0.8118967893500396,0.1755608916282653,0.1373097860727356,0.0306062226383806,-8.622985094789415,-15.14190266891923,0.2733188516244729,0.2671020356638467,0.2543946398733227,0.3805396954004831,0.2699900004818614,0.2264544656259997
4223,2024-10-03,2.622,-121.45,48.54,18.1,1.5,9.8,8.9,0.0,8.0,C,18.9,-0.6,7.8,95.5,39.8,80.0,0.187,0.221,0.164,0.118,0.137,10.7,11.2,12.7,12.7,13.0,uscrn_WA_Darrington_21_NNE_2024.txt,286.3147782462057,0.8118967893500396,0.1168429479002952,0.1356670448430521,0.0307686142896361,-8.67525634882488,-15.118920624108434,0.2123106017852514,0.2155436956506515,0.2061629243409962,0.3412980990685126,0.2331749119543454,0.2000985254001155
4223,2024-10-10,2.622,-121.45,48.54,16.8,5.6,11.2,10.0,0.0,7.21,C,18.3,2.6,8.8,95.1,50.7,84.7,0.23,0.249,0.189,0.139,0.161,11.6,11.9,12.8,12.6,12.5,uscrn_WA_Darrington_21_NNE_2024.txt,288.59978920741986,0.2662774210388934,0.0638942271471023,0.1088407418930069,0.0255337647230786,-9.632085065933,-15.928851476743969,0.1477708366259687,0.1608034201231403,0.1534447636608336,0.3253154838273862,0.2238973489986547,0.1722094770031884
4223,2024-10-17,2.622,-121.45,48.54,11.2,3.9,7.6,7.2,2.2,6.67,C,14.7,2.3,7.2,95.9,73.7,91.1,0.274,0.303,0.242,0.205,0.211,10.7,11.0,12.0,11.9,11.9,uscrn_WA_Darrington_21_NNE_2024.txt,287.87799325463743,0.2662774210388934,0.2559294700622558,0.1237107523284941,0.0301571272604425,-9.07592551995826,-15.206100313154982,0.1657145393932736,0.1762995867721691,0.1683668117039876,0.3315624810496094,0.225811159087792,0.1791142889693649
4223,2024-11-28,2.622,-121.45,48.54,5.3,-0.9,2.2,2.1,0.0,2.45,C,7.0,-3.0,1.5,96.4,75.3,92.6,0.278,0.31,0.243,0.202,0.229,5.4,5.7,6.8,6.7,6.9,uscrn_WA_Darrington_21_NNE_2024.txt,277.5900373805508,0.7642598903680505,0.0999358966946601,0.1151232876115416,0.0283665226149335,-9.38836816611722,-15.47193900076849,0.1062340718034258,0.1186021656443496,0.1164564937113586,0.2599172120784375,0.1867992943994992,0.1434308336235079
4223,2024-12-05,2.622,-121.45,48.54,8.7,-1.7,3.5,3.0,0.0,1.27,C,7.1,-5.3,0.8,96.2,69.0,91.6,0.259,0.288,0.227,0.187,0.217,2.6,3.0,4.5,4.7,5.1,uscrn_WA_Darrington_21_NNE_2024.txt,277.11559407371715,0.7642598903680505,0.4346153736114502,0.1291433118277491,0.0315269355888444,-8.88928080481876,-15.013182405281029,0.1062340718034258,0.1186021656443496,0.1164564937113586,0.2599172120784375,0.1867992943994992,0.1434308336235079
4223,2025-01-02,2.622,-121.45,48.54,4.4,-1.3,1.6,1.6,1.1,0.37,C,4.4,-4.5,0.2,96.1,69.4,91.0,0.284,0.317,0.246,0.205,0.232,2.8,3.1,4.3,4.3,4.5,uscrn_WA_Darrington_21_NNE_2025.txt,274.01474142776834,0.8030126755416346,0.0899038463830947,0.1377047540493124,0.0343671505277219,-8.61051066121122,-14.638564748859894,0.1145019173904907,0.1192944147221615,0.1150545958513293,0.25248485624746,0.1686968597021821,0.1333495390978133
4223,2025-01-16,2.622,-121.45,48.54,4.5,-0.8,1.8,1.7,1.0,0.72,C,6.3,-3.5,0.6,96.3,92.0,95.3,0.276,0.335,0.237,0.197,0.225,1.6,1.8,3.0,3.0,3.3,uscrn_WA_Darrington_21_NNE_2025.txt,274.27110848791455,0.7582226990341949,0.1445192247629165,0.1128641763588039,0.0276005943178678,-9.474438833941296,-15.59081566261174,0.5263107094531768,0.487383938582877,0.4658932173546706,0.539835984073157,0.3639827342545259,0.2811592068763249
4223,2025-04-03,2.622,-121.45,48.54,14.6,1.3,8.0,6.9,0.0,15.75,C,26.4,-1.7,7.3,95.8,40.7,78.2,0.275,0.354,0.245,0.205,0.231,8.3,8.2,8.3,7.6,7.3,uscrn_WA_Darrington_21_NNE_2025.txt,283.5012141652614,0.7690366327329685,0.1326442211866378,0.1067315465485997,0.0270855625175329,-9.717071975665393,-15.672621404820324,0.1251922088484005,0.1402463011810755,0.1357502936079302,0.2861268412300374,0.2279410274892065,0.1685761196212358
4223,2025-04-10,2.622,-121.45,48.54,15.7,5.0,10.3,9.4,7.3,4.37,C,20.7,1.8,9.0,95.3,55.9,84.9,0.293,0.373,0.257,0.213,0.234,9.2,9.1,9.1,8.5,8.1,uscrn_WA_Darrington_21_NNE_2025.txt,284.95207178993013,0.7690366327329685,0.1939743608236313,0.1152121504576819,0.0289555916031448,-9.385017171067291,-15.382675573976227,0.1239763060119433,0.1387899147926604,0.1318071543027719,0.2995092625019712,0.2288372727107817,0.1675385277237405
4223,2025-04-17,2.622,-121.45,48.54,19.9,0.3,10.1,9.9,0.0,19.51,C,30.6,-4.4,8.6,86.4,16.9,55.6,0.236,0.31,0.222,0.182,0.213,8.5,8.6,8.9,8.4,8.2,uscrn_WA_Darrington_21_NNE_2025.txt,286.2841104553119,0.8353691725398074,0.0539423078298568,0.1215499219868167,0.0300127402425457,-9.152453155594843,-15.226943505302737,0.121874130897267,0.1393422153863753,0.1295197031080587,0.3186399699731681,0.2329252837787117,0.1675910250019953
4223,2025-04-24,2.622,-121.45,48.54,24.4,2.5,13.4,12.3,0.0,20.52,C,32.7,-1.1,11.3,93.2,14.8,60.8,0.241,0.302,0.228,0.187,0.216,10.3,10.1,10.0,9.3,8.9,uscrn_WA_Darrington_21_NNE_2025.txt,287.4111473139003,0.8353691725398074,0.0821474343538284,0.1128916080921449,0.0276008544520851,-9.473383405792989,-15.590774730767512,0.1219978456510447,0.1429525281263688,0.1280037174090303,0.3460462940032122,0.2389705384831875,0.1679988766145606
4223,2025-05-08,2.622,-121.45,48.54,17.9,4.5,11.2,11.7,0.0,23.03,C,27.6,0.8,12.6,84.4,30.4,55.7,0.177,0.224,0.176,0.14,0.176,13.0,12.7,12.3,11.4,10.9,uscrn_WA_Darrington_21_NNE_2025.txt,290.4496919617763,0.8240950143565652,0.0274358969181776,0.1011944898211704,0.0236931701066134,-9.94843134782889,-16.253768275127317,0.1212983472222171,0.142717987387663,0.1227648239036826,0.4014734791362929,0.2474954253650938,0.1697118345579654
4223,2025-05-22,2.622,-121.45,48.54,19.8,6.8,13.3,12.5,0.0,22.55,C,33.8,4.3,14.9,94.1,43.7,74.1,0.249,0.293,0.211,0.161,0.188,14.1,13.7,13.1,12.3,11.7,uscrn_WA_Darrington_21_NNE_2025.txt,292.3852812976792,0.8763766379535374,0.1246474310755729,0.125287008566711,0.028624570933973,-9.02093960133575,-15.432610144303764,0.1196185099359965,0.144353737813075,0.125084855613137,0.4052236055167376,0.2389871029181854,0.1633480167568012
4223,2025-05-29,2.622,-121.45,48.54,16.8,6.2,11.5,12.8,2.5,8.41,C,23.2,3.2,13.2,94.5,57.0,81.4,0.174,0.209,0.168,0.133,0.168,15.7,15.6,15.2,14.3,13.6,uscrn_WA_Darrington_21_NNE_2025.txt,292.74185407130807,0.8763766379535374,0.082692302763462,0.1173789782515669,0.0268714468377912,-9.304096752078406,-15.707089492440758,0.121005018593999,0.1448563786986435,0.1246512439902088,0.4107344136738595,0.2379374899384738,0.1619269143607653
4223,2025-06-05,2.622,-121.45,48.54,26.1,11.3,18.7,18.4,0.0,27.29,C,37.9,9.6,21.1,90.5,43.3,67.9,0.14,0.152,0.139,0.109,0.15,17.1,16.5,15.3,14.3,13.7,uscrn_WA_Darrington_21_NNE_2025.txt,295.2002065767285,0.8255271678412952,0.0373878180980682,0.1195903480688913,0.0276928236465497,-9.223038700931877,-15.576327599786984,0.127218568101715,0.1496029049724558,0.1276247793475215,0.4358062356839202,0.2455946496886306,0.1656703587361756
4223,2025-06-12,2.622,-121.45,48.54,20.4,9.6,15.0,14.4,0.0,15.69,C,34.6,6.5,16.6,83.5,46.8,67.2,0.094,0.097,0.11,0.074,0.125,17.0,16.8,16.4,15.6,15.0,uscrn_WA_Darrington_21_NNE_2025.txt,294.67410664097,0.8255271678412952,0.0144551275297999,0.1173988470215057,0.0267131479929186,-9.303361682899087,-15.732749298223307,0.1261445637045247,0.1480710339726525,0.1276847752878578,0.4411213096609691,0.2458646642964121,0.1655661066543455
4223,2025-06-26,2.622,-121.45,48.54,21.4,13.0,17.2,16.0,2.1,13.2,C,36.0,12.4,18.5,94.5,55.3,78.7,0.072,0.073,0.063,0.047,0.094,17.4,17.0,16.3,15.4,14.8,uscrn_WA_Darrington_21_NNE_2025.txt,297.2292959527825,0.8805210388932397,0.0261378195136785,0.1312612529320523,0.0294957808334332,-8.818634545749093,-15.302401023881131,0.1198244450260914,0.1440682279795722,0.1227606756337637,0.4389215269749037,0.255675290127503,0.1669503438863493
4223,2025-07-10,2.622,-121.45,48.54,22.6,12.1,17.4,15.6,1.8,18.46,C,32.0,10.2,17.7,94.1,51.5,82.6,0.042,0.057,0.046,0.03,0.066,18.5,18.3,17.7,16.8,16.2,uscrn_WA_Darrington_21_NNE_2025.txt,297.13123102866774,0.871630858783608,0.0055448715575039,0.1511931040412217,0.0332058754821565,-8.204680166730554,-14.787850649792013,0.1266488958011506,0.1458305370209066,0.1269717734827083,0.4263108603518636,0.2506881044135167,0.1689188630734407
4223,2025-07-17,2.622,-121.45,48.54,30.7,11.8,21.2,21.3,0.0,26.38,C,47.4,8.3,24.6,91.9,30.3,60.8,0.036,0.052,0.054,0.024,0.056,21.0,20.6,19.3,18.1,17.2,uscrn_WA_Darrington_21_NNE_2025.txt,296.48864343264006,0.871630858783608,0.0066185896284878,0.1539340715632967,0.0336274107455423,-8.126652433639444,-14.733065713477004,0.1552864997357541,0.1710244063491028,0.1518693638845385,0.4377630204241886,0.2701452062316523,0.1864422576495137
4223,2025-07-24,2.622,-121.45,48.54,28.6,12.7,20.7,20.4,0.0,24.74,C,45.4,10.0,23.6,94.7,41.9,68.6,0.052,0.057,0.049,0.024,0.056,20.7,20.4,19.4,18.3,17.5,uscrn_WA_Darrington_21_NNE_2025.txt,294.8344582630691,0.8488200626468289,0.0083974357694387,0.1389278424762462,0.0298803366557794,-8.572107087472268,-15.246145137199704,0.1660142973880491,0.1787392209382563,0.1613247237830825,0.4332712368724407,0.2710317106580558,0.1910095823341356
4223,2025-07-31,2.622,-121.45,48.54,28.1,12.5,20.3,19.9,1.0,16.62,C,44.2,10.6,23.0,92.8,36.9,68.6,0.037,0.048,0.053,0.022,0.052,20.4,20.0,18.8,18.2,17.5,uscrn_WA_Darrington_21_NNE_2025.txt,294.7713350999759,0.8488200626468289,0.0602884590625762,0.1275626200991893,0.0280980534501688,-8.942765690548713,-15.51323765686818,0.1201013532105575,0.1381260176900354,0.1235431207873879,0.3972890803022446,0.2397651980650259,0.1628518400309479
4223,2025-08-07,2.622,-121.45,48.54,21.4,13.1,17.3,16.5,2.8,13.47,C,34.2,12.7,18.7,93.5,47.8,75.9,0.08,0.073,0.053,0.021,0.051,19.7,19.3,18.8,18.2,17.6,uscrn_WA_Darrington_21_NNE_2025.txt,295.7177749337509,0.8518368415557299,0.0530128180980682,0.1250841899763879,0.0276632920067541,-9.027975795145933,-15.580961389304235,0.1169933333021746,0.1356752237239351,0.1222043166992798,0.382440614261377,0.2343779995699957,0.1598052531765379
4223,2025-08-14,2.622,-121.45,48.54,25.1,15.2,20.2,18.8,3.5,12.8,C,39.2,13.8,20.9,93.2,44.3,66.8,0.053,0.055,0.059,0.02,0.052,19.6,19.6,19.1,18.5,17.9,uscrn_WA_Darrington_21_NNE_2025.txt,296.7924019111861,0.8518368415557299,0.1314743608236313,0.1376876660855966,0.0305494735766464,-8.611049616375974,-15.14996269045891,0.2429338261575307,0.2494579296843316,0.232191633918369,0.4652516121811315,0.3220402231012972,0.2619157769734863
4223,2025-08-28,2.622,-121.45,48.54,23.6,16.0,19.8,19.7,0.5,4.04,C,26.3,13.8,19.4,93.8,70.2,88.1,0.083,0.123,0.122,0.073,0.079,19.7,19.6,19.1,18.5,17.9,uscrn_WA_Darrington_21_NNE_2025.txt,297.9284576115284,0.8304526337770822,0.0630769208073616,0.141482131691244,0.0314228249004413,-8.49298405354529,-15.027547746262243,0.137457762828854,0.1480396698336215,0.1322620110165155,0.3696105192779976,0.2282976715207296,0.1576237434270684
4223,2025-09-04,2.622,-121.45,48.54,24.6,13.9,19.2,18.5,0.0,9.99,C,28.6,11.4,18.1,95.0,60.8,84.7,0.067,0.098,0.104,0.059,0.077,18.4,18.4,18.4,17.9,17.6,uscrn_WA_Darrington_21_NNE_2025.txt,295.0395760057817,0.8304526337770822,0.030432691797614,0.1264646963820382,0.0279311026606357,-8.980306943009737,-15.539119189364165,0.142861894254405,0.1525648391274256,0.1357474128282085,0.3721991721555054,0.2324139229484927,0.1588960546999807
4223,2025-09-11,2.622,-121.45,48.54,21.9,15.8,18.8,17.9,0.0,5.43,C,24.4,13.8,18.3,86.9,61.5,76.8,0.061,0.084,0.092,0.05,0.074,17.9,17.8,17.9,17.4,17.1,uscrn_WA_Darrington_21_NNE_2025.txt,292.87380269814497,0.841087517619421,0.0586698688566684,0.1143334093508702,0.0259934199042452,-9.418268459248292,-15.85136577450407,0.1205852498780593,0.1341767412908343,0.1219152725367336,0.3544495693783735,0.2243427197953063,0.155981198008495
4223,2025-09-18,2.622,-121.45,48.54,21.9,8.9,15.4,14.7,0.0,9.98,C,27.2,6.0,13.0,94.9,52.5,80.0,0.073,0.097,0.093,0.044,0.072,15.2,15.4,16.4,16.0,15.9,uscrn_WA_Darrington_21_NNE_2025.txt,291.8871733183436,0.841087517619421,0.0730288475751876,0.1303991226036898,0.0293881772480345,-8.847253307640518,-15.318273494724416,0.1212223814158813,0.1344359541181067,0.1223979659442182,0.3512485031403964,0.2199493996970597,0.1535154013876983
4223,2025-09-25,2.622,-121.45,48.54,19.7,7.0,13.4,11.8,0.0,8.29,C,27.7,1.7,11.1,95.9,35.2,78.2,0.103,0.143,0.127,0.066,0.079,13.5,13.7,14.9,14.5,14.5,uscrn_WA_Darrington_21_NNE_2025.txt,290.7781961776278,0.8323152492821723,0.1179006397724151,0.1329338718264301,0.0289257056216749,-8.763643458214673,-15.387160379471052,0.1214977333898444,0.1379410455507108,0.1270290223986017,0.3611871760656047,0.2246854214790331,0.1581718370835712
4223,2025-10-02,2.622,-121.45,48.54,18.0,7.4,12.7,12.3,0.5,5.73,C,24.3,2.7,11.2,95.6,56.0,88.5,0.17,0.21,0.144,0.077,0.083,14.3,14.5,15.2,14.7,14.5,uscrn_WA_Darrington_21_NNE_2025.txt,288.1587745924677,0.8323152492821723,0.0816025584936142,0.1405588890395949,0.0298473199193345,-8.521416841100883,-15.25094659392218,0.2737543666521887,0.2794212882358847,0.2666817449415271,0.4732857276398746,0.3291229549420579,0.2551892282797081
4223,2025-10-16,2.622,-121.45,48.54,14.0,-0.6,6.7,6.9,0.0,5.75,C,18.2,-4.3,5.3,95.7,47.8,80.9,0.168,0.224,0.198,0.13,0.149,8.0,8.4,10.6,10.3,10.7,uscrn_WA_Darrington_21_NNE_2025.txt,282.8424550309162,0.6736131036282959,0.1680288463830948,0.1332590290522211,0.0288865751593784,-8.753033553992555,-15.393039457831328,0.1139429676151576,0.1281654464079142,0.1187087546543426,0.3375460559319001,0.2066705564779199,0.1491942107373476
