station_id,date,y_true,y_pred
Darrington,2017-01-01,0.344,0.3309899866580963
SourdoughGulch_WA_985,2017-01-01,0.306,0.28910011053085327
Quinault,2017-01-01,0.249,0.24101881682872772
Touchet_WA_824,2017-01-01,0.196,0.18141917884349823
Quinault,2017-01-02,0.288,0.26173830032348633
SourdoughGulch_WA_985,2017-01-02,0.307,0.2964847683906555
Darrington,2017-01-02,0.342,0.3179185092449188
Touchet_WA_824,2017-01-02,0.196,0.18191257119178772
Darrington,2017-01-03,0.336,0.3184989392757416
Touchet_WA_824,2017-01-03,0.197,0.1837702989578247
Quinault,2017-01-03,0.296,0.2593204975128174
SourdoughGulch_WA_985,2017-01-03,0.307,0.28675803542137146
Touchet_WA_824,2017-01-04,0.197,0.18513469398021698
Darrington,2017-01-04,0.33,0.3201127350330353
SourdoughGulch_WA_985,2017-01-04,0.307,0.2864820063114166
Touchet_WA_824,2017-01-05,0.197,0.1835499405860901
Darrington,2017-01-05,0.325,0.3168777525424957
SourdoughGulch_WA_985,2017-01-05,0.306,0.2866825461387634
SourdoughGulch_WA_985,2017-01-06,0.304,0.27844473719596863
Darrington,2017-01-06,0.322,0.31283488869667053
Touchet_WA_824,2017-01-06,0.195,0.1808345764875412
SourdoughGulch_WA_985,2017-01-07,0.302,0.28136971592903137
Touchet_WA_824,2017-01-07,0.195,0.1841404139995575
Darrington,2017-01-07,0.319,0.30592799186706543
SourdoughGulch_WA_985,2017-01-08,0.299,0.2857356667518616
Darrington,2017-01-08,0.323,0.3218710422515869
Touchet_WA_824,2017-01-08,0.196,0.1819433867931366
Touchet_WA_824,2017-01-09,0.196,0.1815391629934311
Quinault,2017-01-09,0.327,0.26684099435806274
SourdoughGulch_WA_985,2017-01-09,0.298,0.29144319891929626
Darrington,2017-01-09,0.338,0.3364406228065491
Quinault,2017-01-10,0.282,0.2681122422218323
Touchet_WA_824,2017-01-10,0.196,0.18471135199069977
Darrington,2017-01-10,0.333,0.33369672298431396
SourdoughGulch_WA_985,2017-01-10,0.298,0.2973644733428955
Touchet_WA_824,2017-01-11,0.196,0.18500050902366638
Darrington,2017-01-11,0.329,0.33977341651916504
SourdoughGulch_WA_985,2017-01-11,0.3,0.30244961380958557
Quinault,2017-01-11,0.295,0.26650911569595337
Touchet_WA_824,2017-01-12,0.195,0.18379966914653778
SourdoughGulch_WA_985,2017-01-12,0.302,0.30611085891723633
Darrington,2017-01-12,0.327,0.33895254135131836
Touchet_WA_824,2017-01-13,0.196,0.18651951849460602
SourdoughGulch_WA_985,2017-01-13,0.303,0.30840131640434265
Darrington,2017-01-13,0.365,0.341969758272171
Touchet_WA_824,2017-01-14,0.195,0.1859634965658188
SourdoughGulch_WA_985,2017-01-14,0.303,0.3095337152481079
Darrington,2017-01-14,0.39,0.3491513729095459
SourdoughGulch_WA_985,2017-01-15,0.301,0.31104791164398193
Darrington,2017-01-15,0.388,0.35184764862060547
Touchet_WA_824,2017-01-15,0.196,0.18409352004528046
Touchet_WA_824,2017-01-16,0.195,0.18386971950531006
SourdoughGulch_WA_985,2017-01-16,0.3,0.30819085240364075
SourdoughGulch_WA_985,2017-01-17,0.299,0.3062687814235687
Touchet_WA_824,2017-01-17,0.195,0.18545174598693848
SourdoughGulch_WA_985,2017-01-18,0.298,0.3092542588710785
Quinault,2017-01-18,0.261,0.2503573000431061
Touchet_WA_824,2017-01-18,0.195,0.18314549326896667
SourdoughGulch_WA_985,2017-01-19,0.298,0.3120953440666199
Touchet_WA_824,2017-01-19,0.194,0.18446551263332367
Quinault,2017-01-19,0.26,0.25013306736946106
Quinault,2017-01-20,0.213,0.2467961460351944
SourdoughGulch_WA_985,2017-01-20,0.311,0.31288495659828186
Touchet_WA_824,2017-01-20,0.195,0.18446670472621918
Quinault,2017-01-21,0.208,0.24427643418312073
Darrington,2017-01-21,0.436,0.34878256916999817
SourdoughGulch_WA_985,2017-01-21,0.317,0.3165867030620575
Touchet_WA_824,2017-01-21,0.195,0.1849532425403595
Quinault,2017-01-22,0.219,0.2396073341369629
Touchet_WA_824,2017-01-22,0.195,0.1873459666967392
Darrington,2017-01-22,0.437,0.3457125425338745
SourdoughGulch_WA_985,2017-01-22,0.318,0.31736093759536743
Darrington,2017-01-23,0.424,0.388320654630661
SourdoughGulch_WA_985,2017-01-23,0.319,0.3173108398914337
Quinault,2017-01-23,0.204,0.20738902688026428
Touchet_WA_824,2017-01-23,0.194,0.18694274127483368
SourdoughGulch_WA_985,2017-01-24,0.318,0.3137437105178833
Quinault,2017-01-24,0.194,0.20621511340141296
Touchet_WA_824,2017-01-24,0.195,0.18759454786777496
Darrington,2017-01-25,0.406,0.3916836082935333
SourdoughGulch_WA_985,2017-01-25,0.317,0.3168507516384125
Touchet_WA_824,2017-01-25,0.194,0.18993467092514038
Quinault,2017-01-25,0.191,0.21118587255477905
SourdoughGulch_WA_985,2017-01-26,0.315,0.3266313672065735
Touchet_WA_824,2017-01-26,0.195,0.1888195425271988
Quinault,2017-01-26,0.194,0.2044438272714615
Darrington,2017-01-26,0.42,0.3903937041759491
Quinault,2017-01-27,0.19,0.19781093299388885
SourdoughGulch_WA_985,2017-01-27,0.314,0.31817343831062317
Darrington,2017-01-27,0.417,0.39246249198913574
Touchet_WA_824,2017-01-27,0.195,0.18914030492305756
Darrington,2017-01-28,0.409,0.38869956135749817
Quinault,2017-01-28,0.187,0.197687029838562
SourdoughGulch_WA_985,2017-01-28,0.313,0.3250383138656616
Touchet_WA_824,2017-01-28,0.196,0.1886027604341507
Touchet_WA_824,2017-01-29,0.196,0.18494579195976257
Darrington,2017-01-29,0.42,0.3903912603855133
SourdoughGulch_WA_985,2017-01-29,0.311,0.32148849964141846
Quinault,2017-01-29,0.21,0.21303807199001312
Quinault,2017-01-30,0.202,0.21392951905727386
Darrington,2017-01-30,0.439,0.3882790803909302
SourdoughGulch_WA_985,2017-01-30,0.31,0.29154783487319946
Touchet_WA_824,2017-01-30,0.196,0.1767706423997879
Quinault,2017-01-31,0.195,0.2102038413286209
Darrington,2017-01-31,0.43,0.3841104805469513
SourdoughGulch_WA_985,2017-01-31,0.309,0.3028688132762909
Touchet_WA_824,2017-01-31,0.196,0.18868878483772278
Quinault,2017-02-01,0.193,0.20136842131614685
Touchet_WA_824,2017-02-01,0.196,0.18768449127674103
SourdoughGulch_WA_985,2017-02-01,0.309,0.2918476462364197
Touchet_WA_824,2017-02-02,0.197,0.18498067557811737
SourdoughGulch_WA_985,2017-02-02,0.31,0.28617405891418457
Quinault,2017-02-02,0.187,0.19829979538917542
Touchet_WA_824,2017-02-03,0.195,0.18966390192508698
Quinault,2017-02-03,0.226,0.2330525517463684
SourdoughGulch_WA_985,2017-02-03,0.308,0.301013708114624
SourdoughGulch_WA_985,2017-02-04,0.306,0.3047295808792114
Quinault,2017-02-04,0.249,0.23544913530349731
Touchet_WA_824,2017-02-04,0.196,0.1817200779914856
Quinault,2017-02-05,0.226,0.2348870038986206
Touchet_WA_824,2017-02-05,0.196,0.18293501436710358
SourdoughGulch_WA_985,2017-02-05,0.309,0.31127461791038513
Quinault,2017-02-06,0.221,0.23438231647014618
Touchet_WA_824,2017-02-06,0.196,0.184454083442688
SourdoughGulch_WA_985,2017-02-06,0.34,0.3133542835712433
Touchet_WA_824,2017-02-07,0.195,0.18404431641101837
Quinault,2017-02-07,0.211,0.23453286290168762
SourdoughGulch_WA_985,2017-02-07,0.339,0.3207087814807892
SourdoughGulch_WA_985,2017-02-08,0.333,0.32147902250289917
Quinault,2017-02-08,0.234,0.23520472645759583
Touchet_WA_824,2017-02-08,0.197,0.1842864751815796
Touchet_WA_824,2017-02-09,0.197,0.19614967703819275
SourdoughGulch_WA_985,2017-02-09,0.331,0.32545527815818787
Quinault,2017-02-09,0.258,0.23801366984844208
Touchet_WA_824,2017-02-10,0.196,0.2001906782388687
Quinault,2017-02-10,0.233,0.2365347295999527
SourdoughGulch_WA_985,2017-02-10,0.356,0.3335176110267639
SourdoughGulch_WA_985,2017-02-11,0.343,0.33490675687789917
Quinault,2017-02-11,0.213,0.23674748837947845
Touchet_WA_824,2017-02-11,0.197,0.20096218585968018
Quinault,2017-02-12,0.198,0.2222999483346939
SourdoughGulch_WA_985,2017-02-12,0.334,0.3399684727191925
Touchet_WA_824,2017-02-12,0.196,0.19976955652236938
SourdoughGulch_WA_985,2017-02-13,0.324,0.32768458127975464
Quinault,2017-02-13,0.191,0.22894608974456787
Touchet_WA_824,2017-02-13,0.196,0.19726519286632538
Quinault,2017-02-14,0.204,0.23264150321483612
SourdoughGulch_WA_985,2017-02-14,0.318,0.32259252667427063
Touchet_WA_824,2017-02-14,0.196,0.18748162686824799
Touchet_WA_824,2017-02-15,0.196,0.19660921394824982
Quinault,2017-02-15,0.263,0.23256999254226685
SourdoughGulch_WA_985,2017-02-15,0.319,0.33000320196151733
SourdoughGulch_WA_985,2017-02-16,0.354,0.33643901348114014
Quinault,2017-02-16,0.223,0.2309025526046753
Touchet_WA_824,2017-02-16,0.197,0.20001326501369476
Touchet_WA_824,2017-02-17,0.198,0.2004113346338272
Quinault,2017-02-17,0.214,0.23076440393924713
SourdoughGulch_WA_985,2017-02-17,0.358,0.3348184823989868
Touchet_WA_824,2017-02-18,0.198,0.2022186517715454
Quinault,2017-02-18,0.205,0.23121684789657593
SourdoughGulch_WA_985,2017-02-18,0.348,0.3344850242137909
Touchet_WA_824,2017-02-19,0.197,0.20124009251594543
Darrington,2017-02-19,0.409,0.3691364526748657
Quinault,2017-02-19,0.236,0.23036763072013855
SourdoughGulch_WA_985,2017-02-19,0.355,0.3335112929344177
Touchet_WA_824,2017-02-20,0.198,0.2001609355211258
SourdoughGulch_WA_985,2017-02-20,0.342,0.3273272216320038
Quinault,2017-02-20,0.22,0.23000730574131012
Darrington,2017-02-20,0.375,0.35037943720817566
Touchet_WA_824,2017-02-21,0.199,0.20079022645950317
SourdoughGulch_WA_985,2017-02-21,0.353,0.3306620419025421
Quinault,2017-02-21,0.205,0.21975228190422058
Darrington,2017-02-21,0.351,0.34616929292678833
Quinault,2017-02-22,0.197,0.22472155094146729
Touchet_WA_824,2017-02-22,0.197,0.19920477271080017
Darrington,2017-02-22,0.341,0.34303173422813416
SourdoughGulch_WA_985,2017-02-22,0.353,0.32349127531051636
SourdoughGulch_WA_985,2017-02-23,0.336,0.31859907507896423
Quinault,2017-02-23,0.194,0.2111603170633316
Touchet_WA_824,2017-02-23,0.198,0.19865253567695618
Darrington,2017-02-23,0.34,0.3364698886871338
SourdoughGulch_WA_985,2017-02-24,0.315,0.30783918499946594
Darrington,2017-02-24,0.33,0.3343857526779175
Quinault,2017-02-24,0.193,0.20867718756198883
Touchet_WA_824,2017-02-24,0.199,0.19816064834594727
Darrington,2017-02-25,0.346,0.33691179752349854
Quinault,2017-02-25,0.192,0.21075214445590973
SourdoughGulch_WA_985,2017-02-25,0.293,0.299465537071228
Touchet_WA_824,2017-02-25,0.199,0.19082413613796234
SourdoughGulch_WA_985,2017-02-26,0.264,0.29479801654815674
Quinault,2017-02-26,0.231,0.22386831045150757
Darrington,2017-02-26,0.347,0.33542823791503906
Touchet_WA_824,2017-02-26,0.199,0.19384677708148956
SourdoughGulch_WA_985,2017-02-27,0.26,0.3021300137042999
Darrington,2017-02-27,0.358,0.34528887271881104
Quinault,2017-02-27,0.226,0.22427524626255035
Touchet_WA_824,2017-02-27,0.2,0.1965712308883667
SourdoughGulch_WA_985,2017-02-28,0.284,0.3035908341407776
Darrington,2017-02-28,0.351,0.34427404403686523
Touchet_WA_824,2017-02-28,0.199,0.19661520421504974
Quinault,2017-02-28,0.222,0.22539202868938446
Darrington,2017-03-01,0.376,0.3557494878768921
SourdoughGulch_WA_985,2017-03-01,0.293,0.30151069164276123
Touchet_WA_824,2017-03-01,0.2,0.19611512124538422
Quinault,2017-03-01,0.233,0.22892224788665771
Quinault,2017-03-02,0.247,0.23278790712356567
Darrington,2017-03-02,0.364,0.3596535623073578
Touchet_WA_824,2017-03-02,0.202,0.19737142324447632
SourdoughGulch_WA_985,2017-03-02,0.296,0.2974207103252411
Touchet_WA_824,2017-03-03,0.201,0.19404363632202148
Quinault,2017-03-03,0.258,0.2367895245552063
SourdoughGulch_WA_985,2017-03-03,0.298,0.29758432507514954
Darrington,2017-03-03,0.389,0.35324275493621826
Touchet_WA_824,2017-03-04,0.2,0.2011900395154953
SourdoughGulch_WA_985,2017-03-04,0.321,0.3116433918476105
Darrington,2017-03-04,0.358,0.35240912437438965
Quinault,2017-03-04,0.224,0.23749946057796478
Touchet_WA_824,2017-03-05,0.201,0.20147906243801117
Darrington,2017-03-05,0.351,0.34749501943588257
SourdoughGulch_WA_985,2017-03-05,0.329,0.3158206343650818
Quinault,2017-03-05,0.226,0.23703265190124512
Touchet_WA_824,2017-03-06,0.201,0.20301654934883118
SourdoughGulch_WA_985,2017-03-06,0.327,0.31700393557548523
Quinault,2017-03-06,0.225,0.23610630631446838
Darrington,2017-03-06,0.358,0.35450080037117004
SourdoughGulch_WA_985,2017-03-07,0.327,0.31995871663093567
Quinault,2017-03-07,0.228,0.23581339418888092
Touchet_WA_824,2017-03-07,0.202,0.20815658569335938
Darrington,2017-03-07,0.352,0.35038599371910095
Touchet_WA_824,2017-03-08,0.202,0.2128179967403412
Darrington,2017-03-08,0.366,0.36189141869544983
Quinault,2017-03-08,0.225,0.23593294620513916
SourdoughGulch_WA_985,2017-03-08,0.325,0.31979936361312866
Spokane,2017-03-09,0.329,0.30860868096351624
Quinault,2017-03-09,0.249,0.24087773263454437
Touchet_WA_824,2017-03-09,0.201,0.2147645205259323
Darrington,2017-03-09,0.377,0.3685740530490875
SourdoughGulch_WA_985,2017-03-09,0.343,0.3253077268600464
Quinault,2017-03-10,0.255,0.24050503969192505
Touchet_WA_824,2017-03-10,0.202,0.2133428156375885
SourdoughGulch_WA_985,2017-03-10,0.353,0.3322612941265106
Spokane,2017-03-10,0.326,0.31093645095825195
Darrington,2017-03-10,0.383,0.36831697821617126
Quinault,2017-03-11,0.246,0.24223873019218445
SourdoughGulch_WA_985,2017-03-11,0.356,0.33289721608161926
Darrington,2017-03-11,0.378,0.3668430745601654
Touchet_WA_824,2017-03-11,0.202,0.21288450062274933
Spokane,2017-03-11,0.323,0.3171406090259552
Touchet_WA_824,2017-03-12,0.202,0.21309834718704224
Spokane,2017-03-12,0.32,0.31696924567222595
Darrington,2017-03-12,0.391,0.36324745416641235
Quinault,2017-03-12,0.224,0.24054254591464996
SourdoughGulch_WA_985,2017-03-12,0.357,0.336245059967041
Spokane,2017-03-13,0.33,0.3223874568939209
Quinault,2017-03-13,0.244,0.2408503293991089
Darrington,2017-03-13,0.407,0.3439300060272217
Touchet_WA_824,2017-03-13,0.202,0.214424729347229
SourdoughGulch_WA_985,2017-03-13,0.357,0.3365989923477173
Quinault,2017-03-14,0.257,0.2416357398033142
Darrington,2017-03-14,0.385,0.3643925189971924
Touchet_WA_824,2017-03-14,0.203,0.21382896602153778
SourdoughGulch_WA_985,2017-03-14,0.352,0.3419005274772644
Spokane,2017-03-14,0.339,0.3238818347454071
Quinault,2017-03-15,0.231,0.2389325350522995
SourdoughGulch_WA_985,2017-03-15,0.35,0.3414284288883209
Spokane,2017-03-15,0.328,0.3275556266307831
Darrington,2017-03-15,0.382,0.36490190029144287
Touchet_WA_824,2017-03-15,0.202,0.2110702246427536
Darrington,2017-03-16,0.36,0.36490190029144287
Spokane,2017-03-16,0.323,0.3265625834465027
Quinault,2017-03-16,0.233,0.23913446068763733
SourdoughGulch_WA_985,2017-03-16,0.344,0.3413648307323456
Touchet_WA_824,2017-03-16,0.203,0.21090485155582428
Quinault,2017-03-17,0.236,0.24067284166812897
Darrington,2017-03-17,0.356,0.36497363448143005
Touchet_WA_824,2017-03-17,0.204,0.20957066118717194
Spokane,2017-03-17,0.322,0.3261282742023468
SourdoughGulch_WA_985,2017-03-17,0.343,0.339957594871521
Spokane,2017-03-18,0.333,0.32851365208625793
Quinault,2017-03-18,0.237,0.2383127212524414
Darrington,2017-03-18,0.384,0.363815575838089
SourdoughGulch_WA_985,2017-03-18,0.339,0.3195924460887909
Touchet_WA_824,2017-03-18,0.203,0.21495361626148224
SourdoughGulch_WA_985,2017-03-19,0.358,0.3205510973930359
Darrington,2017-03-19,0.345,0.3561762273311615
Touchet_WA_824,2017-03-19,0.204,0.21328288316726685
Spokane,2017-03-19,0.323,0.32877877354621887
Quinault,2017-03-19,0.21,0.22814525663852692
Darrington,2017-03-20,0.331,0.34630343317985535
Touchet_WA_824,2017-03-20,0.205,0.2093125730752945
Spokane,2017-03-20,0.319,0.32732832431793213
SourdoughGulch_WA_985,2017-03-20,0.341,0.3208136558532715
Quinault,2017-03-20,0.202,0.23717156052589417
Quinault,2017-03-21,0.239,0.23762649297714233
SourdoughGulch_WA_985,2017-03-21,0.338,0.34143805503845215
Touchet_WA_824,2017-03-21,0.206,0.20917703211307526
Darrington,2017-03-21,0.34,0.3425208628177643
Spokane,2017-03-21,0.325,0.32698020339012146
Touchet_WA_824,2017-03-22,0.205,0.2065073549747467
SourdoughGulch_WA_985,2017-03-22,0.339,0.3393901586532593
Darrington,2017-03-22,0.365,0.3407636880874634
Spokane,2017-03-22,0.327,0.32766440510749817
Quinault,2017-03-22,0.247,0.23677434027194977
Touchet_WA_824,2017-03-23,0.206,0.20608030259609222
Spokane,2017-03-23,0.321,0.3265528678894043
SourdoughGulch_WA_985,2017-03-23,0.349,0.3392612636089325
Darrington,2017-03-23,0.352,0.33970773220062256
Quinault,2017-03-23,0.238,0.23708172142505646
Spokane,2017-03-24,0.331,0.32785719633102417
SourdoughGulch_WA_985,2017-03-24,0.341,0.3394162654876709
Darrington,2017-03-24,0.382,0.3524179458618164
Quinault,2017-03-24,0.252,0.2401217669248581
Touchet_WA_824,2017-03-24,0.206,0.21359515190124512
SourdoughGulch_WA_985,2017-03-25,0.339,0.3394642472267151
Spokane,2017-03-25,0.326,0.3271566927433014
Touchet_WA_824,2017-03-25,0.206,0.21415501832962036
Quinault,2017-03-25,0.232,0.2373374104499817
Darrington,2017-03-25,0.372,0.3523249626159668
Spokane,2017-03-26,0.322,0.3247019052505493
SourdoughGulch_WA_985,2017-03-26,0.354,0.3385365307331085
Darrington,2017-03-26,0.36,0.3493036925792694
Touchet_WA_824,2017-03-26,0.205,0.21197296679019928
Quinault,2017-03-26,0.244,0.2371942102909088
Darrington,2017-03-27,0.367,0.35632798075675964
Touchet_WA_824,2017-03-27,0.206,0.2105204313993454
SourdoughGulch_WA_985,2017-03-27,0.342,0.33871519565582275
Quinault,2017-03-27,0.253,0.23609814047813416
Spokane,2017-03-27,0.325,0.32723820209503174
Quinault,2017-03-28,0.275,0.23474949598312378
SourdoughGulch_WA_985,2017-03-28,0.34,0.3334655463695526
Spokane,2017-03-28,0.322,0.3221825957298279
Touchet_WA_824,2017-03-28,0.206,0.21006518602371216
Darrington,2017-03-28,0.39,0.357591837644577
SourdoughGulch_WA_985,2017-03-29,0.334,0.3390618562698364
Quinault,2017-03-29,0.258,0.2346809357404709
Darrington,2017-03-29,0.397,0.36639437079429626
Touchet_WA_824,2017-03-29,0.206,0.21124906837940216
Spokane,2017-03-29,0.335,0.325722873210907
Spokane,2017-03-30,0.325,0.32315793633461
Touchet_WA_824,2017-03-30,0.206,0.21111352741718292
SourdoughGulch_WA_985,2017-03-30,0.345,0.33820822834968567
Darrington,2017-03-30,0.369,0.35934093594551086
Quinault,2017-03-30,0.229,0.2336907833814621
SourdoughGulch_WA_985,2017-03-31,0.344,0.33726614713668823
Touchet_WA_824,2017-03-31,0.206,0.21012189984321594
Darrington,2017-03-31,0.347,0.3433026969432831
Quinault,2017-03-31,0.208,0.2122652232646942
Spokane,2017-03-31,0.32,0.32144078612327576
Darrington,2017-04-01,0.362,0.3539063632488251
Touchet_WA_824,2017-04-01,0.206,0.2084784060716629
Quinault,2017-04-01,0.22,0.22932974994182587
Spokane,2017-04-01,0.316,0.3199727535247803
SourdoughGulch_WA_985,2017-04-01,0.338,0.33565086126327515
Darrington,2017-04-02,0.363,0.34297874569892883
Quinault,2017-04-02,0.208,0.2043849527835846
SourdoughGulch_WA_985,2017-04-02,0.336,0.3304075300693512
Touchet_WA_824,2017-04-02,0.207,0.2023417055606842
Spokane,2017-04-02,0.313,0.3179822266101837
Darrington,2017-04-03,0.352,0.3343810439109802
SourdoughGulch_WA_985,2017-04-03,0.331,0.3281175494194031
Spokane,2017-04-03,0.309,0.3164651095867157
Quinault,2017-04-03,0.202,0.19536858797073364
Touchet_WA_824,2017-04-03,0.206,0.20261317491531372
SourdoughGulch_WA_985,2017-04-04,0.326,0.3332586884498596
Darrington,2017-04-04,0.336,0.3379896879196167
Spokane,2017-04-04,0.306,0.3157677948474884
Touchet_WA_824,2017-04-04,0.207,0.20660097897052765
Quinault,2017-04-04,0.213,0.2219759076833725
Touchet_WA_824,2017-04-05,0.207,0.2085413783788681
Spokane,2017-04-05,0.306,0.3159700334072113
Darrington,2017-04-05,0.379,0.33813485503196716
Quinault,2017-04-05,0.248,0.2283475697040558
SourdoughGulch_WA_985,2017-04-05,0.325,0.3334614634513855
SourdoughGulch_WA_985,2017-04-06,0.326,0.3303501009941101
Spokane,2017-04-06,0.307,0.3174077570438385
Quinault,2017-04-06,0.23,0.22946542501449585
Touchet_WA_824,2017-04-06,0.206,0.2049458622932434
Darrington,2017-04-06,0.363,0.33813485503196716
Spokane,2017-04-07,0.321,0.3170320689678192
Quinault,2017-04-07,0.262,0.23451200127601624
Touchet_WA_824,2017-04-07,0.207,0.20635294914245605
SourdoughGulch_WA_985,2017-04-07,0.322,0.32987284660339355
Darrington,2017-04-07,0.377,0.3406101167201996
Touchet_WA_824,2017-04-08,0.208,0.2094491720199585
SourdoughGulch_WA_985,2017-04-08,0.327,0.3319699764251709
Quinault,2017-04-08,0.248,0.23463740944862366
Darrington,2017-04-08,0.366,0.3439212143421173
Spokane,2017-04-08,0.319,0.31745854020118713
SourdoughGulch_WA_985,2017-04-09,0.329,0.33219507336616516
Spokane,2017-04-09,0.316,0.3160000741481781
Touchet_WA_824,2017-04-09,0.208,0.20849522948265076
Quinault,2017-04-09,0.222,0.2318069487810135
Darrington,2017-04-09,0.35,0.3379422724246979
SourdoughGulch_WA_985,2017-04-10,0.34,0.3305324614048004
Touchet_WA_824,2017-04-10,0.208,0.21148118376731873
Quinault,2017-04-10,0.25,0.23316337168216705
Darrington,2017-04-10,0.362,0.33896729350090027
Spokane,2017-04-10,0.32,0.32335832715034485
SourdoughGulch_WA_985,2017-04-11,0.337,0.3331947326660156
Spokane,2017-04-11,0.317,0.3185495138168335
Darrington,2017-04-11,0.35,0.33863213658332825
Quinault,2017-04-11,0.219,0.22936563193798065
Touchet_WA_824,2017-04-11,0.207,0.21227167546749115
Quinault,2017-04-12,0.248,0.23078197240829468
Darrington,2017-04-12,0.342,0.3358618915081024
Spokane,2017-04-12,0.318,0.3176906406879425
SourdoughGulch_WA_985,2017-04-12,0.333,0.3366583585739136
Touchet_WA_824,2017-04-12,0.208,0.21019181609153748
Darrington,2017-04-13,0.364,0.32808026671409607
Quinault,2017-04-13,0.246,0.2316385805606842
Spokane,2017-04-13,0.326,0.31979653239250183
SourdoughGulch_WA_985,2017-04-13,0.334,0.33589860796928406
Touchet_WA_824,2017-04-13,0.208,0.2129826843738556
SourdoughGulch_WA_985,2017-04-14,0.348,0.3335854709148407
Darrington,2017-04-14,0.359,0.32808026671409607
Spokane,2017-04-14,0.319,0.31816360354423523
Quinault,2017-04-14,0.252,0.23069879412651062
Touchet_WA_824,2017-04-14,0.208,0.21113580465316772
Touchet_WA_824,2017-04-15,0.209,0.21226529777050018
Spokane,2017-04-15,0.314,0.3173433542251587
Darrington,2017-04-15,0.35,0.32810333371162415
Quinault,2017-04-15,0.223,0.22992518544197083
SourdoughGulch_WA_985,2017-04-15,0.34,0.3343275785446167
Darrington,2017-04-16,0.329,0.32252782583236694
Spokane,2017-04-16,0.311,0.31093019247055054
SourdoughGulch_WA_985,2017-04-16,0.335,0.3308357894420624
Touchet_WA_824,2017-04-16,0.209,0.2102845460176468
Quinault,2017-04-16,0.205,0.21292826533317566
Darrington,2017-04-17,0.332,0.3412048816680908
Spokane,2017-04-17,0.331,0.3208273649215698
SourdoughGulch_WA_985,2017-04-17,0.336,0.33734840154647827
Touchet_WA_824,2017-04-17,0.209,0.21504072844982147
Quinault,2017-04-17,0.222,0.21760478615760803
Darrington,2017-04-18,0.358,0.341837078332901
Spokane,2017-04-18,0.328,0.3240564465522766
SourdoughGulch_WA_985,2017-04-18,0.338,0.3364228904247284
Quinault,2017-04-18,0.24,0.22907963395118713
Touchet_WA_824,2017-04-18,0.208,0.2164367437362671
Quinault,2017-04-19,0.236,0.2313011735677719
Spokane,2017-04-19,0.322,0.3238554894924164
Touchet_WA_824,2017-04-19,0.209,0.21700070798397064
Darrington,2017-04-19,0.341,0.34093737602233887
SourdoughGulch_WA_985,2017-04-19,0.344,0.3373687267303467
Touchet_WA_824,2017-04-20,0.209,0.2172660380601883
Darrington,2017-04-20,0.367,0.34076809883117676
Spokane,2017-04-20,0.318,0.3236715793609619
SourdoughGulch_WA_985,2017-04-20,0.341,0.3369559645652771
Quinault,2017-04-20,0.239,0.2313552051782608
Darrington,2017-04-21,0.341,0.3334149420261383
Touchet_WA_824,2017-04-21,0.208,0.21445640921592712
SourdoughGulch_WA_985,2017-04-21,0.341,0.3390311300754547
Spokane,2017-04-21,0.314,0.31712186336517334
Quinault,2017-04-21,0.213,0.20956717431545258
Spokane,2017-04-22,0.309,0.31507357954978943
Darrington,2017-04-22,0.33,0.33682721853256226
Quinault,2017-04-22,0.23,0.23041439056396484
Touchet_WA_824,2017-04-22,0.209,0.2150251716375351
SourdoughGulch_WA_985,2017-04-22,0.335,0.33482763171195984
Quinault,2017-04-23,0.252,0.23059403896331787
Touchet_WA_824,2017-04-23,0.21,0.22271628677845
SourdoughGulch_WA_985,2017-04-23,0.333,0.3400711417198181
Darrington,2017-04-23,0.341,0.3357773423194885
Spokane,2017-04-23,0.305,0.3156631290912628
Quinault,2017-04-24,0.222,0.22812281548976898
Spokane,2017-04-24,0.305,0.3088403642177582
Darrington,2017-04-24,0.347,0.33573928475379944
Touchet_WA_824,2017-04-24,0.211,0.22539149224758148
SourdoughGulch_WA_985,2017-04-24,0.352,0.34765949845314026
Quinault,2017-04-25,0.219,0.22625426948070526
Touchet_WA_824,2017-04-25,0.212,0.23509448766708374
Spokane,2017-04-25,0.303,0.3030645549297333
Darrington,2017-04-25,0.329,0.3191818296909332
SourdoughGulch_WA_985,2017-04-25,0.357,0.34648168087005615
Darrington,2017-04-26,0.371,0.32308152318000793
Spokane,2017-04-26,0.305,0.3042258322238922
Touchet_WA_824,2017-04-26,0.212,0.23854973912239075
Quinault,2017-04-26,0.24,0.22510910034179688
SourdoughGulch_WA_985,2017-04-26,0.354,0.3455038368701935
SourdoughGulch_WA_985,2017-04-27,0.35,0.3445234000682831
Darrington,2017-04-27,0.36,0.32290151715278625
Spokane,2017-04-27,0.304,0.30330750346183777
Quinault,2017-04-27,0.226,0.21542701125144958
Touchet_WA_824,2017-04-27,0.213,0.23737609386444092
SourdoughGulch_WA_985,2017-04-28,0.345,0.3413142263889313
Darrington,2017-04-28,0.34,0.3177528381347656
Spokane,2017-04-28,0.299,0.2991917133331299
Quinault,2017-04-28,0.205,0.20804618299007416
Touchet_WA_824,2017-04-28,0.212,0.23769979178905487
Darrington,2017-04-29,0.348,0.32471218705177307
SourdoughGulch_WA_985,2017-04-29,0.339,0.3391879200935364
Touchet_WA_824,2017-04-29,0.212,0.237456813454628
Spokane,2017-04-29,0.295,0.2901511788368225
Quinault,2017-04-29,0.217,0.22712790966033936
Touchet_WA_824,2017-04-30,0.211,0.23334571719169617
SourdoughGulch_WA_985,2017-04-30,0.337,0.3377661406993866
Quinault,2017-04-30,0.22,0.2264564484357834
Spokane,2017-04-30,0.289,0.2896331250667572
Darrington,2017-04-30,0.359,0.32319071888923645
Darrington,2017-05-01,0.339,0.31888148188591003
Quinault,2017-05-01,0.217,0.22401386499404907
Spokane,2017-05-01,0.286,0.2888927459716797
Touchet_WA_824,2017-05-01,0.211,0.2323128581047058
SourdoughGulch_WA_985,2017-05-01,0.334,0.33367669582366943
Darrington,2017-05-02,0.323,0.3142770826816559
Quinault,2017-05-02,0.215,0.2250293344259262
Touchet_WA_824,2017-05-02,0.212,0.23321186006069183
SourdoughGulch_WA_985,2017-05-02,0.333,0.3328808546066284
Spokane,2017-05-02,0.285,0.28585872054100037
SourdoughGulch_WA_985,2017-05-03,0.341,0.3297152519226074
Spokane,2017-05-03,0.28,0.27882182598114014
Quinault,2017-05-03,0.225,0.22368638217449188
Touchet_WA_824,2017-05-03,0.213,0.2338433414697647
Darrington,2017-05-03,0.357,0.3200087547302246
Spokane,2017-05-04,0.274,0.2781410217285156
Quinault,2017-05-04,0.201,0.21717879176139832
Touchet_WA_824,2017-05-04,0.213,0.23655062913894653
Darrington,2017-05-04,0.348,0.3220195770263672
SourdoughGulch_WA_985,2017-05-04,0.343,0.3288659453392029
SourdoughGulch_WA_985,2017-05-05,0.34,0.3306317925453186
Darrington,2017-05-05,0.374,0.3221960663795471
Touchet_WA_824,2017-05-05,0.222,0.23725169897079468
Spokane,2017-05-05,0.271,0.2836235463619232
Quinault,2017-05-05,0.22,0.22302131354808807
Quinault,2017-05-06,0.207,0.22147245705127716
Touchet_WA_824,2017-05-06,0.235,0.2329600304365158
Darrington,2017-05-06,0.366,0.3221960663795471
Spokane,2017-05-06,0.276,0.27848365902900696
SourdoughGulch_WA_985,2017-05-06,0.37,0.3327140510082245
Touchet_WA_824,2017-05-07,0.24,0.23915117979049683
SourdoughGulch_WA_985,2017-05-07,0.355,0.3393586575984955
Spokane,2017-05-07,0.272,0.26867106556892395
Darrington,2017-05-07,0.338,0.3154274821281433
Quinault,2017-05-07,0.194,0.21757753193378448
Quinault,2017-05-08,0.184,0.21168386936187744
Touchet_WA_824,2017-05-08,0.231,0.24587322771549225
Darrington,2017-05-08,0.324,0.2903181314468384
SourdoughGulch_WA_985,2017-05-08,0.35,0.34118011593818665
Spokane,2017-05-08,0.266,0.26784586906433105
SourdoughGulch_WA_985,2017-05-09,0.345,0.3371327519416809
Touchet_WA_824,2017-05-09,0.233,0.24214814603328705
Darrington,2017-05-09,0.307,0.2647336721420288
Spokane,2017-05-09,0.259,0.26364314556121826
Quinault,2017-05-09,0.175,0.1862412542104721
Touchet_WA_824,2017-05-10,0.235,0.22779616713523865
Darrington,2017-05-10,0.284,0.2688565254211426
Spokane,2017-05-10,0.251,0.2600906789302826
Quinault,2017-05-10,0.171,0.18911565840244293
SourdoughGulch_WA_985,2017-05-10,0.34,0.33630141615867615
Quinault,2017-05-11,0.237,0.22627480328083038
SourdoughGulch_WA_985,2017-05-11,0.335,0.3372255861759186
Touchet_WA_824,2017-05-11,0.24,0.2308756411075592
Spokane,2017-05-11,0.249,0.26056528091430664
Darrington,2017-05-11,0.293,0.3011588156223297
Quinault,2017-05-12,0.234,0.22625665366649628
Darrington,2017-05-12,0.322,0.29712966084480286
Spokane,2017-05-12,0.26,0.25796613097190857
Touchet_WA_824,2017-05-12,0.245,0.24743790924549103
SourdoughGulch_WA_985,2017-05-12,0.329,0.34143397212028503
SourdoughGulch_WA_985,2017-05-13,0.347,0.342818021774292
Darrington,2017-05-13,0.308,0.2929946780204773
Touchet_WA_824,2017-05-13,0.248,0.24704782664775848
Quinault,2017-05-13,0.225,0.22564563155174255
Spokane,2017-05-13,0.254,0.25793927907943726
Spokane,2017-05-14,0.254,0.259212851524353
Darrington,2017-05-14,0.295,0.2950010597705841
Quinault,2017-05-14,0.223,0.22673772275447845
Touchet_WA_824,2017-05-14,0.239,0.24319376051425934
SourdoughGulch_WA_985,2017-05-14,0.356,0.34237349033355713
Darrington,2017-05-15,0.31,0.309499055147171
Touchet_WA_824,2017-05-15,0.232,0.244517520070076
SourdoughGulch_WA_985,2017-05-15,0.359,0.3391638398170471
Spokane,2017-05-15,0.257,0.25879913568496704
Quinault,2017-05-15,0.228,0.22638116776943207
Touchet_WA_824,2017-05-16,0.235,0.2522836923599243
Darrington,2017-05-16,0.373,0.31706053018569946
SourdoughGulch_WA_985,2017-05-16,0.351,0.3445916771888733
Spokane,2017-05-16,0.277,0.26601293683052063
Quinault,2017-05-16,0.23,0.22210381925106049
Quinault,2017-05-17,0.203,0.21298158168792725
Touchet_WA_824,2017-05-17,0.241,0.24693164229393005
SourdoughGulch_WA_985,2017-05-17,0.354,0.3437251150608063
Spokane,2017-05-17,0.276,0.27043214440345764
Darrington,2017-05-17,0.346,0.31115251779556274
SourdoughGulch_WA_985,2017-05-18,0.355,0.34050509333610535
Quinault,2017-05-18,0.195,0.21033257246017456
Touchet_WA_824,2017-05-18,0.236,0.2459597885608673
Darrington,2017-05-18,0.32,0.3015449643135071
Spokane,2017-05-18,0.271,0.26969093084335327
Darrington,2017-05-19,0.294,0.2881790101528168
Spokane,2017-05-19,0.264,0.2690054774284363
Quinault,2017-05-19,0.187,0.19654881954193115
Touchet_WA_824,2017-05-19,0.232,0.2471841424703598
SourdoughGulch_WA_985,2017-05-19,0.352,0.3399432897567749
SourdoughGulch_WA_985,2017-05-20,0.348,0.3433096408843994
Quinault,2017-05-20,0.179,0.1828332543373108
Spokane,2017-05-20,0.271,0.26623567938804626
Touchet_WA_824,2017-05-20,0.233,0.25075840950012207
Darrington,2017-05-20,0.281,0.2642725110054016
SourdoughGulch_WA_985,2017-05-21,0.35,0.34014180302619934
Quinault,2017-05-21,0.168,0.17152059078216553
Spokane,2017-05-21,0.267,0.26700857281684875
Touchet_WA_824,2017-05-21,0.253,0.2520790994167328
Darrington,2017-05-21,0.261,0.2588515281677246
Quinault,2017-05-22,0.157,0.16471770405769348
Spokane,2017-05-22,0.255,0.2621143162250519
Darrington,2017-05-22,0.236,0.23125125467777252
SourdoughGulch_WA_985,2017-05-22,0.347,0.33025917410850525
Touchet_WA_824,2017-05-22,0.277,0.2545960247516632
Spokane,2017-05-23,0.244,0.25544095039367676
Touchet_WA_824,2017-05-23,0.3,0.25494807958602905
Darrington,2017-05-23,0.212,0.2054356038570404
SourdoughGulch_WA_985,2017-05-23,0.341,0.32794973254203796
Quinault,2017-05-23,0.142,0.14466418325901031
Touchet_WA_824,2017-05-24,0.322,0.253129780292511
Darrington,2017-05-24,0.205,0.2106514871120453
SourdoughGulch_WA_985,2017-05-24,0.334,0.31996163725852966
Quinault,2017-05-24,0.13,0.14304888248443604
Spokane,2017-05-24,0.232,0.24279111623764038
SourdoughGulch_WA_985,2017-05-25,0.319,0.3145443797111511
Quinault,2017-05-25,0.12,0.13927946984767914
Spokane,2017-05-25,0.226,0.23626308143138885
Touchet_WA_824,2017-05-25,0.326,0.25653964281082153
Darrington,2017-05-25,0.202,0.2046317458152771
Touchet_WA_824,2017-05-26,0.294,0.2530837059020996
Darrington,2017-05-26,0.189,0.1994115263223648
SourdoughGulch_WA_985,2017-05-26,0.309,0.31182777881622314
Quinault,2017-05-26,0.108,0.13835787773132324
Spokane,2017-05-26,0.218,0.22676195204257965
Spokane,2017-05-27,0.207,0.2196187824010849
Darrington,2017-05-27,0.174,0.19553862512111664
Quinault,2017-05-27,0.097,0.13595713675022125
Touchet_WA_824,2017-05-27,0.329,0.25272291898727417
SourdoughGulch_WA_985,2017-05-27,0.305,0.3084118664264679
Touchet_WA_824,2017-05-28,0.334,0.25796517729759216
Spokane,2017-05-28,0.195,0.20178329944610596
SourdoughGulch_WA_985,2017-05-28,0.299,0.3035517930984497
Quinault,2017-05-28,0.089,0.12428569048643112
Darrington,2017-05-28,0.155,0.1668597310781479
Spokane,2017-05-29,0.182,0.19422948360443115
Darrington,2017-05-29,0.136,0.14287950098514557
Quinault,2017-05-29,0.082,0.12192556262016296
Touchet_WA_824,2017-05-29,0.341,0.2460273802280426
SourdoughGulch_WA_985,2017-05-29,0.289,0.3007567822933197
Quinault,2017-05-30,0.079,0.13352911174297333
Darrington,2017-05-30,0.125,0.14294342696666718
Touchet_WA_824,2017-05-30,0.284,0.23071815073490143
Spokane,2017-05-30,0.17,0.18064071238040924
SourdoughGulch_WA_985,2017-05-30,0.278,0.2924734950065613
Touchet_WA_824,2017-05-31,0.249,0.23365511000156403
SourdoughGulch_WA_985,2017-05-31,0.265,0.2962392568588257
Quinault,2017-05-31,0.112,0.1555338054895401
Darrington,2017-05-31,0.128,0.14195318520069122
Spokane,2017-05-31,0.16,0.1714044064283371
SourdoughGulch_WA_985,2017-06-01,0.253,0.3024614751338959
Touchet_WA_824,2017-06-01,0.236,0.2403053194284439
Darrington,2017-06-01,0.13,0.14488093554973602
Spokane,2017-06-01,0.157,0.16593807935714722
Quinault,2017-06-01,0.189,0.17243626713752747
Spokane,2017-06-02,0.152,0.1509372442960739
Darrington,2017-06-02,0.133,0.14564748108386993
Touchet_WA_824,2017-06-02,0.237,0.24172745645046234
SourdoughGulch_WA_985,2017-06-02,0.253,0.30490580201148987
Quinault,2017-06-02,0.205,0.18631264567375183
SourdoughGulch_WA_985,2017-06-03,0.277,0.30490580201148987
Darrington,2017-06-03,0.13,0.1443932056427002
Quinault,2017-06-03,0.176,0.17506279051303864
Touchet_WA_824,2017-06-03,0.221,0.24035640060901642
Spokane,2017-06-03,0.144,0.15050242841243744
Darrington,2017-06-04,0.124,0.1404995322227478
SourdoughGulch_WA_985,2017-06-04,0.277,0.30498266220092773
Touchet_WA_824,2017-06-04,0.206,0.23989064991474152
Spokane,2017-06-04,0.139,0.1506364643573761
Quinault,2017-06-04,0.159,0.17566753923892975
SourdoughGulch_WA_985,2017-06-05,0.268,0.3096783459186554
Spokane,2017-06-05,0.138,0.12254748493432999
Quinault,2017-06-05,0.144,0.16441930830478668
Touchet_WA_824,2017-06-05,0.277,0.2451528161764145
Darrington,2017-06-05,0.117,0.14427095651626587
SourdoughGulch_WA_985,2017-06-06,0.291,0.31059691309928894
Darrington,2017-06-06,0.109,0.10673968493938446
Quinault,2017-06-06,0.131,0.12977421283721924
Spokane,2017-06-06,0.131,0.10667301714420319
Touchet_WA_824,2017-06-06,0.225,0.24384523928165436
SourdoughGulch_WA_985,2017-06-07,0.289,0.3099740147590637
Quinault,2017-06-07,0.119,0.13033455610275269
Spokane,2017-06-07,0.122,0.10444073379039764
Touchet_WA_824,2017-06-07,0.208,0.24048729240894318
Darrington,2017-06-07,0.102,0.09906654804944992
Quinault,2017-06-08,0.208,0.17411135137081146
Spokane,2017-06-08,0.113,0.11211533844470978
Darrington,2017-06-08,0.116,0.14950475096702576
Touchet_WA_824,2017-06-08,0.197,0.23415642976760864
SourdoughGulch_WA_985,2017-06-08,0.283,0.3210407495498657
Touchet_WA_824,2017-06-09,0.276,0.24494002759456635
Darrington,2017-06-09,0.142,0.1597759872674942
Spokane,2017-06-09,0.111,0.1108846515417099
Quinault,2017-06-09,0.208,0.19435346126556396
SourdoughGulch_WA_985,2017-06-09,0.268,0.32205483317375183
Touchet_WA_824,2017-06-10,0.264,0.24651168286800385
SourdoughGulch_WA_985,2017-06-10,0.354,0.32243385910987854
Darrington,2017-06-10,0.138,0.1550242006778717
Spokane,2017-06-10,0.107,0.10947036743164062
Quinault,2017-06-10,0.198,0.18830262124538422
Quinault,2017-06-11,0.183,0.18930453062057495
Touchet_WA_824,2017-06-11,0.241,0.24792204797267914
Spokane,2017-06-11,0.103,0.11056962609291077
Darrington,2017-06-11,0.135,0.15326261520385742
SourdoughGulch_WA_985,2017-06-11,0.341,0.32555893063545227
Touchet_WA_824,2017-06-12,0.22,0.22334671020507812
SourdoughGulch_WA_985,2017-06-12,0.35,0.32030194997787476
Quinault,2017-06-12,0.168,0.1884421557188034
Spokane,2017-06-12,0.098,0.1071530431509018
Darrington,2017-06-12,0.13,0.13692164421081543
SourdoughGulch_WA_985,2017-06-13,0.34,0.3190416693687439
Quinault,2017-06-13,0.159,0.15142537653446198
Darrington,2017-06-13,0.127,0.13722863793373108
Spokane,2017-06-13,0.092,0.10184922814369202
Touchet_WA_824,2017-06-13,0.213,0.20695863664150238
Spokane,2017-06-14,0.086,0.08956756442785263
Quinault,2017-06-14,0.154,0.14920729398727417
SourdoughGulch_WA_985,2017-06-14,0.331,0.3177880644798279
Touchet_WA_824,2017-06-14,0.202,0.18989898264408112
Darrington,2017-06-14,0.132,0.129385307431221
Touchet_WA_824,2017-06-15,0.192,0.1950533539056778
Darrington,2017-06-15,0.15,0.1712760627269745
Quinault,2017-06-15,0.21,0.20873098075389862
SourdoughGulch_WA_985,2017-06-15,0.323,0.31783050298690796
Spokane,2017-06-15,0.08,0.09223005175590515
Touchet_WA_824,2017-06-16,0.209,0.21190288662910461
Spokane,2017-06-16,0.086,0.11094553023576736
SourdoughGulch_WA_985,2017-06-16,0.317,0.3151622712612152
Quinault,2017-06-16,0.196,0.20664247870445251
Darrington,2017-06-16,0.187,0.19101323187351227
Spokane,2017-06-17,0.101,0.10977119207382202
SourdoughGulch_WA_985,2017-06-17,0.323,0.3172679841518402
Quinault,2017-06-17,0.178,0.20464730262756348
Touchet_WA_824,2017-06-17,0.332,0.20920595526695251
Darrington,2017-06-17,0.179,0.17613312602043152
Darrington,2017-06-18,0.177,0.2007448971271515
Touchet_WA_824,2017-06-18,0.26,0.2012256234884262
SourdoughGulch_WA_985,2017-06-18,0.322,0.31615588068962097
Spokane,2017-06-18,0.104,0.09713305532932281
Quinault,2017-06-18,0.196,0.1982911080121994
Touchet_WA_824,2017-06-19,0.235,0.19329692423343658
SourdoughGulch_WA_985,2017-06-19,0.318,0.31290629506111145
Darrington,2017-06-19,0.178,0.1905953288078308
Spokane,2017-06-19,0.099,0.08880937844514847
Quinault,2017-06-19,0.181,0.17541176080703735
Touchet_WA_824,2017-06-20,0.212,0.18864946067333221
SourdoughGulch_WA_985,2017-06-20,0.313,0.3098948299884796
Darrington,2017-06-20,0.174,0.17585264146327972
Spokane,2017-06-20,0.092,0.08876003324985504
Quinault,2017-06-20,0.179,0.17237871885299683
SourdoughGulch_WA_985,2017-06-21,0.306,0.3072524964809418
Quinault,2017-06-21,0.17,0.15477335453033447
Touchet_WA_824,2017-06-21,0.198,0.1845964640378952
Spokane,2017-06-21,0.084,0.08305732905864716
Darrington,2017-06-21,0.165,0.16757209599018097
Darrington,2017-06-22,0.153,0.15908342599868774
Spokane,2017-06-22,0.078,0.08181186020374298
Touchet_WA_824,2017-06-22,0.186,0.17562323808670044
SourdoughGulch_WA_985,2017-06-22,0.294,0.29751983284950256
Quinault,2017-06-22,0.157,0.14015474915504456
Darrington,2017-06-23,0.138,0.14585936069488525
Spokane,2017-06-23,0.072,0.0806533694267273
SourdoughGulch_WA_985,2017-06-23,0.276,0.29488405585289
Touchet_WA_824,2017-06-23,0.177,0.1599067896604538
Quinault,2017-06-23,0.143,0.12132562696933746
Spokane,2017-06-24,0.067,0.07621335983276367
Touchet_WA_824,2017-06-24,0.171,0.12863439321517944
Darrington,2017-06-24,0.123,0.1327277272939682
Quinault,2017-06-24,0.129,0.11623013764619827
SourdoughGulch_WA_985,2017-06-24,0.278,0.28670379519462585
SourdoughGulch_WA_985,2017-06-25,0.27,0.2854015529155731
Touchet_WA_824,2017-06-25,0.164,0.11308200657367706
Quinault,2017-06-25,0.114,0.10495112836360931
Darrington,2017-06-25,0.11,0.10917925834655762
Spokane,2017-06-25,0.062,0.07415325194597244
Quinault,2017-06-26,0.103,0.09523721784353256
Darrington,2017-06-26,0.102,0.1094135046005249
Spokane,2017-06-26,0.058,0.07259444892406464
SourdoughGulch_WA_985,2017-06-26,0.26,0.2747120261192322
Touchet_WA_824,2017-06-26,0.155,0.1490275263786316
Spokane,2017-06-27,0.056,0.0710625946521759
SourdoughGulch_WA_985,2017-06-27,0.251,0.2790857255458832
Darrington,2017-06-27,0.096,0.10818682610988617
Quinault,2017-06-27,0.094,0.09250578284263611
Touchet_WA_824,2017-06-27,0.144,0.15465547144412994
Darrington,2017-06-28,0.091,0.10194708406925201
SourdoughGulch_WA_985,2017-06-28,0.311,0.27591586112976074
Touchet_WA_824,2017-06-28,0.154,0.15143395960330963
Quinault,2017-06-28,0.088,0.09029588103294373
Spokane,2017-06-28,0.055,0.0708267018198967
Touchet_WA_824,2017-06-29,0.139,0.14808647334575653
Spokane,2017-06-29,0.054,0.06929486244916916
Darrington,2017-06-29,0.088,0.0951874777674675
SourdoughGulch_WA_985,2017-06-29,0.298,0.2669299840927124
Quinault,2017-06-29,0.081,0.09009967744350433
Spokane,2017-06-30,0.056,0.06763709336519241
Darrington,2017-06-30,0.083,0.08711322396993637
Quinault,2017-06-30,0.075,0.08888831734657288
SourdoughGulch_WA_985,2017-06-30,0.288,0.2609454393386841
Touchet_WA_824,2017-06-30,0.132,0.11933198571205139
Quinault,2017-07-01,0.069,0.08319369703531265
Touchet_WA_824,2017-07-01,0.128,0.12498479336500168
Spokane,2017-07-01,0.055,0.06432247161865234
Darrington,2017-07-01,0.079,0.08110252022743225
SourdoughGulch_WA_985,2017-07-01,0.281,0.26014837622642517
Spokane,2017-07-02,0.052,0.0622909851372242
Darrington,2017-07-02,0.076,0.07950590550899506
Touchet_WA_824,2017-07-02,0.119,0.11459588259458542
SourdoughGulch_WA_985,2017-07-02,0.27,0.24924036860466003
Quinault,2017-07-02,0.062,0.07743465900421143
Darrington,2017-07-03,0.074,0.07737476378679276
SourdoughGulch_WA_985,2017-07-03,0.261,0.23093344271183014
Quinault,2017-07-03,0.056,0.07176382839679718
Spokane,2017-07-03,0.049,0.053297221660614014
Touchet_WA_824,2017-07-03,0.118,0.11157731711864471
SourdoughGulch_WA_985,2017-07-04,0.248,0.22034777700901031
Quinault,2017-07-04,0.05,0.06624909490346909
Darrington,2017-07-04,0.071,0.076273113489151
Touchet_WA_824,2017-07-04,0.108,0.10422671586275101
Spokane,2017-07-04,0.046,0.05305546894669533
SourdoughGulch_WA_985,2017-07-05,0.229,0.22818534076213837
Touchet_WA_824,2017-07-05,0.102,0.08630843460559845
Spokane,2017-07-05,0.043,0.05313871055841446
Darrington,2017-07-05,0.069,0.07741226255893707
Quinault,2017-07-05,0.045,0.06223241612315178
Quinault,2017-07-06,0.04,0.06195012107491493
Spokane,2017-07-06,0.04,0.04665939509868622
Touchet_WA_824,2017-07-06,0.091,0.08608447760343552
Darrington,2017-07-06,0.067,0.07609110325574875
SourdoughGulch_WA_985,2017-07-06,0.215,0.21928749978542328
Quinault,2017-07-07,0.037,0.059376586228609085
Darrington,2017-07-07,0.064,0.07469800859689713
Touchet_WA_824,2017-07-07,0.082,0.07872343808412552
SourdoughGulch_WA_985,2017-07-07,0.199,0.21872137486934662
Spokane,2017-07-07,0.037,0.044037770479917526
SourdoughGulch_WA_985,2017-07-08,0.185,0.21193280816078186
Spokane,2017-07-08,0.035,0.04019666463136673
Quinault,2017-07-08,0.035,0.05445541441440582
Touchet_WA_824,2017-07-08,0.073,0.07306668907403946
Darrington,2017-07-08,0.063,0.06447387486696243
Touchet_WA_824,2017-07-09,0.06,0.07082224637269974
SourdoughGulch_WA_985,2017-07-09,0.174,0.19940871000289917
Darrington,2017-07-09,0.06,0.060627348721027374
Spokane,2017-07-09,0.032,0.04187791794538498
Quinault,2017-07-09,0.033,0.052987240254879
Spokane,2017-07-10,0.031,0.04248754307627678
Touchet_WA_824,2017-07-10,0.046,0.03894628956913948
Quinault,2017-07-10,0.031,0.04511361941695213
Darrington,2017-07-10,0.059,0.05970976874232292
SourdoughGulch_WA_985,2017-07-10,0.164,0.19577324390411377
SourdoughGulch_WA_985,2017-07-11,0.153,0.1820598989725113
Spokane,2017-07-11,0.03,0.04164028912782669
Touchet_WA_824,2017-07-11,0.039,0.03436412662267685
Quinault,2017-07-11,0.03,0.04495256394147873
Darrington,2017-07-11,0.058,0.059861164540052414
Touchet_WA_824,2017-07-12,0.033,0.034407638013362885
SourdoughGulch_WA_985,2017-07-12,0.15,0.1544395387172699
Quinault,2017-07-12,0.029,0.03807218372821808
Darrington,2017-07-12,0.056,0.07497753947973251
Spokane,2017-07-12,0.028,0.0402417816221714
SourdoughGulch_WA_985,2017-07-13,0.148,0.15137167274951935
Touchet_WA_824,2017-07-13,0.029,0.029428133741021156
Spokane,2017-07-13,0.028,0.04003026708960533
Quinault,2017-07-13,0.028,0.03343706205487251
Darrington,2017-07-13,0.055,0.06805370002985
SourdoughGulch_WA_985,2017-07-14,0.144,0.14764119684696198
Spokane,2017-07-14,0.027,0.039745479822158813
Darrington,2017-07-14,0.054,0.06660950928926468
Quinault,2017-07-14,0.027,0.03363507613539696
Touchet_WA_824,2017-07-14,0.022,0.01815839298069477
Quinault,2017-07-15,0.026,0.03115978091955185
Darrington,2017-07-15,0.052,0.06703569740056992
Spokane,2017-07-15,0.026,0.03813764825463295
Touchet_WA_824,2017-07-15,0.02,0.014911612495779991
SourdoughGulch_WA_985,2017-07-15,0.141,0.1447976976633072
Quinault,2017-07-16,0.024,0.035567864775657654
Darrington,2017-07-16,0.05,0.06387267261743546
Spokane,2017-07-16,0.026,0.036694496870040894
Touchet_WA_824,2017-07-16,0.016,0.014378000982105732
SourdoughGulch_WA_985,2017-07-16,0.135,0.1447976976633072
SourdoughGulch_WA_985,2017-07-17,0.134,0.15168356895446777
Spokane,2017-07-17,0.025,0.036404553800821304
Touchet_WA_824,2017-07-17,0.009,0.008303003385663033
Quinault,2017-07-17,0.024,0.039994724094867706
Darrington,2017-07-17,0.049,0.06956298649311066
SourdoughGulch_WA_985,2017-07-18,0.125,0.1427062600851059
Darrington,2017-07-18,0.048,0.03075929544866085
Touchet_WA_824,2017-07-18,0.009,0.0045456658117473125
Spokane,2017-07-18,0.024,0.036404553800821304
Quinault,2017-07-18,0.024,0.03912550210952759
SourdoughGulch_WA_985,2017-07-19,0.123,0.12643852829933167
Spokane,2017-07-19,0.024,0.03550902381539345
Quinault,2017-07-19,0.022,0.03928665816783905
Darrington,2017-07-19,0.046,0.01830756850540638
Touchet_WA_824,2017-07-19,0.011,-0.0006080791936255991
Darrington,2017-07-20,0.045,0.05343513935804367
SourdoughGulch_WA_985,2017-07-20,0.119,0.12643852829933167
Spokane,2017-07-20,0.024,0.03550902381539345
Quinault,2017-07-20,0.033,0.046493951231241226
Touchet_WA_824,2017-07-20,0.005,-0.0006080791936255991
Touchet_WA_824,2017-07-21,0.0,-0.0006080791936255991
Spokane,2017-07-21,0.023,0.03550902381539345
Darrington,2017-07-21,0.044,0.05505111813545227
Quinault,2017-07-21,0.037,0.04999546334147453
SourdoughGulch_WA_985,2017-07-21,0.119,0.1254623383283615
Darrington,2017-07-22,0.045,0.0555153489112854
Spokane,2017-07-22,0.023,0.033695440739393234
Quinault,2017-07-22,0.039,0.05003409460186958
SourdoughGulch_WA_985,2017-07-22,0.111,0.11860868334770203
Touchet_WA_824,2017-07-22,0.0,-0.0006080791936255991
Spokane,2017-07-23,0.024,0.029917282983660698
SourdoughGulch_WA_985,2017-07-23,0.114,0.11635169386863708
Darrington,2017-07-23,0.044,0.049956630915403366
Touchet_WA_824,2017-07-23,0.0,-0.0006080791936255991
Quinault,2017-07-23,0.039,0.04964975640177727
Spokane,2017-07-24,0.022,0.024457627907395363
Touchet_WA_824,2017-07-24,0.0,0.0011160211870446801
Quinault,2017-07-24,0.036,0.045734953135252
SourdoughGulch_WA_985,2017-07-24,0.111,0.11388058215379715
Darrington,2017-07-24,0.043,0.045386042445898056
Darrington,2017-07-25,0.042,0.043107274919748306
Spokane,2017-07-25,0.022,0.023961136117577553
Quinault,2017-07-25,0.032,0.04353497549891472
SourdoughGulch_WA_985,2017-07-25,0.105,0.10725117474794388
Touchet_WA_824,2017-07-25,0.0,-0.0032620991114526987
Darrington,2017-07-26,0.04,0.04278412461280823
SourdoughGulch_WA_985,2017-07-26,0.102,0.10599015653133392
Spokane,2017-07-26,0.022,0.023961136117577553
Quinault,2017-07-26,0.03,0.04228917881846428
Touchet_WA_824,2017-07-26,0.0,-0.0028159732464700937
Darrington,2017-07-27,0.038,0.04398958012461662
SourdoughGulch_WA_985,2017-07-27,0.098,0.10599015653133392
Spokane,2017-07-27,0.021,0.023961136117577553
Quinault,2017-07-27,0.027,0.04175226390361786
Touchet_WA_824,2017-07-27,0.0,-0.0028159732464700937
Spokane,2017-07-28,0.021,0.021848782896995544
Darrington,2017-07-28,0.037,0.03717420622706413
Quinault,2017-07-28,0.026,0.038306497037410736
SourdoughGulch_WA_985,2017-07-28,0.098,0.10037989169359207
Touchet_WA_824,2017-07-28,0.0,-0.0023636275436729193
Quinault,2017-07-29,0.024,0.03708441182971001
Darrington,2017-07-29,0.036,0.03351898491382599
Spokane,2017-07-29,0.021,0.021848782896995544
SourdoughGulch_WA_985,2017-07-29,0.094,0.097636878490448
Touchet_WA_824,2017-07-29,0.0,-0.0023636275436729193
Spokane,2017-07-30,0.02,0.021848782896995544
Touchet_WA_824,2017-07-30,0.0,-0.0025701920967549086
Darrington,2017-07-30,0.035,0.03304247558116913
SourdoughGulch_WA_985,2017-07-30,0.096,0.097636878490448
Quinault,2017-07-30,0.025,0.035496681928634644
Darrington,2017-07-31,0.034,0.0299727413803339
SourdoughGulch_WA_985,2017-07-31,0.092,0.09493160992860794
Spokane,2017-07-31,0.02,0.02170882374048233
Touchet_WA_824,2017-07-31,0.0,-0.002827582648023963
Quinault,2017-07-31,0.023,0.03023361973464489
Quinault,2017-08-01,0.022,0.025732433423399925
Spokane,2017-08-01,0.02,0.02170882374048233
Touchet_WA_824,2017-08-01,0.0,-0.002351992530748248
Darrington,2017-08-01,0.034,0.02831065095961094
SourdoughGulch_WA_985,2017-08-01,0.092,0.09178677201271057
SourdoughGulch_WA_985,2017-08-02,0.086,0.08943178504705429
Touchet_WA_824,2017-08-02,0.0,-0.0034980198834091425
Darrington,2017-08-02,0.033,0.027657225728034973
Quinault,2017-08-02,0.023,0.025732433423399925
Spokane,2017-08-02,0.02,0.02024417370557785
Quinault,2017-08-03,0.021,0.025882702320814133
SourdoughGulch_WA_985,2017-08-03,0.085,0.08943178504705429
Darrington,2017-08-03,0.032,0.026797335594892502
Spokane,2017-08-03,0.02,0.02024417370557785
Touchet_WA_824,2017-08-03,0.0,-0.003347750985994935
Touchet_WA_824,2017-08-04,0.0,-0.003347750985994935
Spokane,2017-08-04,0.02,0.020216520875692368
Darrington,2017-08-04,0.031,0.02317938394844532
SourdoughGulch_WA_985,2017-08-04,0.084,0.0893426164984703
Quinault,2017-08-04,0.021,0.025301210582256317
Quinault,2017-08-05,0.02,0.02504398487508297
Spokane,2017-08-05,0.019,0.01891232654452324
Touchet_WA_824,2017-08-05,0.0,-0.003347750985994935
Darrington,2017-08-05,0.032,0.021616099402308464
SourdoughGulch_WA_985,2017-08-05,0.08,0.08744711428880692
Darrington,2017-08-06,0.031,0.02074349671602249
SourdoughGulch_WA_985,2017-08-06,0.074,0.08599432557821274
Spokane,2017-08-06,0.019,0.018579116091132164
Quinault,2017-08-06,0.019,0.024636132642626762
Touchet_WA_824,2017-08-06,0.0,-0.003347750985994935
SourdoughGulch_WA_985,2017-08-07,0.072,0.08097033202648163
Quinault,2017-08-07,0.019,0.024346889927983284
Darrington,2017-08-07,0.031,0.01952436938881874
Touchet_WA_824,2017-08-07,0.0,-0.0034251415636390448
Spokane,2017-08-07,0.019,0.01789105497300625
Spokane,2017-08-08,0.018,0.01789105497300625
Touchet_WA_824,2017-08-08,0.0,-0.0032375624869018793
Quinault,2017-08-08,0.018,0.02390478178858757
SourdoughGulch_WA_985,2017-08-08,0.07,0.08097033202648163
Darrington,2017-08-08,0.03,0.01952436938881874
Touchet_WA_824,2017-08-09,0.0,-0.0032375624869018793
Quinault,2017-08-09,0.018,0.024861978366971016
Spokane,2017-08-09,0.018,0.018444692716002464
SourdoughGulch_WA_985,2017-08-09,0.072,0.07944993674755096
Darrington,2017-08-09,0.03,0.019699309021234512
Quinault,2017-08-10,0.017,0.027762794867157936
Spokane,2017-08-10,0.018,0.01835552230477333
SourdoughGulch_WA_985,2017-08-10,0.074,0.07743914425373077
Darrington,2017-08-10,0.03,0.019456319510936737
Touchet_WA_824,2017-08-10,0.0,-0.003476813668385148
Darrington,2017-08-11,0.029,0.019456319510936737
Spokane,2017-08-11,0.019,0.01835552230477333
Quinault,2017-08-11,0.016,0.028285251930356026
Touchet_WA_824,2017-08-11,0.0,-0.0019071991555392742
SourdoughGulch_WA_985,2017-08-11,0.066,0.07617419213056564
Darrington,2017-08-12,0.027,0.019643381237983704
Touchet_WA_824,2017-08-12,0.0,0.005335228517651558
Spokane,2017-08-12,0.017,0.018432321026921272
SourdoughGulch_WA_985,2017-08-12,0.063,0.07438406348228455
Quinault,2017-08-12,0.017,0.037052638828754425
SourdoughGulch_WA_985,2017-08-13,0.059,0.07095444202423096
Touchet_WA_824,2017-08-13,0.0,0.0118406405672431
Spokane,2017-08-13,0.017,0.019194962456822395
Quinault,2017-08-13,0.112,0.07471386343240738
Darrington,2017-08-13,0.029,0.029118409380316734
SourdoughGulch_WA_985,2017-08-14,0.054,0.06941340863704681
Darrington,2017-08-14,0.029,0.027899587526917458
Touchet_WA_824,2017-08-14,0.0,0.012150151655077934
Spokane,2017-08-14,0.018,0.0176900215446949
Quinault,2017-08-14,0.093,0.06781836599111557
SourdoughGulch_WA_985,2017-08-15,0.057,0.07013730704784393
Touchet_WA_824,2017-08-15,0.0,0.015835203230381012
Darrington,2017-08-15,0.03,0.026269391179084778
Quinault,2017-08-15,0.083,0.06999298185110092
Spokane,2017-08-15,0.017,0.0177631713449955
Quinault,2017-08-16,0.074,0.06602141261100769
SourdoughGulch_WA_985,2017-08-16,0.067,0.0732240229845047
Darrington,2017-08-16,0.03,0.02621055766940117
Touchet_WA_824,2017-08-16,0.0,0.015569454990327358
Spokane,2017-08-16,0.017,0.0177631713449955
Quinault,2017-08-17,0.068,0.0629739910364151
SourdoughGulch_WA_985,2017-08-17,0.068,0.07490082830190659
Darrington,2017-08-17,0.03,0.02635025791823864
Touchet_WA_824,2017-08-17,0.0,0.012269639410078526
Spokane,2017-08-17,0.017,0.01731167547404766
SourdoughGulch_WA_985,2017-08-18,0.079,0.07528635114431381
Darrington,2017-08-18,0.029,0.029971027746796608
Touchet_WA_824,2017-08-18,0.0,0.009891287423670292
Spokane,2017-08-18,0.016,0.01731167547404766
Quinault,2017-08-18,0.06,0.06322795897722244
SourdoughGulch_WA_985,2017-08-19,0.082,0.07528635114431381
Quinault,2017-08-19,0.054,0.05932356044650078
Touchet_WA_824,2017-08-19,0.0,0.006861480884253979
Spokane,2017-08-19,0.016,0.01731167547404766
Darrington,2017-08-19,0.028,0.027092942968010902
Touchet_WA_824,2017-08-20,0.0,0.006311916746199131
Quinault,2017-08-20,0.048,0.05071201175451279
Darrington,2017-08-20,0.027,0.027434971183538437
Spokane,2017-08-20,0.015,0.01731167547404766
SourdoughGulch_WA_985,2017-08-20,0.073,0.07512709498405457
Quinault,2017-08-21,0.043,0.04842093214392662
Darrington,2017-08-21,0.025,0.024951018393039703
Touchet_WA_824,2017-08-21,0.0,0.005066624376922846
SourdoughGulch_WA_985,2017-08-21,0.078,0.07779025286436081
Spokane,2017-08-21,0.015,0.018609127029776573
Touchet_WA_824,2017-08-22,0.0,0.004650636576116085
Spokane,2017-08-22,0.016,0.018609127029776573
SourdoughGulch_WA_985,2017-08-22,0.075,0.07779025286436081
Quinault,2017-08-22,0.038,0.04339331015944481
Darrington,2017-08-22,0.026,0.023053959012031555
Quinault,2017-08-23,0.034,0.04115871340036392
SourdoughGulch_WA_985,2017-08-23,0.073,0.07713275402784348
Touchet_WA_824,2017-08-23,0.0,0.0035936872009187937
Spokane,2017-08-23,0.016,0.01802147924900055
Darrington,2017-08-23,0.026,0.021341830492019653
SourdoughGulch_WA_985,2017-08-24,0.071,0.07516650855541229
Touchet_WA_824,2017-08-24,0.0,-0.00021833473874721676
Darrington,2017-08-24,0.025,0.02450956590473652
Spokane,2017-08-24,0.017,0.01802147924900055
Quinault,2017-08-24,0.032,0.04022251069545746
Darrington,2017-08-25,0.024,0.024033064022660255
SourdoughGulch_WA_985,2017-08-25,0.066,0.07516650855541229
Spokane,2017-08-25,0.015,0.01802147924900055
Touchet_WA_824,2017-08-25,0.0,-0.0005962750292383134
Quinault,2017-08-25,0.029,0.03509708121418953
Touchet_WA_824,2017-08-26,0.0,-0.000639892416074872
Spokane,2017-08-26,0.014,0.01802147924900055
Quinault,2017-08-26,0.028,0.03075695037841797
Darrington,2017-08-26,0.024,0.023172901943325996
SourdoughGulch_WA_985,2017-08-26,0.067,0.07523965835571289
SourdoughGulch_WA_985,2017-08-27,0.068,0.07523965835571289
Spokane,2017-08-27,0.015,0.01802147924900055
Darrington,2017-08-27,0.024,0.02005629427731037
Quinault,2017-08-27,0.025,0.029770586639642715
Touchet_WA_824,2017-08-27,0.0,-0.002462344476953149
SourdoughGulch_WA_985,2017-08-28,0.061,0.07406943291425705
Spokane,2017-08-28,0.014,0.018101364374160767
Touchet_WA_824,2017-08-28,0.0,-0.004211862105876207
Quinault,2017-08-28,0.024,0.025376781821250916
Darrington,2017-08-28,0.023,0.017690511420369148
Touchet_WA_824,2017-08-29,0.0,-0.002884322078898549
SourdoughGulch_WA_985,2017-08-29,0.063,0.07406943291425705
Spokane,2017-08-29,0.016,0.018101364374160767
Quinault,2017-08-29,0.023,0.032814811915159225
Darrington,2017-08-29,0.023,0.01473271381109953
Quinault,2017-08-30,0.022,0.034341514110565186
SourdoughGulch_WA_985,2017-08-30,0.063,0.0739402249455452
Spokane,2017-08-30,0.016,0.018055135384202003
Darrington,2017-08-30,0.023,0.012753474526107311
Touchet_WA_824,2017-08-30,0.0,-0.0026970284525305033
Darrington,2017-08-31,0.024,0.017341410741209984
Quinault,2017-08-31,0.023,0.03321543335914612
Touchet_WA_824,2017-08-31,0.0,-0.0030018168035894632
SourdoughGulch_WA_985,2017-08-31,0.06,0.07278759032487869
Spokane,2017-08-31,0.015,0.018055135384202003
Spokane,2017-09-01,0.015,0.018055135384202003
Quinault,2017-09-01,0.023,0.03353156894445419
Darrington,2017-09-01,0.024,0.017234928905963898
SourdoughGulch_WA_985,2017-09-01,0.061,0.07081330567598343
Touchet_WA_824,2017-09-01,0.0,-0.003585914382711053
Touchet_WA_824,2017-09-02,0.0,-0.0038165331352502108
SourdoughGulch_WA_985,2017-09-02,0.059,0.07081330567598343
Darrington,2017-09-02,0.024,0.014573897235095501
Quinault,2017-09-02,0.024,0.03353156894445419
Spokane,2017-09-02,0.015,0.018055135384202003
Touchet_WA_824,2017-09-03,0.0,-0.0038165331352502108
SourdoughGulch_WA_985,2017-09-03,0.062,0.07081330567598343
Quinault,2017-09-03,0.023,0.033116552978754044
Spokane,2017-09-03,0.014,0.018055135384202003
Darrington,2017-09-03,0.023,0.014986074529588223
Quinault,2017-09-04,0.022,0.03130290284752846
Touchet_WA_824,2017-09-04,0.0,-0.0025718866381794214
SourdoughGulch_WA_985,2017-09-04,0.054,0.06364528089761734
Darrington,2017-09-04,0.023,0.013376411981880665
Spokane,2017-09-04,0.014,0.01759457401931286
SourdoughGulch_WA_985,2017-09-05,0.055,0.06325975805521011
Touchet_WA_824,2017-09-05,0.0,-0.0025718866381794214
Darrington,2017-09-05,0.023,0.013376411981880665
Quinault,2017-09-05,0.021,0.0296687763184309
Spokane,2017-09-05,0.013,0.01759457401931286
SourdoughGulch_WA_985,2017-09-06,0.05,0.06110462546348572
Darrington,2017-09-06,0.022,0.012833711691200733
Spokane,2017-09-06,0.014,0.018228450790047646
Quinault,2017-09-06,0.02,0.0296687763184309
Touchet_WA_824,2017-09-06,0.0,-0.003866658778861165
Spokane,2017-09-07,0.014,0.018039695918560028
Touchet_WA_824,2017-09-07,0.0,-0.004729455802589655
Darrington,2017-09-07,0.022,0.012518160045146942
SourdoughGulch_WA_985,2017-09-07,0.053,0.06110462546348572
Quinault,2017-09-07,0.019,0.03019978478550911
SourdoughGulch_WA_985,2017-09-08,0.049,0.06110462546348572
Spokane,2017-09-08,0.016,0.018039695918560028
Quinault,2017-09-08,0.019,0.03241588547825813
Touchet_WA_824,2017-09-08,0.0,-0.004586630500853062
Darrington,2017-09-08,0.023,0.01309705339372158
Quinault,2017-09-09,0.073,0.045951858162879944
Touchet_WA_824,2017-09-09,0.0,-0.004329407121986151
SourdoughGulch_WA_985,2017-09-09,0.047,0.06097031012177467
Darrington,2017-09-09,0.023,0.02356857992708683
Spokane,2017-09-09,0.015,0.018039695918560028
SourdoughGulch_WA_985,2017-09-10,0.051,0.0571942999958992
Touchet_WA_824,2017-09-10,0.0,-0.004217046778649092
Quinault,2017-09-10,0.105,0.04362545162439346
Spokane,2017-09-10,0.015,0.01842164434492588
Darrington,2017-09-10,0.024,0.025344200432300568
SourdoughGulch_WA_985,2017-09-11,0.046,0.052483461797237396
Darrington,2017-09-11,0.025,0.022254562005400658
Touchet_WA_824,2017-09-11,0.0,-0.004210171289741993
Quinault,2017-09-11,0.092,0.05493038147687912
Spokane,2017-09-11,0.014,0.013229870237410069
SourdoughGulch_WA_985,2017-09-12,0.045,0.052483461797237396
Quinault,2017-09-12,0.084,0.05671496316790581
Spokane,2017-09-12,0.014,0.013319040648639202
Darrington,2017-09-12,0.026,0.021949654445052147
Touchet_WA_824,2017-09-12,0.0,-0.0035000049974769354
Spokane,2017-09-13,0.012,0.012987482361495495
Darrington,2017-09-13,0.027,0.020426983013749123
Quinault,2017-09-13,0.078,0.05678118020296097
Touchet_WA_824,2017-09-13,0.0,-0.002627833979204297
SourdoughGulch_WA_985,2017-09-13,0.047,0.054995592683553696
SourdoughGulch_WA_985,2017-09-14,0.042,0.05508120730519295
Darrington,2017-09-14,0.025,0.022682832553982735
Quinault,2017-09-14,0.072,0.057353585958480835
Spokane,2017-09-14,0.012,0.01305178739130497
Touchet_WA_824,2017-09-14,0.0,-0.0020355486776679754
Darrington,2017-09-15,0.024,0.020048169419169426
Quinault,2017-09-15,0.065,0.05540086328983307
SourdoughGulch_WA_985,2017-09-15,0.04,0.05508120730519295
Touchet_WA_824,2017-09-15,0.0,-0.0008990014903247356
Spokane,2017-09-15,0.011,0.013079440221190453
Darrington,2017-09-16,0.024,0.02286016382277012
SourdoughGulch_WA_985,2017-09-16,0.032,0.055154357105493546
Spokane,2017-09-16,0.011,0.013079440221190453
Touchet_WA_824,2017-09-16,0.0,0.011091652326285839
Quinault,2017-09-16,0.06,0.0531163290143013
Darrington,2017-09-17,0.023,0.05153989419341087
Quinault,2017-09-17,0.1,0.09809547662734985
Spokane,2017-09-17,0.011,0.01383424922823906
Touchet_WA_824,2017-09-17,0.0,0.01415784191340208
SourdoughGulch_WA_985,2017-09-17,0.034,0.05509914830327034
SourdoughGulch_WA_985,2017-09-18,0.033,0.031164348125457764
Spokane,2017-09-18,0.016,0.043648723512887955
Quinault,2017-09-18,0.172,0.12469648569822311
Darrington,2017-09-18,0.028,0.07316651195287704
Touchet_WA_824,2017-09-18,0.0,0.05051908642053604
Spokane,2017-09-19,0.045,0.0730615109205246
Darrington,2017-09-19,0.062,0.11167801171541214
Touchet_WA_824,2017-09-19,0.088,0.07813760638237
SourdoughGulch_WA_985,2017-09-19,0.032,0.038129981607198715
Quinault,2017-09-19,0.181,0.1534244418144226
Touchet_WA_824,2017-09-20,0.1,0.13035695254802704
Darrington,2017-09-20,0.107,0.11707772314548492
Quinault,2017-09-20,0.163,0.15359003841876984
SourdoughGulch_WA_985,2017-09-20,0.032,0.04479651153087616
Spokane,2017-09-20,0.122,0.09943760931491852
SourdoughGulch_WA_985,2017-09-21,0.032,0.04995638132095337
Touchet_WA_824,2017-09-21,0.126,0.14330518245697021
Darrington,2017-09-21,0.124,0.11697176843881607
Spokane,2017-09-21,0.142,0.11503833532333374
Quinault,2017-09-21,0.156,0.15458039939403534
Darrington,2017-09-22,0.123,0.11950480937957764
SourdoughGulch_WA_985,2017-09-22,0.034,0.05402122437953949
Touchet_WA_824,2017-09-22,0.143,0.1452895998954773
Spokane,2017-09-22,0.136,0.11760815232992172
Quinault,2017-09-22,0.146,0.14462918043136597
SourdoughGulch_WA_985,2017-09-23,0.043,0.05982452630996704
Spokane,2017-09-23,0.13,0.11719240248203278
Darrington,2017-09-23,0.122,0.11632798612117767
Touchet_WA_824,2017-09-23,0.17,0.1435244083404541
Quinault,2017-09-23,0.141,0.14117178320884705
Touchet_WA_824,2017-09-24,0.189,0.1458798497915268
Quinault,2017-09-24,0.135,0.14364410936832428
SourdoughGulch_WA_985,2017-09-24,0.059,0.06743878871202469
Darrington,2017-09-24,0.12,0.11582517623901367
Spokane,2017-09-24,0.124,0.120751291513443
Quinault,2017-09-25,0.132,0.14026528596878052
Darrington,2017-09-25,0.12,0.11445444077253342
SourdoughGulch_WA_985,2017-09-25,0.062,0.08161620050668716
Touchet_WA_824,2017-09-25,0.222,0.15960204601287842
Spokane,2017-09-25,0.119,0.12514537572860718
Quinault,2017-09-26,0.131,0.13918155431747437
Spokane,2017-09-26,0.114,0.11803331971168518
Darrington,2017-09-26,0.118,0.11118874698877335
Touchet_WA_824,2017-09-26,0.208,0.15430840849876404
SourdoughGulch_WA_985,2017-09-26,0.072,0.08493059873580933
SourdoughGulch_WA_985,2017-09-27,0.085,0.08331295102834702
Quinault,2017-09-27,0.127,0.1290087252855301
Spokane,2017-09-27,0.111,0.11344315856695175
Darrington,2017-09-27,0.117,0.09984144568443298
Touchet_WA_824,2017-09-27,0.165,0.14103184640407562
Darrington,2017-09-28,0.115,0.09482163935899734
Spokane,2017-09-28,0.108,0.10281593352556229
SourdoughGulch_WA_985,2017-09-28,0.087,0.08300844579935074
Touchet_WA_824,2017-09-28,0.144,0.131099134683609
Quinault,2017-09-28,0.122,0.1250634491443634
Quinault,2017-09-29,0.156,0.14057886600494385
Spokane,2017-09-29,0.105,0.10079281777143478
Touchet_WA_824,2017-09-29,0.133,0.11921898275613785
Darrington,2017-09-29,0.116,0.11650221049785614
SourdoughGulch_WA_985,2017-09-29,0.092,0.07849812507629395
Spokane,2017-09-30,0.102,0.09615381807088852
Quinault,2017-09-30,0.174,0.1552041620016098
Darrington,2017-09-30,0.149,0.1302974671125412
Touchet_WA_824,2017-09-30,0.122,0.11867637932300568
SourdoughGulch_WA_985,2017-09-30,0.093,0.07524600625038147
Quinault,2017-10-01,0.167,0.15395431220531464
Darrington,2017-10-01,0.166,0.1320894956588745
Touchet_WA_824,2017-10-01,0.114,0.12459336221218109
SourdoughGulch_WA_985,2017-10-01,0.086,0.07526612281799316
Spokane,2017-10-01,0.099,0.09182994067668915
SourdoughGulch_WA_985,2017-10-02,0.085,0.08478781580924988
Darrington,2017-10-02,0.161,0.12943589687347412
Quinault,2017-10-02,0.153,0.15234288573265076
Touchet_WA_824,2017-10-02,0.144,0.16148565709590912
Spokane,2017-10-02,0.097,0.08818753063678741
Spokane,2017-10-03,0.094,0.0874602347612381
Darrington,2017-10-03,0.153,0.12503410875797272
Quinault,2017-10-03,0.144,0.14546741545200348
SourdoughGulch_WA_985,2017-10-03,0.083,0.08406315743923187
Touchet_WA_824,2017-10-03,0.157,0.1577269732952118
Quinault,2017-10-04,0.137,0.13469232618808746
Spokane,2017-10-04,0.093,0.08155553042888641
Touchet_WA_824,2017-10-04,0.146,0.15109659731388092
SourdoughGulch_WA_985,2017-10-04,0.077,0.08310060948133469
Darrington,2017-10-04,0.147,0.11508798599243164
Quinault,2017-10-05,0.132,0.13728557527065277
Touchet_WA_824,2017-10-05,0.137,0.14384321868419647
SourdoughGulch_WA_985,2017-10-05,0.082,0.08210097253322601
Spokane,2017-10-05,0.092,0.0781550258398056
Darrington,2017-10-05,0.144,0.11297065764665604
Quinault,2017-10-06,0.157,0.15111961960792542
Spokane,2017-10-06,0.091,0.07529785484075546
Touchet_WA_824,2017-10-06,0.131,0.13500580191612244
Darrington,2017-10-06,0.151,0.1413487046957016
SourdoughGulch_WA_985,2017-10-06,0.082,0.08130737394094467
Spokane,2017-10-07,0.091,0.07377246022224426
Touchet_WA_824,2017-10-07,0.126,0.15443654358386993
Darrington,2017-10-07,0.195,0.15547031164169312
Quinault,2017-10-07,0.183,0.16041035950183868
SourdoughGulch_WA_985,2017-10-07,0.079,0.08014719188213348
Spokane,2017-10-08,0.088,0.07511422783136368
Darrington,2017-10-08,0.199,0.18417313694953918
Quinault,2017-10-08,0.169,0.16866974532604218
Touchet_WA_824,2017-10-08,0.116,0.16563208401203156
SourdoughGulch_WA_985,2017-10-08,0.077,0.08440817147493362
Quinault,2017-10-09,0.158,0.17110954225063324
SourdoughGulch_WA_985,2017-10-09,0.071,0.08017854392528534
Touchet_WA_824,2017-10-09,0.153,0.13696341216564178
Darrington,2017-10-09,0.19,0.2010146677494049
Spokane,2017-10-09,0.086,0.07315424829721451
Quinault,2017-10-10,0.153,0.16681021451950073
Darrington,2017-10-10,0.187,0.20188066363334656
SourdoughGulch_WA_985,2017-10-10,0.078,0.08146735280752182
Spokane,2017-10-10,0.085,0.07311106473207474
Touchet_WA_824,2017-10-10,0.144,0.13137175142765045
Spokane,2017-10-11,0.084,0.08507910370826721
Touchet_WA_824,2017-10-11,0.14,0.12900902330875397
Quinault,2017-10-11,0.163,0.1614653766155243
Darrington,2017-10-11,0.186,0.19231298565864563
SourdoughGulch_WA_985,2017-10-11,0.07,0.08083517104387283
Touchet_WA_824,2017-10-12,0.137,0.1514914482831955
Quinault,2017-10-12,0.178,0.17966747283935547
Spokane,2017-10-12,0.083,0.09186352789402008
Darrington,2017-10-12,0.2,0.19238005578517914
SourdoughGulch_WA_985,2017-10-12,0.078,0.0812770202755928
Spokane,2017-10-13,0.093,0.08999112248420715
Touchet_WA_824,2017-10-13,0.13,0.16026730835437775
SourdoughGulch_WA_985,2017-10-13,0.067,0.0812770202755928
Darrington,2017-10-13,0.23,0.20579534769058228
Quinault,2017-10-13,0.177,0.1751677542924881
Darrington,2017-10-14,0.221,0.2002624124288559
Touchet_WA_824,2017-10-14,0.131,0.16101427376270294
Quinault,2017-10-14,0.163,0.1680169403553009
SourdoughGulch_WA_985,2017-10-14,0.07,0.08383882790803909
Spokane,2017-10-14,0.118,0.08999112248420715
Spokane,2017-10-15,0.119,0.09080364555120468
Darrington,2017-10-15,0.212,0.1924794614315033
Quinault,2017-10-15,0.156,0.16243085265159607
Touchet_WA_824,2017-10-15,0.132,0.1572377234697342
SourdoughGulch_WA_985,2017-10-15,0.065,0.08262693881988525
Spokane,2017-10-16,0.117,0.09886281192302704
Quinault,2017-10-16,0.152,0.18389637768268585
Darrington,2017-10-16,0.211,0.22525441646575928
Touchet_WA_824,2017-10-16,0.129,0.19144554436206818
SourdoughGulch_WA_985,2017-10-16,0.075,0.07675449550151825
SourdoughGulch_WA_985,2017-10-17,0.078,0.10478346794843674
Darrington,2017-10-17,0.246,0.25593116879463196
Touchet_WA_824,2017-10-17,0.139,0.2033587396144867
Quinault,2017-10-17,0.192,0.22407256066799164
Spokane,2017-10-17,0.115,0.1253710687160492
Darrington,2017-10-18,0.264,0.2739207148551941
SourdoughGulch_WA_985,2017-10-18,0.082,0.11635277420282364
Touchet_WA_824,2017-10-18,0.194,0.21500642597675323
Quinault,2017-10-18,0.218,0.23378556966781616
Spokane,2017-10-18,0.119,0.12376391887664795
Quinault,2017-10-19,0.213,0.2321314662694931
SourdoughGulch_WA_985,2017-10-19,0.083,0.1168559193611145
Touchet_WA_824,2017-10-19,0.276,0.22029584646224976
Spokane,2017-10-19,0.145,0.13185234367847443
Darrington,2017-10-19,0.277,0.2768489122390747
Spokane,2017-10-20,0.187,0.14470413327217102
Quinault,2017-10-20,0.204,0.23162288963794708
SourdoughGulch_WA_985,2017-10-20,0.087,0.12220996618270874
Darrington,2017-10-20,0.278,0.2768489122390747
Touchet_WA_824,2017-10-20,0.282,0.2245972454547882
Touchet_WA_824,2017-10-21,0.239,0.22561311721801758
Spokane,2017-10-21,0.181,0.1591607928276062
SourdoughGulch_WA_985,2017-10-21,0.08,0.15827414393424988
Darrington,2017-10-21,0.284,0.2802887558937073
Quinault,2017-10-21,0.225,0.22464130818843842
SourdoughGulch_WA_985,2017-10-22,0.071,0.1711423099040985
Touchet_WA_824,2017-10-22,0.209,0.2115204930305481
Spokane,2017-10-22,0.249,0.1788719892501831
Quinault,2017-10-22,0.205,0.2233087569475174
Darrington,2017-10-22,0.289,0.2806304097175598
Darrington,2017-10-23,0.261,0.2695279121398926
SourdoughGulch_WA_985,2017-10-23,0.305,0.26492974162101746
Quinault,2017-10-23,0.178,0.19888260960578918
Touchet_WA_824,2017-10-23,0.284,0.23423944413661957
Spokane,2017-10-23,0.215,0.20830579102039337
SourdoughGulch_WA_985,2017-10-24,0.279,0.25992512702941895
Quinault,2017-10-24,0.168,0.1962062418460846
Touchet_WA_824,2017-10-24,0.248,0.2317269891500473
Darrington,2017-10-24,0.244,0.2667926549911499
Spokane,2017-10-24,0.205,0.209480419754982
Darrington,2017-10-25,0.26,0.2749910354614258
SourdoughGulch_WA_985,2017-10-25,0.269,0.2571427524089813
Touchet_WA_824,2017-10-25,0.226,0.23295427858829498
Spokane,2017-10-25,0.2,0.20103590190410614
Quinault,2017-10-25,0.176,0.2097935527563095
Spokane,2017-10-26,0.196,0.1945318877696991
Darrington,2017-10-26,0.251,0.24976176023483276
SourdoughGulch_WA_985,2017-10-26,0.264,0.24750860035419464
Touchet_WA_824,2017-10-26,0.211,0.22340284287929535
Quinault,2017-10-26,0.173,0.18237078189849854
Quinault,2017-10-27,0.164,0.178328275680542
Spokane,2017-10-27,0.191,0.18832461535930634
Touchet_WA_824,2017-10-27,0.204,0.22186997532844543
SourdoughGulch_WA_985,2017-10-27,0.26,0.24486586451530457
Darrington,2017-10-27,0.24,0.24621501564979553
Spokane,2017-10-28,0.189,0.18384060263633728
SourdoughGulch_WA_985,2017-10-28,0.251,0.23587967455387115
Darrington,2017-10-28,0.235,0.24991434812545776
Quinault,2017-10-28,0.16,0.17724333703517914
Touchet_WA_824,2017-10-28,0.198,0.21808822453022003
SourdoughGulch_WA_985,2017-10-29,0.246,0.2281952202320099
Touchet_WA_824,2017-10-29,0.192,0.21807976067066193
Quinault,2017-10-29,0.157,0.1646796017885208
Darrington,2017-10-29,0.23,0.24355781078338623
Quinault,2017-10-30,0.153,0.16542808711528778
Touchet_WA_824,2017-10-30,0.189,0.19396468997001648
Spokane,2017-10-30,0.183,0.16862504184246063
SourdoughGulch_WA_985,2017-10-30,0.242,0.21761442720890045
Darrington,2017-10-31,0.223,0.22921355068683624
Touchet_WA_824,2017-10-31,0.185,0.19334538280963898
Spokane,2017-10-31,0.179,0.16972634196281433
SourdoughGulch_WA_985,2017-10-31,0.229,0.20816923677921295
Quinault,2017-11-01,0.145,0.17863400280475616
Touchet_WA_824,2017-11-01,0.171,0.20312324166297913
Spokane,2017-11-01,0.178,0.17134128510951996
Darrington,2017-11-01,0.228,0.24700012803077698
SourdoughGulch_WA_985,2017-11-01,0.221,0.21846893429756165
Spokane,2017-11-02,0.178,0.19788263738155365
Darrington,2017-11-02,0.258,0.26432299613952637
SourdoughGulch_WA_985,2017-11-02,0.227,0.23077425360679626
Touchet_WA_824,2017-11-02,0.175,0.20357179641723633
Quinault,2017-11-02,0.19,0.19509564340114594
SourdoughGulch_WA_985,2017-11-03,0.234,0.23953495919704437
Quinault,2017-11-03,0.189,0.19596321880817413
Touchet_WA_824,2017-11-03,0.183,0.21150721609592438
Darrington,2017-11-03,0.258,0.26642438769340515
Spokane,2017-11-03,0.193,0.21062952280044556
Touchet_WA_824,2017-11-04,0.177,0.21122075617313385
Darrington,2017-11-04,0.244,0.2707810699939728
Quinault,2017-11-04,0.185,0.20205524563789368
Spokane,2017-11-04,0.197,0.21147014200687408
SourdoughGulch_WA_985,2017-11-04,0.312,0.24629859626293182
Spokane,2017-11-05,0.204,0.21501494944095612
SourdoughGulch_WA_985,2017-11-05,0.298,0.2517353892326355
Touchet_WA_824,2017-11-05,0.174,0.21495568752288818
Quinault,2017-11-05,0.193,0.20229238271713257
Darrington,2017-11-05,0.237,0.27296170592308044
Touchet_WA_824,2017-11-06,0.174,0.1971021294593811
Quinault,2017-11-06,0.173,0.19478164613246918
Spokane,2017-11-06,0.215,0.2084193080663681
SourdoughGulch_WA_985,2017-11-06,0.3,0.28461188077926636
Darrington,2017-11-06,0.231,0.25380706787109375
Touchet_WA_824,2017-11-07,0.175,0.19246824085712433
Quinault,2017-11-07,0.166,0.19010856747627258
SourdoughGulch_WA_985,2017-11-07,0.306,0.2805750370025635
Darrington,2017-11-07,0.228,0.23519232869148254
Spokane,2017-11-07,0.212,0.20068350434303284
Touchet_WA_824,2017-11-08,0.173,0.1929551362991333
Quinault,2017-11-08,0.185,0.19960108399391174
Spokane,2017-11-08,0.215,0.20753127336502075
SourdoughGulch_WA_985,2017-11-08,0.299,0.28764164447784424
Darrington,2017-11-08,0.227,0.24463672935962677
Touchet_WA_824,2017-11-09,0.173,0.18898791074752808
SourdoughGulch_WA_985,2017-11-09,0.303,0.2874467074871063
Quinault,2017-11-09,0.212,0.20278389751911163
Spokane,2017-11-09,0.234,0.2084713578224182
Darrington,2017-11-09,0.24,0.26027432084083557
SourdoughGulch_WA_985,2017-11-10,0.322,0.2916734516620636
Darrington,2017-11-10,0.265,0.25315308570861816
Touchet_WA_824,2017-11-10,0.177,0.19144098460674286
Quinault,2017-11-10,0.189,0.2021668553352356
Spokane,2017-11-10,0.235,0.21354366838932037
Darrington,2017-11-11,0.249,0.2615988850593567
Quinault,2017-11-11,0.197,0.20703551173210144
Spokane,2017-11-11,0.236,0.24890796840190887
Touchet_WA_824,2017-11-11,0.179,0.18947578966617584
SourdoughGulch_WA_985,2017-11-11,0.321,0.29238319396972656
Spokane,2017-11-12,0.23,0.2441369891166687
Quinault,2017-11-12,0.23,0.2197565883398056
Touchet_WA_824,2017-11-12,0.179,0.17918936908245087
Darrington,2017-11-12,0.28,0.2891038656234741
SourdoughGulch_WA_985,2017-11-12,0.318,0.2854330837726593
Spokane,2017-11-13,0.238,0.25007364153862
Darrington,2017-11-13,0.297,0.2918418347835541
SourdoughGulch_WA_985,2017-11-13,0.314,0.29740655422210693
Quinault,2017-11-13,0.224,0.224940687417984
Touchet_WA_824,2017-11-13,0.179,0.17922760546207428
Darrington,2017-11-14,0.283,0.30030903220176697
Quinault,2017-11-14,0.232,0.2276531308889389
SourdoughGulch_WA_985,2017-11-14,0.325,0.3003050684928894
Spokane,2017-11-14,0.238,0.2479235678911209
Touchet_WA_824,2017-11-14,0.179,0.17861467599868774
Spokane,2017-11-15,0.235,0.2476433664560318
Touchet_WA_824,2017-11-15,0.179,0.17962439358234406
SourdoughGulch_WA_985,2017-11-15,0.315,0.28999003767967224
Quinault,2017-11-15,0.224,0.22963523864746094
Darrington,2017-11-15,0.291,0.3012004494667053
Touchet_WA_824,2017-11-16,0.179,0.18315787613391876
Darrington,2017-11-16,0.281,0.2991454601287842
Spokane,2017-11-16,0.259,0.26717662811279297
SourdoughGulch_WA_985,2017-11-16,0.306,0.2934340238571167
Quinault,2017-11-16,0.221,0.2258015275001526
Touchet_WA_824,2017-11-17,0.18,0.17998680472373962
SourdoughGulch_WA_985,2017-11-17,0.324,0.2866085171699524
Darrington,2017-11-17,0.283,0.29431071877479553
Spokane,2017-11-17,0.25,0.26619598269462585
Quinault,2017-11-17,0.208,0.22397905588150024
SourdoughGulch_WA_985,2017-11-18,0.307,0.2769939601421356
Touchet_WA_824,2017-11-18,0.178,0.179428368806839
Quinault,2017-11-18,0.201,0.2229439616203308
Darrington,2017-11-18,0.266,0.2931630611419678
Spokane,2017-11-18,0.246,0.2614932060241699
SourdoughGulch_WA_985,2017-11-19,0.298,0.2851984202861786
Spokane,2017-11-19,0.244,0.25463366508483887
Quinault,2017-11-19,0.228,0.22239410877227783
Darrington,2017-11-19,0.274,0.29415005445480347
Touchet_WA_824,2017-11-19,0.176,0.17421889305114746
Spokane,2017-11-20,0.29,0.2874329090118408
Quinault,2017-11-20,0.21,0.22367128729820251
Darrington,2017-11-20,0.296,0.3029179275035858
SourdoughGulch_WA_985,2017-11-20,0.296,0.30714407563209534
Touchet_WA_824,2017-11-20,0.177,0.1839572936296463
Touchet_WA_824,2017-11-21,0.196,0.19973482191562653
Darrington,2017-11-21,0.302,0.3066083788871765
Quinault,2017-11-21,0.236,0.2263127714395523
SourdoughGulch_WA_985,2017-11-21,0.351,0.31748107075691223
Spokane,2017-11-21,0.301,0.29360491037368774
Darrington,2017-11-22,0.314,0.29978951811790466
Quinault,2017-11-22,0.24,0.2270563244819641
Spokane,2017-11-22,0.3,0.29559576511383057
Touchet_WA_824,2017-11-22,0.252,0.21758465468883514
SourdoughGulch_WA_985,2017-11-22,0.338,0.3228501081466675
Quinault,2017-11-23,0.226,0.22507134079933167
Touchet_WA_824,2017-11-23,0.291,0.22243322432041168
SourdoughGulch_WA_985,2017-11-23,0.34,0.32267308235168457
Darrington,2017-11-23,0.304,0.29695287346839905
Spokane,2017-11-23,0.3,0.2975099980831146
Quinault,2017-11-24,0.218,0.22509510815143585
Touchet_WA_824,2017-11-24,0.311,0.21872740983963013
SourdoughGulch_WA_985,2017-11-24,0.355,0.3224917948246002
Darrington,2017-11-24,0.293,0.29626762866973877
Spokane,2017-11-24,0.295,0.295993447303772
Spokane,2017-11-25,0.292,0.29540976881980896
Quinault,2017-11-25,0.213,0.22477735579013824
SourdoughGulch_WA_985,2017-11-25,0.333,0.32272574305534363
Touchet_WA_824,2017-11-25,0.251,0.21767552196979523
Darrington,2017-11-25,0.28,0.2949075698852539
Quinault,2017-11-26,0.225,0.22459200024604797
SourdoughGulch_WA_985,2017-11-26,0.327,0.32272574305534363
Darrington,2017-11-26,0.315,0.29595327377319336
Touchet_WA_824,2017-11-26,0.224,0.21767552196979523
Spokane,2017-11-26,0.295,0.2956527769565582
SourdoughGulch_WA_985,2017-11-27,0.326,0.31538572907447815
Quinault,2017-11-27,0.199,0.22280558943748474
Spokane,2017-11-27,0.296,0.2807680666446686
Touchet_WA_824,2017-11-27,0.272,0.2070130556821823
Darrington,2017-11-27,0.298,0.30058109760284424
Spokane,2017-11-28,0.297,0.282810240983963
Darrington,2017-11-28,0.302,0.3023638427257538
Quinault,2017-11-28,0.22,0.22258538007736206
SourdoughGulch_WA_985,2017-11-28,0.33,0.31454354524612427
Touchet_WA_824,2017-11-28,0.244,0.20379620790481567
Darrington,2017-11-29,0.293,0.30211085081100464
SourdoughGulch_WA_985,2017-11-29,0.321,0.312330037355423
Touchet_WA_824,2017-11-29,0.225,0.20271606743335724
Quinault,2017-11-29,0.202,0.2230129837989807
Spokane,2017-11-29,0.302,0.2811223268508911
Touchet_WA_824,2017-11-30,0.217,0.20273789763450623
Darrington,2017-11-30,0.298,0.2978675961494446
SourdoughGulch_WA_985,2017-11-30,0.321,0.3090694546699524
Quinault,2017-11-30,0.213,0.22015395760536194
Spokane,2017-11-30,0.297,0.2763718068599701
Spokane,2017-12-01,0.296,0.28900259733200073
Darrington,2017-12-01,0.297,0.30226850509643555
Touchet_WA_824,2017-12-01,0.21,0.2003880739212036
SourdoughGulch_WA_985,2017-12-01,0.31,0.3079783618450165
Quinault,2017-12-01,0.227,0.2261926382780075
Touchet_WA_824,2017-12-02,0.206,0.1977759748697281
Spokane,2017-12-02,0.294,0.2870199382305145
SourdoughGulch_WA_985,2017-12-02,0.312,0.3048397898674011
Quinault,2017-12-02,0.215,0.22502003610134125
Darrington,2017-12-02,0.294,0.2978675961494446
Quinault,2017-12-03,0.187,0.20439913868904114
Touchet_WA_824,2017-12-03,0.204,0.20136813819408417
Spokane,2017-12-03,0.296,0.284249871969223
SourdoughGulch_WA_985,2017-12-03,0.309,0.30846190452575684
Darrington,2017-12-03,0.286,0.29784780740737915
Touchet_WA_824,2017-12-04,0.202,0.19850051403045654
Spokane,2017-12-04,0.288,0.2789231240749359
Darrington,2017-12-04,0.266,0.2847837209701538
SourdoughGulch_WA_985,2017-12-04,0.311,0.29272690415382385
Quinault,2017-12-04,0.18,0.19662827253341675
Darrington,2017-12-05,0.258,0.2817644774913788
Spokane,2017-12-05,0.281,0.27796339988708496
Touchet_WA_824,2017-12-05,0.201,0.1969223916530609
SourdoughGulch_WA_985,2017-12-05,0.299,0.27867159247398376
Quinault,2017-12-05,0.175,0.19889040291309357
SourdoughGulch_WA_985,2017-12-06,0.287,0.27520158886909485
Quinault,2017-12-06,0.172,0.18364737927913666
Darrington,2017-12-06,0.253,0.2665804922580719
Touchet_WA_824,2017-12-06,0.197,0.19505229592323303
Spokane,2017-12-06,0.272,0.27104297280311584
Darrington,2017-12-07,0.251,0.26439374685287476
Touchet_WA_824,2017-12-07,0.195,0.19020701944828033
Quinault,2017-12-07,0.17,0.18364737927913666
SourdoughGulch_WA_985,2017-12-07,0.274,0.2633429765701294
Spokane,2017-12-07,0.283,0.254710853099823
Darrington,2017-12-08,0.248,0.26491162180900574
Touchet_WA_824,2017-12-08,0.193,0.19025354087352753
SourdoughGulch_WA_985,2017-12-08,0.251,0.25612011551856995
Quinault,2017-12-08,0.168,0.1840815246105194
Quinault,2017-12-09,0.167,0.18041914701461792
Touchet_WA_824,2017-12-09,0.19,0.18795186281204224
Darrington,2017-12-09,0.246,0.2617582082748413
SourdoughGulch_WA_985,2017-12-09,0.17,0.23287659883499146
Touchet_WA_824,2017-12-10,0.189,0.18847893178462982
SourdoughGulch_WA_985,2017-12-10,0.141,0.2011692225933075
Darrington,2017-12-10,0.244,0.2601906657218933
Quinault,2017-12-10,0.167,0.18050606548786163
SourdoughGulch_WA_985,2017-12-11,0.129,0.17966441810131073
Quinault,2017-12-11,0.167,0.1772598773241043
Darrington,2017-12-11,0.241,0.2607661783695221
Touchet_WA_824,2017-12-11,0.187,0.18801836669445038
SourdoughGulch_WA_985,2017-12-12,0.13,0.1688942313194275
Touchet_WA_824,2017-12-12,0.186,0.18588662147521973
Quinault,2017-12-12,0.165,0.1754210889339447
Darrington,2017-12-12,0.239,0.25886136293411255
SourdoughGulch_WA_985,2017-12-13,0.125,0.15700176358222961
Quinault,2017-12-13,0.165,0.17499636113643646
Touchet_WA_824,2017-12-13,0.185,0.1873941272497177
Darrington,2017-12-13,0.239,0.25538021326065063
Quinault,2017-12-14,0.163,0.17499636113643646
SourdoughGulch_WA_985,2017-12-14,0.127,0.1500978320837021
Touchet_WA_824,2017-12-14,0.186,0.1835833042860031
Darrington,2017-12-14,0.238,0.2527366578578949
Darrington,2017-12-15,0.259,0.26913395524024963
Touchet_WA_824,2017-12-15,0.184,0.193851038813591
Quinault,2017-12-15,0.173,0.18388663232326508
SourdoughGulch_WA_985,2017-12-15,0.126,0.14697927236557007
Quinault,2017-12-16,0.19,0.18975836038589478
Darrington,2017-12-16,0.275,0.2723788619041443
SourdoughGulch_WA_985,2017-12-16,0.125,0.14566360414028168
Touchet_WA_824,2017-12-16,0.184,0.1956256777048111
Touchet_WA_824,2017-12-17,0.184,0.19460614025592804
Darrington,2017-12-17,0.314,0.3023097813129425
SourdoughGulch_WA_985,2017-12-17,0.135,0.14566360414028168
Quinault,2017-12-17,0.232,0.21025626361370087
Touchet_WA_824,2017-12-18,0.184,0.19923923909664154
Darrington,2017-12-18,0.305,0.30278730392456055
SourdoughGulch_WA_985,2017-12-18,0.134,0.1576003134250641
Quinault,2017-12-18,0.216,0.22139602899551392
SourdoughGulch_WA_985,2017-12-19,0.144,0.17475658655166626
Touchet_WA_824,2017-12-19,0.184,0.20946015417575836
Darrington,2017-12-19,0.322,0.3064963221549988
Quinault,2017-12-19,0.232,0.228572815656662
Touchet_WA_824,2017-12-20,0.186,0.21080173552036285
Quinault,2017-12-20,0.192,0.20891831815242767
Darrington,2017-12-20,0.286,0.3014577329158783
SourdoughGulch_WA_985,2017-12-20,0.192,0.18031397461891174
Touchet_WA_824,2017-12-21,0.188,0.20968343317508698
SourdoughGulch_WA_985,2017-12-21,0.225,0.18046323955059052
Darrington,2017-12-21,0.261,0.3005411922931671
Quinault,2017-12-21,0.187,0.22261449694633484
Darrington,2017-12-22,0.263,0.2959553599357605
SourdoughGulch_WA_985,2017-12-22,0.214,0.18169815838336945
Quinault,2017-12-22,0.196,0.21927963197231293
Touchet_WA_824,2017-12-22,0.188,0.20249387621879578
Touchet_WA_824,2017-12-23,0.188,0.1982710212469101
Darrington,2017-12-23,0.269,0.2773924171924591
SourdoughGulch_WA_985,2017-12-23,0.165,0.18477796018123627
Quinault,2017-12-23,0.18,0.1957337111234665
Touchet_WA_824,2017-12-24,0.189,0.19394183158874512
Quinault,2017-12-24,0.178,0.20166218280792236
SourdoughGulch_WA_985,2017-12-24,0.157,0.18861611187458038
Darrington,2017-12-24,0.286,0.28094011545181274
Quinault,2017-12-25,0.193,0.19571560621261597
Darrington,2017-12-25,0.268,0.28210005164146423
SourdoughGulch_WA_985,2017-12-25,0.144,0.14631693065166473
Touchet_WA_824,2017-12-25,0.19,0.1983388215303421
Quinault,2017-12-26,0.18,0.19135038554668427
Touchet_WA_824,2017-12-26,0.188,0.1882319152355194
Darrington,2017-12-26,0.255,0.2741585671901703
SourdoughGulch_WA_985,2017-12-26,0.146,0.1513676941394806
Quinault,2017-12-27,0.175,0.19148850440979004
Touchet_WA_824,2017-12-27,0.188,0.19345064461231232
Darrington,2017-12-27,0.257,0.2734704613685608
SourdoughGulch_WA_985,2017-12-27,0.149,0.16662849485874176
Darrington,2017-12-28,0.322,0.29735350608825684
SourdoughGulch_WA_985,2017-12-28,0.151,0.18166658282279968
Quinault,2017-12-28,0.229,0.2117438167333603
Touchet_WA_824,2017-12-28,0.189,0.1939510554075241
SourdoughGulch_WA_985,2017-12-29,0.16,0.184649258852005
Darrington,2017-12-29,0.328,0.3060896694660187
Touchet_WA_824,2017-12-29,0.187,0.20063607394695282
Quinault,2017-12-29,0.233,0.22569237649440765
Darrington,2017-12-30,0.312,0.30740633606910706
SourdoughGulch_WA_985,2017-12-30,0.175,0.18636123836040497
Quinault,2017-12-30,0.206,0.22357414662837982
Touchet_WA_824,2017-12-30,0.188,0.19876164197921753
Touchet_WA_824,2017-12-31,0.191,0.19869624078273773
Darrington,2017-12-31,0.282,0.2951260209083557
Quinault,2017-12-31,0.184,0.20217907428741455
SourdoughGulch_WA_985,2017-12-31,0.187,0.1901111602783203
SourdoughGulch_WA_985,2018-01-01,0.146,0.18756288290023804
Darrington,2018-01-01,0.306,0.2876114845275879
Quinault,2018-01-01,0.178,0.19638817012310028
Touchet_WA_824,2018-01-01,0.193,0.19196747243404388
Darrington,2018-01-02,0.285,0.28361475467681885
Quinault,2018-01-02,0.174,0.19279062747955322
Touchet_WA_824,2018-01-02,0.192,0.191225066781044
SourdoughGulch_WA_985,2018-01-02,0.134,0.17372581362724304
Quinault,2018-01-03,0.172,0.19980716705322266
Darrington,2018-01-03,0.265,0.2640792429447174
Touchet_WA_824,2018-01-03,0.192,0.18851956725120544
SourdoughGulch_WA_985,2018-01-03,0.137,0.1677786260843277
Quinault,2018-01-04,0.186,0.21178783476352692
Darrington,2018-01-04,0.263,0.27096349000930786
Touchet_WA_824,2018-01-04,0.191,0.18679207563400269
SourdoughGulch_WA_985,2018-01-04,0.136,0.16768324375152588
Quinault,2018-01-05,0.226,0.22608275711536407
SourdoughGulch_WA_985,2018-01-05,0.136,0.17117446660995483
Touchet_WA_824,2018-01-05,0.19,0.18946881592273712
Darrington,2018-01-05,0.306,0.2880173325538635
SourdoughGulch_WA_985,2018-01-06,0.156,0.16877242922782898
Darrington,2018-01-06,0.296,0.2886742055416107
Touchet_WA_824,2018-01-06,0.19,0.17678767442703247
Quinault,2018-01-06,0.201,0.2252046912908554
Darrington,2018-01-07,0.299,0.29300153255462646
Touchet_WA_824,2018-01-07,0.191,0.17557702958583832
Quinault,2018-01-07,0.222,0.22775503993034363
SourdoughGulch_WA_985,2018-01-07,0.167,0.1703508049249649
Darrington,2018-01-08,0.297,0.30111241340637207
Touchet_WA_824,2018-01-08,0.191,0.17984312772750854
Quinault,2018-01-08,0.209,0.23015716671943665
SourdoughGulch_WA_985,2018-01-08,0.176,0.21422052383422852
Touchet_WA_824,2018-01-09,0.191,0.17251214385032654
Quinault,2018-01-09,0.211,0.22872644662857056
SourdoughGulch_WA_985,2018-01-09,0.179,0.21891148388385773
Darrington,2018-01-09,0.31,0.3040839731693268
Touchet_WA_824,2018-01-10,0.194,0.17243599891662598
Darrington,2018-01-10,0.298,0.30515819787979126
SourdoughGulch_WA_985,2018-01-10,0.189,0.22087709605693817
Quinault,2018-01-10,0.204,0.23015716671943665
SourdoughGulch_WA_985,2018-01-11,0.194,0.23446714878082275
Touchet_WA_824,2018-01-11,0.196,0.20063282549381256
Quinault,2018-01-11,0.235,0.23116421699523926
Darrington,2018-01-11,0.318,0.3117365837097168
Darrington,2018-01-12,0.319,0.3111203610897064
SourdoughGulch_WA_985,2018-01-12,0.203,0.24203333258628845
Touchet_WA_824,2018-01-12,0.196,0.20201173424720764
Quinault,2018-01-12,0.22,0.23074063658714294
SourdoughGulch_WA_985,2018-01-13,0.208,0.24818480014801025
Darrington,2018-01-13,0.3,0.31017300486564636
Touchet_WA_824,2018-01-13,0.196,0.1993735134601593
Quinault,2018-01-13,0.209,0.22650298476219177
SourdoughGulch_WA_985,2018-01-14,0.241,0.25761228799819946
Quinault,2018-01-14,0.187,0.21302372217178345
Touchet_WA_824,2018-01-14,0.196,0.199003204703331
Darrington,2018-01-14,0.273,0.29342126846313477
Touchet_WA_824,2018-01-15,0.196,0.19268284738063812
Darrington,2018-01-15,0.265,0.29188984632492065
Quinault,2018-01-15,0.186,0.2165776491165161
SourdoughGulch_WA_985,2018-01-15,0.286,0.2710176706314087
Quinault,2018-01-16,0.212,0.2165776491165161
Darrington,2018-01-16,0.298,0.29728010296821594
SourdoughGulch_WA_985,2018-01-16,0.299,0.29479068517684937
Touchet_WA_824,2018-01-16,0.197,0.19402633607387543
Quinault,2018-01-17,0.212,0.2201576679944992
SourdoughGulch_WA_985,2018-01-17,0.313,0.3034316897392273
Touchet_WA_824,2018-01-17,0.197,0.19310367107391357
Darrington,2018-01-17,0.301,0.2997229993343353
Quinault,2018-01-18,0.206,0.22267326712608337
Darrington,2018-01-18,0.315,0.30682653188705444
Touchet_WA_824,2018-01-18,0.196,0.20140987634658813
SourdoughGulch_WA_985,2018-01-18,0.319,0.3110504746437073
Darrington,2018-01-19,0.299,0.30678921937942505
Quinault,2018-01-19,0.232,0.22638389468193054
Touchet_WA_824,2018-01-19,0.197,0.20165416598320007
SourdoughGulch_WA_985,2018-01-19,0.345,0.32137516140937805
Darrington,2018-01-20,0.304,0.309373676776886
Touchet_WA_824,2018-01-20,0.197,0.20130769908428192
Quinault,2018-01-20,0.227,0.2254641056060791
SourdoughGulch_WA_985,2018-01-20,0.332,0.32082852721214294
SourdoughGulch_WA_985,2018-01-21,0.321,0.32181012630462646
Quinault,2018-01-21,0.234,0.2180950939655304
Darrington,2018-01-21,0.309,0.3070160448551178
Touchet_WA_824,2018-01-21,0.198,0.2015390843153
SourdoughGulch_WA_985,2018-01-22,0.308,0.3090406656265259
Quinault,2018-01-22,0.213,0.2184704691171646
Darrington,2018-01-22,0.311,0.3017406165599823
Touchet_WA_824,2018-01-22,0.198,0.199931338429451
SourdoughGulch_WA_985,2018-01-23,0.305,0.31666630506515503
Darrington,2018-01-23,0.312,0.30581653118133545
Quinault,2018-01-23,0.227,0.22057172656059265
Touchet_WA_824,2018-01-23,0.198,0.2024785876274109
Darrington,2018-01-24,0.317,0.3043276369571686
Touchet_WA_824,2018-01-24,0.198,0.2009539008140564
Quinault,2018-01-24,0.229,0.22057172656059265
SourdoughGulch_WA_985,2018-01-24,0.292,0.31727710366249084
Quinault,2018-01-25,0.223,0.220589280128479
SourdoughGulch_WA_985,2018-01-25,0.322,0.31938138604164124
Touchet_WA_824,2018-01-25,0.197,0.20076599717140198
Darrington,2018-01-25,0.299,0.3041042685508728
SourdoughGulch_WA_985,2018-01-26,0.323,0.3188757002353668
Darrington,2018-01-26,0.298,0.30382469296455383
Touchet_WA_824,2018-01-26,0.197,0.20076599717140198
Spokane,2018-01-26,0.325,0.28741538524627686
Quinault,2018-01-26,0.225,0.22039540112018585
Quinault,2018-01-27,0.219,0.22014251351356506
Darrington,2018-01-27,0.318,0.3035688102245331
Touchet_WA_824,2018-01-27,0.198,0.200968399643898
SourdoughGulch_WA_985,2018-01-27,0.32,0.316552072763443
Spokane,2018-01-27,0.321,0.28983721137046814
Spokane,2018-01-28,0.317,0.291753351688385
Darrington,2018-01-28,0.304,0.3074573576450348
Touchet_WA_824,2018-01-28,0.198,0.194679394364357
Quinault,2018-01-28,0.213,0.22051700949668884
SourdoughGulch_WA_985,2018-01-28,0.318,0.31473061442375183
SourdoughGulch_WA_985,2018-01-29,0.339,0.3177727162837982
Quinault,2018-01-29,0.246,0.22987203299999237
Touchet_WA_824,2018-01-29,0.197,0.19792692363262177
Darrington,2018-01-29,0.327,0.31327956914901733
Spokane,2018-01-29,0.314,0.2952228784561157
Quinault,2018-01-30,0.21,0.22173680365085602
SourdoughGulch_WA_985,2018-01-30,0.339,0.3209320306777954
Darrington,2018-01-30,0.307,0.3139426112174988
Touchet_WA_824,2018-01-30,0.196,0.19988955557346344
Spokane,2018-01-30,0.312,0.29535460472106934
Quinault,2018-01-31,0.223,0.22124208509922028
SourdoughGulch_WA_985,2018-01-31,0.336,0.32204675674438477
Spokane,2018-01-31,0.308,0.2921105623245239
Darrington,2018-01-31,0.315,0.3138372600078583
Touchet_WA_824,2018-01-31,0.198,0.19527612626552582
Spokane,2018-02-01,0.309,0.29551178216934204
Quinault,2018-02-01,0.227,0.22153247892856598
Touchet_WA_824,2018-02-01,0.198,0.19695425033569336
SourdoughGulch_WA_985,2018-02-01,0.323,0.32261958718299866
Darrington,2018-02-01,0.321,0.3120417892932892
Touchet_WA_824,2018-02-02,0.198,0.20167475938796997
SourdoughGulch_WA_985,2018-02-02,0.316,0.3253070116043091
Spokane,2018-02-02,0.326,0.29516443610191345
Darrington,2018-02-02,0.329,0.31295743584632874
Quinault,2018-02-02,0.213,0.21947823464870453
Quinault,2018-02-03,0.208,0.21823222935199738
Touchet_WA_824,2018-02-03,0.197,0.1991845667362213
Spokane,2018-02-03,0.317,0.2970959544181824
Darrington,2018-02-03,0.329,0.3133774399757385
SourdoughGulch_WA_985,2018-02-03,0.35,0.3264632225036621
Darrington,2018-02-04,0.337,0.3160891532897949
Spokane,2018-02-04,0.314,0.30242568254470825
Touchet_WA_824,2018-02-04,0.199,0.20029355585575104
SourdoughGulch_WA_985,2018-02-04,0.342,0.32707446813583374
Quinault,2018-02-04,0.211,0.2152719646692276
SourdoughGulch_WA_985,2018-02-05,0.342,0.3303012549877167
Spokane,2018-02-05,0.311,0.30738964676856995
Darrington,2018-02-05,0.317,0.30810511112213135
Touchet_WA_824,2018-02-05,0.2,0.19768288731575012
Quinault,2018-02-05,0.19,0.20233657956123352
Touchet_WA_824,2018-02-06,0.202,0.195853129029274
Quinault,2018-02-06,0.183,0.2022138386964798
Darrington,2018-02-06,0.31,0.3054150938987732
Spokane,2018-02-06,0.309,0.2995695173740387
SourdoughGulch_WA_985,2018-02-06,0.336,0.3251287639141083
Darrington,2018-02-07,0.318,0.3020014762878418
Spokane,2018-02-07,0.307,0.30362775921821594
Touchet_WA_824,2018-02-07,0.202,0.19456210732460022
Quinault,2018-02-07,0.178,0.18825401365756989
SourdoughGulch_WA_985,2018-02-07,0.333,0.3240276277065277
Spokane,2018-02-08,0.306,0.3032592535018921
Darrington,2018-02-08,0.323,0.2969701588153839
SourdoughGulch_WA_985,2018-02-08,0.332,0.324696809053421
Touchet_WA_824,2018-02-08,0.201,0.18483518064022064
Quinault,2018-02-08,0.18,0.1873188316822052
Quinault,2018-02-09,0.178,0.1782410591840744
SourdoughGulch_WA_985,2018-02-09,0.33,0.3254716098308563
Spokane,2018-02-09,0.304,0.29548949003219604
Darrington,2018-02-09,0.294,0.28538432717323303
Touchet_WA_824,2018-02-09,0.201,0.18534305691719055
SourdoughGulch_WA_985,2018-02-10,0.324,0.3229917585849762
Spokane,2018-02-10,0.299,0.2960353195667267
Darrington,2018-02-10,0.278,0.27721068263053894
Quinault,2018-02-10,0.173,0.17436082661151886
Touchet_WA_824,2018-02-10,0.2,0.19237515330314636
Quinault,2018-02-11,0.17,0.1740054339170456
SourdoughGulch_WA_985,2018-02-11,0.313,0.3225630819797516
Darrington,2018-02-11,0.268,0.2777213454246521
Spokane,2018-02-11,0.296,0.28826218843460083
Touchet_WA_824,2018-02-11,0.201,0.19171391427516937
Darrington,2018-02-12,0.259,0.2716909646987915
Spokane,2018-02-12,0.293,0.2756395936012268
Quinault,2018-02-12,0.166,0.17165468633174896
SourdoughGulch_WA_985,2018-02-12,0.299,0.30531102418899536
Touchet_WA_824,2018-02-12,0.201,0.19839785993099213
Touchet_WA_824,2018-02-13,0.2,0.19506274163722992
Spokane,2018-02-13,0.296,0.27444663643836975
Darrington,2018-02-13,0.252,0.28009915351867676
Quinault,2018-02-13,0.167,0.18036673963069916
SourdoughGulch_WA_985,2018-02-13,0.293,0.29136958718299866
Spokane,2018-02-14,0.298,0.29137033224105835
Quinault,2018-02-14,0.2,0.18792219460010529
Darrington,2018-02-14,0.264,0.2865667939186096
SourdoughGulch_WA_985,2018-02-14,0.28,0.2871611714363098
Touchet_WA_824,2018-02-14,0.199,0.20174351334571838
SourdoughGulch_WA_985,2018-02-15,0.281,0.28839585185050964
Quinault,2018-02-15,0.179,0.19436345994472504
Touchet_WA_824,2018-02-15,0.201,0.20183923840522766
Spokane,2018-02-15,0.298,0.291061133146286
Darrington,2018-02-15,0.286,0.29427093267440796
Touchet_WA_824,2018-02-16,0.198,0.20090970396995544
SourdoughGulch_WA_985,2018-02-16,0.287,0.28981220722198486
Spokane,2018-02-16,0.299,0.29303014278411865
Darrington,2018-02-16,0.316,0.2979027330875397
Quinault,2018-02-16,0.207,0.20314891636371613
SourdoughGulch_WA_985,2018-02-17,0.285,0.29292383790016174
Darrington,2018-02-17,0.323,0.3071696162223816
Quinault,2018-02-17,0.23,0.22246263921260834
Touchet_WA_824,2018-02-17,0.199,0.20767393708229065
SourdoughGulch_WA_985,2018-02-18,0.291,0.28979936242103577
Darrington,2018-02-18,0.3,0.3058697581291199
Quinault,2018-02-18,0.203,0.21604299545288086
Touchet_WA_824,2018-02-18,0.198,0.20580866932868958
SourdoughGulch_WA_985,2018-02-19,0.322,0.26922085881233215
Darrington,2018-02-19,0.286,0.2967455983161926
Spokane,2018-02-19,0.319,0.27806898951530457
Quinault,2018-02-19,0.181,0.1948397159576416
Touchet_WA_824,2018-02-19,0.197,0.19653524458408356
Touchet_WA_824,2018-02-20,0.195,0.19268354773521423
SourdoughGulch_WA_985,2018-02-20,0.304,0.25697100162506104
Quinault,2018-02-20,0.173,0.20206435024738312
Touchet_WA_824,2018-02-21,0.196,0.19135703146457672
Quinault,2018-02-21,0.181,0.18717771768569946
SourdoughGulch_WA_985,2018-02-21,0.264,0.24322153627872467
Quinault,2018-02-22,0.192,0.18719017505645752
Touchet_WA_824,2018-02-22,0.194,0.19159018993377686
SourdoughGulch_WA_985,2018-02-22,0.172,0.22790929675102234
Quinault,2018-02-23,0.18,0.20046871900558472
SourdoughGulch_WA_985,2018-02-23,0.17,0.22502127289772034
Touchet_WA_824,2018-02-23,0.195,0.18505318462848663
Quinault,2018-02-24,0.211,0.20111025869846344
Touchet_WA_824,2018-02-24,0.195,0.19187144935131073
SourdoughGulch_WA_985,2018-02-24,0.16,0.22551237046718597
Touchet_WA_824,2018-02-25,0.195,0.19097574055194855
SourdoughGulch_WA_985,2018-02-25,0.166,0.22609755396842957
Quinault,2018-02-25,0.22,0.2089817225933075
Touchet_WA_824,2018-02-26,0.194,0.1951737403869629
Quinault,2018-02-26,0.194,0.20971277356147766
SourdoughGulch_WA_985,2018-02-26,0.173,0.2487705796957016
Touchet_WA_824,2018-02-27,0.193,0.19431369006633759
Quinault,2018-02-27,0.203,0.21222826838493347
SourdoughGulch_WA_985,2018-02-27,0.18,0.24964357912540436
SourdoughGulch_WA_985,2018-02-28,0.178,0.24529121816158295
Quinault,2018-02-28,0.209,0.2213098704814911
Touchet_WA_824,2018-02-28,0.193,0.19248147308826447
Touchet_WA_824,2018-03-01,0.193,0.19085241854190826
Quinault,2018-03-01,0.2,0.21750079095363617
SourdoughGulch_WA_985,2018-03-01,0.181,0.24197155237197876
Quinault,2018-03-02,0.198,0.21400700509548187
Touchet_WA_824,2018-03-02,0.193,0.19275608658790588
SourdoughGulch_WA_985,2018-03-02,0.191,0.24296516180038452
Quinault,2018-03-03,0.18,0.20346765220165253
Touchet_WA_824,2018-03-03,0.192,0.190138578414917
SourdoughGulch_WA_985,2018-03-03,0.205,0.2447570413351059
Touchet_WA_824,2018-03-04,0.191,0.19056308269500732
SourdoughGulch_WA_985,2018-03-04,0.21,0.24743157625198364
Quinault,2018-03-04,0.189,0.20910312235355377
Touchet_WA_824,2018-03-05,0.191,0.18092051148414612
SourdoughGulch_WA_985,2018-03-05,0.212,0.2502285838127136
Darrington,2018-03-05,0.34,0.3011130094528198
Quinault,2018-03-05,0.192,0.19918020069599152
Touchet_WA_824,2018-03-06,0.192,0.18288925290107727
Quinault,2018-03-06,0.181,0.19211342930793762
Darrington,2018-03-06,0.342,0.31420424580574036
SourdoughGulch_WA_985,2018-03-06,0.217,0.2581122815608978
Quinault,2018-03-07,0.174,0.19785577058792114
Touchet_WA_824,2018-03-07,0.192,0.1835978776216507
SourdoughGulch_WA_985,2018-03-07,0.216,0.27333179116249084
Darrington,2018-03-07,0.341,0.30811023712158203
SourdoughGulch_WA_985,2018-03-08,0.214,0.27749863266944885
Darrington,2018-03-08,0.357,0.3210337460041046
Spokane,2018-03-08,0.317,0.2968827784061432
Touchet_WA_824,2018-03-08,0.191,0.18100503087043762
Quinault,2018-03-08,0.22,0.21612510085105896
Quinault,2018-03-09,0.197,0.21857129037380219
SourdoughGulch_WA_985,2018-03-09,0.317,0.2992526888847351
Darrington,2018-03-09,0.35,0.3113984167575836
Spokane,2018-03-09,0.312,0.30046337842941284
Touchet_WA_824,2018-03-09,0.192,0.184395432472229
Touchet_WA_824,2018-03-10,0.191,0.18410317599773407
Darrington,2018-03-10,0.338,0.3048529326915741
Quinault,2018-03-10,0.181,0.21347299218177795
SourdoughGulch_WA_985,2018-03-10,0.336,0.30385398864746094
Spokane,2018-03-10,0.306,0.30003464221954346
Touchet_WA_824,2018-03-11,0.191,0.1838615983724594
Spokane,2018-03-11,0.304,0.3016761243343353
Quinault,2018-03-11,0.174,0.2124672532081604
SourdoughGulch_WA_985,2018-03-11,0.347,0.3190491199493408
Touchet_WA_824,2018-03-12,0.189,0.18570835888385773
Quinault,2018-03-12,0.169,0.1877710372209549
SourdoughGulch_WA_985,2018-03-12,0.353,0.3235195279121399
Darrington,2018-03-12,0.297,0.2877240478992462
Spokane,2018-03-12,0.302,0.3022669553756714
Darrington,2018-03-13,0.291,0.2892966568470001
Touchet_WA_824,2018-03-13,0.19,0.1849108189344406
Spokane,2018-03-13,0.301,0.301789253950119
Quinault,2018-03-13,0.194,0.19608376920223236
SourdoughGulch_WA_985,2018-03-13,0.355,0.3247658908367157
Quinault,2018-03-14,0.203,0.20428359508514404
Touchet_WA_824,2018-03-14,0.192,0.18668782711029053
Darrington,2018-03-14,0.307,0.2868484854698181
Spokane,2018-03-14,0.309,0.3080833852291107
SourdoughGulch_WA_985,2018-03-14,0.354,0.32535359263420105
Quinault,2018-03-15,0.185,0.20674076676368713
Touchet_WA_824,2018-03-15,0.19,0.18726025521755219
Darrington,2018-03-15,0.281,0.2819087505340576
Spokane,2018-03-15,0.307,0.3099481761455536
SourdoughGulch_WA_985,2018-03-15,0.355,0.328824907541275
Touchet_WA_824,2018-03-16,0.191,0.18422922492027283
Darrington,2018-03-16,0.268,0.2802729904651642
Spokane,2018-03-16,0.305,0.3135445713996887
SourdoughGulch_WA_985,2018-03-16,0.348,0.32883745431900024
Quinault,2018-03-16,0.174,0.1983921080827713
Quinault,2018-03-17,0.168,0.18422561883926392
Darrington,2018-03-17,0.267,0.2828707993030548
Touchet_WA_824,2018-03-17,0.191,0.18080545961856842
Spokane,2018-03-17,0.306,0.31373095512390137
SourdoughGulch_WA_985,2018-03-17,0.343,0.32722997665405273
Quinault,2018-03-18,0.167,0.18078264594078064
Darrington,2018-03-18,0.281,0.2802457809448242
Touchet_WA_824,2018-03-18,0.191,0.18488839268684387
Spokane,2018-03-18,0.314,0.31067726016044617
SourdoughGulch_WA_985,2018-03-18,0.34,0.3285902142524719
Darrington,2018-03-19,0.268,0.2766486406326294
Touchet_WA_824,2018-03-19,0.192,0.18571822345256805
SourdoughGulch_WA_985,2018-03-19,0.339,0.32666143774986267
Spokane,2018-03-19,0.307,0.30995267629623413
Quinault,2018-03-19,0.165,0.18312078714370728
Darrington,2018-03-20,0.26,0.2723475694656372
Touchet_WA_824,2018-03-20,0.191,0.1836230307817459
Spokane,2018-03-20,0.304,0.30894187092781067
Quinault,2018-03-20,0.163,0.17887288331985474
SourdoughGulch_WA_985,2018-03-20,0.337,0.32666143774986267
SourdoughGulch_WA_985,2018-03-21,0.338,0.32803142070770264
Touchet_WA_824,2018-03-21,0.192,0.18637798726558685
Spokane,2018-03-21,0.302,0.30844324827194214
Quinault,2018-03-21,0.165,0.18686003983020782
Darrington,2018-03-21,0.255,0.2600920498371124
SourdoughGulch_WA_985,2018-03-22,0.337,0.3290718197822571
Spokane,2018-03-22,0.313,0.30783769488334656
Darrington,2018-03-22,0.288,0.2739613354206085
Quinault,2018-03-22,0.217,0.2096538543701172
Touchet_WA_824,2018-03-22,0.193,0.1854812353849411
Spokane,2018-03-23,0.312,0.3090265095233917
Quinault,2018-03-23,0.215,0.2136291116476059
Touchet_WA_824,2018-03-23,0.192,0.18373531103134155
Darrington,2018-03-23,0.293,0.28329887986183167
SourdoughGulch_WA_985,2018-03-23,0.337,0.3290718197822571
Spokane,2018-03-24,0.319,0.3084510862827301
Darrington,2018-03-24,0.295,0.29242363572120667
Quinault,2018-03-24,0.19,0.2136291116476059
SourdoughGulch_WA_985,2018-03-24,0.341,0.3290718197822571
Touchet_WA_824,2018-03-24,0.193,0.17978549003601074
Darrington,2018-03-25,0.278,0.29213136434555054
Quinault,2018-03-25,0.182,0.21431122720241547
Spokane,2018-03-25,0.312,0.30918481945991516
SourdoughGulch_WA_985,2018-03-25,0.341,0.33275607228279114
Touchet_WA_824,2018-03-25,0.193,0.19427478313446045
Quinault,2018-03-26,0.224,0.2158280909061432
Touchet_WA_824,2018-03-26,0.192,0.19350554049015045
SourdoughGulch_WA_985,2018-03-26,0.337,0.32721152901649475
Spokane,2018-03-26,0.309,0.30755484104156494
Darrington,2018-03-26,0.317,0.2974204421043396
Darrington,2018-03-27,0.327,0.30419299006462097
Touchet_WA_824,2018-03-27,0.193,0.18856370449066162
Quinault,2018-03-27,0.218,0.21871519088745117
SourdoughGulch_WA_985,2018-03-27,0.335,0.322123646736145
Spokane,2018-03-27,0.307,0.3075271248817444
Touchet_WA_824,2018-03-28,0.194,0.18734589219093323
Quinault,2018-03-28,0.185,0.21092206239700317
SourdoughGulch_WA_985,2018-03-28,0.335,0.31603309512138367
Spokane,2018-03-28,0.303,0.3081269860267639
Darrington,2018-03-28,0.291,0.30341529846191406
Darrington,2018-03-29,0.292,0.30391544103622437
Touchet_WA_824,2018-03-29,0.193,0.1872241199016571
Spokane,2018-03-29,0.3,0.30942487716674805
SourdoughGulch_WA_985,2018-03-29,0.332,0.3118791878223419
Quinault,2018-03-29,0.176,0.21756187081336975
Quinault,2018-03-30,0.174,0.2142326980829239
Touchet_WA_824,2018-03-30,0.194,0.1854938268661499
Darrington,2018-03-30,0.305,0.3010786473751068
SourdoughGulch_WA_985,2018-03-30,0.331,0.31182944774627686
Spokane,2018-03-30,0.298,0.30721136927604675
Quinault,2018-03-31,0.171,0.19733336567878723
SourdoughGulch_WA_985,2018-03-31,0.331,0.31242629885673523
Darrington,2018-03-31,0.278,0.2927059531211853
Spokane,2018-03-31,0.296,0.2993282079696655
Touchet_WA_824,2018-03-31,0.194,0.18669739365577698
SourdoughGulch_WA_985,2018-04-01,0.327,0.31347543001174927
Spokane,2018-04-01,0.295,0.30369386076927185
Quinault,2018-04-01,0.183,0.20795750617980957
Darrington,2018-04-01,0.31,0.30189114809036255
Touchet_WA_824,2018-04-01,0.194,0.18777316808700562
Touchet_WA_824,2018-04-02,0.194,0.1882929652929306
Spokane,2018-04-02,0.294,0.29825618863105774
Quinault,2018-04-02,0.193,0.22007912397384644
SourdoughGulch_WA_985,2018-04-02,0.325,0.31841498613357544
Darrington,2018-04-02,0.31,0.29320651292800903
Touchet_WA_824,2018-04-03,0.195,0.2005271315574646
Quinault,2018-04-03,0.186,0.21929329633712769
Darrington,2018-04-03,0.295,0.2927447259426117
SourdoughGulch_WA_985,2018-04-03,0.327,0.32444050908088684
Spokane,2018-04-03,0.292,0.29777517914772034
Quinault,2018-04-04,0.207,0.22085492312908173
Touchet_WA_824,2018-04-04,0.194,0.20050768554210663
Spokane,2018-04-04,0.292,0.3032974600791931
SourdoughGulch_WA_985,2018-04-04,0.336,0.3250136077404022
Darrington,2018-04-04,0.295,0.2945634126663208
Spokane,2018-04-05,0.313,0.3133822977542877
Touchet_WA_824,2018-04-05,0.195,0.20085954666137695
Quinault,2018-04-05,0.225,0.22704818844795227
SourdoughGulch_WA_985,2018-04-05,0.349,0.32740798592567444
Darrington,2018-04-05,0.325,0.2987678647041321
Quinault,2018-04-06,0.205,0.22672325372695923
Spokane,2018-04-06,0.318,0.3107723295688629
Darrington,2018-04-06,0.297,0.29805177450180054
Touchet_WA_824,2018-04-06,0.194,0.19974446296691895
SourdoughGulch_WA_985,2018-04-06,0.347,0.3303453326225281
Darrington,2018-04-07,0.318,0.30248600244522095
SourdoughGulch_WA_985,2018-04-07,0.35,0.3311305642127991
Touchet_WA_824,2018-04-07,0.199,0.20115268230438232
Spokane,2018-04-07,0.322,0.3082224428653717
Quinault,2018-04-07,0.233,0.23468445241451263
Darrington,2018-04-08,0.322,0.30245354771614075
Spokane,2018-04-08,0.316,0.3093753159046173
Touchet_WA_824,2018-04-08,0.208,0.20256340503692627
SourdoughGulch_WA_985,2018-04-08,0.355,0.3333705961704254
Quinault,2018-04-08,0.239,0.232774019241333
Spokane,2018-04-09,0.31,0.3077112138271332
Touchet_WA_824,2018-04-09,0.209,0.19618646800518036
SourdoughGulch_WA_985,2018-04-09,0.355,0.33480069041252136
Quinault,2018-04-09,0.196,0.21349148452281952
Darrington,2018-04-09,0.301,0.30169910192489624
Touchet_WA_824,2018-04-10,0.206,0.19705456495285034
SourdoughGulch_WA_985,2018-04-10,0.349,0.33332961797714233
Spokane,2018-04-10,0.308,0.3099592924118042
Quinault,2018-04-10,0.211,0.23013386130332947
Darrington,2018-04-10,0.299,0.3062245547771454
SourdoughGulch_WA_985,2018-04-11,0.345,0.3334856927394867
Quinault,2018-04-11,0.227,0.2307083010673523
Touchet_WA_824,2018-04-11,0.204,0.19705480337142944
Spokane,2018-04-11,0.306,0.3047291040420532
Darrington,2018-04-11,0.293,0.29846644401550293
Darrington,2018-04-12,0.313,0.2983154356479645
Quinault,2018-04-12,0.209,0.22790969908237457
SourdoughGulch_WA_985,2018-04-12,0.343,0.3285653591156006
Touchet_WA_824,2018-04-12,0.21,0.19869574904441833
Spokane,2018-04-12,0.323,0.31228482723236084
Quinault,2018-04-13,0.248,0.2250732183456421
Darrington,2018-04-13,0.327,0.3088810443878174
Spokane,2018-04-13,0.315,0.31315767765045166
SourdoughGulch_WA_985,2018-04-13,0.341,0.3318924009799957
Touchet_WA_824,2018-04-13,0.213,0.19888563454151154
Touchet_WA_824,2018-04-14,0.209,0.1981450468301773
Darrington,2018-04-14,0.33,0.31430962681770325
SourdoughGulch_WA_985,2018-04-14,0.337,0.33114320039749146
Quinault,2018-04-14,0.22,0.2235163301229477
Spokane,2018-04-14,0.312,0.31315767765045166
Touchet_WA_824,2018-04-15,0.207,0.20421536266803741
Darrington,2018-04-15,0.311,0.31358611583709717
Quinault,2018-04-15,0.204,0.22168582677841187
Spokane,2018-04-15,0.313,0.3128253221511841
SourdoughGulch_WA_985,2018-04-15,0.338,0.3303118050098419
Spokane,2018-04-16,0.323,0.30709320306777954
SourdoughGulch_WA_985,2018-04-16,0.338,0.33157846331596375
Quinault,2018-04-16,0.233,0.21782764792442322
Touchet_WA_824,2018-04-16,0.21,0.20310577750205994
Darrington,2018-04-16,0.34,0.31317099928855896
Spokane,2018-04-17,0.313,0.30709320306777954
SourdoughGulch_WA_985,2018-04-17,0.343,0.33157846331596375
Darrington,2018-04-17,0.327,0.31170493364334106
Quinault,2018-04-17,0.214,0.21342621743679047
Touchet_WA_824,2018-04-17,0.225,0.20897667109966278
Touchet_WA_824,2018-04-18,0.221,0.2084045559167862
Spokane,2018-04-18,0.308,0.30689430236816406
SourdoughGulch_WA_985,2018-04-18,0.339,0.3318895399570465
Darrington,2018-04-18,0.292,0.2942337691783905
Quinault,2018-04-18,0.192,0.19317950308322906
Quinault,2018-04-19,0.179,0.1881496161222458
Touchet_WA_824,2018-04-19,0.216,0.2080395221710205
SourdoughGulch_WA_985,2018-04-19,0.337,0.32867860794067383
Spokane,2018-04-19,0.304,0.3031792640686035
Darrington,2018-04-19,0.273,0.28890088200569153
Touchet_WA_824,2018-04-20,0.213,0.20698235929012299
Quinault,2018-04-20,0.175,0.1959800124168396
SourdoughGulch_WA_985,2018-04-20,0.333,0.3260934352874756
Darrington,2018-04-20,0.26,0.2932768166065216
Spokane,2018-04-20,0.3,0.2993873059749603
Darrington,2018-04-21,0.301,0.29101279377937317
Quinault,2018-04-21,0.207,0.196719691157341
SourdoughGulch_WA_985,2018-04-21,0.333,0.3266841173171997
Spokane,2018-04-21,0.295,0.30093497037887573
Touchet_WA_824,2018-04-21,0.22,0.20376645028591156
Quinault,2018-04-22,0.184,0.18014776706695557
Touchet_WA_824,2018-04-22,0.235,0.20526334643363953
Spokane,2018-04-22,0.292,0.29309239983558655
SourdoughGulch_WA_985,2018-04-22,0.326,0.3265801966190338
Darrington,2018-04-22,0.273,0.2851642072200775
Touchet_WA_824,2018-04-23,0.238,0.23020465672016144
Spokane,2018-04-23,0.288,0.28381863236427307
SourdoughGulch_WA_985,2018-04-23,0.32,0.31799811124801636
Quinault,2018-04-23,0.173,0.1762978583574295
Darrington,2018-04-23,0.253,0.2753250300884247
Spokane,2018-04-24,0.284,0.2826393246650696
Darrington,2018-04-24,0.236,0.26227590441703796
Quinault,2018-04-24,0.164,0.16288971900939941
SourdoughGulch_WA_985,2018-04-24,0.316,0.3170715272426605
Touchet_WA_824,2018-04-24,0.238,0.23033446073532104
Darrington,2018-04-25,0.222,0.23610319197177887
Quinault,2018-04-25,0.157,0.14952412247657776
Touchet_WA_824,2018-04-25,0.244,0.22547276318073273
Spokane,2018-04-25,0.279,0.2813532054424286
SourdoughGulch_WA_985,2018-04-25,0.313,0.3141744136810303
Touchet_WA_824,2018-04-26,0.259,0.22642461955547333
Darrington,2018-04-26,0.208,0.2343793362379074
Spokane,2018-04-26,0.274,0.2760542035102844
Quinault,2018-04-26,0.15,0.14670906960964203
SourdoughGulch_WA_985,2018-04-26,0.307,0.309943825006485
SourdoughGulch_WA_985,2018-04-27,0.3,0.30914419889450073
Spokane,2018-04-27,0.268,0.27008599042892456
Touchet_WA_824,2018-04-27,0.266,0.22888314723968506
Quinault,2018-04-27,0.148,0.16180704534053802
Darrington,2018-04-27,0.197,0.24280788004398346
SourdoughGulch_WA_985,2018-04-28,0.293,0.31138303875923157
Spokane,2018-04-28,0.266,0.27746668457984924
Quinault,2018-04-28,0.199,0.18112052977085114
Touchet_WA_824,2018-04-28,0.273,0.23347800970077515
Darrington,2018-04-28,0.213,0.24422147870063782
Spokane,2018-04-29,0.264,0.2751959264278412
SourdoughGulch_WA_985,2018-04-29,0.281,0.3159734904766083
Darrington,2018-04-29,0.23,0.23604655265808105
Touchet_WA_824,2018-04-29,0.279,0.23885878920555115
Quinault,2018-04-29,0.181,0.17627392709255219
Spokane,2018-04-30,0.261,0.26721543073654175
Quinault,2018-04-30,0.172,0.17742584645748138
Touchet_WA_824,2018-04-30,0.261,0.2486351728439331
Darrington,2018-04-30,0.259,0.23543813824653625
SourdoughGulch_WA_985,2018-04-30,0.311,0.3106217086315155
Spokane,2018-05-01,0.257,0.2664797008037567
Quinault,2018-05-01,0.164,0.16481280326843262
Touchet_WA_824,2018-05-01,0.274,0.2518693506717682
Darrington,2018-05-01,0.253,0.23506410419940948
SourdoughGulch_WA_985,2018-05-01,0.312,0.3106217086315155
Quinault,2018-05-02,0.158,0.1514272540807724
Darrington,2018-05-02,0.232,0.2312137633562088
Touchet_WA_824,2018-05-02,0.275,0.2546181380748749
Spokane,2018-05-02,0.253,0.2642641067504883
SourdoughGulch_WA_985,2018-05-02,0.309,0.29916343092918396
Touchet_WA_824,2018-05-03,0.283,0.2578427791595459
Quinault,2018-05-03,0.15,0.15096385776996613
SourdoughGulch_WA_985,2018-05-03,0.306,0.2970593571662903
Spokane,2018-05-03,0.247,0.26053664088249207
Darrington,2018-05-03,0.214,0.22996576130390167
Spokane,2018-05-04,0.239,0.26058849692344666
SourdoughGulch_WA_985,2018-05-04,0.302,0.29798319935798645
Darrington,2018-05-04,0.203,0.23356829583644867
Quinault,2018-05-04,0.144,0.14619576930999756
Touchet_WA_824,2018-05-04,0.289,0.2617085576057434
Spokane,2018-05-05,0.233,0.23145414888858795
Quinault,2018-05-05,0.138,0.14059776067733765
Touchet_WA_824,2018-05-05,0.296,0.2591094374656677
SourdoughGulch_WA_985,2018-05-05,0.294,0.2979671359062195
Darrington,2018-05-05,0.192,0.23101982474327087
Quinault,2018-05-06,0.13,0.15000997483730316
Darrington,2018-05-06,0.182,0.23814231157302856
Touchet_WA_824,2018-05-06,0.295,0.2615036964416504
Spokane,2018-05-06,0.237,0.24519476294517517
SourdoughGulch_WA_985,2018-05-06,0.287,0.2988065779209137
Darrington,2018-05-07,0.183,0.24268925189971924
SourdoughGulch_WA_985,2018-05-07,0.28,0.3001828193664551
Quinault,2018-05-07,0.125,0.14105072617530823
Touchet_WA_824,2018-05-07,0.298,0.2765137851238251
Spokane,2018-05-07,0.253,0.245868980884552
Spokane,2018-05-08,0.244,0.2451430857181549
SourdoughGulch_WA_985,2018-05-08,0.283,0.3005756735801697
Darrington,2018-05-08,0.176,0.24180829524993896
Quinault,2018-05-08,0.126,0.14567320048809052
Touchet_WA_824,2018-05-08,0.298,0.2772158682346344
Spokane,2018-05-09,0.239,0.24538546800613403
SourdoughGulch_WA_985,2018-05-09,0.286,0.30208897590637207
Darrington,2018-05-09,0.229,0.2647995352745056
Quinault,2018-05-09,0.195,0.18017645180225372
Touchet_WA_824,2018-05-09,0.3,0.2744722068309784
SourdoughGulch_WA_985,2018-05-10,0.356,0.3080500066280365
Touchet_WA_824,2018-05-10,0.296,0.2735508978366852
Darrington,2018-05-10,0.267,0.2675788402557373
Spokane,2018-05-10,0.235,0.2476527839899063
Quinault,2018-05-10,0.193,0.1919708400964737
Spokane,2018-05-11,0.232,0.24668891727924347
Touchet_WA_824,2018-05-11,0.289,0.27321165800094604
Darrington,2018-05-11,0.259,0.2654477059841156
SourdoughGulch_WA_985,2018-05-11,0.346,0.3085128366947174
Quinault,2018-05-11,0.172,0.18277616798877716
Darrington,2018-05-12,0.234,0.2631569504737854
SourdoughGulch_WA_985,2018-05-12,0.341,0.3085128366947174
Quinault,2018-05-12,0.159,0.17654737830162048
Touchet_WA_824,2018-05-12,0.294,0.2688470482826233
Spokane,2018-05-12,0.225,0.2457786202430725
Quinault,2018-05-13,0.148,0.16815908253192902
SourdoughGulch_WA_985,2018-05-13,0.339,0.30518245697021484
Touchet_WA_824,2018-05-13,0.332,0.27333974838256836
Darrington,2018-05-13,0.209,0.2548125386238098
Spokane,2018-05-13,0.215,0.24401995539665222
SourdoughGulch_WA_985,2018-05-14,0.333,0.3045153021812439
Quinault,2018-05-14,0.137,0.14267274737358093
Touchet_WA_824,2018-05-14,0.277,0.253055214881897
Darrington,2018-05-14,0.187,0.22571717202663422
Spokane,2018-05-14,0.205,0.24129575490951538
Darrington,2018-05-15,0.168,0.15449929237365723
SourdoughGulch_WA_985,2018-05-15,0.324,0.29684698581695557
Touchet_WA_824,2018-05-15,0.247,0.2524220645427704
Quinault,2018-05-15,0.13,0.11606557667255402
Spokane,2018-05-15,0.194,0.21845030784606934
Darrington,2018-05-16,0.158,0.13999535143375397
SourdoughGulch_WA_985,2018-05-16,0.313,0.29140985012054443
Touchet_WA_824,2018-05-16,0.231,0.24985475838184357
Quinault,2018-05-16,0.129,0.12395516782999039
Spokane,2018-05-16,0.187,0.1920151263475418
Touchet_WA_824,2018-05-17,0.253,0.2440020889043808
Spokane,2018-05-17,0.225,0.20239044725894928
SourdoughGulch_WA_985,2018-05-17,0.311,0.3113308250904083
Quinault,2018-05-17,0.129,0.1110587939620018
Darrington,2018-05-17,0.155,0.13243728876113892
Spokane,2018-05-18,0.266,0.23536095023155212
Quinault,2018-05-18,0.128,0.10472624003887177
SourdoughGulch_WA_985,2018-05-18,0.351,0.3238145709037781
Darrington,2018-05-18,0.155,0.13070444762706757
Touchet_WA_824,2018-05-18,0.237,0.24682097136974335
SourdoughGulch_WA_985,2018-05-19,0.344,0.3255753815174103
Quinault,2018-05-19,0.127,0.10360529273748398
Spokane,2018-05-19,0.258,0.24597111344337463
Darrington,2018-05-19,0.154,0.15073171257972717
Touchet_WA_824,2018-05-19,0.227,0.24679981172084808
SourdoughGulch_WA_985,2018-05-20,0.343,0.32606130838394165
Darrington,2018-05-20,0.15,0.1550426483154297
Touchet_WA_824,2018-05-20,0.24,0.25076496601104736
Spokane,2018-05-20,0.248,0.24221271276474
Quinault,2018-05-20,0.125,0.09550964087247849
Touchet_WA_824,2018-05-21,0.314,0.2540946900844574
Darrington,2018-05-21,0.14,0.14068278670310974
Spokane,2018-05-21,0.239,0.23949743807315826
SourdoughGulch_WA_985,2018-05-21,0.352,0.331832617521286
Quinault,2018-05-21,0.122,0.09222745150327682
Touchet_WA_824,2018-05-22,0.251,0.24823081493377686
Darrington,2018-05-22,0.126,0.12707756459712982
Spokane,2018-05-22,0.228,0.23116150498390198
SourdoughGulch_WA_985,2018-05-22,0.349,0.33297380805015564
Quinault,2018-05-22,0.114,0.08958259224891663
Spokane,2018-05-23,0.219,0.23106509447097778
Quinault,2018-05-23,0.106,0.08187776058912277
SourdoughGulch_WA_985,2018-05-23,0.346,0.3332630693912506
Darrington,2018-05-23,0.112,0.13211998343467712
Touchet_WA_824,2018-05-23,0.226,0.235507994890213
SourdoughGulch_WA_985,2018-05-24,0.344,0.33328917622566223
Darrington,2018-05-24,0.101,0.1234113872051239
Touchet_WA_824,2018-05-24,0.214,0.2298458367586136
Spokane,2018-05-24,0.219,0.23093312978744507
Quinault,2018-05-24,0.1,0.07933177798986435
SourdoughGulch_WA_985,2018-05-25,0.347,0.33287370204925537
Spokane,2018-05-25,0.208,0.2226862907409668
Touchet_WA_824,2018-05-25,0.201,0.23594731092453003
Quinault,2018-05-25,0.093,0.07281947135925293
Darrington,2018-05-25,0.097,0.11435487866401672
Darrington,2018-05-26,0.093,0.1087864339351654
Quinault,2018-05-26,0.087,0.07066558301448822
SourdoughGulch_WA_985,2018-05-26,0.353,0.3328264355659485
Spokane,2018-05-26,0.198,0.21875183284282684
Touchet_WA_824,2018-05-26,0.192,0.23590245842933655
SourdoughGulch_WA_985,2018-05-27,0.357,0.33174580335617065
Darrington,2018-05-27,0.089,0.10275709629058838
Touchet_WA_824,2018-05-27,0.198,0.2265785038471222
Quinault,2018-05-27,0.081,0.06900575757026672
Spokane,2018-05-27,0.189,0.21422912180423737
Quinault,2018-05-28,0.076,0.07488279044628143
Touchet_WA_824,2018-05-28,0.181,0.22574321925640106
Spokane,2018-05-28,0.18,0.20292335748672485
SourdoughGulch_WA_985,2018-05-28,0.358,0.3315884470939636
Darrington,2018-05-28,0.086,0.10129667818546295
SourdoughGulch_WA_985,2018-05-29,0.357,0.342894583940506
Spokane,2018-05-29,0.171,0.18731847405433655
Touchet_WA_824,2018-05-29,0.169,0.18760482966899872
Darrington,2018-05-29,0.083,0.09517967700958252
Quinault,2018-05-29,0.072,0.07310840487480164
SourdoughGulch_WA_985,2018-05-30,0.355,0.34043464064598083
Darrington,2018-05-30,0.08,0.09036679565906525
Quinault,2018-05-30,0.067,0.07236483693122864
Touchet_WA_824,2018-05-30,0.159,0.18156148493289948
Spokane,2018-05-30,0.162,0.1746314913034439
Darrington,2018-05-31,0.078,0.08482657372951508
Quinault,2018-05-31,0.063,0.0695563554763794
SourdoughGulch_WA_985,2018-05-31,0.349,0.3365143835544586
Touchet_WA_824,2018-05-31,0.152,0.18248553574085236
Spokane,2018-05-31,0.156,0.16657577455043793
Spokane,2018-06-01,0.153,0.13019882142543793
Darrington,2018-06-01,0.078,0.08027569204568863
Touchet_WA_824,2018-06-01,0.161,0.18187770247459412
SourdoughGulch_WA_985,2018-06-01,0.347,0.3349570333957672
Quinault,2018-06-01,0.06,0.06952007114887238
Spokane,2018-06-02,0.146,0.12870869040489197
Quinault,2018-06-02,0.057,0.06755480170249939
Darrington,2018-06-02,0.076,0.0805477574467659
Touchet_WA_824,2018-06-02,0.16,0.1792837530374527
SourdoughGulch_WA_985,2018-06-02,0.347,0.33022692799568176
Quinault,2018-06-03,0.063,0.07855064421892166
Touchet_WA_824,2018-06-03,0.148,0.17878247797489166
Darrington,2018-06-03,0.074,0.10146655887365341
SourdoughGulch_WA_985,2018-06-03,0.349,0.3298472762107849
Spokane,2018-06-03,0.137,0.12622474133968353
SourdoughGulch_WA_985,2018-06-04,0.349,0.3371482491493225
Touchet_WA_824,2018-06-04,0.143,0.16282063722610474
Darrington,2018-06-04,0.075,0.0888586938381195
Spokane,2018-06-04,0.129,0.13875693082809448
Quinault,2018-06-04,0.069,0.07616592198610306
Touchet_WA_824,2018-06-05,0.153,0.16599667072296143
SourdoughGulch_WA_985,2018-06-05,0.347,0.3368527591228485
Quinault,2018-06-05,0.067,0.08093654364347458
Spokane,2018-06-05,0.122,0.1379266232252121
Darrington,2018-06-05,0.075,0.09142297506332397
Quinault,2018-06-06,0.072,0.0757351741194725
Darrington,2018-06-06,0.074,0.0890326052904129
Touchet_WA_824,2018-06-06,0.162,0.1614559143781662
Spokane,2018-06-06,0.114,0.13266527652740479
SourdoughGulch_WA_985,2018-06-06,0.345,0.3316915035247803
SourdoughGulch_WA_985,2018-06-07,0.346,0.3313363194465637
Touchet_WA_824,2018-06-07,0.152,0.14883571863174438
Quinault,2018-06-07,0.069,0.08129014819860458
Darrington,2018-06-07,0.073,0.08069854229688644
Spokane,2018-06-07,0.107,0.0979350283741951
Quinault,2018-06-08,0.118,0.14887410402297974
Touchet_WA_824,2018-06-08,0.146,0.1341661512851715
Darrington,2018-06-08,0.071,0.09808937460184097
SourdoughGulch_WA_985,2018-06-08,0.342,0.3284800052642822
Spokane,2018-06-08,0.099,0.09239181131124496
Touchet_WA_824,2018-06-09,0.137,0.17652460932731628
Darrington,2018-06-09,0.116,0.11591597646474838
Spokane,2018-06-09,0.095,0.11624711751937866
Quinault,2018-06-09,0.16,0.16357271373271942
SourdoughGulch_WA_985,2018-06-09,0.343,0.3280753493309021
SourdoughGulch_WA_985,2018-06-10,0.35,0.33331841230392456
Spokane,2018-06-10,0.104,0.11536051332950592
Darrington,2018-06-10,0.141,0.16497524082660675
Quinault,2018-06-10,0.177,0.18687483668327332
Touchet_WA_824,2018-06-10,0.258,0.18374678492546082
Spokane,2018-06-11,0.104,0.1109519824385643
Touchet_WA_824,2018-06-11,0.242,0.1852058470249176
Darrington,2018-06-11,0.168,0.17133261263370514
Quinault,2018-06-11,0.156,0.1743258833885193
SourdoughGulch_WA_985,2018-06-11,0.349,0.3346821069717407
Darrington,2018-06-12,0.148,0.1458008885383606
Quinault,2018-06-12,0.144,0.17403656244277954
Spokane,2018-06-12,0.101,0.10567902773618698
SourdoughGulch_WA_985,2018-06-12,0.349,0.3346448540687561
Touchet_WA_824,2018-06-12,0.227,0.18421369791030884
Darrington,2018-06-13,0.179,0.1727810502052307
Quinault,2018-06-13,0.183,0.17603212594985962
Spokane,2018-06-13,0.098,0.10261143743991852
SourdoughGulch_WA_985,2018-06-13,0.349,0.3276045322418213
Touchet_WA_824,2018-06-13,0.197,0.17911842465400696
Quinault,2018-06-14,0.173,0.17197051644325256
SourdoughGulch_WA_985,2018-06-14,0.346,0.328165203332901
Touchet_WA_824,2018-06-14,0.18,0.17742621898651123
Spokane,2018-06-14,0.093,0.09224872291088104
Darrington,2018-06-14,0.187,0.1658739447593689
Darrington,2018-06-15,0.167,0.15250623226165771
SourdoughGulch_WA_985,2018-06-15,0.341,0.32343828678131104
Spokane,2018-06-15,0.089,0.09004615247249603
Quinault,2018-06-15,0.164,0.17143376171588898
Touchet_WA_824,2018-06-15,0.171,0.16201017796993256
Quinault,2018-06-16,0.153,0.16904716193675995
Darrington,2018-06-16,0.146,0.14600960910320282
SourdoughGulch_WA_985,2018-06-16,0.337,0.32262304425239563
Spokane,2018-06-16,0.085,0.08967694640159607
Touchet_WA_824,2018-06-16,0.162,0.17386780679225922
Touchet_WA_824,2018-06-17,0.159,0.17876297235488892
Quinault,2018-06-17,0.14,0.1492731124162674
SourdoughGulch_WA_985,2018-06-17,0.327,0.31738781929016113
Spokane,2018-06-17,0.084,0.08950784802436829
Darrington,2018-06-17,0.125,0.10282541811466217
SourdoughGulch_WA_985,2018-06-18,0.33,0.32558152079582214
Spokane,2018-06-18,0.08,0.101481132209301
Quinault,2018-06-18,0.13,0.13494722545146942
Darrington,2018-06-18,0.105,0.09365721791982651
Touchet_WA_824,2018-06-18,0.157,0.18889090418815613
Touchet_WA_824,2018-06-19,0.199,0.19408652186393738
Darrington,2018-06-19,0.091,0.09149148315191269
Quinault,2018-06-19,0.121,0.12392612546682358
Spokane,2018-06-19,0.08,0.101481132209301
SourdoughGulch_WA_985,2018-06-19,0.329,0.3283523917198181
SourdoughGulch_WA_985,2018-06-20,0.345,0.3301764130592346
Quinault,2018-06-20,0.113,0.1105378121137619
Darrington,2018-06-20,0.083,0.08859031647443771
Spokane,2018-06-20,0.078,0.0908571407198906
Touchet_WA_824,2018-06-20,0.215,0.1859227567911148
Spokane,2018-06-21,0.079,0.09073587507009506
Darrington,2018-06-21,0.078,0.0846102312207222
Quinault,2018-06-21,0.107,0.10539349913597107
Touchet_WA_824,2018-06-21,0.198,0.18398599326610565
SourdoughGulch_WA_985,2018-06-21,0.345,0.3302590548992157
Touchet_WA_824,2018-06-22,0.242,0.17838063836097717
SourdoughGulch_WA_985,2018-06-22,0.358,0.3302294611930847
Spokane,2018-06-22,0.1,0.0895194411277771
Quinault,2018-06-22,0.104,0.10504254698753357
Darrington,2018-06-22,0.074,0.08026453107595444
Touchet_WA_824,2018-06-23,0.202,0.17432959377765656
Darrington,2018-06-23,0.072,0.08026614040136337
Spokane,2018-06-23,0.098,0.08837417513132095
Quinault,2018-06-23,0.097,0.1052195355296135
SourdoughGulch_WA_985,2018-06-23,0.353,0.3301181197166443
Spokane,2018-06-24,0.094,0.08937963843345642
Darrington,2018-06-24,0.07,0.08193784952163696
Quinault,2018-06-24,0.09,0.10355083644390106
Touchet_WA_824,2018-06-24,0.185,0.15615825355052948
SourdoughGulch_WA_985,2018-06-24,0.352,0.3237827718257904
SourdoughGulch_WA_985,2018-06-25,0.361,0.32106685638427734
Darrington,2018-06-25,0.101,0.12400616705417633
Spokane,2018-06-25,0.089,0.08414284139871597
Touchet_WA_824,2018-06-25,0.172,0.145420104265213
Quinault,2018-06-25,0.088,0.10224781930446625
Spokane,2018-06-26,0.082,0.08131834119558334
Quinault,2018-06-26,0.085,0.10042411088943481
SourdoughGulch_WA_985,2018-06-26,0.356,0.3107803463935852
Darrington,2018-06-26,0.123,0.12776504456996918
Touchet_WA_824,2018-06-26,0.157,0.1388803869485855
SourdoughGulch_WA_985,2018-06-27,0.352,0.3253069818019867
Spokane,2018-06-27,0.078,0.08102703839540482
Quinault,2018-06-27,0.081,0.10719551891088486
Touchet_WA_824,2018-06-27,0.148,0.1353251188993454
Darrington,2018-06-27,0.117,0.11683187633752823
Darrington,2018-06-28,0.111,0.11416860669851303
Spokane,2018-06-28,0.073,0.0767345204949379
Quinault,2018-06-28,0.078,0.10410559177398682
Touchet_WA_824,2018-06-28,0.134,0.12241800129413605
SourdoughGulch_WA_985,2018-06-28,0.349,0.3051486313343048
Darrington,2018-06-29,0.109,0.10289404541254044
Quinault,2018-06-29,0.076,0.09913568943738937
Touchet_WA_824,2018-06-29,0.124,0.1223335713148117
Spokane,2018-06-29,0.07,0.06357360631227493
SourdoughGulch_WA_985,2018-06-29,0.339,0.30561384558677673
SourdoughGulch_WA_985,2018-06-30,0.333,0.30288031697273254
Darrington,2018-06-30,0.133,0.12462472915649414
Touchet_WA_824,2018-06-30,0.114,0.10975980758666992
Quinault,2018-06-30,0.073,0.10448586195707321
Spokane,2018-06-30,0.066,0.06354345381259918
SourdoughGulch_WA_985,2018-07-01,0.329,0.3028569519519806
Touchet_WA_824,2018-07-01,0.107,0.10813534259796143
Darrington,2018-07-01,0.16,0.14042416214942932
Spokane,2018-07-01,0.064,0.0632200762629509
Quinault,2018-07-01,0.075,0.10698553174734116
SourdoughGulch_WA_985,2018-07-02,0.33,0.30306288599967957
Quinault,2018-07-02,0.073,0.10832139849662781
Touchet_WA_824,2018-07-02,0.1,0.1018950492143631
Darrington,2018-07-02,0.159,0.14471402764320374
Spokane,2018-07-02,0.06,0.058713752776384354
Touchet_WA_824,2018-07-03,0.088,0.09939106553792953
Quinault,2018-07-03,0.069,0.1029946357011795
SourdoughGulch_WA_985,2018-07-03,0.324,0.2981569468975067
Darrington,2018-07-03,0.149,0.13558942079544067
Spokane,2018-07-03,0.058,0.054224852472543716
Darrington,2018-07-04,0.132,0.10896829515695572
Touchet_WA_824,2018-07-04,0.082,0.09898639470338821
Quinault,2018-07-04,0.065,0.1017046794295311
Spokane,2018-07-04,0.057,0.060147475451231
SourdoughGulch_WA_985,2018-07-04,0.315,0.29240503907203674
Spokane,2018-07-05,0.056,0.057878270745277405
Quinault,2018-07-05,0.063,0.10031913220882416
Darrington,2018-07-05,0.116,0.10627410560846329
SourdoughGulch_WA_985,2018-07-05,0.318,0.2913350462913513
Touchet_WA_824,2018-07-05,0.072,0.09148085117340088
SourdoughGulch_WA_985,2018-07-06,0.321,0.2699926793575287
Touchet_WA_824,2018-07-06,0.06,0.06451249122619629
Darrington,2018-07-06,0.106,0.12093044817447662
Quinault,2018-07-06,0.062,0.13015705347061157
Spokane,2018-07-06,0.053,0.057878270745277405
Touchet_WA_824,2018-07-07,0.047,0.05037129297852516
Quinault,2018-07-07,0.07,0.14546164870262146
SourdoughGulch_WA_985,2018-07-07,0.307,0.272535502910614
Spokane,2018-07-07,0.05,0.05417199805378914
Darrington,2018-07-07,0.123,0.13977763056755066
Touchet_WA_824,2018-07-08,0.038,0.043638646602630615
Quinault,2018-07-08,0.07,0.13234107196331024
Spokane,2018-07-08,0.046,0.05051456019282341
SourdoughGulch_WA_985,2018-07-08,0.309,0.2651982307434082
Darrington,2018-07-08,0.116,0.12450172752141953
Darrington,2018-07-09,0.104,0.12109294533729553
Touchet_WA_824,2018-07-09,0.033,0.03829069063067436
SourdoughGulch_WA_985,2018-07-09,0.309,0.27915406227111816
Quinault,2018-07-09,0.067,0.13490206003189087
Spokane,2018-07-09,0.043,0.05289578065276146
Quinault,2018-07-10,0.065,0.11977128684520721
SourdoughGulch_WA_985,2018-07-10,0.309,0.273063063621521
Spokane,2018-07-10,0.04,0.05237514153122902
Darrington,2018-07-10,0.097,0.10350235551595688
Touchet_WA_824,2018-07-10,0.03,0.019977852702140808
Darrington,2018-07-11,0.092,0.10022212564945221
Touchet_WA_824,2018-07-11,0.02,0.018789665773510933
Quinault,2018-07-11,0.061,0.11877654492855072
Spokane,2018-07-11,0.038,0.04975133016705513
SourdoughGulch_WA_985,2018-07-11,0.303,0.2769538164138794
SourdoughGulch_WA_985,2018-07-12,0.301,0.28054434061050415
Spokane,2018-07-12,0.037,0.049606803804636
Quinault,2018-07-12,0.055,0.11636003851890564
Touchet_WA_824,2018-07-12,0.02,0.018266187980771065
Darrington,2018-07-12,0.084,0.10154929757118225
SourdoughGulch_WA_985,2018-07-13,0.298,0.2745172381401062
Spokane,2018-07-13,0.035,0.04557567834854126
Touchet_WA_824,2018-07-13,0.018,0.010708828456699848
Darrington,2018-07-13,0.077,0.09760256856679916
Quinault,2018-07-13,0.051,0.11307907104492188
SourdoughGulch_WA_985,2018-07-14,0.297,0.2763543128967285
Touchet_WA_824,2018-07-14,0.016,0.010342300869524479
Spokane,2018-07-14,0.034,0.04477366432547569
Quinault,2018-07-14,0.046,0.09914617240428925
Darrington,2018-07-14,0.072,0.08801576495170593
SourdoughGulch_WA_985,2018-07-15,0.291,0.27262401580810547
Spokane,2018-07-15,0.031,0.04316583275794983
Quinault,2018-07-15,0.042,0.09383807331323624
Touchet_WA_824,2018-07-15,0.012,0.008209055289626122
Darrington,2018-07-15,0.068,0.08122988790273666
Spokane,2018-07-16,0.03,0.04315919801592827
Quinault,2018-07-16,0.039,0.09268911182880402
Touchet_WA_824,2018-07-16,0.008,0.006876387167721987
SourdoughGulch_WA_985,2018-07-16,0.282,0.2654205560684204
Darrington,2018-07-16,0.065,0.08190223574638367
SourdoughGulch_WA_985,2018-07-17,0.277,0.25069332122802734
Touchet_WA_824,2018-07-17,0.005,0.006876387167721987
Darrington,2018-07-17,0.062,0.07368495315313339
Quinault,2018-07-17,0.036,0.08725420385599136
Spokane,2018-07-17,0.029,0.043752968311309814
Spokane,2018-07-18,0.028,0.03706606104969978
SourdoughGulch_WA_985,2018-07-18,0.274,0.2137765884399414
Darrington,2018-07-18,0.059,0.06992243975400925
Quinault,2018-07-18,0.035,0.08585886657238007
Touchet_WA_824,2018-07-18,0.007,0.0029228373896330595
Spokane,2018-07-19,0.027,0.035978641360998154
SourdoughGulch_WA_985,2018-07-19,0.267,0.2137765884399414
Quinault,2018-07-19,0.034,0.07258761674165726
Touchet_WA_824,2018-07-19,0.0,-0.002300415886566043
Darrington,2018-07-19,0.057,0.06968455761671066
Darrington,2018-07-20,0.056,0.06437235325574875
Touchet_WA_824,2018-07-20,0.0,-0.0032325435895472765
Spokane,2018-07-20,0.026,0.031477462500333786
SourdoughGulch_WA_985,2018-07-20,0.259,0.2137765884399414
Quinault,2018-07-20,0.031,0.062193501740694046
Quinault,2018-07-21,0.03,0.05505291000008583
Spokane,2018-07-21,0.026,0.031477462500333786
SourdoughGulch_WA_985,2018-07-21,0.249,0.2117106318473816
Darrington,2018-07-21,0.054,0.05505417287349701
Touchet_WA_824,2018-07-21,0.0,-0.0036487511824816465
Touchet_WA_824,2018-07-22,0.0,-0.0032187446486204863
Darrington,2018-07-22,0.052,0.04813988506793976
Quinault,2018-07-22,0.031,0.05391587316989899
Spokane,2018-07-22,0.025,0.029365453869104385
SourdoughGulch_WA_985,2018-07-22,0.238,0.21130181849002838
SourdoughGulch_WA_985,2018-07-23,0.233,0.18147586286067963
Touchet_WA_824,2018-07-23,0.0,-0.0015410153428092599
Darrington,2018-07-23,0.05,0.0477588064968586
Quinault,2018-07-23,0.029,0.055752869695425034
Spokane,2018-07-23,0.025,0.02811320126056671
Spokane,2018-07-24,0.025,0.02811320126056671
SourdoughGulch_WA_985,2018-07-24,0.227,0.18088340759277344
Darrington,2018-07-24,0.048,0.04851118102669716
Touchet_WA_824,2018-07-24,0.0,-0.0015410153428092599
Quinault,2018-07-24,0.028,0.05411970987915993
Spokane,2018-07-25,0.024,0.028113139793276787
Quinault,2018-07-25,0.026,0.04470904543995857
SourdoughGulch_WA_985,2018-07-25,0.22,0.17086194455623627
Touchet_WA_824,2018-07-25,0.0,-0.0015410153428092599
Darrington,2018-07-25,0.047,0.04904418811202049
SourdoughGulch_WA_985,2018-07-26,0.214,0.17086194455623627
Touchet_WA_824,2018-07-26,0.0,-0.0015410153428092599
Darrington,2018-07-26,0.045,0.04454227536916733
Spokane,2018-07-26,0.024,0.02600078471004963
Quinault,2018-07-26,0.026,0.041046056896448135
SourdoughGulch_WA_985,2018-07-27,0.203,0.17029564082622528
Darrington,2018-07-27,0.044,0.03726332262158394
Quinault,2018-07-27,0.025,0.04128086566925049
Spokane,2018-07-27,0.024,0.02600078471004963
Touchet_WA_824,2018-07-27,0.0,-0.0015410153428092599
Quinault,2018-07-28,0.024,0.03746446222066879
SourdoughGulch_WA_985,2018-07-28,0.193,0.16021358966827393
Touchet_WA_824,2018-07-28,0.0,-0.0015410153428092599
Darrington,2018-07-28,0.043,0.03798368573188782
Spokane,2018-07-28,0.024,0.025784293189644814
Darrington,2018-07-29,0.041,0.03573531657457352
Touchet_WA_824,2018-07-29,0.0,-0.0017321285558864474
Quinault,2018-07-29,0.024,0.029347525909543037
SourdoughGulch_WA_985,2018-07-29,0.182,0.15356561541557312
Spokane,2018-07-29,0.023,0.025784293189644814
Quinault,2018-07-30,0.023,0.026832515373826027
SourdoughGulch_WA_985,2018-07-30,0.178,0.14867046475410461
Touchet_WA_824,2018-07-30,0.0,-0.0019866658840328455
Darrington,2018-07-30,0.04,0.027201421558856964
Spokane,2018-07-30,0.023,0.02523430809378624
Quinault,2018-07-31,0.022,0.026644321158528328
Touchet_WA_824,2018-07-31,0.0,-0.0013616954674944282
Spokane,2018-07-31,0.023,0.026627294719219208
SourdoughGulch_WA_985,2018-07-31,0.171,0.14333772659301758
Darrington,2018-07-31,0.038,0.02686159312725067
Quinault,2018-08-01,0.022,0.024379156529903412
Touchet_WA_824,2018-08-01,0.0,-0.000549561227671802
Darrington,2018-08-01,0.036,0.02686159312725067
Spokane,2018-08-01,0.022,0.026627294719219208
SourdoughGulch_WA_985,2018-08-01,0.163,0.11187151074409485
Spokane,2018-08-02,0.022,0.02532309852540493
Touchet_WA_824,2018-08-02,0.0,-0.000549561227671802
SourdoughGulch_WA_985,2018-08-02,0.158,0.11290399730205536
Darrington,2018-08-02,0.036,0.028552737087011337
Quinault,2018-08-02,0.021,0.03514638543128967
Darrington,2018-08-03,0.036,0.03127248212695122
Quinault,2018-08-03,0.021,0.04327298700809479
Touchet_WA_824,2018-08-03,0.0,-0.00039929276681505144
Spokane,2018-08-03,0.021,0.02532309852540493
SourdoughGulch_WA_985,2018-08-03,0.152,0.11290399730205536
Darrington,2018-08-04,0.035,0.029410487040877342
SourdoughGulch_WA_985,2018-08-04,0.146,0.11181658506393433
Spokane,2018-08-04,0.021,0.02532309852540493
Quinault,2018-08-04,0.022,0.03986717760562897
Touchet_WA_824,2018-08-04,0.0,0.0007260091952048242
SourdoughGulch_WA_985,2018-08-05,0.139,0.11432187259197235
Touchet_WA_824,2018-08-05,0.0,0.0007260091952048242
Spokane,2018-08-05,0.021,0.02532309852540493
Quinault,2018-08-05,0.022,0.04010533168911934
Darrington,2018-08-05,0.035,0.029315626248717308
Touchet_WA_824,2018-08-06,0.0,0.0007991605089046061
Spokane,2018-08-06,0.021,0.027174098417162895
Quinault,2018-08-06,0.021,0.04208292067050934
Darrington,2018-08-06,0.033,0.024126484990119934
SourdoughGulch_WA_985,2018-08-06,0.134,0.1035885289311409
SourdoughGulch_WA_985,2018-08-07,0.131,0.10057687759399414
Darrington,2018-08-07,0.032,0.022657424211502075
Spokane,2018-08-07,0.021,0.027174098417162895
Touchet_WA_824,2018-08-07,0.0,-0.000297432387014851
Quinault,2018-08-07,0.021,0.042827483266592026
SourdoughGulch_WA_985,2018-08-08,0.13,0.09898370504379272
Darrington,2018-08-08,0.031,0.021256348118185997
Touchet_WA_824,2018-08-08,0.0,-0.0015171193517744541
Quinault,2018-08-08,0.023,0.039801325649023056
Spokane,2018-08-08,0.021,0.026129284873604774
Darrington,2018-08-09,0.03,0.01964300125837326
Touchet_WA_824,2018-08-09,0.0,-0.0015171193517744541
Quinault,2018-08-09,0.021,0.04156528040766716
SourdoughGulch_WA_985,2018-08-09,0.13,0.09898370504379272
Spokane,2018-08-09,0.02,0.026129284873604774
SourdoughGulch_WA_985,2018-08-10,0.125,0.09655894339084625
Darrington,2018-08-10,0.029,0.019944269210100174
Spokane,2018-08-10,0.021,0.026129284873604774
Touchet_WA_824,2018-08-10,0.0,-0.0018295212648808956
Quinault,2018-08-10,0.024,0.03818513825535774
Touchet_WA_824,2018-08-11,0.0,-0.0018295212648808956
SourdoughGulch_WA_985,2018-08-11,0.125,0.09469099342823029
Spokane,2018-08-11,0.021,0.026129284873604774
Darrington,2018-08-11,0.028,0.04242673143744469
Quinault,2018-08-11,0.111,0.09404006600379944
Spokane,2018-08-12,0.019,0.026129284873604774
Quinault,2018-08-12,0.131,0.11121450364589691
Touchet_WA_824,2018-08-12,0.0,-0.0018295212648808956
Darrington,2018-08-12,0.031,0.04714849218726158
SourdoughGulch_WA_985,2018-08-12,0.114,0.09228915721178055
Spokane,2018-08-13,0.019,0.026807798072695732
Touchet_WA_824,2018-08-13,0.0,-0.0021453453227877617
Darrington,2018-08-13,0.033,0.042879730463027954
Quinault,2018-08-13,0.121,0.11696641892194748
SourdoughGulch_WA_985,2018-08-13,0.109,0.09177184104919434
Darrington,2018-08-14,0.035,0.040103040635585785
Touchet_WA_824,2018-08-14,0.0,-0.0021453453227877617
Spokane,2018-08-14,0.019,0.026317058131098747
SourdoughGulch_WA_985,2018-08-14,0.107,0.09177184104919434
Quinault,2018-08-14,0.115,0.11807412654161453
SourdoughGulch_WA_985,2018-08-15,0.099,0.09034927934408188
Darrington,2018-08-15,0.034,0.037211593240499496
Touchet_WA_824,2018-08-15,0.0,-0.003384500276297331
Quinault,2018-08-15,0.11,0.10879050195217133
Spokane,2018-08-15,0.019,0.024696601554751396
Spokane,2018-08-16,0.019,0.024696601554751396
Touchet_WA_824,2018-08-16,0.0,-0.002327755093574524
SourdoughGulch_WA_985,2018-08-16,0.103,0.09034927934408188
Darrington,2018-08-16,0.034,0.03349138796329498
Quinault,2018-08-16,0.107,0.10776710510253906
Quinault,2018-08-17,0.103,0.10756128281354904
Spokane,2018-08-17,0.02,0.024696601554751396
Touchet_WA_824,2018-08-17,0.0,-0.0007592765614390373
SourdoughGulch_WA_985,2018-08-17,0.102,0.08855694532394409
Darrington,2018-08-17,0.032,0.0366586409509182
Quinault,2018-08-18,0.099,0.10126879811286926
SourdoughGulch_WA_985,2018-08-18,0.097,0.08734174817800522
Darrington,2018-08-18,0.03,0.025148477405309677
Spokane,2018-08-18,0.019,0.024696601554751396
Touchet_WA_824,2018-08-18,0.0,-0.0005681634647771716
Quinault,2018-08-19,0.095,0.08981940895318985
Touchet_WA_824,2018-08-19,0.0,-0.0004950128495693207
SourdoughGulch_WA_985,2018-08-19,0.093,0.08741489797830582
Darrington,2018-08-19,0.029,0.022934652864933014
Spokane,2018-08-19,0.018,0.024696601554751396
Quinault,2018-08-20,0.091,0.09427523612976074
SourdoughGulch_WA_985,2018-08-20,0.099,0.07906243950128555
Spokane,2018-08-20,0.017,0.02208735980093479
Touchet_WA_824,2018-08-20,0.0,0.004929548129439354
Darrington,2018-08-20,0.029,0.02496730163693428
Touchet_WA_824,2018-08-21,0.0,0.0037675064522773027
Spokane,2018-08-21,0.018,0.022578099742531776
SourdoughGulch_WA_985,2018-08-21,0.085,0.07998158782720566
Quinault,2018-08-21,0.088,0.08499666303396225
Darrington,2018-08-21,0.029,0.025932665914297104
Spokane,2018-08-22,0.018,0.02339818887412548
Quinault,2018-08-22,0.085,0.06625654548406601
Darrington,2018-08-22,0.029,0.022580724209547043
Touchet_WA_824,2018-08-22,0.0,0.0037675064522773027
SourdoughGulch_WA_985,2018-08-22,0.082,0.07656828314065933
SourdoughGulch_WA_985,2018-08-23,0.088,0.07659483700990677
Quinault,2018-08-23,0.081,0.06208193674683571
Touchet_WA_824,2018-08-23,0.0,0.0037675064522773027
Spokane,2018-08-23,0.017,0.02339818887412548
Darrington,2018-08-23,0.027,0.018358197063207626
Touchet_WA_824,2018-08-24,0.0,0.005426701158285141
Quinault,2018-08-24,0.078,0.06208193674683571
Spokane,2018-08-24,0.018,0.02205226756632328
Darrington,2018-08-24,0.026,0.023209918290376663
SourdoughGulch_WA_985,2018-08-24,0.083,0.07659483700990677
Darrington,2018-08-25,0.027,0.0282626710832119
SourdoughGulch_WA_985,2018-08-25,0.083,0.07659483700990677
Spokane,2018-08-25,0.016,0.02205226756632328
Quinault,2018-08-25,0.076,0.06353220343589783
Touchet_WA_824,2018-08-25,0.0,0.006232689134776592
Spokane,2018-08-26,0.017,0.023024873808026314
SourdoughGulch_WA_985,2018-08-26,0.079,0.07610214501619339
Quinault,2018-08-26,0.084,0.077850341796875
Touchet_WA_824,2018-08-26,0.0,0.0178994070738554
Darrington,2018-08-26,0.028,0.05168994888663292
Darrington,2018-08-27,0.033,0.0582939013838768
SourdoughGulch_WA_985,2018-08-27,0.069,0.0665556937456131
Quinault,2018-08-27,0.1,0.07464993000030518
Touchet_WA_824,2018-08-27,0.0,0.06967470794916153
Spokane,2018-08-27,0.018,0.02688344195485115
Quinault,2018-08-28,0.095,0.07800056040287018
Darrington,2018-08-28,0.036,0.05307523161172867
Spokane,2018-08-28,0.02,0.02696344256401062
Touchet_WA_824,2018-08-28,0.117,0.07632824033498764
SourdoughGulch_WA_985,2018-08-28,0.075,0.06687350571155548
SourdoughGulch_WA_985,2018-08-29,0.078,0.06924571841955185
Touchet_WA_824,2018-08-29,0.104,0.08320523053407669
Darrington,2018-08-29,0.037,0.048268064856529236
Quinault,2018-08-29,0.09,0.07410582900047302
Spokane,2018-08-29,0.024,0.025457018986344337
Spokane,2018-08-30,0.027,0.025457018986344337
Quinault,2018-08-30,0.105,0.07762835919857025
Touchet_WA_824,2018-08-30,0.092,0.0777234360575676
Darrington,2018-08-30,0.037,0.04683217033743858
SourdoughGulch_WA_985,2018-08-30,0.078,0.07866845279932022
Darrington,2018-08-31,0.038,0.047414038330316544
SourdoughGulch_WA_985,2018-08-31,0.082,0.08211586624383926
Touchet_WA_824,2018-08-31,0.075,0.06764575839042664
Spokane,2018-08-31,0.028,0.024116188287734985
Quinault,2018-08-31,0.143,0.07595361769199371
Darrington,2018-09-01,0.038,0.04607239365577698
SourdoughGulch_WA_985,2018-09-01,0.087,0.08516015112400055
Quinault,2018-09-01,0.123,0.07602676749229431
Spokane,2018-09-01,0.029,0.024325622245669365
Touchet_WA_824,2018-09-01,0.071,0.0641351267695427
SourdoughGulch_WA_985,2018-09-02,0.091,0.08404059708118439
Quinault,2018-09-02,0.111,0.07353290170431137
Spokane,2018-09-02,0.028,0.024325622245669365
Darrington,2018-09-02,0.037,0.0379435196518898
Touchet_WA_824,2018-09-02,0.066,0.059830330312252045
Quinault,2018-09-03,0.103,0.07014849036931992
Spokane,2018-09-03,0.027,0.023884199559688568
Touchet_WA_824,2018-09-03,0.06,0.0416422113776207
Darrington,2018-09-03,0.036,0.044758543372154236
SourdoughGulch_WA_985,2018-09-03,0.091,0.09885294735431671
SourdoughGulch_WA_985,2018-09-04,0.09,0.09776827692985535
Touchet_WA_824,2018-09-04,0.058,0.0331309512257576
Spokane,2018-09-04,0.025,0.023623447865247726
Quinault,2018-09-04,0.096,0.06628920882940292
Darrington,2018-09-04,0.034,0.042638421058654785
Darrington,2018-09-05,0.032,0.03955281525850296
Touchet_WA_824,2018-09-05,0.053,0.0331309512257576
SourdoughGulch_WA_985,2018-09-05,0.093,0.09541376680135727
Spokane,2018-09-05,0.023,0.02542940154671669
Quinault,2018-09-05,0.09,0.06369133293628693
SourdoughGulch_WA_985,2018-09-06,0.093,0.0939379557967186
Spokane,2018-09-06,0.023,0.02542940154671669
Darrington,2018-09-06,0.032,0.034590937197208405
Quinault,2018-09-06,0.085,0.06569372117519379
Touchet_WA_824,2018-09-06,0.051,0.03188549727201462
Quinault,2018-09-07,0.094,0.10048358142375946
Darrington,2018-09-07,0.03,0.03418142348527908
Spokane,2018-09-07,0.021,0.02542940154671669
Touchet_WA_824,2018-09-07,0.049,0.029573677107691765
SourdoughGulch_WA_985,2018-09-07,0.097,0.0929020419716835
Spokane,2018-09-08,0.021,0.024125205352902412
Touchet_WA_824,2018-09-08,0.044,0.03051654063165188
SourdoughGulch_WA_985,2018-09-08,0.095,0.09233573824167252
Quinault,2018-09-08,0.158,0.11287951469421387
Darrington,2018-09-08,0.046,0.0530681274831295
SourdoughGulch_WA_985,2018-09-09,0.092,0.09194789081811905
Quinault,2018-09-09,0.175,0.1759292632341385
Spokane,2018-09-09,0.021,0.024125205352902412
Touchet_WA_824,2018-09-09,0.033,0.023521609604358673
Darrington,2018-09-09,0.056,0.08595841377973557
Quinault,2018-09-10,0.186,0.18039648234844208
Spokane,2018-09-10,0.019,0.022770550101995468
Touchet_WA_824,2018-09-10,0.031,0.022304924204945564
SourdoughGulch_WA_985,2018-09-10,0.087,0.08533962815999985
Darrington,2018-09-10,0.107,0.11265519261360168
SourdoughGulch_WA_985,2018-09-11,0.087,0.08526647835969925
Darrington,2018-09-11,0.137,0.13481222093105316
Touchet_WA_824,2018-09-11,0.022,0.0218284260481596
Quinault,2018-09-11,0.201,0.18794859945774078
Spokane,2018-09-11,0.018,0.022770550101995468
Touchet_WA_824,2018-09-12,0.017,0.02060629241168499
SourdoughGulch_WA_985,2018-09-12,0.078,0.08239997178316116
Quinault,2018-09-12,0.174,0.18744707107543945
Darrington,2018-09-12,0.141,0.14239956438541412
Spokane,2018-09-12,0.017,0.022770550101995468
Quinault,2018-09-13,0.162,0.1828673779964447
SourdoughGulch_WA_985,2018-09-13,0.073,0.0798693597316742
Spokane,2018-09-13,0.017,0.022770550101995468
Touchet_WA_824,2018-09-13,0.016,0.02060629241168499
Darrington,2018-09-13,0.178,0.14432276785373688
SourdoughGulch_WA_985,2018-09-14,0.07,0.07800056040287018
Darrington,2018-09-14,0.205,0.15128323435783386
Spokane,2018-09-14,0.017,0.02256111614406109
Quinault,2018-09-14,0.162,0.1807778924703598
Touchet_WA_824,2018-09-14,0.015,0.01863069273531437
Quinault,2018-09-15,0.209,0.18491701781749725
Darrington,2018-09-15,0.2,0.16091600060462952
Spokane,2018-09-15,0.018,0.02256111614406109
SourdoughGulch_WA_985,2018-09-15,0.073,0.0769973173737526
Touchet_WA_824,2018-09-15,0.011,0.0168228168040514
Touchet_WA_824,2018-09-16,0.005,0.02707820199429989
Darrington,2018-09-16,0.233,0.21004930138587952
Quinault,2018-09-16,0.204,0.20337830483913422
Spokane,2018-09-16,0.019,0.02350606769323349
SourdoughGulch_WA_985,2018-09-16,0.078,0.07836892455816269
Quinault,2018-09-17,0.168,0.18059201538562775
Spokane,2018-09-17,0.018,0.02610766887664795
Touchet_WA_824,2018-09-17,0.005,0.020118791610002518
Darrington,2018-09-17,0.236,0.21168771386146545
SourdoughGulch_WA_985,2018-09-17,0.074,0.08196333795785904
SourdoughGulch_WA_985,2018-09-18,0.078,0.08138751238584518
Touchet_WA_824,2018-09-18,0.003,0.01652819663286209
Spokane,2018-09-18,0.018,0.026180818676948547
Quinault,2018-09-18,0.155,0.17723041772842407
Darrington,2018-09-18,0.206,0.19607612490653992
Spokane,2018-09-19,0.017,0.02641971781849861
SourdoughGulch_WA_985,2018-09-19,0.071,0.08261162787675858
Quinault,2018-09-19,0.148,0.18624459207057953
Touchet_WA_824,2018-09-19,0.006,0.015588337555527687
Darrington,2018-09-19,0.194,0.18763300776481628
SourdoughGulch_WA_985,2018-09-20,0.075,0.08846686035394669
Darrington,2018-09-20,0.194,0.19006270170211792
Quinault,2018-09-20,0.161,0.18248838186264038
Touchet_WA_824,2018-09-20,0.001,0.012258264236152172
Spokane,2018-09-20,0.017,0.025767872110009193
Touchet_WA_824,2018-09-21,0.0,0.010546124540269375
SourdoughGulch_WA_985,2018-09-21,0.07,0.08869854360818863
Spokane,2018-09-21,0.017,0.025767872110009193
Quinault,2018-09-21,0.201,0.19269420206546783
Darrington,2018-09-21,0.258,0.22222107648849487
Quinault,2018-09-22,0.195,0.19381551444530487
Touchet_WA_824,2018-09-22,0.0,0.011255117133259773
Spokane,2018-09-22,0.018,0.026251891627907753
Darrington,2018-09-22,0.288,0.2519415616989136
SourdoughGulch_WA_985,2018-09-22,0.077,0.0879734605550766
Quinault,2018-09-23,0.166,0.17870190739631653
Darrington,2018-09-23,0.254,0.25168079137802124
Touchet_WA_824,2018-09-23,0.0,0.02148437686264515
SourdoughGulch_WA_985,2018-09-23,0.071,0.08732405304908752
SourdoughGulch_WA_985,2018-09-24,0.066,0.08168354630470276
Spokane,2018-09-24,0.017,0.02704775147140026
Darrington,2018-09-24,0.232,0.24385672807693481
Quinault,2018-09-24,0.157,0.1733769029378891
Touchet_WA_824,2018-09-24,0.0,0.020781135186553
Spokane,2018-09-25,0.015,0.02736777812242508
Darrington,2018-09-25,0.22,0.23408612608909607
SourdoughGulch_WA_985,2018-09-25,0.067,0.08214984834194183
Touchet_WA_824,2018-09-25,0.0,0.016585078090429306
Quinault,2018-09-25,0.149,0.17084859311580658
Darrington,2018-09-26,0.214,0.2182617038488388
Spokane,2018-09-26,0.015,0.02736777812242508
Touchet_WA_824,2018-09-26,0.0,0.012949250638484955
Quinault,2018-09-26,0.144,0.15908142924308777
SourdoughGulch_WA_985,2018-09-26,0.065,0.0817592516541481
Darrington,2018-09-27,0.209,0.21080374717712402
Quinault,2018-09-27,0.139,0.15745501220226288
Touchet_WA_824,2018-09-27,0.0,0.011950591579079628
Spokane,2018-09-27,0.015,0.02752251923084259
SourdoughGulch_WA_985,2018-09-27,0.067,0.08132890611886978
SourdoughGulch_WA_985,2018-09-28,0.069,0.07778968662023544
Spokane,2018-09-28,0.016,0.027498340234160423
Touchet_WA_824,2018-09-28,0.0,0.010896413587033749
Quinault,2018-09-28,0.135,0.15618179738521576
Darrington,2018-09-28,0.205,0.19998140633106232
Spokane,2018-09-29,0.015,0.027281848713755608
Darrington,2018-09-29,0.201,0.18914516270160675
Quinault,2018-09-29,0.133,0.16103477776050568
SourdoughGulch_WA_985,2018-09-29,0.066,0.07329201698303223
Touchet_WA_824,2018-09-29,0.0,0.011509361676871777
Darrington,2018-09-30,0.256,0.22808559238910675
Spokane,2018-09-30,0.014,0.027281848713755608
SourdoughGulch_WA_985,2018-09-30,0.069,0.07351459562778473
Quinault,2018-09-30,0.186,0.17312003672122955
Touchet_WA_824,2018-09-30,0.0,0.01662815734744072
Touchet_WA_824,2018-10-01,0.0,0.01602517068386078
Quinault,2018-10-01,0.201,0.1775587499141693
Spokane,2018-10-01,0.015,0.017676766961812973
SourdoughGulch_WA_985,2018-10-01,0.063,0.06528405100107193
Darrington,2018-10-01,0.286,0.23591363430023193
Touchet_WA_824,2018-10-02,0.0,0.0226731039583683
Darrington,2018-10-02,0.288,0.2532985210418701
SourdoughGulch_WA_985,2018-10-02,0.067,0.0630481094121933
Quinault,2018-10-02,0.178,0.17692382633686066
Spokane,2018-10-02,0.016,0.015762267634272575
Spokane,2018-10-03,0.013,0.017222721129655838
Darrington,2018-10-03,0.259,0.2475125789642334
SourdoughGulch_WA_985,2018-10-03,0.066,0.06420760601758957
Touchet_WA_824,2018-10-03,0.0,0.025522561743855476
Quinault,2018-10-03,0.163,0.16829480230808258
Quinault,2018-10-04,0.156,0.16566406190395355
SourdoughGulch_WA_985,2018-10-04,0.06,0.06466591358184814
Touchet_WA_824,2018-10-04,0.0,0.02432478964328766
Darrington,2018-10-04,0.24,0.24286967515945435
Spokane,2018-10-04,0.013,0.01722876727581024
Quinault,2018-10-05,0.175,0.17470002174377441
Touchet_WA_824,2018-10-05,0.0,0.03074389323592186
Darrington,2018-10-05,0.231,0.2384374737739563
Spokane,2018-10-05,0.011,0.01662427932024002
SourdoughGulch_WA_985,2018-10-05,0.055,0.06504097580909729
Quinault,2018-10-06,0.168,0.19126088917255402
Touchet_WA_824,2018-10-06,0.0,0.0679987370967865
Darrington,2018-10-06,0.225,0.21786411106586456
Spokane,2018-10-06,0.014,0.017978128045797348
SourdoughGulch_WA_985,2018-10-06,0.057,0.074751116335392
Quinault,2018-10-07,0.188,0.2014555037021637
Darrington,2018-10-07,0.222,0.21850672364234924
Touchet_WA_824,2018-10-07,0.143,0.0589144304394722
SourdoughGulch_WA_985,2018-10-07,0.056,0.0691709890961647
Spokane,2018-10-07,0.015,0.026166396215558052
Quinault,2018-10-08,0.181,0.197421595454216
SourdoughGulch_WA_985,2018-10-08,0.053,0.06793659180402756
Spokane,2018-10-08,0.018,0.055127453058958054
Darrington,2018-10-08,0.233,0.231032595038414
Touchet_WA_824,2018-10-08,0.13,0.1441601812839508
Quinault,2018-10-09,0.175,0.19357329607009888
SourdoughGulch_WA_985,2018-10-09,0.061,0.08742494136095047
Spokane,2018-10-09,0.084,0.06745382398366928
Darrington,2018-10-09,0.276,0.23175641894340515
Touchet_WA_824,2018-10-09,0.12,0.17796160280704498
Spokane,2018-10-10,0.107,0.07228006422519684
Touchet_WA_824,2018-10-10,0.24,0.19204004108905792
Darrington,2018-10-10,0.248,0.217501699924469
Quinault,2018-10-10,0.162,0.19142304360866547
SourdoughGulch_WA_985,2018-10-10,0.058,0.09755019843578339
Darrington,2018-10-11,0.236,0.20284612476825714
Quinault,2018-10-11,0.154,0.17823554575443268
SourdoughGulch_WA_985,2018-10-11,0.054,0.09525728970766068
Spokane,2018-10-11,0.103,0.08357461541891098
Touchet_WA_824,2018-10-11,0.196,0.18844473361968994
SourdoughGulch_WA_985,2018-10-12,0.049,0.09479134529829025
Quinault,2018-10-12,0.149,0.1756550371646881
Darrington,2018-10-12,0.23,0.18791134655475616
Touchet_WA_824,2018-10-12,0.169,0.1864567995071411
Spokane,2018-10-12,0.1,0.08417234569787979
SourdoughGulch_WA_985,2018-10-13,0.055,0.09438829869031906
Quinault,2018-10-13,0.145,0.17293724417686462
Touchet_WA_824,2018-10-13,0.157,0.1746080070734024
Spokane,2018-10-13,0.096,0.08186813443899155
Darrington,2018-10-13,0.225,0.18251453340053558
Quinault,2018-10-14,0.141,0.16984575986862183
Spokane,2018-10-14,0.093,0.07950078696012497
Touchet_WA_824,2018-10-14,0.145,0.17085346579551697
Darrington,2018-10-14,0.222,0.18266701698303223
SourdoughGulch_WA_985,2018-10-14,0.059,0.10356033593416214
Spokane,2018-10-15,0.091,0.073053278028965
SourdoughGulch_WA_985,2018-10-15,0.056,0.1072489321231842
Quinault,2018-10-15,0.137,0.14961476624011993
Touchet_WA_824,2018-10-15,0.133,0.1492842137813568
Darrington,2018-10-15,0.219,0.19081230461597443
Spokane,2018-10-16,0.089,0.07051125913858414
SourdoughGulch_WA_985,2018-10-16,0.053,0.10346326977014542
Darrington,2018-10-16,0.217,0.18690714240074158
Touchet_WA_824,2018-10-16,0.129,0.14641864597797394
Quinault,2018-10-16,0.135,0.1431681513786316
Spokane,2018-10-17,0.087,0.0634511262178421
Darrington,2018-10-17,0.215,0.19435559213161469
Touchet_WA_824,2018-10-17,0.125,0.1416492909193039
SourdoughGulch_WA_985,2018-10-17,0.059,0.10709316283464432
Quinault,2018-10-17,0.131,0.1312207579612732
Spokane,2018-10-18,0.085,0.06988335400819778
Touchet_WA_824,2018-10-18,0.121,0.13808000087738037
Quinault,2018-10-18,0.129,0.12784118950366974
Darrington,2018-10-18,0.213,0.19071632623672485
SourdoughGulch_WA_985,2018-10-18,0.066,0.09974534809589386
Darrington,2018-10-19,0.211,0.18732061982154846
Touchet_WA_824,2018-10-19,0.119,0.13161225616931915
SourdoughGulch_WA_985,2018-10-19,0.059,0.09057280421257019
Spokane,2018-10-19,0.084,0.06871196627616882
Quinault,2018-10-19,0.127,0.1289805918931961
Touchet_WA_824,2018-10-20,0.115,0.12168022245168686
Quinault,2018-10-20,0.125,0.12800335884094238
SourdoughGulch_WA_985,2018-10-20,0.064,0.09050211310386658
Spokane,2018-10-20,0.082,0.06769196689128876
Quinault,2018-10-21,0.122,0.12472617626190186
Darrington,2018-10-21,0.209,0.1786002516746521
Touchet_WA_824,2018-10-21,0.112,0.10625901818275452
Spokane,2018-10-21,0.081,0.06789855659008026
SourdoughGulch_WA_985,2018-10-21,0.064,0.08708923310041428
Quinault,2018-10-22,0.12,0.13245707750320435
Darrington,2018-10-22,0.209,0.1683882176876068
SourdoughGulch_WA_985,2018-10-22,0.065,0.09299826622009277
Spokane,2018-10-22,0.079,0.07388030737638474
Touchet_WA_824,2018-10-22,0.106,0.10561587661504745
Touchet_WA_824,2018-10-23,0.104,0.11172150075435638
SourdoughGulch_WA_985,2018-10-23,0.067,0.09441158920526505
Quinault,2018-10-23,0.12,0.15204943716526031
Spokane,2018-10-23,0.078,0.07231223583221436
Darrington,2018-10-23,0.208,0.17904096841812134
SourdoughGulch_WA_985,2018-10-24,0.072,0.09895970672369003
Quinault,2018-10-24,0.13,0.1678820550441742
Darrington,2018-10-24,0.218,0.17791877686977386
Touchet_WA_824,2018-10-24,0.098,0.10657502710819244
Spokane,2018-10-24,0.077,0.07137278467416763
Touchet_WA_824,2018-10-25,0.097,0.10284315794706345
SourdoughGulch_WA_985,2018-10-25,0.074,0.09903285652399063
Spokane,2018-10-25,0.075,0.07273051142692566
Darrington,2018-10-25,0.255,0.20249655842781067
Quinault,2018-10-25,0.21,0.21141435205936432
Touchet_WA_824,2018-10-26,0.095,0.1474969983100891
SourdoughGulch_WA_985,2018-10-26,0.075,0.09368960559368134
Darrington,2018-10-26,0.307,0.26853853464126587
Spokane,2018-10-26,0.108,0.08488240838050842
Quinault,2018-10-26,0.198,0.21780483424663544
SourdoughGulch_WA_985,2018-10-27,0.078,0.09309713542461395
Spokane,2018-10-27,0.121,0.08492189645767212
Darrington,2018-10-27,0.277,0.27411505579948425
Touchet_WA_824,2018-10-27,0.145,0.15728630125522614
Spokane,2018-10-28,0.159,0.11806782335042953
Quinault,2018-10-28,0.208,0.22749638557434082
Darrington,2018-10-28,0.307,0.2783139646053314
Touchet_WA_824,2018-10-28,0.231,0.1714523285627365
SourdoughGulch_WA_985,2018-10-28,0.078,0.09522967040538788
Spokane,2018-10-29,0.151,0.1652248203754425
Quinault,2018-10-29,0.193,0.21639305353164673
Touchet_WA_824,2018-10-29,0.296,0.191115140914917
Darrington,2018-10-29,0.289,0.2817108929157257
SourdoughGulch_WA_985,2018-10-29,0.075,0.10150045901536942
Quinault,2018-10-30,0.181,0.2149915099143982
Spokane,2018-10-30,0.143,0.1599990576505661
SourdoughGulch_WA_985,2018-10-30,0.067,0.1049635112285614
Touchet_WA_824,2018-10-30,0.234,0.18729126453399658
Darrington,2018-10-30,0.28,0.2783425748348236
Spokane,2018-10-31,0.161,0.1648947298526764
Darrington,2018-10-31,0.312,0.2821733355522156
Quinault,2018-10-31,0.198,0.216016948223114
SourdoughGulch_WA_985,2018-10-31,0.075,0.13272681832313538
Touchet_WA_824,2018-10-31,0.218,0.2133207619190216
SourdoughGulch_WA_985,2018-11-01,0.074,0.13449695706367493
Touchet_WA_824,2018-11-01,0.297,0.2181171178817749
Darrington,2018-11-01,0.321,0.2939103841781616
Quinault,2018-11-01,0.226,0.2216750532388687
Spokane,2018-11-01,0.166,0.1690138280391693
Quinault,2018-11-02,0.205,0.21929508447647095
SourdoughGulch_WA_985,2018-11-02,0.074,0.14690671861171722
Spokane,2018-11-02,0.175,0.17363066971302032
Touchet_WA_824,2018-11-02,0.283,0.22453998029232025
Darrington,2018-11-02,0.296,0.2946067452430725
SourdoughGulch_WA_985,2018-11-03,0.106,0.14809760451316833
Quinault,2018-11-03,0.219,0.21955333650112152
Darrington,2018-11-03,0.312,0.29640620946884155
Touchet_WA_824,2018-11-03,0.286,0.22084413468837738
Spokane,2018-11-03,0.166,0.17838096618652344
Spokane,2018-11-04,0.176,0.1796845942735672
Quinault,2018-11-04,0.213,0.20974090695381165
Darrington,2018-11-04,0.323,0.2955745458602905
Touchet_WA_824,2018-11-04,0.259,0.21582135558128357
SourdoughGulch_WA_985,2018-11-04,0.117,0.172288715839386
Darrington,2018-11-05,0.324,0.2873230576515198
Quinault,2018-11-05,0.21,0.21076107025146484
Touchet_WA_824,2018-11-05,0.279,0.20402614772319794
Spokane,2018-11-05,0.167,0.17900137603282928
SourdoughGulch_WA_985,2018-11-05,0.168,0.19317974150180817
Spokane,2018-11-06,0.164,0.17839515209197998
Quinault,2018-11-06,0.189,0.21785502135753632
SourdoughGulch_WA_985,2018-11-06,0.178,0.19191484153270721
Darrington,2018-11-06,0.304,0.28747281432151794
Touchet_WA_824,2018-11-06,0.253,0.20658092200756073
SourdoughGulch_WA_985,2018-11-07,0.187,0.19428646564483643
Darrington,2018-11-07,0.27,0.26881369948387146
Touchet_WA_824,2018-11-07,0.23,0.19803720712661743
Spokane,2018-11-07,0.169,0.176453098654747
Quinault,2018-11-07,0.176,0.19545352458953857
Touchet_WA_824,2018-11-08,0.211,0.1723240613937378
Quinault,2018-11-08,0.167,0.1873936653137207
SourdoughGulch_WA_985,2018-11-08,0.179,0.19252349436283112
Darrington,2018-11-08,0.257,0.26275020837783813
Spokane,2018-11-08,0.159,0.17154249548912048
Quinault,2018-11-09,0.171,0.18799135088920593
SourdoughGulch_WA_985,2018-11-09,0.172,0.18977026641368866
Darrington,2018-11-09,0.278,0.26834776997566223
Touchet_WA_824,2018-11-09,0.201,0.17086949944496155
Spokane,2018-11-09,0.15,0.17189617455005646
Touchet_WA_824,2018-11-10,0.177,0.16851818561553955
Darrington,2018-11-10,0.268,0.2529333829879761
Quinault,2018-11-10,0.17,0.1772637665271759
SourdoughGulch_WA_985,2018-11-10,0.168,0.1817818135023117
Spokane,2018-11-10,0.153,0.16933885216712952
SourdoughGulch_WA_985,2018-11-11,0.165,0.1817106306552887
Darrington,2018-11-11,0.255,0.2507963478565216
Touchet_WA_824,2018-11-11,0.171,0.1610766500234604
Spokane,2018-11-11,0.155,0.16685603559017181
Quinault,2018-11-11,0.164,0.17442719638347626
Darrington,2018-11-12,0.249,0.24927003681659698
SourdoughGulch_WA_985,2018-11-12,0.164,0.19021953642368317
Quinault,2018-11-12,0.161,0.1740339994430542
Touchet_WA_824,2018-11-12,0.154,0.15957705676555634
Spokane,2018-11-12,0.153,0.1467953622341156
Touchet_WA_824,2018-11-13,0.134,0.15629111230373383
Quinault,2018-11-13,0.169,0.18387439846992493
Darrington,2018-11-13,0.245,0.2423129677772522
Spokane,2018-11-13,0.152,0.13930463790893555
SourdoughGulch_WA_985,2018-11-13,0.157,0.18367278575897217
Spokane,2018-11-14,0.15,0.13830626010894775
Darrington,2018-11-14,0.282,0.2656795382499695
SourdoughGulch_WA_985,2018-11-14,0.149,0.16287294030189514
Touchet_WA_824,2018-11-14,0.131,0.14931026101112366
Quinault,2018-11-14,0.211,0.2019907534122467
Spokane,2018-11-15,0.149,0.1396840363740921
Touchet_WA_824,2018-11-15,0.131,0.14873464405536652
Quinault,2018-11-15,0.186,0.19632408022880554
Darrington,2018-11-15,0.28,0.26595163345336914
SourdoughGulch_WA_985,2018-11-15,0.154,0.1583191156387329
Touchet_WA_824,2018-11-16,0.182,0.1534288227558136
Darrington,2018-11-16,0.288,0.27384430170059204
Quinault,2018-11-16,0.193,0.19650977849960327
Spokane,2018-11-16,0.155,0.13418622314929962
SourdoughGulch_WA_985,2018-11-16,0.161,0.1599787175655365
SourdoughGulch_WA_985,2018-11-17,0.17,0.15906772017478943
Quinault,2018-11-17,0.182,0.1902935951948166
Darrington,2018-11-17,0.262,0.27422642707824707
Touchet_WA_824,2018-11-17,0.231,0.1575077921152115
Spokane,2018-11-17,0.149,0.1306874305009842
Spokane,2018-11-18,0.147,0.12794573605060577
Darrington,2018-11-18,0.252,0.2565954029560089
Touchet_WA_824,2018-11-18,0.173,0.15651805698871613
SourdoughGulch_WA_985,2018-11-18,0.161,0.15873779356479645
Quinault,2018-11-18,0.181,0.17669853568077087
Touchet_WA_824,2018-11-19,0.04,0.13648341596126556
Quinault,2018-11-19,0.178,0.16998502612113953
SourdoughGulch_WA_985,2018-11-19,0.161,0.16936400532722473
Darrington,2018-11-19,0.247,0.25147199630737305
Touchet_WA_824,2018-11-20,0.029,0.11847077310085297
SourdoughGulch_WA_985,2018-11-20,0.159,0.16740046441555023
Darrington,2018-11-20,0.244,0.2472624033689499
Quinault,2018-11-20,0.176,0.16873596608638763
Quinault,2018-11-21,0.232,0.2032337337732315
SourdoughGulch_WA_985,2018-11-21,0.152,0.16433008015155792
Darrington,2018-11-21,0.242,0.25082874298095703
Touchet_WA_824,2018-11-21,0.024,0.10355384647846222
SourdoughGulch_WA_985,2018-11-22,0.145,0.1603812426328659
Quinault,2018-11-22,0.239,0.21577836573123932
Darrington,2018-11-22,0.302,0.27631229162216187
Touchet_WA_824,2018-11-22,0.025,0.13792812824249268
Touchet_WA_824,2018-11-23,0.028,0.12122407555580139
SourdoughGulch_WA_985,2018-11-23,0.149,0.18682265281677246
Spokane,2018-11-23,0.201,0.19210654497146606
Quinault,2018-11-23,0.233,0.21822528541088104
Darrington,2018-11-23,0.309,0.29889148473739624
SourdoughGulch_WA_985,2018-11-24,0.171,0.18684422969818115
Quinault,2018-11-24,0.2,0.19440515339374542
Darrington,2018-11-24,0.277,0.29420024156570435
Spokane,2018-11-24,0.21,0.1841236799955368
Touchet_WA_824,2018-11-24,0.041,0.12727533280849457
Darrington,2018-11-25,0.262,0.29175543785095215
Quinault,2018-11-25,0.205,0.2046421617269516
Spokane,2018-11-25,0.198,0.18989895284175873
Touchet_WA_824,2018-11-25,0.044,0.1271202564239502
SourdoughGulch_WA_985,2018-11-25,0.181,0.1913524866104126
Quinault,2018-11-26,0.266,0.22842654585838318
Spokane,2018-11-26,0.203,0.21049945056438446
Touchet_WA_824,2018-11-26,0.046,0.08903724700212479
SourdoughGulch_WA_985,2018-11-26,0.181,0.19434592127799988
Darrington,2018-11-26,0.312,0.30754226446151733
SourdoughGulch_WA_985,2018-11-27,0.188,0.19744926691055298
Touchet_WA_824,2018-11-27,0.043,0.09183494746685028
Spokane,2018-11-27,0.253,0.223470076918602
Darrington,2018-11-27,0.309,0.3071346879005432
Quinault,2018-11-27,0.234,0.2224576473236084
Darrington,2018-11-28,0.305,0.30656182765960693
Quinault,2018-11-28,0.216,0.221671462059021
Spokane,2018-11-28,0.235,0.23634515702724457
Touchet_WA_824,2018-11-28,0.048,0.09757734835147858
SourdoughGulch_WA_985,2018-11-28,0.279,0.24616946280002594
Darrington,2018-11-29,0.275,0.2981341779232025
Spokane,2018-11-29,0.238,0.23692786693572998
Quinault,2018-11-29,0.195,0.20068654417991638
SourdoughGulch_WA_985,2018-11-29,0.265,0.24408869445323944
Touchet_WA_824,2018-11-29,0.058,0.0974525660276413
SourdoughGulch_WA_985,2018-11-30,0.255,0.24047411978244781
Touchet_WA_824,2018-11-30,0.066,0.09793111681938171
Spokane,2018-11-30,0.233,0.23609595000743866
Darrington,2018-11-30,0.285,0.29218316078186035
Quinault,2018-11-30,0.215,0.22176812589168549
SourdoughGulch_WA_985,2018-12-01,0.244,0.22964924573898315
Touchet_WA_824,2018-12-01,0.077,0.11364886909723282
Quinault,2018-12-01,0.203,0.20502950251102448
Spokane,2018-12-01,0.236,0.22506405413150787
Darrington,2018-12-01,0.27,0.27333739399909973
Touchet_WA_824,2018-12-02,0.087,0.11180497705936432
Spokane,2018-12-02,0.232,0.24145883321762085
Darrington,2018-12-02,0.259,0.2572561502456665
Quinault,2018-12-02,0.191,0.18341238796710968
SourdoughGulch_WA_985,2018-12-02,0.241,0.22135363519191742
SourdoughGulch_WA_985,2018-12-03,0.236,0.2216179519891739
Darrington,2018-12-03,0.253,0.256704181432724
Quinault,2018-12-03,0.185,0.1838219165802002
Touchet_WA_824,2018-12-03,0.097,0.12444723397493362
Spokane,2018-12-03,0.228,0.23561590909957886
SourdoughGulch_WA_985,2018-12-04,0.236,0.21020282804965973
Darrington,2018-12-04,0.246,0.2525688409805298
Quinault,2018-12-04,0.181,0.18043962121009827
Spokane,2018-12-04,0.223,0.23390692472457886
Touchet_WA_824,2018-12-04,0.104,0.12257316708564758
SourdoughGulch_WA_985,2018-12-05,0.223,0.1864607334136963
Quinault,2018-12-05,0.183,0.17841152846813202
Spokane,2018-12-05,0.221,0.22738350927829742
Darrington,2018-12-05,0.239,0.2505555748939514
Touchet_WA_824,2018-12-05,0.111,0.11843400448560715
Touchet_WA_824,2018-12-06,0.111,0.11818365007638931
Quinault,2018-12-06,0.203,0.17759889364242554
SourdoughGulch_WA_985,2018-12-06,0.184,0.18481460213661194
Spokane,2018-12-06,0.21,0.22856028378009796
Darrington,2018-12-06,0.236,0.24490635097026825
Darrington,2018-12-07,0.246,0.2422512173652649
SourdoughGulch_WA_985,2018-12-07,0.105,0.16429242491722107
Touchet_WA_824,2018-12-07,0.107,0.11878606677055359
Quinault,2018-12-07,0.202,0.18761761486530304
Touchet_WA_824,2018-12-08,0.098,0.11850841343402863
SourdoughGulch_WA_985,2018-12-08,0.096,0.14844149351119995
Darrington,2018-12-08,0.246,0.24346278607845306
Quinault,2018-12-08,0.219,0.1913328319787979
SourdoughGulch_WA_985,2018-12-09,0.096,0.13456784188747406
Touchet_WA_824,2018-12-09,0.092,0.11987810581922531
Quinault,2018-12-09,0.234,0.218423992395401
Darrington,2018-12-09,0.276,0.2807213366031647
SourdoughGulch_WA_985,2018-12-10,0.103,0.1467995047569275
Darrington,2018-12-10,0.321,0.2811669409275055
Touchet_WA_824,2018-12-10,0.094,0.13960617780685425
Quinault,2018-12-10,0.227,0.21813343465328217
SourdoughGulch_WA_985,2018-12-11,0.113,0.1584082692861557
Darrington,2018-12-11,0.322,0.300231397151947
Touchet_WA_824,2018-12-11,0.099,0.11837991327047348
Quinault,2018-12-11,0.251,0.23122923076152802
Darrington,2018-12-12,0.303,0.3068998157978058
Touchet_WA_824,2018-12-12,0.1,0.12220451980829239
Quinault,2018-12-12,0.235,0.22885636985301971
SourdoughGulch_WA_985,2018-12-12,0.11,0.15587812662124634
Touchet_WA_824,2018-12-13,0.103,0.12307071685791016
Quinault,2018-12-13,0.254,0.22885636985301971
SourdoughGulch_WA_985,2018-12-13,0.116,0.15587812662124634
Darrington,2018-12-13,0.317,0.30709266662597656
Quinault,2018-12-14,0.221,0.2280237227678299
Touchet_WA_824,2018-12-14,0.106,0.12440142780542374
Darrington,2018-12-14,0.287,0.30780690908432007
SourdoughGulch_WA_985,2018-12-14,0.116,0.15419456362724304
Touchet_WA_824,2018-12-15,0.109,0.1418015956878662
Quinault,2018-12-15,0.213,0.2280237227678299
Darrington,2018-12-15,0.298,0.30600690841674805
SourdoughGulch_WA_985,2018-12-15,0.119,0.15333805978298187
Touchet_WA_824,2018-12-16,0.113,0.14409928023815155
Darrington,2018-12-16,0.319,0.30750641226768494
Quinault,2018-12-16,0.249,0.2271454781293869
SourdoughGulch_WA_985,2018-12-16,0.125,0.15865832567214966
Darrington,2018-12-17,0.307,0.29918983578681946
Spokane,2018-12-17,0.269,0.24434734880924225
Quinault,2018-12-17,0.245,0.22749117016792297
SourdoughGulch_WA_985,2018-12-17,0.133,0.18262425065040588
Touchet_WA_824,2018-12-17,0.116,0.14206697046756744
Touchet_WA_824,2018-12-18,0.117,0.1333969682455063
Darrington,2018-12-18,0.337,0.3085612654685974
Quinault,2018-12-18,0.242,0.2252318412065506
Spokane,2018-12-18,0.324,0.2626592814922333
SourdoughGulch_WA_985,2018-12-18,0.166,0.23190738260746002
Darrington,2018-12-19,0.302,0.3064793348312378
Spokane,2018-12-19,0.308,0.28053563833236694
SourdoughGulch_WA_985,2018-12-19,0.335,0.2743011713027954
Quinault,2018-12-19,0.211,0.22316403687000275
Touchet_WA_824,2018-12-19,0.121,0.13366776704788208
Darrington,2018-12-20,0.316,0.30719777941703796
Touchet_WA_824,2018-12-20,0.122,0.13518384099006653
Quinault,2018-12-20,0.232,0.22316403687000275
Spokane,2018-12-20,0.306,0.2768847942352295
SourdoughGulch_WA_985,2018-12-20,0.323,0.27546489238739014
SourdoughGulch_WA_985,2018-12-21,0.322,0.28039851784706116
Touchet_WA_824,2018-12-21,0.122,0.14228455722332
Quinault,2018-12-21,0.203,0.22313770651817322
Darrington,2018-12-21,0.296,0.3041313588619232
Spokane,2018-12-21,0.303,0.27688464522361755
Spokane,2018-12-22,0.294,0.2741306722164154
Darrington,2018-12-22,0.276,0.29920077323913574
Touchet_WA_824,2018-12-22,0.124,0.14913196861743927
Quinault,2018-12-22,0.23,0.22068269550800323
SourdoughGulch_WA_985,2018-12-22,0.31,0.2653312385082245
Quinault,2018-12-23,0.235,0.22380691766738892
Darrington,2018-12-23,0.323,0.2999025583267212
Touchet_WA_824,2018-12-23,0.124,0.14347589015960693
SourdoughGulch_WA_985,2018-12-23,0.289,0.2790655493736267
Spokane,2018-12-23,0.3,0.26936182379722595
Touchet_WA_824,2018-12-24,0.127,0.13395176827907562
Quinault,2018-12-24,0.199,0.20266899466514587
Darrington,2018-12-24,0.284,0.28579241037368774
SourdoughGulch_WA_985,2018-12-24,0.286,0.2677158713340759
Spokane,2018-12-24,0.306,0.27243220806121826
Quinault,2018-12-25,0.189,0.21650052070617676
SourdoughGulch_WA_985,2018-12-25,0.29,0.2667451500892639
Spokane,2018-12-25,0.301,0.2724067270755768
Darrington,2018-12-25,0.263,0.2838791310787201
Touchet_WA_824,2018-12-25,0.127,0.12949779629707336
SourdoughGulch_WA_985,2018-12-26,0.288,0.2624864876270294
Quinault,2018-12-26,0.22,0.2153199315071106
Touchet_WA_824,2018-12-26,0.128,0.129439115524292
Spokane,2018-12-26,0.296,0.27558431029319763
Darrington,2018-12-26,0.28,0.291705459356308
Touchet_WA_824,2018-12-27,0.128,0.14124491810798645
SourdoughGulch_WA_985,2018-12-27,0.283,0.25623077154159546
Darrington,2018-12-27,0.303,0.2810623347759247
Spokane,2018-12-27,0.295,0.27388128638267517
Quinault,2018-12-27,0.199,0.20219942927360535
Touchet_WA_824,2018-12-28,0.129,0.14886385202407837
SourdoughGulch_WA_985,2018-12-28,0.276,0.2553282678127289
Quinault,2018-12-28,0.234,0.2162865549325943
Spokane,2018-12-28,0.294,0.27313974499702454
Darrington,2018-12-28,0.302,0.2930322289466858
SourdoughGulch_WA_985,2018-12-29,0.259,0.25646987557411194
Touchet_WA_824,2018-12-29,0.129,0.14301182329654694
Quinault,2018-12-29,0.252,0.22470232844352722
Spokane,2018-12-29,0.313,0.2770775854587555
Darrington,2018-12-29,0.327,0.30137091875076294
SourdoughGulch_WA_985,2018-12-30,0.258,0.25659844279289246
Spokane,2018-12-30,0.311,0.2754470109939575
Darrington,2018-12-30,0.297,0.30055004358291626
Quinault,2018-12-30,0.218,0.22285495698451996
Touchet_WA_824,2018-12-30,0.128,0.13409101963043213
SourdoughGulch_WA_985,2018-12-31,0.32,0.25762179493904114
Darrington,2018-12-31,0.268,0.286329060792923
Quinault,2018-12-31,0.195,0.19247879087924957
Touchet_WA_824,2018-12-31,0.129,0.11935032159090042
Spokane,2018-12-31,0.297,0.27896687388420105
SourdoughGulch_WA_985,2019-01-01,0.295,0.252456933259964
Touchet_WA_824,2019-01-01,0.128,0.14021095633506775
Quinault,2019-01-01,0.19,0.20548754930496216
Spokane,2019-01-01,0.299,0.2874499559402466
Darrington,2019-01-01,0.266,0.2871829867362976
Darrington,2019-01-02,0.274,0.29009801149368286
Touchet_WA_824,2019-01-02,0.129,0.13764554262161255
SourdoughGulch_WA_985,2019-01-02,0.222,0.24294397234916687
Quinault,2019-01-02,0.208,0.2120695412158966
Quinault,2019-01-03,0.263,0.23798459768295288
Touchet_WA_824,2019-01-03,0.128,0.1378607153892517
Darrington,2019-01-03,0.336,0.30555546283721924
SourdoughGulch_WA_985,2019-01-03,0.165,0.2400781363248825
Darrington,2019-01-04,0.311,0.30325374007225037
Quinault,2019-01-04,0.222,0.2361564040184021
Touchet_WA_824,2019-01-04,0.129,0.1375177651643753
SourdoughGulch_WA_985,2019-01-04,0.196,0.24003440141677856
Spokane,2019-01-05,0.301,0.27812460064888
Touchet_WA_824,2019-01-05,0.128,0.13843491673469543
SourdoughGulch_WA_985,2019-01-05,0.223,0.2404898703098297
Quinault,2019-01-05,0.207,0.23177039623260498
Darrington,2019-01-05,0.281,0.2878309190273285
Darrington,2019-01-06,0.305,0.30504655838012695
SourdoughGulch_WA_985,2019-01-06,0.236,0.2420162856578827
Spokane,2019-01-06,0.304,0.2813495397567749
Quinault,2019-01-06,0.236,0.2322886437177658
Touchet_WA_824,2019-01-06,0.128,0.13729360699653625
Darrington,2019-01-07,0.309,0.293243408203125
Touchet_WA_824,2019-01-07,0.128,0.15146596729755402
SourdoughGulch_WA_985,2019-01-07,0.247,0.24173171818256378
Spokane,2019-01-07,0.303,0.27853623032569885
Quinault,2019-01-07,0.215,0.22739291191101074
SourdoughGulch_WA_985,2019-01-08,0.252,0.2390843778848648
Quinault,2019-01-08,0.225,0.22890973091125488
Darrington,2019-01-08,0.282,0.2920655310153961
Spokane,2019-01-08,0.299,0.27954280376434326
Touchet_WA_824,2019-01-08,0.129,0.15341150760650635
Touchet_WA_824,2019-01-09,0.127,0.1563817262649536
Darrington,2019-01-09,0.319,0.2924940586090088
SourdoughGulch_WA_985,2019-01-09,0.244,0.254692018032074
Quinault,2019-01-09,0.244,0.23732136189937592
Touchet_WA_824,2019-01-10,0.127,0.15547950565814972
Darrington,2019-01-10,0.308,0.29126057028770447
SourdoughGulch_WA_985,2019-01-10,0.253,0.2552473843097687
Spokane,2019-01-10,0.319,0.28139936923980713
Quinault,2019-01-10,0.232,0.23447564244270325
SourdoughGulch_WA_985,2019-01-11,0.277,0.25458312034606934
Darrington,2019-01-11,0.277,0.2792947590351105
Spokane,2019-01-11,0.313,0.2870599925518036
Touchet_WA_824,2019-01-11,0.128,0.14971882104873657
Quinault,2019-01-11,0.205,0.21233589947223663
Darrington,2019-01-12,0.266,0.2782217562198639
Spokane,2019-01-12,0.308,0.28539931774139404
SourdoughGulch_WA_985,2019-01-12,0.277,0.252242773771286
Touchet_WA_824,2019-01-12,0.129,0.1460413932800293
Quinault,2019-01-12,0.194,0.21012748777866364
SourdoughGulch_WA_985,2019-01-13,0.252,0.24292562901973724
Quinault,2019-01-13,0.189,0.20587070286273956
Darrington,2019-01-13,0.259,0.2656570374965668
Spokane,2019-01-13,0.306,0.28390905261039734
Touchet_WA_824,2019-01-13,0.126,0.14702920615673065
SourdoughGulch_WA_985,2019-01-14,0.184,0.20777463912963867
Spokane,2019-01-14,0.301,0.2793974280357361
Darrington,2019-01-14,0.253,0.2607671916484833
Quinault,2019-01-14,0.186,0.1882566213607788
Touchet_WA_824,2019-01-14,0.128,0.14126844704151154
SourdoughGulch_WA_985,2019-01-15,0.115,0.2025999277830124
Touchet_WA_824,2019-01-15,0.127,0.14776326715946198
Darrington,2019-01-15,0.264,0.26112258434295654
Quinault,2019-01-15,0.184,0.18754279613494873
Touchet_WA_824,2019-01-16,0.129,0.14483153820037842
SourdoughGulch_WA_985,2019-01-16,0.119,0.19855161011219025
Darrington,2019-01-16,0.261,0.26131266355514526
Quinault,2019-01-16,0.186,0.2008487582206726
Touchet_WA_824,2019-01-17,0.129,0.14709655940532684
SourdoughGulch_WA_985,2019-01-17,0.119,0.21245889365673065
Quinault,2019-01-17,0.243,0.22365914285182953
Darrington,2019-01-17,0.26,0.27132636308670044
SourdoughGulch_WA_985,2019-01-18,0.134,0.21339614689350128
Darrington,2019-01-18,0.31,0.2844523787498474
Quinault,2019-01-18,0.24,0.23189517855644226
Touchet_WA_824,2019-01-18,0.13,0.1475316435098648
Touchet_WA_824,2019-01-19,0.126,0.1476527750492096
SourdoughGulch_WA_985,2019-01-19,0.147,0.2275477945804596
Quinault,2019-01-19,0.23,0.23486939072608948
Darrington,2019-01-19,0.319,0.29186683893203735
SourdoughGulch_WA_985,2019-01-20,0.156,0.22994007170200348
Quinault,2019-01-20,0.2,0.21207764744758606
Darrington,2019-01-20,0.283,0.2917461097240448
Touchet_WA_824,2019-01-20,0.128,0.14984925091266632
Quinault,2019-01-21,0.192,0.2065771371126175
Darrington,2019-01-21,0.268,0.2861497104167938
SourdoughGulch_WA_985,2019-01-21,0.172,0.2459256649017334
Touchet_WA_824,2019-01-21,0.127,0.14610294997692108
SourdoughGulch_WA_985,2019-01-22,0.184,0.2532810568809509
Quinault,2019-01-22,0.245,0.23284505307674408
Touchet_WA_824,2019-01-22,0.126,0.15511879324913025
Darrington,2019-01-22,0.3,0.29935142397880554
Darrington,2019-01-23,0.309,0.29954400658607483
SourdoughGulch_WA_985,2019-01-23,0.177,0.25500690937042236
Quinault,2019-01-23,0.224,0.22915959358215332
Touchet_WA_824,2019-01-23,0.129,0.14466246962547302
SourdoughGulch_WA_985,2019-01-24,0.224,0.2595001757144928
Quinault,2019-01-24,0.202,0.2063508778810501
Touchet_WA_824,2019-01-24,0.13,0.1444091945886612
Darrington,2019-01-24,0.277,0.28992509841918945
SourdoughGulch_WA_985,2019-01-25,0.253,0.2568182051181793
Quinault,2019-01-25,0.195,0.20440424978733063
Darrington,2019-01-25,0.267,0.28854233026504517
Touchet_WA_824,2019-01-25,0.13,0.14331865310668945
SourdoughGulch_WA_985,2019-01-26,0.261,0.25165310502052307
Darrington,2019-01-26,0.26,0.2831936180591583
Quinault,2019-01-26,0.19,0.19331662356853485
Touchet_WA_824,2019-01-26,0.128,0.14157310128211975
Darrington,2019-01-27,0.255,0.26518699526786804
Quinault,2019-01-27,0.19,0.18837065994739532
SourdoughGulch_WA_985,2019-01-27,0.256,0.248719722032547
Touchet_WA_824,2019-01-27,0.13,0.13876907527446747
Quinault,2019-01-28,0.189,0.18856896460056305
SourdoughGulch_WA_985,2019-01-28,0.307,0.25085243582725525
Darrington,2019-01-28,0.252,0.261991947889328
Touchet_WA_824,2019-01-28,0.13,0.14102020859718323
Darrington,2019-01-29,0.246,0.24905596673488617
Touchet_WA_824,2019-01-29,0.13,0.14058661460876465
SourdoughGulch_WA_985,2019-01-29,0.288,0.24841561913490295
Quinault,2019-01-29,0.188,0.1883239448070526
SourdoughGulch_WA_985,2019-01-30,0.194,0.24327851831912994
Darrington,2019-01-30,0.244,0.24496333301067352
Touchet_WA_824,2019-01-30,0.133,0.1482657939195633
Quinault,2019-01-30,0.185,0.18028096854686737
SourdoughGulch_WA_985,2019-01-31,0.146,0.2383071482181549
Quinault,2019-01-31,0.186,0.1981639713048935
Touchet_WA_824,2019-01-31,0.133,0.14539094269275665
Darrington,2019-01-31,0.246,0.24246367812156677
Quinault,2019-02-01,0.251,0.22586511075496674
Touchet_WA_824,2019-02-01,0.131,0.14672507345676422
Darrington,2019-02-01,0.304,0.28587961196899414
SourdoughGulch_WA_985,2019-02-01,0.149,0.24445189535617828
Touchet_WA_824,2019-02-02,0.132,0.14328202605247498
SourdoughGulch_WA_985,2019-02-02,0.174,0.2512719929218292
Darrington,2019-02-02,0.302,0.2901209592819214
Quinault,2019-02-02,0.217,0.22556261718273163
Spokane,2019-02-03,0.312,0.29144471883773804
Quinault,2019-02-03,0.204,0.22385762631893158
Darrington,2019-02-03,0.281,0.28939288854599
Touchet_WA_824,2019-02-03,0.133,0.13405272364616394
SourdoughGulch_WA_985,2019-02-03,0.193,0.26297783851623535
SourdoughGulch_WA_985,2019-02-04,0.242,0.2550824284553528
Quinault,2019-02-04,0.209,0.21874576807022095
Touchet_WA_824,2019-02-04,0.133,0.1309567242860794
Darrington,2019-02-04,0.258,0.2851067781448364
Spokane,2019-02-04,0.313,0.29467642307281494
SourdoughGulch_WA_985,2019-02-05,0.267,0.25696906447410583
Quinault,2019-02-05,0.206,0.20195545256137848
Touchet_WA_824,2019-02-05,0.132,0.13815607130527496
Touchet_WA_824,2019-02-06,0.132,0.1355278640985489
Quinault,2019-02-06,0.197,0.19965721666812897
SourdoughGulch_WA_985,2019-02-06,0.276,0.25962990522384644
SourdoughGulch_WA_985,2019-02-07,0.274,0.2642122507095337
Touchet_WA_824,2019-02-07,0.131,0.1420551836490631
Quinault,2019-02-07,0.192,0.19720005989074707
Touchet_WA_824,2019-02-08,0.132,0.14315059781074524
SourdoughGulch_WA_985,2019-02-08,0.266,0.262827605009079
Quinault,2019-02-08,0.191,0.20796552300453186
Touchet_WA_824,2019-02-09,0.133,0.14347387850284576
SourdoughGulch_WA_985,2019-02-09,0.25,0.2561897039413452
Quinault,2019-02-09,0.197,0.22509430348873138
Touchet_WA_824,2019-02-10,0.134,0.13975167274475098
SourdoughGulch_WA_985,2019-02-10,0.247,0.25449249148368835
Quinault,2019-02-10,0.199,0.2327919751405716
Touchet_WA_824,2019-02-11,0.133,0.12533913552761078
SourdoughGulch_WA_985,2019-02-11,0.236,0.2656523287296295
Quinault,2019-02-11,0.202,0.23553547263145447
Quinault,2019-02-12,0.218,0.23711998760700226
Touchet_WA_824,2019-02-12,0.135,0.12683901190757751
SourdoughGulch_WA_985,2019-02-12,0.231,0.2635413110256195
Quinault,2019-02-13,0.214,0.23179470002651215
Touchet_WA_824,2019-02-13,0.136,0.1480153352022171
SourdoughGulch_WA_985,2019-02-13,0.243,0.26426011323928833
Quinault,2019-02-14,0.219,0.23179470002651215
Touchet_WA_824,2019-02-14,0.136,0.14512662589550018
SourdoughGulch_WA_985,2019-02-14,0.258,0.26463115215301514
Quinault,2019-02-15,0.224,0.2305314987897873
Touchet_WA_824,2019-02-15,0.136,0.1473648101091385
SourdoughGulch_WA_985,2019-02-15,0.265,0.269062876701355
Quinault,2019-02-16,0.214,0.23002943396568298
SourdoughGulch_WA_985,2019-02-16,0.267,0.2712767720222473
Touchet_WA_824,2019-02-16,0.137,0.1473648101091385
Quinault,2019-02-17,0.216,0.2290797084569931
SourdoughGulch_WA_985,2019-02-17,0.269,0.27142465114593506
Touchet_WA_824,2019-02-17,0.137,0.14589644968509674
Quinault,2019-02-18,0.214,0.2248496413230896
Touchet_WA_824,2019-02-18,0.137,0.14910423755645752
SourdoughGulch_WA_985,2019-02-18,0.273,0.2749212682247162
Quinault,2019-02-19,0.23,0.22751758992671967
SourdoughGulch_WA_985,2019-02-19,0.275,0.2826663851737976
Touchet_WA_824,2019-02-19,0.137,0.1492910087108612
Quinault,2019-02-20,0.231,0.22409677505493164
Touchet_WA_824,2019-02-20,0.138,0.14893119037151337
SourdoughGulch_WA_985,2019-02-20,0.277,0.28271013498306274
Quinault,2019-02-21,0.234,0.21927672624588013
SourdoughGulch_WA_985,2019-02-21,0.277,0.2842685580253601
Touchet_WA_824,2019-02-21,0.138,0.15053123235702515
Touchet_WA_824,2019-02-22,0.139,0.15003900229930878
Quinault,2019-02-22,0.235,0.2357161045074463
SourdoughGulch_WA_985,2019-02-22,0.277,0.2868327498435974
Quinault,2019-02-23,0.245,0.23150116205215454
Touchet_WA_824,2019-02-23,0.138,0.1516406387090683
SourdoughGulch_WA_985,2019-02-23,0.279,0.2904107868671417
Quinault,2019-02-24,0.234,0.22420240938663483
Touchet_WA_824,2019-02-24,0.137,0.15003900229930878
SourdoughGulch_WA_985,2019-02-24,0.278,0.2879815995693207
Quinault,2019-02-25,0.214,0.22739288210868835
Touchet_WA_824,2019-02-25,0.139,0.15581320226192474
SourdoughGulch_WA_985,2019-02-25,0.28,0.2856302261352539
Touchet_WA_824,2019-02-26,0.139,0.15478569269180298
Quinault,2019-02-26,0.216,0.22913548350334167
SourdoughGulch_WA_985,2019-02-26,0.28,0.28635403513908386
Touchet_WA_824,2019-02-27,0.14,0.15562275052070618
Quinault,2019-02-27,0.207,0.22554676234722137
SourdoughGulch_WA_985,2019-02-27,0.281,0.28450945019721985
Touchet_WA_824,2019-02-28,0.139,0.15569287538528442
Quinault,2019-02-28,0.208,0.21680592000484467
SourdoughGulch_WA_985,2019-02-28,0.283,0.2878904342651367
Touchet_WA_824,2019-03-01,0.138,0.15434113144874573
Quinault,2019-03-01,0.2,0.214915931224823
SourdoughGulch_WA_985,2019-03-01,0.284,0.28162068128585815
SourdoughGulch_WA_985,2019-03-02,0.285,0.2822243571281433
Quinault,2019-03-02,0.195,0.20920607447624207
Touchet_WA_824,2019-03-02,0.14,0.15544424951076508
Touchet_WA_824,2019-03-03,0.14,0.15688584744930267
SourdoughGulch_WA_985,2019-03-03,0.285,0.28696662187576294
Quinault,2019-03-03,0.191,0.2120518684387207
SourdoughGulch_WA_985,2019-03-04,0.285,0.2913891077041626
Quinault,2019-03-04,0.187,0.19896209239959717
Touchet_WA_824,2019-03-04,0.14,0.1469525843858719
Touchet_WA_824,2019-03-05,0.14,0.14985227584838867
SourdoughGulch_WA_985,2019-03-05,0.284,0.29345667362213135
Quinault,2019-03-05,0.183,0.19014136493206024
Quinault,2019-03-06,0.18,0.1895296424627304
Touchet_WA_824,2019-03-06,0.14,0.14981959760189056
SourdoughGulch_WA_985,2019-03-06,0.284,0.2936667501926422
SourdoughGulch_WA_985,2019-03-07,0.283,0.29735761880874634
Quinault,2019-03-07,0.195,0.19548453390598297
Touchet_WA_824,2019-03-07,0.14,0.15132834017276764
Quinault,2019-03-08,0.206,0.20047001540660858
SourdoughGulch_WA_985,2019-03-08,0.308,0.30144062638282776
Touchet_WA_824,2019-03-08,0.141,0.1515694260597229
Quinault,2019-03-09,0.197,0.19841620326042175
Touchet_WA_824,2019-03-09,0.14,0.14612464606761932
SourdoughGulch_WA_985,2019-03-09,0.305,0.3060546815395355
Touchet_WA_824,2019-03-10,0.14,0.147510826587677
Quinault,2019-03-10,0.19,0.19388650357723236
SourdoughGulch_WA_985,2019-03-10,0.304,0.3021019995212555
Touchet_WA_824,2019-03-11,0.141,0.1500903218984604
Quinault,2019-03-11,0.208,0.22571635246276855
SourdoughGulch_WA_985,2019-03-11,0.302,0.30244266986846924
Touchet_WA_824,2019-03-12,0.141,0.1478102058172226
SourdoughGulch_WA_985,2019-03-12,0.3,0.3119666874408722
Quinault,2019-03-12,0.228,0.2296113669872284
Quinault,2019-03-13,0.207,0.22706393897533417
Touchet_WA_824,2019-03-13,0.141,0.15062956511974335
SourdoughGulch_WA_985,2019-03-13,0.298,0.30891698598861694
Touchet_WA_824,2019-03-14,0.141,0.14959223568439484
SourdoughGulch_WA_985,2019-03-14,0.298,0.3074718117713928
Quinault,2019-03-14,0.198,0.22698192298412323
Quinault,2019-03-15,0.193,0.1987546980381012
Touchet_WA_824,2019-03-15,0.142,0.14945092797279358
SourdoughGulch_WA_985,2019-03-15,0.298,0.30665284395217896
Touchet_WA_824,2019-03-16,0.141,0.15174096822738647
SourdoughGulch_WA_985,2019-03-16,0.297,0.3055890202522278
Quinault,2019-03-16,0.189,0.1889064460992813
Touchet_WA_824,2019-03-17,0.141,0.14731724560260773
SourdoughGulch_WA_985,2019-03-17,0.301,0.3044241964817047
Quinault,2019-03-17,0.186,0.19349195063114166
Darrington,2019-03-17,0.273,0.2505248785018921
Darrington,2019-03-18,0.269,0.238118976354599
Quinault,2019-03-18,0.182,0.18172287940979004
SourdoughGulch_WA_985,2019-03-18,0.303,0.30559614300727844
Touchet_WA_824,2019-03-18,0.142,0.14606881141662598
Darrington,2019-03-19,0.254,0.23853065073490143
SourdoughGulch_WA_985,2019-03-19,0.306,0.31091248989105225
Quinault,2019-03-19,0.177,0.17203155159950256
Touchet_WA_824,2019-03-19,0.141,0.15880131721496582
Touchet_WA_824,2019-03-20,0.142,0.15822938084602356
Darrington,2019-03-20,0.247,0.24167995154857635
SourdoughGulch_WA_985,2019-03-20,0.316,0.3164201080799103
Quinault,2019-03-20,0.173,0.16640430688858032
Touchet_WA_824,2019-03-21,0.143,0.15559332072734833
SourdoughGulch_WA_985,2019-03-21,0.352,0.3215959072113037
Quinault,2019-03-21,0.169,0.17176562547683716
Darrington,2019-03-21,0.243,0.23966243863105774
SourdoughGulch_WA_985,2019-03-22,0.356,0.3306710422039032
Touchet_WA_824,2019-03-22,0.141,0.15750040113925934
Quinault,2019-03-22,0.18,0.18064266443252563
Darrington,2019-03-22,0.24,0.25107434391975403
Spokane,2019-03-23,0.332,0.3013151288032532
Touchet_WA_824,2019-03-23,0.143,0.16304223239421844
SourdoughGulch_WA_985,2019-03-23,0.359,0.3310607969760895
Quinault,2019-03-23,0.201,0.18618246912956238
Darrington,2019-03-23,0.239,0.248370960354805
Spokane,2019-03-24,0.322,0.30523481965065
Darrington,2019-03-24,0.237,0.24401213228702545
Quinault,2019-03-24,0.19,0.18008537590503693
Touchet_WA_824,2019-03-24,0.142,0.16680440306663513
SourdoughGulch_WA_985,2019-03-24,0.361,0.33052387833595276
Darrington,2019-03-25,0.239,0.24639542400836945
Spokane,2019-03-25,0.316,0.3020437955856323
Quinault,2019-03-25,0.203,0.2022097259759903
Touchet_WA_824,2019-03-25,0.143,0.1667231023311615
SourdoughGulch_WA_985,2019-03-25,0.359,0.34118708968162537
SourdoughGulch_WA_985,2019-03-26,0.357,0.3461551368236542
Spokane,2019-03-26,0.311,0.3008114993572235
Quinault,2019-03-26,0.227,0.2188284695148468
Darrington,2019-03-26,0.268,0.2459859848022461
Touchet_WA_824,2019-03-26,0.144,0.16131438314914703
SourdoughGulch_WA_985,2019-03-27,0.354,0.3429521918296814
Darrington,2019-03-27,0.253,0.2528039813041687
Touchet_WA_824,2019-03-27,0.145,0.15644901990890503
Spokane,2019-03-27,0.307,0.3017004132270813
Quinault,2019-03-27,0.199,0.21742378175258636
SourdoughGulch_WA_985,2019-03-28,0.348,0.34277063608169556
Darrington,2019-03-28,0.243,0.25013041496276855
Touchet_WA_824,2019-03-28,0.146,0.1637897491455078
Spokane,2019-03-28,0.306,0.29952871799468994
Quinault,2019-03-28,0.191,0.20788107812404633
Darrington,2019-03-29,0.237,0.24970734119415283
SourdoughGulch_WA_985,2019-03-29,0.347,0.341423898935318
Touchet_WA_824,2019-03-29,0.146,0.16344456374645233
Spokane,2019-03-29,0.304,0.3061549961566925
Quinault,2019-03-29,0.188,0.20967963337898254
Touchet_WA_824,2019-03-30,0.148,0.16463762521743774
Darrington,2019-03-30,0.233,0.24847011268138885
Spokane,2019-03-30,0.301,0.30693361163139343
Quinault,2019-03-30,0.187,0.20210176706314087
SourdoughGulch_WA_985,2019-03-30,0.347,0.341360867023468
Touchet_WA_824,2019-03-31,0.149,0.16523563861846924
Quinault,2019-03-31,0.186,0.19872994720935822
SourdoughGulch_WA_985,2019-03-31,0.341,0.3372305631637573
Darrington,2019-03-31,0.229,0.24827061593532562
Spokane,2019-03-31,0.302,0.3070494830608368
SourdoughGulch_WA_985,2019-04-01,0.338,0.33606573939323425
Quinault,2019-04-01,0.183,0.19938673079013824
Touchet_WA_824,2019-04-01,0.151,0.16454634070396423
Darrington,2019-04-01,0.225,0.24531376361846924
Spokane,2019-04-01,0.301,0.3066760301589966
Touchet_WA_824,2019-04-02,0.152,0.17475204169750214
Darrington,2019-04-02,0.221,0.22791574895381927
Spokane,2019-04-02,0.298,0.30367642641067505
SourdoughGulch_WA_985,2019-04-02,0.335,0.33063772320747375
Quinault,2019-04-02,0.179,0.19664455950260162
Touchet_WA_824,2019-04-03,0.153,0.17616307735443115
SourdoughGulch_WA_985,2019-04-03,0.333,0.32469281554222107
Spokane,2019-04-03,0.298,0.30718570947647095
Quinault,2019-04-03,0.242,0.2233317345380783
Darrington,2019-04-03,0.252,0.2519596517086029
Quinault,2019-04-04,0.215,0.22361281514167786
Touchet_WA_824,2019-04-04,0.153,0.17580309510231018
SourdoughGulch_WA_985,2019-04-04,0.331,0.3262406885623932
Spokane,2019-04-04,0.296,0.3063291907310486
Darrington,2019-04-04,0.26,0.2660970091819763
Touchet_WA_824,2019-04-05,0.153,0.168061301112175
Darrington,2019-04-05,0.266,0.28040260076522827
Spokane,2019-04-05,0.301,0.3114169239997864
Quinault,2019-04-05,0.244,0.2389964908361435
SourdoughGulch_WA_985,2019-04-05,0.328,0.3272203505039215
Quinault,2019-04-06,0.252,0.24458512663841248
Darrington,2019-04-06,0.286,0.2815106213092804
Spokane,2019-04-06,0.308,0.31896933913230896
Touchet_WA_824,2019-04-06,0.155,0.1648453325033188
SourdoughGulch_WA_985,2019-04-06,0.339,0.3303059935569763
SourdoughGulch_WA_985,2019-04-07,0.338,0.33297446370124817
Quinault,2019-04-07,0.225,0.2407471090555191
Spokane,2019-04-07,0.319,0.31817853450775146
Touchet_WA_824,2019-04-07,0.156,0.16673842072486877
Darrington,2019-04-07,0.291,0.2710862457752228
Quinault,2019-04-08,0.226,0.24529717862606049
Touchet_WA_824,2019-04-08,0.157,0.17759206891059875
Darrington,2019-04-08,0.273,0.2834990918636322
SourdoughGulch_WA_985,2019-04-08,0.354,0.3310338258743286
Spokane,2019-04-08,0.314,0.30338117480278015
Darrington,2019-04-09,0.297,0.28311505913734436
SourdoughGulch_WA_985,2019-04-09,0.35,0.33203133940696716
Spokane,2019-04-09,0.335,0.30935126543045044
Quinault,2019-04-09,0.217,0.2313009798526764
Touchet_WA_824,2019-04-09,0.158,0.1921825408935547
Quinault,2019-04-10,0.228,0.2285447120666504
Darrington,2019-04-10,0.299,0.2885799705982208
Touchet_WA_824,2019-04-10,0.159,0.18717141449451447
Spokane,2019-04-10,0.32,0.3100782036781311
SourdoughGulch_WA_985,2019-04-10,0.341,0.33047235012054443
Darrington,2019-04-11,0.303,0.29637980461120605
Touchet_WA_824,2019-04-11,0.161,0.18641740083694458
Spokane,2019-04-11,0.312,0.309781551361084
Quinault,2019-04-11,0.233,0.23268713057041168
SourdoughGulch_WA_985,2019-04-11,0.336,0.32873645424842834
SourdoughGulch_WA_985,2019-04-12,0.338,0.3287103474140167
Touchet_WA_824,2019-04-12,0.161,0.1796179860830307
Spokane,2019-04-12,0.314,0.3104602098464966
Darrington,2019-04-12,0.287,0.2885799705982208
Quinault,2019-04-12,0.219,0.22468222677707672
Darrington,2019-04-13,0.307,0.2988031506538391
Quinault,2019-04-13,0.236,0.236729234457016
Touchet_WA_824,2019-04-13,0.161,0.17786286771297455
SourdoughGulch_WA_985,2019-04-13,0.348,0.3284647464752197
Spokane,2019-04-13,0.319,0.3066309690475464
SourdoughGulch_WA_985,2019-04-14,0.338,0.3290836811065674
Spokane,2019-04-14,0.316,0.30580654740333557
Darrington,2019-04-14,0.306,0.2992311716079712
Touchet_WA_824,2019-04-14,0.163,0.17823565006256104
Quinault,2019-04-14,0.237,0.23395349085330963
Darrington,2019-04-15,0.274,0.29687848687171936
Quinault,2019-04-15,0.213,0.2251279354095459
Touchet_WA_824,2019-04-15,0.164,0.17744316160678864
Spokane,2019-04-15,0.31,0.30853819847106934
SourdoughGulch_WA_985,2019-04-15,0.338,0.3271777629852295
Touchet_WA_824,2019-04-16,0.165,0.1785525530576706
Darrington,2019-04-16,0.27,0.29533037543296814
Spokane,2019-04-16,0.307,0.306292861700058
Quinault,2019-04-16,0.214,0.22782780230045319
SourdoughGulch_WA_985,2019-04-16,0.334,0.3257383108139038
Darrington,2019-04-17,0.292,0.2896636724472046
Spokane,2019-04-17,0.302,0.30312380194664
SourdoughGulch_WA_985,2019-04-17,0.337,0.321289986371994
Quinault,2019-04-17,0.234,0.22336839139461517
Touchet_WA_824,2019-04-17,0.166,0.1844901144504547
SourdoughGulch_WA_985,2019-04-18,0.337,0.32105034589767456
Spokane,2019-04-18,0.298,0.30305978655815125
Darrington,2019-04-18,0.315,0.2927498519420624
Touchet_WA_824,2019-04-18,0.167,0.18297035992145538
Quinault,2019-04-18,0.233,0.23104988038539886
SourdoughGulch_WA_985,2019-04-19,0.333,0.32577067613601685
Spokane,2019-04-19,0.296,0.3083122670650482
Touchet_WA_824,2019-04-19,0.165,0.18023397028446198
Darrington,2019-04-19,0.319,0.2968665659427643
Quinault,2019-04-19,0.227,0.23245570063591003
Touchet_WA_824,2019-04-20,0.169,0.18046605587005615
SourdoughGulch_WA_985,2019-04-20,0.332,0.3254149258136749
Quinault,2019-04-20,0.206,0.22227440774440765
Spokane,2019-04-20,0.298,0.30745774507522583
Darrington,2019-04-20,0.272,0.2848661541938782
Touchet_WA_824,2019-04-21,0.169,0.17669880390167236
Spokane,2019-04-21,0.295,0.30367210507392883
SourdoughGulch_WA_985,2019-04-21,0.347,0.3224417269229889
Darrington,2019-04-21,0.251,0.28264889121055603
Quinault,2019-04-21,0.196,0.21661289036273956
Spokane,2019-04-22,0.291,0.296229749917984
SourdoughGulch_WA_985,2019-04-22,0.342,0.32883232831954956
Darrington,2019-04-22,0.25,0.2818402647972107
Touchet_WA_824,2019-04-22,0.17,0.1940397471189499
Quinault,2019-04-22,0.218,0.21803799271583557
Spokane,2019-04-23,0.287,0.29312995076179504
Quinault,2019-04-23,0.223,0.21665088832378387
Darrington,2019-04-23,0.26,0.26978030800819397
SourdoughGulch_WA_985,2019-04-23,0.338,0.3263084590435028
Touchet_WA_824,2019-04-23,0.171,0.1954594999551773
Touchet_WA_824,2019-04-24,0.171,0.1937633901834488
Quinault,2019-04-24,0.201,0.20708905160427094
Darrington,2019-04-24,0.248,0.2666952311992645
Spokane,2019-04-24,0.283,0.29352253675460815
SourdoughGulch_WA_985,2019-04-24,0.335,0.3267950415611267
Quinault,2019-04-25,0.191,0.20264187455177307
Touchet_WA_824,2019-04-25,0.171,0.19175562262535095
Spokane,2019-04-25,0.279,0.291194885969162
Darrington,2019-04-25,0.234,0.26400455832481384
SourdoughGulch_WA_985,2019-04-25,0.328,0.3266022205352783
Quinault,2019-04-26,0.183,0.18519790470600128
Darrington,2019-04-26,0.224,0.25185906887054443
Spokane,2019-04-26,0.284,0.28933101892471313
Touchet_WA_824,2019-04-26,0.172,0.19358977675437927
SourdoughGulch_WA_985,2019-04-26,0.323,0.3236149549484253
Spokane,2019-04-27,0.282,0.29084718227386475
Darrington,2019-04-27,0.225,0.24595996737480164
SourdoughGulch_WA_985,2019-04-27,0.315,0.3205220401287079
Quinault,2019-04-27,0.178,0.1870328038930893
Touchet_WA_824,2019-04-27,0.173,0.19220402836799622
Spokane,2019-04-28,0.278,0.2894243896007538
Darrington,2019-04-28,0.22,0.24154634773731232
Touchet_WA_824,2019-04-28,0.175,0.19318969547748566
SourdoughGulch_WA_985,2019-04-28,0.308,0.3179525136947632
Quinault,2019-04-28,0.174,0.18587060272693634
Spokane,2019-04-29,0.274,0.28636136651039124
Darrington,2019-04-29,0.211,0.23524069786071777
Quinault,2019-04-29,0.168,0.18903514742851257
Touchet_WA_824,2019-04-29,0.175,0.1937209963798523
SourdoughGulch_WA_985,2019-04-29,0.303,0.3123294413089752
Darrington,2019-04-30,0.203,0.23317871987819672
Touchet_WA_824,2019-04-30,0.176,0.19210132956504822
SourdoughGulch_WA_985,2019-04-30,0.3,0.31140440702438354
Quinault,2019-04-30,0.163,0.18277078866958618
Spokane,2019-04-30,0.27,0.26926642656326294
SourdoughGulch_WA_985,2019-05-01,0.295,0.30984196066856384
Touchet_WA_824,2019-05-01,0.177,0.19013120234012604
Quinault,2019-05-01,0.157,0.17784811556339264
Spokane,2019-05-01,0.266,0.26592928171157837
Darrington,2019-05-01,0.195,0.2183777093887329
Touchet_WA_824,2019-05-02,0.177,0.20558355748653412
Quinault,2019-05-02,0.151,0.16676625609397888
Spokane,2019-05-02,0.262,0.26108407974243164
Darrington,2019-05-02,0.193,0.22589266300201416
SourdoughGulch_WA_985,2019-05-02,0.289,0.2994956076145172
Touchet_WA_824,2019-05-03,0.179,0.2024371474981308
Spokane,2019-05-03,0.258,0.2538311779499054
SourdoughGulch_WA_985,2019-05-03,0.287,0.29173046350479126
Darrington,2019-05-03,0.192,0.21828311681747437
Quinault,2019-05-03,0.144,0.15589703619480133
SourdoughGulch_WA_985,2019-05-04,0.284,0.2908850610256195
Quinault,2019-05-04,0.135,0.15070247650146484
Darrington,2019-05-04,0.186,0.214111328125
Touchet_WA_824,2019-05-04,0.179,0.2025013267993927
Spokane,2019-05-04,0.254,0.2506437301635742
Darrington,2019-05-05,0.176,0.21154917776584625
SourdoughGulch_WA_985,2019-05-05,0.281,0.28660720586776733
Spokane,2019-05-05,0.249,0.24127714335918427
Touchet_WA_824,2019-05-05,0.179,0.20224127173423767
Quinault,2019-05-05,0.128,0.14607030153274536
Quinault,2019-05-06,0.119,0.13612185418605804
Spokane,2019-05-06,0.243,0.22245065867900848
Touchet_WA_824,2019-05-06,0.181,0.1920854151248932
Darrington,2019-05-06,0.163,0.18894585967063904
SourdoughGulch_WA_985,2019-05-06,0.274,0.2771563231945038
Spokane,2019-05-07,0.243,0.22091370820999146
Touchet_WA_824,2019-05-07,0.182,0.20195512473583221
Quinault,2019-05-07,0.11,0.13078561425209045
Darrington,2019-05-07,0.151,0.173979714512825
SourdoughGulch_WA_985,2019-05-07,0.272,0.27679967880249023
Touchet_WA_824,2019-05-08,0.185,0.20596425235271454
SourdoughGulch_WA_985,2019-05-08,0.267,0.27617236971855164
Spokane,2019-05-08,0.235,0.21745993196964264
Darrington,2019-05-08,0.139,0.15640804171562195
Quinault,2019-05-08,0.103,0.12057927250862122
SourdoughGulch_WA_985,2019-05-09,0.26,0.2637673318386078
Touchet_WA_824,2019-05-09,0.188,0.2102157324552536
Darrington,2019-05-09,0.126,0.15211834013462067
Quinault,2019-05-09,0.095,0.11821307241916656
Spokane,2019-05-09,0.228,0.2175382524728775
Spokane,2019-05-10,0.22,0.22064892947673798
Touchet_WA_824,2019-05-10,0.192,0.2063886970281601
SourdoughGulch_WA_985,2019-05-10,0.258,0.25796452164649963
Darrington,2019-05-10,0.113,0.13809192180633545
Quinault,2019-05-10,0.087,0.10637011379003525
SourdoughGulch_WA_985,2019-05-11,0.253,0.25505465269088745
Spokane,2019-05-11,0.213,0.22053119540214539
Touchet_WA_824,2019-05-11,0.198,0.20382361114025116
Quinault,2019-05-11,0.08,0.09932615607976913
Darrington,2019-05-11,0.101,0.12519964575767517
SourdoughGulch_WA_985,2019-05-12,0.25,0.25134676694869995
Quinault,2019-05-12,0.076,0.0864720493555069
Darrington,2019-05-12,0.095,0.10821793973445892
Touchet_WA_824,2019-05-12,0.203,0.23632092773914337
Spokane,2019-05-12,0.204,0.21934793889522552
Darrington,2019-05-13,0.091,0.09710206836462021
Quinault,2019-05-13,0.073,0.09095119684934616
Touchet_WA_824,2019-05-13,0.283,0.27309390902519226
SourdoughGulch_WA_985,2019-05-13,0.245,0.2424134910106659
Spokane,2019-05-13,0.197,0.21238845586776733
Darrington,2019-05-14,0.09,0.10384555160999298
Touchet_WA_824,2019-05-14,0.34,0.29750826954841614
Spokane,2019-05-14,0.192,0.17089104652404785
SourdoughGulch_WA_985,2019-05-14,0.232,0.22916242480278015
Quinault,2019-05-14,0.141,0.13381820917129517
Spokane,2019-05-15,0.19,0.15681681036949158
SourdoughGulch_WA_985,2019-05-15,0.219,0.2071826308965683
Touchet_WA_824,2019-05-15,0.343,0.30061376094818115
Quinault,2019-05-15,0.185,0.16884472966194153
Darrington,2019-05-15,0.09,0.11057530343532562
SourdoughGulch_WA_985,2019-05-16,0.217,0.213682159781456
Touchet_WA_824,2019-05-16,0.344,0.303227037191391
Quinault,2019-05-16,0.197,0.187555730342865
Spokane,2019-05-16,0.213,0.19074612855911255
Darrington,2019-05-16,0.089,0.14212606847286224
Darrington,2019-05-17,0.147,0.18109753727912903
SourdoughGulch_WA_985,2019-05-17,0.215,0.22582361102104187
Quinault,2019-05-17,0.188,0.20335076749324799
Touchet_WA_824,2019-05-17,0.342,0.30489611625671387
Spokane,2019-05-17,0.264,0.2016313225030899
Quinault,2019-05-18,0.189,0.19516268372535706
Touchet_WA_824,2019-05-18,0.345,0.30332493782043457
Darrington,2019-05-18,0.174,0.17868560552597046
Spokane,2019-05-18,0.266,0.22941406071186066
SourdoughGulch_WA_985,2019-05-18,0.211,0.23171532154083252
Darrington,2019-05-19,0.161,0.17533911764621735
Quinault,2019-05-19,0.185,0.19888903200626373
SourdoughGulch_WA_985,2019-05-19,0.212,0.23137207329273224
Spokane,2019-05-19,0.257,0.2341962605714798
Touchet_WA_824,2019-05-19,0.345,0.3072237968444824
SourdoughGulch_WA_985,2019-05-20,0.216,0.23348230123519897
Darrington,2019-05-20,0.179,0.19833317399024963
Spokane,2019-05-20,0.249,0.23858322203159332
Touchet_WA_824,2019-05-20,0.336,0.2936776280403137
Quinault,2019-05-20,0.195,0.19890666007995605
Darrington,2019-05-21,0.201,0.19064107537269592
Spokane,2019-05-21,0.244,0.23348407447338104
Touchet_WA_824,2019-05-21,0.306,0.2879709303379059
Quinault,2019-05-21,0.191,0.18542669713497162
SourdoughGulch_WA_985,2019-05-21,0.203,0.2347554862499237
Quinault,2019-05-22,0.182,0.1897629201412201
Touchet_WA_824,2019-05-22,0.307,0.2786830961704254
Spokane,2019-05-22,0.238,0.22986847162246704
SourdoughGulch_WA_985,2019-05-22,0.206,0.23403914272785187
Darrington,2019-05-22,0.187,0.19359444081783295
Darrington,2019-05-23,0.172,0.18843384087085724
Touchet_WA_824,2019-05-23,0.287,0.27021336555480957
Quinault,2019-05-23,0.168,0.16976298391819
SourdoughGulch_WA_985,2019-05-23,0.209,0.24354217946529388
Spokane,2019-05-23,0.231,0.22159922122955322
Touchet_WA_824,2019-05-24,0.267,0.2699432671070099
SourdoughGulch_WA_985,2019-05-24,0.216,0.24457505345344543
Darrington,2019-05-24,0.206,0.19366466999053955
Spokane,2019-05-24,0.231,0.2286055088043213
Quinault,2019-05-24,0.16,0.1636061817407608
Spokane,2019-05-25,0.23,0.22958767414093018
Touchet_WA_824,2019-05-25,0.265,0.26848962903022766
SourdoughGulch_WA_985,2019-05-25,0.211,0.24814949929714203
Quinault,2019-05-25,0.173,0.17243264615535736
Darrington,2019-05-25,0.226,0.20219407975673676
Spokane,2019-05-26,0.261,0.2365405410528183
Touchet_WA_824,2019-05-26,0.261,0.262886106967926
SourdoughGulch_WA_985,2019-05-26,0.311,0.25585702061653137
Quinault,2019-05-26,0.182,0.1725800782442093
Darrington,2019-05-26,0.225,0.20062117278575897
Spokane,2019-05-27,0.248,0.23668989539146423
Touchet_WA_824,2019-05-27,0.257,0.24933291971683502
Quinault,2019-05-27,0.171,0.16056522727012634
Darrington,2019-05-27,0.196,0.1906243860721588
SourdoughGulch_WA_985,2019-05-27,0.309,0.26061365008354187
Spokane,2019-05-28,0.239,0.2316388636827469
Quinault,2019-05-28,0.163,0.15631018579006195
SourdoughGulch_WA_985,2019-05-28,0.292,0.268063485622406
Darrington,2019-05-28,0.175,0.14443285763263702
Touchet_WA_824,2019-05-28,0.266,0.25555434823036194
Quinault,2019-05-29,0.156,0.14752447605133057
SourdoughGulch_WA_985,2019-05-29,0.291,0.27662357687950134
Darrington,2019-05-29,0.162,0.12630946934223175
Spokane,2019-05-29,0.23,0.22513459622859955
Touchet_WA_824,2019-05-29,0.253,0.2529461979866028
Touchet_WA_824,2019-05-30,0.256,0.25547805428504944
Quinault,2019-05-30,0.147,0.14214062690734863
Spokane,2019-05-30,0.225,0.21812452375888824
SourdoughGulch_WA_985,2019-05-30,0.283,0.28250691294670105
Darrington,2019-05-30,0.149,0.12200192362070084
Darrington,2019-05-31,0.133,0.11772569268941879
Quinault,2019-05-31,0.145,0.14267607033252716
Touchet_WA_824,2019-05-31,0.256,0.255145400762558
Spokane,2019-05-31,0.224,0.21479032933712006
SourdoughGulch_WA_985,2019-05-31,0.273,0.28219929337501526
Darrington,2019-06-01,0.118,0.11095362901687622
Quinault,2019-06-01,0.184,0.13964708149433136
Touchet_WA_824,2019-06-01,0.239,0.2513660788536072
SourdoughGulch_WA_985,2019-06-01,0.269,0.28102511167526245
Spokane,2019-06-01,0.212,0.20066112279891968
Quinault,2019-06-02,0.178,0.13776598870754242
Touchet_WA_824,2019-06-02,0.349,0.24415896832942963
Darrington,2019-06-02,0.105,0.10370662808418274
Spokane,2019-06-02,0.202,0.1690937876701355
SourdoughGulch_WA_985,2019-06-02,0.262,0.2766006588935852
Darrington,2019-06-03,0.097,0.08901707082986832
SourdoughGulch_WA_985,2019-06-03,0.254,0.27559253573417664
Touchet_WA_824,2019-06-03,0.293,0.23657065629959106
Spokane,2019-06-03,0.191,0.1559465080499649
Quinault,2019-06-03,0.168,0.14372512698173523
Spokane,2019-06-04,0.182,0.13544338941574097
SourdoughGulch_WA_985,2019-06-04,0.244,0.262914776802063
Darrington,2019-06-04,0.09,0.08205809444189072
Quinault,2019-06-04,0.157,0.1336967796087265
Touchet_WA_824,2019-06-04,0.258,0.22845973074436188
Touchet_WA_824,2019-06-05,0.234,0.21364447474479675
Spokane,2019-06-05,0.178,0.15365275740623474
Darrington,2019-06-05,0.087,0.08627532422542572
Quinault,2019-06-05,0.156,0.13848650455474854
SourdoughGulch_WA_985,2019-06-05,0.235,0.2621297240257263
Spokane,2019-06-06,0.187,0.15391460061073303
Darrington,2019-06-06,0.085,0.09909423440694809
SourdoughGulch_WA_985,2019-06-06,0.221,0.2607268989086151
Touchet_WA_824,2019-06-06,0.22,0.2182272970676422
Quinault,2019-06-06,0.175,0.15520066022872925
Touchet_WA_824,2019-06-07,0.228,0.21925583481788635
Quinault,2019-06-07,0.256,0.2077580839395523
Spokane,2019-06-07,0.179,0.15300655364990234
SourdoughGulch_WA_985,2019-06-07,0.317,0.25889113545417786
Darrington,2019-06-07,0.085,0.14348794519901276
Quinault,2019-06-08,0.239,0.20798835158348083
Spokane,2019-06-08,0.174,0.15012292563915253
SourdoughGulch_WA_985,2019-06-08,0.293,0.255393385887146
Touchet_WA_824,2019-06-08,0.225,0.21635796129703522
Darrington,2019-06-08,0.091,0.15133719146251678
Touchet_WA_824,2019-06-09,0.223,0.20946556329727173
Spokane,2019-06-09,0.17,0.13440237939357758
Quinault,2019-06-09,0.222,0.19234786927700043
Darrington,2019-06-09,0.097,0.15095286071300507
SourdoughGulch_WA_985,2019-06-09,0.276,0.25301092863082886
Quinault,2019-06-10,0.209,0.16386567056179047
SourdoughGulch_WA_985,2019-06-10,0.274,0.2575300633907318
Spokane,2019-06-10,0.163,0.13267487287521362
Darrington,2019-06-10,0.097,0.13081836700439453
Touchet_WA_824,2019-06-10,0.21,0.19297005236148834
Quinault,2019-06-11,0.196,0.13809864223003387
SourdoughGulch_WA_985,2019-06-11,0.27,0.25365087389945984
Darrington,2019-06-11,0.093,0.11558901518583298
Spokane,2019-06-11,0.154,0.1313149482011795
Touchet_WA_824,2019-06-11,0.196,0.1892925202846527
Quinault,2019-06-12,0.184,0.13501520454883575
Darrington,2019-06-12,0.087,0.10802516341209412
Spokane,2019-06-12,0.145,0.13141599297523499
Touchet_WA_824,2019-06-12,0.182,0.1793435961008072
SourdoughGulch_WA_985,2019-06-12,0.263,0.2630632221698761
Darrington,2019-06-13,0.081,0.10597265511751175
Quinault,2019-06-13,0.172,0.13536739349365234
SourdoughGulch_WA_985,2019-06-13,0.256,0.26091110706329346
Spokane,2019-06-13,0.135,0.12764504551887512
Touchet_WA_824,2019-06-13,0.168,0.16859591007232666
Spokane,2019-06-14,0.125,0.11913024634122849
Touchet_WA_824,2019-06-14,0.155,0.16300170123577118
Quinault,2019-06-14,0.164,0.13507923483848572
Darrington,2019-06-14,0.078,0.1011541411280632
SourdoughGulch_WA_985,2019-06-14,0.24,0.27259159088134766
Spokane,2019-06-15,0.117,0.11993391066789627
Darrington,2019-06-15,0.076,0.09493438154459
Quinault,2019-06-15,0.156,0.12428604066371918
Touchet_WA_824,2019-06-15,0.141,0.156681090593338
SourdoughGulch_WA_985,2019-06-15,0.234,0.260978639125824
Spokane,2019-06-16,0.109,0.11222932487726212
Touchet_WA_824,2019-06-16,0.124,0.1556229144334793
SourdoughGulch_WA_985,2019-06-16,0.223,0.2420455664396286
Quinault,2019-06-16,0.148,0.11566067487001419
Darrington,2019-06-16,0.073,0.08258356153964996
Spokane,2019-06-17,0.102,0.10622801631689072
SourdoughGulch_WA_985,2019-06-17,0.216,0.2367863804101944
Quinault,2019-06-17,0.141,0.11029666662216187
Darrington,2019-06-17,0.069,0.07916318625211716
Touchet_WA_824,2019-06-17,0.111,0.14940506219863892
Touchet_WA_824,2019-06-18,0.091,0.13754011690616608
SourdoughGulch_WA_985,2019-06-18,0.203,0.2298147976398468
Spokane,2019-06-18,0.095,0.0995916947722435
Quinault,2019-06-18,0.135,0.10829946398735046
Darrington,2019-06-18,0.069,0.08583077788352966
Quinault,2019-06-19,0.13,0.1132742315530777
Spokane,2019-06-19,0.089,0.09611862152814865
SourdoughGulch_WA_985,2019-06-19,0.188,0.2200930118560791
Touchet_WA_824,2019-06-19,0.07,0.1360323280096054
Darrington,2019-06-19,0.075,0.08533524721860886
Darrington,2019-06-20,0.076,0.09825612604618073
SourdoughGulch_WA_985,2019-06-20,0.183,0.2139633148908615
Quinault,2019-06-20,0.127,0.11506922543048859
Touchet_WA_824,2019-06-20,0.055,0.1577662229537964
Spokane,2019-06-20,0.084,0.09532631188631058
Quinault,2019-06-21,0.124,0.11438723653554916
SourdoughGulch_WA_985,2019-06-21,0.168,0.20285074412822723
Spokane,2019-06-21,0.081,0.09331019967794418
Darrington,2019-06-21,0.075,0.0984170138835907
Touchet_WA_824,2019-06-21,0.146,0.15601401031017303
Darrington,2019-06-22,0.074,0.09127767384052277
SourdoughGulch_WA_985,2019-06-22,0.157,0.2009337693452835
Quinault,2019-06-22,0.121,0.10984519869089127
Touchet_WA_824,2019-06-22,0.18,0.15514127910137177
Spokane,2019-06-22,0.081,0.08998122066259384
Darrington,2019-06-23,0.074,0.10514595359563828
Quinault,2019-06-23,0.117,0.11112425476312637
Spokane,2019-06-23,0.078,0.08640307188034058
Touchet_WA_824,2019-06-23,0.162,0.15522196888923645
SourdoughGulch_WA_985,2019-06-23,0.158,0.1987772285938263
Quinault,2019-06-24,0.114,0.10058457404375076
Touchet_WA_824,2019-06-24,0.152,0.17282480001449585
SourdoughGulch_WA_985,2019-06-24,0.154,0.1957487016916275
Darrington,2019-06-24,0.073,0.10648319870233536
Spokane,2019-06-24,0.076,0.0859534814953804
Quinault,2019-06-25,0.112,0.11972224712371826
Darrington,2019-06-25,0.071,0.10540905594825745
SourdoughGulch_WA_985,2019-06-25,0.154,0.1896878480911255
Spokane,2019-06-25,0.072,0.07857035100460052
Touchet_WA_824,2019-06-25,0.135,0.1370207667350769
Darrington,2019-06-26,0.072,0.10765138268470764
SourdoughGulch_WA_985,2019-06-26,0.156,0.19221171736717224
Quinault,2019-06-26,0.127,0.1407671421766281
Spokane,2019-06-26,0.069,0.06750988215208054
Touchet_WA_824,2019-06-26,0.119,0.13706083595752716
Darrington,2019-06-27,0.127,0.16690362989902496
Spokane,2019-06-27,0.066,0.06994888931512833
SourdoughGulch_WA_985,2019-06-27,0.268,0.23104581236839294
Touchet_WA_824,2019-06-27,0.182,0.137897327542305
Quinault,2019-06-27,0.216,0.19659051299095154
Darrington,2019-06-28,0.165,0.17689909040927887
Spokane,2019-06-28,0.066,0.06545627862215042
SourdoughGulch_WA_985,2019-06-28,0.316,0.28232622146606445
Quinault,2019-06-28,0.211,0.20588725805282593
Touchet_WA_824,2019-06-28,0.246,0.14629541337490082
SourdoughGulch_WA_985,2019-06-29,0.307,0.2865006625652313
Touchet_WA_824,2019-06-29,0.211,0.14402633905410767
Quinault,2019-06-29,0.19,0.19747261703014374
Darrington,2019-06-29,0.16,0.17720918357372284
Spokane,2019-06-29,0.067,0.06213943287730217
Spokane,2019-06-30,0.068,0.0618557408452034
Darrington,2019-06-30,0.147,0.16665004193782806
Quinault,2019-06-30,0.176,0.17319123446941376
SourdoughGulch_WA_985,2019-06-30,0.308,0.2856936752796173
Touchet_WA_824,2019-06-30,0.186,0.14109893143177032
SourdoughGulch_WA_985,2019-07-01,0.303,0.28443750739097595
Quinault,2019-07-01,0.164,0.15678486227989197
Darrington,2019-07-01,0.134,0.13145752251148224
Spokane,2019-07-01,0.068,0.057850416749715805
Touchet_WA_824,2019-07-01,0.162,0.13863438367843628
Touchet_WA_824,2019-07-02,0.143,0.13648982346057892
Darrington,2019-07-02,0.124,0.1270318627357483
Spokane,2019-07-02,0.066,0.057850416749715805
Quinault,2019-07-02,0.157,0.15608540177345276
SourdoughGulch_WA_985,2019-07-02,0.292,0.28540197014808655
Darrington,2019-07-03,0.119,0.12159912288188934
Spokane,2019-07-03,0.063,0.05455656349658966
Quinault,2019-07-03,0.152,0.1467738300561905
Touchet_WA_824,2019-07-03,0.137,0.13215970993041992
SourdoughGulch_WA_985,2019-07-03,0.287,0.2731398940086365
Spokane,2019-07-04,0.06,0.05340813100337982
SourdoughGulch_WA_985,2019-07-04,0.284,0.2722216844558716
Quinault,2019-07-04,0.144,0.13926613330841064
Darrington,2019-07-04,0.115,0.1139787882566452
Touchet_WA_824,2019-07-04,0.152,0.12803800404071808
SourdoughGulch_WA_985,2019-07-05,0.279,0.27087846398353577
Darrington,2019-07-05,0.112,0.107029490172863
Touchet_WA_824,2019-07-05,0.143,0.12549415230751038
Spokane,2019-07-05,0.057,0.05110612139105797
Quinault,2019-07-05,0.14,0.13720422983169556
Quinault,2019-07-06,0.136,0.13484011590480804
Touchet_WA_824,2019-07-06,0.13,0.12094134837388992
SourdoughGulch_WA_985,2019-07-06,0.278,0.262832373380661
Spokane,2019-07-06,0.055,0.050455015152692795
Darrington,2019-07-06,0.106,0.10636625438928604
Touchet_WA_824,2019-07-07,0.151,0.10997974127531052
SourdoughGulch_WA_985,2019-07-07,0.278,0.2612743675708771
Spokane,2019-07-07,0.052,0.0467304103076458
Darrington,2019-07-07,0.101,0.10402065515518188
Quinault,2019-07-07,0.132,0.13230650126934052
SourdoughGulch_WA_985,2019-07-08,0.268,0.26947733759880066
Spokane,2019-07-08,0.048,0.0437420979142189
Quinault,2019-07-08,0.13,0.13374285399913788
Touchet_WA_824,2019-07-08,0.131,0.10799111425876617
Darrington,2019-07-08,0.096,0.1044781357049942
Touchet_WA_824,2019-07-09,0.117,0.09365662187337875
Quinault,2019-07-09,0.14,0.1601802259683609
Spokane,2019-07-09,0.046,0.047412771731615067
SourdoughGulch_WA_985,2019-07-09,0.261,0.26653024554252625
Darrington,2019-07-09,0.088,0.10699314624071121
SourdoughGulch_WA_985,2019-07-10,0.26,0.25596919655799866
Touchet_WA_824,2019-07-10,0.104,0.09018763899803162
Darrington,2019-07-10,0.09,0.13308213651180267
Quinault,2019-07-10,0.242,0.21939679980278015
Spokane,2019-07-10,0.044,0.04473070055246353
Darrington,2019-07-11,0.1,0.15191301703453064
Spokane,2019-07-11,0.042,0.043996162712574005
Touchet_WA_824,2019-07-11,0.092,0.0865963026881218
Quinault,2019-07-11,0.232,0.21790190041065216
SourdoughGulch_WA_985,2019-07-11,0.258,0.2587015628814697
Spokane,2019-07-12,0.041,0.04272833466529846
Touchet_WA_824,2019-07-12,0.086,0.06547581404447556
Quinault,2019-07-12,0.212,0.2129000425338745
Darrington,2019-07-12,0.098,0.1382121592760086
SourdoughGulch_WA_985,2019-07-12,0.248,0.25096607208251953
Touchet_WA_824,2019-07-13,0.074,0.05524582788348198
Darrington,2019-07-13,0.092,0.13581342995166779
SourdoughGulch_WA_985,2019-07-13,0.244,0.24472090601921082
Spokane,2019-07-13,0.04,0.037200748920440674
Quinault,2019-07-13,0.199,0.20816317200660706
Quinault,2019-07-14,0.189,0.1934843212366104
Darrington,2019-07-14,0.087,0.13511741161346436
Spokane,2019-07-14,0.037,0.03625093773007393
SourdoughGulch_WA_985,2019-07-14,0.236,0.2334103137254715
Touchet_WA_824,2019-07-14,0.063,0.051311422139406204
Spokane,2019-07-15,0.034,0.03801720216870308
Touchet_WA_824,2019-07-15,0.054,0.049904946237802505
Darrington,2019-07-15,0.082,0.1279657632112503
SourdoughGulch_WA_985,2019-07-15,0.225,0.2281128317117691
Quinault,2019-07-15,0.181,0.1928589940071106
Spokane,2019-07-16,0.034,0.042518362402915955
Quinault,2019-07-16,0.176,0.193090558052063
SourdoughGulch_WA_985,2019-07-16,0.205,0.22638791799545288
Touchet_WA_824,2019-07-16,0.049,0.04774633049964905
Darrington,2019-07-16,0.081,0.12310819327831268
Darrington,2019-07-17,0.1,0.18307219445705414
SourdoughGulch_WA_985,2019-07-17,0.196,0.20763999223709106
Spokane,2019-07-17,0.035,0.04486429691314697
Touchet_WA_824,2019-07-17,0.039,0.03962765634059906
Quinault,2019-07-17,0.236,0.2189645916223526
Darrington,2019-07-18,0.158,0.18951039016246796
Touchet_WA_824,2019-07-18,0.035,0.047133851796388626
Spokane,2019-07-18,0.038,0.04486429691314697
Quinault,2019-07-18,0.236,0.21970634162425995
SourdoughGulch_WA_985,2019-07-18,0.185,0.1945597529411316
Darrington,2019-07-19,0.16,0.18680541217327118
Spokane,2019-07-19,0.04,0.04337632656097412
Quinault,2019-07-19,0.224,0.21864086389541626
SourdoughGulch_WA_985,2019-07-19,0.19,0.1898147016763687
Touchet_WA_824,2019-07-19,0.03,0.04551074653863907
Darrington,2019-07-20,0.155,0.18682585656642914
Spokane,2019-07-20,0.042,0.04337632656097412
Quinault,2019-07-20,0.213,0.21912884712219238
SourdoughGulch_WA_985,2019-07-20,0.176,0.184723362326622
Touchet_WA_824,2019-07-20,0.026,0.03948935493826866
Darrington,2019-07-21,0.145,0.1576939970254898
Spokane,2019-07-21,0.044,0.04337632656097412
SourdoughGulch_WA_985,2019-07-21,0.175,0.1735069304704666
Quinault,2019-07-21,0.203,0.19525760412216187
Touchet_WA_824,2019-07-21,0.023,0.034074410796165466
Quinault,2019-07-22,0.194,0.19113023579120636
Spokane,2019-07-22,0.044,0.04394469037652016
SourdoughGulch_WA_985,2019-07-22,0.174,0.16552221775054932
Darrington,2019-07-22,0.134,0.13465113937854767
Touchet_WA_824,2019-07-22,0.018,0.02647566981613636
SourdoughGulch_WA_985,2019-07-23,0.166,0.1622031182050705
Quinault,2019-07-23,0.187,0.18924400210380554
Darrington,2019-07-23,0.126,0.1258835643529892
Spokane,2019-07-23,0.044,0.04125480726361275
Touchet_WA_824,2019-07-23,0.017,0.02543964795768261
Darrington,2019-07-24,0.12,0.12799446284770966
Quinault,2019-07-24,0.182,0.18854054808616638
Spokane,2019-07-24,0.043,0.05079466104507446
SourdoughGulch_WA_985,2019-07-24,0.163,0.17973428964614868
Touchet_WA_824,2019-07-24,0.015,0.031326841562986374
Touchet_WA_824,2019-07-25,0.01,0.029951559379696846
Darrington,2019-07-25,0.114,0.11859159916639328
SourdoughGulch_WA_985,2019-07-25,0.157,0.1646982729434967
Quinault,2019-07-25,0.174,0.16266696155071259
Spokane,2019-07-25,0.046,0.05103765055537224
SourdoughGulch_WA_985,2019-07-26,0.151,0.1636807769536972
Darrington,2019-07-26,0.106,0.11335108429193497
Spokane,2019-07-26,0.051,0.0495586134493351
Touchet_WA_824,2019-07-26,0.009,0.02293345332145691
Quinault,2019-07-26,0.166,0.15554392337799072
Spokane,2019-07-27,0.054,0.04795920103788376
Touchet_WA_824,2019-07-27,0.01,0.021914198994636536
Darrington,2019-07-27,0.102,0.12075672298669815
SourdoughGulch_WA_985,2019-07-27,0.147,0.16205811500549316
Quinault,2019-07-27,0.194,0.15862108767032623
Spokane,2019-07-28,0.053,0.047540802508592606
Darrington,2019-07-28,0.099,0.11034373193979263
Quinault,2019-07-28,0.187,0.1545613706111908
Touchet_WA_824,2019-07-28,0.007,0.018949231132864952
SourdoughGulch_WA_985,2019-07-28,0.145,0.15783539414405823
Touchet_WA_824,2019-07-29,0.007,0.018949231132864952
Spokane,2019-07-29,0.052,0.051175519824028015
Quinault,2019-07-29,0.177,0.1531691998243332
SourdoughGulch_WA_985,2019-07-29,0.139,0.1589733064174652
Darrington,2019-07-29,0.094,0.10961456596851349
Darrington,2019-07-30,0.091,0.1074613481760025
Touchet_WA_824,2019-07-30,0.005,0.011405632831156254
Quinault,2019-07-30,0.169,0.1496807336807251
SourdoughGulch_WA_985,2019-07-30,0.132,0.15504738688468933
Spokane,2019-07-30,0.05,0.05065305531024933
Darrington,2019-07-31,0.088,0.09929026663303375
Touchet_WA_824,2019-07-31,0.005,0.00979638658463955
SourdoughGulch_WA_985,2019-07-31,0.133,0.15899334847927094
Quinault,2019-07-31,0.162,0.14622770249843597
Spokane,2019-07-31,0.048,0.05015129595994949
SourdoughGulch_WA_985,2019-08-01,0.129,0.13287605345249176
Touchet_WA_824,2019-08-01,0.004,0.006651747971773148
Quinault,2019-08-01,0.165,0.14777983725070953
Spokane,2019-08-01,0.046,0.04960332810878754
Darrington,2019-08-01,0.084,0.09521595388650894
Quinault,2019-08-02,0.245,0.21560822427272797
Darrington,2019-08-02,0.101,0.1035490557551384
SourdoughGulch_WA_985,2019-08-02,0.126,0.1310601383447647
Touchet_WA_824,2019-08-02,0.001,0.006651747971773148
Spokane,2019-08-02,0.043,0.04960332810878754
Spokane,2019-08-03,0.039,0.04960332810878754
Quinault,2019-08-03,0.218,0.21420925855636597
Darrington,2019-08-03,0.113,0.10543550550937653
Touchet_WA_824,2019-08-03,0.001,0.0069931261241436005
SourdoughGulch_WA_985,2019-08-03,0.119,0.13314983248710632
Quinault,2019-08-04,0.206,0.2118028700351715
SourdoughGulch_WA_985,2019-08-04,0.111,0.1375923752784729
Touchet_WA_824,2019-08-04,0.0,0.006442416459321976
Spokane,2019-08-04,0.037,0.04749095439910889
Darrington,2019-08-04,0.111,0.10169924050569534
Touchet_WA_824,2019-08-05,0.0,0.00557961780577898
SourdoughGulch_WA_985,2019-08-05,0.111,0.11876212805509567
Quinault,2019-08-05,0.197,0.20735545456409454
Darrington,2019-08-05,0.105,0.09876755625009537
Spokane,2019-08-05,0.035,0.04240041226148605
Spokane,2019-08-06,0.033,0.04240041226148605
Touchet_WA_824,2019-08-06,0.0,0.00557961780577898
SourdoughGulch_WA_985,2019-08-06,0.112,0.11626235395669937
Darrington,2019-08-06,0.099,0.08817581832408905
Quinault,2019-08-06,0.19,0.1693381667137146
Touchet_WA_824,2019-08-07,0.0,0.005327044054865837
Darrington,2019-08-07,0.094,0.08333209902048111
Quinault,2019-08-07,0.186,0.15675704181194305
SourdoughGulch_WA_985,2019-08-07,0.107,0.1083444133400917
Spokane,2019-08-07,0.031,0.04240041226148605
Quinault,2019-08-08,0.183,0.15667608380317688
Touchet_WA_824,2019-08-08,0.0,0.007202879060059786
SourdoughGulch_WA_985,2019-08-08,0.104,0.10646454989910126
Darrington,2019-08-08,0.091,0.08204913139343262
Spokane,2019-08-08,0.03,0.04240041226148605
Spokane,2019-08-09,0.028,0.04584439843893051
Touchet_WA_824,2019-08-09,0.0,0.018408920615911484
SourdoughGulch_WA_985,2019-08-09,0.096,0.1056034043431282
Quinault,2019-08-09,0.179,0.15057435631752014
Darrington,2019-08-09,0.089,0.08055271208286285
Spokane,2019-08-10,0.029,0.051799897104501724
SourdoughGulch_WA_985,2019-08-10,0.091,0.10016053915023804
Quinault,2019-08-10,0.198,0.16749300062656403
Darrington,2019-08-10,0.092,0.08399658650159836
Touchet_WA_824,2019-08-10,0.0,0.056141339242458344
SourdoughGulch_WA_985,2019-08-11,0.091,0.12785816192626953
Spokane,2019-08-11,0.046,0.06420060992240906
Darrington,2019-08-11,0.093,0.08310849964618683
Touchet_WA_824,2019-08-11,0.0,0.0640609934926033
Quinault,2019-08-11,0.226,0.2042732834815979
Spokane,2019-08-12,0.131,0.07474963366985321
Darrington,2019-08-12,0.092,0.09103793650865555
SourdoughGulch_WA_985,2019-08-12,0.093,0.13790298998355865
Quinault,2019-08-12,0.243,0.21028850972652435
Touchet_WA_824,2019-08-12,0.01,0.06608337163925171
Spokane,2019-08-13,0.121,0.07204374670982361
Darrington,2019-08-13,0.089,0.08782311528921127
Quinault,2019-08-13,0.225,0.19304631650447845
SourdoughGulch_WA_985,2019-08-13,0.109,0.13353946805000305
Touchet_WA_824,2019-08-13,0.019,0.06329403817653656
Darrington,2019-08-14,0.087,0.08813858777284622
Quinault,2019-08-14,0.212,0.17244921624660492
Spokane,2019-08-14,0.112,0.07608895003795624
Touchet_WA_824,2019-08-14,0.021,0.06281591951847076
SourdoughGulch_WA_985,2019-08-14,0.112,0.12649297714233398
Quinault,2019-08-15,0.204,0.16492852568626404
Darrington,2019-08-15,0.084,0.08232284337282181
SourdoughGulch_WA_985,2019-08-15,0.114,0.12872730195522308
Spokane,2019-08-15,0.105,0.07806926965713501
Touchet_WA_824,2019-08-15,0.02,0.06072915717959404
Spokane,2019-08-16,0.098,0.07806926965713501
Touchet_WA_824,2019-08-16,0.017,0.05556373670697212
Quinault,2019-08-16,0.197,0.14796902239322662
SourdoughGulch_WA_985,2019-08-16,0.11,0.12287061661481857
Darrington,2019-08-16,0.082,0.06951744109392166
Spokane,2019-08-17,0.093,0.07478106021881104
Darrington,2019-08-17,0.081,0.07328798621892929
Quinault,2019-08-17,0.19,0.14916548132896423
SourdoughGulch_WA_985,2019-08-17,0.115,0.11996038258075714
Touchet_WA_824,2019-08-17,0.011,0.05198889598250389
Quinault,2019-08-18,0.183,0.13935072720050812
Spokane,2019-08-18,0.087,0.0661521926522255
Touchet_WA_824,2019-08-18,0.008,0.05075092986226082
Darrington,2019-08-18,0.079,0.07658816874027252
SourdoughGulch_WA_985,2019-08-18,0.105,0.11443241685628891
Touchet_WA_824,2019-08-19,0.006,0.03997622802853584
Spokane,2019-08-19,0.082,0.05572880804538727
Quinault,2019-08-19,0.177,0.13346901535987854
Darrington,2019-08-19,0.077,0.07085712999105453
SourdoughGulch_WA_985,2019-08-19,0.105,0.1184544488787651
Touchet_WA_824,2019-08-20,0.0,0.021139904856681824
Spokane,2019-08-20,0.077,0.04452565684914589
Quinault,2019-08-20,0.171,0.12691323459148407
Darrington,2019-08-20,0.075,0.06944657117128372
SourdoughGulch_WA_985,2019-08-20,0.108,0.11347965896129608
Spokane,2019-08-21,0.072,0.04973385110497475
Darrington,2019-08-21,0.079,0.08016370981931686
Touchet_WA_824,2019-08-21,0.0,0.040650561451911926
SourdoughGulch_WA_985,2019-08-21,0.107,0.1047511100769043
Quinault,2019-08-21,0.245,0.20412170886993408
Quinault,2019-08-22,0.238,0.21375466883182526
Touchet_WA_824,2019-08-22,0.0,0.03699774295091629
Spokane,2019-08-22,0.067,0.05133112892508507
Darrington,2019-08-22,0.089,0.08580327779054642
SourdoughGulch_WA_985,2019-08-22,0.106,0.10385389626026154
SourdoughGulch_WA_985,2019-08-23,0.094,0.10530990362167358
Darrington,2019-08-23,0.093,0.09200265258550644
Quinault,2019-08-23,0.226,0.21589688956737518
Spokane,2019-08-23,0.063,0.05042014643549919
Touchet_WA_824,2019-08-23,0.0,0.034095726907253265
SourdoughGulch_WA_985,2019-08-24,0.096,0.10080654919147491
Darrington,2019-08-24,0.099,0.1008363887667656
Touchet_WA_824,2019-08-24,0.0,0.03113047033548355
Quinault,2019-08-24,0.217,0.21356266736984253
Spokane,2019-08-24,0.06,0.05091263726353645
Quinault,2019-08-25,0.208,0.1782037913799286
Darrington,2019-08-25,0.1,0.091306172311306
Touchet_WA_824,2019-08-25,0.0,0.01711740531027317
Spokane,2019-08-25,0.056,0.047464899718761444
SourdoughGulch_WA_985,2019-08-25,0.097,0.1007523462176323
Quinault,2019-08-26,0.199,0.16283737123012543
Darrington,2019-08-26,0.099,0.09746120125055313
Touchet_WA_824,2019-08-26,0.0,0.013254904188215733
Spokane,2019-08-26,0.052,0.04596567153930664
SourdoughGulch_WA_985,2019-08-26,0.094,0.0984070897102356
Spokane,2019-08-27,0.049,0.04330774024128914
Quinault,2019-08-27,0.191,0.15279339253902435
Touchet_WA_824,2019-08-27,0.0,0.013254904188215733
Darrington,2019-08-27,0.095,0.09618404507637024
SourdoughGulch_WA_985,2019-08-27,0.088,0.09643122553825378
SourdoughGulch_WA_985,2019-08-28,0.087,0.09508193284273148
Spokane,2019-08-28,0.046,0.042345985770225525
Darrington,2019-08-28,0.091,0.09233176708221436
Touchet_WA_824,2019-08-28,0.0,0.014408607967197895
Quinault,2019-08-28,0.183,0.14346162974834442
Spokane,2019-08-29,0.042,0.043921660631895065
Darrington,2019-08-29,0.086,0.08266493678092957
Quinault,2019-08-29,0.177,0.14555670320987701
Touchet_WA_824,2019-08-29,0.0,0.01336649525910616
SourdoughGulch_WA_985,2019-08-29,0.088,0.09516976773738861
Touchet_WA_824,2019-08-30,0.0,0.012006211094558239
SourdoughGulch_WA_985,2019-08-30,0.079,0.0909680724143982
Quinault,2019-08-30,0.175,0.15416471660137177
Darrington,2019-08-30,0.084,0.09056835621595383
Spokane,2019-08-30,0.042,0.04462604224681854
Touchet_WA_824,2019-08-31,0.0,0.00919851753860712
SourdoughGulch_WA_985,2019-08-31,0.082,0.09128914028406143
Quinault,2019-08-31,0.178,0.18508045375347137
Darrington,2019-08-31,0.084,0.09197928011417389
Spokane,2019-08-31,0.042,0.04367804154753685
Spokane,2019-09-01,0.041,0.04348646104335785
Darrington,2019-09-01,0.081,0.09406447410583496
Touchet_WA_824,2019-09-01,0.0,0.005764230620115995
Quinault,2019-09-01,0.18,0.19705645740032196
SourdoughGulch_WA_985,2019-09-01,0.083,0.09115484356880188
Spokane,2019-09-02,0.038,0.04073874279856682
Darrington,2019-09-02,0.078,0.09103120118379593
Quinault,2019-09-02,0.178,0.18755881488323212
Touchet_WA_824,2019-09-02,0.0,0.004017250146716833
SourdoughGulch_WA_985,2019-09-02,0.082,0.08251593261957169
Spokane,2019-09-03,0.036,0.03844332695007324
Quinault,2019-09-03,0.176,0.1690412312746048
Touchet_WA_824,2019-09-03,0.0,0.00438054371625185
Darrington,2019-09-03,0.076,0.09021950513124466
SourdoughGulch_WA_985,2019-09-03,0.079,0.08315771818161011
Spokane,2019-09-04,0.035,0.037646468728780746
Quinault,2019-09-04,0.174,0.1554086059331894
Darrington,2019-09-04,0.075,0.08803195506334305
Touchet_WA_824,2019-09-04,0.0,0.0021971173118799925
SourdoughGulch_WA_985,2019-09-04,0.078,0.08521466702222824
Touchet_WA_824,2019-09-05,0.0,0.000894352444447577
Darrington,2019-09-05,0.073,0.0817965641617775
Quinault,2019-09-05,0.171,0.1486738920211792
Spokane,2019-09-05,0.033,0.037646468728780746
SourdoughGulch_WA_985,2019-09-05,0.074,0.08215349167585373
Touchet_WA_824,2019-09-06,0.0,0.015859849750995636
Darrington,2019-09-06,0.072,0.08185115456581116
Quinault,2019-09-06,0.168,0.1496138572692871
Spokane,2019-09-06,0.032,0.04698997735977173
SourdoughGulch_WA_985,2019-09-06,0.07,0.07034660130739212
Darrington,2019-09-07,0.07,0.0772680938243866
Spokane,2019-09-07,0.034,0.04605290666222572
Touchet_WA_824,2019-09-07,0.0,0.016245868057012558
SourdoughGulch_WA_985,2019-09-07,0.069,0.10691475123167038
Quinault,2019-09-07,0.168,0.14930392801761627
SourdoughGulch_WA_985,2019-09-08,0.063,0.09544594585895538
Touchet_WA_824,2019-09-08,0.0,0.049276597797870636
Darrington,2019-09-08,0.08,0.08367352187633514
Quinault,2019-09-08,0.197,0.17660629749298096
Spokane,2019-09-08,0.035,0.05960250273346901
Darrington,2019-09-09,0.09,0.10065784305334091
Spokane,2019-09-09,0.072,0.07657592743635178
Touchet_WA_824,2019-09-09,0.11,0.0832209587097168
Quinault,2019-09-09,0.232,0.22590817511081696
SourdoughGulch_WA_985,2019-09-09,0.065,0.08009856939315796
Darrington,2019-09-10,0.093,0.11008495837450027
Spokane,2019-09-10,0.129,0.08123241364955902
SourdoughGulch_WA_985,2019-09-10,0.068,0.07838724553585052
Touchet_WA_824,2019-09-10,0.123,0.09421118348836899
Quinault,2019-09-10,0.23,0.22835862636566162
SourdoughGulch_WA_985,2019-09-11,0.067,0.08788670599460602
Spokane,2019-09-11,0.126,0.08739012479782104
Quinault,2019-09-11,0.22,0.2275453358888626
Touchet_WA_824,2019-09-11,0.169,0.11149100214242935
Darrington,2019-09-11,0.094,0.11118792742490768
Spokane,2019-09-12,0.122,0.0914216935634613
Touchet_WA_824,2019-09-12,0.135,0.11834519356489182
Quinault,2019-09-12,0.233,0.2409314215183258
SourdoughGulch_WA_985,2019-09-12,0.062,0.0903584212064743
Darrington,2019-09-12,0.094,0.13123637437820435
Touchet_WA_824,2019-09-13,0.121,0.11885257065296173
Quinault,2019-09-13,0.269,0.2358464002609253
Spokane,2019-09-13,0.117,0.0914216935634613
SourdoughGulch_WA_985,2019-09-13,0.071,0.08779044449329376
Darrington,2019-09-13,0.115,0.16582269966602325
Touchet_WA_824,2019-09-14,0.104,0.11246316134929657
SourdoughGulch_WA_985,2019-09-14,0.073,0.08819414675235748
Quinault,2019-09-14,0.278,0.24866248667240143
Darrington,2019-09-14,0.143,0.17687006294727325
Spokane,2019-09-14,0.112,0.09017622470855713
Quinault,2019-09-15,0.268,0.252906858921051
Touchet_WA_824,2019-09-15,0.098,0.11097355931997299
Darrington,2019-09-15,0.193,0.2048996388912201
SourdoughGulch_WA_985,2019-09-15,0.076,0.09274448454380035
Spokane,2019-09-15,0.107,0.09633629024028778
Spokane,2019-09-16,0.103,0.08568326383829117
Touchet_WA_824,2019-09-16,0.085,0.09264705330133438
SourdoughGulch_WA_985,2019-09-16,0.08,0.09650065004825592
Darrington,2019-09-16,0.204,0.2223004549741745
Quinault,2019-09-16,0.264,0.24393072724342346
SourdoughGulch_WA_985,2019-09-17,0.073,0.09702084213495255
Quinault,2019-09-17,0.277,0.2516597509384155
Touchet_WA_824,2019-09-17,0.074,0.09290533512830734
Darrington,2019-09-17,0.216,0.22950923442840576
Spokane,2019-09-17,0.099,0.08590076863765717
Darrington,2019-09-18,0.226,0.22766008973121643
Spokane,2019-09-18,0.097,0.08557520061731339
SourdoughGulch_WA_985,2019-09-18,0.077,0.09504279494285583
Touchet_WA_824,2019-09-18,0.08,0.101060651242733
Quinault,2019-09-18,0.258,0.24652330577373505
Quinault,2019-09-19,0.25,0.24366992712020874
Touchet_WA_824,2019-09-19,0.163,0.14496849477291107
SourdoughGulch_WA_985,2019-09-19,0.085,0.10431540012359619
Spokane,2019-09-19,0.095,0.08390966057777405
Darrington,2019-09-19,0.215,0.22101402282714844
Touchet_WA_824,2019-09-20,0.16,0.1428886353969574
Darrington,2019-09-20,0.206,0.2231283187866211
SourdoughGulch_WA_985,2019-09-20,0.12,0.11602048575878143
Quinault,2019-09-20,0.242,0.22810588777065277
Spokane,2019-09-20,0.093,0.08386515080928802
Darrington,2019-09-21,0.2,0.20298415422439575
Quinault,2019-09-21,0.236,0.22490891814231873
Touchet_WA_824,2019-09-21,0.146,0.13739998638629913
SourdoughGulch_WA_985,2019-09-21,0.133,0.11681143939495087
Spokane,2019-09-21,0.092,0.0812993124127388
Quinault,2019-09-22,0.265,0.23273074626922607
Touchet_WA_824,2019-09-22,0.136,0.14977526664733887
Spokane,2019-09-22,0.091,0.08102697879076004
Darrington,2019-09-22,0.237,0.23875656723976135
SourdoughGulch_WA_985,2019-09-22,0.14,0.118794746696949
Darrington,2019-09-23,0.259,0.2573806643486023
SourdoughGulch_WA_985,2019-09-23,0.144,0.1447744071483612
Quinault,2019-09-23,0.268,0.24150042235851288
Spokane,2019-09-23,0.091,0.07717908918857574
Touchet_WA_824,2019-09-23,0.125,0.15305502712726593
Darrington,2019-09-24,0.257,0.26072925329208374
Spokane,2019-09-24,0.089,0.0768851637840271
Touchet_WA_824,2019-09-24,0.132,0.15074221789836884
Quinault,2019-09-24,0.259,0.24008280038833618
SourdoughGulch_WA_985,2019-09-24,0.146,0.14470243453979492
Quinault,2019-09-25,0.243,0.23162667453289032
Darrington,2019-09-25,0.234,0.25798600912094116
SourdoughGulch_WA_985,2019-09-25,0.147,0.14853806793689728
Touchet_WA_824,2019-09-25,0.124,0.14632709324359894
Spokane,2019-09-25,0.087,0.07483065873384476
Spokane,2019-09-26,0.085,0.07474081963300705
Darrington,2019-09-26,0.271,0.2633040249347687
Touchet_WA_824,2019-09-26,0.116,0.1437130719423294
SourdoughGulch_WA_985,2019-09-26,0.145,0.14651934802532196
Quinault,2019-09-26,0.26,0.2370288372039795
SourdoughGulch_WA_985,2019-09-27,0.143,0.14820684492588043
Darrington,2019-09-27,0.262,0.26118025183677673
Spokane,2019-09-27,0.083,0.08355243504047394
Quinault,2019-09-27,0.243,0.23718802630901337
Touchet_WA_824,2019-09-27,0.111,0.14216990768909454
Quinault,2019-09-28,0.235,0.23697900772094727
SourdoughGulch_WA_985,2019-09-28,0.139,0.14772683382034302
Spokane,2019-09-28,0.145,0.12246662378311157
Touchet_WA_824,2019-09-28,0.106,0.14852413535118103
Darrington,2019-09-28,0.247,0.254350870847702
Spokane,2019-09-29,0.196,0.13556361198425293
SourdoughGulch_WA_985,2019-09-29,0.129,0.147798091173172
Touchet_WA_824,2019-09-29,0.104,0.15497533977031708
Darrington,2019-09-29,0.233,0.24968156218528748
Quinault,2019-09-29,0.229,0.23369845747947693
SourdoughGulch_WA_985,2019-09-30,0.126,0.13598375022411346
Spokane,2019-09-30,0.178,0.1353893131017685
Quinault,2019-09-30,0.223,0.216178759932518
Darrington,2019-09-30,0.225,0.23720704019069672
Touchet_WA_824,2019-09-30,0.115,0.16760604083538055
SourdoughGulch_WA_985,2019-10-01,0.12,0.1417454481124878
Quinault,2019-10-01,0.217,0.2104252129793167
Touchet_WA_824,2019-10-01,0.124,0.16719326376914978
Spokane,2019-10-01,0.166,0.13494685292243958
Darrington,2019-10-01,0.22,0.228166401386261
Spokane,2019-10-02,0.158,0.13488976657390594
Touchet_WA_824,2019-10-02,0.13,0.1621827781200409
Darrington,2019-10-02,0.216,0.22696739435195923
SourdoughGulch_WA_985,2019-10-02,0.135,0.13787613809108734
Quinault,2019-10-02,0.213,0.20689333975315094
Darrington,2019-10-03,0.224,0.2340586930513382
Touchet_WA_824,2019-10-03,0.168,0.16262884438037872
SourdoughGulch_WA_985,2019-10-03,0.145,0.13771241903305054
Quinault,2019-10-03,0.251,0.23019982874393463
Spokane,2019-10-03,0.154,0.13992145657539368
Spokane,2019-10-04,0.151,0.14252939820289612
Quinault,2019-10-04,0.273,0.2346700131893158
Darrington,2019-10-04,0.264,0.25169262290000916
Touchet_WA_824,2019-10-04,0.195,0.16287405788898468
SourdoughGulch_WA_985,2019-10-04,0.156,0.13900993764400482
Quinault,2019-10-05,0.253,0.2339806705713272
Spokane,2019-10-05,0.148,0.1410209685564041
SourdoughGulch_WA_985,2019-10-05,0.157,0.15381665527820587
Darrington,2019-10-05,0.27,0.25090131163597107
Touchet_WA_824,2019-10-05,0.225,0.20021049678325653
Darrington,2019-10-06,0.251,0.2503684461116791
Spokane,2019-10-06,0.144,0.13342496752738953
Touchet_WA_824,2019-10-06,0.247,0.1967509388923645
SourdoughGulch_WA_985,2019-10-06,0.157,0.16672469675540924
Quinault,2019-10-06,0.243,0.22787265479564667
SourdoughGulch_WA_985,2019-10-07,0.157,0.19750310480594635
Spokane,2019-10-07,0.142,0.16478079557418823
Touchet_WA_824,2019-10-07,0.216,0.2056354433298111
Quinault,2019-10-07,0.264,0.24198652803897858
Darrington,2019-10-07,0.293,0.27223914861679077
Spokane,2019-10-08,0.139,0.16492009162902832
Touchet_WA_824,2019-10-08,0.193,0.2222518026828766
SourdoughGulch_WA_985,2019-10-08,0.158,0.1990332454442978
Quinault,2019-10-08,0.265,0.24084287881851196
Darrington,2019-10-08,0.271,0.2744428813457489
Darrington,2019-10-09,0.251,0.26498115062713623
Spokane,2019-10-09,0.164,0.16688936948776245
SourdoughGulch_WA_985,2019-10-09,0.174,0.21191929280757904
Quinault,2019-10-09,0.247,0.23236259818077087
Touchet_WA_824,2019-10-09,0.242,0.22428284585475922
Spokane,2019-10-10,0.166,0.16403384506702423
SourdoughGulch_WA_985,2019-10-10,0.219,0.21478793025016785
Quinault,2019-10-10,0.238,0.2288796305656433
Touchet_WA_824,2019-10-10,0.214,0.2202116698026657
Darrington,2019-10-10,0.24,0.263099730014801
SourdoughGulch_WA_985,2019-10-11,0.222,0.21351660788059235
Quinault,2019-10-11,0.232,0.21645542979240417
Darrington,2019-10-11,0.234,0.24507680535316467
Touchet_WA_824,2019-10-11,0.211,0.21915259957313538
Spokane,2019-10-11,0.16,0.16192857921123505
Touchet_WA_824,2019-10-12,0.224,0.21144676208496094
Spokane,2019-10-12,0.156,0.15705446898937225
SourdoughGulch_WA_985,2019-10-12,0.225,0.21250389516353607
Quinault,2019-10-12,0.229,0.21715715527534485
Darrington,2019-10-12,0.23,0.23274093866348267
Touchet_WA_824,2019-10-13,0.242,0.207436203956604
SourdoughGulch_WA_985,2019-10-13,0.229,0.21175891160964966
Quinault,2019-10-13,0.226,0.21263688802719116
Spokane,2019-10-13,0.154,0.14704470336437225
Darrington,2019-10-13,0.227,0.2325238287448883
Touchet_WA_824,2019-10-14,0.276,0.218876451253891
SourdoughGulch_WA_985,2019-10-14,0.234,0.24770887196063995
Quinault,2019-10-14,0.222,0.2103760838508606
Spokane,2019-10-14,0.151,0.14557912945747375
Darrington,2019-10-14,0.224,0.23010744154453278
Spokane,2019-10-15,0.147,0.14690634608268738
SourdoughGulch_WA_985,2019-10-15,0.233,0.24709917604923248
Quinault,2019-10-15,0.236,0.22037453949451447
Touchet_WA_824,2019-10-15,0.247,0.21718497574329376
Darrington,2019-10-15,0.221,0.22182901203632355
SourdoughGulch_WA_985,2019-10-16,0.228,0.24551206827163696
Spokane,2019-10-16,0.146,0.14758016169071198
Quinault,2019-10-16,0.286,0.24911674857139587
Touchet_WA_824,2019-10-16,0.224,0.21519653499126434
Darrington,2019-10-16,0.239,0.25678548216819763
Darrington,2019-10-17,0.295,0.2763617932796478
Quinault,2019-10-17,0.293,0.26016002893447876
Spokane,2019-10-17,0.144,0.1701764315366745
SourdoughGulch_WA_985,2019-10-17,0.23,0.24825581908226013
Touchet_WA_824,2019-10-17,0.208,0.22028863430023193
Touchet_WA_824,2019-10-18,0.23,0.22487545013427734
Spokane,2019-10-18,0.148,0.1739332377910614
Darrington,2019-10-18,0.293,0.2841150760650635
SourdoughGulch_WA_985,2019-10-18,0.224,0.24825581908226013
Quinault,2019-10-18,0.289,0.25891923904418945
Spokane,2019-10-19,0.193,0.18697652220726013
SourdoughGulch_WA_985,2019-10-19,0.217,0.2662583589553833
Quinault,2019-10-19,0.276,0.25841066241264343
Darrington,2019-10-19,0.288,0.2876931428909302
Touchet_WA_824,2019-10-19,0.221,0.2301265448331833
Quinault,2019-10-20,0.275,0.25645264983177185
SourdoughGulch_WA_985,2019-10-20,0.345,0.28732994198799133
Darrington,2019-10-20,0.296,0.28817710280418396
Touchet_WA_824,2019-10-20,0.207,0.2311592698097229
Spokane,2019-10-20,0.196,0.1889984905719757
Quinault,2019-10-21,0.309,0.25568076968193054
Spokane,2019-10-21,0.195,0.20484763383865356
Darrington,2019-10-21,0.324,0.29590561985969543
SourdoughGulch_WA_985,2019-10-21,0.328,0.290823757648468
Touchet_WA_824,2019-10-21,0.202,0.21318303048610687
Darrington,2019-10-22,0.282,0.28813812136650085
Touchet_WA_824,2019-10-22,0.196,0.21089306473731995
Quinault,2019-10-22,0.268,0.24158062040805817
Spokane,2019-10-22,0.207,0.21652567386627197
SourdoughGulch_WA_985,2019-10-22,0.315,0.29140985012054443
Touchet_WA_824,2019-10-23,0.28,0.2111361026763916
SourdoughGulch_WA_985,2019-10-23,0.326,0.28837311267852783
Quinault,2019-10-23,0.253,0.23732276260852814
Darrington,2019-10-23,0.258,0.2720143496990204
Spokane,2019-10-23,0.193,0.21260325610637665
Quinault,2019-10-24,0.247,0.23544618487358093
SourdoughGulch_WA_985,2019-10-24,0.31,0.2835197448730469
Darrington,2019-10-24,0.249,0.27025383710861206
Touchet_WA_824,2019-10-24,0.257,0.20974552631378174
Spokane,2019-10-25,0.182,0.2058957815170288
Quinault,2019-10-25,0.246,0.2254813313484192
Touchet_WA_824,2019-10-25,0.249,0.21065999567508698
SourdoughGulch_WA_985,2019-10-25,0.303,0.2831154763698578
Touchet_WA_824,2019-10-26,0.293,0.21065999567508698
SourdoughGulch_WA_985,2019-10-26,0.302,0.2847740948200226
Spokane,2019-10-26,0.184,0.20386908948421478
Darrington,2019-10-26,0.273,0.2488369643688202
Quinault,2019-10-27,0.235,0.2187456339597702
SourdoughGulch_WA_985,2019-10-27,0.291,0.277802050113678
Darrington,2019-10-27,0.256,0.24801328778266907
Touchet_WA_824,2019-10-27,0.259,0.20194151997566223
Spokane,2019-10-27,0.18,0.22163540124893188
SourdoughGulch_WA_985,2019-10-28,0.286,0.27082353830337524
Spokane,2019-10-28,0.179,0.21366947889328003
Touchet_WA_824,2019-10-28,0.235,0.19989988207817078
Quinault,2019-10-28,0.231,0.21998858451843262
Darrington,2019-10-28,0.249,0.25160127878189087
Touchet_WA_824,2019-10-29,0.214,0.1962723731994629
Quinault,2019-10-29,0.227,0.21243999898433685
SourdoughGulch_WA_985,2019-10-29,0.281,0.2683234214782715
Spokane,2019-10-29,0.17,0.20129981637001038
Darrington,2019-10-29,0.244,0.24644258618354797
SourdoughGulch_WA_985,2019-10-30,0.282,0.27058714628219604
Quinault,2019-10-30,0.224,0.21354304254055023
Touchet_WA_824,2019-10-30,0.188,0.18724408745765686
Spokane,2019-10-30,0.163,0.1965334713459015
Darrington,2019-10-30,0.24,0.2457103282213211
Spokane,2019-10-31,0.165,0.20113442838191986
SourdoughGulch_WA_985,2019-10-31,0.275,0.27022671699523926
Touchet_WA_824,2019-10-31,0.159,0.18677423894405365
Darrington,2019-10-31,0.238,0.2452026903629303
Quinault,2019-10-31,0.221,0.2137250006198883
SourdoughGulch_WA_985,2019-11-01,0.271,0.2614856958389282
Darrington,2019-11-01,0.236,0.24219608306884766
Quinault,2019-11-01,0.22,0.21294693648815155
Touchet_WA_824,2019-11-01,0.147,0.1845090240240097
Quinault,2019-11-02,0.218,0.21036198735237122
SourdoughGulch_WA_985,2019-11-02,0.269,0.26092028617858887
Darrington,2019-11-02,0.234,0.24219608306884766
Touchet_WA_824,2019-11-02,0.105,0.18329711258411407
SourdoughGulch_WA_985,2019-11-03,0.267,0.2603793740272522
Quinault,2019-11-03,0.216,0.2092692106962204
Darrington,2019-11-03,0.233,0.24066701531410217
Touchet_WA_824,2019-11-03,0.123,0.18454357981681824
Darrington,2019-11-04,0.231,0.23503252863883972
SourdoughGulch_WA_985,2019-11-04,0.27,0.2628421485424042
Quinault,2019-11-04,0.215,0.20629560947418213
Spokane,2019-11-04,0.166,0.19980716705322266
Touchet_WA_824,2019-11-04,0.159,0.188430517911911
Quinault,2019-11-05,0.215,0.20580406486988068
SourdoughGulch_WA_985,2019-11-05,0.308,0.25923794507980347
Darrington,2019-11-05,0.23,0.224558487534523
Touchet_WA_824,2019-11-05,0.197,0.188430517911911
Spokane,2019-11-05,0.165,0.19889351725578308
Quinault,2019-11-06,0.214,0.20580406486988068
SourdoughGulch_WA_985,2019-11-06,0.305,0.2569924294948578
Touchet_WA_824,2019-11-06,0.223,0.19293256103992462
Spokane,2019-11-06,0.164,0.19221366941928864
Darrington,2019-11-06,0.229,0.22152452170848846
Spokane,2019-11-07,0.16,0.18448016047477722
Touchet_WA_824,2019-11-07,0.209,0.19867144525051117
Darrington,2019-11-07,0.228,0.2210756242275238
SourdoughGulch_WA_985,2019-11-07,0.3,0.25593462586402893
Quinault,2019-11-07,0.213,0.2050957828760147
Darrington,2019-11-08,0.227,0.22160188853740692
Touchet_WA_824,2019-11-08,0.195,0.19913914799690247
Quinault,2019-11-08,0.212,0.20415574312210083
SourdoughGulch_WA_985,2019-11-08,0.294,0.25636401772499084
Spokane,2019-11-08,0.161,0.1723886877298355
Touchet_WA_824,2019-11-09,0.204,0.20026473701000214
Darrington,2019-11-09,0.228,0.22694092988967896
SourdoughGulch_WA_985,2019-11-09,0.297,0.2562031149864197
Spokane,2019-11-09,0.166,0.1905820518732071
Quinault,2019-11-09,0.245,0.22722309827804565
Spokane,2019-11-10,0.172,0.19690462946891785
Darrington,2019-11-10,0.23,0.22467179596424103
Touchet_WA_824,2019-11-10,0.252,0.2085438370704651
SourdoughGulch_WA_985,2019-11-10,0.297,0.2596210539340973
Quinault,2019-11-10,0.25,0.22616542875766754
Touchet_WA_824,2019-11-11,0.317,0.2385735809803009
Quinault,2019-11-11,0.243,0.22922679781913757
Spokane,2019-11-11,0.167,0.2011997401714325
SourdoughGulch_WA_985,2019-11-11,0.298,0.24318769574165344
Darrington,2019-11-11,0.229,0.22686214745044708
Quinault,2019-11-12,0.257,0.23423020541667938
Spokane,2019-11-12,0.17,0.20681336522102356
Darrington,2019-11-12,0.262,0.23226438462734222
Touchet_WA_824,2019-11-12,0.272,0.24755308032035828
SourdoughGulch_WA_985,2019-11-12,0.29,0.2422618716955185
Spokane,2019-11-13,0.175,0.20612852275371552
Darrington,2019-11-13,0.265,0.2320416271686554
Touchet_WA_824,2019-11-13,0.304,0.2608042359352112
Quinault,2019-11-13,0.249,0.22064897418022156
SourdoughGulch_WA_985,2019-11-13,0.291,0.2601061165332794
Touchet_WA_824,2019-11-14,0.282,0.2584671974182129
SourdoughGulch_WA_985,2019-11-14,0.289,0.2592671811580658
Spokane,2019-11-14,0.173,0.21055163443088531
Quinault,2019-11-14,0.244,0.22174425423145294
Darrington,2019-11-14,0.252,0.23233363032341003
SourdoughGulch_WA_985,2019-11-15,0.286,0.2622511386871338
Darrington,2019-11-15,0.291,0.2638266980648041
Quinault,2019-11-15,0.278,0.24384480714797974
Touchet_WA_824,2019-11-15,0.267,0.2641749978065491
Spokane,2019-11-15,0.177,0.21416983008384705
Spokane,2019-11-16,0.18,0.2101510614156723
Darrington,2019-11-16,0.292,0.2696917653083801
Touchet_WA_824,2019-11-16,0.332,0.2641749978065491
SourdoughGulch_WA_985,2019-11-16,0.289,0.2643904387950897
Quinault,2019-11-16,0.276,0.24527254700660706
Darrington,2019-11-17,0.32,0.2849496304988861
Quinault,2019-11-17,0.291,0.25789976119995117
Spokane,2019-11-17,0.207,0.22085197269916534
SourdoughGulch_WA_985,2019-11-17,0.288,0.26439914107322693
Touchet_WA_824,2019-11-17,0.301,0.265566349029541
Spokane,2019-11-18,0.208,0.2388172447681427
Quinault,2019-11-18,0.274,0.2620195150375366
SourdoughGulch_WA_985,2019-11-18,0.293,0.2654641568660736
Darrington,2019-11-18,0.288,0.2814989387989044
Touchet_WA_824,2019-11-18,0.328,0.24236571788787842
Touchet_WA_824,2019-11-19,0.3,0.24017129838466644
Spokane,2019-11-19,0.203,0.23754823207855225
SourdoughGulch_WA_985,2019-11-19,0.292,0.2721536457538605
Darrington,2019-11-19,0.299,0.2847401797771454
Quinault,2019-11-19,0.274,0.2587614953517914
Darrington,2019-11-20,0.269,0.2761019170284271
Touchet_WA_824,2019-11-20,0.319,0.23380884528160095
SourdoughGulch_WA_985,2019-11-20,0.304,0.2696804106235504
Quinault,2019-11-20,0.253,0.24884238839149475
Spokane,2019-11-20,0.2,0.23779818415641785
Touchet_WA_824,2019-11-21,0.295,0.23338401317596436
Darrington,2019-11-21,0.26,0.2612084448337555
Quinault,2019-11-21,0.247,0.23831304907798767
SourdoughGulch_WA_985,2019-11-21,0.305,0.2662193179130554
Spokane,2019-11-21,0.193,0.23240217566490173
Darrington,2019-11-22,0.253,0.2525521516799927
Spokane,2019-11-22,0.185,0.22606560587882996
Touchet_WA_824,2019-11-22,0.271,0.23332694172859192
SourdoughGulch_WA_985,2019-11-22,0.296,0.26296547055244446
Quinault,2019-11-22,0.243,0.23057235777378082
SourdoughGulch_WA_985,2019-11-23,0.28,0.26213783025741577
Spokane,2019-11-23,0.18,0.2192823588848114
Darrington,2019-11-23,0.264,0.2578938901424408
Quinault,2019-11-23,0.265,0.24802236258983612
Touchet_WA_824,2019-11-23,0.247,0.22027668356895447
Spokane,2019-11-24,0.184,0.22563762962818146
Darrington,2019-11-24,0.309,0.27569150924682617
Touchet_WA_824,2019-11-24,0.235,0.20722024142742157
Quinault,2019-11-24,0.272,0.2498723268508911
SourdoughGulch_WA_985,2019-11-24,0.271,0.2628325819969177
Darrington,2019-11-25,0.3,0.2885221838951111
Quinault,2019-11-25,0.264,0.2370167225599289
Touchet_WA_824,2019-11-25,0.232,0.1983388066291809
Spokane,2019-11-25,0.18,0.22588737308979034
SourdoughGulch_WA_985,2019-11-25,0.276,0.2553732395172119
Touchet_WA_824,2019-11-26,0.216,0.19800499081611633
SourdoughGulch_WA_985,2019-11-26,0.273,0.2568072974681854
Quinault,2019-11-26,0.253,0.23585496842861176
Darrington,2019-11-26,0.276,0.28499525785446167
SourdoughGulch_WA_985,2019-11-27,0.274,0.2606029212474823
Touchet_WA_824,2019-11-27,0.214,0.19529837369918823
Quinault,2019-11-27,0.248,0.22458018362522125
Darrington,2019-11-27,0.262,0.2757675349712372
Darrington,2019-11-28,0.253,0.2666392922401428
Touchet_WA_824,2019-11-28,0.211,0.1874590814113617
Quinault,2019-11-28,0.242,0.22195540368556976
SourdoughGulch_WA_985,2019-11-28,0.276,0.25605228543281555
Quinault,2019-11-29,0.239,0.21912141144275665
Touchet_WA_824,2019-11-29,0.208,0.19023016095161438
SourdoughGulch_WA_985,2019-11-29,0.277,0.25908443331718445
Darrington,2019-11-29,0.244,0.26129022240638733
SourdoughGulch_WA_985,2019-11-30,0.272,0.2556016147136688
Touchet_WA_824,2019-11-30,0.198,0.1891297549009323
Quinault,2019-11-30,0.287,0.21921414136886597
Darrington,2019-11-30,0.237,0.2587442398071289
Quinault,2019-12-01,0.272,0.2293280065059662
SourdoughGulch_WA_985,2019-12-01,0.27,0.252442866563797
Darrington,2019-12-01,0.238,0.262585312128067
Touchet_WA_824,2019-12-01,0.189,0.1880364865064621
Quinault,2019-12-02,0.258,0.22851601243019104
SourdoughGulch_WA_985,2019-12-02,0.265,0.2569217383861542
Darrington,2019-12-02,0.276,0.2699974477291107
Touchet_WA_824,2019-12-02,0.185,0.17609190940856934
Touchet_WA_824,2019-12-03,0.186,0.17675335705280304
Darrington,2019-12-03,0.323,0.28486567735671997
Quinault,2019-12-03,0.271,0.2329421043395996
SourdoughGulch_WA_985,2019-12-03,0.266,0.25776034593582153
Touchet_WA_824,2019-12-04,0.185,0.17302389442920685
Darrington,2019-12-04,0.313,0.2888140380382538
SourdoughGulch_WA_985,2019-12-04,0.266,0.2542937397956848
Quinault,2019-12-04,0.276,0.24183662235736847
Touchet_WA_824,2019-12-05,0.186,0.16716690361499786
Darrington,2019-12-05,0.276,0.2883996367454529
Quinault,2019-12-05,0.257,0.2270847111940384
SourdoughGulch_WA_985,2019-12-05,0.273,0.2547047734260559
Quinault,2019-12-06,0.262,0.2344239056110382
SourdoughGulch_WA_985,2019-12-06,0.29,0.25539806485176086
Touchet_WA_824,2019-12-06,0.186,0.16500090062618256
Darrington,2019-12-06,0.267,0.29022839665412903
SourdoughGulch_WA_985,2019-12-07,0.304,0.25577595829963684
Touchet_WA_824,2019-12-07,0.187,0.17410977184772491
Quinault,2019-12-07,0.282,0.242420956492424
Darrington,2019-12-07,0.301,0.2938920557498932
SourdoughGulch_WA_985,2019-12-08,0.337,0.25530582666397095
Darrington,2019-12-08,0.281,0.28096717596054077
Quinault,2019-12-08,0.258,0.24157197773456573
Touchet_WA_824,2019-12-08,0.187,0.17737895250320435
Darrington,2019-12-09,0.266,0.28087735176086426
Quinault,2019-12-09,0.251,0.24487943947315216
Touchet_WA_824,2019-12-09,0.188,0.18573221564292908
SourdoughGulch_WA_985,2019-12-09,0.327,0.27481144666671753
Quinault,2019-12-10,0.266,0.2466823309659958
Touchet_WA_824,2019-12-10,0.189,0.1866757869720459
SourdoughGulch_WA_985,2019-12-10,0.309,0.27566206455230713
Darrington,2019-12-10,0.263,0.2907455861568451
Quinault,2019-12-11,0.284,0.2533781826496124
SourdoughGulch_WA_985,2019-12-11,0.294,0.2952357828617096
Touchet_WA_824,2019-12-11,0.187,0.1939764767885208
Darrington,2019-12-11,0.287,0.28566643595695496
SourdoughGulch_WA_985,2019-12-12,0.295,0.2968648672103882
Quinault,2019-12-12,0.298,0.2659219801425934
Darrington,2019-12-12,0.331,0.31247615814208984
Spokane,2019-12-12,0.252,0.254591166973114
Touchet_WA_824,2019-12-12,0.187,0.18480725586414337
SourdoughGulch_WA_985,2019-12-13,0.319,0.30043673515319824
Darrington,2019-12-13,0.305,0.31087347865104675
Spokane,2019-12-13,0.252,0.25520059466362
Touchet_WA_824,2019-12-13,0.188,0.18157920241355896
Quinault,2019-12-13,0.28,0.264946848154068
Darrington,2019-12-14,0.28,0.3087553083896637
Spokane,2019-12-14,0.24,0.25905275344848633
Touchet_WA_824,2019-12-14,0.188,0.18179847300052643
SourdoughGulch_WA_985,2019-12-14,0.325,0.30008476972579956
Quinault,2019-12-14,0.261,0.26146751642227173
Touchet_WA_824,2019-12-15,0.189,0.17970338463783264
Darrington,2019-12-15,0.273,0.30301666259765625
Quinault,2019-12-15,0.253,0.24749821424484253
Spokane,2019-12-15,0.235,0.2593330144882202
SourdoughGulch_WA_985,2019-12-15,0.312,0.2988050580024719
SourdoughGulch_WA_985,2019-12-16,0.306,0.2872117757797241
Touchet_WA_824,2019-12-16,0.19,0.1789296567440033
Spokane,2019-12-16,0.234,0.24681711196899414
Darrington,2019-12-16,0.283,0.289016455411911
Quinault,2019-12-16,0.276,0.24356743693351746
SourdoughGulch_WA_985,2019-12-17,0.296,0.2878166139125824
Touchet_WA_824,2019-12-17,0.19,0.17954280972480774
Darrington,2019-12-17,0.284,0.28423911333084106
Spokane,2019-12-17,0.235,0.2470257580280304
Quinault,2019-12-17,0.264,0.23658347129821777
Quinault,2019-12-18,0.28,0.2565491497516632
Darrington,2019-12-18,0.273,0.2867203652858734
Touchet_WA_824,2019-12-18,0.188,0.176936075091362
SourdoughGulch_WA_985,2019-12-18,0.285,0.2849489152431488
Spokane,2019-12-18,0.23,0.25280120968818665
Touchet_WA_824,2019-12-19,0.188,0.1744382679462433
Quinault,2019-12-19,0.308,0.2710423171520233
SourdoughGulch_WA_985,2019-12-19,0.281,0.288603276014328
Darrington,2019-12-19,0.328,0.3029431104660034
Touchet_WA_824,2019-12-20,0.187,0.17020806670188904
Quinault,2019-12-20,0.309,0.27650097012519836
Darrington,2019-12-20,0.348,0.32281816005706787
SourdoughGulch_WA_985,2019-12-20,0.279,0.2900284230709076
Quinault,2019-12-21,0.288,0.27363237738609314
SourdoughGulch_WA_985,2019-12-21,0.332,0.29269829392433167
Spokane,2019-12-21,0.273,0.26061609387397766
Darrington,2019-12-21,0.32,0.3167406916618347
Touchet_WA_824,2019-12-21,0.187,0.16994968056678772
SourdoughGulch_WA_985,2019-12-22,0.333,0.2914562225341797
Quinault,2019-12-22,0.274,0.2714347541332245
Spokane,2019-12-22,0.268,0.26303425431251526
Touchet_WA_824,2019-12-22,0.188,0.1738450825214386
Darrington,2019-12-22,0.283,0.3145737946033478
Quinault,2019-12-23,0.263,0.25423663854599
Spokane,2019-12-23,0.266,0.26605939865112305
Touchet_WA_824,2019-12-23,0.187,0.17530280351638794
Darrington,2019-12-23,0.294,0.30895087122917175
SourdoughGulch_WA_985,2019-12-23,0.325,0.29430267214775085
Spokane,2019-12-24,0.265,0.2591695189476013
Quinault,2019-12-24,0.267,0.2561558783054352
Darrington,2019-12-24,0.274,0.2871919870376587
Touchet_WA_824,2019-12-24,0.189,0.17881710827350616
SourdoughGulch_WA_985,2019-12-24,0.331,0.29442116618156433
SourdoughGulch_WA_985,2019-12-25,0.319,0.2908751666545868
Darrington,2019-12-25,0.265,0.27021101117134094
Quinault,2019-12-25,0.27,0.24789512157440186
Touchet_WA_824,2019-12-25,0.189,0.17862536013126373
Spokane,2019-12-25,0.263,0.25416815280914307
Darrington,2019-12-26,0.253,0.2777993977069855
SourdoughGulch_WA_985,2019-12-26,0.303,0.2907469570636749
Quinault,2019-12-26,0.262,0.251323938369751
Touchet_WA_824,2019-12-26,0.189,0.18006376922130585
Spokane,2019-12-26,0.262,0.2498452216386795
Spokane,2019-12-27,0.259,0.2510245442390442
Quinault,2019-12-27,0.274,0.24668122828006744
SourdoughGulch_WA_985,2019-12-27,0.291,0.2876841127872467
Touchet_WA_824,2019-12-27,0.188,0.17951568961143494
Darrington,2019-12-27,0.268,0.2818702459335327
SourdoughGulch_WA_985,2019-12-28,0.278,0.2782435715198517
Touchet_WA_824,2019-12-28,0.186,0.1801239252090454
Quinault,2019-12-28,0.265,0.24861712753772736
Darrington,2019-12-28,0.285,0.2744438350200653
Spokane,2019-12-28,0.259,0.24934177100658417
SourdoughGulch_WA_985,2019-12-29,0.272,0.2768436074256897
Touchet_WA_824,2019-12-29,0.185,0.17946237325668335
Darrington,2019-12-29,0.281,0.26808658242225647
Quinault,2019-12-29,0.276,0.2547270655632019
Spokane,2019-12-29,0.259,0.2510860860347748
Spokane,2019-12-30,0.262,0.2543118894100189
Quinault,2019-12-30,0.27,0.2504264712333679
SourdoughGulch_WA_985,2019-12-30,0.271,0.2633409798145294
Touchet_WA_824,2019-12-30,0.185,0.18744954466819763
Darrington,2019-12-30,0.289,0.2813960313796997
Touchet_WA_824,2019-12-31,0.186,0.18658195436000824
SourdoughGulch_WA_985,2019-12-31,0.276,0.26869577169418335
Quinault,2019-12-31,0.325,0.27442580461502075
Spokane,2019-12-31,0.275,0.2637156546115875
Darrington,2019-12-31,0.342,0.3094099760055542
Touchet_WA_824,2020-01-01,0.186,0.21000690758228302
Spokane,2020-01-01,0.287,0.2702195346355438
SourdoughGulch_WA_985,2020-01-01,0.303,0.30239859223365784
Quinault,2020-01-01,0.3,0.2978890538215637
Darrington,2020-01-01,0.317,0.3325729966163635
Darrington,2020-01-02,0.313,0.3321894407272339
Spokane,2020-01-02,0.28,0.27034810185432434
Quinault,2020-01-02,0.29,0.2938620150089264
Touchet_WA_824,2020-01-02,0.189,0.2086096704006195
SourdoughGulch_WA_985,2020-01-02,0.339,0.3064207434654236
SourdoughGulch_WA_985,2020-01-03,0.33,0.30817899107933044
Quinault,2020-01-03,0.307,0.29701748490333557
Spokane,2020-01-03,0.281,0.2720671594142914
Touchet_WA_824,2020-01-03,0.191,0.205818772315979
Darrington,2020-01-03,0.305,0.3327568769454956
Quinault,2020-01-04,0.299,0.29664063453674316
Touchet_WA_824,2020-01-04,0.19,0.2078864574432373
Spokane,2020-01-04,0.278,0.2706296443939209
SourdoughGulch_WA_985,2020-01-04,0.329,0.3094240128993988
Darrington,2020-01-04,0.314,0.3313787281513214
Quinault,2020-01-05,0.3,0.2941170930862427
Touchet_WA_824,2020-01-05,0.191,0.21411091089248657
Spokane,2020-01-05,0.275,0.2712261378765106
SourdoughGulch_WA_985,2020-01-05,0.323,0.3070111870765686
Darrington,2020-01-05,0.311,0.32974085211753845
SourdoughGulch_WA_985,2020-01-06,0.311,0.30650514364242554
Spokane,2020-01-06,0.282,0.27279213070869446
Quinault,2020-01-06,0.361,0.30530011653900146
Darrington,2020-01-06,0.335,0.31634047627449036
Touchet_WA_824,2020-01-06,0.191,0.21224600076675415
Spokane,2020-01-07,0.289,0.276151567697525
Darrington,2020-01-07,0.334,0.3152450919151306
Quinault,2020-01-07,0.329,0.30368494987487793
SourdoughGulch_WA_985,2020-01-07,0.314,0.3077194094657898
Touchet_WA_824,2020-01-07,0.191,0.21351861953735352
Touchet_WA_824,2020-01-08,0.192,0.19249466061592102
Spokane,2020-01-08,0.286,0.28080782294273376
Darrington,2020-01-08,0.3,0.3083155155181885
Quinault,2020-01-08,0.289,0.30368494987487793
SourdoughGulch_WA_985,2020-01-08,0.324,0.30525627732276917
Touchet_WA_824,2020-01-09,0.192,0.18962791562080383
SourdoughGulch_WA_985,2020-01-09,0.319,0.3003224730491638
Darrington,2020-01-09,0.284,0.3022945821285248
Spokane,2020-01-09,0.282,0.28401780128479004
Quinault,2020-01-09,0.276,0.3031342923641205
Darrington,2020-01-10,0.277,0.2991955280303955
Spokane,2020-01-10,0.275,0.293256014585495
SourdoughGulch_WA_985,2020-01-10,0.311,0.3019058406352997
Touchet_WA_824,2020-01-10,0.192,0.1884896606206894
Quinault,2020-01-10,0.319,0.30312761664390564
Touchet_WA_824,2020-01-11,0.193,0.20196980237960815
Darrington,2020-01-11,0.297,0.2955678403377533
Quinault,2020-01-11,0.309,0.2983264923095703
SourdoughGulch_WA_985,2020-01-11,0.298,0.3038150370121002
Spokane,2020-01-11,0.295,0.2915981709957123
SourdoughGulch_WA_985,2020-01-12,0.297,0.3044372797012329
Spokane,2020-01-12,0.297,0.30064624547958374
Touchet_WA_824,2020-01-12,0.193,0.20283542573451996
Darrington,2020-01-12,0.298,0.29950231313705444
Quinault,2020-01-12,0.319,0.3024711608886719
SourdoughGulch_WA_985,2020-01-13,0.298,0.2978055477142334
Quinault,2020-01-13,0.28,0.28920361399650574
Spokane,2020-01-13,0.294,0.2967648506164551
Touchet_WA_824,2020-01-13,0.193,0.19907386600971222
Darrington,2020-01-13,0.289,0.290227472782135
Quinault,2020-01-14,0.274,0.2838837504386902
SourdoughGulch_WA_985,2020-01-14,0.3,0.2982564866542816
Touchet_WA_824,2020-01-14,0.193,0.19907386600971222
Spokane,2020-01-14,0.297,0.2945430278778076
Darrington,2020-01-14,0.276,0.2872574031352997
Darrington,2020-01-15,0.27,0.2861405611038208
Spokane,2020-01-15,0.295,0.29346492886543274
SourdoughGulch_WA_985,2020-01-15,0.301,0.2892002761363983
Quinault,2020-01-15,0.288,0.2810148298740387
Touchet_WA_824,2020-01-15,0.193,0.19730514287948608
Darrington,2020-01-16,0.265,0.28213685750961304
SourdoughGulch_WA_985,2020-01-16,0.301,0.28720831871032715
Touchet_WA_824,2020-01-16,0.192,0.19508497416973114
Spokane,2020-01-16,0.294,0.28758057951927185
Quinault,2020-01-16,0.292,0.2832801043987274
Darrington,2020-01-17,0.263,0.28188803791999817
SourdoughGulch_WA_985,2020-01-17,0.3,0.2846231460571289
Touchet_WA_824,2020-01-17,0.193,0.19181442260742188
Spokane,2020-01-17,0.289,0.28584590554237366
Quinault,2020-01-17,0.273,0.28596973419189453
SourdoughGulch_WA_985,2020-01-18,0.301,0.28679895401000977
Darrington,2020-01-18,0.264,0.2850145101547241
Quinault,2020-01-18,0.311,0.2920858561992645
Touchet_WA_824,2020-01-18,0.193,0.19493672251701355
Spokane,2020-01-18,0.287,0.2859991192817688
SourdoughGulch_WA_985,2020-01-19,0.3,0.2867349684238434
Spokane,2020-01-19,0.289,0.2861548662185669
Quinault,2020-01-19,0.301,0.29471370577812195
Darrington,2020-01-19,0.267,0.2821979522705078
Touchet_WA_824,2020-01-19,0.194,0.19791513681411743
Quinault,2020-01-20,0.292,0.2978931963443756
Spokane,2020-01-20,0.29,0.29639655351638794
Touchet_WA_824,2020-01-20,0.194,0.2014925181865692
SourdoughGulch_WA_985,2020-01-20,0.3,0.30322542786598206
Darrington,2020-01-20,0.267,0.2833332121372223
Quinault,2020-01-21,0.325,0.3134620189666748
Touchet_WA_824,2020-01-21,0.194,0.20929060876369476
Darrington,2020-01-21,0.277,0.2950825095176697
Spokane,2020-01-21,0.291,0.2956794798374176
SourdoughGulch_WA_985,2020-01-21,0.301,0.30660587549209595
SourdoughGulch_WA_985,2020-01-22,0.322,0.3131311535835266
Touchet_WA_824,2020-01-22,0.194,0.2047220915555954
Quinault,2020-01-22,0.321,0.3068968653678894
Darrington,2020-01-22,0.304,0.30310046672821045
Spokane,2020-01-22,0.295,0.29463714361190796
Touchet_WA_824,2020-01-23,0.193,0.20796486735343933
Quinault,2020-01-23,0.361,0.31411027908325195
SourdoughGulch_WA_985,2020-01-23,0.322,0.3169117569923401
Darrington,2020-01-23,0.321,0.31466180086135864
Spokane,2020-01-23,0.328,0.3116329610347748
Spokane,2020-01-24,0.342,0.31182345747947693
Touchet_WA_824,2020-01-24,0.195,0.20711784064769745
SourdoughGulch_WA_985,2020-01-24,0.33,0.3165719211101532
Quinault,2020-01-24,0.319,0.31382009387016296
Darrington,2020-01-24,0.319,0.31569045782089233
Spokane,2020-01-25,0.319,0.31180456280708313
Darrington,2020-01-25,0.312,0.3180529773235321
SourdoughGulch_WA_985,2020-01-25,0.343,0.3169117569923401
Quinault,2020-01-25,0.292,0.31414827704429626
Touchet_WA_824,2020-01-25,0.195,0.20634396374225616
Touchet_WA_824,2020-01-26,0.196,0.2080545574426651
SourdoughGulch_WA_985,2020-01-26,0.337,0.31928229331970215
Darrington,2020-01-26,0.316,0.31568649411201477
Spokane,2020-01-26,0.317,0.3063005805015564
Quinault,2020-01-26,0.321,0.30894872546195984
Darrington,2020-01-27,0.32,0.3121586740016937
Touchet_WA_824,2020-01-27,0.195,0.20436842739582062
SourdoughGulch_WA_985,2020-01-27,0.341,0.31590941548347473
Spokane,2020-01-27,0.313,0.30009374022483826
Quinault,2020-01-27,0.308,0.3016130328178406
Quinault,2020-01-28,0.302,0.29852595925331116
Touchet_WA_824,2020-01-28,0.195,0.2031937688589096
SourdoughGulch_WA_985,2020-01-28,0.328,0.31479981541633606
Darrington,2020-01-28,0.313,0.3116893768310547
Spokane,2020-01-28,0.328,0.3107895255088806
Darrington,2020-01-29,0.313,0.31228870153427124
Touchet_WA_824,2020-01-29,0.196,0.21210846304893494
Quinault,2020-01-29,0.309,0.30129364132881165
Spokane,2020-01-29,0.319,0.31372714042663574
SourdoughGulch_WA_985,2020-01-29,0.345,0.32425397634506226
SourdoughGulch_WA_985,2020-01-30,0.333,0.32324159145355225
Touchet_WA_824,2020-01-30,0.196,0.2103448063135147
Spokane,2020-01-30,0.315,0.3115764558315277
Darrington,2020-01-30,0.3,0.31398773193359375
Quinault,2020-01-30,0.305,0.2988223135471344
Spokane,2020-01-31,0.312,0.3088059723377228
SourdoughGulch_WA_985,2020-01-31,0.333,0.32654425501823425
Touchet_WA_824,2020-01-31,0.197,0.21044456958770752
Quinault,2020-01-31,0.347,0.30178648233413696
Darrington,2020-01-31,0.335,0.3169538676738739
Spokane,2020-02-01,0.309,0.30041638016700745
Darrington,2020-02-01,0.319,0.32175377011299133
Touchet_WA_824,2020-02-01,0.198,0.21100278198719025
Quinault,2020-02-01,0.316,0.2998150885105133
SourdoughGulch_WA_985,2020-02-01,0.346,0.33029478788375854
Darrington,2020-02-02,0.29,0.3169211745262146
Spokane,2020-02-02,0.304,0.2995932698249817
Quinault,2020-02-02,0.287,0.2998150885105133
Touchet_WA_824,2020-02-02,0.197,0.21057742834091187
SourdoughGulch_WA_985,2020-02-02,0.341,0.32893386483192444
Touchet_WA_824,2020-02-03,0.199,0.2080444097518921
Spokane,2020-02-03,0.291,0.2904869616031647
Quinault,2020-02-03,0.283,0.28095290064811707
Darrington,2020-02-03,0.282,0.3020227551460266
SourdoughGulch_WA_985,2020-02-03,0.332,0.3255326449871063
Darrington,2020-02-04,0.276,0.29560616612434387
SourdoughGulch_WA_985,2020-02-04,0.319,0.32045629620552063
Spokane,2020-02-04,0.281,0.2896578907966614
Touchet_WA_824,2020-02-04,0.199,0.21099123358726501
Quinault,2020-02-04,0.298,0.29371607303619385
Quinault,2020-02-05,0.316,0.2871817648410797
Darrington,2020-02-05,0.303,0.2967243194580078
Spokane,2020-02-05,0.295,0.2974214553833008
Touchet_WA_824,2020-02-05,0.199,0.21361592411994934
SourdoughGulch_WA_985,2020-02-05,0.307,0.32837769389152527
SourdoughGulch_WA_985,2020-02-06,0.342,0.33611080050468445
Quinault,2020-02-06,0.326,0.29983094334602356
Touchet_WA_824,2020-02-06,0.2,0.22063787281513214
Spokane,2020-02-06,0.309,0.3064582943916321
Darrington,2020-02-06,0.317,0.30003535747528076
Quinault,2020-02-07,0.318,0.2973962128162384
Darrington,2020-02-07,0.321,0.30293339490890503
Spokane,2020-02-07,0.33,0.30736905336380005
Touchet_WA_824,2020-02-07,0.201,0.2233780473470688
SourdoughGulch_WA_985,2020-02-07,0.351,0.3363332152366638
Spokane,2020-02-08,0.332,0.310697466135025
Touchet_WA_824,2020-02-08,0.213,0.21474984288215637
Darrington,2020-02-08,0.31,0.30293339490890503
Quinault,2020-02-08,0.293,0.292553573846817
SourdoughGulch_WA_985,2020-02-08,0.343,0.3381817638874054
Touchet_WA_824,2020-02-09,0.214,0.20236684381961823
Quinault,2020-02-09,0.265,0.2743522822856903
Spokane,2020-02-09,0.321,0.3104785084724426
Darrington,2020-02-09,0.285,0.28443118929862976
SourdoughGulch_WA_985,2020-02-09,0.333,0.33648714423179626
Quinault,2020-02-10,0.258,0.26187822222709656
Spokane,2020-02-10,0.32,0.30503007769584656
Touchet_WA_824,2020-02-10,0.216,0.20899659395217896
SourdoughGulch_WA_985,2020-02-10,0.328,0.3252089023590088
Darrington,2020-02-10,0.275,0.2868358790874481
Quinault,2020-02-11,0.255,0.2566301226615906
SourdoughGulch_WA_985,2020-02-11,0.321,0.31823402643203735
Spokane,2020-02-11,0.317,0.3057248890399933
Touchet_WA_824,2020-02-11,0.215,0.20662899315357208
Darrington,2020-02-11,0.291,0.297917902469635
Darrington,2020-02-12,0.29,0.2861059606075287
SourdoughGulch_WA_985,2020-02-12,0.313,0.30953457951545715
Quinault,2020-02-12,0.255,0.2421160787343979
Touchet_WA_824,2020-02-12,0.214,0.21072375774383545
Darrington,2020-02-13,0.287,0.3009534180164337
Quinault,2020-02-13,0.276,0.2636363208293915
SourdoughGulch_WA_985,2020-02-13,0.311,0.3147972822189331
Touchet_WA_824,2020-02-13,0.215,0.2177848368883133
Quinault,2020-02-14,0.291,0.26458877325057983
Touchet_WA_824,2020-02-14,0.216,0.21479688584804535
SourdoughGulch_WA_985,2020-02-14,0.301,0.31337064504623413
Darrington,2020-02-14,0.319,0.30414995551109314
Darrington,2020-02-15,0.321,0.30961084365844727
Touchet_WA_824,2020-02-15,0.215,0.21157516539096832
Spokane,2020-02-15,0.309,0.3050444424152374
SourdoughGulch_WA_985,2020-02-15,0.305,0.3155903220176697
Quinault,2020-02-15,0.305,0.2733542025089264
Touchet_WA_824,2020-02-16,0.214,0.21335332095623016
SourdoughGulch_WA_985,2020-02-16,0.301,0.31462541222572327
Quinault,2020-02-16,0.288,0.2731313407421112
Darrington,2020-02-16,0.317,0.3108488619327545
Spokane,2020-02-16,0.307,0.3057105839252472
Touchet_WA_824,2020-02-17,0.215,0.21654321253299713
SourdoughGulch_WA_985,2020-02-17,0.311,0.3101809620857239
Darrington,2020-02-17,0.303,0.3128918409347534
Quinault,2020-02-17,0.275,0.2656734585762024
Spokane,2020-02-17,0.3,0.3061221241950989
Quinault,2020-02-18,0.261,0.2541864812374115
Darrington,2020-02-18,0.282,0.29724472761154175
Spokane,2020-02-18,0.307,0.3043847382068634
Touchet_WA_824,2020-02-18,0.215,0.21661798655986786
SourdoughGulch_WA_985,2020-02-18,0.311,0.3182452321052551
SourdoughGulch_WA_985,2020-02-19,0.302,0.3142611086368561
Darrington,2020-02-19,0.273,0.29313766956329346
Touchet_WA_824,2020-02-19,0.215,0.21979781985282898
Quinault,2020-02-19,0.255,0.23962417244911194
SourdoughGulch_WA_985,2020-02-20,0.292,0.31322669982910156
Touchet_WA_824,2020-02-20,0.214,0.22208057343959808
Quinault,2020-02-20,0.25,0.2412029206752777
SourdoughGulch_WA_985,2020-02-21,0.282,0.30431994795799255
Quinault,2020-02-21,0.247,0.2381879687309265
Touchet_WA_824,2020-02-21,0.215,0.21824750304222107
Touchet_WA_824,2020-02-22,0.215,0.2180182784795761
SourdoughGulch_WA_985,2020-02-22,0.274,0.30181223154067993
Quinault,2020-02-22,0.272,0.25282421708106995
Quinault,2020-02-23,0.306,0.2728465795516968
Touchet_WA_824,2020-02-23,0.214,0.22227579355239868
Darrington,2020-02-23,0.323,0.3114250898361206
SourdoughGulch_WA_985,2020-02-23,0.276,0.3087559640407562
SourdoughGulch_WA_985,2020-02-24,0.322,0.3146079182624817
Touchet_WA_824,2020-02-24,0.214,0.21845228970050812
Quinault,2020-02-24,0.273,0.2734239399433136
Darrington,2020-02-24,0.311,0.31153684854507446
SourdoughGulch_WA_985,2020-02-25,0.314,0.312513142824173
Touchet_WA_824,2020-02-25,0.214,0.21535006165504456
Quinault,2020-02-25,0.26,0.27410078048706055
Darrington,2020-02-25,0.285,0.31182774901390076
Touchet_WA_824,2020-02-26,0.215,0.2159317284822464
Quinault,2020-02-26,0.26,0.26641571521759033
SourdoughGulch_WA_985,2020-02-26,0.3,0.3136877417564392
Darrington,2020-02-26,0.294,0.30095940828323364
SourdoughGulch_WA_985,2020-02-27,0.335,0.31455284357070923
Quinault,2020-02-27,0.253,0.23964469134807587
Touchet_WA_824,2020-02-27,0.214,0.215886190533638
Spokane,2020-02-27,0.294,0.29573991894721985
Darrington,2020-02-27,0.281,0.28760984539985657
Quinault,2020-02-28,0.271,0.266973614692688
SourdoughGulch_WA_985,2020-02-28,0.325,0.3099703788757324
Touchet_WA_824,2020-02-28,0.215,0.21268607676029205
Spokane,2020-02-28,0.288,0.3016178607940674
Darrington,2020-02-28,0.279,0.2900744378566742
Darrington,2020-02-29,0.316,0.3012491762638092
Quinault,2020-02-29,0.291,0.2693529725074768
Touchet_WA_824,2020-02-29,0.216,0.21959057450294495
SourdoughGulch_WA_985,2020-02-29,0.336,0.3120496869087219
Spokane,2020-02-29,0.285,0.2915627360343933
SourdoughGulch_WA_985,2020-03-01,0.33,0.31004929542541504
Quinault,2020-03-01,0.265,0.2634061872959137
Spokane,2020-03-01,0.281,0.2893359959125519
Darrington,2020-03-01,0.291,0.3017309904098511
Touchet_WA_824,2020-03-01,0.215,0.218746155500412
Quinault,2020-03-02,0.289,0.27035629749298096
SourdoughGulch_WA_985,2020-03-02,0.315,0.31530728936195374
Darrington,2020-03-02,0.321,0.3070940673351288
Touchet_WA_824,2020-03-02,0.216,0.2112794816493988
Spokane,2020-03-02,0.282,0.2868005633354187
Darrington,2020-03-03,0.32,0.3068511486053467
Quinault,2020-03-03,0.296,0.2692109942436218
Touchet_WA_824,2020-03-03,0.216,0.21021300554275513
Spokane,2020-03-03,0.281,0.2863883376121521
SourdoughGulch_WA_985,2020-03-03,0.307,0.31504422426223755
Darrington,2020-03-04,0.304,0.30333957076072693
SourdoughGulch_WA_985,2020-03-04,0.328,0.3140423893928528
Touchet_WA_824,2020-03-04,0.216,0.20873793959617615
Spokane,2020-03-04,0.279,0.28786709904670715
Quinault,2020-03-04,0.28,0.2708337604999542
Darrington,2020-03-05,0.294,0.30833062529563904
Spokane,2020-03-05,0.278,0.2824862599372864
SourdoughGulch_WA_985,2020-03-05,0.324,0.3176155984401703
Quinault,2020-03-05,0.286,0.2778685986995697
Touchet_WA_824,2020-03-05,0.215,0.2080349624156952
Darrington,2020-03-06,0.315,0.30861228704452515
Quinault,2020-03-06,0.28,0.273682564496994
Spokane,2020-03-06,0.279,0.2906922996044159
SourdoughGulch_WA_985,2020-03-06,0.324,0.31779971718788147
Touchet_WA_824,2020-03-06,0.215,0.20874334871768951
Darrington,2020-03-07,0.297,0.30664148926734924
Quinault,2020-03-07,0.283,0.2708337604999542
Touchet_WA_824,2020-03-07,0.215,0.21766023337841034
SourdoughGulch_WA_985,2020-03-07,0.321,0.3202279508113861
Spokane,2020-03-07,0.294,0.2935972511768341
Darrington,2020-03-08,0.303,0.3062689006328583
SourdoughGulch_WA_985,2020-03-08,0.318,0.3205482065677643
Spokane,2020-03-08,0.294,0.293618768453598
Touchet_WA_824,2020-03-08,0.216,0.2104324996471405
Quinault,2020-03-08,0.266,0.26524218916893005
SourdoughGulch_WA_985,2020-03-09,0.314,0.31983980536460876
Darrington,2020-03-09,0.282,0.29384905099868774
Spokane,2020-03-09,0.291,0.29077890515327454
Quinault,2020-03-09,0.258,0.24799273908138275
Touchet_WA_824,2020-03-09,0.215,0.20839056372642517
SourdoughGulch_WA_985,2020-03-10,0.312,0.3185482919216156
Spokane,2020-03-10,0.289,0.2907373011112213
Quinault,2020-03-10,0.272,0.2501387596130371
Touchet_WA_824,2020-03-10,0.217,0.2138587236404419
Darrington,2020-03-10,0.279,0.2987678050994873
Darrington,2020-03-11,0.307,0.2987678050994873
SourdoughGulch_WA_985,2020-03-11,0.31,0.31537139415740967
Touchet_WA_824,2020-03-11,0.217,0.20983803272247314
Quinault,2020-03-11,0.28,0.247743621468544
Spokane,2020-03-11,0.289,0.2864301800727844
SourdoughGulch_WA_985,2020-03-12,0.314,0.3090427815914154
Spokane,2020-03-12,0.285,0.2855357825756073
Touchet_WA_824,2020-03-12,0.216,0.21966178715229034
Quinault,2020-03-12,0.26,0.24714089930057526
Darrington,2020-03-12,0.282,0.28790467977523804
Spokane,2020-03-13,0.285,0.2949009835720062
Darrington,2020-03-13,0.273,0.29702144861221313
Quinault,2020-03-13,0.271,0.2557469606399536
SourdoughGulch_WA_985,2020-03-13,0.304,0.31221166253089905
Touchet_WA_824,2020-03-13,0.218,0.22507238388061523
Touchet_WA_824,2020-03-14,0.218,0.22143252193927765
Spokane,2020-03-14,0.284,0.29591381549835205
Darrington,2020-03-14,0.263,0.2802688777446747
SourdoughGulch_WA_985,2020-03-14,0.301,0.32017427682876587
Quinault,2020-03-14,0.263,0.24359942972660065
Spokane,2020-03-15,0.283,0.294168084859848
SourdoughGulch_WA_985,2020-03-15,0.302,0.31951531767845154
Touchet_WA_824,2020-03-15,0.217,0.21079909801483154
Quinault,2020-03-15,0.255,0.24074478447437286
Darrington,2020-03-15,0.256,0.2735726535320282
Spokane,2020-03-16,0.287,0.2978215217590332
Quinault,2020-03-16,0.249,0.2379985749721527
Touchet_WA_824,2020-03-16,0.216,0.2106117308139801
SourdoughGulch_WA_985,2020-03-16,0.304,0.3211473226547241
Darrington,2020-03-16,0.253,0.2703675925731659
Touchet_WA_824,2020-03-17,0.218,0.212665855884552
Spokane,2020-03-17,0.287,0.29414162039756775
Quinault,2020-03-17,0.244,0.23154890537261963
Darrington,2020-03-17,0.25,0.26123082637786865
SourdoughGulch_WA_985,2020-03-17,0.306,0.323013573884964
SourdoughGulch_WA_985,2020-03-18,0.34,0.31929701566696167
Darrington,2020-03-18,0.247,0.2560940980911255
Spokane,2020-03-18,0.286,0.2927803695201874
Touchet_WA_824,2020-03-18,0.217,0.22003073990345
Quinault,2020-03-18,0.24,0.22143061459064484
SourdoughGulch_WA_985,2020-03-19,0.336,0.31929701566696167
Quinault,2020-03-19,0.236,0.2207549661397934
Darrington,2020-03-19,0.246,0.2552502751350403
Touchet_WA_824,2020-03-19,0.217,0.21325688064098358
Spokane,2020-03-19,0.284,0.29260140657424927
Spokane,2020-03-20,0.282,0.2925107181072235
Darrington,2020-03-20,0.244,0.25571155548095703
Touchet_WA_824,2020-03-20,0.217,0.2119126170873642
Quinault,2020-03-20,0.233,0.21470041573047638
SourdoughGulch_WA_985,2020-03-20,0.331,0.318122923374176
Quinault,2020-03-21,0.23,0.2089514136314392
SourdoughGulch_WA_985,2020-03-21,0.327,0.31961187720298767
Spokane,2020-03-21,0.28,0.2940784692764282
Darrington,2020-03-21,0.242,0.25754016637802124
Touchet_WA_824,2020-03-21,0.219,0.21491992473602295
Quinault,2020-03-22,0.227,0.2156856209039688
Darrington,2020-03-22,0.24,0.25669413805007935
Spokane,2020-03-22,0.278,0.2875838279724121
SourdoughGulch_WA_985,2020-03-22,0.325,0.31904977560043335
Touchet_WA_824,2020-03-22,0.221,0.21172237396240234
Darrington,2020-03-23,0.247,0.26848894357681274
Quinault,2020-03-23,0.283,0.2580109238624573
Spokane,2020-03-23,0.277,0.2857312858104706
SourdoughGulch_WA_985,2020-03-23,0.321,0.3177129626274109
Touchet_WA_824,2020-03-23,0.224,0.21442238986492157
Darrington,2020-03-24,0.253,0.272110253572464
Quinault,2020-03-24,0.288,0.2619830071926117
Spokane,2020-03-24,0.276,0.28327298164367676
SourdoughGulch_WA_985,2020-03-24,0.32,0.31442251801490784
Touchet_WA_824,2020-03-24,0.225,0.21704691648483276
Touchet_WA_824,2020-03-25,0.227,0.22085040807724
SourdoughGulch_WA_985,2020-03-25,0.313,0.3176145553588867
Quinault,2020-03-25,0.266,0.2598468065261841
Darrington,2020-03-25,0.253,0.2742752134799957
Spokane,2020-03-25,0.28,0.2897748053073883
Quinault,2020-03-26,0.263,0.2601996064186096
Touchet_WA_824,2020-03-26,0.226,0.22348254919052124
Darrington,2020-03-26,0.252,0.28749358654022217
Spokane,2020-03-26,0.282,0.28970006108283997
SourdoughGulch_WA_985,2020-03-26,0.313,0.31645122170448303
SourdoughGulch_WA_985,2020-03-27,0.311,0.31605055928230286
Quinault,2020-03-27,0.295,0.2614497244358063
Touchet_WA_824,2020-03-27,0.226,0.22150449454784393
Darrington,2020-03-27,0.255,0.28839290142059326
Spokane,2020-03-27,0.281,0.2902386784553528
Spokane,2020-03-28,0.28,0.28678926825523376
Darrington,2020-03-28,0.294,0.3039781153202057
Quinault,2020-03-28,0.314,0.27710506319999695
SourdoughGulch_WA_985,2020-03-28,0.311,0.317538321018219
Touchet_WA_824,2020-03-28,0.225,0.22139371931552887
Darrington,2020-03-29,0.31,0.3142448663711548
SourdoughGulch_WA_985,2020-03-29,0.313,0.3266146183013916
Spokane,2020-03-29,0.279,0.2910218834877014
Quinault,2020-03-29,0.299,0.2866279184818268
Touchet_WA_824,2020-03-29,0.225,0.23311732709407806
SourdoughGulch_WA_985,2020-03-30,0.317,0.3270113468170166
Spokane,2020-03-30,0.281,0.29056093096733093
Darrington,2020-03-30,0.31,0.3240942358970642
Touchet_WA_824,2020-03-30,0.224,0.24515901505947113
Quinault,2020-03-30,0.306,0.2943507730960846
Touchet_WA_824,2020-03-31,0.223,0.24471385776996613
Darrington,2020-03-31,0.308,0.32421284914016724
SourdoughGulch_WA_985,2020-03-31,0.355,0.33344215154647827
Quinault,2020-03-31,0.291,0.2906286120414734
Spokane,2020-03-31,0.285,0.2943137288093567
Darrington,2020-04-01,0.291,0.30986544489860535
Touchet_WA_824,2020-04-01,0.225,0.243583545088768
Spokane,2020-04-01,0.288,0.299286425113678
Quinault,2020-04-01,0.28,0.2858544886112213
SourdoughGulch_WA_985,2020-04-01,0.344,0.3365982174873352
Spokane,2020-04-02,0.291,0.2956223487854004
Quinault,2020-04-02,0.271,0.27991783618927
Darrington,2020-04-02,0.283,0.3069428503513336
SourdoughGulch_WA_985,2020-04-02,0.343,0.33654990792274475
Touchet_WA_824,2020-04-02,0.223,0.243583545088768
SourdoughGulch_WA_985,2020-04-03,0.336,0.33207935094833374
Spokane,2020-04-03,0.288,0.2920570969581604
Touchet_WA_824,2020-04-03,0.224,0.23915059864521027
Darrington,2020-04-03,0.309,0.3086758255958557
Quinault,2020-04-03,0.274,0.2687397301197052
Quinault,2020-04-04,0.266,0.2587525248527527
Spokane,2020-04-04,0.285,0.29092854261398315
Touchet_WA_824,2020-04-04,0.224,0.2343914955854416
SourdoughGulch_WA_985,2020-04-04,0.332,0.33079826831817627
Darrington,2020-04-04,0.293,0.30099189281463623
SourdoughGulch_WA_985,2020-04-05,0.331,0.3287886679172516
Touchet_WA_824,2020-04-05,0.223,0.22450974583625793
Spokane,2020-04-05,0.288,0.2901715934276581
Quinault,2020-04-05,0.256,0.24790020287036896
Darrington,2020-04-05,0.275,0.29907146096229553
Spokane,2020-04-06,0.286,0.2906930148601532
Darrington,2020-04-06,0.265,0.2800627648830414
Quinault,2020-04-06,0.249,0.24737894535064697
Touchet_WA_824,2020-04-06,0.223,0.22442671656608582
SourdoughGulch_WA_985,2020-04-06,0.33,0.32419365644454956
SourdoughGulch_WA_985,2020-04-07,0.329,0.3225434124469757
Quinault,2020-04-07,0.242,0.23127305507659912
Darrington,2020-04-07,0.258,0.2540833652019501
Spokane,2020-04-07,0.283,0.2883455455303192
Touchet_WA_824,2020-04-07,0.224,0.22374089062213898
SourdoughGulch_WA_985,2020-04-08,0.327,0.3150429129600525
Darrington,2020-04-08,0.252,0.2551978826522827
Spokane,2020-04-08,0.28,0.2882884740829468
Quinault,2020-04-08,0.236,0.22338159382343292
Touchet_WA_824,2020-04-08,0.224,0.22133448719978333
Touchet_WA_824,2020-04-09,0.222,0.20966966450214386
Darrington,2020-04-09,0.246,0.2548747658729553
Spokane,2020-04-09,0.277,0.28744935989379883
Quinault,2020-04-09,0.231,0.22121115028858185
SourdoughGulch_WA_985,2020-04-09,0.323,0.3112034797668457
Touchet_WA_824,2020-04-10,0.224,0.20793040096759796
Darrington,2020-04-10,0.243,0.2539895474910736
Quinault,2020-04-10,0.226,0.21923227608203888
Spokane,2020-04-10,0.274,0.2872675359249115
SourdoughGulch_WA_985,2020-04-10,0.319,0.31040841341018677
Darrington,2020-04-11,0.245,0.2557753622531891
Spokane,2020-04-11,0.27,0.2834661900997162
Quinault,2020-04-11,0.221,0.21495458483695984
SourdoughGulch_WA_985,2020-04-11,0.316,0.31183356046676636
Touchet_WA_824,2020-04-11,0.223,0.21559041738510132
Quinault,2020-04-12,0.215,0.21369916200637817
SourdoughGulch_WA_985,2020-04-12,0.307,0.3112848103046417
Touchet_WA_824,2020-04-12,0.228,0.2205711305141449
Darrington,2020-04-12,0.24,0.24989497661590576
Spokane,2020-04-12,0.267,0.275177538394928
Darrington,2020-04-13,0.235,0.24339203536510468
Quinault,2020-04-13,0.207,0.2126866579055786
Touchet_WA_824,2020-04-13,0.234,0.22529169917106628
SourdoughGulch_WA_985,2020-04-13,0.3,0.3123445212841034
Spokane,2020-04-13,0.264,0.2534902095794678
Darrington,2020-04-14,0.229,0.250029057264328
Spokane,2020-04-14,0.262,0.24818077683448792
Quinault,2020-04-14,0.201,0.20611152052879333
SourdoughGulch_WA_985,2020-04-14,0.295,0.311794251203537
Touchet_WA_824,2020-04-14,0.235,0.22761225700378418
Darrington,2020-04-15,0.223,0.24879609048366547
Quinault,2020-04-15,0.196,0.2015705704689026
SourdoughGulch_WA_985,2020-04-15,0.294,0.31436559557914734
Spokane,2020-04-15,0.261,0.23961418867111206
Touchet_WA_824,2020-04-15,0.234,0.23176801204681396
Darrington,2020-04-16,0.216,0.24894049763679504
Quinault,2020-04-16,0.189,0.19887417554855347
Touchet_WA_824,2020-04-16,0.237,0.23488213121891022
SourdoughGulch_WA_985,2020-04-16,0.341,0.31436559557914734
Spokane,2020-04-16,0.257,0.24135808646678925
Touchet_WA_824,2020-04-17,0.238,0.23359540104866028
SourdoughGulch_WA_985,2020-04-17,0.336,0.3149326741695404
Spokane,2020-04-17,0.254,0.24330322444438934
Darrington,2020-04-17,0.211,0.24918048083782196
Quinault,2020-04-17,0.183,0.1953660547733307
Darrington,2020-04-18,0.207,0.2552535831928253
Touchet_WA_824,2020-04-18,0.241,0.23680438101291656
Spokane,2020-04-18,0.251,0.2429511845111847
SourdoughGulch_WA_985,2020-04-18,0.332,0.31487560272216797
Quinault,2020-04-18,0.179,0.20179399847984314
Touchet_WA_824,2020-04-19,0.252,0.2319456934928894
Spokane,2020-04-19,0.25,0.2386709302663803
SourdoughGulch_WA_985,2020-04-19,0.324,0.31442883610725403
Darrington,2020-04-19,0.204,0.24785655736923218
Quinault,2020-04-19,0.177,0.19957566261291504
Spokane,2020-04-20,0.247,0.2319716215133667
Darrington,2020-04-20,0.199,0.23307360708713531
Quinault,2020-04-20,0.173,0.19134916365146637
Touchet_WA_824,2020-04-20,0.262,0.25036758184432983
SourdoughGulch_WA_985,2020-04-20,0.32,0.31377068161964417
Spokane,2020-04-21,0.242,0.23056210577487946
SourdoughGulch_WA_985,2020-04-21,0.319,0.31373676657676697
Quinault,2020-04-21,0.171,0.18309836089611053
Darrington,2020-04-21,0.192,0.23867453634738922
Touchet_WA_824,2020-04-21,0.27,0.2477269172668457
SourdoughGulch_WA_985,2020-04-22,0.316,0.3156951367855072
Touchet_WA_824,2020-04-22,0.277,0.257382333278656
Spokane,2020-04-22,0.243,0.24496454000473022
Quinault,2020-04-22,0.244,0.23708763718605042
Darrington,2020-04-22,0.212,0.2537434697151184
Spokane,2020-04-23,0.25,0.24537082016468048
Touchet_WA_824,2020-04-23,0.281,0.2662220001220703
SourdoughGulch_WA_985,2020-04-23,0.307,0.32477617263793945
Quinault,2020-04-23,0.259,0.24073714017868042
Darrington,2020-04-23,0.248,0.26903095841407776
Spokane,2020-04-24,0.246,0.2436791956424713
Touchet_WA_824,2020-04-24,0.302,0.26676127314567566
SourdoughGulch_WA_985,2020-04-24,0.349,0.3250444829463959
Quinault,2020-04-24,0.24,0.24181270599365234
Darrington,2020-04-24,0.247,0.2703607380390167
Darrington,2020-04-25,0.265,0.28121113777160645
SourdoughGulch_WA_985,2020-04-25,0.34,0.3252892792224884
Spokane,2020-04-25,0.244,0.24662652611732483
Quinault,2020-04-25,0.268,0.27087217569351196
Touchet_WA_824,2020-04-25,0.292,0.2661428451538086
Spokane,2020-04-26,0.241,0.2420225441455841
Darrington,2020-04-26,0.287,0.2800775170326233
Touchet_WA_824,2020-04-26,0.292,0.26575610041618347
Quinault,2020-04-26,0.265,0.27208179235458374
SourdoughGulch_WA_985,2020-04-26,0.336,0.3249680995941162
Quinault,2020-04-27,0.29,0.2780824899673462
Spokane,2020-04-27,0.238,0.24214519560337067
Darrington,2020-04-27,0.31,0.2961277961730957
SourdoughGulch_WA_985,2020-04-27,0.334,0.3211016356945038
Touchet_WA_824,2020-04-27,0.298,0.2671363055706024
SourdoughGulch_WA_985,2020-04-28,0.327,0.3129202127456665
Darrington,2020-04-28,0.286,0.2921702265739441
Touchet_WA_824,2020-04-28,0.303,0.26665833592414856
Quinault,2020-04-28,0.259,0.2750733494758606
Spokane,2020-04-28,0.234,0.24100197851657867
Quinault,2020-04-29,0.264,0.270129531621933
Touchet_WA_824,2020-04-29,0.307,0.2777569591999054
Spokane,2020-04-29,0.229,0.23120780289173126
SourdoughGulch_WA_985,2020-04-29,0.32,0.31345629692077637
Darrington,2020-04-29,0.275,0.28723153471946716
Touchet_WA_824,2020-04-30,0.316,0.2766621708869934
Quinault,2020-04-30,0.287,0.2701580226421356
Spokane,2020-04-30,0.224,0.23138731718063354
SourdoughGulch_WA_985,2020-04-30,0.314,0.31464457511901855
Darrington,2020-04-30,0.288,0.2951827049255371
Touchet_WA_824,2020-05-01,0.323,0.27028605341911316
SourdoughGulch_WA_985,2020-05-01,0.308,0.30561622977256775
Darrington,2020-05-01,0.275,0.2869771718978882
Quinault,2020-05-01,0.262,0.26481932401657104
Spokane,2020-05-01,0.22,0.23265327513217926
Quinault,2020-05-02,0.284,0.2787768840789795
Spokane,2020-05-02,0.216,0.2244923710823059
Touchet_WA_824,2020-05-02,0.327,0.28601324558258057
SourdoughGulch_WA_985,2020-05-02,0.307,0.31145811080932617
Darrington,2020-05-02,0.279,0.29086780548095703
Spokane,2020-05-03,0.225,0.2268885225057602
Quinault,2020-05-03,0.275,0.2785879373550415
Touchet_WA_824,2020-05-03,0.333,0.2883577048778534
SourdoughGulch_WA_985,2020-05-03,0.301,0.31318241357803345
Darrington,2020-05-03,0.317,0.3067983388900757
Spokane,2020-05-04,0.219,0.22742220759391785
Quinault,2020-05-04,0.26,0.2732730805873871
SourdoughGulch_WA_985,2020-05-04,0.299,0.31354427337646484
Darrington,2020-05-04,0.289,0.30735015869140625
Touchet_WA_824,2020-05-04,0.313,0.2999904751777649
Touchet_WA_824,2020-05-05,0.331,0.2981599271297455
Darrington,2020-05-05,0.268,0.3083754777908325
Spokane,2020-05-05,0.214,0.20448942482471466
SourdoughGulch_WA_985,2020-05-05,0.296,0.3078465461730957
Quinault,2020-05-05,0.262,0.2728543281555176
Darrington,2020-05-06,0.316,0.3054056167602539
SourdoughGulch_WA_985,2020-05-06,0.292,0.30427873134613037
Touchet_WA_824,2020-05-06,0.339,0.3031553030014038
Spokane,2020-05-06,0.222,0.20628568530082703
Quinault,2020-05-06,0.275,0.2663843035697937
Spokane,2020-05-07,0.222,0.20603573322296143
Darrington,2020-05-07,0.293,0.2895635664463043
Touchet_WA_824,2020-05-07,0.321,0.2995690107345581
SourdoughGulch_WA_985,2020-05-07,0.284,0.30415675044059753
Quinault,2020-05-07,0.251,0.25312894582748413
Darrington,2020-05-08,0.265,0.2823083996772766
Spokane,2020-05-08,0.217,0.19498707354068756
SourdoughGulch_WA_985,2020-05-08,0.284,0.3017023503780365
Quinault,2020-05-08,0.237,0.2496648132801056
Touchet_WA_824,2020-05-08,0.332,0.3006218671798706
Darrington,2020-05-09,0.238,0.2702615261077881
SourdoughGulch_WA_985,2020-05-09,0.28,0.2978019714355469
Spokane,2020-05-09,0.21,0.19238431751728058
Quinault,2020-05-09,0.225,0.24962976574897766
Touchet_WA_824,2020-05-09,0.343,0.3023746609687805
Quinault,2020-05-10,0.214,0.2163304090499878
Spokane,2020-05-10,0.202,0.1901981681585312
SourdoughGulch_WA_985,2020-05-10,0.274,0.2831839919090271
Darrington,2020-05-10,0.216,0.24343599379062653
Touchet_WA_824,2020-05-10,0.346,0.29244184494018555
Touchet_WA_824,2020-05-11,0.347,0.30088314414024353
SourdoughGulch_WA_985,2020-05-11,0.265,0.29041433334350586
Quinault,2020-05-11,0.209,0.2247009426355362
Spokane,2020-05-11,0.195,0.19170376658439636
Darrington,2020-05-11,0.204,0.23737816512584686
Touchet_WA_824,2020-05-12,0.346,0.30895698070526123
Darrington,2020-05-12,0.229,0.24969741702079773
SourdoughGulch_WA_985,2020-05-12,0.254,0.30189406871795654
Quinault,2020-05-12,0.264,0.2503999173641205
Spokane,2020-05-12,0.209,0.20868313312530518
Darrington,2020-05-13,0.248,0.2646360695362091
Quinault,2020-05-13,0.285,0.25633764266967773
Spokane,2020-05-13,0.211,0.2056591510772705
SourdoughGulch_WA_985,2020-05-13,0.322,0.312567800283432
Touchet_WA_824,2020-05-13,0.344,0.3099200129508972
Touchet_WA_824,2020-05-14,0.346,0.31601589918136597
Quinault,2020-05-14,0.26,0.2580919861793518
SourdoughGulch_WA_985,2020-05-14,0.313,0.316333144903183
Spokane,2020-05-14,0.21,0.2038859874010086
Darrington,2020-05-14,0.249,0.2649398744106293
Touchet_WA_824,2020-05-15,0.332,0.31395915150642395
SourdoughGulch_WA_985,2020-05-15,0.35,0.32215213775634766
Quinault,2020-05-15,0.245,0.24633759260177612
Spokane,2020-05-15,0.21,0.20353367924690247
Darrington,2020-05-15,0.253,0.266581267118454
Spokane,2020-05-16,0.207,0.19380547106266022
Quinault,2020-05-16,0.267,0.26319676637649536
Darrington,2020-05-16,0.253,0.266035258769989
SourdoughGulch_WA_985,2020-05-16,0.347,0.32037031650543213
Touchet_WA_824,2020-05-16,0.343,0.3123278021812439
Quinault,2020-05-17,0.268,0.2596878111362457
Darrington,2020-05-17,0.303,0.2718324065208435
SourdoughGulch_WA_985,2020-05-17,0.342,0.32985439896583557
Spokane,2020-05-17,0.206,0.20123973488807678
Touchet_WA_824,2020-05-17,0.345,0.31727930903434753
Spokane,2020-05-18,0.224,0.20213203132152557
Quinault,2020-05-18,0.257,0.2579938471317291
SourdoughGulch_WA_985,2020-05-18,0.341,0.3249567151069641
Darrington,2020-05-18,0.295,0.2742402255535126
Touchet_WA_824,2020-05-18,0.335,0.31280893087387085
Spokane,2020-05-19,0.255,0.20880359411239624
Quinault,2020-05-19,0.252,0.2525612711906433
SourdoughGulch_WA_985,2020-05-19,0.339,0.33133256435394287
Touchet_WA_824,2020-05-19,0.313,0.30953094363212585
Darrington,2020-05-19,0.271,0.2662050127983093
Darrington,2020-05-20,0.26,0.2674137353897095
Spokane,2020-05-20,0.294,0.2730809152126312
Quinault,2020-05-20,0.241,0.24365046620368958
SourdoughGulch_WA_985,2020-05-20,0.354,0.34012526273727417
Touchet_WA_824,2020-05-20,0.31,0.32130175828933716
SourdoughGulch_WA_985,2020-05-21,0.369,0.33530348539352417
Quinault,2020-05-21,0.267,0.24766096472740173
Darrington,2020-05-21,0.272,0.2683306038379669
Touchet_WA_824,2020-05-21,0.354,0.3143041133880615
Spokane,2020-05-21,0.326,0.2963148355484009
Touchet_WA_824,2020-05-22,0.323,0.30630365014076233
SourdoughGulch_WA_985,2020-05-22,0.351,0.34765350818634033
Darrington,2020-05-22,0.316,0.27599504590034485
Spokane,2020-05-22,0.311,0.29939430952072144
Quinault,2020-05-22,0.271,0.24809038639068604
Darrington,2020-05-23,0.291,0.2745608687400818
Touchet_WA_824,2020-05-23,0.31,0.3037109971046448
SourdoughGulch_WA_985,2020-05-23,0.344,0.3487046957015991
Spokane,2020-05-23,0.305,0.29360121488571167
Quinault,2020-05-23,0.252,0.24473626911640167
Touchet_WA_824,2020-05-24,0.291,0.281703919172287
SourdoughGulch_WA_985,2020-05-24,0.339,0.3432185649871826
Quinault,2020-05-24,0.241,0.24953854084014893
Spokane,2020-05-24,0.298,0.28599292039871216
Darrington,2020-05-24,0.269,0.2824714481830597
Quinault,2020-05-25,0.266,0.25252699851989746
Darrington,2020-05-25,0.291,0.29150858521461487
Touchet_WA_824,2020-05-25,0.274,0.26951512694358826
Spokane,2020-05-25,0.294,0.289480596780777
SourdoughGulch_WA_985,2020-05-25,0.336,0.3441246747970581
Darrington,2020-05-26,0.304,0.28637468814849854
Spokane,2020-05-26,0.29,0.28543320298194885
SourdoughGulch_WA_985,2020-05-26,0.33,0.3434123694896698
Quinault,2020-05-26,0.253,0.24071070551872253
Touchet_WA_824,2020-05-26,0.291,0.26500973105430603
Quinault,2020-05-27,0.237,0.2386409491300583
Spokane,2020-05-27,0.282,0.284878671169281
Darrington,2020-05-27,0.272,0.2839927673339844
SourdoughGulch_WA_985,2020-05-27,0.333,0.3414601981639862
Touchet_WA_824,2020-05-27,0.27,0.265167236328125
Quinault,2020-05-28,0.225,0.23253107070922852
Spokane,2020-05-28,0.273,0.2721647322177887
Darrington,2020-05-28,0.249,0.2767428755760193
SourdoughGulch_WA_985,2020-05-28,0.328,0.3314664959907532
Touchet_WA_824,2020-05-28,0.252,0.2554130256175995
SourdoughGulch_WA_985,2020-05-29,0.319,0.3311671018600464
Quinault,2020-05-29,0.212,0.21828626096248627
Darrington,2020-05-29,0.23,0.2508733868598938
Spokane,2020-05-29,0.265,0.26649391651153564
Touchet_WA_824,2020-05-29,0.244,0.25748082995414734
Touchet_WA_824,2020-05-30,0.236,0.2586837112903595
Spokane,2020-05-30,0.259,0.2628774344921112
Darrington,2020-05-30,0.263,0.27492937445640564
SourdoughGulch_WA_985,2020-05-30,0.317,0.33051732182502747
Quinault,2020-05-30,0.221,0.22008223831653595
Spokane,2020-05-31,0.306,0.29327794909477234
Darrington,2020-05-31,0.296,0.27998319268226624
Quinault,2020-05-31,0.241,0.21240884065628052
SourdoughGulch_WA_985,2020-05-31,0.308,0.33996856212615967
Touchet_WA_824,2020-05-31,0.229,0.26546990871429443
Touchet_WA_824,2020-06-01,0.246,0.24777169525623322
Darrington,2020-06-01,0.278,0.286445289850235
SourdoughGulch_WA_985,2020-06-01,0.353,0.34310153126716614
Spokane,2020-06-01,0.297,0.2919310927391052
Quinault,2020-06-01,0.226,0.21174819767475128
SourdoughGulch_WA_985,2020-06-02,0.342,0.3416841924190521
Spokane,2020-06-02,0.289,0.283809095621109
Quinault,2020-06-02,0.215,0.18933221697807312
Touchet_WA_824,2020-06-02,0.235,0.24484382569789886
Darrington,2020-06-02,0.269,0.2538289725780487
Spokane,2020-06-03,0.28,0.28238698840141296
Touchet_WA_824,2020-06-03,0.222,0.23635150492191315
SourdoughGulch_WA_985,2020-06-03,0.335,0.3412427604198456
Quinault,2020-06-03,0.209,0.18273329734802246
Darrington,2020-06-03,0.262,0.2270112782716751
Quinault,2020-06-04,0.201,0.17616014182567596
Spokane,2020-06-04,0.272,0.26797741651535034
SourdoughGulch_WA_985,2020-06-04,0.326,0.33868712186813354
Darrington,2020-06-04,0.252,0.23085252940654755
Touchet_WA_824,2020-06-04,0.215,0.22725698351860046
Darrington,2020-06-05,0.247,0.23981118202209473
Spokane,2020-06-05,0.268,0.27284523844718933
Touchet_WA_824,2020-06-05,0.208,0.23977558314800262
SourdoughGulch_WA_985,2020-06-05,0.317,0.3378785252571106
Quinault,2020-06-05,0.194,0.16154031455516815
Quinault,2020-06-06,0.207,0.20683392882347107
Touchet_WA_824,2020-06-06,0.214,0.23723772168159485
Darrington,2020-06-06,0.263,0.2522650957107544
SourdoughGulch_WA_985,2020-06-06,0.311,0.34134960174560547
Spokane,2020-06-06,0.269,0.2722494602203369
Darrington,2020-06-07,0.281,0.24882002174854279
SourdoughGulch_WA_985,2020-06-07,0.351,0.3427881896495819
Touchet_WA_824,2020-06-07,0.229,0.23729856312274933
Quinault,2020-06-07,0.242,0.21576058864593506
Spokane,2020-06-07,0.264,0.268709659576416
Spokane,2020-06-08,0.259,0.24870938062667847
Quinault,2020-06-08,0.235,0.22981509566307068
SourdoughGulch_WA_985,2020-06-08,0.346,0.3391077518463135
Touchet_WA_824,2020-06-08,0.222,0.22466348111629486
Darrington,2020-06-08,0.294,0.2785479724407196
Spokane,2020-06-09,0.26,0.24496737122535706
SourdoughGulch_WA_985,2020-06-09,0.339,0.3378814458847046
Quinault,2020-06-09,0.289,0.26560360193252563
Darrington,2020-06-09,0.318,0.30165359377861023
Touchet_WA_824,2020-06-09,0.26,0.23511576652526855
SourdoughGulch_WA_985,2020-06-10,0.334,0.3466946482658386
Touchet_WA_824,2020-06-10,0.289,0.2296830266714096
Spokane,2020-06-10,0.261,0.24855029582977295
Darrington,2020-06-10,0.308,0.2999095618724823
Quinault,2020-06-10,0.263,0.26735201478004456
Spokane,2020-06-11,0.254,0.24479901790618896
Darrington,2020-06-11,0.295,0.3002777695655823
SourdoughGulch_WA_985,2020-06-11,0.338,0.34077274799346924
Touchet_WA_824,2020-06-11,0.256,0.22572259604930878
Quinault,2020-06-11,0.251,0.2573203146457672
Touchet_WA_824,2020-06-12,0.24,0.22191034257411957
SourdoughGulch_WA_985,2020-06-12,0.337,0.34088125824928284
Spokane,2020-06-12,0.25,0.24069131910800934
Quinault,2020-06-12,0.272,0.2644181549549103
Darrington,2020-06-12,0.308,0.2986769676208496
Touchet_WA_824,2020-06-13,0.228,0.25663724541664124
Quinault,2020-06-13,0.272,0.2627962529659271
Darrington,2020-06-13,0.311,0.29665136337280273
Spokane,2020-06-13,0.262,0.24440933763980865
SourdoughGulch_WA_985,2020-06-13,0.33,0.3519894778728485
SourdoughGulch_WA_985,2020-06-14,0.364,0.35064586997032166
Quinault,2020-06-14,0.256,0.2546761631965637
Touchet_WA_824,2020-06-14,0.322,0.2727431654930115
Darrington,2020-06-14,0.313,0.2975935935974121
Spokane,2020-06-14,0.268,0.24552790820598602
SourdoughGulch_WA_985,2020-06-15,0.352,0.3536081612110138
Touchet_WA_824,2020-06-15,0.301,0.27664294838905334
Spokane,2020-06-15,0.268,0.2632789611816406
Darrington,2020-06-15,0.314,0.2938244938850403
Quinault,2020-06-15,0.278,0.2666722536087036
Spokane,2020-06-16,0.269,0.2648737132549286
Darrington,2020-06-16,0.311,0.2909555435180664
Quinault,2020-06-16,0.265,0.26405590772628784
SourdoughGulch_WA_985,2020-06-16,0.351,0.3544853925704956
Touchet_WA_824,2020-06-16,0.313,0.27692967653274536
Darrington,2020-06-17,0.291,0.27902865409851074
Spokane,2020-06-17,0.267,0.2722734808921814
SourdoughGulch_WA_985,2020-06-17,0.357,0.34926432371139526
Quinault,2020-06-17,0.253,0.24289515614509583
Touchet_WA_824,2020-06-17,0.289,0.25978025794029236
SourdoughGulch_WA_985,2020-06-18,0.352,0.34969562292099
Spokane,2020-06-18,0.264,0.2704129219055176
Darrington,2020-06-18,0.272,0.26149582862854004
Touchet_WA_824,2020-06-18,0.264,0.25325486063957214
Quinault,2020-06-18,0.241,0.2392221987247467
SourdoughGulch_WA_985,2020-06-19,0.347,0.3489275574684143
Touchet_WA_824,2020-06-19,0.247,0.24461324512958527
Darrington,2020-06-19,0.252,0.23604458570480347
Spokane,2020-06-19,0.255,0.26698753237724304
Quinault,2020-06-19,0.23,0.22768345475196838
Spokane,2020-06-20,0.248,0.26328015327453613
Touchet_WA_824,2020-06-20,0.236,0.243565171957016
Darrington,2020-06-20,0.246,0.2359456866979599
Quinault,2020-06-20,0.265,0.24744316935539246
SourdoughGulch_WA_985,2020-06-20,0.342,0.3428709805011749
Touchet_WA_824,2020-06-21,0.233,0.2112339437007904
Quinault,2020-06-21,0.258,0.23111388087272644
Darrington,2020-06-21,0.242,0.2434445172548294
SourdoughGulch_WA_985,2020-06-21,0.337,0.3410709500312805
Spokane,2020-06-21,0.243,0.24035847187042236
Darrington,2020-06-22,0.229,0.23416845500469208
SourdoughGulch_WA_985,2020-06-22,0.338,0.3325190842151642
Spokane,2020-06-22,0.235,0.22850367426872253
Touchet_WA_824,2020-06-22,0.221,0.20534802973270416
Quinault,2020-06-22,0.241,0.2257946878671646
Touchet_WA_824,2020-06-23,0.205,0.18772798776626587
SourdoughGulch_WA_985,2020-06-23,0.332,0.3262714743614197
Quinault,2020-06-23,0.228,0.2166425883769989
Darrington,2020-06-23,0.216,0.2306698113679886
Spokane,2020-06-23,0.226,0.21442370116710663
Touchet_WA_824,2020-06-24,0.193,0.18616889417171478
Darrington,2020-06-24,0.222,0.23461315035820007
Quinault,2020-06-24,0.218,0.2044498175382614
SourdoughGulch_WA_985,2020-06-24,0.324,0.3189144730567932
Spokane,2020-06-24,0.215,0.20337238907814026
Touchet_WA_824,2020-06-25,0.184,0.18609313666820526
Quinault,2020-06-25,0.207,0.19634483754634857
SourdoughGulch_WA_985,2020-06-25,0.314,0.31446099281311035
Darrington,2020-06-25,0.219,0.22508667409420013
Spokane,2020-06-25,0.206,0.19448047876358032
Darrington,2020-06-26,0.21,0.22734135389328003
SourdoughGulch_WA_985,2020-06-26,0.305,0.3109680712223053
Quinault,2020-06-26,0.195,0.19685114920139313
Spokane,2020-06-26,0.197,0.18239131569862366
Touchet_WA_824,2020-06-26,0.169,0.1713472157716751
Spokane,2020-06-27,0.187,0.17302291095256805
Darrington,2020-06-27,0.206,0.22813987731933594
Quinault,2020-06-27,0.186,0.19755424559116364
Touchet_WA_824,2020-06-27,0.157,0.1709907352924347
SourdoughGulch_WA_985,2020-06-27,0.295,0.3095363974571228
Spokane,2020-06-28,0.18,0.18285425007343292
Darrington,2020-06-28,0.205,0.21284739673137665
Quinault,2020-06-28,0.182,0.18584993481636047
Touchet_WA_824,2020-06-28,0.146,0.15790832042694092
SourdoughGulch_WA_985,2020-06-28,0.28,0.3079430162906647
Darrington,2020-06-29,0.198,0.21076621115207672
Quinault,2020-06-29,0.177,0.17992570996284485
Spokane,2020-06-29,0.175,0.18048371374607086
Touchet_WA_824,2020-06-29,0.147,0.1547488421201706
SourdoughGulch_WA_985,2020-06-29,0.266,0.31588873267173767
SourdoughGulch_WA_985,2020-06-30,0.355,0.317017525434494
Quinault,2020-06-30,0.172,0.18072934448719025
Darrington,2020-06-30,0.193,0.23174744844436646
Spokane,2020-06-30,0.178,0.17723479866981506
Touchet_WA_824,2020-06-30,0.17,0.15718196332454681
Darrington,2020-07-01,0.212,0.25305312871932983
Spokane,2020-07-01,0.189,0.17305272817611694
Touchet_WA_824,2020-07-01,0.165,0.1536092609167099
Quinault,2020-07-01,0.17,0.1771250218153
SourdoughGulch_WA_985,2020-07-01,0.36,0.3169711232185364
SourdoughGulch_WA_985,2020-07-02,0.348,0.3144371211528778
Touchet_WA_824,2020-07-02,0.159,0.15469637513160706
Quinault,2020-07-02,0.169,0.19808992743492126
Darrington,2020-07-02,0.255,0.25408095121383667
Spokane,2020-07-02,0.187,0.17362816631793976
Quinault,2020-07-03,0.188,0.20711278915405273
Darrington,2020-07-03,0.252,0.2583436071872711
Spokane,2020-07-03,0.177,0.17228913307189941
Touchet_WA_824,2020-07-03,0.149,0.15086664259433746
SourdoughGulch_WA_985,2020-07-03,0.343,0.3143479824066162
Quinault,2020-07-04,0.184,0.2006933093070984
Darrington,2020-07-04,0.251,0.25021985173225403
Spokane,2020-07-04,0.167,0.16936486959457397
Touchet_WA_824,2020-07-04,0.14,0.14754800498485565
SourdoughGulch_WA_985,2020-07-04,0.336,0.30679813027381897
Touchet_WA_824,2020-07-05,0.125,0.13470503687858582
Spokane,2020-07-05,0.16,0.15618783235549927
SourdoughGulch_WA_985,2020-07-05,0.327,0.3035471737384796
Quinault,2020-07-05,0.177,0.1920177936553955
Darrington,2020-07-05,0.238,0.24061034619808197
Spokane,2020-07-06,0.152,0.13824562728405
SourdoughGulch_WA_985,2020-07-06,0.319,0.2932251989841461
Touchet_WA_824,2020-07-06,0.113,0.12996192276477814
Quinault,2020-07-06,0.171,0.18290458619594574
Darrington,2020-07-06,0.226,0.2246912270784378
SourdoughGulch_WA_985,2020-07-07,0.312,0.3047267198562622
Spokane,2020-07-07,0.145,0.13739633560180664
Touchet_WA_824,2020-07-07,0.099,0.1337912529706955
Quinault,2020-07-07,0.168,0.17585381865501404
Darrington,2020-07-07,0.221,0.2226230502128601
Spokane,2020-07-08,0.139,0.12116319686174393
SourdoughGulch_WA_985,2020-07-08,0.305,0.3152148723602295
Touchet_WA_824,2020-07-08,0.133,0.1341550201177597
Quinault,2020-07-08,0.165,0.1679488867521286
Darrington,2020-07-08,0.216,0.21755746006965637
SourdoughGulch_WA_985,2020-07-09,0.301,0.3151012063026428
Quinault,2020-07-09,0.166,0.19240839779376984
Spokane,2020-07-09,0.134,0.1118277907371521
Touchet_WA_824,2020-07-09,0.115,0.1300254762172699
Darrington,2020-07-09,0.218,0.23198996484279633
Touchet_WA_824,2020-07-10,0.1,0.12955981492996216
Quinault,2020-07-10,0.168,0.181979238986969
Darrington,2020-07-10,0.223,0.23157867789268494
SourdoughGulch_WA_985,2020-07-10,0.294,0.31628966331481934
Spokane,2020-07-10,0.128,0.11001722514629364
Darrington,2020-07-11,0.216,0.22960102558135986
Touchet_WA_824,2020-07-11,0.103,0.12579579651355743
Quinault,2020-07-11,0.174,0.2144017070531845
Spokane,2020-07-11,0.122,0.10616849362850189
SourdoughGulch_WA_985,2020-07-11,0.292,0.3063117265701294
Touchet_WA_824,2020-07-12,0.092,0.1128963902592659
Quinault,2020-07-12,0.226,0.21781475841999054
Spokane,2020-07-12,0.116,0.08925957977771759
SourdoughGulch_WA_985,2020-07-12,0.289,0.30638644099235535
Darrington,2020-07-12,0.224,0.23172177374362946
Touchet_WA_824,2020-07-13,0.076,0.11225670576095581
Darrington,2020-07-13,0.218,0.2214101254940033
Spokane,2020-07-13,0.11,0.08689919859170914
Quinault,2020-07-13,0.205,0.21126550436019897
SourdoughGulch_WA_985,2020-07-13,0.277,0.30284950137138367
Touchet_WA_824,2020-07-14,0.067,0.10398292541503906
Quinault,2020-07-14,0.189,0.19823971390724182
Spokane,2020-07-14,0.104,0.08307473361492157
Darrington,2020-07-14,0.205,0.1955574005842209
SourdoughGulch_WA_985,2020-07-14,0.269,0.2767568826675415
Touchet_WA_824,2020-07-15,0.054,0.08867165446281433
Quinault,2020-07-15,0.176,0.1651923805475235
Darrington,2020-07-15,0.194,0.18844832479953766
Spokane,2020-07-15,0.099,0.07136748731136322
SourdoughGulch_WA_985,2020-07-15,0.26,0.2510559856891632
Quinault,2020-07-16,0.166,0.1627090573310852
Darrington,2020-07-16,0.183,0.1799403727054596
Spokane,2020-07-16,0.093,0.06668524444103241
Touchet_WA_824,2020-07-16,0.044,0.07621821761131287
SourdoughGulch_WA_985,2020-07-16,0.249,0.23738056421279907
Quinault,2020-07-17,0.159,0.15357942879199982
Darrington,2020-07-17,0.177,0.1670752465724945
Spokane,2020-07-17,0.087,0.06411836296319962
Touchet_WA_824,2020-07-17,0.036,0.0589807964861393
SourdoughGulch_WA_985,2020-07-17,0.238,0.21622967720031738
Touchet_WA_824,2020-07-18,0.028,0.04984844848513603
Darrington,2020-07-18,0.17,0.14653193950653076
Spokane,2020-07-18,0.082,0.06299227476119995
Quinault,2020-07-18,0.152,0.15088196098804474
SourdoughGulch_WA_985,2020-07-18,0.22,0.2105994075536728
Quinault,2020-07-19,0.146,0.135763481259346
Darrington,2020-07-19,0.159,0.14414559304714203
Touchet_WA_824,2020-07-19,0.024,0.04767679050564766
SourdoughGulch_WA_985,2020-07-19,0.216,0.2064342498779297
Spokane,2020-07-19,0.078,0.06315308809280396
SourdoughGulch_WA_985,2020-07-20,0.203,0.20378954708576202
Touchet_WA_824,2020-07-20,0.021,0.04570769891142845
Darrington,2020-07-20,0.149,0.1326300948858261
Quinault,2020-07-20,0.14,0.13041706383228302
Spokane,2020-07-20,0.074,0.0618135966360569
Touchet_WA_824,2020-07-21,0.017,0.025625500828027725
Quinault,2020-07-21,0.135,0.1196228489279747
Spokane,2020-07-21,0.069,0.061653733253479004
Darrington,2020-07-21,0.138,0.1296280175447464
SourdoughGulch_WA_985,2020-07-21,0.191,0.18794991075992584
Darrington,2020-07-22,0.129,0.1263268142938614
Touchet_WA_824,2020-07-22,0.016,0.023336155340075493
Quinault,2020-07-22,0.131,0.11984962224960327
Spokane,2020-07-22,0.066,0.05839928984642029
SourdoughGulch_WA_985,2020-07-22,0.185,0.18476007878780365
Darrington,2020-07-23,0.123,0.12062568217515945
Quinault,2020-07-23,0.128,0.11350499093532562
Spokane,2020-07-23,0.062,0.0582759790122509
SourdoughGulch_WA_985,2020-07-23,0.179,0.18330349028110504
Touchet_WA_824,2020-07-23,0.013,0.018486781045794487
Touchet_WA_824,2020-07-24,0.011,0.014670729637145996
Darrington,2020-07-24,0.12,0.1236567422747612
Spokane,2020-07-24,0.06,0.05769672617316246
Quinault,2020-07-24,0.124,0.11613034456968307
SourdoughGulch_WA_985,2020-07-24,0.17,0.1580725908279419
Touchet_WA_824,2020-07-25,0.007,0.012015028856694698
Darrington,2020-07-25,0.115,0.1205766499042511
SourdoughGulch_WA_985,2020-07-25,0.166,0.15681351721286774
Quinault,2020-07-25,0.121,0.10901257395744324
Spokane,2020-07-25,0.057,0.0576234795153141
SourdoughGulch_WA_985,2020-07-26,0.162,0.1606823056936264
Spokane,2020-07-26,0.055,0.05696212500333786
Touchet_WA_824,2020-07-26,0.01,0.009821978397667408
Darrington,2020-07-26,0.109,0.11202069371938705
Quinault,2020-07-26,0.117,0.10226508229970932
Spokane,2020-07-27,0.054,0.05455520749092102
Touchet_WA_824,2020-07-27,0.009,0.009632734581828117
SourdoughGulch_WA_985,2020-07-27,0.159,0.1464545577764511
Darrington,2020-07-27,0.101,0.10887522250413895
Quinault,2020-07-27,0.114,0.10636025667190552
Touchet_WA_824,2020-07-28,0.011,0.009632734581828117
SourdoughGulch_WA_985,2020-07-28,0.156,0.1449131816625595
Spokane,2020-07-28,0.051,0.05333695188164711
Darrington,2020-07-28,0.095,0.10092228651046753
Quinault,2020-07-28,0.111,0.09905271977186203
Quinault,2020-07-29,0.109,0.09069941192865372
Spokane,2020-07-29,0.049,0.04999378323554993
SourdoughGulch_WA_985,2020-07-29,0.15,0.14775417745113373
Touchet_WA_824,2020-07-29,0.004,0.009267665445804596
Darrington,2020-07-29,0.089,0.09617283940315247
SourdoughGulch_WA_985,2020-07-30,0.15,0.14502070844173431
Spokane,2020-07-30,0.048,0.04990912228822708
Touchet_WA_824,2020-07-30,0.007,0.009267665445804596
Quinault,2020-07-30,0.107,0.0800461620092392
Darrington,2020-07-30,0.085,0.09507659822702408
Darrington,2020-07-31,0.082,0.08753558248281479
SourdoughGulch_WA_985,2020-07-31,0.149,0.14200712740421295
Spokane,2020-07-31,0.046,0.048139795660972595
Touchet_WA_824,2020-07-31,0.006,0.007910105399787426
Quinault,2020-07-31,0.105,0.07928530871868134
Quinault,2020-08-01,0.105,0.07596126198768616
Spokane,2020-08-01,0.043,0.0470135472714901
Touchet_WA_824,2020-08-01,0.003,0.007711593061685562
Darrington,2020-08-01,0.079,0.08074698597192764
SourdoughGulch_WA_985,2020-08-01,0.148,0.14072009921073914
Darrington,2020-08-02,0.076,0.0833064615726471
Spokane,2020-08-02,0.042,0.04008636996150017
Quinault,2020-08-02,0.104,0.07562874257564545
Touchet_WA_824,2020-08-02,0.004,0.0069891479797661304
SourdoughGulch_WA_985,2020-08-02,0.138,0.13550616800785065
SourdoughGulch_WA_985,2020-08-03,0.139,0.1378433108329773
Spokane,2020-08-03,0.04,0.03950369358062744
Touchet_WA_824,2020-08-03,0.004,0.006614006590098143
Darrington,2020-08-03,0.074,0.08440413326025009
Quinault,2020-08-03,0.103,0.08602754026651382
Touchet_WA_824,2020-08-04,0.003,0.0047894674353301525
SourdoughGulch_WA_985,2020-08-04,0.138,0.13478800654411316
Spokane,2020-08-04,0.039,0.03739165514707565
Darrington,2020-08-04,0.072,0.08009809255599976
Quinault,2020-08-04,0.102,0.08458395302295685
Quinault,2020-08-05,0.102,0.08449186384677887
Darrington,2020-08-05,0.07,0.061192821711301804
Touchet_WA_824,2020-08-05,0.001,0.005664650350809097
SourdoughGulch_WA_985,2020-08-05,0.133,0.12563049793243408
Spokane,2020-08-05,0.038,0.03672505170106888
Quinault,2020-08-06,0.131,0.1205119863152504
Touchet_WA_824,2020-08-06,0.0,0.014523472636938095
Darrington,2020-08-06,0.073,0.0865568071603775
Spokane,2020-08-06,0.037,0.042807336896657944
SourdoughGulch_WA_985,2020-08-06,0.133,0.11926750093698502
Touchet_WA_824,2020-08-07,0.0,0.012952127493917942
Darrington,2020-08-07,0.084,0.09583304822444916
Quinault,2020-08-07,0.13,0.12023109942674637
SourdoughGulch_WA_985,2020-08-07,0.127,0.1183491125702858
Spokane,2020-08-07,0.037,0.043116163462400436
SourdoughGulch_WA_985,2020-08-08,0.123,0.11739131808280945
Darrington,2020-08-08,0.087,0.10065081715583801
Spokane,2020-08-08,0.037,0.0416574664413929
Touchet_WA_824,2020-08-08,0.0,0.012548777274787426
Quinault,2020-08-08,0.128,0.12034685909748077
Touchet_WA_824,2020-08-09,0.0,0.010704534128308296
Darrington,2020-08-09,0.087,0.11001617461442947
Spokane,2020-08-09,0.037,0.039945337921381
SourdoughGulch_WA_985,2020-08-09,0.123,0.11698058992624283
Quinault,2020-08-09,0.124,0.11821851134300232
Quinault,2020-08-10,0.12,0.11191695183515549
Touchet_WA_824,2020-08-10,0.0,0.007796525489538908
SourdoughGulch_WA_985,2020-08-10,0.122,0.1138647198677063
Spokane,2020-08-10,0.036,0.03807784244418144
Darrington,2020-08-10,0.084,0.09802472591400146
Spokane,2020-08-11,0.036,0.03989455848932266
Darrington,2020-08-11,0.08,0.08908198773860931
Touchet_WA_824,2020-08-11,0.0,0.003980029374361038
Quinault,2020-08-11,0.115,0.10620353370904922
SourdoughGulch_WA_985,2020-08-11,0.126,0.11288566887378693
Quinault,2020-08-12,0.112,0.0965210422873497
Darrington,2020-08-12,0.076,0.08068428188562393
Spokane,2020-08-12,0.034,0.03699349984526634
Touchet_WA_824,2020-08-12,0.0,0.004863227717578411
SourdoughGulch_WA_985,2020-08-12,0.125,0.11194012314081192
Touchet_WA_824,2020-08-13,0.0,0.003770453156903386
Quinault,2020-08-13,0.108,0.09056016802787781
Darrington,2020-08-13,0.073,0.07903426885604858
SourdoughGulch_WA_985,2020-08-13,0.117,0.11425762623548508
Spokane,2020-08-13,0.033,0.03699349984526634
Spokane,2020-08-14,0.033,0.03643706813454628
SourdoughGulch_WA_985,2020-08-14,0.121,0.11425762623548508
Touchet_WA_824,2020-08-14,0.0,0.003039447357878089
Quinault,2020-08-14,0.107,0.08908776938915253
Darrington,2020-08-14,0.069,0.0684206634759903
Quinault,2020-08-15,0.104,0.08769512176513672
Touchet_WA_824,2020-08-15,0.0,0.0029910977464169264
Darrington,2020-08-15,0.066,0.06657186150550842
SourdoughGulch_WA_985,2020-08-15,0.117,0.11425762623548508
Spokane,2020-08-15,0.033,0.035946328192949295
Darrington,2020-08-16,0.065,0.06236113980412483
SourdoughGulch_WA_985,2020-08-16,0.121,0.11416256427764893
Spokane,2020-08-16,0.033,0.03353940695524216
Touchet_WA_824,2020-08-16,0.0,0.0020843183156102896
Quinault,2020-08-16,0.102,0.08449890464544296
Darrington,2020-08-17,0.063,0.055254850536584854
SourdoughGulch_WA_985,2020-08-17,0.12,0.11101898550987244
Touchet_WA_824,2020-08-17,0.0,0.0020843183156102896
Quinault,2020-08-17,0.101,0.07909607142210007
Spokane,2020-08-17,0.034,0.03239616006612778
SourdoughGulch_WA_985,2020-08-18,0.118,0.11023321002721786
Darrington,2020-08-18,0.061,0.053412262350320816
Touchet_WA_824,2020-08-18,0.0,0.0018932054517790675
Spokane,2020-08-18,0.033,0.03239616006612778
Quinault,2020-08-18,0.099,0.07781919091939926
Darrington,2020-08-19,0.059,0.04890149459242821
Touchet_WA_824,2020-08-19,0.0,0.0032075836788862944
Quinault,2020-08-19,0.098,0.0758502185344696
Spokane,2020-08-19,0.033,0.03256627544760704
SourdoughGulch_WA_985,2020-08-19,0.115,0.11090193688869476
Touchet_WA_824,2020-08-20,0.0,0.002229640493169427
Darrington,2020-08-20,0.059,0.06170443445444107
Spokane,2020-08-20,0.033,0.03256627544760704
Quinault,2020-08-20,0.169,0.15215633809566498
SourdoughGulch_WA_985,2020-08-20,0.106,0.10740102082490921
Touchet_WA_824,2020-08-21,0.0,0.00132286106236279
Darrington,2020-08-21,0.06,0.08453623950481415
Quinault,2020-08-21,0.216,0.2219587117433548
Spokane,2020-08-21,0.034,0.03256627544760704
SourdoughGulch_WA_985,2020-08-21,0.109,0.1054968610405922
Spokane,2020-08-22,0.033,0.03256627544760704
SourdoughGulch_WA_985,2020-08-22,0.109,0.1054968610405922
Darrington,2020-08-22,0.072,0.11960314959287643
Touchet_WA_824,2020-08-22,0.0,0.00132286106236279
Quinault,2020-08-22,0.214,0.22217774391174316
Quinault,2020-08-23,0.201,0.22003330290317535
Spokane,2020-08-23,0.032,0.03256627544760704
Darrington,2020-08-23,0.07,0.11301729083061218
Touchet_WA_824,2020-08-23,0.0,0.00132286106236279
SourdoughGulch_WA_985,2020-08-23,0.109,0.1054968610405922
Spokane,2020-08-24,0.031,0.03268735110759735
SourdoughGulch_WA_985,2020-08-24,0.111,0.10546223819255829
Quinault,2020-08-24,0.194,0.2112884223461151
Darrington,2020-08-24,0.07,0.10500258207321167
Touchet_WA_824,2020-08-24,0.0,0.0010232364293187857
SourdoughGulch_WA_985,2020-08-25,0.103,0.10516191273927689
Quinault,2020-08-25,0.187,0.20070672035217285
Touchet_WA_824,2020-08-25,0.0,0.0010232364293187857
Spokane,2020-08-25,0.031,0.03268735110759735
Darrington,2020-08-25,0.068,0.1027052253484726
SourdoughGulch_WA_985,2020-08-26,0.106,0.10016380250453949
Quinault,2020-08-26,0.181,0.19955453276634216
Spokane,2020-08-26,0.03,0.03197015821933746
Touchet_WA_824,2020-08-26,0.0,0.0012143496423959732
Darrington,2020-08-26,0.066,0.09676546603441238
SourdoughGulch_WA_985,2020-08-27,0.106,0.09985064715147018
Darrington,2020-08-27,0.064,0.0952262356877327
Spokane,2020-08-27,0.029,0.03027968667447567
Touchet_WA_824,2020-08-27,0.0,0.0012143496423959732
Quinault,2020-08-27,0.175,0.1994202733039856
SourdoughGulch_WA_985,2020-08-28,0.104,0.09985064715147018
Touchet_WA_824,2020-08-28,0.0,0.0012143496423959732
Spokane,2020-08-28,0.029,0.03027968667447567
Darrington,2020-08-28,0.062,0.09425685554742813
Quinault,2020-08-28,0.17,0.19739335775375366
Quinault,2020-08-29,0.166,0.1722196638584137
Spokane,2020-08-29,0.029,0.03027968667447567
Touchet_WA_824,2020-08-29,0.0,0.0012143496423959732
SourdoughGulch_WA_985,2020-08-29,0.104,0.0979657769203186
Darrington,2020-08-29,0.061,0.08223150670528412
Spokane,2020-08-30,0.028,0.03027968667447567
Touchet_WA_824,2020-08-30,0.0,0.0012143496423959732
Darrington,2020-08-30,0.058,0.08674463629722595
SourdoughGulch_WA_985,2020-08-30,0.098,0.09724949300289154
Quinault,2020-08-30,0.16,0.1716102957725525
SourdoughGulch_WA_985,2020-08-31,0.096,0.09858843684196472
Spokane,2020-08-31,0.029,0.02821650356054306
Darrington,2020-08-31,0.059,0.08472105860710144
Quinault,2020-08-31,0.156,0.16308313608169556
Touchet_WA_824,2020-08-31,0.0,0.002482793526723981
Darrington,2020-09-01,0.06,0.08156830072402954
Quinault,2020-09-01,0.153,0.15641425549983978
Spokane,2020-09-01,0.028,0.02821650356054306
SourdoughGulch_WA_985,2020-09-01,0.091,0.09858843684196472
Touchet_WA_824,2020-09-01,0.0,0.002482793526723981
SourdoughGulch_WA_985,2020-09-02,0.091,0.09974963217973709
Quinault,2020-09-02,0.149,0.1505729854106903
Spokane,2020-09-02,0.028,0.0285355132073164
Darrington,2020-09-02,0.059,0.08334329724311829
Touchet_WA_824,2020-09-02,0.0,0.0025559451896697283
SourdoughGulch_WA_985,2020-09-03,0.096,0.09686791151762009
Darrington,2020-09-03,0.059,0.07830259203910828
Quinault,2020-09-03,0.145,0.1450866162776947
Touchet_WA_824,2020-09-03,0.0,0.0025559451896697283
Spokane,2020-09-03,0.028,0.0285355132073164
Spokane,2020-09-04,0.028,0.0285355132073164
Touchet_WA_824,2020-09-04,0.0,0.0016491684364154935
SourdoughGulch_WA_985,2020-09-04,0.091,0.09478823095560074
Darrington,2020-09-04,0.058,0.07215727865695953
Quinault,2020-09-04,0.142,0.14312520623207092
Touchet_WA_824,2020-09-05,0.0,0.0016491684364154935
SourdoughGulch_WA_985,2020-09-05,0.094,0.09312960505485535
Darrington,2020-09-05,0.057,0.06708472222089767
Spokane,2020-09-05,0.028,0.0285355132073164
Quinault,2020-09-05,0.14,0.1409948766231537
Touchet_WA_824,2020-09-06,0.0,0.0016491684364154935
SourdoughGulch_WA_985,2020-09-06,0.092,0.09312960505485535
Spokane,2020-09-06,0.027,0.0285355132073164
Quinault,2020-09-06,0.137,0.1324227899312973
Darrington,2020-09-06,0.057,0.061284907162189484
Spokane,2020-09-07,0.027,0.030366890132427216
Touchet_WA_824,2020-09-07,0.0,0.002263264963403344
SourdoughGulch_WA_985,2020-09-07,0.09,0.08385439217090607
Darrington,2020-09-07,0.055,0.059468645602464676
Quinault,2020-09-07,0.135,0.13181300461292267
Touchet_WA_824,2020-09-08,0.0,0.0018284455873072147
Spokane,2020-09-08,0.025,0.030366890132427216
Quinault,2020-09-08,0.13,0.126343235373497
Darrington,2020-09-08,0.053,0.05393282696604729
SourdoughGulch_WA_985,2020-09-08,0.081,0.08385439217090607
SourdoughGulch_WA_985,2020-09-09,0.075,0.08219072967767715
Spokane,2020-09-09,0.025,0.030596774071455002
Quinault,2020-09-09,0.127,0.11644001305103302
Touchet_WA_824,2020-09-09,0.0,0.0019408053485676646
Darrington,2020-09-09,0.052,0.05470149964094162
SourdoughGulch_WA_985,2020-09-10,0.073,0.08200197666883469
Touchet_WA_824,2020-09-10,0.0,0.0019408053485676646
Darrington,2020-09-10,0.052,0.05638902261853218
Spokane,2020-09-10,0.025,0.030596774071455002
Quinault,2020-09-10,0.124,0.108152836561203
SourdoughGulch_WA_985,2020-09-11,0.077,0.08200197666883469
Darrington,2020-09-11,0.051,0.05514353886246681
Spokane,2020-09-11,0.025,0.030596774071455002
Touchet_WA_824,2020-09-11,0.0,0.0019408053485676646
Quinault,2020-09-11,0.122,0.10600914806127548
Quinault,2020-09-12,0.122,0.09198649972677231
SourdoughGulch_WA_985,2020-09-12,0.074,0.08069778978824615
Spokane,2020-09-12,0.024,0.030596774071455002
Touchet_WA_824,2020-09-12,0.0,0.0019408053485676646
Darrington,2020-09-12,0.051,0.05484646558761597
SourdoughGulch_WA_985,2020-09-13,0.073,0.08069778978824615
Quinault,2020-09-13,0.12,0.08333990722894669
Touchet_WA_824,2020-09-13,0.0,0.0019408053485676646
Spokane,2020-09-13,0.023,0.030596774071455002
Darrington,2020-09-13,0.05,0.040419820696115494
Quinault,2020-09-14,0.12,0.11614533513784409
Touchet_WA_824,2020-09-14,0.0,0.00037966243689879775
Darrington,2020-09-14,0.05,0.03411359712481499
SourdoughGulch_WA_985,2020-09-14,0.073,0.07968556880950928
Spokane,2020-09-14,0.024,0.027370447292923927
Darrington,2020-09-15,0.052,0.03672906011343002
Spokane,2020-09-15,0.024,0.027370447292923927
Quinault,2020-09-15,0.122,0.11887183040380478
SourdoughGulch_WA_985,2020-09-15,0.075,0.07968556880950928
Touchet_WA_824,2020-09-15,0.0,0.00037966243689879775
Spokane,2020-09-16,0.025,0.027370447292923927
SourdoughGulch_WA_985,2020-09-16,0.07,0.07705114036798477
Quinault,2020-09-16,0.134,0.11887183040380478
Touchet_WA_824,2020-09-16,0.0,0.0008237155270762742
Darrington,2020-09-16,0.053,0.036112021654844284
Darrington,2020-09-17,0.053,0.03315433859825134
SourdoughGulch_WA_985,2020-09-17,0.069,0.07705114036798477
Touchet_WA_824,2020-09-17,0.0,0.004500210750848055
Quinault,2020-09-17,0.135,0.12001172453165054
Spokane,2020-09-17,0.025,0.027370447292923927
Touchet_WA_824,2020-09-18,0.0,0.004500210750848055
Darrington,2020-09-18,0.056,0.06733112782239914
Spokane,2020-09-18,0.025,0.027370447292923927
SourdoughGulch_WA_985,2020-09-18,0.071,0.08001791685819626
Quinault,2020-09-18,0.148,0.18558092415332794
SourdoughGulch_WA_985,2020-09-19,0.071,0.07864778488874435
Touchet_WA_824,2020-09-19,0.0,0.01730509288609028
Spokane,2020-09-19,0.025,0.028165437281131744
Quinault,2020-09-19,0.189,0.20919503271579742
Darrington,2020-09-19,0.079,0.0908542349934578
SourdoughGulch_WA_985,2020-09-20,0.068,0.08051348477602005
Touchet_WA_824,2020-09-20,0.07,0.01818564534187317
Spokane,2020-09-20,0.026,0.028601422905921936
Darrington,2020-09-20,0.099,0.09966150671243668
Quinault,2020-09-20,0.198,0.22194895148277283
SourdoughGulch_WA_985,2020-09-21,0.067,0.07367777824401855
Darrington,2020-09-21,0.1,0.1023314967751503
Touchet_WA_824,2020-09-21,0.062,0.03062519058585167
Spokane,2020-09-21,0.026,0.02878882922232151
Quinault,2020-09-21,0.193,0.23234501481056213
Darrington,2020-09-22,0.115,0.10903167724609375
Touchet_WA_824,2020-09-22,0.047,0.029812326654791832
Quinault,2020-09-22,0.202,0.2161155641078949
SourdoughGulch_WA_985,2020-09-22,0.068,0.0756630226969719
Spokane,2020-09-22,0.028,0.026749901473522186
Touchet_WA_824,2020-09-23,0.032,0.03271627426147461
Darrington,2020-09-23,0.158,0.1794862598180771
Quinault,2020-09-23,0.268,0.2682153284549713
Spokane,2020-09-23,0.029,0.031166868284344673
SourdoughGulch_WA_985,2020-09-23,0.073,0.08318550139665604
Darrington,2020-09-24,0.212,0.2301587015390396
Quinault,2020-09-24,0.27,0.2704986333847046
Spokane,2020-09-24,0.03,0.03486163169145584
SourdoughGulch_WA_985,2020-09-24,0.074,0.09601438045501709
Touchet_WA_824,2020-09-24,0.02,0.07034575194120407
Touchet_WA_824,2020-09-25,0.131,0.11292678117752075
Quinault,2020-09-25,0.27,0.26477521657943726
SourdoughGulch_WA_985,2020-09-25,0.071,0.10074809938669205
Spokane,2020-09-25,0.03,0.055882375687360764
Darrington,2020-09-25,0.228,0.2428543120622635
Darrington,2020-09-26,0.243,0.2462596893310547
Spokane,2020-09-26,0.032,0.05605779588222504
Quinault,2020-09-26,0.249,0.26031553745269775
Touchet_WA_824,2020-09-26,0.113,0.12031219899654388
SourdoughGulch_WA_985,2020-09-26,0.072,0.11801828444004059
Darrington,2020-09-27,0.241,0.23189058899879456
Touchet_WA_824,2020-09-27,0.191,0.1419275850057602
Spokane,2020-09-27,0.035,0.05393480509519577
SourdoughGulch_WA_985,2020-09-27,0.208,0.15544721484184265
Quinault,2020-09-27,0.234,0.23723208904266357
Touchet_WA_824,2020-09-28,0.165,0.13449634611606598
Spokane,2020-09-28,0.039,0.05407126992940903
Quinault,2020-09-28,0.224,0.22350172698497772
SourdoughGulch_WA_985,2020-09-28,0.195,0.157357856631279
Darrington,2020-09-28,0.228,0.22438707947731018
SourdoughGulch_WA_985,2020-09-29,0.186,0.15605570375919342
Touchet_WA_824,2020-09-29,0.149,0.1316722184419632
Darrington,2020-09-29,0.223,0.22599171102046967
Spokane,2020-09-29,0.043,0.05496114492416382
Quinault,2020-09-29,0.216,0.20795832574367523
Spokane,2020-09-30,0.045,0.05549391359090805
Touchet_WA_824,2020-09-30,0.138,0.13717056810855865
Quinault,2020-09-30,0.21,0.2023080736398697
Darrington,2020-09-30,0.219,0.21734046936035156
SourdoughGulch_WA_985,2020-09-30,0.179,0.14973634481430054
Touchet_WA_824,2020-10-01,0.126,0.12785367667675018
Quinault,2020-10-01,0.206,0.2018645703792572
Spokane,2020-10-01,0.047,0.057691790163517
Darrington,2020-10-01,0.216,0.21648244559764862
SourdoughGulch_WA_985,2020-10-01,0.178,0.14601999521255493
Touchet_WA_824,2020-10-02,0.12,0.11247452348470688
Quinault,2020-10-02,0.202,0.20118384063243866
Darrington,2020-10-02,0.214,0.21430687606334686
Spokane,2020-10-02,0.05,0.05901067703962326
SourdoughGulch_WA_985,2020-10-02,0.17,0.1354435235261917
SourdoughGulch_WA_985,2020-10-03,0.161,0.13051332533359528
Touchet_WA_824,2020-10-03,0.11,0.10646654665470123
Quinault,2020-10-03,0.199,0.18803741037845612
Spokane,2020-10-03,0.05,0.04784071072936058
Darrington,2020-10-03,0.213,0.19943155348300934
Touchet_WA_824,2020-10-04,0.103,0.0936996340751648
Spokane,2020-10-04,0.05,0.045537468045949936
Darrington,2020-10-04,0.211,0.20025666058063507
Quinault,2020-10-04,0.197,0.18626973032951355
SourdoughGulch_WA_985,2020-10-04,0.156,0.12599027156829834
Darrington,2020-10-05,0.213,0.1967209428548813
Spokane,2020-10-05,0.049,0.055236540734767914
SourdoughGulch_WA_985,2020-10-05,0.147,0.12086628377437592
Touchet_WA_824,2020-10-05,0.097,0.07669902592897415
Quinault,2020-10-05,0.194,0.1873980313539505
Quinault,2020-10-06,0.189,0.18543004989624023
Darrington,2020-10-06,0.216,0.19558006525039673
SourdoughGulch_WA_985,2020-10-06,0.143,0.12114083766937256
Spokane,2020-10-06,0.049,0.05390099808573723
Touchet_WA_824,2020-10-06,0.09,0.07034748792648315
Spokane,2020-10-07,0.049,0.053010404109954834
Darrington,2020-10-07,0.215,0.19244790077209473
Touchet_WA_824,2020-10-07,0.083,0.07057131081819534
SourdoughGulch_WA_985,2020-10-07,0.139,0.12072399258613586
Quinault,2020-10-07,0.184,0.18475840985774994
Darrington,2020-10-08,0.215,0.21449458599090576
Quinault,2020-10-08,0.182,0.1928083449602127
Touchet_WA_824,2020-10-08,0.079,0.06932586431503296
Spokane,2020-10-08,0.049,0.05280565842986107
SourdoughGulch_WA_985,2020-10-08,0.139,0.11978568136692047
Touchet_WA_824,2020-10-09,0.072,0.067818284034729
Quinault,2020-10-09,0.207,0.23670057952404022
Darrington,2020-10-09,0.221,0.22335505485534668
SourdoughGulch_WA_985,2020-10-09,0.129,0.11809103190898895
Spokane,2020-10-09,0.048,0.0519055537879467
Spokane,2020-10-10,0.091,0.0930544063448906
Quinault,2020-10-10,0.27,0.2529698312282562
Touchet_WA_824,2020-10-10,0.07,0.13456322252750397
Darrington,2020-10-10,0.307,0.2611944377422333
SourdoughGulch_WA_985,2020-10-10,0.122,0.13357168436050415
Spokane,2020-10-11,0.142,0.12235645204782486
SourdoughGulch_WA_985,2020-10-11,0.117,0.1467617005109787
Darrington,2020-10-11,0.315,0.2702425420284271
Touchet_WA_824,2020-10-11,0.307,0.1874326765537262
Quinault,2020-10-11,0.271,0.2607640326023102
Darrington,2020-10-12,0.304,0.28217536211013794
Spokane,2020-10-12,0.176,0.17147120833396912
Touchet_WA_824,2020-10-12,0.312,0.2588878870010376
Quinault,2020-10-12,0.246,0.27252450585365295
SourdoughGulch_WA_985,2020-10-12,0.109,0.16790977120399475
Touchet_WA_824,2020-10-13,0.259,0.25884079933166504
Quinault,2020-10-13,0.275,0.27466070652008057
Spokane,2020-10-13,0.192,0.19532036781311035
SourdoughGulch_WA_985,2020-10-13,0.174,0.18488864600658417
Darrington,2020-10-13,0.322,0.28838059306144714
Darrington,2020-10-14,0.323,0.2901390790939331
Quinault,2020-10-14,0.253,0.2665916681289673
Touchet_WA_824,2020-10-14,0.314,0.2571132183074951
Spokane,2020-10-14,0.184,0.19585072994232178
SourdoughGulch_WA_985,2020-10-14,0.325,0.21734508872032166
Touchet_WA_824,2020-10-15,0.247,0.24910761415958405
Darrington,2020-10-15,0.293,0.29411593079566956
SourdoughGulch_WA_985,2020-10-15,0.285,0.22288522124290466
Quinault,2020-10-15,0.234,0.247767835855484
Spokane,2020-10-15,0.171,0.18434569239616394
Darrington,2020-10-16,0.325,0.2913890480995178
Quinault,2020-10-16,0.253,0.26603779196739197
Spokane,2020-10-16,0.165,0.18685215711593628
SourdoughGulch_WA_985,2020-10-16,0.27,0.2216852605342865
Touchet_WA_824,2020-10-16,0.223,0.23480644822120667
SourdoughGulch_WA_985,2020-10-17,0.266,0.2219204306602478
Touchet_WA_824,2020-10-17,0.204,0.22929133474826813
Quinault,2020-10-17,0.24,0.2436029464006424
Spokane,2020-10-17,0.16,0.17853319644927979
Darrington,2020-10-17,0.3,0.2977255582809448
Quinault,2020-10-18,0.258,0.24451664090156555
Touchet_WA_824,2020-10-18,0.194,0.23260152339935303
Darrington,2020-10-18,0.32,0.309440940618515
Spokane,2020-10-18,0.163,0.18100398778915405
SourdoughGulch_WA_985,2020-10-18,0.26,0.2280818521976471
Spokane,2020-10-19,0.162,0.17833557724952698
Quinault,2020-10-19,0.241,0.2489599883556366
Touchet_WA_824,2020-10-19,0.216,0.21693870425224304
SourdoughGulch_WA_985,2020-10-19,0.255,0.23877744376659393
Darrington,2020-10-19,0.302,0.3080834448337555
Quinault,2020-10-20,0.232,0.24329455196857452
SourdoughGulch_WA_985,2020-10-20,0.249,0.23836615681648254
Spokane,2020-10-20,0.157,0.17416347563266754
Touchet_WA_824,2020-10-20,0.197,0.21337227523326874
Darrington,2020-10-20,0.307,0.2966659963130951
SourdoughGulch_WA_985,2020-10-21,0.243,0.22817854583263397
Quinault,2020-10-21,0.226,0.24911075830459595
Touchet_WA_824,2020-10-21,0.186,0.21070946753025055
Spokane,2020-10-21,0.153,0.16249583661556244
Darrington,2020-10-21,0.328,0.3037969470024109
Darrington,2020-10-22,0.302,0.29522237181663513
Spokane,2020-10-22,0.149,0.16629114747047424
SourdoughGulch_WA_985,2020-10-22,0.232,0.23177862167358398
Touchet_WA_824,2020-10-22,0.18,0.2017192840576172
Quinault,2020-10-22,0.222,0.23417453467845917
Darrington,2020-10-23,0.327,0.30537301301956177
Quinault,2020-10-23,0.247,0.2540520429611206
SourdoughGulch_WA_985,2020-10-23,0.227,0.23787446320056915
Touchet_WA_824,2020-10-23,0.185,0.22714197635650635
Spokane,2020-10-23,0.146,0.16885143518447876
Spokane,2020-10-24,0.149,0.17361967265605927
Touchet_WA_824,2020-10-24,0.155,0.22441504895687103
SourdoughGulch_WA_985,2020-10-24,0.221,0.23732298612594604
Darrington,2020-10-24,0.309,0.29432982206344604
Quinault,2020-10-24,0.247,0.25357741117477417
Touchet_WA_824,2020-10-25,0.277,0.22498898208141327
Darrington,2020-10-25,0.295,0.29199764132499695
Quinault,2020-10-25,0.236,0.24973662197589874
Spokane,2020-10-25,0.154,0.17644867300987244
SourdoughGulch_WA_985,2020-10-25,0.317,0.2458006739616394
Touchet_WA_824,2020-10-26,0.239,0.21967825293540955
Darrington,2020-10-26,0.286,0.2888704240322113
Quinault,2020-10-26,0.23,0.24923060834407806
SourdoughGulch_WA_985,2020-10-26,0.288,0.2580162584781647
Spokane,2020-10-26,0.151,0.18235911428928375
SourdoughGulch_WA_985,2020-10-27,0.265,0.25147145986557007
Quinault,2020-10-27,0.226,0.23907752335071564
Darrington,2020-10-27,0.282,0.27608147263526917
Touchet_WA_824,2020-10-27,0.212,0.20978565514087677
Spokane,2020-10-27,0.16,0.1809605360031128
Quinault,2020-10-28,0.224,0.23982831835746765
Darrington,2020-10-28,0.3,0.2776806652545929
Touchet_WA_824,2020-10-28,0.231,0.20639511942863464
Spokane,2020-10-28,0.195,0.18088781833648682
SourdoughGulch_WA_985,2020-10-28,0.258,0.25776907801628113
Quinault,2020-10-29,0.222,0.23873166739940643
Spokane,2020-10-29,0.207,0.1757289320230484
SourdoughGulch_WA_985,2020-10-29,0.305,0.25705206394195557
Darrington,2020-10-29,0.293,0.2760988175868988
Darrington,2020-10-30,0.326,0.30313074588775635
Quinault,2020-10-30,0.255,0.2612832188606262
Spokane,2020-10-30,0.197,0.1739661991596222
SourdoughGulch_WA_985,2020-10-30,0.302,0.26045310497283936
Quinault,2020-10-31,0.235,0.25034916400909424
SourdoughGulch_WA_985,2020-10-31,0.298,0.25035375356674194
Darrington,2020-10-31,0.307,0.2942589223384857
Spokane,2020-10-31,0.188,0.17727278172969818
SourdoughGulch_WA_985,2020-11-01,0.286,0.24736075103282928
Spokane,2020-11-01,0.182,0.17350777983665466
Darrington,2020-11-01,0.297,0.293501079082489
Quinault,2020-11-01,0.229,0.24735435843467712
Spokane,2020-11-02,0.179,0.18230023980140686
SourdoughGulch_WA_985,2020-11-02,0.282,0.2514190673828125
Darrington,2020-11-02,0.291,0.2918678820133209
Quinault,2020-11-02,0.224,0.24499131739139557
Spokane,2020-11-03,0.176,0.18899120390415192
Darrington,2020-11-03,0.329,0.31048646569252014
SourdoughGulch_WA_985,2020-11-03,0.278,0.2513124644756317
Quinault,2020-11-03,0.277,0.2734040915966034
Quinault,2020-11-04,0.289,0.2840592563152313
Spokane,2020-11-04,0.178,0.18527521193027496
SourdoughGulch_WA_985,2020-11-04,0.278,0.2402808964252472
Darrington,2020-11-04,0.343,0.3236413300037384
Darrington,2020-11-05,0.35,0.3293716311454773
Quinault,2020-11-05,0.27,0.2768729031085968
Spokane,2020-11-05,0.194,0.21196956932544708
SourdoughGulch_WA_985,2020-11-05,0.277,0.2593473494052887
Quinault,2020-11-06,0.243,0.2605157792568207
SourdoughGulch_WA_985,2020-11-06,0.275,0.27537640929222107
Spokane,2020-11-06,0.221,0.21269437670707703
Darrington,2020-11-06,0.313,0.3136642873287201
Darrington,2020-11-07,0.301,0.32376691699028015
Quinault,2020-11-07,0.234,0.2566658854484558
SourdoughGulch_WA_985,2020-11-07,0.348,0.2868298888206482
Spokane,2020-11-07,0.209,0.21071907877922058
SourdoughGulch_WA_985,2020-11-08,0.334,0.32671403884887695
Spokane,2020-11-08,0.204,0.263176828622818
Quinault,2020-11-08,0.228,0.2508125603199005
Darrington,2020-11-08,0.295,0.3065967261791229
Quinault,2020-11-09,0.24,0.250148206949234
Spokane,2020-11-09,0.199,0.252142071723938
Darrington,2020-11-09,0.291,0.2874796986579895
SourdoughGulch_WA_985,2020-11-09,0.325,0.3271431028842926
Darrington,2020-11-10,0.314,0.308528333902359
Quinault,2020-11-10,0.277,0.26016324758529663
Spokane,2020-11-10,0.202,0.25165972113609314
SourdoughGulch_WA_985,2020-11-10,0.326,0.3312629759311676
Quinault,2020-11-11,0.248,0.2456875890493393
Spokane,2020-11-11,0.203,0.25416508316993713
Darrington,2020-11-11,0.312,0.30464059114456177
SourdoughGulch_WA_985,2020-11-11,0.327,0.3244856595993042
Spokane,2020-11-12,0.202,0.25367093086242676
Darrington,2020-11-12,0.314,0.31282564997673035
SourdoughGulch_WA_985,2020-11-12,0.328,0.32463493943214417
Quinault,2020-11-12,0.271,0.27382269501686096
Quinault,2020-11-13,0.292,0.27894309163093567
Darrington,2020-11-13,0.355,0.3398891091346741
SourdoughGulch_WA_985,2020-11-13,0.328,0.32569941878318787
Spokane,2020-11-13,0.227,0.26906582713127136
Quinault,2020-11-14,0.281,0.2776528298854828
Spokane,2020-11-14,0.229,0.2740776538848877
Darrington,2020-11-14,0.342,0.33357468247413635
SourdoughGulch_WA_985,2020-11-14,0.329,0.3203394114971161
Darrington,2020-11-15,0.351,0.3372081220149994
SourdoughGulch_WA_985,2020-11-15,0.331,0.3142164945602417
Quinault,2020-11-15,0.277,0.27717870473861694
Spokane,2020-11-15,0.23,0.2716740369796753
Darrington,2020-11-16,0.343,0.3396749198436737
SourdoughGulch_WA_985,2020-11-16,0.331,0.31848523020744324
Quinault,2020-11-16,0.273,0.27827340364456177
Spokane,2020-11-16,0.227,0.27117258310317993
Darrington,2020-11-17,0.34,0.3378783166408539
SourdoughGulch_WA_985,2020-11-17,0.361,0.31526464223861694
Quinault,2020-11-17,0.286,0.2815561890602112
Spokane,2020-11-17,0.227,0.2603541612625122
SourdoughGulch_WA_985,2020-11-18,0.351,0.3260783851146698
Quinault,2020-11-18,0.297,0.2899961769580841
Spokane,2020-11-18,0.23,0.2628052532672882
Darrington,2020-11-18,0.347,0.33959200978279114
Quinault,2020-11-19,0.285,0.2907665967941284
Spokane,2020-11-19,0.23,0.2626596987247467
SourdoughGulch_WA_985,2020-11-19,0.353,0.32696741819381714
Darrington,2020-11-19,0.339,0.3368775546550751
Darrington,2020-11-20,0.346,0.3334105908870697
Spokane,2020-11-20,0.225,0.2612117826938629
SourdoughGulch_WA_985,2020-11-20,0.334,0.3264894485473633
Quinault,2020-11-20,0.29,0.2908628284931183
Darrington,2020-11-21,0.329,0.3261606693267822
Spokane,2020-11-21,0.22,0.2562952935695648
SourdoughGulch_WA_985,2020-11-21,0.321,0.32137584686279297
Quinault,2020-11-21,0.262,0.2737119197845459
Darrington,2020-11-22,0.31,0.32095587253570557
SourdoughGulch_WA_985,2020-11-22,0.308,0.30798861384391785
Quinault,2020-11-22,0.261,0.27319225668907166
Spokane,2020-11-22,0.216,0.24627545475959778
Quinault,2020-11-23,0.27,0.2666173279285431
Spokane,2020-11-23,0.219,0.25004589557647705
Darrington,2020-11-23,0.314,0.3212098479270935
SourdoughGulch_WA_985,2020-11-23,0.295,0.3064422905445099
Quinault,2020-11-24,0.282,0.2712247669696808
SourdoughGulch_WA_985,2020-11-24,0.297,0.30237898230552673
Darrington,2020-11-24,0.333,0.3235999345779419
Spokane,2020-11-24,0.227,0.25157830119132996
SourdoughGulch_WA_985,2020-11-25,0.3,0.3002767264842987
Quinault,2020-11-25,0.276,0.2726769745349884
Spokane,2020-11-25,0.242,0.24799758195877075
Darrington,2020-11-25,0.34,0.3228950500488281
Spokane,2020-11-26,0.236,0.24853385984897614
Quinault,2020-11-26,0.26,0.26878052949905396
Darrington,2020-11-26,0.324,0.3228197693824768
SourdoughGulch_WA_985,2020-11-26,0.299,0.288301557302475
Quinault,2020-11-27,0.272,0.2808890640735626
SourdoughGulch_WA_985,2020-11-27,0.299,0.28701838850975037
Darrington,2020-11-27,0.32,0.3231162130832672
Spokane,2020-11-27,0.232,0.2483057826757431
Darrington,2020-11-28,0.341,0.31961941719055176
Quinault,2020-11-28,0.26,0.26606929302215576
Spokane,2020-11-28,0.231,0.24729791283607483
SourdoughGulch_WA_985,2020-11-28,0.293,0.28396040201187134
Spokane,2020-11-29,0.224,0.2440136969089508
Darrington,2020-11-29,0.314,0.30178746581077576
SourdoughGulch_WA_985,2020-11-29,0.291,0.272180438041687
Quinault,2020-11-29,0.247,0.2689296305179596
SourdoughGulch_WA_985,2020-11-30,0.29,0.27251505851745605
Darrington,2020-11-30,0.349,0.31933653354644775
Quinault,2020-11-30,0.277,0.2783736288547516
Spokane,2020-11-30,0.219,0.23953257501125336
Spokane,2020-12-01,0.223,0.2396443784236908
Quinault,2020-12-01,0.249,0.2647912800312042
Darrington,2020-12-01,0.325,0.3127024471759796
SourdoughGulch_WA_985,2020-12-01,0.285,0.2723935842514038
Spokane,2020-12-02,0.226,0.24218235909938812
Quinault,2020-12-02,0.244,0.25982072949409485
Darrington,2020-12-02,0.31,0.3113747537136078
SourdoughGulch_WA_985,2020-12-02,0.279,0.26371538639068604
Darrington,2020-12-03,0.303,0.31058838963508606
SourdoughGulch_WA_985,2020-12-03,0.263,0.26153621077537537
Quinault,2020-12-03,0.242,0.2669849097728729
SourdoughGulch_WA_985,2020-12-04,0.246,0.25717893242836
Darrington,2020-12-04,0.299,0.28351858258247375
Quinault,2020-12-04,0.239,0.24512110650539398
Darrington,2020-12-05,0.296,0.28341296315193176
Quinault,2020-12-05,0.237,0.252963125705719
SourdoughGulch_WA_985,2020-12-05,0.222,0.25717893242836
Darrington,2020-12-06,0.294,0.2808837890625
SourdoughGulch_WA_985,2020-12-06,0.188,0.2528211176395416
Quinault,2020-12-06,0.26,0.25354593992233276
Darrington,2020-12-07,0.292,0.28303956985473633
Quinault,2020-12-07,0.265,0.27206718921661377
SourdoughGulch_WA_985,2020-12-07,0.177,0.2538778781890869
Darrington,2020-12-08,0.352,0.3141211271286011
Quinault,2020-12-08,0.29,0.2764139175415039
SourdoughGulch_WA_985,2020-12-08,0.155,0.24582889676094055
Quinault,2020-12-09,0.262,0.27009546756744385
SourdoughGulch_WA_985,2020-12-09,0.195,0.2583754062652588
Darrington,2020-12-09,0.339,0.3165050148963928
Quinault,2020-12-10,0.261,0.2711876630783081
SourdoughGulch_WA_985,2020-12-10,0.258,0.2593677341938019
Darrington,2020-12-10,0.318,0.3126797676086426
SourdoughGulch_WA_985,2020-12-11,0.282,0.2638873755931854
Darrington,2020-12-11,0.313,0.31472858786582947
Quinault,2020-12-11,0.267,0.2698526382446289
SourdoughGulch_WA_985,2020-12-12,0.273,0.261195570230484
Darrington,2020-12-12,0.307,0.29904696345329285
Quinault,2020-12-12,0.25,0.256780207157135
Darrington,2020-12-13,0.317,0.3015771806240082
SourdoughGulch_WA_985,2020-12-13,0.249,0.2672770619392395
Quinault,2020-12-13,0.288,0.27139103412628174
Quinault,2020-12-14,0.275,0.2702079117298126
Darrington,2020-12-14,0.337,0.3074137270450592
SourdoughGulch_WA_985,2020-12-14,0.219,0.24169698357582092
Darrington,2020-12-15,0.348,0.31498369574546814
Quinault,2020-12-15,0.287,0.2758561968803406
SourdoughGulch_WA_985,2020-12-15,0.221,0.23784731328487396
SourdoughGulch_WA_985,2020-12-16,0.224,0.253957599401474
Darrington,2020-12-16,0.344,0.3234775960445404
Quinault,2020-12-16,0.288,0.2896619141101837
SourdoughGulch_WA_985,2020-12-17,0.238,0.2570205628871918
Darrington,2020-12-17,0.349,0.3309791684150696
Quinault,2020-12-17,0.287,0.2863560616970062
SourdoughGulch_WA_985,2020-12-18,0.258,0.2587539553642273
Quinault,2020-12-18,0.294,0.28900963068008423
Darrington,2020-12-18,0.349,0.3345552682876587
Spokane,2020-12-19,0.262,0.2655644714832306
SourdoughGulch_WA_985,2020-12-19,0.283,0.263052374124527
Quinault,2020-12-19,0.286,0.29059773683547974
Darrington,2020-12-19,0.351,0.3400309383869171
Quinault,2020-12-20,0.272,0.2837602496147156
Darrington,2020-12-20,0.336,0.33222606778144836
SourdoughGulch_WA_985,2020-12-20,0.314,0.26951807737350464
Spokane,2020-12-20,0.272,0.26599690318107605
SourdoughGulch_WA_985,2020-12-21,0.35,0.29514768719673157
Spokane,2020-12-21,0.276,0.2641594111919403
Darrington,2020-12-21,0.361,0.3455623686313629
Quinault,2020-12-21,0.295,0.28691455721855164
Spokane,2020-12-22,0.275,0.26789236068725586
Quinault,2020-12-22,0.264,0.2729232907295227
SourdoughGulch_WA_985,2020-12-22,0.35,0.3048970699310303
Darrington,2020-12-22,0.335,0.3414055407047272
Darrington,2020-12-23,0.318,0.3238075077533722
SourdoughGulch_WA_985,2020-12-23,0.339,0.30529382824897766
Spokane,2020-12-23,0.262,0.2675255835056305
Quinault,2020-12-23,0.252,0.2604280710220337
SourdoughGulch_WA_985,2020-12-24,0.322,0.29858705401420593
Quinault,2020-12-24,0.248,0.25994452834129333
Spokane,2020-12-24,0.26,0.2673579156398773
Darrington,2020-12-24,0.308,0.3205355107784271
Quinault,2020-12-25,0.285,0.26657208800315857
SourdoughGulch_WA_985,2020-12-25,0.307,0.29512152075767517
Darrington,2020-12-25,0.318,0.31448227167129517
Darrington,2020-12-26,0.348,0.3239942193031311
Quinault,2020-12-26,0.296,0.2825130224227905
SourdoughGulch_WA_985,2020-12-26,0.3,0.29590606689453125
Quinault,2020-12-27,0.287,0.28576114773750305
SourdoughGulch_WA_985,2020-12-27,0.307,0.2923281788825989
Darrington,2020-12-27,0.328,0.32615935802459717
SourdoughGulch_WA_985,2020-12-28,0.301,0.2911693751811981
Darrington,2020-12-28,0.313,0.3136598467826843
Quinault,2020-12-28,0.255,0.26202043890953064
Quinault,2020-12-29,0.267,0.275770366191864
SourdoughGulch_WA_985,2020-12-29,0.285,0.2812514305114746
Darrington,2020-12-29,0.305,0.31935152411460876
Darrington,2020-12-30,0.364,0.33455690741539
Quinault,2020-12-30,0.309,0.2902381122112274
SourdoughGulch_WA_985,2020-12-30,0.27,0.28624266386032104
Quinault,2020-12-31,0.29,0.29064077138900757
SourdoughGulch_WA_985,2020-12-31,0.262,0.29654330015182495
Darrington,2020-12-31,0.355,0.3322400748729706
