station_id,date,y_true,y_pred
Darrington,2017-01-11,0.329,0.31461766362190247
Darrington,2017-01-12,0.327,0.3286394476890564
Darrington,2017-01-13,0.365,0.348361998796463
Darrington,2017-01-14,0.39,0.35011765360832214
Darrington,2017-01-15,0.388,0.34955894947052
Darrington,2017-01-21,0.436,0.3680438697338104
Darrington,2017-01-22,0.437,0.33328431844711304
Darrington,2017-01-23,0.424,0.3439340889453888
Darrington,2017-01-25,0.406,0.3750116527080536
Darrington,2017-01-26,0.42,0.3926493525505066
Darrington,2017-01-27,0.417,0.393018513917923
Darrington,2017-01-28,0.409,0.3850567638874054
Darrington,2017-01-29,0.42,0.36943212151527405
Darrington,2017-01-30,0.439,0.3710879683494568
Darrington,2017-01-31,0.43,0.3242182433605194
Darrington,2017-03-01,0.376,0.3548224866390228
Darrington,2017-03-02,0.364,0.35566046833992004
Darrington,2017-03-03,0.389,0.3602803945541382
Darrington,2017-03-04,0.358,0.35862767696380615
Darrington,2017-03-05,0.351,0.33350229263305664
Darrington,2017-03-06,0.358,0.3580370843410492
Darrington,2017-03-07,0.352,0.3587718605995178
Darrington,2017-03-08,0.366,0.36012545228004456
Darrington,2017-03-09,0.377,0.3612195551395416
Darrington,2017-03-10,0.383,0.35600772500038147
Darrington,2017-03-11,0.378,0.3614847958087921
Darrington,2017-03-12,0.391,0.36292216181755066
Darrington,2017-03-13,0.407,0.3620605766773224
Darrington,2017-03-14,0.385,0.361970454454422
Darrington,2017-03-15,0.382,0.3616691529750824
Darrington,2017-03-16,0.36,0.3583940863609314
Darrington,2017-03-17,0.356,0.3564360439777374
Darrington,2017-03-18,0.384,0.34842565655708313
Darrington,2017-03-19,0.345,0.3473452925682068
Darrington,2017-03-20,0.331,0.3649183511734009
Darrington,2017-03-21,0.34,0.3620624840259552
Darrington,2017-03-22,0.365,0.35430705547332764
Darrington,2017-03-23,0.352,0.3391740918159485
Darrington,2017-03-24,0.382,0.3450618386268616
Darrington,2017-03-25,0.372,0.34467190504074097
Darrington,2017-03-26,0.36,0.3476082682609558
Darrington,2017-03-27,0.367,0.3690476715564728
Darrington,2017-03-28,0.39,0.3699612617492676
Darrington,2017-03-29,0.397,0.3722945749759674
Darrington,2017-03-30,0.369,0.3697645366191864
Darrington,2017-03-31,0.347,0.3596024215221405
Darrington,2017-04-01,0.362,0.3696039617061615
Darrington,2017-04-02,0.363,0.35871657729148865
Darrington,2017-04-03,0.352,0.33281609416007996
Darrington,2017-04-04,0.336,0.3343728482723236
Darrington,2017-04-05,0.379,0.3346063792705536
Darrington,2017-04-06,0.363,0.33539432287216187
Darrington,2017-04-07,0.377,0.3327409327030182
Darrington,2017-04-08,0.366,0.3384268581867218
Darrington,2017-04-09,0.35,0.3334193825721741
Darrington,2017-04-10,0.362,0.32592296600341797
Darrington,2017-04-11,0.35,0.32876187562942505
Darrington,2017-04-12,0.342,0.3250862956047058
Darrington,2017-04-13,0.364,0.3295498192310333
Darrington,2017-04-14,0.359,0.3292800784111023
Darrington,2017-04-15,0.35,0.331514835357666
Darrington,2017-04-16,0.329,0.3267692029476166
Darrington,2017-04-17,0.332,0.3320433497428894
Darrington,2017-04-18,0.358,0.33916962146759033
Darrington,2017-04-19,0.341,0.33762386441230774
Darrington,2017-04-20,0.367,0.3432917594909668
Darrington,2017-04-21,0.341,0.34014421701431274
Darrington,2017-04-22,0.33,0.34445106983184814
Darrington,2017-04-23,0.341,0.34445106983184814
Darrington,2017-04-24,0.347,0.3336971402168274
Darrington,2017-04-25,0.329,0.3308766484260559
Darrington,2017-04-26,0.371,0.3349047899246216
Darrington,2017-04-27,0.36,0.3381798565387726
Darrington,2017-04-28,0.34,0.3323952555656433
Darrington,2017-04-29,0.348,0.3342645466327667
Darrington,2017-04-30,0.359,0.3371410071849823
Darrington,2017-05-01,0.339,0.33402979373931885
Darrington,2017-05-02,0.323,0.3213180601596832
Darrington,2017-05-03,0.357,0.3199908435344696
Darrington,2017-05-04,0.348,0.33189189434051514
Darrington,2017-05-05,0.374,0.3327963054180145
Darrington,2017-05-06,0.366,0.33391493558883667
Darrington,2017-05-07,0.338,0.33085691928863525
Darrington,2017-05-08,0.324,0.30234676599502563
Darrington,2017-05-09,0.307,0.28523603081703186
Darrington,2017-05-10,0.284,0.27005064487457275
Darrington,2017-05-11,0.293,0.2711736559867859
Darrington,2017-05-12,0.322,0.2935348153114319
Darrington,2017-05-13,0.308,0.29649317264556885
Darrington,2017-05-14,0.295,0.2999476492404938
Darrington,2017-05-15,0.31,0.3019583821296692
Darrington,2017-05-16,0.373,0.3035033345222473
Darrington,2017-05-17,0.346,0.2880568206310272
Darrington,2017-05-18,0.32,0.2839943766593933
Darrington,2017-05-19,0.294,0.25561898946762085
Darrington,2017-05-20,0.281,0.2358408123254776
Darrington,2017-05-21,0.261,0.22557862102985382
Darrington,2017-05-22,0.236,0.21745650470256805
Darrington,2017-05-23,0.212,0.2078486829996109
Darrington,2017-05-24,0.205,0.2385304570198059
Darrington,2017-05-25,0.202,0.2284037321805954
Darrington,2017-05-26,0.189,0.19078855216503143
Darrington,2017-05-27,0.174,0.1738404929637909
Darrington,2017-05-28,0.155,0.1780826598405838
Darrington,2017-05-29,0.136,0.1605529934167862
Darrington,2017-05-30,0.125,0.11741891503334045
Darrington,2017-05-31,0.128,0.12792553007602692
Darrington,2017-06-01,0.13,0.13285204768180847
Darrington,2017-06-02,0.133,0.13985836505889893
Darrington,2017-06-03,0.13,0.13877901434898376
Darrington,2017-06-04,0.124,0.12003704160451889
Darrington,2017-06-05,0.117,0.09946668893098831
Darrington,2017-06-06,0.109,0.11549767851829529
Darrington,2017-06-07,0.102,0.11062208563089371
Darrington,2017-06-08,0.116,0.13155768811702728
Darrington,2017-06-09,0.142,0.13389290869235992
Darrington,2017-06-10,0.138,0.1373923420906067
Darrington,2017-06-11,0.135,0.15250369906425476
Darrington,2017-06-12,0.13,0.13836310803890228
Darrington,2017-06-13,0.127,0.13746757805347443
Darrington,2017-06-14,0.132,0.13794894516468048
Darrington,2017-06-15,0.15,0.15751777589321136
Darrington,2017-06-16,0.187,0.1833188831806183
Darrington,2017-06-17,0.179,0.19202086329460144
Darrington,2017-06-18,0.177,0.20036916434764862
Darrington,2017-06-19,0.178,0.18546795845031738
Darrington,2017-06-20,0.174,0.1448853760957718
Darrington,2017-06-21,0.165,0.1434430629014969
Darrington,2017-06-22,0.153,0.13094687461853027
Darrington,2017-06-23,0.138,0.12090234458446503
Darrington,2017-06-24,0.123,0.10319888591766357
Darrington,2017-06-25,0.11,0.09409531205892563
Darrington,2017-06-26,0.102,0.08651895821094513
Darrington,2017-06-27,0.096,0.08651895821094513
Darrington,2017-06-28,0.091,0.08801186084747314
Darrington,2017-06-29,0.088,0.09124156832695007
Darrington,2017-06-30,0.083,0.08801186084747314
Darrington,2017-07-01,0.079,0.08556454628705978
Darrington,2017-07-02,0.076,0.08564496040344238
Darrington,2017-07-03,0.074,0.07712814211845398
Darrington,2017-07-04,0.071,0.07319628447294235
Darrington,2017-07-05,0.069,0.07322657853364944
Darrington,2017-07-06,0.067,0.07260633260011673
Darrington,2017-07-07,0.064,0.07260633260011673
Darrington,2017-07-08,0.063,0.06365063786506653
Darrington,2017-07-09,0.06,0.06320956349372864
Darrington,2017-07-10,0.059,0.06324084103107452
Darrington,2017-07-11,0.058,0.06228417903184891
Darrington,2017-07-12,0.056,0.06306914985179901
Darrington,2017-07-13,0.055,0.06290225684642792
Darrington,2017-07-14,0.054,0.06083196774125099
Darrington,2017-07-15,0.052,0.0605340413749218
Darrington,2017-07-16,0.05,0.06048053130507469
Darrington,2017-07-17,0.049,0.05993935838341713
Darrington,2017-07-18,0.048,0.03839131444692612
Darrington,2017-07-19,0.046,0.03473488613963127
Darrington,2017-07-20,0.045,0.046312250196933746
Darrington,2017-07-21,0.044,0.053658101707696915
Darrington,2017-07-22,0.045,0.047289539128541946
Darrington,2017-07-23,0.044,0.04889458045363426
Darrington,2017-07-24,0.043,0.04579942673444748
Darrington,2017-07-25,0.042,0.05189208313822746
Darrington,2017-07-26,0.04,0.0449724942445755
Darrington,2017-07-27,0.038,0.04570898413658142
Darrington,2017-07-28,0.037,0.04526790976524353
Darrington,2017-07-29,0.036,0.040038399398326874
Darrington,2017-07-30,0.035,0.040038399398326874
Darrington,2017-07-31,0.034,0.039763763546943665
Darrington,2017-08-01,0.034,0.039763763546943665
Darrington,2017-08-02,0.033,0.02987842634320259
Darrington,2017-08-03,0.032,0.025477834045886993
Darrington,2017-08-04,0.031,0.021591894328594208
Darrington,2017-08-05,0.032,0.020829692482948303
Darrington,2017-08-06,0.031,0.02053176239132881
Darrington,2017-08-07,0.031,0.019127504900097847
Darrington,2017-08-08,0.03,0.018868470564484596
Darrington,2017-08-09,0.03,0.01919209398329258
Darrington,2017-08-10,0.03,0.024997951462864876
Darrington,2017-08-11,0.029,0.024556487798690796
Darrington,2017-08-12,0.027,0.024556487798690796
Darrington,2017-08-13,0.029,0.034603409469127655
Darrington,2017-08-14,0.029,0.025187430903315544
Darrington,2017-08-15,0.03,0.023430708795785904
Darrington,2017-08-16,0.03,0.025735681876540184
Darrington,2017-08-17,0.03,0.025404755026102066
Darrington,2017-08-18,0.029,0.025404755026102066
Darrington,2017-08-19,0.028,0.02718335948884487
Darrington,2017-08-20,0.027,0.026921050623059273
Darrington,2017-08-21,0.025,0.02586083672940731
Darrington,2017-08-22,0.026,0.019291669130325317
Darrington,2017-08-23,0.026,0.019039306789636612
Darrington,2017-08-24,0.025,0.019776692613959312
Darrington,2017-08-25,0.024,0.019776692613959312
Darrington,2017-08-26,0.024,0.019039306789636612
Darrington,2017-08-27,0.024,0.01913059502840042
Darrington,2017-08-28,0.023,0.026256289333105087
Darrington,2017-08-29,0.023,0.02094373293220997
Darrington,2017-08-30,0.023,0.020167125388979912
Darrington,2017-08-31,0.024,0.021666711196303368
Darrington,2017-09-01,0.024,0.025353096425533295
Darrington,2017-09-02,0.024,0.02481880784034729
Darrington,2017-09-03,0.023,0.024056604132056236
Darrington,2017-09-04,0.023,0.024962475523352623
Darrington,2017-09-05,0.023,0.024673057720065117
Darrington,2017-09-06,0.022,0.024497296661138535
Darrington,2017-09-07,0.022,0.02331211231648922
Darrington,2017-09-08,0.023,0.020443804562091827
Darrington,2017-09-09,0.023,0.028166966512799263
Darrington,2017-09-10,0.024,0.028639746829867363
Darrington,2017-09-11,0.025,0.028062699362635612
Darrington,2017-09-12,0.026,0.026697613298892975
Darrington,2017-09-13,0.027,0.0265741478651762
Darrington,2017-09-14,0.025,0.025254039093852043
Darrington,2017-09-15,0.024,0.025254039093852043
Darrington,2017-09-16,0.024,0.024590613320469856
Darrington,2017-09-17,0.023,0.03743014857172966
Darrington,2017-09-18,0.028,0.0662204772233963
Darrington,2017-09-19,0.062,0.09663287550210953
Darrington,2017-09-20,0.107,0.12023255228996277
Darrington,2017-09-21,0.124,0.12359905242919922
Darrington,2017-09-22,0.123,0.12018030136823654
Darrington,2017-09-23,0.122,0.1141800582408905
Darrington,2017-09-24,0.12,0.1089852899312973
Darrington,2017-09-25,0.12,0.11025639623403549
Darrington,2017-09-26,0.118,0.10764887183904648
Darrington,2017-09-27,0.117,0.09867487102746964
Darrington,2017-09-28,0.115,0.09455718100070953
Darrington,2017-09-29,0.116,0.09983357787132263
Darrington,2017-09-30,0.149,0.11655859649181366
Darrington,2017-10-01,0.166,0.12051541358232498
Darrington,2017-10-02,0.161,0.12139642238616943
Darrington,2017-10-03,0.153,0.13784977793693542
Darrington,2017-10-04,0.147,0.14596699178218842
Darrington,2017-10-05,0.144,0.14596699178218842
Darrington,2017-10-06,0.151,0.15650556981563568
Darrington,2017-10-07,0.195,0.1721060872077942
Darrington,2017-10-08,0.199,0.18993014097213745
Darrington,2017-10-09,0.19,0.20363762974739075
Darrington,2017-10-10,0.187,0.19482764601707458
Darrington,2017-10-11,0.186,0.18950268626213074
Darrington,2017-10-12,0.2,0.19041259586811066
Darrington,2017-10-13,0.23,0.20050564408302307
Darrington,2017-10-14,0.221,0.2003382295370102
Darrington,2017-10-15,0.212,0.19866026937961578
Darrington,2017-10-16,0.211,0.21112677454948425
Darrington,2017-10-17,0.246,0.21673308312892914
Darrington,2017-10-18,0.264,0.2456882894039154
Darrington,2017-10-19,0.277,0.256435751914978
Darrington,2017-10-20,0.278,0.24555851519107819
Darrington,2017-10-21,0.284,0.2522987127304077
Darrington,2017-10-22,0.289,0.26048943400382996
Darrington,2017-10-23,0.261,0.24973055720329285
Darrington,2017-10-24,0.244,0.24636295437812805
Darrington,2017-10-25,0.26,0.2519439458847046
Darrington,2017-10-26,0.251,0.23042654991149902
Darrington,2017-10-27,0.24,0.21146021783351898
Darrington,2017-10-28,0.235,0.21115386486053467
Darrington,2017-10-29,0.23,0.2114599049091339
Darrington,2017-10-31,0.223,0.21082063019275665
Darrington,2017-11-01,0.228,0.20767253637313843
Darrington,2017-11-02,0.258,0.22324250638484955
Darrington,2017-11-03,0.258,0.22916772961616516
Darrington,2017-11-04,0.244,0.231216698884964
Darrington,2017-11-05,0.237,0.22787904739379883
Darrington,2017-11-06,0.231,0.21204505860805511
Darrington,2017-11-07,0.228,0.21012476086616516
Darrington,2017-11-08,0.227,0.2205210030078888
Darrington,2017-11-09,0.24,0.24838759005069733
Darrington,2017-11-10,0.265,0.25606122612953186
Darrington,2017-11-11,0.249,0.26536017656326294
Darrington,2017-11-12,0.28,0.28248995542526245
Darrington,2017-11-13,0.297,0.2737499177455902
Darrington,2017-11-14,0.283,0.28356224298477173
Darrington,2017-11-15,0.291,0.286761075258255
Darrington,2017-11-16,0.281,0.29854342341423035
Darrington,2017-11-17,0.283,0.2979244589805603
Darrington,2017-11-18,0.266,0.28030696511268616
Darrington,2017-11-19,0.274,0.2816050052642822
Darrington,2017-11-20,0.296,0.2678684592247009
Darrington,2017-11-21,0.302,0.27866435050964355
Darrington,2017-11-22,0.314,0.28142744302749634
Darrington,2017-11-23,0.304,0.2700977921485901
Darrington,2017-11-24,0.293,0.2695082724094391
Darrington,2017-11-25,0.28,0.2695082724094391
Darrington,2017-11-26,0.315,0.2661905884742737
Darrington,2017-11-27,0.298,0.2679018974304199
Darrington,2017-11-28,0.302,0.27747631072998047
Darrington,2017-11-29,0.293,0.2744556963443756
Darrington,2017-11-30,0.298,0.27054306864738464
Darrington,2017-12-01,0.297,0.27269867062568665
Darrington,2017-12-02,0.294,0.27054306864738464
Darrington,2017-12-03,0.286,0.2692582309246063
Darrington,2017-12-04,0.266,0.25582611560821533
Darrington,2017-12-05,0.258,0.25073984265327454
Darrington,2017-12-06,0.253,0.24412095546722412
Darrington,2017-12-07,0.251,0.24557673931121826
Darrington,2017-12-08,0.248,0.24593637883663177
Darrington,2017-12-09,0.246,0.25059035420417786
Darrington,2017-12-10,0.244,0.25090423226356506
Darrington,2017-12-11,0.241,0.24942201375961304
Darrington,2017-12-12,0.239,0.24188289046287537
Darrington,2017-12-13,0.239,0.24276010692119598
Darrington,2017-12-14,0.238,0.24316097795963287
Darrington,2017-12-15,0.259,0.2556912302970886
Darrington,2017-12-16,0.275,0.2689301073551178
Darrington,2017-12-17,0.314,0.301407128572464
Darrington,2017-12-18,0.305,0.31268301606178284
Darrington,2017-12-19,0.322,0.32195037603378296
Darrington,2017-12-20,0.286,0.3207567036151886
Darrington,2017-12-21,0.261,0.31190118193626404
Darrington,2017-12-22,0.263,0.30222153663635254
Darrington,2017-12-23,0.269,0.2818323075771332
Darrington,2017-12-24,0.286,0.2534656822681427
Darrington,2017-12-25,0.268,0.2764541208744049
Darrington,2017-12-26,0.255,0.25205737352371216
Darrington,2017-12-27,0.257,0.28228405117988586
Darrington,2017-12-28,0.322,0.31221580505371094
Darrington,2017-12-29,0.328,0.31854701042175293
Darrington,2017-12-30,0.312,0.31889042258262634
Darrington,2017-12-31,0.282,0.3034753203392029
Darrington,2018-01-01,0.306,0.28797611594200134
Darrington,2018-01-02,0.285,0.2893529236316681
Darrington,2018-01-03,0.265,0.26517167687416077
Darrington,2018-01-04,0.263,0.24684596061706543
Darrington,2018-01-05,0.306,0.2787899374961853
Darrington,2018-01-06,0.296,0.2791910767555237
Darrington,2018-01-07,0.299,0.2889794111251831
Darrington,2018-01-08,0.297,0.2547869086265564
Darrington,2018-01-09,0.31,0.2698808014392853
Darrington,2018-01-10,0.298,0.2966832220554352
Darrington,2018-01-11,0.318,0.3084787130355835
Darrington,2018-01-12,0.319,0.3167787492275238
Darrington,2018-01-13,0.3,0.31895628571510315
Darrington,2018-01-14,0.273,0.30449768900871277
Darrington,2018-01-15,0.265,0.2977345585823059
Darrington,2018-01-16,0.298,0.3265134394168854
Darrington,2018-01-17,0.301,0.3141178786754608
Darrington,2018-01-18,0.315,0.3168793022632599
Darrington,2018-01-19,0.299,0.31501051783561707
Darrington,2018-01-20,0.304,0.3166238069534302
Darrington,2018-01-21,0.309,0.31750112771987915
Darrington,2018-01-22,0.311,0.3148878812789917
Darrington,2018-01-23,0.312,0.3218449354171753
Darrington,2018-01-24,0.317,0.3149358332157135
Darrington,2018-01-25,0.299,0.3124176859855652
Darrington,2018-01-26,0.298,0.3099879026412964
Darrington,2018-01-27,0.318,0.3099879026412964
Darrington,2018-01-28,0.304,0.30793923139572144
Darrington,2018-01-29,0.327,0.31155455112457275
Darrington,2018-01-30,0.307,0.30281704664230347
Darrington,2018-01-31,0.315,0.3008747100830078
Darrington,2018-02-01,0.321,0.3026413321495056
Darrington,2018-02-02,0.329,0.3035624623298645
Darrington,2018-02-03,0.329,0.3035624623298645
Darrington,2018-02-04,0.337,0.29531681537628174
Darrington,2018-02-05,0.317,0.28928324580192566
Darrington,2018-02-06,0.31,0.28928324580192566
Darrington,2018-02-07,0.318,0.2967342734336853
Darrington,2018-02-08,0.323,0.29663220047950745
Darrington,2018-02-09,0.294,0.28952112793922424
Darrington,2018-02-10,0.278,0.27346473932266235
Darrington,2018-02-11,0.268,0.2645007073879242
Darrington,2018-02-12,0.259,0.26609334349632263
Darrington,2018-02-13,0.252,0.2492588311433792
Darrington,2018-02-14,0.264,0.263136088848114
Darrington,2018-02-15,0.286,0.2970261573791504
Darrington,2018-02-16,0.316,0.3023262619972229
Darrington,2018-02-17,0.323,0.31214675307273865
Darrington,2018-02-18,0.3,0.30756911635398865
Darrington,2018-02-19,0.286,0.2649674117565155
Darrington,2018-03-16,0.268,0.27718719840049744
Darrington,2018-03-17,0.267,0.2707583010196686
Darrington,2018-03-18,0.281,0.285819411277771
Darrington,2018-03-19,0.268,0.29005223512649536
Darrington,2018-03-20,0.26,0.2762008011341095
Darrington,2018-03-21,0.255,0.30047687888145447
Darrington,2018-03-22,0.288,0.30623868107795715
Darrington,2018-03-23,0.293,0.318708211183548
Darrington,2018-03-24,0.295,0.32092028856277466
Darrington,2018-03-25,0.278,0.33060818910598755
Darrington,2018-03-26,0.317,0.33136796951293945
Darrington,2018-03-27,0.327,0.31951120495796204
Darrington,2018-03-28,0.291,0.3153190612792969
Darrington,2018-03-29,0.292,0.3145904242992401
Darrington,2018-03-30,0.305,0.31295013427734375
Darrington,2018-03-31,0.278,0.30892592668533325
Darrington,2018-04-01,0.31,0.30671170353889465
Darrington,2018-04-02,0.31,0.31615087389945984
Darrington,2018-04-03,0.295,0.26956459879875183
Darrington,2018-04-04,0.295,0.2870422899723053
Darrington,2018-04-05,0.325,0.2926035225391388
Darrington,2018-04-06,0.297,0.2968614995479584
Darrington,2018-04-07,0.318,0.29937809705734253
Darrington,2018-04-08,0.322,0.28246429562568665
Darrington,2018-04-09,0.301,0.28564080595970154
Darrington,2018-04-10,0.299,0.3216378390789032
Darrington,2018-04-11,0.293,0.3212946951389313
Darrington,2018-04-12,0.313,0.31966671347618103
Darrington,2018-04-13,0.327,0.31159883737564087
Darrington,2018-04-14,0.33,0.3232206106185913
Darrington,2018-04-15,0.311,0.32566824555397034
Darrington,2018-04-16,0.34,0.32768478989601135
Darrington,2018-04-17,0.327,0.3302485942840576
Darrington,2018-04-18,0.292,0.31971609592437744
Darrington,2018-04-19,0.273,0.2992320656776428
Darrington,2018-04-20,0.26,0.3095659017562866
Darrington,2018-04-21,0.301,0.29946064949035645
Darrington,2018-04-22,0.273,0.2735922336578369
Darrington,2018-04-23,0.253,0.2599213123321533
Darrington,2018-04-24,0.236,0.29384884238243103
Darrington,2018-04-25,0.222,0.2490181028842926
Darrington,2018-04-26,0.208,0.23440390825271606
Darrington,2018-04-27,0.197,0.23868772387504578
Darrington,2018-04-28,0.213,0.23880794644355774
Darrington,2018-04-29,0.23,0.2558959424495697
Darrington,2018-04-30,0.259,0.24502882361412048
Darrington,2018-05-01,0.253,0.2539592683315277
Darrington,2018-05-02,0.232,0.2339748740196228
Darrington,2018-05-03,0.214,0.20918552577495575
Darrington,2018-05-04,0.203,0.21742013096809387
Darrington,2018-05-05,0.192,0.2189963459968567
Darrington,2018-05-06,0.182,0.21951165795326233
Darrington,2018-05-07,0.183,0.22732526063919067
Darrington,2018-05-08,0.176,0.2435946762561798
Darrington,2018-05-09,0.229,0.27185729146003723
Darrington,2018-05-10,0.267,0.26084575057029724
Darrington,2018-05-11,0.259,0.2556103765964508
Darrington,2018-05-12,0.234,0.24853980541229248
Darrington,2018-05-13,0.209,0.2369670867919922
Darrington,2018-05-14,0.187,0.23872941732406616
Darrington,2018-05-15,0.168,0.17352811992168427
Darrington,2018-05-16,0.158,0.1616884022951126
Darrington,2018-05-17,0.155,0.11654781550168991
Darrington,2018-05-18,0.155,0.13308286666870117
Darrington,2018-05-19,0.154,0.16473111510276794
Darrington,2018-05-20,0.15,0.19174626469612122
Darrington,2018-05-21,0.14,0.19233036041259766
Darrington,2018-05-22,0.126,0.1481928825378418
Darrington,2018-05-23,0.112,0.1277695596218109
Darrington,2018-05-24,0.101,0.10809206962585449
Darrington,2018-05-25,0.097,0.0937340036034584
Darrington,2018-05-26,0.093,0.09167400747537613
Darrington,2018-05-27,0.089,0.08576883375644684
Darrington,2018-05-28,0.086,0.08031358569860458
Darrington,2018-05-29,0.083,0.056840475648641586
Darrington,2018-05-30,0.08,0.05839523673057556
Darrington,2018-05-31,0.078,0.060836903750896454
Darrington,2018-06-01,0.078,0.07526252418756485
Darrington,2018-06-02,0.076,0.08456552028656006
Darrington,2018-06-03,0.074,0.08485012501478195
Darrington,2018-06-04,0.075,0.1068234071135521
Darrington,2018-06-05,0.075,0.08174699544906616
Darrington,2018-06-06,0.074,0.07958885282278061
Darrington,2018-06-07,0.073,0.07340733706951141
Darrington,2018-06-08,0.071,0.073333241045475
Darrington,2018-06-09,0.116,0.0975651890039444
Darrington,2018-06-10,0.141,0.1356712281703949
Darrington,2018-06-11,0.168,0.12935587763786316
Darrington,2018-06-12,0.148,0.1794777810573578
Darrington,2018-06-13,0.179,0.18487632274627686
Darrington,2018-06-14,0.187,0.17035184800624847
Darrington,2018-06-15,0.167,0.1581137329339981
Darrington,2018-06-16,0.146,0.15015903115272522
Darrington,2018-06-17,0.125,0.11784514039754868
Darrington,2018-06-18,0.105,0.0868210420012474
Darrington,2018-06-19,0.091,0.07459106296300888
Darrington,2018-06-20,0.083,0.06684184074401855
Darrington,2018-06-21,0.078,0.06986606121063232
Darrington,2018-06-22,0.074,0.0677211731672287
Darrington,2018-06-23,0.072,0.07828963547945023
Darrington,2018-06-24,0.07,0.08456922322511673
Darrington,2018-06-25,0.101,0.13662748038768768
Darrington,2018-06-26,0.123,0.10954827815294266
Darrington,2018-06-27,0.117,0.11257893592119217
Darrington,2018-06-28,0.111,0.11927379667758942
Darrington,2018-06-29,0.109,0.11260519921779633
Darrington,2018-06-30,0.133,0.12884117662906647
Darrington,2018-07-01,0.16,0.14549857378005981
Darrington,2018-07-02,0.159,0.1482703983783722
Darrington,2018-07-03,0.149,0.16751432418823242
Darrington,2018-07-04,0.132,0.11139190942049026
Darrington,2018-07-05,0.116,0.09664291143417358
Darrington,2018-07-06,0.106,0.09734934568405151
Darrington,2018-07-07,0.123,0.12431971728801727
Darrington,2018-07-08,0.116,0.1337824910879135
Darrington,2018-07-09,0.104,0.12373394519090652
Darrington,2018-07-10,0.097,0.10820078104734421
Darrington,2018-07-11,0.092,0.08140988647937775
Darrington,2018-07-12,0.084,0.0782787874341011
Darrington,2018-07-13,0.077,0.08552480489015579
Darrington,2018-07-14,0.072,0.08667566627264023
Darrington,2018-07-15,0.068,0.08538606762886047
Darrington,2018-07-16,0.065,0.08386749029159546
Darrington,2018-07-17,0.062,0.07856656610965729
Darrington,2018-07-18,0.059,0.07206132262945175
Darrington,2018-07-19,0.057,0.05901281535625458
Darrington,2018-07-20,0.056,0.059006914496421814
Darrington,2018-07-21,0.054,0.05492275208234787
Darrington,2018-07-22,0.052,0.05294826254248619
Darrington,2018-07-23,0.05,0.052000194787979126
Darrington,2018-07-24,0.048,0.04172702133655548
Darrington,2018-07-25,0.047,0.04132893681526184
Darrington,2018-07-26,0.045,0.04021724686026573
Darrington,2018-07-27,0.044,0.038078419864177704
Darrington,2018-07-28,0.043,0.038078419864177704
Darrington,2018-07-29,0.041,0.038255635648965836
Darrington,2018-07-30,0.04,0.035039156675338745
Darrington,2018-07-31,0.038,0.02954762987792492
Darrington,2018-08-01,0.036,0.030565978959202766
Darrington,2018-08-02,0.036,0.029730942100286484
Darrington,2018-08-03,0.036,0.038281381130218506
Darrington,2018-08-04,0.035,0.038281381130218506
Darrington,2018-08-05,0.035,0.03794810548424721
Darrington,2018-08-06,0.033,0.03900522738695145
Darrington,2018-08-07,0.032,0.03944630175828934
Darrington,2018-08-08,0.031,0.036719437688589096
Darrington,2018-08-09,0.03,0.03366159647703171
Darrington,2018-08-10,0.029,0.03185727074742317
Darrington,2018-08-11,0.028,0.0404544398188591
Darrington,2018-08-12,0.031,0.053090352565050125
Darrington,2018-08-13,0.033,0.05238620191812515
Darrington,2018-08-14,0.035,0.06926187872886658
Darrington,2018-08-15,0.034,0.06752936542034149
Darrington,2018-08-16,0.034,0.06263063102960587
Darrington,2018-08-17,0.032,0.05922315642237663
Darrington,2018-08-18,0.03,0.05922315642237663
Darrington,2018-08-19,0.029,0.04921075701713562
Darrington,2018-08-20,0.029,0.050345420837402344
Darrington,2018-08-21,0.029,0.0413297638297081
Darrington,2018-08-22,0.029,0.03941699117422104
Darrington,2018-08-23,0.027,0.03941699117422104
Darrington,2018-08-24,0.026,0.03925449028611183
Darrington,2018-08-25,0.027,0.05067869648337364
Darrington,2018-08-26,0.028,0.0566294826567173
Darrington,2018-08-27,0.033,0.0563441663980484
Darrington,2018-08-28,0.036,0.04945913329720497
Darrington,2018-08-29,0.037,0.050033651292324066
Darrington,2018-08-30,0.037,0.048997487872838974
Darrington,2018-08-31,0.038,0.04942699521780014
Darrington,2018-09-01,0.038,0.04962747544050217
Darrington,2018-09-02,0.037,0.04962747544050217
Darrington,2018-09-03,0.036,0.05264917388558388
Darrington,2018-09-04,0.034,0.05230667069554329
Darrington,2018-09-05,0.032,0.053704023361206055
Darrington,2018-09-06,0.032,0.05619638413190842
Darrington,2018-09-07,0.03,0.06457725167274475
Darrington,2018-09-08,0.046,0.06489662826061249
Darrington,2018-09-09,0.056,0.07394526898860931
Darrington,2018-09-10,0.107,0.08923779428005219
Darrington,2018-09-11,0.137,0.10642749071121216
Darrington,2018-09-12,0.141,0.1293286234140396
Darrington,2018-09-13,0.178,0.17442122101783752
Darrington,2018-09-14,0.205,0.19410167634487152
Darrington,2018-09-15,0.2,0.19524995982646942
Darrington,2018-09-16,0.233,0.20166003704071045
Darrington,2018-09-17,0.236,0.22496187686920166
Darrington,2018-09-18,0.206,0.1949317753314972
Darrington,2018-09-19,0.194,0.18974073231220245
Darrington,2018-09-20,0.194,0.19964511692523956
Darrington,2018-09-21,0.258,0.2223784178495407
Darrington,2018-09-22,0.288,0.21409818530082703
Darrington,2018-09-23,0.254,0.21991488337516785
Darrington,2018-09-24,0.232,0.22094129025936127
Darrington,2018-09-25,0.22,0.22940866649150848
Darrington,2018-09-26,0.214,0.2238469272851944
Darrington,2018-09-27,0.209,0.227440744638443
Darrington,2018-09-28,0.205,0.22207874059677124
Darrington,2018-09-29,0.201,0.22100570797920227
Darrington,2018-09-30,0.256,0.23348231613636017
Darrington,2018-10-01,0.286,0.23239785432815552
Darrington,2018-10-02,0.288,0.2401193082332611
Darrington,2018-10-03,0.259,0.2296208143234253
Darrington,2018-10-04,0.24,0.2218693196773529
Darrington,2018-10-05,0.231,0.22381389141082764
Darrington,2018-10-06,0.225,0.2063959687948227
Darrington,2018-10-07,0.222,0.19751834869384766
Darrington,2018-10-08,0.233,0.19897235929965973
Darrington,2018-10-09,0.276,0.21499882638454437
Darrington,2018-10-10,0.248,0.2057822346687317
Darrington,2018-10-11,0.236,0.20955446362495422
Darrington,2018-10-12,0.23,0.2087373584508896
Darrington,2018-10-13,0.225,0.20973478257656097
Darrington,2018-10-14,0.222,0.20973478257656097
Darrington,2018-10-15,0.219,0.1964695155620575
Darrington,2018-10-16,0.217,0.20488159358501434
Darrington,2018-10-17,0.215,0.20544597506523132
Darrington,2018-10-18,0.213,0.20949511229991913
Darrington,2018-10-19,0.211,0.20701301097869873
Darrington,2018-10-21,0.209,0.20844803750514984
Darrington,2018-10-22,0.209,0.2126878947019577
Darrington,2018-10-23,0.208,0.2037244439125061
Darrington,2018-10-24,0.218,0.20532870292663574
Darrington,2018-10-25,0.255,0.2241280972957611
Darrington,2018-10-26,0.307,0.24752730131149292
Darrington,2018-10-27,0.277,0.2617112994194031
Darrington,2018-10-28,0.307,0.24942633509635925
Darrington,2018-10-29,0.289,0.24036307632923126
Darrington,2018-10-30,0.28,0.2517213821411133
Darrington,2018-10-31,0.312,0.29037266969680786
Darrington,2018-11-01,0.321,0.3023778796195984
Darrington,2018-11-02,0.296,0.29937055706977844
Darrington,2018-11-03,0.312,0.2996852993965149
Darrington,2018-11-04,0.323,0.29300081729888916
Darrington,2018-11-05,0.324,0.2760481834411621
Darrington,2018-11-06,0.304,0.29832592606544495
Darrington,2018-11-07,0.27,0.2778771221637726
Darrington,2018-11-08,0.257,0.2600603699684143
Darrington,2018-11-09,0.278,0.25574174523353577
Darrington,2018-11-10,0.268,0.24167750775814056
Darrington,2018-11-11,0.255,0.2359519898891449
Darrington,2018-11-12,0.249,0.2367580384016037
Darrington,2018-11-13,0.245,0.23572376370429993
Darrington,2018-11-14,0.282,0.26433876156806946
Darrington,2018-11-15,0.28,0.28416907787323
Darrington,2018-11-16,0.288,0.28828364610671997
Darrington,2018-11-17,0.262,0.2833222448825836
Darrington,2018-11-18,0.252,0.27297407388687134
Darrington,2018-11-19,0.247,0.2667997181415558
Darrington,2018-11-20,0.244,0.26491811871528625
Darrington,2018-11-21,0.242,0.2755037844181061
Darrington,2018-11-22,0.302,0.2959415018558502
Darrington,2018-11-23,0.309,0.29830408096313477
Darrington,2018-11-24,0.277,0.29471027851104736
Darrington,2018-11-25,0.262,0.29181593656539917
Darrington,2018-11-26,0.312,0.2942976653575897
Darrington,2018-11-27,0.309,0.2969990670681
Darrington,2018-11-28,0.305,0.29479190707206726
Darrington,2018-11-29,0.275,0.29680952429771423
Darrington,2018-11-30,0.285,0.29233720898628235
Darrington,2018-12-01,0.27,0.26427939534187317
Darrington,2018-12-02,0.259,0.2501141130924225
Darrington,2018-12-03,0.253,0.2804243266582489
Darrington,2018-12-04,0.246,0.2340165674686432
Darrington,2018-12-05,0.239,0.22325405478477478
Darrington,2018-12-06,0.236,0.21506695449352264
Darrington,2018-12-07,0.246,0.23249301314353943
Darrington,2018-12-08,0.246,0.25724124908447266
Darrington,2018-12-09,0.276,0.2879496216773987
Darrington,2018-12-10,0.321,0.2728837728500366
Darrington,2018-12-11,0.322,0.2963643968105316
Darrington,2018-12-12,0.303,0.3131237328052521
Darrington,2018-12-13,0.317,0.31632372736930847
Darrington,2018-12-14,0.287,0.32085803151130676
Darrington,2018-12-15,0.298,0.3244311809539795
Darrington,2018-12-16,0.319,0.3169316053390503
Darrington,2018-12-17,0.307,0.3084259629249573
Darrington,2018-12-18,0.337,0.3103518486022949
Darrington,2018-12-19,0.302,0.3109346032142639
Darrington,2018-12-20,0.316,0.3109346032142639
Darrington,2018-12-21,0.296,0.30405718088150024
Darrington,2018-12-22,0.276,0.3008299767971039
Darrington,2018-12-23,0.323,0.2979506850242615
Darrington,2018-12-24,0.284,0.2826741933822632
Darrington,2018-12-25,0.263,0.2796340584754944
Darrington,2018-12-26,0.28,0.28187790513038635
Darrington,2018-12-27,0.303,0.2833959460258484
Darrington,2018-12-28,0.302,0.29028457403182983
Darrington,2018-12-29,0.327,0.29150670766830444
Darrington,2018-12-30,0.297,0.2853298485279083
Darrington,2018-12-31,0.268,0.26075315475463867
Darrington,2019-01-01,0.266,0.28313443064689636
Darrington,2019-01-02,0.274,0.3024592697620392
Darrington,2019-01-03,0.336,0.3012422025203705
Darrington,2019-01-04,0.311,0.3066001236438751
Darrington,2019-01-05,0.281,0.29662182927131653
Darrington,2019-01-06,0.305,0.3083776533603668
Darrington,2019-01-07,0.309,0.3015157878398895
Darrington,2019-01-08,0.282,0.29970863461494446
Darrington,2019-01-09,0.319,0.2916029989719391
Darrington,2019-01-10,0.308,0.2716553211212158
Darrington,2019-01-11,0.277,0.2587340772151947
Darrington,2019-01-12,0.266,0.2528316378593445
Darrington,2019-01-13,0.259,0.2559753358364105
Darrington,2019-01-14,0.253,0.26603254675865173
Darrington,2019-01-15,0.264,0.25695449113845825
Darrington,2019-01-16,0.261,0.2548018991947174
Darrington,2019-01-17,0.26,0.2615559697151184
Darrington,2019-01-18,0.31,0.26463043689727783
Darrington,2019-01-19,0.319,0.26875534653663635
Darrington,2019-01-20,0.283,0.26830634474754333
Darrington,2019-01-21,0.268,0.26031506061553955
Darrington,2019-01-22,0.3,0.27275076508522034
Darrington,2019-01-23,0.309,0.2807624638080597
Darrington,2019-01-24,0.277,0.2847127318382263
Darrington,2019-01-25,0.267,0.27939510345458984
Darrington,2019-01-26,0.26,0.2750588655471802
Darrington,2019-01-27,0.255,0.26491454243659973
Darrington,2019-01-28,0.252,0.2646324336528778
Darrington,2019-01-29,0.246,0.2532060742378235
Darrington,2019-01-30,0.244,0.2514333128929138
Darrington,2019-01-31,0.246,0.2655520439147949
Darrington,2019-02-01,0.304,0.28506210446357727
Darrington,2019-02-02,0.302,0.2946232259273529
Darrington,2019-02-03,0.281,0.29665738344192505
Darrington,2019-02-04,0.258,0.29267823696136475
Darrington,2019-03-27,0.253,0.24285882711410522
Darrington,2019-03-28,0.243,0.2409273236989975
Darrington,2019-03-29,0.237,0.23027312755584717
Darrington,2019-03-30,0.233,0.22257474064826965
Darrington,2019-03-31,0.229,0.21878878772258759
Darrington,2019-04-01,0.225,0.20720088481903076
Darrington,2019-04-02,0.221,0.21766740083694458
Darrington,2019-04-03,0.252,0.22681215405464172
Darrington,2019-04-04,0.26,0.2574264407157898
Darrington,2019-04-05,0.266,0.2583034336566925
Darrington,2019-04-06,0.286,0.2716234624385834
Darrington,2019-04-07,0.291,0.28450122475624084
Darrington,2019-04-08,0.273,0.2893540859222412
Darrington,2019-04-09,0.297,0.29125872254371643
Darrington,2019-04-10,0.299,0.29820308089256287
Darrington,2019-04-11,0.303,0.30072692036628723
Darrington,2019-04-12,0.287,0.29960787296295166
Darrington,2019-04-13,0.307,0.30325233936309814
Darrington,2019-04-14,0.306,0.3004492521286011
Darrington,2019-04-15,0.274,0.30199623107910156
Darrington,2019-04-16,0.27,0.2868204414844513
Darrington,2019-04-17,0.292,0.2921764552593231
Darrington,2019-04-18,0.315,0.2963963449001312
Darrington,2019-04-19,0.319,0.29924342036247253
Darrington,2019-04-20,0.272,0.29307064414024353
Darrington,2019-04-21,0.251,0.2888098657131195
Darrington,2019-04-22,0.25,0.29502353072166443
Darrington,2019-04-23,0.26,0.27755120396614075
Darrington,2019-04-24,0.248,0.26773110032081604
Darrington,2019-04-25,0.234,0.2531759440898895
Darrington,2019-04-26,0.224,0.25444430112838745
Darrington,2019-04-27,0.225,0.2448102980852127
Darrington,2019-04-28,0.22,0.21693478524684906
Darrington,2019-04-29,0.211,0.2153683304786682
Darrington,2019-04-30,0.203,0.20293350517749786
Darrington,2019-05-01,0.195,0.19242069125175476
Darrington,2019-05-02,0.193,0.2052195966243744
Darrington,2019-05-03,0.192,0.20351362228393555
Darrington,2019-05-04,0.186,0.20014595985412598
Darrington,2019-05-05,0.176,0.1785750538110733
Darrington,2019-05-06,0.163,0.1679404228925705
Darrington,2019-05-07,0.151,0.17005209624767303
Darrington,2019-05-08,0.139,0.15696251392364502
Darrington,2019-05-09,0.126,0.1385256052017212
Darrington,2019-05-10,0.113,0.11848219484090805
Darrington,2019-05-11,0.101,0.10098279267549515
Darrington,2019-05-12,0.095,0.11541898548603058
Darrington,2019-05-13,0.091,0.15267305076122284
Darrington,2019-05-14,0.09,0.09899355471134186
Darrington,2019-05-15,0.09,0.11486950516700745
Darrington,2019-05-16,0.089,0.14489631354808807
Darrington,2019-05-17,0.147,0.18140625953674316
Darrington,2019-05-18,0.174,0.1928214281797409
Darrington,2019-05-19,0.161,0.1955830454826355
Darrington,2019-05-20,0.179,0.22963643074035645
Darrington,2019-05-21,0.201,0.19454054534435272
Darrington,2019-05-22,0.187,0.18758536875247955
Darrington,2019-05-23,0.172,0.17077383399009705
Darrington,2019-05-24,0.206,0.16764198243618011
Darrington,2019-05-25,0.226,0.16610372066497803
Darrington,2019-05-26,0.225,0.16078901290893555
Darrington,2019-05-27,0.196,0.17991992831230164
Darrington,2019-05-28,0.175,0.1539415717124939
Darrington,2019-05-29,0.162,0.1383669525384903
Darrington,2019-05-30,0.149,0.1293259561061859
Darrington,2019-05-31,0.133,0.11759787797927856
Darrington,2019-06-01,0.118,0.11002589762210846
Darrington,2019-06-02,0.105,0.09368160367012024
Darrington,2019-06-03,0.097,0.09117048233747482
Darrington,2019-06-04,0.09,0.06627456098794937
Darrington,2019-06-05,0.087,0.07580119371414185
Darrington,2019-06-06,0.085,0.08959119021892548
Darrington,2019-06-07,0.085,0.12170320749282837
Darrington,2019-06-08,0.091,0.1287398487329483
Darrington,2019-06-09,0.097,0.10543295741081238
Darrington,2019-06-10,0.097,0.10072669386863708
Darrington,2019-06-11,0.093,0.12582343816757202
Darrington,2019-06-12,0.087,0.12459566444158554
Darrington,2019-06-13,0.081,0.11122496426105499
Darrington,2019-06-14,0.078,0.09022093564271927
Darrington,2019-06-15,0.076,0.08659980446100235
Darrington,2019-06-16,0.073,0.08534124493598938
Darrington,2019-06-17,0.069,0.08499519526958466
Darrington,2019-06-18,0.069,0.06598985940217972
Darrington,2019-06-19,0.075,0.08083499222993851
Darrington,2019-06-20,0.076,0.08547218143939972
Darrington,2019-06-21,0.075,0.08555259555578232
Darrington,2019-06-22,0.074,0.0821509137749672
Darrington,2019-06-23,0.074,0.08012514561414719
Darrington,2019-06-24,0.073,0.08413530141115189
Darrington,2019-06-25,0.071,0.08545011281967163
Darrington,2019-06-26,0.072,0.0906946212053299
Darrington,2019-06-27,0.127,0.1409408450126648
Darrington,2019-06-28,0.165,0.15257681906223297
Darrington,2019-06-29,0.16,0.1529695838689804
Darrington,2019-06-30,0.147,0.12292258441448212
Darrington,2019-07-01,0.134,0.10265645384788513
Darrington,2019-07-02,0.124,0.10332269966602325
Darrington,2019-07-03,0.119,0.1131017729640007
Darrington,2019-07-04,0.115,0.11085379868745804
Darrington,2019-07-05,0.112,0.09341569989919662
Darrington,2019-07-06,0.106,0.08850820362567902
Darrington,2019-07-07,0.101,0.08593624085187912
Darrington,2019-07-08,0.096,0.0915042906999588
Darrington,2019-07-09,0.088,0.09684533625841141
Darrington,2019-07-10,0.09,0.11398813128471375
Darrington,2019-07-11,0.1,0.1377459317445755
Darrington,2019-07-12,0.098,0.14771491289138794
Darrington,2019-07-13,0.092,0.15026921033859253
Darrington,2019-07-14,0.087,0.14576567709445953
Darrington,2019-07-15,0.082,0.13395467400550842
Darrington,2019-07-16,0.081,0.13395467400550842
Darrington,2019-07-17,0.1,0.1516791433095932
Darrington,2019-07-18,0.158,0.19232606887817383
Darrington,2019-07-19,0.16,0.2003796398639679
Darrington,2019-07-20,0.155,0.19588394463062286
Darrington,2019-07-21,0.145,0.17477481067180634
Darrington,2019-07-22,0.134,0.17166317999362946
Darrington,2019-07-23,0.126,0.165333092212677
Darrington,2019-07-24,0.12,0.16031327843666077
Darrington,2019-07-25,0.114,0.1551312953233719
Darrington,2019-07-26,0.106,0.14096520841121674
Darrington,2019-07-27,0.102,0.13069242238998413
Darrington,2019-07-28,0.099,0.1407586932182312
Darrington,2019-07-29,0.094,0.12341621518135071
Darrington,2019-07-30,0.091,0.10922243446111679
Darrington,2019-07-31,0.088,0.10403846204280853
Darrington,2019-08-01,0.084,0.0898045226931572
Darrington,2019-08-02,0.101,0.09165512770414352
Darrington,2019-08-03,0.113,0.09172032028436661
Darrington,2019-08-04,0.111,0.09062077105045319
Darrington,2019-08-05,0.105,0.11179932206869125
Darrington,2019-08-06,0.099,0.1035810187458992
Darrington,2019-08-07,0.094,0.09084897488355637
Darrington,2019-08-08,0.091,0.08972907811403275
Darrington,2019-08-09,0.089,0.09063149243593216
Darrington,2019-08-10,0.092,0.09063149243593216
Darrington,2019-08-11,0.093,0.08969636261463165
Darrington,2019-08-12,0.092,0.09254340827465057
Darrington,2019-08-13,0.089,0.0887928307056427
Darrington,2019-08-14,0.087,0.08598445355892181
Darrington,2019-08-15,0.084,0.08586938679218292
Darrington,2019-08-16,0.082,0.08282086253166199
Darrington,2019-08-17,0.081,0.08923463523387909
Darrington,2019-08-18,0.079,0.09810969233512878
Darrington,2019-08-19,0.077,0.08511605858802795
Darrington,2019-08-20,0.075,0.08329658210277557
Darrington,2019-08-21,0.079,0.08470039814710617
Darrington,2019-08-22,0.089,0.08670943230390549
Darrington,2019-08-23,0.093,0.09353263676166534
Darrington,2019-08-24,0.099,0.09723708778619766
Darrington,2019-08-25,0.1,0.0963062271475792
Darrington,2019-08-26,0.099,0.09828395396471024
Darrington,2019-08-27,0.095,0.0859825536608696
Darrington,2019-08-28,0.091,0.08392836898565292
Darrington,2019-08-29,0.086,0.08573344349861145
Darrington,2019-08-30,0.084,0.08477094769477844
Darrington,2019-08-31,0.084,0.08477094769477844
Darrington,2019-09-01,0.081,0.08945663273334503
Darrington,2019-09-02,0.078,0.08783450722694397
Darrington,2019-09-03,0.076,0.08535392582416534
Darrington,2019-09-04,0.075,0.08484536409378052
Darrington,2019-09-05,0.073,0.08041316270828247
Darrington,2019-09-06,0.072,0.07886575162410736
Darrington,2019-09-07,0.07,0.0744212195277214
Darrington,2019-09-08,0.08,0.06766105443239212
Darrington,2019-09-09,0.09,0.08294741064310074
Darrington,2019-09-10,0.093,0.0885632336139679
Darrington,2019-09-11,0.094,0.098906971514225
Darrington,2019-09-12,0.094,0.10405968874692917
Darrington,2019-09-13,0.115,0.15684083104133606
Darrington,2019-09-14,0.143,0.15928535163402557
Darrington,2019-09-15,0.193,0.1915692239999771
Darrington,2019-09-16,0.204,0.2560524046421051
Darrington,2019-09-17,0.216,0.23000237345695496
Darrington,2019-09-18,0.226,0.23014824092388153
Darrington,2019-09-19,0.215,0.22072669863700867
Darrington,2019-09-20,0.206,0.23270756006240845
Darrington,2019-09-21,0.2,0.23265722393989563
Darrington,2019-09-22,0.237,0.2452998161315918
Darrington,2019-09-23,0.259,0.250097393989563
Darrington,2019-09-24,0.257,0.250482439994812
Darrington,2019-09-25,0.234,0.2559598684310913
Darrington,2019-09-26,0.271,0.2626691162586212
Darrington,2019-09-27,0.262,0.2580691874027252
Darrington,2019-09-28,0.247,0.2555747628211975
Darrington,2019-09-29,0.233,0.24999792873859406
Darrington,2019-09-30,0.225,0.235103040933609
Darrington,2019-10-01,0.22,0.2406817078590393
Darrington,2019-10-02,0.216,0.2518007457256317
Darrington,2019-10-03,0.224,0.2661653757095337
Darrington,2019-10-04,0.264,0.2812563180923462
Darrington,2019-10-05,0.27,0.2775651514530182
Darrington,2019-10-06,0.251,0.27648305892944336
Darrington,2019-10-07,0.293,0.2877422273159027
Darrington,2019-10-08,0.271,0.29031649231910706
Darrington,2019-10-09,0.251,0.28470075130462646
Darrington,2019-10-10,0.24,0.27762070298194885
Darrington,2019-10-11,0.234,0.2518644630908966
Darrington,2019-10-12,0.23,0.2211662232875824
Darrington,2019-10-13,0.227,0.1911916732788086
Darrington,2019-10-14,0.224,0.23573726415634155
Darrington,2019-10-15,0.221,0.23399566113948822
Darrington,2019-10-16,0.239,0.2547394335269928
Darrington,2019-10-17,0.295,0.28266870975494385
Darrington,2019-10-18,0.293,0.30275484919548035
Darrington,2019-10-19,0.288,0.30287832021713257
Darrington,2019-10-20,0.296,0.29958978295326233
Darrington,2019-10-21,0.324,0.2999957799911499
Darrington,2019-10-22,0.282,0.2926894426345825
Darrington,2019-10-23,0.258,0.26815757155418396
Darrington,2019-10-24,0.249,0.25954172015190125
Darrington,2019-10-26,0.273,0.24562521278858185
Darrington,2019-10-27,0.256,0.23894676566123962
Darrington,2019-10-28,0.249,0.23940685391426086
Darrington,2019-10-29,0.244,0.24871626496315002
Darrington,2019-10-30,0.24,0.26913928985595703
Darrington,2019-10-31,0.238,0.263136625289917
Darrington,2019-11-01,0.236,0.24021919071674347
Darrington,2019-11-02,0.234,0.23324288427829742
Darrington,2019-11-03,0.233,0.23562182486057281
Darrington,2019-11-04,0.231,0.2622291147708893
Darrington,2019-11-05,0.23,0.24602855741977692
Darrington,2019-11-06,0.229,0.22690148651599884
Darrington,2019-11-07,0.228,0.20613065361976624
Darrington,2019-11-08,0.227,0.20613065361976624
Darrington,2019-11-09,0.228,0.21081998944282532
Darrington,2019-11-10,0.23,0.20911401510238647
Darrington,2019-11-11,0.229,0.19152048230171204
Darrington,2019-11-12,0.262,0.26229843497276306
Darrington,2019-11-13,0.265,0.2894931435585022
Darrington,2019-11-14,0.252,0.28797703981399536
Darrington,2019-11-15,0.291,0.3040972054004669
Darrington,2019-11-16,0.292,0.308291494846344
Darrington,2019-11-17,0.32,0.31429198384284973
Darrington,2019-11-18,0.288,0.3159898519515991
Darrington,2019-11-19,0.299,0.3012581169605255
Darrington,2019-11-20,0.269,0.29517820477485657
Darrington,2019-11-21,0.26,0.29156917333602905
Darrington,2019-11-22,0.253,0.28378936648368835
Darrington,2019-11-23,0.264,0.26709893345832825
Darrington,2019-11-24,0.309,0.2739139795303345
Darrington,2019-11-25,0.3,0.29535919427871704
Darrington,2019-11-26,0.276,0.26662003993988037
Darrington,2019-11-27,0.262,0.23486337065696716
Darrington,2019-11-28,0.253,0.22336064279079437
Darrington,2019-11-29,0.244,0.23090092837810516
Darrington,2019-11-30,0.237,0.2388000786304474
Darrington,2019-12-01,0.238,0.26065996289253235
Darrington,2019-12-02,0.276,0.2704048752784729
Darrington,2019-12-03,0.323,0.2764643728733063
Darrington,2019-12-04,0.313,0.2820771336555481
Darrington,2019-12-05,0.276,0.27603644132614136
Darrington,2019-12-06,0.267,0.2854890525341034
Darrington,2019-12-07,0.301,0.28528743982315063
Darrington,2019-12-08,0.281,0.2769939601421356
Darrington,2019-12-09,0.266,0.2676022946834564
Darrington,2019-12-10,0.263,0.2797123193740845
Darrington,2019-12-11,0.287,0.2790318429470062
Darrington,2019-12-12,0.331,0.2895352840423584
Darrington,2019-12-13,0.305,0.2786819338798523
Darrington,2019-12-14,0.28,0.2839865982532501
Darrington,2019-12-15,0.273,0.28962209820747375
Darrington,2019-12-16,0.283,0.29429465532302856
Darrington,2019-12-17,0.284,0.2937886118888855
Darrington,2019-12-18,0.273,0.2901543378829956
Darrington,2019-12-19,0.328,0.30012086033821106
Darrington,2019-12-20,0.348,0.3199984133243561
Darrington,2019-12-21,0.32,0.3434843122959137
Darrington,2019-12-22,0.283,0.3361983001232147
Darrington,2019-12-23,0.294,0.3218109905719757
Darrington,2019-12-24,0.274,0.31226930022239685
Darrington,2019-12-25,0.265,0.29077374935150146
Darrington,2019-12-26,0.253,0.29404041171073914
Darrington,2019-12-27,0.268,0.2924453616142273
Darrington,2019-12-28,0.285,0.2860212028026581
Darrington,2019-12-29,0.281,0.2785961627960205
Darrington,2019-12-30,0.289,0.29398828744888306
Darrington,2019-12-31,0.342,0.30883318185806274
Darrington,2020-01-01,0.317,0.3197903037071228
Darrington,2020-01-02,0.313,0.32033076882362366
Darrington,2020-01-03,0.305,0.3209093511104584
Darrington,2020-01-04,0.314,0.3192040026187897
Darrington,2020-01-05,0.311,0.3194696009159088
Darrington,2020-01-06,0.335,0.30997347831726074
Darrington,2020-01-07,0.334,0.31134966015815735
Darrington,2020-01-08,0.3,0.30789777636528015
Darrington,2020-01-09,0.284,0.3011775612831116
Darrington,2020-01-10,0.277,0.30139800906181335
Darrington,2020-01-11,0.297,0.3006989061832428
Darrington,2020-01-12,0.298,0.2981819212436676
Darrington,2020-01-13,0.289,0.2898890972137451
Darrington,2020-01-14,0.276,0.2916117310523987
Darrington,2020-01-15,0.27,0.29469242691993713
Darrington,2020-01-16,0.265,0.2990038990974426
Darrington,2020-01-17,0.263,0.3003363013267517
Darrington,2020-01-18,0.264,0.30297723412513733
Darrington,2020-01-19,0.267,0.2973071336746216
Darrington,2020-01-20,0.267,0.2935810685157776
Darrington,2020-01-21,0.277,0.3034169673919678
Darrington,2020-01-22,0.304,0.3138194978237152
Darrington,2020-01-23,0.321,0.3184368908405304
Darrington,2020-01-24,0.319,0.3180745244026184
Darrington,2020-01-25,0.312,0.31609979271888733
Darrington,2020-01-26,0.316,0.3147946298122406
Darrington,2020-01-27,0.32,0.3141312301158905
Darrington,2020-01-28,0.313,0.3136056959629059
Darrington,2020-01-29,0.313,0.3138474225997925
Darrington,2020-01-30,0.3,0.3137820065021515
Darrington,2020-01-31,0.335,0.31455981731414795
Darrington,2020-02-01,0.319,0.3158661127090454
Darrington,2020-02-02,0.29,0.31655609607696533
Darrington,2020-02-03,0.282,0.3091498613357544
Darrington,2020-02-04,0.276,0.3050059676170349
Darrington,2020-02-05,0.303,0.3038317561149597
Darrington,2020-02-06,0.317,0.3029877245426178
Darrington,2020-02-07,0.321,0.30319106578826904
Darrington,2020-02-08,0.31,0.30319106578826904
Darrington,2020-02-09,0.285,0.291939914226532
Darrington,2020-02-10,0.275,0.2912244498729706
Darrington,2020-02-11,0.291,0.2952654957771301
Darrington,2020-02-12,0.29,0.2955443859100342
Darrington,2020-02-13,0.287,0.2961697280406952
Darrington,2020-02-14,0.319,0.30264273285865784
Darrington,2020-02-15,0.321,0.3100253641605377
Darrington,2020-02-16,0.317,0.3116929829120636
Darrington,2020-02-17,0.303,0.31749945878982544
Darrington,2020-02-18,0.282,0.3045493960380554
Darrington,2020-02-19,0.273,0.2876935303211212
Darrington,2020-02-23,0.323,0.3051220178604126
Darrington,2020-02-24,0.311,0.3105502128601074
Darrington,2020-02-25,0.285,0.3080083131790161
Darrington,2020-02-26,0.294,0.29882553219795227
Darrington,2020-02-27,0.281,0.2886430621147156
Darrington,2020-02-28,0.279,0.27754074335098267
Darrington,2020-02-29,0.316,0.290501207113266
Darrington,2020-03-01,0.291,0.2990201711654663
Darrington,2020-03-02,0.321,0.3053165376186371
Darrington,2020-03-03,0.32,0.29995736479759216
Darrington,2020-03-04,0.304,0.29643601179122925
Darrington,2020-03-05,0.294,0.30122336745262146
Darrington,2020-03-06,0.315,0.3007131814956665
Darrington,2020-03-07,0.297,0.3052787780761719
Darrington,2020-03-08,0.303,0.3052787780761719
Darrington,2020-03-09,0.282,0.29649436473846436
Darrington,2020-03-10,0.279,0.29745718836784363
Darrington,2020-03-11,0.307,0.29745718836784363
Darrington,2020-03-12,0.282,0.290044367313385
Darrington,2020-03-13,0.273,0.28831735253334045
Darrington,2020-03-14,0.263,0.27185118198394775
Darrington,2020-03-15,0.256,0.2569499611854553
Darrington,2020-03-16,0.253,0.2521553933620453
Darrington,2020-03-17,0.25,0.22404557466506958
Darrington,2020-03-18,0.247,0.2179384082555771
Darrington,2020-03-19,0.246,0.22212854027748108
Darrington,2020-03-20,0.244,0.23632784187793732
Darrington,2020-03-21,0.242,0.24876460433006287
Darrington,2020-03-22,0.24,0.2650970220565796
Darrington,2020-03-23,0.247,0.29224109649658203
Darrington,2020-03-24,0.253,0.29286420345306396
Darrington,2020-03-25,0.253,0.2942975163459778
Darrington,2020-03-26,0.252,0.2955438792705536
Darrington,2020-03-27,0.255,0.2960469722747803
Darrington,2020-03-28,0.294,0.29346492886543274
Darrington,2020-03-29,0.31,0.2942737936973572
Darrington,2020-03-30,0.31,0.299909770488739
Darrington,2020-03-31,0.308,0.3295404613018036
Darrington,2020-04-01,0.291,0.3193017542362213
Darrington,2020-04-02,0.283,0.31727349758148193
Darrington,2020-04-03,0.309,0.3080892264842987
Darrington,2020-04-04,0.293,0.2959023416042328
Darrington,2020-04-05,0.275,0.29027998447418213
Darrington,2020-04-06,0.265,0.28979727625846863
Darrington,2020-04-07,0.258,0.2710846960544586
Darrington,2020-04-08,0.252,0.25721660256385803
Darrington,2020-04-09,0.246,0.24774900078773499
Darrington,2020-04-10,0.243,0.24354508519172668
Darrington,2020-04-11,0.245,0.23127096891403198
Darrington,2020-04-12,0.24,0.2514594793319702
Darrington,2020-04-13,0.235,0.24540331959724426
Darrington,2020-04-14,0.229,0.23771078884601593
Darrington,2020-04-15,0.223,0.24998259544372559
Darrington,2020-04-16,0.216,0.24555882811546326
Darrington,2020-04-17,0.211,0.24279391765594482
Darrington,2020-04-18,0.207,0.24111886322498322
Darrington,2020-04-19,0.204,0.22667448222637177
Darrington,2020-04-20,0.199,0.20971286296844482
Darrington,2020-04-21,0.192,0.22869476675987244
Darrington,2020-04-22,0.212,0.24887306988239288
Darrington,2020-04-23,0.248,0.25141286849975586
Darrington,2020-04-24,0.247,0.24904394149780273
Darrington,2020-04-25,0.265,0.26357683539390564
Darrington,2020-04-26,0.287,0.2776878774166107
Darrington,2020-04-27,0.31,0.28091272711753845
Darrington,2020-04-28,0.286,0.28983768820762634
Darrington,2020-04-29,0.275,0.30117642879486084
Darrington,2020-04-30,0.288,0.29588866233825684
Darrington,2020-05-01,0.275,0.27687200903892517
Darrington,2020-05-02,0.279,0.2736346423625946
Darrington,2020-05-03,0.317,0.29472532868385315
Darrington,2020-05-04,0.289,0.3126465678215027
Darrington,2020-05-05,0.268,0.31656521558761597
Darrington,2020-05-06,0.316,0.3031500577926636
Darrington,2020-05-07,0.293,0.2903463840484619
Darrington,2020-05-08,0.265,0.2797161638736725
Darrington,2020-05-09,0.238,0.2705356180667877
Darrington,2020-05-10,0.216,0.2567649483680725
Darrington,2020-05-11,0.204,0.25194424390792847
Darrington,2020-05-12,0.229,0.25684863328933716
Darrington,2020-05-13,0.248,0.2675459682941437
Darrington,2020-05-14,0.249,0.27212223410606384
Darrington,2020-05-15,0.253,0.27212223410606384
Darrington,2020-05-16,0.253,0.27212223410606384
Darrington,2020-05-17,0.303,0.27297157049179077
Darrington,2020-05-18,0.295,0.2683429718017578
Darrington,2020-05-19,0.271,0.28481677174568176
Darrington,2020-05-20,0.26,0.2874663472175598
Darrington,2020-05-21,0.272,0.2779524028301239
Darrington,2020-05-22,0.316,0.28255343437194824
Darrington,2020-05-23,0.291,0.2783605754375458
Darrington,2020-05-24,0.269,0.27391135692596436
Darrington,2020-05-25,0.291,0.2663835287094116
Darrington,2020-05-26,0.304,0.2969411611557007
Darrington,2020-05-27,0.272,0.29197192192077637
Darrington,2020-05-28,0.249,0.2830360233783722
Darrington,2020-05-29,0.23,0.2685737609863281
Darrington,2020-05-30,0.263,0.27885597944259644
Darrington,2020-05-31,0.296,0.2661232650279999
Darrington,2020-06-01,0.278,0.25349608063697815
Darrington,2020-06-02,0.269,0.250683069229126
Darrington,2020-06-03,0.262,0.25594836473464966
Darrington,2020-06-04,0.252,0.2429485321044922
Darrington,2020-06-05,0.247,0.26547107100486755
Darrington,2020-06-06,0.263,0.2906765341758728
Darrington,2020-06-07,0.281,0.2920898497104645
Darrington,2020-06-08,0.294,0.2841690480709076
Darrington,2020-06-09,0.318,0.30406349897384644
Darrington,2020-06-10,0.308,0.3236442506313324
Darrington,2020-06-11,0.295,0.3165535032749176
Darrington,2020-06-12,0.308,0.3043525815010071
Darrington,2020-06-13,0.311,0.29264339804649353
Darrington,2020-06-14,0.313,0.25890251994132996
Darrington,2020-06-15,0.314,0.26855114102363586
Darrington,2020-06-16,0.311,0.26992127299308777
Darrington,2020-06-17,0.291,0.2614373564720154
Darrington,2020-06-18,0.272,0.25140896439552307
Darrington,2020-06-19,0.252,0.24477483332157135
Darrington,2020-06-20,0.246,0.2428092658519745
Darrington,2020-06-21,0.242,0.2540706992149353
Darrington,2020-06-22,0.229,0.24193285405635834
Darrington,2020-06-23,0.216,0.22854198515415192
Darrington,2020-06-24,0.222,0.22754520177841187
Darrington,2020-06-25,0.219,0.230057954788208
Darrington,2020-06-26,0.21,0.23211140930652618
Darrington,2020-06-27,0.206,0.23792126774787903
Darrington,2020-06-28,0.205,0.22420810163021088
Darrington,2020-06-29,0.198,0.2341276854276657
Darrington,2020-06-30,0.193,0.24666821956634521
Darrington,2020-07-01,0.212,0.2688513994216919
Darrington,2020-07-02,0.255,0.27135464549064636
Darrington,2020-07-03,0.252,0.27166420221328735
Darrington,2020-07-04,0.251,0.26951366662979126
Darrington,2020-07-05,0.238,0.26014524698257446
Darrington,2020-07-06,0.226,0.25271111726760864
Darrington,2020-07-07,0.221,0.23644153773784637
Darrington,2020-07-08,0.216,0.21381446719169617
Darrington,2020-07-09,0.218,0.22447116672992706
Darrington,2020-07-10,0.223,0.22164341807365417
Darrington,2020-07-11,0.216,0.21931326389312744
Darrington,2020-07-12,0.224,0.22052474319934845
Darrington,2020-07-13,0.218,0.20781931281089783
Darrington,2020-07-14,0.205,0.18902429938316345
Darrington,2020-07-15,0.194,0.18729378283023834
Darrington,2020-07-16,0.183,0.17489564418792725
Darrington,2020-07-17,0.177,0.16439561545848846
Darrington,2020-07-18,0.17,0.1557866483926773
Darrington,2020-07-19,0.159,0.1347135603427887
Darrington,2020-07-20,0.149,0.13777706027030945
Darrington,2020-07-21,0.138,0.13327783346176147
Darrington,2020-07-22,0.129,0.13211345672607422
Darrington,2020-07-23,0.123,0.13211345672607422
Darrington,2020-07-24,0.12,0.132603719830513
Darrington,2020-07-25,0.115,0.1310822069644928
Darrington,2020-07-26,0.109,0.12791083753108978
Darrington,2020-07-27,0.101,0.11858630925416946
Darrington,2020-07-28,0.095,0.11886550486087799
Darrington,2020-07-29,0.089,0.1190902441740036
Darrington,2020-07-30,0.085,0.1190902441740036
Darrington,2020-07-31,0.082,0.1024763286113739
Darrington,2020-08-01,0.079,0.09876088052988052
Darrington,2020-08-02,0.076,0.0913943499326706
Darrington,2020-08-03,0.074,0.09247943013906479
Darrington,2020-08-04,0.072,0.09247943013906479
Darrington,2020-08-05,0.07,0.09058544784784317
Darrington,2020-08-06,0.073,0.09203925728797913
Darrington,2020-08-07,0.084,0.09953003376722336
Darrington,2020-08-08,0.087,0.10626083612442017
Darrington,2020-08-09,0.087,0.1063549742102623
Darrington,2020-08-10,0.084,0.10984287410974503
Darrington,2020-08-11,0.08,0.09838152676820755
Darrington,2020-08-12,0.076,0.09122206270694733
Darrington,2020-08-13,0.073,0.07929538190364838
Darrington,2020-08-14,0.069,0.07599730044603348
Darrington,2020-08-15,0.066,0.07344364374876022
Darrington,2020-08-16,0.065,0.0696311742067337
Darrington,2020-08-17,0.063,0.07241077721118927
Darrington,2020-08-18,0.061,0.05267948657274246
Darrington,2020-08-19,0.059,0.03997211903333664
Darrington,2020-08-20,0.059,0.0342344269156456
Darrington,2020-08-21,0.06,0.0641493946313858
Darrington,2020-08-22,0.072,0.10991920530796051
Darrington,2020-08-23,0.07,0.08855823427438736
Darrington,2020-08-24,0.07,0.09101046621799469
Darrington,2020-08-25,0.068,0.08331143110990524
Darrington,2020-08-26,0.066,0.08325482904911041
Darrington,2020-08-27,0.064,0.08253161609172821
Darrington,2020-08-28,0.062,0.08345360308885574
Darrington,2020-08-29,0.061,0.0827186331152916
Darrington,2020-08-30,0.058,0.08446215838193893
Darrington,2020-08-31,0.059,0.08381688594818115
Darrington,2020-09-01,0.06,0.07822912186384201
Darrington,2020-09-02,0.059,0.06881463527679443
Darrington,2020-09-03,0.059,0.06492550671100616
Darrington,2020-09-04,0.058,0.06361294537782669
Darrington,2020-09-05,0.057,0.06502318382263184
Darrington,2020-09-06,0.057,0.0676226019859314
Darrington,2020-09-07,0.055,0.0697411298751831
Darrington,2020-09-08,0.053,0.0697411298751831
Darrington,2020-09-09,0.052,0.07022115588188171
Darrington,2020-09-10,0.052,0.07022115588188171
Darrington,2020-09-11,0.051,0.07173430174589157
Darrington,2020-09-12,0.051,0.07009769231081009
Darrington,2020-09-13,0.05,0.06887182593345642
Darrington,2020-09-14,0.05,0.05882680043578148
Darrington,2020-09-15,0.052,0.0635756254196167
Darrington,2020-09-16,0.053,0.061371058225631714
Darrington,2020-09-17,0.053,0.05917257443070412
Darrington,2020-09-18,0.056,0.06430568546056747
Darrington,2020-09-19,0.079,0.08231963217258453
Darrington,2020-09-20,0.099,0.08648809790611267
Darrington,2020-09-21,0.1,0.09184713661670685
Darrington,2020-09-22,0.115,0.09176885336637497
Darrington,2020-09-23,0.158,0.1638132929801941
Darrington,2020-09-24,0.212,0.18594318628311157
Darrington,2020-09-25,0.228,0.22456590831279755
Darrington,2020-09-26,0.243,0.23075628280639648
Darrington,2020-09-27,0.241,0.25159314274787903
Darrington,2020-09-28,0.228,0.26454949378967285
Darrington,2020-09-29,0.223,0.24921660125255585
Darrington,2020-09-30,0.219,0.23679494857788086
Darrington,2020-10-01,0.216,0.21124055981636047
Darrington,2020-10-02,0.214,0.2119249701499939
Darrington,2020-10-03,0.213,0.22283905744552612
Darrington,2020-10-04,0.211,0.213511660695076
Darrington,2020-10-05,0.213,0.19885766506195068
Darrington,2020-10-06,0.216,0.20163391530513763
Darrington,2020-10-07,0.215,0.2119288593530655
Darrington,2020-10-08,0.215,0.22852826118469238
Darrington,2020-10-09,0.221,0.2542833089828491
Darrington,2020-10-10,0.307,0.2837478220462799
Darrington,2020-10-11,0.315,0.2872237265110016
Darrington,2020-10-12,0.304,0.2868606448173523
Darrington,2020-10-13,0.322,0.28656765818595886
Darrington,2020-10-14,0.323,0.2969849109649658
Darrington,2020-10-15,0.293,0.29598337411880493
Darrington,2020-10-16,0.325,0.29353249073028564
Darrington,2020-10-17,0.3,0.29074767231941223
Darrington,2020-10-18,0.32,0.29176387190818787
Darrington,2020-10-19,0.302,0.2925848960876465
Darrington,2020-10-20,0.307,0.28622308373451233
Darrington,2020-10-21,0.328,0.2881740629673004
Darrington,2020-10-22,0.302,0.28990307450294495
Darrington,2020-10-23,0.327,0.30962690711021423
Darrington,2020-10-24,0.309,0.30816328525543213
Darrington,2020-10-25,0.295,0.3028954267501831
Darrington,2020-10-26,0.286,0.29479262232780457
Darrington,2020-10-27,0.282,0.2919178307056427
Darrington,2020-10-28,0.3,0.28775498270988464
Darrington,2020-10-29,0.293,0.2912125587463379
Darrington,2020-10-30,0.326,0.2999904155731201
Darrington,2020-10-31,0.307,0.2991885244846344
Darrington,2020-11-01,0.297,0.29410409927368164
Darrington,2020-11-02,0.291,0.2917749285697937
Darrington,2020-11-03,0.329,0.30968785285949707
Darrington,2020-11-04,0.343,0.32118457555770874
Darrington,2020-11-05,0.35,0.3355993926525116
Darrington,2020-11-06,0.313,0.3177834153175354
Darrington,2020-11-07,0.301,0.3274746835231781
Darrington,2020-11-08,0.295,0.31181442737579346
Darrington,2020-11-09,0.291,0.30294594168663025
Darrington,2020-11-10,0.314,0.31206074357032776
Darrington,2020-11-11,0.312,0.3052135407924652
Darrington,2020-11-12,0.314,0.3135145306587219
Darrington,2020-11-13,0.355,0.31607815623283386
Darrington,2020-11-14,0.342,0.32570356130599976
Darrington,2020-11-15,0.351,0.3446444272994995
Darrington,2020-11-16,0.343,0.3424443006515503
Darrington,2020-11-17,0.34,0.3328317403793335
Darrington,2020-11-18,0.347,0.3293864130973816
Darrington,2020-11-19,0.339,0.3270661532878876
Darrington,2020-11-20,0.346,0.3270007371902466
Darrington,2020-11-21,0.329,0.3213088810443878
Darrington,2020-11-22,0.31,0.31554147601127625
Darrington,2020-11-23,0.314,0.310092955827713
Darrington,2020-11-24,0.333,0.31468191742897034
Darrington,2020-11-25,0.34,0.31986987590789795
Darrington,2020-11-26,0.324,0.3207974433898926
Darrington,2020-11-27,0.32,0.32235538959503174
Darrington,2020-11-28,0.341,0.3178177773952484
Darrington,2020-11-29,0.314,0.31103652715682983
Darrington,2020-11-30,0.349,0.3198997378349304
Darrington,2020-12-01,0.325,0.31157881021499634
Darrington,2020-12-02,0.31,0.3067830502986908
Darrington,2020-12-03,0.303,0.3067830502986908
Darrington,2020-12-04,0.299,0.29903939366340637
Darrington,2020-12-05,0.296,0.2975151240825653
Darrington,2020-12-06,0.294,0.2960136830806732
Darrington,2020-12-07,0.292,0.3010340631008148
Darrington,2020-12-08,0.352,0.315476655960083
Darrington,2020-12-09,0.339,0.32939594984054565
Darrington,2020-12-10,0.318,0.3203781247138977
Darrington,2020-12-11,0.313,0.31335270404815674
Darrington,2020-12-12,0.307,0.3029026985168457
Darrington,2020-12-13,0.317,0.30184462666511536
Darrington,2020-12-14,0.337,0.30338582396507263
Darrington,2020-12-15,0.348,0.3133127987384796
Darrington,2020-12-16,0.344,0.3298448324203491
Darrington,2020-12-17,0.349,0.3313925564289093
Darrington,2020-12-18,0.349,0.32982879877090454
Darrington,2020-12-19,0.351,0.33194878697395325
Darrington,2020-12-20,0.336,0.3203534185886383
Darrington,2020-12-21,0.361,0.3210706114768982
Darrington,2020-12-22,0.335,0.3342503607273102
Darrington,2020-12-23,0.318,0.32033267617225647
Darrington,2020-12-24,0.308,0.32141706347465515
Darrington,2020-12-25,0.318,0.32393723726272583
Darrington,2020-12-26,0.348,0.33018508553504944
Darrington,2020-12-27,0.328,0.3330959677696228
Darrington,2020-12-28,0.313,0.32340970635414124
Darrington,2020-12-29,0.305,0.3256067931652069
Darrington,2020-12-30,0.364,0.33321067690849304
Darrington,2020-12-31,0.355,0.32257553935050964
Quinault,2017-01-25,0.191,0.23548661172389984
Quinault,2017-01-26,0.194,0.22741372883319855
Quinault,2017-01-27,0.19,0.21379117667675018
Quinault,2017-01-28,0.187,0.21373823285102844
Quinault,2017-01-29,0.21,0.23005078732967377
Quinault,2017-01-30,0.202,0.215882807970047
Quinault,2017-01-31,0.195,0.21434935927391052
Quinault,2017-02-01,0.193,0.21081840991973877
Quinault,2017-02-02,0.187,0.20770274102687836
Quinault,2017-02-03,0.226,0.21829308569431305
Quinault,2017-02-04,0.249,0.23022465407848358
Quinault,2017-02-05,0.226,0.23525370657444
Quinault,2017-02-06,0.221,0.2562829554080963
Quinault,2017-02-07,0.211,0.2644922733306885
Quinault,2017-02-08,0.234,0.26385554671287537
Quinault,2017-02-09,0.258,0.26414230465888977
Quinault,2017-02-10,0.233,0.26801177859306335
Quinault,2017-02-11,0.213,0.2613697052001953
Quinault,2017-02-12,0.198,0.24643255770206451
Quinault,2017-02-13,0.191,0.22357890009880066
Quinault,2017-02-14,0.204,0.23373514413833618
Quinault,2017-02-15,0.263,0.2330499291419983
Quinault,2017-02-16,0.223,0.2346169501543045
Quinault,2017-02-17,0.214,0.23324666917324066
Quinault,2017-02-18,0.205,0.23487529158592224
Quinault,2017-02-19,0.236,0.23129545152187347
Quinault,2017-02-20,0.22,0.23098473250865936
Quinault,2017-02-21,0.205,0.22122889757156372
Quinault,2017-02-22,0.197,0.22969290614128113
Quinault,2017-02-23,0.194,0.21597930788993835
Quinault,2017-02-24,0.193,0.2133413702249527
Quinault,2017-02-25,0.192,0.21513305604457855
Quinault,2017-02-26,0.231,0.22547082602977753
Quinault,2017-02-27,0.226,0.229096457362175
Quinault,2017-02-28,0.222,0.22961266338825226
Quinault,2017-03-01,0.233,0.23340176045894623
Quinault,2017-03-02,0.247,0.23581548035144806
Quinault,2017-03-03,0.258,0.23775836825370789
Quinault,2017-03-04,0.224,0.23652994632720947
Quinault,2017-03-05,0.226,0.23654282093048096
Quinault,2017-03-06,0.225,0.24036313593387604
Quinault,2017-03-07,0.228,0.23926302790641785
Quinault,2017-03-08,0.225,0.23877301812171936
Quinault,2017-03-09,0.249,0.23957549035549164
Quinault,2017-03-10,0.255,0.24308420717716217
Quinault,2017-03-11,0.246,0.24344222247600555
Quinault,2017-03-12,0.224,0.2428198754787445
Quinault,2017-03-13,0.244,0.23925122618675232
Quinault,2017-03-14,0.257,0.23999008536338806
Quinault,2017-03-15,0.231,0.23809154331684113
Quinault,2017-03-16,0.233,0.2376965582370758
Quinault,2017-03-17,0.236,0.23890475928783417
Quinault,2017-03-18,0.237,0.2384800910949707
Quinault,2017-03-19,0.21,0.22435833513736725
Quinault,2017-03-20,0.202,0.22826485335826874
Quinault,2017-03-21,0.239,0.22826485335826874
Quinault,2017-03-22,0.247,0.2275957614183426
Quinault,2017-03-23,0.238,0.22784920036792755
Quinault,2017-03-24,0.252,0.2301504760980606
Quinault,2017-03-25,0.232,0.2308078408241272
Quinault,2017-03-26,0.244,0.23023900389671326
Quinault,2017-03-27,0.253,0.23059332370758057
Quinault,2017-03-28,0.275,0.2319207638502121
Quinault,2017-03-29,0.258,0.23585572838783264
Quinault,2017-03-30,0.229,0.23914296925067902
Quinault,2017-03-31,0.208,0.22250810265541077
Quinault,2017-04-01,0.22,0.23752744495868683
Quinault,2017-04-02,0.208,0.20996634662151337
Quinault,2017-04-03,0.202,0.1962188333272934
Quinault,2017-04-04,0.213,0.21432024240493774
Quinault,2017-04-05,0.248,0.2204824537038803
Quinault,2017-04-06,0.23,0.2237422615289688
Quinault,2017-04-07,0.262,0.22741945087909698
Quinault,2017-04-08,0.248,0.23308777809143066
Quinault,2017-04-09,0.222,0.2329653799533844
Quinault,2017-04-10,0.25,0.22756245732307434
Quinault,2017-04-11,0.219,0.22816504538059235
Quinault,2017-04-12,0.248,0.22159135341644287
Quinault,2017-04-13,0.246,0.2211700677871704
Quinault,2017-04-14,0.252,0.22159135341644287
Quinault,2017-04-15,0.223,0.22057954967021942
Quinault,2017-04-16,0.205,0.21042320132255554
Quinault,2017-04-17,0.222,0.21542571485042572
Quinault,2017-04-18,0.24,0.21593718230724335
Quinault,2017-04-19,0.236,0.22336988151073456
Quinault,2017-04-20,0.239,0.22702722251415253
Quinault,2017-04-21,0.213,0.214226633310318
Quinault,2017-04-22,0.23,0.22411157190799713
Quinault,2017-04-23,0.252,0.22815319895744324
Quinault,2017-04-24,0.222,0.22639235854148865
Quinault,2017-04-25,0.219,0.22423119843006134
Quinault,2017-04-26,0.24,0.22610722482204437
Quinault,2017-04-27,0.226,0.2208167314529419
Quinault,2017-04-28,0.205,0.2082047015428543
Quinault,2017-04-29,0.217,0.21231678128242493
Quinault,2017-04-30,0.22,0.2100370079278946
Quinault,2017-05-01,0.217,0.20597200095653534
Quinault,2017-05-02,0.215,0.20646092295646667
Quinault,2017-05-03,0.225,0.20565344393253326
Quinault,2017-05-04,0.201,0.19809482991695404
Quinault,2017-05-05,0.22,0.20324231684207916
Quinault,2017-05-06,0.207,0.2041906863451004
Quinault,2017-05-07,0.194,0.197416290640831
Quinault,2017-05-08,0.184,0.19437222182750702
Quinault,2017-05-09,0.175,0.1840248554944992
Quinault,2017-05-10,0.171,0.18354997038841248
Quinault,2017-05-11,0.237,0.20903028547763824
Quinault,2017-05-12,0.234,0.21293359994888306
Quinault,2017-05-13,0.225,0.21524754166603088
Quinault,2017-05-14,0.223,0.2179538756608963
Quinault,2017-05-15,0.228,0.21469753980636597
Quinault,2017-05-16,0.23,0.21400286257266998
Quinault,2017-05-17,0.203,0.20661219954490662
Quinault,2017-05-18,0.195,0.20266219973564148
Quinault,2017-05-19,0.187,0.1899421513080597
Quinault,2017-05-20,0.179,0.1780535727739334
Quinault,2017-05-21,0.168,0.17042551934719086
Quinault,2017-05-22,0.157,0.16511563956737518
Quinault,2017-05-23,0.142,0.15850596129894257
Quinault,2017-05-24,0.13,0.1569148600101471
Quinault,2017-05-25,0.12,0.14394928514957428
Quinault,2017-05-26,0.108,0.1397787630558014
Quinault,2017-05-27,0.097,0.1347624957561493
Quinault,2017-05-28,0.089,0.12434962391853333
Quinault,2017-05-29,0.082,0.12061404436826706
Quinault,2017-05-30,0.079,0.1129118874669075
Quinault,2017-05-31,0.112,0.1297663003206253
Quinault,2017-06-01,0.189,0.14534848928451538
Quinault,2017-06-02,0.205,0.16639254987239838
Quinault,2017-06-03,0.176,0.1764661818742752
Quinault,2017-06-04,0.159,0.17384028434753418
Quinault,2017-06-05,0.144,0.16587848961353302
Quinault,2017-06-06,0.131,0.1487065851688385
Quinault,2017-06-07,0.119,0.14829127490520477
Quinault,2017-06-08,0.208,0.1601911038160324
Quinault,2017-06-09,0.208,0.1866195946931839
Quinault,2017-06-10,0.198,0.19327159225940704
Quinault,2017-06-11,0.183,0.18972717225551605
Quinault,2017-06-12,0.168,0.18133850395679474
Quinault,2017-06-13,0.159,0.15672817826271057
Quinault,2017-06-14,0.154,0.14592646062374115
Quinault,2017-06-15,0.21,0.18768686056137085
Quinault,2017-06-16,0.196,0.217676043510437
Quinault,2017-06-17,0.178,0.2154005765914917
Quinault,2017-06-18,0.196,0.2184688001871109
Quinault,2017-06-19,0.181,0.20035122334957123
Quinault,2017-06-20,0.179,0.17697085440158844
Quinault,2017-06-21,0.17,0.16550874710083008
Quinault,2017-06-22,0.157,0.15455695986747742
Quinault,2017-06-23,0.143,0.14930318295955658
Quinault,2017-06-24,0.129,0.13782630860805511
Quinault,2017-06-25,0.114,0.13010701537132263
Quinault,2017-06-26,0.103,0.13268044590950012
Quinault,2017-06-27,0.094,0.12019314616918564
Quinault,2017-06-28,0.088,0.10697018355131149
Quinault,2017-06-29,0.081,0.0918339416384697
Quinault,2017-06-30,0.075,0.08577433228492737
Quinault,2017-07-01,0.069,0.07627031207084656
Quinault,2017-07-02,0.062,0.06322182714939117
Quinault,2017-07-03,0.056,0.06461423635482788
Quinault,2017-07-04,0.05,0.05881679803133011
Quinault,2017-07-05,0.045,0.06493859738111496
Quinault,2017-07-06,0.04,0.06494126468896866
Quinault,2017-07-07,0.037,0.06283485144376755
Quinault,2017-07-08,0.035,0.06134076789021492
Quinault,2017-07-09,0.033,0.048133231699466705
Quinault,2017-07-10,0.031,0.05551885813474655
Quinault,2017-07-11,0.03,0.044190213084220886
Quinault,2017-07-12,0.029,0.04241687059402466
Quinault,2017-07-13,0.028,0.038615237921476364
Quinault,2017-07-14,0.027,0.032531533390283585
Quinault,2017-07-15,0.026,0.031044116243720055
Quinault,2017-07-16,0.024,0.032467491924762726
Quinault,2017-07-17,0.024,0.03507428243756294
Quinault,2017-07-18,0.024,0.03541933372616768
Quinault,2017-07-19,0.022,0.034761879593133926
Quinault,2017-07-20,0.033,0.0373179093003273
Quinault,2017-07-21,0.037,0.04523899406194687
Quinault,2017-07-22,0.039,0.04330897703766823
Quinault,2017-07-23,0.039,0.03631054237484932
Quinault,2017-07-24,0.036,0.03603886067867279
Quinault,2017-07-25,0.032,0.03486465662717819
Quinault,2017-07-26,0.03,0.03518003970384598
Quinault,2017-07-27,0.027,0.03045598231256008
Quinault,2017-07-28,0.026,0.027887171134352684
Quinault,2017-07-29,0.024,0.026856033131480217
Quinault,2017-07-30,0.025,0.026856033131480217
Quinault,2017-07-31,0.023,0.025567036122083664
Quinault,2017-08-01,0.022,0.025567036122083664
Quinault,2017-08-02,0.023,0.02500360831618309
Quinault,2017-08-03,0.021,0.02500360831618309
Quinault,2017-08-04,0.021,0.025736816227436066
Quinault,2017-08-05,0.02,0.025736816227436066
Quinault,2017-08-06,0.019,0.025736816227436066
Quinault,2017-08-07,0.019,0.02810482122004032
Quinault,2017-08-08,0.018,0.02810482122004032
Quinault,2017-08-09,0.018,0.02810482122004032
Quinault,2017-08-10,0.017,0.025887267664074898
Quinault,2017-08-11,0.016,0.025154059752821922
Quinault,2017-08-12,0.017,0.026490328833460808
Quinault,2017-08-13,0.112,0.055913906544446945
Quinault,2017-08-14,0.093,0.0616360679268837
Quinault,2017-08-15,0.083,0.06197584420442581
Quinault,2017-08-16,0.074,0.053833916783332825
Quinault,2017-08-17,0.068,0.052622824907302856
Quinault,2017-08-18,0.06,0.05379112809896469
Quinault,2017-08-19,0.054,0.053273558616638184
Quinault,2017-08-20,0.048,0.04753774777054787
Quinault,2017-08-21,0.043,0.04415468871593475
Quinault,2017-08-22,0.038,0.043035220354795456
Quinault,2017-08-23,0.034,0.03695150837302208
Quinault,2017-08-24,0.032,0.03625008836388588
Quinault,2017-08-25,0.029,0.03189345449209213
Quinault,2017-08-26,0.028,0.030316345393657684
Quinault,2017-08-27,0.025,0.027336589992046356
Quinault,2017-08-28,0.024,0.023779071867465973
Quinault,2017-08-29,0.023,0.023520037531852722
Quinault,2017-08-30,0.022,0.027837194502353668
Quinault,2017-08-31,0.023,0.042622312903404236
Quinault,2017-09-01,0.023,0.04144303500652313
Quinault,2017-09-02,0.024,0.045464206486940384
Quinault,2017-09-03,0.023,0.04502313956618309
Quinault,2017-09-04,0.022,0.030865849927067757
Quinault,2017-09-05,0.021,0.023803481832146645
Quinault,2017-09-06,0.02,0.023803481832146645
Quinault,2017-09-07,0.019,0.023663504049181938
Quinault,2017-09-08,0.019,0.027549898251891136
Quinault,2017-09-09,0.073,0.029205702245235443
Quinault,2017-09-10,0.105,0.03563503921031952
Quinault,2017-09-11,0.092,0.033558230847120285
Quinault,2017-09-12,0.084,0.03710714355111122
Quinault,2017-09-13,0.078,0.04659988358616829
Quinault,2017-09-14,0.072,0.04782574251294136
Quinault,2017-09-15,0.065,0.05170317366719246
Quinault,2017-09-16,0.06,0.062217824161052704
Quinault,2017-09-17,0.1,0.0740172266960144
Quinault,2017-09-18,0.172,0.10937459021806717
Quinault,2017-09-19,0.181,0.13173149526119232
Quinault,2017-09-20,0.163,0.140441432595253
Quinault,2017-09-21,0.156,0.14605967700481415
Quinault,2017-09-22,0.146,0.13633595407009125
Quinault,2017-09-23,0.141,0.13151182234287262
Quinault,2017-09-24,0.135,0.1593833863735199
Quinault,2017-09-25,0.132,0.14568744599819183
Quinault,2017-09-26,0.131,0.14599566161632538
Quinault,2017-09-27,0.127,0.14145416021347046
Quinault,2017-09-28,0.122,0.1405494213104248
Quinault,2017-09-29,0.156,0.1462685763835907
Quinault,2017-09-30,0.174,0.15811342000961304
Quinault,2017-10-01,0.167,0.15960516035556793
Quinault,2017-10-02,0.153,0.15112905204296112
Quinault,2017-10-03,0.144,0.16423426568508148
Quinault,2017-10-04,0.137,0.14374130964279175
Quinault,2017-10-05,0.132,0.14149422943592072
Quinault,2017-10-06,0.157,0.1637452095746994
Quinault,2017-10-07,0.183,0.1754787117242813
Quinault,2017-10-08,0.169,0.16963699460029602
Quinault,2017-10-09,0.158,0.17524902522563934
Quinault,2017-10-10,0.153,0.1771807074546814
Quinault,2017-10-11,0.163,0.1735595464706421
Quinault,2017-10-12,0.178,0.1783357709646225
Quinault,2017-10-13,0.177,0.18779075145721436
Quinault,2017-10-14,0.163,0.18415199220180511
Quinault,2017-10-15,0.156,0.18202443420886993
Quinault,2017-10-16,0.152,0.1836501508951187
Quinault,2017-10-17,0.192,0.21972040832042694
Quinault,2017-10-18,0.218,0.2303275316953659
Quinault,2017-10-19,0.213,0.24180808663368225
Quinault,2017-10-20,0.204,0.23813511431217194
Quinault,2017-10-21,0.225,0.2368408888578415
Quinault,2017-10-22,0.205,0.23777669668197632
Quinault,2017-10-23,0.178,0.220505028963089
Quinault,2017-10-24,0.168,0.21376433968544006
Quinault,2017-10-25,0.176,0.22584818303585052
Quinault,2017-10-26,0.173,0.18864306807518005
Quinault,2017-10-27,0.164,0.1801794320344925
Quinault,2017-10-28,0.16,0.17859876155853271
Quinault,2017-10-29,0.157,0.1742844432592392
Quinault,2017-10-30,0.153,0.16681914031505585
Quinault,2017-11-01,0.145,0.17211304605007172
Quinault,2017-11-02,0.19,0.18579597771167755
Quinault,2017-11-03,0.189,0.1877048760652542
Quinault,2017-11-04,0.185,0.19098035991191864
Quinault,2017-11-05,0.193,0.19600972533226013
Quinault,2017-11-06,0.173,0.195245161652565
Quinault,2017-11-07,0.166,0.18437302112579346
Quinault,2017-11-08,0.185,0.18822641670703888
Quinault,2017-11-09,0.212,0.1933402270078659
Quinault,2017-11-10,0.189,0.2007119208574295
Quinault,2017-11-11,0.197,0.20620128512382507
Quinault,2017-11-12,0.23,0.2137322723865509
Quinault,2017-11-13,0.224,0.2225961685180664
Quinault,2017-11-14,0.232,0.23195642232894897
Quinault,2017-11-15,0.224,0.23374168574810028
Quinault,2017-11-16,0.221,0.23258331418037415
Quinault,2017-11-17,0.208,0.23258331418037415
Quinault,2017-11-18,0.201,0.23070617020130157
Quinault,2017-11-19,0.228,0.22927726805210114
Quinault,2017-11-20,0.21,0.23271772265434265
Quinault,2017-11-21,0.236,0.23222412168979645
Quinault,2017-11-22,0.24,0.23350641131401062
Quinault,2017-11-23,0.226,0.23308373987674713
Quinault,2017-11-24,0.218,0.23180145025253296
Quinault,2017-11-25,0.213,0.23180145025253296
Quinault,2017-11-26,0.225,0.22933301329612732
Quinault,2017-11-27,0.199,0.22676952183246613
Quinault,2017-11-28,0.22,0.22110119462013245
Quinault,2017-11-29,0.202,0.22118020057678223
Quinault,2017-11-30,0.213,0.21882571280002594
Quinault,2017-12-01,0.227,0.22036127746105194
Quinault,2017-12-02,0.215,0.22146733105182648
Quinault,2017-12-03,0.187,0.2045590877532959
Quinault,2017-12-04,0.18,0.19379565119743347
Quinault,2017-12-05,0.175,0.19589832425117493
Quinault,2017-12-06,0.172,0.18479342758655548
Quinault,2017-12-07,0.17,0.18039079010486603
Quinault,2017-12-08,0.168,0.17986488342285156
Quinault,2017-12-09,0.167,0.1801709234714508
Quinault,2017-12-10,0.167,0.1839105635881424
Quinault,2017-12-11,0.167,0.18483968079090118
Quinault,2017-12-12,0.165,0.17930738627910614
Quinault,2017-12-13,0.165,0.17730171978473663
Quinault,2017-12-14,0.163,0.17632360756397247
Quinault,2017-12-15,0.173,0.17911206185817719
Quinault,2017-12-16,0.19,0.18266074359416962
Quinault,2017-12-17,0.232,0.20419445633888245
Quinault,2017-12-18,0.216,0.2298564910888672
Quinault,2017-12-19,0.232,0.2317848950624466
Quinault,2017-12-20,0.192,0.21780414879322052
Quinault,2017-12-21,0.187,0.23027971386909485
Quinault,2017-12-22,0.196,0.22899146378040314
Quinault,2017-12-23,0.18,0.20642469823360443
Quinault,2017-12-24,0.178,0.20042137801647186
Quinault,2017-12-25,0.193,0.2004823386669159
Quinault,2017-12-26,0.18,0.19345641136169434
Quinault,2017-12-27,0.175,0.2033337652683258
Quinault,2017-12-28,0.229,0.22227080166339874
Quinault,2017-12-29,0.233,0.23416027426719666
Quinault,2017-12-30,0.206,0.23588597774505615
Quinault,2017-12-31,0.184,0.21996071934700012
Quinault,2018-01-01,0.178,0.20440328121185303
Quinault,2018-01-02,0.174,0.20602793991565704
Quinault,2018-01-03,0.172,0.20107708871364594
Quinault,2018-01-04,0.186,0.21003712713718414
Quinault,2018-01-05,0.226,0.22015728056430817
Quinault,2018-01-06,0.201,0.22070877254009247
Quinault,2018-01-07,0.222,0.22403478622436523
Quinault,2018-01-08,0.209,0.22515681385993958
Quinault,2018-01-09,0.211,0.2229224294424057
Quinault,2018-01-10,0.204,0.22330568730831146
Quinault,2018-01-11,0.235,0.22342084348201752
Quinault,2018-01-12,0.22,0.2249336838722229
Quinault,2018-01-13,0.209,0.22109763324260712
Quinault,2018-01-14,0.187,0.21018895506858826
Quinault,2018-01-15,0.186,0.21588349342346191
Quinault,2018-01-16,0.212,0.2148197591304779
Quinault,2018-01-17,0.212,0.21641294658184052
Quinault,2018-01-18,0.206,0.21778149902820587
Quinault,2018-01-19,0.232,0.21970215439796448
Quinault,2018-01-20,0.227,0.21938619017601013
Quinault,2018-01-21,0.234,0.21819458901882172
Quinault,2018-01-22,0.213,0.22044187784194946
Quinault,2018-01-23,0.227,0.22044187784194946
Quinault,2018-01-24,0.229,0.22044187784194946
Quinault,2018-01-25,0.223,0.22044187784194946
Quinault,2018-01-26,0.225,0.22044187784194946
Quinault,2018-01-27,0.219,0.22044187784194946
Quinault,2018-01-28,0.213,0.22004444897174835
Quinault,2018-01-29,0.246,0.22643685340881348
Quinault,2018-01-30,0.21,0.21787355840206146
Quinault,2018-01-31,0.223,0.21787355840206146
Quinault,2018-02-01,0.227,0.21787355840206146
Quinault,2018-02-02,0.213,0.21705836057662964
Quinault,2018-02-03,0.208,0.21245010197162628
Quinault,2018-02-04,0.211,0.21032676100730896
Quinault,2018-02-05,0.19,0.20142412185668945
Quinault,2018-02-06,0.183,0.1999901384115219
Quinault,2018-02-07,0.178,0.18325841426849365
Quinault,2018-02-08,0.18,0.18653559684753418
Quinault,2018-02-09,0.178,0.18041226267814636
Quinault,2018-02-10,0.173,0.1801130473613739
Quinault,2018-02-11,0.17,0.1801130473613739
Quinault,2018-02-12,0.166,0.18145349621772766
Quinault,2018-02-13,0.167,0.18768534064292908
Quinault,2018-02-14,0.2,0.19848330318927765
Quinault,2018-02-15,0.179,0.20604988932609558
Quinault,2018-02-16,0.207,0.2120501697063446
Quinault,2018-02-17,0.23,0.21780501306056976
Quinault,2018-02-18,0.203,0.22171398997306824
Quinault,2018-02-19,0.181,0.2015208899974823
Quinault,2018-02-20,0.173,0.20940342545509338
Quinault,2018-02-21,0.181,0.19151616096496582
Quinault,2018-02-22,0.192,0.18116727471351624
Quinault,2018-02-23,0.18,0.1980823576450348
Quinault,2018-02-24,0.211,0.20393535494804382
Quinault,2018-02-25,0.22,0.21041227877140045
Quinault,2018-02-26,0.194,0.22898463904857635
Quinault,2018-02-27,0.203,0.2339232861995697
Quinault,2018-02-28,0.209,0.23300956189632416
Quinault,2018-03-01,0.2,0.23213310539722443
Quinault,2018-03-02,0.198,0.23020896315574646
Quinault,2018-03-03,0.18,0.21903222799301147
Quinault,2018-03-04,0.189,0.23085632920265198
Quinault,2018-03-05,0.192,0.2262902408838272
Quinault,2018-03-06,0.181,0.1939689815044403
Quinault,2018-03-07,0.174,0.19931739568710327
Quinault,2018-03-08,0.22,0.20777571201324463
Quinault,2018-03-09,0.197,0.20777571201324463
Quinault,2018-03-10,0.181,0.20117875933647156
Quinault,2018-03-11,0.174,0.19340749084949493
Quinault,2018-03-12,0.169,0.1870030015707016
Quinault,2018-03-13,0.194,0.1838274598121643
Quinault,2018-03-14,0.203,0.1925651580095291
Quinault,2018-03-15,0.185,0.19212175905704498
Quinault,2018-03-16,0.174,0.18490201234817505
Quinault,2018-03-17,0.168,0.16748419404029846
Quinault,2018-03-18,0.167,0.16415239870548248
Quinault,2018-03-19,0.165,0.1793549507856369
Quinault,2018-03-20,0.163,0.17514795064926147
Quinault,2018-03-21,0.165,0.17849348485469818
Quinault,2018-03-22,0.217,0.1959078162908554
Quinault,2018-03-23,0.215,0.202897310256958
Quinault,2018-03-24,0.19,0.20546306669712067
Quinault,2018-03-25,0.182,0.2036878764629364
Quinault,2018-03-26,0.224,0.20427291095256805
Quinault,2018-03-27,0.218,0.20697298645973206
Quinault,2018-03-28,0.185,0.2057526409626007
Quinault,2018-03-29,0.176,0.22033743560314178
Quinault,2018-03-30,0.174,0.22984705865383148
Quinault,2018-03-31,0.171,0.2075502723455429
Quinault,2018-04-01,0.183,0.21529772877693176
Quinault,2018-04-02,0.193,0.21173305809497833
Quinault,2018-04-03,0.186,0.21482612192630768
Quinault,2018-04-04,0.207,0.21814587712287903
Quinault,2018-04-05,0.225,0.21778443455696106
Quinault,2018-04-06,0.205,0.21741962432861328
Quinault,2018-04-07,0.233,0.22163215279579163
Quinault,2018-04-08,0.239,0.2536992132663727
Quinault,2018-04-09,0.196,0.24336077272891998
Quinault,2018-04-10,0.211,0.24701327085494995
Quinault,2018-04-11,0.227,0.23863978683948517
Quinault,2018-04-12,0.209,0.22114163637161255
Quinault,2018-04-13,0.248,0.22251950204372406
Quinault,2018-04-14,0.22,0.21994136273860931
Quinault,2018-04-15,0.204,0.21883688867092133
Quinault,2018-04-16,0.233,0.21901391446590424
Quinault,2018-04-17,0.214,0.21697603166103363
Quinault,2018-04-18,0.192,0.20106855034828186
Quinault,2018-04-19,0.179,0.1953715980052948
Quinault,2018-04-20,0.175,0.1965954750776291
Quinault,2018-04-21,0.207,0.19214245676994324
Quinault,2018-04-22,0.184,0.18405503034591675
Quinault,2018-04-23,0.173,0.18081936240196228
Quinault,2018-04-24,0.164,0.17354460060596466
Quinault,2018-04-25,0.157,0.17236341536045074
Quinault,2018-04-26,0.15,0.17138466238975525
Quinault,2018-04-27,0.148,0.17524488270282745
Quinault,2018-04-28,0.199,0.18480844795703888
Quinault,2018-04-29,0.181,0.18569998443126678
Quinault,2018-04-30,0.172,0.17850103974342346
Quinault,2018-05-01,0.164,0.1661032885313034
Quinault,2018-05-02,0.158,0.15731611847877502
Quinault,2018-05-03,0.15,0.16008904576301575
Quinault,2018-05-04,0.144,0.14836736023426056
Quinault,2018-05-05,0.138,0.1390477418899536
Quinault,2018-05-06,0.13,0.13970990478992462
Quinault,2018-05-07,0.125,0.1353374868631363
Quinault,2018-05-08,0.126,0.1420127898454666
Quinault,2018-05-09,0.195,0.17367097735404968
Quinault,2018-05-10,0.193,0.17504657804965973
Quinault,2018-05-11,0.172,0.16849520802497864
Quinault,2018-05-12,0.159,0.16843000054359436
Quinault,2018-05-13,0.148,0.16689056158065796
Quinault,2018-05-14,0.137,0.16160948574543
Quinault,2018-05-15,0.13,0.1453602910041809
Quinault,2018-05-16,0.129,0.13732486963272095
Quinault,2018-05-17,0.129,0.15284642577171326
Quinault,2018-05-18,0.128,0.14585895836353302
Quinault,2018-05-19,0.127,0.14772728085517883
Quinault,2018-05-20,0.125,0.1450442671775818
Quinault,2018-05-21,0.122,0.12709727883338928
Quinault,2018-05-22,0.114,0.08790237456560135
Quinault,2018-05-23,0.106,0.0856967642903328
Quinault,2018-05-24,0.1,0.08326549828052521
Quinault,2018-05-25,0.093,0.07787786424160004
Quinault,2018-05-26,0.087,0.07787786424160004
Quinault,2018-05-27,0.081,0.07787786424160004
Quinault,2018-05-28,0.076,0.08533801138401031
Quinault,2018-05-29,0.072,0.06967668235301971
Quinault,2018-05-30,0.067,0.05746973305940628
Quinault,2018-05-31,0.063,0.057915035635232925
Quinault,2018-06-01,0.06,0.055879198014736176
Quinault,2018-06-02,0.057,0.04964899271726608
Quinault,2018-06-03,0.063,0.04981537163257599
Quinault,2018-06-04,0.069,0.07014089822769165
Quinault,2018-06-05,0.067,0.07588426023721695
Quinault,2018-06-06,0.072,0.08163752406835556
Quinault,2018-06-07,0.069,0.0837264209985733
Quinault,2018-06-08,0.118,0.131763756275177
Quinault,2018-06-09,0.16,0.16515889763832092
Quinault,2018-06-10,0.177,0.17778098583221436
Quinault,2018-06-11,0.156,0.1900777667760849
Quinault,2018-06-12,0.144,0.17370113730430603
Quinault,2018-06-13,0.183,0.1650565266609192
Quinault,2018-06-14,0.173,0.17042091488838196
Quinault,2018-06-15,0.164,0.1717224419116974
Quinault,2018-06-16,0.153,0.1686585396528244
Quinault,2018-06-17,0.14,0.14888383448123932
Quinault,2018-06-18,0.13,0.15844954550266266
Quinault,2018-06-19,0.121,0.14200647175312042
Quinault,2018-06-20,0.113,0.13401301205158234
Quinault,2018-06-21,0.107,0.11789222806692123
Quinault,2018-06-22,0.104,0.10961264371871948
Quinault,2018-06-23,0.097,0.10400119423866272
Quinault,2018-06-24,0.09,0.09202540665864944
Quinault,2018-06-25,0.088,0.10777314007282257
Quinault,2018-06-26,0.085,0.10712602734565735
Quinault,2018-06-27,0.081,0.10298436135053635
Quinault,2018-06-28,0.078,0.10200972110033035
Quinault,2018-06-29,0.076,0.10788119584321976
Quinault,2018-06-30,0.073,0.10848845541477203
Quinault,2018-07-01,0.075,0.11250285059213638
Quinault,2018-07-02,0.073,0.10333511233329773
Quinault,2018-07-03,0.069,0.0955737754702568
Quinault,2018-07-04,0.065,0.09487826377153397
Quinault,2018-07-05,0.063,0.08995191007852554
Quinault,2018-07-06,0.062,0.09562787413597107
Quinault,2018-07-07,0.07,0.10323066264390945
Quinault,2018-07-08,0.07,0.09984192252159119
Quinault,2018-07-09,0.067,0.1021987646818161
Quinault,2018-07-10,0.065,0.09116897732019424
Quinault,2018-07-11,0.061,0.08868001401424408
Quinault,2018-07-12,0.055,0.08878222107887268
Quinault,2018-07-13,0.051,0.09120511263608932
Quinault,2018-07-14,0.046,0.08891375362873077
Quinault,2018-07-15,0.042,0.08029557764530182
Quinault,2018-07-16,0.039,0.07573993504047394
Quinault,2018-07-17,0.036,0.07595759630203247
Quinault,2018-07-18,0.035,0.06273957341909409
Quinault,2018-07-19,0.034,0.0623970665037632
Quinault,2018-07-20,0.031,0.058410800993442535
Quinault,2018-07-21,0.03,0.0569167360663414
Quinault,2018-07-22,0.031,0.046423301100730896
Quinault,2018-07-23,0.029,0.04556448757648468
Quinault,2018-07-24,0.028,0.04315593093633652
Quinault,2018-07-25,0.026,0.04387185350060463
Quinault,2018-07-26,0.026,0.03871239349246025
Quinault,2018-07-27,0.025,0.037867553532123566
Quinault,2018-07-28,0.024,0.031783849000930786
Quinault,2018-07-29,0.024,0.03089628927409649
Quinault,2018-07-30,0.023,0.02917776256799698
Quinault,2018-07-31,0.022,0.02917776256799698
Quinault,2018-08-01,0.022,0.028173862025141716
Quinault,2018-08-02,0.021,0.03813342750072479
Quinault,2018-08-03,0.021,0.031069057062268257
Quinault,2018-08-04,0.022,0.03975702449679375
Quinault,2018-08-05,0.022,0.04094771295785904
Quinault,2018-08-06,0.021,0.042634159326553345
Quinault,2018-08-07,0.021,0.04094083234667778
Quinault,2018-08-08,0.023,0.03427128493785858
Quinault,2018-08-09,0.021,0.03445613384246826
Quinault,2018-08-10,0.024,0.03338465467095375
Quinault,2018-08-11,0.111,0.08271820098161697
Quinault,2018-08-12,0.131,0.11576361209154129
Quinault,2018-08-13,0.121,0.12001797556877136
Quinault,2018-08-14,0.115,0.121671162545681
Quinault,2018-08-15,0.11,0.11114699393510818
Quinault,2018-08-16,0.107,0.10613404214382172
Quinault,2018-08-17,0.103,0.10397136211395264
Quinault,2018-08-18,0.099,0.10352478176355362
Quinault,2018-08-19,0.095,0.10350107401609421
Quinault,2018-08-20,0.091,0.07583488523960114
Quinault,2018-08-21,0.088,0.0685620903968811
Quinault,2018-08-22,0.085,0.06201376020908356
Quinault,2018-08-23,0.081,0.05758790671825409
Quinault,2018-08-24,0.078,0.05758790671825409
Quinault,2018-08-25,0.076,0.054162923246622086
Quinault,2018-08-26,0.084,0.06920422613620758
Quinault,2018-08-27,0.1,0.07471249997615814
Quinault,2018-08-28,0.095,0.07527293264865875
Quinault,2018-08-29,0.09,0.07527293264865875
Quinault,2018-08-30,0.105,0.07598356157541275
Quinault,2018-08-31,0.143,0.07598356157541275
Quinault,2018-09-01,0.123,0.07565029710531235
Quinault,2018-09-02,0.111,0.07487369328737259
Quinault,2018-09-03,0.103,0.07474631816148758
Quinault,2018-09-04,0.096,0.05943814292550087
Quinault,2018-09-05,0.09,0.07100406289100647
Quinault,2018-09-06,0.085,0.09097636491060257
Quinault,2018-09-07,0.094,0.1072269156575203
Quinault,2018-09-08,0.158,0.12096849083900452
Quinault,2018-09-09,0.175,0.1872459501028061
Quinault,2018-09-10,0.186,0.1643361896276474
Quinault,2018-09-11,0.201,0.1886443942785263
Quinault,2018-09-12,0.174,0.19436541199684143
Quinault,2018-09-13,0.162,0.2065148800611496
Quinault,2018-09-14,0.162,0.2006961852312088
Quinault,2018-09-15,0.209,0.19366911053657532
Quinault,2018-09-16,0.204,0.1988609880208969
Quinault,2018-09-17,0.168,0.19109418988227844
Quinault,2018-09-18,0.155,0.18410389125347137
Quinault,2018-09-19,0.148,0.1991080641746521
Quinault,2018-09-20,0.161,0.186425119638443
Quinault,2018-09-21,0.201,0.1929701268672943
Quinault,2018-09-22,0.195,0.19756974279880524
Quinault,2018-09-23,0.166,0.18642650544643402
Quinault,2018-09-24,0.157,0.18284861743450165
Quinault,2018-09-25,0.149,0.1838127225637436
Quinault,2018-09-26,0.144,0.17572033405303955
Quinault,2018-09-27,0.139,0.1720031350851059
Quinault,2018-09-28,0.135,0.17338965833187103
Quinault,2018-09-29,0.133,0.17747466266155243
Quinault,2018-09-30,0.186,0.18743929266929626
Quinault,2018-10-01,0.201,0.19371238350868225
Quinault,2018-10-02,0.178,0.19371238350868225
Quinault,2018-10-03,0.163,0.18392880260944366
Quinault,2018-10-04,0.156,0.18433089554309845
Quinault,2018-10-05,0.175,0.18992885947227478
Quinault,2018-10-06,0.168,0.1877996176481247
Quinault,2018-10-07,0.188,0.19760487973690033
Quinault,2018-10-08,0.181,0.19776126742362976
Quinault,2018-10-09,0.175,0.19556494057178497
Quinault,2018-10-10,0.162,0.19204717874526978
Quinault,2018-10-11,0.154,0.17837417125701904
Quinault,2018-10-12,0.149,0.17359496653079987
Quinault,2018-10-13,0.145,0.1715623140335083
Quinault,2018-10-14,0.141,0.16852565109729767
Quinault,2018-10-15,0.137,0.15284007787704468
Quinault,2018-10-16,0.135,0.1367345154285431
Quinault,2018-10-17,0.131,0.13015535473823547
Quinault,2018-10-18,0.129,0.10818849503993988
Quinault,2018-10-19,0.127,0.09908709675073624
Quinault,2018-10-20,0.125,0.11109337955713272
Quinault,2018-10-21,0.122,0.11904441565275192
Quinault,2018-10-22,0.12,0.1452481746673584
Quinault,2018-10-23,0.12,0.12139800935983658
Quinault,2018-10-24,0.13,0.17706862092018127
Quinault,2018-10-25,0.21,0.2007361352443695
Quinault,2018-10-26,0.198,0.22071342170238495
Quinault,2018-10-28,0.208,0.22529776394367218
Quinault,2018-10-29,0.193,0.21415787935256958
Quinault,2018-10-30,0.181,0.2173146903514862
Quinault,2018-10-31,0.198,0.2217457890510559
Quinault,2018-11-01,0.226,0.24721163511276245
Quinault,2018-11-02,0.205,0.2381451278924942
Quinault,2018-11-03,0.219,0.22394496202468872
Quinault,2018-11-04,0.213,0.22110548615455627
Quinault,2018-11-05,0.21,0.21799308061599731
Quinault,2018-11-06,0.189,0.21909865736961365
Quinault,2018-11-07,0.176,0.1956552416086197
Quinault,2018-11-08,0.167,0.19018396735191345
Quinault,2018-11-09,0.171,0.18627144396305084
Quinault,2018-11-10,0.17,0.17932537198066711
Quinault,2018-11-11,0.164,0.1783565729856491
Quinault,2018-11-12,0.161,0.1804077923297882
Quinault,2018-11-13,0.169,0.18657241761684418
Quinault,2018-11-14,0.211,0.200591579079628
Quinault,2018-11-15,0.186,0.20478221774101257
Quinault,2018-11-16,0.193,0.20321087539196014
Quinault,2018-11-17,0.182,0.1921302229166031
Quinault,2018-11-18,0.181,0.1789616048336029
Quinault,2018-11-19,0.178,0.1752900928258896
Quinault,2018-11-20,0.176,0.1747945249080658
Quinault,2018-11-21,0.232,0.19642764329910278
Quinault,2018-11-22,0.239,0.20609816908836365
Quinault,2018-11-23,0.233,0.21025538444519043
Quinault,2018-11-24,0.2,0.19829261302947998
Quinault,2018-11-25,0.205,0.2135510891675949
Quinault,2018-11-26,0.266,0.21810360252857208
Quinault,2018-11-27,0.234,0.22144174575805664
Quinault,2018-11-28,0.216,0.22090475261211395
Quinault,2018-11-29,0.195,0.20530760288238525
Quinault,2018-11-30,0.215,0.22090475261211395
Quinault,2018-12-01,0.203,0.21617008745670319
Quinault,2018-12-02,0.191,0.18244987726211548
Quinault,2018-12-03,0.185,0.180952787399292
Quinault,2018-12-04,0.181,0.18015757203102112
Quinault,2018-12-05,0.183,0.18125802278518677
Quinault,2018-12-06,0.203,0.18555347621440887
Quinault,2018-12-07,0.202,0.19297972321510315
Quinault,2018-12-08,0.219,0.19831278920173645
Quinault,2018-12-09,0.234,0.21533645689487457
Quinault,2018-12-10,0.227,0.22181273996829987
Quinault,2018-12-11,0.251,0.2258361577987671
Quinault,2018-12-12,0.235,0.22659684717655182
Quinault,2018-12-13,0.254,0.22556106746196747
Quinault,2018-12-14,0.221,0.22556106746196747
Quinault,2018-12-15,0.213,0.22480037808418274
Quinault,2018-12-16,0.249,0.22480037808418274
Quinault,2018-12-17,0.245,0.22481249272823334
Quinault,2018-12-18,0.242,0.2243049442768097
Quinault,2018-12-19,0.211,0.22283761203289032
Quinault,2018-12-20,0.232,0.22283761203289032
Quinault,2018-12-21,0.203,0.2221956104040146
Quinault,2018-12-22,0.23,0.22137495875358582
Quinault,2018-12-23,0.235,0.21833811700344086
Quinault,2018-12-24,0.199,0.20009376108646393
Quinault,2018-12-25,0.189,0.21303366124629974
Quinault,2018-12-26,0.22,0.20858685672283173
Quinault,2018-12-27,0.199,0.19868312776088715
Quinault,2018-12-28,0.234,0.20933251082897186
Quinault,2018-12-29,0.252,0.21254585683345795
Quinault,2018-12-30,0.218,0.21558170020580292
Quinault,2018-12-31,0.195,0.19327129423618317
Quinault,2019-01-01,0.19,0.21551547944545746
Quinault,2019-01-02,0.208,0.23027954995632172
Quinault,2019-01-03,0.263,0.2431303709745407
Quinault,2019-01-04,0.222,0.2508092224597931
Quinault,2019-01-05,0.207,0.2474520355463028
Quinault,2019-01-06,0.236,0.24900084733963013
Quinault,2019-01-07,0.215,0.24744275212287903
Quinault,2019-01-08,0.225,0.24655209481716156
Quinault,2019-01-09,0.244,0.2363102287054062
Quinault,2019-01-10,0.232,0.24253574013710022
Quinault,2019-01-11,0.205,0.21813808381557465
Quinault,2019-01-12,0.194,0.22090807557106018
Quinault,2019-01-13,0.189,0.21927298605442047
Quinault,2019-01-14,0.186,0.20368963479995728
Quinault,2019-01-15,0.184,0.19488170742988586
Quinault,2019-01-16,0.186,0.20397339761257172
Quinault,2019-01-17,0.243,0.2216629832983017
Quinault,2019-01-18,0.24,0.23770001530647278
Quinault,2019-01-19,0.23,0.2423870712518692
Quinault,2019-01-20,0.2,0.2269170880317688
Quinault,2019-01-21,0.192,0.22186970710754395
Quinault,2019-01-22,0.245,0.24284709990024567
Quinault,2019-01-23,0.224,0.24162721633911133
Quinault,2019-01-24,0.202,0.22539345920085907
Quinault,2019-01-25,0.195,0.22143255174160004
Quinault,2019-01-26,0.19,0.21325881779193878
Quinault,2019-01-27,0.19,0.20382247865200043
Quinault,2019-01-28,0.189,0.1966497004032135
Quinault,2019-01-29,0.188,0.20263880491256714
Quinault,2019-01-30,0.185,0.20241893827915192
Quinault,2019-01-31,0.186,0.2026306390762329
Quinault,2019-02-01,0.251,0.2185140997171402
Quinault,2019-02-02,0.217,0.22982211410999298
Quinault,2019-02-03,0.204,0.2292497158050537
Quinault,2019-02-04,0.209,0.23727922141551971
Quinault,2019-02-05,0.206,0.2017032355070114
Quinault,2019-02-06,0.197,0.2005499303340912
Quinault,2019-02-07,0.192,0.2148127257823944
Quinault,2019-02-08,0.191,0.2305831015110016
Quinault,2019-02-09,0.197,0.23179367184638977
Quinault,2019-02-10,0.199,0.22287622094154358
Quinault,2019-02-11,0.202,0.24160051345825195
Quinault,2019-02-12,0.218,0.2335830181837082
Quinault,2019-02-13,0.214,0.23364508152008057
Quinault,2019-02-14,0.219,0.23364508152008057
Quinault,2019-02-15,0.224,0.2393317073583603
Quinault,2019-02-16,0.214,0.2389252483844757
Quinault,2019-02-17,0.216,0.23285217583179474
Quinault,2019-02-18,0.214,0.24191799759864807
Quinault,2019-02-19,0.23,0.24147526919841766
Quinault,2019-02-20,0.231,0.23392805457115173
Quinault,2019-02-21,0.234,0.22599263489246368
Quinault,2019-02-22,0.235,0.23711100220680237
Quinault,2019-02-23,0.245,0.22711890935897827
Quinault,2019-02-24,0.234,0.2212059199810028
Quinault,2019-02-25,0.214,0.2303374856710434
Quinault,2019-02-26,0.216,0.22111746668815613
Quinault,2019-02-27,0.207,0.22425729036331177
Quinault,2019-02-28,0.208,0.2062012106180191
Quinault,2019-03-01,0.2,0.19414019584655762
Quinault,2019-03-02,0.195,0.18793003261089325
Quinault,2019-03-03,0.191,0.1793677657842636
Quinault,2019-03-04,0.187,0.16118261218070984
Quinault,2019-03-05,0.183,0.15672741830348969
Quinault,2019-03-06,0.18,0.15521007776260376
Quinault,2019-03-07,0.195,0.158040851354599
Quinault,2019-03-08,0.206,0.16558898985385895
Quinault,2019-03-09,0.197,0.17022919654846191
Quinault,2019-03-10,0.19,0.16935081779956818
Quinault,2019-03-11,0.208,0.1839035302400589
Quinault,2019-03-12,0.228,0.1988861858844757
Quinault,2019-03-13,0.207,0.19526056945323944
Quinault,2019-03-14,0.198,0.20242802798748016
Quinault,2019-03-15,0.193,0.18991126120090485
Quinault,2019-03-16,0.189,0.1791469305753708
Quinault,2019-03-17,0.186,0.17647184431552887
Quinault,2019-03-18,0.182,0.16383624076843262
Quinault,2019-03-19,0.177,0.17389722168445587
Quinault,2019-03-20,0.173,0.1709827184677124
Quinault,2019-03-21,0.169,0.17153093218803406
Quinault,2019-03-22,0.18,0.17415204644203186
Quinault,2019-03-23,0.201,0.18296484649181366
Quinault,2019-03-24,0.19,0.1822490245103836
Quinault,2019-03-25,0.203,0.2040465921163559
Quinault,2019-03-26,0.227,0.20519113540649414
Quinault,2019-03-27,0.199,0.2090936005115509
Quinault,2019-03-28,0.191,0.2020246535539627
Quinault,2019-03-29,0.188,0.20266412198543549
Quinault,2019-03-30,0.187,0.18844488263130188
Quinault,2019-03-31,0.186,0.18304549157619476
Quinault,2019-04-01,0.183,0.18447840213775635
Quinault,2019-04-02,0.179,0.18363603949546814
Quinault,2019-04-03,0.242,0.19891628623008728
Quinault,2019-04-04,0.215,0.20220600068569183
Quinault,2019-04-05,0.244,0.21148069202899933
Quinault,2019-04-06,0.252,0.23332557082176208
Quinault,2019-04-07,0.225,0.23687687516212463
Quinault,2019-04-08,0.226,0.240561842918396
Quinault,2019-04-09,0.217,0.24845227599143982
Quinault,2019-04-10,0.228,0.24265727400779724
Quinault,2019-04-11,0.233,0.23668168485164642
Quinault,2019-04-12,0.219,0.2261543869972229
Quinault,2019-04-13,0.236,0.22241877019405365
Quinault,2019-04-14,0.237,0.22977374494075775
Quinault,2019-04-15,0.213,0.22574809193611145
Quinault,2019-04-16,0.214,0.22628045082092285
Quinault,2019-04-17,0.234,0.22432100772857666
Quinault,2019-04-18,0.233,0.22916986048221588
Quinault,2019-04-19,0.227,0.2319120615720749
Quinault,2019-04-20,0.206,0.21906054019927979
Quinault,2019-04-21,0.196,0.21605536341667175
Quinault,2019-04-22,0.218,0.21796780824661255
Quinault,2019-04-23,0.223,0.22684700787067413
Quinault,2019-04-24,0.201,0.22593286633491516
Quinault,2019-04-25,0.191,0.22182245552539825
Quinault,2019-04-26,0.183,0.2113305628299713
Quinault,2019-04-27,0.178,0.19540870189666748
Quinault,2019-04-28,0.174,0.19452938437461853
Quinault,2019-04-29,0.168,0.19506722688674927
Quinault,2019-04-30,0.163,0.19057917594909668
Quinault,2019-05-01,0.157,0.17879244685173035
Quinault,2019-05-02,0.151,0.16394315659999847
Quinault,2019-05-03,0.144,0.14625564217567444
Quinault,2019-05-04,0.135,0.1351953148841858
Quinault,2019-05-05,0.128,0.1274174451828003
Quinault,2019-05-06,0.119,0.14612872898578644
Quinault,2019-05-07,0.11,0.12416142225265503
Quinault,2019-05-08,0.103,0.10157410055398941
Quinault,2019-05-09,0.095,0.10157410055398941
Quinault,2019-05-10,0.087,0.09913964569568634
Quinault,2019-05-11,0.08,0.09628312289714813
Quinault,2019-05-12,0.076,0.09861847758293152
Quinault,2019-05-13,0.073,0.10262732207775116
Quinault,2019-05-14,0.141,0.11972905695438385
Quinault,2019-05-15,0.185,0.14939860999584198
Quinault,2019-05-16,0.197,0.1734006404876709
Quinault,2019-05-17,0.188,0.1943967193365097
Quinault,2019-05-18,0.189,0.20203208923339844
Quinault,2019-05-19,0.185,0.190703883767128
Quinault,2019-05-20,0.195,0.19749397039413452
Quinault,2019-05-21,0.191,0.1967548429965973
Quinault,2019-05-22,0.182,0.19276754558086395
Quinault,2019-05-23,0.168,0.18224862217903137
Quinault,2019-05-24,0.16,0.18139998614788055
Quinault,2019-05-25,0.173,0.17784081399440765
Quinault,2019-05-26,0.182,0.17492230236530304
Quinault,2019-05-27,0.171,0.17713241279125214
Quinault,2019-05-28,0.163,0.16663354635238647
Quinault,2019-05-29,0.156,0.1630193293094635
Quinault,2019-05-30,0.147,0.14763936400413513
Quinault,2019-05-31,0.145,0.1471838653087616
Quinault,2019-06-01,0.184,0.13189856708049774
Quinault,2019-06-02,0.178,0.12464147061109543
Quinault,2019-06-03,0.168,0.12678666412830353
Quinault,2019-06-04,0.157,0.10421572625637054
Quinault,2019-06-05,0.156,0.1038258746266365
Quinault,2019-06-06,0.175,0.12014572322368622
Quinault,2019-06-07,0.256,0.17813605070114136
Quinault,2019-06-08,0.239,0.1745072454214096
Quinault,2019-06-09,0.222,0.18015509843826294
Quinault,2019-06-10,0.209,0.15773066878318787
Quinault,2019-06-11,0.196,0.14395388960838318
Quinault,2019-06-12,0.184,0.14548151195049286
Quinault,2019-06-13,0.172,0.1483798772096634
Quinault,2019-06-14,0.164,0.14898957312107086
Quinault,2019-06-15,0.156,0.14452475309371948
Quinault,2019-06-16,0.148,0.14130935072898865
Quinault,2019-06-17,0.141,0.12311546504497528
Quinault,2019-06-18,0.135,0.11641743034124374
Quinault,2019-06-19,0.13,0.10304485261440277
Quinault,2019-06-20,0.127,0.12429602444171906
Quinault,2019-06-21,0.124,0.12350868433713913
Quinault,2019-06-22,0.121,0.11720290035009384
Quinault,2019-06-23,0.117,0.11577453464269638
Quinault,2019-06-24,0.114,0.10535271465778351
Quinault,2019-06-25,0.112,0.10021958500146866
Quinault,2019-06-26,0.127,0.1358502209186554
Quinault,2019-06-27,0.216,0.17386864125728607
Quinault,2019-06-28,0.211,0.18848417699337006
Quinault,2019-06-29,0.19,0.18667539954185486
Quinault,2019-06-30,0.176,0.17570006847381592
Quinault,2019-07-01,0.164,0.16452984511852264
Quinault,2019-07-02,0.157,0.16706454753875732
Quinault,2019-07-03,0.152,0.1640053242444992
Quinault,2019-07-04,0.144,0.1608952283859253
Quinault,2019-07-05,0.14,0.1515001356601715
Quinault,2019-07-06,0.136,0.14733479917049408
Quinault,2019-07-07,0.132,0.1455337107181549
Quinault,2019-07-08,0.13,0.14589393138885498
Quinault,2019-07-09,0.14,0.15735098719596863
Quinault,2019-07-10,0.242,0.1939033567905426
Quinault,2019-07-11,0.232,0.22495247423648834
Quinault,2019-07-12,0.212,0.23451301455497742
Quinault,2019-07-13,0.199,0.22102315723896027
Quinault,2019-07-14,0.189,0.2011052817106247
Quinault,2019-07-15,0.181,0.20203691720962524
Quinault,2019-07-16,0.176,0.20457801222801208
Quinault,2019-07-17,0.236,0.22488558292388916
Quinault,2019-07-18,0.236,0.24222205579280853
Quinault,2019-07-19,0.224,0.21270805597305298
Quinault,2019-07-20,0.213,0.21047134697437286
Quinault,2019-07-21,0.203,0.19189730286598206
Quinault,2019-07-22,0.194,0.18528659641742706
Quinault,2019-07-23,0.187,0.18997536599636078
Quinault,2019-07-24,0.182,0.19360323250293732
Quinault,2019-07-25,0.174,0.18648239970207214
Quinault,2019-07-26,0.166,0.17517727613449097
Quinault,2019-07-27,0.194,0.1712764948606491
Quinault,2019-07-28,0.187,0.17590242624282837
Quinault,2019-07-29,0.177,0.16908951103687286
Quinault,2019-07-30,0.169,0.16406117379665375
Quinault,2019-07-31,0.162,0.16183088719844818
Quinault,2019-08-01,0.165,0.16473624110221863
Quinault,2019-08-02,0.245,0.1927189826965332
Quinault,2019-08-03,0.218,0.2091943621635437
Quinault,2019-08-04,0.206,0.2103998363018036
Quinault,2019-08-05,0.197,0.19730126857757568
Quinault,2019-08-06,0.19,0.177573561668396
Quinault,2019-08-07,0.186,0.16954445838928223
Quinault,2019-08-08,0.183,0.17439182102680206
Quinault,2019-08-09,0.179,0.17591391503810883
Quinault,2019-08-10,0.198,0.179989755153656
Quinault,2019-08-11,0.226,0.18778926134109497
Quinault,2019-08-12,0.243,0.1934538185596466
Quinault,2019-08-13,0.225,0.1851377636194229
Quinault,2019-08-14,0.212,0.17324712872505188
Quinault,2019-08-15,0.204,0.16919371485710144
Quinault,2019-08-16,0.197,0.16937890648841858
Quinault,2019-08-17,0.19,0.16678626835346222
Quinault,2019-08-18,0.183,0.163888618350029
Quinault,2019-08-19,0.177,0.15203255414962769
Quinault,2019-08-20,0.171,0.14589321613311768
Quinault,2019-08-21,0.245,0.17853552103042603
Quinault,2019-08-22,0.238,0.19896690547466278
Quinault,2019-08-23,0.226,0.19769972562789917
Quinault,2019-08-24,0.217,0.20432738959789276
Quinault,2019-08-25,0.208,0.18310822546482086
Quinault,2019-08-26,0.199,0.16275055706501007
Quinault,2019-08-27,0.191,0.16242681443691254
Quinault,2019-08-28,0.183,0.16242681443691254
Quinault,2019-08-29,0.177,0.16311900317668915
Quinault,2019-08-30,0.175,0.15392084419727325
Quinault,2019-08-31,0.178,0.17455023527145386
Quinault,2019-09-01,0.18,0.18128065764904022
Quinault,2019-09-02,0.178,0.18415120244026184
Quinault,2019-09-03,0.176,0.17115181684494019
Quinault,2019-09-04,0.174,0.16515286266803741
Quinault,2019-09-05,0.171,0.16515286266803741
Quinault,2019-09-06,0.168,0.16515286266803741
Quinault,2019-09-07,0.168,0.1660141944885254
Quinault,2019-09-08,0.197,0.17353206872940063
Quinault,2019-09-09,0.232,0.19968712329864502
Quinault,2019-09-10,0.23,0.2177121937274933
Quinault,2019-09-11,0.22,0.2230118364095688
Quinault,2019-09-12,0.233,0.22791582345962524
Quinault,2019-09-13,0.269,0.25096696615219116
Quinault,2019-09-14,0.278,0.265359491109848
Quinault,2019-09-15,0.268,0.26907840371131897
Quinault,2019-09-16,0.264,0.2596248388290405
Quinault,2019-09-17,0.277,0.25202620029449463
Quinault,2019-09-18,0.258,0.24075299501419067
Quinault,2019-09-19,0.25,0.22094805538654327
Quinault,2019-09-20,0.242,0.21542289853096008
Quinault,2019-09-21,0.236,0.2156166434288025
Quinault,2019-09-22,0.265,0.21290670335292816
Quinault,2019-09-23,0.268,0.22837305068969727
Quinault,2019-09-24,0.259,0.23841343820095062
Quinault,2019-09-25,0.243,0.2339307814836502
Quinault,2019-09-26,0.26,0.24153828620910645
Quinault,2019-09-27,0.243,0.23791170120239258
Quinault,2019-09-28,0.235,0.23632463812828064
Quinault,2019-09-29,0.229,0.2397022843360901
Quinault,2019-09-30,0.223,0.22438944876194
Quinault,2019-10-01,0.217,0.2200477421283722
Quinault,2019-10-02,0.213,0.2220374345779419
Quinault,2019-10-03,0.251,0.2399347424507141
Quinault,2019-10-04,0.273,0.25140681862831116
Quinault,2019-10-05,0.253,0.25182750821113586
Quinault,2019-10-06,0.243,0.2441275715827942
Quinault,2019-10-07,0.264,0.24977143108844757
Quinault,2019-10-08,0.265,0.24593546986579895
Quinault,2019-10-09,0.247,0.23725192248821259
Quinault,2019-10-10,0.238,0.23331421613693237
Quinault,2019-10-11,0.232,0.22433358430862427
Quinault,2019-10-12,0.229,0.21018710732460022
Quinault,2019-10-13,0.226,0.20590642094612122
Quinault,2019-10-14,0.222,0.20441247522830963
Quinault,2019-10-15,0.236,0.21461640298366547
Quinault,2019-10-16,0.286,0.2518700659275055
Quinault,2019-10-17,0.293,0.2536654770374298
Quinault,2019-10-18,0.289,0.2540331184864044
Quinault,2019-10-19,0.276,0.2572000324726105
Quinault,2019-10-20,0.275,0.25772833824157715
Quinault,2019-10-21,0.309,0.2525602877140045
Quinault,2019-10-22,0.268,0.2442544847726822
Quinault,2019-10-23,0.253,0.23623524606227875
Quinault,2019-10-24,0.247,0.2349439412355423
Quinault,2019-10-25,0.246,0.23201385140419006
Quinault,2019-10-27,0.235,0.2028421014547348
Quinault,2019-10-28,0.231,0.19458837807178497
Quinault,2019-10-29,0.227,0.20362481474876404
Quinault,2019-10-30,0.224,0.2036777138710022
Quinault,2019-10-31,0.221,0.2036777138710022
Quinault,2019-11-01,0.22,0.19944028556346893
Quinault,2019-11-02,0.218,0.1933773159980774
Quinault,2019-11-03,0.216,0.19198909401893616
Quinault,2019-11-04,0.215,0.19237269461154938
Quinault,2019-11-05,0.215,0.1883072853088379
Quinault,2019-11-06,0.214,0.1901138722896576
Quinault,2019-11-07,0.213,0.19281740486621857
Quinault,2019-11-08,0.212,0.19404999911785126
Quinault,2019-11-09,0.245,0.21662023663520813
Quinault,2019-11-10,0.25,0.23475952446460724
Quinault,2019-11-11,0.243,0.23029597103595734
Quinault,2019-11-12,0.257,0.24021661281585693
Quinault,2019-11-13,0.249,0.24399206042289734
Quinault,2019-11-14,0.244,0.24956081807613373
Quinault,2019-11-15,0.278,0.26403534412384033
Quinault,2019-11-16,0.276,0.2710420489311218
Quinault,2019-11-17,0.291,0.2736276388168335
Quinault,2019-11-18,0.274,0.27046483755111694
Quinault,2019-11-19,0.274,0.2693445384502411
Quinault,2019-11-20,0.253,0.2586049437522888
Quinault,2019-11-21,0.247,0.25355276465415955
Quinault,2019-11-22,0.243,0.25300636887550354
Quinault,2019-11-23,0.265,0.26196524500846863
Quinault,2019-11-24,0.272,0.26812195777893066
Quinault,2019-11-25,0.264,0.28282424807548523
Quinault,2019-11-26,0.253,0.26122328639030457
Quinault,2019-11-27,0.248,0.24719692766666412
Quinault,2019-11-28,0.242,0.23637357354164124
Quinault,2019-11-29,0.239,0.24576109647750854
Quinault,2019-11-30,0.287,0.24742305278778076
Quinault,2019-12-01,0.272,0.2587507665157318
Quinault,2019-12-02,0.258,0.2515999376773834
Quinault,2019-12-03,0.271,0.2627550959587097
Quinault,2019-12-04,0.276,0.26335573196411133
Quinault,2019-12-05,0.257,0.2505916953086853
Quinault,2019-12-06,0.262,0.25738176703453064
Quinault,2019-12-07,0.282,0.2618522644042969
Quinault,2019-12-08,0.258,0.25760531425476074
Quinault,2019-12-09,0.251,0.2536683976650238
Quinault,2019-12-10,0.266,0.25837942957878113
Quinault,2019-12-11,0.284,0.26991528272628784
Quinault,2019-12-12,0.298,0.2642422020435333
Quinault,2019-12-13,0.28,0.2634076178073883
Quinault,2019-12-14,0.261,0.2766568958759308
Quinault,2019-12-15,0.253,0.2746466398239136
Quinault,2019-12-16,0.276,0.2787664234638214
Quinault,2019-12-17,0.264,0.26478418707847595
Quinault,2019-12-18,0.28,0.2801017165184021
Quinault,2019-12-19,0.308,0.27991315722465515
Quinault,2019-12-20,0.309,0.2869487404823303
Quinault,2019-12-21,0.288,0.2902723252773285
Quinault,2019-12-22,0.274,0.28674042224884033
Quinault,2019-12-23,0.263,0.2678070068359375
Quinault,2019-12-24,0.267,0.268192857503891
Quinault,2019-12-25,0.27,0.25901663303375244
Quinault,2019-12-26,0.262,0.2581864297389984
Quinault,2019-12-27,0.274,0.250357985496521
Quinault,2019-12-28,0.265,0.25931698083877563
Quinault,2019-12-29,0.276,0.263654887676239
Quinault,2019-12-30,0.27,0.26302286982536316
Quinault,2019-12-31,0.325,0.27444085478782654
Quinault,2020-01-01,0.3,0.29360875487327576
Quinault,2020-01-02,0.29,0.28361037373542786
Quinault,2020-01-03,0.307,0.28782138228416443
Quinault,2020-01-04,0.299,0.2871747314929962
Quinault,2020-01-05,0.3,0.28693148493766785
Quinault,2020-01-06,0.361,0.29772281646728516
Quinault,2020-01-07,0.329,0.29684850573539734
Quinault,2020-01-08,0.289,0.2973102927207947
Quinault,2020-01-09,0.276,0.29785382747650146
Quinault,2020-01-10,0.319,0.29785382747650146
Quinault,2020-01-11,0.309,0.2961474061012268
Quinault,2020-01-12,0.319,0.297574907541275
Quinault,2020-01-13,0.28,0.29554176330566406
Quinault,2020-01-14,0.274,0.29306817054748535
Quinault,2020-01-15,0.288,0.29193052649497986
Quinault,2020-01-16,0.292,0.2879524230957031
Quinault,2020-01-17,0.273,0.2907436490058899
Quinault,2020-01-18,0.311,0.2932222783565521
Quinault,2020-01-19,0.301,0.2946370244026184
Quinault,2020-01-20,0.292,0.28849703073501587
Quinault,2020-01-21,0.325,0.2980723977088928
Quinault,2020-01-22,0.321,0.29680314660072327
Quinault,2020-01-23,0.361,0.29918473958969116
Quinault,2020-01-24,0.319,0.29831042885780334
Quinault,2020-01-25,0.292,0.2987598478794098
Quinault,2020-01-26,0.321,0.29795289039611816
Quinault,2020-01-27,0.308,0.2971018850803375
Quinault,2020-01-28,0.302,0.29759666323661804
Quinault,2020-01-29,0.309,0.29850947856903076
Quinault,2020-01-30,0.305,0.29710108041763306
Quinault,2020-01-31,0.347,0.29768306016921997
Quinault,2020-02-01,0.316,0.29367128014564514
Quinault,2020-02-02,0.287,0.2915242314338684
Quinault,2020-02-03,0.283,0.27428603172302246
Quinault,2020-02-04,0.298,0.29373830556869507
Quinault,2020-02-05,0.316,0.2921627461910248
Quinault,2020-02-06,0.326,0.2906251549720764
Quinault,2020-02-07,0.318,0.2943767309188843
Quinault,2020-02-08,0.293,0.2917787730693817
Quinault,2020-02-09,0.265,0.275555819272995
Quinault,2020-02-10,0.258,0.2730232775211334
Quinault,2020-02-11,0.255,0.26294398307800293
Quinault,2020-02-12,0.255,0.24766917526721954
Quinault,2020-02-13,0.276,0.2575305700302124
Quinault,2020-02-14,0.291,0.260303795337677
Quinault,2020-02-15,0.305,0.2784978151321411
Quinault,2020-02-16,0.288,0.2833794355392456
Quinault,2020-02-17,0.275,0.2794952392578125
Quinault,2020-02-18,0.261,0.26165783405303955
Quinault,2020-02-19,0.255,0.23747792840003967
Quinault,2020-02-20,0.25,0.23247197270393372
Quinault,2020-02-21,0.247,0.22374874353408813
Quinault,2020-02-22,0.272,0.23131532967090607
Quinault,2020-02-23,0.306,0.26221197843551636
Quinault,2020-02-24,0.273,0.27733534574508667
Quinault,2020-02-25,0.26,0.2775503396987915
Quinault,2020-02-26,0.26,0.2636828124523163
Quinault,2020-02-27,0.253,0.22951020300388336
Quinault,2020-02-28,0.271,0.24065476655960083
Quinault,2020-02-29,0.291,0.25402456521987915
Quinault,2020-03-01,0.265,0.2615284323692322
Quinault,2020-03-02,0.289,0.26336538791656494
Quinault,2020-03-03,0.296,0.26905831694602966
Quinault,2020-03-04,0.28,0.270042359828949
Quinault,2020-03-05,0.286,0.2760784327983856
Quinault,2020-03-06,0.28,0.2726541757583618
Quinault,2020-03-07,0.283,0.27066561579704285
Quinault,2020-03-08,0.266,0.2609846293926239
Quinault,2020-03-09,0.258,0.24612198770046234
Quinault,2020-03-10,0.272,0.25154832005500793
Quinault,2020-03-11,0.28,0.24759165942668915
Quinault,2020-03-12,0.26,0.2412298619747162
Quinault,2020-03-13,0.271,0.24420948326587677
Quinault,2020-03-14,0.263,0.2313070446252823
Quinault,2020-03-15,0.255,0.2377035915851593
Quinault,2020-03-16,0.249,0.24327297508716583
Quinault,2020-03-17,0.244,0.24324357509613037
Quinault,2020-03-18,0.24,0.24260319769382477
Quinault,2020-03-19,0.236,0.22644098103046417
Quinault,2020-03-20,0.233,0.21178416907787323
Quinault,2020-03-21,0.23,0.19639526307582855
Quinault,2020-03-22,0.227,0.21213948726654053
Quinault,2020-03-23,0.283,0.26579955220222473
Quinault,2020-03-24,0.288,0.26664718985557556
Quinault,2020-03-25,0.266,0.26693567633628845
Quinault,2020-03-26,0.263,0.26857951283454895
Quinault,2020-03-27,0.295,0.2762320935726166
Quinault,2020-03-28,0.314,0.2931719124317169
Quinault,2020-03-29,0.299,0.2951417565345764
Quinault,2020-03-30,0.306,0.29656124114990234
Quinault,2020-03-31,0.291,0.29587334394454956
Quinault,2020-04-01,0.28,0.2864852547645569
Quinault,2020-04-02,0.271,0.27851009368896484
Quinault,2020-04-03,0.274,0.2715746760368347
Quinault,2020-04-04,0.266,0.2557971477508545
Quinault,2020-04-05,0.256,0.24680572748184204
Quinault,2020-04-06,0.249,0.24547775089740753
Quinault,2020-04-07,0.242,0.2401193082332611
Quinault,2020-04-08,0.236,0.21655355393886566
Quinault,2020-04-09,0.231,0.21655355393886566
Quinault,2020-04-10,0.226,0.2159331887960434
Quinault,2020-04-11,0.221,0.21690493822097778
Quinault,2020-04-12,0.215,0.21690493822097778
Quinault,2020-04-13,0.207,0.21690493822097778
Quinault,2020-04-14,0.201,0.21085253357887268
Quinault,2020-04-15,0.196,0.19297055900096893
Quinault,2020-04-16,0.189,0.1818695217370987
Quinault,2020-04-17,0.183,0.16971245408058167
Quinault,2020-04-18,0.179,0.1557454764842987
Quinault,2020-04-19,0.177,0.17428648471832275
Quinault,2020-04-20,0.173,0.17073802649974823
Quinault,2020-04-21,0.171,0.16023318469524384
Quinault,2020-04-22,0.244,0.1999572068452835
Quinault,2020-04-23,0.259,0.2536547780036926
Quinault,2020-04-24,0.24,0.2596674859523773
Quinault,2020-04-25,0.268,0.2729804515838623
Quinault,2020-04-26,0.265,0.26556596159935
Quinault,2020-04-27,0.29,0.27056077122688293
Quinault,2020-04-28,0.259,0.26600921154022217
Quinault,2020-04-29,0.264,0.2698237895965576
Quinault,2020-04-30,0.287,0.2761091887950897
Quinault,2020-05-01,0.262,0.2791539430618286
Quinault,2020-05-02,0.284,0.28540781140327454
Quinault,2020-05-03,0.275,0.27828916907310486
Quinault,2020-05-04,0.26,0.2684602439403534
Quinault,2020-05-05,0.262,0.2678971588611603
Quinault,2020-05-06,0.275,0.2668566107749939
Quinault,2020-05-07,0.251,0.24745580554008484
Quinault,2020-05-08,0.237,0.24060870707035065
Quinault,2020-05-09,0.225,0.220047727227211
Quinault,2020-05-10,0.214,0.19848716259002686
Quinault,2020-05-11,0.209,0.20444752275943756
Quinault,2020-05-12,0.264,0.2318400889635086
Quinault,2020-05-13,0.285,0.24848531186580658
Quinault,2020-05-14,0.26,0.2641797661781311
Quinault,2020-05-15,0.245,0.25269946455955505
Quinault,2020-05-16,0.267,0.2695695757865906
Quinault,2020-05-17,0.268,0.26769930124282837
Quinault,2020-05-18,0.257,0.26752325892448425
Quinault,2020-05-19,0.252,0.2585531175136566
Quinault,2020-05-20,0.241,0.253855437040329
Quinault,2020-05-21,0.267,0.25372013449668884
Quinault,2020-05-22,0.271,0.25439736247062683
Quinault,2020-05-23,0.252,0.24748454988002777
Quinault,2020-05-24,0.241,0.2550756335258484
Quinault,2020-05-25,0.266,0.25617915391921997
Quinault,2020-05-26,0.253,0.2467883825302124
Quinault,2020-05-27,0.237,0.24221590161323547
Quinault,2020-05-28,0.225,0.22971375286579132
Quinault,2020-05-29,0.212,0.20889191329479218
Quinault,2020-05-30,0.221,0.20222412049770355
Quinault,2020-05-31,0.241,0.19589924812316895
Quinault,2020-06-01,0.226,0.1932811588048935
Quinault,2020-06-02,0.215,0.1892550140619278
Quinault,2020-06-03,0.209,0.19000254571437836
Quinault,2020-06-04,0.201,0.19136278331279755
Quinault,2020-06-05,0.194,0.18685978651046753
Quinault,2020-06-06,0.207,0.2004571110010147
Quinault,2020-06-07,0.242,0.2091652899980545
Quinault,2020-06-08,0.235,0.22201386094093323
Quinault,2020-06-09,0.289,0.24581462144851685
Quinault,2020-06-10,0.263,0.2602148652076721
Quinault,2020-06-11,0.251,0.25572606921195984
Quinault,2020-06-12,0.272,0.26570913195610046
Quinault,2020-06-13,0.272,0.26359298825263977
Quinault,2020-06-14,0.256,0.255715012550354
Quinault,2020-06-15,0.278,0.26681825518608093
Quinault,2020-06-16,0.265,0.2663184702396393
Quinault,2020-06-17,0.253,0.2451448291540146
Quinault,2020-06-18,0.241,0.22570759057998657
Quinault,2020-06-19,0.23,0.22148218750953674
Quinault,2020-06-20,0.265,0.23051871359348297
Quinault,2020-06-21,0.258,0.22832728922367096
Quinault,2020-06-22,0.241,0.22249332070350647
Quinault,2020-06-23,0.228,0.22050240635871887
Quinault,2020-06-24,0.218,0.20344071090221405
Quinault,2020-06-25,0.207,0.19708915054798126
Quinault,2020-06-26,0.195,0.19345641136169434
Quinault,2020-06-27,0.186,0.193391814827919
Quinault,2020-06-28,0.182,0.19041819870471954
Quinault,2020-06-29,0.177,0.1909276843070984
Quinault,2020-06-30,0.172,0.1821460872888565
Quinault,2020-07-01,0.17,0.18088655173778534
Quinault,2020-07-02,0.169,0.18592172861099243
Quinault,2020-07-03,0.188,0.18997493386268616
Quinault,2020-07-04,0.184,0.19249306619167328
Quinault,2020-07-05,0.177,0.18465213477611542
Quinault,2020-07-06,0.171,0.17452238500118256
Quinault,2020-07-07,0.168,0.17388787865638733
Quinault,2020-07-08,0.165,0.18043391406536102
Quinault,2020-07-09,0.166,0.1971774846315384
Quinault,2020-07-10,0.168,0.19864238798618317
Quinault,2020-07-11,0.174,0.21697114408016205
Quinault,2020-07-12,0.226,0.2295064628124237
Quinault,2020-07-13,0.205,0.21352052688598633
Quinault,2020-07-14,0.189,0.19877402484416962
Quinault,2020-07-15,0.176,0.17952556908130646
Quinault,2020-07-16,0.166,0.1649087369441986
Quinault,2020-07-17,0.159,0.15329426527023315
Quinault,2020-07-18,0.152,0.15243977308273315
Quinault,2020-07-19,0.146,0.13693206012248993
Quinault,2020-07-20,0.14,0.13527566194534302
Quinault,2020-07-21,0.135,0.13374748826026917
Quinault,2020-07-22,0.131,0.12297502160072327
Quinault,2020-07-23,0.128,0.11692523211240768
Quinault,2020-07-24,0.124,0.11317621171474457
Quinault,2020-07-25,0.121,0.09669680148363113
Quinault,2020-07-26,0.117,0.09137943387031555
Quinault,2020-07-27,0.114,0.09338805079460144
Quinault,2020-07-28,0.111,0.09221605211496353
Quinault,2020-07-29,0.109,0.09062004834413528
Quinault,2020-07-30,0.107,0.08810336142778397
Quinault,2020-07-31,0.105,0.08500213176012039
Quinault,2020-08-01,0.105,0.08138299733400345
Quinault,2020-08-02,0.104,0.08138299733400345
Quinault,2020-08-03,0.103,0.09483517706394196
Quinault,2020-08-04,0.102,0.10379069298505783
Quinault,2020-08-05,0.102,0.09809455275535583
Quinault,2020-08-06,0.131,0.10920999944210052
Quinault,2020-08-07,0.13,0.11285267025232315
Quinault,2020-08-08,0.128,0.11423439532518387
Quinault,2020-08-09,0.124,0.11823374032974243
Quinault,2020-08-10,0.12,0.11688759177923203
Quinault,2020-08-11,0.115,0.09927739948034286
Quinault,2020-08-12,0.112,0.09062311798334122
Quinault,2020-08-13,0.108,0.08336169272661209
Quinault,2020-08-14,0.107,0.08305946737527847
Quinault,2020-08-15,0.104,0.08201891928911209
Quinault,2020-08-16,0.102,0.08162596076726913
Quinault,2020-08-17,0.101,0.06808728724718094
Quinault,2020-08-18,0.099,0.07653208822011948
Quinault,2020-08-19,0.098,0.07576988637447357
Quinault,2020-08-20,0.169,0.14098051190376282
Quinault,2020-08-21,0.216,0.17823871970176697
Quinault,2020-08-22,0.214,0.18786300718784332
Quinault,2020-08-23,0.201,0.2074863463640213
Quinault,2020-08-24,0.194,0.20486359298229218
Quinault,2020-08-25,0.187,0.18407541513442993
Quinault,2020-08-26,0.181,0.17446660995483398
Quinault,2020-08-27,0.175,0.17604072391986847
Quinault,2020-08-28,0.17,0.1759909987449646
Quinault,2020-08-29,0.166,0.17705972492694855
Quinault,2020-08-30,0.16,0.17062221467494965
Quinault,2020-08-31,0.156,0.1607200801372528
Quinault,2020-09-01,0.153,0.15632005035877228
Quinault,2020-09-02,0.149,0.14632821083068848
Quinault,2020-09-03,0.145,0.15531066060066223
Quinault,2020-09-04,0.142,0.15531066060066223
Quinault,2020-09-05,0.14,0.14446860551834106
Quinault,2020-09-06,0.137,0.14271396398544312
Quinault,2020-09-07,0.135,0.14298637211322784
Quinault,2020-09-08,0.13,0.13761530816555023
Quinault,2020-09-09,0.127,0.12269371747970581
Quinault,2020-09-10,0.124,0.11233207583427429
Quinault,2020-09-11,0.122,0.111205093562603
Quinault,2020-09-12,0.122,0.10977242887020111
Quinault,2020-09-13,0.12,0.10739998519420624
Quinault,2020-09-14,0.12,0.10981078445911407
Quinault,2020-09-15,0.122,0.12234063446521759
Quinault,2020-09-16,0.134,0.13994991779327393
Quinault,2020-09-17,0.135,0.14507322013378143
Quinault,2020-09-18,0.148,0.1805906444787979
Quinault,2020-09-19,0.189,0.2086154669523239
Quinault,2020-09-20,0.198,0.21216793358325958
Quinault,2020-09-21,0.193,0.2354297935962677
Quinault,2020-09-22,0.202,0.20122000575065613
Quinault,2020-09-23,0.268,0.2245885729789734
Quinault,2020-09-24,0.27,0.2693193852901459
Quinault,2020-09-25,0.27,0.28154847025871277
Quinault,2020-09-26,0.249,0.27179965376853943
Quinault,2020-09-27,0.234,0.253785103559494
Quinault,2020-09-28,0.224,0.24496302008628845
Quinault,2020-09-29,0.216,0.2305721789598465
Quinault,2020-09-30,0.21,0.20661309361457825
Quinault,2020-10-01,0.206,0.20441433787345886
Quinault,2020-10-02,0.202,0.20441433787345886
Quinault,2020-10-03,0.199,0.2037227898836136
Quinault,2020-10-04,0.197,0.20529326796531677
Quinault,2020-10-05,0.194,0.19825734198093414
Quinault,2020-10-06,0.189,0.19324873387813568
Quinault,2020-10-07,0.184,0.19012309610843658
Quinault,2020-10-08,0.182,0.19335885345935822
Quinault,2020-10-09,0.207,0.22749929130077362
Quinault,2020-10-10,0.27,0.24557903409004211
Quinault,2020-10-11,0.271,0.25606298446655273
Quinault,2020-10-12,0.246,0.2653830945491791
Quinault,2020-10-13,0.275,0.26992449164390564
Quinault,2020-10-14,0.253,0.265974760055542
Quinault,2020-10-15,0.234,0.24709893763065338
Quinault,2020-10-16,0.253,0.25670525431632996
Quinault,2020-10-17,0.24,0.24868355691432953
Quinault,2020-10-18,0.258,0.23228545486927032
Quinault,2020-10-19,0.241,0.23828205466270447
Quinault,2020-10-20,0.232,0.23473475873470306
Quinault,2020-10-21,0.226,0.23641395568847656
Quinault,2020-10-22,0.222,0.21509617567062378
Quinault,2020-10-23,0.247,0.22981061041355133
Quinault,2020-10-24,0.247,0.24007035791873932
Quinault,2020-10-25,0.236,0.24078737199306488
Quinault,2020-10-26,0.23,0.24698881804943085
Quinault,2020-10-27,0.226,0.25189799070358276
Quinault,2020-10-28,0.224,0.24930137395858765
Quinault,2020-10-29,0.222,0.24931171536445618
Quinault,2020-10-30,0.255,0.26129889488220215
Quinault,2020-10-31,0.235,0.254407674074173
Quinault,2020-11-01,0.229,0.2516769766807556
Quinault,2020-11-02,0.224,0.25208553671836853
Quinault,2020-11-03,0.277,0.2769611179828644
Quinault,2020-11-04,0.289,0.27849528193473816
Quinault,2020-11-05,0.27,0.2786807119846344
Quinault,2020-11-06,0.243,0.261430561542511
Quinault,2020-11-07,0.234,0.2575845420360565
Quinault,2020-11-08,0.228,0.2484392672777176
Quinault,2020-11-09,0.24,0.24872185289859772
Quinault,2020-11-10,0.277,0.25381457805633545
Quinault,2020-11-11,0.248,0.24090856313705444
Quinault,2020-11-12,0.271,0.2643584907054901
Quinault,2020-11-13,0.292,0.2723776400089264
Quinault,2020-11-14,0.281,0.2723776400089264
Quinault,2020-11-15,0.277,0.2723776400089264
Quinault,2020-11-16,0.273,0.27477550506591797
Quinault,2020-11-17,0.286,0.2800699770450592
Quinault,2020-11-18,0.297,0.2801525890827179
Quinault,2020-11-19,0.285,0.2804605960845947
Quinault,2020-11-20,0.29,0.2815932035446167
Quinault,2020-11-21,0.262,0.26943841576576233
Quinault,2020-11-22,0.261,0.2792211174964905
Quinault,2020-11-23,0.27,0.2742263972759247
Quinault,2020-11-24,0.282,0.2757042348384857
Quinault,2020-11-25,0.276,0.2757042348384857
Quinault,2020-11-26,0.26,0.2747898995876312
Quinault,2020-11-27,0.272,0.2757042348384857
Quinault,2020-11-28,0.26,0.259795606136322
Quinault,2020-11-29,0.247,0.26633891463279724
Quinault,2020-11-30,0.277,0.2769013047218323
Quinault,2020-12-01,0.249,0.26539555191993713
Quinault,2020-12-02,0.244,0.2619013786315918
Quinault,2020-12-03,0.242,0.27405986189842224
Quinault,2020-12-04,0.239,0.25769299268722534
Quinault,2020-12-05,0.237,0.2607456147670746
Quinault,2020-12-06,0.26,0.26011598110198975
Quinault,2020-12-07,0.265,0.2722339630126953
Quinault,2020-12-08,0.29,0.27950170636177063
Quinault,2020-12-09,0.262,0.27859121561050415
Quinault,2020-12-10,0.261,0.27859121561050415
Quinault,2020-12-11,0.267,0.2825262248516083
Quinault,2020-12-12,0.25,0.26846063137054443
Quinault,2020-12-13,0.288,0.27859121561050415
Quinault,2020-12-14,0.275,0.27751442790031433
Quinault,2020-12-15,0.287,0.2787598669528961
Quinault,2020-12-16,0.288,0.285399466753006
Quinault,2020-12-17,0.287,0.28437238931655884
Quinault,2020-12-18,0.294,0.28453996777534485
Quinault,2020-12-19,0.286,0.283696711063385
Quinault,2020-12-20,0.272,0.2790178656578064
Quinault,2020-12-21,0.295,0.27807551622390747
Quinault,2020-12-22,0.264,0.2667303681373596
Quinault,2020-12-23,0.252,0.25699499249458313
Quinault,2020-12-24,0.248,0.256592333316803
Quinault,2020-12-25,0.285,0.2698496878147125
Quinault,2020-12-26,0.296,0.28207844495773315
Quinault,2020-12-27,0.287,0.2830609083175659
Quinault,2020-12-28,0.255,0.26044631004333496
Quinault,2020-12-29,0.267,0.2732621431350708
Quinault,2020-12-30,0.309,0.28208303451538086
Quinault,2020-12-31,0.29,0.2816733419895172
SourdoughGulch_WA_985,2017-01-11,0.3,0.30414173007011414
SourdoughGulch_WA_985,2017-01-12,0.302,0.3028024733066559
SourdoughGulch_WA_985,2017-01-13,0.303,0.31040987372398376
SourdoughGulch_WA_985,2017-01-14,0.303,0.3059574365615845
SourdoughGulch_WA_985,2017-01-15,0.301,0.3046530485153198
SourdoughGulch_WA_985,2017-01-16,0.3,0.3074657917022705
SourdoughGulch_WA_985,2017-01-17,0.299,0.3091305196285248
SourdoughGulch_WA_985,2017-01-18,0.298,0.31339186429977417
SourdoughGulch_WA_985,2017-01-19,0.298,0.31509172916412354
SourdoughGulch_WA_985,2017-01-20,0.311,0.3209938406944275
SourdoughGulch_WA_985,2017-01-21,0.317,0.3255273103713989
SourdoughGulch_WA_985,2017-01-22,0.318,0.32691293954849243
SourdoughGulch_WA_985,2017-01-23,0.319,0.32714101672172546
SourdoughGulch_WA_985,2017-01-24,0.318,0.320917010307312
SourdoughGulch_WA_985,2017-01-25,0.317,0.3149172365665436
SourdoughGulch_WA_985,2017-01-26,0.315,0.314095139503479
SourdoughGulch_WA_985,2017-01-27,0.314,0.31073394417762756
SourdoughGulch_WA_985,2017-01-28,0.313,0.31221309304237366
SourdoughGulch_WA_985,2017-01-29,0.311,0.31135353446006775
SourdoughGulch_WA_985,2017-01-30,0.31,0.3087444007396698
SourdoughGulch_WA_985,2017-01-31,0.309,0.303830623626709
SourdoughGulch_WA_985,2017-02-01,0.309,0.3029308021068573
SourdoughGulch_WA_985,2017-02-02,0.31,0.3080081641674042
SourdoughGulch_WA_985,2017-02-03,0.308,0.3038133680820465
SourdoughGulch_WA_985,2017-02-04,0.306,0.3041065037250519
SourdoughGulch_WA_985,2017-02-05,0.309,0.3091008961200714
SourdoughGulch_WA_985,2017-02-06,0.34,0.3141224682331085
SourdoughGulch_WA_985,2017-02-07,0.339,0.31424668431282043
SourdoughGulch_WA_985,2017-02-08,0.333,0.31307587027549744
SourdoughGulch_WA_985,2017-02-09,0.331,0.32851874828338623
SourdoughGulch_WA_985,2017-02-10,0.356,0.3354611396789551
SourdoughGulch_WA_985,2017-02-11,0.343,0.3366318345069885
SourdoughGulch_WA_985,2017-02-12,0.334,0.3370820879936218
SourdoughGulch_WA_985,2017-02-13,0.324,0.3231970965862274
SourdoughGulch_WA_985,2017-02-14,0.318,0.3323467969894409
SourdoughGulch_WA_985,2017-02-15,0.319,0.33026209473609924
SourdoughGulch_WA_985,2017-02-16,0.354,0.34052854776382446
SourdoughGulch_WA_985,2017-02-17,0.358,0.3391541540622711
SourdoughGulch_WA_985,2017-02-18,0.348,0.3400333523750305
SourdoughGulch_WA_985,2017-02-19,0.355,0.3391541540622711
SourdoughGulch_WA_985,2017-02-20,0.342,0.33026427030563354
SourdoughGulch_WA_985,2017-02-21,0.353,0.33499741554260254
SourdoughGulch_WA_985,2017-02-22,0.353,0.329332172870636
SourdoughGulch_WA_985,2017-02-23,0.336,0.3160611093044281
SourdoughGulch_WA_985,2017-02-24,0.315,0.30757686495780945
SourdoughGulch_WA_985,2017-02-25,0.293,0.2911563217639923
SourdoughGulch_WA_985,2017-02-26,0.264,0.28794944286346436
SourdoughGulch_WA_985,2017-02-27,0.26,0.3010055720806122
SourdoughGulch_WA_985,2017-02-28,0.284,0.3004118800163269
SourdoughGulch_WA_985,2017-03-01,0.293,0.30477291345596313
SourdoughGulch_WA_985,2017-03-02,0.296,0.3063594400882721
SourdoughGulch_WA_985,2017-03-03,0.298,0.3173768222332001
SourdoughGulch_WA_985,2017-03-04,0.321,0.322200745344162
SourdoughGulch_WA_985,2017-03-05,0.329,0.3283851444721222
SourdoughGulch_WA_985,2017-03-06,0.327,0.33089593052864075
SourdoughGulch_WA_985,2017-03-07,0.327,0.334690123796463
SourdoughGulch_WA_985,2017-03-08,0.325,0.33802294731140137
SourdoughGulch_WA_985,2017-03-09,0.343,0.3435123860836029
SourdoughGulch_WA_985,2017-03-10,0.353,0.3325657248497009
SourdoughGulch_WA_985,2017-03-11,0.356,0.3281228542327881
SourdoughGulch_WA_985,2017-03-12,0.357,0.3466961681842804
SourdoughGulch_WA_985,2017-03-13,0.357,0.34256768226623535
SourdoughGulch_WA_985,2017-03-14,0.352,0.34746408462524414
SourdoughGulch_WA_985,2017-03-15,0.35,0.3292894959449768
SourdoughGulch_WA_985,2017-03-16,0.344,0.3255399763584137
SourdoughGulch_WA_985,2017-03-17,0.343,0.3168793320655823
SourdoughGulch_WA_985,2017-03-18,0.339,0.31242939829826355
SourdoughGulch_WA_985,2017-03-19,0.358,0.32327061891555786
SourdoughGulch_WA_985,2017-03-20,0.341,0.3274041414260864
SourdoughGulch_WA_985,2017-03-21,0.338,0.3274041414260864
SourdoughGulch_WA_985,2017-03-22,0.339,0.32711803913116455
SourdoughGulch_WA_985,2017-03-23,0.349,0.3250741958618164
SourdoughGulch_WA_985,2017-03-24,0.341,0.3266112208366394
SourdoughGulch_WA_985,2017-03-25,0.339,0.3266181945800781
SourdoughGulch_WA_985,2017-03-26,0.354,0.3290198743343353
SourdoughGulch_WA_985,2017-03-27,0.342,0.32673898339271545
SourdoughGulch_WA_985,2017-03-28,0.34,0.33114951848983765
SourdoughGulch_WA_985,2017-03-29,0.334,0.3475014567375183
SourdoughGulch_WA_985,2017-03-30,0.345,0.34879520535469055
SourdoughGulch_WA_985,2017-03-31,0.344,0.3426143229007721
SourdoughGulch_WA_985,2017-04-01,0.338,0.3410050868988037
SourdoughGulch_WA_985,2017-04-02,0.336,0.33641594648361206
SourdoughGulch_WA_985,2017-04-03,0.331,0.3369697332382202
SourdoughGulch_WA_985,2017-04-04,0.326,0.3367778956890106
SourdoughGulch_WA_985,2017-04-05,0.325,0.3369004428386688
SourdoughGulch_WA_985,2017-04-06,0.326,0.335208535194397
SourdoughGulch_WA_985,2017-04-07,0.322,0.3341493308544159
SourdoughGulch_WA_985,2017-04-08,0.327,0.3341493308544159
SourdoughGulch_WA_985,2017-04-09,0.329,0.3296155631542206
SourdoughGulch_WA_985,2017-04-10,0.34,0.3259357213973999
SourdoughGulch_WA_985,2017-04-11,0.337,0.32863539457321167
SourdoughGulch_WA_985,2017-04-12,0.333,0.32677093148231506
SourdoughGulch_WA_985,2017-04-13,0.334,0.325478196144104
SourdoughGulch_WA_985,2017-04-14,0.348,0.32366883754730225
SourdoughGulch_WA_985,2017-04-15,0.34,0.3261134922504425
SourdoughGulch_WA_985,2017-04-16,0.335,0.3219577670097351
SourdoughGulch_WA_985,2017-04-17,0.336,0.32393938302993774
SourdoughGulch_WA_985,2017-04-18,0.338,0.3404061198234558
SourdoughGulch_WA_985,2017-04-19,0.344,0.342177152633667
SourdoughGulch_WA_985,2017-04-20,0.341,0.34258127212524414
SourdoughGulch_WA_985,2017-04-21,0.341,0.3434563875198364
SourdoughGulch_WA_985,2017-04-22,0.335,0.3379627764225006
SourdoughGulch_WA_985,2017-04-23,0.333,0.34274259209632874
SourdoughGulch_WA_985,2017-04-24,0.352,0.34583601355552673
SourdoughGulch_WA_985,2017-04-25,0.357,0.34583601355552673
SourdoughGulch_WA_985,2017-04-26,0.354,0.34633705019950867
SourdoughGulch_WA_985,2017-04-27,0.35,0.3463743031024933
SourdoughGulch_WA_985,2017-04-28,0.345,0.34345951676368713
SourdoughGulch_WA_985,2017-04-29,0.339,0.3414473533630371
SourdoughGulch_WA_985,2017-04-30,0.337,0.3419949412345886
SourdoughGulch_WA_985,2017-05-01,0.334,0.3422969877719879
SourdoughGulch_WA_985,2017-05-02,0.333,0.3415953814983368
SourdoughGulch_WA_985,2017-05-03,0.341,0.3399741053581238
SourdoughGulch_WA_985,2017-05-04,0.343,0.3363087773323059
SourdoughGulch_WA_985,2017-05-05,0.34,0.3374650776386261
SourdoughGulch_WA_985,2017-05-06,0.37,0.34239092469215393
SourdoughGulch_WA_985,2017-05-07,0.355,0.34085091948509216
SourdoughGulch_WA_985,2017-05-08,0.35,0.3422612249851227
SourdoughGulch_WA_985,2017-05-09,0.345,0.3382294774055481
SourdoughGulch_WA_985,2017-05-10,0.34,0.3378789722919464
SourdoughGulch_WA_985,2017-05-11,0.335,0.3375053107738495
SourdoughGulch_WA_985,2017-05-12,0.329,0.34303101897239685
SourdoughGulch_WA_985,2017-05-13,0.347,0.34462010860443115
SourdoughGulch_WA_985,2017-05-14,0.356,0.34587424993515015
SourdoughGulch_WA_985,2017-05-15,0.359,0.34715473651885986
SourdoughGulch_WA_985,2017-05-16,0.351,0.3463962972164154
SourdoughGulch_WA_985,2017-05-17,0.354,0.34658491611480713
SourdoughGulch_WA_985,2017-05-18,0.355,0.34658491611480713
SourdoughGulch_WA_985,2017-05-19,0.352,0.34658491611480713
SourdoughGulch_WA_985,2017-05-20,0.348,0.34658491611480713
SourdoughGulch_WA_985,2017-05-21,0.35,0.344409316778183
SourdoughGulch_WA_985,2017-05-22,0.347,0.3423350751399994
SourdoughGulch_WA_985,2017-05-23,0.341,0.3319665789604187
SourdoughGulch_WA_985,2017-05-24,0.334,0.3246273994445801
SourdoughGulch_WA_985,2017-05-25,0.319,0.3202170729637146
SourdoughGulch_WA_985,2017-05-26,0.309,0.31521087884902954
SourdoughGulch_WA_985,2017-05-27,0.305,0.31434008479118347
SourdoughGulch_WA_985,2017-05-28,0.299,0.3113710582256317
SourdoughGulch_WA_985,2017-05-29,0.289,0.2988365888595581
SourdoughGulch_WA_985,2017-05-30,0.278,0.28231722116470337
SourdoughGulch_WA_985,2017-05-31,0.265,0.26769644021987915
SourdoughGulch_WA_985,2017-06-01,0.253,0.26075735688209534
SourdoughGulch_WA_985,2017-06-02,0.253,0.2952817678451538
SourdoughGulch_WA_985,2017-06-03,0.277,0.30640336871147156
SourdoughGulch_WA_985,2017-06-04,0.277,0.31325116753578186
SourdoughGulch_WA_985,2017-06-05,0.268,0.302440345287323
SourdoughGulch_WA_985,2017-06-06,0.291,0.31445905566215515
SourdoughGulch_WA_985,2017-06-07,0.289,0.2940000593662262
SourdoughGulch_WA_985,2017-06-08,0.283,0.307125449180603
SourdoughGulch_WA_985,2017-06-09,0.268,0.32284608483314514
SourdoughGulch_WA_985,2017-06-10,0.354,0.3271486759185791
SourdoughGulch_WA_985,2017-06-11,0.341,0.32556936144828796
SourdoughGulch_WA_985,2017-06-12,0.35,0.32842835783958435
SourdoughGulch_WA_985,2017-06-13,0.34,0.32950717210769653
SourdoughGulch_WA_985,2017-06-14,0.331,0.3285568058490753
SourdoughGulch_WA_985,2017-06-15,0.323,0.3302767276763916
SourdoughGulch_WA_985,2017-06-16,0.317,0.3294577896595001
SourdoughGulch_WA_985,2017-06-17,0.323,0.3301815390586853
SourdoughGulch_WA_985,2017-06-18,0.322,0.32672518491744995
SourdoughGulch_WA_985,2017-06-19,0.318,0.3162950873374939
SourdoughGulch_WA_985,2017-06-20,0.313,0.2919520437717438
SourdoughGulch_WA_985,2017-06-21,0.306,0.29525694251060486
SourdoughGulch_WA_985,2017-06-22,0.294,0.30083099007606506
SourdoughGulch_WA_985,2017-06-23,0.276,0.30487048625946045
SourdoughGulch_WA_985,2017-06-24,0.278,0.30083099007606506
SourdoughGulch_WA_985,2017-06-25,0.27,0.296119749546051
SourdoughGulch_WA_985,2017-06-26,0.26,0.2752271592617035
SourdoughGulch_WA_985,2017-06-27,0.251,0.2759900987148285
SourdoughGulch_WA_985,2017-06-28,0.311,0.27855443954467773
SourdoughGulch_WA_985,2017-06-29,0.298,0.28087085485458374
SourdoughGulch_WA_985,2017-06-30,0.288,0.28087085485458374
SourdoughGulch_WA_985,2017-07-01,0.281,0.2798660695552826
SourdoughGulch_WA_985,2017-07-02,0.27,0.2779701054096222
SourdoughGulch_WA_985,2017-07-03,0.261,0.25137320160865784
SourdoughGulch_WA_985,2017-07-04,0.248,0.22869668900966644
SourdoughGulch_WA_985,2017-07-05,0.229,0.23497256636619568
SourdoughGulch_WA_985,2017-07-06,0.215,0.22380253672599792
SourdoughGulch_WA_985,2017-07-07,0.199,0.22140666842460632
SourdoughGulch_WA_985,2017-07-08,0.185,0.22140666842460632
SourdoughGulch_WA_985,2017-07-09,0.174,0.2123258262872696
SourdoughGulch_WA_985,2017-07-10,0.164,0.20683778822422028
SourdoughGulch_WA_985,2017-07-11,0.153,0.21147242188453674
SourdoughGulch_WA_985,2017-07-12,0.15,0.16689787805080414
SourdoughGulch_WA_985,2017-07-13,0.148,0.16710327565670013
SourdoughGulch_WA_985,2017-07-14,0.144,0.1668035387992859
SourdoughGulch_WA_985,2017-07-15,0.141,0.16921794414520264
SourdoughGulch_WA_985,2017-07-16,0.135,0.171299010515213
SourdoughGulch_WA_985,2017-07-17,0.134,0.17719289660453796
SourdoughGulch_WA_985,2017-07-18,0.125,0.1747693568468094
SourdoughGulch_WA_985,2017-07-19,0.123,0.15419329702854156
SourdoughGulch_WA_985,2017-07-20,0.119,0.13896125555038452
SourdoughGulch_WA_985,2017-07-21,0.119,0.12344048917293549
SourdoughGulch_WA_985,2017-07-22,0.111,0.1148708313703537
SourdoughGulch_WA_985,2017-07-23,0.114,0.11567918956279755
SourdoughGulch_WA_985,2017-07-24,0.111,0.11735765635967255
SourdoughGulch_WA_985,2017-07-25,0.105,0.11031997203826904
SourdoughGulch_WA_985,2017-07-26,0.102,0.10429318249225616
SourdoughGulch_WA_985,2017-07-27,0.098,0.09884081780910492
SourdoughGulch_WA_985,2017-07-28,0.098,0.09780026972293854
SourdoughGulch_WA_985,2017-07-29,0.094,0.09077933430671692
SourdoughGulch_WA_985,2017-07-30,0.096,0.08798296004533768
SourdoughGulch_WA_985,2017-07-31,0.092,0.08822362124919891
SourdoughGulch_WA_985,2017-08-01,0.092,0.08745883405208588
SourdoughGulch_WA_985,2017-08-02,0.086,0.0866733267903328
SourdoughGulch_WA_985,2017-08-03,0.085,0.08521658927202225
SourdoughGulch_WA_985,2017-08-04,0.084,0.08508007973432541
SourdoughGulch_WA_985,2017-08-05,0.08,0.08508007973432541
SourdoughGulch_WA_985,2017-08-06,0.074,0.08508007973432541
SourdoughGulch_WA_985,2017-08-07,0.072,0.07657551020383835
SourdoughGulch_WA_985,2017-08-08,0.07,0.07820987701416016
SourdoughGulch_WA_985,2017-08-09,0.072,0.0762089267373085
SourdoughGulch_WA_985,2017-08-10,0.074,0.07478783279657364
SourdoughGulch_WA_985,2017-08-11,0.066,0.07435495406389236
SourdoughGulch_WA_985,2017-08-12,0.063,0.06010153517127037
SourdoughGulch_WA_985,2017-08-13,0.059,0.05655490979552269
SourdoughGulch_WA_985,2017-08-14,0.054,0.056882377713918686
SourdoughGulch_WA_985,2017-08-15,0.057,0.05930835008621216
SourdoughGulch_WA_985,2017-08-16,0.067,0.06643836945295334
SourdoughGulch_WA_985,2017-08-17,0.068,0.06946608424186707
SourdoughGulch_WA_985,2017-08-18,0.079,0.06946608424186707
SourdoughGulch_WA_985,2017-08-19,0.082,0.06946608424186707
SourdoughGulch_WA_985,2017-08-20,0.073,0.06946608424186707
SourdoughGulch_WA_985,2017-08-21,0.078,0.0664706826210022
SourdoughGulch_WA_985,2017-08-22,0.075,0.06731552630662918
SourdoughGulch_WA_985,2017-08-23,0.073,0.07027231156826019
SourdoughGulch_WA_985,2017-08-24,0.071,0.06911539286375046
SourdoughGulch_WA_985,2017-08-25,0.066,0.06911539286375046
SourdoughGulch_WA_985,2017-08-26,0.067,0.07027231156826019
SourdoughGulch_WA_985,2017-08-27,0.068,0.07027231156826019
SourdoughGulch_WA_985,2017-08-28,0.061,0.06526586413383484
SourdoughGulch_WA_985,2017-08-29,0.063,0.057503074407577515
SourdoughGulch_WA_985,2017-08-30,0.063,0.05709107965230942
SourdoughGulch_WA_985,2017-08-31,0.06,0.05680166929960251
SourdoughGulch_WA_985,2017-09-01,0.061,0.05595682933926582
SourdoughGulch_WA_985,2017-09-02,0.059,0.05595682933926582
SourdoughGulch_WA_985,2017-09-03,0.062,0.050897493958473206
SourdoughGulch_WA_985,2017-09-04,0.054,0.05535890907049179
SourdoughGulch_WA_985,2017-09-05,0.055,0.054287757724523544
SourdoughGulch_WA_985,2017-09-06,0.05,0.05457717552781105
SourdoughGulch_WA_985,2017-09-07,0.053,0.05435033142566681
SourdoughGulch_WA_985,2017-09-08,0.049,0.05435033142566681
SourdoughGulch_WA_985,2017-09-09,0.047,0.05434761941432953
SourdoughGulch_WA_985,2017-09-10,0.051,0.04753131419420242
SourdoughGulch_WA_985,2017-09-11,0.046,0.04240531101822853
SourdoughGulch_WA_985,2017-09-12,0.045,0.050325971096754074
SourdoughGulch_WA_985,2017-09-13,0.047,0.057500917464494705
SourdoughGulch_WA_985,2017-09-14,0.042,0.05765257775783539
SourdoughGulch_WA_985,2017-09-15,0.04,0.062249667942523956
SourdoughGulch_WA_985,2017-09-16,0.032,0.06441856920719147
SourdoughGulch_WA_985,2017-09-17,0.034,0.062249667942523956
SourdoughGulch_WA_985,2017-09-18,0.033,0.04099101573228836
SourdoughGulch_WA_985,2017-09-19,0.032,0.03073039837181568
SourdoughGulch_WA_985,2017-09-20,0.032,0.0505857840180397
SourdoughGulch_WA_985,2017-09-21,0.032,0.06921522319316864
SourdoughGulch_WA_985,2017-09-22,0.034,0.08028863370418549
SourdoughGulch_WA_985,2017-09-23,0.043,0.09012281894683838
SourdoughGulch_WA_985,2017-09-24,0.059,0.115953229367733
SourdoughGulch_WA_985,2017-09-25,0.062,0.11930227279663086
SourdoughGulch_WA_985,2017-09-26,0.072,0.09318049252033234
SourdoughGulch_WA_985,2017-09-27,0.085,0.09296084940433502
SourdoughGulch_WA_985,2017-09-28,0.087,0.09387138485908508
SourdoughGulch_WA_985,2017-09-29,0.092,0.09250516444444656
SourdoughGulch_WA_985,2017-09-30,0.093,0.09131947159767151
SourdoughGulch_WA_985,2017-10-01,0.086,0.09137607365846634
SourdoughGulch_WA_985,2017-10-02,0.085,0.09278187900781631
SourdoughGulch_WA_985,2017-10-03,0.083,0.09278187900781631
SourdoughGulch_WA_985,2017-10-04,0.077,0.09601819515228271
SourdoughGulch_WA_985,2017-10-05,0.082,0.09683859348297119
SourdoughGulch_WA_985,2017-10-06,0.082,0.09758566319942474
SourdoughGulch_WA_985,2017-10-07,0.079,0.09726137667894363
SourdoughGulch_WA_985,2017-10-08,0.077,0.0958809107542038
SourdoughGulch_WA_985,2017-10-09,0.071,0.09282796084880829
SourdoughGulch_WA_985,2017-10-10,0.078,0.08496849983930588
SourdoughGulch_WA_985,2017-10-11,0.07,0.0859646424651146
SourdoughGulch_WA_985,2017-10-12,0.078,0.0859646424651146
SourdoughGulch_WA_985,2017-10-13,0.067,0.0859646424651146
SourdoughGulch_WA_985,2017-10-14,0.07,0.08492410182952881
SourdoughGulch_WA_985,2017-10-15,0.065,0.08557078242301941
SourdoughGulch_WA_985,2017-10-16,0.075,0.07935808598995209
SourdoughGulch_WA_985,2017-10-17,0.078,0.09042753279209137
SourdoughGulch_WA_985,2017-10-18,0.082,0.09795307368040085
SourdoughGulch_WA_985,2017-10-19,0.083,0.1010388731956482
SourdoughGulch_WA_985,2017-10-20,0.087,0.11240716278553009
SourdoughGulch_WA_985,2017-10-21,0.08,0.12156185507774353
SourdoughGulch_WA_985,2017-10-22,0.071,0.14935943484306335
SourdoughGulch_WA_985,2017-10-23,0.305,0.21570661664009094
SourdoughGulch_WA_985,2017-10-24,0.279,0.24316677451133728
SourdoughGulch_WA_985,2017-10-25,0.269,0.2470472902059555
SourdoughGulch_WA_985,2017-10-26,0.264,0.24343912303447723
SourdoughGulch_WA_985,2017-10-27,0.26,0.2436925768852234
SourdoughGulch_WA_985,2017-10-28,0.251,0.241493821144104
SourdoughGulch_WA_985,2017-10-29,0.246,0.25273603200912476
SourdoughGulch_WA_985,2017-10-30,0.242,0.26169538497924805
SourdoughGulch_WA_985,2017-10-31,0.229,0.20883797109127045
SourdoughGulch_WA_985,2017-11-01,0.221,0.19121654331684113
SourdoughGulch_WA_985,2017-11-02,0.227,0.22553375363349915
SourdoughGulch_WA_985,2017-11-03,0.234,0.2428763508796692
SourdoughGulch_WA_985,2017-11-04,0.312,0.2532331347465515
SourdoughGulch_WA_985,2017-11-05,0.298,0.27924391627311707
SourdoughGulch_WA_985,2017-11-06,0.3,0.29733774065971375
SourdoughGulch_WA_985,2017-11-07,0.306,0.3028736710548401
SourdoughGulch_WA_985,2017-11-08,0.299,0.2973012328147888
SourdoughGulch_WA_985,2017-11-09,0.303,0.2975544035434723
SourdoughGulch_WA_985,2017-11-10,0.322,0.29755470156669617
SourdoughGulch_WA_985,2017-11-11,0.321,0.29740962386131287
SourdoughGulch_WA_985,2017-11-12,0.318,0.298054963350296
SourdoughGulch_WA_985,2017-11-13,0.314,0.30186477303504944
SourdoughGulch_WA_985,2017-11-14,0.325,0.30982306599617004
SourdoughGulch_WA_985,2017-11-15,0.315,0.3027336001396179
SourdoughGulch_WA_985,2017-11-16,0.306,0.30629825592041016
SourdoughGulch_WA_985,2017-11-17,0.324,0.3023398518562317
SourdoughGulch_WA_985,2017-11-18,0.307,0.30412447452545166
SourdoughGulch_WA_985,2017-11-19,0.298,0.305042564868927
SourdoughGulch_WA_985,2017-11-20,0.296,0.3202936351299286
SourdoughGulch_WA_985,2017-11-21,0.351,0.32061272859573364
SourdoughGulch_WA_985,2017-11-22,0.338,0.34074026346206665
SourdoughGulch_WA_985,2017-11-23,0.34,0.329041063785553
SourdoughGulch_WA_985,2017-11-24,0.355,0.29902350902557373
SourdoughGulch_WA_985,2017-11-25,0.333,0.32264623045921326
SourdoughGulch_WA_985,2017-11-26,0.327,0.336787611246109
SourdoughGulch_WA_985,2017-11-27,0.326,0.33368539810180664
SourdoughGulch_WA_985,2017-11-28,0.33,0.3339983820915222
SourdoughGulch_WA_985,2017-11-29,0.321,0.2830125689506531
SourdoughGulch_WA_985,2017-11-30,0.321,0.3008118271827698
SourdoughGulch_WA_985,2017-12-01,0.31,0.31360718607902527
SourdoughGulch_WA_985,2017-12-02,0.312,0.33396103978157043
SourdoughGulch_WA_985,2017-12-03,0.309,0.33396103978157043
SourdoughGulch_WA_985,2017-12-04,0.311,0.3107145130634308
SourdoughGulch_WA_985,2017-12-05,0.299,0.30816760659217834
SourdoughGulch_WA_985,2017-12-06,0.287,0.294797420501709
SourdoughGulch_WA_985,2017-12-07,0.274,0.2459326684474945
SourdoughGulch_WA_985,2017-12-08,0.251,0.22252951562404633
SourdoughGulch_WA_985,2017-12-09,0.17,0.1973377913236618
SourdoughGulch_WA_985,2017-12-10,0.141,0.18089717626571655
SourdoughGulch_WA_985,2017-12-11,0.129,0.1329101026058197
SourdoughGulch_WA_985,2017-12-12,0.13,0.1350281685590744
SourdoughGulch_WA_985,2017-12-13,0.125,0.1324491649866104
SourdoughGulch_WA_985,2017-12-14,0.127,0.15815560519695282
SourdoughGulch_WA_985,2017-12-15,0.126,0.16706527769565582
SourdoughGulch_WA_985,2017-12-16,0.125,0.17110104858875275
SourdoughGulch_WA_985,2017-12-17,0.135,0.17396722733974457
SourdoughGulch_WA_985,2017-12-18,0.134,0.17184756696224213
SourdoughGulch_WA_985,2017-12-19,0.144,0.17003245651721954
SourdoughGulch_WA_985,2017-12-20,0.192,0.18576957285404205
SourdoughGulch_WA_985,2017-12-21,0.225,0.18958985805511475
SourdoughGulch_WA_985,2017-12-22,0.214,0.1817988008260727
SourdoughGulch_WA_985,2017-12-23,0.165,0.1838277131319046
SourdoughGulch_WA_985,2017-12-24,0.157,0.17818832397460938
SourdoughGulch_WA_985,2017-12-25,0.144,0.15285415947437286
SourdoughGulch_WA_985,2017-12-26,0.146,0.18905705213546753
SourdoughGulch_WA_985,2017-12-27,0.149,0.17609648406505585
SourdoughGulch_WA_985,2017-12-28,0.151,0.17910045385360718
SourdoughGulch_WA_985,2017-12-29,0.16,0.1846546232700348
SourdoughGulch_WA_985,2017-12-30,0.175,0.17993195354938507
SourdoughGulch_WA_985,2017-12-31,0.187,0.1868375539779663
SourdoughGulch_WA_985,2018-01-01,0.146,0.26407521963119507
SourdoughGulch_WA_985,2018-01-02,0.134,0.2561681866645813
SourdoughGulch_WA_985,2018-01-03,0.137,0.19486276805400848
SourdoughGulch_WA_985,2018-01-04,0.136,0.18217720091342926
SourdoughGulch_WA_985,2018-01-05,0.136,0.18446937203407288
SourdoughGulch_WA_985,2018-01-06,0.156,0.1834619790315628
SourdoughGulch_WA_985,2018-01-07,0.167,0.18394845724105835
SourdoughGulch_WA_985,2018-01-08,0.176,0.23178225755691528
SourdoughGulch_WA_985,2018-01-09,0.179,0.23389653861522675
SourdoughGulch_WA_985,2018-01-10,0.189,0.23725542426109314
SourdoughGulch_WA_985,2018-01-11,0.194,0.24385982751846313
SourdoughGulch_WA_985,2018-01-12,0.203,0.24659238755702972
SourdoughGulch_WA_985,2018-01-13,0.208,0.2447577714920044
SourdoughGulch_WA_985,2018-01-14,0.241,0.2504435181617737
SourdoughGulch_WA_985,2018-01-15,0.286,0.24914540350437164
SourdoughGulch_WA_985,2018-01-16,0.299,0.2523272633552551
SourdoughGulch_WA_985,2018-01-17,0.313,0.25805482268333435
SourdoughGulch_WA_985,2018-01-18,0.319,0.26213109493255615
SourdoughGulch_WA_985,2018-01-19,0.345,0.268783301115036
SourdoughGulch_WA_985,2018-01-20,0.332,0.2684262692928314
SourdoughGulch_WA_985,2018-01-21,0.321,0.2942295968532562
SourdoughGulch_WA_985,2018-01-22,0.308,0.2978779673576355
SourdoughGulch_WA_985,2018-01-23,0.305,0.30614063143730164
SourdoughGulch_WA_985,2018-01-24,0.292,0.30484259128570557
SourdoughGulch_WA_985,2018-01-25,0.322,0.30249980092048645
SourdoughGulch_WA_985,2018-01-26,0.323,0.29867079854011536
SourdoughGulch_WA_985,2018-01-27,0.32,0.3032325208187103
SourdoughGulch_WA_985,2018-01-28,0.318,0.3044772446155548
SourdoughGulch_WA_985,2018-01-29,0.339,0.3106500804424286
SourdoughGulch_WA_985,2018-01-30,0.339,0.3177067041397095
SourdoughGulch_WA_985,2018-01-31,0.336,0.31655994057655334
SourdoughGulch_WA_985,2018-02-01,0.323,0.32422879338264465
SourdoughGulch_WA_985,2018-02-02,0.316,0.32894325256347656
SourdoughGulch_WA_985,2018-02-03,0.35,0.3294682502746582
SourdoughGulch_WA_985,2018-02-04,0.342,0.3336784541606903
SourdoughGulch_WA_985,2018-02-05,0.342,0.33518698811531067
SourdoughGulch_WA_985,2018-02-06,0.336,0.33130374550819397
SourdoughGulch_WA_985,2018-02-07,0.333,0.330471396446228
SourdoughGulch_WA_985,2018-02-08,0.332,0.32945212721824646
SourdoughGulch_WA_985,2018-02-09,0.33,0.32914385199546814
SourdoughGulch_WA_985,2018-02-10,0.324,0.3290352523326874
SourdoughGulch_WA_985,2018-02-11,0.313,0.3296082019805908
SourdoughGulch_WA_985,2018-02-12,0.299,0.32862547039985657
SourdoughGulch_WA_985,2018-02-13,0.293,0.30437421798706055
SourdoughGulch_WA_985,2018-02-14,0.28,0.30085262656211853
SourdoughGulch_WA_985,2018-02-15,0.281,0.29772576689720154
SourdoughGulch_WA_985,2018-02-16,0.287,0.30242806673049927
SourdoughGulch_WA_985,2018-02-17,0.285,0.29953640699386597
SourdoughGulch_WA_985,2018-02-18,0.291,0.29763633012771606
SourdoughGulch_WA_985,2018-02-19,0.322,0.2925081253051758
SourdoughGulch_WA_985,2018-02-20,0.304,0.2811970114707947
SourdoughGulch_WA_985,2018-02-21,0.264,0.25399020314216614
SourdoughGulch_WA_985,2018-02-22,0.172,0.22637967765331268
SourdoughGulch_WA_985,2018-02-23,0.17,0.20931445062160492
SourdoughGulch_WA_985,2018-02-24,0.16,0.20768043398857117
SourdoughGulch_WA_985,2018-02-25,0.166,0.20771999657154083
SourdoughGulch_WA_985,2018-02-26,0.173,0.20338521897792816
SourdoughGulch_WA_985,2018-02-27,0.18,0.21360255777835846
SourdoughGulch_WA_985,2018-02-28,0.178,0.21738201379776
SourdoughGulch_WA_985,2018-03-01,0.181,0.23297660052776337
SourdoughGulch_WA_985,2018-03-02,0.191,0.24616728723049164
SourdoughGulch_WA_985,2018-03-03,0.205,0.25013914704322815
SourdoughGulch_WA_985,2018-03-04,0.21,0.2674437463283539
SourdoughGulch_WA_985,2018-03-05,0.212,0.2642359137535095
SourdoughGulch_WA_985,2018-03-06,0.217,0.28520169854164124
SourdoughGulch_WA_985,2018-03-07,0.216,0.29051464796066284
SourdoughGulch_WA_985,2018-03-08,0.214,0.2969280183315277
SourdoughGulch_WA_985,2018-03-09,0.317,0.3068386912345886
SourdoughGulch_WA_985,2018-03-10,0.336,0.3109653890132904
SourdoughGulch_WA_985,2018-03-11,0.347,0.3243721127510071
SourdoughGulch_WA_985,2018-03-12,0.353,0.32878684997558594
SourdoughGulch_WA_985,2018-03-13,0.355,0.3295711278915405
SourdoughGulch_WA_985,2018-03-14,0.354,0.33289527893066406
SourdoughGulch_WA_985,2018-03-15,0.355,0.33519065380096436
SourdoughGulch_WA_985,2018-03-16,0.348,0.33519065380096436
SourdoughGulch_WA_985,2018-03-17,0.343,0.33503457903862
SourdoughGulch_WA_985,2018-03-18,0.34,0.3330427408218384
SourdoughGulch_WA_985,2018-03-19,0.339,0.3330812156200409
SourdoughGulch_WA_985,2018-03-20,0.337,0.33345547318458557
SourdoughGulch_WA_985,2018-03-21,0.338,0.3298933506011963
SourdoughGulch_WA_985,2018-03-22,0.337,0.3311092257499695
SourdoughGulch_WA_985,2018-03-23,0.337,0.3315947353839874
SourdoughGulch_WA_985,2018-03-24,0.341,0.3303740322589874
SourdoughGulch_WA_985,2018-03-25,0.341,0.33286380767822266
SourdoughGulch_WA_985,2018-03-26,0.337,0.3287270963191986
SourdoughGulch_WA_985,2018-03-27,0.335,0.3264736831188202
SourdoughGulch_WA_985,2018-03-28,0.335,0.3266199827194214
SourdoughGulch_WA_985,2018-03-29,0.332,0.32648491859436035
SourdoughGulch_WA_985,2018-03-30,0.331,0.32648491859436035
SourdoughGulch_WA_985,2018-03-31,0.331,0.3209880590438843
SourdoughGulch_WA_985,2018-04-01,0.327,0.32341092824935913
SourdoughGulch_WA_985,2018-04-02,0.325,0.32528024911880493
SourdoughGulch_WA_985,2018-04-03,0.327,0.3274678885936737
SourdoughGulch_WA_985,2018-04-04,0.336,0.33458030223846436
SourdoughGulch_WA_985,2018-04-05,0.349,0.33442422747612
SourdoughGulch_WA_985,2018-04-06,0.347,0.33442422747612
SourdoughGulch_WA_985,2018-04-07,0.35,0.33260542154312134
SourdoughGulch_WA_985,2018-04-08,0.355,0.33260542154312134
SourdoughGulch_WA_985,2018-04-09,0.355,0.3312022387981415
SourdoughGulch_WA_985,2018-04-10,0.349,0.3328601121902466
SourdoughGulch_WA_985,2018-04-11,0.345,0.33174318075180054
SourdoughGulch_WA_985,2018-04-12,0.343,0.3283902704715729
SourdoughGulch_WA_985,2018-04-13,0.341,0.3310415744781494
SourdoughGulch_WA_985,2018-04-14,0.337,0.3310415744781494
SourdoughGulch_WA_985,2018-04-15,0.338,0.3329556882381439
SourdoughGulch_WA_985,2018-04-16,0.338,0.33593642711639404
SourdoughGulch_WA_985,2018-04-17,0.343,0.3345620334148407
SourdoughGulch_WA_985,2018-04-18,0.339,0.3345620334148407
SourdoughGulch_WA_985,2018-04-19,0.337,0.3320850729942322
SourdoughGulch_WA_985,2018-04-20,0.333,0.32910260558128357
SourdoughGulch_WA_985,2018-04-21,0.333,0.32873761653900146
SourdoughGulch_WA_985,2018-04-22,0.326,0.32751038670539856
SourdoughGulch_WA_985,2018-04-23,0.32,0.3291797637939453
SourdoughGulch_WA_985,2018-04-24,0.316,0.31430646777153015
SourdoughGulch_WA_985,2018-04-25,0.313,0.3114692270755768
SourdoughGulch_WA_985,2018-04-26,0.307,0.3091166615486145
SourdoughGulch_WA_985,2018-04-27,0.3,0.30384546518325806
SourdoughGulch_WA_985,2018-04-28,0.293,0.3076520562171936
SourdoughGulch_WA_985,2018-04-29,0.281,0.31700122356414795
SourdoughGulch_WA_985,2018-04-30,0.311,0.3159674108028412
SourdoughGulch_WA_985,2018-05-01,0.312,0.3244202733039856
SourdoughGulch_WA_985,2018-05-02,0.309,0.32337141036987305
SourdoughGulch_WA_985,2018-05-03,0.306,0.31323927640914917
SourdoughGulch_WA_985,2018-05-04,0.302,0.30862754583358765
SourdoughGulch_WA_985,2018-05-05,0.294,0.30666694045066833
SourdoughGulch_WA_985,2018-05-06,0.287,0.30945006012916565
SourdoughGulch_WA_985,2018-05-07,0.28,0.31150200963020325
SourdoughGulch_WA_985,2018-05-08,0.283,0.31455621123313904
SourdoughGulch_WA_985,2018-05-09,0.286,0.31393077969551086
SourdoughGulch_WA_985,2018-05-10,0.356,0.3156324326992035
SourdoughGulch_WA_985,2018-05-11,0.346,0.3156324326992035
SourdoughGulch_WA_985,2018-05-12,0.341,0.31264886260032654
SourdoughGulch_WA_985,2018-05-13,0.339,0.3068171739578247
SourdoughGulch_WA_985,2018-05-14,0.333,0.3011780083179474
SourdoughGulch_WA_985,2018-05-15,0.324,0.27780547738075256
SourdoughGulch_WA_985,2018-05-16,0.313,0.2614251375198364
SourdoughGulch_WA_985,2018-05-17,0.311,0.2916584610939026
SourdoughGulch_WA_985,2018-05-18,0.351,0.3209981322288513
SourdoughGulch_WA_985,2018-05-19,0.344,0.32850292325019836
SourdoughGulch_WA_985,2018-05-20,0.343,0.3371939957141876
SourdoughGulch_WA_985,2018-05-21,0.352,0.3377741575241089
SourdoughGulch_WA_985,2018-05-22,0.349,0.3409748077392578
SourdoughGulch_WA_985,2018-05-23,0.346,0.34199127554893494
SourdoughGulch_WA_985,2018-05-24,0.344,0.34082964062690735
SourdoughGulch_WA_985,2018-05-25,0.347,0.3422040343284607
SourdoughGulch_WA_985,2018-05-26,0.353,0.3422040343284607
SourdoughGulch_WA_985,2018-05-27,0.357,0.3418380320072174
SourdoughGulch_WA_985,2018-05-28,0.358,0.33973419666290283
SourdoughGulch_WA_985,2018-05-29,0.357,0.33871105313301086
SourdoughGulch_WA_985,2018-05-30,0.355,0.33971455693244934
SourdoughGulch_WA_985,2018-05-31,0.349,0.3349793553352356
SourdoughGulch_WA_985,2018-06-01,0.347,0.33467432856559753
SourdoughGulch_WA_985,2018-06-02,0.347,0.32681265473365784
SourdoughGulch_WA_985,2018-06-03,0.349,0.3349793553352356
SourdoughGulch_WA_985,2018-06-04,0.349,0.34255293011665344
SourdoughGulch_WA_985,2018-06-05,0.347,0.34215259552001953
SourdoughGulch_WA_985,2018-06-06,0.345,0.3340930938720703
SourdoughGulch_WA_985,2018-06-07,0.346,0.31767919659614563
SourdoughGulch_WA_985,2018-06-08,0.342,0.3173064589500427
SourdoughGulch_WA_985,2018-06-09,0.343,0.31479984521865845
SourdoughGulch_WA_985,2018-06-10,0.35,0.321543425321579
SourdoughGulch_WA_985,2018-06-11,0.349,0.33172890543937683
SourdoughGulch_WA_985,2018-06-12,0.349,0.3370282053947449
SourdoughGulch_WA_985,2018-06-13,0.349,0.3348006010055542
SourdoughGulch_WA_985,2018-06-14,0.346,0.3348006010055542
SourdoughGulch_WA_985,2018-06-15,0.341,0.3340054452419281
SourdoughGulch_WA_985,2018-06-16,0.337,0.33502471446990967
SourdoughGulch_WA_985,2018-06-17,0.327,0.33629050850868225
SourdoughGulch_WA_985,2018-06-18,0.33,0.3396046459674835
SourdoughGulch_WA_985,2018-06-19,0.329,0.3382302522659302
SourdoughGulch_WA_985,2018-06-20,0.345,0.34381285309791565
SourdoughGulch_WA_985,2018-06-21,0.345,0.34592491388320923
SourdoughGulch_WA_985,2018-06-22,0.358,0.34355175495147705
SourdoughGulch_WA_985,2018-06-23,0.353,0.33680272102355957
SourdoughGulch_WA_985,2018-06-24,0.352,0.32609304785728455
SourdoughGulch_WA_985,2018-06-25,0.361,0.32192757725715637
SourdoughGulch_WA_985,2018-06-26,0.356,0.32387775182724
SourdoughGulch_WA_985,2018-06-27,0.352,0.3196135461330414
SourdoughGulch_WA_985,2018-06-28,0.349,0.30115604400634766
SourdoughGulch_WA_985,2018-06-29,0.339,0.2826755940914154
SourdoughGulch_WA_985,2018-06-30,0.333,0.267948716878891
SourdoughGulch_WA_985,2018-07-01,0.329,0.2662490904331207
SourdoughGulch_WA_985,2018-07-02,0.33,0.26009583473205566
SourdoughGulch_WA_985,2018-07-03,0.324,0.2608419358730316
SourdoughGulch_WA_985,2018-07-04,0.315,0.27525702118873596
SourdoughGulch_WA_985,2018-07-05,0.318,0.27984094619750977
SourdoughGulch_WA_985,2018-07-06,0.321,0.2752716839313507
SourdoughGulch_WA_985,2018-07-07,0.307,0.27560997009277344
SourdoughGulch_WA_985,2018-07-08,0.309,0.2744466960430145
SourdoughGulch_WA_985,2018-07-09,0.309,0.2696298658847809
SourdoughGulch_WA_985,2018-07-10,0.309,0.27200618386268616
SourdoughGulch_WA_985,2018-07-11,0.303,0.2752360701560974
SourdoughGulch_WA_985,2018-07-12,0.301,0.2722133994102478
SourdoughGulch_WA_985,2018-07-13,0.298,0.27874982357025146
SourdoughGulch_WA_985,2018-07-14,0.297,0.278471440076828
SourdoughGulch_WA_985,2018-07-15,0.291,0.28177180886268616
SourdoughGulch_WA_985,2018-07-16,0.282,0.27150723338127136
SourdoughGulch_WA_985,2018-07-17,0.277,0.27150723338127136
SourdoughGulch_WA_985,2018-07-18,0.274,0.21701018512248993
SourdoughGulch_WA_985,2018-07-19,0.267,0.20834018290042877
SourdoughGulch_WA_985,2018-07-20,0.259,0.20834018290042877
SourdoughGulch_WA_985,2018-07-21,0.249,0.2087259143590927
SourdoughGulch_WA_985,2018-07-22,0.238,0.21889175474643707
SourdoughGulch_WA_985,2018-07-23,0.233,0.21053841710090637
SourdoughGulch_WA_985,2018-07-24,0.227,0.21195192635059357
SourdoughGulch_WA_985,2018-07-25,0.22,0.20911087095737457
SourdoughGulch_WA_985,2018-07-26,0.214,0.18483203649520874
SourdoughGulch_WA_985,2018-07-27,0.203,0.1652500033378601
SourdoughGulch_WA_985,2018-07-28,0.193,0.1564866453409195
SourdoughGulch_WA_985,2018-07-29,0.182,0.13517799973487854
SourdoughGulch_WA_985,2018-07-30,0.178,0.13157467544078827
SourdoughGulch_WA_985,2018-07-31,0.171,0.13082759082317352
SourdoughGulch_WA_985,2018-08-01,0.163,0.12427203357219696
SourdoughGulch_WA_985,2018-08-02,0.158,0.11686762422323227
SourdoughGulch_WA_985,2018-08-03,0.152,0.11400726437568665
SourdoughGulch_WA_985,2018-08-04,0.146,0.10973608493804932
SourdoughGulch_WA_985,2018-08-05,0.139,0.10755138844251633
SourdoughGulch_WA_985,2018-08-06,0.134,0.10643986612558365
SourdoughGulch_WA_985,2018-08-07,0.131,0.10539931058883667
SourdoughGulch_WA_985,2018-08-08,0.13,0.10482639074325562
SourdoughGulch_WA_985,2018-08-09,0.13,0.10378583520650864
SourdoughGulch_WA_985,2018-08-10,0.125,0.09311000257730484
SourdoughGulch_WA_985,2018-08-11,0.125,0.09227193146944046
SourdoughGulch_WA_985,2018-08-12,0.114,0.09227193146944046
SourdoughGulch_WA_985,2018-08-13,0.109,0.09196335077285767
SourdoughGulch_WA_985,2018-08-14,0.107,0.09343859553337097
SourdoughGulch_WA_985,2018-08-15,0.099,0.0932319164276123
SourdoughGulch_WA_985,2018-08-16,0.103,0.0932319164276123
SourdoughGulch_WA_985,2018-08-17,0.102,0.09172937273979187
SourdoughGulch_WA_985,2018-08-18,0.097,0.0654371976852417
SourdoughGulch_WA_985,2018-08-19,0.093,0.0661078467965126
SourdoughGulch_WA_985,2018-08-20,0.099,0.05826029181480408
SourdoughGulch_WA_985,2018-08-21,0.085,0.06503147631883621
SourdoughGulch_WA_985,2018-08-22,0.082,0.06672628223896027
SourdoughGulch_WA_985,2018-08-23,0.088,0.08107069134712219
SourdoughGulch_WA_985,2018-08-24,0.083,0.08125218003988266
SourdoughGulch_WA_985,2018-08-25,0.083,0.08209025114774704
SourdoughGulch_WA_985,2018-08-26,0.079,0.07819148898124695
SourdoughGulch_WA_985,2018-08-27,0.069,0.06288974732160568
SourdoughGulch_WA_985,2018-08-28,0.075,0.07349427044391632
SourdoughGulch_WA_985,2018-08-29,0.078,0.08793333917856216
SourdoughGulch_WA_985,2018-08-30,0.078,0.09666663408279419
SourdoughGulch_WA_985,2018-08-31,0.082,0.10411909967660904
SourdoughGulch_WA_985,2018-09-01,0.087,0.10623577982187271
SourdoughGulch_WA_985,2018-09-02,0.091,0.10605210065841675
SourdoughGulch_WA_985,2018-09-03,0.091,0.09698476642370224
SourdoughGulch_WA_985,2018-09-04,0.09,0.08617261797189713
SourdoughGulch_WA_985,2018-09-05,0.093,0.08599603176116943
SourdoughGulch_WA_985,2018-09-06,0.093,0.0913034975528717
SourdoughGulch_WA_985,2018-09-07,0.097,0.09234403818845749
SourdoughGulch_WA_985,2018-09-08,0.095,0.09264626353979111
SourdoughGulch_WA_985,2018-09-09,0.092,0.09234403818845749
SourdoughGulch_WA_985,2018-09-10,0.087,0.09046582132577896
SourdoughGulch_WA_985,2018-09-11,0.087,0.08056668192148209
SourdoughGulch_WA_985,2018-09-12,0.078,0.08372335880994797
SourdoughGulch_WA_985,2018-09-13,0.073,0.09005298465490341
SourdoughGulch_WA_985,2018-09-14,0.07,0.09211698174476624
SourdoughGulch_WA_985,2018-09-15,0.073,0.09486988931894302
SourdoughGulch_WA_985,2018-09-16,0.078,0.09353997558355331
SourdoughGulch_WA_985,2018-09-17,0.074,0.08784525096416473
SourdoughGulch_WA_985,2018-09-18,0.078,0.08283334970474243
SourdoughGulch_WA_985,2018-09-19,0.071,0.08098835498094559
SourdoughGulch_WA_985,2018-09-20,0.075,0.08098835498094559
SourdoughGulch_WA_985,2018-09-21,0.07,0.08074001222848892
SourdoughGulch_WA_985,2018-09-22,0.077,0.07958755642175674
SourdoughGulch_WA_985,2018-09-23,0.071,0.07755371928215027
SourdoughGulch_WA_985,2018-09-24,0.066,0.07435525208711624
SourdoughGulch_WA_985,2018-09-25,0.067,0.06160235032439232
SourdoughGulch_WA_985,2018-09-26,0.065,0.06160235032439232
SourdoughGulch_WA_985,2018-09-27,0.067,0.06177740916609764
SourdoughGulch_WA_985,2018-09-28,0.069,0.06177740916609764
SourdoughGulch_WA_985,2018-09-29,0.066,0.06177740916609764
SourdoughGulch_WA_985,2018-09-30,0.069,0.06141141802072525
SourdoughGulch_WA_985,2018-10-01,0.063,0.0567348413169384
SourdoughGulch_WA_985,2018-10-02,0.067,0.0567348413169384
SourdoughGulch_WA_985,2018-10-03,0.066,0.07033365964889526
SourdoughGulch_WA_985,2018-10-04,0.06,0.07204732298851013
SourdoughGulch_WA_985,2018-10-05,0.055,0.07799049466848373
SourdoughGulch_WA_985,2018-10-06,0.057,0.07834190875291824
SourdoughGulch_WA_985,2018-10-07,0.056,0.08010368049144745
SourdoughGulch_WA_985,2018-10-08,0.053,0.07784911245107651
SourdoughGulch_WA_985,2018-10-09,0.061,0.07651008665561676
SourdoughGulch_WA_985,2018-10-10,0.058,0.08279599249362946
SourdoughGulch_WA_985,2018-10-11,0.054,0.08931169658899307
SourdoughGulch_WA_985,2018-10-12,0.049,0.09152696281671524
SourdoughGulch_WA_985,2018-10-13,0.055,0.09688334167003632
SourdoughGulch_WA_985,2018-10-14,0.059,0.11299966275691986
SourdoughGulch_WA_985,2018-10-15,0.056,0.1422950178384781
SourdoughGulch_WA_985,2018-10-16,0.053,0.11486267298460007
SourdoughGulch_WA_985,2018-10-17,0.059,0.09833443909883499
SourdoughGulch_WA_985,2018-10-18,0.066,0.09464086592197418
SourdoughGulch_WA_985,2018-10-19,0.059,0.09460555762052536
SourdoughGulch_WA_985,2018-10-20,0.064,0.09164322912693024
SourdoughGulch_WA_985,2018-10-21,0.064,0.08933516591787338
SourdoughGulch_WA_985,2018-10-22,0.065,0.08404618501663208
SourdoughGulch_WA_985,2018-10-23,0.067,0.061657145619392395
SourdoughGulch_WA_985,2018-10-24,0.072,0.06664727628231049
SourdoughGulch_WA_985,2018-10-25,0.074,0.07486741244792938
SourdoughGulch_WA_985,2018-10-26,0.075,0.07548480480909348
SourdoughGulch_WA_985,2018-10-27,0.078,0.0830017626285553
SourdoughGulch_WA_985,2018-10-28,0.078,0.08644575625658035
SourdoughGulch_WA_985,2018-10-29,0.075,0.08955725282430649
SourdoughGulch_WA_985,2018-10-30,0.067,0.09426570683717728
SourdoughGulch_WA_985,2018-10-31,0.075,0.1032959371805191
SourdoughGulch_WA_985,2018-11-01,0.074,0.12394848465919495
SourdoughGulch_WA_985,2018-11-02,0.074,0.14537422358989716
SourdoughGulch_WA_985,2018-11-03,0.106,0.1576097458600998
SourdoughGulch_WA_985,2018-11-04,0.117,0.17201128602027893
SourdoughGulch_WA_985,2018-11-05,0.168,0.19433319568634033
SourdoughGulch_WA_985,2018-11-06,0.178,0.1959761381149292
SourdoughGulch_WA_985,2018-11-07,0.187,0.20812582969665527
SourdoughGulch_WA_985,2018-11-08,0.179,0.19494037330150604
SourdoughGulch_WA_985,2018-11-09,0.172,0.1810581237077713
SourdoughGulch_WA_985,2018-11-10,0.168,0.17156246304512024
SourdoughGulch_WA_985,2018-11-11,0.165,0.1710028499364853
SourdoughGulch_WA_985,2018-11-12,0.164,0.17725339531898499
SourdoughGulch_WA_985,2018-11-13,0.157,0.17639565467834473
SourdoughGulch_WA_985,2018-11-14,0.149,0.1746772974729538
SourdoughGulch_WA_985,2018-11-15,0.154,0.16689133644104004
SourdoughGulch_WA_985,2018-11-16,0.161,0.16770032048225403
SourdoughGulch_WA_985,2018-11-17,0.17,0.1582678258419037
SourdoughGulch_WA_985,2018-11-18,0.161,0.1574140191078186
SourdoughGulch_WA_985,2018-11-19,0.161,0.16853433847427368
SourdoughGulch_WA_985,2018-11-20,0.159,0.1762142926454544
SourdoughGulch_WA_985,2018-11-21,0.152,0.17733894288539886
SourdoughGulch_WA_985,2018-11-22,0.145,0.17822514474391937
SourdoughGulch_WA_985,2018-11-23,0.149,0.16784711182117462
SourdoughGulch_WA_985,2018-11-24,0.171,0.17234671115875244
SourdoughGulch_WA_985,2018-11-25,0.181,0.1821434646844864
SourdoughGulch_WA_985,2018-11-26,0.181,0.19405819475650787
SourdoughGulch_WA_985,2018-11-27,0.188,0.2075187712907791
SourdoughGulch_WA_985,2018-11-28,0.279,0.2149095982313156
SourdoughGulch_WA_985,2018-11-29,0.265,0.22708383202552795
SourdoughGulch_WA_985,2018-11-30,0.255,0.22570359706878662
SourdoughGulch_WA_985,2018-12-01,0.244,0.22287686169147491
SourdoughGulch_WA_985,2018-12-02,0.241,0.2216234803199768
SourdoughGulch_WA_985,2018-12-03,0.236,0.2182718962430954
SourdoughGulch_WA_985,2018-12-04,0.236,0.21155038475990295
SourdoughGulch_WA_985,2018-12-05,0.223,0.20268641412258148
SourdoughGulch_WA_985,2018-12-06,0.184,0.19097641110420227
SourdoughGulch_WA_985,2018-12-07,0.105,0.17532481253147125
SourdoughGulch_WA_985,2018-12-08,0.096,0.16925807297229767
SourdoughGulch_WA_985,2018-12-09,0.096,0.16389845311641693
SourdoughGulch_WA_985,2018-12-10,0.103,0.16018497943878174
SourdoughGulch_WA_985,2018-12-11,0.113,0.161693274974823
SourdoughGulch_WA_985,2018-12-12,0.11,0.15864238142967224
SourdoughGulch_WA_985,2018-12-13,0.116,0.17046158015727997
SourdoughGulch_WA_985,2018-12-14,0.116,0.1712152510881424
SourdoughGulch_WA_985,2018-12-15,0.119,0.19290554523468018
SourdoughGulch_WA_985,2018-12-16,0.125,0.1733768880367279
SourdoughGulch_WA_985,2018-12-17,0.133,0.20288614928722382
SourdoughGulch_WA_985,2018-12-18,0.166,0.25166648626327515
SourdoughGulch_WA_985,2018-12-19,0.335,0.2873118817806244
SourdoughGulch_WA_985,2018-12-20,0.323,0.3075149357318878
SourdoughGulch_WA_985,2018-12-21,0.322,0.3060043156147003
SourdoughGulch_WA_985,2018-12-22,0.31,0.2948218882083893
SourdoughGulch_WA_985,2018-12-23,0.289,0.29599806666374207
SourdoughGulch_WA_985,2018-12-24,0.286,0.2937074601650238
SourdoughGulch_WA_985,2018-12-25,0.29,0.2663854956626892
SourdoughGulch_WA_985,2018-12-26,0.288,0.27120092511177063
SourdoughGulch_WA_985,2018-12-27,0.283,0.25829410552978516
SourdoughGulch_WA_985,2018-12-28,0.276,0.2587440609931946
SourdoughGulch_WA_985,2018-12-29,0.259,0.2587440609931946
SourdoughGulch_WA_985,2018-12-30,0.258,0.26408442854881287
SourdoughGulch_WA_985,2018-12-31,0.32,0.2645905911922455
SourdoughGulch_WA_985,2019-01-01,0.295,0.2691041827201843
SourdoughGulch_WA_985,2019-01-02,0.222,0.254454642534256
SourdoughGulch_WA_985,2019-01-03,0.165,0.25520962476730347
SourdoughGulch_WA_985,2019-01-04,0.196,0.2504209280014038
SourdoughGulch_WA_985,2019-01-05,0.223,0.24398677051067352
SourdoughGulch_WA_985,2019-01-06,0.236,0.24468334019184113
SourdoughGulch_WA_985,2019-01-07,0.247,0.24312761425971985
SourdoughGulch_WA_985,2019-01-08,0.252,0.2556678056716919
SourdoughGulch_WA_985,2019-01-09,0.244,0.26249003410339355
SourdoughGulch_WA_985,2019-01-10,0.253,0.26502805948257446
SourdoughGulch_WA_985,2019-01-11,0.277,0.2595411539077759
SourdoughGulch_WA_985,2019-01-12,0.277,0.2660084366798401
SourdoughGulch_WA_985,2019-01-13,0.252,0.2649576961994171
SourdoughGulch_WA_985,2019-01-14,0.184,0.24116559326648712
SourdoughGulch_WA_985,2019-01-15,0.115,0.22022651135921478
SourdoughGulch_WA_985,2019-01-16,0.119,0.2167859673500061
SourdoughGulch_WA_985,2019-01-17,0.119,0.21541568636894226
SourdoughGulch_WA_985,2019-01-18,0.134,0.21462465822696686
SourdoughGulch_WA_985,2019-01-19,0.147,0.23762628436088562
SourdoughGulch_WA_985,2019-01-20,0.156,0.24246074259281158
SourdoughGulch_WA_985,2019-01-21,0.172,0.26547297835350037
SourdoughGulch_WA_985,2019-01-22,0.184,0.24960243701934814
SourdoughGulch_WA_985,2019-01-23,0.177,0.24109472334384918
SourdoughGulch_WA_985,2019-01-24,0.224,0.23849506676197052
SourdoughGulch_WA_985,2019-01-25,0.253,0.23983557522296906
SourdoughGulch_WA_985,2019-01-26,0.261,0.22588887810707092
SourdoughGulch_WA_985,2019-01-27,0.256,0.2170809507369995
SourdoughGulch_WA_985,2019-01-28,0.307,0.21754620969295502
SourdoughGulch_WA_985,2019-01-29,0.288,0.22915837168693542
SourdoughGulch_WA_985,2019-01-30,0.194,0.2320231944322586
SourdoughGulch_WA_985,2019-01-31,0.146,0.23444949090480804
SourdoughGulch_WA_985,2019-02-01,0.149,0.23888304829597473
SourdoughGulch_WA_985,2019-02-02,0.174,0.244268998503685
SourdoughGulch_WA_985,2019-02-03,0.193,0.2582870423793793
SourdoughGulch_WA_985,2019-02-04,0.242,0.2703871428966522
SourdoughGulch_WA_985,2019-02-05,0.267,0.2837839424610138
SourdoughGulch_WA_985,2019-02-06,0.276,0.29450729489326477
SourdoughGulch_WA_985,2019-02-07,0.274,0.2919512987136841
SourdoughGulch_WA_985,2019-02-08,0.266,0.2771328091621399
SourdoughGulch_WA_985,2019-02-09,0.25,0.2640041708946228
SourdoughGulch_WA_985,2019-02-10,0.247,0.25986382365226746
SourdoughGulch_WA_985,2019-02-11,0.236,0.26458609104156494
SourdoughGulch_WA_985,2019-02-12,0.231,0.2664110064506531
SourdoughGulch_WA_985,2019-02-13,0.243,0.2811174988746643
SourdoughGulch_WA_985,2019-02-14,0.258,0.2865190804004669
SourdoughGulch_WA_985,2019-02-15,0.265,0.29367387294769287
SourdoughGulch_WA_985,2019-02-16,0.267,0.295376181602478
SourdoughGulch_WA_985,2019-02-17,0.269,0.2837255299091339
SourdoughGulch_WA_985,2019-02-18,0.273,0.2784890830516815
SourdoughGulch_WA_985,2019-02-19,0.275,0.2692326009273529
SourdoughGulch_WA_985,2019-02-20,0.277,0.2706184387207031
SourdoughGulch_WA_985,2019-02-21,0.277,0.2700153589248657
SourdoughGulch_WA_985,2019-02-22,0.277,0.27101659774780273
SourdoughGulch_WA_985,2019-02-23,0.279,0.27272510528564453
SourdoughGulch_WA_985,2019-02-24,0.278,0.2745588719844818
SourdoughGulch_WA_985,2019-02-25,0.28,0.2744465470314026
SourdoughGulch_WA_985,2019-02-26,0.28,0.27293193340301514
SourdoughGulch_WA_985,2019-02-27,0.281,0.2682289481163025
SourdoughGulch_WA_985,2019-02-28,0.283,0.2667161524295807
SourdoughGulch_WA_985,2019-03-01,0.284,0.2661140561103821
SourdoughGulch_WA_985,2019-03-02,0.285,0.26570844650268555
SourdoughGulch_WA_985,2019-03-03,0.285,0.26658204197883606
SourdoughGulch_WA_985,2019-03-04,0.285,0.26751983165740967
SourdoughGulch_WA_985,2019-03-05,0.284,0.26807552576065063
SourdoughGulch_WA_985,2019-03-06,0.284,0.27477404475212097
SourdoughGulch_WA_985,2019-03-07,0.283,0.2712520956993103
SourdoughGulch_WA_985,2019-03-08,0.308,0.2825121581554413
SourdoughGulch_WA_985,2019-03-09,0.305,0.29046040773391724
SourdoughGulch_WA_985,2019-03-10,0.304,0.29923319816589355
SourdoughGulch_WA_985,2019-03-11,0.302,0.3016911745071411
SourdoughGulch_WA_985,2019-03-12,0.3,0.2979404330253601
SourdoughGulch_WA_985,2019-03-13,0.298,0.29963377118110657
SourdoughGulch_WA_985,2019-03-14,0.298,0.2992367446422577
SourdoughGulch_WA_985,2019-03-15,0.298,0.2979402542114258
SourdoughGulch_WA_985,2019-03-16,0.297,0.29599854350090027
SourdoughGulch_WA_985,2019-03-17,0.301,0.29022106528282166
SourdoughGulch_WA_985,2019-03-18,0.303,0.3008979260921478
SourdoughGulch_WA_985,2019-03-19,0.306,0.30393078923225403
SourdoughGulch_WA_985,2019-03-20,0.316,0.31988123059272766
SourdoughGulch_WA_985,2019-03-21,0.352,0.3191433548927307
SourdoughGulch_WA_985,2019-03-22,0.356,0.31337398290634155
SourdoughGulch_WA_985,2019-03-23,0.359,0.3171597421169281
SourdoughGulch_WA_985,2019-03-24,0.361,0.3196728229522705
SourdoughGulch_WA_985,2019-03-25,0.359,0.3222275674343109
SourdoughGulch_WA_985,2019-03-26,0.357,0.3365870714187622
SourdoughGulch_WA_985,2019-03-27,0.354,0.34135016798973083
SourdoughGulch_WA_985,2019-03-28,0.348,0.34207308292388916
SourdoughGulch_WA_985,2019-03-29,0.347,0.34175243973731995
SourdoughGulch_WA_985,2019-03-30,0.347,0.339806467294693
SourdoughGulch_WA_985,2019-03-31,0.341,0.33742624521255493
SourdoughGulch_WA_985,2019-04-01,0.338,0.33236223459243774
SourdoughGulch_WA_985,2019-04-02,0.335,0.32989537715911865
SourdoughGulch_WA_985,2019-04-03,0.333,0.31392601132392883
SourdoughGulch_WA_985,2019-04-04,0.331,0.3050592839717865
SourdoughGulch_WA_985,2019-04-05,0.328,0.3077700436115265
SourdoughGulch_WA_985,2019-04-06,0.339,0.31300443410873413
SourdoughGulch_WA_985,2019-04-07,0.338,0.31518110632896423
SourdoughGulch_WA_985,2019-04-08,0.354,0.3260141909122467
SourdoughGulch_WA_985,2019-04-09,0.35,0.33190393447875977
SourdoughGulch_WA_985,2019-04-10,0.341,0.32985395193099976
SourdoughGulch_WA_985,2019-04-11,0.336,0.3231861889362335
SourdoughGulch_WA_985,2019-04-12,0.338,0.313461035490036
SourdoughGulch_WA_985,2019-04-13,0.348,0.3105680048465729
SourdoughGulch_WA_985,2019-04-14,0.338,0.3064098060131073
SourdoughGulch_WA_985,2019-04-15,0.338,0.3080197274684906
SourdoughGulch_WA_985,2019-04-16,0.334,0.30809271335601807
SourdoughGulch_WA_985,2019-04-17,0.337,0.3071405589580536
SourdoughGulch_WA_985,2019-04-18,0.337,0.3085167407989502
SourdoughGulch_WA_985,2019-04-19,0.333,0.31390485167503357
SourdoughGulch_WA_985,2019-04-20,0.332,0.3288681209087372
SourdoughGulch_WA_985,2019-04-21,0.347,0.3263565003871918
SourdoughGulch_WA_985,2019-04-22,0.342,0.32398492097854614
SourdoughGulch_WA_985,2019-04-23,0.338,0.3311206102371216
SourdoughGulch_WA_985,2019-04-24,0.335,0.325501412153244
SourdoughGulch_WA_985,2019-04-25,0.328,0.31904879212379456
SourdoughGulch_WA_985,2019-04-26,0.323,0.3174988329410553
SourdoughGulch_WA_985,2019-04-27,0.315,0.31207382678985596
SourdoughGulch_WA_985,2019-04-28,0.308,0.3084377348423004
SourdoughGulch_WA_985,2019-04-29,0.303,0.3070225417613983
SourdoughGulch_WA_985,2019-04-30,0.3,0.3070225417613983
SourdoughGulch_WA_985,2019-05-01,0.295,0.3107765018939972
SourdoughGulch_WA_985,2019-05-02,0.289,0.3073509633541107
SourdoughGulch_WA_985,2019-05-03,0.287,0.3009270131587982
SourdoughGulch_WA_985,2019-05-04,0.284,0.30115175247192383
SourdoughGulch_WA_985,2019-05-05,0.281,0.3040297329425812
SourdoughGulch_WA_985,2019-05-06,0.274,0.2978805601596832
SourdoughGulch_WA_985,2019-05-07,0.272,0.3091214895248413
SourdoughGulch_WA_985,2019-05-08,0.267,0.29584747552871704
SourdoughGulch_WA_985,2019-05-09,0.26,0.2760075628757477
SourdoughGulch_WA_985,2019-05-10,0.258,0.2619621455669403
SourdoughGulch_WA_985,2019-05-11,0.253,0.2547994554042816
SourdoughGulch_WA_985,2019-05-12,0.25,0.2543346881866455
SourdoughGulch_WA_985,2019-05-13,0.245,0.23856502771377563
SourdoughGulch_WA_985,2019-05-14,0.232,0.20525117218494415
SourdoughGulch_WA_985,2019-05-15,0.219,0.18687878549098969
SourdoughGulch_WA_985,2019-05-16,0.217,0.1964910626411438
SourdoughGulch_WA_985,2019-05-17,0.215,0.21494436264038086
SourdoughGulch_WA_985,2019-05-18,0.211,0.22690561413764954
SourdoughGulch_WA_985,2019-05-19,0.212,0.23139052093029022
SourdoughGulch_WA_985,2019-05-20,0.216,0.23122192919254303
SourdoughGulch_WA_985,2019-05-21,0.203,0.22080442309379578
SourdoughGulch_WA_985,2019-05-22,0.206,0.2345428168773651
SourdoughGulch_WA_985,2019-05-23,0.209,0.23647786676883698
SourdoughGulch_WA_985,2019-05-24,0.216,0.24194766581058502
SourdoughGulch_WA_985,2019-05-25,0.211,0.2486085444688797
SourdoughGulch_WA_985,2019-05-26,0.311,0.25858408212661743
SourdoughGulch_WA_985,2019-05-27,0.309,0.2853126525878906
SourdoughGulch_WA_985,2019-05-28,0.292,0.26343464851379395
SourdoughGulch_WA_985,2019-05-29,0.291,0.26700693368911743
SourdoughGulch_WA_985,2019-05-30,0.283,0.28082165122032166
SourdoughGulch_WA_985,2019-05-31,0.273,0.30063122510910034
SourdoughGulch_WA_985,2019-06-01,0.269,0.306275337934494
SourdoughGulch_WA_985,2019-06-02,0.262,0.30428510904312134
SourdoughGulch_WA_985,2019-06-03,0.254,0.2936438024044037
SourdoughGulch_WA_985,2019-06-04,0.244,0.28878045082092285
SourdoughGulch_WA_985,2019-06-05,0.235,0.2830224335193634
SourdoughGulch_WA_985,2019-06-06,0.221,0.27627599239349365
SourdoughGulch_WA_985,2019-06-07,0.317,0.2787763476371765
SourdoughGulch_WA_985,2019-06-08,0.293,0.2796252965927124
SourdoughGulch_WA_985,2019-06-09,0.276,0.27862489223480225
SourdoughGulch_WA_985,2019-06-10,0.274,0.2630630135536194
SourdoughGulch_WA_985,2019-06-11,0.27,0.2631535232067108
SourdoughGulch_WA_985,2019-06-12,0.263,0.2667847275733948
SourdoughGulch_WA_985,2019-06-13,0.256,0.25835931301116943
SourdoughGulch_WA_985,2019-06-14,0.24,0.258705198764801
SourdoughGulch_WA_985,2019-06-15,0.234,0.25737038254737854
SourdoughGulch_WA_985,2019-06-16,0.223,0.2564491331577301
SourdoughGulch_WA_985,2019-06-17,0.216,0.2477923333644867
SourdoughGulch_WA_985,2019-06-18,0.203,0.2415347397327423
SourdoughGulch_WA_985,2019-06-19,0.188,0.22229908406734467
SourdoughGulch_WA_985,2019-06-20,0.183,0.2059832066297531
SourdoughGulch_WA_985,2019-06-21,0.168,0.2011660933494568
SourdoughGulch_WA_985,2019-06-22,0.157,0.1909928172826767
SourdoughGulch_WA_985,2019-06-23,0.158,0.19412381947040558
SourdoughGulch_WA_985,2019-06-24,0.154,0.1914718747138977
SourdoughGulch_WA_985,2019-06-25,0.154,0.18637186288833618
SourdoughGulch_WA_985,2019-06-26,0.156,0.19618970155715942
SourdoughGulch_WA_985,2019-06-27,0.268,0.22477541863918304
SourdoughGulch_WA_985,2019-06-28,0.316,0.25824975967407227
SourdoughGulch_WA_985,2019-06-29,0.307,0.2942367196083069
SourdoughGulch_WA_985,2019-06-30,0.308,0.30030831694602966
SourdoughGulch_WA_985,2019-07-01,0.303,0.3059903383255005
SourdoughGulch_WA_985,2019-07-02,0.292,0.29669201374053955
SourdoughGulch_WA_985,2019-07-03,0.287,0.2943951487541199
SourdoughGulch_WA_985,2019-07-04,0.284,0.3004450500011444
SourdoughGulch_WA_985,2019-07-05,0.279,0.29268619418144226
SourdoughGulch_WA_985,2019-07-06,0.278,0.29349812865257263
SourdoughGulch_WA_985,2019-07-07,0.278,0.28082406520843506
SourdoughGulch_WA_985,2019-07-08,0.268,0.28328898549079895
SourdoughGulch_WA_985,2019-07-09,0.261,0.2876015305519104
SourdoughGulch_WA_985,2019-07-10,0.26,0.27301841974258423
SourdoughGulch_WA_985,2019-07-11,0.258,0.24951204657554626
SourdoughGulch_WA_985,2019-07-12,0.248,0.2509753108024597
SourdoughGulch_WA_985,2019-07-13,0.244,0.24496224522590637
SourdoughGulch_WA_985,2019-07-14,0.236,0.2343946099281311
SourdoughGulch_WA_985,2019-07-15,0.225,0.22089634835720062
SourdoughGulch_WA_985,2019-07-16,0.205,0.21672272682189941
SourdoughGulch_WA_985,2019-07-17,0.196,0.20221269130706787
SourdoughGulch_WA_985,2019-07-18,0.185,0.18984957039356232
SourdoughGulch_WA_985,2019-07-19,0.19,0.17947876453399658
SourdoughGulch_WA_985,2019-07-20,0.176,0.16626621782779694
SourdoughGulch_WA_985,2019-07-21,0.175,0.16069871187210083
SourdoughGulch_WA_985,2019-07-22,0.174,0.15025313198566437
SourdoughGulch_WA_985,2019-07-23,0.166,0.13981454074382782
SourdoughGulch_WA_985,2019-07-24,0.163,0.13443544507026672
SourdoughGulch_WA_985,2019-07-25,0.157,0.13443544507026672
SourdoughGulch_WA_985,2019-07-26,0.151,0.13171860575675964
SourdoughGulch_WA_985,2019-07-27,0.147,0.13098272681236267
SourdoughGulch_WA_985,2019-07-28,0.145,0.1363992840051651
SourdoughGulch_WA_985,2019-07-29,0.139,0.12232109159231186
SourdoughGulch_WA_985,2019-07-30,0.132,0.11973316222429276
SourdoughGulch_WA_985,2019-07-31,0.133,0.1193968877196312
SourdoughGulch_WA_985,2019-08-01,0.129,0.11532887071371078
SourdoughGulch_WA_985,2019-08-02,0.126,0.12064079940319061
SourdoughGulch_WA_985,2019-08-03,0.119,0.12411520630121231
SourdoughGulch_WA_985,2019-08-04,0.111,0.12511621415615082
SourdoughGulch_WA_985,2019-08-05,0.111,0.11737962812185287
SourdoughGulch_WA_985,2019-08-06,0.112,0.11592977494001389
SourdoughGulch_WA_985,2019-08-07,0.107,0.11384004354476929
SourdoughGulch_WA_985,2019-08-08,0.104,0.10999156534671783
SourdoughGulch_WA_985,2019-08-09,0.096,0.10301513224840164
SourdoughGulch_WA_985,2019-08-10,0.091,0.09054633975028992
SourdoughGulch_WA_985,2019-08-11,0.091,0.1171468123793602
SourdoughGulch_WA_985,2019-08-12,0.093,0.12907889485359192
SourdoughGulch_WA_985,2019-08-13,0.109,0.14278730750083923
SourdoughGulch_WA_985,2019-08-14,0.112,0.14727142453193665
SourdoughGulch_WA_985,2019-08-15,0.114,0.1499405950307846
SourdoughGulch_WA_985,2019-08-16,0.11,0.14971254765987396
SourdoughGulch_WA_985,2019-08-17,0.115,0.13906893134117126
SourdoughGulch_WA_985,2019-08-18,0.105,0.13615664839744568
SourdoughGulch_WA_985,2019-08-19,0.105,0.1264977753162384
SourdoughGulch_WA_985,2019-08-20,0.108,0.11803518235683441
SourdoughGulch_WA_985,2019-08-21,0.107,0.10017862170934677
SourdoughGulch_WA_985,2019-08-22,0.106,0.10122160613536835
SourdoughGulch_WA_985,2019-08-23,0.094,0.10729704052209854
SourdoughGulch_WA_985,2019-08-24,0.096,0.10340681672096252
SourdoughGulch_WA_985,2019-08-25,0.097,0.10236383229494095
SourdoughGulch_WA_985,2019-08-26,0.094,0.10136798769235611
SourdoughGulch_WA_985,2019-08-27,0.088,0.09859277307987213
SourdoughGulch_WA_985,2019-08-28,0.087,0.09805711358785629
SourdoughGulch_WA_985,2019-08-29,0.088,0.09621375799179077
SourdoughGulch_WA_985,2019-08-30,0.079,0.09425052255392075
SourdoughGulch_WA_985,2019-08-31,0.082,0.09425052255392075
SourdoughGulch_WA_985,2019-09-01,0.083,0.0952157974243164
SourdoughGulch_WA_985,2019-09-02,0.082,0.09292175620794296
SourdoughGulch_WA_985,2019-09-03,0.079,0.08816228061914444
SourdoughGulch_WA_985,2019-09-04,0.078,0.08640050143003464
SourdoughGulch_WA_985,2019-09-05,0.074,0.08415576815605164
SourdoughGulch_WA_985,2019-09-06,0.07,0.07848281413316727
SourdoughGulch_WA_985,2019-09-07,0.069,0.08505623042583466
SourdoughGulch_WA_985,2019-09-08,0.063,0.08350913971662521
SourdoughGulch_WA_985,2019-09-09,0.065,0.0777743011713028
SourdoughGulch_WA_985,2019-09-10,0.068,0.08177602291107178
SourdoughGulch_WA_985,2019-09-11,0.067,0.08338169753551483
SourdoughGulch_WA_985,2019-09-12,0.062,0.10298600047826767
SourdoughGulch_WA_985,2019-09-13,0.071,0.10349684953689575
SourdoughGulch_WA_985,2019-09-14,0.073,0.11339432746171951
SourdoughGulch_WA_985,2019-09-15,0.076,0.10752938687801361
SourdoughGulch_WA_985,2019-09-16,0.08,0.097060427069664
SourdoughGulch_WA_985,2019-09-17,0.073,0.097060427069664
SourdoughGulch_WA_985,2019-09-18,0.077,0.09651099890470505
SourdoughGulch_WA_985,2019-09-19,0.085,0.10396279394626617
SourdoughGulch_WA_985,2019-09-20,0.12,0.11425559222698212
SourdoughGulch_WA_985,2019-09-21,0.133,0.13186703622341156
SourdoughGulch_WA_985,2019-09-22,0.14,0.13653315603733063
SourdoughGulch_WA_985,2019-09-23,0.144,0.15175767242908478
SourdoughGulch_WA_985,2019-09-24,0.146,0.14701466262340546
SourdoughGulch_WA_985,2019-09-25,0.147,0.13497307896614075
SourdoughGulch_WA_985,2019-09-26,0.145,0.13461633026599884
SourdoughGulch_WA_985,2019-09-27,0.143,0.12723521888256073
SourdoughGulch_WA_985,2019-09-28,0.139,0.12486167997121811
SourdoughGulch_WA_985,2019-09-29,0.129,0.1302500218153
SourdoughGulch_WA_985,2019-09-30,0.126,0.13071605563163757
SourdoughGulch_WA_985,2019-10-01,0.12,0.1447477638721466
SourdoughGulch_WA_985,2019-10-02,0.135,0.1603248566389084
SourdoughGulch_WA_985,2019-10-03,0.145,0.1664227545261383
SourdoughGulch_WA_985,2019-10-04,0.156,0.16703251004219055
SourdoughGulch_WA_985,2019-10-05,0.157,0.16399243474006653
SourdoughGulch_WA_985,2019-10-06,0.157,0.16004543006420135
SourdoughGulch_WA_985,2019-10-07,0.157,0.17993322014808655
SourdoughGulch_WA_985,2019-10-08,0.158,0.16731394827365875
SourdoughGulch_WA_985,2019-10-09,0.174,0.1855863481760025
SourdoughGulch_WA_985,2019-10-10,0.219,0.1954256147146225
SourdoughGulch_WA_985,2019-10-11,0.222,0.2063782662153244
SourdoughGulch_WA_985,2019-10-12,0.225,0.21055036783218384
SourdoughGulch_WA_985,2019-10-13,0.229,0.210984468460083
SourdoughGulch_WA_985,2019-10-14,0.234,0.2130097597837448
SourdoughGulch_WA_985,2019-10-15,0.233,0.22316554188728333
SourdoughGulch_WA_985,2019-10-16,0.228,0.2421547919511795
SourdoughGulch_WA_985,2019-10-17,0.23,0.2509710490703583
SourdoughGulch_WA_985,2019-10-18,0.224,0.25888922810554504
SourdoughGulch_WA_985,2019-10-19,0.217,0.28339657187461853
SourdoughGulch_WA_985,2019-10-20,0.345,0.31377217173576355
SourdoughGulch_WA_985,2019-10-21,0.328,0.33253318071365356
SourdoughGulch_WA_985,2019-10-22,0.315,0.3339075744152069
SourdoughGulch_WA_985,2019-10-23,0.326,0.32676222920417786
SourdoughGulch_WA_985,2019-10-24,0.31,0.3179382383823395
SourdoughGulch_WA_985,2019-10-25,0.303,0.30934444069862366
SourdoughGulch_WA_985,2019-10-26,0.302,0.3043455481529236
SourdoughGulch_WA_985,2019-10-27,0.291,0.30004358291625977
SourdoughGulch_WA_985,2019-10-28,0.286,0.296582967042923
SourdoughGulch_WA_985,2019-10-29,0.281,0.29625940322875977
SourdoughGulch_WA_985,2019-10-30,0.282,0.2824784219264984
SourdoughGulch_WA_985,2019-10-31,0.275,0.2586480379104614
SourdoughGulch_WA_985,2019-11-01,0.271,0.2489517331123352
SourdoughGulch_WA_985,2019-11-02,0.269,0.22894692420959473
SourdoughGulch_WA_985,2019-11-03,0.267,0.21340620517730713
SourdoughGulch_WA_985,2019-11-04,0.27,0.22444027662277222
SourdoughGulch_WA_985,2019-11-05,0.308,0.26436737179756165
SourdoughGulch_WA_985,2019-11-06,0.305,0.2928857207298279
SourdoughGulch_WA_985,2019-11-07,0.3,0.2934829294681549
SourdoughGulch_WA_985,2019-11-08,0.294,0.2933168411254883
SourdoughGulch_WA_985,2019-11-09,0.297,0.28071701526641846
SourdoughGulch_WA_985,2019-11-10,0.297,0.27849841117858887
SourdoughGulch_WA_985,2019-11-11,0.298,0.28891193866729736
SourdoughGulch_WA_985,2019-11-12,0.29,0.2928578853607178
SourdoughGulch_WA_985,2019-11-13,0.291,0.2942338287830353
SourdoughGulch_WA_985,2019-11-14,0.289,0.29303210973739624
SourdoughGulch_WA_985,2019-11-15,0.286,0.2779287099838257
SourdoughGulch_WA_985,2019-11-16,0.289,0.2785361111164093
SourdoughGulch_WA_985,2019-11-17,0.288,0.2779287099838257
SourdoughGulch_WA_985,2019-11-18,0.293,0.29562777280807495
SourdoughGulch_WA_985,2019-11-19,0.292,0.2839992642402649
SourdoughGulch_WA_985,2019-11-20,0.304,0.29544928669929504
SourdoughGulch_WA_985,2019-11-21,0.305,0.28658148646354675
SourdoughGulch_WA_985,2019-11-22,0.296,0.2768239974975586
SourdoughGulch_WA_985,2019-11-23,0.28,0.25767287611961365
SourdoughGulch_WA_985,2019-11-24,0.271,0.24760183691978455
SourdoughGulch_WA_985,2019-11-25,0.276,0.2459041327238083
SourdoughGulch_WA_985,2019-11-26,0.273,0.24366526305675507
SourdoughGulch_WA_985,2019-11-27,0.274,0.2414415180683136
SourdoughGulch_WA_985,2019-11-28,0.276,0.24368992447853088
SourdoughGulch_WA_985,2019-11-29,0.277,0.2446369081735611
SourdoughGulch_WA_985,2019-11-30,0.272,0.2553766667842865
SourdoughGulch_WA_985,2019-12-01,0.27,0.24951913952827454
SourdoughGulch_WA_985,2019-12-02,0.265,0.25602322816848755
SourdoughGulch_WA_985,2019-12-03,0.266,0.2552858889102936
SourdoughGulch_WA_985,2019-12-04,0.266,0.25595903396606445
SourdoughGulch_WA_985,2019-12-05,0.273,0.25595903396606445
SourdoughGulch_WA_985,2019-12-06,0.29,0.25595903396606445
SourdoughGulch_WA_985,2019-12-07,0.304,0.2551409900188446
SourdoughGulch_WA_985,2019-12-08,0.337,0.2538898289203644
SourdoughGulch_WA_985,2019-12-09,0.327,0.26463738083839417
SourdoughGulch_WA_985,2019-12-10,0.309,0.263998419046402
SourdoughGulch_WA_985,2019-12-11,0.294,0.2770950198173523
SourdoughGulch_WA_985,2019-12-12,0.295,0.2841845154762268
SourdoughGulch_WA_985,2019-12-13,0.319,0.2955317199230194
SourdoughGulch_WA_985,2019-12-14,0.325,0.30252212285995483
SourdoughGulch_WA_985,2019-12-15,0.312,0.3051203489303589
SourdoughGulch_WA_985,2019-12-16,0.306,0.29400795698165894
SourdoughGulch_WA_985,2019-12-17,0.296,0.2974117696285248
SourdoughGulch_WA_985,2019-12-18,0.285,0.2789420485496521
SourdoughGulch_WA_985,2019-12-19,0.281,0.2805693745613098
SourdoughGulch_WA_985,2019-12-20,0.279,0.2884598672389984
SourdoughGulch_WA_985,2019-12-21,0.332,0.2883906960487366
SourdoughGulch_WA_985,2019-12-22,0.333,0.28408583998680115
SourdoughGulch_WA_985,2019-12-23,0.325,0.289360910654068
SourdoughGulch_WA_985,2019-12-24,0.331,0.28549623489379883
SourdoughGulch_WA_985,2019-12-25,0.319,0.27916863560676575
SourdoughGulch_WA_985,2019-12-26,0.303,0.2757546007633209
SourdoughGulch_WA_985,2019-12-27,0.291,0.27122053503990173
SourdoughGulch_WA_985,2019-12-28,0.278,0.2610760033130646
SourdoughGulch_WA_985,2019-12-29,0.272,0.2617093324661255
SourdoughGulch_WA_985,2019-12-30,0.271,0.25733262300491333
SourdoughGulch_WA_985,2019-12-31,0.276,0.2757745087146759
SourdoughGulch_WA_985,2020-01-01,0.303,0.29831254482269287
SourdoughGulch_WA_985,2020-01-02,0.339,0.30872219800949097
SourdoughGulch_WA_985,2020-01-03,0.33,0.3107887804508209
SourdoughGulch_WA_985,2020-01-04,0.329,0.3123196065425873
SourdoughGulch_WA_985,2020-01-05,0.323,0.3045393228530884
SourdoughGulch_WA_985,2020-01-06,0.311,0.3071776032447815
SourdoughGulch_WA_985,2020-01-07,0.314,0.3090367913246155
SourdoughGulch_WA_985,2020-01-08,0.324,0.30522358417510986
SourdoughGulch_WA_985,2020-01-09,0.319,0.30740025639533997
SourdoughGulch_WA_985,2020-01-10,0.311,0.3075818121433258
SourdoughGulch_WA_985,2020-01-11,0.298,0.30657899379730225
SourdoughGulch_WA_985,2020-01-12,0.297,0.30135634541511536
SourdoughGulch_WA_985,2020-01-13,0.298,0.2922643721103668
SourdoughGulch_WA_985,2020-01-14,0.3,0.2803424596786499
SourdoughGulch_WA_985,2020-01-15,0.301,0.28281933069229126
SourdoughGulch_WA_985,2020-01-16,0.301,0.27950519323349
SourdoughGulch_WA_985,2020-01-17,0.3,0.2773551642894745
SourdoughGulch_WA_985,2020-01-18,0.301,0.27418720722198486
SourdoughGulch_WA_985,2020-01-19,0.3,0.26993513107299805
SourdoughGulch_WA_985,2020-01-20,0.3,0.264157235622406
SourdoughGulch_WA_985,2020-01-21,0.301,0.2781951427459717
SourdoughGulch_WA_985,2020-01-22,0.322,0.29169315099716187
SourdoughGulch_WA_985,2020-01-23,0.322,0.3077499270439148
SourdoughGulch_WA_985,2020-01-24,0.33,0.31805315613746643
SourdoughGulch_WA_985,2020-01-25,0.343,0.3213503360748291
SourdoughGulch_WA_985,2020-01-26,0.337,0.3221065104007721
SourdoughGulch_WA_985,2020-01-27,0.341,0.33222609758377075
SourdoughGulch_WA_985,2020-01-28,0.328,0.3331160843372345
SourdoughGulch_WA_985,2020-01-29,0.345,0.32933124899864197
SourdoughGulch_WA_985,2020-01-30,0.333,0.32622629404067993
SourdoughGulch_WA_985,2020-01-31,0.333,0.3333773612976074
SourdoughGulch_WA_985,2020-02-01,0.346,0.33454084396362305
SourdoughGulch_WA_985,2020-02-02,0.341,0.3313349187374115
SourdoughGulch_WA_985,2020-02-03,0.332,0.32197660207748413
SourdoughGulch_WA_985,2020-02-04,0.319,0.3175007700920105
SourdoughGulch_WA_985,2020-02-05,0.307,0.323247492313385
SourdoughGulch_WA_985,2020-02-06,0.342,0.3250618278980255
SourdoughGulch_WA_985,2020-02-07,0.351,0.32592934370040894
SourdoughGulch_WA_985,2020-02-08,0.343,0.32195132970809937
SourdoughGulch_WA_985,2020-02-09,0.333,0.32085657119750977
SourdoughGulch_WA_985,2020-02-10,0.328,0.3179227411746979
SourdoughGulch_WA_985,2020-02-11,0.321,0.3081899583339691
SourdoughGulch_WA_985,2020-02-12,0.313,0.3076215088367462
SourdoughGulch_WA_985,2020-02-13,0.311,0.31203579902648926
SourdoughGulch_WA_985,2020-02-14,0.301,0.31459522247314453
SourdoughGulch_WA_985,2020-02-15,0.305,0.31923097372055054
SourdoughGulch_WA_985,2020-02-16,0.301,0.32359153032302856
SourdoughGulch_WA_985,2020-02-17,0.311,0.32103443145751953
SourdoughGulch_WA_985,2020-02-18,0.311,0.31312569975852966
SourdoughGulch_WA_985,2020-02-19,0.302,0.3088543713092804
SourdoughGulch_WA_985,2020-02-20,0.292,0.3088543713092804
SourdoughGulch_WA_985,2020-02-21,0.282,0.3088543713092804
SourdoughGulch_WA_985,2020-02-22,0.274,0.306655615568161
SourdoughGulch_WA_985,2020-02-23,0.276,0.3102940022945404
SourdoughGulch_WA_985,2020-02-24,0.322,0.3133210837841034
SourdoughGulch_WA_985,2020-02-25,0.314,0.32907751202583313
SourdoughGulch_WA_985,2020-02-26,0.3,0.3233216404914856
SourdoughGulch_WA_985,2020-02-27,0.335,0.3278682231903076
SourdoughGulch_WA_985,2020-02-28,0.325,0.3265087902545929
SourdoughGulch_WA_985,2020-02-29,0.336,0.32756781578063965
SourdoughGulch_WA_985,2020-03-01,0.33,0.32597482204437256
SourdoughGulch_WA_985,2020-03-02,0.315,0.32056793570518494
SourdoughGulch_WA_985,2020-03-03,0.307,0.32024624943733215
SourdoughGulch_WA_985,2020-03-04,0.328,0.31927087903022766
SourdoughGulch_WA_985,2020-03-05,0.324,0.31786826252937317
SourdoughGulch_WA_985,2020-03-06,0.324,0.3127099871635437
SourdoughGulch_WA_985,2020-03-07,0.321,0.3164979815483093
SourdoughGulch_WA_985,2020-03-08,0.318,0.32064124941825867
SourdoughGulch_WA_985,2020-03-09,0.314,0.3192336857318878
SourdoughGulch_WA_985,2020-03-10,0.312,0.31725600361824036
SourdoughGulch_WA_985,2020-03-11,0.31,0.31353652477264404
SourdoughGulch_WA_985,2020-03-12,0.314,0.3110615313053131
SourdoughGulch_WA_985,2020-03-13,0.304,0.3127731680870056
SourdoughGulch_WA_985,2020-03-14,0.301,0.3151257634162903
SourdoughGulch_WA_985,2020-03-15,0.302,0.3162403404712677
SourdoughGulch_WA_985,2020-03-16,0.304,0.3238533139228821
SourdoughGulch_WA_985,2020-03-17,0.306,0.32491570711135864
SourdoughGulch_WA_985,2020-03-18,0.34,0.32274046540260315
SourdoughGulch_WA_985,2020-03-19,0.336,0.3229418992996216
SourdoughGulch_WA_985,2020-03-20,0.331,0.3209811747074127
SourdoughGulch_WA_985,2020-03-21,0.327,0.316774845123291
SourdoughGulch_WA_985,2020-03-22,0.325,0.3156985342502594
SourdoughGulch_WA_985,2020-03-23,0.321,0.322659969329834
SourdoughGulch_WA_985,2020-03-24,0.32,0.3142445683479309
SourdoughGulch_WA_985,2020-03-25,0.313,0.3160739839076996
SourdoughGulch_WA_985,2020-03-26,0.313,0.31548500061035156
SourdoughGulch_WA_985,2020-03-27,0.311,0.3137161433696747
SourdoughGulch_WA_985,2020-03-28,0.311,0.31526899337768555
SourdoughGulch_WA_985,2020-03-29,0.313,0.3212367296218872
SourdoughGulch_WA_985,2020-03-30,0.317,0.3246820867061615
SourdoughGulch_WA_985,2020-03-31,0.355,0.3325076997280121
SourdoughGulch_WA_985,2020-04-01,0.344,0.3395047187805176
SourdoughGulch_WA_985,2020-04-02,0.343,0.33920249342918396
SourdoughGulch_WA_985,2020-04-03,0.336,0.334268182516098
SourdoughGulch_WA_985,2020-04-04,0.332,0.33230555057525635
SourdoughGulch_WA_985,2020-04-05,0.331,0.33108994364738464
SourdoughGulch_WA_985,2020-04-06,0.33,0.3309962749481201
SourdoughGulch_WA_985,2020-04-07,0.329,0.3305153548717499
SourdoughGulch_WA_985,2020-04-08,0.327,0.3288157880306244
SourdoughGulch_WA_985,2020-04-09,0.323,0.32865700125694275
SourdoughGulch_WA_985,2020-04-10,0.319,0.3266751766204834
SourdoughGulch_WA_985,2020-04-11,0.316,0.3186507523059845
SourdoughGulch_WA_985,2020-04-12,0.307,0.3142940402030945
SourdoughGulch_WA_985,2020-04-13,0.3,0.31195664405822754
SourdoughGulch_WA_985,2020-04-14,0.295,0.30960404872894287
SourdoughGulch_WA_985,2020-04-15,0.294,0.30812084674835205
SourdoughGulch_WA_985,2020-04-16,0.341,0.30836573243141174
SourdoughGulch_WA_985,2020-04-17,0.336,0.3081624507904053
SourdoughGulch_WA_985,2020-04-18,0.332,0.30537867546081543
SourdoughGulch_WA_985,2020-04-19,0.324,0.3066633939743042
SourdoughGulch_WA_985,2020-04-20,0.32,0.3024411201477051
SourdoughGulch_WA_985,2020-04-21,0.319,0.30211755633354187
SourdoughGulch_WA_985,2020-04-22,0.316,0.30323535203933716
SourdoughGulch_WA_985,2020-04-23,0.307,0.3112792372703552
SourdoughGulch_WA_985,2020-04-24,0.349,0.31740137934684753
SourdoughGulch_WA_985,2020-04-25,0.34,0.3216201066970825
SourdoughGulch_WA_985,2020-04-26,0.336,0.3201754689216614
SourdoughGulch_WA_985,2020-04-27,0.334,0.31663942337036133
SourdoughGulch_WA_985,2020-04-28,0.327,0.3141193389892578
SourdoughGulch_WA_985,2020-04-29,0.32,0.31428682804107666
SourdoughGulch_WA_985,2020-04-30,0.314,0.31428682804107666
SourdoughGulch_WA_985,2020-05-01,0.308,0.3138653337955475
SourdoughGulch_WA_985,2020-05-02,0.307,0.3208494484424591
SourdoughGulch_WA_985,2020-05-03,0.301,0.32182690501213074
SourdoughGulch_WA_985,2020-05-04,0.299,0.3200945258140564
SourdoughGulch_WA_985,2020-05-05,0.296,0.312234103679657
SourdoughGulch_WA_985,2020-05-06,0.292,0.30979791283607483
SourdoughGulch_WA_985,2020-05-07,0.284,0.30242079496383667
SourdoughGulch_WA_985,2020-05-08,0.284,0.2966561019420624
SourdoughGulch_WA_985,2020-05-09,0.28,0.28363752365112305
SourdoughGulch_WA_985,2020-05-10,0.274,0.27824464440345764
SourdoughGulch_WA_985,2020-05-11,0.265,0.2667502164840698
SourdoughGulch_WA_985,2020-05-12,0.254,0.2713141441345215
SourdoughGulch_WA_985,2020-05-13,0.322,0.2948562502861023
SourdoughGulch_WA_985,2020-05-14,0.313,0.30172044038772583
SourdoughGulch_WA_985,2020-05-15,0.35,0.3156891167163849
SourdoughGulch_WA_985,2020-05-16,0.347,0.31764835119247437
SourdoughGulch_WA_985,2020-05-17,0.342,0.3158350884914398
SourdoughGulch_WA_985,2020-05-18,0.341,0.3172338902950287
SourdoughGulch_WA_985,2020-05-19,0.339,0.3263048529624939
SourdoughGulch_WA_985,2020-05-20,0.354,0.33312344551086426
SourdoughGulch_WA_985,2020-05-21,0.369,0.34415894746780396
SourdoughGulch_WA_985,2020-05-22,0.351,0.3458611071109772
SourdoughGulch_WA_985,2020-05-23,0.344,0.345283180475235
SourdoughGulch_WA_985,2020-05-24,0.339,0.3225575089454651
SourdoughGulch_WA_985,2020-05-25,0.336,0.33057621121406555
SourdoughGulch_WA_985,2020-05-26,0.33,0.33129310607910156
SourdoughGulch_WA_985,2020-05-27,0.333,0.32303738594055176
SourdoughGulch_WA_985,2020-05-28,0.328,0.317899227142334
SourdoughGulch_WA_985,2020-05-29,0.319,0.31521904468536377
SourdoughGulch_WA_985,2020-05-30,0.317,0.30893445014953613
SourdoughGulch_WA_985,2020-05-31,0.308,0.3164949417114258
SourdoughGulch_WA_985,2020-06-01,0.353,0.3229473829269409
SourdoughGulch_WA_985,2020-06-02,0.342,0.33577853441238403
SourdoughGulch_WA_985,2020-06-03,0.335,0.3350851535797119
SourdoughGulch_WA_985,2020-06-04,0.326,0.33013132214546204
SourdoughGulch_WA_985,2020-06-05,0.317,0.328262597322464
SourdoughGulch_WA_985,2020-06-06,0.311,0.3204251527786255
SourdoughGulch_WA_985,2020-06-07,0.351,0.3286064863204956
SourdoughGulch_WA_985,2020-06-08,0.346,0.33391520380973816
SourdoughGulch_WA_985,2020-06-09,0.339,0.33665943145751953
SourdoughGulch_WA_985,2020-06-10,0.334,0.33661210536956787
SourdoughGulch_WA_985,2020-06-11,0.338,0.33527088165283203
SourdoughGulch_WA_985,2020-06-12,0.337,0.3300461173057556
SourdoughGulch_WA_985,2020-06-13,0.33,0.3385078012943268
SourdoughGulch_WA_985,2020-06-14,0.364,0.34282079339027405
SourdoughGulch_WA_985,2020-06-15,0.352,0.3470328450202942
SourdoughGulch_WA_985,2020-06-16,0.351,0.3476026654243469
SourdoughGulch_WA_985,2020-06-17,0.357,0.3460427224636078
SourdoughGulch_WA_985,2020-06-18,0.352,0.3471175730228424
SourdoughGulch_WA_985,2020-06-19,0.347,0.34314465522766113
SourdoughGulch_WA_985,2020-06-20,0.342,0.33951717615127563
SourdoughGulch_WA_985,2020-06-21,0.337,0.3375469446182251
SourdoughGulch_WA_985,2020-06-22,0.338,0.33589309453964233
SourdoughGulch_WA_985,2020-06-23,0.332,0.3211131989955902
SourdoughGulch_WA_985,2020-06-24,0.324,0.3172801733016968
SourdoughGulch_WA_985,2020-06-25,0.314,0.30979081988334656
SourdoughGulch_WA_985,2020-06-26,0.305,0.3053491711616516
SourdoughGulch_WA_985,2020-06-27,0.295,0.29871654510498047
SourdoughGulch_WA_985,2020-06-28,0.28,0.29312723875045776
SourdoughGulch_WA_985,2020-06-29,0.266,0.30466970801353455
SourdoughGulch_WA_985,2020-06-30,0.355,0.3203795552253723
SourdoughGulch_WA_985,2020-07-01,0.36,0.33149364590644836
SourdoughGulch_WA_985,2020-07-02,0.348,0.3275626599788666
SourdoughGulch_WA_985,2020-07-03,0.343,0.3126394748687744
SourdoughGulch_WA_985,2020-07-04,0.336,0.279849112033844
SourdoughGulch_WA_985,2020-07-05,0.327,0.28035101294517517
SourdoughGulch_WA_985,2020-07-06,0.319,0.2521556615829468
SourdoughGulch_WA_985,2020-07-07,0.312,0.2439430207014084
SourdoughGulch_WA_985,2020-07-08,0.305,0.2746303081512451
SourdoughGulch_WA_985,2020-07-09,0.301,0.2782573699951172
SourdoughGulch_WA_985,2020-07-10,0.294,0.28388291597366333
SourdoughGulch_WA_985,2020-07-11,0.292,0.28623801469802856
SourdoughGulch_WA_985,2020-07-12,0.289,0.2825462818145752
SourdoughGulch_WA_985,2020-07-13,0.277,0.27823421359062195
SourdoughGulch_WA_985,2020-07-14,0.269,0.27708229422569275
SourdoughGulch_WA_985,2020-07-15,0.26,0.26140230894088745
SourdoughGulch_WA_985,2020-07-16,0.249,0.22202269732952118
SourdoughGulch_WA_985,2020-07-17,0.238,0.20557673275470734
SourdoughGulch_WA_985,2020-07-18,0.22,0.21147997677326202
SourdoughGulch_WA_985,2020-07-19,0.216,0.20747044682502747
SourdoughGulch_WA_985,2020-07-20,0.203,0.18793974816799164
SourdoughGulch_WA_985,2020-07-21,0.191,0.18123425543308258
SourdoughGulch_WA_985,2020-07-22,0.185,0.1805010586977005
SourdoughGulch_WA_985,2020-07-23,0.179,0.1805010586977005
SourdoughGulch_WA_985,2020-07-24,0.17,0.17501969635486603
SourdoughGulch_WA_985,2020-07-25,0.166,0.1791306585073471
SourdoughGulch_WA_985,2020-07-26,0.162,0.17905351519584656
SourdoughGulch_WA_985,2020-07-27,0.159,0.17220064997673035
SourdoughGulch_WA_985,2020-07-28,0.156,0.1652892827987671
SourdoughGulch_WA_985,2020-07-29,0.15,0.15736889839172363
SourdoughGulch_WA_985,2020-07-30,0.15,0.15247464179992676
SourdoughGulch_WA_985,2020-07-31,0.149,0.1439800262451172
SourdoughGulch_WA_985,2020-08-01,0.148,0.13708968460559845
SourdoughGulch_WA_985,2020-08-02,0.138,0.1358196884393692
SourdoughGulch_WA_985,2020-08-03,0.139,0.11987030506134033
SourdoughGulch_WA_985,2020-08-04,0.138,0.11470045149326324
SourdoughGulch_WA_985,2020-08-05,0.133,0.11487489193677902
SourdoughGulch_WA_985,2020-08-06,0.133,0.1154140904545784
SourdoughGulch_WA_985,2020-08-07,0.127,0.11417075991630554
SourdoughGulch_WA_985,2020-08-08,0.123,0.11498937010765076
SourdoughGulch_WA_985,2020-08-09,0.123,0.11719419062137604
SourdoughGulch_WA_985,2020-08-10,0.122,0.11384021490812302
SourdoughGulch_WA_985,2020-08-11,0.126,0.11309314519166946
SourdoughGulch_WA_985,2020-08-12,0.125,0.11230997741222382
SourdoughGulch_WA_985,2020-08-13,0.117,0.10737821459770203
SourdoughGulch_WA_985,2020-08-14,0.121,0.10737821459770203
SourdoughGulch_WA_985,2020-08-15,0.117,0.10597459971904755
SourdoughGulch_WA_985,2020-08-16,0.121,0.1034112274646759
SourdoughGulch_WA_985,2020-08-17,0.12,0.1022351086139679
SourdoughGulch_WA_985,2020-08-18,0.118,0.1008923277258873
SourdoughGulch_WA_985,2020-08-19,0.115,0.09320175647735596
SourdoughGulch_WA_985,2020-08-20,0.106,0.0933302566409111
SourdoughGulch_WA_985,2020-08-21,0.109,0.0933302566409111
SourdoughGulch_WA_985,2020-08-22,0.109,0.08393212407827377
SourdoughGulch_WA_985,2020-08-23,0.109,0.08483918011188507
SourdoughGulch_WA_985,2020-08-24,0.111,0.0795416608452797
SourdoughGulch_WA_985,2020-08-25,0.103,0.08370586484670639
SourdoughGulch_WA_985,2020-08-26,0.106,0.08370586484670639
SourdoughGulch_WA_985,2020-08-27,0.106,0.0921521931886673
SourdoughGulch_WA_985,2020-08-28,0.104,0.0921521931886673
SourdoughGulch_WA_985,2020-08-29,0.104,0.0921521931886673
SourdoughGulch_WA_985,2020-08-30,0.098,0.09160773456096649
SourdoughGulch_WA_985,2020-08-31,0.096,0.08252489566802979
SourdoughGulch_WA_985,2020-09-01,0.091,0.09049660712480545
SourdoughGulch_WA_985,2020-09-02,0.091,0.08915787190198898
SourdoughGulch_WA_985,2020-09-03,0.096,0.08915787190198898
SourdoughGulch_WA_985,2020-09-04,0.091,0.08640975505113602
SourdoughGulch_WA_985,2020-09-05,0.094,0.08920612931251526
SourdoughGulch_WA_985,2020-09-06,0.092,0.09793808311223984
SourdoughGulch_WA_985,2020-09-07,0.09,0.08417700231075287
SourdoughGulch_WA_985,2020-09-08,0.081,0.08097869902849197
SourdoughGulch_WA_985,2020-09-09,0.075,0.08192230761051178
SourdoughGulch_WA_985,2020-09-10,0.073,0.08192230761051178
SourdoughGulch_WA_985,2020-09-11,0.077,0.08192230761051178
SourdoughGulch_WA_985,2020-09-12,0.074,0.08166765421628952
SourdoughGulch_WA_985,2020-09-13,0.073,0.08166765421628952
SourdoughGulch_WA_985,2020-09-14,0.073,0.0765112042427063
SourdoughGulch_WA_985,2020-09-15,0.075,0.0766436904668808
SourdoughGulch_WA_985,2020-09-16,0.07,0.07653599232435226
SourdoughGulch_WA_985,2020-09-17,0.069,0.07653599232435226
SourdoughGulch_WA_985,2020-09-18,0.071,0.07653599232435226
SourdoughGulch_WA_985,2020-09-19,0.071,0.0750492736697197
SourdoughGulch_WA_985,2020-09-20,0.068,0.07489851862192154
SourdoughGulch_WA_985,2020-09-21,0.067,0.08038648962974548
SourdoughGulch_WA_985,2020-09-22,0.068,0.08259070664644241
SourdoughGulch_WA_985,2020-09-23,0.073,0.09940074384212494
SourdoughGulch_WA_985,2020-09-24,0.074,0.10738074034452438
SourdoughGulch_WA_985,2020-09-25,0.071,0.11216747015714645
SourdoughGulch_WA_985,2020-09-26,0.072,0.12401677668094635
SourdoughGulch_WA_985,2020-09-27,0.208,0.1492152065038681
SourdoughGulch_WA_985,2020-09-28,0.195,0.14310523867607117
SourdoughGulch_WA_985,2020-09-29,0.186,0.13757258653640747
SourdoughGulch_WA_985,2020-09-30,0.179,0.13371090590953827
SourdoughGulch_WA_985,2020-10-01,0.178,0.13043153285980225
SourdoughGulch_WA_985,2020-10-02,0.17,0.12610414624214172
SourdoughGulch_WA_985,2020-10-03,0.161,0.11865996569395065
SourdoughGulch_WA_985,2020-10-04,0.156,0.11022070795297623
SourdoughGulch_WA_985,2020-10-05,0.147,0.12231820821762085
SourdoughGulch_WA_985,2020-10-06,0.143,0.11949163675308228
SourdoughGulch_WA_985,2020-10-07,0.139,0.11965040862560272
SourdoughGulch_WA_985,2020-10-08,0.139,0.11863023042678833
SourdoughGulch_WA_985,2020-10-09,0.129,0.11774183064699173
SourdoughGulch_WA_985,2020-10-10,0.122,0.12009972333908081
SourdoughGulch_WA_985,2020-10-11,0.117,0.133779838681221
SourdoughGulch_WA_985,2020-10-12,0.109,0.13660722970962524
SourdoughGulch_WA_985,2020-10-13,0.174,0.17882397770881653
SourdoughGulch_WA_985,2020-10-14,0.325,0.20905911922454834
SourdoughGulch_WA_985,2020-10-15,0.285,0.21529921889305115
SourdoughGulch_WA_985,2020-10-16,0.27,0.2159842997789383
SourdoughGulch_WA_985,2020-10-17,0.266,0.2171243280172348
SourdoughGulch_WA_985,2020-10-18,0.26,0.1869446188211441
SourdoughGulch_WA_985,2020-10-19,0.255,0.18086178600788116
SourdoughGulch_WA_985,2020-10-20,0.249,0.16142715513706207
SourdoughGulch_WA_985,2020-10-21,0.243,0.18212130665779114
SourdoughGulch_WA_985,2020-10-22,0.232,0.19713465869426727
SourdoughGulch_WA_985,2020-10-23,0.227,0.21064428985118866
SourdoughGulch_WA_985,2020-10-24,0.221,0.24390609562397003
SourdoughGulch_WA_985,2020-10-25,0.317,0.26662692427635193
SourdoughGulch_WA_985,2020-10-26,0.288,0.29259058833122253
SourdoughGulch_WA_985,2020-10-27,0.265,0.29328668117523193
SourdoughGulch_WA_985,2020-10-28,0.258,0.28518250584602356
SourdoughGulch_WA_985,2020-10-29,0.305,0.26756080985069275
SourdoughGulch_WA_985,2020-10-30,0.302,0.2607519328594208
SourdoughGulch_WA_985,2020-10-31,0.298,0.25708702206611633
SourdoughGulch_WA_985,2020-11-01,0.286,0.24946229159832
SourdoughGulch_WA_985,2020-11-02,0.282,0.2491016834974289
SourdoughGulch_WA_985,2020-11-03,0.278,0.24263495206832886
SourdoughGulch_WA_985,2020-11-04,0.278,0.24978972971439362
SourdoughGulch_WA_985,2020-11-05,0.277,0.252882182598114
SourdoughGulch_WA_985,2020-11-06,0.275,0.27630770206451416
SourdoughGulch_WA_985,2020-11-07,0.348,0.30179235339164734
SourdoughGulch_WA_985,2020-11-08,0.334,0.3202653229236603
SourdoughGulch_WA_985,2020-11-09,0.325,0.3387181758880615
SourdoughGulch_WA_985,2020-11-10,0.326,0.3267190754413605
SourdoughGulch_WA_985,2020-11-11,0.327,0.316804975271225
SourdoughGulch_WA_985,2020-11-12,0.328,0.30906742811203003
SourdoughGulch_WA_985,2020-11-13,0.328,0.30213141441345215
SourdoughGulch_WA_985,2020-11-14,0.329,0.31197667121887207
SourdoughGulch_WA_985,2020-11-15,0.331,0.31531858444213867
SourdoughGulch_WA_985,2020-11-16,0.331,0.31464168429374695
SourdoughGulch_WA_985,2020-11-17,0.361,0.3335873484611511
SourdoughGulch_WA_985,2020-11-18,0.351,0.3245082199573517
SourdoughGulch_WA_985,2020-11-19,0.353,0.32562950253486633
SourdoughGulch_WA_985,2020-11-20,0.334,0.32089921832084656
SourdoughGulch_WA_985,2020-11-21,0.321,0.31237074732780457
SourdoughGulch_WA_985,2020-11-22,0.308,0.30031827092170715
SourdoughGulch_WA_985,2020-11-23,0.295,0.27184271812438965
SourdoughGulch_WA_985,2020-11-24,0.297,0.2912350296974182
SourdoughGulch_WA_985,2020-11-25,0.3,0.28958186507225037
SourdoughGulch_WA_985,2020-11-26,0.299,0.29189813137054443
SourdoughGulch_WA_985,2020-11-27,0.299,0.2865789532661438
SourdoughGulch_WA_985,2020-11-28,0.293,0.2865789532661438
SourdoughGulch_WA_985,2020-11-29,0.291,0.2741394340991974
SourdoughGulch_WA_985,2020-11-30,0.29,0.2616036832332611
SourdoughGulch_WA_985,2020-12-01,0.285,0.2606797516345978
SourdoughGulch_WA_985,2020-12-02,0.279,0.26299673318862915
SourdoughGulch_WA_985,2020-12-03,0.263,0.26246193051338196
SourdoughGulch_WA_985,2020-12-04,0.246,0.2586992084980011
SourdoughGulch_WA_985,2020-12-05,0.222,0.2584727108478546
SourdoughGulch_WA_985,2020-12-06,0.188,0.2364444136619568
SourdoughGulch_WA_985,2020-12-07,0.177,0.22304631769657135
SourdoughGulch_WA_985,2020-12-08,0.155,0.23005133867263794
SourdoughGulch_WA_985,2020-12-09,0.195,0.21552075445652008
SourdoughGulch_WA_985,2020-12-10,0.258,0.25242841243743896
SourdoughGulch_WA_985,2020-12-11,0.282,0.2561779022216797
SourdoughGulch_WA_985,2020-12-12,0.273,0.26077917218208313
SourdoughGulch_WA_985,2020-12-13,0.249,0.26397278904914856
SourdoughGulch_WA_985,2020-12-14,0.219,0.2660094201564789
SourdoughGulch_WA_985,2020-12-15,0.221,0.24488000571727753
SourdoughGulch_WA_985,2020-12-16,0.224,0.25350579619407654
SourdoughGulch_WA_985,2020-12-17,0.238,0.2547713816165924
SourdoughGulch_WA_985,2020-12-18,0.258,0.262942373752594
SourdoughGulch_WA_985,2020-12-19,0.283,0.2647583782672882
SourdoughGulch_WA_985,2020-12-20,0.314,0.27460888028144836
SourdoughGulch_WA_985,2020-12-21,0.35,0.2861572206020355
SourdoughGulch_WA_985,2020-12-22,0.35,0.30414438247680664
SourdoughGulch_WA_985,2020-12-23,0.339,0.30467551946640015
SourdoughGulch_WA_985,2020-12-24,0.322,0.303129643201828
SourdoughGulch_WA_985,2020-12-25,0.307,0.30481407046318054
SourdoughGulch_WA_985,2020-12-26,0.3,0.30712491273880005
SourdoughGulch_WA_985,2020-12-27,0.307,0.30430638790130615
SourdoughGulch_WA_985,2020-12-28,0.301,0.3035265803337097
SourdoughGulch_WA_985,2020-12-29,0.285,0.2984916865825653
SourdoughGulch_WA_985,2020-12-30,0.27,0.29965585470199585
SourdoughGulch_WA_985,2020-12-31,0.262,0.30804213881492615
Spokane,2017-03-19,0.323,0.3330428898334503
Spokane,2017-03-20,0.319,0.3213335871696472
Spokane,2017-03-21,0.325,0.3310546875
Spokane,2017-03-22,0.327,0.3356408476829529
Spokane,2017-03-23,0.321,0.3339115381240845
Spokane,2017-03-24,0.331,0.3373468816280365
Spokane,2017-03-25,0.326,0.33722907304763794
Spokane,2017-03-26,0.322,0.33551451563835144
Spokane,2017-03-27,0.325,0.337544322013855
Spokane,2017-03-28,0.322,0.32955634593963623
Spokane,2017-03-29,0.335,0.33567315340042114
Spokane,2017-03-30,0.325,0.3298330008983612
Spokane,2017-03-31,0.32,0.320902019739151
Spokane,2017-04-01,0.316,0.31405770778656006
Spokane,2017-04-02,0.313,0.3216472268104553
Spokane,2017-04-03,0.309,0.31936579942703247
Spokane,2017-04-04,0.306,0.31111910939216614
Spokane,2017-04-05,0.306,0.3124452233314514
Spokane,2017-04-06,0.307,0.3124452233314514
Spokane,2017-04-07,0.321,0.31111231446266174
Spokane,2017-04-08,0.319,0.3127793073654175
Spokane,2017-04-09,0.316,0.30685746669769287
Spokane,2017-04-10,0.32,0.31963568925857544
Spokane,2017-04-11,0.317,0.308335542678833
Spokane,2017-04-12,0.318,0.31058022379875183
Spokane,2017-04-13,0.326,0.31361454725265503
Spokane,2017-04-14,0.319,0.3094867169857025
Spokane,2017-04-15,0.314,0.3075415790081024
Spokane,2017-04-16,0.311,0.30604279041290283
Spokane,2017-04-17,0.331,0.31343767046928406
Spokane,2017-04-18,0.328,0.31749287247657776
Spokane,2017-04-19,0.322,0.3138274550437927
Spokane,2017-04-20,0.318,0.3173801600933075
Spokane,2017-04-21,0.314,0.30594903230667114
Spokane,2017-04-22,0.309,0.3045904040336609
Spokane,2017-04-23,0.305,0.30789417028427124
Spokane,2017-04-24,0.305,0.31051743030548096
Spokane,2017-04-25,0.303,0.30965787172317505
Spokane,2017-04-26,0.305,0.30965787172317505
Spokane,2017-04-27,0.304,0.30771273374557495
Spokane,2017-04-28,0.299,0.3064339756965637
Spokane,2017-04-29,0.295,0.3044888377189636
Spokane,2017-04-30,0.289,0.3064339756965637
Spokane,2017-05-01,0.286,0.30959081649780273
Spokane,2017-05-02,0.285,0.3038988411426544
Spokane,2017-05-03,0.28,0.2942981421947479
Spokane,2017-05-04,0.274,0.28400424122810364
Spokane,2017-05-05,0.271,0.2745702266693115
Spokane,2017-05-06,0.276,0.27289018034935
Spokane,2017-05-07,0.272,0.2745702266693115
Spokane,2017-05-08,0.266,0.2800125777721405
Spokane,2017-05-09,0.259,0.2597337067127228
Spokane,2017-05-10,0.251,0.2453695833683014
Spokane,2017-05-11,0.249,0.2391916662454605
Spokane,2017-05-12,0.26,0.2391916662454605
Spokane,2017-05-13,0.254,0.23861540853977203
Spokane,2017-05-14,0.254,0.24173405766487122
Spokane,2017-05-15,0.257,0.23879115283489227
Spokane,2017-05-16,0.277,0.248139426112175
Spokane,2017-05-17,0.276,0.24853205680847168
Spokane,2017-05-18,0.271,0.2509216070175171
Spokane,2017-05-19,0.264,0.24870462715625763
Spokane,2017-05-20,0.271,0.24877746403217316
Spokane,2017-05-21,0.267,0.24456456303596497
Spokane,2017-05-22,0.255,0.2434631735086441
Spokane,2017-05-23,0.244,0.24235986173152924
Spokane,2017-05-24,0.232,0.23229731619358063
Spokane,2017-05-25,0.226,0.21204136312007904
Spokane,2017-05-26,0.218,0.19546276330947876
Spokane,2017-05-27,0.207,0.17915119230747223
Spokane,2017-05-28,0.195,0.17126253247261047
Spokane,2017-05-29,0.182,0.1789913922548294
Spokane,2017-05-30,0.17,0.14269819855690002
Spokane,2017-05-31,0.16,0.12744110822677612
Spokane,2017-06-01,0.157,0.1138777807354927
Spokane,2017-06-02,0.152,0.107579305768013
Spokane,2017-06-03,0.144,0.10586341470479965
Spokane,2017-06-04,0.139,0.10122919827699661
Spokane,2017-06-05,0.138,0.09784276783466339
Spokane,2017-06-06,0.131,0.09621734917163849
Spokane,2017-06-07,0.122,0.09613312780857086
Spokane,2017-06-08,0.113,0.0997459813952446
Spokane,2017-06-09,0.111,0.1011909544467926
Spokane,2017-06-10,0.107,0.10191091150045395
Spokane,2017-06-11,0.103,0.10161580890417099
Spokane,2017-06-12,0.098,0.09744136035442352
Spokane,2017-06-13,0.092,0.09243866056203842
Spokane,2017-06-14,0.086,0.08127644658088684
Spokane,2017-06-15,0.08,0.07242117077112198
Spokane,2017-06-16,0.086,0.08774179965257645
Spokane,2017-06-17,0.101,0.09518513828516006
Spokane,2017-06-18,0.104,0.09523574262857437
Spokane,2017-06-19,0.099,0.0917481780052185
Spokane,2017-06-20,0.092,0.08763749897480011
Spokane,2017-06-21,0.084,0.08381330966949463
Spokane,2017-06-22,0.078,0.07065415382385254
Spokane,2017-06-23,0.072,0.06938859820365906
Spokane,2017-06-24,0.067,0.05904995650053024
Spokane,2017-06-25,0.062,0.05578792095184326
Spokane,2017-06-26,0.058,0.053047556430101395
Spokane,2017-06-27,0.056,0.05682101100683212
Spokane,2017-06-28,0.055,0.06623075902462006
Spokane,2017-06-29,0.054,0.06947922706604004
Spokane,2017-06-30,0.056,0.07956557720899582
Spokane,2017-07-01,0.055,0.08004075288772583
Spokane,2017-07-02,0.052,0.06775148212909698
Spokane,2017-07-03,0.049,0.0677095353603363
Spokane,2017-07-04,0.046,0.06068247929215431
Spokane,2017-07-05,0.043,0.05920247361063957
Spokane,2017-07-06,0.04,0.05807368829846382
Spokane,2017-07-07,0.037,0.05807368829846382
Spokane,2017-07-08,0.035,0.04622161388397217
Spokane,2017-07-09,0.032,0.044174835085868835
Spokane,2017-07-10,0.031,0.044314492493867874
Spokane,2017-07-11,0.03,0.03996248170733452
Spokane,2017-07-12,0.028,0.03996248170733452
Spokane,2017-07-13,0.028,0.039795584976673126
Spokane,2017-07-14,0.027,0.03599395975470543
Spokane,2017-07-15,0.026,0.02991025149822235
Spokane,2017-07-16,0.026,0.02991025149822235
Spokane,2017-07-17,0.025,0.029765548184514046
Spokane,2017-07-18,0.024,0.029765548184514046
Spokane,2017-07-19,0.024,0.029765548184514046
Spokane,2017-07-20,0.024,0.029765548184514046
Spokane,2017-07-21,0.023,0.029353557154536247
Spokane,2017-07-22,0.023,0.02755916677415371
Spokane,2017-07-23,0.024,0.027269747108221054
Spokane,2017-07-24,0.022,0.026158524677157402
Spokane,2017-07-25,0.022,0.02250620350241661
Spokane,2017-07-26,0.022,0.02215496264398098
Spokane,2017-07-27,0.021,0.019937409088015556
Spokane,2017-07-28,0.021,0.019937409088015556
Spokane,2017-07-29,0.021,0.01920419931411743
Spokane,2017-07-30,0.02,0.01920419931411743
Spokane,2017-07-31,0.02,0.01920419931411743
Spokane,2017-08-01,0.02,0.01920419931411743
Spokane,2017-08-02,0.02,0.01920419931411743
Spokane,2017-08-03,0.02,0.01920419931411743
Spokane,2017-08-04,0.02,0.01920419931411743
Spokane,2017-08-05,0.019,0.01920419931411743
Spokane,2017-08-06,0.019,0.01920419931411743
Spokane,2017-08-07,0.019,0.01913950778543949
Spokane,2017-08-08,0.018,0.01913950778543949
Spokane,2017-08-09,0.018,0.01942943036556244
Spokane,2017-08-10,0.018,0.01942943036556244
Spokane,2017-08-11,0.019,0.01942943036556244
Spokane,2017-08-12,0.017,0.01942943036556244
Spokane,2017-08-13,0.017,0.020354634150862694
Spokane,2017-08-14,0.018,0.01871921867132187
Spokane,2017-08-15,0.017,0.019280722364783287
Spokane,2017-08-16,0.017,0.019280722364783287
Spokane,2017-08-17,0.017,0.019007347524166107
Spokane,2017-08-18,0.016,0.019007347524166107
Spokane,2017-08-19,0.016,0.019007347524166107
Spokane,2017-08-20,0.015,0.019007347524166107
Spokane,2017-08-21,0.015,0.018335532397031784
Spokane,2017-08-22,0.016,0.018335532397031784
Spokane,2017-08-23,0.016,0.018335532397031784
Spokane,2017-08-24,0.017,0.018335532397031784
Spokane,2017-08-25,0.015,0.018335532397031784
Spokane,2017-08-26,0.014,0.018335532397031784
Spokane,2017-08-27,0.015,0.018335532397031784
Spokane,2017-08-28,0.014,0.01979721151292324
Spokane,2017-08-29,0.016,0.01979721151292324
Spokane,2017-08-30,0.016,0.020240232348442078
Spokane,2017-08-31,0.015,0.020240232348442078
Spokane,2017-09-01,0.015,0.020240232348442078
Spokane,2017-09-02,0.015,0.020240232348442078
Spokane,2017-09-03,0.014,0.020240232348442078
Spokane,2017-09-04,0.014,0.019920693710446358
Spokane,2017-09-05,0.013,0.019920693710446358
Spokane,2017-09-06,0.014,0.019920693710446358
Spokane,2017-09-07,0.014,0.019920693710446358
Spokane,2017-09-08,0.016,0.019920693710446358
Spokane,2017-09-09,0.015,0.019920693710446358
Spokane,2017-09-10,0.015,0.02012527734041214
Spokane,2017-09-11,0.014,0.019293826073408127
Spokane,2017-09-12,0.014,0.019293826073408127
Spokane,2017-09-13,0.012,0.018869923427700996
Spokane,2017-09-14,0.012,0.020584089681506157
Spokane,2017-09-15,0.011,0.020584089681506157
Spokane,2017-09-16,0.011,0.020584089681506157
Spokane,2017-09-17,0.011,0.018643837422132492
Spokane,2017-09-18,0.016,0.03541025146842003
Spokane,2017-09-19,0.045,0.0783689022064209
Spokane,2017-09-20,0.122,0.1141827255487442
Spokane,2017-09-21,0.142,0.12120413035154343
Spokane,2017-09-22,0.136,0.11049488186836243
Spokane,2017-09-23,0.13,0.11999620497226715
Spokane,2017-09-24,0.124,0.12057749181985855
Spokane,2017-09-25,0.119,0.10956817865371704
Spokane,2017-09-26,0.114,0.1006539985537529
Spokane,2017-09-27,0.111,0.09904052317142487
Spokane,2017-09-28,0.108,0.10364508628845215
Spokane,2017-09-29,0.105,0.10274053364992142
Spokane,2017-09-30,0.102,0.10115998983383179
Spokane,2017-10-01,0.099,0.09141740202903748
Spokane,2017-10-02,0.097,0.09042974561452866
Spokane,2017-10-03,0.094,0.08327299356460571
Spokane,2017-10-04,0.093,0.08991429209709167
Spokane,2017-10-05,0.092,0.0958227589726448
Spokane,2017-10-06,0.091,0.09535235911607742
Spokane,2017-10-07,0.091,0.09760169684886932
Spokane,2017-10-08,0.088,0.09577938169240952
Spokane,2017-10-09,0.086,0.09607081115245819
Spokane,2017-10-10,0.085,0.09042701125144958
Spokane,2017-10-11,0.084,0.08502538502216339
Spokane,2017-10-12,0.083,0.08776414394378662
Spokane,2017-10-13,0.093,0.08842106908559799
Spokane,2017-10-14,0.118,0.09023766219615936
Spokane,2017-10-15,0.119,0.090057373046875
Spokane,2017-10-16,0.117,0.09589449316263199
Spokane,2017-10-17,0.115,0.10847654938697815
Spokane,2017-10-18,0.119,0.1093875989317894
Spokane,2017-10-19,0.145,0.12740999460220337
Spokane,2017-10-20,0.187,0.13998457789421082
Spokane,2017-10-21,0.181,0.15514616668224335
Spokane,2017-10-22,0.249,0.1705644279718399
Spokane,2017-10-23,0.215,0.21096928417682648
Spokane,2017-10-24,0.205,0.2086704522371292
Spokane,2017-10-25,0.2,0.2001805156469345
Spokane,2017-10-26,0.196,0.20292149484157562
Spokane,2017-10-27,0.191,0.2082773596048355
Spokane,2017-10-28,0.189,0.2089347243309021
Spokane,2017-10-30,0.183,0.20656423270702362
Spokane,2017-10-31,0.179,0.19463737308979034
Spokane,2017-11-01,0.178,0.1787135899066925
Spokane,2017-11-02,0.178,0.16265243291854858
Spokane,2017-11-03,0.193,0.20431749522686005
Spokane,2017-11-04,0.197,0.2108234167098999
Spokane,2017-11-05,0.204,0.22128920257091522
Spokane,2017-11-06,0.215,0.23024433851242065
Spokane,2017-11-07,0.212,0.21827061474323273
Spokane,2017-11-08,0.215,0.2073870152235031
Spokane,2017-11-09,0.234,0.19867564737796783
Spokane,2017-11-10,0.235,0.20625515282154083
Spokane,2017-11-11,0.236,0.23033487796783447
Spokane,2017-11-12,0.23,0.23948518931865692
Spokane,2017-11-13,0.238,0.2534918189048767
Spokane,2017-11-14,0.238,0.2610268294811249
Spokane,2017-11-15,0.235,0.24866299331188202
Spokane,2017-11-16,0.259,0.254377543926239
Spokane,2017-11-17,0.25,0.25051289796829224
Spokane,2017-11-18,0.246,0.2524072527885437
Spokane,2017-11-19,0.244,0.2776712477207184
Spokane,2017-11-20,0.29,0.30034035444259644
Spokane,2017-11-21,0.301,0.3128087818622589
Spokane,2017-11-22,0.3,0.3113654851913452
Spokane,2017-11-23,0.3,0.3044859766960144
Spokane,2017-11-24,0.295,0.30020129680633545
Spokane,2017-11-25,0.292,0.3030708432197571
Spokane,2017-11-26,0.295,0.30237168073654175
Spokane,2017-11-27,0.296,0.2899405062198639
Spokane,2017-11-28,0.297,0.29736077785491943
Spokane,2017-11-29,0.302,0.3007713556289673
Spokane,2017-11-30,0.297,0.2986912131309509
Spokane,2017-12-01,0.296,0.2936035692691803
Spokane,2017-12-02,0.294,0.2875732183456421
Spokane,2017-12-03,0.296,0.2759416103363037
Spokane,2017-12-04,0.288,0.27304232120513916
Spokane,2017-12-05,0.281,0.2784334123134613
Spokane,2017-12-06,0.272,0.2770639657974243
Spokane,2017-12-07,0.283,0.2679615318775177
Spokane,2018-02-05,0.311,0.2987053394317627
Spokane,2018-02-06,0.309,0.3004623353481293
Spokane,2018-02-07,0.307,0.30411916971206665
Spokane,2018-02-08,0.306,0.30411916971206665
Spokane,2018-02-09,0.304,0.30518436431884766
Spokane,2018-02-10,0.299,0.2990895211696625
Spokane,2018-02-11,0.296,0.2990895211696625
Spokane,2018-02-12,0.293,0.2985268831253052
Spokane,2018-02-13,0.296,0.2855224311351776
Spokane,2018-02-14,0.298,0.28240880370140076
Spokane,2018-02-15,0.298,0.28540873527526855
Spokane,2018-02-16,0.299,0.2774237394332886
Spokane,2018-02-19,0.319,0.27312377095222473
Spokane,2018-03-18,0.314,0.3035563826560974
Spokane,2018-03-19,0.307,0.3025982975959778
Spokane,2018-03-20,0.304,0.3016265332698822
Spokane,2018-03-21,0.302,0.30418863892555237
Spokane,2018-03-22,0.313,0.3025466799736023
Spokane,2018-03-23,0.312,0.3051602840423584
Spokane,2018-03-24,0.319,0.3067628741264343
Spokane,2018-03-25,0.312,0.3075215220451355
Spokane,2018-03-26,0.309,0.3029927909374237
Spokane,2018-03-27,0.307,0.3029927909374237
Spokane,2018-03-28,0.303,0.3029927909374237
Spokane,2018-03-29,0.3,0.30517032742500305
Spokane,2018-03-30,0.298,0.3077324330806732
Spokane,2018-03-31,0.296,0.30614209175109863
Spokane,2018-04-01,0.295,0.3054013252258301
Spokane,2018-04-02,0.294,0.303081750869751
Spokane,2018-04-03,0.292,0.29907289147377014
Spokane,2018-04-04,0.292,0.3016349971294403
Spokane,2018-04-05,0.313,0.3067534565925598
Spokane,2018-04-06,0.318,0.30628690123558044
Spokane,2018-04-07,0.322,0.30627918243408203
Spokane,2018-04-08,0.316,0.30627918243408203
Spokane,2018-04-09,0.31,0.3059731125831604
Spokane,2018-04-10,0.308,0.30985239148139954
Spokane,2018-04-11,0.306,0.30011439323425293
Spokane,2018-04-12,0.323,0.302344411611557
Spokane,2018-04-13,0.315,0.30889877676963806
Spokane,2018-04-14,0.312,0.3109509348869324
Spokane,2018-04-15,0.313,0.3131912648677826
Spokane,2018-04-16,0.323,0.31986865401268005
Spokane,2018-04-17,0.313,0.31261777877807617
Spokane,2018-04-18,0.308,0.30622589588165283
Spokane,2018-04-19,0.304,0.30881714820861816
Spokane,2018-04-20,0.3,0.30881714820861816
Spokane,2018-04-21,0.295,0.30019688606262207
Spokane,2018-04-22,0.292,0.29875874519348145
Spokane,2018-04-23,0.288,0.2930441200733185
Spokane,2018-04-24,0.284,0.28883859515190125
Spokane,2018-04-25,0.279,0.27600792050361633
Spokane,2018-04-26,0.274,0.27219119668006897
Spokane,2018-04-27,0.268,0.24994397163391113
Spokane,2018-04-28,0.266,0.24926184117794037
Spokane,2018-04-29,0.264,0.2397603988647461
Spokane,2018-04-30,0.261,0.23915664851665497
Spokane,2018-05-01,0.257,0.23733532428741455
Spokane,2018-05-02,0.253,0.23631742596626282
Spokane,2018-05-03,0.247,0.23074056208133698
Spokane,2018-05-04,0.239,0.22693532705307007
Spokane,2018-05-05,0.233,0.21931397914886475
Spokane,2018-05-06,0.237,0.2170797884464264
Spokane,2018-05-07,0.253,0.22912253439426422
Spokane,2018-05-08,0.244,0.2310292273759842
Spokane,2018-05-09,0.239,0.23772619664669037
Spokane,2018-05-10,0.235,0.24005892872810364
Spokane,2018-05-11,0.232,0.23549725115299225
Spokane,2018-05-12,0.225,0.23305925726890564
Spokane,2018-05-13,0.215,0.22831305861473083
Spokane,2018-05-14,0.205,0.2199079692363739
Spokane,2018-05-15,0.194,0.21449245512485504
Spokane,2018-05-16,0.187,0.20556935667991638
Spokane,2018-05-17,0.225,0.20346902310848236
Spokane,2018-05-18,0.266,0.22401928901672363
Spokane,2018-05-19,0.258,0.22866195440292358
Spokane,2018-05-20,0.248,0.23672232031822205
Spokane,2018-05-21,0.239,0.24092864990234375
Spokane,2018-05-22,0.228,0.23521050810813904
Spokane,2018-05-23,0.219,0.22594474256038666
Spokane,2018-05-24,0.219,0.2243964821100235
Spokane,2018-05-25,0.208,0.22332827746868134
Spokane,2018-05-26,0.198,0.21635891497135162
Spokane,2018-05-27,0.189,0.21121834218502045
Spokane,2018-05-28,0.18,0.2066681683063507
Spokane,2018-05-29,0.171,0.18910785019397736
Spokane,2018-05-30,0.162,0.18350663781166077
Spokane,2018-05-31,0.156,0.1648847609758377
Spokane,2018-06-01,0.153,0.14755605161190033
Spokane,2018-06-02,0.146,0.14108209311962128
Spokane,2018-06-03,0.137,0.14215117692947388
Spokane,2018-06-04,0.129,0.14597472548484802
Spokane,2018-06-05,0.122,0.13232307136058807
Spokane,2018-06-06,0.114,0.12406997382640839
Spokane,2018-06-07,0.107,0.10451767593622208
Spokane,2018-06-08,0.099,0.09943126887083054
Spokane,2018-06-09,0.095,0.09564097970724106
Spokane,2018-06-10,0.104,0.09431859105825424
Spokane,2018-06-11,0.104,0.09483425319194794
Spokane,2018-06-12,0.101,0.09904932975769043
Spokane,2018-06-13,0.098,0.09254352748394012
Spokane,2018-06-14,0.093,0.08636973798274994
Spokane,2018-06-15,0.089,0.08254554867744446
Spokane,2018-06-16,0.085,0.0691077783703804
Spokane,2018-06-17,0.084,0.0831431895494461
Spokane,2018-06-18,0.08,0.08463067561388016
Spokane,2018-06-19,0.08,0.08514401316642761
Spokane,2018-06-20,0.078,0.08514401316642761
Spokane,2018-06-21,0.079,0.08320359140634537
Spokane,2018-06-22,0.1,0.08331088721752167
Spokane,2018-06-23,0.098,0.07454482465982437
Spokane,2018-06-24,0.094,0.07015173137187958
Spokane,2018-06-25,0.089,0.0685117319226265
Spokane,2018-06-26,0.082,0.06612879782915115
Spokane,2018-06-27,0.078,0.06612879782915115
Spokane,2018-06-28,0.073,0.053568609058856964
Spokane,2018-06-29,0.07,0.051901672035455704
Spokane,2018-06-30,0.066,0.0511394701898098
Spokane,2018-07-01,0.064,0.046964116394519806
Spokane,2018-07-02,0.06,0.047030702233314514
Spokane,2018-07-03,0.058,0.04606696590781212
Spokane,2018-07-04,0.057,0.04996471479535103
Spokane,2018-07-05,0.056,0.05365921929478645
Spokane,2018-07-06,0.053,0.05332474410533905
Spokane,2018-07-07,0.05,0.04944731295108795
Spokane,2018-07-08,0.046,0.04769039899110794
Spokane,2018-07-09,0.043,0.04506709799170494
Spokane,2018-07-10,0.04,0.04506709799170494
Spokane,2018-07-11,0.038,0.04506709799170494
Spokane,2018-07-12,0.037,0.04211031273007393
Spokane,2018-07-13,0.035,0.04143966734409332
Spokane,2018-07-14,0.034,0.04059482738375664
Spokane,2018-07-15,0.031,0.03451111540198326
Spokane,2018-07-16,0.03,0.039986636489629745
Spokane,2018-07-17,0.029,0.039986636489629745
Spokane,2018-07-18,0.028,0.038536857813596725
Spokane,2018-07-19,0.027,0.03798099234700203
Spokane,2018-07-20,0.026,0.03618661314249039
Spokane,2018-07-21,0.026,0.03618661314249039
Spokane,2018-07-22,0.025,0.03479016572237015
Spokane,2018-07-23,0.025,0.028689775615930557
Spokane,2018-07-24,0.025,0.028689775615930557
Spokane,2018-07-25,0.024,0.027956832200288773
Spokane,2018-07-26,0.024,0.027956832200288773
Spokane,2018-07-27,0.024,0.027956832200288773
Spokane,2018-07-28,0.024,0.027956832200288773
Spokane,2018-07-29,0.023,0.027544839307665825
Spokane,2018-07-30,0.023,0.026610631495714188
Spokane,2018-07-31,0.023,0.022607069462537766
Spokane,2018-08-01,0.022,0.020389515906572342
Spokane,2018-08-02,0.022,0.020389515906572342
Spokane,2018-08-03,0.021,0.019656306132674217
Spokane,2018-08-04,0.021,0.019656306132674217
Spokane,2018-08-05,0.021,0.019656306132674217
Spokane,2018-08-06,0.021,0.019816961139440536
Spokane,2018-08-07,0.021,0.019816961139440536
Spokane,2018-08-08,0.021,0.019816961139440536
Spokane,2018-08-09,0.02,0.019816961139440536
Spokane,2018-08-10,0.021,0.019816961139440536
Spokane,2018-08-11,0.021,0.019816961139440536
Spokane,2018-08-12,0.019,0.02055017091333866
Spokane,2018-08-13,0.019,0.020389515906572342
Spokane,2018-08-14,0.019,0.019656306132674217
Spokane,2018-08-15,0.019,0.019656306132674217
Spokane,2018-08-16,0.019,0.020389515906572342
Spokane,2018-08-17,0.02,0.020389515906572342
Spokane,2018-08-18,0.019,0.019656306132674217
Spokane,2018-08-19,0.018,0.019656306132674217
Spokane,2018-08-20,0.017,0.019299983978271484
Spokane,2018-08-21,0.018,0.019299983978271484
Spokane,2018-08-22,0.018,0.019589906558394432
Spokane,2018-08-23,0.017,0.019589906558394432
Spokane,2018-08-24,0.018,0.019589906558394432
Spokane,2018-08-25,0.016,0.019589906558394432
Spokane,2018-08-26,0.017,0.019261403009295464
Spokane,2018-08-27,0.018,0.020259972661733627
Spokane,2018-08-28,0.02,0.020653367042541504
Spokane,2018-08-29,0.024,0.020623350515961647
Spokane,2018-08-30,0.027,0.020964916795492172
Spokane,2018-08-31,0.028,0.0205842312425375
Spokane,2018-09-01,0.029,0.021317439153790474
Spokane,2018-09-02,0.028,0.02080409973859787
Spokane,2018-09-03,0.027,0.021108478307724
Spokane,2018-09-04,0.025,0.02143024280667305
Spokane,2018-09-05,0.023,0.023647796362638474
Spokane,2018-09-06,0.023,0.027651363983750343
Spokane,2018-09-07,0.021,0.028424914926290512
Spokane,2018-09-08,0.021,0.028424914926290512
Spokane,2018-09-09,0.021,0.027651363983750343
Spokane,2018-09-10,0.019,0.020028118044137955
Spokane,2018-09-11,0.018,0.020028118044137955
Spokane,2018-09-12,0.017,0.020028118044137955
Spokane,2018-09-13,0.017,0.01990465261042118
Spokane,2018-09-14,0.017,0.01990465261042118
Spokane,2018-09-15,0.018,0.01990465261042118
Spokane,2018-09-16,0.019,0.019137414172291756
Spokane,2018-09-17,0.018,0.019084028899669647
Spokane,2018-09-18,0.018,0.019851267337799072
Spokane,2018-09-19,0.017,0.020584477111697197
Spokane,2018-09-20,0.017,0.02680559828877449
Spokane,2018-09-21,0.017,0.027509918436408043
Spokane,2018-09-22,0.018,0.027509918436408043
Spokane,2018-09-24,0.017,0.027371307834982872
Spokane,2018-09-25,0.015,0.02593231573700905
Spokane,2018-09-26,0.015,0.02593231573700905
Spokane,2018-09-27,0.015,0.024495050311088562
Spokane,2018-09-28,0.016,0.02084273099899292
Spokane,2018-09-29,0.015,0.02084273099899292
Spokane,2018-09-30,0.014,0.02049149014055729
Spokane,2018-10-01,0.015,0.021518820896744728
Spokane,2018-10-02,0.016,0.021735144779086113
Spokane,2018-10-03,0.013,0.022216372191905975
Spokane,2018-10-04,0.013,0.03122749924659729
Spokane,2018-10-05,0.011,0.04465199261903763
Spokane,2018-10-06,0.014,0.04532886669039726
Spokane,2018-10-07,0.015,0.04674137756228447
Spokane,2018-10-08,0.018,0.05623943731188774
Spokane,2018-10-09,0.084,0.07422995567321777
Spokane,2018-10-10,0.107,0.08773072063922882
Spokane,2018-10-11,0.103,0.09401295334100723
Spokane,2018-10-12,0.1,0.09449363499879837
Spokane,2018-10-13,0.096,0.1040060818195343
Spokane,2018-10-14,0.093,0.11205386370420456
Spokane,2018-10-15,0.091,0.09064379334449768
Spokane,2018-10-16,0.089,0.07182667404413223
Spokane,2018-10-17,0.087,0.070661760866642
Spokane,2018-10-18,0.085,0.070661760866642
Spokane,2018-10-19,0.084,0.07078522443771362
Spokane,2018-10-20,0.082,0.06936182081699371
Spokane,2018-10-21,0.081,0.05485830083489418
Spokane,2018-10-22,0.079,0.057111531496047974
Spokane,2018-10-23,0.078,0.05650404840707779
Spokane,2018-10-24,0.077,0.05535145476460457
Spokane,2018-10-25,0.075,0.06853131204843521
Spokane,2018-10-26,0.108,0.07765700668096542
Spokane,2018-10-27,0.121,0.09464801847934723
Spokane,2018-10-28,0.159,0.1069609746336937
Spokane,2018-10-29,0.151,0.16271767020225525
Spokane,2018-10-30,0.143,0.16466006636619568
Spokane,2018-10-31,0.161,0.15905044972896576
Spokane,2018-11-01,0.166,0.16257064044475555
Spokane,2018-11-02,0.175,0.1598360687494278
Spokane,2018-11-03,0.166,0.16307687759399414
Spokane,2018-11-04,0.176,0.16261816024780273
Spokane,2018-11-05,0.167,0.18580681085586548
Spokane,2018-11-06,0.164,0.17089131474494934
Spokane,2018-11-07,0.169,0.17112784087657928
Spokane,2018-11-08,0.159,0.16095012426376343
Spokane,2018-11-09,0.15,0.1561792939901352
Spokane,2018-11-10,0.153,0.1547485589981079
Spokane,2018-11-11,0.155,0.15447142720222473
Spokane,2018-11-12,0.153,0.16641947627067566
Spokane,2018-11-13,0.152,0.15332795679569244
Spokane,2018-11-14,0.15,0.14962118864059448
Spokane,2018-11-15,0.149,0.1523333638906479
Spokane,2018-11-16,0.155,0.15636202692985535
Spokane,2018-11-17,0.149,0.15390481054782867
Spokane,2018-11-18,0.147,0.15099352598190308
Spokane,2018-11-23,0.201,0.1760314553976059
Spokane,2018-11-24,0.21,0.1802881807088852
Spokane,2018-11-25,0.198,0.19018037617206573
Spokane,2018-11-26,0.203,0.20715667307376862
Spokane,2018-11-27,0.253,0.20917558670043945
Spokane,2018-11-28,0.235,0.21350723505020142
Spokane,2018-11-29,0.238,0.2225300520658493
Spokane,2018-11-30,0.233,0.22715578973293304
Spokane,2018-12-01,0.236,0.22847731411457062
Spokane,2018-12-02,0.232,0.23192143440246582
Spokane,2018-12-03,0.228,0.2332315742969513
Spokane,2018-12-04,0.223,0.2475205808877945
Spokane,2018-12-05,0.221,0.23384365439414978
Spokane,2018-12-06,0.21,0.23282575607299805
Spokane,2018-12-17,0.269,0.23452115058898926
Spokane,2018-12-18,0.324,0.2828059196472168
Spokane,2018-12-19,0.308,0.2832367718219757
Spokane,2018-12-20,0.306,0.29292234778404236
Spokane,2018-12-21,0.303,0.2892424464225769
Spokane,2018-12-22,0.294,0.28065386414527893
Spokane,2018-12-23,0.3,0.28386056423187256
Spokane,2018-12-24,0.306,0.29295819997787476
Spokane,2018-12-25,0.301,0.2920868992805481
Spokane,2018-12-26,0.296,0.29269400238990784
Spokane,2018-12-27,0.295,0.28554293513298035
Spokane,2018-12-28,0.294,0.279104083776474
Spokane,2018-12-29,0.313,0.2869541049003601
Spokane,2018-12-30,0.311,0.28949251770973206
Spokane,2018-12-31,0.297,0.29027462005615234
Spokane,2019-01-01,0.299,0.2975773811340332
Spokane,2019-01-05,0.301,0.2861679196357727
Spokane,2019-01-06,0.304,0.2876674234867096
Spokane,2019-01-07,0.303,0.26825636625289917
Spokane,2019-01-08,0.299,0.27067825198173523
Spokane,2019-01-10,0.319,0.2691630423069
Spokane,2019-01-11,0.313,0.262931227684021
Spokane,2019-01-12,0.308,0.2662838101387024
Spokane,2019-01-13,0.306,0.2674412131309509
Spokane,2019-01-14,0.301,0.262726366519928
Spokane,2019-04-02,0.298,0.294515460729599
Spokane,2019-04-03,0.298,0.29843080043792725
Spokane,2019-04-04,0.296,0.3002098500728607
Spokane,2019-04-05,0.301,0.2973078787326813
Spokane,2019-04-06,0.308,0.3003528416156769
Spokane,2019-04-07,0.319,0.30788877606391907
Spokane,2019-04-08,0.314,0.30624619126319885
Spokane,2019-04-09,0.335,0.30923664569854736
Spokane,2019-04-10,0.32,0.31668078899383545
Spokane,2019-04-11,0.312,0.3200765550136566
Spokane,2019-04-12,0.314,0.32359182834625244
Spokane,2019-04-13,0.319,0.3207792341709137
Spokane,2019-04-14,0.316,0.31713202595710754
Spokane,2019-04-15,0.31,0.32492345571517944
Spokane,2019-04-16,0.307,0.31927821040153503
Spokane,2019-04-17,0.302,0.31427887082099915
Spokane,2019-04-18,0.298,0.30508002638816833
Spokane,2019-04-19,0.296,0.3084425628185272
Spokane,2019-04-20,0.298,0.3066565990447998
Spokane,2019-04-21,0.295,0.3015579283237457
Spokane,2019-04-22,0.291,0.2886701226234436
Spokane,2019-04-23,0.287,0.28094297647476196
Spokane,2019-04-24,0.283,0.26448550820350647
Spokane,2019-04-25,0.279,0.26325321197509766
Spokane,2019-04-26,0.284,0.26610541343688965
Spokane,2019-04-27,0.282,0.2597000300884247
Spokane,2019-04-28,0.278,0.2597000300884247
Spokane,2019-04-29,0.274,0.26368245482444763
Spokane,2019-04-30,0.27,0.26094815135002136
Spokane,2019-05-01,0.266,0.26004257798194885
Spokane,2019-05-02,0.262,0.25336623191833496
Spokane,2019-05-03,0.258,0.2523483633995056
Spokane,2019-05-04,0.254,0.24752536416053772
Spokane,2019-05-05,0.249,0.25068575143814087
Spokane,2019-05-06,0.243,0.24212689697742462
Spokane,2019-05-07,0.243,0.24212689697742462
Spokane,2019-05-08,0.235,0.23920145630836487
Spokane,2019-05-09,0.228,0.21852315962314606
Spokane,2019-05-10,0.22,0.20115475356578827
Spokane,2019-05-11,0.213,0.19668835401535034
Spokane,2019-05-12,0.204,0.19041576981544495
Spokane,2019-05-13,0.197,0.1995314359664917
Spokane,2019-05-14,0.192,0.16943709552288055
Spokane,2019-05-15,0.19,0.17546385526657104
Spokane,2019-05-16,0.213,0.18021763861179352
Spokane,2019-05-17,0.264,0.1975340098142624
Spokane,2019-05-18,0.266,0.22549737989902496
Spokane,2019-05-19,0.257,0.2337411791086197
Spokane,2019-05-20,0.249,0.2372642606496811
Spokane,2019-05-21,0.244,0.22833673655986786
Spokane,2019-05-22,0.238,0.22803717851638794
Spokane,2019-05-23,0.231,0.22860483825206757
Spokane,2019-05-24,0.231,0.23321136832237244
Spokane,2019-05-25,0.23,0.23321136832237244
Spokane,2019-05-26,0.261,0.24455419182777405
Spokane,2019-05-27,0.248,0.24726815521717072
Spokane,2019-05-28,0.239,0.24221549928188324
Spokane,2019-05-29,0.23,0.23366473615169525
Spokane,2019-05-30,0.225,0.2135787159204483
Spokane,2019-05-31,0.224,0.20705321431159973
Spokane,2019-06-01,0.212,0.1984199434518814
Spokane,2019-06-02,0.202,0.17730674147605896
Spokane,2019-06-03,0.191,0.17853283882141113
Spokane,2019-06-04,0.182,0.17530213296413422
Spokane,2019-06-05,0.178,0.165193110704422
Spokane,2019-06-06,0.187,0.17390550673007965
Spokane,2019-06-07,0.179,0.17463460564613342
Spokane,2019-06-08,0.174,0.17390550673007965
Spokane,2019-06-09,0.17,0.1731235533952713
Spokane,2019-06-10,0.163,0.1661003679037094
Spokane,2019-06-11,0.154,0.15971355140209198
Spokane,2019-06-12,0.145,0.14719900488853455
Spokane,2019-06-13,0.135,0.14124803245067596
Spokane,2019-06-14,0.125,0.12512709200382233
Spokane,2019-06-15,0.117,0.1162426546216011
Spokane,2019-06-16,0.109,0.11001142114400864
Spokane,2019-06-17,0.102,0.1085302010178566
Spokane,2019-06-18,0.095,0.09253448247909546
Spokane,2019-06-19,0.089,0.0901869386434555
Spokane,2019-06-20,0.084,0.08312984555959702
Spokane,2019-06-21,0.081,0.08415145426988602
Spokane,2019-06-22,0.081,0.08766989409923553
Spokane,2019-06-23,0.078,0.08790106326341629
Spokane,2019-06-24,0.076,0.08846601098775864
Spokane,2019-06-25,0.072,0.087245874106884
Spokane,2019-06-26,0.069,0.08092831075191498
Spokane,2019-06-27,0.066,0.08126506209373474
Spokane,2019-06-28,0.066,0.08940678834915161
Spokane,2019-06-29,0.067,0.08280222117900848
Spokane,2019-06-30,0.068,0.08072277158498764
Spokane,2019-07-01,0.068,0.0742688849568367
Spokane,2019-07-02,0.066,0.07268545031547546
Spokane,2019-07-03,0.063,0.0796162560582161
Spokane,2019-07-04,0.06,0.06080356240272522
Spokane,2019-07-05,0.057,0.06010627746582031
Spokane,2019-07-06,0.055,0.05901816859841347
Spokane,2019-07-07,0.052,0.04778292402625084
Spokane,2019-07-08,0.048,0.04750250652432442
Spokane,2019-07-09,0.046,0.04216869920492172
Spokane,2019-07-10,0.044,0.04216869920492172
Spokane,2019-07-11,0.042,0.037176866084337234
Spokane,2019-07-12,0.041,0.03594084084033966
Spokane,2019-07-13,0.04,0.029690230265259743
Spokane,2019-07-14,0.037,0.027898717671632767
Spokane,2019-07-15,0.034,0.03189387172460556
Spokane,2019-07-16,0.034,0.03189387172460556
Spokane,2019-07-17,0.035,0.04163110628724098
Spokane,2019-07-18,0.038,0.03912677243351936
Spokane,2019-07-19,0.04,0.04351671040058136
Spokane,2019-07-20,0.042,0.04351671040058136
Spokane,2019-07-21,0.044,0.04207456111907959
Spokane,2019-07-22,0.044,0.029727689921855927
Spokane,2019-07-23,0.044,0.029727689921855927
Spokane,2019-07-24,0.043,0.03049633465707302
Spokane,2019-07-25,0.046,0.0540999174118042
Spokane,2019-07-26,0.051,0.05530984327197075
Spokane,2019-07-27,0.054,0.054527707397937775
Spokane,2019-07-28,0.053,0.05432312563061714
Spokane,2019-07-29,0.052,0.06755338609218597
Spokane,2019-07-30,0.05,0.05403739959001541
Spokane,2019-07-31,0.048,0.05369489639997482
Spokane,2019-08-01,0.046,0.05369489639997482
Spokane,2019-08-02,0.043,0.05369489639997482
Spokane,2019-08-03,0.039,0.05369489639997482
Spokane,2019-08-04,0.037,0.05369489639997482
Spokane,2019-08-05,0.035,0.05296265333890915
Spokane,2019-08-06,0.033,0.04125986248254776
Spokane,2019-08-07,0.031,0.037382423877716064
Spokane,2019-08-08,0.03,0.037382423877716064
Spokane,2019-08-09,0.028,0.038092344999313354
Spokane,2019-08-10,0.029,0.040676385164260864
Spokane,2019-08-11,0.046,0.046312157064676285
Spokane,2019-08-12,0.131,0.06543421000242233
Spokane,2019-08-13,0.121,0.06606356054544449
Spokane,2019-08-14,0.112,0.07776501029729843
Spokane,2019-08-15,0.105,0.0789908692240715
Spokane,2019-08-16,0.098,0.0702248066663742
Spokane,2019-08-17,0.093,0.06548921763896942
Spokane,2019-08-18,0.087,0.060596298426389694
Spokane,2019-08-19,0.082,0.04737437143921852
Spokane,2019-08-20,0.077,0.042147863656282425
Spokane,2019-08-21,0.072,0.04165156930685043
Spokane,2019-08-22,0.067,0.04165156930685043
Spokane,2019-08-23,0.063,0.04621538892388344
Spokane,2019-08-24,0.06,0.04600566253066063
Spokane,2019-08-25,0.056,0.0437481664121151
Spokane,2019-08-26,0.052,0.039847198873758316
Spokane,2019-08-27,0.049,0.03900235891342163
Spokane,2019-08-28,0.046,0.032018065452575684
Spokane,2019-08-29,0.042,0.032991718500852585
Spokane,2019-08-30,0.042,0.03551475703716278
Spokane,2019-08-31,0.042,0.039622340351343155
Spokane,2019-09-01,0.041,0.03892332315444946
Spokane,2019-09-02,0.038,0.036924708634614944
Spokane,2019-09-03,0.036,0.03614257276058197
Spokane,2019-09-04,0.035,0.03678745776414871
Spokane,2019-09-05,0.033,0.04023681581020355
Spokane,2019-09-06,0.032,0.04355304315686226
Spokane,2019-09-07,0.034,0.044883523136377335
Spokane,2019-09-08,0.035,0.04582417383790016
Spokane,2019-09-09,0.072,0.054516445845365524
Spokane,2019-09-10,0.129,0.05564524605870247
Spokane,2019-09-11,0.126,0.07334380596876144
Spokane,2019-09-12,0.122,0.07350259274244308
Spokane,2019-09-13,0.117,0.07170882821083069
Spokane,2019-09-14,0.112,0.08105214685201645
Spokane,2019-09-15,0.107,0.07420118898153305
Spokane,2019-09-16,0.103,0.0712246373295784
Spokane,2019-09-17,0.099,0.0712246373295784
Spokane,2019-09-18,0.097,0.07155823707580566
Spokane,2019-09-19,0.095,0.08243424445390701
Spokane,2019-09-20,0.093,0.08377701789140701
Spokane,2019-09-21,0.092,0.09517145156860352
Spokane,2019-09-22,0.091,0.0913173034787178
Spokane,2019-09-23,0.091,0.08012382686138153
Spokane,2019-09-24,0.089,0.08090850710868835
Spokane,2019-09-25,0.087,0.08818977326154709
Spokane,2019-09-26,0.085,0.09072935581207275
Spokane,2019-09-27,0.083,0.09349142014980316
Spokane,2019-09-28,0.145,0.10469284653663635
Spokane,2019-09-29,0.196,0.10761770606040955
Spokane,2019-09-30,0.178,0.12639003992080688
Spokane,2019-10-01,0.166,0.1354992389678955
Spokane,2019-10-02,0.158,0.14366737008094788
Spokane,2019-10-03,0.154,0.14670521020889282
Spokane,2019-10-04,0.151,0.14857913553714752
Spokane,2019-10-05,0.148,0.1479443609714508
Spokane,2019-10-06,0.144,0.14425048232078552
Spokane,2019-10-07,0.142,0.16181109845638275
Spokane,2019-10-08,0.139,0.15743176639080048
Spokane,2019-10-09,0.164,0.17262431979179382
Spokane,2019-10-10,0.166,0.18459255993366241
Spokane,2019-10-11,0.16,0.18928445875644684
Spokane,2019-10-12,0.156,0.1904517412185669
Spokane,2019-10-13,0.154,0.1904517412185669
Spokane,2019-10-14,0.151,0.1898208111524582
Spokane,2019-10-15,0.147,0.18730692565441132
Spokane,2019-10-16,0.146,0.18638479709625244
Spokane,2019-10-17,0.144,0.2008986920118332
Spokane,2019-10-18,0.148,0.2104903608560562
Spokane,2019-10-19,0.193,0.2306680828332901
Spokane,2019-10-20,0.196,0.2350607067346573
Spokane,2019-10-21,0.195,0.23916007578372955
Spokane,2019-10-22,0.207,0.249225452542305
Spokane,2019-10-23,0.193,0.24387721717357635
Spokane,2019-10-25,0.182,0.23010574281215668
Spokane,2019-10-26,0.184,0.2273530662059784
Spokane,2019-10-27,0.18,0.22371900081634521
Spokane,2019-10-28,0.179,0.2217761129140854
Spokane,2019-10-29,0.17,0.21075479686260223
Spokane,2019-10-30,0.163,0.20194686949253082
Spokane,2019-10-31,0.165,0.19733668863773346
Spokane,2019-11-04,0.166,0.19175167381763458
Spokane,2019-11-05,0.165,0.1723734736442566
Spokane,2019-11-06,0.164,0.16839492321014404
Spokane,2019-11-07,0.16,0.18292886018753052
Spokane,2019-11-08,0.161,0.18715959787368774
Spokane,2019-11-09,0.166,0.1940045803785324
Spokane,2019-11-10,0.172,0.203673854470253
Spokane,2019-11-11,0.167,0.22281219065189362
Spokane,2019-11-12,0.17,0.2258772999048233
Spokane,2019-11-13,0.175,0.21300292015075684
Spokane,2019-11-14,0.173,0.1992383599281311
Spokane,2019-11-15,0.177,0.19295412302017212
Spokane,2019-11-16,0.18,0.18749336898326874
Spokane,2019-11-17,0.207,0.18388520181179047
Spokane,2019-11-18,0.208,0.19754068553447723
Spokane,2019-11-19,0.203,0.1975775510072708
Spokane,2019-11-20,0.2,0.1938713788986206
Spokane,2019-11-21,0.193,0.19529910385608673
Spokane,2019-11-22,0.185,0.19529910385608673
Spokane,2019-11-23,0.18,0.19529910385608673
Spokane,2019-11-24,0.184,0.19212867319583893
Spokane,2019-11-25,0.18,0.20217019319534302
Spokane,2019-12-24,0.265,0.24883782863616943
Spokane,2019-12-25,0.263,0.253363698720932
Spokane,2019-12-26,0.262,0.253363698720932
Spokane,2019-12-27,0.259,0.25314584374427795
Spokane,2019-12-28,0.259,0.2626092731952667
Spokane,2019-12-29,0.259,0.2552375793457031
Spokane,2019-12-30,0.262,0.25614112615585327
Spokane,2019-12-31,0.275,0.2581997513771057
Spokane,2020-01-01,0.287,0.26795756816864014
Spokane,2020-01-02,0.28,0.26883041858673096
Spokane,2020-01-03,0.281,0.2768156826496124
Spokane,2020-01-04,0.278,0.2807314097881317
Spokane,2020-01-05,0.275,0.2812213599681854
Spokane,2020-01-06,0.282,0.2902464270591736
Spokane,2020-01-07,0.289,0.2960508167743683
Spokane,2020-01-08,0.286,0.2971520721912384
Spokane,2020-01-09,0.282,0.2999885380268097
Spokane,2020-01-10,0.275,0.30451494455337524
Spokane,2020-01-11,0.295,0.3104650676250458
Spokane,2020-01-12,0.297,0.3066359758377075
Spokane,2020-01-13,0.294,0.30885255336761475
Spokane,2020-01-14,0.297,0.3150421380996704
Spokane,2020-01-15,0.295,0.31011858582496643
Spokane,2020-01-16,0.294,0.3096941411495209
Spokane,2020-01-17,0.289,0.30221956968307495
Spokane,2020-01-18,0.287,0.2992638349533081
Spokane,2020-01-19,0.289,0.2971651554107666
Spokane,2020-01-20,0.29,0.2903040051460266
Spokane,2020-01-21,0.291,0.2942901849746704
Spokane,2020-01-22,0.295,0.2950758635997772
Spokane,2020-01-23,0.328,0.30516669154167175
Spokane,2020-01-24,0.342,0.30704358220100403
Spokane,2020-01-25,0.319,0.30765989422798157
Spokane,2020-01-26,0.317,0.30539223551750183
Spokane,2020-01-27,0.313,0.300557017326355
Spokane,2020-01-28,0.328,0.30927741527557373
Spokane,2020-01-29,0.319,0.3110857903957367
Spokane,2020-01-30,0.315,0.3068385422229767
Spokane,2020-01-31,0.312,0.3044009208679199
Spokane,2020-02-01,0.309,0.29982998967170715
Spokane,2020-02-02,0.304,0.29712024331092834
Spokane,2020-02-03,0.291,0.29634231328964233
Spokane,2020-02-04,0.281,0.2931683659553528
Spokane,2020-02-05,0.295,0.29316359758377075
Spokane,2020-02-06,0.309,0.3009644150733948
Spokane,2020-02-07,0.33,0.30558595061302185
Spokane,2020-02-08,0.332,0.3090939521789551
Spokane,2020-02-09,0.321,0.3031442165374756
Spokane,2020-02-10,0.32,0.29876306653022766
Spokane,2020-02-11,0.317,0.3088214695453644
Spokane,2020-02-15,0.309,0.31965532898902893
Spokane,2020-02-16,0.307,0.3178020715713501
Spokane,2020-02-17,0.3,0.32220104336738586
Spokane,2020-02-18,0.307,0.3164011836051941
Spokane,2020-03-04,0.279,0.2687608301639557
Spokane,2020-03-05,0.278,0.25846192240715027
Spokane,2020-03-06,0.279,0.25433090329170227
Spokane,2020-03-07,0.294,0.29233911633491516
Spokane,2020-03-08,0.294,0.3014174997806549
Spokane,2020-03-09,0.291,0.30111363530158997
Spokane,2020-03-10,0.289,0.29131725430488586
Spokane,2020-03-11,0.289,0.27462705969810486
Spokane,2020-03-12,0.285,0.2581579089164734
Spokane,2020-03-13,0.285,0.26058071851730347
Spokane,2020-03-14,0.284,0.27796950936317444
Spokane,2020-03-15,0.283,0.27960965037345886
Spokane,2020-03-16,0.287,0.29568761587142944
Spokane,2020-03-17,0.287,0.291639506816864
Spokane,2020-03-18,0.286,0.2913447618484497
Spokane,2020-03-19,0.284,0.2913447618484497
Spokane,2020-03-20,0.282,0.2872672379016876
Spokane,2020-03-21,0.28,0.2884926199913025
Spokane,2020-03-22,0.278,0.28547993302345276
Spokane,2020-03-23,0.277,0.28761857748031616
Spokane,2020-03-24,0.276,0.28975605964660645
Spokane,2020-03-25,0.28,0.29169610142707825
Spokane,2020-03-26,0.282,0.28914785385131836
Spokane,2020-03-27,0.281,0.2877892255783081
Spokane,2020-03-28,0.28,0.2877892255783081
Spokane,2020-03-29,0.279,0.29139241576194763
Spokane,2020-03-30,0.281,0.2947998046875
Spokane,2020-03-31,0.285,0.29942694306373596
Spokane,2020-04-01,0.288,0.3082813322544098
Spokane,2020-04-02,0.291,0.2968367338180542
Spokane,2020-04-03,0.288,0.3009306490421295
Spokane,2020-04-04,0.285,0.29471829533576965
Spokane,2020-04-05,0.288,0.29363128542900085
Spokane,2020-04-06,0.286,0.28145071864128113
Spokane,2020-04-07,0.283,0.28654325008392334
Spokane,2020-04-08,0.28,0.28654325008392334
Spokane,2020-04-09,0.277,0.2861245274543762
Spokane,2020-04-10,0.274,0.2749042212963104
Spokane,2020-04-11,0.27,0.2749042212963104
Spokane,2020-04-12,0.267,0.2694818079471588
Spokane,2020-04-13,0.264,0.26362043619155884
Spokane,2020-04-14,0.262,0.25207000970840454
Spokane,2020-04-15,0.261,0.24653851985931396
Spokane,2020-04-16,0.257,0.24499072134494781
Spokane,2020-04-17,0.254,0.25094160437583923
Spokane,2020-04-18,0.251,0.25382712483406067
Spokane,2020-04-19,0.25,0.25423669815063477
Spokane,2020-04-20,0.247,0.25784653425216675
Spokane,2020-04-21,0.242,0.2467813938856125
Spokane,2020-04-22,0.243,0.24865153431892395
Spokane,2020-04-23,0.25,0.24827755987644196
Spokane,2020-04-24,0.246,0.24723422527313232
Spokane,2020-04-25,0.244,0.24805007874965668
Spokane,2020-04-26,0.241,0.24633483588695526
Spokane,2020-04-27,0.238,0.2475591003894806
Spokane,2020-04-28,0.234,0.2451719492673874
Spokane,2020-04-29,0.229,0.24132885038852692
Spokane,2020-04-30,0.224,0.24062250554561615
Spokane,2020-05-01,0.22,0.2385147213935852
Spokane,2020-05-02,0.216,0.2358715683221817
Spokane,2020-05-03,0.225,0.23692145943641663
Spokane,2020-05-04,0.219,0.24192342162132263
Spokane,2020-05-05,0.214,0.22375118732452393
Spokane,2020-05-06,0.222,0.2252250462770462
Spokane,2020-05-07,0.222,0.2204187661409378
Spokane,2020-05-08,0.217,0.21947093307971954
Spokane,2020-05-09,0.21,0.2163572907447815
Spokane,2020-05-10,0.202,0.20979870855808258
Spokane,2020-05-11,0.195,0.2014111578464508
Spokane,2020-05-12,0.209,0.20441335439682007
Spokane,2020-05-13,0.211,0.19938905537128448
Spokane,2020-05-14,0.21,0.20165935158729553
Spokane,2020-05-15,0.21,0.19891822338104248
Spokane,2020-05-16,0.207,0.19095920026302338
Spokane,2020-05-17,0.206,0.19083106517791748
Spokane,2020-05-18,0.224,0.1905905157327652
Spokane,2020-05-19,0.255,0.19317938387393951
Spokane,2020-05-20,0.294,0.2502548098564148
Spokane,2020-05-21,0.326,0.2779471278190613
Spokane,2020-05-22,0.311,0.2833403944969177
Spokane,2020-05-23,0.305,0.290873259305954
Spokane,2020-05-24,0.298,0.285818874835968
Spokane,2020-05-25,0.294,0.2895227372646332
Spokane,2020-05-26,0.29,0.2755052149295807
Spokane,2020-05-27,0.282,0.2746369540691376
Spokane,2020-05-28,0.273,0.26921454071998596
Spokane,2020-05-29,0.265,0.25799110531806946
Spokane,2020-05-30,0.259,0.251016229391098
Spokane,2020-05-31,0.306,0.26244792342185974
Spokane,2020-06-01,0.297,0.25852030515670776
Spokane,2020-06-02,0.289,0.2704885005950928
Spokane,2020-06-03,0.28,0.28464099764823914
Spokane,2020-06-04,0.272,0.27780118584632874
Spokane,2020-06-05,0.268,0.28175240755081177
Spokane,2020-06-06,0.269,0.28175240755081177
Spokane,2020-06-07,0.264,0.28142520785331726
Spokane,2020-06-08,0.259,0.2653391659259796
Spokane,2020-06-09,0.26,0.2679958939552307
Spokane,2020-06-10,0.261,0.255754292011261
Spokane,2020-06-11,0.254,0.25346750020980835
Spokane,2020-06-12,0.25,0.2477492243051529
Spokane,2020-06-13,0.262,0.24408920109272003
Spokane,2020-06-14,0.268,0.24999143183231354
Spokane,2020-06-15,0.268,0.24829792976379395
Spokane,2020-06-16,0.269,0.26114338636398315
Spokane,2020-06-17,0.267,0.25798460841178894
Spokane,2020-06-18,0.264,0.25643688440322876
Spokane,2020-06-19,0.255,0.2559003233909607
Spokane,2020-06-20,0.248,0.25457483530044556
Spokane,2020-06-21,0.243,0.24892081320285797
Spokane,2020-06-22,0.235,0.24518515169620514
Spokane,2020-06-23,0.226,0.2410401701927185
Spokane,2020-06-24,0.215,0.21877703070640564
Spokane,2020-06-25,0.206,0.20024900138378143
Spokane,2020-06-26,0.197,0.19181908667087555
Spokane,2020-06-27,0.187,0.1851804107427597
Spokane,2020-06-28,0.18,0.1783704310655594
Spokane,2020-06-29,0.175,0.1835869997739792
Spokane,2020-06-30,0.178,0.18277224898338318
Spokane,2020-07-01,0.189,0.1795685738325119
Spokane,2020-07-02,0.187,0.17932000756263733
Spokane,2020-07-03,0.177,0.1771482229232788
Spokane,2020-07-04,0.167,0.1704535037279129
Spokane,2020-07-05,0.16,0.16746680438518524
Spokane,2020-07-06,0.152,0.16388891637325287
Spokane,2020-07-07,0.145,0.14895418286323547
Spokane,2020-07-08,0.139,0.1398010551929474
Spokane,2020-07-09,0.134,0.13962692022323608
Spokane,2020-07-10,0.128,0.12721823155879974
Spokane,2020-07-11,0.122,0.1203700378537178
Spokane,2020-07-12,0.116,0.11257418990135193
Spokane,2020-07-13,0.11,0.09494537115097046
Spokane,2020-07-14,0.104,0.09193447232246399
Spokane,2020-07-15,0.099,0.08988422155380249
Spokane,2020-07-16,0.093,0.08835501968860626
Spokane,2020-07-17,0.087,0.08654997497797012
Spokane,2020-07-18,0.082,0.0856691375374794
Spokane,2020-07-19,0.078,0.08248148113489151
Spokane,2020-07-20,0.074,0.0725666731595993
Spokane,2020-07-21,0.069,0.07013613730669022
Spokane,2020-07-22,0.066,0.06945367157459259
Spokane,2020-07-23,0.062,0.06945367157459259
Spokane,2020-07-24,0.06,0.06893887370824814
Spokane,2020-07-25,0.057,0.0718432143330574
Spokane,2020-07-26,0.055,0.0686606615781784
Spokane,2020-07-27,0.054,0.0686606615781784
Spokane,2020-07-28,0.051,0.06930568814277649
Spokane,2020-07-29,0.049,0.06930568814277649
Spokane,2020-07-30,0.048,0.06930568814277649
Spokane,2020-07-31,0.046,0.06930568814277649
Spokane,2020-08-01,0.043,0.06900346279144287
Spokane,2020-08-02,0.042,0.06778676062822342
Spokane,2020-08-03,0.04,0.05685979127883911
Spokane,2020-08-04,0.039,0.05436742305755615
Spokane,2020-08-05,0.038,0.05124097317457199
Spokane,2020-08-06,0.037,0.05059565603733063
Spokane,2020-08-07,0.037,0.04938657954335213
Spokane,2020-08-08,0.037,0.05214213952422142
Spokane,2020-08-09,0.037,0.06417833268642426
Spokane,2020-08-10,0.036,0.06325136125087738
Spokane,2020-08-11,0.036,0.0653340071439743
Spokane,2020-08-12,0.034,0.06372053176164627
Spokane,2020-08-13,0.033,0.05370429530739784
Spokane,2020-08-14,0.033,0.05370429530739784
Spokane,2020-08-15,0.033,0.05027156323194504
Spokane,2020-08-16,0.033,0.05027156323194504
Spokane,2020-08-17,0.034,0.048412855714559555
Spokane,2020-08-18,0.033,0.048412855714559555
Spokane,2020-08-19,0.033,0.04790760204195976
Spokane,2020-08-20,0.033,0.0482681505382061
Spokane,2020-08-21,0.034,0.0482681505382061
Spokane,2020-08-22,0.033,0.0482681505382061
Spokane,2020-08-23,0.032,0.0482681505382061
Spokane,2020-08-24,0.031,0.038984835147857666
Spokane,2020-08-25,0.031,0.03902701288461685
Spokane,2020-08-26,0.03,0.03902701288461685
Spokane,2020-08-27,0.029,0.03902701288461685
Spokane,2020-08-28,0.029,0.03902701288461685
Spokane,2020-08-29,0.029,0.03902701288461685
Spokane,2020-08-30,0.028,0.03902701288461685
Spokane,2020-08-31,0.029,0.03531531244516373
Spokane,2020-09-01,0.028,0.03531531244516373
Spokane,2020-09-02,0.028,0.03531531244516373
Spokane,2020-09-03,0.028,0.03531531244516373
Spokane,2020-09-04,0.028,0.03531531244516373
Spokane,2020-09-05,0.028,0.03531531244516373
Spokane,2020-09-06,0.027,0.03551989421248436
Spokane,2020-09-07,0.027,0.03535415604710579
Spokane,2020-09-08,0.025,0.03270556405186653
Spokane,2020-09-09,0.025,0.03185752406716347
Spokane,2020-09-10,0.025,0.03185752406716347
Spokane,2020-09-11,0.025,0.03185752406716347
Spokane,2020-09-12,0.024,0.025650346651673317
Spokane,2020-09-13,0.023,0.025650346651673317
Spokane,2020-09-14,0.024,0.0259444247931242
Spokane,2020-09-15,0.024,0.025243019685149193
Spokane,2020-09-16,0.025,0.020886370912194252
Spokane,2020-09-17,0.025,0.020886370912194252
Spokane,2020-09-18,0.025,0.02053513005375862
Spokane,2020-09-19,0.025,0.02053513005375862
Spokane,2020-09-20,0.026,0.02053513005375862
Spokane,2020-09-21,0.026,0.01689561828970909
Spokane,2020-09-22,0.028,0.01736096478998661
Spokane,2020-09-23,0.029,0.018169185146689415
Spokane,2020-09-24,0.03,0.04967926815152168
Spokane,2020-09-25,0.03,0.0625755786895752
Spokane,2020-09-26,0.032,0.07644437998533249
Spokane,2020-09-27,0.035,0.0854027271270752
Spokane,2020-09-28,0.039,0.06768546253442764
Spokane,2020-09-29,0.043,0.05742918699979782
Spokane,2020-09-30,0.045,0.05493682250380516
Spokane,2020-10-01,0.047,0.05610508844256401
Spokane,2020-10-02,0.05,0.056600864976644516
Spokane,2020-10-03,0.05,0.053607866168022156
Spokane,2020-10-04,0.05,0.05053480714559555
Spokane,2020-10-05,0.049,0.054508406668901443
Spokane,2020-10-06,0.049,0.053871046751737595
Spokane,2020-10-07,0.049,0.05586845055222511
Spokane,2020-10-08,0.049,0.055933061987161636
Spokane,2020-10-09,0.048,0.055933061987161636
Spokane,2020-10-10,0.091,0.07774622738361359
Spokane,2020-10-11,0.142,0.11618611961603165
Spokane,2020-10-12,0.176,0.16280768811702728
Spokane,2020-10-13,0.192,0.20125210285186768
Spokane,2020-10-14,0.184,0.1947506219148636
Spokane,2020-10-15,0.171,0.18749378621578217
Spokane,2020-10-16,0.165,0.18670843541622162
Spokane,2020-10-17,0.16,0.1792575716972351
Spokane,2020-10-18,0.163,0.16193406283855438
Spokane,2020-10-19,0.162,0.16716574132442474
Spokane,2020-10-20,0.157,0.1706364005804062
Spokane,2020-10-21,0.153,0.1721036434173584
Spokane,2020-10-22,0.149,0.17170733213424683
Spokane,2020-10-23,0.146,0.1731683760881424
Spokane,2020-10-24,0.149,0.1720658391714096
Spokane,2020-10-25,0.154,0.17853429913520813
Spokane,2020-10-26,0.151,0.1855873316526413
Spokane,2020-10-27,0.16,0.186699777841568
Spokane,2020-10-28,0.195,0.19146154820919037
Spokane,2020-10-29,0.207,0.19275641441345215
Spokane,2020-10-30,0.197,0.1924670785665512
Spokane,2020-10-31,0.188,0.19488175213336945
Spokane,2020-11-01,0.182,0.19229036569595337
Spokane,2020-11-02,0.179,0.18165183067321777
Spokane,2020-11-03,0.176,0.18384455144405365
Spokane,2020-11-04,0.178,0.19915686547756195
Spokane,2020-11-05,0.194,0.21292203664779663
Spokane,2020-11-06,0.221,0.21292203664779663
Spokane,2020-11-07,0.209,0.2139018177986145
Spokane,2020-11-08,0.204,0.22627872228622437
Spokane,2020-11-09,0.199,0.23352889716625214
Spokane,2020-11-10,0.202,0.23686015605926514
Spokane,2020-11-11,0.203,0.2330968976020813
Spokane,2020-11-12,0.202,0.22989502549171448
Spokane,2020-11-13,0.227,0.2271282821893692
Spokane,2020-11-14,0.229,0.22806189954280853
Spokane,2020-11-15,0.23,0.23559269309043884
Spokane,2020-11-16,0.227,0.21203839778900146
Spokane,2020-11-17,0.227,0.21645894646644592
Spokane,2020-11-18,0.23,0.21002106368541718
Spokane,2020-11-19,0.23,0.24055181443691254
Spokane,2020-11-20,0.225,0.2394917607307434
Spokane,2020-11-21,0.22,0.238124281167984
Spokane,2020-11-22,0.216,0.23815634846687317
Spokane,2020-11-23,0.219,0.2438589185476303
Spokane,2020-11-24,0.227,0.2424944043159485
Spokane,2020-11-25,0.242,0.2490767538547516
Spokane,2020-11-26,0.236,0.24660411477088928
Spokane,2020-11-27,0.232,0.24473397433757782
Spokane,2020-11-28,0.231,0.24473397433757782
Spokane,2020-11-29,0.224,0.24382464587688446
Spokane,2020-11-30,0.219,0.24543745815753937
Spokane,2020-12-01,0.223,0.24835166335105896
Spokane,2020-12-02,0.226,0.24460072815418243
Touchet_WA_824,2017-01-11,0.196,0.1815905123949051
Touchet_WA_824,2017-01-12,0.195,0.18043290078639984
Touchet_WA_824,2017-01-13,0.196,0.18220245838165283
Touchet_WA_824,2017-01-14,0.195,0.18279054760932922
Touchet_WA_824,2017-01-15,0.196,0.18325330317020416
Touchet_WA_824,2017-01-16,0.195,0.18342505395412445
Touchet_WA_824,2017-01-17,0.195,0.18680720031261444
Touchet_WA_824,2017-01-18,0.195,0.1833437979221344
Touchet_WA_824,2017-01-19,0.194,0.18222501873970032
Touchet_WA_824,2017-01-20,0.195,0.18075184524059296
Touchet_WA_824,2017-01-21,0.195,0.1815905123949051
Touchet_WA_824,2017-01-22,0.195,0.18332096934318542
Touchet_WA_824,2017-01-23,0.194,0.1734188199043274
Touchet_WA_824,2017-01-24,0.195,0.1731235533952713
Touchet_WA_824,2017-01-25,0.194,0.17300911247730255
Touchet_WA_824,2017-01-26,0.195,0.17269468307495117
Touchet_WA_824,2017-01-27,0.195,0.17314764857292175
Touchet_WA_824,2017-01-28,0.196,0.18312641978263855
Touchet_WA_824,2017-01-29,0.196,0.1833106130361557
Touchet_WA_824,2017-01-30,0.196,0.18478746712207794
Touchet_WA_824,2017-01-31,0.196,0.18794909119606018
Touchet_WA_824,2017-02-01,0.196,0.18770237267017365
Touchet_WA_824,2017-02-02,0.197,0.19235698878765106
Touchet_WA_824,2017-02-03,0.195,0.19584408402442932
Touchet_WA_824,2017-02-04,0.196,0.19719819724559784
Touchet_WA_824,2017-02-05,0.196,0.19469687342643738
Touchet_WA_824,2017-02-06,0.196,0.19511544704437256
Touchet_WA_824,2017-02-07,0.195,0.19520685076713562
Touchet_WA_824,2017-02-08,0.197,0.19192636013031006
Touchet_WA_824,2017-02-09,0.197,0.1976224184036255
Touchet_WA_824,2017-02-10,0.196,0.19756613671779633
Touchet_WA_824,2017-02-11,0.197,0.2025872766971588
Touchet_WA_824,2017-02-12,0.196,0.20266415178775787
Touchet_WA_824,2017-02-13,0.196,0.2001374065876007
Touchet_WA_824,2017-02-14,0.196,0.19922283291816711
Touchet_WA_824,2017-02-15,0.196,0.2035784274339676
Touchet_WA_824,2017-02-16,0.197,0.20639920234680176
Touchet_WA_824,2017-02-17,0.198,0.20764827728271484
Touchet_WA_824,2017-02-18,0.198,0.2067609280347824
Touchet_WA_824,2017-02-19,0.197,0.20742382109165192
Touchet_WA_824,2017-02-20,0.198,0.20699532330036163
Touchet_WA_824,2017-02-21,0.199,0.20708920061588287
Touchet_WA_824,2017-02-22,0.197,0.21142056584358215
Touchet_WA_824,2017-02-23,0.198,0.20819136500358582
Touchet_WA_824,2017-02-24,0.199,0.20760679244995117
Touchet_WA_824,2017-02-25,0.199,0.20268002152442932
Touchet_WA_824,2017-02-26,0.199,0.20354679226875305
Touchet_WA_824,2017-02-27,0.2,0.20530317723751068
Touchet_WA_824,2017-02-28,0.199,0.20462143421173096
Touchet_WA_824,2017-03-01,0.2,0.1998613476753235
Touchet_WA_824,2017-03-02,0.202,0.20147353410720825
Touchet_WA_824,2017-03-03,0.201,0.20029699802398682
Touchet_WA_824,2017-03-04,0.2,0.19941137731075287
Touchet_WA_824,2017-03-05,0.201,0.19941137731075287
Touchet_WA_824,2017-03-06,0.201,0.19985522329807281
Touchet_WA_824,2017-03-07,0.202,0.20454201102256775
Touchet_WA_824,2017-03-08,0.202,0.20578698813915253
Touchet_WA_824,2017-03-09,0.201,0.21334774792194366
Touchet_WA_824,2017-03-10,0.202,0.22175326943397522
Touchet_WA_824,2017-03-11,0.202,0.22175326943397522
Touchet_WA_824,2017-03-12,0.202,0.21082985401153564
Touchet_WA_824,2017-03-13,0.202,0.21339717507362366
Touchet_WA_824,2017-03-14,0.203,0.21397484838962555
Touchet_WA_824,2017-03-15,0.202,0.21531637012958527
Touchet_WA_824,2017-03-16,0.203,0.21606431901454926
Touchet_WA_824,2017-03-17,0.204,0.21567924320697784
Touchet_WA_824,2017-03-18,0.203,0.21681618690490723
Touchet_WA_824,2017-03-19,0.204,0.2095179408788681
Touchet_WA_824,2017-03-20,0.205,0.20914039015769958
Touchet_WA_824,2017-03-21,0.206,0.2090703845024109
Touchet_WA_824,2017-03-22,0.205,0.20533983409404755
Touchet_WA_824,2017-03-23,0.206,0.20349876582622528
Touchet_WA_824,2017-03-24,0.206,0.20595620572566986
Touchet_WA_824,2017-03-25,0.206,0.20766077935695648
Touchet_WA_824,2017-03-26,0.205,0.20828858017921448
Touchet_WA_824,2017-03-27,0.206,0.2064431756734848
Touchet_WA_824,2017-03-28,0.206,0.2053195834159851
Touchet_WA_824,2017-03-29,0.206,0.20484235882759094
Touchet_WA_824,2017-03-30,0.206,0.21030256152153015
Touchet_WA_824,2017-03-31,0.206,0.20696580410003662
Touchet_WA_824,2017-04-01,0.206,0.204356387257576
Touchet_WA_824,2017-04-02,0.207,0.20426787436008453
Touchet_WA_824,2017-04-03,0.206,0.19926248490810394
Touchet_WA_824,2017-04-04,0.207,0.19777558743953705
Touchet_WA_824,2017-04-05,0.207,0.1947077065706253
Touchet_WA_824,2017-04-06,0.206,0.19384637475013733
Touchet_WA_824,2017-04-07,0.207,0.19384637475013733
Touchet_WA_824,2017-04-08,0.208,0.19405171275138855
Touchet_WA_824,2017-04-09,0.208,0.1985858678817749
Touchet_WA_824,2017-04-10,0.208,0.199251189827919
Touchet_WA_824,2017-04-11,0.207,0.19902797043323517
Touchet_WA_824,2017-04-12,0.208,0.19902797043323517
Touchet_WA_824,2017-04-13,0.208,0.20200832188129425
Touchet_WA_824,2017-04-14,0.208,0.2011297643184662
Touchet_WA_824,2017-04-15,0.209,0.2011297643184662
Touchet_WA_824,2017-04-16,0.209,0.20253314077854156
Touchet_WA_824,2017-04-17,0.209,0.20316915214061737
Touchet_WA_824,2017-04-18,0.208,0.20605331659317017
Touchet_WA_824,2017-04-19,0.209,0.20633582770824432
Touchet_WA_824,2017-04-20,0.209,0.20451156795024872
Touchet_WA_824,2017-04-21,0.208,0.2030792236328125
Touchet_WA_824,2017-04-22,0.209,0.20464470982551575
Touchet_WA_824,2017-04-23,0.21,0.20431919395923615
Touchet_WA_824,2017-04-24,0.211,0.20787730813026428
Touchet_WA_824,2017-04-25,0.212,0.2123318910598755
Touchet_WA_824,2017-04-26,0.212,0.21556462347507477
Touchet_WA_824,2017-04-27,0.213,0.21508094668388367
Touchet_WA_824,2017-04-28,0.212,0.21556462347507477
Touchet_WA_824,2017-04-29,0.212,0.2134685069322586
Touchet_WA_824,2017-04-30,0.211,0.2177935540676117
Touchet_WA_824,2017-05-01,0.211,0.2201482355594635
Touchet_WA_824,2017-05-02,0.212,0.22726568579673767
Touchet_WA_824,2017-05-03,0.213,0.22644583880901337
Touchet_WA_824,2017-05-04,0.213,0.22583508491516113
Touchet_WA_824,2017-05-05,0.222,0.22813113033771515
Touchet_WA_824,2017-05-06,0.235,0.2390466332435608
Touchet_WA_824,2017-05-07,0.24,0.22664707899093628
Touchet_WA_824,2017-05-08,0.231,0.22773729264736176
Touchet_WA_824,2017-05-09,0.233,0.24153773486614227
Touchet_WA_824,2017-05-10,0.235,0.24153773486614227
Touchet_WA_824,2017-05-11,0.24,0.24286513030529022
Touchet_WA_824,2017-05-12,0.245,0.24564160406589508
Touchet_WA_824,2017-05-13,0.248,0.2541113495826721
Touchet_WA_824,2017-05-14,0.239,0.2530134320259094
Touchet_WA_824,2017-05-15,0.232,0.24846304953098297
Touchet_WA_824,2017-05-16,0.235,0.24548354744911194
Touchet_WA_824,2017-05-17,0.241,0.2555551528930664
Touchet_WA_824,2017-05-18,0.236,0.26284340023994446
Touchet_WA_824,2017-05-19,0.232,0.2780417501926422
Touchet_WA_824,2017-05-20,0.233,0.2748761475086212
Touchet_WA_824,2017-05-21,0.253,0.2891532778739929
Touchet_WA_824,2017-05-22,0.277,0.2920314371585846
Touchet_WA_824,2017-05-23,0.3,0.29510384798049927
Touchet_WA_824,2017-05-24,0.322,0.29524120688438416
Touchet_WA_824,2017-05-25,0.326,0.293808251619339
Touchet_WA_824,2017-05-26,0.294,0.293808251619339
Touchet_WA_824,2017-05-27,0.329,0.2898913323879242
Touchet_WA_824,2017-05-28,0.334,0.28856220841407776
Touchet_WA_824,2017-05-29,0.341,0.2755700349807739
Touchet_WA_824,2017-05-30,0.284,0.26382267475128174
Touchet_WA_824,2017-05-31,0.249,0.2446785867214203
Touchet_WA_824,2017-06-01,0.236,0.2482614368200302
Touchet_WA_824,2017-06-02,0.237,0.2403261810541153
Touchet_WA_824,2017-06-03,0.221,0.243543803691864
Touchet_WA_824,2017-06-04,0.206,0.24198299646377563
Touchet_WA_824,2017-06-05,0.277,0.23968078196048737
Touchet_WA_824,2017-06-06,0.225,0.24011901021003723
Touchet_WA_824,2017-06-07,0.208,0.231436088681221
Touchet_WA_824,2017-06-08,0.197,0.235711470246315
Touchet_WA_824,2017-06-09,0.276,0.26908260583877563
Touchet_WA_824,2017-06-10,0.264,0.2757111191749573
Touchet_WA_824,2017-06-11,0.241,0.28103989362716675
Touchet_WA_824,2017-06-12,0.22,0.27198031544685364
Touchet_WA_824,2017-06-13,0.213,0.2252410650253296
Touchet_WA_824,2017-06-14,0.202,0.20691071450710297
Touchet_WA_824,2017-06-15,0.192,0.19966329634189606
Touchet_WA_824,2017-06-16,0.209,0.21580274403095245
Touchet_WA_824,2017-06-17,0.332,0.21289251744747162
Touchet_WA_824,2017-06-18,0.26,0.20455457270145416
Touchet_WA_824,2017-06-19,0.235,0.19136661291122437
Touchet_WA_824,2017-06-20,0.212,0.19855034351348877
Touchet_WA_824,2017-06-21,0.198,0.1908918172121048
Touchet_WA_824,2017-06-22,0.186,0.18560519814491272
Touchet_WA_824,2017-06-23,0.177,0.18273983895778656
Touchet_WA_824,2017-06-24,0.171,0.17295320332050323
Touchet_WA_824,2017-06-25,0.164,0.15703842043876648
Touchet_WA_824,2017-06-26,0.155,0.15177276730537415
Touchet_WA_824,2017-06-27,0.144,0.15115782618522644
Touchet_WA_824,2017-06-28,0.154,0.13654808700084686
Touchet_WA_824,2017-06-29,0.139,0.12845508754253387
Touchet_WA_824,2017-06-30,0.132,0.10774732381105423
Touchet_WA_824,2017-07-01,0.128,0.10034197568893433
Touchet_WA_824,2017-07-02,0.119,0.10610893368721008
Touchet_WA_824,2017-07-03,0.118,0.10597188770771027
Touchet_WA_824,2017-07-04,0.108,0.10285425931215286
Touchet_WA_824,2017-07-05,0.102,0.09937023371458054
Touchet_WA_824,2017-07-06,0.091,0.09717828035354614
Touchet_WA_824,2017-07-07,0.082,0.09171116352081299
Touchet_WA_824,2017-07-08,0.073,0.0815969854593277
Touchet_WA_824,2017-07-09,0.06,0.06446397304534912
Touchet_WA_824,2017-07-10,0.046,0.05799693614244461
Touchet_WA_824,2017-07-11,0.039,0.03792431578040123
Touchet_WA_824,2017-07-12,0.033,0.03468862920999527
Touchet_WA_824,2017-07-13,0.029,0.02449776604771614
Touchet_WA_824,2017-07-14,0.022,0.0236094631254673
Touchet_WA_824,2017-07-15,0.02,0.015632957220077515
Touchet_WA_824,2017-07-16,0.016,0.013523226603865623
Touchet_WA_824,2017-07-17,0.009,0.011626121588051319
Touchet_WA_824,2017-07-18,0.009,0.007769347168505192
Touchet_WA_824,2017-07-19,0.011,0.005290678236633539
Touchet_WA_824,2017-07-20,0.005,0.00510775251314044
Touchet_WA_824,2017-07-21,0.0,0.00510775251314044
Touchet_WA_824,2017-07-22,0.0,0.004938336089253426
Touchet_WA_824,2017-07-23,0.0,0.00441130343824625
Touchet_WA_824,2017-07-24,0.0,0.00455600768327713
Touchet_WA_824,2017-07-25,0.0,0.00455600768327713
Touchet_WA_824,2017-07-26,0.0,0.0057041943073272705
Touchet_WA_824,2017-07-27,0.0,0.0057041943073272705
Touchet_WA_824,2017-07-28,0.0,0.0057041943073272705
Touchet_WA_824,2017-07-29,0.0,0.0057041943073272705
Touchet_WA_824,2017-07-30,0.0,0.0057041943073272705
Touchet_WA_824,2017-07-31,0.0,0.0057041943073272705
Touchet_WA_824,2017-08-01,0.0,0.0057041943073272705
Touchet_WA_824,2017-08-02,0.0,0.00455600768327713
Touchet_WA_824,2017-08-03,0.0,0.00455600768327713
Touchet_WA_824,2017-08-04,0.0,0.00455600768327713
Touchet_WA_824,2017-08-05,0.0,0.00455600768327713
Touchet_WA_824,2017-08-06,0.0,0.00455600768327713
Touchet_WA_824,2017-08-07,0.0,0.00441130343824625
Touchet_WA_824,2017-08-08,0.0,0.003907731734216213
Touchet_WA_824,2017-08-09,0.0,0.003907731734216213
Touchet_WA_824,2017-08-10,0.0,0.003683094633743167
Touchet_WA_824,2017-08-11,0.0,0.003907731734216213
Touchet_WA_824,2017-08-12,0.0,0.008697246201336384
Touchet_WA_824,2017-08-13,0.0,0.01130168791860342
Touchet_WA_824,2017-08-14,0.0,0.011559108272194862
Touchet_WA_824,2017-08-15,0.0,0.011209825053811073
Touchet_WA_824,2017-08-16,0.0,0.010253996588289738
Touchet_WA_824,2017-08-17,0.0,0.010436922311782837
Touchet_WA_824,2017-08-18,0.0,0.008489137515425682
Touchet_WA_824,2017-08-19,0.0,0.008489137515425682
Touchet_WA_824,2017-08-20,0.0,0.008884456939995289
Touchet_WA_824,2017-08-21,0.0,0.008163973689079285
Touchet_WA_824,2017-08-22,0.0,0.008163973689079285
Touchet_WA_824,2017-08-23,0.0,0.008163973689079285
Touchet_WA_824,2017-08-24,0.0,0.007621998433023691
Touchet_WA_824,2017-08-25,0.0,0.006859796587377787
Touchet_WA_824,2017-08-26,0.0,0.006175913382321596
Touchet_WA_824,2017-08-27,0.0,0.005730931181460619
Touchet_WA_824,2017-08-28,0.0,0.0052056810818612576
Touchet_WA_824,2017-08-29,0.0,0.00543031794950366
Touchet_WA_824,2017-08-30,0.0,0.00543031794950366
Touchet_WA_824,2017-08-31,0.0,0.005022755358368158
Touchet_WA_824,2017-09-01,0.0,0.005022755358368158
Touchet_WA_824,2017-09-02,0.0,0.004853338934481144
Touchet_WA_824,2017-09-03,0.0,0.004853338934481144
Touchet_WA_824,2017-09-04,0.0,0.00441130343824625
Touchet_WA_824,2017-09-05,0.0,0.00441130343824625
Touchet_WA_824,2017-09-06,0.0,0.00441130343824625
Touchet_WA_824,2017-09-07,0.0,0.00441130343824625
Touchet_WA_824,2017-09-08,0.0,0.00441130343824625
Touchet_WA_824,2017-09-09,0.0,0.00441130343824625
Touchet_WA_824,2017-09-10,0.0,0.00441130343824625
Touchet_WA_824,2017-09-11,0.0,0.0046753110364079475
Touchet_WA_824,2017-09-12,0.0,0.003947103396058083
Touchet_WA_824,2017-09-13,0.0,0.0028260587714612484
Touchet_WA_824,2017-09-14,0.0,0.003185650799423456
Touchet_WA_824,2017-09-15,0.0,0.007018858101218939
Touchet_WA_824,2017-09-16,0.0,0.03175165876746178
Touchet_WA_824,2017-09-17,0.0,0.03308940678834915
Touchet_WA_824,2017-09-18,0.0,0.02597348392009735
Touchet_WA_824,2017-09-19,0.088,0.08437134325504303
Touchet_WA_824,2017-09-20,0.1,0.11462603509426117
Touchet_WA_824,2017-09-21,0.126,0.1334177553653717
Touchet_WA_824,2017-09-22,0.143,0.15070763230323792
Touchet_WA_824,2017-09-23,0.17,0.15300005674362183
Touchet_WA_824,2017-09-24,0.189,0.14801791310310364
Touchet_WA_824,2017-09-25,0.222,0.1304505318403244
Touchet_WA_824,2017-09-26,0.208,0.128240168094635
Touchet_WA_824,2017-09-27,0.165,0.11468162387609482
Touchet_WA_824,2017-09-28,0.144,0.10993106663227081
Touchet_WA_824,2017-09-29,0.133,0.10869742184877396
Touchet_WA_824,2017-09-30,0.122,0.10745853185653687
Touchet_WA_824,2017-10-01,0.114,0.11061377078294754
Touchet_WA_824,2017-10-02,0.144,0.14399227499961853
Touchet_WA_824,2017-10-03,0.157,0.1601533144712448
Touchet_WA_824,2017-10-04,0.146,0.15944965183734894
Touchet_WA_824,2017-10-05,0.137,0.15854567289352417
Touchet_WA_824,2017-10-06,0.131,0.1529180407524109
Touchet_WA_824,2017-10-07,0.126,0.15190593898296356
Touchet_WA_824,2017-10-08,0.116,0.14367666840553284
Touchet_WA_824,2017-10-09,0.153,0.1376831978559494
Touchet_WA_824,2017-10-10,0.144,0.11949911713600159
Touchet_WA_824,2017-10-11,0.14,0.13456036150455475
Touchet_WA_824,2017-10-12,0.137,0.1472993940114975
Touchet_WA_824,2017-10-13,0.13,0.15836413204669952
Touchet_WA_824,2017-10-14,0.131,0.1485501378774643
Touchet_WA_824,2017-10-15,0.132,0.14044837653636932
Touchet_WA_824,2017-10-16,0.129,0.13861945271492004
Touchet_WA_824,2017-10-17,0.139,0.16170668601989746
Touchet_WA_824,2017-10-18,0.194,0.1894659698009491
Touchet_WA_824,2017-10-19,0.276,0.24066732823848724
Touchet_WA_824,2017-10-20,0.282,0.24695897102355957
Touchet_WA_824,2017-10-21,0.239,0.23163916170597076
Touchet_WA_824,2017-10-22,0.209,0.23590770363807678
Touchet_WA_824,2017-10-23,0.284,0.2503933608531952
Touchet_WA_824,2017-10-24,0.248,0.20806872844696045
Touchet_WA_824,2017-10-25,0.226,0.20075184106826782
Touchet_WA_824,2017-10-26,0.211,0.20333632826805115
Touchet_WA_824,2017-10-27,0.204,0.19843082129955292
Touchet_WA_824,2017-10-28,0.198,0.19028928875923157
Touchet_WA_824,2017-10-29,0.192,0.18127864599227905
Touchet_WA_824,2017-10-30,0.189,0.16076195240020752
Touchet_WA_824,2017-10-31,0.185,0.17879335582256317
Touchet_WA_824,2017-11-01,0.171,0.1634446531534195
Touchet_WA_824,2017-11-02,0.175,0.16306360065937042
Touchet_WA_824,2017-11-03,0.183,0.16547304391860962
Touchet_WA_824,2017-11-04,0.177,0.1870821714401245
Touchet_WA_824,2017-11-05,0.174,0.20792825520038605
Touchet_WA_824,2017-11-06,0.174,0.22113503515720367
Touchet_WA_824,2017-11-07,0.175,0.23456962406635284
Touchet_WA_824,2017-11-08,0.173,0.20545242726802826
Touchet_WA_824,2017-11-09,0.173,0.16863226890563965
Touchet_WA_824,2017-11-10,0.177,0.1628514975309372
Touchet_WA_824,2017-11-11,0.179,0.16109290719032288
Touchet_WA_824,2017-11-12,0.179,0.16346140205860138
Touchet_WA_824,2017-11-13,0.179,0.18244679272174835
Touchet_WA_824,2017-11-14,0.179,0.15411578118801117
Touchet_WA_824,2017-11-15,0.179,0.1643083542585373
Touchet_WA_824,2017-11-16,0.179,0.16308684647083282
Touchet_WA_824,2017-11-17,0.18,0.1635388433933258
Touchet_WA_824,2017-11-18,0.178,0.16203533113002777
Touchet_WA_824,2017-11-19,0.176,0.16573862731456757
Touchet_WA_824,2017-11-20,0.177,0.1677858978509903
Touchet_WA_824,2017-11-21,0.196,0.15250049531459808
Touchet_WA_824,2017-11-22,0.252,0.1826484054327011
Touchet_WA_824,2017-11-23,0.291,0.1863432079553604
Touchet_WA_824,2017-11-24,0.311,0.19976931810379028
Touchet_WA_824,2017-11-25,0.251,0.21820814907550812
Touchet_WA_824,2017-11-26,0.224,0.2240496277809143
Touchet_WA_824,2017-11-27,0.272,0.22576941549777985
Touchet_WA_824,2017-11-28,0.244,0.24109312891960144
Touchet_WA_824,2017-11-29,0.225,0.23970800638198853
Touchet_WA_824,2017-11-30,0.217,0.2345452606678009
Touchet_WA_824,2017-12-01,0.21,0.2158038169145584
Touchet_WA_824,2017-12-02,0.206,0.2061898559331894
Touchet_WA_824,2017-12-03,0.204,0.19376276433467865
Touchet_WA_824,2017-12-04,0.202,0.1832331269979477
Touchet_WA_824,2017-12-05,0.201,0.1868763566017151
Touchet_WA_824,2017-12-06,0.197,0.1837758868932724
Touchet_WA_824,2017-12-07,0.195,0.1919821947813034
Touchet_WA_824,2017-12-08,0.193,0.19661825895309448
Touchet_WA_824,2017-12-09,0.19,0.19955244660377502
Touchet_WA_824,2017-12-10,0.189,0.20201662182807922
Touchet_WA_824,2017-12-11,0.187,0.20157037675380707
Touchet_WA_824,2017-12-12,0.186,0.18960900604724884
Touchet_WA_824,2017-12-13,0.185,0.1847306340932846
Touchet_WA_824,2017-12-14,0.186,0.16930723190307617
Touchet_WA_824,2017-12-15,0.184,0.16571681201457977
Touchet_WA_824,2017-12-16,0.184,0.16590091586112976
Touchet_WA_824,2017-12-17,0.184,0.1651950478553772
Touchet_WA_824,2017-12-18,0.184,0.16542980074882507
Touchet_WA_824,2017-12-19,0.184,0.1711777299642563
Touchet_WA_824,2017-12-20,0.186,0.18566881120204926
Touchet_WA_824,2017-12-21,0.188,0.18718264997005463
Touchet_WA_824,2017-12-22,0.188,0.18546268343925476
Touchet_WA_824,2017-12-23,0.188,0.18424052000045776
Touchet_WA_824,2017-12-24,0.189,0.18683667480945587
Touchet_WA_824,2017-12-25,0.19,0.18475119769573212
Touchet_WA_824,2017-12-26,0.188,0.18439295887947083
Touchet_WA_824,2017-12-27,0.188,0.18931111693382263
Touchet_WA_824,2017-12-28,0.189,0.19826146960258484
Touchet_WA_824,2017-12-29,0.187,0.2060554325580597
Touchet_WA_824,2017-12-30,0.188,0.20981818437576294
Touchet_WA_824,2017-12-31,0.191,0.21036207675933838
Touchet_WA_824,2018-01-01,0.193,0.20881260931491852
Touchet_WA_824,2018-01-02,0.192,0.20845213532447815
Touchet_WA_824,2018-01-03,0.192,0.19655275344848633
Touchet_WA_824,2018-01-04,0.191,0.1850685179233551
Touchet_WA_824,2018-01-05,0.19,0.1783626675605774
Touchet_WA_824,2018-01-06,0.19,0.16520610451698303
Touchet_WA_824,2018-01-07,0.191,0.16440008580684662
Touchet_WA_824,2018-01-08,0.191,0.16241171956062317
Touchet_WA_824,2018-01-09,0.191,0.18369698524475098
Touchet_WA_824,2018-01-10,0.194,0.1869564950466156
Touchet_WA_824,2018-01-11,0.196,0.19740919768810272
Touchet_WA_824,2018-01-12,0.196,0.1972668170928955
Touchet_WA_824,2018-01-13,0.196,0.20036202669143677
Touchet_WA_824,2018-01-14,0.196,0.19946424663066864
Touchet_WA_824,2018-01-15,0.196,0.20184394717216492
Touchet_WA_824,2018-01-16,0.197,0.2031347006559372
Touchet_WA_824,2018-01-17,0.197,0.19815239310264587
Touchet_WA_824,2018-01-18,0.196,0.19821053743362427
Touchet_WA_824,2018-01-19,0.197,0.19467341899871826
Touchet_WA_824,2018-01-20,0.197,0.19279702007770538
Touchet_WA_824,2018-01-21,0.198,0.19237862527370453
Touchet_WA_824,2018-01-22,0.198,0.18859286606311798
Touchet_WA_824,2018-01-23,0.198,0.18364866077899933
Touchet_WA_824,2018-01-24,0.198,0.17004534602165222
Touchet_WA_824,2018-01-25,0.197,0.1844504028558731
Touchet_WA_824,2018-01-26,0.197,0.1844504028558731
Touchet_WA_824,2018-01-27,0.198,0.1844504028558731
Touchet_WA_824,2018-01-28,0.198,0.18525460362434387
Touchet_WA_824,2018-01-29,0.197,0.16958370804786682
Touchet_WA_824,2018-01-30,0.196,0.1727621853351593
Touchet_WA_824,2018-01-31,0.198,0.18516239523887634
Touchet_WA_824,2018-02-01,0.198,0.1850450485944748
Touchet_WA_824,2018-02-02,0.198,0.19497135281562805
Touchet_WA_824,2018-02-03,0.197,0.20103731751441956
Touchet_WA_824,2018-02-04,0.199,0.20541587471961975
Touchet_WA_824,2018-02-05,0.2,0.21637272834777832
Touchet_WA_824,2018-02-06,0.202,0.21320979297161102
Touchet_WA_824,2018-02-07,0.202,0.20705971121788025
Touchet_WA_824,2018-02-08,0.201,0.19715528190135956
Touchet_WA_824,2018-02-09,0.201,0.1890632063150406
Touchet_WA_824,2018-02-10,0.2,0.18299533426761627
Touchet_WA_824,2018-02-11,0.201,0.1796208620071411
Touchet_WA_824,2018-02-12,0.201,0.17934972047805786
Touchet_WA_824,2018-02-13,0.2,0.18554377555847168
Touchet_WA_824,2018-02-14,0.199,0.19238300621509552
Touchet_WA_824,2018-02-15,0.201,0.19871863722801208
Touchet_WA_824,2018-02-16,0.198,0.20257288217544556
Touchet_WA_824,2018-02-17,0.199,0.20731879770755768
Touchet_WA_824,2018-02-18,0.198,0.21031028032302856
Touchet_WA_824,2018-02-19,0.197,0.20757168531417847
Touchet_WA_824,2018-02-20,0.195,0.20407795906066895
Touchet_WA_824,2018-02-21,0.196,0.19855789840221405
Touchet_WA_824,2018-02-22,0.194,0.19938816130161285
Touchet_WA_824,2018-02-23,0.195,0.19509387016296387
Touchet_WA_824,2018-02-24,0.195,0.19335107505321503
Touchet_WA_824,2018-02-25,0.195,0.19349829852581024
Touchet_WA_824,2018-02-26,0.194,0.19144754111766815
Touchet_WA_824,2018-02-27,0.193,0.1738618016242981
Touchet_WA_824,2018-02-28,0.193,0.18693634867668152
Touchet_WA_824,2018-03-01,0.193,0.18925683200359344
Touchet_WA_824,2018-03-02,0.193,0.18904873728752136
Touchet_WA_824,2018-03-03,0.192,0.18572883307933807
Touchet_WA_824,2018-03-04,0.191,0.18556267023086548
Touchet_WA_824,2018-03-05,0.191,0.18800783157348633
Touchet_WA_824,2018-03-06,0.192,0.18548646569252014
Touchet_WA_824,2018-03-07,0.192,0.1842101663351059
Touchet_WA_824,2018-03-08,0.191,0.18233370780944824
Touchet_WA_824,2018-03-09,0.192,0.1838972419500351
Touchet_WA_824,2018-03-10,0.191,0.18326790630817413
Touchet_WA_824,2018-03-11,0.191,0.18244129419326782
Touchet_WA_824,2018-03-12,0.189,0.1825554519891739
Touchet_WA_824,2018-03-13,0.19,0.18335147202014923
Touchet_WA_824,2018-03-14,0.192,0.18427631258964539
Touchet_WA_824,2018-03-15,0.19,0.18414698541164398
Touchet_WA_824,2018-03-16,0.191,0.1839943826198578
Touchet_WA_824,2018-03-17,0.191,0.17209196090698242
Touchet_WA_824,2018-03-18,0.191,0.1695828139781952
Touchet_WA_824,2018-03-19,0.192,0.16994599997997284
Touchet_WA_824,2018-03-20,0.191,0.1701708883047104
Touchet_WA_824,2018-03-21,0.192,0.16855710744857788
Touchet_WA_824,2018-03-22,0.193,0.16946099698543549
Touchet_WA_824,2018-03-23,0.192,0.1689753532409668
Touchet_WA_824,2018-03-24,0.193,0.16706642508506775
Touchet_WA_824,2018-03-25,0.193,0.166770800948143
Touchet_WA_824,2018-03-26,0.192,0.16757072508335114
Touchet_WA_824,2018-03-27,0.193,0.18530642986297607
Touchet_WA_824,2018-03-28,0.194,0.18458466231822968
Touchet_WA_824,2018-03-29,0.193,0.18835626542568207
Touchet_WA_824,2018-03-30,0.194,0.19258198142051697
Touchet_WA_824,2018-03-31,0.194,0.19490164518356323
Touchet_WA_824,2018-04-01,0.194,0.19941499829292297
Touchet_WA_824,2018-04-02,0.194,0.20397020876407623
Touchet_WA_824,2018-04-03,0.195,0.2062862515449524
Touchet_WA_824,2018-04-04,0.194,0.20903407037258148
Touchet_WA_824,2018-04-05,0.195,0.2122037708759308
Touchet_WA_824,2018-04-06,0.194,0.2122037708759308
Touchet_WA_824,2018-04-07,0.199,0.2109900712966919
Touchet_WA_824,2018-04-08,0.208,0.21167264878749847
Touchet_WA_824,2018-04-09,0.209,0.20646652579307556
Touchet_WA_824,2018-04-10,0.206,0.19938091933727264
Touchet_WA_824,2018-04-11,0.204,0.19249789416790009
Touchet_WA_824,2018-04-12,0.21,0.19061478972434998
Touchet_WA_824,2018-04-13,0.213,0.1874004453420639
Touchet_WA_824,2018-04-14,0.209,0.18808268010616302
Touchet_WA_824,2018-04-15,0.207,0.18914580345153809
Touchet_WA_824,2018-04-16,0.21,0.1886957436800003
Touchet_WA_824,2018-04-17,0.225,0.18898572027683258
Touchet_WA_824,2018-04-18,0.221,0.1872994750738144
Touchet_WA_824,2018-04-19,0.216,0.18899764120578766
Touchet_WA_824,2018-04-20,0.213,0.18633203208446503
Touchet_WA_824,2018-04-21,0.22,0.18601268529891968
Touchet_WA_824,2018-04-22,0.235,0.18472740054130554
Touchet_WA_824,2018-04-23,0.238,0.1864519715309143
Touchet_WA_824,2018-04-24,0.238,0.20647569000720978
Touchet_WA_824,2018-04-25,0.244,0.21179132163524628
Touchet_WA_824,2018-04-26,0.259,0.21791915595531464
Touchet_WA_824,2018-04-27,0.266,0.23321369290351868
Touchet_WA_824,2018-04-28,0.273,0.2433043122291565
Touchet_WA_824,2018-04-29,0.279,0.24565769731998444
Touchet_WA_824,2018-04-30,0.261,0.24251942336559296
Touchet_WA_824,2018-05-01,0.274,0.2656500041484833
Touchet_WA_824,2018-05-02,0.275,0.2698805332183838
Touchet_WA_824,2018-05-03,0.283,0.2754344344139099
Touchet_WA_824,2018-05-04,0.289,0.2814101576805115
Touchet_WA_824,2018-05-05,0.296,0.2832302153110504
Touchet_WA_824,2018-05-06,0.295,0.2903992831707001
Touchet_WA_824,2018-05-07,0.298,0.29957523941993713
Touchet_WA_824,2018-05-08,0.298,0.2994191646575928
Touchet_WA_824,2018-05-09,0.3,0.30177175998687744
Touchet_WA_824,2018-05-10,0.296,0.30114051699638367
Touchet_WA_824,2018-05-11,0.289,0.3002622723579407
Touchet_WA_824,2018-05-12,0.294,0.3006347119808197
Touchet_WA_824,2018-05-13,0.332,0.30145516991615295
Touchet_WA_824,2018-05-14,0.277,0.2950369417667389
Touchet_WA_824,2018-05-15,0.247,0.2950246036052704
Touchet_WA_824,2018-05-16,0.231,0.27033913135528564
Touchet_WA_824,2018-05-17,0.253,0.2530810534954071
Touchet_WA_824,2018-05-18,0.237,0.24373283982276917
Touchet_WA_824,2018-05-19,0.227,0.24433541297912598
Touchet_WA_824,2018-05-20,0.24,0.24433541297912598
Touchet_WA_824,2018-05-21,0.314,0.24518264830112457
Touchet_WA_824,2018-05-22,0.251,0.24459315836429596
Touchet_WA_824,2018-05-23,0.226,0.22931581735610962
Touchet_WA_824,2018-05-24,0.214,0.22429022192955017
Touchet_WA_824,2018-05-25,0.201,0.21780623495578766
Touchet_WA_824,2018-05-26,0.192,0.21784350275993347
Touchet_WA_824,2018-05-27,0.198,0.21256792545318604
Touchet_WA_824,2018-05-28,0.181,0.21082423627376556
Touchet_WA_824,2018-05-29,0.169,0.1982334852218628
Touchet_WA_824,2018-05-30,0.159,0.18608081340789795
Touchet_WA_824,2018-05-31,0.152,0.17097929120063782
Touchet_WA_824,2018-06-01,0.161,0.16728806495666504
Touchet_WA_824,2018-06-02,0.16,0.1666535586118698
Touchet_WA_824,2018-06-03,0.148,0.15727758407592773
Touchet_WA_824,2018-06-04,0.143,0.15317896008491516
Touchet_WA_824,2018-06-05,0.153,0.18041951954364777
Touchet_WA_824,2018-06-06,0.162,0.18072320520877838
Touchet_WA_824,2018-06-07,0.152,0.17385849356651306
Touchet_WA_824,2018-06-08,0.146,0.16356422007083893
Touchet_WA_824,2018-06-09,0.137,0.17099541425704956
Touchet_WA_824,2018-06-10,0.258,0.18383237719535828
Touchet_WA_824,2018-06-11,0.242,0.1917358785867691
Touchet_WA_824,2018-06-12,0.227,0.1912807822227478
Touchet_WA_824,2018-06-13,0.197,0.18313588201999664
Touchet_WA_824,2018-06-14,0.18,0.17131006717681885
Touchet_WA_824,2018-06-15,0.171,0.15718773007392883
Touchet_WA_824,2018-06-16,0.162,0.16744953393936157
Touchet_WA_824,2018-06-17,0.159,0.17102999985218048
Touchet_WA_824,2018-06-18,0.157,0.17307600378990173
Touchet_WA_824,2018-06-19,0.199,0.2090996652841568
Touchet_WA_824,2018-06-20,0.215,0.21901251375675201
Touchet_WA_824,2018-06-21,0.198,0.20959527790546417
Touchet_WA_824,2018-06-22,0.242,0.202211394906044
Touchet_WA_824,2018-06-23,0.202,0.19262157380580902
Touchet_WA_824,2018-06-24,0.185,0.18171030282974243
Touchet_WA_824,2018-06-25,0.172,0.17184436321258545
Touchet_WA_824,2018-06-26,0.157,0.1584964245557785
Touchet_WA_824,2018-06-27,0.148,0.14982685446739197
Touchet_WA_824,2018-06-28,0.134,0.12394442409276962
Touchet_WA_824,2018-06-29,0.124,0.09875748306512833
Touchet_WA_824,2018-06-30,0.114,0.10392492264509201
Touchet_WA_824,2018-07-01,0.107,0.11402594298124313
Touchet_WA_824,2018-07-02,0.1,0.11549065262079239
Touchet_WA_824,2018-07-03,0.088,0.09680808335542679
Touchet_WA_824,2018-07-04,0.082,0.08890783041715622
Touchet_WA_824,2018-07-05,0.072,0.06829077750444412
Touchet_WA_824,2018-07-06,0.06,0.04547016695141792
Touchet_WA_824,2018-07-07,0.047,0.032763876020908356
Touchet_WA_824,2018-07-08,0.038,0.03214197978377342
Touchet_WA_824,2018-07-09,0.033,0.02177666686475277
Touchet_WA_824,2018-07-10,0.03,0.020550817251205444
Touchet_WA_824,2018-07-11,0.02,0.018620304763317108
Touchet_WA_824,2018-07-12,0.02,0.017567936331033707
Touchet_WA_824,2018-07-13,0.018,0.016437307000160217
Touchet_WA_824,2018-07-14,0.016,0.015767354518175125
Touchet_WA_824,2018-07-15,0.012,0.014884940348565578
Touchet_WA_824,2018-07-16,0.008,0.012847795151174068
Touchet_WA_824,2018-07-17,0.005,0.01132080890238285
Touchet_WA_824,2018-07-18,0.007,0.008506170473992825
Touchet_WA_824,2018-07-19,0.0,0.008729984052479267
Touchet_WA_824,2018-07-20,0.0,0.003526507643982768
Touchet_WA_824,2018-07-21,0.0,0.003526507643982768
Touchet_WA_824,2018-07-22,0.0,0.003526507643982768
Touchet_WA_824,2018-07-23,0.0,0.0035098351072520018
Touchet_WA_824,2018-07-24,0.0,0.0036117301788181067
Touchet_WA_824,2018-07-25,0.0,0.0036117301788181067
Touchet_WA_824,2018-07-26,0.0,0.0036117301788181067
Touchet_WA_824,2018-07-27,0.0,0.0036117301788181067
Touchet_WA_824,2018-07-28,0.0,0.0036117301788181067
Touchet_WA_824,2018-07-29,0.0,0.0036117301788181067
Touchet_WA_824,2018-07-30,0.0,0.003872247878462076
Touchet_WA_824,2018-07-31,0.0,0.00653474498540163
Touchet_WA_824,2018-08-01,0.0,0.007844003848731518
Touchet_WA_824,2018-08-02,0.0,0.007115796208381653
Touchet_WA_824,2018-08-03,0.0,0.007115796208381653
Touchet_WA_824,2018-08-04,0.0,0.007449067663401365
Touchet_WA_824,2018-08-05,0.0,0.006582712754607201
Touchet_WA_824,2018-08-06,0.0,0.006249441299587488
Touchet_WA_824,2018-08-07,0.0,0.005771974567323923
Touchet_WA_824,2018-08-08,0.0,0.003533649258315563
Touchet_WA_824,2018-08-09,0.0,0.003533649258315563
Touchet_WA_824,2018-08-10,0.0,0.003533649258315563
Touchet_WA_824,2018-08-11,0.0,0.003533649258315563
Touchet_WA_824,2018-08-12,0.0,0.003533649258315563
Touchet_WA_824,2018-08-13,0.0,0.0032731317915022373
Touchet_WA_824,2018-08-14,0.0,0.0032731317915022373
Touchet_WA_824,2018-08-15,0.0,0.0021249433048069477
Touchet_WA_824,2018-08-16,0.0,0.002458214992657304
Touchet_WA_824,2018-08-17,0.0,0.0027315900661051273
Touchet_WA_824,2018-08-18,0.0,0.0027315900661051273
Touchet_WA_824,2018-08-19,0.0,0.0023983183782547712
Touchet_WA_824,2018-08-20,0.0,0.003846188075840473
Touchet_WA_824,2018-08-21,0.0,0.0035728130023926497
Touchet_WA_824,2018-08-22,0.0,0.0035728130023926497
Touchet_WA_824,2018-08-23,0.0,0.007448120974004269
Touchet_WA_824,2018-08-24,0.0,0.013363972306251526
Touchet_WA_824,2018-08-25,0.0,0.02601245604455471
Touchet_WA_824,2018-08-26,0.0,0.027581654489040375
Touchet_WA_824,2018-08-27,0.0,0.047138698399066925
Touchet_WA_824,2018-08-28,0.117,0.054350387305021286
Touchet_WA_824,2018-08-29,0.104,0.06677303463220596
Touchet_WA_824,2018-08-30,0.092,0.06773193925619125
Touchet_WA_824,2018-08-31,0.075,0.07292447984218597
Touchet_WA_824,2018-09-01,0.071,0.07292447984218597
Touchet_WA_824,2018-09-02,0.066,0.07426725327968597
Touchet_WA_824,2018-09-03,0.06,0.07887005805969238
Touchet_WA_824,2018-09-04,0.058,0.055906761437654495
Touchet_WA_824,2018-09-05,0.053,0.03609622269868851
Touchet_WA_824,2018-09-06,0.051,0.03143120929598808
Touchet_WA_824,2018-09-07,0.049,0.023115480318665504
Touchet_WA_824,2018-09-08,0.044,0.02174508012831211
Touchet_WA_824,2018-09-09,0.033,0.02251863107085228
Touchet_WA_824,2018-09-10,0.031,0.021620171144604683
Touchet_WA_824,2018-09-11,0.022,0.02029450424015522
Touchet_WA_824,2018-09-12,0.017,0.02062777616083622
Touchet_WA_824,2018-09-13,0.016,0.019336001947522163
Touchet_WA_824,2018-09-14,0.015,0.02755151502788067
Touchet_WA_824,2018-09-15,0.011,0.03050830401480198
Touchet_WA_824,2018-09-16,0.005,0.033329274505376816
Touchet_WA_824,2018-09-17,0.005,0.0332958810031414
Touchet_WA_824,2018-09-18,0.003,0.016083719208836555
Touchet_WA_824,2018-09-19,0.006,0.014640213921666145
Touchet_WA_824,2018-09-20,0.001,0.014776899479329586
Touchet_WA_824,2018-09-21,0.0,0.013663452118635178
Touchet_WA_824,2018-09-22,0.0,0.013885418884456158
Touchet_WA_824,2018-09-23,0.0,0.015671951696276665
Touchet_WA_824,2018-09-24,0.0,0.014882853254675865
Touchet_WA_824,2018-09-25,0.0,0.01545820664614439
Touchet_WA_824,2018-09-26,0.0,0.013870776630938053
Touchet_WA_824,2018-09-27,0.0,0.012237952090799809
Touchet_WA_824,2018-09-28,0.0,0.012237952090799809
Touchet_WA_824,2018-09-29,0.0,0.012237952090799809
Touchet_WA_824,2018-09-30,0.0,0.012571224011480808
Touchet_WA_824,2018-10-01,0.0,0.020903633907437325
Touchet_WA_824,2018-10-02,0.0,0.048749540001153946
Touchet_WA_824,2018-10-03,0.0,0.050858866423368454
Touchet_WA_824,2018-10-04,0.0,0.051738809794187546
Touchet_WA_824,2018-10-05,0.0,0.05578884854912758
Touchet_WA_824,2018-10-06,0.0,0.06761374324560165
Touchet_WA_824,2018-10-07,0.143,0.07177010178565979
Touchet_WA_824,2018-10-08,0.13,0.10476575791835785
Touchet_WA_824,2018-10-09,0.12,0.13176186382770538
Touchet_WA_824,2018-10-10,0.24,0.18659758567810059
Touchet_WA_824,2018-10-11,0.196,0.19154417514801025
Touchet_WA_824,2018-10-12,0.169,0.18782731890678406
Touchet_WA_824,2018-10-13,0.157,0.17250822484493256
Touchet_WA_824,2018-10-14,0.145,0.15665234625339508
Touchet_WA_824,2018-10-15,0.133,0.16704674065113068
Touchet_WA_824,2018-10-16,0.129,0.12643621861934662
Touchet_WA_824,2018-10-17,0.125,0.1208113506436348
Touchet_WA_824,2018-10-18,0.121,0.11493979394435883
Touchet_WA_824,2018-10-19,0.119,0.10874926298856735
Touchet_WA_824,2018-10-20,0.115,0.10874926298856735
Touchet_WA_824,2018-10-21,0.112,0.10674064606428146
Touchet_WA_824,2018-10-22,0.106,0.10565970838069916
Touchet_WA_824,2018-10-23,0.104,0.10678914934396744
Touchet_WA_824,2018-10-24,0.098,0.10928671061992645
Touchet_WA_824,2018-10-25,0.097,0.12175118178129196
Touchet_WA_824,2018-10-26,0.095,0.12618312239646912
Touchet_WA_824,2018-10-27,0.145,0.1366909295320511
Touchet_WA_824,2018-10-28,0.231,0.1647849977016449
Touchet_WA_824,2018-10-29,0.296,0.17434565722942352
Touchet_WA_824,2018-10-30,0.234,0.2072390615940094
Touchet_WA_824,2018-10-31,0.218,0.23422522842884064
Touchet_WA_824,2018-11-01,0.297,0.25605764985084534
Touchet_WA_824,2018-11-02,0.283,0.2693212628364563
Touchet_WA_824,2018-11-03,0.286,0.27934151887893677
Touchet_WA_824,2018-11-04,0.259,0.28312504291534424
Touchet_WA_824,2018-11-05,0.279,0.26516035199165344
Touchet_WA_824,2018-11-06,0.253,0.2799054980278015
Touchet_WA_824,2018-11-07,0.23,0.2799000144004822
Touchet_WA_824,2018-11-08,0.211,0.19358308613300323
Touchet_WA_824,2018-11-09,0.201,0.17797915637493134
Touchet_WA_824,2018-11-10,0.177,0.1632775068283081
Touchet_WA_824,2018-11-11,0.171,0.15502683818340302
Touchet_WA_824,2018-11-12,0.154,0.15607872605323792
Touchet_WA_824,2018-11-13,0.134,0.11477676033973694
Touchet_WA_824,2018-11-14,0.131,0.11573252081871033
Touchet_WA_824,2018-11-15,0.131,0.12638071179389954
Touchet_WA_824,2018-11-16,0.182,0.12081785500049591
Touchet_WA_824,2018-11-17,0.231,0.12651780247688293
Touchet_WA_824,2018-11-18,0.173,0.11574137210845947
Touchet_WA_824,2018-11-19,0.04,0.10398804396390915
Touchet_WA_824,2018-11-20,0.029,0.09659388661384583
Touchet_WA_824,2018-11-21,0.024,0.09696430712938309
Touchet_WA_824,2018-11-22,0.025,0.09741974622011185
Touchet_WA_824,2018-11-23,0.028,0.10936808586120605
Touchet_WA_824,2018-11-24,0.041,0.11286751925945282
Touchet_WA_824,2018-11-25,0.044,0.09797471761703491
Touchet_WA_824,2018-11-26,0.046,0.0907512828707695
Touchet_WA_824,2018-11-27,0.043,0.09306755661964417
Touchet_WA_824,2018-11-28,0.048,0.0902172178030014
Touchet_WA_824,2018-11-29,0.058,0.08981136232614517
Touchet_WA_824,2018-11-30,0.066,0.09305199235677719
Touchet_WA_824,2018-12-01,0.077,0.09624511748552322
Touchet_WA_824,2018-12-02,0.087,0.10090170055627823
Touchet_WA_824,2018-12-03,0.097,0.10577380657196045
Touchet_WA_824,2018-12-04,0.104,0.10812553018331528
Touchet_WA_824,2018-12-05,0.111,0.10776398330926895
Touchet_WA_824,2018-12-06,0.111,0.10776398330926895
Touchet_WA_824,2018-12-07,0.107,0.1101352870464325
Touchet_WA_824,2018-12-08,0.098,0.10975399613380432
Touchet_WA_824,2018-12-09,0.092,0.12674343585968018
Touchet_WA_824,2018-12-10,0.094,0.12938827276229858
Touchet_WA_824,2018-12-11,0.099,0.1311330646276474
Touchet_WA_824,2018-12-12,0.1,0.13122551143169403
Touchet_WA_824,2018-12-13,0.103,0.1325141340494156
Touchet_WA_824,2018-12-14,0.106,0.1514710932970047
Touchet_WA_824,2018-12-15,0.109,0.15525716543197632
Touchet_WA_824,2018-12-16,0.113,0.15496857464313507
Touchet_WA_824,2018-12-17,0.116,0.15385586023330688
Touchet_WA_824,2018-12-18,0.117,0.1482556164264679
Touchet_WA_824,2018-12-19,0.121,0.14854228496551514
Touchet_WA_824,2018-12-20,0.122,0.15786243975162506
Touchet_WA_824,2018-12-21,0.122,0.1569170206785202
Touchet_WA_824,2018-12-22,0.124,0.1622508019208908
Touchet_WA_824,2018-12-23,0.124,0.16607370972633362
Touchet_WA_824,2018-12-24,0.127,0.1667322963476181
Touchet_WA_824,2018-12-25,0.127,0.15505334734916687
Touchet_WA_824,2018-12-26,0.128,0.1387176811695099
Touchet_WA_824,2018-12-27,0.128,0.14121681451797485
Touchet_WA_824,2018-12-28,0.129,0.1351528763771057
Touchet_WA_824,2018-12-29,0.129,0.13120919466018677
Touchet_WA_824,2018-12-30,0.128,0.12898923456668854
Touchet_WA_824,2018-12-31,0.129,0.12168364971876144
Touchet_WA_824,2019-01-01,0.128,0.13301071524620056
Touchet_WA_824,2019-01-02,0.129,0.12673905491828918
Touchet_WA_824,2019-01-03,0.128,0.11777665466070175
Touchet_WA_824,2019-01-04,0.129,0.12630656361579895
Touchet_WA_824,2019-01-05,0.128,0.1263681799173355
Touchet_WA_824,2019-01-06,0.128,0.13325706124305725
Touchet_WA_824,2019-01-07,0.128,0.13274125754833221
Touchet_WA_824,2019-01-08,0.129,0.14021934568881989
Touchet_WA_824,2019-01-09,0.127,0.14702759683132172
Touchet_WA_824,2019-01-10,0.127,0.1471964716911316
Touchet_WA_824,2019-01-11,0.128,0.14630436897277832
Touchet_WA_824,2019-01-12,0.129,0.14599838852882385
Touchet_WA_824,2019-01-13,0.126,0.1464560180902481
Touchet_WA_824,2019-01-14,0.128,0.14660896360874176
Touchet_WA_824,2019-01-15,0.127,0.14954620599746704
Touchet_WA_824,2019-01-16,0.129,0.14644557237625122
Touchet_WA_824,2019-01-17,0.129,0.14764614403247833
Touchet_WA_824,2019-01-18,0.13,0.15863674879074097
Touchet_WA_824,2019-01-19,0.126,0.15656550228595734
Touchet_WA_824,2019-01-20,0.128,0.15594308078289032
Touchet_WA_824,2019-01-21,0.127,0.15401162207126617
Touchet_WA_824,2019-01-22,0.126,0.1557609885931015
Touchet_WA_824,2019-01-23,0.129,0.15648475289344788
Touchet_WA_824,2019-01-24,0.13,0.15460191667079926
Touchet_WA_824,2019-01-25,0.13,0.14437483251094818
Touchet_WA_824,2019-01-26,0.128,0.14311952888965607
Touchet_WA_824,2019-01-27,0.13,0.14301225543022156
Touchet_WA_824,2019-01-28,0.13,0.1414119452238083
Touchet_WA_824,2019-01-29,0.13,0.14185075461864471
Touchet_WA_824,2019-01-30,0.133,0.1417599767446518
Touchet_WA_824,2019-01-31,0.133,0.14230254292488098
Touchet_WA_824,2019-02-01,0.131,0.1456291526556015
Touchet_WA_824,2019-02-02,0.132,0.14765194058418274
Touchet_WA_824,2019-02-03,0.133,0.1518145054578781
Touchet_WA_824,2019-02-04,0.133,0.1455201357603073
Touchet_WA_824,2019-02-05,0.132,0.16758579015731812
Touchet_WA_824,2019-02-06,0.132,0.16872261464595795
Touchet_WA_824,2019-02-07,0.131,0.1708352267742157
Touchet_WA_824,2019-02-08,0.132,0.16065216064453125
Touchet_WA_824,2019-02-09,0.133,0.15924659371376038
Touchet_WA_824,2019-02-10,0.134,0.1537751406431198
Touchet_WA_824,2019-02-11,0.133,0.13594405353069305
Touchet_WA_824,2019-02-12,0.135,0.13747550547122955
Touchet_WA_824,2019-02-13,0.136,0.14406916499137878
Touchet_WA_824,2019-02-14,0.136,0.14373892545700073
Touchet_WA_824,2019-02-15,0.136,0.14650428295135498
Touchet_WA_824,2019-02-16,0.137,0.1463870108127594
Touchet_WA_824,2019-02-17,0.137,0.14543768763542175
Touchet_WA_824,2019-02-18,0.137,0.14819340407848358
Touchet_WA_824,2019-02-19,0.137,0.14890968799591064
Touchet_WA_824,2019-02-20,0.138,0.14813977479934692
Touchet_WA_824,2019-02-21,0.138,0.14609679579734802
Touchet_WA_824,2019-02-22,0.139,0.14785538613796234
Touchet_WA_824,2019-02-23,0.138,0.14785538613796234
Touchet_WA_824,2019-02-24,0.137,0.14927540719509125
Touchet_WA_824,2019-02-25,0.139,0.15000978112220764
Touchet_WA_824,2019-02-26,0.139,0.1475127786397934
Touchet_WA_824,2019-02-27,0.14,0.15242627263069153
Touchet_WA_824,2019-02-28,0.139,0.15251940488815308
Touchet_WA_824,2019-03-01,0.138,0.14968495070934296
Touchet_WA_824,2019-03-02,0.14,0.1486174464225769
Touchet_WA_824,2019-03-03,0.14,0.15164348483085632
Touchet_WA_824,2019-03-04,0.14,0.15185017883777618
Touchet_WA_824,2019-03-05,0.14,0.15469005703926086
Touchet_WA_824,2019-03-06,0.14,0.15281732380390167
Touchet_WA_824,2019-03-07,0.14,0.1537611335515976
Touchet_WA_824,2019-03-08,0.141,0.16261379420757294
Touchet_WA_824,2019-03-09,0.14,0.16270792484283447
Touchet_WA_824,2019-03-10,0.14,0.16275914013385773
Touchet_WA_824,2019-03-11,0.141,0.16476398706436157
Touchet_WA_824,2019-03-12,0.141,0.16062067449092865
Touchet_WA_824,2019-03-13,0.141,0.16062067449092865
Touchet_WA_824,2019-03-14,0.141,0.15978200733661652
Touchet_WA_824,2019-03-15,0.142,0.15003511309623718
Touchet_WA_824,2019-03-16,0.141,0.1507028341293335
Touchet_WA_824,2019-03-17,0.141,0.14910286664962769
Touchet_WA_824,2019-03-18,0.142,0.14814864099025726
Touchet_WA_824,2019-03-19,0.141,0.17469100654125214
Touchet_WA_824,2019-03-20,0.142,0.17307835817337036
Touchet_WA_824,2019-03-21,0.143,0.1640220284461975
Touchet_WA_824,2019-03-22,0.141,0.1618930995464325
Touchet_WA_824,2019-03-23,0.143,0.16259558498859406
Touchet_WA_824,2019-03-24,0.142,0.1582070142030716
Touchet_WA_824,2019-03-25,0.143,0.15544945001602173
Touchet_WA_824,2019-03-26,0.144,0.1545284241437912
Touchet_WA_824,2019-03-27,0.145,0.15401691198349
Touchet_WA_824,2019-03-28,0.146,0.15837091207504272
Touchet_WA_824,2019-03-29,0.146,0.1582561582326889
Touchet_WA_824,2019-03-30,0.148,0.14626240730285645
Touchet_WA_824,2019-03-31,0.149,0.14595896005630493
Touchet_WA_824,2019-04-01,0.151,0.14581425487995148
Touchet_WA_824,2019-04-02,0.152,0.17586776614189148
Touchet_WA_824,2019-04-03,0.153,0.18010540306568146
Touchet_WA_824,2019-04-04,0.153,0.18970246613025665
Touchet_WA_824,2019-04-05,0.153,0.19207075238227844
Touchet_WA_824,2019-04-06,0.155,0.1950414627790451
Touchet_WA_824,2019-04-07,0.156,0.19918863475322723
Touchet_WA_824,2019-04-08,0.157,0.20347554981708527
Touchet_WA_824,2019-04-09,0.158,0.19290605187416077
Touchet_WA_824,2019-04-10,0.159,0.18255028128623962
Touchet_WA_824,2019-04-11,0.161,0.18287479877471924
Touchet_WA_824,2019-04-12,0.161,0.1827346831560135
Touchet_WA_824,2019-04-13,0.161,0.18189644813537598
Touchet_WA_824,2019-04-14,0.163,0.18151555955410004
Touchet_WA_824,2019-04-15,0.164,0.18073317408561707
Touchet_WA_824,2019-04-16,0.165,0.18023835122585297
Touchet_WA_824,2019-04-17,0.166,0.17250525951385498
Touchet_WA_824,2019-04-18,0.167,0.17163513600826263
Touchet_WA_824,2019-04-19,0.165,0.18311543762683868
Touchet_WA_824,2019-04-20,0.169,0.18130502104759216
Touchet_WA_824,2019-04-21,0.169,0.17740869522094727
Touchet_WA_824,2019-04-22,0.17,0.1778695285320282
Touchet_WA_824,2019-04-23,0.171,0.17154966294765472
Touchet_WA_824,2019-04-24,0.171,0.17102202773094177
Touchet_WA_824,2019-04-25,0.171,0.18083401024341583
Touchet_WA_824,2019-04-26,0.172,0.17945502698421478
Touchet_WA_824,2019-04-27,0.173,0.18057380616664886
Touchet_WA_824,2019-04-28,0.175,0.18314625322818756
Touchet_WA_824,2019-04-29,0.175,0.18865005671977997
Touchet_WA_824,2019-04-30,0.176,0.19549985229969025
Touchet_WA_824,2019-05-01,0.177,0.19934986531734467
Touchet_WA_824,2019-05-02,0.177,0.20377300679683685
Touchet_WA_824,2019-05-03,0.179,0.20319581031799316
Touchet_WA_824,2019-05-04,0.179,0.2042245715856552
Touchet_WA_824,2019-05-05,0.179,0.203783318400383
Touchet_WA_824,2019-05-06,0.181,0.20152200758457184
Touchet_WA_824,2019-05-07,0.182,0.20128801465034485
Touchet_WA_824,2019-05-08,0.185,0.2163647562265396
Touchet_WA_824,2019-05-09,0.188,0.21761834621429443
Touchet_WA_824,2019-05-10,0.192,0.21724791824817657
Touchet_WA_824,2019-05-11,0.198,0.21783547103405
Touchet_WA_824,2019-05-12,0.203,0.22236701846122742
Touchet_WA_824,2019-05-13,0.283,0.2572817802429199
Touchet_WA_824,2019-05-14,0.34,0.271359920501709
Touchet_WA_824,2019-05-15,0.343,0.27340441942214966
Touchet_WA_824,2019-05-16,0.344,0.2754444181919098
Touchet_WA_824,2019-05-17,0.342,0.28103727102279663
Touchet_WA_824,2019-05-18,0.345,0.29958292841911316
Touchet_WA_824,2019-05-19,0.345,0.3106527328491211
Touchet_WA_824,2019-05-20,0.336,0.3106251358985901
Touchet_WA_824,2019-05-21,0.306,0.3059231638908386
Touchet_WA_824,2019-05-22,0.307,0.2958019971847534
Touchet_WA_824,2019-05-23,0.287,0.2888530492782593
Touchet_WA_824,2019-05-24,0.267,0.2774641513824463
Touchet_WA_824,2019-05-25,0.265,0.2701333463191986
Touchet_WA_824,2019-05-26,0.261,0.25858908891677856
Touchet_WA_824,2019-05-27,0.257,0.25224339962005615
Touchet_WA_824,2019-05-28,0.266,0.24473997950553894
Touchet_WA_824,2019-05-29,0.253,0.24596911668777466
Touchet_WA_824,2019-05-30,0.256,0.2555065155029297
Touchet_WA_824,2019-05-31,0.256,0.25717857480049133
Touchet_WA_824,2019-06-01,0.239,0.25905683636665344
Touchet_WA_824,2019-06-02,0.349,0.25293469429016113
Touchet_WA_824,2019-06-03,0.293,0.23401810228824615
Touchet_WA_824,2019-06-04,0.258,0.20462553203105927
Touchet_WA_824,2019-06-05,0.234,0.21252648532390594
Touchet_WA_824,2019-06-06,0.22,0.22244559228420258
Touchet_WA_824,2019-06-07,0.228,0.21593573689460754
Touchet_WA_824,2019-06-08,0.225,0.21373309195041656
Touchet_WA_824,2019-06-09,0.223,0.20249347388744354
Touchet_WA_824,2019-06-10,0.21,0.1888847053050995
Touchet_WA_824,2019-06-11,0.196,0.2140716016292572
Touchet_WA_824,2019-06-12,0.182,0.19428512454032898
Touchet_WA_824,2019-06-13,0.168,0.1774880290031433
Touchet_WA_824,2019-06-14,0.155,0.15723201632499695
Touchet_WA_824,2019-06-15,0.141,0.15426404774188995
Touchet_WA_824,2019-06-16,0.124,0.13911738991737366
Touchet_WA_824,2019-06-17,0.111,0.13912458717823029
Touchet_WA_824,2019-06-18,0.091,0.13912458717823029
Touchet_WA_824,2019-06-19,0.07,0.13668745756149292
Touchet_WA_824,2019-06-20,0.055,0.13099078834056854
Touchet_WA_824,2019-06-21,0.146,0.1546517312526703
Touchet_WA_824,2019-06-22,0.18,0.17413745820522308
Touchet_WA_824,2019-06-23,0.162,0.1835329830646515
Touchet_WA_824,2019-06-24,0.152,0.18665193021297455
Touchet_WA_824,2019-06-25,0.135,0.15891098976135254
Touchet_WA_824,2019-06-26,0.119,0.16130749881267548
Touchet_WA_824,2019-06-27,0.182,0.16499890387058258
Touchet_WA_824,2019-06-28,0.246,0.17138153314590454
Touchet_WA_824,2019-06-29,0.211,0.17138153314590454
Touchet_WA_824,2019-06-30,0.186,0.1681865006685257
Touchet_WA_824,2019-07-01,0.162,0.15078753232955933
Touchet_WA_824,2019-07-02,0.143,0.14571216702461243
Touchet_WA_824,2019-07-03,0.137,0.11739062517881393
Touchet_WA_824,2019-07-04,0.152,0.10370080918073654
Touchet_WA_824,2019-07-05,0.143,0.10069578140974045
Touchet_WA_824,2019-07-06,0.13,0.09767523407936096
Touchet_WA_824,2019-07-07,0.151,0.09205053001642227
Touchet_WA_824,2019-07-08,0.131,0.0858626663684845
Touchet_WA_824,2019-07-09,0.117,0.07304123044013977
Touchet_WA_824,2019-07-10,0.104,0.07414443045854568
Touchet_WA_824,2019-07-11,0.092,0.06975134462118149
Touchet_WA_824,2019-07-12,0.086,0.06370444595813751
Touchet_WA_824,2019-07-13,0.074,0.04943298548460007
Touchet_WA_824,2019-07-14,0.063,0.04522886127233505
Touchet_WA_824,2019-07-15,0.054,0.04115606099367142
Touchet_WA_824,2019-07-16,0.049,0.045821066945791245
Touchet_WA_824,2019-07-17,0.039,0.04227298125624657
Touchet_WA_824,2019-07-18,0.035,0.030718186870217323
Touchet_WA_824,2019-07-19,0.03,0.03196191415190697
Touchet_WA_824,2019-07-20,0.026,0.030380940064787865
Touchet_WA_824,2019-07-21,0.023,0.028345635160803795
Touchet_WA_824,2019-07-22,0.018,0.024745892733335495
Touchet_WA_824,2019-07-23,0.017,0.016971159726381302
Touchet_WA_824,2019-07-24,0.015,0.019442178308963776
Touchet_WA_824,2019-07-25,0.01,0.019071631133556366
Touchet_WA_824,2019-07-26,0.009,0.022881019860506058
Touchet_WA_824,2019-07-27,0.01,0.017343152314424515
Touchet_WA_824,2019-07-28,0.007,0.016991905868053436
Touchet_WA_824,2019-07-29,0.007,0.013273702934384346
Touchet_WA_824,2019-07-30,0.005,0.013290278613567352
Touchet_WA_824,2019-07-31,0.005,0.009072122164070606
Touchet_WA_824,2019-08-01,0.004,0.006307946052402258
Touchet_WA_824,2019-08-02,0.001,0.006010614801198244
Touchet_WA_824,2019-08-03,0.001,0.006010614801198244
Touchet_WA_824,2019-08-04,0.0,0.006010614801198244
Touchet_WA_824,2019-08-05,0.0,0.006010614801198244
Touchet_WA_824,2019-08-06,0.0,0.006010614801198244
Touchet_WA_824,2019-08-07,0.0,0.006314300466328859
Touchet_WA_824,2019-08-08,0.0,0.006681981962174177
Touchet_WA_824,2019-08-09,0.0,0.009777585044503212
Touchet_WA_824,2019-08-10,0.0,0.01812666840851307
Touchet_WA_824,2019-08-11,0.0,0.05110171437263489
Touchet_WA_824,2019-08-12,0.01,0.05511479452252388
Touchet_WA_824,2019-08-13,0.019,0.04914030432701111
Touchet_WA_824,2019-08-14,0.021,0.054345905780792236
Touchet_WA_824,2019-08-15,0.02,0.04265442118048668
Touchet_WA_824,2019-08-16,0.017,0.03446657583117485
Touchet_WA_824,2019-08-17,0.011,0.03344937786459923
Touchet_WA_824,2019-08-18,0.008,0.03594976291060448
Touchet_WA_824,2019-08-19,0.006,0.03587822616100311
Touchet_WA_824,2019-08-20,0.0,0.016761409118771553
Touchet_WA_824,2019-08-21,0.0,0.012345275841653347
Touchet_WA_824,2019-08-22,0.0,0.012345275841653347
Touchet_WA_824,2019-08-23,0.0,0.01245447713881731
Touchet_WA_824,2019-08-24,0.0,0.01245447713881731
Touchet_WA_824,2019-08-25,0.0,0.01245447713881731
Touchet_WA_824,2019-08-26,0.0,0.012460133992135525
Touchet_WA_824,2019-08-27,0.0,0.012460133992135525
Touchet_WA_824,2019-08-28,0.0,0.01276381965726614
Touchet_WA_824,2019-08-29,0.0,0.013092401437461376
Touchet_WA_824,2019-08-30,0.0,0.01344558410346508
Touchet_WA_824,2019-08-31,0.0,0.01062462292611599
Touchet_WA_824,2019-09-01,0.0,0.007357259746640921
Touchet_WA_824,2019-09-02,0.0,0.006263929419219494
Touchet_WA_824,2019-09-03,0.0,0.006263929419219494
Touchet_WA_824,2019-09-04,0.0,0.005818947218358517
Touchet_WA_824,2019-09-05,0.0,0.006022180430591106
Touchet_WA_824,2019-09-06,0.0,0.01315560843795538
Touchet_WA_824,2019-09-07,0.0,0.01315560843795538
Touchet_WA_824,2019-09-08,0.0,0.03176380693912506
Touchet_WA_824,2019-09-09,0.11,0.05552183464169502
Touchet_WA_824,2019-09-10,0.123,0.088497094810009
Touchet_WA_824,2019-09-11,0.169,0.09591402113437653
Touchet_WA_824,2019-09-12,0.135,0.10022775083780289
Touchet_WA_824,2019-09-13,0.121,0.10072478652000427
Touchet_WA_824,2019-09-14,0.104,0.09925954788923264
Touchet_WA_824,2019-09-15,0.098,0.09892424941062927
Touchet_WA_824,2019-09-16,0.085,0.09840335696935654
Touchet_WA_824,2019-09-17,0.074,0.09840335696935654
Touchet_WA_824,2019-09-18,0.08,0.10369854420423508
Touchet_WA_824,2019-09-19,0.163,0.13025350868701935
Touchet_WA_824,2019-09-20,0.16,0.15366055071353912
Touchet_WA_824,2019-09-21,0.146,0.16324985027313232
Touchet_WA_824,2019-09-22,0.136,0.16380053758621216
Touchet_WA_824,2019-09-23,0.125,0.1666792780160904
Touchet_WA_824,2019-09-24,0.132,0.16685478389263153
Touchet_WA_824,2019-09-25,0.124,0.15563181042671204
Touchet_WA_824,2019-09-26,0.116,0.15021617710590363
Touchet_WA_824,2019-09-27,0.111,0.14999818801879883
Touchet_WA_824,2019-09-28,0.106,0.15312708914279938
Touchet_WA_824,2019-09-29,0.104,0.17074474692344666
Touchet_WA_824,2019-09-30,0.115,0.17249910533428192
Touchet_WA_824,2019-10-01,0.124,0.18235790729522705
Touchet_WA_824,2019-10-02,0.13,0.17830514907836914
Touchet_WA_824,2019-10-03,0.168,0.1686457395553589
Touchet_WA_824,2019-10-04,0.195,0.1688954383134842
Touchet_WA_824,2019-10-05,0.225,0.18047203123569489
Touchet_WA_824,2019-10-06,0.247,0.18649977445602417
Touchet_WA_824,2019-10-07,0.216,0.19995823502540588
Touchet_WA_824,2019-10-08,0.193,0.20384721457958221
Touchet_WA_824,2019-10-09,0.242,0.23444527387619019
Touchet_WA_824,2019-10-10,0.214,0.24782587587833405
Touchet_WA_824,2019-10-11,0.211,0.24603740870952606
Touchet_WA_824,2019-10-12,0.224,0.24364504218101501
Touchet_WA_824,2019-10-13,0.242,0.24198798835277557
Touchet_WA_824,2019-10-14,0.276,0.24243766069412231
Touchet_WA_824,2019-10-15,0.247,0.22608384490013123
Touchet_WA_824,2019-10-16,0.224,0.20618678629398346
Touchet_WA_824,2019-10-17,0.208,0.20599043369293213
Touchet_WA_824,2019-10-18,0.23,0.20535624027252197
Touchet_WA_824,2019-10-19,0.221,0.21745850145816803
Touchet_WA_824,2019-10-20,0.207,0.2132055014371872
Touchet_WA_824,2019-10-21,0.202,0.24911028146743774
Touchet_WA_824,2019-10-22,0.196,0.25741326808929443
Touchet_WA_824,2019-10-23,0.28,0.2920646369457245
Touchet_WA_824,2019-10-24,0.257,0.25215598940849304
Touchet_WA_824,2019-10-25,0.249,0.2445414513349533
Touchet_WA_824,2019-10-26,0.293,0.24414537847042084
Touchet_WA_824,2019-10-27,0.259,0.2419283092021942
Touchet_WA_824,2019-10-28,0.235,0.21748386323451996
Touchet_WA_824,2019-10-29,0.214,0.18500393629074097
Touchet_WA_824,2019-10-30,0.188,0.16154570877552032
Touchet_WA_824,2019-10-31,0.159,0.1403268724679947
Touchet_WA_824,2019-11-01,0.147,0.14812777936458588
Touchet_WA_824,2019-11-02,0.105,0.1487346738576889
Touchet_WA_824,2019-11-03,0.123,0.16180208325386047
Touchet_WA_824,2019-11-04,0.159,0.16340775787830353
Touchet_WA_824,2019-11-05,0.197,0.16515174508094788
Touchet_WA_824,2019-11-06,0.223,0.16899140179157257
Touchet_WA_824,2019-11-07,0.209,0.17456622421741486
Touchet_WA_824,2019-11-08,0.195,0.1828010082244873
Touchet_WA_824,2019-11-09,0.204,0.18527887761592865
Touchet_WA_824,2019-11-10,0.252,0.20294521749019623
Touchet_WA_824,2019-11-11,0.317,0.2204255610704422
Touchet_WA_824,2019-11-12,0.272,0.23119008541107178
Touchet_WA_824,2019-11-13,0.304,0.2333289086818695
Touchet_WA_824,2019-11-14,0.282,0.24344289302825928
Touchet_WA_824,2019-11-15,0.267,0.25845032930374146
Touchet_WA_824,2019-11-16,0.332,0.2619296908378601
Touchet_WA_824,2019-11-17,0.301,0.2642762362957001
Touchet_WA_824,2019-11-18,0.328,0.2719687223434448
Touchet_WA_824,2019-11-19,0.3,0.2573680281639099
Touchet_WA_824,2019-11-20,0.319,0.25462350249290466
Touchet_WA_824,2019-11-21,0.295,0.25723597407341003
Touchet_WA_824,2019-11-22,0.271,0.2525465488433838
Touchet_WA_824,2019-11-23,0.247,0.2507600784301758
Touchet_WA_824,2019-11-24,0.235,0.24858945608139038
Touchet_WA_824,2019-11-25,0.232,0.24875004589557648
Touchet_WA_824,2019-11-26,0.216,0.2165762037038803
Touchet_WA_824,2019-11-27,0.214,0.207673579454422
Touchet_WA_824,2019-11-28,0.211,0.19475410878658295
Touchet_WA_824,2019-11-29,0.208,0.18263119459152222
Touchet_WA_824,2019-11-30,0.198,0.17862553894519806
Touchet_WA_824,2019-12-01,0.189,0.17850756645202637
Touchet_WA_824,2019-12-02,0.185,0.16664676368236542
Touchet_WA_824,2019-12-03,0.186,0.18195056915283203
Touchet_WA_824,2019-12-04,0.185,0.18460369110107422
Touchet_WA_824,2019-12-05,0.186,0.1798235923051834
Touchet_WA_824,2019-12-06,0.186,0.1797504872083664
Touchet_WA_824,2019-12-07,0.187,0.18143978714942932
Touchet_WA_824,2019-12-08,0.187,0.1906769722700119
Touchet_WA_824,2019-12-09,0.188,0.1916498839855194
Touchet_WA_824,2019-12-10,0.189,0.1870236098766327
Touchet_WA_824,2019-12-11,0.187,0.17554086446762085
Touchet_WA_824,2019-12-12,0.187,0.16999183595180511
Touchet_WA_824,2019-12-13,0.188,0.1707434505224228
Touchet_WA_824,2019-12-14,0.188,0.16841326653957367
Touchet_WA_824,2019-12-15,0.189,0.16840341687202454
Touchet_WA_824,2019-12-16,0.19,0.17151378095149994
Touchet_WA_824,2019-12-17,0.19,0.15728001296520233
Touchet_WA_824,2019-12-18,0.188,0.15686464309692383
Touchet_WA_824,2019-12-19,0.188,0.16740159690380096
Touchet_WA_824,2019-12-20,0.187,0.16502827405929565
Touchet_WA_824,2019-12-21,0.187,0.16553199291229248
Touchet_WA_824,2019-12-22,0.188,0.1644601970911026
Touchet_WA_824,2019-12-23,0.187,0.16754591464996338
Touchet_WA_824,2019-12-24,0.189,0.1677740514278412
Touchet_WA_824,2019-12-25,0.189,0.16971401870250702
Touchet_WA_824,2019-12-26,0.189,0.1736452728509903
Touchet_WA_824,2019-12-27,0.188,0.17345598340034485
Touchet_WA_824,2019-12-28,0.186,0.17121940851211548
Touchet_WA_824,2019-12-29,0.185,0.17111016809940338
Touchet_WA_824,2019-12-30,0.185,0.17303237318992615
Touchet_WA_824,2019-12-31,0.186,0.18574973940849304
Touchet_WA_824,2020-01-01,0.186,0.1817699372768402
Touchet_WA_824,2020-01-02,0.189,0.19149218499660492
Touchet_WA_824,2020-01-03,0.191,0.19060292840003967
Touchet_WA_824,2020-01-04,0.19,0.1924065202474594
Touchet_WA_824,2020-01-05,0.191,0.19674576818943024
Touchet_WA_824,2020-01-06,0.191,0.19243097305297852
Touchet_WA_824,2020-01-07,0.191,0.19248276948928833
Touchet_WA_824,2020-01-08,0.192,0.19202367961406708
Touchet_WA_824,2020-01-09,0.192,0.19249461591243744
Touchet_WA_824,2020-01-10,0.192,0.1918601095676422
Touchet_WA_824,2020-01-11,0.193,0.19550707936286926
Touchet_WA_824,2020-01-12,0.193,0.19761979579925537
Touchet_WA_824,2020-01-13,0.193,0.18752452731132507
Touchet_WA_824,2020-01-14,0.193,0.18893641233444214
Touchet_WA_824,2020-01-15,0.193,0.19962170720100403
Touchet_WA_824,2020-01-16,0.192,0.2015850841999054
Touchet_WA_824,2020-01-17,0.193,0.19412802159786224
Touchet_WA_824,2020-01-18,0.193,0.1951293647289276
Touchet_WA_824,2020-01-19,0.194,0.19290496408939362
Touchet_WA_824,2020-01-20,0.194,0.1933596134185791
Touchet_WA_824,2020-01-21,0.194,0.19435687363147736
Touchet_WA_824,2020-01-22,0.194,0.19268284738063812
Touchet_WA_824,2020-01-23,0.193,0.19320204854011536
Touchet_WA_824,2020-01-24,0.195,0.19416597485542297
Touchet_WA_824,2020-01-25,0.195,0.19307586550712585
Touchet_WA_824,2020-01-26,0.196,0.19459925591945648
Touchet_WA_824,2020-01-27,0.195,0.19311566650867462
Touchet_WA_824,2020-01-28,0.195,0.19897931814193726
Touchet_WA_824,2020-01-29,0.196,0.2035616934299469
Touchet_WA_824,2020-01-30,0.196,0.20130793750286102
Touchet_WA_824,2020-01-31,0.197,0.2040749043226242
Touchet_WA_824,2020-02-01,0.198,0.20005173981189728
Touchet_WA_824,2020-02-02,0.197,0.19874519109725952
Touchet_WA_824,2020-02-03,0.199,0.1960640698671341
Touchet_WA_824,2020-02-04,0.199,0.19892659783363342
Touchet_WA_824,2020-02-05,0.199,0.2042887955904007
Touchet_WA_824,2020-02-06,0.2,0.20875583589076996
Touchet_WA_824,2020-02-07,0.201,0.20824746787548065
Touchet_WA_824,2020-02-08,0.213,0.2168559581041336
Touchet_WA_824,2020-02-09,0.214,0.21228964626789093
Touchet_WA_824,2020-02-10,0.216,0.21349018812179565
Touchet_WA_824,2020-02-11,0.215,0.2142951786518097
Touchet_WA_824,2020-02-12,0.214,0.2187463790178299
Touchet_WA_824,2020-02-13,0.215,0.2191864252090454
Touchet_WA_824,2020-02-14,0.216,0.21180866658687592
Touchet_WA_824,2020-02-15,0.215,0.202846497297287
Touchet_WA_824,2020-02-16,0.214,0.20592337846755981
Touchet_WA_824,2020-02-17,0.215,0.20612238347530365
Touchet_WA_824,2020-02-18,0.215,0.18551091849803925
Touchet_WA_824,2020-02-19,0.215,0.18343676626682281
Touchet_WA_824,2020-02-20,0.214,0.18325266242027283
Touchet_WA_824,2020-02-21,0.215,0.18325266242027283
Touchet_WA_824,2020-02-22,0.215,0.18325266242027283
Touchet_WA_824,2020-02-23,0.214,0.18457552790641785
Touchet_WA_824,2020-02-24,0.214,0.18457552790641785
Touchet_WA_824,2020-02-25,0.214,0.20032916963100433
Touchet_WA_824,2020-02-26,0.215,0.19995059072971344
Touchet_WA_824,2020-02-27,0.214,0.20137466490268707
Touchet_WA_824,2020-02-28,0.215,0.2065277248620987
Touchet_WA_824,2020-02-29,0.216,0.21116530895233154
Touchet_WA_824,2020-03-01,0.215,0.21259716153144836
Touchet_WA_824,2020-03-02,0.216,0.21298791468143463
Touchet_WA_824,2020-03-03,0.216,0.20478278398513794
Touchet_WA_824,2020-03-04,0.216,0.20646460354328156
Touchet_WA_824,2020-03-05,0.215,0.20623795688152313
Touchet_WA_824,2020-03-06,0.215,0.20853406190872192
Touchet_WA_824,2020-03-07,0.215,0.20974242687225342
Touchet_WA_824,2020-03-08,0.216,0.2110627293586731
Touchet_WA_824,2020-03-09,0.215,0.2100951224565506
Touchet_WA_824,2020-03-10,0.217,0.21071234345436096
Touchet_WA_824,2020-03-11,0.217,0.21041086316108704
Touchet_WA_824,2020-03-12,0.216,0.21115677058696747
Touchet_WA_824,2020-03-13,0.218,0.21051906049251556
Touchet_WA_824,2020-03-14,0.218,0.21266698837280273
Touchet_WA_824,2020-03-15,0.217,0.21362926065921783
Touchet_WA_824,2020-03-16,0.216,0.21537154912948608
Touchet_WA_824,2020-03-17,0.218,0.21685032546520233
Touchet_WA_824,2020-03-18,0.217,0.21888913214206696
Touchet_WA_824,2020-03-19,0.217,0.2185683250427246
Touchet_WA_824,2020-03-20,0.217,0.21633607149124146
Touchet_WA_824,2020-03-21,0.219,0.21673665940761566
Touchet_WA_824,2020-03-22,0.221,0.21645808219909668
Touchet_WA_824,2020-03-23,0.224,0.21544179320335388
Touchet_WA_824,2020-03-24,0.225,0.21551848948001862
Touchet_WA_824,2020-03-25,0.227,0.22232797741889954
Touchet_WA_824,2020-03-26,0.226,0.22796814143657684
Touchet_WA_824,2020-03-27,0.226,0.22742237150669098
Touchet_WA_824,2020-03-28,0.225,0.22743548452854156
Touchet_WA_824,2020-03-29,0.225,0.2375291883945465
Touchet_WA_824,2020-03-30,0.224,0.24734283983707428
Touchet_WA_824,2020-03-31,0.223,0.25729212164878845
Touchet_WA_824,2020-04-01,0.225,0.2561432719230652
Touchet_WA_824,2020-04-02,0.223,0.2566397488117218
Touchet_WA_824,2020-04-03,0.224,0.25059613585472107
Touchet_WA_824,2020-04-04,0.224,0.24973252415657043
Touchet_WA_824,2020-04-05,0.223,0.23758964240550995
Touchet_WA_824,2020-04-06,0.223,0.2384692132472992
Touchet_WA_824,2020-04-07,0.224,0.21832957863807678
Touchet_WA_824,2020-04-08,0.224,0.21571001410484314
Touchet_WA_824,2020-04-09,0.222,0.21295031905174255
Touchet_WA_824,2020-04-10,0.224,0.21295031905174255
Touchet_WA_824,2020-04-11,0.223,0.21385128796100616
Touchet_WA_824,2020-04-12,0.228,0.21696683764457703
Touchet_WA_824,2020-04-13,0.234,0.2236589938402176
Touchet_WA_824,2020-04-14,0.235,0.2352077066898346
Touchet_WA_824,2020-04-15,0.234,0.24078388512134552
Touchet_WA_824,2020-04-16,0.237,0.2529104948043823
Touchet_WA_824,2020-04-17,0.238,0.2543175220489502
Touchet_WA_824,2020-04-18,0.241,0.2582706809043884
Touchet_WA_824,2020-04-19,0.252,0.25760382413864136
Touchet_WA_824,2020-04-20,0.262,0.2612050473690033
Touchet_WA_824,2020-04-21,0.27,0.2637155055999756
Touchet_WA_824,2020-04-22,0.277,0.26817452907562256
Touchet_WA_824,2020-04-23,0.281,0.29766616225242615
Touchet_WA_824,2020-04-24,0.302,0.30629754066467285
Touchet_WA_824,2020-04-25,0.292,0.3095080256462097
Touchet_WA_824,2020-04-26,0.292,0.3056689202785492
Touchet_WA_824,2020-04-27,0.298,0.30219408869743347
Touchet_WA_824,2020-04-28,0.303,0.30208510160446167
Touchet_WA_824,2020-04-29,0.307,0.3050043284893036
Touchet_WA_824,2020-04-30,0.316,0.30398643016815186
Touchet_WA_824,2020-05-01,0.323,0.3016412854194641
Touchet_WA_824,2020-05-02,0.327,0.3013428747653961
Touchet_WA_824,2020-05-03,0.333,0.30871689319610596
Touchet_WA_824,2020-05-04,0.313,0.31020721793174744
Touchet_WA_824,2020-05-05,0.331,0.31277841329574585
Touchet_WA_824,2020-05-06,0.339,0.3214815557003021
Touchet_WA_824,2020-05-07,0.321,0.32800158858299255
Touchet_WA_824,2020-05-08,0.332,0.32697609066963196
Touchet_WA_824,2020-05-09,0.343,0.32683709263801575
Touchet_WA_824,2020-05-10,0.346,0.3241398334503174
Touchet_WA_824,2020-05-11,0.347,0.3168277442455292
Touchet_WA_824,2020-05-12,0.346,0.32033485174179077
Touchet_WA_824,2020-05-13,0.344,0.32473936676979065
Touchet_WA_824,2020-05-14,0.346,0.3261367678642273
Touchet_WA_824,2020-05-15,0.332,0.330346941947937
Touchet_WA_824,2020-05-16,0.343,0.33019790053367615
Touchet_WA_824,2020-05-17,0.345,0.33146554231643677
Touchet_WA_824,2020-05-18,0.335,0.3304704427719116
Touchet_WA_824,2020-05-19,0.313,0.31872841715812683
Touchet_WA_824,2020-05-20,0.31,0.3169090747833252
Touchet_WA_824,2020-05-21,0.354,0.3283301293849945
Touchet_WA_824,2020-05-22,0.323,0.31680089235305786
Touchet_WA_824,2020-05-23,0.31,0.3114234209060669
Touchet_WA_824,2020-05-24,0.291,0.3032066822052002
Touchet_WA_824,2020-05-25,0.274,0.291153222322464
Touchet_WA_824,2020-05-26,0.291,0.2767757177352905
Touchet_WA_824,2020-05-27,0.27,0.2624295651912689
Touchet_WA_824,2020-05-28,0.252,0.25135666131973267
Touchet_WA_824,2020-05-29,0.244,0.2709057331085205
Touchet_WA_824,2020-05-30,0.236,0.2766612768173218
Touchet_WA_824,2020-05-31,0.229,0.28261691331863403
Touchet_WA_824,2020-06-01,0.246,0.26124387979507446
Touchet_WA_824,2020-06-02,0.235,0.2444887012243271
Touchet_WA_824,2020-06-03,0.222,0.220799058675766
Touchet_WA_824,2020-06-04,0.215,0.20749428868293762
Touchet_WA_824,2020-06-05,0.208,0.1946534663438797
Touchet_WA_824,2020-06-06,0.214,0.22632171213626862
Touchet_WA_824,2020-06-07,0.229,0.2445903718471527
Touchet_WA_824,2020-06-08,0.222,0.24432316422462463
Touchet_WA_824,2020-06-09,0.26,0.23536065220832825
Touchet_WA_824,2020-06-10,0.289,0.2324475795030594
Touchet_WA_824,2020-06-11,0.256,0.23815366625785828
Touchet_WA_824,2020-06-12,0.24,0.23753170669078827
Touchet_WA_824,2020-06-13,0.228,0.25437378883361816
Touchet_WA_824,2020-06-14,0.322,0.2794199585914612
Touchet_WA_824,2020-06-15,0.301,0.2928803563117981
Touchet_WA_824,2020-06-16,0.313,0.3073318898677826
Touchet_WA_824,2020-06-17,0.289,0.3119454085826874
Touchet_WA_824,2020-06-18,0.264,0.29166412353515625
Touchet_WA_824,2020-06-19,0.247,0.2568407952785492
Touchet_WA_824,2020-06-20,0.236,0.24069583415985107
Touchet_WA_824,2020-06-21,0.233,0.21763017773628235
Touchet_WA_824,2020-06-22,0.221,0.20208540558815002
Touchet_WA_824,2020-06-23,0.205,0.2416374683380127
Touchet_WA_824,2020-06-24,0.193,0.20871619880199432
Touchet_WA_824,2020-06-25,0.184,0.18162281811237335
Touchet_WA_824,2020-06-26,0.169,0.16851717233657837
Touchet_WA_824,2020-06-27,0.157,0.15489372611045837
Touchet_WA_824,2020-06-28,0.146,0.15371769666671753
Touchet_WA_824,2020-06-29,0.147,0.15191499888896942
Touchet_WA_824,2020-06-30,0.17,0.15519769489765167
Touchet_WA_824,2020-07-01,0.165,0.17043443024158478
Touchet_WA_824,2020-07-02,0.159,0.1702256202697754
Touchet_WA_824,2020-07-03,0.149,0.1587335169315338
Touchet_WA_824,2020-07-04,0.14,0.14754222333431244
Touchet_WA_824,2020-07-05,0.125,0.12714014947414398
Touchet_WA_824,2020-07-06,0.113,0.11449258029460907
Touchet_WA_824,2020-07-07,0.099,0.1035807728767395
Touchet_WA_824,2020-07-08,0.133,0.09889208525419235
Touchet_WA_824,2020-07-09,0.115,0.09942756593227386
Touchet_WA_824,2020-07-10,0.1,0.09926655143499374
Touchet_WA_824,2020-07-11,0.103,0.09651565551757812
Touchet_WA_824,2020-07-12,0.092,0.08983096480369568
Touchet_WA_824,2020-07-13,0.076,0.08259736746549606
Touchet_WA_824,2020-07-14,0.067,0.08146083354949951
Touchet_WA_824,2020-07-15,0.054,0.06875064224004745
Touchet_WA_824,2020-07-16,0.044,0.050797589123249054
Touchet_WA_824,2020-07-17,0.036,0.041450273245573044
Touchet_WA_824,2020-07-18,0.028,0.03409754857420921
Touchet_WA_824,2020-07-19,0.024,0.029849475249648094
Touchet_WA_824,2020-07-20,0.021,0.02353857271373272
Touchet_WA_824,2020-07-21,0.017,0.02170851267874241
Touchet_WA_824,2020-07-22,0.016,0.017245052382349968
Touchet_WA_824,2020-07-23,0.013,0.015199398621916771
Touchet_WA_824,2020-07-24,0.011,0.010168466717004776
Touchet_WA_824,2020-07-25,0.007,0.007732742000371218
Touchet_WA_824,2020-07-26,0.01,0.00746249221265316
Touchet_WA_824,2020-07-27,0.009,0.007134861778467894
Touchet_WA_824,2020-07-28,0.011,0.006905161309987307
Touchet_WA_824,2020-07-29,0.004,0.006438413634896278
Touchet_WA_824,2020-07-30,0.007,0.006438413634896278
Touchet_WA_824,2020-07-31,0.006,0.006438413634896278
Touchet_WA_824,2020-08-01,0.003,0.006438413634896278
Touchet_WA_824,2020-08-02,0.004,0.006438413634896278
Touchet_WA_824,2020-08-03,0.004,0.006170816719532013
Touchet_WA_824,2020-08-04,0.003,0.006170816719532013
Touchet_WA_824,2020-08-05,0.001,0.005867131054401398
Touchet_WA_824,2020-08-06,0.0,0.009854553267359734
Touchet_WA_824,2020-08-07,0.0,0.0067475647665560246
Touchet_WA_824,2020-08-08,0.0,0.006070229224860668
Touchet_WA_824,2020-08-09,0.0,0.0056253643706440926
Touchet_WA_824,2020-08-10,0.0,0.005764929577708244
Touchet_WA_824,2020-08-11,0.0,0.004222684074193239
Touchet_WA_824,2020-08-12,0.0,0.006644462700933218
Touchet_WA_824,2020-08-13,0.0,0.00635844049975276
Touchet_WA_824,2020-08-14,0.0,0.005674558226019144
Touchet_WA_824,2020-08-15,0.0,0.005674558226019144
Touchet_WA_824,2020-08-16,0.0,0.005674558226019144
Touchet_WA_824,2020-08-17,0.0,0.005927847232669592
Touchet_WA_824,2020-08-18,0.0,0.005927847232669592
Touchet_WA_824,2020-08-19,0.0,0.0045263697393238544
Touchet_WA_824,2020-08-20,0.0,0.0045263697393238544
Touchet_WA_824,2020-08-21,0.0,0.003777658799663186
Touchet_WA_824,2020-08-22,0.0,0.003777658799663186
Touchet_WA_824,2020-08-23,0.0,0.003777658799663186
Touchet_WA_824,2020-08-24,0.0,0.0029160280246287584
Touchet_WA_824,2020-08-25,0.0,0.0029160280246287584
Touchet_WA_824,2020-08-26,0.0,0.0029160280246287584
Touchet_WA_824,2020-08-27,0.0,0.0029160280246287584
Touchet_WA_824,2020-08-28,0.0,0.0029160280246287584
Touchet_WA_824,2020-08-29,0.0,0.0029160280246287584
Touchet_WA_824,2020-08-30,0.0,0.0029160280246287584
Touchet_WA_824,2020-08-31,0.0,0.003736340207979083
Touchet_WA_824,2020-09-01,0.0,0.003450318006798625
Touchet_WA_824,2020-09-02,0.0,0.0029160280246287584
Touchet_WA_824,2020-09-03,0.0,0.0029160280246287584
Touchet_WA_824,2020-09-04,0.0,0.0029160280246287584
Touchet_WA_824,2020-09-05,0.0,0.0029160280246287584
Touchet_WA_824,2020-09-06,0.0,0.0029160280246287584
Touchet_WA_824,2020-09-07,0.0,0.0029160280246287584
Touchet_WA_824,2020-09-08,0.0,0.0029160280246287584
Touchet_WA_824,2020-09-09,0.0,0.0029160280246287584
Touchet_WA_824,2020-09-10,0.0,0.002453479915857315
Touchet_WA_824,2020-09-11,0.0,0.002453479915857315
Touchet_WA_824,2020-09-12,0.0,0.0025536352768540382
Touchet_WA_824,2020-09-13,0.0,0.0025536352768540382
Touchet_WA_824,2020-09-14,0.0,0.0024256035685539246
Touchet_WA_824,2020-09-15,0.0,0.0024256035685539246
Touchet_WA_824,2020-09-16,0.0,0.0024256035685539246
Touchet_WA_824,2020-09-17,0.0,0.003971979022026062
Touchet_WA_824,2020-09-18,0.0,0.006974098738282919
Touchet_WA_824,2020-09-19,0.0,0.012098539620637894
Touchet_WA_824,2020-09-20,0.07,0.017997102811932564
Touchet_WA_824,2020-09-21,0.062,0.022336188703775406
Touchet_WA_824,2020-09-22,0.047,0.020957596600055695
Touchet_WA_824,2020-09-23,0.032,0.03176133334636688
Touchet_WA_824,2020-09-24,0.02,0.06251110136508942
Touchet_WA_824,2020-09-25,0.131,0.10082871466875076
Touchet_WA_824,2020-09-26,0.113,0.12360583245754242
Touchet_WA_824,2020-09-27,0.191,0.1508645862340927
Touchet_WA_824,2020-09-28,0.165,0.1411319226026535
Touchet_WA_824,2020-09-29,0.149,0.12809185683727264
Touchet_WA_824,2020-09-30,0.138,0.11876870691776276
Touchet_WA_824,2020-10-01,0.126,0.11584687978029251
Touchet_WA_824,2020-10-02,0.12,0.11405429989099503
Touchet_WA_824,2020-10-03,0.11,0.10396590828895569
Touchet_WA_824,2020-10-04,0.103,0.1005314514040947
Touchet_WA_824,2020-10-05,0.097,0.0926528349518776
Touchet_WA_824,2020-10-06,0.09,0.08780304342508316
Touchet_WA_824,2020-10-07,0.083,0.06695453822612762
Touchet_WA_824,2020-10-08,0.079,0.06543412804603577
Touchet_WA_824,2020-10-09,0.072,0.060048267245292664
Touchet_WA_824,2020-10-10,0.07,0.09662764519453049
Touchet_WA_824,2020-10-11,0.307,0.17281043529510498
Touchet_WA_824,2020-10-12,0.312,0.24570003151893616
Touchet_WA_824,2020-10-13,0.259,0.24416890740394592
Touchet_WA_824,2020-10-14,0.314,0.22705811262130737
Touchet_WA_824,2020-10-15,0.247,0.22331660985946655
Touchet_WA_824,2020-10-16,0.223,0.2206532061100006
Touchet_WA_824,2020-10-17,0.204,0.20412138104438782
Touchet_WA_824,2020-10-18,0.194,0.19965679943561554
Touchet_WA_824,2020-10-19,0.216,0.18073779344558716
Touchet_WA_824,2020-10-20,0.197,0.18894335627555847
Touchet_WA_824,2020-10-21,0.186,0.192848801612854
Touchet_WA_824,2020-10-22,0.18,0.19835017621517181
Touchet_WA_824,2020-10-23,0.185,0.19625963270664215
Touchet_WA_824,2020-10-24,0.155,0.21595291793346405
Touchet_WA_824,2020-10-25,0.277,0.22782540321350098
Touchet_WA_824,2020-10-26,0.239,0.23691247403621674
Touchet_WA_824,2020-10-27,0.212,0.2554486095905304
Touchet_WA_824,2020-10-28,0.231,0.2070346474647522
