station_id,date,y_true,y_pred
Darrington,2017-01-11,0.329,0.32367539405822754
Darrington,2017-01-12,0.327,0.3298611044883728
Darrington,2017-01-13,0.365,0.3542878329753876
Darrington,2017-01-14,0.39,0.3860037922859192
Darrington,2017-01-15,0.388,0.39518699049949646
Darrington,2017-01-21,0.436,0.40609344840049744
Darrington,2017-01-22,0.437,0.37811923027038574
Darrington,2017-01-23,0.424,0.4057316184043884
Darrington,2017-01-25,0.406,0.4134977161884308
Darrington,2017-01-26,0.42,0.4105805456638336
Darrington,2017-01-27,0.417,0.41534876823425293
Darrington,2017-01-28,0.409,0.41443946957588196
Darrington,2017-01-29,0.42,0.4206972122192383
Darrington,2017-01-30,0.439,0.42243143916130066
Darrington,2017-01-31,0.43,0.39464491605758667
Darrington,2017-03-01,0.376,0.3726312220096588
Darrington,2017-03-02,0.364,0.3752959966659546
Darrington,2017-03-03,0.389,0.3728518784046173
Darrington,2017-03-04,0.358,0.35245227813720703
Darrington,2017-03-05,0.351,0.34676963090896606
Darrington,2017-03-06,0.358,0.35953304171562195
Darrington,2017-03-07,0.352,0.36090198159217834
Darrington,2017-03-08,0.366,0.36423787474632263
Darrington,2017-03-09,0.377,0.3766684830188751
Darrington,2017-03-10,0.383,0.38308045268058777
Darrington,2017-03-11,0.378,0.38138246536254883
Darrington,2017-03-12,0.391,0.38164669275283813
Darrington,2017-03-13,0.407,0.37988561391830444
Darrington,2017-03-14,0.385,0.3776088356971741
Darrington,2017-03-15,0.382,0.3742736876010895
Darrington,2017-03-16,0.36,0.37127408385276794
Darrington,2017-03-17,0.356,0.3668348789215088
Darrington,2017-03-18,0.384,0.36713895201683044
Darrington,2017-03-19,0.345,0.35992422699928284
Darrington,2017-03-20,0.331,0.3475256562232971
Darrington,2017-03-21,0.34,0.3535653352737427
Darrington,2017-03-22,0.365,0.35766419768333435
Darrington,2017-03-23,0.352,0.3534719944000244
Darrington,2017-03-24,0.382,0.3672502338886261
Darrington,2017-03-25,0.372,0.3626475930213928
Darrington,2017-03-26,0.36,0.3649883568286896
Darrington,2017-03-27,0.367,0.3682759702205658
Darrington,2017-03-28,0.39,0.37667328119277954
Darrington,2017-03-29,0.397,0.38369742035865784
Darrington,2017-03-30,0.369,0.3742391765117645
Darrington,2017-03-31,0.347,0.3553421199321747
Darrington,2017-04-01,0.362,0.3663175106048584
Darrington,2017-04-02,0.363,0.35817697644233704
Darrington,2017-04-03,0.352,0.333009272813797
Darrington,2017-04-04,0.336,0.3404539227485657
Darrington,2017-04-05,0.379,0.3562674820423126
Darrington,2017-04-06,0.363,0.35074982047080994
Darrington,2017-04-07,0.377,0.36172008514404297
Darrington,2017-04-08,0.366,0.35980525612831116
Darrington,2017-04-09,0.35,0.3476937413215637
Darrington,2017-04-10,0.362,0.356790691614151
Darrington,2017-04-11,0.35,0.3493231236934662
Darrington,2017-04-12,0.342,0.3427189588546753
Darrington,2017-04-13,0.364,0.3532694876194
Darrington,2017-04-14,0.359,0.34987038373947144
Darrington,2017-04-15,0.35,0.34252431988716125
Darrington,2017-04-16,0.329,0.3287000358104706
Darrington,2017-04-17,0.332,0.3415718674659729
Darrington,2017-04-18,0.358,0.3504505753517151
Darrington,2017-04-19,0.341,0.3470354676246643
Darrington,2017-04-20,0.367,0.35506677627563477
Darrington,2017-04-21,0.341,0.33949705958366394
Darrington,2017-04-22,0.33,0.33997082710266113
Darrington,2017-04-23,0.341,0.3399665951728821
Darrington,2017-04-24,0.347,0.3328920602798462
Darrington,2017-04-25,0.329,0.3381367325782776
Darrington,2017-04-26,0.371,0.3537454605102539
Darrington,2017-04-27,0.36,0.351639986038208
Darrington,2017-04-28,0.34,0.3388121724128723
Darrington,2017-04-29,0.348,0.3488365411758423
Darrington,2017-04-30,0.359,0.34416061639785767
Darrington,2017-05-01,0.339,0.3340437412261963
Darrington,2017-05-02,0.323,0.32760846614837646
Darrington,2017-05-03,0.357,0.34010136127471924
Darrington,2017-05-04,0.348,0.3434006869792938
Darrington,2017-05-05,0.374,0.34961795806884766
Darrington,2017-05-06,0.366,0.3479185104370117
Darrington,2017-05-07,0.338,0.32964566349983215
Darrington,2017-05-08,0.324,0.3024565875530243
Darrington,2017-05-09,0.307,0.29096099734306335
Darrington,2017-05-10,0.284,0.2870841920375824
Darrington,2017-05-11,0.293,0.30948472023010254
Darrington,2017-05-12,0.322,0.31390076875686646
Darrington,2017-05-13,0.308,0.31160539388656616
Darrington,2017-05-14,0.295,0.30837544798851013
Darrington,2017-05-15,0.31,0.3222242593765259
Darrington,2017-05-16,0.373,0.3287457227706909
Darrington,2017-05-17,0.346,0.32002541422843933
Darrington,2017-05-18,0.32,0.31375133991241455
Darrington,2017-05-19,0.294,0.29694920778274536
Darrington,2017-05-20,0.281,0.27215710282325745
Darrington,2017-05-21,0.261,0.26007428765296936
Darrington,2017-05-22,0.236,0.2273709625005722
Darrington,2017-05-23,0.212,0.20886842906475067
Darrington,2017-05-24,0.205,0.20452608168125153
Darrington,2017-05-25,0.202,0.20658232271671295
Darrington,2017-05-26,0.189,0.1913696527481079
Darrington,2017-05-27,0.174,0.17923210561275482
Darrington,2017-05-28,0.155,0.15523219108581543
Darrington,2017-05-29,0.136,0.1403343379497528
Darrington,2017-05-30,0.125,0.13384892046451569
Darrington,2017-05-31,0.128,0.13427022099494934
Darrington,2017-06-01,0.13,0.13476045429706573
Darrington,2017-06-02,0.133,0.13483421504497528
Darrington,2017-06-03,0.13,0.1366172879934311
Darrington,2017-06-04,0.124,0.12221001088619232
Darrington,2017-06-05,0.117,0.11907344311475754
Darrington,2017-06-06,0.109,0.10752177238464355
Darrington,2017-06-07,0.102,0.10269719362258911
Darrington,2017-06-08,0.116,0.13622452318668365
Darrington,2017-06-09,0.142,0.1440647840499878
Darrington,2017-06-10,0.138,0.14109407365322113
Darrington,2017-06-11,0.135,0.14112864434719086
Darrington,2017-06-12,0.13,0.12881317734718323
Darrington,2017-06-13,0.127,0.13397356867790222
Darrington,2017-06-14,0.132,0.126133531332016
Darrington,2017-06-15,0.15,0.1646660417318344
Darrington,2017-06-16,0.187,0.18000046908855438
Darrington,2017-06-17,0.179,0.17703776061534882
Darrington,2017-06-18,0.177,0.21048232913017273
Darrington,2017-06-19,0.178,0.18765129148960114
Darrington,2017-06-20,0.174,0.17523141205310822
Darrington,2017-06-21,0.165,0.16040074825286865
Darrington,2017-06-22,0.153,0.13747373223304749
Darrington,2017-06-23,0.138,0.12595689296722412
Darrington,2017-06-24,0.123,0.11728890985250473
Darrington,2017-06-25,0.11,0.09684993326663971
Darrington,2017-06-26,0.102,0.0912519097328186
Darrington,2017-06-27,0.096,0.09434523433446884
Darrington,2017-06-28,0.091,0.09141496568918228
Darrington,2017-06-29,0.088,0.09158126264810562
Darrington,2017-06-30,0.083,0.0870242714881897
Darrington,2017-07-01,0.079,0.08032356947660446
Darrington,2017-07-02,0.076,0.0760851725935936
Darrington,2017-07-03,0.074,0.0741756334900856
Darrington,2017-07-04,0.071,0.06349394470453262
Darrington,2017-07-05,0.069,0.06492162495851517
Darrington,2017-07-06,0.067,0.06472150981426239
Darrington,2017-07-07,0.064,0.0657765120267868
Darrington,2017-07-08,0.063,0.06335502862930298
Darrington,2017-07-09,0.06,0.059198323637247086
Darrington,2017-07-10,0.059,0.05696573480963707
Darrington,2017-07-11,0.058,0.049408748745918274
Darrington,2017-07-12,0.056,0.05017272010445595
Darrington,2017-07-13,0.055,0.05209067091345787
Darrington,2017-07-14,0.054,0.049575045704841614
Darrington,2017-07-15,0.052,0.047906577587127686
Darrington,2017-07-16,0.05,0.0456930473446846
Darrington,2017-07-17,0.049,0.04097919166088104
Darrington,2017-07-18,0.048,0.03164738044142723
Darrington,2017-07-19,0.046,0.027242572978138924
Darrington,2017-07-20,0.045,0.04967125132679939
Darrington,2017-07-21,0.044,0.05926177650690079
Darrington,2017-07-22,0.045,0.06176993250846863
Darrington,2017-07-23,0.044,0.05461142584681511
Darrington,2017-07-24,0.043,0.04940022528171539
Darrington,2017-07-25,0.042,0.04033156856894493
Darrington,2017-07-26,0.04,0.03802995756268501
Darrington,2017-07-27,0.038,0.03974621370434761
Darrington,2017-07-28,0.037,0.037753358483314514
Darrington,2017-07-29,0.036,0.038307640701532364
Darrington,2017-07-30,0.035,0.037132371217012405
Darrington,2017-07-31,0.034,0.03273193538188934
Darrington,2017-08-01,0.034,0.03111344762146473
Darrington,2017-08-02,0.033,0.031355880200862885
Darrington,2017-08-03,0.032,0.028242291882634163
Darrington,2017-08-04,0.031,0.027483904734253883
Darrington,2017-08-05,0.032,0.028957456350326538
Darrington,2017-08-06,0.031,0.024815937504172325
Darrington,2017-08-07,0.031,0.020489877089858055
Darrington,2017-08-08,0.03,0.027558661997318268
Darrington,2017-08-09,0.03,0.02636941894888878
Darrington,2017-08-10,0.03,0.025928234681487083
Darrington,2017-08-11,0.029,0.029996169731020927
Darrington,2017-08-12,0.027,0.02985663339495659
Darrington,2017-08-13,0.029,0.033441074192523956
Darrington,2017-08-14,0.029,0.03241529315710068
Darrington,2017-08-15,0.03,0.020921485498547554
Darrington,2017-08-16,0.03,0.022354906424880028
Darrington,2017-08-17,0.03,0.02540578693151474
Darrington,2017-08-18,0.029,0.02724900282919407
Darrington,2017-08-19,0.028,0.028165090829133987
Darrington,2017-08-20,0.027,0.028750665485858917
Darrington,2017-08-21,0.025,0.01949957385659218
Darrington,2017-08-22,0.026,0.02249489352107048
Darrington,2017-08-23,0.026,0.02291760966181755
Darrington,2017-08-24,0.025,0.025189409032464027
Darrington,2017-08-25,0.024,0.027438655495643616
Darrington,2017-08-26,0.024,0.02802649512887001
Darrington,2017-08-27,0.024,0.024985603988170624
Darrington,2017-08-28,0.023,0.024974914267659187
Darrington,2017-08-29,0.023,0.02027195878326893
Darrington,2017-08-30,0.023,0.018075207248330116
Darrington,2017-08-31,0.024,0.021321557462215424
Darrington,2017-09-01,0.024,0.02076032944023609
Darrington,2017-09-02,0.024,0.020731639117002487
Darrington,2017-09-03,0.023,0.018636709079146385
Darrington,2017-09-04,0.023,0.016709640622138977
Darrington,2017-09-05,0.023,0.016778279095888138
Darrington,2017-09-06,0.022,0.017256122082471848
Darrington,2017-09-07,0.022,0.016327179968357086
Darrington,2017-09-08,0.023,0.016256576403975487
Darrington,2017-09-09,0.023,0.023604759946465492
Darrington,2017-09-10,0.024,0.02514394372701645
Darrington,2017-09-11,0.025,0.022844508290290833
Darrington,2017-09-12,0.026,0.027161918580532074
Darrington,2017-09-13,0.027,0.026220321655273438
Darrington,2017-09-14,0.025,0.026351673528552055
Darrington,2017-09-15,0.024,0.024018550291657448
Darrington,2017-09-16,0.024,0.022585120052099228
Darrington,2017-09-17,0.023,0.039298802614212036
Darrington,2017-09-18,0.028,0.06208106875419617
Darrington,2017-09-19,0.062,0.09279343485832214
Darrington,2017-09-20,0.107,0.11026211827993393
Darrington,2017-09-21,0.124,0.11864938586950302
Darrington,2017-09-22,0.123,0.12333372980356216
Darrington,2017-09-23,0.122,0.12287869304418564
Darrington,2017-09-24,0.12,0.11766307055950165
Darrington,2017-09-25,0.12,0.11715102940797806
Darrington,2017-09-26,0.118,0.12473652511835098
Darrington,2017-09-27,0.117,0.11632463335990906
Darrington,2017-09-28,0.115,0.110101118683815
Darrington,2017-09-29,0.116,0.1182524785399437
Darrington,2017-09-30,0.149,0.14487791061401367
Darrington,2017-10-01,0.166,0.15665167570114136
Darrington,2017-10-02,0.161,0.15245267748832703
Darrington,2017-10-03,0.153,0.14621920883655548
Darrington,2017-10-04,0.147,0.13510701060295105
Darrington,2017-10-05,0.144,0.12838120758533478
Darrington,2017-10-06,0.151,0.1527775079011917
Darrington,2017-10-07,0.195,0.1742471605539322
Darrington,2017-10-08,0.199,0.1845533698797226
Darrington,2017-10-09,0.19,0.19244638085365295
Darrington,2017-10-10,0.187,0.19557490944862366
Darrington,2017-10-11,0.186,0.19617421925067902
Darrington,2017-10-12,0.2,0.19336627423763275
Darrington,2017-10-13,0.23,0.20751415193080902
Darrington,2017-10-14,0.221,0.20683105289936066
Darrington,2017-10-15,0.212,0.20175684988498688
Darrington,2017-10-16,0.211,0.21166464686393738
Darrington,2017-10-17,0.246,0.23232176899909973
Darrington,2017-10-18,0.264,0.2624330520629883
Darrington,2017-10-19,0.277,0.27323177456855774
Darrington,2017-10-20,0.278,0.2764325737953186
Darrington,2017-10-21,0.284,0.2814942002296448
Darrington,2017-10-22,0.289,0.28282496333122253
Darrington,2017-10-23,0.261,0.2620246112346649
Darrington,2017-10-24,0.244,0.25616979598999023
Darrington,2017-10-25,0.26,0.2701297104358673
Darrington,2017-10-26,0.251,0.23813699185848236
Darrington,2017-10-27,0.24,0.23572713136672974
Darrington,2017-10-28,0.235,0.237885981798172
Darrington,2017-10-29,0.23,0.2269545942544937
Darrington,2017-10-31,0.223,0.2185191959142685
Darrington,2017-11-01,0.228,0.2296103835105896
Darrington,2017-11-02,0.258,0.2564598023891449
Darrington,2017-11-03,0.258,0.2625638544559479
Darrington,2017-11-04,0.244,0.2636832892894745
Darrington,2017-11-05,0.237,0.2608364224433899
Darrington,2017-11-06,0.231,0.2380172163248062
Darrington,2017-11-07,0.228,0.2286987155675888
Darrington,2017-11-08,0.227,0.2318941056728363
Darrington,2017-11-09,0.24,0.2465958297252655
Darrington,2017-11-10,0.265,0.24628017842769623
Darrington,2017-11-11,0.249,0.2528128921985626
Darrington,2017-11-12,0.28,0.2906767725944519
Darrington,2017-11-13,0.297,0.2983124256134033
Darrington,2017-11-14,0.283,0.30161330103874207
Darrington,2017-11-15,0.291,0.30158737301826477
Darrington,2017-11-16,0.281,0.2967759668827057
Darrington,2017-11-17,0.283,0.2846895754337311
Darrington,2017-11-18,0.266,0.28192657232284546
Darrington,2017-11-19,0.274,0.28450071811676025
Darrington,2017-11-20,0.296,0.28960755467414856
Darrington,2017-11-21,0.302,0.29541879892349243
Darrington,2017-11-22,0.314,0.3051892817020416
Darrington,2017-11-23,0.304,0.2998087704181671
Darrington,2017-11-24,0.293,0.293107271194458
Darrington,2017-11-25,0.28,0.29003873467445374
Darrington,2017-11-26,0.315,0.2971440553665161
Darrington,2017-11-27,0.298,0.2855354845523834
Darrington,2017-11-28,0.302,0.2923431694507599
Darrington,2017-11-29,0.293,0.28867220878601074
Darrington,2017-11-30,0.298,0.29041317105293274
Darrington,2017-12-01,0.297,0.2946763038635254
Darrington,2017-12-02,0.294,0.29104894399642944
Darrington,2017-12-03,0.286,0.28940311074256897
Darrington,2017-12-04,0.266,0.2721312642097473
Darrington,2017-12-05,0.258,0.25785210728645325
Darrington,2017-12-06,0.253,0.24781501293182373
Darrington,2017-12-07,0.251,0.24620239436626434
Darrington,2017-12-08,0.248,0.2463744878768921
Darrington,2017-12-09,0.246,0.2441120594739914
Darrington,2017-12-10,0.244,0.23712880909442902
Darrington,2017-12-11,0.241,0.24078486859798431
Darrington,2017-12-12,0.239,0.2327146679162979
Darrington,2017-12-13,0.239,0.22997890412807465
Darrington,2017-12-14,0.238,0.23107518255710602
Darrington,2017-12-15,0.259,0.24824532866477966
Darrington,2017-12-16,0.275,0.27196747064590454
Darrington,2017-12-17,0.314,0.3154391944408417
Darrington,2017-12-18,0.305,0.3018162250518799
Darrington,2017-12-19,0.322,0.3075263500213623
Darrington,2017-12-20,0.286,0.2888190448284149
Darrington,2017-12-21,0.261,0.2890278995037079
Darrington,2017-12-22,0.263,0.2850871682167053
Darrington,2017-12-23,0.269,0.25139835476875305
Darrington,2017-12-24,0.286,0.25095200538635254
Darrington,2017-12-25,0.268,0.2608221769332886
Darrington,2017-12-26,0.255,0.2617460787296295
Darrington,2017-12-27,0.257,0.2604196071624756
Darrington,2017-12-28,0.322,0.3091334402561188
Darrington,2017-12-29,0.328,0.31796565651893616
Darrington,2017-12-30,0.312,0.3109937310218811
Darrington,2017-12-31,0.282,0.2898719906806946
Darrington,2018-01-01,0.306,0.2885796129703522
Darrington,2018-01-02,0.285,0.28128916025161743
Darrington,2018-01-03,0.265,0.2564328908920288
Darrington,2018-01-04,0.263,0.2632177770137787
Darrington,2018-01-05,0.306,0.28940168023109436
Darrington,2018-01-06,0.296,0.2929711937904358
Darrington,2018-01-07,0.299,0.3011174201965332
Darrington,2018-01-08,0.297,0.30777353048324585
Darrington,2018-01-09,0.31,0.30653655529022217
Darrington,2018-01-10,0.298,0.30918413400650024
Darrington,2018-01-11,0.318,0.31327494978904724
Darrington,2018-01-12,0.319,0.30348145961761475
Darrington,2018-01-13,0.3,0.3008425831794739
Darrington,2018-01-14,0.273,0.283387154340744
Darrington,2018-01-15,0.265,0.2745978832244873
Darrington,2018-01-16,0.298,0.2902156114578247
Darrington,2018-01-17,0.301,0.2970293164253235
Darrington,2018-01-18,0.315,0.30329346656799316
Darrington,2018-01-19,0.299,0.3041630983352661
Darrington,2018-01-20,0.304,0.30711793899536133
Darrington,2018-01-21,0.309,0.3073113262653351
Darrington,2018-01-22,0.311,0.30393704771995544
Darrington,2018-01-23,0.312,0.3119199573993683
Darrington,2018-01-24,0.317,0.31046268343925476
Darrington,2018-01-25,0.299,0.3058508336544037
Darrington,2018-01-26,0.298,0.3062242567539215
Darrington,2018-01-27,0.318,0.308493971824646
Darrington,2018-01-28,0.304,0.3091476857662201
Darrington,2018-01-29,0.327,0.31850695610046387
Darrington,2018-01-30,0.307,0.3190409541130066
Darrington,2018-01-31,0.315,0.3195495009422302
Darrington,2018-02-01,0.321,0.31656184792518616
Darrington,2018-02-02,0.329,0.3175089657306671
Darrington,2018-02-03,0.329,0.32114726305007935
Darrington,2018-02-04,0.337,0.32376664876937866
Darrington,2018-02-05,0.317,0.3131691515445709
Darrington,2018-02-06,0.31,0.30810970067977905
Darrington,2018-02-07,0.318,0.3075367212295532
Darrington,2018-02-08,0.323,0.3062373995780945
Darrington,2018-02-09,0.294,0.2902396619319916
Darrington,2018-02-10,0.278,0.2806055545806885
Darrington,2018-02-11,0.268,0.27487027645111084
Darrington,2018-02-12,0.259,0.25269147753715515
Darrington,2018-02-13,0.252,0.26108434796333313
Darrington,2018-02-14,0.264,0.277800053358078
Darrington,2018-02-15,0.286,0.28386184573173523
Darrington,2018-02-16,0.316,0.300478458404541
Darrington,2018-02-17,0.323,0.31775131821632385
Darrington,2018-02-18,0.3,0.3058313727378845
Darrington,2018-02-19,0.286,0.27803149819374084
Darrington,2018-03-16,0.268,0.2782919704914093
Darrington,2018-03-17,0.267,0.2655557096004486
Darrington,2018-03-18,0.281,0.27096036076545715
Darrington,2018-03-19,0.268,0.26208925247192383
Darrington,2018-03-20,0.26,0.2636599838733673
Darrington,2018-03-21,0.255,0.25295379757881165
Darrington,2018-03-22,0.288,0.2798018753528595
Darrington,2018-03-23,0.293,0.28980615735054016
Darrington,2018-03-24,0.295,0.29292723536491394
Darrington,2018-03-25,0.278,0.28581616282463074
Darrington,2018-03-26,0.317,0.2997264266014099
Darrington,2018-03-27,0.327,0.3168037235736847
Darrington,2018-03-28,0.291,0.3032003343105316
Darrington,2018-03-29,0.292,0.30734795331954956
Darrington,2018-03-30,0.305,0.3011917769908905
Darrington,2018-03-31,0.278,0.28944697976112366
Darrington,2018-04-01,0.31,0.3027610182762146
Darrington,2018-04-02,0.31,0.2976215183734894
Darrington,2018-04-03,0.295,0.2968366742134094
Darrington,2018-04-04,0.295,0.2930639982223511
Darrington,2018-04-05,0.325,0.3043360114097595
Darrington,2018-04-06,0.297,0.3050028383731842
Darrington,2018-04-07,0.318,0.3119718134403229
Darrington,2018-04-08,0.322,0.31856903433799744
Darrington,2018-04-09,0.301,0.2970379590988159
Darrington,2018-04-10,0.299,0.30634671449661255
Darrington,2018-04-11,0.293,0.3022250831127167
Darrington,2018-04-12,0.313,0.301586776971817
Darrington,2018-04-13,0.327,0.3176455795764923
Darrington,2018-04-14,0.33,0.32257962226867676
Darrington,2018-04-15,0.311,0.31463220715522766
Darrington,2018-04-16,0.34,0.32514113187789917
Darrington,2018-04-17,0.327,0.3179757297039032
Darrington,2018-04-18,0.292,0.293119877576828
Darrington,2018-04-19,0.273,0.28496360778808594
Darrington,2018-04-20,0.26,0.2776229977607727
Darrington,2018-04-21,0.301,0.28942444920539856
Darrington,2018-04-22,0.273,0.2731717824935913
Darrington,2018-04-23,0.253,0.2572804391384125
Darrington,2018-04-24,0.236,0.24966782331466675
Darrington,2018-04-25,0.222,0.22254076600074768
Darrington,2018-04-26,0.208,0.22058267891407013
Darrington,2018-04-27,0.197,0.23069797456264496
Darrington,2018-04-28,0.213,0.2352188676595688
Darrington,2018-04-29,0.23,0.22598063945770264
Darrington,2018-04-30,0.259,0.2306954264640808
Darrington,2018-05-01,0.253,0.24807970225811005
Darrington,2018-05-02,0.232,0.21744249761104584
Darrington,2018-05-03,0.214,0.20768800377845764
Darrington,2018-05-04,0.203,0.2098102569580078
Darrington,2018-05-05,0.192,0.1965010166168213
Darrington,2018-05-06,0.182,0.2007932960987091
Darrington,2018-05-07,0.183,0.19695676863193512
Darrington,2018-05-08,0.176,0.19257281720638275
Darrington,2018-05-09,0.229,0.23194120824337006
Darrington,2018-05-10,0.267,0.24195881187915802
Darrington,2018-05-11,0.259,0.24105846881866455
Darrington,2018-05-12,0.234,0.2463783174753189
Darrington,2018-05-13,0.209,0.21241244673728943
Darrington,2018-05-14,0.187,0.18363994359970093
Darrington,2018-05-15,0.168,0.16574059426784515
Darrington,2018-05-16,0.158,0.16179253160953522
Darrington,2018-05-17,0.155,0.15224486589431763
Darrington,2018-05-18,0.155,0.14764440059661865
Darrington,2018-05-19,0.154,0.15724855661392212
Darrington,2018-05-20,0.15,0.15497668087482452
Darrington,2018-05-21,0.14,0.14194348454475403
Darrington,2018-05-22,0.126,0.1435508280992508
Darrington,2018-05-23,0.112,0.10551147907972336
Darrington,2018-05-24,0.101,0.10385183244943619
Darrington,2018-05-25,0.097,0.10722806304693222
Darrington,2018-05-26,0.093,0.09924408048391342
Darrington,2018-05-27,0.089,0.09646554291248322
Darrington,2018-05-28,0.086,0.08807835727930069
Darrington,2018-05-29,0.083,0.0881727784872055
Darrington,2018-05-30,0.08,0.08052925020456314
Darrington,2018-05-31,0.078,0.07752855867147446
Darrington,2018-06-01,0.078,0.07652544230222702
Darrington,2018-06-02,0.076,0.07654435932636261
Darrington,2018-06-03,0.074,0.07949144393205643
Darrington,2018-06-04,0.075,0.06885529309511185
Darrington,2018-06-05,0.075,0.08186943829059601
Darrington,2018-06-06,0.074,0.08381284773349762
Darrington,2018-06-07,0.073,0.07344029098749161
Darrington,2018-06-08,0.071,0.07839494198560715
Darrington,2018-06-09,0.116,0.10199905186891556
Darrington,2018-06-10,0.141,0.14447595179080963
Darrington,2018-06-11,0.168,0.17351670563220978
Darrington,2018-06-12,0.148,0.1427605152130127
Darrington,2018-06-13,0.179,0.1663067787885666
Darrington,2018-06-14,0.187,0.16978031396865845
Darrington,2018-06-15,0.167,0.1741895079612732
Darrington,2018-06-16,0.146,0.16396483778953552
Darrington,2018-06-17,0.125,0.11771762371063232
Darrington,2018-06-18,0.105,0.09748977422714233
Darrington,2018-06-19,0.091,0.09471799433231354
Darrington,2018-06-20,0.083,0.07889502495527267
Darrington,2018-06-21,0.078,0.07779449969530106
Darrington,2018-06-22,0.074,0.0738578736782074
Darrington,2018-06-23,0.072,0.07032512128353119
Darrington,2018-06-24,0.07,0.07645298540592194
Darrington,2018-06-25,0.101,0.11831148713827133
Darrington,2018-06-26,0.123,0.12380988150835037
Darrington,2018-06-27,0.117,0.12334199994802475
Darrington,2018-06-28,0.111,0.12169433385133743
Darrington,2018-06-29,0.109,0.10904683917760849
Darrington,2018-06-30,0.133,0.1268189549446106
Darrington,2018-07-01,0.16,0.14063681662082672
Darrington,2018-07-02,0.159,0.1509273201227188
Darrington,2018-07-03,0.149,0.15030595660209656
Darrington,2018-07-04,0.132,0.13043585419654846
Darrington,2018-07-05,0.116,0.12024607509374619
Darrington,2018-07-06,0.106,0.1214153915643692
Darrington,2018-07-07,0.123,0.12998515367507935
Darrington,2018-07-08,0.116,0.12173613905906677
Darrington,2018-07-09,0.104,0.11955514550209045
Darrington,2018-07-10,0.097,0.08915488421916962
Darrington,2018-07-11,0.092,0.08638043701648712
Darrington,2018-07-12,0.084,0.0787927582859993
Darrington,2018-07-13,0.077,0.07437171041965485
Darrington,2018-07-14,0.072,0.06897072494029999
Darrington,2018-07-15,0.068,0.06573861837387085
Darrington,2018-07-16,0.065,0.06687261164188385
Darrington,2018-07-17,0.062,0.06117694079875946
Darrington,2018-07-18,0.059,0.05765267089009285
Darrington,2018-07-19,0.057,0.058530136942863464
Darrington,2018-07-20,0.056,0.06091388314962387
Darrington,2018-07-21,0.054,0.053440868854522705
Darrington,2018-07-22,0.052,0.051282502710819244
Darrington,2018-07-23,0.05,0.0484062097966671
Darrington,2018-07-24,0.048,0.04979248717427254
Darrington,2018-07-25,0.047,0.04372270405292511
Darrington,2018-07-26,0.045,0.04231104999780655
Darrington,2018-07-27,0.044,0.04121538996696472
Darrington,2018-07-28,0.043,0.03988554701209068
Darrington,2018-07-29,0.041,0.039449892938137054
Darrington,2018-07-30,0.04,0.039011213928461075
Darrington,2018-07-31,0.038,0.03191913291811943
Darrington,2018-08-01,0.036,0.03252916410565376
Darrington,2018-08-02,0.036,0.028465887531638145
Darrington,2018-08-03,0.036,0.02885228395462036
Darrington,2018-08-04,0.035,0.0316181518137455
Darrington,2018-08-05,0.035,0.032427359372377396
Darrington,2018-08-06,0.033,0.02840500883758068
Darrington,2018-08-07,0.032,0.028031693771481514
Darrington,2018-08-08,0.031,0.02900383621454239
Darrington,2018-08-09,0.03,0.025954104959964752
Darrington,2018-08-10,0.029,0.021815242245793343
Darrington,2018-08-11,0.028,0.030683942139148712
Darrington,2018-08-12,0.031,0.041261620819568634
Darrington,2018-08-13,0.033,0.04230928048491478
Darrington,2018-08-14,0.035,0.033737871795892715
Darrington,2018-08-15,0.034,0.03315850719809532
Darrington,2018-08-16,0.034,0.03405790776014328
Darrington,2018-08-17,0.032,0.040576402097940445
Darrington,2018-08-18,0.03,0.027703354135155678
Darrington,2018-08-19,0.029,0.02994588389992714
Darrington,2018-08-20,0.029,0.03281644731760025
Darrington,2018-08-21,0.029,0.03335682302713394
Darrington,2018-08-22,0.029,0.02954206056892872
Darrington,2018-08-23,0.027,0.02691761590540409
Darrington,2018-08-24,0.026,0.023171745240688324
Darrington,2018-08-25,0.027,0.029499847441911697
Darrington,2018-08-26,0.028,0.039978303015232086
Darrington,2018-08-27,0.033,0.04536423459649086
Darrington,2018-08-28,0.036,0.04675021395087242
Darrington,2018-08-29,0.037,0.04038191959261894
Darrington,2018-08-30,0.037,0.03845222666859627
Darrington,2018-08-31,0.038,0.03833042085170746
Darrington,2018-09-01,0.038,0.04032133147120476
Darrington,2018-09-02,0.037,0.03552211448550224
Darrington,2018-09-03,0.036,0.0414481982588768
Darrington,2018-09-04,0.034,0.03545587137341499
Darrington,2018-09-05,0.032,0.03424421697854996
Darrington,2018-09-06,0.032,0.03338886797428131
Darrington,2018-09-07,0.03,0.030918322503566742
Darrington,2018-09-08,0.046,0.04477636516094208
Darrington,2018-09-09,0.056,0.06630206108093262
Darrington,2018-09-10,0.107,0.09919294714927673
Darrington,2018-09-11,0.137,0.13278838992118835
Darrington,2018-09-12,0.141,0.15258841216564178
Darrington,2018-09-13,0.178,0.17335551977157593
Darrington,2018-09-14,0.205,0.19204141199588776
Darrington,2018-09-15,0.2,0.19744336605072021
Darrington,2018-09-16,0.233,0.23174609243869781
Darrington,2018-09-17,0.236,0.22545239329338074
Darrington,2018-09-18,0.206,0.21038562059402466
Darrington,2018-09-19,0.194,0.1976601928472519
Darrington,2018-09-20,0.194,0.1988173872232437
Darrington,2018-09-21,0.258,0.24197040498256683
Darrington,2018-09-22,0.288,0.2668134570121765
Darrington,2018-09-23,0.254,0.2530510723590851
Darrington,2018-09-24,0.232,0.2442651391029358
Darrington,2018-09-25,0.22,0.23577271401882172
Darrington,2018-09-26,0.214,0.2157718539237976
Darrington,2018-09-27,0.209,0.20619012415409088
Darrington,2018-09-28,0.205,0.20140695571899414
Darrington,2018-09-29,0.201,0.19850370287895203
Darrington,2018-09-30,0.256,0.2378857582807541
Darrington,2018-10-01,0.286,0.2502667009830475
Darrington,2018-10-02,0.288,0.2657535672187805
Darrington,2018-10-03,0.259,0.2523944675922394
Darrington,2018-10-04,0.24,0.2347506731748581
Darrington,2018-10-05,0.231,0.24081479012966156
Darrington,2018-10-06,0.225,0.21520937979221344
Darrington,2018-10-07,0.222,0.2130865603685379
Darrington,2018-10-08,0.233,0.23009206354618073
Darrington,2018-10-09,0.276,0.2442934662103653
Darrington,2018-10-10,0.248,0.23471923172473907
Darrington,2018-10-11,0.236,0.22298580408096313
Darrington,2018-10-12,0.23,0.22180630266666412
Darrington,2018-10-13,0.225,0.21595917642116547
Darrington,2018-10-14,0.222,0.21482904255390167
Darrington,2018-10-15,0.219,0.19928932189941406
Darrington,2018-10-16,0.217,0.20672577619552612
Darrington,2018-10-17,0.215,0.20723900198936462
Darrington,2018-10-18,0.213,0.21508857607841492
Darrington,2018-10-19,0.211,0.2145422399044037
Darrington,2018-10-21,0.209,0.2097894251346588
Darrington,2018-10-22,0.209,0.20729389786720276
Darrington,2018-10-23,0.208,0.20834624767303467
Darrington,2018-10-24,0.218,0.21891812980175018
Darrington,2018-10-25,0.255,0.2377099096775055
Darrington,2018-10-26,0.307,0.29788562655448914
Darrington,2018-10-27,0.277,0.2749509811401367
Darrington,2018-10-28,0.307,0.2816348969936371
Darrington,2018-10-29,0.289,0.2822205126285553
Darrington,2018-10-30,0.28,0.2776448130607605
Darrington,2018-10-31,0.312,0.29475274682044983
Darrington,2018-11-01,0.321,0.30932846665382385
Darrington,2018-11-02,0.296,0.30693888664245605
Darrington,2018-11-03,0.312,0.30408433079719543
Darrington,2018-11-04,0.323,0.31045499444007874
Darrington,2018-11-05,0.324,0.31083786487579346
Darrington,2018-11-06,0.304,0.2973286807537079
Darrington,2018-11-07,0.27,0.27482888102531433
Darrington,2018-11-08,0.257,0.26346778869628906
Darrington,2018-11-09,0.278,0.2706838846206665
Darrington,2018-11-10,0.268,0.2561900317668915
Darrington,2018-11-11,0.255,0.2541435658931732
Darrington,2018-11-12,0.249,0.25441470742225647
Darrington,2018-11-13,0.245,0.24487976729869843
Darrington,2018-11-14,0.282,0.2744733989238739
Darrington,2018-11-15,0.28,0.2754223942756653
Darrington,2018-11-16,0.288,0.2736552059650421
Darrington,2018-11-17,0.262,0.26990747451782227
Darrington,2018-11-18,0.252,0.25329580903053284
Darrington,2018-11-19,0.247,0.24502506852149963
Darrington,2018-11-20,0.244,0.23951217532157898
Darrington,2018-11-21,0.242,0.25323760509490967
Darrington,2018-11-22,0.302,0.2854626476764679
Darrington,2018-11-23,0.309,0.29022303223609924
Darrington,2018-11-24,0.277,0.2875121235847473
Darrington,2018-11-25,0.262,0.285448282957077
Darrington,2018-11-26,0.312,0.30757758021354675
Darrington,2018-11-27,0.309,0.3058570921421051
Darrington,2018-11-28,0.305,0.2968046963214874
Darrington,2018-11-29,0.275,0.29227015376091003
Darrington,2018-11-30,0.285,0.28909558057785034
Darrington,2018-12-01,0.27,0.2677541971206665
Darrington,2018-12-02,0.259,0.25316309928894043
Darrington,2018-12-03,0.253,0.2542794942855835
Darrington,2018-12-04,0.246,0.24697086215019226
Darrington,2018-12-05,0.239,0.23928549885749817
Darrington,2018-12-06,0.236,0.2432692050933838
Darrington,2018-12-07,0.246,0.23860332369804382
Darrington,2018-12-08,0.246,0.24374431371688843
Darrington,2018-12-09,0.276,0.28098392486572266
Darrington,2018-12-10,0.321,0.3068402111530304
Darrington,2018-12-11,0.322,0.3174293339252472
Darrington,2018-12-12,0.303,0.32268717885017395
Darrington,2018-12-13,0.317,0.31761300563812256
Darrington,2018-12-14,0.287,0.3122618794441223
Darrington,2018-12-15,0.298,0.3078436255455017
Darrington,2018-12-16,0.319,0.31169459223747253
Darrington,2018-12-17,0.307,0.3063347041606903
Darrington,2018-12-18,0.337,0.32204797863960266
Darrington,2018-12-19,0.302,0.3044634461402893
Darrington,2018-12-20,0.316,0.30910077691078186
Darrington,2018-12-21,0.296,0.3002166450023651
Darrington,2018-12-22,0.276,0.2955881655216217
Darrington,2018-12-23,0.323,0.30000871419906616
Darrington,2018-12-24,0.284,0.2744966745376587
Darrington,2018-12-25,0.263,0.26927846670150757
Darrington,2018-12-26,0.28,0.28555092215538025
Darrington,2018-12-27,0.303,0.2748299539089203
Darrington,2018-12-28,0.302,0.29637542366981506
Darrington,2018-12-29,0.327,0.3042137026786804
Darrington,2018-12-30,0.297,0.2983264625072479
Darrington,2018-12-31,0.268,0.2769458591938019
Darrington,2019-01-01,0.266,0.28466513752937317
Darrington,2019-01-02,0.274,0.2902461886405945
Darrington,2019-01-03,0.336,0.3200053870677948
Darrington,2019-01-04,0.311,0.30959582328796387
Darrington,2019-01-05,0.281,0.2869340777397156
Darrington,2019-01-06,0.305,0.30679088830947876
Darrington,2019-01-07,0.309,0.2986290752887726
Darrington,2019-01-08,0.282,0.2983846366405487
Darrington,2019-01-09,0.319,0.2995961904525757
Darrington,2019-01-10,0.308,0.29595574736595154
Darrington,2019-01-11,0.277,0.2801550328731537
Darrington,2019-01-12,0.266,0.274221807718277
Darrington,2019-01-13,0.259,0.2685971260070801
Darrington,2019-01-14,0.253,0.2634483873844147
Darrington,2019-01-15,0.264,0.26255226135253906
Darrington,2019-01-16,0.261,0.25875142216682434
Darrington,2019-01-17,0.26,0.2685500383377075
Darrington,2019-01-18,0.31,0.2833864986896515
Darrington,2019-01-19,0.319,0.2949266731739044
Darrington,2019-01-20,0.283,0.29588964581489563
Darrington,2019-01-21,0.268,0.2832243740558624
Darrington,2019-01-22,0.3,0.298402339220047
Darrington,2019-01-23,0.309,0.3040652275085449
Darrington,2019-01-24,0.277,0.28623753786087036
Darrington,2019-01-25,0.267,0.2832691967487335
Darrington,2019-01-26,0.26,0.2743164896965027
Darrington,2019-01-27,0.255,0.2534674108028412
Darrington,2019-01-28,0.252,0.24719710648059845
Darrington,2019-01-29,0.246,0.25126734375953674
Darrington,2019-01-30,0.244,0.24694330990314484
Darrington,2019-01-31,0.246,0.24274837970733643
Darrington,2019-02-01,0.304,0.2988533079624176
Darrington,2019-02-02,0.302,0.28742316365242004
Darrington,2019-02-03,0.281,0.28506287932395935
Darrington,2019-02-04,0.258,0.2748550772666931
Darrington,2019-03-27,0.253,0.24926717579364777
Darrington,2019-03-28,0.243,0.2449270337820053
Darrington,2019-03-29,0.237,0.23887616395950317
Darrington,2019-03-30,0.233,0.2368222326040268
Darrington,2019-03-31,0.229,0.2334136962890625
Darrington,2019-04-01,0.225,0.23111794888973236
Darrington,2019-04-02,0.221,0.2195969521999359
Darrington,2019-04-03,0.252,0.2509482502937317
Darrington,2019-04-04,0.26,0.2610371708869934
Darrington,2019-04-05,0.266,0.2662670612335205
Darrington,2019-04-06,0.286,0.2698541283607483
Darrington,2019-04-07,0.291,0.26809966564178467
Darrington,2019-04-08,0.273,0.27702879905700684
Darrington,2019-04-09,0.297,0.276951402425766
Darrington,2019-04-10,0.299,0.2956793010234833
Darrington,2019-04-11,0.303,0.29881370067596436
Darrington,2019-04-12,0.287,0.2935022711753845
Darrington,2019-04-13,0.307,0.3021574318408966
Darrington,2019-04-14,0.306,0.2994549870491028
Darrington,2019-04-15,0.274,0.2845730185508728
Darrington,2019-04-16,0.27,0.29326120018959045
Darrington,2019-04-17,0.292,0.2899724245071411
Darrington,2019-04-18,0.315,0.315263032913208
Darrington,2019-04-19,0.319,0.3103289306163788
Darrington,2019-04-20,0.272,0.27898597717285156
Darrington,2019-04-21,0.251,0.2619999051094055
Darrington,2019-04-22,0.25,0.2564102113246918
Darrington,2019-04-23,0.26,0.25248849391937256
Darrington,2019-04-24,0.248,0.24638818204402924
Darrington,2019-04-25,0.234,0.24145323038101196
Darrington,2019-04-26,0.224,0.23307211697101593
Darrington,2019-04-27,0.225,0.22573867440223694
Darrington,2019-04-28,0.22,0.21760883927345276
Darrington,2019-04-29,0.211,0.21640045940876007
Darrington,2019-04-30,0.203,0.20933714509010315
Darrington,2019-05-01,0.195,0.19730007648468018
Darrington,2019-05-02,0.193,0.20121921598911285
Darrington,2019-05-03,0.192,0.19067499041557312
Darrington,2019-05-04,0.186,0.1813400387763977
Darrington,2019-05-05,0.176,0.1737145632505417
Darrington,2019-05-06,0.163,0.15045027434825897
Darrington,2019-05-07,0.151,0.1390434056520462
Darrington,2019-05-08,0.139,0.13604603707790375
Darrington,2019-05-09,0.126,0.12843085825443268
Darrington,2019-05-10,0.113,0.11851653456687927
Darrington,2019-05-11,0.101,0.10873852670192719
Darrington,2019-05-12,0.095,0.10099155455827713
Darrington,2019-05-13,0.091,0.0836305320262909
Darrington,2019-05-14,0.09,0.08418507128953934
Darrington,2019-05-15,0.09,0.09241710603237152
Darrington,2019-05-16,0.089,0.11738872528076172
Darrington,2019-05-17,0.147,0.15461549162864685
Darrington,2019-05-18,0.174,0.17002594470977783
Darrington,2019-05-19,0.161,0.16281014680862427
Darrington,2019-05-20,0.179,0.19342508912086487
Darrington,2019-05-21,0.201,0.2002711147069931
Darrington,2019-05-22,0.187,0.18851615488529205
Darrington,2019-05-23,0.172,0.181462824344635
Darrington,2019-05-24,0.206,0.19145458936691284
Darrington,2019-05-25,0.226,0.2119487076997757
Darrington,2019-05-26,0.225,0.199174702167511
Darrington,2019-05-27,0.196,0.19324876368045807
Darrington,2019-05-28,0.175,0.1656513214111328
Darrington,2019-05-29,0.162,0.15664546191692352
Darrington,2019-05-30,0.149,0.1482057422399521
Darrington,2019-05-31,0.133,0.12885072827339172
Darrington,2019-06-01,0.118,0.11919520795345306
Darrington,2019-06-02,0.105,0.10946749150753021
Darrington,2019-06-03,0.097,0.10735280811786652
Darrington,2019-06-04,0.09,0.08520250022411346
Darrington,2019-06-05,0.087,0.08389317244291306
Darrington,2019-06-06,0.085,0.07620754092931747
Darrington,2019-06-07,0.085,0.08190160244703293
Darrington,2019-06-08,0.091,0.1060924306511879
Darrington,2019-06-09,0.097,0.11661376059055328
Darrington,2019-06-10,0.097,0.09958140552043915
Darrington,2019-06-11,0.093,0.11392542719841003
Darrington,2019-06-12,0.087,0.11081618815660477
Darrington,2019-06-13,0.081,0.10505001246929169
Darrington,2019-06-14,0.078,0.1007416620850563
Darrington,2019-06-15,0.076,0.08335673063993454
Darrington,2019-06-16,0.073,0.07264691591262817
Darrington,2019-06-17,0.069,0.07164237648248672
Darrington,2019-06-18,0.069,0.07147294282913208
Darrington,2019-06-19,0.075,0.07051589339971542
Darrington,2019-06-20,0.076,0.0772673562169075
Darrington,2019-06-21,0.075,0.07577072083950043
Darrington,2019-06-22,0.074,0.07260072231292725
Darrington,2019-06-23,0.074,0.09175808727741241
Darrington,2019-06-24,0.073,0.09251831471920013
Darrington,2019-06-25,0.071,0.078280508518219
Darrington,2019-06-26,0.072,0.08278066664934158
Darrington,2019-06-27,0.127,0.14317533373832703
Darrington,2019-06-28,0.165,0.16130653023719788
Darrington,2019-06-29,0.16,0.16082370281219482
Darrington,2019-06-30,0.147,0.14441972970962524
Darrington,2019-07-01,0.134,0.12393128871917725
Darrington,2019-07-02,0.124,0.11581707000732422
Darrington,2019-07-03,0.119,0.11511418968439102
Darrington,2019-07-04,0.115,0.10508579015731812
Darrington,2019-07-05,0.112,0.09944523125886917
Darrington,2019-07-06,0.106,0.0979829952120781
Darrington,2019-07-07,0.101,0.0966636911034584
Darrington,2019-07-08,0.096,0.10145048052072525
Darrington,2019-07-09,0.088,0.08642269670963287
Darrington,2019-07-10,0.09,0.09936129301786423
Darrington,2019-07-11,0.1,0.10701100528240204
Darrington,2019-07-12,0.098,0.09841020405292511
Darrington,2019-07-13,0.092,0.10277759283781052
Darrington,2019-07-14,0.087,0.09429621696472168
Darrington,2019-07-15,0.082,0.08496644347906113
Darrington,2019-07-16,0.081,0.08171944320201874
Darrington,2019-07-17,0.1,0.13351519405841827
Darrington,2019-07-18,0.158,0.16634173691272736
Darrington,2019-07-19,0.16,0.1616974174976349
Darrington,2019-07-20,0.155,0.1663859635591507
Darrington,2019-07-21,0.145,0.1499156802892685
Darrington,2019-07-22,0.134,0.14559891819953918
Darrington,2019-07-23,0.126,0.1311560720205307
Darrington,2019-07-24,0.12,0.12414852529764175
Darrington,2019-07-25,0.114,0.10997429490089417
Darrington,2019-07-26,0.106,0.10461901128292084
Darrington,2019-07-27,0.102,0.1113252267241478
Darrington,2019-07-28,0.099,0.10598819702863693
Darrington,2019-07-29,0.094,0.10093769431114197
Darrington,2019-07-30,0.091,0.09794874489307404
Darrington,2019-07-31,0.088,0.09479071944952011
Darrington,2019-08-01,0.084,0.0899442806839943
Darrington,2019-08-02,0.101,0.09737733751535416
Darrington,2019-08-03,0.113,0.10060343146324158
Darrington,2019-08-04,0.111,0.09762319922447205
Darrington,2019-08-05,0.105,0.09437894076108932
Darrington,2019-08-06,0.099,0.08931082487106323
Darrington,2019-08-07,0.094,0.08584152907133102
Darrington,2019-08-08,0.091,0.08347109705209732
Darrington,2019-08-09,0.089,0.0840715542435646
Darrington,2019-08-10,0.092,0.08384193480014801
Darrington,2019-08-11,0.093,0.08650287240743637
Darrington,2019-08-12,0.092,0.08576007187366486
Darrington,2019-08-13,0.089,0.08436372131109238
Darrington,2019-08-14,0.087,0.08295358717441559
Darrington,2019-08-15,0.084,0.07855395972728729
Darrington,2019-08-16,0.082,0.0785418227314949
Darrington,2019-08-17,0.081,0.07226374000310898
Darrington,2019-08-18,0.079,0.0763857290148735
Darrington,2019-08-19,0.077,0.07549839466810226
Darrington,2019-08-20,0.075,0.07596945017576218
Darrington,2019-08-21,0.079,0.08340278267860413
Darrington,2019-08-22,0.089,0.09392203390598297
Darrington,2019-08-23,0.093,0.09531299024820328
Darrington,2019-08-24,0.099,0.0947134867310524
Darrington,2019-08-25,0.1,0.09274794906377792
Darrington,2019-08-26,0.099,0.09664157032966614
Darrington,2019-08-27,0.095,0.09396927803754807
Darrington,2019-08-28,0.091,0.08766043931245804
Darrington,2019-08-29,0.086,0.07790833711624146
Darrington,2019-08-30,0.084,0.0835476666688919
Darrington,2019-08-31,0.084,0.08779825270175934
Darrington,2019-09-01,0.081,0.08091472089290619
Darrington,2019-09-02,0.078,0.08453930169343948
Darrington,2019-09-03,0.076,0.07934631407260895
Darrington,2019-09-04,0.075,0.07898802310228348
Darrington,2019-09-05,0.073,0.07653670758008957
Darrington,2019-09-06,0.072,0.0698750838637352
Darrington,2019-09-07,0.07,0.06834516674280167
Darrington,2019-09-08,0.08,0.07537946850061417
Darrington,2019-09-09,0.09,0.09516002237796783
Darrington,2019-09-10,0.093,0.09882049262523651
Darrington,2019-09-11,0.094,0.09229723364114761
Darrington,2019-09-12,0.094,0.09534325450658798
Darrington,2019-09-13,0.115,0.12811623513698578
Darrington,2019-09-14,0.143,0.147365003824234
Darrington,2019-09-15,0.193,0.1844191551208496
Darrington,2019-09-16,0.204,0.21366877853870392
Darrington,2019-09-17,0.216,0.2117573618888855
Darrington,2019-09-18,0.226,0.22110405564308167
Darrington,2019-09-19,0.215,0.21120350062847137
Darrington,2019-09-20,0.206,0.21447013318538666
Darrington,2019-09-21,0.2,0.20684203505516052
Darrington,2019-09-22,0.237,0.2330528199672699
Darrington,2019-09-23,0.259,0.2560056149959564
Darrington,2019-09-24,0.257,0.25818270444869995
Darrington,2019-09-25,0.234,0.25156235694885254
Darrington,2019-09-26,0.271,0.26587218046188354
Darrington,2019-09-27,0.262,0.2588139474391937
Darrington,2019-09-28,0.247,0.24923266470432281
Darrington,2019-09-29,0.233,0.24087615311145782
Darrington,2019-09-30,0.225,0.23455330729484558
Darrington,2019-10-01,0.22,0.22959649562835693
Darrington,2019-10-02,0.216,0.22583076357841492
Darrington,2019-10-03,0.224,0.23389503359794617
Darrington,2019-10-04,0.264,0.2595738172531128
Darrington,2019-10-05,0.27,0.2588164210319519
Darrington,2019-10-06,0.251,0.2532770037651062
Darrington,2019-10-07,0.293,0.28182411193847656
Darrington,2019-10-08,0.271,0.2823508083820343
Darrington,2019-10-09,0.251,0.2630610167980194
Darrington,2019-10-10,0.24,0.2606761157512665
Darrington,2019-10-11,0.234,0.24214784801006317
Darrington,2019-10-12,0.23,0.23224686086177826
Darrington,2019-10-13,0.227,0.2328551709651947
Darrington,2019-10-14,0.224,0.2314351499080658
Darrington,2019-10-15,0.221,0.22059285640716553
Darrington,2019-10-16,0.239,0.2556227743625641
Darrington,2019-10-17,0.295,0.2799953818321228
Darrington,2019-10-18,0.293,0.2963930666446686
Darrington,2019-10-19,0.288,0.29190686345100403
Darrington,2019-10-20,0.296,0.2966962158679962
Darrington,2019-10-21,0.324,0.306562602519989
Darrington,2019-10-22,0.282,0.2914361357688904
Darrington,2019-10-23,0.258,0.26829880475997925
Darrington,2019-10-24,0.249,0.2667258083820343
Darrington,2019-10-26,0.273,0.251697301864624
Darrington,2019-10-27,0.256,0.25059774518013
Darrington,2019-10-28,0.249,0.2494949996471405
Darrington,2019-10-29,0.244,0.24329286813735962
Darrington,2019-10-30,0.24,0.24335215985774994
Darrington,2019-10-31,0.238,0.2427559196949005
Darrington,2019-11-01,0.236,0.24336500465869904
Darrington,2019-11-02,0.234,0.24191415309906006
Darrington,2019-11-03,0.233,0.24378734827041626
Darrington,2019-11-04,0.231,0.23254448175430298
Darrington,2019-11-05,0.23,0.2284674495458603
Darrington,2019-11-06,0.229,0.22977814078330994
Darrington,2019-11-07,0.228,0.22637991607189178
Darrington,2019-11-08,0.227,0.2255120873451233
Darrington,2019-11-09,0.228,0.23015156388282776
Darrington,2019-11-10,0.23,0.23138558864593506
Darrington,2019-11-11,0.229,0.21831287443637848
Darrington,2019-11-12,0.262,0.25517579913139343
Darrington,2019-11-13,0.265,0.26434147357940674
Darrington,2019-11-14,0.252,0.2636900544166565
Darrington,2019-11-15,0.291,0.2815611660480499
Darrington,2019-11-16,0.292,0.2948904037475586
Darrington,2019-11-17,0.32,0.3133774697780609
Darrington,2019-11-18,0.288,0.2916310429573059
Darrington,2019-11-19,0.299,0.2899046838283539
Darrington,2019-11-20,0.269,0.2798466086387634
Darrington,2019-11-21,0.26,0.2634281814098358
Darrington,2019-11-22,0.253,0.26156085729599
Darrington,2019-11-23,0.264,0.26653236150741577
Darrington,2019-11-24,0.309,0.2916715145111084
Darrington,2019-11-25,0.3,0.29112404584884644
Darrington,2019-11-26,0.276,0.28442859649658203
Darrington,2019-11-27,0.262,0.26549994945526123
Darrington,2019-11-28,0.253,0.26242727041244507
Darrington,2019-11-29,0.244,0.2525421977043152
Darrington,2019-11-30,0.237,0.238357275724411
Darrington,2019-12-01,0.238,0.25042372941970825
Darrington,2019-12-02,0.276,0.2836897373199463
Darrington,2019-12-03,0.323,0.3087393343448639
Darrington,2019-12-04,0.313,0.29948145151138306
Darrington,2019-12-05,0.276,0.2816607654094696
Darrington,2019-12-06,0.267,0.2870219051837921
Darrington,2019-12-07,0.301,0.2938735783100128
Darrington,2019-12-08,0.281,0.27815788984298706
Darrington,2019-12-09,0.266,0.2689678370952606
Darrington,2019-12-10,0.263,0.29162341356277466
Darrington,2019-12-11,0.287,0.29053473472595215
Darrington,2019-12-12,0.331,0.31160780787467957
Darrington,2019-12-13,0.305,0.3055140972137451
Darrington,2019-12-14,0.28,0.2985967695713043
Darrington,2019-12-15,0.273,0.30038705468177795
Darrington,2019-12-16,0.283,0.28999099135398865
Darrington,2019-12-17,0.284,0.2937920391559601
Darrington,2019-12-18,0.273,0.2976709008216858
Darrington,2019-12-19,0.328,0.32147395610809326
Darrington,2019-12-20,0.348,0.34284108877182007
Darrington,2019-12-21,0.32,0.33425310254096985
Darrington,2019-12-22,0.283,0.3151969909667969
Darrington,2019-12-23,0.294,0.30211424827575684
Darrington,2019-12-24,0.274,0.280191570520401
Darrington,2019-12-25,0.265,0.26133403182029724
Darrington,2019-12-26,0.253,0.2650564908981323
Darrington,2019-12-27,0.268,0.27281302213668823
Darrington,2019-12-28,0.285,0.2762850821018219
Darrington,2019-12-29,0.281,0.27019670605659485
Darrington,2019-12-30,0.289,0.28352299332618713
Darrington,2019-12-31,0.342,0.31840449571609497
Darrington,2020-01-01,0.317,0.3274635970592499
Darrington,2020-01-02,0.313,0.3174991011619568
Darrington,2020-01-03,0.305,0.31602177023887634
Darrington,2020-01-04,0.314,0.3208233416080475
Darrington,2020-01-05,0.311,0.32096824049949646
Darrington,2020-01-06,0.335,0.32497960329055786
Darrington,2020-01-07,0.334,0.3231618106365204
Darrington,2020-01-08,0.3,0.30867621302604675
Darrington,2020-01-09,0.284,0.2980889678001404
Darrington,2020-01-10,0.277,0.29855841398239136
Darrington,2020-01-11,0.297,0.2918127477169037
Darrington,2020-01-12,0.298,0.2984501123428345
Darrington,2020-01-13,0.289,0.29165956377983093
Darrington,2020-01-14,0.276,0.2839297354221344
Darrington,2020-01-15,0.27,0.2813243269920349
Darrington,2020-01-16,0.265,0.2711052894592285
Darrington,2020-01-17,0.263,0.2704544961452484
Darrington,2020-01-18,0.264,0.2763400077819824
Darrington,2020-01-19,0.267,0.27016139030456543
Darrington,2020-01-20,0.267,0.27335450053215027
Darrington,2020-01-21,0.277,0.29712700843811035
Darrington,2020-01-22,0.304,0.298698365688324
Darrington,2020-01-23,0.321,0.3166038990020752
Darrington,2020-01-24,0.319,0.31715938448905945
Darrington,2020-01-25,0.312,0.3122338354587555
Darrington,2020-01-26,0.316,0.31134966015815735
Darrington,2020-01-27,0.32,0.30470383167266846
Darrington,2020-01-28,0.313,0.30836835503578186
Darrington,2020-01-29,0.313,0.31039106845855713
Darrington,2020-01-30,0.3,0.31024986505508423
Darrington,2020-01-31,0.335,0.32219499349594116
Darrington,2020-02-01,0.319,0.325246125459671
Darrington,2020-02-02,0.29,0.3086303174495697
Darrington,2020-02-03,0.282,0.29527923464775085
Darrington,2020-02-04,0.276,0.2928708791732788
Darrington,2020-02-05,0.303,0.30175843834877014
Darrington,2020-02-06,0.317,0.3072108030319214
Darrington,2020-02-07,0.321,0.3106207549571991
Darrington,2020-02-08,0.31,0.30684569478034973
Darrington,2020-02-09,0.285,0.2813228964805603
Darrington,2020-02-10,0.275,0.2872219979763031
Darrington,2020-02-11,0.291,0.29436859488487244
Darrington,2020-02-12,0.29,0.26998278498649597
Darrington,2020-02-13,0.287,0.30072930455207825
Darrington,2020-02-14,0.319,0.30658844113349915
Darrington,2020-02-15,0.321,0.3115898668766022
Darrington,2020-02-16,0.317,0.3116247355937958
Darrington,2020-02-17,0.303,0.3096637725830078
Darrington,2020-02-18,0.282,0.2907862663269043
Darrington,2020-02-19,0.273,0.272506982088089
Darrington,2020-02-23,0.323,0.3095245063304901
Darrington,2020-02-24,0.311,0.3041113317012787
Darrington,2020-02-25,0.285,0.3045169711112976
Darrington,2020-02-26,0.294,0.2876054644584656
Darrington,2020-02-27,0.281,0.27187249064445496
Darrington,2020-02-28,0.279,0.28368261456489563
Darrington,2020-02-29,0.316,0.3043352961540222
Darrington,2020-03-01,0.291,0.300710529088974
Darrington,2020-03-02,0.321,0.3080964982509613
Darrington,2020-03-03,0.32,0.3056681454181671
Darrington,2020-03-04,0.304,0.299902081489563
Darrington,2020-03-05,0.294,0.3063051402568817
Darrington,2020-03-06,0.315,0.3064554035663605
Darrington,2020-03-07,0.297,0.305242121219635
Darrington,2020-03-08,0.303,0.30776771903038025
Darrington,2020-03-09,0.282,0.288524866104126
Darrington,2020-03-10,0.279,0.294220507144928
Darrington,2020-03-11,0.307,0.29690027236938477
Darrington,2020-03-12,0.282,0.27955716848373413
Darrington,2020-03-13,0.273,0.2886570692062378
Darrington,2020-03-14,0.263,0.27430254220962524
Darrington,2020-03-15,0.256,0.2610534429550171
Darrington,2020-03-16,0.253,0.25766316056251526
Darrington,2020-03-17,0.25,0.258757084608078
Darrington,2020-03-18,0.247,0.2542044222354889
Darrington,2020-03-19,0.246,0.25182679295539856
Darrington,2020-03-20,0.244,0.25419458746910095
Darrington,2020-03-21,0.242,0.2468183934688568
Darrington,2020-03-22,0.24,0.24800176918506622
Darrington,2020-03-23,0.247,0.25912174582481384
Darrington,2020-03-24,0.253,0.2659677565097809
Darrington,2020-03-25,0.253,0.2695208489894867
Darrington,2020-03-26,0.252,0.2725105583667755
Darrington,2020-03-27,0.255,0.27011293172836304
Darrington,2020-03-28,0.294,0.28715622425079346
Darrington,2020-03-29,0.31,0.2992830276489258
Darrington,2020-03-30,0.31,0.31543782353401184
Darrington,2020-03-31,0.308,0.3176896274089813
Darrington,2020-04-01,0.291,0.3014304041862488
Darrington,2020-04-02,0.283,0.29734641313552856
Darrington,2020-04-03,0.309,0.3049406409263611
Darrington,2020-04-04,0.293,0.28964605927467346
Darrington,2020-04-05,0.275,0.28588300943374634
Darrington,2020-04-06,0.265,0.273678183555603
Darrington,2020-04-07,0.258,0.24967461824417114
Darrington,2020-04-08,0.252,0.24674998223781586
Darrington,2020-04-09,0.246,0.24369648098945618
Darrington,2020-04-10,0.243,0.24922126531600952
Darrington,2020-04-11,0.245,0.25174620747566223
Darrington,2020-04-12,0.24,0.24539175629615784
Darrington,2020-04-13,0.235,0.2439575493335724
Darrington,2020-04-14,0.229,0.22524169087409973
Darrington,2020-04-15,0.223,0.2133885622024536
Darrington,2020-04-16,0.216,0.21437036991119385
Darrington,2020-04-17,0.211,0.2187197506427765
Darrington,2020-04-18,0.207,0.21900694072246552
Darrington,2020-04-19,0.204,0.21097083389759064
Darrington,2020-04-20,0.199,0.18960897624492645
Darrington,2020-04-21,0.192,0.20145756006240845
Darrington,2020-04-22,0.212,0.233438640832901
Darrington,2020-04-23,0.248,0.24523121118545532
Darrington,2020-04-24,0.247,0.2448020875453949
Darrington,2020-04-25,0.265,0.27569565176963806
Darrington,2020-04-26,0.287,0.2914453446865082
Darrington,2020-04-27,0.31,0.29946228861808777
Darrington,2020-04-28,0.286,0.29052725434303284
Darrington,2020-04-29,0.275,0.2864004671573639
Darrington,2020-04-30,0.288,0.29082366824150085
Darrington,2020-05-01,0.275,0.2718357443809509
Darrington,2020-05-02,0.279,0.29175814986228943
Darrington,2020-05-03,0.317,0.29945674538612366
Darrington,2020-05-04,0.289,0.28603145480155945
Darrington,2020-05-05,0.268,0.2883490324020386
Darrington,2020-05-06,0.316,0.29752394556999207
Darrington,2020-05-07,0.293,0.2736288607120514
Darrington,2020-05-08,0.265,0.26223766803741455
Darrington,2020-05-09,0.238,0.2463245987892151
Darrington,2020-05-10,0.216,0.2222074270248413
Darrington,2020-05-11,0.204,0.2133769392967224
Darrington,2020-05-12,0.229,0.2336159199476242
Darrington,2020-05-13,0.248,0.25149446725845337
Darrington,2020-05-14,0.249,0.25633901357650757
Darrington,2020-05-15,0.253,0.261565238237381
Darrington,2020-05-16,0.253,0.2570745348930359
Darrington,2020-05-17,0.303,0.2783075273036957
Darrington,2020-05-18,0.295,0.2719532549381256
Darrington,2020-05-19,0.271,0.27317455410957336
Darrington,2020-05-20,0.26,0.27684488892555237
Darrington,2020-05-21,0.272,0.27104276418685913
Darrington,2020-05-22,0.316,0.29140397906303406
Darrington,2020-05-23,0.291,0.28719279170036316
Darrington,2020-05-24,0.269,0.27778446674346924
Darrington,2020-05-25,0.291,0.2919359505176544
Darrington,2020-05-26,0.304,0.29194673895835876
Darrington,2020-05-27,0.272,0.28412288427352905
Darrington,2020-05-28,0.249,0.2733907401561737
Darrington,2020-05-29,0.23,0.2430569976568222
Darrington,2020-05-30,0.263,0.27278339862823486
Darrington,2020-05-31,0.296,0.2869716286659241
Darrington,2020-06-01,0.278,0.28912729024887085
Darrington,2020-06-02,0.269,0.26889774203300476
Darrington,2020-06-03,0.262,0.2442089170217514
Darrington,2020-06-04,0.252,0.24077321588993073
Darrington,2020-06-05,0.247,0.2548218369483948
Darrington,2020-06-06,0.263,0.269372820854187
Darrington,2020-06-07,0.281,0.2677583396434784
Darrington,2020-06-08,0.294,0.2986193597316742
Darrington,2020-06-09,0.318,0.3089147210121155
Darrington,2020-06-10,0.308,0.30154410004615784
Darrington,2020-06-11,0.295,0.30243948101997375
Darrington,2020-06-12,0.308,0.3036859929561615
Darrington,2020-06-13,0.311,0.30650854110717773
Darrington,2020-06-14,0.313,0.3109397888183594
Darrington,2020-06-15,0.314,0.30487868189811707
Darrington,2020-06-16,0.311,0.2859984040260315
Darrington,2020-06-17,0.291,0.27317720651626587
Darrington,2020-06-18,0.272,0.26224181056022644
Darrington,2020-06-19,0.252,0.25003400444984436
Darrington,2020-06-20,0.246,0.24650047719478607
Darrington,2020-06-21,0.242,0.24390766024589539
Darrington,2020-06-22,0.229,0.2298562079668045
Darrington,2020-06-23,0.216,0.22395816445350647
Darrington,2020-06-24,0.222,0.2303103357553482
Darrington,2020-06-25,0.219,0.21649980545043945
Darrington,2020-06-26,0.21,0.21637283265590668
Darrington,2020-06-27,0.206,0.22071073949337006
Darrington,2020-06-28,0.205,0.2013220489025116
Darrington,2020-06-29,0.198,0.20739440619945526
Darrington,2020-06-30,0.193,0.23060660064220428
Darrington,2020-07-01,0.212,0.23324750363826752
Darrington,2020-07-02,0.255,0.24863021075725555
Darrington,2020-07-03,0.252,0.2627967894077301
Darrington,2020-07-04,0.251,0.2554343044757843
Darrington,2020-07-05,0.238,0.24289590120315552
Darrington,2020-07-06,0.226,0.22074143588542938
Darrington,2020-07-07,0.221,0.2241135984659195
Darrington,2020-07-08,0.216,0.215816468000412
Darrington,2020-07-09,0.218,0.2160104662179947
Darrington,2020-07-10,0.223,0.21409080922603607
Darrington,2020-07-11,0.216,0.21422834694385529
Darrington,2020-07-12,0.224,0.21717549860477448
Darrington,2020-07-13,0.218,0.2064436674118042
Darrington,2020-07-14,0.205,0.20040366053581238
Darrington,2020-07-15,0.194,0.1909734010696411
Darrington,2020-07-16,0.183,0.18401068449020386
Darrington,2020-07-17,0.177,0.17736580967903137
Darrington,2020-07-18,0.17,0.1586218625307083
Darrington,2020-07-19,0.159,0.14717361330986023
Darrington,2020-07-20,0.149,0.1369900107383728
Darrington,2020-07-21,0.138,0.13349264860153198
Darrington,2020-07-22,0.129,0.12938103079795837
Darrington,2020-07-23,0.123,0.12442212551832199
Darrington,2020-07-24,0.12,0.1213279664516449
Darrington,2020-07-25,0.115,0.1181192472577095
Darrington,2020-07-26,0.109,0.10787948220968246
Darrington,2020-07-27,0.101,0.10424226522445679
Darrington,2020-07-28,0.095,0.09268855303525925
Darrington,2020-07-29,0.089,0.09194308519363403
Darrington,2020-07-30,0.085,0.08694475889205933
Darrington,2020-07-31,0.082,0.08214378356933594
Darrington,2020-08-01,0.079,0.07501527667045593
Darrington,2020-08-02,0.076,0.0745200589299202
Darrington,2020-08-03,0.074,0.07357928156852722
Darrington,2020-08-04,0.072,0.07461050897836685
Darrington,2020-08-05,0.07,0.07008297741413116
Darrington,2020-08-06,0.073,0.08298692107200623
Darrington,2020-08-07,0.084,0.09262540936470032
Darrington,2020-08-08,0.087,0.09558499604463577
Darrington,2020-08-09,0.087,0.10400049388408661
Darrington,2020-08-10,0.084,0.08803165704011917
Darrington,2020-08-11,0.08,0.07923393696546555
Darrington,2020-08-12,0.076,0.07381515949964523
Darrington,2020-08-13,0.073,0.06431764364242554
Darrington,2020-08-14,0.069,0.07697568088769913
Darrington,2020-08-15,0.066,0.09505026787519455
Darrington,2020-08-16,0.065,0.08685550838708878
Darrington,2020-08-17,0.063,0.05574724078178406
Darrington,2020-08-18,0.061,0.049071431159973145
Darrington,2020-08-19,0.059,0.04759001359343529
Darrington,2020-08-20,0.059,0.0507136806845665
Darrington,2020-08-21,0.06,0.07170156389474869
Darrington,2020-08-22,0.072,0.10121390968561172
Darrington,2020-08-23,0.07,0.09573456645011902
Darrington,2020-08-24,0.07,0.0827193483710289
Darrington,2020-08-25,0.068,0.07414676249027252
Darrington,2020-08-26,0.066,0.07181155681610107
Darrington,2020-08-27,0.064,0.07130219787359238
Darrington,2020-08-28,0.062,0.07375742495059967
Darrington,2020-08-29,0.061,0.06911104917526245
Darrington,2020-08-30,0.058,0.07001101970672607
Darrington,2020-08-31,0.059,0.06993177533149719
Darrington,2020-09-01,0.06,0.07007858902215958
Darrington,2020-09-02,0.059,0.06901860982179642
Darrington,2020-09-03,0.059,0.06574389338493347
Darrington,2020-09-04,0.058,0.05957841873168945
Darrington,2020-09-05,0.057,0.05686119943857193
Darrington,2020-09-06,0.057,0.05714528262615204
Darrington,2020-09-07,0.055,0.06594758480787277
Darrington,2020-09-08,0.053,0.056495677679777145
Darrington,2020-09-09,0.052,0.04859142377972603
Darrington,2020-09-10,0.052,0.04912729561328888
Darrington,2020-09-11,0.051,0.049805499613285065
Darrington,2020-09-12,0.051,0.04773233085870743
Darrington,2020-09-13,0.05,0.0501934178173542
Darrington,2020-09-14,0.05,0.04589780792593956
Darrington,2020-09-15,0.052,0.0499035082757473
Darrington,2020-09-16,0.053,0.05061401426792145
Darrington,2020-09-17,0.053,0.046983446925878525
Darrington,2020-09-18,0.056,0.05854475870728493
Darrington,2020-09-19,0.079,0.07759459316730499
Darrington,2020-09-20,0.099,0.09707906097173691
Darrington,2020-09-21,0.1,0.1024780422449112
Darrington,2020-09-22,0.115,0.10561186075210571
Darrington,2020-09-23,0.158,0.16262812912464142
Darrington,2020-09-24,0.212,0.20882800221443176
Darrington,2020-09-25,0.228,0.23964443802833557
Darrington,2020-09-26,0.243,0.24042153358459473
Darrington,2020-09-27,0.241,0.24208508431911469
Darrington,2020-09-28,0.228,0.2381390780210495
Darrington,2020-09-29,0.223,0.2341412752866745
Darrington,2020-09-30,0.219,0.21416746079921722
Darrington,2020-10-01,0.216,0.21901941299438477
Darrington,2020-10-02,0.214,0.21623113751411438
Darrington,2020-10-03,0.213,0.20691248774528503
Darrington,2020-10-04,0.211,0.20383043587207794
Darrington,2020-10-05,0.213,0.2021602988243103
Darrington,2020-10-06,0.216,0.20457623898983002
Darrington,2020-10-07,0.215,0.20388326048851013
Darrington,2020-10-08,0.215,0.23391589522361755
Darrington,2020-10-09,0.221,0.24062448740005493
Darrington,2020-10-10,0.307,0.2911669909954071
Darrington,2020-10-11,0.315,0.3000483810901642
Darrington,2020-10-12,0.304,0.29920127987861633
Darrington,2020-10-13,0.322,0.30700892210006714
Darrington,2020-10-14,0.323,0.3049868941307068
Darrington,2020-10-15,0.293,0.30072537064552307
Darrington,2020-10-16,0.325,0.30693864822387695
Darrington,2020-10-17,0.3,0.29673314094543457
Darrington,2020-10-18,0.32,0.3109930753707886
Darrington,2020-10-19,0.302,0.3070219159126282
Darrington,2020-10-20,0.307,0.3032997250556946
Darrington,2020-10-21,0.328,0.319950133562088
Darrington,2020-10-22,0.302,0.30668389797210693
Darrington,2020-10-23,0.327,0.31690502166748047
Darrington,2020-10-24,0.309,0.31029948592185974
Darrington,2020-10-25,0.295,0.29855841398239136
Darrington,2020-10-26,0.286,0.2933684289455414
Darrington,2020-10-27,0.282,0.2808017134666443
Darrington,2020-10-28,0.3,0.29070109128952026
Darrington,2020-10-29,0.293,0.28898558020591736
Darrington,2020-10-30,0.326,0.32152456045150757
Darrington,2020-10-31,0.307,0.3127524256706238
Darrington,2020-11-01,0.297,0.3018159568309784
Darrington,2020-11-02,0.291,0.29344215989112854
Darrington,2020-11-03,0.329,0.32430610060691833
Darrington,2020-11-04,0.343,0.3408183157444
Darrington,2020-11-05,0.35,0.3426743447780609
Darrington,2020-11-06,0.313,0.3139728009700775
Darrington,2020-11-07,0.301,0.3316360414028168
Darrington,2020-11-08,0.295,0.31126728653907776
Darrington,2020-11-09,0.291,0.2880302369594574
Darrington,2020-11-10,0.314,0.3151746392250061
Darrington,2020-11-11,0.312,0.3076634407043457
Darrington,2020-11-12,0.314,0.32252973318099976
Darrington,2020-11-13,0.355,0.3445291817188263
Darrington,2020-11-14,0.342,0.33895763754844666
Darrington,2020-11-15,0.351,0.3503783941268921
Darrington,2020-11-16,0.343,0.3421590328216553
Darrington,2020-11-17,0.34,0.3382035195827484
Darrington,2020-11-18,0.347,0.33985674381256104
Darrington,2020-11-19,0.339,0.3356017470359802
Darrington,2020-11-20,0.346,0.33574262261390686
Darrington,2020-11-21,0.329,0.3268046975135803
Darrington,2020-11-22,0.31,0.3214867413043976
Darrington,2020-11-23,0.314,0.3131906986236572
Darrington,2020-11-24,0.333,0.32771533727645874
Darrington,2020-11-25,0.34,0.33183813095092773
Darrington,2020-11-26,0.324,0.33115139603614807
Darrington,2020-11-27,0.32,0.3308519423007965
Darrington,2020-11-28,0.341,0.32424548268318176
Darrington,2020-11-29,0.314,0.30516621470451355
Darrington,2020-11-30,0.349,0.33272939920425415
Darrington,2020-12-01,0.325,0.3139825761318207
Darrington,2020-12-02,0.31,0.3125554919242859
Darrington,2020-12-03,0.303,0.31243959069252014
Darrington,2020-12-04,0.299,0.27969998121261597
Darrington,2020-12-05,0.296,0.2776046097278595
Darrington,2020-12-06,0.294,0.2744271755218506
Darrington,2020-12-07,0.292,0.2814953625202179
Darrington,2020-12-08,0.352,0.33156248927116394
Darrington,2020-12-09,0.339,0.3339073359966278
Darrington,2020-12-10,0.318,0.32546600699424744
Darrington,2020-12-11,0.313,0.334201455116272
Darrington,2020-12-12,0.307,0.3084557056427002
Darrington,2020-12-13,0.317,0.30957186222076416
Darrington,2020-12-14,0.337,0.31148532032966614
Darrington,2020-12-15,0.348,0.3336293399333954
Darrington,2020-12-16,0.344,0.3433654308319092
Darrington,2020-12-17,0.349,0.3444005250930786
Darrington,2020-12-18,0.349,0.34745511412620544
Darrington,2020-12-19,0.351,0.34465834498405457
Darrington,2020-12-20,0.336,0.3356207609176636
Darrington,2020-12-21,0.361,0.3468209505081177
Darrington,2020-12-22,0.335,0.33672189712524414
Darrington,2020-12-23,0.318,0.32325479388237
Darrington,2020-12-24,0.308,0.3198840916156769
Darrington,2020-12-25,0.318,0.3174937069416046
Darrington,2020-12-26,0.348,0.334064245223999
Darrington,2020-12-27,0.328,0.3315311670303345
Darrington,2020-12-28,0.313,0.31811144948005676
Darrington,2020-12-29,0.305,0.32314738631248474
Darrington,2020-12-30,0.364,0.3424972891807556
Darrington,2020-12-31,0.355,0.3369418978691101
Quinault,2017-01-25,0.191,0.19900543987751007
Quinault,2017-01-26,0.194,0.19508859515190125
Quinault,2017-01-27,0.19,0.1922571361064911
Quinault,2017-01-28,0.187,0.19874708354473114
Quinault,2017-01-29,0.21,0.20768922567367554
Quinault,2017-01-30,0.202,0.20489320158958435
Quinault,2017-01-31,0.195,0.20233991742134094
Quinault,2017-02-01,0.193,0.20142242312431335
Quinault,2017-02-02,0.187,0.20433256030082703
Quinault,2017-02-03,0.226,0.23233024775981903
Quinault,2017-02-04,0.249,0.23836196959018707
Quinault,2017-02-05,0.226,0.2348640412092209
Quinault,2017-02-06,0.221,0.23544782400131226
Quinault,2017-02-07,0.211,0.2302638590335846
Quinault,2017-02-08,0.234,0.23708577454090118
Quinault,2017-02-09,0.258,0.25045013427734375
Quinault,2017-02-10,0.233,0.24186618626117706
Quinault,2017-02-11,0.213,0.22533069550991058
Quinault,2017-02-12,0.198,0.2054545134305954
Quinault,2017-02-13,0.191,0.2152642160654068
Quinault,2017-02-14,0.204,0.22897998988628387
Quinault,2017-02-15,0.263,0.24316394329071045
Quinault,2017-02-16,0.223,0.22924204170703888
Quinault,2017-02-17,0.214,0.22225244343280792
Quinault,2017-02-18,0.205,0.22080284357070923
Quinault,2017-02-19,0.236,0.22046273946762085
Quinault,2017-02-20,0.22,0.22067037224769592
Quinault,2017-02-21,0.205,0.20870976150035858
Quinault,2017-02-22,0.197,0.21552205085754395
Quinault,2017-02-23,0.194,0.19999843835830688
Quinault,2017-02-24,0.193,0.20361728966236115
Quinault,2017-02-25,0.192,0.2062123417854309
Quinault,2017-02-26,0.231,0.22355572879314423
Quinault,2017-02-27,0.226,0.21878069639205933
Quinault,2017-02-28,0.222,0.22031688690185547
Quinault,2017-03-01,0.233,0.2225087434053421
Quinault,2017-03-02,0.247,0.23354554176330566
Quinault,2017-03-03,0.258,0.2390616536140442
Quinault,2017-03-04,0.224,0.22727948427200317
Quinault,2017-03-05,0.226,0.22934815287590027
Quinault,2017-03-06,0.225,0.22820423543453217
Quinault,2017-03-07,0.228,0.22900255024433136
Quinault,2017-03-08,0.225,0.22870977222919464
Quinault,2017-03-09,0.249,0.23530887067317963
Quinault,2017-03-10,0.255,0.2416110634803772
Quinault,2017-03-11,0.246,0.2433428019285202
Quinault,2017-03-12,0.224,0.24068275094032288
Quinault,2017-03-13,0.244,0.2376476377248764
Quinault,2017-03-14,0.257,0.2510041296482086
Quinault,2017-03-15,0.231,0.23494619131088257
Quinault,2017-03-16,0.233,0.23744232952594757
Quinault,2017-03-17,0.236,0.24330580234527588
Quinault,2017-03-18,0.237,0.23792308568954468
Quinault,2017-03-19,0.21,0.21500147879123688
Quinault,2017-03-20,0.202,0.22758525609970093
Quinault,2017-03-21,0.239,0.23222266137599945
Quinault,2017-03-22,0.247,0.2314135581254959
Quinault,2017-03-23,0.238,0.23653943836688995
Quinault,2017-03-24,0.252,0.24356980621814728
Quinault,2017-03-25,0.232,0.23583413660526276
Quinault,2017-03-26,0.244,0.2394660860300064
Quinault,2017-03-27,0.253,0.23910954594612122
Quinault,2017-03-28,0.275,0.253412663936615
Quinault,2017-03-29,0.258,0.24468258023262024
Quinault,2017-03-30,0.229,0.23704750835895538
Quinault,2017-03-31,0.208,0.21058323979377747
Quinault,2017-04-01,0.22,0.2289077341556549
Quinault,2017-04-02,0.208,0.20450496673583984
Quinault,2017-04-03,0.202,0.2010914534330368
Quinault,2017-04-04,0.213,0.224088653922081
Quinault,2017-04-05,0.248,0.23849749565124512
Quinault,2017-04-06,0.23,0.23630200326442719
Quinault,2017-04-07,0.262,0.24999628961086273
Quinault,2017-04-08,0.248,0.24341316521167755
Quinault,2017-04-09,0.222,0.23857419192790985
Quinault,2017-04-10,0.25,0.24349887669086456
Quinault,2017-04-11,0.219,0.23370571434497833
Quinault,2017-04-12,0.248,0.24202056229114532
Quinault,2017-04-13,0.246,0.24303102493286133
Quinault,2017-04-14,0.252,0.2327442765235901
Quinault,2017-04-15,0.223,0.22613964974880219
Quinault,2017-04-16,0.205,0.21239116787910461
Quinault,2017-04-17,0.222,0.21978561580181122
Quinault,2017-04-18,0.24,0.2374662160873413
Quinault,2017-04-19,0.236,0.24343997240066528
Quinault,2017-04-20,0.239,0.23252391815185547
Quinault,2017-04-21,0.213,0.20741409063339233
Quinault,2017-04-22,0.23,0.23152433335781097
Quinault,2017-04-23,0.252,0.24229750037193298
Quinault,2017-04-24,0.222,0.22242699563503265
Quinault,2017-04-25,0.219,0.22097118198871613
Quinault,2017-04-26,0.24,0.2198956161737442
Quinault,2017-04-27,0.226,0.21464617550373077
Quinault,2017-04-28,0.205,0.2041173279285431
Quinault,2017-04-29,0.217,0.21945306658744812
Quinault,2017-04-30,0.22,0.2166728675365448
Quinault,2017-05-01,0.217,0.21555379033088684
Quinault,2017-05-02,0.215,0.22035248577594757
Quinault,2017-05-03,0.225,0.21511466801166534
Quinault,2017-05-04,0.201,0.20429377257823944
Quinault,2017-05-05,0.22,0.21808600425720215
Quinault,2017-05-06,0.207,0.21464915573596954
Quinault,2017-05-07,0.194,0.2029896229505539
Quinault,2017-05-08,0.184,0.19571328163146973
Quinault,2017-05-09,0.175,0.18147829174995422
Quinault,2017-05-10,0.171,0.1847396194934845
Quinault,2017-05-11,0.237,0.228845477104187
Quinault,2017-05-12,0.234,0.2255031317472458
Quinault,2017-05-13,0.225,0.22804096341133118
Quinault,2017-05-14,0.223,0.22868569195270538
Quinault,2017-05-15,0.228,0.22925333678722382
Quinault,2017-05-16,0.23,0.21649233996868134
Quinault,2017-05-17,0.203,0.20703132450580597
Quinault,2017-05-18,0.195,0.2044840306043625
Quinault,2017-05-19,0.187,0.19249412417411804
Quinault,2017-05-20,0.179,0.18097993731498718
Quinault,2017-05-21,0.168,0.16935911774635315
Quinault,2017-05-22,0.157,0.15464578568935394
Quinault,2017-05-23,0.142,0.14299197494983673
Quinault,2017-05-24,0.13,0.1394115835428238
Quinault,2017-05-25,0.12,0.130118727684021
Quinault,2017-05-26,0.108,0.12052129954099655
Quinault,2017-05-27,0.097,0.11655249446630478
Quinault,2017-05-28,0.089,0.11340659856796265
Quinault,2017-05-29,0.082,0.1133241355419159
Quinault,2017-05-30,0.079,0.12895888090133667
Quinault,2017-05-31,0.112,0.13940536975860596
Quinault,2017-06-01,0.189,0.1585184633731842
Quinault,2017-06-02,0.205,0.18629027903079987
Quinault,2017-06-03,0.176,0.17058655619621277
Quinault,2017-06-04,0.159,0.16207118332386017
Quinault,2017-06-05,0.144,0.15038849413394928
Quinault,2017-06-06,0.131,0.13516950607299805
Quinault,2017-06-07,0.119,0.13513033092021942
Quinault,2017-06-08,0.208,0.1671096533536911
Quinault,2017-06-09,0.208,0.19072887301445007
Quinault,2017-06-10,0.198,0.18597498536109924
Quinault,2017-06-11,0.183,0.17373143136501312
Quinault,2017-06-12,0.168,0.1774483025074005
Quinault,2017-06-13,0.159,0.14886555075645447
Quinault,2017-06-14,0.154,0.14990954101085663
Quinault,2017-06-15,0.21,0.21510978043079376
Quinault,2017-06-16,0.196,0.20559252798557281
Quinault,2017-06-17,0.178,0.20343364775180817
Quinault,2017-06-18,0.196,0.20018871128559113
Quinault,2017-06-19,0.181,0.1676802933216095
Quinault,2017-06-20,0.179,0.16826964914798737
Quinault,2017-06-21,0.17,0.1650034636259079
Quinault,2017-06-22,0.157,0.15526776015758514
Quinault,2017-06-23,0.143,0.1361425668001175
Quinault,2017-06-24,0.129,0.12829355895519257
Quinault,2017-06-25,0.114,0.11359541863203049
Quinault,2017-06-26,0.103,0.11086814105510712
Quinault,2017-06-27,0.094,0.10604340583086014
Quinault,2017-06-28,0.088,0.09876687079668045
Quinault,2017-06-29,0.081,0.09217067807912827
Quinault,2017-06-30,0.075,0.08866395801305771
Quinault,2017-07-01,0.069,0.08011402189731598
Quinault,2017-07-02,0.062,0.06744205206632614
Quinault,2017-07-03,0.056,0.06617499142885208
Quinault,2017-07-04,0.05,0.05420892685651779
Quinault,2017-07-05,0.045,0.05185583978891373
Quinault,2017-07-06,0.04,0.04621228575706482
Quinault,2017-07-07,0.037,0.04061301425099373
Quinault,2017-07-08,0.035,0.03918810933828354
Quinault,2017-07-09,0.033,0.0435156375169754
Quinault,2017-07-10,0.031,0.04005751013755798
Quinault,2017-07-11,0.03,0.040619686245918274
Quinault,2017-07-12,0.029,0.03676294535398483
Quinault,2017-07-13,0.028,0.03357408568263054
Quinault,2017-07-14,0.027,0.032925087958574295
Quinault,2017-07-15,0.026,0.02468402497470379
Quinault,2017-07-16,0.024,0.035853978246450424
Quinault,2017-07-17,0.024,0.03522742539644241
Quinault,2017-07-18,0.024,0.032372936606407166
Quinault,2017-07-19,0.022,0.03055584989488125
Quinault,2017-07-20,0.033,0.03595828637480736
Quinault,2017-07-21,0.037,0.04065704718232155
Quinault,2017-07-22,0.039,0.04073963314294815
Quinault,2017-07-23,0.039,0.03767399489879608
Quinault,2017-07-24,0.036,0.03777676820755005
Quinault,2017-07-25,0.032,0.036383531987667084
Quinault,2017-07-26,0.03,0.03066892735660076
Quinault,2017-07-27,0.027,0.02868534065783024
Quinault,2017-07-28,0.026,0.02529669739305973
Quinault,2017-07-29,0.024,0.0225527323782444
Quinault,2017-07-30,0.025,0.027304287999868393
Quinault,2017-07-31,0.023,0.024091310799121857
Quinault,2017-08-01,0.022,0.024592135101556778
Quinault,2017-08-02,0.023,0.02089802175760269
Quinault,2017-08-03,0.021,0.021105263382196426
Quinault,2017-08-04,0.021,0.022079549729824066
Quinault,2017-08-05,0.02,0.022893395274877548
Quinault,2017-08-06,0.019,0.021987099200487137
Quinault,2017-08-07,0.019,0.023433743044734
Quinault,2017-08-08,0.018,0.022103657945990562
Quinault,2017-08-09,0.018,0.02278619073331356
Quinault,2017-08-10,0.017,0.023594174534082413
Quinault,2017-08-11,0.016,0.024730682373046875
Quinault,2017-08-12,0.017,0.030675441026687622
Quinault,2017-08-13,0.112,0.08648954331874847
Quinault,2017-08-14,0.093,0.07683631032705307
Quinault,2017-08-15,0.083,0.07213141024112701
Quinault,2017-08-16,0.074,0.06248586252331734
Quinault,2017-08-17,0.068,0.057579927146434784
Quinault,2017-08-18,0.06,0.059916090220212936
Quinault,2017-08-19,0.054,0.056551869958639145
Quinault,2017-08-20,0.048,0.04827217385172844
Quinault,2017-08-21,0.043,0.04104126989841461
Quinault,2017-08-22,0.038,0.03787475824356079
Quinault,2017-08-23,0.034,0.037897203117609024
Quinault,2017-08-24,0.032,0.037125129252672195
Quinault,2017-08-25,0.029,0.036153800785541534
Quinault,2017-08-26,0.028,0.035250771790742874
Quinault,2017-08-27,0.025,0.032693032175302505
Quinault,2017-08-28,0.024,0.024838238954544067
Quinault,2017-08-29,0.023,0.024937953799962997
Quinault,2017-08-30,0.022,0.02547653205692768
Quinault,2017-08-31,0.023,0.028813276439905167
Quinault,2017-09-01,0.023,0.027802690863609314
Quinault,2017-09-02,0.024,0.030521033331751823
Quinault,2017-09-03,0.023,0.031708285212516785
Quinault,2017-09-04,0.022,0.03296998515725136
Quinault,2017-09-05,0.021,0.025490019470453262
Quinault,2017-09-06,0.02,0.026383843272924423
Quinault,2017-09-07,0.019,0.027147632092237473
Quinault,2017-09-08,0.019,0.026911066845059395
Quinault,2017-09-09,0.073,0.04328230395913124
Quinault,2017-09-10,0.105,0.05317544937133789
Quinault,2017-09-11,0.092,0.05719413235783577
Quinault,2017-09-12,0.084,0.0658835768699646
Quinault,2017-09-13,0.078,0.0672280564904213
Quinault,2017-09-14,0.072,0.06373411417007446
Quinault,2017-09-15,0.065,0.059203241020441055
Quinault,2017-09-16,0.06,0.06466147303581238
Quinault,2017-09-17,0.1,0.10097164660692215
Quinault,2017-09-18,0.172,0.1398710310459137
Quinault,2017-09-19,0.181,0.16465827822685242
Quinault,2017-09-20,0.163,0.159922793507576
Quinault,2017-09-21,0.156,0.16235695779323578
Quinault,2017-09-22,0.146,0.14785665273666382
Quinault,2017-09-23,0.141,0.13821551203727722
Quinault,2017-09-24,0.135,0.146067813038826
Quinault,2017-09-25,0.132,0.1211550235748291
Quinault,2017-09-26,0.131,0.13293516635894775
Quinault,2017-09-27,0.127,0.13297395408153534
Quinault,2017-09-28,0.122,0.13763326406478882
Quinault,2017-09-29,0.156,0.15267927944660187
Quinault,2017-09-30,0.174,0.16526857018470764
Quinault,2017-10-01,0.167,0.16986297070980072
Quinault,2017-10-02,0.153,0.15449106693267822
Quinault,2017-10-03,0.144,0.15309834480285645
Quinault,2017-10-04,0.137,0.1375260353088379
Quinault,2017-10-05,0.132,0.13005711138248444
Quinault,2017-10-06,0.157,0.1473960280418396
Quinault,2017-10-07,0.183,0.15890643000602722
Quinault,2017-10-08,0.169,0.16800345480442047
Quinault,2017-10-09,0.158,0.16182969510555267
Quinault,2017-10-10,0.153,0.15716809034347534
Quinault,2017-10-11,0.163,0.15411081910133362
Quinault,2017-10-12,0.178,0.16906307637691498
Quinault,2017-10-13,0.177,0.17410796880722046
Quinault,2017-10-14,0.163,0.1736447662115097
Quinault,2017-10-15,0.156,0.16227082908153534
Quinault,2017-10-16,0.152,0.17162203788757324
Quinault,2017-10-17,0.192,0.19436365365982056
Quinault,2017-10-18,0.218,0.22338125109672546
Quinault,2017-10-19,0.213,0.21913152933120728
Quinault,2017-10-20,0.204,0.22169947624206543
Quinault,2017-10-21,0.225,0.22702431678771973
Quinault,2017-10-22,0.205,0.21774178743362427
Quinault,2017-10-23,0.178,0.18785209953784943
Quinault,2017-10-24,0.168,0.1796068698167801
Quinault,2017-10-25,0.176,0.19555746018886566
Quinault,2017-10-26,0.173,0.17302803695201874
Quinault,2017-10-27,0.164,0.16909509897232056
Quinault,2017-10-28,0.16,0.16883710026741028
Quinault,2017-10-29,0.157,0.16356346011161804
Quinault,2017-10-30,0.153,0.16323663294315338
Quinault,2017-11-01,0.145,0.1684694141149521
Quinault,2017-11-02,0.19,0.1869538426399231
Quinault,2017-11-03,0.189,0.1927780658006668
Quinault,2017-11-04,0.185,0.1968107521533966
Quinault,2017-11-05,0.193,0.19932670891284943
Quinault,2017-11-06,0.173,0.18599307537078857
Quinault,2017-11-07,0.166,0.17938919365406036
Quinault,2017-11-08,0.185,0.1917799562215805
Quinault,2017-11-09,0.212,0.195919930934906
Quinault,2017-11-10,0.189,0.1948779970407486
Quinault,2017-11-11,0.197,0.19915516674518585
Quinault,2017-11-12,0.23,0.21737083792686462
Quinault,2017-11-13,0.224,0.2238117903470993
Quinault,2017-11-14,0.232,0.22721824049949646
Quinault,2017-11-15,0.224,0.2254699319601059
Quinault,2017-11-16,0.221,0.2208453267812729
Quinault,2017-11-17,0.208,0.2176612764596939
Quinault,2017-11-18,0.201,0.213810995221138
Quinault,2017-11-19,0.228,0.2203432321548462
Quinault,2017-11-20,0.21,0.21647153794765472
Quinault,2017-11-21,0.236,0.22800680994987488
Quinault,2017-11-22,0.24,0.23001408576965332
Quinault,2017-11-23,0.226,0.22260665893554688
Quinault,2017-11-24,0.218,0.22059592604637146
Quinault,2017-11-25,0.213,0.2197796106338501
Quinault,2017-11-26,0.225,0.2192411571741104
Quinault,2017-11-27,0.199,0.2182985246181488
Quinault,2017-11-28,0.22,0.2194867730140686
Quinault,2017-11-29,0.202,0.21509931981563568
Quinault,2017-11-30,0.213,0.21537792682647705
Quinault,2017-12-01,0.227,0.22022300958633423
Quinault,2017-12-02,0.215,0.21934466063976288
Quinault,2017-12-03,0.187,0.19781948626041412
Quinault,2017-12-04,0.18,0.1808411180973053
Quinault,2017-12-05,0.175,0.1834869086742401
Quinault,2017-12-06,0.172,0.17400647699832916
Quinault,2017-12-07,0.17,0.17166242003440857
Quinault,2017-12-08,0.168,0.1677585393190384
Quinault,2017-12-09,0.167,0.16923955082893372
Quinault,2017-12-10,0.167,0.16935844719409943
Quinault,2017-12-11,0.167,0.16859471797943115
Quinault,2017-12-12,0.165,0.16661536693572998
Quinault,2017-12-13,0.165,0.1681528091430664
Quinault,2017-12-14,0.163,0.16780894994735718
Quinault,2017-12-15,0.173,0.17595386505126953
Quinault,2017-12-16,0.19,0.1828310340642929
Quinault,2017-12-17,0.232,0.21377550065517426
Quinault,2017-12-18,0.216,0.2149498164653778
Quinault,2017-12-19,0.232,0.22458486258983612
Quinault,2017-12-20,0.192,0.1940539926290512
Quinault,2017-12-21,0.187,0.20755480229854584
Quinault,2017-12-22,0.196,0.20533864200115204
Quinault,2017-12-23,0.18,0.18082121014595032
Quinault,2017-12-24,0.178,0.18865090608596802
Quinault,2017-12-25,0.193,0.18968528509140015
Quinault,2017-12-26,0.18,0.18465158343315125
Quinault,2017-12-27,0.175,0.1857057809829712
Quinault,2017-12-28,0.229,0.2198924422264099
Quinault,2017-12-29,0.233,0.23059354722499847
Quinault,2017-12-30,0.206,0.21812453866004944
Quinault,2017-12-31,0.184,0.19585080444812775
Quinault,2018-01-01,0.178,0.18396568298339844
Quinault,2018-01-02,0.174,0.1865537464618683
Quinault,2018-01-03,0.172,0.18874989449977875
Quinault,2018-01-04,0.186,0.2016000598669052
Quinault,2018-01-05,0.226,0.22313402593135834
Quinault,2018-01-06,0.201,0.21918562054634094
Quinault,2018-01-07,0.222,0.22709394991397858
Quinault,2018-01-08,0.209,0.22014206647872925
Quinault,2018-01-09,0.211,0.22005029022693634
Quinault,2018-01-10,0.204,0.22768256068229675
Quinault,2018-01-11,0.235,0.22586265206336975
Quinault,2018-01-12,0.22,0.22167403995990753
Quinault,2018-01-13,0.209,0.21557030081748962
Quinault,2018-01-14,0.187,0.19664177298545837
Quinault,2018-01-15,0.186,0.20586296916007996
Quinault,2018-01-16,0.212,0.2111981362104416
Quinault,2018-01-17,0.212,0.21132540702819824
Quinault,2018-01-18,0.206,0.21655507385730743
Quinault,2018-01-19,0.232,0.2266201227903366
Quinault,2018-01-20,0.227,0.22295184433460236
Quinault,2018-01-21,0.234,0.22009515762329102
Quinault,2018-01-22,0.213,0.2204885333776474
Quinault,2018-01-23,0.227,0.2214869260787964
Quinault,2018-01-24,0.229,0.225908562541008
Quinault,2018-01-25,0.223,0.22322525084018707
Quinault,2018-01-26,0.225,0.22041641175746918
Quinault,2018-01-27,0.219,0.22026199102401733
Quinault,2018-01-28,0.213,0.21733146905899048
Quinault,2018-01-29,0.246,0.23296813666820526
Quinault,2018-01-30,0.21,0.22213485836982727
Quinault,2018-01-31,0.223,0.22061118483543396
Quinault,2018-02-01,0.227,0.2227330058813095
Quinault,2018-02-02,0.213,0.21526452898979187
Quinault,2018-02-03,0.208,0.21289502084255219
Quinault,2018-02-04,0.211,0.20993821322917938
Quinault,2018-02-05,0.19,0.19919010996818542
Quinault,2018-02-06,0.183,0.197466179728508
Quinault,2018-02-07,0.178,0.18442778289318085
Quinault,2018-02-08,0.18,0.18374139070510864
Quinault,2018-02-09,0.178,0.17612627148628235
Quinault,2018-02-10,0.173,0.1773580014705658
Quinault,2018-02-11,0.17,0.17796720564365387
Quinault,2018-02-12,0.166,0.17535968124866486
Quinault,2018-02-13,0.167,0.18291489779949188
Quinault,2018-02-14,0.2,0.1896960586309433
Quinault,2018-02-15,0.179,0.19299545884132385
Quinault,2018-02-16,0.207,0.2063206434249878
Quinault,2018-02-17,0.23,0.2276609241962433
Quinault,2018-02-18,0.203,0.21159130334854126
Quinault,2018-02-19,0.181,0.18290424346923828
Quinault,2018-02-20,0.173,0.198661670088768
Quinault,2018-02-21,0.181,0.17799338698387146
Quinault,2018-02-22,0.192,0.17214098572731018
Quinault,2018-02-23,0.18,0.1920509785413742
Quinault,2018-02-24,0.211,0.20201870799064636
Quinault,2018-02-25,0.22,0.2075059413909912
Quinault,2018-02-26,0.194,0.2079090178012848
Quinault,2018-02-27,0.203,0.2076176553964615
Quinault,2018-02-28,0.209,0.21573516726493835
Quinault,2018-03-01,0.2,0.20668841898441315
Quinault,2018-03-02,0.198,0.20329390466213226
Quinault,2018-03-03,0.18,0.19158263504505157
Quinault,2018-03-04,0.189,0.20148871839046478
Quinault,2018-03-05,0.192,0.18984530866146088
Quinault,2018-03-06,0.181,0.17904236912727356
Quinault,2018-03-07,0.174,0.19246436655521393
Quinault,2018-03-08,0.22,0.21070820093154907
Quinault,2018-03-09,0.197,0.20633909106254578
Quinault,2018-03-10,0.181,0.20347850024700165
Quinault,2018-03-11,0.174,0.20294629037380219
Quinault,2018-03-12,0.169,0.18696185946464539
Quinault,2018-03-13,0.194,0.18798291683197021
Quinault,2018-03-14,0.203,0.19105207920074463
Quinault,2018-03-15,0.185,0.19515331089496613
Quinault,2018-03-16,0.174,0.18344758450984955
Quinault,2018-03-17,0.168,0.1716281920671463
Quinault,2018-03-18,0.167,0.1705910563468933
Quinault,2018-03-19,0.165,0.17127986252307892
Quinault,2018-03-20,0.163,0.16830600798130035
Quinault,2018-03-21,0.165,0.1760440617799759
Quinault,2018-03-22,0.217,0.20462128520011902
Quinault,2018-03-23,0.215,0.21048955619335175
Quinault,2018-03-24,0.19,0.20269955694675446
Quinault,2018-03-25,0.182,0.20166392624378204
Quinault,2018-03-26,0.224,0.20494087040424347
Quinault,2018-03-27,0.218,0.2093525528907776
Quinault,2018-03-28,0.185,0.19265776872634888
Quinault,2018-03-29,0.176,0.20007511973381042
Quinault,2018-03-30,0.174,0.19731493294239044
Quinault,2018-03-31,0.171,0.17972171306610107
Quinault,2018-04-01,0.183,0.19117695093154907
Quinault,2018-04-02,0.193,0.19967442750930786
Quinault,2018-04-03,0.186,0.19781747460365295
Quinault,2018-04-04,0.207,0.20671424269676208
Quinault,2018-04-05,0.225,0.21298275887966156
Quinault,2018-04-06,0.205,0.2193404734134674
Quinault,2018-04-07,0.233,0.23936201632022858
Quinault,2018-04-08,0.239,0.23334354162216187
Quinault,2018-04-09,0.196,0.19854721426963806
Quinault,2018-04-10,0.211,0.22485999763011932
Quinault,2018-04-11,0.227,0.2270679473876953
Quinault,2018-04-12,0.209,0.22275464236736298
Quinault,2018-04-13,0.248,0.23556376993656158
Quinault,2018-04-14,0.22,0.22411590814590454
Quinault,2018-04-15,0.204,0.21872249245643616
Quinault,2018-04-16,0.233,0.22751954197883606
Quinault,2018-04-17,0.214,0.21230728924274445
Quinault,2018-04-18,0.192,0.19466976821422577
Quinault,2018-04-19,0.179,0.18383437395095825
Quinault,2018-04-20,0.175,0.18922729790210724
Quinault,2018-04-21,0.207,0.19203674793243408
Quinault,2018-04-22,0.184,0.17487016320228577
Quinault,2018-04-23,0.173,0.1719738245010376
Quinault,2018-04-24,0.164,0.1638382375240326
Quinault,2018-04-25,0.157,0.15570297837257385
Quinault,2018-04-26,0.15,0.15546062588691711
Quinault,2018-04-27,0.148,0.15878020226955414
Quinault,2018-04-28,0.199,0.1736418902873993
Quinault,2018-04-29,0.181,0.17415599524974823
Quinault,2018-04-30,0.172,0.17162226140499115
Quinault,2018-05-01,0.164,0.16136403381824493
Quinault,2018-05-02,0.158,0.14521348476409912
Quinault,2018-05-03,0.15,0.1484518051147461
Quinault,2018-05-04,0.144,0.14803454279899597
Quinault,2018-05-05,0.138,0.13657251000404358
Quinault,2018-05-06,0.13,0.1339409500360489
Quinault,2018-05-07,0.125,0.1292145848274231
Quinault,2018-05-08,0.126,0.14063388109207153
Quinault,2018-05-09,0.195,0.1734759658575058
Quinault,2018-05-10,0.193,0.18594759702682495
Quinault,2018-05-11,0.172,0.17169326543807983
Quinault,2018-05-12,0.159,0.1663610190153122
Quinault,2018-05-13,0.148,0.15517540276050568
Quinault,2018-05-14,0.137,0.1326649934053421
Quinault,2018-05-15,0.13,0.117315374314785
Quinault,2018-05-16,0.129,0.1352032721042633
Quinault,2018-05-17,0.129,0.1265268474817276
Quinault,2018-05-18,0.128,0.12376145273447037
Quinault,2018-05-19,0.127,0.12293191254138947
Quinault,2018-05-20,0.125,0.122103251516819
Quinault,2018-05-21,0.122,0.10933364927768707
Quinault,2018-05-22,0.114,0.09301962703466415
Quinault,2018-05-23,0.106,0.10045287013053894
Quinault,2018-05-24,0.1,0.09799926728010178
Quinault,2018-05-25,0.093,0.08990345895290375
Quinault,2018-05-26,0.087,0.08174674212932587
Quinault,2018-05-27,0.081,0.08104553818702698
Quinault,2018-05-28,0.076,0.07432136684656143
Quinault,2018-05-29,0.072,0.06585665792226791
Quinault,2018-05-30,0.067,0.06259745359420776
Quinault,2018-05-31,0.063,0.06586021929979324
Quinault,2018-06-01,0.06,0.06571978330612183
Quinault,2018-06-02,0.057,0.060833729803562164
Quinault,2018-06-03,0.063,0.067618727684021
Quinault,2018-06-04,0.069,0.06997229158878326
Quinault,2018-06-05,0.067,0.08213990926742554
Quinault,2018-06-06,0.072,0.07518591731786728
Quinault,2018-06-07,0.069,0.07963674515485764
Quinault,2018-06-08,0.118,0.1356789916753769
Quinault,2018-06-09,0.16,0.17251162230968475
Quinault,2018-06-10,0.177,0.18071503937244415
Quinault,2018-06-11,0.156,0.16428086161613464
Quinault,2018-06-12,0.144,0.1645960509777069
Quinault,2018-06-13,0.183,0.17879727482795715
Quinault,2018-06-14,0.173,0.1666133999824524
Quinault,2018-06-15,0.164,0.1679474413394928
Quinault,2018-06-16,0.153,0.16665156185626984
Quinault,2018-06-17,0.14,0.14220494031906128
Quinault,2018-06-18,0.13,0.13653257489204407
Quinault,2018-06-19,0.121,0.12575741112232208
Quinault,2018-06-20,0.113,0.11891711503267288
Quinault,2018-06-21,0.107,0.11712199449539185
Quinault,2018-06-22,0.104,0.1101728081703186
Quinault,2018-06-23,0.097,0.09517423063516617
Quinault,2018-06-24,0.09,0.08726447075605392
Quinault,2018-06-25,0.088,0.10071095079183578
Quinault,2018-06-26,0.085,0.09888745844364166
Quinault,2018-06-27,0.081,0.08939723670482635
Quinault,2018-06-28,0.078,0.08425784856081009
Quinault,2018-06-29,0.076,0.0820751041173935
Quinault,2018-06-30,0.073,0.08038961887359619
Quinault,2018-07-01,0.075,0.09928738325834274
Quinault,2018-07-02,0.073,0.07663280516862869
Quinault,2018-07-03,0.069,0.09309739619493484
Quinault,2018-07-04,0.065,0.07052578032016754
Quinault,2018-07-05,0.063,0.05178525671362877
Quinault,2018-07-06,0.062,0.07312997430562973
Quinault,2018-07-07,0.07,0.0862613245844841
Quinault,2018-07-08,0.07,0.09364661574363708
Quinault,2018-07-09,0.067,0.10059190541505814
Quinault,2018-07-10,0.065,0.06810414046049118
Quinault,2018-07-11,0.061,0.0653214305639267
Quinault,2018-07-12,0.055,0.0654762014746666
Quinault,2018-07-13,0.051,0.066316157579422
Quinault,2018-07-14,0.046,0.06744970381259918
Quinault,2018-07-15,0.042,0.054102540016174316
Quinault,2018-07-16,0.039,0.05019837245345116
Quinault,2018-07-17,0.036,0.050941333174705505
Quinault,2018-07-18,0.035,0.05022289976477623
Quinault,2018-07-19,0.034,0.048364926129579544
Quinault,2018-07-20,0.031,0.03744320571422577
Quinault,2018-07-21,0.03,0.03622516989707947
Quinault,2018-07-22,0.031,0.03469240665435791
Quinault,2018-07-23,0.029,0.04330742359161377
Quinault,2018-07-24,0.028,0.043192505836486816
Quinault,2018-07-25,0.026,0.04346306249499321
Quinault,2018-07-26,0.026,0.03919361159205437
Quinault,2018-07-27,0.025,0.028331352397799492
Quinault,2018-07-28,0.024,0.029176143929362297
Quinault,2018-07-29,0.024,0.028846614062786102
Quinault,2018-07-30,0.023,0.026796715334057808
Quinault,2018-07-31,0.022,0.026416568085551262
Quinault,2018-08-01,0.022,0.02489786222577095
Quinault,2018-08-02,0.021,0.02510221302509308
Quinault,2018-08-03,0.021,0.029865244403481483
Quinault,2018-08-04,0.022,0.024348868057131767
Quinault,2018-08-05,0.022,0.02907768078148365
Quinault,2018-08-06,0.021,0.04148873686790466
Quinault,2018-08-07,0.021,0.03394678607583046
Quinault,2018-08-08,0.023,0.028864555060863495
Quinault,2018-08-09,0.021,0.03423183783888817
Quinault,2018-08-10,0.024,0.03381660580635071
Quinault,2018-08-11,0.111,0.0901552364230156
Quinault,2018-08-12,0.131,0.12453102320432663
Quinault,2018-08-13,0.121,0.11896421015262604
Quinault,2018-08-14,0.115,0.11444652825593948
Quinault,2018-08-15,0.11,0.10234714299440384
Quinault,2018-08-16,0.107,0.11088964343070984
Quinault,2018-08-17,0.103,0.1039782464504242
Quinault,2018-08-18,0.099,0.10221309959888458
Quinault,2018-08-19,0.095,0.09819941967725754
Quinault,2018-08-20,0.091,0.09297030419111252
Quinault,2018-08-21,0.088,0.08536622673273087
Quinault,2018-08-22,0.085,0.07274509966373444
Quinault,2018-08-23,0.081,0.07045543938875198
Quinault,2018-08-24,0.078,0.0712023675441742
Quinault,2018-08-25,0.076,0.07303042709827423
Quinault,2018-08-26,0.084,0.08650664240121841
Quinault,2018-08-27,0.1,0.0972646027803421
Quinault,2018-08-28,0.095,0.10004950314760208
Quinault,2018-08-29,0.09,0.09203951060771942
Quinault,2018-08-30,0.105,0.09993354231119156
Quinault,2018-08-31,0.143,0.10484328120946884
Quinault,2018-09-01,0.123,0.10017449408769608
Quinault,2018-09-02,0.111,0.10087282210588455
Quinault,2018-09-03,0.103,0.09327920526266098
Quinault,2018-09-04,0.096,0.08583370596170425
Quinault,2018-09-05,0.09,0.07254292815923691
Quinault,2018-09-06,0.085,0.08169745653867722
Quinault,2018-09-07,0.094,0.10289572179317474
Quinault,2018-09-08,0.158,0.1299879252910614
Quinault,2018-09-09,0.175,0.18158893287181854
Quinault,2018-09-10,0.186,0.19033190608024597
Quinault,2018-09-11,0.201,0.1952606588602066
Quinault,2018-09-12,0.174,0.173285573720932
Quinault,2018-09-13,0.162,0.17563802003860474
Quinault,2018-09-14,0.162,0.17385989427566528
Quinault,2018-09-15,0.209,0.19508293271064758
Quinault,2018-09-16,0.204,0.2096283882856369
Quinault,2018-09-17,0.168,0.16857704520225525
Quinault,2018-09-18,0.155,0.16144047677516937
Quinault,2018-09-19,0.148,0.1728428304195404
Quinault,2018-09-20,0.161,0.16706283390522003
Quinault,2018-09-21,0.201,0.19067126512527466
Quinault,2018-09-22,0.195,0.1901862919330597
Quinault,2018-09-23,0.166,0.16657118499279022
Quinault,2018-09-24,0.157,0.16832779347896576
Quinault,2018-09-25,0.149,0.16124697029590607
Quinault,2018-09-26,0.144,0.1508810669183731
Quinault,2018-09-27,0.139,0.1503908634185791
Quinault,2018-09-28,0.135,0.14859767258167267
Quinault,2018-09-29,0.133,0.1482158601284027
Quinault,2018-09-30,0.186,0.1694621592760086
Quinault,2018-10-01,0.201,0.18758472800254822
Quinault,2018-10-02,0.178,0.17984537780284882
Quinault,2018-10-03,0.163,0.16878995299339294
Quinault,2018-10-04,0.156,0.1653304547071457
Quinault,2018-10-05,0.175,0.17358766496181488
Quinault,2018-10-06,0.168,0.17150212824344635
Quinault,2018-10-07,0.188,0.18397794663906097
Quinault,2018-10-08,0.181,0.18005971610546112
Quinault,2018-10-09,0.175,0.1817304491996765
Quinault,2018-10-10,0.162,0.17968466877937317
Quinault,2018-10-11,0.154,0.16858556866645813
Quinault,2018-10-12,0.149,0.1674322634935379
Quinault,2018-10-13,0.145,0.1636832058429718
Quinault,2018-10-14,0.141,0.15036143362522125
Quinault,2018-10-15,0.137,0.14639967679977417
Quinault,2018-10-16,0.135,0.1442512422800064
Quinault,2018-10-17,0.131,0.13797558844089508
Quinault,2018-10-18,0.129,0.13306784629821777
Quinault,2018-10-19,0.127,0.12764468789100647
Quinault,2018-10-20,0.125,0.1330743134021759
Quinault,2018-10-21,0.122,0.12849844992160797
Quinault,2018-10-22,0.12,0.12478959560394287
Quinault,2018-10-23,0.12,0.10818902403116226
Quinault,2018-10-24,0.13,0.14086519181728363
Quinault,2018-10-25,0.21,0.20132189989089966
Quinault,2018-10-26,0.198,0.20518159866333008
Quinault,2018-10-28,0.208,0.2214042842388153
Quinault,2018-10-29,0.193,0.20952108502388
Quinault,2018-10-30,0.181,0.20994821190834045
Quinault,2018-10-31,0.198,0.21481476724147797
Quinault,2018-11-01,0.226,0.2241320013999939
Quinault,2018-11-02,0.205,0.22085967659950256
Quinault,2018-11-03,0.219,0.21702802181243896
Quinault,2018-11-04,0.213,0.21117962896823883
Quinault,2018-11-05,0.21,0.20716696977615356
Quinault,2018-11-06,0.189,0.203107550740242
Quinault,2018-11-07,0.176,0.18082092702388763
Quinault,2018-11-08,0.167,0.1737540364265442
Quinault,2018-11-09,0.171,0.17316670715808868
Quinault,2018-11-10,0.17,0.16702240705490112
Quinault,2018-11-11,0.164,0.16576871275901794
Quinault,2018-11-12,0.161,0.1652580350637436
Quinault,2018-11-13,0.169,0.17367351055145264
Quinault,2018-11-14,0.211,0.19674554467201233
Quinault,2018-11-15,0.186,0.19362099468708038
Quinault,2018-11-16,0.193,0.19470398128032684
Quinault,2018-11-17,0.182,0.18820121884346008
Quinault,2018-11-18,0.181,0.17368488013744354
Quinault,2018-11-19,0.178,0.1657499223947525
Quinault,2018-11-20,0.176,0.1678832769393921
Quinault,2018-11-21,0.232,0.20783691108226776
Quinault,2018-11-22,0.239,0.21454906463623047
Quinault,2018-11-23,0.233,0.2191999852657318
Quinault,2018-11-24,0.2,0.19326996803283691
Quinault,2018-11-25,0.205,0.20614875853061676
Quinault,2018-11-26,0.266,0.24456733465194702
Quinault,2018-11-27,0.234,0.2279472053050995
Quinault,2018-11-28,0.216,0.21732094883918762
Quinault,2018-11-29,0.195,0.1943693608045578
Quinault,2018-11-30,0.215,0.21668283641338348
Quinault,2018-12-01,0.203,0.20104901492595673
Quinault,2018-12-02,0.191,0.18040868639945984
Quinault,2018-12-03,0.185,0.18524199724197388
Quinault,2018-12-04,0.181,0.17955857515335083
Quinault,2018-12-05,0.183,0.17949765920639038
Quinault,2018-12-06,0.203,0.1843908727169037
Quinault,2018-12-07,0.202,0.18975365161895752
Quinault,2018-12-08,0.219,0.19537483155727386
Quinault,2018-12-09,0.234,0.22387482225894928
Quinault,2018-12-10,0.227,0.2184985727071762
Quinault,2018-12-11,0.251,0.24371717870235443
Quinault,2018-12-12,0.235,0.2325095534324646
Quinault,2018-12-13,0.254,0.23911575973033905
Quinault,2018-12-14,0.221,0.23052237927913666
Quinault,2018-12-15,0.213,0.2277972549200058
Quinault,2018-12-16,0.249,0.2335890680551529
Quinault,2018-12-17,0.245,0.22947147488594055
Quinault,2018-12-18,0.242,0.23219427466392517
Quinault,2018-12-19,0.211,0.22142356634140015
Quinault,2018-12-20,0.232,0.22365692257881165
Quinault,2018-12-21,0.203,0.21856500208377838
Quinault,2018-12-22,0.23,0.2196180522441864
Quinault,2018-12-23,0.235,0.22258931398391724
Quinault,2018-12-24,0.199,0.19707877933979034
Quinault,2018-12-25,0.189,0.2103266417980194
Quinault,2018-12-26,0.22,0.2100541591644287
Quinault,2018-12-27,0.199,0.2031865268945694
Quinault,2018-12-28,0.234,0.21785631775856018
Quinault,2018-12-29,0.252,0.22662489116191864
Quinault,2018-12-30,0.218,0.21976684033870697
Quinault,2018-12-31,0.195,0.19007058441638947
Quinault,2019-01-01,0.19,0.2020820677280426
Quinault,2019-01-02,0.208,0.21489101648330688
Quinault,2019-01-03,0.263,0.2545080780982971
Quinault,2019-01-04,0.222,0.2343750149011612
Quinault,2019-01-05,0.207,0.22825296223163605
Quinault,2019-01-06,0.236,0.2326103299856186
Quinault,2019-01-07,0.215,0.2241744101047516
Quinault,2019-01-08,0.225,0.22702474892139435
Quinault,2019-01-09,0.244,0.23770146071910858
Quinault,2019-01-10,0.232,0.23190131783485413
Quinault,2019-01-11,0.205,0.20700260996818542
Quinault,2019-01-12,0.194,0.2047414630651474
Quinault,2019-01-13,0.189,0.19785398244857788
Quinault,2019-01-14,0.186,0.18874265253543854
Quinault,2019-01-15,0.184,0.18937724828720093
Quinault,2019-01-16,0.186,0.2013058364391327
Quinault,2019-01-17,0.243,0.22704558074474335
Quinault,2019-01-18,0.24,0.23108847439289093
Quinault,2019-01-19,0.23,0.23593178391456604
Quinault,2019-01-20,0.2,0.20924390852451324
Quinault,2019-01-21,0.192,0.20354706048965454
Quinault,2019-01-22,0.245,0.2361784279346466
Quinault,2019-01-23,0.224,0.22577832639217377
Quinault,2019-01-24,0.202,0.20359569787979126
Quinault,2019-01-25,0.195,0.19983211159706116
Quinault,2019-01-26,0.19,0.19407518208026886
Quinault,2019-01-27,0.19,0.1899310052394867
Quinault,2019-01-28,0.189,0.18685513734817505
Quinault,2019-01-29,0.188,0.190057635307312
Quinault,2019-01-30,0.185,0.1913192719221115
Quinault,2019-01-31,0.186,0.19991914927959442
Quinault,2019-02-01,0.251,0.23037655651569366
Quinault,2019-02-02,0.217,0.22861707210540771
Quinault,2019-02-03,0.204,0.22395078837871552
Quinault,2019-02-04,0.209,0.21396785974502563
Quinault,2019-02-05,0.206,0.20361275970935822
Quinault,2019-02-06,0.197,0.1959606111049652
Quinault,2019-02-07,0.192,0.18904708325862885
Quinault,2019-02-08,0.191,0.19525699317455292
Quinault,2019-02-09,0.197,0.20775079727172852
Quinault,2019-02-10,0.199,0.21958889067173004
Quinault,2019-02-11,0.202,0.21783511340618134
Quinault,2019-02-12,0.218,0.2185261845588684
Quinault,2019-02-13,0.214,0.21987225115299225
Quinault,2019-02-14,0.219,0.22456982731819153
Quinault,2019-02-15,0.224,0.2279684990644455
Quinault,2019-02-16,0.214,0.2245192527770996
Quinault,2019-02-17,0.216,0.21781155467033386
Quinault,2019-02-18,0.214,0.22057467699050903
Quinault,2019-02-19,0.23,0.22474674880504608
Quinault,2019-02-20,0.231,0.22249646484851837
Quinault,2019-02-21,0.234,0.2133886069059372
Quinault,2019-02-22,0.235,0.2295982837677002
Quinault,2019-02-23,0.245,0.2275467813014984
Quinault,2019-02-24,0.234,0.23011355102062225
Quinault,2019-02-25,0.214,0.22554057836532593
Quinault,2019-02-26,0.216,0.21964207291603088
Quinault,2019-02-27,0.207,0.21536390483379364
Quinault,2019-02-28,0.208,0.2053099423646927
Quinault,2019-03-01,0.2,0.20423321425914764
Quinault,2019-03-02,0.195,0.19845250248908997
Quinault,2019-03-03,0.191,0.19995348155498505
Quinault,2019-03-04,0.187,0.18874286115169525
Quinault,2019-03-05,0.183,0.18965564668178558
Quinault,2019-03-06,0.18,0.19252556562423706
Quinault,2019-03-07,0.195,0.2024705559015274
Quinault,2019-03-08,0.206,0.20530103147029877
Quinault,2019-03-09,0.197,0.19426625967025757
Quinault,2019-03-10,0.19,0.19333705306053162
Quinault,2019-03-11,0.208,0.21630311012268066
Quinault,2019-03-12,0.228,0.20821909606456757
Quinault,2019-03-13,0.207,0.2054131031036377
Quinault,2019-03-14,0.198,0.1973426192998886
Quinault,2019-03-15,0.193,0.18858495354652405
Quinault,2019-03-16,0.189,0.18437036871910095
Quinault,2019-03-17,0.186,0.1879294514656067
Quinault,2019-03-18,0.182,0.18332219123840332
Quinault,2019-03-19,0.177,0.18177078664302826
Quinault,2019-03-20,0.173,0.17609530687332153
Quinault,2019-03-21,0.169,0.17421357333660126
Quinault,2019-03-22,0.18,0.17448578774929047
Quinault,2019-03-23,0.201,0.17769451439380646
Quinault,2019-03-24,0.19,0.18580691516399384
Quinault,2019-03-25,0.203,0.1961374133825302
Quinault,2019-03-26,0.227,0.21624314785003662
Quinault,2019-03-27,0.199,0.2077922523021698
Quinault,2019-03-28,0.191,0.2018166482448578
Quinault,2019-03-29,0.188,0.20036761462688446
Quinault,2019-03-30,0.187,0.19073161482810974
Quinault,2019-03-31,0.186,0.18504568934440613
Quinault,2019-04-01,0.183,0.19198858737945557
Quinault,2019-04-02,0.179,0.18680378794670105
Quinault,2019-04-03,0.242,0.21461518108844757
Quinault,2019-04-04,0.215,0.21546825766563416
Quinault,2019-04-05,0.244,0.2271636724472046
Quinault,2019-04-06,0.252,0.2423008382320404
Quinault,2019-04-07,0.225,0.23556925356388092
Quinault,2019-04-08,0.226,0.23344220221042633
Quinault,2019-04-09,0.217,0.22608411312103271
Quinault,2019-04-10,0.228,0.23018023371696472
Quinault,2019-04-11,0.233,0.22996224462985992
Quinault,2019-04-12,0.219,0.2230105847120285
Quinault,2019-04-13,0.236,0.23449485003948212
Quinault,2019-04-14,0.237,0.2327321469783783
Quinault,2019-04-15,0.213,0.22223220765590668
Quinault,2019-04-16,0.214,0.2236759513616562
Quinault,2019-04-17,0.234,0.22243574261665344
Quinault,2019-04-18,0.233,0.2327064424753189
Quinault,2019-04-19,0.227,0.23010358214378357
Quinault,2019-04-20,0.206,0.21479980647563934
Quinault,2019-04-21,0.196,0.20935583114624023
Quinault,2019-04-22,0.218,0.21657554805278778
Quinault,2019-04-23,0.223,0.21381211280822754
Quinault,2019-04-24,0.201,0.20635007321834564
Quinault,2019-04-25,0.191,0.20019806921482086
Quinault,2019-04-26,0.183,0.19059936702251434
Quinault,2019-04-27,0.178,0.18808802962303162
Quinault,2019-04-28,0.174,0.1921747773885727
Quinault,2019-04-29,0.168,0.19130222499370575
Quinault,2019-04-30,0.163,0.17941689491271973
Quinault,2019-05-01,0.157,0.1678636074066162
Quinault,2019-05-02,0.151,0.15435075759887695
Quinault,2019-05-03,0.144,0.14881281554698944
Quinault,2019-05-04,0.135,0.13945698738098145
Quinault,2019-05-05,0.128,0.1380688101053238
Quinault,2019-05-06,0.119,0.12039266526699066
Quinault,2019-05-07,0.11,0.11759824305772781
Quinault,2019-05-08,0.103,0.10732334107160568
Quinault,2019-05-09,0.095,0.10219592601060867
Quinault,2019-05-10,0.087,0.09133284538984299
Quinault,2019-05-11,0.08,0.08944575488567352
Quinault,2019-05-12,0.076,0.08590072393417358
Quinault,2019-05-13,0.073,0.08847781270742416
Quinault,2019-05-14,0.141,0.1256888210773468
Quinault,2019-05-15,0.185,0.1616801768541336
Quinault,2019-05-16,0.197,0.18920014798641205
Quinault,2019-05-17,0.188,0.197209432721138
Quinault,2019-05-18,0.189,0.19479313492774963
Quinault,2019-05-19,0.185,0.1973205804824829
Quinault,2019-05-20,0.195,0.19452489912509918
Quinault,2019-05-21,0.191,0.18542417883872986
Quinault,2019-05-22,0.182,0.18394221365451813
Quinault,2019-05-23,0.168,0.16853486001491547
Quinault,2019-05-24,0.16,0.16662228107452393
Quinault,2019-05-25,0.173,0.16705043613910675
Quinault,2019-05-26,0.182,0.1647365689277649
Quinault,2019-05-27,0.171,0.15516921877861023
Quinault,2019-05-28,0.163,0.1578117311000824
Quinault,2019-05-29,0.156,0.14897987246513367
Quinault,2019-05-30,0.147,0.1497252732515335
Quinault,2019-05-31,0.145,0.14982189238071442
Quinault,2019-06-01,0.184,0.16101031005382538
Quinault,2019-06-02,0.178,0.15768322348594666
Quinault,2019-06-03,0.168,0.15138113498687744
Quinault,2019-06-04,0.157,0.13989529013633728
Quinault,2019-06-05,0.156,0.14652776718139648
Quinault,2019-06-06,0.175,0.17149406671524048
Quinault,2019-06-07,0.256,0.21512854099273682
Quinault,2019-06-08,0.239,0.21787093579769135
Quinault,2019-06-09,0.222,0.20903271436691284
Quinault,2019-06-10,0.209,0.19352620840072632
Quinault,2019-06-11,0.196,0.1830323487520218
Quinault,2019-06-12,0.184,0.17028413712978363
Quinault,2019-06-13,0.172,0.16046027839183807
Quinault,2019-06-14,0.164,0.15526726841926575
Quinault,2019-06-15,0.156,0.14206154644489288
Quinault,2019-06-16,0.148,0.13469132781028748
Quinault,2019-06-17,0.141,0.1302037537097931
Quinault,2019-06-18,0.135,0.1262604147195816
Quinault,2019-06-19,0.13,0.12492576241493225
Quinault,2019-06-20,0.127,0.12564228475093842
Quinault,2019-06-21,0.124,0.12576593458652496
Quinault,2019-06-22,0.121,0.12425209581851959
Quinault,2019-06-23,0.117,0.11896257102489471
Quinault,2019-06-24,0.114,0.11585915088653564
Quinault,2019-06-25,0.112,0.11781639605760574
Quinault,2019-06-26,0.127,0.14300911128520966
Quinault,2019-06-27,0.216,0.19894327223300934
Quinault,2019-06-28,0.211,0.20244985818862915
Quinault,2019-06-29,0.19,0.19576451182365417
Quinault,2019-06-30,0.176,0.18031997978687286
Quinault,2019-07-01,0.164,0.16341030597686768
Quinault,2019-07-02,0.157,0.16174504160881042
Quinault,2019-07-03,0.152,0.15027734637260437
Quinault,2019-07-04,0.144,0.14197471737861633
Quinault,2019-07-05,0.14,0.1360815018415451
Quinault,2019-07-06,0.136,0.13654981553554535
Quinault,2019-07-07,0.132,0.13453446328639984
Quinault,2019-07-08,0.13,0.13756063580513
Quinault,2019-07-09,0.14,0.15691664814949036
Quinault,2019-07-10,0.242,0.2134714126586914
Quinault,2019-07-11,0.232,0.21276403963565826
Quinault,2019-07-12,0.212,0.2067728191614151
Quinault,2019-07-13,0.199,0.21138334274291992
Quinault,2019-07-14,0.189,0.19321800768375397
Quinault,2019-07-15,0.181,0.19073700904846191
Quinault,2019-07-16,0.176,0.1886022984981537
Quinault,2019-07-17,0.236,0.22073021531105042
Quinault,2019-07-18,0.236,0.22107113897800446
Quinault,2019-07-19,0.224,0.21331281960010529
Quinault,2019-07-20,0.213,0.20950719714164734
Quinault,2019-07-21,0.203,0.1942838579416275
Quinault,2019-07-22,0.194,0.20125988125801086
Quinault,2019-07-23,0.187,0.1929604709148407
Quinault,2019-07-24,0.182,0.19119714200496674
Quinault,2019-07-25,0.174,0.17826560139656067
Quinault,2019-07-26,0.166,0.16119319200515747
Quinault,2019-07-27,0.194,0.1664983481168747
Quinault,2019-07-28,0.187,0.1728748083114624
Quinault,2019-07-29,0.177,0.16492094099521637
Quinault,2019-07-30,0.169,0.1632797122001648
Quinault,2019-07-31,0.162,0.16288354992866516
Quinault,2019-08-01,0.165,0.1654069572687149
Quinault,2019-08-02,0.245,0.22574026882648468
Quinault,2019-08-03,0.218,0.21895694732666016
Quinault,2019-08-04,0.206,0.2091381698846817
Quinault,2019-08-05,0.197,0.19679753482341766
Quinault,2019-08-06,0.19,0.18815627694129944
Quinault,2019-08-07,0.186,0.18236425518989563
Quinault,2019-08-08,0.183,0.17801614105701447
Quinault,2019-08-09,0.179,0.17607155442237854
Quinault,2019-08-10,0.198,0.19802676141262054
Quinault,2019-08-11,0.226,0.21522465348243713
Quinault,2019-08-12,0.243,0.22179332375526428
Quinault,2019-08-13,0.225,0.2110477238893509
Quinault,2019-08-14,0.212,0.19833701848983765
Quinault,2019-08-15,0.204,0.19041799008846283
Quinault,2019-08-16,0.197,0.1839272528886795
Quinault,2019-08-17,0.19,0.18289677798748016
Quinault,2019-08-18,0.183,0.17623703181743622
Quinault,2019-08-19,0.177,0.17282666265964508
Quinault,2019-08-20,0.171,0.16092626750469208
Quinault,2019-08-21,0.245,0.22141191363334656
Quinault,2019-08-22,0.238,0.23289936780929565
Quinault,2019-08-23,0.226,0.23338493704795837
Quinault,2019-08-24,0.217,0.23081903159618378
Quinault,2019-08-25,0.208,0.2109985202550888
Quinault,2019-08-26,0.199,0.1952742487192154
Quinault,2019-08-27,0.191,0.1859731674194336
Quinault,2019-08-28,0.183,0.17540283501148224
Quinault,2019-08-29,0.177,0.17277483642101288
Quinault,2019-08-30,0.175,0.1711881160736084
Quinault,2019-08-31,0.178,0.19160565733909607
Quinault,2019-09-01,0.18,0.20421241223812103
Quinault,2019-09-02,0.178,0.20450739562511444
Quinault,2019-09-03,0.176,0.19120769202709198
Quinault,2019-09-04,0.174,0.17871277034282684
Quinault,2019-09-05,0.171,0.17439423501491547
Quinault,2019-09-06,0.168,0.1731433868408203
Quinault,2019-09-07,0.168,0.173453688621521
Quinault,2019-09-08,0.197,0.18949513137340546
Quinault,2019-09-09,0.232,0.23463255167007446
Quinault,2019-09-10,0.23,0.23064358532428741
Quinault,2019-09-11,0.22,0.22884008288383484
Quinault,2019-09-12,0.233,0.24121521413326263
Quinault,2019-09-13,0.269,0.25068873167037964
Quinault,2019-09-14,0.278,0.2678377628326416
Quinault,2019-09-15,0.268,0.2614317238330841
Quinault,2019-09-16,0.264,0.2580356001853943
Quinault,2019-09-17,0.277,0.27060383558273315
Quinault,2019-09-18,0.258,0.25339218974113464
Quinault,2019-09-19,0.25,0.2529938220977783
Quinault,2019-09-20,0.242,0.23275402188301086
Quinault,2019-09-21,0.236,0.2294154316186905
Quinault,2019-09-22,0.265,0.245941162109375
Quinault,2019-09-23,0.268,0.2527821362018585
Quinault,2019-09-24,0.259,0.2474757879972458
Quinault,2019-09-25,0.243,0.235922709107399
Quinault,2019-09-26,0.26,0.24606716632843018
Quinault,2019-09-27,0.243,0.24278266727924347
Quinault,2019-09-28,0.235,0.24056853353977203
Quinault,2019-09-29,0.229,0.24225029349327087
Quinault,2019-09-30,0.223,0.22184747457504272
Quinault,2019-10-01,0.217,0.21385470032691956
Quinault,2019-10-02,0.213,0.21129801869392395
Quinault,2019-10-03,0.251,0.24052762985229492
Quinault,2019-10-04,0.273,0.2441447675228119
Quinault,2019-10-05,0.253,0.24410222470760345
Quinault,2019-10-06,0.243,0.23415881395339966
Quinault,2019-10-07,0.264,0.25382110476493835
Quinault,2019-10-08,0.265,0.2442793846130371
Quinault,2019-10-09,0.247,0.2335069328546524
Quinault,2019-10-10,0.238,0.231185644865036
Quinault,2019-10-11,0.232,0.2214895486831665
Quinault,2019-10-12,0.229,0.22000284492969513
Quinault,2019-10-13,0.226,0.21839824318885803
Quinault,2019-10-14,0.222,0.21892738342285156
Quinault,2019-10-15,0.236,0.2303142547607422
Quinault,2019-10-16,0.286,0.27510303258895874
Quinault,2019-10-17,0.293,0.28729283809661865
Quinault,2019-10-18,0.289,0.27787521481513977
Quinault,2019-10-19,0.276,0.2743150293827057
Quinault,2019-10-20,0.275,0.271205872297287
Quinault,2019-10-21,0.309,0.2776511311531067
Quinault,2019-10-22,0.268,0.2516358196735382
Quinault,2019-10-23,0.253,0.23561617732048035
Quinault,2019-10-24,0.247,0.23448318243026733
Quinault,2019-10-25,0.246,0.23018676042556763
Quinault,2019-10-27,0.235,0.22738350927829742
Quinault,2019-10-28,0.231,0.2224428355693817
Quinault,2019-10-29,0.227,0.2176133096218109
Quinault,2019-10-30,0.224,0.21579930186271667
Quinault,2019-10-31,0.221,0.21330606937408447
Quinault,2019-11-01,0.22,0.21424485743045807
Quinault,2019-11-02,0.218,0.2118529975414276
Quinault,2019-11-03,0.216,0.21193982660770416
Quinault,2019-11-04,0.215,0.20872393250465393
Quinault,2019-11-05,0.215,0.21126686036586761
Quinault,2019-11-06,0.214,0.21133987605571747
Quinault,2019-11-07,0.213,0.21569952368736267
Quinault,2019-11-08,0.212,0.21046753227710724
Quinault,2019-11-09,0.245,0.2374991476535797
Quinault,2019-11-10,0.25,0.23546236753463745
Quinault,2019-11-11,0.243,0.2285287082195282
Quinault,2019-11-12,0.257,0.2398756742477417
Quinault,2019-11-13,0.249,0.2403673231601715
Quinault,2019-11-14,0.244,0.24344323575496674
Quinault,2019-11-15,0.278,0.27090364694595337
Quinault,2019-11-16,0.276,0.27214160561561584
Quinault,2019-11-17,0.291,0.2852640450000763
Quinault,2019-11-18,0.274,0.2739741802215576
Quinault,2019-11-19,0.274,0.2691839337348938
Quinault,2019-11-20,0.253,0.2580745220184326
Quinault,2019-11-21,0.247,0.245963454246521
Quinault,2019-11-22,0.243,0.2423483431339264
Quinault,2019-11-23,0.265,0.2678918242454529
Quinault,2019-11-24,0.272,0.2680080235004425
Quinault,2019-11-25,0.264,0.2536252439022064
Quinault,2019-11-26,0.253,0.24405843019485474
Quinault,2019-11-27,0.248,0.23524020612239838
Quinault,2019-11-28,0.242,0.23988746106624603
Quinault,2019-11-29,0.239,0.2360714226961136
Quinault,2019-11-30,0.287,0.24691437184810638
Quinault,2019-12-01,0.272,0.2530926764011383
Quinault,2019-12-02,0.258,0.25102493166923523
Quinault,2019-12-03,0.271,0.2601991593837738
Quinault,2019-12-04,0.276,0.2616335451602936
Quinault,2019-12-05,0.257,0.25160637497901917
Quinault,2019-12-06,0.262,0.2566293776035309
Quinault,2019-12-07,0.282,0.26946064829826355
Quinault,2019-12-08,0.258,0.260817289352417
Quinault,2019-12-09,0.251,0.2537485361099243
Quinault,2019-12-10,0.266,0.26662081480026245
Quinault,2019-12-11,0.284,0.2731376886367798
Quinault,2019-12-12,0.298,0.2857602536678314
Quinault,2019-12-13,0.28,0.27496951818466187
Quinault,2019-12-14,0.261,0.2701182961463928
Quinault,2019-12-15,0.253,0.2563296854496002
Quinault,2019-12-16,0.276,0.2558058202266693
Quinault,2019-12-17,0.264,0.24833814799785614
Quinault,2019-12-18,0.28,0.27713993191719055
Quinault,2019-12-19,0.308,0.2927001118659973
Quinault,2019-12-20,0.309,0.2995009124279022
Quinault,2019-12-21,0.288,0.28457072377204895
Quinault,2019-12-22,0.274,0.27764949202537537
Quinault,2019-12-23,0.263,0.25457048416137695
Quinault,2019-12-24,0.267,0.26127976179122925
Quinault,2019-12-25,0.27,0.2567876875400543
Quinault,2019-12-26,0.262,0.2598598897457123
Quinault,2019-12-27,0.274,0.25745677947998047
Quinault,2019-12-28,0.265,0.26256874203681946
Quinault,2019-12-29,0.276,0.2679075598716736
Quinault,2019-12-30,0.27,0.262920081615448
Quinault,2019-12-31,0.325,0.305383563041687
Quinault,2020-01-01,0.3,0.30252838134765625
Quinault,2020-01-02,0.29,0.2941811680793762
Quinault,2020-01-03,0.307,0.30711305141448975
Quinault,2020-01-04,0.299,0.3026792109012604
Quinault,2020-01-05,0.3,0.305742084980011
Quinault,2020-01-06,0.361,0.3276926875114441
Quinault,2020-01-07,0.329,0.3209771513938904
Quinault,2020-01-08,0.289,0.3059577941894531
Quinault,2020-01-09,0.276,0.3035375773906708
Quinault,2020-01-10,0.319,0.30793139338493347
Quinault,2020-01-11,0.309,0.30324649810791016
Quinault,2020-01-12,0.319,0.3085377514362335
Quinault,2020-01-13,0.28,0.293574720621109
Quinault,2020-01-14,0.274,0.28696414828300476
Quinault,2020-01-15,0.288,0.28380855917930603
Quinault,2020-01-16,0.292,0.2832089066505432
Quinault,2020-01-17,0.273,0.2876630425453186
Quinault,2020-01-18,0.311,0.29345792531967163
Quinault,2020-01-19,0.301,0.2926192283630371
Quinault,2020-01-20,0.292,0.2949809432029724
Quinault,2020-01-21,0.325,0.31489306688308716
Quinault,2020-01-22,0.321,0.3163924217224121
Quinault,2020-01-23,0.361,0.33078813552856445
Quinault,2020-01-24,0.319,0.3219243586063385
Quinault,2020-01-25,0.292,0.31609541177749634
Quinault,2020-01-26,0.321,0.3161354959011078
Quinault,2020-01-27,0.308,0.305961549282074
Quinault,2020-01-28,0.302,0.3018442988395691
Quinault,2020-01-29,0.309,0.3062722682952881
Quinault,2020-01-30,0.305,0.3125026822090149
Quinault,2020-01-31,0.347,0.3245539367198944
Quinault,2020-02-01,0.316,0.31205856800079346
Quinault,2020-02-02,0.287,0.30619901418685913
Quinault,2020-02-03,0.283,0.2804969847202301
Quinault,2020-02-04,0.298,0.300383985042572
Quinault,2020-02-05,0.316,0.2959859371185303
Quinault,2020-02-06,0.326,0.31138521432876587
Quinault,2020-02-07,0.318,0.3111475110054016
Quinault,2020-02-08,0.293,0.29749202728271484
Quinault,2020-02-09,0.265,0.27306097745895386
Quinault,2020-02-10,0.258,0.2647537589073181
Quinault,2020-02-11,0.255,0.2584184408187866
Quinault,2020-02-12,0.255,0.24689771234989166
Quinault,2020-02-13,0.276,0.2764740586280823
Quinault,2020-02-14,0.291,0.27963152527809143
Quinault,2020-02-15,0.305,0.28898361325263977
Quinault,2020-02-16,0.288,0.28052735328674316
Quinault,2020-02-17,0.275,0.2800177335739136
Quinault,2020-02-18,0.261,0.26426514983177185
Quinault,2020-02-19,0.255,0.2508671283721924
Quinault,2020-02-20,0.25,0.25091853737831116
Quinault,2020-02-21,0.247,0.24500112235546112
Quinault,2020-02-22,0.272,0.2599635124206543
Quinault,2020-02-23,0.306,0.2893253564834595
Quinault,2020-02-24,0.273,0.28051498532295227
Quinault,2020-02-25,0.26,0.2821207046508789
Quinault,2020-02-26,0.26,0.2649179995059967
Quinault,2020-02-27,0.253,0.24132606387138367
Quinault,2020-02-28,0.271,0.2664092779159546
Quinault,2020-02-29,0.291,0.2707461416721344
Quinault,2020-03-01,0.265,0.2689632177352905
Quinault,2020-03-02,0.289,0.2735775411128998
Quinault,2020-03-03,0.296,0.27303704619407654
Quinault,2020-03-04,0.28,0.27286913990974426
Quinault,2020-03-05,0.286,0.28160926699638367
Quinault,2020-03-06,0.28,0.2811606824398041
Quinault,2020-03-07,0.283,0.2799067795276642
Quinault,2020-03-08,0.266,0.2680377960205078
Quinault,2020-03-09,0.258,0.2518831491470337
Quinault,2020-03-10,0.272,0.26684707403182983
Quinault,2020-03-11,0.28,0.2555640637874603
Quinault,2020-03-12,0.26,0.25482800602912903
Quinault,2020-03-13,0.271,0.270182341337204
Quinault,2020-03-14,0.263,0.24906131625175476
Quinault,2020-03-15,0.255,0.24290400743484497
Quinault,2020-03-16,0.249,0.23977993428707123
Quinault,2020-03-17,0.244,0.2360726296901703
Quinault,2020-03-18,0.24,0.23473717272281647
Quinault,2020-03-19,0.236,0.22879071533679962
Quinault,2020-03-20,0.233,0.226963609457016
Quinault,2020-03-21,0.23,0.22483791410923004
Quinault,2020-03-22,0.227,0.22923365235328674
Quinault,2020-03-23,0.283,0.2683246433734894
Quinault,2020-03-24,0.288,0.2723630964756012
Quinault,2020-03-25,0.266,0.2632085978984833
Quinault,2020-03-26,0.263,0.2629595100879669
Quinault,2020-03-27,0.295,0.2671085000038147
Quinault,2020-03-28,0.314,0.28775933384895325
Quinault,2020-03-29,0.299,0.29854995012283325
Quinault,2020-03-30,0.306,0.3006426990032196
Quinault,2020-03-31,0.291,0.2889104187488556
Quinault,2020-04-01,0.28,0.28299522399902344
Quinault,2020-04-02,0.271,0.2772350609302521
Quinault,2020-04-03,0.274,0.2734026312828064
Quinault,2020-04-04,0.266,0.26278769969940186
Quinault,2020-04-05,0.256,0.24911361932754517
Quinault,2020-04-06,0.249,0.24626219272613525
Quinault,2020-04-07,0.242,0.23145733773708344
Quinault,2020-04-08,0.236,0.22207105159759521
Quinault,2020-04-09,0.231,0.2199990600347519
Quinault,2020-04-10,0.226,0.21872706711292267
Quinault,2020-04-11,0.221,0.21750938892364502
Quinault,2020-04-12,0.215,0.21668653190135956
Quinault,2020-04-13,0.207,0.21476517617702484
Quinault,2020-04-14,0.201,0.20885494351387024
Quinault,2020-04-15,0.196,0.19865292310714722
Quinault,2020-04-16,0.189,0.19117742776870728
Quinault,2020-04-17,0.183,0.18282786011695862
Quinault,2020-04-18,0.179,0.16564133763313293
Quinault,2020-04-19,0.177,0.17010435461997986
Quinault,2020-04-20,0.173,0.17972464859485626
Quinault,2020-04-21,0.171,0.19667436182498932
Quinault,2020-04-22,0.244,0.24412798881530762
Quinault,2020-04-23,0.259,0.2485271543264389
Quinault,2020-04-24,0.24,0.24899914860725403
Quinault,2020-04-25,0.268,0.2647983431816101
Quinault,2020-04-26,0.265,0.2707527279853821
Quinault,2020-04-27,0.29,0.27915680408477783
Quinault,2020-04-28,0.259,0.2737693190574646
Quinault,2020-04-29,0.264,0.26954156160354614
Quinault,2020-04-30,0.287,0.2725893259048462
Quinault,2020-05-01,0.262,0.26592427492141724
Quinault,2020-05-02,0.284,0.2841474413871765
Quinault,2020-05-03,0.275,0.27143409848213196
Quinault,2020-05-04,0.26,0.26552900671958923
Quinault,2020-05-05,0.262,0.26739028096199036
Quinault,2020-05-06,0.275,0.2689451575279236
Quinault,2020-05-07,0.251,0.24862223863601685
Quinault,2020-05-08,0.237,0.2391280233860016
Quinault,2020-05-09,0.225,0.23363439738750458
Quinault,2020-05-10,0.214,0.2130972295999527
Quinault,2020-05-11,0.209,0.22176146507263184
Quinault,2020-05-12,0.264,0.2576119303703308
Quinault,2020-05-13,0.285,0.26421529054641724
Quinault,2020-05-14,0.26,0.263327956199646
Quinault,2020-05-15,0.245,0.2490421086549759
Quinault,2020-05-16,0.267,0.2670181393623352
Quinault,2020-05-17,0.268,0.26353806257247925
Quinault,2020-05-18,0.257,0.25336915254592896
Quinault,2020-05-19,0.252,0.2520798146724701
Quinault,2020-05-20,0.241,0.25373533368110657
Quinault,2020-05-21,0.267,0.25524455308914185
Quinault,2020-05-22,0.271,0.2631296217441559
Quinault,2020-05-23,0.252,0.2534964382648468
Quinault,2020-05-24,0.241,0.25890883803367615
Quinault,2020-05-25,0.266,0.2556777894496918
Quinault,2020-05-26,0.253,0.24565832316875458
Quinault,2020-05-27,0.237,0.24014067649841309
Quinault,2020-05-28,0.225,0.23204299807548523
Quinault,2020-05-29,0.212,0.21571943163871765
Quinault,2020-05-30,0.221,0.22216731309890747
Quinault,2020-05-31,0.241,0.21745669841766357
Quinault,2020-06-01,0.226,0.21043938398361206
Quinault,2020-06-02,0.215,0.20375244319438934
Quinault,2020-06-03,0.209,0.1971270889043808
Quinault,2020-06-04,0.201,0.19032618403434753
Quinault,2020-06-05,0.194,0.18088588118553162
Quinault,2020-06-06,0.207,0.2199336439371109
Quinault,2020-06-07,0.242,0.2326679676771164
Quinault,2020-06-08,0.235,0.2427280694246292
Quinault,2020-06-09,0.289,0.2759484350681305
Quinault,2020-06-10,0.263,0.2649172246456146
Quinault,2020-06-11,0.251,0.2546732425689697
Quinault,2020-06-12,0.272,0.2670944035053253
Quinault,2020-06-13,0.272,0.2679479718208313
Quinault,2020-06-14,0.256,0.25382083654403687
Quinault,2020-06-15,0.278,0.2693834900856018
Quinault,2020-06-16,0.265,0.26786109805107117
Quinault,2020-06-17,0.253,0.2510541081428528
Quinault,2020-06-18,0.241,0.2425224334001541
Quinault,2020-06-19,0.23,0.22645613551139832
Quinault,2020-06-20,0.265,0.2554546892642975
Quinault,2020-06-21,0.258,0.2419225126504898
Quinault,2020-06-22,0.241,0.23391976952552795
Quinault,2020-06-23,0.228,0.22758525609970093
Quinault,2020-06-24,0.218,0.2110396772623062
Quinault,2020-06-25,0.207,0.20476461946964264
Quinault,2020-06-26,0.195,0.20470213890075684
Quinault,2020-06-27,0.186,0.1959802806377411
Quinault,2020-06-28,0.182,0.18365593254566193
Quinault,2020-06-29,0.177,0.18168804049491882
Quinault,2020-06-30,0.172,0.178909569978714
Quinault,2020-07-01,0.17,0.17520184814929962
Quinault,2020-07-02,0.169,0.18116417527198792
Quinault,2020-07-03,0.188,0.19019506871700287
Quinault,2020-07-04,0.184,0.19114859402179718
Quinault,2020-07-05,0.177,0.1867048591375351
Quinault,2020-07-06,0.171,0.17744030058383942
Quinault,2020-07-07,0.168,0.17533686757087708
Quinault,2020-07-08,0.165,0.15397725999355316
Quinault,2020-07-09,0.166,0.17554835975170135
Quinault,2020-07-10,0.168,0.1677180528640747
Quinault,2020-07-11,0.174,0.18928959965705872
Quinault,2020-07-12,0.226,0.19830971956253052
Quinault,2020-07-13,0.205,0.20133203268051147
Quinault,2020-07-14,0.189,0.19144079089164734
Quinault,2020-07-15,0.176,0.17407330870628357
Quinault,2020-07-16,0.166,0.16323637962341309
Quinault,2020-07-17,0.159,0.15196700394153595
Quinault,2020-07-18,0.152,0.14872422814369202
Quinault,2020-07-19,0.146,0.14273867011070251
Quinault,2020-07-20,0.14,0.13324332237243652
Quinault,2020-07-21,0.135,0.1283593475818634
Quinault,2020-07-22,0.131,0.12715326249599457
Quinault,2020-07-23,0.128,0.12355625629425049
Quinault,2020-07-24,0.124,0.12264762073755264
Quinault,2020-07-25,0.121,0.11817647516727448
Quinault,2020-07-26,0.117,0.11075694113969803
Quinault,2020-07-27,0.114,0.1116674467921257
Quinault,2020-07-28,0.111,0.10886818915605545
Quinault,2020-07-29,0.109,0.10162704437971115
Quinault,2020-07-30,0.107,0.10497378557920456
Quinault,2020-07-31,0.105,0.09552259743213654
Quinault,2020-08-01,0.105,0.08629169315099716
Quinault,2020-08-02,0.104,0.08730005472898483
Quinault,2020-08-03,0.103,0.09885282814502716
Quinault,2020-08-04,0.102,0.09762872010469437
Quinault,2020-08-05,0.102,0.09838106483221054
Quinault,2020-08-06,0.131,0.11786514520645142
Quinault,2020-08-07,0.13,0.11664912849664688
Quinault,2020-08-08,0.128,0.1190594881772995
Quinault,2020-08-09,0.124,0.12616485357284546
Quinault,2020-08-10,0.12,0.11901772022247314
Quinault,2020-08-11,0.115,0.12016579508781433
Quinault,2020-08-12,0.112,0.10871865600347519
Quinault,2020-08-13,0.108,0.1018562838435173
Quinault,2020-08-14,0.107,0.09620843082666397
Quinault,2020-08-15,0.104,0.0898439884185791
Quinault,2020-08-16,0.102,0.0871647298336029
Quinault,2020-08-17,0.101,0.08094023913145065
Quinault,2020-08-18,0.099,0.08127200603485107
Quinault,2020-08-19,0.098,0.0786796286702156
Quinault,2020-08-20,0.169,0.1623510718345642
Quinault,2020-08-21,0.216,0.22548235952854156
Quinault,2020-08-22,0.214,0.21511729061603546
Quinault,2020-08-23,0.201,0.20341768860816956
Quinault,2020-08-24,0.194,0.19940005242824554
Quinault,2020-08-25,0.187,0.19379250705242157
Quinault,2020-08-26,0.181,0.1864931583404541
Quinault,2020-08-27,0.175,0.18129363656044006
Quinault,2020-08-28,0.17,0.18093429505825043
Quinault,2020-08-29,0.166,0.17251203954219818
Quinault,2020-08-30,0.16,0.17127983272075653
Quinault,2020-08-31,0.156,0.16819007694721222
Quinault,2020-09-01,0.153,0.15126454830169678
Quinault,2020-09-02,0.149,0.14589256048202515
Quinault,2020-09-03,0.145,0.14024516940116882
Quinault,2020-09-04,0.142,0.1385483741760254
Quinault,2020-09-05,0.14,0.13711939752101898
Quinault,2020-09-06,0.137,0.12939077615737915
Quinault,2020-09-07,0.135,0.13142523169517517
Quinault,2020-09-08,0.13,0.12610559165477753
Quinault,2020-09-09,0.127,0.11917918175458908
Quinault,2020-09-10,0.124,0.11727438122034073
Quinault,2020-09-11,0.122,0.11440102010965347
Quinault,2020-09-12,0.122,0.11180499941110611
Quinault,2020-09-13,0.12,0.10284604877233505
Quinault,2020-09-14,0.12,0.11738023906946182
Quinault,2020-09-15,0.122,0.12114330381155014
Quinault,2020-09-16,0.134,0.12337697297334671
Quinault,2020-09-17,0.135,0.12823812663555145
Quinault,2020-09-18,0.148,0.16955064237117767
Quinault,2020-09-19,0.189,0.19537563621997833
Quinault,2020-09-20,0.198,0.20611195266246796
Quinault,2020-09-21,0.193,0.20671120285987854
Quinault,2020-09-22,0.202,0.20028813183307648
Quinault,2020-09-23,0.268,0.2618502080440521
Quinault,2020-09-24,0.27,0.2679920792579651
Quinault,2020-09-25,0.27,0.276035875082016
Quinault,2020-09-26,0.249,0.2644018232822418
Quinault,2020-09-27,0.234,0.23790079355239868
Quinault,2020-09-28,0.224,0.22612325847148895
Quinault,2020-09-29,0.216,0.20918621122837067
Quinault,2020-09-30,0.21,0.20468579232692719
Quinault,2020-10-01,0.206,0.20122075080871582
Quinault,2020-10-02,0.202,0.2021639198064804
Quinault,2020-10-03,0.199,0.1971348524093628
Quinault,2020-10-04,0.197,0.19519144296646118
Quinault,2020-10-05,0.194,0.1923515349626541
Quinault,2020-10-06,0.189,0.18938323855400085
Quinault,2020-10-07,0.184,0.18554824590682983
Quinault,2020-10-08,0.182,0.18859460949897766
Quinault,2020-10-09,0.207,0.2386128157377243
Quinault,2020-10-10,0.27,0.26251059770584106
Quinault,2020-10-11,0.271,0.2688296437263489
Quinault,2020-10-12,0.246,0.2627526521682739
Quinault,2020-10-13,0.275,0.2749554216861725
Quinault,2020-10-14,0.253,0.2597518563270569
Quinault,2020-10-15,0.234,0.23687921464443207
Quinault,2020-10-16,0.253,0.261311411857605
Quinault,2020-10-17,0.24,0.24422699213027954
Quinault,2020-10-18,0.258,0.2494068741798401
Quinault,2020-10-19,0.241,0.24636578559875488
Quinault,2020-10-20,0.232,0.24094633758068085
Quinault,2020-10-21,0.226,0.2437194287776947
Quinault,2020-10-22,0.222,0.22112104296684265
Quinault,2020-10-23,0.247,0.2522965669631958
Quinault,2020-10-24,0.247,0.24712790548801422
Quinault,2020-10-25,0.236,0.24347500503063202
Quinault,2020-10-26,0.23,0.237126886844635
Quinault,2020-10-27,0.226,0.22704829275608063
Quinault,2020-10-28,0.224,0.22618328034877777
Quinault,2020-10-29,0.222,0.23039190471172333
Quinault,2020-10-30,0.255,0.256756067276001
Quinault,2020-10-31,0.235,0.24091365933418274
Quinault,2020-11-01,0.229,0.23738183081150055
Quinault,2020-11-02,0.224,0.23755329847335815
Quinault,2020-11-03,0.277,0.27219024300575256
Quinault,2020-11-04,0.289,0.2879942059516907
Quinault,2020-11-05,0.27,0.2751659154891968
Quinault,2020-11-06,0.243,0.2507458031177521
Quinault,2020-11-07,0.234,0.24530518054962158
Quinault,2020-11-08,0.228,0.23963044583797455
Quinault,2020-11-09,0.24,0.2404310554265976
Quinault,2020-11-10,0.277,0.25970178842544556
Quinault,2020-11-11,0.248,0.25466373562812805
Quinault,2020-11-12,0.271,0.28769630193710327
Quinault,2020-11-13,0.292,0.2902025580406189
Quinault,2020-11-14,0.281,0.28423169255256653
Quinault,2020-11-15,0.277,0.28245097398757935
Quinault,2020-11-16,0.273,0.28695985674858093
Quinault,2020-11-17,0.286,0.2911491096019745
Quinault,2020-11-18,0.297,0.2907406985759735
Quinault,2020-11-19,0.285,0.29096928238868713
Quinault,2020-11-20,0.29,0.29165521264076233
Quinault,2020-11-21,0.262,0.26700589060783386
Quinault,2020-11-22,0.261,0.27583909034729004
Quinault,2020-11-23,0.27,0.26919928193092346
Quinault,2020-11-24,0.282,0.27599650621414185
Quinault,2020-11-25,0.276,0.27516424655914307
Quinault,2020-11-26,0.26,0.2728446424007416
Quinault,2020-11-27,0.272,0.27424880862236023
Quinault,2020-11-28,0.26,0.2595016062259674
Quinault,2020-11-29,0.247,0.2645549178123474
Quinault,2020-11-30,0.277,0.27335137128829956
Quinault,2020-12-01,0.249,0.2575635313987732
Quinault,2020-12-02,0.244,0.25194698572158813
Quinault,2020-12-03,0.242,0.26583173871040344
Quinault,2020-12-04,0.239,0.23779183626174927
Quinault,2020-12-05,0.237,0.2473708838224411
Quinault,2020-12-06,0.26,0.25047585368156433
Quinault,2020-12-07,0.265,0.2722327709197998
Quinault,2020-12-08,0.29,0.2788488268852234
Quinault,2020-12-09,0.262,0.2751867175102234
Quinault,2020-12-10,0.261,0.27996566891670227
Quinault,2020-12-11,0.267,0.2782808542251587
Quinault,2020-12-12,0.25,0.2645628750324249
Quinault,2020-12-13,0.288,0.27996909618377686
Quinault,2020-12-14,0.275,0.2743336260318756
Quinault,2020-12-15,0.287,0.2812618017196655
Quinault,2020-12-16,0.288,0.29338598251342773
Quinault,2020-12-17,0.287,0.28659847378730774
Quinault,2020-12-18,0.294,0.2928312122821808
Quinault,2020-12-19,0.286,0.2910749018192291
Quinault,2020-12-20,0.272,0.28203117847442627
Quinault,2020-12-21,0.295,0.290839821100235
Quinault,2020-12-22,0.264,0.2656209468841553
Quinault,2020-12-23,0.252,0.24910904467105865
Quinault,2020-12-24,0.248,0.2516792416572571
Quinault,2020-12-25,0.285,0.27156758308410645
Quinault,2020-12-26,0.296,0.2850566506385803
Quinault,2020-12-27,0.287,0.28469908237457275
Quinault,2020-12-28,0.255,0.2577770948410034
Quinault,2020-12-29,0.267,0.2761865258216858
Quinault,2020-12-30,0.309,0.2931731641292572
Quinault,2020-12-31,0.29,0.2860610783100128
SourdoughGulch_WA_985,2017-01-11,0.3,0.30515655875205994
SourdoughGulch_WA_985,2017-01-12,0.302,0.30485591292381287
SourdoughGulch_WA_985,2017-01-13,0.303,0.30563339591026306
SourdoughGulch_WA_985,2017-01-14,0.303,0.3061056435108185
SourdoughGulch_WA_985,2017-01-15,0.301,0.3038232922554016
SourdoughGulch_WA_985,2017-01-16,0.3,0.3041117191314697
SourdoughGulch_WA_985,2017-01-17,0.299,0.30397194623947144
SourdoughGulch_WA_985,2017-01-18,0.298,0.3097202479839325
SourdoughGulch_WA_985,2017-01-19,0.298,0.3110377788543701
SourdoughGulch_WA_985,2017-01-20,0.311,0.31449347734451294
SourdoughGulch_WA_985,2017-01-21,0.317,0.32020658254623413
SourdoughGulch_WA_985,2017-01-22,0.318,0.31523656845092773
SourdoughGulch_WA_985,2017-01-23,0.319,0.31576457619667053
SourdoughGulch_WA_985,2017-01-24,0.318,0.3142339885234833
SourdoughGulch_WA_985,2017-01-25,0.317,0.3131219148635864
SourdoughGulch_WA_985,2017-01-26,0.315,0.3135266602039337
SourdoughGulch_WA_985,2017-01-27,0.314,0.31319186091423035
SourdoughGulch_WA_985,2017-01-28,0.313,0.3123934268951416
SourdoughGulch_WA_985,2017-01-29,0.311,0.3109806478023529
SourdoughGulch_WA_985,2017-01-30,0.31,0.3107045292854309
SourdoughGulch_WA_985,2017-01-31,0.309,0.30413565039634705
SourdoughGulch_WA_985,2017-02-01,0.309,0.3115732669830322
SourdoughGulch_WA_985,2017-02-02,0.31,0.30820193886756897
SourdoughGulch_WA_985,2017-02-03,0.308,0.30118900537490845
SourdoughGulch_WA_985,2017-02-04,0.306,0.31120777130126953
SourdoughGulch_WA_985,2017-02-05,0.309,0.3168198764324188
SourdoughGulch_WA_985,2017-02-06,0.34,0.3256564438343048
SourdoughGulch_WA_985,2017-02-07,0.339,0.3286636471748352
SourdoughGulch_WA_985,2017-02-08,0.333,0.33301278948783875
SourdoughGulch_WA_985,2017-02-09,0.331,0.340890109539032
SourdoughGulch_WA_985,2017-02-10,0.356,0.3450915813446045
SourdoughGulch_WA_985,2017-02-11,0.343,0.3417866826057434
SourdoughGulch_WA_985,2017-02-12,0.334,0.34340721368789673
SourdoughGulch_WA_985,2017-02-13,0.324,0.3338901996612549
SourdoughGulch_WA_985,2017-02-14,0.318,0.32854652404785156
SourdoughGulch_WA_985,2017-02-15,0.319,0.3287355303764343
SourdoughGulch_WA_985,2017-02-16,0.354,0.3423197865486145
SourdoughGulch_WA_985,2017-02-17,0.358,0.34390613436698914
SourdoughGulch_WA_985,2017-02-18,0.348,0.34624889492988586
SourdoughGulch_WA_985,2017-02-19,0.355,0.3425309360027313
SourdoughGulch_WA_985,2017-02-20,0.342,0.3324180543422699
SourdoughGulch_WA_985,2017-02-21,0.353,0.3389740586280823
SourdoughGulch_WA_985,2017-02-22,0.353,0.3274277150630951
SourdoughGulch_WA_985,2017-02-23,0.336,0.31451505422592163
SourdoughGulch_WA_985,2017-02-24,0.315,0.3014945089817047
SourdoughGulch_WA_985,2017-02-25,0.293,0.2933290898799896
SourdoughGulch_WA_985,2017-02-26,0.264,0.2828693389892578
SourdoughGulch_WA_985,2017-02-27,0.26,0.2863963842391968
SourdoughGulch_WA_985,2017-02-28,0.284,0.29333826899528503
SourdoughGulch_WA_985,2017-03-01,0.293,0.3035847246646881
SourdoughGulch_WA_985,2017-03-02,0.296,0.30430471897125244
SourdoughGulch_WA_985,2017-03-03,0.298,0.29737386107444763
SourdoughGulch_WA_985,2017-03-04,0.321,0.31209903955459595
SourdoughGulch_WA_985,2017-03-05,0.329,0.3266991078853607
SourdoughGulch_WA_985,2017-03-06,0.327,0.3211778998374939
SourdoughGulch_WA_985,2017-03-07,0.327,0.32502344250679016
SourdoughGulch_WA_985,2017-03-08,0.325,0.3300839364528656
SourdoughGulch_WA_985,2017-03-09,0.343,0.3394331634044647
SourdoughGulch_WA_985,2017-03-10,0.353,0.3458936810493469
SourdoughGulch_WA_985,2017-03-11,0.356,0.34434300661087036
SourdoughGulch_WA_985,2017-03-12,0.357,0.33961841464042664
SourdoughGulch_WA_985,2017-03-13,0.357,0.3447033166885376
SourdoughGulch_WA_985,2017-03-14,0.352,0.34705692529678345
SourdoughGulch_WA_985,2017-03-15,0.35,0.3455412983894348
SourdoughGulch_WA_985,2017-03-16,0.344,0.3456647992134094
SourdoughGulch_WA_985,2017-03-17,0.343,0.34292614459991455
SourdoughGulch_WA_985,2017-03-18,0.339,0.34408167004585266
SourdoughGulch_WA_985,2017-03-19,0.358,0.34227606654167175
SourdoughGulch_WA_985,2017-03-20,0.341,0.3432023823261261
SourdoughGulch_WA_985,2017-03-21,0.338,0.3413773477077484
SourdoughGulch_WA_985,2017-03-22,0.339,0.34287014603614807
SourdoughGulch_WA_985,2017-03-23,0.349,0.34353354573249817
SourdoughGulch_WA_985,2017-03-24,0.341,0.3445131480693817
SourdoughGulch_WA_985,2017-03-25,0.339,0.3453558385372162
SourdoughGulch_WA_985,2017-03-26,0.354,0.34240201115608215
SourdoughGulch_WA_985,2017-03-27,0.342,0.34216901659965515
SourdoughGulch_WA_985,2017-03-28,0.34,0.3383335471153259
SourdoughGulch_WA_985,2017-03-29,0.334,0.3447779715061188
SourdoughGulch_WA_985,2017-03-30,0.345,0.3421424925327301
SourdoughGulch_WA_985,2017-03-31,0.344,0.3448205590248108
SourdoughGulch_WA_985,2017-04-01,0.338,0.3345314860343933
SourdoughGulch_WA_985,2017-04-02,0.336,0.32354429364204407
SourdoughGulch_WA_985,2017-04-03,0.331,0.32771435379981995
SourdoughGulch_WA_985,2017-04-04,0.326,0.33461883664131165
SourdoughGulch_WA_985,2017-04-05,0.325,0.3344573378562927
SourdoughGulch_WA_985,2017-04-06,0.326,0.33234354853630066
SourdoughGulch_WA_985,2017-04-07,0.322,0.3333642780780792
SourdoughGulch_WA_985,2017-04-08,0.327,0.33744800090789795
SourdoughGulch_WA_985,2017-04-09,0.329,0.33728840947151184
SourdoughGulch_WA_985,2017-04-10,0.34,0.33775895833969116
SourdoughGulch_WA_985,2017-04-11,0.337,0.3377566635608673
SourdoughGulch_WA_985,2017-04-12,0.333,0.33797958493232727
SourdoughGulch_WA_985,2017-04-13,0.334,0.3370139002799988
SourdoughGulch_WA_985,2017-04-14,0.348,0.3350808322429657
SourdoughGulch_WA_985,2017-04-15,0.34,0.337784081697464
SourdoughGulch_WA_985,2017-04-16,0.335,0.3365774154663086
SourdoughGulch_WA_985,2017-04-17,0.336,0.33828216791152954
SourdoughGulch_WA_985,2017-04-18,0.338,0.3394513726234436
SourdoughGulch_WA_985,2017-04-19,0.344,0.3399101495742798
SourdoughGulch_WA_985,2017-04-20,0.341,0.34087228775024414
SourdoughGulch_WA_985,2017-04-21,0.341,0.3428087830543518
SourdoughGulch_WA_985,2017-04-22,0.335,0.339911550283432
SourdoughGulch_WA_985,2017-04-23,0.333,0.3404103219509125
SourdoughGulch_WA_985,2017-04-24,0.352,0.3480788767337799
SourdoughGulch_WA_985,2017-04-25,0.357,0.3500811457633972
SourdoughGulch_WA_985,2017-04-26,0.354,0.3464083671569824
SourdoughGulch_WA_985,2017-04-27,0.35,0.34477952122688293
SourdoughGulch_WA_985,2017-04-28,0.345,0.339387983083725
SourdoughGulch_WA_985,2017-04-29,0.339,0.3375523090362549
SourdoughGulch_WA_985,2017-04-30,0.337,0.33786699175834656
SourdoughGulch_WA_985,2017-05-01,0.334,0.33741170167922974
SourdoughGulch_WA_985,2017-05-02,0.333,0.3419560492038727
SourdoughGulch_WA_985,2017-05-03,0.341,0.3368145525455475
SourdoughGulch_WA_985,2017-05-04,0.343,0.33554747700691223
SourdoughGulch_WA_985,2017-05-05,0.34,0.3371267318725586
SourdoughGulch_WA_985,2017-05-06,0.37,0.3461611866950989
SourdoughGulch_WA_985,2017-05-07,0.355,0.34764739871025085
SourdoughGulch_WA_985,2017-05-08,0.35,0.3494569659233093
SourdoughGulch_WA_985,2017-05-09,0.345,0.3449166417121887
SourdoughGulch_WA_985,2017-05-10,0.34,0.33323049545288086
SourdoughGulch_WA_985,2017-05-11,0.335,0.3308687210083008
SourdoughGulch_WA_985,2017-05-12,0.329,0.3364599049091339
SourdoughGulch_WA_985,2017-05-13,0.347,0.3455618619918823
SourdoughGulch_WA_985,2017-05-14,0.356,0.35527628660202026
SourdoughGulch_WA_985,2017-05-15,0.359,0.35214123129844666
SourdoughGulch_WA_985,2017-05-16,0.351,0.3537125587463379
SourdoughGulch_WA_985,2017-05-17,0.354,0.3534337878227234
SourdoughGulch_WA_985,2017-05-18,0.355,0.35369324684143066
SourdoughGulch_WA_985,2017-05-19,0.352,0.3543289601802826
SourdoughGulch_WA_985,2017-05-20,0.348,0.3551640510559082
SourdoughGulch_WA_985,2017-05-21,0.35,0.3540327847003937
SourdoughGulch_WA_985,2017-05-22,0.347,0.34775057435035706
SourdoughGulch_WA_985,2017-05-23,0.341,0.3429034948348999
SourdoughGulch_WA_985,2017-05-24,0.334,0.32749292254447937
SourdoughGulch_WA_985,2017-05-25,0.319,0.31269341707229614
SourdoughGulch_WA_985,2017-05-26,0.309,0.310776025056839
SourdoughGulch_WA_985,2017-05-27,0.305,0.311040997505188
SourdoughGulch_WA_985,2017-05-28,0.299,0.30296215415000916
SourdoughGulch_WA_985,2017-05-29,0.289,0.2887689769268036
SourdoughGulch_WA_985,2017-05-30,0.278,0.2771960496902466
SourdoughGulch_WA_985,2017-05-31,0.265,0.27175241708755493
SourdoughGulch_WA_985,2017-06-01,0.253,0.26914095878601074
SourdoughGulch_WA_985,2017-06-02,0.253,0.27975302934646606
SourdoughGulch_WA_985,2017-06-03,0.277,0.27983036637306213
SourdoughGulch_WA_985,2017-06-04,0.277,0.2776162624359131
SourdoughGulch_WA_985,2017-06-05,0.268,0.27895402908325195
SourdoughGulch_WA_985,2017-06-06,0.291,0.28173819184303284
SourdoughGulch_WA_985,2017-06-07,0.289,0.28461983799934387
SourdoughGulch_WA_985,2017-06-08,0.283,0.29580360651016235
SourdoughGulch_WA_985,2017-06-09,0.268,0.3122617304325104
SourdoughGulch_WA_985,2017-06-10,0.354,0.3399050235748291
SourdoughGulch_WA_985,2017-06-11,0.341,0.33339110016822815
SourdoughGulch_WA_985,2017-06-12,0.35,0.3418600857257843
SourdoughGulch_WA_985,2017-06-13,0.34,0.33550795912742615
SourdoughGulch_WA_985,2017-06-14,0.331,0.3281058371067047
SourdoughGulch_WA_985,2017-06-15,0.323,0.3294450640678406
SourdoughGulch_WA_985,2017-06-16,0.317,0.3309989273548126
SourdoughGulch_WA_985,2017-06-17,0.323,0.32241490483283997
SourdoughGulch_WA_985,2017-06-18,0.322,0.3200576603412628
SourdoughGulch_WA_985,2017-06-19,0.318,0.32246577739715576
SourdoughGulch_WA_985,2017-06-20,0.313,0.3106672167778015
SourdoughGulch_WA_985,2017-06-21,0.306,0.30006587505340576
SourdoughGulch_WA_985,2017-06-22,0.294,0.2948514223098755
SourdoughGulch_WA_985,2017-06-23,0.276,0.2873929440975189
SourdoughGulch_WA_985,2017-06-24,0.278,0.2846997082233429
SourdoughGulch_WA_985,2017-06-25,0.27,0.2688584327697754
SourdoughGulch_WA_985,2017-06-26,0.26,0.24855749309062958
SourdoughGulch_WA_985,2017-06-27,0.251,0.2779122292995453
SourdoughGulch_WA_985,2017-06-28,0.311,0.28889620304107666
SourdoughGulch_WA_985,2017-06-29,0.298,0.2922208309173584
SourdoughGulch_WA_985,2017-06-30,0.288,0.2854539155960083
SourdoughGulch_WA_985,2017-07-01,0.281,0.2758612632751465
SourdoughGulch_WA_985,2017-07-02,0.27,0.26461443305015564
SourdoughGulch_WA_985,2017-07-03,0.261,0.2573300004005432
SourdoughGulch_WA_985,2017-07-04,0.248,0.23491623997688293
SourdoughGulch_WA_985,2017-07-05,0.229,0.2261882871389389
SourdoughGulch_WA_985,2017-07-06,0.215,0.21420153975486755
SourdoughGulch_WA_985,2017-07-07,0.199,0.212323859333992
SourdoughGulch_WA_985,2017-07-08,0.185,0.20550301671028137
SourdoughGulch_WA_985,2017-07-09,0.174,0.17745548486709595
SourdoughGulch_WA_985,2017-07-10,0.164,0.16830313205718994
SourdoughGulch_WA_985,2017-07-11,0.153,0.1650353968143463
SourdoughGulch_WA_985,2017-07-12,0.15,0.16205847263336182
SourdoughGulch_WA_985,2017-07-13,0.148,0.1350080966949463
SourdoughGulch_WA_985,2017-07-14,0.144,0.13653165102005005
SourdoughGulch_WA_985,2017-07-15,0.141,0.1383301019668579
SourdoughGulch_WA_985,2017-07-16,0.135,0.1340763419866562
SourdoughGulch_WA_985,2017-07-17,0.134,0.13937407732009888
SourdoughGulch_WA_985,2017-07-18,0.125,0.14011092483997345
SourdoughGulch_WA_985,2017-07-19,0.123,0.12969087064266205
SourdoughGulch_WA_985,2017-07-20,0.119,0.1230795681476593
SourdoughGulch_WA_985,2017-07-21,0.119,0.12600919604301453
SourdoughGulch_WA_985,2017-07-22,0.111,0.11395185440778732
SourdoughGulch_WA_985,2017-07-23,0.114,0.10899020731449127
SourdoughGulch_WA_985,2017-07-24,0.111,0.10452950745820999
SourdoughGulch_WA_985,2017-07-25,0.105,0.10284359753131866
SourdoughGulch_WA_985,2017-07-26,0.102,0.0943017229437828
SourdoughGulch_WA_985,2017-07-27,0.098,0.09630483388900757
SourdoughGulch_WA_985,2017-07-28,0.098,0.09121973812580109
SourdoughGulch_WA_985,2017-07-29,0.094,0.0918378010392189
SourdoughGulch_WA_985,2017-07-30,0.096,0.09138185530900955
SourdoughGulch_WA_985,2017-07-31,0.092,0.09309330582618713
SourdoughGulch_WA_985,2017-08-01,0.092,0.09348686039447784
SourdoughGulch_WA_985,2017-08-02,0.086,0.08741997182369232
SourdoughGulch_WA_985,2017-08-03,0.085,0.08450072258710861
SourdoughGulch_WA_985,2017-08-04,0.084,0.08371187001466751
SourdoughGulch_WA_985,2017-08-05,0.08,0.0806630402803421
SourdoughGulch_WA_985,2017-08-06,0.074,0.08039624243974686
SourdoughGulch_WA_985,2017-08-07,0.072,0.08178530633449554
SourdoughGulch_WA_985,2017-08-08,0.07,0.08043142408132553
SourdoughGulch_WA_985,2017-08-09,0.072,0.08487982302904129
SourdoughGulch_WA_985,2017-08-10,0.074,0.08344584703445435
SourdoughGulch_WA_985,2017-08-11,0.066,0.08004093915224075
SourdoughGulch_WA_985,2017-08-12,0.063,0.06036834791302681
SourdoughGulch_WA_985,2017-08-13,0.059,0.059612687677145004
SourdoughGulch_WA_985,2017-08-14,0.054,0.0635431557893753
SourdoughGulch_WA_985,2017-08-15,0.057,0.06889033317565918
SourdoughGulch_WA_985,2017-08-16,0.067,0.07301878184080124
SourdoughGulch_WA_985,2017-08-17,0.068,0.07078055292367935
SourdoughGulch_WA_985,2017-08-18,0.079,0.07157352566719055
SourdoughGulch_WA_985,2017-08-19,0.082,0.07147090882062912
SourdoughGulch_WA_985,2017-08-20,0.073,0.0717134028673172
SourdoughGulch_WA_985,2017-08-21,0.078,0.07314731180667877
SourdoughGulch_WA_985,2017-08-22,0.075,0.0724307969212532
SourdoughGulch_WA_985,2017-08-23,0.073,0.07134074717760086
SourdoughGulch_WA_985,2017-08-24,0.071,0.06884356588125229
SourdoughGulch_WA_985,2017-08-25,0.066,0.06887741386890411
SourdoughGulch_WA_985,2017-08-26,0.067,0.07329529523849487
SourdoughGulch_WA_985,2017-08-27,0.068,0.06949342042207718
SourdoughGulch_WA_985,2017-08-28,0.061,0.06533043831586838
SourdoughGulch_WA_985,2017-08-29,0.063,0.06480702757835388
SourdoughGulch_WA_985,2017-08-30,0.063,0.06449809670448303
SourdoughGulch_WA_985,2017-08-31,0.06,0.06397724896669388
SourdoughGulch_WA_985,2017-09-01,0.061,0.06242407485842705
SourdoughGulch_WA_985,2017-09-02,0.059,0.061994362622499466
SourdoughGulch_WA_985,2017-09-03,0.062,0.06165587902069092
SourdoughGulch_WA_985,2017-09-04,0.054,0.06042371317744255
SourdoughGulch_WA_985,2017-09-05,0.055,0.05741989240050316
SourdoughGulch_WA_985,2017-09-06,0.05,0.05677767097949982
SourdoughGulch_WA_985,2017-09-07,0.053,0.05737548694014549
SourdoughGulch_WA_985,2017-09-08,0.049,0.05816761776804924
SourdoughGulch_WA_985,2017-09-09,0.047,0.05291949585080147
SourdoughGulch_WA_985,2017-09-10,0.051,0.05313275381922722
SourdoughGulch_WA_985,2017-09-11,0.046,0.04854306951165199
SourdoughGulch_WA_985,2017-09-12,0.045,0.05036235600709915
SourdoughGulch_WA_985,2017-09-13,0.047,0.052866559475660324
SourdoughGulch_WA_985,2017-09-14,0.042,0.046166881918907166
SourdoughGulch_WA_985,2017-09-15,0.04,0.04579124227166176
SourdoughGulch_WA_985,2017-09-16,0.032,0.04654672369360924
SourdoughGulch_WA_985,2017-09-17,0.034,0.042462125420570374
SourdoughGulch_WA_985,2017-09-18,0.033,0.030116869136691093
SourdoughGulch_WA_985,2017-09-19,0.032,0.02671690843999386
SourdoughGulch_WA_985,2017-09-20,0.032,0.03363483026623726
SourdoughGulch_WA_985,2017-09-21,0.032,0.03003634139895439
SourdoughGulch_WA_985,2017-09-22,0.034,0.042947787791490555
SourdoughGulch_WA_985,2017-09-23,0.043,0.048650164157152176
SourdoughGulch_WA_985,2017-09-24,0.059,0.06757945567369461
SourdoughGulch_WA_985,2017-09-25,0.062,0.0780239999294281
SourdoughGulch_WA_985,2017-09-26,0.072,0.0747104212641716
SourdoughGulch_WA_985,2017-09-27,0.085,0.08635269850492477
SourdoughGulch_WA_985,2017-09-28,0.087,0.0803348571062088
SourdoughGulch_WA_985,2017-09-29,0.092,0.08498204499483109
SourdoughGulch_WA_985,2017-09-30,0.093,0.0830811932682991
SourdoughGulch_WA_985,2017-10-01,0.086,0.07930442690849304
SourdoughGulch_WA_985,2017-10-02,0.085,0.09228435903787613
SourdoughGulch_WA_985,2017-10-03,0.083,0.08796920627355576
SourdoughGulch_WA_985,2017-10-04,0.077,0.08109982311725616
SourdoughGulch_WA_985,2017-10-05,0.082,0.07395759224891663
SourdoughGulch_WA_985,2017-10-06,0.082,0.07630717009305954
SourdoughGulch_WA_985,2017-10-07,0.079,0.08076071739196777
SourdoughGulch_WA_985,2017-10-08,0.077,0.08464383333921432
SourdoughGulch_WA_985,2017-10-09,0.071,0.07820214331150055
SourdoughGulch_WA_985,2017-10-10,0.078,0.07818055152893066
SourdoughGulch_WA_985,2017-10-11,0.07,0.07572238892316818
SourdoughGulch_WA_985,2017-10-12,0.078,0.08143388479948044
SourdoughGulch_WA_985,2017-10-13,0.067,0.07464463263750076
SourdoughGulch_WA_985,2017-10-14,0.07,0.07747476547956467
SourdoughGulch_WA_985,2017-10-15,0.065,0.0790911391377449
SourdoughGulch_WA_985,2017-10-16,0.075,0.08045079559087753
SourdoughGulch_WA_985,2017-10-17,0.078,0.07766848802566528
SourdoughGulch_WA_985,2017-10-18,0.082,0.07638206332921982
SourdoughGulch_WA_985,2017-10-19,0.083,0.08115143328905106
SourdoughGulch_WA_985,2017-10-20,0.087,0.07808943837881088
SourdoughGulch_WA_985,2017-10-21,0.08,0.09778368473052979
SourdoughGulch_WA_985,2017-10-22,0.071,0.14881350100040436
SourdoughGulch_WA_985,2017-10-23,0.305,0.27666282653808594
SourdoughGulch_WA_985,2017-10-24,0.279,0.27776944637298584
SourdoughGulch_WA_985,2017-10-25,0.269,0.2658021152019501
SourdoughGulch_WA_985,2017-10-26,0.264,0.2555188238620758
SourdoughGulch_WA_985,2017-10-27,0.26,0.2567073702812195
SourdoughGulch_WA_985,2017-10-28,0.251,0.2542056441307068
SourdoughGulch_WA_985,2017-10-29,0.246,0.244449183344841
SourdoughGulch_WA_985,2017-10-30,0.242,0.2345944344997406
SourdoughGulch_WA_985,2017-10-31,0.229,0.22966764867305756
SourdoughGulch_WA_985,2017-11-01,0.221,0.22319576144218445
SourdoughGulch_WA_985,2017-11-02,0.227,0.23526471853256226
SourdoughGulch_WA_985,2017-11-03,0.234,0.2401762157678604
SourdoughGulch_WA_985,2017-11-04,0.312,0.28041067719459534
SourdoughGulch_WA_985,2017-11-05,0.298,0.2941056191921234
SourdoughGulch_WA_985,2017-11-06,0.3,0.306381493806839
SourdoughGulch_WA_985,2017-11-07,0.306,0.30417078733444214
SourdoughGulch_WA_985,2017-11-08,0.299,0.2995603680610657
SourdoughGulch_WA_985,2017-11-09,0.303,0.30213674902915955
SourdoughGulch_WA_985,2017-11-10,0.322,0.3101029396057129
SourdoughGulch_WA_985,2017-11-11,0.321,0.31402453780174255
SourdoughGulch_WA_985,2017-11-12,0.318,0.31536760926246643
SourdoughGulch_WA_985,2017-11-13,0.314,0.3160511553287506
SourdoughGulch_WA_985,2017-11-14,0.325,0.3140797019004822
SourdoughGulch_WA_985,2017-11-15,0.315,0.31613996624946594
SourdoughGulch_WA_985,2017-11-16,0.306,0.31185662746429443
SourdoughGulch_WA_985,2017-11-17,0.324,0.3124867081642151
SourdoughGulch_WA_985,2017-11-18,0.307,0.2999306917190552
SourdoughGulch_WA_985,2017-11-19,0.298,0.30091965198516846
SourdoughGulch_WA_985,2017-11-20,0.296,0.3092058002948761
SourdoughGulch_WA_985,2017-11-21,0.351,0.3458666503429413
SourdoughGulch_WA_985,2017-11-22,0.338,0.3437661826610565
SourdoughGulch_WA_985,2017-11-23,0.34,0.3422270715236664
SourdoughGulch_WA_985,2017-11-24,0.355,0.3379158675670624
SourdoughGulch_WA_985,2017-11-25,0.333,0.3316103219985962
SourdoughGulch_WA_985,2017-11-26,0.327,0.3313341736793518
SourdoughGulch_WA_985,2017-11-27,0.326,0.33483076095581055
SourdoughGulch_WA_985,2017-11-28,0.33,0.33138859272003174
SourdoughGulch_WA_985,2017-11-29,0.321,0.31760209798812866
SourdoughGulch_WA_985,2017-11-30,0.321,0.3106923997402191
SourdoughGulch_WA_985,2017-12-01,0.31,0.3261171877384186
SourdoughGulch_WA_985,2017-12-02,0.312,0.3250625431537628
SourdoughGulch_WA_985,2017-12-03,0.309,0.3094739019870758
SourdoughGulch_WA_985,2017-12-04,0.311,0.30631399154663086
SourdoughGulch_WA_985,2017-12-05,0.299,0.29374897480010986
SourdoughGulch_WA_985,2017-12-06,0.287,0.2869533896446228
SourdoughGulch_WA_985,2017-12-07,0.274,0.25863581895828247
SourdoughGulch_WA_985,2017-12-08,0.251,0.23268721997737885
SourdoughGulch_WA_985,2017-12-09,0.17,0.20194728672504425
SourdoughGulch_WA_985,2017-12-10,0.141,0.15885953605175018
SourdoughGulch_WA_985,2017-12-11,0.129,0.14458702504634857
SourdoughGulch_WA_985,2017-12-12,0.13,0.12783648073673248
SourdoughGulch_WA_985,2017-12-13,0.125,0.125409796833992
SourdoughGulch_WA_985,2017-12-14,0.127,0.11467932164669037
SourdoughGulch_WA_985,2017-12-15,0.126,0.12092866003513336
SourdoughGulch_WA_985,2017-12-16,0.125,0.1259099245071411
SourdoughGulch_WA_985,2017-12-17,0.135,0.13696984946727753
SourdoughGulch_WA_985,2017-12-18,0.134,0.13666893541812897
SourdoughGulch_WA_985,2017-12-19,0.144,0.1587742120027542
SourdoughGulch_WA_985,2017-12-20,0.192,0.18415988981723785
SourdoughGulch_WA_985,2017-12-21,0.225,0.19682081043720245
SourdoughGulch_WA_985,2017-12-22,0.214,0.19391730427742004
SourdoughGulch_WA_985,2017-12-23,0.165,0.18273292481899261
SourdoughGulch_WA_985,2017-12-24,0.157,0.1628713756799698
SourdoughGulch_WA_985,2017-12-25,0.144,0.14660878479480743
SourdoughGulch_WA_985,2017-12-26,0.146,0.15956154465675354
SourdoughGulch_WA_985,2017-12-27,0.149,0.18034838140010834
SourdoughGulch_WA_985,2017-12-28,0.151,0.15759216248989105
SourdoughGulch_WA_985,2017-12-29,0.16,0.16590070724487305
SourdoughGulch_WA_985,2017-12-30,0.175,0.1757286638021469
SourdoughGulch_WA_985,2017-12-31,0.187,0.17534981667995453
SourdoughGulch_WA_985,2018-01-01,0.146,0.16581253707408905
SourdoughGulch_WA_985,2018-01-02,0.134,0.15395274758338928
SourdoughGulch_WA_985,2018-01-03,0.137,0.13967616856098175
SourdoughGulch_WA_985,2018-01-04,0.136,0.14181183278560638
SourdoughGulch_WA_985,2018-01-05,0.136,0.14578938484191895
SourdoughGulch_WA_985,2018-01-06,0.156,0.16535727679729462
SourdoughGulch_WA_985,2018-01-07,0.167,0.16366830468177795
SourdoughGulch_WA_985,2018-01-08,0.176,0.18578411638736725
SourdoughGulch_WA_985,2018-01-09,0.179,0.18213079869747162
SourdoughGulch_WA_985,2018-01-10,0.189,0.19146676361560822
SourdoughGulch_WA_985,2018-01-11,0.194,0.19856606423854828
SourdoughGulch_WA_985,2018-01-12,0.203,0.21583014726638794
SourdoughGulch_WA_985,2018-01-13,0.208,0.22900058329105377
SourdoughGulch_WA_985,2018-01-14,0.241,0.2404433935880661
SourdoughGulch_WA_985,2018-01-15,0.286,0.26646536588668823
SourdoughGulch_WA_985,2018-01-16,0.299,0.27371662855148315
SourdoughGulch_WA_985,2018-01-17,0.313,0.30200162529945374
SourdoughGulch_WA_985,2018-01-18,0.319,0.3150283396244049
SourdoughGulch_WA_985,2018-01-19,0.345,0.3225320875644684
SourdoughGulch_WA_985,2018-01-20,0.332,0.32148277759552
SourdoughGulch_WA_985,2018-01-21,0.321,0.31742918491363525
SourdoughGulch_WA_985,2018-01-22,0.308,0.30779147148132324
SourdoughGulch_WA_985,2018-01-23,0.305,0.3077732026576996
SourdoughGulch_WA_985,2018-01-24,0.292,0.3128646910190582
SourdoughGulch_WA_985,2018-01-25,0.322,0.32198601961135864
SourdoughGulch_WA_985,2018-01-26,0.323,0.31524837017059326
SourdoughGulch_WA_985,2018-01-27,0.32,0.315100759267807
SourdoughGulch_WA_985,2018-01-28,0.318,0.31720003485679626
SourdoughGulch_WA_985,2018-01-29,0.339,0.3197070062160492
SourdoughGulch_WA_985,2018-01-30,0.339,0.32033300399780273
SourdoughGulch_WA_985,2018-01-31,0.336,0.3219093084335327
SourdoughGulch_WA_985,2018-02-01,0.323,0.3216467499732971
SourdoughGulch_WA_985,2018-02-02,0.316,0.32532525062561035
SourdoughGulch_WA_985,2018-02-03,0.35,0.33485832810401917
SourdoughGulch_WA_985,2018-02-04,0.342,0.33328086137771606
SourdoughGulch_WA_985,2018-02-05,0.342,0.336989164352417
SourdoughGulch_WA_985,2018-02-06,0.336,0.33632203936576843
SourdoughGulch_WA_985,2018-02-07,0.333,0.3332262635231018
SourdoughGulch_WA_985,2018-02-08,0.332,0.3332878649234772
SourdoughGulch_WA_985,2018-02-09,0.33,0.3314012289047241
SourdoughGulch_WA_985,2018-02-10,0.324,0.3268631398677826
SourdoughGulch_WA_985,2018-02-11,0.313,0.323540061712265
SourdoughGulch_WA_985,2018-02-12,0.299,0.3133593201637268
SourdoughGulch_WA_985,2018-02-13,0.293,0.30143266916275024
SourdoughGulch_WA_985,2018-02-14,0.28,0.2852037250995636
SourdoughGulch_WA_985,2018-02-15,0.281,0.282369464635849
SourdoughGulch_WA_985,2018-02-16,0.287,0.28095024824142456
SourdoughGulch_WA_985,2018-02-17,0.285,0.2842899262905121
SourdoughGulch_WA_985,2018-02-18,0.291,0.2831118702888489
SourdoughGulch_WA_985,2018-02-19,0.322,0.29509398341178894
SourdoughGulch_WA_985,2018-02-20,0.304,0.2633584439754486
SourdoughGulch_WA_985,2018-02-21,0.264,0.23556053638458252
SourdoughGulch_WA_985,2018-02-22,0.172,0.19704808294773102
SourdoughGulch_WA_985,2018-02-23,0.17,0.19040018320083618
SourdoughGulch_WA_985,2018-02-24,0.16,0.17843638360500336
SourdoughGulch_WA_985,2018-02-25,0.166,0.17790567874908447
SourdoughGulch_WA_985,2018-02-26,0.173,0.1855774223804474
SourdoughGulch_WA_985,2018-02-27,0.18,0.2064976692199707
SourdoughGulch_WA_985,2018-02-28,0.178,0.21226581931114197
SourdoughGulch_WA_985,2018-03-01,0.181,0.21387037634849548
SourdoughGulch_WA_985,2018-03-02,0.191,0.22014544904232025
SourdoughGulch_WA_985,2018-03-03,0.205,0.22082053124904633
SourdoughGulch_WA_985,2018-03-04,0.21,0.2225232571363449
SourdoughGulch_WA_985,2018-03-05,0.212,0.23060795664787292
SourdoughGulch_WA_985,2018-03-06,0.217,0.24748466908931732
SourdoughGulch_WA_985,2018-03-07,0.216,0.24997574090957642
SourdoughGulch_WA_985,2018-03-08,0.214,0.2551143169403076
SourdoughGulch_WA_985,2018-03-09,0.317,0.30164605379104614
SourdoughGulch_WA_985,2018-03-10,0.336,0.3154994249343872
SourdoughGulch_WA_985,2018-03-11,0.347,0.3203633725643158
SourdoughGulch_WA_985,2018-03-12,0.353,0.33407673239707947
SourdoughGulch_WA_985,2018-03-13,0.355,0.339020311832428
SourdoughGulch_WA_985,2018-03-14,0.354,0.34177014231681824
SourdoughGulch_WA_985,2018-03-15,0.355,0.3433501124382019
SourdoughGulch_WA_985,2018-03-16,0.348,0.3452605605125427
SourdoughGulch_WA_985,2018-03-17,0.343,0.3465423583984375
SourdoughGulch_WA_985,2018-03-18,0.34,0.34915459156036377
SourdoughGulch_WA_985,2018-03-19,0.339,0.3418784737586975
SourdoughGulch_WA_985,2018-03-20,0.337,0.3402649760246277
SourdoughGulch_WA_985,2018-03-21,0.338,0.3392829895019531
SourdoughGulch_WA_985,2018-03-22,0.337,0.34068286418914795
SourdoughGulch_WA_985,2018-03-23,0.337,0.34135082364082336
SourdoughGulch_WA_985,2018-03-24,0.341,0.341422975063324
SourdoughGulch_WA_985,2018-03-25,0.341,0.3427233397960663
SourdoughGulch_WA_985,2018-03-26,0.337,0.33789515495300293
SourdoughGulch_WA_985,2018-03-27,0.335,0.33716142177581787
SourdoughGulch_WA_985,2018-03-28,0.335,0.3327946662902832
SourdoughGulch_WA_985,2018-03-29,0.332,0.3311860263347626
SourdoughGulch_WA_985,2018-03-30,0.331,0.33203479647636414
SourdoughGulch_WA_985,2018-03-31,0.331,0.3231576383113861
SourdoughGulch_WA_985,2018-04-01,0.327,0.32581472396850586
SourdoughGulch_WA_985,2018-04-02,0.325,0.32996609807014465
SourdoughGulch_WA_985,2018-04-03,0.327,0.33328211307525635
SourdoughGulch_WA_985,2018-04-04,0.336,0.33606716990470886
SourdoughGulch_WA_985,2018-04-05,0.349,0.3347063362598419
SourdoughGulch_WA_985,2018-04-06,0.347,0.33374232053756714
SourdoughGulch_WA_985,2018-04-07,0.35,0.341411292552948
SourdoughGulch_WA_985,2018-04-08,0.355,0.3486870527267456
SourdoughGulch_WA_985,2018-04-09,0.355,0.3501760959625244
SourdoughGulch_WA_985,2018-04-10,0.349,0.3466474711894989
SourdoughGulch_WA_985,2018-04-11,0.345,0.3430139720439911
SourdoughGulch_WA_985,2018-04-12,0.343,0.3387523889541626
SourdoughGulch_WA_985,2018-04-13,0.341,0.33947819471359253
SourdoughGulch_WA_985,2018-04-14,0.337,0.34211573004722595
SourdoughGulch_WA_985,2018-04-15,0.338,0.34256985783576965
SourdoughGulch_WA_985,2018-04-16,0.338,0.35342273116111755
SourdoughGulch_WA_985,2018-04-17,0.343,0.3400212824344635
SourdoughGulch_WA_985,2018-04-18,0.339,0.33701205253601074
SourdoughGulch_WA_985,2018-04-19,0.337,0.3363823890686035
SourdoughGulch_WA_985,2018-04-20,0.333,0.33254602551460266
SourdoughGulch_WA_985,2018-04-21,0.333,0.33430537581443787
SourdoughGulch_WA_985,2018-04-22,0.326,0.33213913440704346
SourdoughGulch_WA_985,2018-04-23,0.32,0.3205258548259735
SourdoughGulch_WA_985,2018-04-24,0.316,0.3159604072570801
SourdoughGulch_WA_985,2018-04-25,0.313,0.31270283460617065
SourdoughGulch_WA_985,2018-04-26,0.307,0.3094107210636139
SourdoughGulch_WA_985,2018-04-27,0.3,0.30465617775917053
SourdoughGulch_WA_985,2018-04-28,0.293,0.3069395422935486
SourdoughGulch_WA_985,2018-04-29,0.281,0.30316174030303955
SourdoughGulch_WA_985,2018-04-30,0.311,0.31149807572364807
SourdoughGulch_WA_985,2018-05-01,0.312,0.3089120090007782
SourdoughGulch_WA_985,2018-05-02,0.309,0.30520471930503845
SourdoughGulch_WA_985,2018-05-03,0.306,0.30251166224479675
SourdoughGulch_WA_985,2018-05-04,0.302,0.30031222105026245
SourdoughGulch_WA_985,2018-05-05,0.294,0.2934824824333191
SourdoughGulch_WA_985,2018-05-06,0.287,0.28988638520240784
SourdoughGulch_WA_985,2018-05-07,0.28,0.2959591746330261
SourdoughGulch_WA_985,2018-05-08,0.283,0.2918732166290283
SourdoughGulch_WA_985,2018-05-09,0.286,0.3058148920536041
SourdoughGulch_WA_985,2018-05-10,0.356,0.3168831467628479
SourdoughGulch_WA_985,2018-05-11,0.346,0.3192482888698578
SourdoughGulch_WA_985,2018-05-12,0.341,0.3210768401622772
SourdoughGulch_WA_985,2018-05-13,0.339,0.3187791109085083
SourdoughGulch_WA_985,2018-05-14,0.333,0.3182877004146576
SourdoughGulch_WA_985,2018-05-15,0.324,0.3056465983390808
SourdoughGulch_WA_985,2018-05-16,0.313,0.3018611967563629
SourdoughGulch_WA_985,2018-05-17,0.311,0.31273454427719116
SourdoughGulch_WA_985,2018-05-18,0.351,0.3353930413722992
SourdoughGulch_WA_985,2018-05-19,0.344,0.33205124735832214
SourdoughGulch_WA_985,2018-05-20,0.343,0.34579598903656006
SourdoughGulch_WA_985,2018-05-21,0.352,0.3363085687160492
SourdoughGulch_WA_985,2018-05-22,0.349,0.3409217894077301
SourdoughGulch_WA_985,2018-05-23,0.346,0.3429934084415436
SourdoughGulch_WA_985,2018-05-24,0.344,0.3448047339916229
SourdoughGulch_WA_985,2018-05-25,0.347,0.3462477922439575
SourdoughGulch_WA_985,2018-05-26,0.353,0.35041916370391846
SourdoughGulch_WA_985,2018-05-27,0.357,0.35756412148475647
SourdoughGulch_WA_985,2018-05-28,0.358,0.344974547624588
SourdoughGulch_WA_985,2018-05-29,0.357,0.35310062766075134
SourdoughGulch_WA_985,2018-05-30,0.355,0.3521011173725128
SourdoughGulch_WA_985,2018-05-31,0.349,0.34984925389289856
SourdoughGulch_WA_985,2018-06-01,0.347,0.3519383370876312
SourdoughGulch_WA_985,2018-06-02,0.347,0.34466829895973206
SourdoughGulch_WA_985,2018-06-03,0.349,0.34396621584892273
SourdoughGulch_WA_985,2018-06-04,0.349,0.3500862717628479
SourdoughGulch_WA_985,2018-06-05,0.347,0.3512091636657715
SourdoughGulch_WA_985,2018-06-06,0.345,0.34273436665534973
SourdoughGulch_WA_985,2018-06-07,0.346,0.3396592140197754
SourdoughGulch_WA_985,2018-06-08,0.342,0.33525148034095764
SourdoughGulch_WA_985,2018-06-09,0.343,0.3422683775424957
SourdoughGulch_WA_985,2018-06-10,0.35,0.3457200527191162
SourdoughGulch_WA_985,2018-06-11,0.349,0.3402424156665802
SourdoughGulch_WA_985,2018-06-12,0.349,0.34096187353134155
SourdoughGulch_WA_985,2018-06-13,0.349,0.34332799911499023
SourdoughGulch_WA_985,2018-06-14,0.346,0.34342721104621887
SourdoughGulch_WA_985,2018-06-15,0.341,0.3399674594402313
SourdoughGulch_WA_985,2018-06-16,0.337,0.340661883354187
SourdoughGulch_WA_985,2018-06-17,0.327,0.33429405093193054
SourdoughGulch_WA_985,2018-06-18,0.33,0.34272104501724243
SourdoughGulch_WA_985,2018-06-19,0.329,0.344290167093277
SourdoughGulch_WA_985,2018-06-20,0.345,0.3362354338169098
SourdoughGulch_WA_985,2018-06-21,0.345,0.3328979015350342
SourdoughGulch_WA_985,2018-06-22,0.358,0.3493322730064392
SourdoughGulch_WA_985,2018-06-23,0.353,0.34547117352485657
SourdoughGulch_WA_985,2018-06-24,0.352,0.3460448384284973
SourdoughGulch_WA_985,2018-06-25,0.361,0.3508009910583496
SourdoughGulch_WA_985,2018-06-26,0.356,0.32863110303878784
SourdoughGulch_WA_985,2018-06-27,0.352,0.3364713788032532
SourdoughGulch_WA_985,2018-06-28,0.349,0.3417429029941559
SourdoughGulch_WA_985,2018-06-29,0.339,0.3354667127132416
SourdoughGulch_WA_985,2018-06-30,0.333,0.32421159744262695
SourdoughGulch_WA_985,2018-07-01,0.329,0.31530043482780457
SourdoughGulch_WA_985,2018-07-02,0.33,0.3122696578502655
SourdoughGulch_WA_985,2018-07-03,0.324,0.2973518669605255
SourdoughGulch_WA_985,2018-07-04,0.315,0.29357999563217163
SourdoughGulch_WA_985,2018-07-05,0.318,0.30223023891448975
SourdoughGulch_WA_985,2018-07-06,0.321,0.28415852785110474
SourdoughGulch_WA_985,2018-07-07,0.307,0.2894875109195709
SourdoughGulch_WA_985,2018-07-08,0.309,0.2866910696029663
SourdoughGulch_WA_985,2018-07-09,0.309,0.304577499628067
SourdoughGulch_WA_985,2018-07-10,0.309,0.29461440443992615
SourdoughGulch_WA_985,2018-07-11,0.303,0.2916828393936157
SourdoughGulch_WA_985,2018-07-12,0.301,0.2942727208137512
SourdoughGulch_WA_985,2018-07-13,0.298,0.28805026412010193
SourdoughGulch_WA_985,2018-07-14,0.297,0.2928422689437866
SourdoughGulch_WA_985,2018-07-15,0.291,0.2928461730480194
SourdoughGulch_WA_985,2018-07-16,0.282,0.28762856125831604
SourdoughGulch_WA_985,2018-07-17,0.277,0.28631284832954407
SourdoughGulch_WA_985,2018-07-18,0.274,0.2495744377374649
SourdoughGulch_WA_985,2018-07-19,0.267,0.24928589165210724
SourdoughGulch_WA_985,2018-07-20,0.259,0.2481985092163086
SourdoughGulch_WA_985,2018-07-21,0.249,0.24919292330741882
SourdoughGulch_WA_985,2018-07-22,0.238,0.24622465670108795
SourdoughGulch_WA_985,2018-07-23,0.233,0.23703642189502716
SourdoughGulch_WA_985,2018-07-24,0.227,0.23003599047660828
SourdoughGulch_WA_985,2018-07-25,0.22,0.22900056838989258
SourdoughGulch_WA_985,2018-07-26,0.214,0.20394128561019897
SourdoughGulch_WA_985,2018-07-27,0.203,0.2014177143573761
SourdoughGulch_WA_985,2018-07-28,0.193,0.19887174665927887
SourdoughGulch_WA_985,2018-07-29,0.182,0.18136854469776154
SourdoughGulch_WA_985,2018-07-30,0.178,0.17610976099967957
SourdoughGulch_WA_985,2018-07-31,0.171,0.1773369312286377
SourdoughGulch_WA_985,2018-08-01,0.163,0.14571689069271088
SourdoughGulch_WA_985,2018-08-02,0.158,0.13639573752880096
SourdoughGulch_WA_985,2018-08-03,0.152,0.13656634092330933
SourdoughGulch_WA_985,2018-08-04,0.146,0.13253305852413177
SourdoughGulch_WA_985,2018-08-05,0.139,0.13317275047302246
SourdoughGulch_WA_985,2018-08-06,0.134,0.13282525539398193
SourdoughGulch_WA_985,2018-08-07,0.131,0.12838704884052277
SourdoughGulch_WA_985,2018-08-08,0.13,0.1228974387049675
SourdoughGulch_WA_985,2018-08-09,0.13,0.11763305962085724
SourdoughGulch_WA_985,2018-08-10,0.125,0.11650848388671875
SourdoughGulch_WA_985,2018-08-11,0.125,0.11491887271404266
SourdoughGulch_WA_985,2018-08-12,0.114,0.10797728598117828
SourdoughGulch_WA_985,2018-08-13,0.109,0.1068701446056366
SourdoughGulch_WA_985,2018-08-14,0.107,0.10332973301410675
SourdoughGulch_WA_985,2018-08-15,0.099,0.10130833834409714
SourdoughGulch_WA_985,2018-08-16,0.103,0.09893157333135605
SourdoughGulch_WA_985,2018-08-17,0.102,0.09409458935260773
SourdoughGulch_WA_985,2018-08-18,0.097,0.07772502303123474
SourdoughGulch_WA_985,2018-08-19,0.093,0.07654979079961777
SourdoughGulch_WA_985,2018-08-20,0.099,0.07275142520666122
SourdoughGulch_WA_985,2018-08-21,0.085,0.07829063385725021
SourdoughGulch_WA_985,2018-08-22,0.082,0.07997164130210876
SourdoughGulch_WA_985,2018-08-23,0.088,0.07968892902135849
SourdoughGulch_WA_985,2018-08-24,0.083,0.07631325721740723
SourdoughGulch_WA_985,2018-08-25,0.083,0.07616975903511047
SourdoughGulch_WA_985,2018-08-26,0.079,0.07131877541542053
SourdoughGulch_WA_985,2018-08-27,0.069,0.06282351911067963
SourdoughGulch_WA_985,2018-08-28,0.075,0.07710427045822144
SourdoughGulch_WA_985,2018-08-29,0.078,0.07741587609052658
SourdoughGulch_WA_985,2018-08-30,0.078,0.07988137006759644
SourdoughGulch_WA_985,2018-08-31,0.082,0.0893048420548439
SourdoughGulch_WA_985,2018-09-01,0.087,0.09183749556541443
SourdoughGulch_WA_985,2018-09-02,0.091,0.09294483065605164
SourdoughGulch_WA_985,2018-09-03,0.091,0.09301655739545822
SourdoughGulch_WA_985,2018-09-04,0.09,0.09116694331169128
SourdoughGulch_WA_985,2018-09-05,0.093,0.09022951871156693
SourdoughGulch_WA_985,2018-09-06,0.093,0.09121628850698471
SourdoughGulch_WA_985,2018-09-07,0.097,0.08997902274131775
SourdoughGulch_WA_985,2018-09-08,0.095,0.09078171849250793
SourdoughGulch_WA_985,2018-09-09,0.092,0.09265171736478806
SourdoughGulch_WA_985,2018-09-10,0.087,0.08648999780416489
SourdoughGulch_WA_985,2018-09-11,0.087,0.08570737391710281
SourdoughGulch_WA_985,2018-09-12,0.078,0.07616027444601059
SourdoughGulch_WA_985,2018-09-13,0.073,0.0760088786482811
SourdoughGulch_WA_985,2018-09-14,0.07,0.07788494974374771
SourdoughGulch_WA_985,2018-09-15,0.073,0.07927321642637253
SourdoughGulch_WA_985,2018-09-16,0.078,0.07681461423635483
SourdoughGulch_WA_985,2018-09-17,0.074,0.07898831367492676
SourdoughGulch_WA_985,2018-09-18,0.078,0.0788869634270668
SourdoughGulch_WA_985,2018-09-19,0.071,0.07956066727638245
SourdoughGulch_WA_985,2018-09-20,0.075,0.07933446764945984
SourdoughGulch_WA_985,2018-09-21,0.07,0.0782829150557518
SourdoughGulch_WA_985,2018-09-22,0.077,0.0761447548866272
SourdoughGulch_WA_985,2018-09-23,0.071,0.07695496082305908
SourdoughGulch_WA_985,2018-09-24,0.066,0.07361308485269547
SourdoughGulch_WA_985,2018-09-25,0.067,0.07388053834438324
SourdoughGulch_WA_985,2018-09-26,0.065,0.07222122699022293
SourdoughGulch_WA_985,2018-09-27,0.067,0.07165408134460449
SourdoughGulch_WA_985,2018-09-28,0.069,0.07034114003181458
SourdoughGulch_WA_985,2018-09-29,0.066,0.07218325138092041
SourdoughGulch_WA_985,2018-09-30,0.069,0.06879023462533951
SourdoughGulch_WA_985,2018-10-01,0.063,0.06377097219228745
SourdoughGulch_WA_985,2018-10-02,0.067,0.06217062845826149
SourdoughGulch_WA_985,2018-10-03,0.066,0.06137477979063988
SourdoughGulch_WA_985,2018-10-04,0.06,0.06045877933502197
SourdoughGulch_WA_985,2018-10-05,0.055,0.05404524505138397
SourdoughGulch_WA_985,2018-10-06,0.057,0.059201620519161224
SourdoughGulch_WA_985,2018-10-07,0.056,0.06356637179851532
SourdoughGulch_WA_985,2018-10-08,0.053,0.061589278280735016
SourdoughGulch_WA_985,2018-10-09,0.061,0.07387885451316833
SourdoughGulch_WA_985,2018-10-10,0.058,0.06719940900802612
SourdoughGulch_WA_985,2018-10-11,0.054,0.06792310625314713
SourdoughGulch_WA_985,2018-10-12,0.049,0.05200071260333061
SourdoughGulch_WA_985,2018-10-13,0.055,0.055438946932554245
SourdoughGulch_WA_985,2018-10-14,0.059,0.05582277476787567
SourdoughGulch_WA_985,2018-10-15,0.056,0.07195761799812317
SourdoughGulch_WA_985,2018-10-16,0.053,0.06253103166818619
SourdoughGulch_WA_985,2018-10-17,0.059,0.05796922743320465
SourdoughGulch_WA_985,2018-10-18,0.066,0.055735427886247635
SourdoughGulch_WA_985,2018-10-19,0.059,0.057904865592718124
SourdoughGulch_WA_985,2018-10-20,0.064,0.061078064143657684
SourdoughGulch_WA_985,2018-10-21,0.064,0.06180965527892113
SourdoughGulch_WA_985,2018-10-22,0.065,0.07836387306451797
SourdoughGulch_WA_985,2018-10-23,0.067,0.07921034097671509
SourdoughGulch_WA_985,2018-10-24,0.072,0.07933813333511353
SourdoughGulch_WA_985,2018-10-25,0.074,0.06915061175823212
SourdoughGulch_WA_985,2018-10-26,0.075,0.08978713303804398
SourdoughGulch_WA_985,2018-10-27,0.078,0.09182628244161606
SourdoughGulch_WA_985,2018-10-28,0.078,0.08676088601350784
SourdoughGulch_WA_985,2018-10-29,0.075,0.08704349398612976
SourdoughGulch_WA_985,2018-10-30,0.067,0.09362704306840897
SourdoughGulch_WA_985,2018-10-31,0.075,0.0896264985203743
SourdoughGulch_WA_985,2018-11-01,0.074,0.08904597163200378
SourdoughGulch_WA_985,2018-11-02,0.074,0.09420425444841385
SourdoughGulch_WA_985,2018-11-03,0.106,0.10596761107444763
SourdoughGulch_WA_985,2018-11-04,0.117,0.11988591402769089
SourdoughGulch_WA_985,2018-11-05,0.168,0.16615839302539825
SourdoughGulch_WA_985,2018-11-06,0.178,0.17420658469200134
SourdoughGulch_WA_985,2018-11-07,0.187,0.19292911887168884
SourdoughGulch_WA_985,2018-11-08,0.179,0.17951549589633942
SourdoughGulch_WA_985,2018-11-09,0.172,0.17516681551933289
SourdoughGulch_WA_985,2018-11-10,0.168,0.17472070455551147
SourdoughGulch_WA_985,2018-11-11,0.165,0.17588721215724945
SourdoughGulch_WA_985,2018-11-12,0.164,0.19013480842113495
SourdoughGulch_WA_985,2018-11-13,0.157,0.19215227663516998
SourdoughGulch_WA_985,2018-11-14,0.149,0.1755894124507904
SourdoughGulch_WA_985,2018-11-15,0.154,0.16357003152370453
SourdoughGulch_WA_985,2018-11-16,0.161,0.15788336098194122
SourdoughGulch_WA_985,2018-11-17,0.17,0.16167768836021423
SourdoughGulch_WA_985,2018-11-18,0.161,0.16113856434822083
SourdoughGulch_WA_985,2018-11-19,0.161,0.15752701461315155
SourdoughGulch_WA_985,2018-11-20,0.159,0.1509694904088974
SourdoughGulch_WA_985,2018-11-21,0.152,0.14880844950675964
SourdoughGulch_WA_985,2018-11-22,0.145,0.15353430807590485
SourdoughGulch_WA_985,2018-11-23,0.149,0.15623490512371063
SourdoughGulch_WA_985,2018-11-24,0.171,0.1702810525894165
SourdoughGulch_WA_985,2018-11-25,0.181,0.1779322624206543
SourdoughGulch_WA_985,2018-11-26,0.181,0.18988296389579773
SourdoughGulch_WA_985,2018-11-27,0.188,0.2064378261566162
SourdoughGulch_WA_985,2018-11-28,0.279,0.23768556118011475
SourdoughGulch_WA_985,2018-11-29,0.265,0.24956192076206207
SourdoughGulch_WA_985,2018-11-30,0.255,0.24789553880691528
SourdoughGulch_WA_985,2018-12-01,0.244,0.24353067576885223
SourdoughGulch_WA_985,2018-12-02,0.241,0.2354787439107895
SourdoughGulch_WA_985,2018-12-03,0.236,0.23380082845687866
SourdoughGulch_WA_985,2018-12-04,0.236,0.22940923273563385
SourdoughGulch_WA_985,2018-12-05,0.223,0.18898619711399078
SourdoughGulch_WA_985,2018-12-06,0.184,0.17362220585346222
SourdoughGulch_WA_985,2018-12-07,0.105,0.1359855979681015
SourdoughGulch_WA_985,2018-12-08,0.096,0.1184731125831604
SourdoughGulch_WA_985,2018-12-09,0.096,0.10839568823575974
SourdoughGulch_WA_985,2018-12-10,0.103,0.09849078208208084
SourdoughGulch_WA_985,2018-12-11,0.113,0.1146952286362648
SourdoughGulch_WA_985,2018-12-12,0.11,0.1092950627207756
SourdoughGulch_WA_985,2018-12-13,0.116,0.11294952034950256
SourdoughGulch_WA_985,2018-12-14,0.116,0.12316650152206421
SourdoughGulch_WA_985,2018-12-15,0.119,0.12010300904512405
SourdoughGulch_WA_985,2018-12-16,0.125,0.12842413783073425
SourdoughGulch_WA_985,2018-12-17,0.133,0.14018145203590393
SourdoughGulch_WA_985,2018-12-18,0.166,0.21989676356315613
SourdoughGulch_WA_985,2018-12-19,0.335,0.29280176758766174
SourdoughGulch_WA_985,2018-12-20,0.323,0.3115052282810211
SourdoughGulch_WA_985,2018-12-21,0.322,0.3067479729652405
SourdoughGulch_WA_985,2018-12-22,0.31,0.2884548008441925
SourdoughGulch_WA_985,2018-12-23,0.289,0.2918223738670349
SourdoughGulch_WA_985,2018-12-24,0.286,0.29052332043647766
SourdoughGulch_WA_985,2018-12-25,0.29,0.28088143467903137
SourdoughGulch_WA_985,2018-12-26,0.288,0.27564001083374023
SourdoughGulch_WA_985,2018-12-27,0.283,0.2654501795768738
SourdoughGulch_WA_985,2018-12-28,0.276,0.2710394263267517
SourdoughGulch_WA_985,2018-12-29,0.259,0.27704423666000366
SourdoughGulch_WA_985,2018-12-30,0.258,0.2754227817058563
SourdoughGulch_WA_985,2018-12-31,0.32,0.271268367767334
SourdoughGulch_WA_985,2019-01-01,0.295,0.28627195954322815
SourdoughGulch_WA_985,2019-01-02,0.222,0.22914940118789673
SourdoughGulch_WA_985,2019-01-03,0.165,0.22250458598136902
SourdoughGulch_WA_985,2019-01-04,0.196,0.22499686479568481
SourdoughGulch_WA_985,2019-01-05,0.223,0.22613948583602905
SourdoughGulch_WA_985,2019-01-06,0.236,0.2324197143316269
SourdoughGulch_WA_985,2019-01-07,0.247,0.2417955994606018
SourdoughGulch_WA_985,2019-01-08,0.252,0.2582981288433075
SourdoughGulch_WA_985,2019-01-09,0.244,0.25497111678123474
SourdoughGulch_WA_985,2019-01-10,0.253,0.25324058532714844
SourdoughGulch_WA_985,2019-01-11,0.277,0.2579084038734436
SourdoughGulch_WA_985,2019-01-12,0.277,0.2523467242717743
SourdoughGulch_WA_985,2019-01-13,0.252,0.24106812477111816
SourdoughGulch_WA_985,2019-01-14,0.184,0.18916811048984528
SourdoughGulch_WA_985,2019-01-15,0.115,0.1488294005393982
SourdoughGulch_WA_985,2019-01-16,0.119,0.13019825518131256
SourdoughGulch_WA_985,2019-01-17,0.119,0.14683452248573303
SourdoughGulch_WA_985,2019-01-18,0.134,0.1489267796278
SourdoughGulch_WA_985,2019-01-19,0.147,0.16010341048240662
SourdoughGulch_WA_985,2019-01-20,0.156,0.18347172439098358
SourdoughGulch_WA_985,2019-01-21,0.172,0.20990850031375885
SourdoughGulch_WA_985,2019-01-22,0.184,0.21008707582950592
SourdoughGulch_WA_985,2019-01-23,0.177,0.21472281217575073
SourdoughGulch_WA_985,2019-01-24,0.224,0.23609748482704163
SourdoughGulch_WA_985,2019-01-25,0.253,0.24071060121059418
SourdoughGulch_WA_985,2019-01-26,0.261,0.2251545488834381
SourdoughGulch_WA_985,2019-01-27,0.256,0.24012495577335358
SourdoughGulch_WA_985,2019-01-28,0.307,0.23978817462921143
SourdoughGulch_WA_985,2019-01-29,0.288,0.24622300267219543
SourdoughGulch_WA_985,2019-01-30,0.194,0.20970997214317322
SourdoughGulch_WA_985,2019-01-31,0.146,0.1838197559118271
SourdoughGulch_WA_985,2019-02-01,0.149,0.1853107213973999
SourdoughGulch_WA_985,2019-02-02,0.174,0.18842633068561554
SourdoughGulch_WA_985,2019-02-03,0.193,0.2224719524383545
SourdoughGulch_WA_985,2019-02-04,0.242,0.239949569106102
SourdoughGulch_WA_985,2019-02-05,0.267,0.25214722752571106
SourdoughGulch_WA_985,2019-02-06,0.276,0.26194024085998535
SourdoughGulch_WA_985,2019-02-07,0.274,0.258525013923645
SourdoughGulch_WA_985,2019-02-08,0.266,0.25634831190109253
SourdoughGulch_WA_985,2019-02-09,0.25,0.25148725509643555
SourdoughGulch_WA_985,2019-02-10,0.247,0.24851395189762115
SourdoughGulch_WA_985,2019-02-11,0.236,0.26407408714294434
SourdoughGulch_WA_985,2019-02-12,0.231,0.2565435469150543
SourdoughGulch_WA_985,2019-02-13,0.243,0.25839367508888245
SourdoughGulch_WA_985,2019-02-14,0.258,0.25468209385871887
SourdoughGulch_WA_985,2019-02-15,0.265,0.26087453961372375
SourdoughGulch_WA_985,2019-02-16,0.267,0.26329681277275085
SourdoughGulch_WA_985,2019-02-17,0.269,0.2752617597579956
SourdoughGulch_WA_985,2019-02-18,0.273,0.2737925052642822
SourdoughGulch_WA_985,2019-02-19,0.275,0.2753128707408905
SourdoughGulch_WA_985,2019-02-20,0.277,0.2774367034435272
SourdoughGulch_WA_985,2019-02-21,0.277,0.27960535883903503
SourdoughGulch_WA_985,2019-02-22,0.277,0.280236154794693
SourdoughGulch_WA_985,2019-02-23,0.279,0.28065773844718933
SourdoughGulch_WA_985,2019-02-24,0.278,0.278899610042572
SourdoughGulch_WA_985,2019-02-25,0.28,0.2808105945587158
SourdoughGulch_WA_985,2019-02-26,0.28,0.27851125597953796
SourdoughGulch_WA_985,2019-02-27,0.281,0.27935755252838135
SourdoughGulch_WA_985,2019-02-28,0.283,0.2788195312023163
SourdoughGulch_WA_985,2019-03-01,0.284,0.2782420516014099
SourdoughGulch_WA_985,2019-03-02,0.285,0.2774363160133362
SourdoughGulch_WA_985,2019-03-03,0.285,0.2822645604610443
SourdoughGulch_WA_985,2019-03-04,0.285,0.28607097268104553
SourdoughGulch_WA_985,2019-03-05,0.284,0.2835529148578644
SourdoughGulch_WA_985,2019-03-06,0.284,0.2871905565261841
SourdoughGulch_WA_985,2019-03-07,0.283,0.28467920422554016
SourdoughGulch_WA_985,2019-03-08,0.308,0.28993237018585205
SourdoughGulch_WA_985,2019-03-09,0.305,0.29669052362442017
SourdoughGulch_WA_985,2019-03-10,0.304,0.2994305491447449
SourdoughGulch_WA_985,2019-03-11,0.302,0.3028389513492584
SourdoughGulch_WA_985,2019-03-12,0.3,0.3045259416103363
SourdoughGulch_WA_985,2019-03-13,0.298,0.3034847676753998
SourdoughGulch_WA_985,2019-03-14,0.298,0.30535441637039185
SourdoughGulch_WA_985,2019-03-15,0.298,0.3046661913394928
SourdoughGulch_WA_985,2019-03-16,0.297,0.301192969083786
SourdoughGulch_WA_985,2019-03-17,0.301,0.29754719138145447
SourdoughGulch_WA_985,2019-03-18,0.303,0.30997663736343384
SourdoughGulch_WA_985,2019-03-19,0.306,0.31202003359794617
SourdoughGulch_WA_985,2019-03-20,0.316,0.31679368019104004
SourdoughGulch_WA_985,2019-03-21,0.352,0.33745434880256653
SourdoughGulch_WA_985,2019-03-22,0.356,0.3450072109699249
SourdoughGulch_WA_985,2019-03-23,0.359,0.34684664011001587
SourdoughGulch_WA_985,2019-03-24,0.361,0.3516136407852173
SourdoughGulch_WA_985,2019-03-25,0.359,0.3467079699039459
SourdoughGulch_WA_985,2019-03-26,0.357,0.3593781292438507
SourdoughGulch_WA_985,2019-03-27,0.354,0.36118343472480774
SourdoughGulch_WA_985,2019-03-28,0.348,0.355258971452713
SourdoughGulch_WA_985,2019-03-29,0.347,0.35560351610183716
SourdoughGulch_WA_985,2019-03-30,0.347,0.3519737422466278
SourdoughGulch_WA_985,2019-03-31,0.341,0.34727367758750916
SourdoughGulch_WA_985,2019-04-01,0.338,0.3377825915813446
SourdoughGulch_WA_985,2019-04-02,0.335,0.3323400318622589
SourdoughGulch_WA_985,2019-04-03,0.333,0.32752642035484314
SourdoughGulch_WA_985,2019-04-04,0.331,0.3234562575817108
SourdoughGulch_WA_985,2019-04-05,0.328,0.3260074257850647
SourdoughGulch_WA_985,2019-04-06,0.339,0.32957202196121216
SourdoughGulch_WA_985,2019-04-07,0.338,0.33576178550720215
SourdoughGulch_WA_985,2019-04-08,0.354,0.3495060205459595
SourdoughGulch_WA_985,2019-04-09,0.35,0.3465272784233093
SourdoughGulch_WA_985,2019-04-10,0.341,0.3469291627407074
SourdoughGulch_WA_985,2019-04-11,0.336,0.34025269746780396
SourdoughGulch_WA_985,2019-04-12,0.338,0.3332590162754059
SourdoughGulch_WA_985,2019-04-13,0.348,0.33571749925613403
SourdoughGulch_WA_985,2019-04-14,0.338,0.3366062343120575
SourdoughGulch_WA_985,2019-04-15,0.338,0.3375803232192993
SourdoughGulch_WA_985,2019-04-16,0.334,0.3328705132007599
SourdoughGulch_WA_985,2019-04-17,0.337,0.3323255777359009
SourdoughGulch_WA_985,2019-04-18,0.337,0.3335435688495636
SourdoughGulch_WA_985,2019-04-19,0.333,0.33477023243904114
SourdoughGulch_WA_985,2019-04-20,0.332,0.3393268585205078
SourdoughGulch_WA_985,2019-04-21,0.347,0.3357039988040924
SourdoughGulch_WA_985,2019-04-22,0.342,0.32690972089767456
SourdoughGulch_WA_985,2019-04-23,0.338,0.32504668831825256
SourdoughGulch_WA_985,2019-04-24,0.335,0.3248967230319977
SourdoughGulch_WA_985,2019-04-25,0.328,0.32364413142204285
SourdoughGulch_WA_985,2019-04-26,0.323,0.3222526013851166
SourdoughGulch_WA_985,2019-04-27,0.315,0.31764185428619385
SourdoughGulch_WA_985,2019-04-28,0.308,0.3122904896736145
SourdoughGulch_WA_985,2019-04-29,0.303,0.3108578324317932
SourdoughGulch_WA_985,2019-04-30,0.3,0.3078637719154358
SourdoughGulch_WA_985,2019-05-01,0.295,0.3006002604961395
SourdoughGulch_WA_985,2019-05-02,0.289,0.298578679561615
SourdoughGulch_WA_985,2019-05-03,0.287,0.29026833176612854
SourdoughGulch_WA_985,2019-05-04,0.284,0.29042261838912964
SourdoughGulch_WA_985,2019-05-05,0.281,0.29068318009376526
SourdoughGulch_WA_985,2019-05-06,0.274,0.2839966118335724
SourdoughGulch_WA_985,2019-05-07,0.272,0.281371146440506
SourdoughGulch_WA_985,2019-05-08,0.267,0.2733539044857025
SourdoughGulch_WA_985,2019-05-09,0.26,0.2629249393939972
SourdoughGulch_WA_985,2019-05-10,0.258,0.2567198872566223
SourdoughGulch_WA_985,2019-05-11,0.253,0.25383520126342773
SourdoughGulch_WA_985,2019-05-12,0.25,0.24744854867458344
SourdoughGulch_WA_985,2019-05-13,0.245,0.22627466917037964
SourdoughGulch_WA_985,2019-05-14,0.232,0.21612536907196045
SourdoughGulch_WA_985,2019-05-15,0.219,0.22281095385551453
SourdoughGulch_WA_985,2019-05-16,0.217,0.21775390207767487
SourdoughGulch_WA_985,2019-05-17,0.215,0.22234266996383667
SourdoughGulch_WA_985,2019-05-18,0.211,0.22338362038135529
SourdoughGulch_WA_985,2019-05-19,0.212,0.21974508464336395
SourdoughGulch_WA_985,2019-05-20,0.216,0.2140670269727707
SourdoughGulch_WA_985,2019-05-21,0.203,0.214033305644989
SourdoughGulch_WA_985,2019-05-22,0.206,0.22343969345092773
SourdoughGulch_WA_985,2019-05-23,0.209,0.22577239573001862
SourdoughGulch_WA_985,2019-05-24,0.216,0.22338716685771942
SourdoughGulch_WA_985,2019-05-25,0.211,0.23028992116451263
SourdoughGulch_WA_985,2019-05-26,0.311,0.2613355219364166
SourdoughGulch_WA_985,2019-05-27,0.309,0.2830062806606293
SourdoughGulch_WA_985,2019-05-28,0.292,0.28545981645584106
SourdoughGulch_WA_985,2019-05-29,0.291,0.28649207949638367
SourdoughGulch_WA_985,2019-05-30,0.283,0.2901257872581482
SourdoughGulch_WA_985,2019-05-31,0.273,0.28645455837249756
SourdoughGulch_WA_985,2019-06-01,0.269,0.287519246339798
SourdoughGulch_WA_985,2019-06-02,0.262,0.2783409357070923
SourdoughGulch_WA_985,2019-06-03,0.254,0.27050864696502686
SourdoughGulch_WA_985,2019-06-04,0.244,0.24596503376960754
SourdoughGulch_WA_985,2019-06-05,0.235,0.24669663608074188
SourdoughGulch_WA_985,2019-06-06,0.221,0.2505524158477783
SourdoughGulch_WA_985,2019-06-07,0.317,0.26332947611808777
SourdoughGulch_WA_985,2019-06-08,0.293,0.2641008496284485
SourdoughGulch_WA_985,2019-06-09,0.276,0.26359349489212036
SourdoughGulch_WA_985,2019-06-10,0.274,0.2524728775024414
SourdoughGulch_WA_985,2019-06-11,0.27,0.25377634167671204
SourdoughGulch_WA_985,2019-06-12,0.263,0.2600853145122528
SourdoughGulch_WA_985,2019-06-13,0.256,0.2506617307662964
SourdoughGulch_WA_985,2019-06-14,0.24,0.25388818979263306
SourdoughGulch_WA_985,2019-06-15,0.234,0.23270998895168304
SourdoughGulch_WA_985,2019-06-16,0.223,0.22330865263938904
SourdoughGulch_WA_985,2019-06-17,0.216,0.21680791676044464
SourdoughGulch_WA_985,2019-06-18,0.203,0.20934192836284637
SourdoughGulch_WA_985,2019-06-19,0.188,0.20612338185310364
SourdoughGulch_WA_985,2019-06-20,0.183,0.18976034224033356
SourdoughGulch_WA_985,2019-06-21,0.168,0.1755770891904831
SourdoughGulch_WA_985,2019-06-22,0.157,0.17082341015338898
SourdoughGulch_WA_985,2019-06-23,0.158,0.17436254024505615
SourdoughGulch_WA_985,2019-06-24,0.154,0.18100658059120178
SourdoughGulch_WA_985,2019-06-25,0.154,0.1653483808040619
SourdoughGulch_WA_985,2019-06-26,0.156,0.1765834391117096
SourdoughGulch_WA_985,2019-06-27,0.268,0.2428857833147049
SourdoughGulch_WA_985,2019-06-28,0.316,0.2940038740634918
SourdoughGulch_WA_985,2019-06-29,0.307,0.30081140995025635
SourdoughGulch_WA_985,2019-06-30,0.308,0.2959336042404175
SourdoughGulch_WA_985,2019-07-01,0.303,0.292148619890213
SourdoughGulch_WA_985,2019-07-02,0.292,0.29192018508911133
SourdoughGulch_WA_985,2019-07-03,0.287,0.2898363173007965
SourdoughGulch_WA_985,2019-07-04,0.284,0.28760001063346863
SourdoughGulch_WA_985,2019-07-05,0.279,0.28451570868492126
SourdoughGulch_WA_985,2019-07-06,0.278,0.27518588304519653
SourdoughGulch_WA_985,2019-07-07,0.278,0.27372822165489197
SourdoughGulch_WA_985,2019-07-08,0.268,0.282600998878479
SourdoughGulch_WA_985,2019-07-09,0.261,0.278909832239151
SourdoughGulch_WA_985,2019-07-10,0.26,0.27251318097114563
SourdoughGulch_WA_985,2019-07-11,0.258,0.2621913552284241
SourdoughGulch_WA_985,2019-07-12,0.248,0.24284851551055908
SourdoughGulch_WA_985,2019-07-13,0.244,0.22529086470603943
SourdoughGulch_WA_985,2019-07-14,0.236,0.21423956751823425
SourdoughGulch_WA_985,2019-07-15,0.225,0.20762647688388824
SourdoughGulch_WA_985,2019-07-16,0.205,0.21740692853927612
SourdoughGulch_WA_985,2019-07-17,0.196,0.1952952742576599
SourdoughGulch_WA_985,2019-07-18,0.185,0.18904198706150055
SourdoughGulch_WA_985,2019-07-19,0.19,0.18054264783859253
SourdoughGulch_WA_985,2019-07-20,0.176,0.17721639573574066
SourdoughGulch_WA_985,2019-07-21,0.175,0.17058557271957397
SourdoughGulch_WA_985,2019-07-22,0.174,0.16567674279212952
SourdoughGulch_WA_985,2019-07-23,0.166,0.15709540247917175
SourdoughGulch_WA_985,2019-07-24,0.163,0.1492989957332611
SourdoughGulch_WA_985,2019-07-25,0.157,0.1432824730873108
SourdoughGulch_WA_985,2019-07-26,0.151,0.15570950508117676
SourdoughGulch_WA_985,2019-07-27,0.147,0.14925354719161987
SourdoughGulch_WA_985,2019-07-28,0.145,0.15015099942684174
SourdoughGulch_WA_985,2019-07-29,0.139,0.12776891887187958
SourdoughGulch_WA_985,2019-07-30,0.132,0.1289043426513672
SourdoughGulch_WA_985,2019-07-31,0.133,0.12976688146591187
SourdoughGulch_WA_985,2019-08-01,0.129,0.12207981944084167
SourdoughGulch_WA_985,2019-08-02,0.126,0.12766267359256744
SourdoughGulch_WA_985,2019-08-03,0.119,0.11767105013132095
SourdoughGulch_WA_985,2019-08-04,0.111,0.11740973591804504
SourdoughGulch_WA_985,2019-08-05,0.111,0.11010434478521347
SourdoughGulch_WA_985,2019-08-06,0.112,0.10599539428949356
SourdoughGulch_WA_985,2019-08-07,0.107,0.10409259051084518
SourdoughGulch_WA_985,2019-08-08,0.104,0.09903925657272339
SourdoughGulch_WA_985,2019-08-09,0.096,0.0988706722855568
SourdoughGulch_WA_985,2019-08-10,0.091,0.08842310309410095
SourdoughGulch_WA_985,2019-08-11,0.091,0.11043501645326614
SourdoughGulch_WA_985,2019-08-12,0.093,0.1170092523097992
SourdoughGulch_WA_985,2019-08-13,0.109,0.12108530104160309
SourdoughGulch_WA_985,2019-08-14,0.112,0.11605667322874069
SourdoughGulch_WA_985,2019-08-15,0.114,0.11630918085575104
SourdoughGulch_WA_985,2019-08-16,0.11,0.1115635484457016
SourdoughGulch_WA_985,2019-08-17,0.115,0.10754647850990295
SourdoughGulch_WA_985,2019-08-18,0.105,0.1086312010884285
SourdoughGulch_WA_985,2019-08-19,0.105,0.11085312813520432
SourdoughGulch_WA_985,2019-08-20,0.108,0.11129207164049149
SourdoughGulch_WA_985,2019-08-21,0.107,0.09886918216943741
SourdoughGulch_WA_985,2019-08-22,0.106,0.10018257796764374
SourdoughGulch_WA_985,2019-08-23,0.094,0.09938845038414001
SourdoughGulch_WA_985,2019-08-24,0.096,0.09750637412071228
SourdoughGulch_WA_985,2019-08-25,0.097,0.09893327951431274
SourdoughGulch_WA_985,2019-08-26,0.094,0.10029986500740051
SourdoughGulch_WA_985,2019-08-27,0.088,0.0981668010354042
SourdoughGulch_WA_985,2019-08-28,0.087,0.09333036094903946
SourdoughGulch_WA_985,2019-08-29,0.088,0.09548205137252808
SourdoughGulch_WA_985,2019-08-30,0.079,0.08857560157775879
SourdoughGulch_WA_985,2019-08-31,0.082,0.08821438252925873
SourdoughGulch_WA_985,2019-09-01,0.083,0.0894748643040657
SourdoughGulch_WA_985,2019-09-02,0.082,0.08364319801330566
SourdoughGulch_WA_985,2019-09-03,0.079,0.08723805844783783
SourdoughGulch_WA_985,2019-09-04,0.078,0.08506222069263458
SourdoughGulch_WA_985,2019-09-05,0.074,0.07576978951692581
SourdoughGulch_WA_985,2019-09-06,0.07,0.07135013490915298
SourdoughGulch_WA_985,2019-09-07,0.069,0.08107808232307434
SourdoughGulch_WA_985,2019-09-08,0.063,0.06912809610366821
SourdoughGulch_WA_985,2019-09-09,0.065,0.06356071680784225
SourdoughGulch_WA_985,2019-09-10,0.068,0.06947669386863708
SourdoughGulch_WA_985,2019-09-11,0.067,0.07726262509822845
SourdoughGulch_WA_985,2019-09-12,0.062,0.07952117174863815
SourdoughGulch_WA_985,2019-09-13,0.071,0.07044728100299835
SourdoughGulch_WA_985,2019-09-14,0.073,0.07895752787590027
SourdoughGulch_WA_985,2019-09-15,0.076,0.08715585619211197
SourdoughGulch_WA_985,2019-09-16,0.08,0.08410877734422684
SourdoughGulch_WA_985,2019-09-17,0.073,0.08877388387918472
SourdoughGulch_WA_985,2019-09-18,0.077,0.08617328107357025
SourdoughGulch_WA_985,2019-09-19,0.085,0.10659044235944748
SourdoughGulch_WA_985,2019-09-20,0.12,0.11652805656194687
SourdoughGulch_WA_985,2019-09-21,0.133,0.11699271947145462
SourdoughGulch_WA_985,2019-09-22,0.14,0.11553271859884262
SourdoughGulch_WA_985,2019-09-23,0.144,0.13568557798862457
SourdoughGulch_WA_985,2019-09-24,0.146,0.1392425000667572
SourdoughGulch_WA_985,2019-09-25,0.147,0.14180795848369598
SourdoughGulch_WA_985,2019-09-26,0.145,0.13439446687698364
SourdoughGulch_WA_985,2019-09-27,0.143,0.14278893172740936
SourdoughGulch_WA_985,2019-09-28,0.139,0.1356503665447235
SourdoughGulch_WA_985,2019-09-29,0.129,0.14092257618904114
SourdoughGulch_WA_985,2019-09-30,0.126,0.1144791767001152
SourdoughGulch_WA_985,2019-10-01,0.12,0.13137972354888916
SourdoughGulch_WA_985,2019-10-02,0.135,0.1440156251192093
SourdoughGulch_WA_985,2019-10-03,0.145,0.1533796340227127
SourdoughGulch_WA_985,2019-10-04,0.156,0.15350228548049927
SourdoughGulch_WA_985,2019-10-05,0.157,0.15206760168075562
SourdoughGulch_WA_985,2019-10-06,0.157,0.1485809087753296
SourdoughGulch_WA_985,2019-10-07,0.157,0.17767055332660675
SourdoughGulch_WA_985,2019-10-08,0.158,0.15079382061958313
SourdoughGulch_WA_985,2019-10-09,0.174,0.18927299976348877
SourdoughGulch_WA_985,2019-10-10,0.219,0.2095935344696045
SourdoughGulch_WA_985,2019-10-11,0.222,0.22502966225147247
SourdoughGulch_WA_985,2019-10-12,0.225,0.22331644594669342
SourdoughGulch_WA_985,2019-10-13,0.229,0.21543164551258087
SourdoughGulch_WA_985,2019-10-14,0.234,0.22748355567455292
SourdoughGulch_WA_985,2019-10-15,0.233,0.22584082186222076
SourdoughGulch_WA_985,2019-10-16,0.228,0.22949360311031342
SourdoughGulch_WA_985,2019-10-17,0.23,0.22210122644901276
SourdoughGulch_WA_985,2019-10-18,0.224,0.23577649891376495
SourdoughGulch_WA_985,2019-10-19,0.217,0.2424008995294571
SourdoughGulch_WA_985,2019-10-20,0.345,0.32078173756599426
SourdoughGulch_WA_985,2019-10-21,0.328,0.3162073493003845
SourdoughGulch_WA_985,2019-10-22,0.315,0.3168170750141144
SourdoughGulch_WA_985,2019-10-23,0.326,0.3107120394706726
SourdoughGulch_WA_985,2019-10-24,0.31,0.30587542057037354
SourdoughGulch_WA_985,2019-10-25,0.303,0.3039460778236389
SourdoughGulch_WA_985,2019-10-26,0.302,0.2983207404613495
SourdoughGulch_WA_985,2019-10-27,0.291,0.29315415024757385
SourdoughGulch_WA_985,2019-10-28,0.286,0.2913537323474884
SourdoughGulch_WA_985,2019-10-29,0.281,0.28302910923957825
SourdoughGulch_WA_985,2019-10-30,0.282,0.281334787607193
SourdoughGulch_WA_985,2019-10-31,0.275,0.27652600407600403
SourdoughGulch_WA_985,2019-11-01,0.271,0.25964754819869995
SourdoughGulch_WA_985,2019-11-02,0.269,0.25635775923728943
SourdoughGulch_WA_985,2019-11-03,0.267,0.25817400217056274
SourdoughGulch_WA_985,2019-11-04,0.27,0.2637622058391571
SourdoughGulch_WA_985,2019-11-05,0.308,0.28469765186309814
SourdoughGulch_WA_985,2019-11-06,0.305,0.29711103439331055
SourdoughGulch_WA_985,2019-11-07,0.3,0.2965754270553589
SourdoughGulch_WA_985,2019-11-08,0.294,0.29492446780204773
SourdoughGulch_WA_985,2019-11-09,0.297,0.2967228889465332
SourdoughGulch_WA_985,2019-11-10,0.297,0.29002922773361206
SourdoughGulch_WA_985,2019-11-11,0.298,0.2836635112762451
SourdoughGulch_WA_985,2019-11-12,0.29,0.2683514952659607
SourdoughGulch_WA_985,2019-11-13,0.291,0.27077096700668335
SourdoughGulch_WA_985,2019-11-14,0.289,0.2762335240840912
SourdoughGulch_WA_985,2019-11-15,0.286,0.27825888991355896
SourdoughGulch_WA_985,2019-11-16,0.289,0.2757377326488495
SourdoughGulch_WA_985,2019-11-17,0.288,0.2791508138179779
SourdoughGulch_WA_985,2019-11-18,0.293,0.2816888391971588
SourdoughGulch_WA_985,2019-11-19,0.292,0.2858150601387024
SourdoughGulch_WA_985,2019-11-20,0.304,0.28698083758354187
SourdoughGulch_WA_985,2019-11-21,0.305,0.2862023115158081
SourdoughGulch_WA_985,2019-11-22,0.296,0.2879093289375305
SourdoughGulch_WA_985,2019-11-23,0.28,0.2774724066257477
SourdoughGulch_WA_985,2019-11-24,0.271,0.27215051651000977
SourdoughGulch_WA_985,2019-11-25,0.276,0.2732831835746765
SourdoughGulch_WA_985,2019-11-26,0.273,0.27228885889053345
SourdoughGulch_WA_985,2019-11-27,0.274,0.2561396658420563
SourdoughGulch_WA_985,2019-11-28,0.276,0.2628239691257477
SourdoughGulch_WA_985,2019-11-29,0.277,0.2655651569366455
SourdoughGulch_WA_985,2019-11-30,0.272,0.26826080679893494
SourdoughGulch_WA_985,2019-12-01,0.27,0.2652254104614258
SourdoughGulch_WA_985,2019-12-02,0.265,0.2688191533088684
SourdoughGulch_WA_985,2019-12-03,0.266,0.2658688426017761
SourdoughGulch_WA_985,2019-12-04,0.266,0.27023017406463623
SourdoughGulch_WA_985,2019-12-05,0.273,0.2838919460773468
SourdoughGulch_WA_985,2019-12-06,0.29,0.30167630314826965
SourdoughGulch_WA_985,2019-12-07,0.304,0.29884910583496094
SourdoughGulch_WA_985,2019-12-08,0.337,0.29347386956214905
SourdoughGulch_WA_985,2019-12-09,0.327,0.3072451949119568
SourdoughGulch_WA_985,2019-12-10,0.309,0.3017690181732178
SourdoughGulch_WA_985,2019-12-11,0.294,0.30706900358200073
SourdoughGulch_WA_985,2019-12-12,0.295,0.31064948439598083
SourdoughGulch_WA_985,2019-12-13,0.319,0.3179146945476532
SourdoughGulch_WA_985,2019-12-14,0.325,0.32351112365722656
SourdoughGulch_WA_985,2019-12-15,0.312,0.3170287609100342
SourdoughGulch_WA_985,2019-12-16,0.306,0.3097619414329529
SourdoughGulch_WA_985,2019-12-17,0.296,0.30481308698654175
SourdoughGulch_WA_985,2019-12-18,0.285,0.29339656233787537
SourdoughGulch_WA_985,2019-12-19,0.281,0.2924776077270508
SourdoughGulch_WA_985,2019-12-20,0.279,0.296340674161911
SourdoughGulch_WA_985,2019-12-21,0.332,0.3042390048503876
SourdoughGulch_WA_985,2019-12-22,0.333,0.32055047154426575
SourdoughGulch_WA_985,2019-12-23,0.325,0.3196341395378113
SourdoughGulch_WA_985,2019-12-24,0.331,0.31200388073921204
SourdoughGulch_WA_985,2019-12-25,0.319,0.30274054408073425
SourdoughGulch_WA_985,2019-12-26,0.303,0.29486608505249023
SourdoughGulch_WA_985,2019-12-27,0.291,0.2917184829711914
SourdoughGulch_WA_985,2019-12-28,0.278,0.2876189351081848
SourdoughGulch_WA_985,2019-12-29,0.272,0.28377196192741394
SourdoughGulch_WA_985,2019-12-30,0.271,0.26737716794013977
SourdoughGulch_WA_985,2019-12-31,0.276,0.26864370703697205
SourdoughGulch_WA_985,2020-01-01,0.303,0.31013259291648865
SourdoughGulch_WA_985,2020-01-02,0.339,0.3236902952194214
SourdoughGulch_WA_985,2020-01-03,0.33,0.3220829665660858
SourdoughGulch_WA_985,2020-01-04,0.329,0.3180055320262909
SourdoughGulch_WA_985,2020-01-05,0.323,0.3153163492679596
SourdoughGulch_WA_985,2020-01-06,0.311,0.3141126036643982
SourdoughGulch_WA_985,2020-01-07,0.314,0.31540071964263916
SourdoughGulch_WA_985,2020-01-08,0.324,0.3108810782432556
SourdoughGulch_WA_985,2020-01-09,0.319,0.3171827495098114
SourdoughGulch_WA_985,2020-01-10,0.311,0.3125910758972168
SourdoughGulch_WA_985,2020-01-11,0.298,0.3066256642341614
SourdoughGulch_WA_985,2020-01-12,0.297,0.30066168308258057
SourdoughGulch_WA_985,2020-01-13,0.298,0.2882623076438904
SourdoughGulch_WA_985,2020-01-14,0.3,0.2913827896118164
SourdoughGulch_WA_985,2020-01-15,0.301,0.29805418848991394
SourdoughGulch_WA_985,2020-01-16,0.301,0.2919861674308777
SourdoughGulch_WA_985,2020-01-17,0.3,0.2993948757648468
SourdoughGulch_WA_985,2020-01-18,0.301,0.294257253408432
SourdoughGulch_WA_985,2020-01-19,0.3,0.2916191518306732
SourdoughGulch_WA_985,2020-01-20,0.3,0.2912125885486603
SourdoughGulch_WA_985,2020-01-21,0.301,0.30667728185653687
SourdoughGulch_WA_985,2020-01-22,0.322,0.3172001838684082
SourdoughGulch_WA_985,2020-01-23,0.322,0.3252955675125122
SourdoughGulch_WA_985,2020-01-24,0.33,0.32972589135169983
SourdoughGulch_WA_985,2020-01-25,0.343,0.3300217092037201
SourdoughGulch_WA_985,2020-01-26,0.337,0.33182573318481445
SourdoughGulch_WA_985,2020-01-27,0.341,0.32905125617980957
SourdoughGulch_WA_985,2020-01-28,0.328,0.3298502266407013
SourdoughGulch_WA_985,2020-01-29,0.345,0.3366953134536743
SourdoughGulch_WA_985,2020-01-30,0.333,0.3367040753364563
SourdoughGulch_WA_985,2020-01-31,0.333,0.3347572684288025
SourdoughGulch_WA_985,2020-02-01,0.346,0.34041571617126465
SourdoughGulch_WA_985,2020-02-02,0.341,0.34161099791526794
SourdoughGulch_WA_985,2020-02-03,0.332,0.3319844901561737
SourdoughGulch_WA_985,2020-02-04,0.319,0.32568588852882385
SourdoughGulch_WA_985,2020-02-05,0.307,0.33027511835098267
SourdoughGulch_WA_985,2020-02-06,0.342,0.3413298428058624
SourdoughGulch_WA_985,2020-02-07,0.351,0.34184229373931885
SourdoughGulch_WA_985,2020-02-08,0.343,0.3389662504196167
SourdoughGulch_WA_985,2020-02-09,0.333,0.3272082507610321
SourdoughGulch_WA_985,2020-02-10,0.328,0.32100313901901245
SourdoughGulch_WA_985,2020-02-11,0.321,0.3124709129333496
SourdoughGulch_WA_985,2020-02-12,0.313,0.31339335441589355
SourdoughGulch_WA_985,2020-02-13,0.311,0.31297361850738525
SourdoughGulch_WA_985,2020-02-14,0.301,0.30962464213371277
SourdoughGulch_WA_985,2020-02-15,0.305,0.30979636311531067
SourdoughGulch_WA_985,2020-02-16,0.301,0.31108832359313965
SourdoughGulch_WA_985,2020-02-17,0.311,0.31273916363716125
SourdoughGulch_WA_985,2020-02-18,0.311,0.31452107429504395
SourdoughGulch_WA_985,2020-02-19,0.302,0.30926552414894104
SourdoughGulch_WA_985,2020-02-20,0.292,0.2950054705142975
SourdoughGulch_WA_985,2020-02-21,0.282,0.288607656955719
SourdoughGulch_WA_985,2020-02-22,0.274,0.2899533212184906
SourdoughGulch_WA_985,2020-02-23,0.276,0.29671674966812134
SourdoughGulch_WA_985,2020-02-24,0.322,0.3204714357852936
SourdoughGulch_WA_985,2020-02-25,0.314,0.31993988156318665
SourdoughGulch_WA_985,2020-02-26,0.3,0.3192397356033325
SourdoughGulch_WA_985,2020-02-27,0.335,0.31775572896003723
SourdoughGulch_WA_985,2020-02-28,0.325,0.3171050250530243
SourdoughGulch_WA_985,2020-02-29,0.336,0.3195487856864929
SourdoughGulch_WA_985,2020-03-01,0.33,0.3170602023601532
SourdoughGulch_WA_985,2020-03-02,0.315,0.3147132992744446
SourdoughGulch_WA_985,2020-03-03,0.307,0.3146315813064575
SourdoughGulch_WA_985,2020-03-04,0.328,0.31670302152633667
SourdoughGulch_WA_985,2020-03-05,0.324,0.31696757674217224
SourdoughGulch_WA_985,2020-03-06,0.324,0.31546857953071594
SourdoughGulch_WA_985,2020-03-07,0.321,0.3184201121330261
SourdoughGulch_WA_985,2020-03-08,0.318,0.3193153142929077
SourdoughGulch_WA_985,2020-03-09,0.314,0.3157092332839966
SourdoughGulch_WA_985,2020-03-10,0.312,0.31520310044288635
SourdoughGulch_WA_985,2020-03-11,0.31,0.31340309977531433
SourdoughGulch_WA_985,2020-03-12,0.314,0.3124186098575592
SourdoughGulch_WA_985,2020-03-13,0.304,0.31190988421440125
SourdoughGulch_WA_985,2020-03-14,0.301,0.313190221786499
SourdoughGulch_WA_985,2020-03-15,0.302,0.3129155933856964
SourdoughGulch_WA_985,2020-03-16,0.304,0.3155394494533539
SourdoughGulch_WA_985,2020-03-17,0.306,0.3178967237472534
SourdoughGulch_WA_985,2020-03-18,0.34,0.3232443034648895
SourdoughGulch_WA_985,2020-03-19,0.336,0.3246521055698395
SourdoughGulch_WA_985,2020-03-20,0.331,0.32109054923057556
SourdoughGulch_WA_985,2020-03-21,0.327,0.32026445865631104
SourdoughGulch_WA_985,2020-03-22,0.325,0.3213161528110504
SourdoughGulch_WA_985,2020-03-23,0.321,0.31806039810180664
SourdoughGulch_WA_985,2020-03-24,0.32,0.317069411277771
SourdoughGulch_WA_985,2020-03-25,0.313,0.3162619471549988
SourdoughGulch_WA_985,2020-03-26,0.313,0.3176908791065216
SourdoughGulch_WA_985,2020-03-27,0.311,0.317014217376709
SourdoughGulch_WA_985,2020-03-28,0.311,0.31561896204948425
SourdoughGulch_WA_985,2020-03-29,0.313,0.31505313515663147
SourdoughGulch_WA_985,2020-03-30,0.317,0.32356879115104675
SourdoughGulch_WA_985,2020-03-31,0.355,0.33387044072151184
SourdoughGulch_WA_985,2020-04-01,0.344,0.34034842252731323
SourdoughGulch_WA_985,2020-04-02,0.343,0.3377355933189392
SourdoughGulch_WA_985,2020-04-03,0.336,0.33416444063186646
SourdoughGulch_WA_985,2020-04-04,0.332,0.33247318863868713
SourdoughGulch_WA_985,2020-04-05,0.331,0.33176180720329285
SourdoughGulch_WA_985,2020-04-06,0.33,0.3299069404602051
SourdoughGulch_WA_985,2020-04-07,0.329,0.3285531997680664
SourdoughGulch_WA_985,2020-04-08,0.327,0.32380104064941406
SourdoughGulch_WA_985,2020-04-09,0.323,0.32156985998153687
SourdoughGulch_WA_985,2020-04-10,0.319,0.3160586357116699
SourdoughGulch_WA_985,2020-04-11,0.316,0.3052188754081726
SourdoughGulch_WA_985,2020-04-12,0.307,0.31210649013519287
SourdoughGulch_WA_985,2020-04-13,0.3,0.3072751760482788
SourdoughGulch_WA_985,2020-04-14,0.295,0.3083016276359558
SourdoughGulch_WA_985,2020-04-15,0.294,0.31332656741142273
SourdoughGulch_WA_985,2020-04-16,0.341,0.32330259680747986
SourdoughGulch_WA_985,2020-04-17,0.336,0.3227977752685547
SourdoughGulch_WA_985,2020-04-18,0.332,0.3234471380710602
SourdoughGulch_WA_985,2020-04-19,0.324,0.32112759351730347
SourdoughGulch_WA_985,2020-04-20,0.32,0.3207401931285858
SourdoughGulch_WA_985,2020-04-21,0.319,0.31797870993614197
SourdoughGulch_WA_985,2020-04-22,0.316,0.3177418112754822
SourdoughGulch_WA_985,2020-04-23,0.307,0.32044315338134766
SourdoughGulch_WA_985,2020-04-24,0.349,0.3250429928302765
SourdoughGulch_WA_985,2020-04-25,0.34,0.3263435959815979
SourdoughGulch_WA_985,2020-04-26,0.336,0.3269977569580078
SourdoughGulch_WA_985,2020-04-27,0.334,0.32353004813194275
SourdoughGulch_WA_985,2020-04-28,0.327,0.3186265826225281
SourdoughGulch_WA_985,2020-04-29,0.32,0.3152126967906952
SourdoughGulch_WA_985,2020-04-30,0.314,0.3120385408401489
SourdoughGulch_WA_985,2020-05-01,0.308,0.305685818195343
SourdoughGulch_WA_985,2020-05-02,0.307,0.309462308883667
SourdoughGulch_WA_985,2020-05-03,0.301,0.3116605281829834
SourdoughGulch_WA_985,2020-05-04,0.299,0.3097602128982544
SourdoughGulch_WA_985,2020-05-05,0.296,0.30462485551834106
SourdoughGulch_WA_985,2020-05-06,0.292,0.29889780282974243
SourdoughGulch_WA_985,2020-05-07,0.284,0.29706498980522156
SourdoughGulch_WA_985,2020-05-08,0.284,0.29569321870803833
SourdoughGulch_WA_985,2020-05-09,0.28,0.2851638197898865
SourdoughGulch_WA_985,2020-05-10,0.274,0.2787414491176605
SourdoughGulch_WA_985,2020-05-11,0.265,0.274419903755188
SourdoughGulch_WA_985,2020-05-12,0.254,0.290892094373703
SourdoughGulch_WA_985,2020-05-13,0.322,0.3087325096130371
SourdoughGulch_WA_985,2020-05-14,0.313,0.32225364446640015
SourdoughGulch_WA_985,2020-05-15,0.35,0.33778947591781616
SourdoughGulch_WA_985,2020-05-16,0.347,0.3380334675312042
SourdoughGulch_WA_985,2020-05-17,0.342,0.34330594539642334
SourdoughGulch_WA_985,2020-05-18,0.341,0.3300975263118744
SourdoughGulch_WA_985,2020-05-19,0.339,0.34070661664009094
SourdoughGulch_WA_985,2020-05-20,0.354,0.35623976588249207
SourdoughGulch_WA_985,2020-05-21,0.369,0.34720444679260254
SourdoughGulch_WA_985,2020-05-22,0.351,0.3504451513290405
SourdoughGulch_WA_985,2020-05-23,0.344,0.3452209532260895
SourdoughGulch_WA_985,2020-05-24,0.339,0.33372852206230164
SourdoughGulch_WA_985,2020-05-25,0.336,0.3331040143966675
SourdoughGulch_WA_985,2020-05-26,0.33,0.33300042152404785
SourdoughGulch_WA_985,2020-05-27,0.333,0.3331919014453888
SourdoughGulch_WA_985,2020-05-28,0.328,0.3202216625213623
SourdoughGulch_WA_985,2020-05-29,0.319,0.3188023865222931
SourdoughGulch_WA_985,2020-05-30,0.317,0.3151788115501404
SourdoughGulch_WA_985,2020-05-31,0.308,0.32489532232284546
SourdoughGulch_WA_985,2020-06-01,0.353,0.34181323647499084
SourdoughGulch_WA_985,2020-06-02,0.342,0.33810582756996155
SourdoughGulch_WA_985,2020-06-03,0.335,0.33374035358428955
SourdoughGulch_WA_985,2020-06-04,0.326,0.33394524455070496
SourdoughGulch_WA_985,2020-06-05,0.317,0.32746222615242004
SourdoughGulch_WA_985,2020-06-06,0.311,0.3297920525074005
SourdoughGulch_WA_985,2020-06-07,0.351,0.3429916799068451
SourdoughGulch_WA_985,2020-06-08,0.346,0.3409343659877777
SourdoughGulch_WA_985,2020-06-09,0.339,0.3383707106113434
SourdoughGulch_WA_985,2020-06-10,0.334,0.3434189558029175
SourdoughGulch_WA_985,2020-06-11,0.338,0.34010323882102966
SourdoughGulch_WA_985,2020-06-12,0.337,0.3310120403766632
SourdoughGulch_WA_985,2020-06-13,0.33,0.3418598771095276
SourdoughGulch_WA_985,2020-06-14,0.364,0.3464319705963135
SourdoughGulch_WA_985,2020-06-15,0.352,0.3537268340587616
SourdoughGulch_WA_985,2020-06-16,0.351,0.35965460538864136
SourdoughGulch_WA_985,2020-06-17,0.357,0.35163286328315735
SourdoughGulch_WA_985,2020-06-18,0.352,0.34631672501564026
SourdoughGulch_WA_985,2020-06-19,0.347,0.3432287573814392
SourdoughGulch_WA_985,2020-06-20,0.342,0.3391498923301697
SourdoughGulch_WA_985,2020-06-21,0.337,0.33732685446739197
SourdoughGulch_WA_985,2020-06-22,0.338,0.3378913402557373
SourdoughGulch_WA_985,2020-06-23,0.332,0.3266763389110565
SourdoughGulch_WA_985,2020-06-24,0.324,0.3120097517967224
SourdoughGulch_WA_985,2020-06-25,0.314,0.3104548156261444
SourdoughGulch_WA_985,2020-06-26,0.305,0.3039969205856323
SourdoughGulch_WA_985,2020-06-27,0.295,0.3035038411617279
SourdoughGulch_WA_985,2020-06-28,0.28,0.298019677400589
SourdoughGulch_WA_985,2020-06-29,0.266,0.30483344197273254
SourdoughGulch_WA_985,2020-06-30,0.355,0.3288707733154297
SourdoughGulch_WA_985,2020-07-01,0.36,0.336437851190567
SourdoughGulch_WA_985,2020-07-02,0.348,0.33174943923950195
SourdoughGulch_WA_985,2020-07-03,0.343,0.33085280656814575
SourdoughGulch_WA_985,2020-07-04,0.336,0.3312983214855194
SourdoughGulch_WA_985,2020-07-05,0.327,0.31983518600463867
SourdoughGulch_WA_985,2020-07-06,0.319,0.3018093705177307
SourdoughGulch_WA_985,2020-07-07,0.312,0.2872810661792755
SourdoughGulch_WA_985,2020-07-08,0.305,0.310245156288147
SourdoughGulch_WA_985,2020-07-09,0.301,0.3027961254119873
SourdoughGulch_WA_985,2020-07-10,0.294,0.30243003368377686
SourdoughGulch_WA_985,2020-07-11,0.292,0.2962474524974823
SourdoughGulch_WA_985,2020-07-12,0.289,0.2977747321128845
SourdoughGulch_WA_985,2020-07-13,0.277,0.29758504033088684
SourdoughGulch_WA_985,2020-07-14,0.269,0.2853775918483734
SourdoughGulch_WA_985,2020-07-15,0.26,0.26342007517814636
SourdoughGulch_WA_985,2020-07-16,0.249,0.24785985052585602
SourdoughGulch_WA_985,2020-07-17,0.238,0.23620645701885223
SourdoughGulch_WA_985,2020-07-18,0.22,0.2215467095375061
SourdoughGulch_WA_985,2020-07-19,0.216,0.2128978818655014
SourdoughGulch_WA_985,2020-07-20,0.203,0.1766696274280548
SourdoughGulch_WA_985,2020-07-21,0.191,0.17715121805667877
SourdoughGulch_WA_985,2020-07-22,0.185,0.1792115420103073
SourdoughGulch_WA_985,2020-07-23,0.179,0.18287639319896698
SourdoughGulch_WA_985,2020-07-24,0.17,0.18203939497470856
SourdoughGulch_WA_985,2020-07-25,0.166,0.17737825214862823
SourdoughGulch_WA_985,2020-07-26,0.162,0.17061027884483337
SourdoughGulch_WA_985,2020-07-27,0.159,0.166010782122612
SourdoughGulch_WA_985,2020-07-28,0.156,0.1677832305431366
SourdoughGulch_WA_985,2020-07-29,0.15,0.16870471835136414
SourdoughGulch_WA_985,2020-07-30,0.15,0.1630457192659378
SourdoughGulch_WA_985,2020-07-31,0.149,0.15581922233104706
SourdoughGulch_WA_985,2020-08-01,0.148,0.15424543619155884
SourdoughGulch_WA_985,2020-08-02,0.138,0.1524858921766281
SourdoughGulch_WA_985,2020-08-03,0.139,0.1532966047525406
SourdoughGulch_WA_985,2020-08-04,0.138,0.14416059851646423
SourdoughGulch_WA_985,2020-08-05,0.133,0.1399519145488739
SourdoughGulch_WA_985,2020-08-06,0.133,0.13193082809448242
SourdoughGulch_WA_985,2020-08-07,0.127,0.13249574601650238
SourdoughGulch_WA_985,2020-08-08,0.123,0.12069090455770493
SourdoughGulch_WA_985,2020-08-09,0.123,0.12245605885982513
SourdoughGulch_WA_985,2020-08-10,0.122,0.11426569521427155
SourdoughGulch_WA_985,2020-08-11,0.126,0.11201594769954681
SourdoughGulch_WA_985,2020-08-12,0.125,0.11005685478448868
SourdoughGulch_WA_985,2020-08-13,0.117,0.10931508988142014
SourdoughGulch_WA_985,2020-08-14,0.121,0.11204563081264496
SourdoughGulch_WA_985,2020-08-15,0.117,0.11197429150342941
SourdoughGulch_WA_985,2020-08-16,0.121,0.11265798658132553
SourdoughGulch_WA_985,2020-08-17,0.12,0.10826946049928665
SourdoughGulch_WA_985,2020-08-18,0.118,0.10961313545703888
SourdoughGulch_WA_985,2020-08-19,0.115,0.11021892726421356
SourdoughGulch_WA_985,2020-08-20,0.106,0.10916395485401154
SourdoughGulch_WA_985,2020-08-21,0.109,0.10150641202926636
SourdoughGulch_WA_985,2020-08-22,0.109,0.09874195605516434
SourdoughGulch_WA_985,2020-08-23,0.109,0.09742345660924911
SourdoughGulch_WA_985,2020-08-24,0.111,0.09600068628787994
SourdoughGulch_WA_985,2020-08-25,0.103,0.09469322115182877
SourdoughGulch_WA_985,2020-08-26,0.106,0.10029357671737671
SourdoughGulch_WA_985,2020-08-27,0.106,0.1002977266907692
SourdoughGulch_WA_985,2020-08-28,0.104,0.0997464507818222
SourdoughGulch_WA_985,2020-08-29,0.104,0.09974833577871323
SourdoughGulch_WA_985,2020-08-30,0.098,0.09800993651151657
SourdoughGulch_WA_985,2020-08-31,0.096,0.09068981558084488
SourdoughGulch_WA_985,2020-09-01,0.091,0.09131155908107758
SourdoughGulch_WA_985,2020-09-02,0.091,0.09224697947502136
SourdoughGulch_WA_985,2020-09-03,0.096,0.09246520698070526
SourdoughGulch_WA_985,2020-09-04,0.091,0.09780598431825638
SourdoughGulch_WA_985,2020-09-05,0.094,0.09697716683149338
SourdoughGulch_WA_985,2020-09-06,0.092,0.09601029753684998
SourdoughGulch_WA_985,2020-09-07,0.09,0.08196733891963959
SourdoughGulch_WA_985,2020-09-08,0.081,0.08108740299940109
SourdoughGulch_WA_985,2020-09-09,0.075,0.08101459592580795
SourdoughGulch_WA_985,2020-09-10,0.073,0.08131162077188492
SourdoughGulch_WA_985,2020-09-11,0.077,0.0807553231716156
SourdoughGulch_WA_985,2020-09-12,0.074,0.08154528588056564
SourdoughGulch_WA_985,2020-09-13,0.073,0.0808158740401268
SourdoughGulch_WA_985,2020-09-14,0.073,0.07470162212848663
SourdoughGulch_WA_985,2020-09-15,0.075,0.07787350565195084
SourdoughGulch_WA_985,2020-09-16,0.07,0.07703625410795212
SourdoughGulch_WA_985,2020-09-17,0.069,0.07914438843727112
SourdoughGulch_WA_985,2020-09-18,0.071,0.07842034101486206
SourdoughGulch_WA_985,2020-09-19,0.071,0.07312537729740143
SourdoughGulch_WA_985,2020-09-20,0.068,0.07927245646715164
SourdoughGulch_WA_985,2020-09-21,0.067,0.07895132899284363
SourdoughGulch_WA_985,2020-09-22,0.068,0.07611849159002304
SourdoughGulch_WA_985,2020-09-23,0.073,0.07741797715425491
SourdoughGulch_WA_985,2020-09-24,0.074,0.08291154354810715
SourdoughGulch_WA_985,2020-09-25,0.071,0.08706355094909668
SourdoughGulch_WA_985,2020-09-26,0.072,0.1095227301120758
SourdoughGulch_WA_985,2020-09-27,0.208,0.16261114180088043
SourdoughGulch_WA_985,2020-09-28,0.195,0.16770745813846588
SourdoughGulch_WA_985,2020-09-29,0.186,0.17239488661289215
SourdoughGulch_WA_985,2020-09-30,0.179,0.16974371671676636
SourdoughGulch_WA_985,2020-10-01,0.178,0.16846232116222382
SourdoughGulch_WA_985,2020-10-02,0.17,0.16062985360622406
SourdoughGulch_WA_985,2020-10-03,0.161,0.14421908557415009
SourdoughGulch_WA_985,2020-10-04,0.156,0.13523192703723907
SourdoughGulch_WA_985,2020-10-05,0.147,0.13211758434772491
SourdoughGulch_WA_985,2020-10-06,0.143,0.13136638700962067
SourdoughGulch_WA_985,2020-10-07,0.139,0.13298536837100983
SourdoughGulch_WA_985,2020-10-08,0.139,0.12918876111507416
SourdoughGulch_WA_985,2020-10-09,0.129,0.12367738783359528
SourdoughGulch_WA_985,2020-10-10,0.122,0.12533845007419586
SourdoughGulch_WA_985,2020-10-11,0.117,0.1298408955335617
SourdoughGulch_WA_985,2020-10-12,0.109,0.14281997084617615
SourdoughGulch_WA_985,2020-10-13,0.174,0.16963881254196167
SourdoughGulch_WA_985,2020-10-14,0.325,0.2594771981239319
SourdoughGulch_WA_985,2020-10-15,0.285,0.26137077808380127
SourdoughGulch_WA_985,2020-10-16,0.27,0.266055703163147
SourdoughGulch_WA_985,2020-10-17,0.266,0.26146888732910156
SourdoughGulch_WA_985,2020-10-18,0.26,0.260499507188797
SourdoughGulch_WA_985,2020-10-19,0.255,0.2334151715040207
SourdoughGulch_WA_985,2020-10-20,0.249,0.2284207046031952
SourdoughGulch_WA_985,2020-10-21,0.243,0.23016487061977386
SourdoughGulch_WA_985,2020-10-22,0.232,0.2360760122537613
SourdoughGulch_WA_985,2020-10-23,0.227,0.23447176814079285
SourdoughGulch_WA_985,2020-10-24,0.221,0.2411540448665619
SourdoughGulch_WA_985,2020-10-25,0.317,0.2814588248729706
SourdoughGulch_WA_985,2020-10-26,0.288,0.28376075625419617
SourdoughGulch_WA_985,2020-10-27,0.265,0.26887866854667664
SourdoughGulch_WA_985,2020-10-28,0.258,0.2783147692680359
SourdoughGulch_WA_985,2020-10-29,0.305,0.2862335443496704
SourdoughGulch_WA_985,2020-10-30,0.302,0.2931763231754303
SourdoughGulch_WA_985,2020-10-31,0.298,0.2910234034061432
SourdoughGulch_WA_985,2020-11-01,0.286,0.2830040454864502
SourdoughGulch_WA_985,2020-11-02,0.282,0.27513551712036133
SourdoughGulch_WA_985,2020-11-03,0.278,0.25726115703582764
SourdoughGulch_WA_985,2020-11-04,0.278,0.2750544250011444
SourdoughGulch_WA_985,2020-11-05,0.277,0.2689001262187958
SourdoughGulch_WA_985,2020-11-06,0.275,0.27782005071640015
SourdoughGulch_WA_985,2020-11-07,0.348,0.31937432289123535
SourdoughGulch_WA_985,2020-11-08,0.334,0.3481619656085968
SourdoughGulch_WA_985,2020-11-09,0.325,0.3337748050689697
SourdoughGulch_WA_985,2020-11-10,0.326,0.3309081792831421
SourdoughGulch_WA_985,2020-11-11,0.327,0.32164549827575684
SourdoughGulch_WA_985,2020-11-12,0.328,0.3259700536727905
SourdoughGulch_WA_985,2020-11-13,0.328,0.3278566300868988
SourdoughGulch_WA_985,2020-11-14,0.329,0.32313472032546997
SourdoughGulch_WA_985,2020-11-15,0.331,0.32339927554130554
SourdoughGulch_WA_985,2020-11-16,0.331,0.33299264311790466
SourdoughGulch_WA_985,2020-11-17,0.361,0.34070807695388794
SourdoughGulch_WA_985,2020-11-18,0.351,0.34593674540519714
SourdoughGulch_WA_985,2020-11-19,0.353,0.3417850136756897
SourdoughGulch_WA_985,2020-11-20,0.334,0.34044939279556274
SourdoughGulch_WA_985,2020-11-21,0.321,0.3296060860157013
SourdoughGulch_WA_985,2020-11-22,0.308,0.30957797169685364
SourdoughGulch_WA_985,2020-11-23,0.295,0.30101144313812256
SourdoughGulch_WA_985,2020-11-24,0.297,0.302150696516037
SourdoughGulch_WA_985,2020-11-25,0.3,0.30368784070014954
SourdoughGulch_WA_985,2020-11-26,0.299,0.3037734031677246
SourdoughGulch_WA_985,2020-11-27,0.299,0.30146634578704834
SourdoughGulch_WA_985,2020-11-28,0.293,0.2981741428375244
SourdoughGulch_WA_985,2020-11-29,0.291,0.2828467786312103
SourdoughGulch_WA_985,2020-11-30,0.29,0.28282105922698975
SourdoughGulch_WA_985,2020-12-01,0.285,0.2813642919063568
SourdoughGulch_WA_985,2020-12-02,0.279,0.2724960446357727
SourdoughGulch_WA_985,2020-12-03,0.263,0.2586389183998108
SourdoughGulch_WA_985,2020-12-04,0.246,0.2458939105272293
SourdoughGulch_WA_985,2020-12-05,0.222,0.21946971118450165
SourdoughGulch_WA_985,2020-12-06,0.188,0.19568578898906708
SourdoughGulch_WA_985,2020-12-07,0.177,0.19415681064128876
SourdoughGulch_WA_985,2020-12-08,0.155,0.19755026698112488
SourdoughGulch_WA_985,2020-12-09,0.195,0.2053903341293335
SourdoughGulch_WA_985,2020-12-10,0.258,0.2328869253396988
SourdoughGulch_WA_985,2020-12-11,0.282,0.2497764229774475
SourdoughGulch_WA_985,2020-12-12,0.273,0.25408679246902466
SourdoughGulch_WA_985,2020-12-13,0.249,0.253501832485199
SourdoughGulch_WA_985,2020-12-14,0.219,0.22751837968826294
SourdoughGulch_WA_985,2020-12-15,0.221,0.2120157778263092
SourdoughGulch_WA_985,2020-12-16,0.224,0.22841766476631165
SourdoughGulch_WA_985,2020-12-17,0.238,0.25596898794174194
SourdoughGulch_WA_985,2020-12-18,0.258,0.2616633474826813
SourdoughGulch_WA_985,2020-12-19,0.283,0.2776389718055725
SourdoughGulch_WA_985,2020-12-20,0.314,0.282521516084671
SourdoughGulch_WA_985,2020-12-21,0.35,0.31269845366477966
SourdoughGulch_WA_985,2020-12-22,0.35,0.33221304416656494
SourdoughGulch_WA_985,2020-12-23,0.339,0.33368924260139465
SourdoughGulch_WA_985,2020-12-24,0.322,0.31999677419662476
SourdoughGulch_WA_985,2020-12-25,0.307,0.31608808040618896
SourdoughGulch_WA_985,2020-12-26,0.3,0.3165123164653778
SourdoughGulch_WA_985,2020-12-27,0.307,0.31186583638191223
SourdoughGulch_WA_985,2020-12-28,0.301,0.30502849817276
SourdoughGulch_WA_985,2020-12-29,0.285,0.2796105146408081
SourdoughGulch_WA_985,2020-12-30,0.27,0.2679387331008911
SourdoughGulch_WA_985,2020-12-31,0.262,0.2674793601036072
Spokane,2017-03-19,0.323,0.3330663740634918
Spokane,2017-03-20,0.319,0.33178389072418213
Spokane,2017-03-21,0.325,0.3326191306114197
Spokane,2017-03-22,0.327,0.33621442317962646
Spokane,2017-03-23,0.321,0.3366338312625885
Spokane,2017-03-24,0.331,0.3344123959541321
Spokane,2017-03-25,0.326,0.33274707198143005
Spokane,2017-03-26,0.322,0.3269840180873871
Spokane,2017-03-27,0.325,0.3312171399593353
Spokane,2017-03-28,0.322,0.31895098090171814
Spokane,2017-03-29,0.335,0.3229084312915802
Spokane,2017-03-30,0.325,0.31979963183403015
Spokane,2017-03-31,0.32,0.3173871636390686
Spokane,2017-04-01,0.316,0.314915269613266
Spokane,2017-04-02,0.313,0.3139740228652954
Spokane,2017-04-03,0.309,0.31010472774505615
Spokane,2017-04-04,0.306,0.307705283164978
Spokane,2017-04-05,0.306,0.30808892846107483
Spokane,2017-04-06,0.307,0.3121548593044281
Spokane,2017-04-07,0.321,0.3093966245651245
Spokane,2017-04-08,0.319,0.3165647089481354
Spokane,2017-04-09,0.316,0.3171696662902832
Spokane,2017-04-10,0.32,0.3257046043872833
Spokane,2017-04-11,0.317,0.3198363482952118
Spokane,2017-04-12,0.318,0.3207191824913025
Spokane,2017-04-13,0.326,0.3223687708377838
Spokane,2017-04-14,0.319,0.32044392824172974
Spokane,2017-04-15,0.314,0.3204714059829712
Spokane,2017-04-16,0.311,0.30803027749061584
Spokane,2017-04-17,0.331,0.31557244062423706
Spokane,2017-04-18,0.328,0.3275720477104187
Spokane,2017-04-19,0.322,0.3282647430896759
Spokane,2017-04-20,0.318,0.32669931650161743
Spokane,2017-04-21,0.314,0.3220466673374176
Spokane,2017-04-22,0.309,0.3143662214279175
Spokane,2017-04-23,0.305,0.31249335408210754
Spokane,2017-04-24,0.305,0.3109228014945984
Spokane,2017-04-25,0.303,0.3054946959018707
Spokane,2017-04-26,0.305,0.3035857677459717
Spokane,2017-04-27,0.304,0.29979461431503296
Spokane,2017-04-28,0.299,0.2983954846858978
Spokane,2017-04-29,0.295,0.2979167401790619
Spokane,2017-04-30,0.289,0.29004383087158203
Spokane,2017-05-01,0.286,0.2887744903564453
Spokane,2017-05-02,0.285,0.2877117991447449
Spokane,2017-05-03,0.28,0.28453317284584045
Spokane,2017-05-04,0.274,0.2828836441040039
Spokane,2017-05-05,0.271,0.2828514277935028
Spokane,2017-05-06,0.276,0.2822277247905731
Spokane,2017-05-07,0.272,0.2746785879135132
Spokane,2017-05-08,0.266,0.2723407745361328
Spokane,2017-05-09,0.259,0.26922884583473206
Spokane,2017-05-10,0.251,0.25803568959236145
Spokane,2017-05-11,0.249,0.25705569982528687
Spokane,2017-05-12,0.26,0.2612953782081604
Spokane,2017-05-13,0.254,0.2510477304458618
Spokane,2017-05-14,0.254,0.2533411383628845
Spokane,2017-05-15,0.257,0.25671297311782837
Spokane,2017-05-16,0.277,0.26400601863861084
Spokane,2017-05-17,0.276,0.2696355879306793
Spokane,2017-05-18,0.271,0.27047476172447205
Spokane,2017-05-19,0.264,0.2685689926147461
Spokane,2017-05-20,0.271,0.254389226436615
Spokane,2017-05-21,0.267,0.2705162763595581
Spokane,2017-05-22,0.255,0.26361632347106934
Spokane,2017-05-23,0.244,0.21938970685005188
Spokane,2017-05-24,0.232,0.21539896726608276
Spokane,2017-05-25,0.226,0.22139360010623932
Spokane,2017-05-26,0.218,0.21632714569568634
Spokane,2017-05-27,0.207,0.20548297464847565
Spokane,2017-05-28,0.195,0.190479576587677
Spokane,2017-05-29,0.182,0.17278994619846344
Spokane,2017-05-30,0.17,0.1612139642238617
Spokane,2017-05-31,0.16,0.15267512202262878
Spokane,2017-06-01,0.157,0.15231165289878845
Spokane,2017-06-02,0.152,0.14897049963474274
Spokane,2017-06-03,0.144,0.13914211094379425
Spokane,2017-06-04,0.139,0.1366565227508545
Spokane,2017-06-05,0.138,0.1287800371646881
Spokane,2017-06-06,0.131,0.11829985678195953
Spokane,2017-06-07,0.122,0.1148151084780693
Spokane,2017-06-08,0.113,0.10917817801237106
Spokane,2017-06-09,0.111,0.10635735839605331
Spokane,2017-06-10,0.107,0.10469912737607956
Spokane,2017-06-11,0.103,0.10121595859527588
Spokane,2017-06-12,0.098,0.099197618663311
Spokane,2017-06-13,0.092,0.09777060896158218
Spokane,2017-06-14,0.086,0.0828036516904831
Spokane,2017-06-15,0.08,0.08287825435400009
Spokane,2017-06-16,0.086,0.10529722273349762
Spokane,2017-06-17,0.101,0.11166654527187347
Spokane,2017-06-18,0.104,0.10642733424901962
Spokane,2017-06-19,0.099,0.10988382995128632
Spokane,2017-06-20,0.092,0.0934813991189003
Spokane,2017-06-21,0.084,0.09023327380418777
Spokane,2017-06-22,0.078,0.08494044840335846
Spokane,2017-06-23,0.072,0.07317996025085449
Spokane,2017-06-24,0.067,0.06649757921695709
Spokane,2017-06-25,0.062,0.07243560999631882
Spokane,2017-06-26,0.058,0.0700516626238823
Spokane,2017-06-27,0.056,0.059250153601169586
Spokane,2017-06-28,0.055,0.06097561866044998
Spokane,2017-06-29,0.054,0.05903679132461548
Spokane,2017-06-30,0.056,0.061707668006420135
Spokane,2017-07-01,0.055,0.05961206555366516
Spokane,2017-07-02,0.052,0.05369488522410393
Spokane,2017-07-03,0.049,0.051410820335149765
Spokane,2017-07-04,0.046,0.04685366153717041
Spokane,2017-07-05,0.043,0.04421461373567581
Spokane,2017-07-06,0.04,0.046196356415748596
Spokane,2017-07-07,0.037,0.04464893415570259
Spokane,2017-07-08,0.035,0.043223001062870026
Spokane,2017-07-09,0.032,0.042752571403980255
Spokane,2017-07-10,0.031,0.0449511781334877
Spokane,2017-07-11,0.03,0.03933273255825043
Spokane,2017-07-12,0.028,0.03913142532110214
Spokane,2017-07-13,0.028,0.03304339945316315
Spokane,2017-07-14,0.027,0.029642509296536446
Spokane,2017-07-15,0.026,0.028889639303088188
Spokane,2017-07-16,0.026,0.025867057964205742
Spokane,2017-07-17,0.025,0.03146054968237877
Spokane,2017-07-18,0.024,0.029471933841705322
Spokane,2017-07-19,0.024,0.027333209291100502
Spokane,2017-07-20,0.024,0.026227297261357307
Spokane,2017-07-21,0.023,0.02626393735408783
Spokane,2017-07-22,0.023,0.024299269542098045
Spokane,2017-07-23,0.024,0.024338142946362495
Spokane,2017-07-24,0.022,0.025758087635040283
Spokane,2017-07-25,0.022,0.022791707888245583
Spokane,2017-07-26,0.022,0.02256637066602707
Spokane,2017-07-27,0.021,0.021611889824271202
Spokane,2017-07-28,0.021,0.021200286224484444
Spokane,2017-07-29,0.021,0.021364176645874977
Spokane,2017-07-30,0.02,0.020738381892442703
Spokane,2017-07-31,0.02,0.020203104242682457
Spokane,2017-08-01,0.02,0.020588180050253868
Spokane,2017-08-02,0.02,0.02025100216269493
Spokane,2017-08-03,0.02,0.020612718537449837
Spokane,2017-08-04,0.02,0.02098037675023079
Spokane,2017-08-05,0.019,0.021603116765618324
Spokane,2017-08-06,0.019,0.020681599155068398
Spokane,2017-08-07,0.019,0.01951812021434307
Spokane,2017-08-08,0.018,0.01899435743689537
Spokane,2017-08-09,0.018,0.018864525482058525
Spokane,2017-08-10,0.018,0.016424203291535378
Spokane,2017-08-11,0.019,0.01976185478270054
Spokane,2017-08-12,0.017,0.019878681749105453
Spokane,2017-08-13,0.017,0.018733598291873932
Spokane,2017-08-14,0.018,0.015309754759073257
Spokane,2017-08-15,0.017,0.014837824739515781
Spokane,2017-08-16,0.017,0.013708578422665596
Spokane,2017-08-17,0.017,0.017192628234624863
Spokane,2017-08-18,0.016,0.01299376506358385
Spokane,2017-08-19,0.016,0.013284471817314625
Spokane,2017-08-20,0.015,0.013357548974454403
Spokane,2017-08-21,0.015,0.01253481488674879
Spokane,2017-08-22,0.016,0.01253481488674879
Spokane,2017-08-23,0.016,0.012093168683350086
Spokane,2017-08-24,0.017,0.01253714319318533
Spokane,2017-08-25,0.015,0.012590655125677586
Spokane,2017-08-26,0.014,0.012366906739771366
Spokane,2017-08-27,0.015,0.012366906739771366
Spokane,2017-08-28,0.014,0.012550883926451206
Spokane,2017-08-29,0.016,0.01284172385931015
Spokane,2017-08-30,0.016,0.012960046529769897
Spokane,2017-08-31,0.015,0.013652362860739231
Spokane,2017-09-01,0.015,0.013723179697990417
Spokane,2017-09-02,0.015,0.013699280098080635
Spokane,2017-09-03,0.014,0.013740530237555504
Spokane,2017-09-04,0.014,0.01360990945249796
Spokane,2017-09-05,0.013,0.014764424413442612
Spokane,2017-09-06,0.014,0.015322956256568432
Spokane,2017-09-07,0.014,0.015408501960337162
Spokane,2017-09-08,0.016,0.015399142168462276
Spokane,2017-09-09,0.015,0.01537491288036108
Spokane,2017-09-10,0.015,0.015846949070692062
Spokane,2017-09-11,0.014,0.010371490381658077
Spokane,2017-09-12,0.014,0.010422171093523502
Spokane,2017-09-13,0.012,0.01120401918888092
Spokane,2017-09-14,0.012,0.012157264165580273
Spokane,2017-09-15,0.011,0.012258288450539112
Spokane,2017-09-16,0.011,0.012679064646363258
Spokane,2017-09-17,0.011,0.010189170017838478
Spokane,2017-09-18,0.016,0.03271901607513428
Spokane,2017-09-19,0.045,0.06339985877275467
Spokane,2017-09-20,0.122,0.10598958283662796
Spokane,2017-09-21,0.142,0.13584794104099274
Spokane,2017-09-22,0.136,0.133674755692482
Spokane,2017-09-23,0.13,0.12589596211910248
Spokane,2017-09-24,0.124,0.12112362682819366
Spokane,2017-09-25,0.119,0.11223448067903519
Spokane,2017-09-26,0.114,0.11292757838964462
Spokane,2017-09-27,0.111,0.10502135753631592
Spokane,2017-09-28,0.108,0.10652273148298264
Spokane,2017-09-29,0.105,0.10449538379907608
Spokane,2017-09-30,0.102,0.09851173311471939
Spokane,2017-10-01,0.099,0.10110970586538315
Spokane,2017-10-02,0.097,0.09554886817932129
Spokane,2017-10-03,0.094,0.09342536330223083
Spokane,2017-10-04,0.093,0.09440642595291138
Spokane,2017-10-05,0.092,0.09453176707029343
Spokane,2017-10-06,0.091,0.09330806881189346
Spokane,2017-10-07,0.091,0.09136369079351425
Spokane,2017-10-08,0.088,0.09172744303941727
Spokane,2017-10-09,0.086,0.09272927790880203
Spokane,2017-10-10,0.085,0.07984504103660583
Spokane,2017-10-11,0.084,0.08798529207706451
Spokane,2017-10-12,0.083,0.08742419630289078
Spokane,2017-10-13,0.093,0.09178973734378815
Spokane,2017-10-14,0.118,0.10250964760780334
Spokane,2017-10-15,0.119,0.1028124988079071
Spokane,2017-10-16,0.117,0.11262675374746323
Spokane,2017-10-17,0.115,0.1170642152428627
Spokane,2017-10-18,0.119,0.12689508497714996
Spokane,2017-10-19,0.145,0.13607925176620483
Spokane,2017-10-20,0.187,0.16908763349056244
Spokane,2017-10-21,0.181,0.19767214357852936
Spokane,2017-10-22,0.249,0.22495248913764954
Spokane,2017-10-23,0.215,0.20589682459831238
Spokane,2017-10-24,0.205,0.20186054706573486
Spokane,2017-10-25,0.2,0.20086324214935303
Spokane,2017-10-26,0.196,0.1952703297138214
Spokane,2017-10-27,0.191,0.20106974244117737
Spokane,2017-10-28,0.189,0.19829347729682922
Spokane,2017-10-30,0.183,0.1810310035943985
Spokane,2017-10-31,0.179,0.181033194065094
Spokane,2017-11-01,0.178,0.172903910279274
Spokane,2017-11-02,0.178,0.17269575595855713
Spokane,2017-11-03,0.193,0.1967398226261139
Spokane,2017-11-04,0.197,0.2050173133611679
Spokane,2017-11-05,0.204,0.20946215093135834
Spokane,2017-11-06,0.215,0.21414242684841156
Spokane,2017-11-07,0.212,0.2197967916727066
Spokane,2017-11-08,0.215,0.21740755438804626
Spokane,2017-11-09,0.234,0.2244100123643875
Spokane,2017-11-10,0.235,0.21969686448574066
Spokane,2017-11-11,0.236,0.24760863184928894
Spokane,2017-11-12,0.23,0.24482744932174683
Spokane,2017-11-13,0.238,0.25203707814216614
Spokane,2017-11-14,0.238,0.24272046983242035
Spokane,2017-11-15,0.235,0.238626167178154
Spokane,2017-11-16,0.259,0.24300116300582886
Spokane,2017-11-17,0.25,0.24948883056640625
Spokane,2017-11-18,0.246,0.2475724071264267
Spokane,2017-11-19,0.244,0.25212475657463074
Spokane,2017-11-20,0.29,0.2737523317337036
Spokane,2017-11-21,0.301,0.2862388491630554
Spokane,2017-11-22,0.3,0.29792308807373047
Spokane,2017-11-23,0.3,0.2992464303970337
Spokane,2017-11-24,0.295,0.3021572232246399
Spokane,2017-11-25,0.292,0.2991589605808258
Spokane,2017-11-26,0.295,0.30281031131744385
Spokane,2017-11-27,0.296,0.2991695702075958
Spokane,2017-11-28,0.297,0.2981182932853699
Spokane,2017-11-29,0.302,0.29320210218429565
Spokane,2017-11-30,0.297,0.2917291224002838
Spokane,2017-12-01,0.296,0.2900654077529907
Spokane,2017-12-02,0.294,0.28580260276794434
Spokane,2017-12-03,0.296,0.2815484404563904
Spokane,2017-12-04,0.288,0.2908550500869751
Spokane,2017-12-05,0.281,0.28250542283058167
Spokane,2017-12-06,0.272,0.27921733260154724
Spokane,2017-12-07,0.283,0.2748635709285736
Spokane,2018-02-05,0.311,0.3069351613521576
Spokane,2018-02-06,0.309,0.3109527826309204
Spokane,2018-02-07,0.307,0.30596277117729187
Spokane,2018-02-08,0.306,0.3075302541255951
Spokane,2018-02-09,0.304,0.30198875069618225
Spokane,2018-02-10,0.299,0.29375749826431274
Spokane,2018-02-11,0.296,0.2911927103996277
Spokane,2018-02-12,0.293,0.28510889410972595
Spokane,2018-02-13,0.296,0.2836100459098816
Spokane,2018-02-14,0.298,0.2845419943332672
Spokane,2018-02-15,0.298,0.28919559717178345
Spokane,2018-02-16,0.299,0.29130470752716064
Spokane,2018-02-19,0.319,0.2787491977214813
Spokane,2018-03-18,0.314,0.31302011013031006
Spokane,2018-03-19,0.307,0.3159930109977722
Spokane,2018-03-20,0.304,0.31496661901474
Spokane,2018-03-21,0.302,0.3106854557991028
Spokane,2018-03-22,0.313,0.30654284358024597
Spokane,2018-03-23,0.312,0.3113441467285156
Spokane,2018-03-24,0.319,0.31112587451934814
Spokane,2018-03-25,0.312,0.31239211559295654
Spokane,2018-03-26,0.309,0.30905038118362427
Spokane,2018-03-27,0.307,0.30953922867774963
Spokane,2018-03-28,0.303,0.30502551794052124
Spokane,2018-03-29,0.3,0.3032560348510742
Spokane,2018-03-30,0.298,0.3024696707725525
Spokane,2018-03-31,0.296,0.30259940028190613
Spokane,2018-04-01,0.295,0.29991433024406433
Spokane,2018-04-02,0.294,0.2988606095314026
Spokane,2018-04-03,0.292,0.3021436631679535
Spokane,2018-04-04,0.292,0.304885596036911
Spokane,2018-04-05,0.313,0.31027087569236755
Spokane,2018-04-06,0.318,0.31102055311203003
Spokane,2018-04-07,0.322,0.310884952545166
Spokane,2018-04-08,0.316,0.3098999261856079
Spokane,2018-04-09,0.31,0.3092394471168518
Spokane,2018-04-10,0.308,0.312174528837204
Spokane,2018-04-11,0.306,0.3043562173843384
Spokane,2018-04-12,0.323,0.30736255645751953
Spokane,2018-04-13,0.315,0.3098319172859192
Spokane,2018-04-14,0.312,0.31132468581199646
Spokane,2018-04-15,0.313,0.3115186393260956
Spokane,2018-04-16,0.323,0.3075954020023346
Spokane,2018-04-17,0.313,0.3008466064929962
Spokane,2018-04-18,0.308,0.3006517291069031
Spokane,2018-04-19,0.304,0.30024632811546326
Spokane,2018-04-20,0.3,0.29456421732902527
Spokane,2018-04-21,0.295,0.2970910668373108
Spokane,2018-04-22,0.292,0.2942584455013275
Spokane,2018-04-23,0.288,0.2817586660385132
Spokane,2018-04-24,0.284,0.2799714207649231
Spokane,2018-04-25,0.279,0.27397409081459045
Spokane,2018-04-26,0.274,0.274873286485672
Spokane,2018-04-27,0.268,0.2733885645866394
Spokane,2018-04-28,0.266,0.27584853768348694
Spokane,2018-04-29,0.264,0.26344096660614014
Spokane,2018-04-30,0.261,0.26054641604423523
Spokane,2018-05-01,0.257,0.26043376326560974
Spokane,2018-05-02,0.253,0.2575480341911316
Spokane,2018-05-03,0.247,0.25447899103164673
Spokane,2018-05-04,0.239,0.25574204325675964
Spokane,2018-05-05,0.233,0.22830873727798462
Spokane,2018-05-06,0.237,0.234416663646698
Spokane,2018-05-07,0.253,0.23988665640354156
Spokane,2018-05-08,0.244,0.24268700182437897
Spokane,2018-05-09,0.239,0.2421337515115738
Spokane,2018-05-10,0.235,0.243228942155838
Spokane,2018-05-11,0.232,0.23649080097675323
Spokane,2018-05-12,0.225,0.23334954679012299
Spokane,2018-05-13,0.215,0.22007980942726135
Spokane,2018-05-14,0.205,0.22194960713386536
Spokane,2018-05-15,0.194,0.2042393535375595
Spokane,2018-05-16,0.187,0.20207880437374115
Spokane,2018-05-17,0.225,0.18214941024780273
Spokane,2018-05-18,0.266,0.23597386479377747
Spokane,2018-05-19,0.258,0.2532461881637573
Spokane,2018-05-20,0.248,0.24850055575370789
Spokane,2018-05-21,0.239,0.24087244272232056
Spokane,2018-05-22,0.228,0.23812930285930634
Spokane,2018-05-23,0.219,0.22505909204483032
Spokane,2018-05-24,0.219,0.22532197833061218
Spokane,2018-05-25,0.208,0.2193802148103714
Spokane,2018-05-26,0.198,0.2109048068523407
Spokane,2018-05-27,0.189,0.20611046254634857
Spokane,2018-05-28,0.18,0.18425647914409637
Spokane,2018-05-29,0.171,0.16459563374519348
Spokane,2018-05-30,0.162,0.17574650049209595
Spokane,2018-05-31,0.156,0.17422567307949066
Spokane,2018-06-01,0.153,0.154726043343544
Spokane,2018-06-02,0.146,0.14312681555747986
Spokane,2018-06-03,0.137,0.13753098249435425
Spokane,2018-06-04,0.129,0.15094158053398132
Spokane,2018-06-05,0.122,0.14328621327877045
Spokane,2018-06-06,0.114,0.12022274732589722
Spokane,2018-06-07,0.107,0.09417127817869186
Spokane,2018-06-08,0.099,0.08557423949241638
Spokane,2018-06-09,0.095,0.09736735373735428
Spokane,2018-06-10,0.104,0.11306839436292648
Spokane,2018-06-11,0.104,0.10875330120325089
Spokane,2018-06-12,0.101,0.11052931100130081
Spokane,2018-06-13,0.098,0.10473278164863586
Spokane,2018-06-14,0.093,0.09292706847190857
Spokane,2018-06-15,0.089,0.07876525819301605
Spokane,2018-06-16,0.085,0.08130856603384018
Spokane,2018-06-17,0.084,0.07806068658828735
Spokane,2018-06-18,0.08,0.0914086401462555
Spokane,2018-06-19,0.08,0.08906944841146469
Spokane,2018-06-20,0.078,0.08209847658872604
Spokane,2018-06-21,0.079,0.0824805423617363
Spokane,2018-06-22,0.1,0.08699318021535873
Spokane,2018-06-23,0.098,0.08537077903747559
Spokane,2018-06-24,0.094,0.0873931422829628
Spokane,2018-06-25,0.089,0.08293936401605606
Spokane,2018-06-26,0.082,0.07739006727933884
Spokane,2018-06-27,0.078,0.07531887292861938
Spokane,2018-06-28,0.073,0.0689106434583664
Spokane,2018-06-29,0.07,0.06678677350282669
Spokane,2018-06-30,0.066,0.06297224760055542
Spokane,2018-07-01,0.064,0.057131994515657425
Spokane,2018-07-02,0.06,0.05423050373792648
Spokane,2018-07-03,0.058,0.05117687210440636
Spokane,2018-07-04,0.057,0.054196152836084366
Spokane,2018-07-05,0.056,0.05666336417198181
Spokane,2018-07-06,0.053,0.05894588306546211
Spokane,2018-07-07,0.05,0.06104127690196037
Spokane,2018-07-08,0.046,0.05859941244125366
Spokane,2018-07-09,0.043,0.04839746281504631
Spokane,2018-07-10,0.04,0.03558223322033882
Spokane,2018-07-11,0.038,0.035983555018901825
Spokane,2018-07-12,0.037,0.034155506640672684
Spokane,2018-07-13,0.035,0.03305625915527344
Spokane,2018-07-14,0.034,0.03282912075519562
Spokane,2018-07-15,0.031,0.03150998055934906
Spokane,2018-07-16,0.03,0.032225046306848526
Spokane,2018-07-17,0.029,0.032262157648801804
Spokane,2018-07-18,0.028,0.028643237426877022
Spokane,2018-07-19,0.027,0.028711555525660515
Spokane,2018-07-20,0.026,0.027235396206378937
Spokane,2018-07-21,0.026,0.02724655531346798
Spokane,2018-07-22,0.025,0.023429539054632187
Spokane,2018-07-23,0.025,0.024959320202469826
Spokane,2018-07-24,0.025,0.02364792861044407
Spokane,2018-07-25,0.024,0.024826472625136375
Spokane,2018-07-26,0.024,0.025047969073057175
Spokane,2018-07-27,0.024,0.02537684701383114
Spokane,2018-07-28,0.024,0.02580857463181019
Spokane,2018-07-29,0.023,0.02642660401761532
Spokane,2018-07-30,0.023,0.024880370125174522
Spokane,2018-07-31,0.023,0.0235665924847126
Spokane,2018-08-01,0.022,0.022868121042847633
Spokane,2018-08-02,0.022,0.02179402858018875
Spokane,2018-08-03,0.021,0.021871842443943024
Spokane,2018-08-04,0.021,0.0211793202906847
Spokane,2018-08-05,0.021,0.02132914774119854
Spokane,2018-08-06,0.021,0.02188526839017868
Spokane,2018-08-07,0.021,0.021434886381030083
Spokane,2018-08-08,0.021,0.019960351288318634
Spokane,2018-08-09,0.02,0.01939907670021057
Spokane,2018-08-10,0.021,0.020866751670837402
Spokane,2018-08-11,0.021,0.019154734909534454
Spokane,2018-08-12,0.019,0.01928129605948925
Spokane,2018-08-13,0.019,0.019113942980766296
Spokane,2018-08-14,0.019,0.017883071675896645
Spokane,2018-08-15,0.019,0.017275026068091393
Spokane,2018-08-16,0.019,0.017422810196876526
Spokane,2018-08-17,0.02,0.01842656172811985
Spokane,2018-08-18,0.019,0.018562542274594307
Spokane,2018-08-19,0.018,0.019096359610557556
Spokane,2018-08-20,0.017,0.019198168069124222
Spokane,2018-08-21,0.018,0.01773114874958992
Spokane,2018-08-22,0.018,0.018458576872944832
Spokane,2018-08-23,0.017,0.01918347366154194
Spokane,2018-08-24,0.018,0.01930462382733822
Spokane,2018-08-25,0.016,0.020508021116256714
Spokane,2018-08-26,0.017,0.01860692910850048
Spokane,2018-08-27,0.018,0.01716136559844017
Spokane,2018-08-28,0.02,0.01818157359957695
Spokane,2018-08-29,0.024,0.02168116346001625
Spokane,2018-08-30,0.027,0.024091988801956177
Spokane,2018-08-31,0.028,0.023493247106671333
Spokane,2018-09-01,0.029,0.02490861713886261
Spokane,2018-09-02,0.028,0.025380952283740044
Spokane,2018-09-03,0.027,0.023946335539221764
Spokane,2018-09-04,0.025,0.022149791941046715
Spokane,2018-09-05,0.023,0.031535252928733826
Spokane,2018-09-06,0.023,0.03001953475177288
Spokane,2018-09-07,0.021,0.025888636708259583
Spokane,2018-09-08,0.021,0.028486507013440132
Spokane,2018-09-09,0.021,0.022671272978186607
Spokane,2018-09-10,0.019,0.021770421415567398
Spokane,2018-09-11,0.018,0.017590127885341644
Spokane,2018-09-12,0.017,0.016778212040662766
Spokane,2018-09-13,0.017,0.017055585980415344
Spokane,2018-09-14,0.017,0.017486564815044403
Spokane,2018-09-15,0.018,0.017899297177791595
Spokane,2018-09-16,0.019,0.016885917633771896
Spokane,2018-09-17,0.018,0.019324250519275665
Spokane,2018-09-18,0.018,0.01725180447101593
Spokane,2018-09-19,0.017,0.018054137006402016
Spokane,2018-09-20,0.017,0.026400480419397354
Spokane,2018-09-21,0.017,0.02553611434996128
Spokane,2018-09-22,0.018,0.025231555104255676
Spokane,2018-09-24,0.017,0.025541434064507484
Spokane,2018-09-25,0.015,0.015882952138781548
Spokane,2018-09-26,0.015,0.014836521819233894
Spokane,2018-09-27,0.015,0.014296647161245346
Spokane,2018-09-28,0.016,0.014504449442029
Spokane,2018-09-29,0.015,0.016765950247645378
Spokane,2018-09-30,0.014,0.01614224538207054
Spokane,2018-10-01,0.015,0.008672191761434078
Spokane,2018-10-02,0.016,0.01223543006926775
Spokane,2018-10-03,0.013,0.02178814448416233
Spokane,2018-10-04,0.013,0.010530839674174786
Spokane,2018-10-05,0.011,0.00411625299602747
Spokane,2018-10-06,0.014,0.01457794476300478
Spokane,2018-10-07,0.015,0.019583135843276978
Spokane,2018-10-08,0.018,0.03825293853878975
Spokane,2018-10-09,0.084,0.06069570779800415
Spokane,2018-10-10,0.107,0.0974278673529625
Spokane,2018-10-11,0.103,0.09894286096096039
Spokane,2018-10-12,0.1,0.09982108324766159
Spokane,2018-10-13,0.096,0.09997741878032684
Spokane,2018-10-14,0.093,0.09797044843435287
Spokane,2018-10-15,0.091,0.09359133243560791
Spokane,2018-10-16,0.089,0.08864384889602661
Spokane,2018-10-17,0.087,0.08464767783880234
Spokane,2018-10-18,0.085,0.08647337555885315
Spokane,2018-10-19,0.084,0.08189144730567932
Spokane,2018-10-20,0.082,0.08167856186628342
Spokane,2018-10-21,0.081,0.07744275033473969
Spokane,2018-10-22,0.079,0.0804235115647316
Spokane,2018-10-23,0.078,0.08047724515199661
Spokane,2018-10-24,0.077,0.07411804050207138
Spokane,2018-10-25,0.075,0.07945150136947632
Spokane,2018-10-26,0.108,0.09951320290565491
Spokane,2018-10-27,0.121,0.11032399535179138
Spokane,2018-10-28,0.159,0.12930002808570862
Spokane,2018-10-29,0.151,0.14788275957107544
Spokane,2018-10-30,0.143,0.15048058331012726
Spokane,2018-10-31,0.161,0.15718719363212585
Spokane,2018-11-01,0.166,0.15897327661514282
Spokane,2018-11-02,0.175,0.1617792397737503
Spokane,2018-11-03,0.166,0.16382604837417603
Spokane,2018-11-04,0.176,0.17133407294750214
Spokane,2018-11-05,0.167,0.16193433105945587
Spokane,2018-11-06,0.164,0.16436351835727692
Spokane,2018-11-07,0.169,0.1635962575674057
Spokane,2018-11-08,0.159,0.15436722338199615
Spokane,2018-11-09,0.15,0.15174268186092377
Spokane,2018-11-10,0.153,0.15150843560695648
Spokane,2018-11-11,0.155,0.1517384946346283
Spokane,2018-11-12,0.153,0.16071724891662598
Spokane,2018-11-13,0.152,0.1480392962694168
Spokane,2018-11-14,0.15,0.14752572774887085
Spokane,2018-11-15,0.149,0.15638545155525208
Spokane,2018-11-16,0.155,0.15755581855773926
Spokane,2018-11-17,0.149,0.15488427877426147
Spokane,2018-11-18,0.147,0.1498757004737854
Spokane,2018-11-23,0.201,0.17221523821353912
Spokane,2018-11-24,0.21,0.19811055064201355
Spokane,2018-11-25,0.198,0.19677703082561493
Spokane,2018-11-26,0.203,0.21262378990650177
Spokane,2018-11-27,0.253,0.23490658402442932
Spokane,2018-11-28,0.235,0.23291073739528656
Spokane,2018-11-29,0.238,0.2366853654384613
Spokane,2018-11-30,0.233,0.23591220378875732
Spokane,2018-12-01,0.236,0.23430456221103668
Spokane,2018-12-02,0.232,0.24497254192829132
Spokane,2018-12-03,0.228,0.24115075170993805
Spokane,2018-12-04,0.223,0.2310703694820404
Spokane,2018-12-05,0.221,0.22699616849422455
Spokane,2018-12-06,0.21,0.22636614739894867
Spokane,2018-12-17,0.269,0.2622205913066864
Spokane,2018-12-18,0.324,0.30048730969429016
Spokane,2018-12-19,0.308,0.30861690640449524
Spokane,2018-12-20,0.306,0.3019540309906006
Spokane,2018-12-21,0.303,0.30175524950027466
Spokane,2018-12-22,0.294,0.2859400808811188
Spokane,2018-12-23,0.3,0.28997862339019775
Spokane,2018-12-24,0.306,0.2941094934940338
Spokane,2018-12-25,0.301,0.28682923316955566
Spokane,2018-12-26,0.296,0.2924353778362274
Spokane,2018-12-27,0.295,0.2923315167427063
Spokane,2018-12-28,0.294,0.293877512216568
Spokane,2018-12-29,0.313,0.3038082718849182
Spokane,2018-12-30,0.311,0.30829915404319763
Spokane,2018-12-31,0.297,0.2917763292789459
Spokane,2019-01-01,0.299,0.2890610992908478
Spokane,2019-01-05,0.301,0.2926905155181885
Spokane,2019-01-06,0.304,0.3021284341812134
Spokane,2019-01-07,0.303,0.2868172526359558
Spokane,2019-01-08,0.299,0.3004297614097595
Spokane,2019-01-10,0.319,0.30275270342826843
Spokane,2019-01-11,0.313,0.2985367178916931
Spokane,2019-01-12,0.308,0.2979864776134491
Spokane,2019-01-13,0.306,0.29604020714759827
Spokane,2019-01-14,0.301,0.2879531979560852
Spokane,2019-04-02,0.298,0.2963848114013672
Spokane,2019-04-03,0.298,0.29959699511528015
Spokane,2019-04-04,0.296,0.3011755347251892
Spokane,2019-04-05,0.301,0.303228497505188
Spokane,2019-04-06,0.308,0.3103081285953522
Spokane,2019-04-07,0.319,0.3067832887172699
Spokane,2019-04-08,0.314,0.3066345751285553
Spokane,2019-04-09,0.335,0.3134644031524658
Spokane,2019-04-10,0.32,0.3183254301548004
Spokane,2019-04-11,0.312,0.3171996474266052
Spokane,2019-04-12,0.314,0.3157830834388733
Spokane,2019-04-13,0.319,0.3139258921146393
Spokane,2019-04-14,0.316,0.31181851029396057
Spokane,2019-04-15,0.31,0.3102642297744751
Spokane,2019-04-16,0.307,0.3054066002368927
Spokane,2019-04-17,0.302,0.3037310838699341
Spokane,2019-04-18,0.298,0.304115355014801
Spokane,2019-04-19,0.296,0.3052639961242676
Spokane,2019-04-20,0.298,0.30338072776794434
Spokane,2019-04-21,0.295,0.2973271608352661
Spokane,2019-04-22,0.291,0.29167798161506653
Spokane,2019-04-23,0.287,0.28550487756729126
Spokane,2019-04-24,0.283,0.28601256012916565
Spokane,2019-04-25,0.279,0.28314101696014404
Spokane,2019-04-26,0.284,0.28150027990341187
Spokane,2019-04-27,0.282,0.278047114610672
Spokane,2019-04-28,0.278,0.27286428213119507
Spokane,2019-04-29,0.274,0.27456533908843994
Spokane,2019-04-30,0.27,0.2592008113861084
Spokane,2019-05-01,0.266,0.2561260163784027
Spokane,2019-05-02,0.262,0.2545431852340698
Spokane,2019-05-03,0.258,0.25270843505859375
Spokane,2019-05-04,0.254,0.2525080144405365
Spokane,2019-05-05,0.249,0.2572246491909027
Spokane,2019-05-06,0.243,0.23792622983455658
Spokane,2019-05-07,0.243,0.2395777553319931
Spokane,2019-05-08,0.235,0.23426435887813568
Spokane,2019-05-09,0.228,0.21381737291812897
Spokane,2019-05-10,0.22,0.2132837474346161
Spokane,2019-05-11,0.213,0.20592553913593292
Spokane,2019-05-12,0.204,0.20578411221504211
Spokane,2019-05-13,0.197,0.2013431340456009
Spokane,2019-05-14,0.192,0.19771918654441833
Spokane,2019-05-15,0.19,0.20533594489097595
Spokane,2019-05-16,0.213,0.21482627093791962
Spokane,2019-05-17,0.264,0.23214185237884521
Spokane,2019-05-18,0.266,0.2544546127319336
Spokane,2019-05-19,0.257,0.24850691854953766
Spokane,2019-05-20,0.249,0.24576129019260406
Spokane,2019-05-21,0.244,0.24240979552268982
Spokane,2019-05-22,0.238,0.22999079525470734
Spokane,2019-05-23,0.231,0.23336121439933777
Spokane,2019-05-24,0.231,0.23484928905963898
Spokane,2019-05-25,0.23,0.23533624410629272
Spokane,2019-05-26,0.261,0.24067366123199463
Spokane,2019-05-27,0.248,0.24803690612316132
Spokane,2019-05-28,0.239,0.24882332980632782
Spokane,2019-05-29,0.23,0.24082182347774506
Spokane,2019-05-30,0.225,0.22464506328105927
Spokane,2019-05-31,0.224,0.20232148468494415
Spokane,2019-06-01,0.212,0.19922341406345367
Spokane,2019-06-02,0.202,0.19078725576400757
Spokane,2019-06-03,0.191,0.19225558638572693
Spokane,2019-06-04,0.182,0.18190129101276398
Spokane,2019-06-05,0.178,0.18137232959270477
Spokane,2019-06-06,0.187,0.17946374416351318
Spokane,2019-06-07,0.179,0.1761571764945984
Spokane,2019-06-08,0.174,0.17713217437267303
Spokane,2019-06-09,0.17,0.15506362915039062
Spokane,2019-06-10,0.163,0.14968009293079376
Spokane,2019-06-11,0.154,0.14418046176433563
Spokane,2019-06-12,0.145,0.14178434014320374
Spokane,2019-06-13,0.135,0.13103505969047546
Spokane,2019-06-14,0.125,0.12840142846107483
Spokane,2019-06-15,0.117,0.1173887625336647
Spokane,2019-06-16,0.109,0.11243779957294464
Spokane,2019-06-17,0.102,0.10617814213037491
Spokane,2019-06-18,0.095,0.1047934740781784
Spokane,2019-06-19,0.089,0.09381286054849625
Spokane,2019-06-20,0.084,0.08998929709196091
Spokane,2019-06-21,0.081,0.09492888301610947
Spokane,2019-06-22,0.081,0.0941307470202446
Spokane,2019-06-23,0.078,0.08129864186048508
Spokane,2019-06-24,0.076,0.07684343308210373
Spokane,2019-06-25,0.072,0.07201912254095078
Spokane,2019-06-26,0.069,0.06896177679300308
Spokane,2019-06-27,0.066,0.06988398730754852
Spokane,2019-06-28,0.066,0.06932490319013596
Spokane,2019-06-29,0.067,0.06745173782110214
Spokane,2019-06-30,0.068,0.06657537072896957
Spokane,2019-07-01,0.068,0.06356219202280045
Spokane,2019-07-02,0.066,0.060789987444877625
Spokane,2019-07-03,0.063,0.062059082090854645
Spokane,2019-07-04,0.06,0.06176270544528961
Spokane,2019-07-05,0.057,0.054983366280794144
Spokane,2019-07-06,0.055,0.05506394803524017
Spokane,2019-07-07,0.052,0.05883236601948738
Spokane,2019-07-08,0.048,0.05222634971141815
Spokane,2019-07-09,0.046,0.049758270382881165
Spokane,2019-07-10,0.044,0.04822295159101486
Spokane,2019-07-11,0.042,0.03560595586895943
Spokane,2019-07-12,0.041,0.03710615634918213
Spokane,2019-07-13,0.04,0.03644164279103279
Spokane,2019-07-14,0.037,0.03275322914123535
Spokane,2019-07-15,0.034,0.032676152884960175
Spokane,2019-07-16,0.034,0.04695406183600426
Spokane,2019-07-17,0.035,0.047533679753541946
Spokane,2019-07-18,0.038,0.039643190801143646
Spokane,2019-07-19,0.04,0.03810327872633934
Spokane,2019-07-20,0.042,0.0368129163980484
Spokane,2019-07-21,0.044,0.04069455340504646
Spokane,2019-07-22,0.044,0.04022357240319252
Spokane,2019-07-23,0.044,0.03679817542433739
Spokane,2019-07-24,0.043,0.04344787448644638
Spokane,2019-07-25,0.046,0.05195234343409538
Spokane,2019-07-26,0.051,0.05561090633273125
Spokane,2019-07-27,0.054,0.058891549706459045
Spokane,2019-07-28,0.053,0.058341220021247864
Spokane,2019-07-29,0.052,0.06908674538135529
Spokane,2019-07-30,0.05,0.05283191800117493
Spokane,2019-07-31,0.048,0.051102958619594574
Spokane,2019-08-01,0.046,0.04585650563240051
Spokane,2019-08-02,0.043,0.03930411860346794
Spokane,2019-08-03,0.039,0.038803260773420334
Spokane,2019-08-04,0.037,0.04399661719799042
Spokane,2019-08-05,0.035,0.0452616810798645
Spokane,2019-08-06,0.033,0.0404665507376194
Spokane,2019-08-07,0.031,0.03631427511572838
Spokane,2019-08-08,0.03,0.032417330890893936
Spokane,2019-08-09,0.028,0.02982645109295845
Spokane,2019-08-10,0.029,0.03690939396619797
Spokane,2019-08-11,0.046,0.06374381482601166
Spokane,2019-08-12,0.131,0.09286921471357346
Spokane,2019-08-13,0.121,0.10613182932138443
Spokane,2019-08-14,0.112,0.09934733062982559
Spokane,2019-08-15,0.105,0.0956805944442749
Spokane,2019-08-16,0.098,0.09250738471746445
Spokane,2019-08-17,0.093,0.09038197249174118
Spokane,2019-08-18,0.087,0.08506423979997635
Spokane,2019-08-19,0.082,0.07184407860040665
Spokane,2019-08-20,0.077,0.06869200617074966
Spokane,2019-08-21,0.072,0.05447208508849144
Spokane,2019-08-22,0.067,0.057552509009838104
Spokane,2019-08-23,0.063,0.05630550906062126
Spokane,2019-08-24,0.06,0.05679196119308472
Spokane,2019-08-25,0.056,0.05336417630314827
Spokane,2019-08-26,0.052,0.04624722898006439
Spokane,2019-08-27,0.049,0.04611531272530556
Spokane,2019-08-28,0.046,0.04532088711857796
Spokane,2019-08-29,0.042,0.043840695172548294
Spokane,2019-08-30,0.042,0.04452809691429138
Spokane,2019-08-31,0.042,0.04587596654891968
Spokane,2019-09-01,0.041,0.045894037932157516
Spokane,2019-09-02,0.038,0.03944781795144081
Spokane,2019-09-03,0.036,0.03873428702354431
Spokane,2019-09-04,0.035,0.036635976284742355
Spokane,2019-09-05,0.033,0.03582597151398659
Spokane,2019-09-06,0.032,0.03517932444810867
Spokane,2019-09-07,0.034,0.04569433256983757
Spokane,2019-09-08,0.035,0.05709434673190117
Spokane,2019-09-09,0.072,0.06886815279722214
Spokane,2019-09-10,0.129,0.09330148994922638
Spokane,2019-09-11,0.126,0.09294745326042175
Spokane,2019-09-12,0.122,0.10429424792528152
Spokane,2019-09-13,0.117,0.10144724696874619
Spokane,2019-09-14,0.112,0.10134550929069519
Spokane,2019-09-15,0.107,0.1009652316570282
Spokane,2019-09-16,0.103,0.08265338093042374
Spokane,2019-09-17,0.099,0.09297835826873779
Spokane,2019-09-18,0.097,0.09549521654844284
Spokane,2019-09-19,0.095,0.10507749021053314
Spokane,2019-09-20,0.093,0.09836820513010025
Spokane,2019-09-21,0.092,0.09876714646816254
Spokane,2019-09-22,0.091,0.10162162780761719
Spokane,2019-09-23,0.091,0.0787433385848999
Spokane,2019-09-24,0.089,0.08602644503116608
Spokane,2019-09-25,0.087,0.0856660008430481
Spokane,2019-09-26,0.085,0.08176395297050476
Spokane,2019-09-27,0.083,0.09942422807216644
Spokane,2019-09-28,0.145,0.13587675988674164
Spokane,2019-09-29,0.196,0.1715627908706665
Spokane,2019-09-30,0.178,0.15439550578594208
Spokane,2019-10-01,0.166,0.16951364278793335
Spokane,2019-10-02,0.158,0.1537301391363144
Spokane,2019-10-03,0.154,0.1476244479417801
Spokane,2019-10-04,0.151,0.14863765239715576
Spokane,2019-10-05,0.148,0.1567147970199585
Spokane,2019-10-06,0.144,0.1444416493177414
Spokane,2019-10-07,0.142,0.14490345120429993
Spokane,2019-10-08,0.139,0.15078525245189667
Spokane,2019-10-09,0.164,0.15249060094356537
Spokane,2019-10-10,0.166,0.16066880524158478
Spokane,2019-10-11,0.16,0.15589696168899536
Spokane,2019-10-12,0.156,0.14882993698120117
Spokane,2019-10-13,0.154,0.15201786160469055
Spokane,2019-10-14,0.151,0.1555628627538681
Spokane,2019-10-15,0.147,0.15304729342460632
Spokane,2019-10-16,0.146,0.15337185561656952
Spokane,2019-10-17,0.144,0.1591625213623047
Spokane,2019-10-18,0.148,0.16679710149765015
Spokane,2019-10-19,0.193,0.1831614077091217
Spokane,2019-10-20,0.196,0.19637976586818695
Spokane,2019-10-21,0.195,0.2058100700378418
Spokane,2019-10-22,0.207,0.21443678438663483
Spokane,2019-10-23,0.193,0.20912382006645203
Spokane,2019-10-25,0.182,0.18306323885917664
Spokane,2019-10-26,0.184,0.18301686644554138
Spokane,2019-10-27,0.18,0.18889734148979187
Spokane,2019-10-28,0.179,0.18646395206451416
Spokane,2019-10-29,0.17,0.17645050585269928
Spokane,2019-10-30,0.163,0.17618991434574127
Spokane,2019-10-31,0.165,0.16156814992427826
Spokane,2019-11-04,0.166,0.16672824323177338
Spokane,2019-11-05,0.165,0.1672443151473999
Spokane,2019-11-06,0.164,0.16439585387706757
Spokane,2019-11-07,0.16,0.16176363825798035
Spokane,2019-11-08,0.161,0.17013603448867798
Spokane,2019-11-09,0.166,0.17838357388973236
Spokane,2019-11-10,0.172,0.1800033301115036
Spokane,2019-11-11,0.167,0.18836277723312378
Spokane,2019-11-12,0.17,0.19054484367370605
Spokane,2019-11-13,0.175,0.19332818686962128
Spokane,2019-11-14,0.173,0.19123484194278717
Spokane,2019-11-15,0.177,0.1876351684331894
Spokane,2019-11-16,0.18,0.18851709365844727
Spokane,2019-11-17,0.207,0.19641822576522827
Spokane,2019-11-18,0.208,0.22957302629947662
Spokane,2019-11-19,0.203,0.20212675631046295
Spokane,2019-11-20,0.2,0.2033102810382843
Spokane,2019-11-21,0.193,0.1997033655643463
Spokane,2019-11-22,0.185,0.20330378413200378
Spokane,2019-11-23,0.18,0.18466629087924957
Spokane,2019-11-24,0.184,0.18237675726413727
Spokane,2019-11-25,0.18,0.17321056127548218
Spokane,2019-12-24,0.265,0.25990259647369385
Spokane,2019-12-25,0.263,0.25687211751937866
Spokane,2019-12-26,0.262,0.257534384727478
Spokane,2019-12-27,0.259,0.2611406147480011
Spokane,2019-12-28,0.259,0.2672109305858612
Spokane,2019-12-29,0.259,0.26432037353515625
Spokane,2019-12-30,0.262,0.26870957016944885
Spokane,2019-12-31,0.275,0.26923227310180664
Spokane,2020-01-01,0.287,0.2835994064807892
Spokane,2020-01-02,0.28,0.28358712792396545
Spokane,2020-01-03,0.281,0.2848648130893707
Spokane,2020-01-04,0.278,0.28471553325653076
Spokane,2020-01-05,0.275,0.28457531332969666
Spokane,2020-01-06,0.282,0.2831067442893982
Spokane,2020-01-07,0.289,0.2915884852409363
Spokane,2020-01-08,0.286,0.2918095290660858
Spokane,2020-01-09,0.282,0.2840751111507416
Spokane,2020-01-10,0.275,0.29028189182281494
Spokane,2020-01-11,0.295,0.2914041578769684
Spokane,2020-01-12,0.297,0.294195294380188
Spokane,2020-01-13,0.294,0.3012796938419342
Spokane,2020-01-14,0.297,0.3033025562763214
Spokane,2020-01-15,0.295,0.30326732993125916
Spokane,2020-01-16,0.294,0.290390282869339
Spokane,2020-01-17,0.289,0.29303646087646484
Spokane,2020-01-18,0.287,0.2912152409553528
Spokane,2020-01-19,0.289,0.28506866097450256
Spokane,2020-01-20,0.29,0.29130738973617554
Spokane,2020-01-21,0.291,0.29364022612571716
Spokane,2020-01-22,0.295,0.2988358736038208
Spokane,2020-01-23,0.328,0.3116611838340759
Spokane,2020-01-24,0.342,0.32543909549713135
Spokane,2020-01-25,0.319,0.32005608081817627
Spokane,2020-01-26,0.317,0.32104629278182983
Spokane,2020-01-27,0.313,0.30100610852241516
Spokane,2020-01-28,0.328,0.3224509060382843
Spokane,2020-01-29,0.319,0.3204551339149475
Spokane,2020-01-30,0.315,0.3193929195404053
Spokane,2020-01-31,0.312,0.31518468260765076
Spokane,2020-02-01,0.309,0.30557000637054443
Spokane,2020-02-02,0.304,0.3028395473957062
Spokane,2020-02-03,0.291,0.29323241114616394
Spokane,2020-02-04,0.281,0.29355940222740173
Spokane,2020-02-05,0.295,0.29789847135543823
Spokane,2020-02-06,0.309,0.3161228895187378
Spokane,2020-02-07,0.33,0.32006850838661194
Spokane,2020-02-08,0.332,0.3215492367744446
Spokane,2020-02-09,0.321,0.318164199590683
Spokane,2020-02-10,0.32,0.3073309659957886
Spokane,2020-02-11,0.317,0.3066941499710083
Spokane,2020-02-15,0.309,0.30468040704727173
Spokane,2020-02-16,0.307,0.3051406145095825
Spokane,2020-02-17,0.3,0.30311742424964905
Spokane,2020-02-18,0.307,0.2985818386077881
Spokane,2020-03-04,0.279,0.2788357436656952
Spokane,2020-03-05,0.278,0.2796649634838104
Spokane,2020-03-06,0.279,0.28506526350975037
Spokane,2020-03-07,0.294,0.29126548767089844
Spokane,2020-03-08,0.294,0.2943071126937866
Spokane,2020-03-09,0.291,0.29380112886428833
Spokane,2020-03-10,0.289,0.2853233516216278
Spokane,2020-03-11,0.289,0.2830616235733032
Spokane,2020-03-12,0.285,0.2809397876262665
Spokane,2020-03-13,0.285,0.28366178274154663
Spokane,2020-03-14,0.284,0.28484034538269043
Spokane,2020-03-15,0.283,0.28873226046562195
Spokane,2020-03-16,0.287,0.2896614968776703
Spokane,2020-03-17,0.287,0.2820248603820801
Spokane,2020-03-18,0.286,0.2815620005130768
Spokane,2020-03-19,0.284,0.2810588777065277
Spokane,2020-03-20,0.282,0.28130850195884705
Spokane,2020-03-21,0.28,0.2825593948364258
Spokane,2020-03-22,0.278,0.2799854576587677
Spokane,2020-03-23,0.277,0.2815278470516205
Spokane,2020-03-24,0.276,0.27975186705589294
Spokane,2020-03-25,0.28,0.2831399738788605
Spokane,2020-03-26,0.282,0.28264108300209045
Spokane,2020-03-27,0.281,0.2823493182659149
Spokane,2020-03-28,0.28,0.2825828194618225
Spokane,2020-03-29,0.279,0.2829749882221222
Spokane,2020-03-30,0.281,0.2825629413127899
Spokane,2020-03-31,0.285,0.29105064272880554
Spokane,2020-04-01,0.288,0.29483991861343384
Spokane,2020-04-02,0.291,0.29080021381378174
Spokane,2020-04-03,0.288,0.2852575182914734
Spokane,2020-04-04,0.285,0.28674226999282837
Spokane,2020-04-05,0.288,0.2839968204498291
Spokane,2020-04-06,0.286,0.2838483452796936
Spokane,2020-04-07,0.283,0.2802242934703827
Spokane,2020-04-08,0.28,0.27887192368507385
Spokane,2020-04-09,0.277,0.27340590953826904
Spokane,2020-04-10,0.274,0.27284684777259827
Spokane,2020-04-11,0.27,0.2708553075790405
Spokane,2020-04-12,0.267,0.27465060353279114
Spokane,2020-04-13,0.264,0.25924643874168396
Spokane,2020-04-14,0.262,0.24489954113960266
Spokane,2020-04-15,0.261,0.250201940536499
Spokane,2020-04-16,0.257,0.24905678629875183
Spokane,2020-04-17,0.254,0.2547626197338104
Spokane,2020-04-18,0.251,0.2537379562854767
Spokane,2020-04-19,0.25,0.25056377053260803
Spokane,2020-04-20,0.247,0.2447558492422104
Spokane,2020-04-21,0.242,0.2445853054523468
Spokane,2020-04-22,0.243,0.23478157818317413
Spokane,2020-04-23,0.25,0.24460120499134064
Spokane,2020-04-24,0.246,0.24366497993469238
Spokane,2020-04-25,0.244,0.24284201860427856
Spokane,2020-04-26,0.241,0.24051973223686218
Spokane,2020-04-27,0.238,0.23897714912891388
Spokane,2020-04-28,0.234,0.23928682506084442
Spokane,2020-04-29,0.229,0.2342502325773239
Spokane,2020-04-30,0.224,0.22511757910251617
Spokane,2020-05-01,0.22,0.2226288914680481
Spokane,2020-05-02,0.216,0.21131479740142822
Spokane,2020-05-03,0.225,0.2262643575668335
Spokane,2020-05-04,0.219,0.2243449091911316
Spokane,2020-05-05,0.214,0.22298996150493622
Spokane,2020-05-06,0.222,0.23338989913463593
Spokane,2020-05-07,0.222,0.23069526255130768
Spokane,2020-05-08,0.217,0.22910821437835693
Spokane,2020-05-09,0.21,0.21975870430469513
Spokane,2020-05-10,0.202,0.19971267879009247
Spokane,2020-05-11,0.195,0.2023557424545288
Spokane,2020-05-12,0.209,0.21591141819953918
Spokane,2020-05-13,0.211,0.21767300367355347
Spokane,2020-05-14,0.21,0.2132466584444046
Spokane,2020-05-15,0.21,0.2128124088048935
Spokane,2020-05-16,0.207,0.20940034091472626
Spokane,2020-05-17,0.206,0.20402230322360992
Spokane,2020-05-18,0.224,0.21352563798427582
Spokane,2020-05-19,0.255,0.2260555922985077
Spokane,2020-05-20,0.294,0.2669951319694519
Spokane,2020-05-21,0.326,0.31461310386657715
Spokane,2020-05-22,0.311,0.3174678087234497
Spokane,2020-05-23,0.305,0.31268155574798584
Spokane,2020-05-24,0.298,0.2893924415111542
Spokane,2020-05-25,0.294,0.2937721908092499
Spokane,2020-05-26,0.29,0.28728073835372925
Spokane,2020-05-27,0.282,0.28108933568000793
Spokane,2020-05-28,0.273,0.27236780524253845
Spokane,2020-05-29,0.265,0.2645041346549988
Spokane,2020-05-30,0.259,0.25901690125465393
Spokane,2020-05-31,0.306,0.28393974900245667
Spokane,2020-06-01,0.297,0.288432240486145
Spokane,2020-06-02,0.289,0.2983686327934265
Spokane,2020-06-03,0.28,0.29148897528648376
Spokane,2020-06-04,0.272,0.26801833510398865
Spokane,2020-06-05,0.268,0.27362552285194397
Spokane,2020-06-06,0.269,0.2754476070404053
Spokane,2020-06-07,0.264,0.27830082178115845
Spokane,2020-06-08,0.259,0.2616831958293915
Spokane,2020-06-09,0.26,0.26198914647102356
Spokane,2020-06-10,0.261,0.26465287804603577
Spokane,2020-06-11,0.254,0.2620394825935364
Spokane,2020-06-12,0.25,0.2619793713092804
Spokane,2020-06-13,0.262,0.25337618589401245
Spokane,2020-06-14,0.268,0.25953784584999084
Spokane,2020-06-15,0.268,0.27933159470558167
Spokane,2020-06-16,0.269,0.2641647458076477
Spokane,2020-06-17,0.267,0.2532404661178589
Spokane,2020-06-18,0.264,0.25686532258987427
Spokane,2020-06-19,0.255,0.2571340799331665
Spokane,2020-06-20,0.248,0.25102463364601135
Spokane,2020-06-21,0.243,0.23697368800640106
Spokane,2020-06-22,0.235,0.23543070256710052
Spokane,2020-06-23,0.226,0.23166927695274353
Spokane,2020-06-24,0.215,0.21092145144939423
Spokane,2020-06-25,0.206,0.2038937211036682
Spokane,2020-06-26,0.197,0.20134899020195007
Spokane,2020-06-27,0.187,0.18935048580169678
Spokane,2020-06-28,0.18,0.183242067694664
Spokane,2020-06-29,0.175,0.17906372249126434
Spokane,2020-06-30,0.178,0.17420564591884613
Spokane,2020-07-01,0.189,0.17843234539031982
Spokane,2020-07-02,0.187,0.17597517371177673
Spokane,2020-07-03,0.177,0.17630167305469513
Spokane,2020-07-04,0.167,0.17165502905845642
Spokane,2020-07-05,0.16,0.16470138728618622
Spokane,2020-07-06,0.152,0.15016119182109833
Spokane,2020-07-07,0.145,0.15333439409732819
Spokane,2020-07-08,0.139,0.14077399671077728
Spokane,2020-07-09,0.134,0.13689547777175903
Spokane,2020-07-10,0.128,0.13390125334262848
Spokane,2020-07-11,0.122,0.12379676848649979
Spokane,2020-07-12,0.116,0.1158239021897316
Spokane,2020-07-13,0.11,0.11006563901901245
Spokane,2020-07-14,0.104,0.10434317588806152
Spokane,2020-07-15,0.099,0.0821610540151596
Spokane,2020-07-16,0.093,0.07523376494646072
Spokane,2020-07-17,0.087,0.07524370402097702
Spokane,2020-07-18,0.082,0.07412029802799225
Spokane,2020-07-19,0.078,0.06695108115673065
Spokane,2020-07-20,0.074,0.06510300934314728
Spokane,2020-07-21,0.069,0.0655556470155716
Spokane,2020-07-22,0.066,0.06655282527208328
Spokane,2020-07-23,0.062,0.05637259781360626
Spokane,2020-07-24,0.06,0.05395897850394249
Spokane,2020-07-25,0.057,0.053796686232089996
Spokane,2020-07-26,0.055,0.053855590522289276
Spokane,2020-07-27,0.054,0.048891011625528336
Spokane,2020-07-28,0.051,0.04841713607311249
Spokane,2020-07-29,0.049,0.04776638001203537
Spokane,2020-07-30,0.048,0.04796691983938217
Spokane,2020-07-31,0.046,0.04777757078409195
Spokane,2020-08-01,0.043,0.04741237312555313
Spokane,2020-08-02,0.042,0.04363419860601425
Spokane,2020-08-03,0.04,0.04191058874130249
Spokane,2020-08-04,0.039,0.041876520961523056
Spokane,2020-08-05,0.038,0.039984554052352905
Spokane,2020-08-06,0.037,0.037176214158535004
Spokane,2020-08-07,0.037,0.042356375604867935
Spokane,2020-08-08,0.037,0.04178580269217491
Spokane,2020-08-09,0.037,0.042023636400699615
Spokane,2020-08-10,0.036,0.04186434671282768
Spokane,2020-08-11,0.036,0.04106824845075607
Spokane,2020-08-12,0.034,0.038807209581136703
Spokane,2020-08-13,0.033,0.03827357664704323
Spokane,2020-08-14,0.033,0.03703473135828972
Spokane,2020-08-15,0.033,0.03840057551860809
Spokane,2020-08-16,0.033,0.040135692805051804
Spokane,2020-08-17,0.034,0.03489546477794647
Spokane,2020-08-18,0.033,0.03561935946345329
Spokane,2020-08-19,0.033,0.03466980904340744
Spokane,2020-08-20,0.033,0.03357631713151932
Spokane,2020-08-21,0.034,0.03283680975437164
Spokane,2020-08-22,0.033,0.03207847848534584
Spokane,2020-08-23,0.032,0.031559139490127563
Spokane,2020-08-24,0.031,0.032419852912425995
Spokane,2020-08-25,0.031,0.03226934373378754
Spokane,2020-08-26,0.03,0.032594744116067886
Spokane,2020-08-27,0.029,0.03264344483613968
Spokane,2020-08-28,0.029,0.03211231529712677
Spokane,2020-08-29,0.029,0.0316154807806015
Spokane,2020-08-30,0.028,0.03159390389919281
Spokane,2020-08-31,0.029,0.029895370826125145
Spokane,2020-09-01,0.028,0.029874499887228012
Spokane,2020-09-02,0.028,0.029406603425741196
Spokane,2020-09-03,0.028,0.030232826247811317
Spokane,2020-09-04,0.028,0.030534254387021065
Spokane,2020-09-05,0.028,0.03053455613553524
Spokane,2020-09-06,0.027,0.03066902421414852
Spokane,2020-09-07,0.027,0.030160050839185715
Spokane,2020-09-08,0.025,0.030903924256563187
Spokane,2020-09-09,0.025,0.029980506747961044
Spokane,2020-09-10,0.025,0.029779672622680664
Spokane,2020-09-11,0.025,0.029992947354912758
Spokane,2020-09-12,0.024,0.030098721385002136
Spokane,2020-09-13,0.023,0.03047424927353859
Spokane,2020-09-14,0.024,0.028374386951327324
Spokane,2020-09-15,0.024,0.027262762188911438
Spokane,2020-09-16,0.025,0.02519734762609005
Spokane,2020-09-17,0.025,0.02512936107814312
Spokane,2020-09-18,0.025,0.02465961128473282
Spokane,2020-09-19,0.025,0.0251290425658226
Spokane,2020-09-20,0.026,0.02636421099305153
Spokane,2020-09-21,0.026,0.0236066747456789
Spokane,2020-09-22,0.028,0.022737307474017143
Spokane,2020-09-23,0.029,0.023143962025642395
Spokane,2020-09-24,0.03,0.02823427878320217
Spokane,2020-09-25,0.03,0.042076848447322845
Spokane,2020-09-26,0.032,0.04225657507777214
Spokane,2020-09-27,0.035,0.05185287445783615
Spokane,2020-09-28,0.039,0.04592069610953331
Spokane,2020-09-29,0.043,0.05592736229300499
Spokane,2020-09-30,0.045,0.05323553830385208
Spokane,2020-10-01,0.047,0.05560687556862831
Spokane,2020-10-02,0.05,0.056785810738801956
Spokane,2020-10-03,0.05,0.05636952444911003
Spokane,2020-10-04,0.05,0.053227540105581284
Spokane,2020-10-05,0.049,0.05416221544146538
Spokane,2020-10-06,0.049,0.0534975491464138
Spokane,2020-10-07,0.049,0.05310912802815437
Spokane,2020-10-08,0.049,0.052381180226802826
Spokane,2020-10-09,0.048,0.05356460064649582
Spokane,2020-10-10,0.091,0.08487468957901001
Spokane,2020-10-11,0.142,0.12245424091815948
Spokane,2020-10-12,0.176,0.16203200817108154
Spokane,2020-10-13,0.192,0.19615934789180756
Spokane,2020-10-14,0.184,0.20134925842285156
Spokane,2020-10-15,0.171,0.188141867518425
Spokane,2020-10-16,0.165,0.16683214902877808
Spokane,2020-10-17,0.16,0.1581742763519287
Spokane,2020-10-18,0.163,0.1651778221130371
Spokane,2020-10-19,0.162,0.17125163972377777
Spokane,2020-10-20,0.157,0.16534994542598724
Spokane,2020-10-21,0.153,0.15391339361667633
Spokane,2020-10-22,0.149,0.14079800248146057
Spokane,2020-10-23,0.146,0.15292325615882874
Spokane,2020-10-24,0.149,0.15386444330215454
Spokane,2020-10-25,0.154,0.15883876383304596
Spokane,2020-10-26,0.151,0.16288818418979645
Spokane,2020-10-27,0.16,0.15620768070220947
Spokane,2020-10-28,0.195,0.178816556930542
Spokane,2020-10-29,0.207,0.17992959916591644
Spokane,2020-10-30,0.197,0.19414407014846802
Spokane,2020-10-31,0.188,0.18636290729045868
Spokane,2020-11-01,0.182,0.1803695261478424
Spokane,2020-11-02,0.179,0.17567235231399536
Spokane,2020-11-03,0.176,0.1902007907629013
Spokane,2020-11-04,0.178,0.18491189181804657
Spokane,2020-11-05,0.194,0.2010473608970642
Spokane,2020-11-06,0.221,0.20513030886650085
Spokane,2020-11-07,0.209,0.20077843964099884
Spokane,2020-11-08,0.204,0.2347959578037262
Spokane,2020-11-09,0.199,0.21563546359539032
Spokane,2020-11-10,0.202,0.22126084566116333
Spokane,2020-11-11,0.203,0.22116915881633759
Spokane,2020-11-12,0.202,0.21584104001522064
Spokane,2020-11-13,0.227,0.22939252853393555
Spokane,2020-11-14,0.229,0.22541508078575134
Spokane,2020-11-15,0.23,0.2404094785451889
Spokane,2020-11-16,0.227,0.24999667704105377
Spokane,2020-11-17,0.227,0.22751057147979736
Spokane,2020-11-18,0.23,0.22810271382331848
Spokane,2020-11-19,0.23,0.23096102476119995
Spokane,2020-11-20,0.225,0.23250816762447357
Spokane,2020-11-21,0.22,0.22541344165802002
Spokane,2020-11-22,0.216,0.22583743929862976
Spokane,2020-11-23,0.219,0.22931046783924103
Spokane,2020-11-24,0.227,0.2250867336988449
Spokane,2020-11-25,0.242,0.2378970980644226
Spokane,2020-11-26,0.236,0.2507411539554596
Spokane,2020-11-27,0.232,0.23606111109256744
Spokane,2020-11-28,0.231,0.23369000852108002
Spokane,2020-11-29,0.224,0.22312358021736145
Spokane,2020-11-30,0.219,0.2259978950023651
Spokane,2020-12-01,0.223,0.22476905584335327
Spokane,2020-12-02,0.226,0.225327730178833
Touchet_WA_824,2017-01-11,0.196,0.18636676669120789
Touchet_WA_824,2017-01-12,0.195,0.1847693771123886
Touchet_WA_824,2017-01-13,0.196,0.1890782117843628
Touchet_WA_824,2017-01-14,0.195,0.18823133409023285
Touchet_WA_824,2017-01-15,0.196,0.1916733682155609
Touchet_WA_824,2017-01-16,0.195,0.19207750260829926
Touchet_WA_824,2017-01-17,0.195,0.1964884102344513
Touchet_WA_824,2017-01-18,0.195,0.19118459522724152
Touchet_WA_824,2017-01-19,0.194,0.1913875788450241
Touchet_WA_824,2017-01-20,0.195,0.1919320821762085
Touchet_WA_824,2017-01-21,0.195,0.18935434520244598
Touchet_WA_824,2017-01-22,0.195,0.192000150680542
Touchet_WA_824,2017-01-23,0.194,0.19194142520427704
Touchet_WA_824,2017-01-24,0.195,0.19143059849739075
Touchet_WA_824,2017-01-25,0.194,0.18913954496383667
Touchet_WA_824,2017-01-26,0.195,0.19116878509521484
Touchet_WA_824,2017-01-27,0.195,0.18832843005657196
Touchet_WA_824,2017-01-28,0.196,0.1831400841474533
Touchet_WA_824,2017-01-29,0.196,0.18462783098220825
Touchet_WA_824,2017-01-30,0.196,0.18699628114700317
Touchet_WA_824,2017-01-31,0.196,0.18896810710430145
Touchet_WA_824,2017-02-01,0.196,0.18951871991157532
Touchet_WA_824,2017-02-02,0.197,0.19071923196315765
Touchet_WA_824,2017-02-03,0.195,0.18528206646442413
Touchet_WA_824,2017-02-04,0.196,0.18406140804290771
Touchet_WA_824,2017-02-05,0.196,0.19089701771736145
Touchet_WA_824,2017-02-06,0.196,0.19787025451660156
Touchet_WA_824,2017-02-07,0.195,0.1973414570093155
Touchet_WA_824,2017-02-08,0.197,0.19080044329166412
Touchet_WA_824,2017-02-09,0.197,0.20036660134792328
Touchet_WA_824,2017-02-10,0.196,0.19370165467262268
Touchet_WA_824,2017-02-11,0.197,0.1926998794078827
Touchet_WA_824,2017-02-12,0.196,0.19015325605869293
Touchet_WA_824,2017-02-13,0.196,0.1877833604812622
Touchet_WA_824,2017-02-14,0.196,0.19599869847297668
Touchet_WA_824,2017-02-15,0.196,0.19342707097530365
Touchet_WA_824,2017-02-16,0.197,0.20165380835533142
Touchet_WA_824,2017-02-17,0.198,0.20333848893642426
Touchet_WA_824,2017-02-18,0.198,0.2010190486907959
Touchet_WA_824,2017-02-19,0.197,0.1982678771018982
Touchet_WA_824,2017-02-20,0.198,0.1995428502559662
Touchet_WA_824,2017-02-21,0.199,0.19941113889217377
Touchet_WA_824,2017-02-22,0.197,0.19773723185062408
Touchet_WA_824,2017-02-23,0.198,0.19493889808654785
Touchet_WA_824,2017-02-24,0.199,0.20476476848125458
Touchet_WA_824,2017-02-25,0.199,0.19856791198253632
Touchet_WA_824,2017-02-26,0.199,0.19696994125843048
Touchet_WA_824,2017-02-27,0.2,0.20224015414714813
Touchet_WA_824,2017-02-28,0.199,0.2030840963125229
Touchet_WA_824,2017-03-01,0.2,0.18889755010604858
Touchet_WA_824,2017-03-02,0.202,0.18994669616222382
Touchet_WA_824,2017-03-03,0.201,0.1870158314704895
Touchet_WA_824,2017-03-04,0.2,0.18937595188617706
Touchet_WA_824,2017-03-05,0.201,0.18920527398586273
Touchet_WA_824,2017-03-06,0.201,0.19169533252716064
Touchet_WA_824,2017-03-07,0.202,0.20498612523078918
Touchet_WA_824,2017-03-08,0.202,0.20991380512714386
Touchet_WA_824,2017-03-09,0.201,0.21312429010868073
Touchet_WA_824,2017-03-10,0.202,0.2096625566482544
Touchet_WA_824,2017-03-11,0.202,0.20995092391967773
Touchet_WA_824,2017-03-12,0.202,0.20571103692054749
Touchet_WA_824,2017-03-13,0.202,0.20361830294132233
Touchet_WA_824,2017-03-14,0.203,0.2069338709115982
Touchet_WA_824,2017-03-15,0.202,0.20360609889030457
Touchet_WA_824,2017-03-16,0.203,0.20495907962322235
Touchet_WA_824,2017-03-17,0.204,0.20565438270568848
Touchet_WA_824,2017-03-18,0.203,0.20988111197948456
Touchet_WA_824,2017-03-19,0.204,0.20506660640239716
Touchet_WA_824,2017-03-20,0.205,0.20638979971408844
Touchet_WA_824,2017-03-21,0.206,0.20594549179077148
Touchet_WA_824,2017-03-22,0.205,0.20496498048305511
Touchet_WA_824,2017-03-23,0.206,0.20468595623970032
Touchet_WA_824,2017-03-24,0.206,0.20894314348697662
Touchet_WA_824,2017-03-25,0.206,0.20948408544063568
Touchet_WA_824,2017-03-26,0.205,0.21092566847801208
Touchet_WA_824,2017-03-27,0.206,0.2119668871164322
Touchet_WA_824,2017-03-28,0.206,0.2068038284778595
Touchet_WA_824,2017-03-29,0.206,0.20761480927467346
Touchet_WA_824,2017-03-30,0.206,0.20954285562038422
Touchet_WA_824,2017-03-31,0.206,0.2084020972251892
Touchet_WA_824,2017-04-01,0.206,0.20625898241996765
Touchet_WA_824,2017-04-02,0.207,0.20725280046463013
Touchet_WA_824,2017-04-03,0.206,0.20405204594135284
Touchet_WA_824,2017-04-04,0.207,0.20614571869373322
Touchet_WA_824,2017-04-05,0.207,0.20283792912960052
Touchet_WA_824,2017-04-06,0.206,0.20494826138019562
Touchet_WA_824,2017-04-07,0.207,0.20206205546855927
Touchet_WA_824,2017-04-08,0.208,0.20899556577205658
Touchet_WA_824,2017-04-09,0.208,0.21470455825328827
Touchet_WA_824,2017-04-10,0.208,0.21192105114459991
Touchet_WA_824,2017-04-11,0.207,0.21345995366573334
Touchet_WA_824,2017-04-12,0.208,0.21333186328411102
Touchet_WA_824,2017-04-13,0.208,0.21310240030288696
Touchet_WA_824,2017-04-14,0.208,0.21342866122722626
Touchet_WA_824,2017-04-15,0.209,0.2155921310186386
Touchet_WA_824,2017-04-16,0.209,0.2131151556968689
Touchet_WA_824,2017-04-17,0.209,0.2017337828874588
Touchet_WA_824,2017-04-18,0.208,0.2083682417869568
Touchet_WA_824,2017-04-19,0.209,0.20924703776836395
Touchet_WA_824,2017-04-20,0.209,0.20849645137786865
Touchet_WA_824,2017-04-21,0.208,0.20676732063293457
Touchet_WA_824,2017-04-22,0.209,0.20863276720046997
Touchet_WA_824,2017-04-23,0.21,0.20436693727970123
Touchet_WA_824,2017-04-24,0.211,0.20503096282482147
Touchet_WA_824,2017-04-25,0.212,0.20759248733520508
Touchet_WA_824,2017-04-26,0.212,0.20929281413555145
Touchet_WA_824,2017-04-27,0.213,0.21628879010677338
Touchet_WA_824,2017-04-28,0.212,0.21581754088401794
Touchet_WA_824,2017-04-29,0.212,0.21659459173679352
Touchet_WA_824,2017-04-30,0.211,0.2147473394870758
Touchet_WA_824,2017-05-01,0.211,0.21826526522636414
Touchet_WA_824,2017-05-02,0.212,0.22457516193389893
Touchet_WA_824,2017-05-03,0.213,0.22320641577243805
Touchet_WA_824,2017-05-04,0.213,0.22888624668121338
Touchet_WA_824,2017-05-05,0.222,0.23416069149971008
Touchet_WA_824,2017-05-06,0.235,0.24286457896232605
Touchet_WA_824,2017-05-07,0.24,0.2430580109357834
Touchet_WA_824,2017-05-08,0.231,0.23735515773296356
Touchet_WA_824,2017-05-09,0.233,0.24067166447639465
Touchet_WA_824,2017-05-10,0.235,0.2407953441143036
Touchet_WA_824,2017-05-11,0.24,0.24411900341510773
Touchet_WA_824,2017-05-12,0.245,0.2526189088821411
Touchet_WA_824,2017-05-13,0.248,0.24896126985549927
Touchet_WA_824,2017-05-14,0.239,0.24404078722000122
Touchet_WA_824,2017-05-15,0.232,0.24417854845523834
Touchet_WA_824,2017-05-16,0.235,0.2420828938484192
Touchet_WA_824,2017-05-17,0.241,0.25018709897994995
Touchet_WA_824,2017-05-18,0.236,0.24467970430850983
Touchet_WA_824,2017-05-19,0.232,0.24482622742652893
Touchet_WA_824,2017-05-20,0.233,0.24301151931285858
Touchet_WA_824,2017-05-21,0.253,0.25201359391212463
Touchet_WA_824,2017-05-22,0.277,0.27961626648902893
Touchet_WA_824,2017-05-23,0.3,0.2907484769821167
Touchet_WA_824,2017-05-24,0.322,0.30627819895744324
Touchet_WA_824,2017-05-25,0.326,0.3079383671283722
Touchet_WA_824,2017-05-26,0.294,0.30609002709388733
Touchet_WA_824,2017-05-27,0.329,0.30972549319267273
Touchet_WA_824,2017-05-28,0.334,0.31551188230514526
Touchet_WA_824,2017-05-29,0.341,0.3001481890678406
Touchet_WA_824,2017-05-30,0.284,0.2779565453529358
Touchet_WA_824,2017-05-31,0.249,0.24450193345546722
Touchet_WA_824,2017-06-01,0.236,0.23847191035747528
Touchet_WA_824,2017-06-02,0.237,0.2403292953968048
Touchet_WA_824,2017-06-03,0.221,0.23540088534355164
Touchet_WA_824,2017-06-04,0.206,0.2361147403717041
Touchet_WA_824,2017-06-05,0.277,0.2429359406232834
Touchet_WA_824,2017-06-06,0.225,0.23027966916561127
Touchet_WA_824,2017-06-07,0.208,0.22156114876270294
Touchet_WA_824,2017-06-08,0.197,0.22978022694587708
Touchet_WA_824,2017-06-09,0.276,0.2518191337585449
Touchet_WA_824,2017-06-10,0.264,0.2542088031768799
Touchet_WA_824,2017-06-11,0.241,0.25282278656959534
Touchet_WA_824,2017-06-12,0.22,0.23910969495773315
Touchet_WA_824,2017-06-13,0.213,0.19865600764751434
Touchet_WA_824,2017-06-14,0.202,0.19196045398712158
Touchet_WA_824,2017-06-15,0.192,0.20338328182697296
Touchet_WA_824,2017-06-16,0.209,0.2361883521080017
Touchet_WA_824,2017-06-17,0.332,0.2644232213497162
Touchet_WA_824,2017-06-18,0.26,0.24642963707447052
Touchet_WA_824,2017-06-19,0.235,0.22279143333435059
Touchet_WA_824,2017-06-20,0.212,0.20435798168182373
Touchet_WA_824,2017-06-21,0.198,0.19437390565872192
Touchet_WA_824,2017-06-22,0.186,0.1801558881998062
Touchet_WA_824,2017-06-23,0.177,0.17826466262340546
Touchet_WA_824,2017-06-24,0.171,0.16035377979278564
Touchet_WA_824,2017-06-25,0.164,0.1399282068014145
Touchet_WA_824,2017-06-26,0.155,0.14243702590465546
Touchet_WA_824,2017-06-27,0.144,0.15678757429122925
Touchet_WA_824,2017-06-28,0.154,0.1533825397491455
Touchet_WA_824,2017-06-29,0.139,0.14045850932598114
Touchet_WA_824,2017-06-30,0.132,0.13019795715808868
Touchet_WA_824,2017-07-01,0.128,0.12950199842453003
Touchet_WA_824,2017-07-02,0.119,0.116973377764225
Touchet_WA_824,2017-07-03,0.118,0.10908717662096024
Touchet_WA_824,2017-07-04,0.108,0.09685829281806946
Touchet_WA_824,2017-07-05,0.102,0.0876210406422615
Touchet_WA_824,2017-07-06,0.091,0.08138633519411087
Touchet_WA_824,2017-07-07,0.082,0.07379596680402756
Touchet_WA_824,2017-07-08,0.073,0.0707850456237793
Touchet_WA_824,2017-07-09,0.06,0.0688675045967102
Touchet_WA_824,2017-07-10,0.046,0.05937192589044571
Touchet_WA_824,2017-07-11,0.039,0.03961663693189621
Touchet_WA_824,2017-07-12,0.033,0.03899163007736206
Touchet_WA_824,2017-07-13,0.029,0.033070698380470276
Touchet_WA_824,2017-07-14,0.022,0.028317779302597046
Touchet_WA_824,2017-07-15,0.02,0.027043545618653297
Touchet_WA_824,2017-07-16,0.016,0.01963140070438385
Touchet_WA_824,2017-07-17,0.009,0.015696242451667786
Touchet_WA_824,2017-07-18,0.009,0.009370062500238419
Touchet_WA_824,2017-07-19,0.011,-0.005438351072371006
Touchet_WA_824,2017-07-20,0.005,-0.00494321808218956
Touchet_WA_824,2017-07-21,0.0,-0.004156291484832764
Touchet_WA_824,2017-07-22,0.0,-0.004115213640034199
Touchet_WA_824,2017-07-23,0.0,-0.004228825215250254
Touchet_WA_824,2017-07-24,0.0,-0.0029360854532569647
Touchet_WA_824,2017-07-25,0.0,-0.003282340941950679
Touchet_WA_824,2017-07-26,0.0,-0.005030893255025148
Touchet_WA_824,2017-07-27,0.0,-0.005892226472496986
Touchet_WA_824,2017-07-28,0.0,-0.0024257793556898832
Touchet_WA_824,2017-07-29,0.0,-0.0024257793556898832
Touchet_WA_824,2017-07-30,0.0,-0.0020892617758363485
Touchet_WA_824,2017-07-31,0.0,-0.0026325988583266735
Touchet_WA_824,2017-08-01,0.0,-0.002481296192854643
Touchet_WA_824,2017-08-02,0.0,-0.003022143617272377
Touchet_WA_824,2017-08-03,0.0,-0.0029758636374026537
Touchet_WA_824,2017-08-04,0.0,-0.0032842678483575583
Touchet_WA_824,2017-08-05,0.0,-0.0033459330443292856
Touchet_WA_824,2017-08-06,0.0,-0.003056557150557637
Touchet_WA_824,2017-08-07,0.0,-0.0031489902175962925
Touchet_WA_824,2017-08-08,0.0,-0.003279299009591341
Touchet_WA_824,2017-08-09,0.0,-0.004314078018069267
Touchet_WA_824,2017-08-10,0.0,-0.0066275945864617825
Touchet_WA_824,2017-08-11,0.0,-0.005587597377598286
Touchet_WA_824,2017-08-12,0.0,-0.0018477579578757286
Touchet_WA_824,2017-08-13,0.0,0.0049046678468585014
Touchet_WA_824,2017-08-14,0.0,0.006965376902371645
Touchet_WA_824,2017-08-15,0.0,0.0013019785983487964
Touchet_WA_824,2017-08-16,0.0,0.005416632164269686
Touchet_WA_824,2017-08-17,0.0,0.004771294072270393
Touchet_WA_824,2017-08-18,0.0,0.0018055023392662406
Touchet_WA_824,2017-08-19,0.0,0.003788936650380492
Touchet_WA_824,2017-08-20,0.0,0.0017745682271197438
Touchet_WA_824,2017-08-21,0.0,0.0015918611316010356
Touchet_WA_824,2017-08-22,0.0,0.0005716331070289016
Touchet_WA_824,2017-08-23,0.0,0.0011951527558267117
Touchet_WA_824,2017-08-24,0.0,0.0013912601862102747
Touchet_WA_824,2017-08-25,0.0,-0.0003494944248814136
Touchet_WA_824,2017-08-26,0.0,0.00037519956822507083
Touchet_WA_824,2017-08-27,0.0,-0.0034118667244911194
Touchet_WA_824,2017-08-28,0.0,-0.00391496904194355
Touchet_WA_824,2017-08-29,0.0,-0.0020808917470276356
Touchet_WA_824,2017-08-30,0.0,-0.0007164872949942946
Touchet_WA_824,2017-08-31,0.0,-0.0011264098575338721
Touchet_WA_824,2017-09-01,0.0,-0.0012834329390898347
Touchet_WA_824,2017-09-02,0.0,-0.001836044597439468
Touchet_WA_824,2017-09-03,0.0,-0.0026130364276468754
Touchet_WA_824,2017-09-04,0.0,-0.0035253099631518126
Touchet_WA_824,2017-09-05,0.0,-0.0031115668825805187
Touchet_WA_824,2017-09-06,0.0,-0.0035008550621569157
Touchet_WA_824,2017-09-07,0.0,-0.0035111031029373407
Touchet_WA_824,2017-09-08,0.0,-0.004125318489968777
Touchet_WA_824,2017-09-09,0.0,-0.004264251794666052
Touchet_WA_824,2017-09-10,0.0,-0.004764077719300985
Touchet_WA_824,2017-09-11,0.0,0.0017820342909544706
Touchet_WA_824,2017-09-12,0.0,-0.00534785445779562
Touchet_WA_824,2017-09-13,0.0,-0.0058428021147847176
Touchet_WA_824,2017-09-14,0.0,-0.007611308246850967
Touchet_WA_824,2017-09-15,0.0,-0.0026772781275212765
Touchet_WA_824,2017-09-16,0.0,0.004408363252878189
Touchet_WA_824,2017-09-17,0.0,0.008496521972119808
Touchet_WA_824,2017-09-18,0.0,0.01700906828045845
Touchet_WA_824,2017-09-19,0.088,0.08498992025852203
Touchet_WA_824,2017-09-20,0.1,0.11588750034570694
Touchet_WA_824,2017-09-21,0.126,0.12981657683849335
Touchet_WA_824,2017-09-22,0.143,0.15152789652347565
Touchet_WA_824,2017-09-23,0.17,0.1631367951631546
Touchet_WA_824,2017-09-24,0.189,0.17915959656238556
Touchet_WA_824,2017-09-25,0.222,0.19870822131633759
Touchet_WA_824,2017-09-26,0.208,0.18599426746368408
Touchet_WA_824,2017-09-27,0.165,0.16304874420166016
Touchet_WA_824,2017-09-28,0.144,0.14283619821071625
Touchet_WA_824,2017-09-29,0.133,0.12781229615211487
Touchet_WA_824,2017-09-30,0.122,0.11911038309335709
Touchet_WA_824,2017-10-01,0.114,0.12206156551837921
Touchet_WA_824,2017-10-02,0.144,0.15236356854438782
Touchet_WA_824,2017-10-03,0.157,0.1489143669605255
Touchet_WA_824,2017-10-04,0.146,0.14444519579410553
Touchet_WA_824,2017-10-05,0.137,0.13722044229507446
Touchet_WA_824,2017-10-06,0.131,0.128346785902977
Touchet_WA_824,2017-10-07,0.126,0.13095615804195404
Touchet_WA_824,2017-10-08,0.116,0.1396121084690094
Touchet_WA_824,2017-10-09,0.153,0.14961110055446625
Touchet_WA_824,2017-10-10,0.144,0.13994719088077545
Touchet_WA_824,2017-10-11,0.14,0.1296927034854889
Touchet_WA_824,2017-10-12,0.137,0.132175475358963
Touchet_WA_824,2017-10-13,0.13,0.1297130435705185
Touchet_WA_824,2017-10-14,0.131,0.13596053421497345
Touchet_WA_824,2017-10-15,0.132,0.13787277042865753
Touchet_WA_824,2017-10-16,0.129,0.15936389565467834
Touchet_WA_824,2017-10-17,0.139,0.16484715044498444
Touchet_WA_824,2017-10-18,0.194,0.20834623277187347
Touchet_WA_824,2017-10-19,0.276,0.2662363350391388
Touchet_WA_824,2017-10-20,0.282,0.269593745470047
Touchet_WA_824,2017-10-21,0.239,0.24345993995666504
Touchet_WA_824,2017-10-22,0.209,0.22881916165351868
Touchet_WA_824,2017-10-23,0.284,0.2601622939109802
Touchet_WA_824,2017-10-24,0.248,0.2537403106689453
Touchet_WA_824,2017-10-25,0.226,0.22529153525829315
Touchet_WA_824,2017-10-26,0.211,0.2050171196460724
Touchet_WA_824,2017-10-27,0.204,0.20607155561447144
Touchet_WA_824,2017-10-28,0.198,0.20223583281040192
Touchet_WA_824,2017-10-29,0.192,0.1996585577726364
Touchet_WA_824,2017-10-30,0.189,0.1818845421075821
Touchet_WA_824,2017-10-31,0.185,0.16863097250461578
Touchet_WA_824,2017-11-01,0.171,0.18067851662635803
Touchet_WA_824,2017-11-02,0.175,0.18684233725070953
Touchet_WA_824,2017-11-03,0.183,0.16919595003128052
Touchet_WA_824,2017-11-04,0.177,0.18030376732349396
Touchet_WA_824,2017-11-05,0.174,0.18053998053073883
Touchet_WA_824,2017-11-06,0.174,0.1792508363723755
Touchet_WA_824,2017-11-07,0.175,0.18699516355991364
Touchet_WA_824,2017-11-08,0.173,0.1811160296201706
Touchet_WA_824,2017-11-09,0.173,0.1790235936641693
Touchet_WA_824,2017-11-10,0.177,0.18431802093982697
Touchet_WA_824,2017-11-11,0.179,0.18497584760189056
Touchet_WA_824,2017-11-12,0.179,0.18397866189479828
Touchet_WA_824,2017-11-13,0.179,0.18945935368537903
Touchet_WA_824,2017-11-14,0.179,0.18817485868930817
Touchet_WA_824,2017-11-15,0.179,0.1916150003671646
Touchet_WA_824,2017-11-16,0.179,0.18362455070018768
Touchet_WA_824,2017-11-17,0.18,0.17684021592140198
Touchet_WA_824,2017-11-18,0.178,0.1759999394416809
Touchet_WA_824,2017-11-19,0.176,0.17283326387405396
Touchet_WA_824,2017-11-20,0.177,0.18857552111148834
Touchet_WA_824,2017-11-21,0.196,0.1960756778717041
Touchet_WA_824,2017-11-22,0.252,0.23105208575725555
Touchet_WA_824,2017-11-23,0.291,0.26307064294815063
Touchet_WA_824,2017-11-24,0.311,0.2690197825431824
Touchet_WA_824,2017-11-25,0.251,0.2550635039806366
Touchet_WA_824,2017-11-26,0.224,0.2508586049079895
Touchet_WA_824,2017-11-27,0.272,0.24353040754795074
Touchet_WA_824,2017-11-28,0.244,0.24454474449157715
Touchet_WA_824,2017-11-29,0.225,0.2330981343984604
Touchet_WA_824,2017-11-30,0.217,0.22222962975502014
Touchet_WA_824,2017-12-01,0.21,0.21545128524303436
Touchet_WA_824,2017-12-02,0.206,0.20886683464050293
Touchet_WA_824,2017-12-03,0.204,0.20615631341934204
Touchet_WA_824,2017-12-04,0.202,0.20228423178195953
Touchet_WA_824,2017-12-05,0.201,0.2021121382713318
Touchet_WA_824,2017-12-06,0.197,0.19742099940776825
Touchet_WA_824,2017-12-07,0.195,0.1953045278787613
Touchet_WA_824,2017-12-08,0.193,0.1910174936056137
Touchet_WA_824,2017-12-09,0.19,0.1921643763780594
Touchet_WA_824,2017-12-10,0.189,0.1874547153711319
Touchet_WA_824,2017-12-11,0.187,0.18801328539848328
Touchet_WA_824,2017-12-12,0.186,0.17608921229839325
Touchet_WA_824,2017-12-13,0.185,0.16729708015918732
Touchet_WA_824,2017-12-14,0.186,0.1796373426914215
Touchet_WA_824,2017-12-15,0.184,0.1792883276939392
Touchet_WA_824,2017-12-16,0.184,0.18211311101913452
Touchet_WA_824,2017-12-17,0.184,0.18510384857654572
Touchet_WA_824,2017-12-18,0.184,0.1886501908302307
Touchet_WA_824,2017-12-19,0.184,0.18887507915496826
Touchet_WA_824,2017-12-20,0.186,0.18599624931812286
Touchet_WA_824,2017-12-21,0.188,0.19370046257972717
Touchet_WA_824,2017-12-22,0.188,0.1931552141904831
Touchet_WA_824,2017-12-23,0.188,0.18929922580718994
Touchet_WA_824,2017-12-24,0.189,0.18789348006248474
Touchet_WA_824,2017-12-25,0.19,0.19321106374263763
Touchet_WA_824,2017-12-26,0.188,0.1938255876302719
Touchet_WA_824,2017-12-27,0.188,0.18495307862758636
Touchet_WA_824,2017-12-28,0.189,0.19215351343154907
Touchet_WA_824,2017-12-29,0.187,0.19619323313236237
Touchet_WA_824,2017-12-30,0.188,0.19618120789527893
Touchet_WA_824,2017-12-31,0.191,0.19637714326381683
Touchet_WA_824,2018-01-01,0.193,0.19334274530410767
Touchet_WA_824,2018-01-02,0.192,0.1946837455034256
Touchet_WA_824,2018-01-03,0.192,0.18637174367904663
Touchet_WA_824,2018-01-04,0.191,0.1809607744216919
Touchet_WA_824,2018-01-05,0.19,0.1913319081068039
Touchet_WA_824,2018-01-06,0.19,0.18223802745342255
Touchet_WA_824,2018-01-07,0.191,0.18315793573856354
Touchet_WA_824,2018-01-08,0.191,0.16931292414665222
Touchet_WA_824,2018-01-09,0.191,0.18141469359397888
Touchet_WA_824,2018-01-10,0.194,0.18326973915100098
Touchet_WA_824,2018-01-11,0.196,0.18912097811698914
Touchet_WA_824,2018-01-12,0.196,0.19238610565662384
Touchet_WA_824,2018-01-13,0.196,0.20077362656593323
Touchet_WA_824,2018-01-14,0.196,0.19897139072418213
Touchet_WA_824,2018-01-15,0.196,0.20192459225654602
Touchet_WA_824,2018-01-16,0.197,0.20881792902946472
Touchet_WA_824,2018-01-17,0.197,0.20902574062347412
Touchet_WA_824,2018-01-18,0.196,0.2032865583896637
Touchet_WA_824,2018-01-19,0.197,0.20274901390075684
Touchet_WA_824,2018-01-20,0.197,0.20130422711372375
Touchet_WA_824,2018-01-21,0.198,0.19782181084156036
Touchet_WA_824,2018-01-22,0.198,0.19474798440933228
Touchet_WA_824,2018-01-23,0.198,0.18533411622047424
Touchet_WA_824,2018-01-24,0.198,0.1906861662864685
Touchet_WA_824,2018-01-25,0.197,0.18973980844020844
Touchet_WA_824,2018-01-26,0.197,0.18978054821491241
Touchet_WA_824,2018-01-27,0.198,0.1905408650636673
Touchet_WA_824,2018-01-28,0.198,0.1931968331336975
Touchet_WA_824,2018-01-29,0.197,0.19463025033473969
Touchet_WA_824,2018-01-30,0.196,0.197929248213768
Touchet_WA_824,2018-01-31,0.198,0.19026897847652435
Touchet_WA_824,2018-02-01,0.198,0.19267548620700836
Touchet_WA_824,2018-02-02,0.198,0.20192277431488037
Touchet_WA_824,2018-02-03,0.197,0.20245803892612457
Touchet_WA_824,2018-02-04,0.199,0.20346076786518097
Touchet_WA_824,2018-02-05,0.2,0.20304355025291443
Touchet_WA_824,2018-02-06,0.202,0.19986440241336823
Touchet_WA_824,2018-02-07,0.202,0.19718842208385468
Touchet_WA_824,2018-02-08,0.201,0.19991058111190796
Touchet_WA_824,2018-02-09,0.201,0.19825737178325653
Touchet_WA_824,2018-02-10,0.2,0.19840888679027557
Touchet_WA_824,2018-02-11,0.201,0.192255899310112
Touchet_WA_824,2018-02-12,0.201,0.191384956240654
Touchet_WA_824,2018-02-13,0.2,0.19726155698299408
Touchet_WA_824,2018-02-14,0.199,0.1948452591896057
Touchet_WA_824,2018-02-15,0.201,0.1957276165485382
Touchet_WA_824,2018-02-16,0.198,0.20472462475299835
Touchet_WA_824,2018-02-17,0.199,0.20536869764328003
Touchet_WA_824,2018-02-18,0.198,0.2078932672739029
Touchet_WA_824,2018-02-19,0.197,0.20287659764289856
Touchet_WA_824,2018-02-20,0.195,0.1981208324432373
Touchet_WA_824,2018-02-21,0.196,0.1991381198167801
Touchet_WA_824,2018-02-22,0.194,0.20351864397525787
Touchet_WA_824,2018-02-23,0.195,0.19548028707504272
Touchet_WA_824,2018-02-24,0.195,0.1985277533531189
Touchet_WA_824,2018-02-25,0.195,0.20179226994514465
Touchet_WA_824,2018-02-26,0.194,0.20271605253219604
Touchet_WA_824,2018-02-27,0.193,0.19961613416671753
Touchet_WA_824,2018-02-28,0.193,0.19229719042778015
Touchet_WA_824,2018-03-01,0.193,0.1928998976945877
Touchet_WA_824,2018-03-02,0.193,0.1875370293855667
Touchet_WA_824,2018-03-03,0.192,0.18745216727256775
Touchet_WA_824,2018-03-04,0.191,0.18475736677646637
Touchet_WA_824,2018-03-05,0.191,0.19084526598453522
Touchet_WA_824,2018-03-06,0.192,0.19294163584709167
Touchet_WA_824,2018-03-07,0.192,0.1911986619234085
Touchet_WA_824,2018-03-08,0.191,0.1891939789056778
Touchet_WA_824,2018-03-09,0.192,0.18677112460136414
Touchet_WA_824,2018-03-10,0.191,0.18808753788471222
Touchet_WA_824,2018-03-11,0.191,0.18943823873996735
Touchet_WA_824,2018-03-12,0.189,0.1904723197221756
Touchet_WA_824,2018-03-13,0.19,0.18105727434158325
Touchet_WA_824,2018-03-14,0.192,0.18447941541671753
Touchet_WA_824,2018-03-15,0.19,0.19188189506530762
Touchet_WA_824,2018-03-16,0.191,0.18937040865421295
Touchet_WA_824,2018-03-17,0.191,0.18566776812076569
Touchet_WA_824,2018-03-18,0.191,0.18732799589633942
Touchet_WA_824,2018-03-19,0.192,0.18599669635295868
Touchet_WA_824,2018-03-20,0.191,0.1845511496067047
Touchet_WA_824,2018-03-21,0.192,0.18376629054546356
Touchet_WA_824,2018-03-22,0.193,0.18216648697853088
Touchet_WA_824,2018-03-23,0.192,0.18360254168510437
Touchet_WA_824,2018-03-24,0.193,0.17792950570583344
Touchet_WA_824,2018-03-25,0.193,0.18343450129032135
Touchet_WA_824,2018-03-26,0.192,0.18831846117973328
Touchet_WA_824,2018-03-27,0.193,0.18798154592514038
Touchet_WA_824,2018-03-28,0.194,0.19291463494300842
Touchet_WA_824,2018-03-29,0.193,0.1938592940568924
Touchet_WA_824,2018-03-30,0.194,0.19118784368038177
Touchet_WA_824,2018-03-31,0.194,0.19382457435131073
Touchet_WA_824,2018-04-01,0.194,0.19537049531936646
Touchet_WA_824,2018-04-02,0.194,0.20308859646320343
Touchet_WA_824,2018-04-03,0.195,0.19569112360477448
Touchet_WA_824,2018-04-04,0.194,0.19331520795822144
Touchet_WA_824,2018-04-05,0.195,0.19609461724758148
Touchet_WA_824,2018-04-06,0.194,0.1951376348733902
Touchet_WA_824,2018-04-07,0.199,0.1997021585702896
Touchet_WA_824,2018-04-08,0.208,0.20258240401744843
Touchet_WA_824,2018-04-09,0.209,0.1969267874956131
Touchet_WA_824,2018-04-10,0.206,0.19026269018650055
Touchet_WA_824,2018-04-11,0.204,0.19369032979011536
Touchet_WA_824,2018-04-12,0.21,0.19745399057865143
Touchet_WA_824,2018-04-13,0.213,0.19545435905456543
Touchet_WA_824,2018-04-14,0.209,0.20038749277591705
Touchet_WA_824,2018-04-15,0.207,0.2020212709903717
Touchet_WA_824,2018-04-16,0.21,0.2094329297542572
Touchet_WA_824,2018-04-17,0.225,0.20979106426239014
Touchet_WA_824,2018-04-18,0.221,0.2086591273546219
Touchet_WA_824,2018-04-19,0.216,0.2093784511089325
Touchet_WA_824,2018-04-20,0.213,0.20444685220718384
Touchet_WA_824,2018-04-21,0.22,0.20535778999328613
Touchet_WA_824,2018-04-22,0.235,0.2067151516675949
Touchet_WA_824,2018-04-23,0.238,0.2079935371875763
Touchet_WA_824,2018-04-24,0.238,0.2216770052909851
Touchet_WA_824,2018-04-25,0.244,0.2295701652765274
Touchet_WA_824,2018-04-26,0.259,0.2432430237531662
Touchet_WA_824,2018-04-27,0.266,0.25038182735443115
Touchet_WA_824,2018-04-28,0.273,0.2577003538608551
Touchet_WA_824,2018-04-29,0.279,0.25794413685798645
Touchet_WA_824,2018-04-30,0.261,0.25938212871551514
Touchet_WA_824,2018-05-01,0.274,0.27141013741493225
Touchet_WA_824,2018-05-02,0.275,0.2731384336948395
Touchet_WA_824,2018-05-03,0.283,0.28534865379333496
Touchet_WA_824,2018-05-04,0.289,0.28263771533966064
Touchet_WA_824,2018-05-05,0.296,0.28635770082473755
Touchet_WA_824,2018-05-06,0.295,0.29535338282585144
Touchet_WA_824,2018-05-07,0.298,0.29404976963996887
Touchet_WA_824,2018-05-08,0.298,0.29299819469451904
Touchet_WA_824,2018-05-09,0.3,0.29193171858787537
Touchet_WA_824,2018-05-10,0.296,0.28926774859428406
Touchet_WA_824,2018-05-11,0.289,0.29190725088119507
Touchet_WA_824,2018-05-12,0.294,0.3007080852985382
Touchet_WA_824,2018-05-13,0.332,0.30494454503059387
Touchet_WA_824,2018-05-14,0.277,0.2876055836677551
Touchet_WA_824,2018-05-15,0.247,0.26587826013565063
Touchet_WA_824,2018-05-16,0.231,0.2546723484992981
Touchet_WA_824,2018-05-17,0.253,0.2520783841609955
Touchet_WA_824,2018-05-18,0.237,0.24375766515731812
Touchet_WA_824,2018-05-19,0.227,0.2432001382112503
Touchet_WA_824,2018-05-20,0.24,0.24961917102336884
Touchet_WA_824,2018-05-21,0.314,0.2622551918029785
Touchet_WA_824,2018-05-22,0.251,0.24942277371883392
Touchet_WA_824,2018-05-23,0.226,0.2350209653377533
Touchet_WA_824,2018-05-24,0.214,0.22373898327350616
Touchet_WA_824,2018-05-25,0.201,0.21530111134052277
Touchet_WA_824,2018-05-26,0.192,0.2224486917257309
Touchet_WA_824,2018-05-27,0.198,0.2200693041086197
Touchet_WA_824,2018-05-28,0.181,0.21171480417251587
Touchet_WA_824,2018-05-29,0.169,0.19173122942447662
Touchet_WA_824,2018-05-30,0.159,0.18870516121387482
Touchet_WA_824,2018-05-31,0.152,0.18380102515220642
Touchet_WA_824,2018-06-01,0.161,0.15755560994148254
Touchet_WA_824,2018-06-02,0.16,0.15023638308048248
Touchet_WA_824,2018-06-03,0.148,0.14817677438259125
Touchet_WA_824,2018-06-04,0.143,0.14737728238105774
Touchet_WA_824,2018-06-05,0.153,0.1586621254682541
Touchet_WA_824,2018-06-06,0.162,0.15896230936050415
Touchet_WA_824,2018-06-07,0.152,0.15980717539787292
Touchet_WA_824,2018-06-08,0.146,0.16142407059669495
Touchet_WA_824,2018-06-09,0.137,0.16096249222755432
Touchet_WA_824,2018-06-10,0.258,0.22426830232143402
Touchet_WA_824,2018-06-11,0.242,0.2303096055984497
Touchet_WA_824,2018-06-12,0.227,0.21737515926361084
Touchet_WA_824,2018-06-13,0.197,0.19905102252960205
Touchet_WA_824,2018-06-14,0.18,0.18377062678337097
Touchet_WA_824,2018-06-15,0.171,0.16821898519992828
Touchet_WA_824,2018-06-16,0.162,0.1794145554304123
Touchet_WA_824,2018-06-17,0.159,0.18315012753009796
Touchet_WA_824,2018-06-18,0.157,0.19126732647418976
Touchet_WA_824,2018-06-19,0.199,0.20684383809566498
Touchet_WA_824,2018-06-20,0.215,0.209945410490036
Touchet_WA_824,2018-06-21,0.198,0.2082149237394333
Touchet_WA_824,2018-06-22,0.242,0.19965989887714386
Touchet_WA_824,2018-06-23,0.202,0.18308961391448975
Touchet_WA_824,2018-06-24,0.185,0.16976864635944366
Touchet_WA_824,2018-06-25,0.172,0.16647586226463318
Touchet_WA_824,2018-06-26,0.157,0.1516128033399582
Touchet_WA_824,2018-06-27,0.148,0.14106617867946625
Touchet_WA_824,2018-06-28,0.134,0.1356683224439621
Touchet_WA_824,2018-06-29,0.124,0.12298226356506348
Touchet_WA_824,2018-06-30,0.114,0.11092779040336609
Touchet_WA_824,2018-07-01,0.107,0.10480526089668274
Touchet_WA_824,2018-07-02,0.1,0.09947662055492401
Touchet_WA_824,2018-07-03,0.088,0.08735854178667068
Touchet_WA_824,2018-07-04,0.082,0.07723578810691833
Touchet_WA_824,2018-07-05,0.072,0.064586341381073
Touchet_WA_824,2018-07-06,0.06,0.048033710569143295
Touchet_WA_824,2018-07-07,0.047,0.04151361808180809
Touchet_WA_824,2018-07-08,0.038,0.03877611085772514
Touchet_WA_824,2018-07-09,0.033,0.03524056077003479
Touchet_WA_824,2018-07-10,0.03,0.03319072350859642
Touchet_WA_824,2018-07-11,0.02,0.019145384430885315
Touchet_WA_824,2018-07-12,0.02,0.014832045882940292
Touchet_WA_824,2018-07-13,0.018,0.02085587941110134
Touchet_WA_824,2018-07-14,0.016,0.025115786120295525
Touchet_WA_824,2018-07-15,0.012,0.023297375068068504
Touchet_WA_824,2018-07-16,0.008,0.021045487374067307
Touchet_WA_824,2018-07-17,0.005,0.009806965477764606
Touchet_WA_824,2018-07-18,0.007,0.008538292720913887
Touchet_WA_824,2018-07-19,0.0,0.0008499418036080897
Touchet_WA_824,2018-07-20,0.0,-0.002442955505102873
Touchet_WA_824,2018-07-21,0.0,-0.003365942742675543
Touchet_WA_824,2018-07-22,0.0,-0.0010841925395652652
Touchet_WA_824,2018-07-23,0.0,0.0023896684870123863
Touchet_WA_824,2018-07-24,0.0,0.0014793981099501252
Touchet_WA_824,2018-07-25,0.0,0.0012662234948948026
Touchet_WA_824,2018-07-26,0.0,0.0004678421828430146
Touchet_WA_824,2018-07-27,0.0,0.0002953541115857661
Touchet_WA_824,2018-07-28,0.0,2.7315618353895843e-05
Touchet_WA_824,2018-07-29,0.0,-0.0013960099313408136
Touchet_WA_824,2018-07-30,0.0,-0.002083650091663003
Touchet_WA_824,2018-07-31,0.0,-0.006875879131257534
Touchet_WA_824,2018-08-01,0.0,-0.003861124161630869
Touchet_WA_824,2018-08-02,0.0,-0.0032416589092463255
Touchet_WA_824,2018-08-03,0.0,-0.0028555605094879866
Touchet_WA_824,2018-08-04,0.0,-0.002637989819049835
Touchet_WA_824,2018-08-05,0.0,-0.00240562972612679
Touchet_WA_824,2018-08-06,0.0,-0.0033033580984920263
Touchet_WA_824,2018-08-07,0.0,-0.003226006869226694
Touchet_WA_824,2018-08-08,0.0,-0.0032244576141238213
Touchet_WA_824,2018-08-09,0.0,-0.0023914086632430553
Touchet_WA_824,2018-08-10,0.0,-0.002822267357259989
Touchet_WA_824,2018-08-11,0.0,-0.0030863876454532146
Touchet_WA_824,2018-08-12,0.0,-0.0031361468136310577
Touchet_WA_824,2018-08-13,0.0,-0.003369319951161742
Touchet_WA_824,2018-08-14,0.0,-0.0043501961044967175
Touchet_WA_824,2018-08-15,0.0,-0.00583781860768795
Touchet_WA_824,2018-08-16,0.0,-0.006033152341842651
Touchet_WA_824,2018-08-17,0.0,-0.006385062821209431
Touchet_WA_824,2018-08-18,0.0,-0.006448754575103521
Touchet_WA_824,2018-08-19,0.0,-0.0069027915596961975
Touchet_WA_824,2018-08-20,0.0,-0.0016634658677503467
Touchet_WA_824,2018-08-21,0.0,-0.0006529239472001791
Touchet_WA_824,2018-08-22,0.0,-0.00017933535855263472
Touchet_WA_824,2018-08-23,0.0,-0.0011325591476634145
Touchet_WA_824,2018-08-24,0.0,-0.0006173274014145136
Touchet_WA_824,2018-08-25,0.0,0.00785104464739561
Touchet_WA_824,2018-08-26,0.0,0.006529585458338261
Touchet_WA_824,2018-08-27,0.0,0.03682158514857292
Touchet_WA_824,2018-08-28,0.117,0.087530218064785
Touchet_WA_824,2018-08-29,0.104,0.0932793989777565
Touchet_WA_824,2018-08-30,0.092,0.09740579128265381
Touchet_WA_824,2018-08-31,0.075,0.0816398561000824
Touchet_WA_824,2018-09-01,0.071,0.07355557382106781
Touchet_WA_824,2018-09-02,0.066,0.07060495018959045
Touchet_WA_824,2018-09-03,0.06,0.05067847669124603
Touchet_WA_824,2018-09-04,0.058,0.05192902684211731
Touchet_WA_824,2018-09-05,0.053,0.03871333599090576
Touchet_WA_824,2018-09-06,0.051,0.0360228456556797
Touchet_WA_824,2018-09-07,0.049,0.035648833960294724
Touchet_WA_824,2018-09-08,0.044,0.03024373948574066
Touchet_WA_824,2018-09-09,0.033,0.034772880375385284
Touchet_WA_824,2018-09-10,0.031,0.022896727547049522
Touchet_WA_824,2018-09-11,0.022,0.020415140315890312
Touchet_WA_824,2018-09-12,0.017,0.018487004563212395
Touchet_WA_824,2018-09-13,0.016,0.024749625474214554
Touchet_WA_824,2018-09-14,0.015,0.013418012298643589
Touchet_WA_824,2018-09-15,0.011,0.011827248148620129
Touchet_WA_824,2018-09-16,0.005,0.010441380552947521
Touchet_WA_824,2018-09-17,0.005,0.01119975745677948
Touchet_WA_824,2018-09-18,0.003,0.005823604762554169
Touchet_WA_824,2018-09-19,0.006,0.005328315310180187
Touchet_WA_824,2018-09-20,0.001,0.012165580876171589
Touchet_WA_824,2018-09-21,0.0,0.008894991129636765
Touchet_WA_824,2018-09-22,0.0,0.013470128178596497
Touchet_WA_824,2018-09-23,0.0,0.013398123905062675
Touchet_WA_824,2018-09-24,0.0,0.012721437029540539
Touchet_WA_824,2018-09-25,0.0,0.010346918366849422
Touchet_WA_824,2018-09-26,0.0,0.0056671989150345325
Touchet_WA_824,2018-09-27,0.0,0.006620339583605528
Touchet_WA_824,2018-09-28,0.0,0.00544446986168623
Touchet_WA_824,2018-09-29,0.0,0.0053811222314834595
Touchet_WA_824,2018-09-30,0.0,0.005071531515568495
Touchet_WA_824,2018-10-01,0.0,0.004810570273548365
Touchet_WA_824,2018-10-02,0.0,0.006950743030756712
Touchet_WA_824,2018-10-03,0.0,0.013291271403431892
Touchet_WA_824,2018-10-04,0.0,0.009101948700845242
Touchet_WA_824,2018-10-05,0.0,0.014095040038228035
Touchet_WA_824,2018-10-06,0.0,0.03869269788265228
Touchet_WA_824,2018-10-07,0.143,0.08423787355422974
Touchet_WA_824,2018-10-08,0.13,0.11335191130638123
Touchet_WA_824,2018-10-09,0.12,0.14356206357479095
Touchet_WA_824,2018-10-10,0.24,0.22696110606193542
Touchet_WA_824,2018-10-11,0.196,0.18978731334209442
Touchet_WA_824,2018-10-12,0.169,0.1787538081407547
Touchet_WA_824,2018-10-13,0.157,0.16152799129486084
Touchet_WA_824,2018-10-14,0.145,0.1505245566368103
Touchet_WA_824,2018-10-15,0.133,0.13812555372714996
Touchet_WA_824,2018-10-16,0.129,0.13495966792106628
Touchet_WA_824,2018-10-17,0.125,0.12918174266815186
Touchet_WA_824,2018-10-18,0.121,0.12308299541473389
Touchet_WA_824,2018-10-19,0.119,0.12033519893884659
Touchet_WA_824,2018-10-20,0.115,0.11885879188776016
Touchet_WA_824,2018-10-21,0.112,0.10566223412752151
Touchet_WA_824,2018-10-22,0.106,0.10120896250009537
Touchet_WA_824,2018-10-23,0.104,0.10420466959476471
Touchet_WA_824,2018-10-24,0.098,0.09609957784414291
Touchet_WA_824,2018-10-25,0.097,0.09620054811239243
Touchet_WA_824,2018-10-26,0.095,0.11624697595834732
Touchet_WA_824,2018-10-27,0.145,0.15319404006004333
Touchet_WA_824,2018-10-28,0.231,0.19666089117527008
Touchet_WA_824,2018-10-29,0.296,0.23612035810947418
Touchet_WA_824,2018-10-30,0.234,0.2291441112756729
Touchet_WA_824,2018-10-31,0.218,0.23185741901397705
Touchet_WA_824,2018-11-01,0.297,0.2639264464378357
Touchet_WA_824,2018-11-02,0.283,0.26694902777671814
Touchet_WA_824,2018-11-03,0.286,0.27293720841407776
Touchet_WA_824,2018-11-04,0.259,0.2652737498283386
Touchet_WA_824,2018-11-05,0.279,0.271412193775177
Touchet_WA_824,2018-11-06,0.253,0.25150373578071594
Touchet_WA_824,2018-11-07,0.23,0.2270621359348297
Touchet_WA_824,2018-11-08,0.211,0.2152235060930252
Touchet_WA_824,2018-11-09,0.201,0.1968553066253662
Touchet_WA_824,2018-11-10,0.177,0.18282034993171692
Touchet_WA_824,2018-11-11,0.171,0.1707371026277542
Touchet_WA_824,2018-11-12,0.154,0.16103272140026093
Touchet_WA_824,2018-11-13,0.134,0.12251327186822891
Touchet_WA_824,2018-11-14,0.131,0.138014018535614
Touchet_WA_824,2018-11-15,0.131,0.14731530845165253
Touchet_WA_824,2018-11-16,0.182,0.17370310425758362
Touchet_WA_824,2018-11-17,0.231,0.1792088896036148
Touchet_WA_824,2018-11-18,0.173,0.16091085970401764
Touchet_WA_824,2018-11-19,0.04,0.08784841746091843
Touchet_WA_824,2018-11-20,0.029,0.05340418219566345
Touchet_WA_824,2018-11-21,0.024,0.02523389831185341
Touchet_WA_824,2018-11-22,0.025,0.04859727621078491
Touchet_WA_824,2018-11-23,0.028,0.03742164000868797
Touchet_WA_824,2018-11-24,0.041,0.053912218660116196
Touchet_WA_824,2018-11-25,0.044,0.053874287754297256
Touchet_WA_824,2018-11-26,0.046,0.04514062777161598
Touchet_WA_824,2018-11-27,0.043,0.061282508075237274
Touchet_WA_824,2018-11-28,0.048,0.05445747449994087
Touchet_WA_824,2018-11-29,0.058,0.05579076707363129
Touchet_WA_824,2018-11-30,0.066,0.06066378206014633
Touchet_WA_824,2018-12-01,0.077,0.08190606534481049
Touchet_WA_824,2018-12-02,0.087,0.09034217894077301
Touchet_WA_824,2018-12-03,0.097,0.10780571401119232
Touchet_WA_824,2018-12-04,0.104,0.11241349577903748
Touchet_WA_824,2018-12-05,0.111,0.11435135453939438
Touchet_WA_824,2018-12-06,0.111,0.11152097582817078
Touchet_WA_824,2018-12-07,0.107,0.10651500523090363
Touchet_WA_824,2018-12-08,0.098,0.10330590605735779
Touchet_WA_824,2018-12-09,0.092,0.09774365276098251
Touchet_WA_824,2018-12-10,0.094,0.10367517918348312
Touchet_WA_824,2018-12-11,0.099,0.10576386004686356
Touchet_WA_824,2018-12-12,0.1,0.10766774415969849
Touchet_WA_824,2018-12-13,0.103,0.10380683094263077
Touchet_WA_824,2018-12-14,0.106,0.10416427254676819
Touchet_WA_824,2018-12-15,0.109,0.11154104024171829
Touchet_WA_824,2018-12-16,0.113,0.11025191098451614
Touchet_WA_824,2018-12-17,0.116,0.10553194582462311
Touchet_WA_824,2018-12-18,0.117,0.11955848336219788
Touchet_WA_824,2018-12-19,0.121,0.12822586297988892
Touchet_WA_824,2018-12-20,0.122,0.14008891582489014
Touchet_WA_824,2018-12-21,0.122,0.14124567806720734
Touchet_WA_824,2018-12-22,0.124,0.13888001441955566
Touchet_WA_824,2018-12-23,0.124,0.14779920876026154
Touchet_WA_824,2018-12-24,0.127,0.14352604746818542
Touchet_WA_824,2018-12-25,0.127,0.14408496022224426
Touchet_WA_824,2018-12-26,0.128,0.13886375725269318
Touchet_WA_824,2018-12-27,0.128,0.14247485995292664
Touchet_WA_824,2018-12-28,0.129,0.1315031349658966
Touchet_WA_824,2018-12-29,0.129,0.13008002936840057
Touchet_WA_824,2018-12-30,0.128,0.12112132459878922
Touchet_WA_824,2018-12-31,0.129,0.12049951404333115
Touchet_WA_824,2019-01-01,0.128,0.1331450492143631
Touchet_WA_824,2019-01-02,0.129,0.1292312890291214
Touchet_WA_824,2019-01-03,0.128,0.1280139982700348
Touchet_WA_824,2019-01-04,0.129,0.12884318828582764
Touchet_WA_824,2019-01-05,0.128,0.12878447771072388
Touchet_WA_824,2019-01-06,0.128,0.12469826638698578
Touchet_WA_824,2019-01-07,0.128,0.13002212345600128
Touchet_WA_824,2019-01-08,0.129,0.12463497370481491
Touchet_WA_824,2019-01-09,0.127,0.1286153793334961
Touchet_WA_824,2019-01-10,0.127,0.12683697044849396
Touchet_WA_824,2019-01-11,0.128,0.13929739594459534
Touchet_WA_824,2019-01-12,0.129,0.14773328602313995
Touchet_WA_824,2019-01-13,0.126,0.15134459733963013
Touchet_WA_824,2019-01-14,0.128,0.14900082349777222
Touchet_WA_824,2019-01-15,0.127,0.1298357993364334
Touchet_WA_824,2019-01-16,0.129,0.13696114718914032
Touchet_WA_824,2019-01-17,0.129,0.12591993808746338
Touchet_WA_824,2019-01-18,0.13,0.13346779346466064
Touchet_WA_824,2019-01-19,0.126,0.133265420794487
Touchet_WA_824,2019-01-20,0.128,0.1340000480413437
Touchet_WA_824,2019-01-21,0.127,0.13227012753486633
Touchet_WA_824,2019-01-22,0.126,0.13751372694969177
Touchet_WA_824,2019-01-23,0.129,0.12910021841526031
Touchet_WA_824,2019-01-24,0.13,0.13839119672775269
Touchet_WA_824,2019-01-25,0.13,0.12810641527175903
Touchet_WA_824,2019-01-26,0.128,0.14056599140167236
Touchet_WA_824,2019-01-27,0.13,0.13900920748710632
Touchet_WA_824,2019-01-28,0.13,0.14103665947914124
Touchet_WA_824,2019-01-29,0.13,0.13165678083896637
Touchet_WA_824,2019-01-30,0.133,0.13599815964698792
Touchet_WA_824,2019-01-31,0.133,0.1378890424966812
Touchet_WA_824,2019-02-01,0.131,0.13630793988704681
Touchet_WA_824,2019-02-02,0.132,0.149559885263443
Touchet_WA_824,2019-02-03,0.133,0.13802103698253632
Touchet_WA_824,2019-02-04,0.133,0.1392945647239685
Touchet_WA_824,2019-02-05,0.132,0.14268043637275696
Touchet_WA_824,2019-02-06,0.132,0.13223157823085785
Touchet_WA_824,2019-02-07,0.131,0.14217224717140198
Touchet_WA_824,2019-02-08,0.132,0.14182384312152863
Touchet_WA_824,2019-02-09,0.133,0.14137572050094604
Touchet_WA_824,2019-02-10,0.134,0.13030444085597992
Touchet_WA_824,2019-02-11,0.133,0.13092458248138428
Touchet_WA_824,2019-02-12,0.135,0.13030733168125153
Touchet_WA_824,2019-02-13,0.136,0.1327250450849533
Touchet_WA_824,2019-02-14,0.136,0.13521221280097961
Touchet_WA_824,2019-02-15,0.136,0.13094227015972137
Touchet_WA_824,2019-02-16,0.137,0.1315639615058899
Touchet_WA_824,2019-02-17,0.137,0.13133643567562103
Touchet_WA_824,2019-02-18,0.137,0.13895417749881744
Touchet_WA_824,2019-02-19,0.137,0.1404423862695694
Touchet_WA_824,2019-02-20,0.138,0.13798712193965912
Touchet_WA_824,2019-02-21,0.138,0.1414223164319992
Touchet_WA_824,2019-02-22,0.139,0.1426132619380951
Touchet_WA_824,2019-02-23,0.138,0.14105184376239777
Touchet_WA_824,2019-02-24,0.137,0.1381158083677292
Touchet_WA_824,2019-02-25,0.139,0.1417524814605713
Touchet_WA_824,2019-02-26,0.139,0.15871377289295197
Touchet_WA_824,2019-02-27,0.14,0.1490636020898819
Touchet_WA_824,2019-02-28,0.139,0.14663970470428467
Touchet_WA_824,2019-03-01,0.138,0.14701007306575775
Touchet_WA_824,2019-03-02,0.14,0.15014199912548065
Touchet_WA_824,2019-03-03,0.14,0.1524076610803604
Touchet_WA_824,2019-03-04,0.14,0.1483410894870758
Touchet_WA_824,2019-03-05,0.14,0.1448553502559662
Touchet_WA_824,2019-03-06,0.14,0.15287451446056366
Touchet_WA_824,2019-03-07,0.14,0.1488323211669922
Touchet_WA_824,2019-03-08,0.141,0.14551006257534027
Touchet_WA_824,2019-03-09,0.14,0.14401958882808685
Touchet_WA_824,2019-03-10,0.14,0.14457166194915771
Touchet_WA_824,2019-03-11,0.141,0.14866216480731964
Touchet_WA_824,2019-03-12,0.141,0.1453101485967636
Touchet_WA_824,2019-03-13,0.141,0.142221599817276
Touchet_WA_824,2019-03-14,0.141,0.14194294810295105
Touchet_WA_824,2019-03-15,0.142,0.14037033915519714
Touchet_WA_824,2019-03-16,0.141,0.15129932761192322
Touchet_WA_824,2019-03-17,0.141,0.1413125991821289
Touchet_WA_824,2019-03-18,0.142,0.1489606350660324
Touchet_WA_824,2019-03-19,0.141,0.15125060081481934
Touchet_WA_824,2019-03-20,0.142,0.15070931613445282
Touchet_WA_824,2019-03-21,0.143,0.1423078030347824
Touchet_WA_824,2019-03-22,0.141,0.14619240164756775
Touchet_WA_824,2019-03-23,0.143,0.15141110122203827
Touchet_WA_824,2019-03-24,0.142,0.14514951407909393
Touchet_WA_824,2019-03-25,0.143,0.14551059901714325
Touchet_WA_824,2019-03-26,0.144,0.14698773622512817
Touchet_WA_824,2019-03-27,0.145,0.14174646139144897
Touchet_WA_824,2019-03-28,0.146,0.15448729693889618
Touchet_WA_824,2019-03-29,0.146,0.14929835498332977
Touchet_WA_824,2019-03-30,0.148,0.1530994176864624
Touchet_WA_824,2019-03-31,0.149,0.1554184854030609
Touchet_WA_824,2019-04-01,0.151,0.15101991593837738
Touchet_WA_824,2019-04-02,0.152,0.16283538937568665
Touchet_WA_824,2019-04-03,0.153,0.16786779463291168
Touchet_WA_824,2019-04-04,0.153,0.16856756806373596
Touchet_WA_824,2019-04-05,0.153,0.15992580354213715
Touchet_WA_824,2019-04-06,0.155,0.16362281143665314
Touchet_WA_824,2019-04-07,0.156,0.16464421153068542
Touchet_WA_824,2019-04-08,0.157,0.16789795458316803
Touchet_WA_824,2019-04-09,0.158,0.16578145325183868
Touchet_WA_824,2019-04-10,0.159,0.1695457100868225
Touchet_WA_824,2019-04-11,0.161,0.17127692699432373
Touchet_WA_824,2019-04-12,0.161,0.1666615754365921
Touchet_WA_824,2019-04-13,0.161,0.16294121742248535
Touchet_WA_824,2019-04-14,0.163,0.16912983357906342
Touchet_WA_824,2019-04-15,0.164,0.16842207312583923
Touchet_WA_824,2019-04-16,0.165,0.1677934229373932
Touchet_WA_824,2019-04-17,0.166,0.17321865260601044
Touchet_WA_824,2019-04-18,0.167,0.1765262931585312
Touchet_WA_824,2019-04-19,0.165,0.17113222181797028
Touchet_WA_824,2019-04-20,0.169,0.1708964854478836
Touchet_WA_824,2019-04-21,0.169,0.17232893407344818
Touchet_WA_824,2019-04-22,0.17,0.17209208011627197
Touchet_WA_824,2019-04-23,0.171,0.17836087942123413
Touchet_WA_824,2019-04-24,0.171,0.17729391157627106
Touchet_WA_824,2019-04-25,0.171,0.18009844422340393
Touchet_WA_824,2019-04-26,0.172,0.17727605998516083
Touchet_WA_824,2019-04-27,0.173,0.17698268592357635
Touchet_WA_824,2019-04-28,0.175,0.1818515509366989
Touchet_WA_824,2019-04-29,0.175,0.1757964789867401
Touchet_WA_824,2019-04-30,0.176,0.18188431859016418
Touchet_WA_824,2019-05-01,0.177,0.173288494348526
Touchet_WA_824,2019-05-02,0.177,0.19198739528656006
Touchet_WA_824,2019-05-03,0.179,0.18924236297607422
Touchet_WA_824,2019-05-04,0.179,0.1880815625190735
Touchet_WA_824,2019-05-05,0.179,0.18556590378284454
Touchet_WA_824,2019-05-06,0.181,0.18264777958393097
Touchet_WA_824,2019-05-07,0.182,0.184970423579216
Touchet_WA_824,2019-05-08,0.185,0.1933881938457489
Touchet_WA_824,2019-05-09,0.188,0.20287629961967468
Touchet_WA_824,2019-05-10,0.192,0.2093527764081955
Touchet_WA_824,2019-05-11,0.198,0.21383267641067505
Touchet_WA_824,2019-05-12,0.203,0.2381017804145813
Touchet_WA_824,2019-05-13,0.283,0.2922667860984802
Touchet_WA_824,2019-05-14,0.34,0.31617242097854614
Touchet_WA_824,2019-05-15,0.343,0.328678160905838
Touchet_WA_824,2019-05-16,0.344,0.3302948772907257
Touchet_WA_824,2019-05-17,0.342,0.3323096036911011
Touchet_WA_824,2019-05-18,0.345,0.3372820317745209
Touchet_WA_824,2019-05-19,0.345,0.3366762399673462
Touchet_WA_824,2019-05-20,0.336,0.32364246249198914
Touchet_WA_824,2019-05-21,0.306,0.3170110881328583
Touchet_WA_824,2019-05-22,0.307,0.30629804730415344
Touchet_WA_824,2019-05-23,0.287,0.28584444522857666
Touchet_WA_824,2019-05-24,0.267,0.27231404185295105
Touchet_WA_824,2019-05-25,0.265,0.2694395184516907
Touchet_WA_824,2019-05-26,0.261,0.26834219694137573
Touchet_WA_824,2019-05-27,0.257,0.24524590373039246
Touchet_WA_824,2019-05-28,0.266,0.24178287386894226
Touchet_WA_824,2019-05-29,0.253,0.2631409466266632
Touchet_WA_824,2019-05-30,0.256,0.2617349922657013
Touchet_WA_824,2019-05-31,0.256,0.26241129636764526
Touchet_WA_824,2019-06-01,0.239,0.26734378933906555
Touchet_WA_824,2019-06-02,0.349,0.2778790295124054
Touchet_WA_824,2019-06-03,0.293,0.2612453103065491
Touchet_WA_824,2019-06-04,0.258,0.24693098664283752
Touchet_WA_824,2019-06-05,0.234,0.23223266005516052
Touchet_WA_824,2019-06-06,0.22,0.23027895390987396
Touchet_WA_824,2019-06-07,0.228,0.2271692454814911
Touchet_WA_824,2019-06-08,0.225,0.2225705236196518
Touchet_WA_824,2019-06-09,0.223,0.21915389597415924
Touchet_WA_824,2019-06-10,0.21,0.2146998792886734
Touchet_WA_824,2019-06-11,0.196,0.20070794224739075
Touchet_WA_824,2019-06-12,0.182,0.17890839278697968
Touchet_WA_824,2019-06-13,0.168,0.1660754233598709
Touchet_WA_824,2019-06-14,0.155,0.1506931036710739
Touchet_WA_824,2019-06-15,0.141,0.13919059932231903
Touchet_WA_824,2019-06-16,0.124,0.12144513428211212
Touchet_WA_824,2019-06-17,0.111,0.11715248227119446
Touchet_WA_824,2019-06-18,0.091,0.09562356024980545
Touchet_WA_824,2019-06-19,0.07,0.0844961479306221
Touchet_WA_824,2019-06-20,0.055,0.08571528643369675
Touchet_WA_824,2019-06-21,0.146,0.13962697982788086
Touchet_WA_824,2019-06-22,0.18,0.15907037258148193
Touchet_WA_824,2019-06-23,0.162,0.16556861996650696
Touchet_WA_824,2019-06-24,0.152,0.1613951325416565
Touchet_WA_824,2019-06-25,0.135,0.14775976538658142
Touchet_WA_824,2019-06-26,0.119,0.15679097175598145
Touchet_WA_824,2019-06-27,0.182,0.1795670986175537
Touchet_WA_824,2019-06-28,0.246,0.18966533243656158
Touchet_WA_824,2019-06-29,0.211,0.18302194774150848
Touchet_WA_824,2019-06-30,0.186,0.171098530292511
Touchet_WA_824,2019-07-01,0.162,0.1611236035823822
Touchet_WA_824,2019-07-02,0.143,0.15363457798957825
Touchet_WA_824,2019-07-03,0.137,0.1419290006160736
Touchet_WA_824,2019-07-04,0.152,0.13846300542354584
Touchet_WA_824,2019-07-05,0.143,0.13318100571632385
Touchet_WA_824,2019-07-06,0.13,0.13202440738677979
Touchet_WA_824,2019-07-07,0.151,0.12730279564857483
Touchet_WA_824,2019-07-08,0.131,0.11673843860626221
Touchet_WA_824,2019-07-09,0.117,0.11421085894107819
Touchet_WA_824,2019-07-10,0.104,0.09243673086166382
Touchet_WA_824,2019-07-11,0.092,0.07948138564825058
Touchet_WA_824,2019-07-12,0.086,0.05696405470371246
Touchet_WA_824,2019-07-13,0.074,0.055878039449453354
Touchet_WA_824,2019-07-14,0.063,0.04857375845313072
Touchet_WA_824,2019-07-15,0.054,0.03914481773972511
Touchet_WA_824,2019-07-16,0.049,0.04958175867795944
Touchet_WA_824,2019-07-17,0.039,0.04427051916718483
Touchet_WA_824,2019-07-18,0.035,0.025192487984895706
Touchet_WA_824,2019-07-19,0.03,0.023799968883395195
Touchet_WA_824,2019-07-20,0.026,0.02338388003408909
Touchet_WA_824,2019-07-21,0.023,0.020753465592861176
Touchet_WA_824,2019-07-22,0.018,0.016630684956908226
Touchet_WA_824,2019-07-23,0.017,0.013063821941614151
Touchet_WA_824,2019-07-24,0.015,0.01071702130138874
Touchet_WA_824,2019-07-25,0.01,0.012320413254201412
Touchet_WA_824,2019-07-26,0.009,0.011123535223305225
Touchet_WA_824,2019-07-27,0.01,0.009678933769464493
Touchet_WA_824,2019-07-28,0.007,0.008535100147128105
Touchet_WA_824,2019-07-29,0.007,0.007414046209305525
Touchet_WA_824,2019-07-30,0.005,0.0026186464820057154
Touchet_WA_824,2019-07-31,0.005,0.004282371606677771
Touchet_WA_824,2019-08-01,0.004,0.002875411417335272
Touchet_WA_824,2019-08-02,0.001,0.0008137811091728508
Touchet_WA_824,2019-08-03,0.001,0.0011083293939009309
Touchet_WA_824,2019-08-04,0.0,0.0008191966917365789
Touchet_WA_824,2019-08-05,0.0,-0.0001694416714599356
Touchet_WA_824,2019-08-06,0.0,-0.00025550316786393523
Touchet_WA_824,2019-08-07,0.0,-0.0020279702730476856
Touchet_WA_824,2019-08-08,0.0,-0.000941825972404331
Touchet_WA_824,2019-08-09,0.0,0.0002649640664458275
Touchet_WA_824,2019-08-10,0.0,0.02434823475778103
Touchet_WA_824,2019-08-11,0.0,0.025769419968128204
Touchet_WA_824,2019-08-12,0.01,0.040921855717897415
Touchet_WA_824,2019-08-13,0.019,0.033076658844947815
Touchet_WA_824,2019-08-14,0.021,0.040982797741889954
Touchet_WA_824,2019-08-15,0.02,0.03276688978075981
Touchet_WA_824,2019-08-16,0.017,0.026557374745607376
Touchet_WA_824,2019-08-17,0.011,0.02814297191798687
Touchet_WA_824,2019-08-18,0.008,0.026544252410531044
Touchet_WA_824,2019-08-19,0.006,0.0255952849984169
Touchet_WA_824,2019-08-20,0.0,0.01257404126226902
Touchet_WA_824,2019-08-21,0.0,0.01705746166408062
Touchet_WA_824,2019-08-22,0.0,0.022370770573616028
Touchet_WA_824,2019-08-23,0.0,0.014407332055270672
Touchet_WA_824,2019-08-24,0.0,0.011968168430030346
Touchet_WA_824,2019-08-25,0.0,0.007710007485002279
Touchet_WA_824,2019-08-26,0.0,0.008495492860674858
Touchet_WA_824,2019-08-27,0.0,0.0053001889027655125
Touchet_WA_824,2019-08-28,0.0,0.004577262792736292
Touchet_WA_824,2019-08-29,0.0,0.005850722547620535
Touchet_WA_824,2019-08-30,0.0,0.005973754916340113
Touchet_WA_824,2019-08-31,0.0,0.004819800145924091
Touchet_WA_824,2019-09-01,0.0,0.003377563552930951
Touchet_WA_824,2019-09-02,0.0,-0.00022804121545050293
Touchet_WA_824,2019-09-03,0.0,-0.0013671739725396037
Touchet_WA_824,2019-09-04,0.0,-0.0030997919384390116
Touchet_WA_824,2019-09-05,0.0,-0.0021701606456190348
Touchet_WA_824,2019-09-06,0.0,0.004717420320957899
Touchet_WA_824,2019-09-07,0.0,0.013431526720523834
Touchet_WA_824,2019-09-08,0.0,0.02963295578956604
Touchet_WA_824,2019-09-09,0.11,0.07792593538761139
Touchet_WA_824,2019-09-10,0.123,0.11336151510477066
Touchet_WA_824,2019-09-11,0.169,0.1364152729511261
Touchet_WA_824,2019-09-12,0.135,0.12432172149419785
Touchet_WA_824,2019-09-13,0.121,0.11829962581396103
Touchet_WA_824,2019-09-14,0.104,0.1108643040060997
Touchet_WA_824,2019-09-15,0.098,0.10842440277338028
Touchet_WA_824,2019-09-16,0.085,0.09563960880041122
Touchet_WA_824,2019-09-17,0.074,0.08787228912115097
Touchet_WA_824,2019-09-18,0.08,0.08554711937904358
Touchet_WA_824,2019-09-19,0.163,0.15722748637199402
Touchet_WA_824,2019-09-20,0.16,0.15466824173927307
Touchet_WA_824,2019-09-21,0.146,0.14091983437538147
Touchet_WA_824,2019-09-22,0.136,0.14674131572246552
Touchet_WA_824,2019-09-23,0.125,0.13207991421222687
Touchet_WA_824,2019-09-24,0.132,0.12094523012638092
Touchet_WA_824,2019-09-25,0.124,0.11083100736141205
Touchet_WA_824,2019-09-26,0.116,0.1128288134932518
Touchet_WA_824,2019-09-27,0.111,0.10626894235610962
Touchet_WA_824,2019-09-28,0.106,0.11985169351100922
Touchet_WA_824,2019-09-29,0.104,0.11963057518005371
Touchet_WA_824,2019-09-30,0.115,0.12923601269721985
Touchet_WA_824,2019-10-01,0.124,0.1342449188232422
Touchet_WA_824,2019-10-02,0.13,0.1462538242340088
Touchet_WA_824,2019-10-03,0.168,0.16332802176475525
Touchet_WA_824,2019-10-04,0.195,0.18750910460948944
Touchet_WA_824,2019-10-05,0.225,0.20570717751979828
Touchet_WA_824,2019-10-06,0.247,0.22403813898563385
Touchet_WA_824,2019-10-07,0.216,0.21430526673793793
Touchet_WA_824,2019-10-08,0.193,0.21353328227996826
Touchet_WA_824,2019-10-09,0.242,0.23465406894683838
Touchet_WA_824,2019-10-10,0.214,0.22596360743045807
Touchet_WA_824,2019-10-11,0.211,0.22040913999080658
Touchet_WA_824,2019-10-12,0.224,0.22706608474254608
Touchet_WA_824,2019-10-13,0.242,0.23745369911193848
Touchet_WA_824,2019-10-14,0.276,0.2502293288707733
Touchet_WA_824,2019-10-15,0.247,0.23772309720516205
Touchet_WA_824,2019-10-16,0.224,0.22486117482185364
Touchet_WA_824,2019-10-17,0.208,0.22666648030281067
Touchet_WA_824,2019-10-18,0.23,0.2203189730644226
Touchet_WA_824,2019-10-19,0.221,0.22389914095401764
Touchet_WA_824,2019-10-20,0.207,0.21909886598587036
Touchet_WA_824,2019-10-21,0.202,0.21559350192546844
Touchet_WA_824,2019-10-22,0.196,0.23197278380393982
Touchet_WA_824,2019-10-23,0.28,0.25126543641090393
Touchet_WA_824,2019-10-24,0.257,0.2547049820423126
Touchet_WA_824,2019-10-25,0.249,0.2554795444011688
Touchet_WA_824,2019-10-26,0.293,0.26950356364250183
Touchet_WA_824,2019-10-27,0.259,0.2529084384441376
Touchet_WA_824,2019-10-28,0.235,0.23208291828632355
Touchet_WA_824,2019-10-29,0.214,0.19352619349956512
Touchet_WA_824,2019-10-30,0.188,0.16517549753189087
Touchet_WA_824,2019-10-31,0.159,0.16417226195335388
Touchet_WA_824,2019-11-01,0.147,0.15876929461956024
Touchet_WA_824,2019-11-02,0.105,0.1423274576663971
Touchet_WA_824,2019-11-03,0.123,0.1449422985315323
Touchet_WA_824,2019-11-04,0.159,0.16218870878219604
Touchet_WA_824,2019-11-05,0.197,0.1757219135761261
Touchet_WA_824,2019-11-06,0.223,0.20092172920703888
Touchet_WA_824,2019-11-07,0.209,0.2118801474571228
Touchet_WA_824,2019-11-08,0.195,0.20795437693595886
Touchet_WA_824,2019-11-09,0.204,0.21528373658657074
Touchet_WA_824,2019-11-10,0.252,0.23116962611675262
Touchet_WA_824,2019-11-11,0.317,0.2725483179092407
Touchet_WA_824,2019-11-12,0.272,0.2726413607597351
Touchet_WA_824,2019-11-13,0.304,0.2983085811138153
Touchet_WA_824,2019-11-14,0.282,0.29660406708717346
Touchet_WA_824,2019-11-15,0.267,0.2970215678215027
Touchet_WA_824,2019-11-16,0.332,0.30957138538360596
Touchet_WA_824,2019-11-17,0.301,0.30453819036483765
Touchet_WA_824,2019-11-18,0.328,0.29741188883781433
Touchet_WA_824,2019-11-19,0.3,0.29942479729652405
Touchet_WA_824,2019-11-20,0.319,0.28367167711257935
Touchet_WA_824,2019-11-21,0.295,0.2759706974029541
Touchet_WA_824,2019-11-22,0.271,0.26662683486938477
Touchet_WA_824,2019-11-23,0.247,0.2573283612728119
Touchet_WA_824,2019-11-24,0.235,0.2540871500968933
Touchet_WA_824,2019-11-25,0.232,0.25026726722717285
Touchet_WA_824,2019-11-26,0.216,0.20165035128593445
Touchet_WA_824,2019-11-27,0.214,0.21889734268188477
Touchet_WA_824,2019-11-28,0.211,0.20232249796390533
Touchet_WA_824,2019-11-29,0.208,0.19615429639816284
Touchet_WA_824,2019-11-30,0.198,0.19454807043075562
Touchet_WA_824,2019-12-01,0.189,0.18717195093631744
Touchet_WA_824,2019-12-02,0.185,0.1889301836490631
Touchet_WA_824,2019-12-03,0.186,0.19637329876422882
Touchet_WA_824,2019-12-04,0.185,0.19126412272453308
Touchet_WA_824,2019-12-05,0.186,0.189651221036911
Touchet_WA_824,2019-12-06,0.186,0.17034921050071716
Touchet_WA_824,2019-12-07,0.187,0.18384481966495514
Touchet_WA_824,2019-12-08,0.187,0.18729689717292786
Touchet_WA_824,2019-12-09,0.188,0.17960987985134125
Touchet_WA_824,2019-12-10,0.189,0.17362648248672485
Touchet_WA_824,2019-12-11,0.187,0.19827602803707123
Touchet_WA_824,2019-12-12,0.187,0.18762701749801636
Touchet_WA_824,2019-12-13,0.188,0.18659666180610657
Touchet_WA_824,2019-12-14,0.188,0.1869489699602127
Touchet_WA_824,2019-12-15,0.189,0.18495206534862518
Touchet_WA_824,2019-12-16,0.19,0.1853700876235962
Touchet_WA_824,2019-12-17,0.19,0.18318068981170654
Touchet_WA_824,2019-12-18,0.188,0.1862671822309494
Touchet_WA_824,2019-12-19,0.188,0.18367695808410645
Touchet_WA_824,2019-12-20,0.187,0.1841035932302475
Touchet_WA_824,2019-12-21,0.187,0.18151496350765228
Touchet_WA_824,2019-12-22,0.188,0.17986243963241577
Touchet_WA_824,2019-12-23,0.187,0.18622000515460968
Touchet_WA_824,2019-12-24,0.189,0.18884322047233582
Touchet_WA_824,2019-12-25,0.189,0.18621483445167542
Touchet_WA_824,2019-12-26,0.189,0.1743929088115692
Touchet_WA_824,2019-12-27,0.188,0.17841631174087524
Touchet_WA_824,2019-12-28,0.186,0.18513520061969757
Touchet_WA_824,2019-12-29,0.185,0.18381477892398834
Touchet_WA_824,2019-12-30,0.185,0.18652765452861786
Touchet_WA_824,2019-12-31,0.186,0.18657594919204712
Touchet_WA_824,2020-01-01,0.186,0.1910928636789322
Touchet_WA_824,2020-01-02,0.189,0.21151678264141083
Touchet_WA_824,2020-01-03,0.191,0.19349032640457153
Touchet_WA_824,2020-01-04,0.19,0.19352808594703674
Touchet_WA_824,2020-01-05,0.191,0.1951494663953781
Touchet_WA_824,2020-01-06,0.191,0.18795619904994965
Touchet_WA_824,2020-01-07,0.191,0.1902601420879364
Touchet_WA_824,2020-01-08,0.192,0.188645601272583
Touchet_WA_824,2020-01-09,0.192,0.17855630815029144
Touchet_WA_824,2020-01-10,0.192,0.18004432320594788
Touchet_WA_824,2020-01-11,0.193,0.18733222782611847
Touchet_WA_824,2020-01-12,0.193,0.18336746096611023
Touchet_WA_824,2020-01-13,0.193,0.1944229006767273
Touchet_WA_824,2020-01-14,0.193,0.19545386731624603
Touchet_WA_824,2020-01-15,0.193,0.19371505081653595
Touchet_WA_824,2020-01-16,0.192,0.1900169402360916
Touchet_WA_824,2020-01-17,0.193,0.19363872706890106
Touchet_WA_824,2020-01-18,0.193,0.19544021785259247
Touchet_WA_824,2020-01-19,0.194,0.1947460174560547
Touchet_WA_824,2020-01-20,0.194,0.1953766644001007
Touchet_WA_824,2020-01-21,0.194,0.19444409012794495
Touchet_WA_824,2020-01-22,0.194,0.19780081510543823
Touchet_WA_824,2020-01-23,0.193,0.19514289498329163
Touchet_WA_824,2020-01-24,0.195,0.1966499388217926
Touchet_WA_824,2020-01-25,0.195,0.19829189777374268
Touchet_WA_824,2020-01-26,0.196,0.19847752153873444
Touchet_WA_824,2020-01-27,0.195,0.19968700408935547
Touchet_WA_824,2020-01-28,0.195,0.20442794263362885
Touchet_WA_824,2020-01-29,0.196,0.20644310116767883
Touchet_WA_824,2020-01-30,0.196,0.2031133472919464
Touchet_WA_824,2020-01-31,0.197,0.2019878774881363
Touchet_WA_824,2020-02-01,0.198,0.20285004377365112
Touchet_WA_824,2020-02-02,0.197,0.19921134412288666
Touchet_WA_824,2020-02-03,0.199,0.19683299958705902
Touchet_WA_824,2020-02-04,0.199,0.1945430487394333
Touchet_WA_824,2020-02-05,0.199,0.2021619826555252
Touchet_WA_824,2020-02-06,0.2,0.2130158245563507
Touchet_WA_824,2020-02-07,0.201,0.21271084249019623
Touchet_WA_824,2020-02-08,0.213,0.21893778443336487
Touchet_WA_824,2020-02-09,0.214,0.21008706092834473
Touchet_WA_824,2020-02-10,0.216,0.21214663982391357
Touchet_WA_824,2020-02-11,0.215,0.21560348570346832
Touchet_WA_824,2020-02-12,0.214,0.2141161561012268
Touchet_WA_824,2020-02-13,0.215,0.22048355638980865
Touchet_WA_824,2020-02-14,0.216,0.21867506206035614
Touchet_WA_824,2020-02-15,0.215,0.22449545562267303
Touchet_WA_824,2020-02-16,0.214,0.2217339426279068
Touchet_WA_824,2020-02-17,0.215,0.21788166463375092
Touchet_WA_824,2020-02-18,0.215,0.2232898473739624
Touchet_WA_824,2020-02-19,0.215,0.21653258800506592
Touchet_WA_824,2020-02-20,0.214,0.21245470643043518
Touchet_WA_824,2020-02-21,0.215,0.21048277616500854
Touchet_WA_824,2020-02-22,0.215,0.2107650190591812
Touchet_WA_824,2020-02-23,0.214,0.21508292853832245
Touchet_WA_824,2020-02-24,0.214,0.21202412247657776
Touchet_WA_824,2020-02-25,0.214,0.21520543098449707
Touchet_WA_824,2020-02-26,0.215,0.21388879418373108
Touchet_WA_824,2020-02-27,0.214,0.2111416608095169
Touchet_WA_824,2020-02-28,0.215,0.21195432543754578
Touchet_WA_824,2020-02-29,0.216,0.21182595193386078
Touchet_WA_824,2020-03-01,0.215,0.22045552730560303
Touchet_WA_824,2020-03-02,0.216,0.21511900424957275
Touchet_WA_824,2020-03-03,0.216,0.2069408893585205
Touchet_WA_824,2020-03-04,0.216,0.2057448923587799
Touchet_WA_824,2020-03-05,0.215,0.2122585028409958
Touchet_WA_824,2020-03-06,0.215,0.209395632147789
Touchet_WA_824,2020-03-07,0.215,0.22720269858837128
Touchet_WA_824,2020-03-08,0.216,0.2205529510974884
Touchet_WA_824,2020-03-09,0.215,0.21782109141349792
Touchet_WA_824,2020-03-10,0.217,0.20608371496200562
Touchet_WA_824,2020-03-11,0.217,0.20821167528629303
Touchet_WA_824,2020-03-12,0.216,0.2191167175769806
Touchet_WA_824,2020-03-13,0.218,0.21366755664348602
Touchet_WA_824,2020-03-14,0.218,0.21368113160133362
Touchet_WA_824,2020-03-15,0.217,0.2077166885137558
Touchet_WA_824,2020-03-16,0.216,0.21476131677627563
Touchet_WA_824,2020-03-17,0.218,0.2189575731754303
Touchet_WA_824,2020-03-18,0.217,0.22130939364433289
Touchet_WA_824,2020-03-19,0.217,0.2186567783355713
Touchet_WA_824,2020-03-20,0.217,0.21511472761631012
Touchet_WA_824,2020-03-21,0.219,0.21866858005523682
Touchet_WA_824,2020-03-22,0.221,0.21767356991767883
Touchet_WA_824,2020-03-23,0.224,0.22253957390785217
Touchet_WA_824,2020-03-24,0.225,0.23408819735050201
Touchet_WA_824,2020-03-25,0.227,0.22252558171749115
Touchet_WA_824,2020-03-26,0.226,0.22446583211421967
Touchet_WA_824,2020-03-27,0.226,0.22595997154712677
Touchet_WA_824,2020-03-28,0.225,0.22406168282032013
Touchet_WA_824,2020-03-29,0.225,0.22934532165527344
Touchet_WA_824,2020-03-30,0.224,0.23458632826805115
Touchet_WA_824,2020-03-31,0.223,0.23090524971485138
Touchet_WA_824,2020-04-01,0.225,0.22510863840579987
Touchet_WA_824,2020-04-02,0.223,0.22192658483982086
Touchet_WA_824,2020-04-03,0.224,0.2205473929643631
Touchet_WA_824,2020-04-04,0.224,0.22328989207744598
Touchet_WA_824,2020-04-05,0.223,0.22206850349903107
Touchet_WA_824,2020-04-06,0.223,0.21767698228359222
Touchet_WA_824,2020-04-07,0.224,0.21133120357990265
Touchet_WA_824,2020-04-08,0.224,0.2087734341621399
Touchet_WA_824,2020-04-09,0.222,0.21467606723308563
Touchet_WA_824,2020-04-10,0.224,0.21497592329978943
Touchet_WA_824,2020-04-11,0.223,0.21557584404945374
Touchet_WA_824,2020-04-12,0.228,0.21997514367103577
Touchet_WA_824,2020-04-13,0.234,0.22866711020469666
Touchet_WA_824,2020-04-14,0.235,0.22613787651062012
Touchet_WA_824,2020-04-15,0.234,0.23289142549037933
Touchet_WA_824,2020-04-16,0.237,0.24665388464927673
Touchet_WA_824,2020-04-17,0.238,0.24436414241790771
Touchet_WA_824,2020-04-18,0.241,0.24875624477863312
Touchet_WA_824,2020-04-19,0.252,0.24909870326519012
Touchet_WA_824,2020-04-20,0.262,0.2551266551017761
Touchet_WA_824,2020-04-21,0.27,0.26311466097831726
Touchet_WA_824,2020-04-22,0.277,0.27126964926719666
Touchet_WA_824,2020-04-23,0.281,0.28736090660095215
Touchet_WA_824,2020-04-24,0.302,0.29486629366874695
Touchet_WA_824,2020-04-25,0.292,0.3007573187351227
Touchet_WA_824,2020-04-26,0.292,0.3003830909729004
Touchet_WA_824,2020-04-27,0.298,0.29040199518203735
Touchet_WA_824,2020-04-28,0.303,0.295762836933136
Touchet_WA_824,2020-04-29,0.307,0.2943532466888428
Touchet_WA_824,2020-04-30,0.316,0.2964942753314972
Touchet_WA_824,2020-05-01,0.323,0.29835638403892517
Touchet_WA_824,2020-05-02,0.327,0.3133981227874756
Touchet_WA_824,2020-05-03,0.333,0.31708985567092896
Touchet_WA_824,2020-05-04,0.313,0.31986382603645325
Touchet_WA_824,2020-05-05,0.331,0.31991273164749146
Touchet_WA_824,2020-05-06,0.339,0.3300647735595703
Touchet_WA_824,2020-05-07,0.321,0.32688018679618835
Touchet_WA_824,2020-05-08,0.332,0.3292071223258972
Touchet_WA_824,2020-05-09,0.343,0.33354949951171875
Touchet_WA_824,2020-05-10,0.346,0.3246605694293976
Touchet_WA_824,2020-05-11,0.347,0.32645899057388306
Touchet_WA_824,2020-05-12,0.346,0.337672621011734
Touchet_WA_824,2020-05-13,0.344,0.3350183963775635
Touchet_WA_824,2020-05-14,0.346,0.3384692966938019
Touchet_WA_824,2020-05-15,0.332,0.3371979594230652
Touchet_WA_824,2020-05-16,0.343,0.33389949798583984
Touchet_WA_824,2020-05-17,0.345,0.33920884132385254
Touchet_WA_824,2020-05-18,0.335,0.3266693949699402
Touchet_WA_824,2020-05-19,0.313,0.3249967694282532
Touchet_WA_824,2020-05-20,0.31,0.3344392776489258
Touchet_WA_824,2020-05-21,0.354,0.33995193243026733
Touchet_WA_824,2020-05-22,0.323,0.3135017454624176
Touchet_WA_824,2020-05-23,0.31,0.30514073371887207
Touchet_WA_824,2020-05-24,0.291,0.28858819603919983
Touchet_WA_824,2020-05-25,0.274,0.2806239128112793
Touchet_WA_824,2020-05-26,0.291,0.2722391188144684
Touchet_WA_824,2020-05-27,0.27,0.2678524851799011
Touchet_WA_824,2020-05-28,0.252,0.245869442820549
Touchet_WA_824,2020-05-29,0.244,0.2407076060771942
Touchet_WA_824,2020-05-30,0.236,0.2417304813861847
Touchet_WA_824,2020-05-31,0.229,0.24392518401145935
Touchet_WA_824,2020-06-01,0.246,0.24502304196357727
Touchet_WA_824,2020-06-02,0.235,0.2319059520959854
Touchet_WA_824,2020-06-03,0.222,0.2200254201889038
Touchet_WA_824,2020-06-04,0.215,0.21547290682792664
Touchet_WA_824,2020-06-05,0.208,0.22165141999721527
Touchet_WA_824,2020-06-06,0.214,0.23382535576820374
Touchet_WA_824,2020-06-07,0.229,0.24205553531646729
Touchet_WA_824,2020-06-08,0.222,0.23969092965126038
Touchet_WA_824,2020-06-09,0.26,0.24961170554161072
Touchet_WA_824,2020-06-10,0.289,0.26187241077423096
Touchet_WA_824,2020-06-11,0.256,0.24866673350334167
Touchet_WA_824,2020-06-12,0.24,0.2445393204689026
Touchet_WA_824,2020-06-13,0.228,0.26818370819091797
Touchet_WA_824,2020-06-14,0.322,0.2894012928009033
Touchet_WA_824,2020-06-15,0.301,0.29270392656326294
Touchet_WA_824,2020-06-16,0.313,0.2997119128704071
Touchet_WA_824,2020-06-17,0.289,0.2775298058986664
Touchet_WA_824,2020-06-18,0.264,0.26952964067459106
Touchet_WA_824,2020-06-19,0.247,0.25360867381095886
Touchet_WA_824,2020-06-20,0.236,0.2421969473361969
Touchet_WA_824,2020-06-21,0.233,0.23006050288677216
Touchet_WA_824,2020-06-22,0.221,0.22630575299263
Touchet_WA_824,2020-06-23,0.205,0.20923249423503876
Touchet_WA_824,2020-06-24,0.193,0.18145562708377838
Touchet_WA_824,2020-06-25,0.184,0.1792617291212082
Touchet_WA_824,2020-06-26,0.169,0.16718196868896484
Touchet_WA_824,2020-06-27,0.157,0.16853702068328857
Touchet_WA_824,2020-06-28,0.146,0.153158500790596
Touchet_WA_824,2020-06-29,0.147,0.15198636054992676
Touchet_WA_824,2020-06-30,0.17,0.16958846151828766
Touchet_WA_824,2020-07-01,0.165,0.16701896488666534
Touchet_WA_824,2020-07-02,0.159,0.16203808784484863
Touchet_WA_824,2020-07-03,0.149,0.1550213098526001
Touchet_WA_824,2020-07-04,0.14,0.1456669718027115
Touchet_WA_824,2020-07-05,0.125,0.13083438575267792
Touchet_WA_824,2020-07-06,0.113,0.12071337550878525
Touchet_WA_824,2020-07-07,0.099,0.12463103234767914
Touchet_WA_824,2020-07-08,0.133,0.1297522485256195
Touchet_WA_824,2020-07-09,0.115,0.11942613869905472
Touchet_WA_824,2020-07-10,0.1,0.11881668865680695
Touchet_WA_824,2020-07-11,0.103,0.11435610800981522
Touchet_WA_824,2020-07-12,0.092,0.10529909282922745
Touchet_WA_824,2020-07-13,0.076,0.09569516032934189
Touchet_WA_824,2020-07-14,0.067,0.09220155328512192
Touchet_WA_824,2020-07-15,0.054,0.08596228063106537
Touchet_WA_824,2020-07-16,0.044,0.06125689297914505
Touchet_WA_824,2020-07-17,0.036,0.04755384847521782
Touchet_WA_824,2020-07-18,0.028,0.03802940994501114
Touchet_WA_824,2020-07-19,0.024,0.035603851079940796
Touchet_WA_824,2020-07-20,0.021,0.03344766050577164
Touchet_WA_824,2020-07-21,0.017,0.026898613199591637
Touchet_WA_824,2020-07-22,0.016,0.018013248220086098
Touchet_WA_824,2020-07-23,0.013,0.016534186899662018
Touchet_WA_824,2020-07-24,0.011,0.016048220917582512
Touchet_WA_824,2020-07-25,0.007,0.012117902748286724
Touchet_WA_824,2020-07-26,0.01,0.008940250612795353
Touchet_WA_824,2020-07-27,0.009,0.009379505179822445
Touchet_WA_824,2020-07-28,0.011,0.008275779895484447
Touchet_WA_824,2020-07-29,0.004,0.007958355359733105
Touchet_WA_824,2020-07-30,0.007,0.007979173213243484
Touchet_WA_824,2020-07-31,0.006,0.007993930950760841
Touchet_WA_824,2020-08-01,0.003,0.006278355605900288
Touchet_WA_824,2020-08-02,0.004,0.006228530779480934
Touchet_WA_824,2020-08-03,0.004,0.005665957927703857
Touchet_WA_824,2020-08-04,0.003,0.004658401012420654
Touchet_WA_824,2020-08-05,0.001,0.007145646959543228
Touchet_WA_824,2020-08-06,0.0,0.010946975089609623
Touchet_WA_824,2020-08-07,0.0,0.00890850555151701
Touchet_WA_824,2020-08-08,0.0,0.009396582841873169
Touchet_WA_824,2020-08-09,0.0,0.007597757037729025
Touchet_WA_824,2020-08-10,0.0,0.005643278826028109
Touchet_WA_824,2020-08-11,0.0,0.0033814278431236744
Touchet_WA_824,2020-08-12,0.0,0.004751002881675959
Touchet_WA_824,2020-08-13,0.0,0.0023662883322685957
Touchet_WA_824,2020-08-14,0.0,-0.00032334233401343226
Touchet_WA_824,2020-08-15,0.0,-0.0004282768059056252
Touchet_WA_824,2020-08-16,0.0,-0.00020033351029269397
Touchet_WA_824,2020-08-17,0.0,0.0005048347520641983
Touchet_WA_824,2020-08-18,0.0,0.0008877106010913849
Touchet_WA_824,2020-08-19,0.0,0.0012568262172862887
Touchet_WA_824,2020-08-20,0.0,0.001229486777447164
Touchet_WA_824,2020-08-21,0.0,0.0008594964747317135
Touchet_WA_824,2020-08-22,0.0,8.32675868878141e-05
Touchet_WA_824,2020-08-23,0.0,0.0007445432711392641
Touchet_WA_824,2020-08-24,0.0,0.0009168706019409001
Touchet_WA_824,2020-08-25,0.0,0.001239575445652008
Touchet_WA_824,2020-08-26,0.0,0.001249527558684349
Touchet_WA_824,2020-08-27,0.0,0.0013770170044153929
Touchet_WA_824,2020-08-28,0.0,0.0012944976333528757
Touchet_WA_824,2020-08-29,0.0,0.001388216856867075
Touchet_WA_824,2020-08-30,0.0,0.0001716765109449625
Touchet_WA_824,2020-08-31,0.0,0.0030439291149377823
Touchet_WA_824,2020-09-01,0.0,0.0027846056036651134
Touchet_WA_824,2020-09-02,0.0,5.831555608892813e-05
Touchet_WA_824,2020-09-03,0.0,0.0007387871737591922
Touchet_WA_824,2020-09-04,0.0,0.0016591699095442891
Touchet_WA_824,2020-09-05,0.0,0.0005209301598370075
Touchet_WA_824,2020-09-06,0.0,0.00018521142192184925
Touchet_WA_824,2020-09-07,0.0,-0.00027621196932159364
Touchet_WA_824,2020-09-08,0.0,-0.00017733799177221954
Touchet_WA_824,2020-09-09,0.0,0.0007733315578661859
Touchet_WA_824,2020-09-10,0.0,0.0009495370322838426
Touchet_WA_824,2020-09-11,0.0,0.0015897079138085246
Touchet_WA_824,2020-09-12,0.0,0.002779805101454258
Touchet_WA_824,2020-09-13,0.0,0.0027301693335175514
Touchet_WA_824,2020-09-14,0.0,0.0011221608147025108
Touchet_WA_824,2020-09-15,0.0,0.0011585834436118603
Touchet_WA_824,2020-09-16,0.0,-0.0005615321570076048
Touchet_WA_824,2020-09-17,0.0,0.0032830857671797276
Touchet_WA_824,2020-09-18,0.0,0.001567177940160036
Touchet_WA_824,2020-09-19,0.0,0.0039843483828008175
Touchet_WA_824,2020-09-20,0.07,0.039442043751478195
Touchet_WA_824,2020-09-21,0.062,0.03506667539477348
Touchet_WA_824,2020-09-22,0.047,0.03946246951818466
Touchet_WA_824,2020-09-23,0.032,0.04151275381445885
Touchet_WA_824,2020-09-24,0.02,0.0484415665268898
Touchet_WA_824,2020-09-25,0.131,0.09716465324163437
Touchet_WA_824,2020-09-26,0.113,0.1290988177061081
Touchet_WA_824,2020-09-27,0.191,0.1767292618751526
Touchet_WA_824,2020-09-28,0.165,0.15446263551712036
Touchet_WA_824,2020-09-29,0.149,0.14629937708377838
Touchet_WA_824,2020-09-30,0.138,0.13629300892353058
Touchet_WA_824,2020-10-01,0.126,0.12605203688144684
Touchet_WA_824,2020-10-02,0.12,0.11934976279735565
Touchet_WA_824,2020-10-03,0.11,0.11569394171237946
Touchet_WA_824,2020-10-04,0.103,0.11251326650381088
Touchet_WA_824,2020-10-05,0.097,0.09178340435028076
Touchet_WA_824,2020-10-06,0.09,0.08260348439216614
Touchet_WA_824,2020-10-07,0.083,0.08285491168498993
Touchet_WA_824,2020-10-08,0.079,0.07443283498287201
Touchet_WA_824,2020-10-09,0.072,0.06990034133195877
Touchet_WA_824,2020-10-10,0.07,0.10450810194015503
Touchet_WA_824,2020-10-11,0.307,0.23842263221740723
Touchet_WA_824,2020-10-12,0.312,0.2767884135246277
Touchet_WA_824,2020-10-13,0.259,0.27754271030426025
Touchet_WA_824,2020-10-14,0.314,0.2861901521682739
Touchet_WA_824,2020-10-15,0.247,0.2561928629875183
Touchet_WA_824,2020-10-16,0.223,0.2305959016084671
Touchet_WA_824,2020-10-17,0.204,0.21339596807956696
Touchet_WA_824,2020-10-18,0.194,0.20018891990184784
Touchet_WA_824,2020-10-19,0.216,0.2023206204175949
Touchet_WA_824,2020-10-20,0.197,0.19577158987522125
Touchet_WA_824,2020-10-21,0.186,0.1822601854801178
Touchet_WA_824,2020-10-22,0.18,0.181279256939888
Touchet_WA_824,2020-10-23,0.185,0.18348751962184906
Touchet_WA_824,2020-10-24,0.155,0.1900741159915924
Touchet_WA_824,2020-10-25,0.277,0.2492009550333023
Touchet_WA_824,2020-10-26,0.239,0.23645159602165222
Touchet_WA_824,2020-10-27,0.212,0.2244531214237213
Touchet_WA_824,2020-10-28,0.231,0.2271188348531723
