station_id,date,y_true,y_pred
Darrington,2017-01-11,0.329,0.3361038267612457
Darrington,2017-01-12,0.327,0.3395996689796448
Darrington,2017-01-13,0.365,0.35166600346565247
Darrington,2017-01-14,0.39,0.38435420393943787
Darrington,2017-01-15,0.388,0.3880709111690521
Darrington,2017-01-21,0.436,0.4006667733192444
Darrington,2017-01-22,0.437,0.3987753987312317
Darrington,2017-01-23,0.424,0.4056907296180725
Darrington,2017-01-25,0.406,0.40852805972099304
Darrington,2017-01-26,0.42,0.41412103176116943
Darrington,2017-01-27,0.417,0.41576889157295227
Darrington,2017-01-28,0.409,0.40813589096069336
Darrington,2017-01-29,0.42,0.4223169982433319
Darrington,2017-01-30,0.439,0.4256210923194885
Darrington,2017-01-31,0.43,0.3949912488460541
Darrington,2017-03-01,0.376,0.37183132767677307
Darrington,2017-03-02,0.364,0.3734746277332306
Darrington,2017-03-03,0.389,0.3754099905490875
Darrington,2017-03-04,0.358,0.3606352210044861
Darrington,2017-03-05,0.351,0.3511696755886078
Darrington,2017-03-06,0.358,0.3652102053165436
Darrington,2017-03-07,0.352,0.3610020875930786
Darrington,2017-03-08,0.366,0.3679437041282654
Darrington,2017-03-09,0.377,0.3759653568267822
Darrington,2017-03-10,0.383,0.3794938325881958
Darrington,2017-03-11,0.378,0.3818429112434387
Darrington,2017-03-12,0.391,0.38583987951278687
Darrington,2017-03-13,0.407,0.3815558850765228
Darrington,2017-03-14,0.385,0.3858768045902252
Darrington,2017-03-15,0.382,0.37190955877304077
Darrington,2017-03-16,0.36,0.3692626953125
Darrington,2017-03-17,0.356,0.3661801517009735
Darrington,2017-03-18,0.384,0.3686797022819519
Darrington,2017-03-19,0.345,0.3610902726650238
Darrington,2017-03-20,0.331,0.3473586440086365
Darrington,2017-03-21,0.34,0.35353517532348633
Darrington,2017-03-22,0.365,0.35671424865722656
Darrington,2017-03-23,0.352,0.35790348052978516
Darrington,2017-03-24,0.382,0.3678310215473175
Darrington,2017-03-25,0.372,0.3604602515697479
Darrington,2017-03-26,0.36,0.3631088435649872
Darrington,2017-03-27,0.367,0.3701612055301666
Darrington,2017-03-28,0.39,0.3765098452568054
Darrington,2017-03-29,0.397,0.38474634289741516
Darrington,2017-03-30,0.369,0.37002208828926086
Darrington,2017-03-31,0.347,0.3535613715648651
Darrington,2017-04-01,0.362,0.365599662065506
Darrington,2017-04-02,0.363,0.3577423691749573
Darrington,2017-04-03,0.352,0.3344550132751465
Darrington,2017-04-04,0.336,0.3474991023540497
Darrington,2017-04-05,0.379,0.36024558544158936
Darrington,2017-04-06,0.363,0.357800155878067
Darrington,2017-04-07,0.377,0.3586851954460144
Darrington,2017-04-08,0.366,0.3570338189601898
Darrington,2017-04-09,0.35,0.34935224056243896
Darrington,2017-04-10,0.362,0.35187190771102905
Darrington,2017-04-11,0.35,0.34682124853134155
Darrington,2017-04-12,0.342,0.345022976398468
Darrington,2017-04-13,0.364,0.35092082619667053
Darrington,2017-04-14,0.359,0.3519551157951355
Darrington,2017-04-15,0.35,0.3452009856700897
Darrington,2017-04-16,0.329,0.33212950825691223
Darrington,2017-04-17,0.332,0.3463347256183624
Darrington,2017-04-18,0.358,0.3508096933364868
Darrington,2017-04-19,0.341,0.3480992019176483
Darrington,2017-04-20,0.367,0.35780856013298035
Darrington,2017-04-21,0.341,0.3397371470928192
Darrington,2017-04-22,0.33,0.34454771876335144
Darrington,2017-04-23,0.341,0.3487415909767151
Darrington,2017-04-24,0.347,0.331854909658432
Darrington,2017-04-25,0.329,0.3350658416748047
Darrington,2017-04-26,0.371,0.34723517298698425
Darrington,2017-04-27,0.36,0.35093826055526733
Darrington,2017-04-28,0.34,0.3377247452735901
Darrington,2017-04-29,0.348,0.34633633494377136
Darrington,2017-04-30,0.359,0.34037333726882935
Darrington,2017-05-01,0.339,0.3309396207332611
Darrington,2017-05-02,0.323,0.3305782079696655
Darrington,2017-05-03,0.357,0.3428017795085907
Darrington,2017-05-04,0.348,0.3473561406135559
Darrington,2017-05-05,0.374,0.35113638639450073
Darrington,2017-05-06,0.366,0.34833893179893494
Darrington,2017-05-07,0.338,0.3294996917247772
Darrington,2017-05-08,0.324,0.30332422256469727
Darrington,2017-05-09,0.307,0.28668996691703796
Darrington,2017-05-10,0.284,0.28658151626586914
Darrington,2017-05-11,0.293,0.3114563226699829
Darrington,2017-05-12,0.322,0.31395187973976135
Darrington,2017-05-13,0.308,0.3038611114025116
Darrington,2017-05-14,0.295,0.3082663118839264
Darrington,2017-05-15,0.31,0.31999289989471436
Darrington,2017-05-16,0.373,0.33098965883255005
Darrington,2017-05-17,0.346,0.3271279036998749
Darrington,2017-05-18,0.32,0.31360721588134766
Darrington,2017-05-19,0.294,0.3028287887573242
Darrington,2017-05-20,0.281,0.2707849442958832
Darrington,2017-05-21,0.261,0.26074838638305664
Darrington,2017-05-22,0.236,0.22833041846752167
Darrington,2017-05-23,0.212,0.2036360800266266
Darrington,2017-05-24,0.205,0.20719943940639496
Darrington,2017-05-25,0.202,0.20810675621032715
Darrington,2017-05-26,0.189,0.19453825056552887
Darrington,2017-05-27,0.174,0.17817430198192596
Darrington,2017-05-28,0.155,0.15840086340904236
Darrington,2017-05-29,0.136,0.14056004583835602
Darrington,2017-05-30,0.125,0.13215263187885284
Darrington,2017-05-31,0.128,0.13050752878189087
Darrington,2017-06-01,0.13,0.13442237675189972
Darrington,2017-06-02,0.133,0.13600166141986847
Darrington,2017-06-03,0.13,0.13799212872982025
Darrington,2017-06-04,0.124,0.12451529502868652
Darrington,2017-06-05,0.117,0.11591408401727676
Darrington,2017-06-06,0.109,0.11192554980516434
Darrington,2017-06-07,0.102,0.10034329444169998
Darrington,2017-06-08,0.116,0.13421037793159485
Darrington,2017-06-09,0.142,0.14870207011699677
Darrington,2017-06-10,0.138,0.14431652426719666
Darrington,2017-06-11,0.135,0.14124809205532074
Darrington,2017-06-12,0.13,0.12888258695602417
Darrington,2017-06-13,0.127,0.1307012289762497
Darrington,2017-06-14,0.132,0.1279209703207016
Darrington,2017-06-15,0.15,0.16528373956680298
Darrington,2017-06-16,0.187,0.18086810410022736
Darrington,2017-06-17,0.179,0.17524394392967224
Darrington,2017-06-18,0.177,0.20462991297245026
Darrington,2017-06-19,0.178,0.18215887248516083
Darrington,2017-06-20,0.174,0.17542707920074463
Darrington,2017-06-21,0.165,0.15944123268127441
Darrington,2017-06-22,0.153,0.13875144720077515
Darrington,2017-06-23,0.138,0.13202974200248718
Darrington,2017-06-24,0.123,0.11358258128166199
Darrington,2017-06-25,0.11,0.09941712021827698
Darrington,2017-06-26,0.102,0.09511792659759521
Darrington,2017-06-27,0.096,0.09555721282958984
Darrington,2017-06-28,0.091,0.08915842324495316
Darrington,2017-06-29,0.088,0.09383799880743027
Darrington,2017-06-30,0.083,0.08883464336395264
Darrington,2017-07-01,0.079,0.08307311683893204
Darrington,2017-07-02,0.076,0.07160232216119766
Darrington,2017-07-03,0.074,0.07136212289333344
Darrington,2017-07-04,0.071,0.0663108378648758
Darrington,2017-07-05,0.069,0.06702325493097305
Darrington,2017-07-06,0.067,0.06789419800043106
Darrington,2017-07-07,0.064,0.06774351000785828
Darrington,2017-07-08,0.063,0.06579859554767609
Darrington,2017-07-09,0.06,0.05571584776043892
Darrington,2017-07-10,0.059,0.05543593689799309
Darrington,2017-07-11,0.058,0.04972952604293823
Darrington,2017-07-12,0.056,0.04986666142940521
Darrington,2017-07-13,0.055,0.053751446306705475
Darrington,2017-07-14,0.054,0.04985060915350914
Darrington,2017-07-15,0.052,0.04694458469748497
Darrington,2017-07-16,0.05,0.046631377190351486
Darrington,2017-07-17,0.049,0.04256584122776985
Darrington,2017-07-18,0.048,0.03491400554776192
Darrington,2017-07-19,0.046,0.032841749489307404
Darrington,2017-07-20,0.045,0.049878355115652084
Darrington,2017-07-21,0.044,0.05963641777634621
Darrington,2017-07-22,0.045,0.05738730728626251
Darrington,2017-07-23,0.044,0.05630507320165634
Darrington,2017-07-24,0.043,0.04978138953447342
Darrington,2017-07-25,0.042,0.04680841416120529
Darrington,2017-07-26,0.04,0.04312197118997574
Darrington,2017-07-27,0.038,0.043662361800670624
Darrington,2017-07-28,0.037,0.03903202340006828
Darrington,2017-07-29,0.036,0.039396241307258606
Darrington,2017-07-30,0.035,0.038943178951740265
Darrington,2017-07-31,0.034,0.03139326348900795
Darrington,2017-08-01,0.034,0.032789748162031174
Darrington,2017-08-02,0.033,0.03269106149673462
Darrington,2017-08-03,0.032,0.03044927306473255
Darrington,2017-08-04,0.031,0.02859506569802761
Darrington,2017-08-05,0.032,0.029750624671578407
Darrington,2017-08-06,0.031,0.024017393589019775
Darrington,2017-08-07,0.031,0.019397854804992676
Darrington,2017-08-08,0.03,0.02616097778081894
Darrington,2017-08-09,0.03,0.02734186500310898
Darrington,2017-08-10,0.03,0.02688075788319111
Darrington,2017-08-11,0.029,0.03104231134057045
Darrington,2017-08-12,0.027,0.03023671731352806
Darrington,2017-08-13,0.029,0.03488679602742195
Darrington,2017-08-14,0.029,0.03592243790626526
Darrington,2017-08-15,0.03,0.026879066601395607
Darrington,2017-08-16,0.03,0.02570858597755432
Darrington,2017-08-17,0.03,0.02472306415438652
Darrington,2017-08-18,0.029,0.03030189499258995
Darrington,2017-08-19,0.028,0.029199175536632538
Darrington,2017-08-20,0.027,0.029370037838816643
Darrington,2017-08-21,0.025,0.021767951548099518
Darrington,2017-08-22,0.026,0.02183544635772705
Darrington,2017-08-23,0.026,0.023554271087050438
Darrington,2017-08-24,0.025,0.024201059713959694
Darrington,2017-08-25,0.024,0.02677522785961628
Darrington,2017-08-26,0.024,0.029453234747052193
Darrington,2017-08-27,0.024,0.028904227539896965
Darrington,2017-08-28,0.023,0.02635245770215988
Darrington,2017-08-29,0.023,0.02183227427303791
Darrington,2017-08-30,0.023,0.01912848837673664
Darrington,2017-08-31,0.024,0.02007215842604637
Darrington,2017-09-01,0.024,0.02122952789068222
Darrington,2017-09-02,0.024,0.02205622009932995
Darrington,2017-09-03,0.023,0.01993103139102459
Darrington,2017-09-04,0.023,0.018070731312036514
Darrington,2017-09-05,0.023,0.016761397942900658
Darrington,2017-09-06,0.022,0.017874039709568024
Darrington,2017-09-07,0.022,0.016862455755472183
Darrington,2017-09-08,0.023,0.016655920073390007
Darrington,2017-09-09,0.023,0.025054829195141792
Darrington,2017-09-10,0.024,0.02304338850080967
Darrington,2017-09-11,0.025,0.020925717428326607
Darrington,2017-09-12,0.026,0.02351529523730278
Darrington,2017-09-13,0.027,0.02451787330210209
Darrington,2017-09-14,0.025,0.025018885731697083
Darrington,2017-09-15,0.024,0.02359526790678501
Darrington,2017-09-16,0.024,0.023624401539564133
Darrington,2017-09-17,0.023,0.038341231644153595
Darrington,2017-09-18,0.028,0.06365670263767242
Darrington,2017-09-19,0.062,0.08952369540929794
Darrington,2017-09-20,0.107,0.11881435662508011
Darrington,2017-09-21,0.124,0.12408576160669327
Darrington,2017-09-22,0.123,0.12264522165060043
Darrington,2017-09-23,0.122,0.12262345105409622
Darrington,2017-09-24,0.12,0.12124629318714142
Darrington,2017-09-25,0.12,0.11902911216020584
Darrington,2017-09-26,0.118,0.12364635616540909
Darrington,2017-09-27,0.117,0.11420790106058121
Darrington,2017-09-28,0.115,0.11147800087928772
Darrington,2017-09-29,0.116,0.11744758486747742
Darrington,2017-09-30,0.149,0.14518897235393524
Darrington,2017-10-01,0.166,0.1506636142730713
Darrington,2017-10-02,0.161,0.14329683780670166
Darrington,2017-10-03,0.153,0.14556452631950378
Darrington,2017-10-04,0.147,0.13797281682491302
Darrington,2017-10-05,0.144,0.13232862949371338
Darrington,2017-10-06,0.151,0.14967481791973114
Darrington,2017-10-07,0.195,0.17707213759422302
Darrington,2017-10-08,0.199,0.1863691210746765
Darrington,2017-10-09,0.19,0.19011135399341583
Darrington,2017-10-10,0.187,0.18984660506248474
Darrington,2017-10-11,0.186,0.1991012692451477
Darrington,2017-10-12,0.2,0.19599787890911102
Darrington,2017-10-13,0.23,0.20756053924560547
Darrington,2017-10-14,0.221,0.2067042589187622
Darrington,2017-10-15,0.212,0.20099467039108276
Darrington,2017-10-16,0.211,0.2105986326932907
Darrington,2017-10-17,0.246,0.23100979626178741
Darrington,2017-10-18,0.264,0.25557461380958557
Darrington,2017-10-19,0.277,0.2689674496650696
Darrington,2017-10-20,0.278,0.2760562598705292
Darrington,2017-10-21,0.284,0.27721211314201355
Darrington,2017-10-22,0.289,0.277445912361145
Darrington,2017-10-23,0.261,0.26091283559799194
Darrington,2017-10-24,0.244,0.2559812366962433
Darrington,2017-10-25,0.26,0.2682250440120697
Darrington,2017-10-26,0.251,0.23391316831111908
Darrington,2017-10-27,0.24,0.23327034711837769
Darrington,2017-10-28,0.235,0.23512722551822662
Darrington,2017-10-29,0.23,0.2262703776359558
Darrington,2017-10-31,0.223,0.21252043545246124
Darrington,2017-11-01,0.228,0.2274499535560608
Darrington,2017-11-02,0.258,0.2544943392276764
Darrington,2017-11-03,0.258,0.2572062611579895
Darrington,2017-11-04,0.244,0.2602262496948242
Darrington,2017-11-05,0.237,0.2602856457233429
Darrington,2017-11-06,0.231,0.2317274957895279
Darrington,2017-11-07,0.228,0.21945545077323914
Darrington,2017-11-08,0.227,0.2195385992527008
Darrington,2017-11-09,0.24,0.2594105899333954
Darrington,2017-11-10,0.265,0.2545720040798187
Darrington,2017-11-11,0.249,0.26263517141342163
Darrington,2017-11-12,0.28,0.28934749960899353
Darrington,2017-11-13,0.297,0.2929554283618927
Darrington,2017-11-14,0.283,0.3014499545097351
Darrington,2017-11-15,0.291,0.3002738952636719
Darrington,2017-11-16,0.281,0.2971893548965454
Darrington,2017-11-17,0.283,0.29412704706192017
Darrington,2017-11-18,0.266,0.2895418703556061
Darrington,2017-11-19,0.274,0.2946622967720032
Darrington,2017-11-20,0.296,0.2878309488296509
Darrington,2017-11-21,0.302,0.29698535799980164
Darrington,2017-11-22,0.314,0.30643874406814575
Darrington,2017-11-23,0.304,0.3024498522281647
Darrington,2017-11-24,0.293,0.29458028078079224
Darrington,2017-11-25,0.28,0.29101911187171936
Darrington,2017-11-26,0.315,0.29894036054611206
Darrington,2017-11-27,0.298,0.28540167212486267
Darrington,2017-11-28,0.302,0.3022056818008423
Darrington,2017-11-29,0.293,0.29646170139312744
Darrington,2017-11-30,0.298,0.2962057590484619
Darrington,2017-12-01,0.297,0.2995622754096985
Darrington,2017-12-02,0.294,0.2963983416557312
Darrington,2017-12-03,0.286,0.29547640681266785
Darrington,2017-12-04,0.266,0.28116586804389954
Darrington,2017-12-05,0.258,0.2753451466560364
Darrington,2017-12-06,0.253,0.2590565085411072
Darrington,2017-12-07,0.251,0.25458231568336487
Darrington,2017-12-08,0.248,0.253577321767807
Darrington,2017-12-09,0.246,0.24887393414974213
Darrington,2017-12-10,0.244,0.24442923069000244
Darrington,2017-12-11,0.241,0.24842579662799835
Darrington,2017-12-12,0.239,0.24290195107460022
Darrington,2017-12-13,0.239,0.24482084810733795
Darrington,2017-12-14,0.238,0.24444495141506195
Darrington,2017-12-15,0.259,0.26213935017585754
Darrington,2017-12-16,0.275,0.27101197838783264
Darrington,2017-12-17,0.314,0.312278687953949
Darrington,2017-12-18,0.305,0.3033691942691803
Darrington,2017-12-19,0.322,0.3140071630477905
Darrington,2017-12-20,0.286,0.2908938229084015
Darrington,2017-12-21,0.261,0.2905004918575287
Darrington,2017-12-22,0.263,0.2892165780067444
Darrington,2017-12-23,0.269,0.26269736886024475
Darrington,2017-12-24,0.286,0.26132631301879883
Darrington,2017-12-25,0.268,0.2706816494464874
Darrington,2017-12-26,0.255,0.2669380009174347
Darrington,2017-12-27,0.257,0.2687259316444397
Darrington,2017-12-28,0.322,0.3139403164386749
Darrington,2017-12-29,0.328,0.32340097427368164
Darrington,2017-12-30,0.312,0.3151906132698059
Darrington,2017-12-31,0.282,0.29477351903915405
Darrington,2018-01-01,0.306,0.2835593819618225
Darrington,2018-01-02,0.285,0.27949628233909607
Darrington,2018-01-03,0.265,0.2569344639778137
Darrington,2018-01-04,0.263,0.26210519671440125
Darrington,2018-01-05,0.306,0.29211488366127014
Darrington,2018-01-06,0.296,0.2918824255466461
Darrington,2018-01-07,0.299,0.3008387088775635
Darrington,2018-01-08,0.297,0.30326250195503235
Darrington,2018-01-09,0.31,0.30622997879981995
Darrington,2018-01-10,0.298,0.30823129415512085
Darrington,2018-01-11,0.318,0.3118857741355896
Darrington,2018-01-12,0.319,0.309164434671402
Darrington,2018-01-13,0.3,0.304960161447525
Darrington,2018-01-14,0.273,0.2862354516983032
Darrington,2018-01-15,0.265,0.27330321073532104
Darrington,2018-01-16,0.298,0.2912816107273102
Darrington,2018-01-17,0.301,0.29822608828544617
Darrington,2018-01-18,0.315,0.3023981750011444
Darrington,2018-01-19,0.299,0.302659273147583
Darrington,2018-01-20,0.304,0.3078112006187439
Darrington,2018-01-21,0.309,0.30795395374298096
Darrington,2018-01-22,0.311,0.3062911927700043
Darrington,2018-01-23,0.312,0.31081631779670715
Darrington,2018-01-24,0.317,0.3093927204608917
Darrington,2018-01-25,0.299,0.30405399203300476
Darrington,2018-01-26,0.298,0.3038438856601715
Darrington,2018-01-27,0.318,0.30568450689315796
Darrington,2018-01-28,0.304,0.3064229190349579
Darrington,2018-01-29,0.327,0.3178548812866211
Darrington,2018-01-30,0.307,0.31798022985458374
Darrington,2018-01-31,0.315,0.3156197965145111
Darrington,2018-02-01,0.321,0.31492549180984497
Darrington,2018-02-02,0.329,0.31588470935821533
Darrington,2018-02-03,0.329,0.3201961815357208
Darrington,2018-02-04,0.337,0.3284638226032257
Darrington,2018-02-05,0.317,0.31217870116233826
Darrington,2018-02-06,0.31,0.30758902430534363
Darrington,2018-02-07,0.318,0.30986854434013367
Darrington,2018-02-08,0.323,0.3079015016555786
Darrington,2018-02-09,0.294,0.2920045852661133
Darrington,2018-02-10,0.278,0.28096044063568115
Darrington,2018-02-11,0.268,0.27446290850639343
Darrington,2018-02-12,0.259,0.25630471110343933
Darrington,2018-02-13,0.252,0.2628195285797119
Darrington,2018-02-14,0.264,0.2789479196071625
Darrington,2018-02-15,0.286,0.28741174936294556
Darrington,2018-02-16,0.316,0.3032110333442688
Darrington,2018-02-17,0.323,0.31778401136398315
Darrington,2018-02-18,0.3,0.3108302354812622
Darrington,2018-02-19,0.286,0.2765374183654785
Darrington,2018-03-16,0.268,0.27569741010665894
Darrington,2018-03-17,0.267,0.26360422372817993
Darrington,2018-03-18,0.281,0.26454609632492065
Darrington,2018-03-19,0.268,0.2573849856853485
Darrington,2018-03-20,0.26,0.2515857219696045
Darrington,2018-03-21,0.255,0.27038830518722534
Darrington,2018-03-22,0.288,0.2787759304046631
Darrington,2018-03-23,0.293,0.2869052588939667
Darrington,2018-03-24,0.295,0.29589104652404785
Darrington,2018-03-25,0.278,0.28861546516418457
Darrington,2018-03-26,0.317,0.3006834387779236
Darrington,2018-03-27,0.327,0.3182358741760254
Darrington,2018-03-28,0.291,0.30491530895233154
Darrington,2018-03-29,0.292,0.30685916543006897
Darrington,2018-03-30,0.305,0.3032950758934021
Darrington,2018-03-31,0.278,0.29357659816741943
Darrington,2018-04-01,0.31,0.309390664100647
Darrington,2018-04-02,0.31,0.31255170702934265
Darrington,2018-04-03,0.295,0.28776732087135315
Darrington,2018-04-04,0.295,0.29233843088150024
Darrington,2018-04-05,0.325,0.30684271454811096
Darrington,2018-04-06,0.297,0.30430078506469727
Darrington,2018-04-07,0.318,0.31353554129600525
Darrington,2018-04-08,0.322,0.3163841962814331
Darrington,2018-04-09,0.301,0.29291167855262756
Darrington,2018-04-10,0.299,0.3072925806045532
Darrington,2018-04-11,0.293,0.2976175546646118
Darrington,2018-04-12,0.313,0.29842886328697205
Darrington,2018-04-13,0.327,0.31670594215393066
Darrington,2018-04-14,0.33,0.32095298171043396
Darrington,2018-04-15,0.311,0.3127439022064209
Darrington,2018-04-16,0.34,0.3217081129550934
Darrington,2018-04-17,0.327,0.31617721915245056
Darrington,2018-04-18,0.292,0.2922164797782898
Darrington,2018-04-19,0.273,0.2821785509586334
Darrington,2018-04-20,0.26,0.2807164788246155
Darrington,2018-04-21,0.301,0.2924926280975342
Darrington,2018-04-22,0.273,0.2780219614505768
Darrington,2018-04-23,0.253,0.2620741128921509
Darrington,2018-04-24,0.236,0.2522173225879669
Darrington,2018-04-25,0.222,0.21886320412158966
Darrington,2018-04-26,0.208,0.2165345400571823
Darrington,2018-04-27,0.197,0.22215956449508667
Darrington,2018-04-28,0.213,0.22634923458099365
Darrington,2018-04-29,0.23,0.21844197809696198
Darrington,2018-04-30,0.259,0.22178640961647034
Darrington,2018-05-01,0.253,0.25201836228370667
Darrington,2018-05-02,0.232,0.22074177861213684
Darrington,2018-05-03,0.214,0.21068696677684784
Darrington,2018-05-04,0.203,0.21129894256591797
Darrington,2018-05-05,0.192,0.20261676609516144
Darrington,2018-05-06,0.182,0.19990746676921844
Darrington,2018-05-07,0.183,0.1968352198600769
Darrington,2018-05-08,0.176,0.18878650665283203
Darrington,2018-05-09,0.229,0.2314520627260208
Darrington,2018-05-10,0.267,0.24539785087108612
Darrington,2018-05-11,0.259,0.24866361916065216
Darrington,2018-05-12,0.234,0.25427547097206116
Darrington,2018-05-13,0.209,0.2082204669713974
Darrington,2018-05-14,0.187,0.18069115281105042
Darrington,2018-05-15,0.168,0.16959092020988464
Darrington,2018-05-16,0.158,0.1653585582971573
Darrington,2018-05-17,0.155,0.17034627497196198
Darrington,2018-05-18,0.155,0.13839900493621826
Darrington,2018-05-19,0.154,0.16122497618198395
Darrington,2018-05-20,0.15,0.15863895416259766
Darrington,2018-05-21,0.14,0.1474633812904358
Darrington,2018-05-22,0.126,0.1448061317205429
Darrington,2018-05-23,0.112,0.1112033948302269
Darrington,2018-05-24,0.101,0.10500197857618332
Darrington,2018-05-25,0.097,0.10916181653738022
Darrington,2018-05-26,0.093,0.09833497554063797
Darrington,2018-05-27,0.089,0.09196124225854874
Darrington,2018-05-28,0.086,0.08167759329080582
Darrington,2018-05-29,0.083,0.08833343535661697
Darrington,2018-05-30,0.08,0.07954876869916916
Darrington,2018-05-31,0.078,0.07559474557638168
Darrington,2018-06-01,0.078,0.07224498689174652
Darrington,2018-06-02,0.076,0.07602597028017044
Darrington,2018-06-03,0.074,0.08593235164880753
Darrington,2018-06-04,0.075,0.07360135763883591
Darrington,2018-06-05,0.075,0.08396314829587936
Darrington,2018-06-06,0.074,0.08284902572631836
Darrington,2018-06-07,0.073,0.07123000174760818
Darrington,2018-06-08,0.071,0.07545348256826401
Darrington,2018-06-09,0.116,0.10228331387042999
Darrington,2018-06-10,0.141,0.14647610485553741
Darrington,2018-06-11,0.168,0.17280204594135284
Darrington,2018-06-12,0.148,0.14546987414360046
Darrington,2018-06-13,0.179,0.16828632354736328
Darrington,2018-06-14,0.187,0.17069467902183533
Darrington,2018-06-15,0.167,0.1732025444507599
Darrington,2018-06-16,0.146,0.15719519555568695
Darrington,2018-06-17,0.125,0.12065991759300232
Darrington,2018-06-18,0.105,0.09567778557538986
Darrington,2018-06-19,0.091,0.09272804856300354
Darrington,2018-06-20,0.083,0.07727821171283722
Darrington,2018-06-21,0.078,0.07764226943254471
Darrington,2018-06-22,0.074,0.07513352483510971
Darrington,2018-06-23,0.072,0.07449008524417877
Darrington,2018-06-24,0.07,0.07477802038192749
Darrington,2018-06-25,0.101,0.11049559712409973
Darrington,2018-06-26,0.123,0.12864939868450165
Darrington,2018-06-27,0.117,0.12388388812541962
Darrington,2018-06-28,0.111,0.12331180274486542
Darrington,2018-06-29,0.109,0.11051999777555466
Darrington,2018-06-30,0.133,0.13177603483200073
Darrington,2018-07-01,0.16,0.1435658037662506
Darrington,2018-07-02,0.159,0.15284791588783264
Darrington,2018-07-03,0.149,0.14185687899589539
Darrington,2018-07-04,0.132,0.12966583669185638
Darrington,2018-07-05,0.116,0.12071668356657028
Darrington,2018-07-06,0.106,0.11695025116205215
Darrington,2018-07-07,0.123,0.13209590315818787
Darrington,2018-07-08,0.116,0.12131654471158981
Darrington,2018-07-09,0.104,0.12075550109148026
Darrington,2018-07-10,0.097,0.09310662746429443
Darrington,2018-07-11,0.092,0.0887196883559227
Darrington,2018-07-12,0.084,0.08082624524831772
Darrington,2018-07-13,0.077,0.07629615813493729
Darrington,2018-07-14,0.072,0.07265577465295792
Darrington,2018-07-15,0.068,0.06618352979421616
Darrington,2018-07-16,0.065,0.07159006595611572
Darrington,2018-07-17,0.062,0.06496818363666534
Darrington,2018-07-18,0.059,0.059607747942209244
Darrington,2018-07-19,0.057,0.05901522561907768
Darrington,2018-07-20,0.056,0.059529997408390045
Darrington,2018-07-21,0.054,0.05449920892715454
Darrington,2018-07-22,0.052,0.04946485906839371
Darrington,2018-07-23,0.05,0.05038970708847046
Darrington,2018-07-24,0.048,0.051281534135341644
Darrington,2018-07-25,0.047,0.05010306462645531
Darrington,2018-07-26,0.045,0.04083036258816719
Darrington,2018-07-27,0.044,0.03870173171162605
Darrington,2018-07-28,0.043,0.038883280009031296
Darrington,2018-07-29,0.041,0.03715386614203453
Darrington,2018-07-30,0.04,0.03550107777118683
Darrington,2018-07-31,0.038,0.03249569237232208
Darrington,2018-08-01,0.036,0.02950168028473854
Darrington,2018-08-02,0.036,0.023789964616298676
Darrington,2018-08-03,0.036,0.028847355395555496
Darrington,2018-08-04,0.035,0.03099105693399906
Darrington,2018-08-05,0.035,0.03401518985629082
Darrington,2018-08-06,0.033,0.029091697186231613
Darrington,2018-08-07,0.032,0.027480825781822205
Darrington,2018-08-08,0.031,0.02651113271713257
Darrington,2018-08-09,0.03,0.026202090084552765
Darrington,2018-08-10,0.029,0.02272903174161911
Darrington,2018-08-11,0.028,0.034244388341903687
Darrington,2018-08-12,0.031,0.04059825465083122
Darrington,2018-08-13,0.033,0.043144211173057556
Darrington,2018-08-14,0.035,0.03956795856356621
Darrington,2018-08-15,0.034,0.03606643155217171
Darrington,2018-08-16,0.034,0.035788048058748245
Darrington,2018-08-17,0.032,0.03652288764715195
Darrington,2018-08-18,0.03,0.02938159927725792
Darrington,2018-08-19,0.029,0.030019989237189293
Darrington,2018-08-20,0.029,0.03070143796503544
Darrington,2018-08-21,0.029,0.03193357214331627
Darrington,2018-08-22,0.029,0.028361231088638306
Darrington,2018-08-23,0.027,0.026837825775146484
Darrington,2018-08-24,0.026,0.024074966087937355
Darrington,2018-08-25,0.027,0.02604241669178009
Darrington,2018-08-26,0.028,0.040076956152915955
Darrington,2018-08-27,0.033,0.044086530804634094
Darrington,2018-08-28,0.036,0.0466749481856823
Darrington,2018-08-29,0.037,0.04105226695537567
Darrington,2018-08-30,0.037,0.03941019997000694
Darrington,2018-08-31,0.038,0.03904738649725914
Darrington,2018-09-01,0.038,0.03835408762097359
Darrington,2018-09-02,0.037,0.035515930503606796
Darrington,2018-09-03,0.036,0.03960401192307472
Darrington,2018-09-04,0.034,0.03799072653055191
Darrington,2018-09-05,0.032,0.034336384385824203
Darrington,2018-09-06,0.032,0.0335182249546051
Darrington,2018-09-07,0.03,0.03140358254313469
Darrington,2018-09-08,0.046,0.046314217150211334
Darrington,2018-09-09,0.056,0.06480724364519119
Darrington,2018-09-10,0.107,0.09993574023246765
Darrington,2018-09-11,0.137,0.13275370001792908
Darrington,2018-09-12,0.141,0.1495170295238495
Darrington,2018-09-13,0.178,0.1738067865371704
Darrington,2018-09-14,0.205,0.19144207239151
Darrington,2018-09-15,0.2,0.19936755299568176
Darrington,2018-09-16,0.233,0.23037658631801605
Darrington,2018-09-17,0.236,0.221095472574234
Darrington,2018-09-18,0.206,0.21347205340862274
Darrington,2018-09-19,0.194,0.19929300248622894
Darrington,2018-09-20,0.194,0.19611510634422302
Darrington,2018-09-21,0.258,0.23785658180713654
Darrington,2018-09-22,0.288,0.2695334255695343
Darrington,2018-09-23,0.254,0.2545592784881592
Darrington,2018-09-24,0.232,0.24345679581165314
Darrington,2018-09-25,0.22,0.24080578982830048
Darrington,2018-09-26,0.214,0.21513739228248596
Darrington,2018-09-27,0.209,0.20473712682724
Darrington,2018-09-28,0.205,0.20158447325229645
Darrington,2018-09-29,0.201,0.2024167776107788
Darrington,2018-09-30,0.256,0.24022546410560608
Darrington,2018-10-01,0.286,0.2522233724594116
Darrington,2018-10-02,0.288,0.26550203561782837
Darrington,2018-10-03,0.259,0.24691461026668549
Darrington,2018-10-04,0.24,0.24268195033073425
Darrington,2018-10-05,0.231,0.24338524043560028
Darrington,2018-10-06,0.225,0.21349172294139862
Darrington,2018-10-07,0.222,0.2119205743074417
Darrington,2018-10-08,0.233,0.23466062545776367
Darrington,2018-10-09,0.276,0.24447397887706757
Darrington,2018-10-10,0.248,0.23241659998893738
Darrington,2018-10-11,0.236,0.22871291637420654
Darrington,2018-10-12,0.23,0.2237401306629181
Darrington,2018-10-13,0.225,0.21286991238594055
Darrington,2018-10-14,0.222,0.21205319464206696
Darrington,2018-10-15,0.219,0.20124104619026184
Darrington,2018-10-16,0.217,0.20857614278793335
Darrington,2018-10-17,0.215,0.20818264782428741
Darrington,2018-10-18,0.213,0.21821929514408112
Darrington,2018-10-19,0.211,0.2157265841960907
Darrington,2018-10-21,0.209,0.20988206565380096
Darrington,2018-10-22,0.209,0.20917463302612305
Darrington,2018-10-23,0.208,0.20776908099651337
Darrington,2018-10-24,0.218,0.2198508232831955
Darrington,2018-10-25,0.255,0.23775823414325714
Darrington,2018-10-26,0.307,0.2950599789619446
Darrington,2018-10-27,0.277,0.27349740266799927
Darrington,2018-10-28,0.307,0.2826278805732727
Darrington,2018-10-29,0.289,0.28359198570251465
Darrington,2018-10-30,0.28,0.2804393172264099
Darrington,2018-10-31,0.312,0.29414841532707214
Darrington,2018-11-01,0.321,0.30980125069618225
Darrington,2018-11-02,0.296,0.3079867660999298
Darrington,2018-11-03,0.312,0.30376899242401123
Darrington,2018-11-04,0.323,0.313266783952713
Darrington,2018-11-05,0.324,0.30716782808303833
Darrington,2018-11-06,0.304,0.29235005378723145
Darrington,2018-11-07,0.27,0.26731324195861816
Darrington,2018-11-08,0.257,0.26211655139923096
Darrington,2018-11-09,0.278,0.2694037854671478
Darrington,2018-11-10,0.268,0.2535863220691681
Darrington,2018-11-11,0.255,0.25308504700660706
Darrington,2018-11-12,0.249,0.25117212533950806
Darrington,2018-11-13,0.245,0.23790208995342255
Darrington,2018-11-14,0.282,0.2761571407318115
Darrington,2018-11-15,0.28,0.2749858796596527
Darrington,2018-11-16,0.288,0.2724471390247345
Darrington,2018-11-17,0.262,0.26665398478507996
Darrington,2018-11-18,0.252,0.24565480649471283
Darrington,2018-11-19,0.247,0.24461111426353455
Darrington,2018-11-20,0.244,0.23766329884529114
Darrington,2018-11-21,0.242,0.25178223848342896
Darrington,2018-11-22,0.302,0.2868678569793701
Darrington,2018-11-23,0.309,0.2952421307563782
Darrington,2018-11-24,0.277,0.2868083715438843
Darrington,2018-11-25,0.262,0.2836347222328186
Darrington,2018-11-26,0.312,0.3043721914291382
Darrington,2018-11-27,0.309,0.3028903305530548
Darrington,2018-11-28,0.305,0.29707029461860657
Darrington,2018-11-29,0.275,0.29137328267097473
Darrington,2018-11-30,0.285,0.29161274433135986
Darrington,2018-12-01,0.27,0.27089521288871765
Darrington,2018-12-02,0.259,0.2515932023525238
Darrington,2018-12-03,0.253,0.2473270297050476
Darrington,2018-12-04,0.246,0.24367794394493103
Darrington,2018-12-05,0.239,0.23630215227603912
Darrington,2018-12-06,0.236,0.23583662509918213
Darrington,2018-12-07,0.246,0.2379879653453827
Darrington,2018-12-08,0.246,0.24309726059436798
Darrington,2018-12-09,0.276,0.27670419216156006
Darrington,2018-12-10,0.321,0.31461501121520996
Darrington,2018-12-11,0.322,0.32509714365005493
Darrington,2018-12-12,0.303,0.3257330358028412
Darrington,2018-12-13,0.317,0.31893211603164673
Darrington,2018-12-14,0.287,0.3143741190433502
Darrington,2018-12-15,0.298,0.31022804975509644
Darrington,2018-12-16,0.319,0.31753939390182495
Darrington,2018-12-17,0.307,0.30791181325912476
Darrington,2018-12-18,0.337,0.3238605558872223
Darrington,2018-12-19,0.302,0.3097281754016876
Darrington,2018-12-20,0.316,0.31598612666130066
Darrington,2018-12-21,0.296,0.3027966022491455
Darrington,2018-12-22,0.276,0.3027345836162567
Darrington,2018-12-23,0.323,0.2918705940246582
Darrington,2018-12-24,0.284,0.2723669409751892
Darrington,2018-12-25,0.263,0.2674919068813324
Darrington,2018-12-26,0.28,0.2823149263858795
Darrington,2018-12-27,0.303,0.2721824049949646
Darrington,2018-12-28,0.302,0.29242703318595886
Darrington,2018-12-29,0.327,0.3006976544857025
Darrington,2018-12-30,0.297,0.2962898015975952
Darrington,2018-12-31,0.268,0.27472710609436035
Darrington,2019-01-01,0.266,0.28150704503059387
Darrington,2019-01-02,0.274,0.2875376045703888
Darrington,2019-01-03,0.336,0.31528526544570923
Darrington,2019-01-04,0.311,0.30801674723625183
Darrington,2019-01-05,0.281,0.2847408354282379
Darrington,2019-01-06,0.305,0.306202232837677
Darrington,2019-01-07,0.309,0.2967730462551117
Darrington,2019-01-08,0.282,0.2952826917171478
Darrington,2019-01-09,0.319,0.2988510727882385
Darrington,2019-01-10,0.308,0.295818954706192
Darrington,2019-01-11,0.277,0.2787173092365265
Darrington,2019-01-12,0.266,0.27309614419937134
Darrington,2019-01-13,0.259,0.2672708332538605
Darrington,2019-01-14,0.253,0.25721198320388794
Darrington,2019-01-15,0.264,0.2569481134414673
Darrington,2019-01-16,0.261,0.25448882579803467
Darrington,2019-01-17,0.26,0.26564380526542664
Darrington,2019-01-18,0.31,0.2850455641746521
Darrington,2019-01-19,0.319,0.29762518405914307
Darrington,2019-01-20,0.283,0.2964279055595398
Darrington,2019-01-21,0.268,0.27995413541793823
Darrington,2019-01-22,0.3,0.30125096440315247
Darrington,2019-01-23,0.309,0.30302709341049194
Darrington,2019-01-24,0.277,0.28504708409309387
Darrington,2019-01-25,0.267,0.2807930111885071
Darrington,2019-01-26,0.26,0.2749185860157013
Darrington,2019-01-27,0.255,0.24991391599178314
Darrington,2019-01-28,0.252,0.24200822412967682
Darrington,2019-01-29,0.246,0.24583247303962708
Darrington,2019-01-30,0.244,0.24022074043750763
Darrington,2019-01-31,0.246,0.2372724413871765
Darrington,2019-02-01,0.304,0.2894813120365143
Darrington,2019-02-02,0.302,0.28675058484077454
Darrington,2019-02-03,0.281,0.2818894386291504
Darrington,2019-02-04,0.258,0.2706136405467987
Darrington,2019-03-27,0.253,0.24849355220794678
Darrington,2019-03-28,0.243,0.24505826830863953
Darrington,2019-03-29,0.237,0.24010176956653595
Darrington,2019-03-30,0.233,0.23413655161857605
Darrington,2019-03-31,0.229,0.2340049296617508
Darrington,2019-04-01,0.225,0.2267850935459137
Darrington,2019-04-02,0.221,0.2190007120370865
Darrington,2019-04-03,0.252,0.25178900361061096
Darrington,2019-04-04,0.26,0.2600959539413452
Darrington,2019-04-05,0.266,0.2643962800502777
Darrington,2019-04-06,0.286,0.26906225085258484
Darrington,2019-04-07,0.291,0.26694634556770325
Darrington,2019-04-08,0.273,0.2823356091976166
Darrington,2019-04-09,0.297,0.27916082739830017
Darrington,2019-04-10,0.299,0.29528388381004333
Darrington,2019-04-11,0.303,0.3013772666454315
Darrington,2019-04-12,0.287,0.2912707030773163
Darrington,2019-04-13,0.307,0.3044932186603546
Darrington,2019-04-14,0.306,0.29688212275505066
Darrington,2019-04-15,0.274,0.28502804040908813
Darrington,2019-04-16,0.27,0.292690247297287
Darrington,2019-04-17,0.292,0.2897278964519501
Darrington,2019-04-18,0.315,0.3119100034236908
Darrington,2019-04-19,0.319,0.309411883354187
Darrington,2019-04-20,0.272,0.27830377221107483
Darrington,2019-04-21,0.251,0.25944948196411133
Darrington,2019-04-22,0.25,0.2566261291503906
Darrington,2019-04-23,0.26,0.25216034054756165
Darrington,2019-04-24,0.248,0.24691441655158997
Darrington,2019-04-25,0.234,0.24224436283111572
Darrington,2019-04-26,0.224,0.23281671106815338
Darrington,2019-04-27,0.225,0.22533537447452545
Darrington,2019-04-28,0.22,0.2220759093761444
Darrington,2019-04-29,0.211,0.21614910662174225
Darrington,2019-04-30,0.203,0.20849810540676117
Darrington,2019-05-01,0.195,0.20464952290058136
Darrington,2019-05-02,0.193,0.20057396590709686
Darrington,2019-05-03,0.192,0.18892307579517365
Darrington,2019-05-04,0.186,0.1802120804786682
Darrington,2019-05-05,0.176,0.1694515496492386
Darrington,2019-05-06,0.163,0.1522802859544754
Darrington,2019-05-07,0.151,0.14001469314098358
Darrington,2019-05-08,0.139,0.13517656922340393
Darrington,2019-05-09,0.126,0.1275518834590912
Darrington,2019-05-10,0.113,0.1177748590707779
Darrington,2019-05-11,0.101,0.10328805446624756
Darrington,2019-05-12,0.095,0.09615446627140045
Darrington,2019-05-13,0.091,0.08976764231920242
Darrington,2019-05-14,0.09,0.08584340661764145
Darrington,2019-05-15,0.09,0.09639115631580353
Darrington,2019-05-16,0.089,0.11080795526504517
Darrington,2019-05-17,0.147,0.1600581556558609
Darrington,2019-05-18,0.174,0.16999728977680206
Darrington,2019-05-19,0.161,0.16823971271514893
Darrington,2019-05-20,0.179,0.19243298470973969
Darrington,2019-05-21,0.201,0.20051762461662292
Darrington,2019-05-22,0.187,0.18822939693927765
Darrington,2019-05-23,0.172,0.1803814023733139
Darrington,2019-05-24,0.206,0.19201090931892395
Darrington,2019-05-25,0.226,0.21424251794815063
Darrington,2019-05-26,0.225,0.20259083807468414
Darrington,2019-05-27,0.196,0.19041167199611664
Darrington,2019-05-28,0.175,0.1682063341140747
Darrington,2019-05-29,0.162,0.15673401951789856
Darrington,2019-05-30,0.149,0.1486586630344391
Darrington,2019-05-31,0.133,0.12985120713710785
Darrington,2019-06-01,0.118,0.11897066235542297
Darrington,2019-06-02,0.105,0.10911882668733597
Darrington,2019-06-03,0.097,0.10699271410703659
Darrington,2019-06-04,0.09,0.08686353266239166
Darrington,2019-06-05,0.087,0.08398660272359848
Darrington,2019-06-06,0.085,0.07554256916046143
Darrington,2019-06-07,0.085,0.08338741213083267
Darrington,2019-06-08,0.091,0.1032862588763237
Darrington,2019-06-09,0.097,0.11129502952098846
Darrington,2019-06-10,0.097,0.1052795872092247
Darrington,2019-06-11,0.093,0.1139364168047905
Darrington,2019-06-12,0.087,0.11037694662809372
Darrington,2019-06-13,0.081,0.1042051762342453
Darrington,2019-06-14,0.078,0.10166805237531662
Darrington,2019-06-15,0.076,0.08102709800004959
Darrington,2019-06-16,0.073,0.07234220951795578
Darrington,2019-06-17,0.069,0.07091887295246124
Darrington,2019-06-18,0.069,0.07018236070871353
Darrington,2019-06-19,0.075,0.06640830636024475
Darrington,2019-06-20,0.076,0.07444380223751068
Darrington,2019-06-21,0.075,0.07361927628517151
Darrington,2019-06-22,0.074,0.07221554964780807
Darrington,2019-06-23,0.074,0.08927784115076065
Darrington,2019-06-24,0.073,0.09060753136873245
Darrington,2019-06-25,0.071,0.07587631046772003
Darrington,2019-06-26,0.072,0.07968512177467346
Darrington,2019-06-27,0.127,0.13859370350837708
Darrington,2019-06-28,0.165,0.15719732642173767
Darrington,2019-06-29,0.16,0.1590598225593567
Darrington,2019-06-30,0.147,0.14463068544864655
Darrington,2019-07-01,0.134,0.1211995929479599
Darrington,2019-07-02,0.124,0.11583957821130753
Darrington,2019-07-03,0.119,0.11125306040048599
Darrington,2019-07-04,0.115,0.10477371513843536
Darrington,2019-07-05,0.112,0.10086025297641754
Darrington,2019-07-06,0.106,0.09793239086866379
Darrington,2019-07-07,0.101,0.09628190845251083
Darrington,2019-07-08,0.096,0.09916757792234421
Darrington,2019-07-09,0.088,0.08577525615692139
Darrington,2019-07-10,0.09,0.09704365581274033
Darrington,2019-07-11,0.1,0.10914052277803421
Darrington,2019-07-12,0.098,0.09359538555145264
Darrington,2019-07-13,0.092,0.09664245694875717
Darrington,2019-07-14,0.087,0.09425411373376846
Darrington,2019-07-15,0.082,0.08833998441696167
Darrington,2019-07-16,0.081,0.0838857963681221
Darrington,2019-07-17,0.1,0.13018153607845306
Darrington,2019-07-18,0.158,0.17542167007923126
Darrington,2019-07-19,0.16,0.16467852890491486
Darrington,2019-07-20,0.155,0.16938838362693787
Darrington,2019-07-21,0.145,0.14942610263824463
Darrington,2019-07-22,0.134,0.14579908549785614
Darrington,2019-07-23,0.126,0.13465040922164917
Darrington,2019-07-24,0.12,0.12587149441242218
Darrington,2019-07-25,0.114,0.111327163875103
Darrington,2019-07-26,0.106,0.10599210858345032
Darrington,2019-07-27,0.102,0.10686145722866058
Darrington,2019-07-28,0.099,0.10162128508090973
Darrington,2019-07-29,0.094,0.09588081389665604
Darrington,2019-07-30,0.091,0.10005512833595276
Darrington,2019-07-31,0.088,0.09410972893238068
Darrington,2019-08-01,0.084,0.09191639721393585
Darrington,2019-08-02,0.101,0.09862059354782104
Darrington,2019-08-03,0.113,0.0994831994175911
Darrington,2019-08-04,0.111,0.1010686531662941
Darrington,2019-08-05,0.105,0.09331300854682922
Darrington,2019-08-06,0.099,0.08866365998983383
Darrington,2019-08-07,0.094,0.08572269976139069
Darrington,2019-08-08,0.091,0.08394348621368408
Darrington,2019-08-09,0.089,0.08327086269855499
Darrington,2019-08-10,0.092,0.08391942083835602
Darrington,2019-08-11,0.093,0.08501877635717392
Darrington,2019-08-12,0.092,0.0861620232462883
Darrington,2019-08-13,0.089,0.08385590463876724
Darrington,2019-08-14,0.087,0.08485372364521027
Darrington,2019-08-15,0.084,0.08461111783981323
Darrington,2019-08-16,0.082,0.08084747195243835
Darrington,2019-08-17,0.081,0.07811930775642395
Darrington,2019-08-18,0.079,0.07896087318658829
Darrington,2019-08-19,0.077,0.07822402566671371
Darrington,2019-08-20,0.075,0.07797130942344666
Darrington,2019-08-21,0.079,0.08246982097625732
Darrington,2019-08-22,0.089,0.09196611493825912
Darrington,2019-08-23,0.093,0.09346204251050949
Darrington,2019-08-24,0.099,0.09228859841823578
Darrington,2019-08-25,0.1,0.09033606946468353
Darrington,2019-08-26,0.099,0.09873577952384949
Darrington,2019-08-27,0.095,0.09397584199905396
Darrington,2019-08-28,0.091,0.08895373344421387
Darrington,2019-08-29,0.086,0.08121799677610397
Darrington,2019-08-30,0.084,0.08219659328460693
Darrington,2019-08-31,0.084,0.08796355873346329
Darrington,2019-09-01,0.081,0.08169648796319962
Darrington,2019-09-02,0.078,0.08634684979915619
Darrington,2019-09-03,0.076,0.08097969740629196
Darrington,2019-09-04,0.075,0.0821552723646164
Darrington,2019-09-05,0.073,0.07402300089597702
Darrington,2019-09-06,0.072,0.07137437164783478
Darrington,2019-09-07,0.07,0.06891214847564697
Darrington,2019-09-08,0.08,0.0699983537197113
Darrington,2019-09-09,0.09,0.09280379861593246
Darrington,2019-09-10,0.093,0.08990278840065002
Darrington,2019-09-11,0.094,0.0922280102968216
Darrington,2019-09-12,0.094,0.09604940563440323
Darrington,2019-09-13,0.115,0.12522107362747192
Darrington,2019-09-14,0.143,0.14803262054920197
Darrington,2019-09-15,0.193,0.18476632237434387
Darrington,2019-09-16,0.204,0.21357113122940063
Darrington,2019-09-17,0.216,0.21892131865024567
Darrington,2019-09-18,0.226,0.22302117943763733
Darrington,2019-09-19,0.215,0.21499192714691162
Darrington,2019-09-20,0.206,0.21912364661693573
Darrington,2019-09-21,0.2,0.20718154311180115
Darrington,2019-09-22,0.237,0.2397143393754959
Darrington,2019-09-23,0.259,0.25604376196861267
Darrington,2019-09-24,0.257,0.258976012468338
Darrington,2019-09-25,0.234,0.25141072273254395
Darrington,2019-09-26,0.271,0.268289178609848
Darrington,2019-09-27,0.262,0.2592530846595764
Darrington,2019-09-28,0.247,0.24976277351379395
Darrington,2019-09-29,0.233,0.23833544552326202
Darrington,2019-09-30,0.225,0.23555783927440643
Darrington,2019-10-01,0.22,0.2279515117406845
Darrington,2019-10-02,0.216,0.22827230393886566
Darrington,2019-10-03,0.224,0.23663128912448883
Darrington,2019-10-04,0.264,0.2611185908317566
Darrington,2019-10-05,0.27,0.2628301978111267
Darrington,2019-10-06,0.251,0.25660091638565063
Darrington,2019-10-07,0.293,0.2790015637874603
Darrington,2019-10-08,0.271,0.282058984041214
Darrington,2019-10-09,0.251,0.26062634587287903
Darrington,2019-10-10,0.24,0.256332665681839
Darrington,2019-10-11,0.234,0.24307358264923096
Darrington,2019-10-12,0.23,0.23243224620819092
Darrington,2019-10-13,0.227,0.2340903878211975
Darrington,2019-10-14,0.224,0.23194685578346252
Darrington,2019-10-15,0.221,0.22304078936576843
Darrington,2019-10-16,0.239,0.25566235184669495
Darrington,2019-10-17,0.295,0.2845919132232666
Darrington,2019-10-18,0.293,0.29432228207588196
Darrington,2019-10-19,0.288,0.29470667243003845
Darrington,2019-10-20,0.296,0.2990686595439911
Darrington,2019-10-21,0.324,0.30658838152885437
Darrington,2019-10-22,0.282,0.29268741607666016
Darrington,2019-10-23,0.258,0.2699570953845978
Darrington,2019-10-24,0.249,0.26892122626304626
Darrington,2019-10-26,0.273,0.25455939769744873
Darrington,2019-10-27,0.256,0.25012150406837463
Darrington,2019-10-28,0.249,0.24929951131343842
Darrington,2019-10-29,0.244,0.2452394962310791
Darrington,2019-10-30,0.24,0.2439812272787094
Darrington,2019-10-31,0.238,0.2400248497724533
Darrington,2019-11-01,0.236,0.2401009500026703
Darrington,2019-11-02,0.234,0.23853084444999695
Darrington,2019-11-03,0.233,0.24352209270000458
Darrington,2019-11-04,0.231,0.22700046002864838
Darrington,2019-11-05,0.23,0.2264765352010727
Darrington,2019-11-06,0.229,0.22667722404003143
Darrington,2019-11-07,0.228,0.22607550024986267
Darrington,2019-11-08,0.227,0.22733935713768005
Darrington,2019-11-09,0.228,0.22906538844108582
Darrington,2019-11-10,0.23,0.2322484850883484
Darrington,2019-11-11,0.229,0.2222909927368164
Darrington,2019-11-12,0.262,0.25436291098594666
Darrington,2019-11-13,0.265,0.26770153641700745
Darrington,2019-11-14,0.252,0.2649243474006653
Darrington,2019-11-15,0.291,0.2842477560043335
Darrington,2019-11-16,0.292,0.29851919412612915
Darrington,2019-11-17,0.32,0.31310808658599854
Darrington,2019-11-18,0.288,0.2944522500038147
Darrington,2019-11-19,0.299,0.29159268736839294
Darrington,2019-11-20,0.269,0.27565306425094604
Darrington,2019-11-21,0.26,0.26261454820632935
Darrington,2019-11-22,0.253,0.26203954219818115
Darrington,2019-11-23,0.264,0.27397412061691284
Darrington,2019-11-24,0.309,0.29679155349731445
Darrington,2019-11-25,0.3,0.29019778966903687
Darrington,2019-11-26,0.276,0.2829892039299011
Darrington,2019-11-27,0.262,0.2621563673019409
Darrington,2019-11-28,0.253,0.26274028420448303
Darrington,2019-11-29,0.244,0.2500731647014618
Darrington,2019-11-30,0.237,0.23601751029491425
Darrington,2019-12-01,0.238,0.24605925381183624
Darrington,2019-12-02,0.276,0.284602552652359
Darrington,2019-12-03,0.323,0.30239105224609375
Darrington,2019-12-04,0.313,0.2986784279346466
Darrington,2019-12-05,0.276,0.2864062488079071
Darrington,2019-12-06,0.267,0.2882794439792633
Darrington,2019-12-07,0.301,0.2963368892669678
Darrington,2019-12-08,0.281,0.2817959487438202
Darrington,2019-12-09,0.266,0.27407845854759216
Darrington,2019-12-10,0.263,0.2846108675003052
Darrington,2019-12-11,0.287,0.2859356999397278
Darrington,2019-12-12,0.331,0.3096662163734436
Darrington,2019-12-13,0.305,0.2993195652961731
Darrington,2019-12-14,0.28,0.2967589497566223
Darrington,2019-12-15,0.273,0.29757052659988403
Darrington,2019-12-16,0.283,0.28491121530532837
Darrington,2019-12-17,0.284,0.2817595601081848
Darrington,2019-12-18,0.273,0.2835310995578766
Darrington,2019-12-19,0.328,0.31515073776245117
Darrington,2019-12-20,0.348,0.33822837471961975
Darrington,2019-12-21,0.32,0.32777291536331177
Darrington,2019-12-22,0.283,0.30518320202827454
Darrington,2019-12-23,0.294,0.2978048622608185
Darrington,2019-12-24,0.274,0.2796720564365387
Darrington,2019-12-25,0.265,0.2608471214771271
Darrington,2019-12-26,0.253,0.26722028851509094
Darrington,2019-12-27,0.268,0.2752145230770111
Darrington,2019-12-28,0.285,0.2759852707386017
Darrington,2019-12-29,0.281,0.2675183415412903
Darrington,2019-12-30,0.289,0.28357264399528503
Darrington,2019-12-31,0.342,0.31975823640823364
Darrington,2020-01-01,0.317,0.3293102979660034
Darrington,2020-01-02,0.313,0.3245384395122528
Darrington,2020-01-03,0.305,0.32138144969940186
Darrington,2020-01-04,0.314,0.3241831660270691
Darrington,2020-01-05,0.311,0.3241192698478699
Darrington,2020-01-06,0.335,0.3274381160736084
Darrington,2020-01-07,0.334,0.32439932227134705
Darrington,2020-01-08,0.3,0.3030044734477997
Darrington,2020-01-09,0.284,0.29832491278648376
Darrington,2020-01-10,0.277,0.2968074083328247
Darrington,2020-01-11,0.297,0.29256290197372437
Darrington,2020-01-12,0.298,0.3007846474647522
Darrington,2020-01-13,0.289,0.2926497459411621
Darrington,2020-01-14,0.276,0.2844821810722351
Darrington,2020-01-15,0.27,0.27932968735694885
Darrington,2020-01-16,0.265,0.270415335893631
Darrington,2020-01-17,0.263,0.2731246054172516
Darrington,2020-01-18,0.264,0.27763041853904724
Darrington,2020-01-19,0.267,0.2684445381164551
Darrington,2020-01-20,0.267,0.2760606110095978
Darrington,2020-01-21,0.277,0.29602041840553284
Darrington,2020-01-22,0.304,0.3002476394176483
Darrington,2020-01-23,0.321,0.31596657633781433
Darrington,2020-01-24,0.319,0.31664973497390747
Darrington,2020-01-25,0.312,0.31446248292922974
Darrington,2020-01-26,0.316,0.3136517405509949
Darrington,2020-01-27,0.32,0.30992570519447327
Darrington,2020-01-28,0.313,0.30769485235214233
Darrington,2020-01-29,0.313,0.30982813239097595
Darrington,2020-01-30,0.3,0.3109675943851471
Darrington,2020-01-31,0.335,0.3216102719306946
Darrington,2020-02-01,0.319,0.32211679220199585
Darrington,2020-02-02,0.29,0.30911746621131897
Darrington,2020-02-03,0.282,0.29410189390182495
Darrington,2020-02-04,0.276,0.2908593416213989
Darrington,2020-02-05,0.303,0.30279380083084106
Darrington,2020-02-06,0.317,0.30729180574417114
Darrington,2020-02-07,0.321,0.3104821443557739
Darrington,2020-02-08,0.31,0.3074832856655121
Darrington,2020-02-09,0.285,0.28155261278152466
Darrington,2020-02-10,0.275,0.2837802469730377
Darrington,2020-02-11,0.291,0.29103848338127136
Darrington,2020-02-12,0.29,0.2754259407520294
Darrington,2020-02-13,0.287,0.298286497592926
Darrington,2020-02-14,0.319,0.3060978949069977
Darrington,2020-02-15,0.321,0.309920996427536
Darrington,2020-02-16,0.317,0.3119584023952484
Darrington,2020-02-17,0.303,0.30775320529937744
Darrington,2020-02-18,0.282,0.28863525390625
Darrington,2020-02-19,0.273,0.28049224615097046
Darrington,2020-02-23,0.323,0.31421512365341187
Darrington,2020-02-24,0.311,0.3085058629512787
Darrington,2020-02-25,0.285,0.304920494556427
Darrington,2020-02-26,0.294,0.2893578112125397
Darrington,2020-02-27,0.281,0.27488216757774353
Darrington,2020-02-28,0.279,0.2825703024864197
Darrington,2020-02-29,0.316,0.30092793703079224
Darrington,2020-03-01,0.291,0.2988707721233368
Darrington,2020-03-02,0.321,0.30913540720939636
Darrington,2020-03-03,0.32,0.30859363079071045
Darrington,2020-03-04,0.304,0.30355867743492126
Darrington,2020-03-05,0.294,0.3090798556804657
Darrington,2020-03-06,0.315,0.30979663133621216
Darrington,2020-03-07,0.297,0.3052273988723755
Darrington,2020-03-08,0.303,0.3071165978908539
Darrington,2020-03-09,0.282,0.2838638424873352
Darrington,2020-03-10,0.279,0.2894824743270874
Darrington,2020-03-11,0.307,0.294554203748703
Darrington,2020-03-12,0.282,0.28029245138168335
Darrington,2020-03-13,0.273,0.2880381941795349
Darrington,2020-03-14,0.263,0.273679256439209
Darrington,2020-03-15,0.256,0.26592928171157837
Darrington,2020-03-16,0.253,0.2642129361629486
Darrington,2020-03-17,0.25,0.2561131715774536
Darrington,2020-03-18,0.247,0.25458958745002747
Darrington,2020-03-19,0.246,0.2518211007118225
Darrington,2020-03-20,0.244,0.2519185245037079
Darrington,2020-03-21,0.242,0.24734579026699066
Darrington,2020-03-22,0.24,0.24578435719013214
Darrington,2020-03-23,0.247,0.26060426235198975
Darrington,2020-03-24,0.253,0.2594241499900818
Darrington,2020-03-25,0.253,0.26387420296669006
Darrington,2020-03-26,0.252,0.2691414952278137
Darrington,2020-03-27,0.255,0.2665915787220001
Darrington,2020-03-28,0.294,0.2897392511367798
Darrington,2020-03-29,0.31,0.30083438754081726
Darrington,2020-03-30,0.31,0.31041231751441956
Darrington,2020-03-31,0.308,0.31088685989379883
Darrington,2020-04-01,0.291,0.2975742220878601
Darrington,2020-04-02,0.283,0.2939923107624054
Darrington,2020-04-03,0.309,0.29398399591445923
Darrington,2020-04-04,0.293,0.28218263387680054
Darrington,2020-04-05,0.275,0.2777042090892792
Darrington,2020-04-06,0.265,0.2762735188007355
Darrington,2020-04-07,0.258,0.2509783208370209
Darrington,2020-04-08,0.252,0.24929079413414001
Darrington,2020-04-09,0.246,0.24654294550418854
Darrington,2020-04-10,0.243,0.2506479322910309
Darrington,2020-04-11,0.245,0.2487986832857132
Darrington,2020-04-12,0.24,0.24479979276657104
Darrington,2020-04-13,0.235,0.24385984241962433
Darrington,2020-04-14,0.229,0.21561646461486816
Darrington,2020-04-15,0.223,0.20680765807628632
Darrington,2020-04-16,0.216,0.2130197137594223
Darrington,2020-04-17,0.211,0.21543073654174805
Darrington,2020-04-18,0.207,0.2172534167766571
Darrington,2020-04-19,0.204,0.20489650964736938
Darrington,2020-04-20,0.199,0.1897696703672409
Darrington,2020-04-21,0.192,0.20230410993099213
Darrington,2020-04-22,0.212,0.2260272353887558
Darrington,2020-04-23,0.248,0.24141336977481842
Darrington,2020-04-24,0.247,0.24245238304138184
Darrington,2020-04-25,0.265,0.2735152244567871
Darrington,2020-04-26,0.287,0.28248897194862366
Darrington,2020-04-27,0.31,0.302711546421051
Darrington,2020-04-28,0.286,0.2918868064880371
Darrington,2020-04-29,0.275,0.28413960337638855
Darrington,2020-04-30,0.288,0.28678613901138306
Darrington,2020-05-01,0.275,0.27232685685157776
Darrington,2020-05-02,0.279,0.2884902358055115
Darrington,2020-05-03,0.317,0.30148470401763916
Darrington,2020-05-04,0.289,0.29068490862846375
Darrington,2020-05-05,0.268,0.2909630239009857
Darrington,2020-05-06,0.316,0.2981247007846832
Darrington,2020-05-07,0.293,0.2772819995880127
Darrington,2020-05-08,0.265,0.26306697726249695
Darrington,2020-05-09,0.238,0.25187647342681885
Darrington,2020-05-10,0.216,0.22176209092140198
Darrington,2020-05-11,0.204,0.2123098522424698
Darrington,2020-05-12,0.229,0.2299056202173233
Darrington,2020-05-13,0.248,0.25158706307411194
Darrington,2020-05-14,0.249,0.2542141079902649
Darrington,2020-05-15,0.253,0.2598045766353607
Darrington,2020-05-16,0.253,0.2617776393890381
Darrington,2020-05-17,0.303,0.2748960256576538
Darrington,2020-05-18,0.295,0.27766478061676025
Darrington,2020-05-19,0.271,0.27500471472740173
Darrington,2020-05-20,0.26,0.2790992558002472
Darrington,2020-05-21,0.272,0.2715799808502197
Darrington,2020-05-22,0.316,0.28903278708457947
Darrington,2020-05-23,0.291,0.28369802236557007
Darrington,2020-05-24,0.269,0.27750858664512634
Darrington,2020-05-25,0.291,0.2917696535587311
Darrington,2020-05-26,0.304,0.2889421284198761
Darrington,2020-05-27,0.272,0.28358331322669983
Darrington,2020-05-28,0.249,0.27041956782341003
Darrington,2020-05-29,0.23,0.25025367736816406
Darrington,2020-05-30,0.263,0.2790186107158661
Darrington,2020-05-31,0.296,0.2832847237586975
Darrington,2020-06-01,0.278,0.2824294865131378
Darrington,2020-06-02,0.269,0.268359899520874
Darrington,2020-06-03,0.262,0.24817608296871185
Darrington,2020-06-04,0.252,0.24529077112674713
Darrington,2020-06-05,0.247,0.252158522605896
Darrington,2020-06-06,0.263,0.26773446798324585
Darrington,2020-06-07,0.281,0.26705729961395264
Darrington,2020-06-08,0.294,0.29320523142814636
Darrington,2020-06-09,0.318,0.30607181787490845
Darrington,2020-06-10,0.308,0.3050256371498108
Darrington,2020-06-11,0.295,0.3013266324996948
Darrington,2020-06-12,0.308,0.3060248792171478
Darrington,2020-06-13,0.311,0.30458107590675354
Darrington,2020-06-14,0.313,0.3098909556865692
Darrington,2020-06-15,0.314,0.3137497305870056
Darrington,2020-06-16,0.311,0.2933056354522705
Darrington,2020-06-17,0.291,0.27448850870132446
Darrington,2020-06-18,0.272,0.2659235894680023
Darrington,2020-06-19,0.252,0.25159162282943726
Darrington,2020-06-20,0.246,0.24759216606616974
Darrington,2020-06-21,0.242,0.2413899153470993
Darrington,2020-06-22,0.229,0.22925089299678802
Darrington,2020-06-23,0.216,0.22234228253364563
Darrington,2020-06-24,0.222,0.23163990676403046
Darrington,2020-06-25,0.219,0.21658560633659363
Darrington,2020-06-26,0.21,0.21883054077625275
Darrington,2020-06-27,0.206,0.22038687765598297
Darrington,2020-06-28,0.205,0.20395204424858093
Darrington,2020-06-29,0.198,0.2057768851518631
Darrington,2020-06-30,0.193,0.22245855629444122
Darrington,2020-07-01,0.212,0.22913910448551178
Darrington,2020-07-02,0.255,0.24607448279857635
Darrington,2020-07-03,0.252,0.25961118936538696
Darrington,2020-07-04,0.251,0.2550966441631317
Darrington,2020-07-05,0.238,0.2457769513130188
Darrington,2020-07-06,0.226,0.22484293580055237
Darrington,2020-07-07,0.221,0.22556030750274658
Darrington,2020-07-08,0.216,0.2158518135547638
Darrington,2020-07-09,0.218,0.21345676481723785
Darrington,2020-07-10,0.223,0.2123016119003296
Darrington,2020-07-11,0.216,0.21580494940280914
Darrington,2020-07-12,0.224,0.21364901959896088
Darrington,2020-07-13,0.218,0.20727263391017914
Darrington,2020-07-14,0.205,0.19934768974781036
Darrington,2020-07-15,0.194,0.19014428555965424
Darrington,2020-07-16,0.183,0.18172651529312134
Darrington,2020-07-17,0.177,0.17691968381404877
Darrington,2020-07-18,0.17,0.15838170051574707
Darrington,2020-07-19,0.159,0.14826428890228271
Darrington,2020-07-20,0.149,0.13642632961273193
Darrington,2020-07-21,0.138,0.135040283203125
Darrington,2020-07-22,0.129,0.12999524176120758
Darrington,2020-07-23,0.123,0.12259577214717865
Darrington,2020-07-24,0.12,0.12491965293884277
Darrington,2020-07-25,0.115,0.11854995787143707
Darrington,2020-07-26,0.109,0.1099209189414978
Darrington,2020-07-27,0.101,0.10490603744983673
Darrington,2020-07-28,0.095,0.0887962207198143
Darrington,2020-07-29,0.089,0.08631079643964767
Darrington,2020-07-30,0.085,0.08492034673690796
Darrington,2020-07-31,0.082,0.07962492108345032
Darrington,2020-08-01,0.079,0.07395156472921371
Darrington,2020-08-02,0.076,0.07484783977270126
Darrington,2020-08-03,0.074,0.07595472037792206
Darrington,2020-08-04,0.072,0.07725926488637924
Darrington,2020-08-05,0.07,0.06971600651741028
Darrington,2020-08-06,0.073,0.08128806203603745
Darrington,2020-08-07,0.084,0.08789640665054321
Darrington,2020-08-08,0.087,0.0911460667848587
Darrington,2020-08-09,0.087,0.10043048858642578
Darrington,2020-08-10,0.084,0.08476505428552628
Darrington,2020-08-11,0.08,0.07694775611162186
Darrington,2020-08-12,0.076,0.07400781661272049
Darrington,2020-08-13,0.073,0.0677284523844719
Darrington,2020-08-14,0.069,0.07644906640052795
Darrington,2020-08-15,0.066,0.09465555846691132
Darrington,2020-08-16,0.065,0.09045955538749695
Darrington,2020-08-17,0.063,0.0513627827167511
Darrington,2020-08-18,0.061,0.0494328998029232
Darrington,2020-08-19,0.059,0.04682023450732231
Darrington,2020-08-20,0.059,0.045719534158706665
Darrington,2020-08-21,0.06,0.06330524384975433
Darrington,2020-08-22,0.072,0.10030492395162582
Darrington,2020-08-23,0.07,0.09273374825716019
Darrington,2020-08-24,0.07,0.07975858449935913
Darrington,2020-08-25,0.068,0.07504270225763321
Darrington,2020-08-26,0.066,0.07209581881761551
Darrington,2020-08-27,0.064,0.07097669690847397
Darrington,2020-08-28,0.062,0.07287780195474625
Darrington,2020-08-29,0.061,0.06561672687530518
Darrington,2020-08-30,0.058,0.06854163855314255
Darrington,2020-08-31,0.059,0.06598964333534241
Darrington,2020-09-01,0.06,0.06905509531497955
Darrington,2020-09-02,0.059,0.06933292746543884
Darrington,2020-09-03,0.059,0.06631065160036087
Darrington,2020-09-04,0.058,0.06232829764485359
Darrington,2020-09-05,0.057,0.057764194905757904
Darrington,2020-09-06,0.057,0.05851391702890396
Darrington,2020-09-07,0.055,0.06405962258577347
Darrington,2020-09-08,0.053,0.06028715521097183
Darrington,2020-09-09,0.052,0.05204680562019348
Darrington,2020-09-10,0.052,0.05364401638507843
Darrington,2020-09-11,0.051,0.051698677241802216
Darrington,2020-09-12,0.051,0.05079590156674385
Darrington,2020-09-13,0.05,0.05211454629898071
Darrington,2020-09-14,0.05,0.049531735479831696
Darrington,2020-09-15,0.052,0.05184819921851158
Darrington,2020-09-16,0.053,0.049080390483140945
Darrington,2020-09-17,0.053,0.04418819397687912
Darrington,2020-09-18,0.056,0.05435079708695412
Darrington,2020-09-19,0.079,0.07698332518339157
Darrington,2020-09-20,0.099,0.09515838325023651
Darrington,2020-09-21,0.1,0.09733202308416367
Darrington,2020-09-22,0.115,0.1045556515455246
Darrington,2020-09-23,0.158,0.16025371849536896
Darrington,2020-09-24,0.212,0.20999017357826233
Darrington,2020-09-25,0.228,0.23639528453350067
Darrington,2020-09-26,0.243,0.24126221239566803
Darrington,2020-09-27,0.241,0.2418185919523239
Darrington,2020-09-28,0.228,0.23881350457668304
Darrington,2020-09-29,0.223,0.23344138264656067
Darrington,2020-09-30,0.219,0.21492061018943787
Darrington,2020-10-01,0.216,0.21679934859275818
Darrington,2020-10-02,0.214,0.21743491291999817
Darrington,2020-10-03,0.213,0.2037682980298996
Darrington,2020-10-04,0.211,0.20376785099506378
Darrington,2020-10-05,0.213,0.20492219924926758
Darrington,2020-10-06,0.216,0.20728334784507751
Darrington,2020-10-07,0.215,0.20672057569026947
Darrington,2020-10-08,0.215,0.23040318489074707
Darrington,2020-10-09,0.221,0.24569064378738403
Darrington,2020-10-10,0.307,0.2916921377182007
Darrington,2020-10-11,0.315,0.29795095324516296
Darrington,2020-10-12,0.304,0.30241453647613525
Darrington,2020-10-13,0.322,0.30903032422065735
Darrington,2020-10-14,0.323,0.310080349445343
Darrington,2020-10-15,0.293,0.3058668375015259
Darrington,2020-10-16,0.325,0.30868062376976013
Darrington,2020-10-17,0.3,0.2977278232574463
Darrington,2020-10-18,0.32,0.3094150722026825
Darrington,2020-10-19,0.302,0.30765581130981445
Darrington,2020-10-20,0.307,0.3052854835987091
Darrington,2020-10-21,0.328,0.3186853528022766
Darrington,2020-10-22,0.302,0.3042544424533844
Darrington,2020-10-23,0.327,0.31843990087509155
Darrington,2020-10-24,0.309,0.30512040853500366
Darrington,2020-10-25,0.295,0.29951322078704834
Darrington,2020-10-26,0.286,0.2874872088432312
Darrington,2020-10-27,0.282,0.2780444324016571
Darrington,2020-10-28,0.3,0.2911640405654907
Darrington,2020-10-29,0.293,0.2908954918384552
Darrington,2020-10-30,0.326,0.317676305770874
Darrington,2020-10-31,0.307,0.3088185489177704
Darrington,2020-11-01,0.297,0.30054783821105957
Darrington,2020-11-02,0.291,0.29723209142684937
Darrington,2020-11-03,0.329,0.32452425360679626
Darrington,2020-11-04,0.343,0.34070542454719543
Darrington,2020-11-05,0.35,0.3450218439102173
Darrington,2020-11-06,0.313,0.3148065507411957
Darrington,2020-11-07,0.301,0.3267938792705536
Darrington,2020-11-08,0.295,0.30930382013320923
Darrington,2020-11-09,0.291,0.2929927110671997
Darrington,2020-11-10,0.314,0.31584668159484863
Darrington,2020-11-11,0.312,0.3131706118583679
Darrington,2020-11-12,0.314,0.3257639408111572
Darrington,2020-11-13,0.355,0.34337636828422546
Darrington,2020-11-14,0.342,0.3358316123485565
Darrington,2020-11-15,0.351,0.3438620865345001
Darrington,2020-11-16,0.343,0.34215453267097473
Darrington,2020-11-17,0.34,0.33700647950172424
Darrington,2020-11-18,0.347,0.3377964496612549
Darrington,2020-11-19,0.339,0.33097583055496216
Darrington,2020-11-20,0.346,0.33050352334976196
Darrington,2020-11-21,0.329,0.32489925622940063
Darrington,2020-11-22,0.31,0.318490594625473
Darrington,2020-11-23,0.314,0.31918439269065857
Darrington,2020-11-24,0.333,0.3279819190502167
Darrington,2020-11-25,0.34,0.330075204372406
Darrington,2020-11-26,0.324,0.3291856348514557
Darrington,2020-11-27,0.32,0.32890865206718445
Darrington,2020-11-28,0.341,0.3271815776824951
Darrington,2020-11-29,0.314,0.30640605092048645
Darrington,2020-11-30,0.349,0.3332856595516205
Darrington,2020-12-01,0.325,0.31090253591537476
Darrington,2020-12-02,0.31,0.3085120618343353
Darrington,2020-12-03,0.303,0.3091816306114197
Darrington,2020-12-04,0.299,0.28300386667251587
Darrington,2020-12-05,0.296,0.281709223985672
Darrington,2020-12-06,0.294,0.2823798358440399
Darrington,2020-12-07,0.292,0.285873144865036
Darrington,2020-12-08,0.352,0.32921260595321655
Darrington,2020-12-09,0.339,0.3310185372829437
Darrington,2020-12-10,0.318,0.3195003569126129
Darrington,2020-12-11,0.313,0.3286396563053131
Darrington,2020-12-12,0.307,0.30436158180236816
Darrington,2020-12-13,0.317,0.309626042842865
Darrington,2020-12-14,0.337,0.32073575258255005
Darrington,2020-12-15,0.348,0.3348154127597809
Darrington,2020-12-16,0.344,0.34133148193359375
Darrington,2020-12-17,0.349,0.34199953079223633
Darrington,2020-12-18,0.349,0.34590739011764526
Darrington,2020-12-19,0.351,0.3453114330768585
Darrington,2020-12-20,0.336,0.3354588747024536
Darrington,2020-12-21,0.361,0.3488503396511078
Darrington,2020-12-22,0.335,0.3383345305919647
Darrington,2020-12-23,0.318,0.3215438425540924
Darrington,2020-12-24,0.308,0.3207731544971466
Darrington,2020-12-25,0.318,0.31688013672828674
Darrington,2020-12-26,0.348,0.33066266775131226
Darrington,2020-12-27,0.328,0.3282003700733185
Darrington,2020-12-28,0.313,0.312439501285553
Darrington,2020-12-29,0.305,0.3226430118083954
Darrington,2020-12-30,0.364,0.3420255780220032
Darrington,2020-12-31,0.355,0.3384096920490265
Quinault,2017-01-25,0.191,0.19904543459415436
Quinault,2017-01-26,0.194,0.194810152053833
Quinault,2017-01-27,0.19,0.19152726233005524
Quinault,2017-01-28,0.187,0.19658781588077545
Quinault,2017-01-29,0.21,0.20719370245933533
Quinault,2017-01-30,0.202,0.20006120204925537
Quinault,2017-01-31,0.195,0.20239226520061493
Quinault,2017-02-01,0.193,0.1974698007106781
Quinault,2017-02-02,0.187,0.19892624020576477
Quinault,2017-02-03,0.226,0.2321454882621765
Quinault,2017-02-04,0.249,0.23466657102108002
Quinault,2017-02-05,0.226,0.23486769199371338
Quinault,2017-02-06,0.221,0.23195117712020874
Quinault,2017-02-07,0.211,0.23002620041370392
Quinault,2017-02-08,0.234,0.23694536089897156
Quinault,2017-02-09,0.258,0.24888327717781067
Quinault,2017-02-10,0.233,0.24167728424072266
Quinault,2017-02-11,0.213,0.22468027472496033
Quinault,2017-02-12,0.198,0.2074657827615738
Quinault,2017-02-13,0.191,0.21595793962478638
Quinault,2017-02-14,0.204,0.2281574010848999
Quinault,2017-02-15,0.263,0.24501684308052063
Quinault,2017-02-16,0.223,0.22768165171146393
Quinault,2017-02-17,0.214,0.2241799682378769
Quinault,2017-02-18,0.205,0.22054912149906158
Quinault,2017-02-19,0.236,0.21803782880306244
Quinault,2017-02-20,0.22,0.2165299504995346
Quinault,2017-02-21,0.205,0.20505847036838531
Quinault,2017-02-22,0.197,0.2140110582113266
Quinault,2017-02-23,0.194,0.1953376680612564
Quinault,2017-02-24,0.193,0.1948278546333313
Quinault,2017-02-25,0.192,0.198211207985878
Quinault,2017-02-26,0.231,0.21809843182563782
Quinault,2017-02-27,0.226,0.216975137591362
Quinault,2017-02-28,0.222,0.21977022290229797
Quinault,2017-03-01,0.233,0.22164133191108704
Quinault,2017-03-02,0.247,0.23058012127876282
Quinault,2017-03-03,0.258,0.23924776911735535
Quinault,2017-03-04,0.224,0.22933273017406464
Quinault,2017-03-05,0.226,0.2278013974428177
Quinault,2017-03-06,0.225,0.22699043154716492
Quinault,2017-03-07,0.228,0.23177191615104675
Quinault,2017-03-08,0.225,0.23229265213012695
Quinault,2017-03-09,0.249,0.2375660091638565
Quinault,2017-03-10,0.255,0.2426149696111679
Quinault,2017-03-11,0.246,0.24262678623199463
Quinault,2017-03-12,0.224,0.23804831504821777
Quinault,2017-03-13,0.244,0.242790088057518
Quinault,2017-03-14,0.257,0.25344225764274597
Quinault,2017-03-15,0.231,0.2333909422159195
Quinault,2017-03-16,0.233,0.23445859551429749
Quinault,2017-03-17,0.236,0.24039579927921295
Quinault,2017-03-18,0.237,0.23452956974506378
Quinault,2017-03-19,0.21,0.21155469119548798
Quinault,2017-03-20,0.202,0.2241063266992569
Quinault,2017-03-21,0.239,0.22960415482521057
Quinault,2017-03-22,0.247,0.23192836344242096
Quinault,2017-03-23,0.238,0.23478303849697113
Quinault,2017-03-24,0.252,0.24165938794612885
Quinault,2017-03-25,0.232,0.23289386928081512
Quinault,2017-03-26,0.244,0.2378809005022049
Quinault,2017-03-27,0.253,0.23813720047473907
Quinault,2017-03-28,0.275,0.25372445583343506
Quinault,2017-03-29,0.258,0.24705111980438232
Quinault,2017-03-30,0.229,0.23875373601913452
Quinault,2017-03-31,0.208,0.21086205542087555
Quinault,2017-04-01,0.22,0.22869783639907837
Quinault,2017-04-02,0.208,0.20381835103034973
Quinault,2017-04-03,0.202,0.20016464591026306
Quinault,2017-04-04,0.213,0.22565121948719025
Quinault,2017-04-05,0.248,0.23995168507099152
Quinault,2017-04-06,0.23,0.23636937141418457
Quinault,2017-04-07,0.262,0.25131914019584656
Quinault,2017-04-08,0.248,0.24371160566806793
Quinault,2017-04-09,0.222,0.23788699507713318
Quinault,2017-04-10,0.25,0.24444808065891266
Quinault,2017-04-11,0.219,0.23362228274345398
Quinault,2017-04-12,0.248,0.24239550530910492
Quinault,2017-04-13,0.246,0.24288015067577362
Quinault,2017-04-14,0.252,0.2344348132610321
Quinault,2017-04-15,0.223,0.22450721263885498
Quinault,2017-04-16,0.205,0.21041065454483032
Quinault,2017-04-17,0.222,0.22305448353290558
Quinault,2017-04-18,0.24,0.23593205213546753
Quinault,2017-04-19,0.236,0.24196887016296387
Quinault,2017-04-20,0.239,0.23337717354297638
Quinault,2017-04-21,0.213,0.2060633897781372
Quinault,2017-04-22,0.23,0.2306775599718094
Quinault,2017-04-23,0.252,0.24069665372371674
Quinault,2017-04-24,0.222,0.21979562938213348
Quinault,2017-04-25,0.219,0.2216537594795227
Quinault,2017-04-26,0.24,0.2189360409975052
Quinault,2017-04-27,0.226,0.21461747586727142
Quinault,2017-04-28,0.205,0.20073361694812775
Quinault,2017-04-29,0.217,0.2163989245891571
Quinault,2017-04-30,0.22,0.21532924473285675
Quinault,2017-05-01,0.217,0.21496331691741943
Quinault,2017-05-02,0.215,0.21797087788581848
Quinault,2017-05-03,0.225,0.2137804627418518
Quinault,2017-05-04,0.201,0.2036478966474533
Quinault,2017-05-05,0.22,0.21435436606407166
Quinault,2017-05-06,0.207,0.21334460377693176
Quinault,2017-05-07,0.194,0.20252199470996857
Quinault,2017-05-08,0.184,0.19528336822986603
Quinault,2017-05-09,0.175,0.17905735969543457
Quinault,2017-05-10,0.171,0.18124090135097504
Quinault,2017-05-11,0.237,0.22412341833114624
Quinault,2017-05-12,0.234,0.22311197221279144
Quinault,2017-05-13,0.225,0.22530792653560638
Quinault,2017-05-14,0.223,0.22472554445266724
Quinault,2017-05-15,0.228,0.22598958015441895
Quinault,2017-05-16,0.23,0.21821328997612
Quinault,2017-05-17,0.203,0.20313717424869537
Quinault,2017-05-18,0.195,0.2032049149274826
Quinault,2017-05-19,0.187,0.1908387392759323
Quinault,2017-05-20,0.179,0.17764537036418915
Quinault,2017-05-21,0.168,0.1665036976337433
Quinault,2017-05-22,0.157,0.1505843549966812
Quinault,2017-05-23,0.142,0.13563980162143707
Quinault,2017-05-24,0.13,0.1329401582479477
Quinault,2017-05-25,0.12,0.12215835601091385
Quinault,2017-05-26,0.108,0.11608981341123581
Quinault,2017-05-27,0.097,0.11481162160634995
Quinault,2017-05-28,0.089,0.11032088845968246
Quinault,2017-05-29,0.082,0.11112548410892487
Quinault,2017-05-30,0.079,0.12651565670967102
Quinault,2017-05-31,0.112,0.13670150935649872
Quinault,2017-06-01,0.189,0.15923857688903809
Quinault,2017-06-02,0.205,0.18445800244808197
Quinault,2017-06-03,0.176,0.16629301011562347
Quinault,2017-06-04,0.159,0.1590593457221985
Quinault,2017-06-05,0.144,0.1471707671880722
Quinault,2017-06-06,0.131,0.13378183543682098
Quinault,2017-06-07,0.119,0.13708637654781342
Quinault,2017-06-08,0.208,0.1620509922504425
Quinault,2017-06-09,0.208,0.19421929121017456
Quinault,2017-06-10,0.198,0.18766698241233826
Quinault,2017-06-11,0.183,0.1715911328792572
Quinault,2017-06-12,0.168,0.17051845788955688
Quinault,2017-06-13,0.159,0.14977508783340454
Quinault,2017-06-14,0.154,0.14806145429611206
Quinault,2017-06-15,0.21,0.21155527234077454
Quinault,2017-06-16,0.196,0.20202195644378662
Quinault,2017-06-17,0.178,0.19586914777755737
Quinault,2017-06-18,0.196,0.19587309658527374
Quinault,2017-06-19,0.181,0.16610465943813324
Quinault,2017-06-20,0.179,0.16821999847888947
Quinault,2017-06-21,0.17,0.16593262553215027
Quinault,2017-06-22,0.157,0.15735138952732086
Quinault,2017-06-23,0.143,0.13534075021743774
Quinault,2017-06-24,0.129,0.12776495516300201
Quinault,2017-06-25,0.114,0.11749429255723953
Quinault,2017-06-26,0.103,0.11297853291034698
Quinault,2017-06-27,0.094,0.1092689260840416
Quinault,2017-06-28,0.088,0.09918895363807678
Quinault,2017-06-29,0.081,0.09190909564495087
Quinault,2017-06-30,0.075,0.08899731189012527
Quinault,2017-07-01,0.069,0.07974348962306976
Quinault,2017-07-02,0.062,0.06906457990407944
Quinault,2017-07-03,0.056,0.06910781562328339
Quinault,2017-07-04,0.05,0.053612906485795975
Quinault,2017-07-05,0.045,0.05199326202273369
Quinault,2017-07-06,0.04,0.04550641402602196
Quinault,2017-07-07,0.037,0.04124235734343529
Quinault,2017-07-08,0.035,0.03930402919650078
Quinault,2017-07-09,0.033,0.04216504469513893
Quinault,2017-07-10,0.031,0.03820917755365372
Quinault,2017-07-11,0.03,0.04066425934433937
Quinault,2017-07-12,0.029,0.033864088356494904
Quinault,2017-07-13,0.028,0.03369183838367462
Quinault,2017-07-14,0.027,0.030507875606417656
Quinault,2017-07-15,0.026,0.020180879160761833
Quinault,2017-07-16,0.024,0.03471268340945244
Quinault,2017-07-17,0.024,0.03226742893457413
Quinault,2017-07-18,0.024,0.029184015467762947
Quinault,2017-07-19,0.022,0.027800483629107475
Quinault,2017-07-20,0.033,0.03605347499251366
Quinault,2017-07-21,0.037,0.03948402404785156
Quinault,2017-07-22,0.039,0.03951627388596535
Quinault,2017-07-23,0.039,0.03923159837722778
Quinault,2017-07-24,0.036,0.035231150686740875
Quinault,2017-07-25,0.032,0.03308211266994476
Quinault,2017-07-26,0.03,0.028818147256970406
Quinault,2017-07-27,0.027,0.025970816612243652
Quinault,2017-07-28,0.026,0.02137688361108303
Quinault,2017-07-29,0.024,0.02064354345202446
Quinault,2017-07-30,0.025,0.0231423769146204
Quinault,2017-07-31,0.023,0.021094786003232002
Quinault,2017-08-01,0.022,0.021705076098442078
Quinault,2017-08-02,0.023,0.0207914337515831
Quinault,2017-08-03,0.021,0.02055629901587963
Quinault,2017-08-04,0.021,0.0243952926248312
Quinault,2017-08-05,0.02,0.024618037045001984
Quinault,2017-08-06,0.019,0.023270832374691963
Quinault,2017-08-07,0.019,0.021638276055455208
Quinault,2017-08-08,0.018,0.023200370371341705
Quinault,2017-08-09,0.018,0.023154165595769882
Quinault,2017-08-10,0.017,0.024384548887610435
Quinault,2017-08-11,0.016,0.023825740441679955
Quinault,2017-08-12,0.017,0.028745103627443314
Quinault,2017-08-13,0.112,0.0844196155667305
Quinault,2017-08-14,0.093,0.07654441148042679
Quinault,2017-08-15,0.083,0.0711982250213623
Quinault,2017-08-16,0.074,0.06113592907786369
Quinault,2017-08-17,0.068,0.05791487544775009
Quinault,2017-08-18,0.06,0.05716148391366005
Quinault,2017-08-19,0.054,0.057278260588645935
Quinault,2017-08-20,0.048,0.05124300345778465
Quinault,2017-08-21,0.043,0.0441133975982666
Quinault,2017-08-22,0.038,0.03812098130583763
Quinault,2017-08-23,0.034,0.04212213307619095
Quinault,2017-08-24,0.032,0.03830649331212044
Quinault,2017-08-25,0.029,0.036794792860746384
Quinault,2017-08-26,0.028,0.03490312024950981
Quinault,2017-08-27,0.025,0.0312180258333683
Quinault,2017-08-28,0.024,0.024926461279392242
Quinault,2017-08-29,0.023,0.023515213280916214
Quinault,2017-08-30,0.022,0.02609560266137123
Quinault,2017-08-31,0.023,0.023854175582528114
Quinault,2017-09-01,0.023,0.030101103708148003
Quinault,2017-09-02,0.024,0.0328846275806427
Quinault,2017-09-03,0.023,0.031040804460644722
Quinault,2017-09-04,0.022,0.0313754566013813
Quinault,2017-09-05,0.021,0.025972379371523857
Quinault,2017-09-06,0.02,0.02771001309156418
Quinault,2017-09-07,0.019,0.027473682537674904
Quinault,2017-09-08,0.019,0.028113387525081635
Quinault,2017-09-09,0.073,0.04379609227180481
Quinault,2017-09-10,0.105,0.053638823330402374
Quinault,2017-09-11,0.092,0.05458842217922211
Quinault,2017-09-12,0.084,0.06390480697154999
Quinault,2017-09-13,0.078,0.06527520716190338
Quinault,2017-09-14,0.072,0.06330648809671402
Quinault,2017-09-15,0.065,0.06073785573244095
Quinault,2017-09-16,0.06,0.06311613321304321
Quinault,2017-09-17,0.1,0.09705207496881485
Quinault,2017-09-18,0.172,0.14622536301612854
Quinault,2017-09-19,0.181,0.16886505484580994
Quinault,2017-09-20,0.163,0.1684756726026535
Quinault,2017-09-21,0.156,0.1612624078989029
Quinault,2017-09-22,0.146,0.14257992804050446
Quinault,2017-09-23,0.141,0.1340065747499466
Quinault,2017-09-24,0.135,0.14285331964492798
Quinault,2017-09-25,0.132,0.12355967611074448
Quinault,2017-09-26,0.131,0.13183008134365082
Quinault,2017-09-27,0.127,0.13262692093849182
Quinault,2017-09-28,0.122,0.13400623202323914
Quinault,2017-09-29,0.156,0.14915163815021515
Quinault,2017-09-30,0.174,0.17309053242206573
Quinault,2017-10-01,0.167,0.16949254274368286
Quinault,2017-10-02,0.153,0.1562671959400177
Quinault,2017-10-03,0.144,0.15006786584854126
Quinault,2017-10-04,0.137,0.13694114983081818
Quinault,2017-10-05,0.132,0.1358676552772522
Quinault,2017-10-06,0.157,0.15037694573402405
Quinault,2017-10-07,0.183,0.1641114205121994
Quinault,2017-10-08,0.169,0.16835850477218628
Quinault,2017-10-09,0.158,0.16310492157936096
Quinault,2017-10-10,0.153,0.1553579866886139
Quinault,2017-10-11,0.163,0.15375402569770813
Quinault,2017-10-12,0.178,0.16659078001976013
Quinault,2017-10-13,0.177,0.17018689215183258
Quinault,2017-10-14,0.163,0.1680392175912857
Quinault,2017-10-15,0.156,0.16130207479000092
Quinault,2017-10-16,0.152,0.1716606467962265
Quinault,2017-10-17,0.192,0.2011977881193161
Quinault,2017-10-18,0.218,0.22414515912532806
Quinault,2017-10-19,0.213,0.22219744324684143
Quinault,2017-10-20,0.204,0.21975639462471008
Quinault,2017-10-21,0.225,0.22282353043556213
Quinault,2017-10-22,0.205,0.21328821778297424
Quinault,2017-10-23,0.178,0.18736496567726135
Quinault,2017-10-24,0.168,0.1787986010313034
Quinault,2017-10-25,0.176,0.19208110868930817
Quinault,2017-10-26,0.173,0.17241263389587402
Quinault,2017-10-27,0.164,0.17027762532234192
Quinault,2017-10-28,0.16,0.16912822425365448
Quinault,2017-10-29,0.157,0.16387738287448883
Quinault,2017-10-30,0.153,0.16020725667476654
Quinault,2017-11-01,0.145,0.1650654822587967
Quinault,2017-11-02,0.19,0.18841813504695892
Quinault,2017-11-03,0.189,0.19004978239536285
Quinault,2017-11-04,0.185,0.1971512883901596
Quinault,2017-11-05,0.193,0.19640202820301056
Quinault,2017-11-06,0.173,0.1841302365064621
Quinault,2017-11-07,0.166,0.17828156054019928
Quinault,2017-11-08,0.185,0.18751521408557892
Quinault,2017-11-09,0.212,0.1924852579832077
Quinault,2017-11-10,0.189,0.19264379143714905
Quinault,2017-11-11,0.197,0.19909879565238953
Quinault,2017-11-12,0.23,0.21302716434001923
Quinault,2017-11-13,0.224,0.2199987769126892
Quinault,2017-11-14,0.232,0.22447116672992706
Quinault,2017-11-15,0.224,0.2223464846611023
Quinault,2017-11-16,0.221,0.2203577160835266
Quinault,2017-11-17,0.208,0.21877987682819366
Quinault,2017-11-18,0.201,0.21275171637535095
Quinault,2017-11-19,0.228,0.22112543880939484
Quinault,2017-11-20,0.21,0.217532217502594
Quinault,2017-11-21,0.236,0.22842738032341003
Quinault,2017-11-22,0.24,0.23061345517635345
Quinault,2017-11-23,0.226,0.2231777161359787
Quinault,2017-11-24,0.218,0.2198367863893509
Quinault,2017-11-25,0.213,0.21789716184139252
Quinault,2017-11-26,0.225,0.21745556592941284
Quinault,2017-11-27,0.199,0.21715085208415985
Quinault,2017-11-28,0.22,0.21667514741420746
Quinault,2017-11-29,0.202,0.21295927464962006
Quinault,2017-11-30,0.213,0.21323853731155396
Quinault,2017-12-01,0.227,0.2187666893005371
Quinault,2017-12-02,0.215,0.21546924114227295
Quinault,2017-12-03,0.187,0.1903620809316635
Quinault,2017-12-04,0.18,0.18337920308113098
Quinault,2017-12-05,0.175,0.1824718862771988
Quinault,2017-12-06,0.172,0.17131783068180084
Quinault,2017-12-07,0.17,0.16851921379566193
Quinault,2017-12-08,0.168,0.16738776862621307
Quinault,2017-12-09,0.167,0.16735267639160156
Quinault,2017-12-10,0.167,0.16144238412380219
Quinault,2017-12-11,0.167,0.16504628956317902
Quinault,2017-12-12,0.165,0.1639513075351715
Quinault,2017-12-13,0.165,0.16400356590747833
Quinault,2017-12-14,0.163,0.16418993473052979
Quinault,2017-12-15,0.173,0.1740768998861313
Quinault,2017-12-16,0.19,0.17646905779838562
Quinault,2017-12-17,0.232,0.21153779327869415
Quinault,2017-12-18,0.216,0.21593400835990906
Quinault,2017-12-19,0.232,0.2226855307817459
Quinault,2017-12-20,0.192,0.19014455378055573
Quinault,2017-12-21,0.187,0.20819570124149323
Quinault,2017-12-22,0.196,0.20826485753059387
Quinault,2017-12-23,0.18,0.17785081267356873
Quinault,2017-12-24,0.178,0.18527397513389587
Quinault,2017-12-25,0.193,0.18693290650844574
Quinault,2017-12-26,0.18,0.17982186377048492
Quinault,2017-12-27,0.175,0.18159180879592896
Quinault,2017-12-28,0.229,0.2174345999956131
Quinault,2017-12-29,0.233,0.22958308458328247
Quinault,2017-12-30,0.206,0.21534377336502075
Quinault,2017-12-31,0.184,0.19139060378074646
Quinault,2018-01-01,0.178,0.18473829329013824
Quinault,2018-01-02,0.174,0.1878233551979065
Quinault,2018-01-03,0.172,0.18677043914794922
Quinault,2018-01-04,0.186,0.19994884729385376
Quinault,2018-01-05,0.226,0.22207346558570862
Quinault,2018-01-06,0.201,0.21703562140464783
Quinault,2018-01-07,0.222,0.22409875690937042
Quinault,2018-01-08,0.209,0.21965008974075317
Quinault,2018-01-09,0.211,0.22095312178134918
Quinault,2018-01-10,0.204,0.22739921510219574
Quinault,2018-01-11,0.235,0.22505433857440948
Quinault,2018-01-12,0.22,0.22187793254852295
Quinault,2018-01-13,0.209,0.21529242396354675
Quinault,2018-01-14,0.187,0.19672755897045135
Quinault,2018-01-15,0.186,0.20425119996070862
Quinault,2018-01-16,0.212,0.2080821841955185
Quinault,2018-01-17,0.212,0.209365114569664
Quinault,2018-01-18,0.206,0.21196730434894562
Quinault,2018-01-19,0.232,0.22511346638202667
Quinault,2018-01-20,0.227,0.2220674455165863
Quinault,2018-01-21,0.234,0.22282937169075012
Quinault,2018-01-22,0.213,0.21975307166576385
Quinault,2018-01-23,0.227,0.22045326232910156
Quinault,2018-01-24,0.229,0.2273888885974884
Quinault,2018-01-25,0.223,0.22471526265144348
Quinault,2018-01-26,0.225,0.21867528557777405
Quinault,2018-01-27,0.219,0.2193213403224945
Quinault,2018-01-28,0.213,0.2146894931793213
Quinault,2018-01-29,0.246,0.232537642121315
Quinault,2018-01-30,0.21,0.2201012670993805
Quinault,2018-01-31,0.223,0.21872887015342712
Quinault,2018-02-01,0.227,0.21959789097309113
Quinault,2018-02-02,0.213,0.21248750388622284
Quinault,2018-02-03,0.208,0.2108277827501297
Quinault,2018-02-04,0.211,0.20816655457019806
Quinault,2018-02-05,0.19,0.1952056884765625
Quinault,2018-02-06,0.183,0.19493961334228516
Quinault,2018-02-07,0.178,0.17891286313533783
Quinault,2018-02-08,0.18,0.1787339299917221
Quinault,2018-02-09,0.178,0.1723450869321823
Quinault,2018-02-10,0.173,0.17120006680488586
Quinault,2018-02-11,0.17,0.17031756043434143
Quinault,2018-02-12,0.166,0.1693824976682663
Quinault,2018-02-13,0.167,0.17665624618530273
Quinault,2018-02-14,0.2,0.18370942771434784
Quinault,2018-02-15,0.179,0.1924760937690735
Quinault,2018-02-16,0.207,0.20500117540359497
Quinault,2018-02-17,0.23,0.2256849706172943
Quinault,2018-02-18,0.203,0.21013008058071136
Quinault,2018-02-19,0.181,0.1846778392791748
Quinault,2018-02-20,0.173,0.20230732858181
Quinault,2018-02-21,0.181,0.18191450834274292
Quinault,2018-02-22,0.192,0.17270244657993317
Quinault,2018-02-23,0.18,0.1925218105316162
Quinault,2018-02-24,0.211,0.2068692147731781
Quinault,2018-02-25,0.22,0.21315637230873108
Quinault,2018-02-26,0.194,0.21132776141166687
Quinault,2018-02-27,0.203,0.21023601293563843
Quinault,2018-02-28,0.209,0.21550419926643372
Quinault,2018-03-01,0.2,0.20637810230255127
Quinault,2018-03-02,0.198,0.2024383246898651
Quinault,2018-03-03,0.18,0.19240060448646545
Quinault,2018-03-04,0.189,0.19976744055747986
Quinault,2018-03-05,0.192,0.1895500123500824
Quinault,2018-03-06,0.181,0.17860478162765503
Quinault,2018-03-07,0.174,0.19168132543563843
Quinault,2018-03-08,0.22,0.2127460390329361
Quinault,2018-03-09,0.197,0.21175049245357513
Quinault,2018-03-10,0.181,0.20175637304782867
Quinault,2018-03-11,0.174,0.2002154141664505
Quinault,2018-03-12,0.169,0.1810518354177475
Quinault,2018-03-13,0.194,0.1912008374929428
Quinault,2018-03-14,0.203,0.19459857046604156
Quinault,2018-03-15,0.185,0.19786657392978668
Quinault,2018-03-16,0.174,0.18754801154136658
Quinault,2018-03-17,0.168,0.16987815499305725
Quinault,2018-03-18,0.167,0.16987600922584534
Quinault,2018-03-19,0.165,0.16439493000507355
Quinault,2018-03-20,0.163,0.16289617121219635
Quinault,2018-03-21,0.165,0.17234396934509277
Quinault,2018-03-22,0.217,0.2002829760313034
Quinault,2018-03-23,0.215,0.20853005349636078
Quinault,2018-03-24,0.19,0.2026597559452057
Quinault,2018-03-25,0.182,0.20241734385490417
Quinault,2018-03-26,0.224,0.20451109111309052
Quinault,2018-03-27,0.218,0.20540553331375122
Quinault,2018-03-28,0.185,0.1886814683675766
Quinault,2018-03-29,0.176,0.19884151220321655
Quinault,2018-03-30,0.174,0.19519710540771484
Quinault,2018-03-31,0.171,0.1717047542333603
Quinault,2018-04-01,0.183,0.18528273701667786
Quinault,2018-04-02,0.193,0.1987837553024292
Quinault,2018-04-03,0.186,0.19571343064308167
Quinault,2018-04-04,0.207,0.20561717450618744
Quinault,2018-04-05,0.225,0.21189528703689575
Quinault,2018-04-06,0.205,0.21831603348255157
Quinault,2018-04-07,0.233,0.23550036549568176
Quinault,2018-04-08,0.239,0.23095472157001495
Quinault,2018-04-09,0.196,0.1988050937652588
Quinault,2018-04-10,0.211,0.2210964560508728
Quinault,2018-04-11,0.227,0.2250603884458542
Quinault,2018-04-12,0.209,0.21833643317222595
Quinault,2018-04-13,0.248,0.23660466074943542
Quinault,2018-04-14,0.22,0.22334997355937958
Quinault,2018-04-15,0.204,0.21828821301460266
Quinault,2018-04-16,0.233,0.22295105457305908
Quinault,2018-04-17,0.214,0.21326428651809692
Quinault,2018-04-18,0.192,0.19643498957157135
Quinault,2018-04-19,0.179,0.1869824230670929
Quinault,2018-04-20,0.175,0.18971924483776093
Quinault,2018-04-21,0.207,0.19184446334838867
Quinault,2018-04-22,0.184,0.1748078316450119
Quinault,2018-04-23,0.173,0.1703885793685913
Quinault,2018-04-24,0.164,0.16440251469612122
Quinault,2018-04-25,0.157,0.1535591036081314
Quinault,2018-04-26,0.15,0.1505381017923355
Quinault,2018-04-27,0.148,0.15954609215259552
Quinault,2018-04-28,0.199,0.1786249279975891
Quinault,2018-04-29,0.181,0.17576858401298523
Quinault,2018-04-30,0.172,0.17313413321971893
Quinault,2018-05-01,0.164,0.1670456975698471
Quinault,2018-05-02,0.158,0.14652110636234283
Quinault,2018-05-03,0.15,0.15021172165870667
Quinault,2018-05-04,0.144,0.14786534011363983
Quinault,2018-05-05,0.138,0.137297123670578
Quinault,2018-05-06,0.13,0.13638466596603394
Quinault,2018-05-07,0.125,0.12988978624343872
Quinault,2018-05-08,0.126,0.13905803859233856
Quinault,2018-05-09,0.195,0.17426319420337677
Quinault,2018-05-10,0.193,0.18178682029247284
Quinault,2018-05-11,0.172,0.17262017726898193
Quinault,2018-05-12,0.159,0.16646018624305725
Quinault,2018-05-13,0.148,0.157313734292984
Quinault,2018-05-14,0.137,0.1305871307849884
Quinault,2018-05-15,0.13,0.1260451376438141
Quinault,2018-05-16,0.129,0.1358707696199417
Quinault,2018-05-17,0.129,0.12752927839756012
Quinault,2018-05-18,0.128,0.12243108451366425
Quinault,2018-05-19,0.127,0.12292114645242691
Quinault,2018-05-20,0.125,0.1243806779384613
Quinault,2018-05-21,0.122,0.11635025590658188
Quinault,2018-05-22,0.114,0.1003640666604042
Quinault,2018-05-23,0.106,0.09876003116369247
Quinault,2018-05-24,0.1,0.09517062455415726
Quinault,2018-05-25,0.093,0.08697259426116943
Quinault,2018-05-26,0.087,0.0812377855181694
Quinault,2018-05-27,0.081,0.07821005582809448
Quinault,2018-05-28,0.076,0.07263323664665222
Quinault,2018-05-29,0.072,0.06469139456748962
Quinault,2018-05-30,0.067,0.06594713032245636
Quinault,2018-05-31,0.063,0.06430946290493011
Quinault,2018-06-01,0.06,0.06324147433042526
Quinault,2018-06-02,0.057,0.05799950286746025
Quinault,2018-06-03,0.063,0.06497537344694138
Quinault,2018-06-04,0.069,0.062060948461294174
Quinault,2018-06-05,0.067,0.07545378804206848
Quinault,2018-06-06,0.072,0.07060296833515167
Quinault,2018-06-07,0.069,0.07671672105789185
Quinault,2018-06-08,0.118,0.1332608163356781
Quinault,2018-06-09,0.16,0.1672065556049347
Quinault,2018-06-10,0.177,0.1754801869392395
Quinault,2018-06-11,0.156,0.16404199600219727
Quinault,2018-06-12,0.144,0.16414669156074524
Quinault,2018-06-13,0.183,0.1761658787727356
Quinault,2018-06-14,0.173,0.1645200252532959
Quinault,2018-06-15,0.164,0.16370807588100433
Quinault,2018-06-16,0.153,0.16741906106472015
Quinault,2018-06-17,0.14,0.13742102682590485
Quinault,2018-06-18,0.13,0.13068296015262604
Quinault,2018-06-19,0.121,0.12265579402446747
Quinault,2018-06-20,0.113,0.11956344544887543
Quinault,2018-06-21,0.107,0.11624417454004288
Quinault,2018-06-22,0.104,0.11138373613357544
Quinault,2018-06-23,0.097,0.09364429116249084
Quinault,2018-06-24,0.09,0.09018102288246155
Quinault,2018-06-25,0.088,0.1001792922616005
Quinault,2018-06-26,0.085,0.09492751210927963
Quinault,2018-06-27,0.081,0.08856667578220367
Quinault,2018-06-28,0.078,0.08281662315130234
Quinault,2018-06-29,0.076,0.07880499213933945
Quinault,2018-06-30,0.073,0.08076388388872147
Quinault,2018-07-01,0.075,0.09356264770030975
Quinault,2018-07-02,0.073,0.07345553487539291
Quinault,2018-07-03,0.069,0.08721812814474106
Quinault,2018-07-04,0.065,0.07062923163175583
Quinault,2018-07-05,0.063,0.0605374276638031
Quinault,2018-07-06,0.062,0.07789899408817291
Quinault,2018-07-07,0.07,0.08232911676168442
Quinault,2018-07-08,0.07,0.08728023618459702
Quinault,2018-07-09,0.067,0.09174835681915283
Quinault,2018-07-10,0.065,0.07249070703983307
Quinault,2018-07-11,0.061,0.06371742486953735
Quinault,2018-07-12,0.055,0.06460496038198471
Quinault,2018-07-13,0.051,0.06231943890452385
Quinault,2018-07-14,0.046,0.06641916185617447
Quinault,2018-07-15,0.042,0.052956245839595795
Quinault,2018-07-16,0.039,0.054863184690475464
Quinault,2018-07-17,0.036,0.0493650808930397
Quinault,2018-07-18,0.035,0.048519399017095566
Quinault,2018-07-19,0.034,0.046700675040483475
Quinault,2018-07-20,0.031,0.03815357759594917
Quinault,2018-07-21,0.03,0.036659374833106995
Quinault,2018-07-22,0.031,0.03993877395987511
Quinault,2018-07-23,0.029,0.04449763894081116
Quinault,2018-07-24,0.028,0.044070690870285034
Quinault,2018-07-25,0.026,0.03787848353385925
Quinault,2018-07-26,0.026,0.034568533301353455
Quinault,2018-07-27,0.025,0.02701621875166893
Quinault,2018-07-28,0.024,0.02836040034890175
Quinault,2018-07-29,0.024,0.02914111688733101
Quinault,2018-07-30,0.023,0.02538684569299221
Quinault,2018-07-31,0.022,0.02302650175988674
Quinault,2018-08-01,0.022,0.025998201221227646
Quinault,2018-08-02,0.021,0.023848572745919228
Quinault,2018-08-03,0.021,0.028043357655405998
Quinault,2018-08-04,0.022,0.020502310246229172
Quinault,2018-08-05,0.022,0.02133253775537014
Quinault,2018-08-06,0.021,0.034664612263441086
Quinault,2018-08-07,0.021,0.027890056371688843
Quinault,2018-08-08,0.023,0.02449481189250946
Quinault,2018-08-09,0.021,0.03160787746310234
Quinault,2018-08-10,0.024,0.03266274929046631
Quinault,2018-08-11,0.111,0.09835362434387207
Quinault,2018-08-12,0.131,0.12264921516180038
Quinault,2018-08-13,0.121,0.11763846129179001
Quinault,2018-08-14,0.115,0.11671551316976547
Quinault,2018-08-15,0.11,0.10672048479318619
Quinault,2018-08-16,0.107,0.10644657164812088
Quinault,2018-08-17,0.103,0.10466669499874115
Quinault,2018-08-18,0.099,0.10496142506599426
Quinault,2018-08-19,0.095,0.09932007640600204
Quinault,2018-08-20,0.091,0.09044200927019119
Quinault,2018-08-21,0.088,0.08744180202484131
Quinault,2018-08-22,0.085,0.07449217885732651
Quinault,2018-08-23,0.081,0.07250836491584778
Quinault,2018-08-24,0.078,0.07014719396829605
Quinault,2018-08-25,0.076,0.07096546143293381
Quinault,2018-08-26,0.084,0.08171544969081879
Quinault,2018-08-27,0.1,0.0900120884180069
Quinault,2018-08-28,0.095,0.09558479487895966
Quinault,2018-08-29,0.09,0.09310594201087952
Quinault,2018-08-30,0.105,0.1005365401506424
Quinault,2018-08-31,0.143,0.10340087860822678
Quinault,2018-09-01,0.123,0.10276105999946594
Quinault,2018-09-02,0.111,0.10349833965301514
Quinault,2018-09-03,0.103,0.09118644893169403
Quinault,2018-09-04,0.096,0.08565139770507812
Quinault,2018-09-05,0.09,0.07754188030958176
Quinault,2018-09-06,0.085,0.08248963952064514
Quinault,2018-09-07,0.094,0.10227151215076447
Quinault,2018-09-08,0.158,0.13404712080955505
Quinault,2018-09-09,0.175,0.18471865355968475
Quinault,2018-09-10,0.186,0.19090761244297028
Quinault,2018-09-11,0.201,0.18840055167675018
Quinault,2018-09-12,0.174,0.1691289097070694
Quinault,2018-09-13,0.162,0.17457520961761475
Quinault,2018-09-14,0.162,0.17272800207138062
Quinault,2018-09-15,0.209,0.19451729953289032
Quinault,2018-09-16,0.204,0.20531505346298218
Quinault,2018-09-17,0.168,0.16649258136749268
Quinault,2018-09-18,0.155,0.1570809781551361
Quinault,2018-09-19,0.148,0.17383576929569244
Quinault,2018-09-20,0.161,0.16201874613761902
Quinault,2018-09-21,0.201,0.19146192073822021
Quinault,2018-09-22,0.195,0.19074735045433044
Quinault,2018-09-23,0.166,0.16661998629570007
Quinault,2018-09-24,0.157,0.16632001101970673
Quinault,2018-09-25,0.149,0.16202810406684875
Quinault,2018-09-26,0.144,0.14577893912792206
Quinault,2018-09-27,0.139,0.1466221809387207
Quinault,2018-09-28,0.135,0.14651383459568024
Quinault,2018-09-29,0.133,0.14765730500221252
Quinault,2018-09-30,0.186,0.17110541462898254
Quinault,2018-10-01,0.201,0.1875048130750656
Quinault,2018-10-02,0.178,0.18212170898914337
Quinault,2018-10-03,0.163,0.1691269427537918
Quinault,2018-10-04,0.156,0.16590575873851776
Quinault,2018-10-05,0.175,0.17426010966300964
Quinault,2018-10-06,0.168,0.17486560344696045
Quinault,2018-10-07,0.188,0.1858542412519455
Quinault,2018-10-08,0.181,0.18313205242156982
Quinault,2018-10-09,0.175,0.18190588057041168
Quinault,2018-10-10,0.162,0.1797448992729187
Quinault,2018-10-11,0.154,0.16481654345989227
Quinault,2018-10-12,0.149,0.1624940037727356
Quinault,2018-10-13,0.145,0.15618681907653809
Quinault,2018-10-14,0.141,0.1462383270263672
Quinault,2018-10-15,0.137,0.1373194456100464
Quinault,2018-10-16,0.135,0.14168891310691833
Quinault,2018-10-17,0.131,0.13502365350723267
Quinault,2018-10-18,0.129,0.1303984820842743
Quinault,2018-10-19,0.127,0.1287422776222229
Quinault,2018-10-20,0.125,0.13273459672927856
Quinault,2018-10-21,0.122,0.1272123157978058
Quinault,2018-10-22,0.12,0.12387969344854355
Quinault,2018-10-23,0.12,0.1075030192732811
Quinault,2018-10-24,0.13,0.13791553676128387
Quinault,2018-10-25,0.21,0.20309558510780334
Quinault,2018-10-26,0.198,0.20365504920482635
Quinault,2018-10-28,0.208,0.21737957000732422
Quinault,2018-10-29,0.193,0.2119780033826828
Quinault,2018-10-30,0.181,0.20687898993492126
Quinault,2018-10-31,0.198,0.21274065971374512
Quinault,2018-11-01,0.226,0.22113318741321564
Quinault,2018-11-02,0.205,0.21990518271923065
Quinault,2018-11-03,0.219,0.21665102243423462
Quinault,2018-11-04,0.213,0.21253450214862823
Quinault,2018-11-05,0.21,0.21044769883155823
Quinault,2018-11-06,0.189,0.20859409868717194
Quinault,2018-11-07,0.176,0.1823805570602417
Quinault,2018-11-08,0.167,0.17316806316375732
Quinault,2018-11-09,0.171,0.17635050415992737
Quinault,2018-11-10,0.17,0.16686168313026428
Quinault,2018-11-11,0.164,0.1659531593322754
Quinault,2018-11-12,0.161,0.16282370686531067
Quinault,2018-11-13,0.169,0.17481432855129242
Quinault,2018-11-14,0.211,0.19863587617874146
Quinault,2018-11-15,0.186,0.19612404704093933
Quinault,2018-11-16,0.193,0.1982191801071167
Quinault,2018-11-17,0.182,0.18788354098796844
Quinault,2018-11-18,0.181,0.17691975831985474
Quinault,2018-11-19,0.178,0.1690497249364853
Quinault,2018-11-20,0.176,0.17140455543994904
Quinault,2018-11-21,0.232,0.21072116494178772
Quinault,2018-11-22,0.239,0.21863166987895966
Quinault,2018-11-23,0.233,0.22108809649944305
Quinault,2018-11-24,0.2,0.1940033882856369
Quinault,2018-11-25,0.205,0.2047329545021057
Quinault,2018-11-26,0.266,0.24424977600574493
Quinault,2018-11-27,0.234,0.22657185792922974
Quinault,2018-11-28,0.216,0.21626262366771698
Quinault,2018-11-29,0.195,0.19617430865764618
Quinault,2018-11-30,0.215,0.21484622359275818
Quinault,2018-12-01,0.203,0.20116645097732544
Quinault,2018-12-02,0.191,0.1788182407617569
Quinault,2018-12-03,0.185,0.18572117388248444
Quinault,2018-12-04,0.181,0.17898817360401154
Quinault,2018-12-05,0.183,0.17884302139282227
Quinault,2018-12-06,0.203,0.18646113574504852
Quinault,2018-12-07,0.202,0.1904810220003128
Quinault,2018-12-08,0.219,0.196034237742424
Quinault,2018-12-09,0.234,0.2278805673122406
Quinault,2018-12-10,0.227,0.22196149826049805
Quinault,2018-12-11,0.251,0.2434854358434677
Quinault,2018-12-12,0.235,0.23394888639450073
Quinault,2018-12-13,0.254,0.2374671995639801
Quinault,2018-12-14,0.221,0.2273118942975998
Quinault,2018-12-15,0.213,0.22436733543872833
Quinault,2018-12-16,0.249,0.23465336859226227
Quinault,2018-12-17,0.245,0.23267391324043274
Quinault,2018-12-18,0.242,0.23514145612716675
Quinault,2018-12-19,0.211,0.22273604571819305
Quinault,2018-12-20,0.232,0.2247651070356369
Quinault,2018-12-21,0.203,0.21809031069278717
Quinault,2018-12-22,0.23,0.22146005928516388
Quinault,2018-12-23,0.235,0.22389905154705048
Quinault,2018-12-24,0.199,0.19513942301273346
Quinault,2018-12-25,0.189,0.2119549661874771
Quinault,2018-12-26,0.22,0.21128252148628235
Quinault,2018-12-27,0.199,0.20149043202400208
Quinault,2018-12-28,0.234,0.21719470620155334
Quinault,2018-12-29,0.252,0.22574679553508759
Quinault,2018-12-30,0.218,0.21708939969539642
Quinault,2018-12-31,0.195,0.18773891031742096
Quinault,2019-01-01,0.19,0.20466755330562592
Quinault,2019-01-02,0.208,0.21761871874332428
Quinault,2019-01-03,0.263,0.2600250542163849
Quinault,2019-01-04,0.222,0.23873978853225708
Quinault,2019-01-05,0.207,0.23196926712989807
Quinault,2019-01-06,0.236,0.23380418121814728
Quinault,2019-01-07,0.215,0.2260380983352661
Quinault,2019-01-08,0.225,0.23103982210159302
Quinault,2019-01-09,0.244,0.23991647362709045
Quinault,2019-01-10,0.232,0.2352302372455597
Quinault,2019-01-11,0.205,0.20866145193576813
Quinault,2019-01-12,0.194,0.20747843384742737
Quinault,2019-01-13,0.189,0.19966861605644226
Quinault,2019-01-14,0.186,0.19087669253349304
Quinault,2019-01-15,0.184,0.19230546057224274
Quinault,2019-01-16,0.186,0.20404790341854095
Quinault,2019-01-17,0.243,0.22989867627620697
Quinault,2019-01-18,0.24,0.23350471258163452
Quinault,2019-01-19,0.23,0.23829583823680878
Quinault,2019-01-20,0.2,0.20789594948291779
Quinault,2019-01-21,0.192,0.2013472616672516
Quinault,2019-01-22,0.245,0.23830008506774902
Quinault,2019-01-23,0.224,0.2288396656513214
Quinault,2019-01-24,0.202,0.2030329555273056
Quinault,2019-01-25,0.195,0.2005530297756195
Quinault,2019-01-26,0.19,0.19563740491867065
Quinault,2019-01-27,0.19,0.1909596472978592
Quinault,2019-01-28,0.189,0.18877431750297546
Quinault,2019-01-29,0.188,0.19187957048416138
Quinault,2019-01-30,0.185,0.19004002213478088
Quinault,2019-01-31,0.186,0.19929592311382294
Quinault,2019-02-01,0.251,0.23903262615203857
Quinault,2019-02-02,0.217,0.23109786212444305
Quinault,2019-02-03,0.204,0.22721435129642487
Quinault,2019-02-04,0.209,0.22098059952259064
Quinault,2019-02-05,0.206,0.20834608376026154
Quinault,2019-02-06,0.197,0.20420090854167938
Quinault,2019-02-07,0.192,0.1896420270204544
Quinault,2019-02-08,0.191,0.1977684646844864
Quinault,2019-02-09,0.197,0.20835788547992706
Quinault,2019-02-10,0.199,0.21780377626419067
Quinault,2019-02-11,0.202,0.21530881524085999
Quinault,2019-02-12,0.218,0.2201947271823883
Quinault,2019-02-13,0.214,0.2198147475719452
Quinault,2019-02-14,0.219,0.22327326238155365
Quinault,2019-02-15,0.224,0.2277449071407318
Quinault,2019-02-16,0.214,0.22205398976802826
Quinault,2019-02-17,0.216,0.21705037355422974
Quinault,2019-02-18,0.214,0.21172954142093658
Quinault,2019-02-19,0.23,0.2194211184978485
Quinault,2019-02-20,0.231,0.21724168956279755
Quinault,2019-02-21,0.234,0.2117776870727539
Quinault,2019-02-22,0.235,0.23072421550750732
Quinault,2019-02-23,0.245,0.22826528549194336
Quinault,2019-02-24,0.234,0.22969608008861542
Quinault,2019-02-25,0.214,0.22579535841941833
Quinault,2019-02-26,0.216,0.2163938581943512
Quinault,2019-02-27,0.207,0.21564282476902008
Quinault,2019-02-28,0.208,0.2053288370370865
Quinault,2019-03-01,0.2,0.2027064561843872
Quinault,2019-03-02,0.195,0.19538861513137817
Quinault,2019-03-03,0.191,0.19791275262832642
Quinault,2019-03-04,0.187,0.1862511783838272
Quinault,2019-03-05,0.183,0.18828549981117249
Quinault,2019-03-06,0.18,0.18947504460811615
Quinault,2019-03-07,0.195,0.1985436975955963
Quinault,2019-03-08,0.206,0.20206402242183685
Quinault,2019-03-09,0.197,0.19620606303215027
Quinault,2019-03-10,0.19,0.19463731348514557
Quinault,2019-03-11,0.208,0.21569184958934784
Quinault,2019-03-12,0.228,0.2172771394252777
Quinault,2019-03-13,0.207,0.20927129685878754
Quinault,2019-03-14,0.198,0.1995268613100052
Quinault,2019-03-15,0.193,0.18867889046669006
Quinault,2019-03-16,0.189,0.18463581800460815
Quinault,2019-03-17,0.186,0.1923227310180664
Quinault,2019-03-18,0.182,0.1895390897989273
Quinault,2019-03-19,0.177,0.18045850098133087
Quinault,2019-03-20,0.173,0.17718669772148132
Quinault,2019-03-21,0.169,0.1708441823720932
Quinault,2019-03-22,0.18,0.17411580681800842
Quinault,2019-03-23,0.201,0.17985258996486664
Quinault,2019-03-24,0.19,0.1875535398721695
Quinault,2019-03-25,0.203,0.20020423829555511
Quinault,2019-03-26,0.227,0.21603231132030487
Quinault,2019-03-27,0.199,0.2106623500585556
Quinault,2019-03-28,0.191,0.20177118480205536
Quinault,2019-03-29,0.188,0.19869816303253174
Quinault,2019-03-30,0.187,0.19159847497940063
Quinault,2019-03-31,0.186,0.1899120807647705
Quinault,2019-04-01,0.183,0.19195444881916046
Quinault,2019-04-02,0.179,0.19009724259376526
Quinault,2019-04-03,0.242,0.21439559757709503
Quinault,2019-04-04,0.215,0.2174098789691925
Quinault,2019-04-05,0.244,0.23618203401565552
Quinault,2019-04-06,0.252,0.24600175023078918
Quinault,2019-04-07,0.225,0.236967071890831
Quinault,2019-04-08,0.226,0.23867857456207275
Quinault,2019-04-09,0.217,0.23054654896259308
Quinault,2019-04-10,0.228,0.2308500111103058
Quinault,2019-04-11,0.233,0.23177415132522583
Quinault,2019-04-12,0.219,0.22511829435825348
Quinault,2019-04-13,0.236,0.23528623580932617
Quinault,2019-04-14,0.237,0.23363663256168365
Quinault,2019-04-15,0.213,0.22135524451732635
Quinault,2019-04-16,0.214,0.22479626536369324
Quinault,2019-04-17,0.234,0.2219800055027008
Quinault,2019-04-18,0.233,0.2304440289735794
Quinault,2019-04-19,0.227,0.23223066329956055
Quinault,2019-04-20,0.206,0.21604584157466888
Quinault,2019-04-21,0.196,0.21281251311302185
Quinault,2019-04-22,0.218,0.21626727283000946
Quinault,2019-04-23,0.223,0.21530550718307495
Quinault,2019-04-24,0.201,0.20865200459957123
Quinault,2019-04-25,0.191,0.20397968590259552
Quinault,2019-04-26,0.183,0.19170521199703217
Quinault,2019-04-27,0.178,0.19069936871528625
Quinault,2019-04-28,0.174,0.19325470924377441
Quinault,2019-04-29,0.168,0.1946854144334793
Quinault,2019-04-30,0.163,0.18090207874774933
Quinault,2019-05-01,0.157,0.16325794160366058
Quinault,2019-05-02,0.151,0.1523377150297165
Quinault,2019-05-03,0.144,0.14739926159381866
Quinault,2019-05-04,0.135,0.14117227494716644
Quinault,2019-05-05,0.128,0.13844160735607147
Quinault,2019-05-06,0.119,0.12324710190296173
Quinault,2019-05-07,0.11,0.12204667180776596
Quinault,2019-05-08,0.103,0.11203110963106155
Quinault,2019-05-09,0.095,0.10568663477897644
Quinault,2019-05-10,0.087,0.09374658018350601
Quinault,2019-05-11,0.08,0.08943024277687073
Quinault,2019-05-12,0.076,0.08370506018400192
Quinault,2019-05-13,0.073,0.08964331448078156
Quinault,2019-05-14,0.141,0.13076835870742798
Quinault,2019-05-15,0.185,0.16562682390213013
Quinault,2019-05-16,0.197,0.19211141765117645
Quinault,2019-05-17,0.188,0.19297099113464355
Quinault,2019-05-18,0.189,0.1896505057811737
Quinault,2019-05-19,0.185,0.19287876784801483
Quinault,2019-05-20,0.195,0.19654925167560577
Quinault,2019-05-21,0.191,0.18462345004081726
Quinault,2019-05-22,0.182,0.18398818373680115
Quinault,2019-05-23,0.168,0.16771496832370758
Quinault,2019-05-24,0.16,0.1662699580192566
Quinault,2019-05-25,0.173,0.16931931674480438
Quinault,2019-05-26,0.182,0.16757196187973022
Quinault,2019-05-27,0.171,0.15987852215766907
Quinault,2019-05-28,0.163,0.15967968106269836
Quinault,2019-05-29,0.156,0.15430326759815216
Quinault,2019-05-30,0.147,0.15307219326496124
Quinault,2019-05-31,0.145,0.15290631353855133
Quinault,2019-06-01,0.184,0.1636509746313095
Quinault,2019-06-02,0.178,0.16167400777339935
Quinault,2019-06-03,0.168,0.15629731118679047
Quinault,2019-06-04,0.157,0.14684051275253296
Quinault,2019-06-05,0.156,0.15438242256641388
Quinault,2019-06-06,0.175,0.17394880950450897
Quinault,2019-06-07,0.256,0.21900460124015808
Quinault,2019-06-08,0.239,0.21977834403514862
Quinault,2019-06-09,0.222,0.21154320240020752
Quinault,2019-06-10,0.209,0.1942957490682602
Quinault,2019-06-11,0.196,0.1792675107717514
Quinault,2019-06-12,0.184,0.17188358306884766
Quinault,2019-06-13,0.172,0.1613299697637558
Quinault,2019-06-14,0.164,0.15539847314357758
Quinault,2019-06-15,0.156,0.1481391340494156
Quinault,2019-06-16,0.148,0.13939356803894043
Quinault,2019-06-17,0.141,0.13284412026405334
Quinault,2019-06-18,0.135,0.1309734731912613
Quinault,2019-06-19,0.13,0.12965461611747742
Quinault,2019-06-20,0.127,0.12789514660835266
Quinault,2019-06-21,0.124,0.12822163105010986
Quinault,2019-06-22,0.121,0.12088523060083389
Quinault,2019-06-23,0.117,0.1199306845664978
Quinault,2019-06-24,0.114,0.11699394881725311
Quinault,2019-06-25,0.112,0.1205608919262886
Quinault,2019-06-26,0.127,0.13679185509681702
Quinault,2019-06-27,0.216,0.2006630152463913
Quinault,2019-06-28,0.211,0.20112593472003937
Quinault,2019-06-29,0.19,0.19745221734046936
Quinault,2019-06-30,0.176,0.18195216357707977
Quinault,2019-07-01,0.164,0.16471406817436218
Quinault,2019-07-02,0.157,0.16427384316921234
Quinault,2019-07-03,0.152,0.1565951555967331
Quinault,2019-07-04,0.144,0.14606860280036926
Quinault,2019-07-05,0.14,0.13802802562713623
Quinault,2019-07-06,0.136,0.13879069685935974
Quinault,2019-07-07,0.132,0.1343260556459427
Quinault,2019-07-08,0.13,0.1386844962835312
Quinault,2019-07-09,0.14,0.15176551043987274
Quinault,2019-07-10,0.242,0.22082486748695374
Quinault,2019-07-11,0.232,0.21634690463542938
Quinault,2019-07-12,0.212,0.20904192328453064
Quinault,2019-07-13,0.199,0.2067761868238449
Quinault,2019-07-14,0.189,0.1897071748971939
Quinault,2019-07-15,0.181,0.1902426779270172
Quinault,2019-07-16,0.176,0.18565282225608826
Quinault,2019-07-17,0.236,0.21777574717998505
Quinault,2019-07-18,0.236,0.2210235893726349
Quinault,2019-07-19,0.224,0.21741144359111786
Quinault,2019-07-20,0.213,0.2116890400648117
Quinault,2019-07-21,0.203,0.1914188712835312
Quinault,2019-07-22,0.194,0.19847983121871948
Quinault,2019-07-23,0.187,0.19570431113243103
Quinault,2019-07-24,0.182,0.19560711085796356
Quinault,2019-07-25,0.174,0.18310695886611938
Quinault,2019-07-26,0.166,0.1609603762626648
Quinault,2019-07-27,0.194,0.16629165410995483
Quinault,2019-07-28,0.187,0.17069141566753387
Quinault,2019-07-29,0.177,0.16780029237270355
Quinault,2019-07-30,0.169,0.16507215797901154
Quinault,2019-07-31,0.162,0.16645783185958862
Quinault,2019-08-01,0.165,0.16965685784816742
Quinault,2019-08-02,0.245,0.22909027338027954
Quinault,2019-08-03,0.218,0.223886638879776
Quinault,2019-08-04,0.206,0.2157672941684723
Quinault,2019-08-05,0.197,0.20135967433452606
Quinault,2019-08-06,0.19,0.19104869663715363
Quinault,2019-08-07,0.186,0.18339844048023224
Quinault,2019-08-08,0.183,0.1779182106256485
Quinault,2019-08-09,0.179,0.176057368516922
Quinault,2019-08-10,0.198,0.20063015818595886
Quinault,2019-08-11,0.226,0.21172216534614563
Quinault,2019-08-12,0.243,0.22142869234085083
Quinault,2019-08-13,0.225,0.21033921837806702
Quinault,2019-08-14,0.212,0.19989411532878876
Quinault,2019-08-15,0.204,0.19505351781845093
Quinault,2019-08-16,0.197,0.18693752586841583
Quinault,2019-08-17,0.19,0.18337973952293396
Quinault,2019-08-18,0.183,0.17149397730827332
Quinault,2019-08-19,0.177,0.17212164402008057
Quinault,2019-08-20,0.171,0.1600823700428009
Quinault,2019-08-21,0.245,0.21898271143436432
Quinault,2019-08-22,0.238,0.22833487391471863
Quinault,2019-08-23,0.226,0.22919587790966034
Quinault,2019-08-24,0.217,0.22922112047672272
Quinault,2019-08-25,0.208,0.21189941465854645
Quinault,2019-08-26,0.199,0.19785922765731812
Quinault,2019-08-27,0.191,0.19077758491039276
Quinault,2019-08-28,0.183,0.17871423065662384
Quinault,2019-08-29,0.177,0.17099854350090027
Quinault,2019-08-30,0.175,0.1715855598449707
Quinault,2019-08-31,0.178,0.19310934841632843
Quinault,2019-09-01,0.18,0.20268599689006805
Quinault,2019-09-02,0.178,0.20140022039413452
Quinault,2019-09-03,0.176,0.18532128632068634
Quinault,2019-09-04,0.174,0.17518948018550873
Quinault,2019-09-05,0.171,0.1733112931251526
Quinault,2019-09-06,0.168,0.17259815335273743
Quinault,2019-09-07,0.168,0.17144469916820526
Quinault,2019-09-08,0.197,0.18731707334518433
Quinault,2019-09-09,0.232,0.23033636808395386
Quinault,2019-09-10,0.23,0.22925704717636108
Quinault,2019-09-11,0.22,0.2329837828874588
Quinault,2019-09-12,0.233,0.24581404030323029
Quinault,2019-09-13,0.269,0.25232893228530884
Quinault,2019-09-14,0.278,0.26788434386253357
Quinault,2019-09-15,0.268,0.2633894681930542
Quinault,2019-09-16,0.264,0.25768741965293884
Quinault,2019-09-17,0.277,0.2718423008918762
Quinault,2019-09-18,0.258,0.2555564045906067
Quinault,2019-09-19,0.25,0.25170183181762695
Quinault,2019-09-20,0.242,0.2345840185880661
Quinault,2019-09-21,0.236,0.22939549386501312
Quinault,2019-09-22,0.265,0.24771469831466675
Quinault,2019-09-23,0.268,0.2519347369670868
Quinault,2019-09-24,0.259,0.24974869191646576
Quinault,2019-09-25,0.243,0.2360365092754364
Quinault,2019-09-26,0.26,0.2442205250263214
Quinault,2019-09-27,0.243,0.23862439393997192
Quinault,2019-09-28,0.235,0.23861779272556305
Quinault,2019-09-29,0.229,0.2405507117509842
Quinault,2019-09-30,0.223,0.22111663222312927
Quinault,2019-10-01,0.217,0.21294422447681427
Quinault,2019-10-02,0.213,0.2138521820306778
Quinault,2019-10-03,0.251,0.24167048931121826
Quinault,2019-10-04,0.273,0.25159671902656555
Quinault,2019-10-05,0.253,0.24947862327098846
Quinault,2019-10-06,0.243,0.23841777443885803
Quinault,2019-10-07,0.264,0.2558862566947937
Quinault,2019-10-08,0.265,0.24746142327785492
Quinault,2019-10-09,0.247,0.2351618856191635
Quinault,2019-10-10,0.238,0.23416465520858765
Quinault,2019-10-11,0.232,0.22300522029399872
Quinault,2019-10-12,0.229,0.2223902940750122
Quinault,2019-10-13,0.226,0.22083109617233276
Quinault,2019-10-14,0.222,0.2215358018875122
Quinault,2019-10-15,0.236,0.23087917268276215
Quinault,2019-10-16,0.286,0.27323663234710693
Quinault,2019-10-17,0.293,0.2901376187801361
Quinault,2019-10-18,0.289,0.27617141604423523
Quinault,2019-10-19,0.276,0.27490419149398804
Quinault,2019-10-20,0.275,0.2721058428287506
Quinault,2019-10-21,0.309,0.2792728841304779
Quinault,2019-10-22,0.268,0.2517755627632141
Quinault,2019-10-23,0.253,0.23887087404727936
Quinault,2019-10-24,0.247,0.235410675406456
Quinault,2019-10-25,0.246,0.23060066998004913
Quinault,2019-10-27,0.235,0.22902671992778778
Quinault,2019-10-28,0.231,0.22561702132225037
Quinault,2019-10-29,0.227,0.22023601830005646
Quinault,2019-10-30,0.224,0.2183953821659088
Quinault,2019-10-31,0.221,0.21459649503231049
Quinault,2019-11-01,0.22,0.21430009603500366
Quinault,2019-11-02,0.218,0.2142665535211563
Quinault,2019-11-03,0.216,0.21323636174201965
Quinault,2019-11-04,0.215,0.21174758672714233
Quinault,2019-11-05,0.215,0.2127300649881363
Quinault,2019-11-06,0.214,0.21231882274150848
Quinault,2019-11-07,0.213,0.2142021656036377
Quinault,2019-11-08,0.212,0.20798087120056152
Quinault,2019-11-09,0.245,0.23650969564914703
Quinault,2019-11-10,0.25,0.2340225726366043
Quinault,2019-11-11,0.243,0.23117084801197052
Quinault,2019-11-12,0.257,0.241119384765625
Quinault,2019-11-13,0.249,0.2407812476158142
Quinault,2019-11-14,0.244,0.24289706349372864
Quinault,2019-11-15,0.278,0.27212801575660706
Quinault,2019-11-16,0.276,0.27187830209732056
Quinault,2019-11-17,0.291,0.28483593463897705
Quinault,2019-11-18,0.274,0.27481746673583984
Quinault,2019-11-19,0.274,0.26875388622283936
Quinault,2019-11-20,0.253,0.2575180232524872
Quinault,2019-11-21,0.247,0.24736489355564117
Quinault,2019-11-22,0.243,0.24350477755069733
Quinault,2019-11-23,0.265,0.26407068967819214
Quinault,2019-11-24,0.272,0.2662373483181
Quinault,2019-11-25,0.264,0.2565019130706787
Quinault,2019-11-26,0.253,0.2480216920375824
Quinault,2019-11-27,0.248,0.24103420972824097
Quinault,2019-11-28,0.242,0.24099406599998474
Quinault,2019-11-29,0.239,0.2381594479084015
Quinault,2019-11-30,0.287,0.24633842706680298
Quinault,2019-12-01,0.272,0.2544659972190857
Quinault,2019-12-02,0.258,0.25614291429519653
Quinault,2019-12-03,0.271,0.26317280530929565
Quinault,2019-12-04,0.276,0.27009326219558716
Quinault,2019-12-05,0.257,0.2486937791109085
Quinault,2019-12-06,0.262,0.2578572928905487
Quinault,2019-12-07,0.282,0.2669120132923126
Quinault,2019-12-08,0.258,0.2583845853805542
Quinault,2019-12-09,0.251,0.25361600518226624
Quinault,2019-12-10,0.266,0.26224222779273987
Quinault,2019-12-11,0.284,0.27832990884780884
Quinault,2019-12-12,0.298,0.2854015827178955
Quinault,2019-12-13,0.28,0.2736860513687134
Quinault,2019-12-14,0.261,0.2708718180656433
Quinault,2019-12-15,0.253,0.25719544291496277
Quinault,2019-12-16,0.276,0.2540064752101898
Quinault,2019-12-17,0.264,0.2491687685251236
Quinault,2019-12-18,0.28,0.27592793107032776
Quinault,2019-12-19,0.308,0.2937857210636139
Quinault,2019-12-20,0.309,0.29918429255485535
Quinault,2019-12-21,0.288,0.28969448804855347
Quinault,2019-12-22,0.274,0.27653324604034424
Quinault,2019-12-23,0.263,0.2560020983219147
Quinault,2019-12-24,0.267,0.26394596695899963
Quinault,2019-12-25,0.27,0.256218820810318
Quinault,2019-12-26,0.262,0.25920841097831726
Quinault,2019-12-27,0.274,0.25581517815589905
Quinault,2019-12-28,0.265,0.26152360439300537
Quinault,2019-12-29,0.276,0.26592326164245605
Quinault,2019-12-30,0.27,0.2674550712108612
Quinault,2019-12-31,0.325,0.31081318855285645
Quinault,2020-01-01,0.3,0.30687764286994934
Quinault,2020-01-02,0.29,0.3016957640647888
Quinault,2020-01-03,0.307,0.3095060884952545
Quinault,2020-01-04,0.299,0.30353638529777527
Quinault,2020-01-05,0.3,0.30672013759613037
Quinault,2020-01-06,0.361,0.3298501670360565
Quinault,2020-01-07,0.329,0.3197016716003418
Quinault,2020-01-08,0.289,0.30365464091300964
Quinault,2020-01-09,0.276,0.30439287424087524
Quinault,2020-01-10,0.319,0.30636823177337646
Quinault,2020-01-11,0.309,0.30392220616340637
Quinault,2020-01-12,0.319,0.3083426356315613
Quinault,2020-01-13,0.28,0.29787445068359375
Quinault,2020-01-14,0.274,0.28924259543418884
Quinault,2020-01-15,0.288,0.28763940930366516
Quinault,2020-01-16,0.292,0.28661227226257324
Quinault,2020-01-17,0.273,0.2875021696090698
Quinault,2020-01-18,0.311,0.29444190859794617
Quinault,2020-01-19,0.301,0.29043903946876526
Quinault,2020-01-20,0.292,0.29667025804519653
Quinault,2020-01-21,0.325,0.3160843551158905
Quinault,2020-01-22,0.321,0.31551462411880493
Quinault,2020-01-23,0.361,0.3323555290699005
Quinault,2020-01-24,0.319,0.32249757647514343
Quinault,2020-01-25,0.292,0.31593841314315796
Quinault,2020-01-26,0.321,0.31355345249176025
Quinault,2020-01-27,0.308,0.3065347373485565
Quinault,2020-01-28,0.302,0.3035982847213745
Quinault,2020-01-29,0.309,0.3056868314743042
Quinault,2020-01-30,0.305,0.30977001786231995
Quinault,2020-01-31,0.347,0.3227643668651581
Quinault,2020-02-01,0.316,0.31565046310424805
Quinault,2020-02-02,0.287,0.307618647813797
Quinault,2020-02-03,0.283,0.2813476622104645
Quinault,2020-02-04,0.298,0.2993853986263275
Quinault,2020-02-05,0.316,0.2984238862991333
Quinault,2020-02-06,0.326,0.31539642810821533
Quinault,2020-02-07,0.318,0.312531054019928
Quinault,2020-02-08,0.293,0.2980667054653168
Quinault,2020-02-09,0.265,0.26946142315864563
Quinault,2020-02-10,0.258,0.2640640437602997
Quinault,2020-02-11,0.255,0.2593453824520111
Quinault,2020-02-12,0.255,0.2475520670413971
Quinault,2020-02-13,0.276,0.27423152327537537
Quinault,2020-02-14,0.291,0.27466002106666565
Quinault,2020-02-15,0.305,0.2891145348548889
Quinault,2020-02-16,0.288,0.2809162437915802
Quinault,2020-02-17,0.275,0.27776074409484863
Quinault,2020-02-18,0.261,0.2648795247077942
Quinault,2020-02-19,0.255,0.2528367340564728
Quinault,2020-02-20,0.25,0.24994485080242157
Quinault,2020-02-21,0.247,0.24368153512477875
Quinault,2020-02-22,0.272,0.26226651668548584
Quinault,2020-02-23,0.306,0.28877273201942444
Quinault,2020-02-24,0.273,0.27853161096572876
Quinault,2020-02-25,0.26,0.27813485264778137
Quinault,2020-02-26,0.26,0.26337116956710815
Quinault,2020-02-27,0.253,0.24343550205230713
Quinault,2020-02-28,0.271,0.2688470780849457
Quinault,2020-02-29,0.291,0.27278080582618713
Quinault,2020-03-01,0.265,0.2705558240413666
Quinault,2020-03-02,0.289,0.27670615911483765
Quinault,2020-03-03,0.296,0.2757228910923004
Quinault,2020-03-04,0.28,0.2708355486392975
Quinault,2020-03-05,0.286,0.28234174847602844
Quinault,2020-03-06,0.28,0.2780456840991974
Quinault,2020-03-07,0.283,0.2777080237865448
Quinault,2020-03-08,0.266,0.2689666748046875
Quinault,2020-03-09,0.258,0.25448039174079895
Quinault,2020-03-10,0.272,0.2637755274772644
Quinault,2020-03-11,0.28,0.26118752360343933
Quinault,2020-03-12,0.26,0.2593061327934265
Quinault,2020-03-13,0.271,0.2648417055606842
Quinault,2020-03-14,0.263,0.25147026777267456
Quinault,2020-03-15,0.255,0.24960824847221375
Quinault,2020-03-16,0.249,0.24567194283008575
Quinault,2020-03-17,0.244,0.24004462361335754
Quinault,2020-03-18,0.24,0.235600084066391
Quinault,2020-03-19,0.236,0.23090866208076477
Quinault,2020-03-20,0.233,0.2286556512117386
Quinault,2020-03-21,0.23,0.2283506542444229
Quinault,2020-03-22,0.227,0.2319735735654831
Quinault,2020-03-23,0.283,0.2691493332386017
Quinault,2020-03-24,0.288,0.2754107117652893
Quinault,2020-03-25,0.266,0.2631734609603882
Quinault,2020-03-26,0.263,0.26118093729019165
Quinault,2020-03-27,0.295,0.26369374990463257
Quinault,2020-03-28,0.314,0.2891334295272827
Quinault,2020-03-29,0.299,0.2979678809642792
Quinault,2020-03-30,0.306,0.3040923476219177
Quinault,2020-03-31,0.291,0.2924603223800659
Quinault,2020-04-01,0.28,0.28541237115859985
Quinault,2020-04-02,0.271,0.27920717000961304
Quinault,2020-04-03,0.274,0.2696840465068817
Quinault,2020-04-04,0.266,0.26014789938926697
Quinault,2020-04-05,0.256,0.25405627489089966
Quinault,2020-04-06,0.249,0.2520166337490082
Quinault,2020-04-07,0.242,0.23256000876426697
Quinault,2020-04-08,0.236,0.22507011890411377
Quinault,2020-04-09,0.231,0.22143299877643585
Quinault,2020-04-10,0.226,0.21961693465709686
Quinault,2020-04-11,0.221,0.21953622996807098
Quinault,2020-04-12,0.215,0.21750280261039734
Quinault,2020-04-13,0.207,0.21461616456508636
Quinault,2020-04-14,0.201,0.21424394845962524
Quinault,2020-04-15,0.196,0.20047253370285034
Quinault,2020-04-16,0.189,0.1956937313079834
Quinault,2020-04-17,0.183,0.18364004790782928
Quinault,2020-04-18,0.179,0.16777367889881134
Quinault,2020-04-19,0.177,0.16759097576141357
Quinault,2020-04-20,0.173,0.17979669570922852
Quinault,2020-04-21,0.171,0.19557593762874603
Quinault,2020-04-22,0.244,0.24107611179351807
Quinault,2020-04-23,0.259,0.24963025748729706
Quinault,2020-04-24,0.24,0.2485027015209198
Quinault,2020-04-25,0.268,0.2696633040904999
Quinault,2020-04-26,0.265,0.27227267622947693
Quinault,2020-04-27,0.29,0.28100624680519104
Quinault,2020-04-28,0.259,0.27621158957481384
Quinault,2020-04-29,0.264,0.2716066837310791
Quinault,2020-04-30,0.287,0.2738954424858093
Quinault,2020-05-01,0.262,0.26648226380348206
Quinault,2020-05-02,0.284,0.28147587180137634
Quinault,2020-05-03,0.275,0.26955845952033997
Quinault,2020-05-04,0.26,0.26671287417411804
Quinault,2020-05-05,0.262,0.2697193920612335
Quinault,2020-05-06,0.275,0.26340070366859436
Quinault,2020-05-07,0.251,0.2449517399072647
Quinault,2020-05-08,0.237,0.23783732950687408
Quinault,2020-05-09,0.225,0.23483030498027802
Quinault,2020-05-10,0.214,0.21075551211833954
Quinault,2020-05-11,0.209,0.22070299088954926
Quinault,2020-05-12,0.264,0.25565147399902344
Quinault,2020-05-13,0.285,0.2634516656398773
Quinault,2020-05-14,0.26,0.26354214549064636
Quinault,2020-05-15,0.245,0.2498294711112976
Quinault,2020-05-16,0.267,0.26821088790893555
Quinault,2020-05-17,0.268,0.26393839716911316
Quinault,2020-05-18,0.257,0.2584177851676941
Quinault,2020-05-19,0.252,0.25440073013305664
Quinault,2020-05-20,0.241,0.25310564041137695
Quinault,2020-05-21,0.267,0.25796738266944885
Quinault,2020-05-22,0.271,0.26070675253868103
Quinault,2020-05-23,0.252,0.25392091274261475
Quinault,2020-05-24,0.241,0.2566811740398407
Quinault,2020-05-25,0.266,0.2543281614780426
Quinault,2020-05-26,0.253,0.24602055549621582
Quinault,2020-05-27,0.237,0.24011144042015076
Quinault,2020-05-28,0.225,0.2322884500026703
Quinault,2020-05-29,0.212,0.216813325881958
Quinault,2020-05-30,0.221,0.22820338606834412
Quinault,2020-05-31,0.241,0.22077849507331848
Quinault,2020-06-01,0.226,0.21490444242954254
Quinault,2020-06-02,0.215,0.20799218118190765
Quinault,2020-06-03,0.209,0.2050379365682602
Quinault,2020-06-04,0.201,0.19837823510169983
Quinault,2020-06-05,0.194,0.19227437674999237
Quinault,2020-06-06,0.207,0.2194693684577942
Quinault,2020-06-07,0.242,0.23528030514717102
Quinault,2020-06-08,0.235,0.24171894788742065
Quinault,2020-06-09,0.289,0.27395668625831604
Quinault,2020-06-10,0.263,0.266018271446228
Quinault,2020-06-11,0.251,0.25659528374671936
Quinault,2020-06-12,0.272,0.2697356641292572
Quinault,2020-06-13,0.272,0.27050650119781494
Quinault,2020-06-14,0.256,0.2560659646987915
Quinault,2020-06-15,0.278,0.27101603150367737
Quinault,2020-06-16,0.265,0.2681044042110443
Quinault,2020-06-17,0.253,0.2503223419189453
Quinault,2020-06-18,0.241,0.2460719347000122
Quinault,2020-06-19,0.23,0.23299387097358704
Quinault,2020-06-20,0.265,0.2545565962791443
Quinault,2020-06-21,0.258,0.2409319281578064
Quinault,2020-06-22,0.241,0.23363631963729858
Quinault,2020-06-23,0.228,0.22363780438899994
Quinault,2020-06-24,0.218,0.21006964147090912
Quinault,2020-06-25,0.207,0.20723406970500946
Quinault,2020-06-26,0.195,0.2053544521331787
Quinault,2020-06-27,0.186,0.19441182911396027
Quinault,2020-06-28,0.182,0.17787331342697144
Quinault,2020-06-29,0.177,0.1763019561767578
Quinault,2020-06-30,0.172,0.1757766604423523
Quinault,2020-07-01,0.17,0.1744638830423355
Quinault,2020-07-02,0.169,0.18023373186588287
Quinault,2020-07-03,0.188,0.19171296060085297
Quinault,2020-07-04,0.184,0.1895187795162201
Quinault,2020-07-05,0.177,0.18315771222114563
Quinault,2020-07-06,0.171,0.1784006655216217
Quinault,2020-07-07,0.168,0.174498051404953
Quinault,2020-07-08,0.165,0.15298707783222198
Quinault,2020-07-09,0.166,0.17565487325191498
Quinault,2020-07-10,0.168,0.16897021234035492
Quinault,2020-07-11,0.174,0.18856504559516907
Quinault,2020-07-12,0.226,0.20139722526073456
Quinault,2020-07-13,0.205,0.19934390485286713
Quinault,2020-07-14,0.189,0.1888829916715622
Quinault,2020-07-15,0.176,0.1768062859773636
Quinault,2020-07-16,0.166,0.16554637253284454
Quinault,2020-07-17,0.159,0.15376493334770203
Quinault,2020-07-18,0.152,0.14943060278892517
Quinault,2020-07-19,0.146,0.1404636800289154
Quinault,2020-07-20,0.14,0.13735738396644592
Quinault,2020-07-21,0.135,0.13174565136432648
Quinault,2020-07-22,0.131,0.1293059140443802
Quinault,2020-07-23,0.128,0.12420432269573212
Quinault,2020-07-24,0.124,0.12151063233613968
Quinault,2020-07-25,0.121,0.12161242961883545
Quinault,2020-07-26,0.117,0.11458437144756317
Quinault,2020-07-27,0.114,0.11337024718523026
Quinault,2020-07-28,0.111,0.11142441630363464
Quinault,2020-07-29,0.109,0.10354415327310562
Quinault,2020-07-30,0.107,0.10537990927696228
Quinault,2020-07-31,0.105,0.0982874408364296
Quinault,2020-08-01,0.105,0.0892639234662056
Quinault,2020-08-02,0.104,0.08502721786499023
Quinault,2020-08-03,0.103,0.10080147534608841
Quinault,2020-08-04,0.102,0.10258415341377258
Quinault,2020-08-05,0.102,0.10307633876800537
Quinault,2020-08-06,0.131,0.12010350823402405
Quinault,2020-08-07,0.13,0.11752129346132278
Quinault,2020-08-08,0.128,0.11958707123994827
Quinault,2020-08-09,0.124,0.12617982923984528
Quinault,2020-08-10,0.12,0.11863237619400024
Quinault,2020-08-11,0.115,0.11967013776302338
Quinault,2020-08-12,0.112,0.1097707450389862
Quinault,2020-08-13,0.108,0.10428424924612045
Quinault,2020-08-14,0.107,0.09689702093601227
Quinault,2020-08-15,0.104,0.09327084571123123
Quinault,2020-08-16,0.102,0.08888067305088043
Quinault,2020-08-17,0.101,0.08325394988059998
Quinault,2020-08-18,0.099,0.08298879861831665
Quinault,2020-08-19,0.098,0.08165012300014496
Quinault,2020-08-20,0.169,0.16053923964500427
Quinault,2020-08-21,0.216,0.22485469281673431
Quinault,2020-08-22,0.214,0.21749119460582733
Quinault,2020-08-23,0.201,0.20778822898864746
Quinault,2020-08-24,0.194,0.2028769999742508
Quinault,2020-08-25,0.187,0.19291852414608002
Quinault,2020-08-26,0.181,0.18492905795574188
Quinault,2020-08-27,0.175,0.17753595113754272
Quinault,2020-08-28,0.17,0.17700527608394623
Quinault,2020-08-29,0.166,0.16867636144161224
Quinault,2020-08-30,0.16,0.17105017602443695
Quinault,2020-08-31,0.156,0.1669968217611313
Quinault,2020-09-01,0.153,0.14896953105926514
Quinault,2020-09-02,0.149,0.15001946687698364
Quinault,2020-09-03,0.145,0.14604532718658447
Quinault,2020-09-04,0.142,0.13600163161754608
Quinault,2020-09-05,0.14,0.13896170258522034
Quinault,2020-09-06,0.137,0.13222838938236237
Quinault,2020-09-07,0.135,0.1320282518863678
Quinault,2020-09-08,0.13,0.12677191197872162
Quinault,2020-09-09,0.127,0.120745949447155
Quinault,2020-09-10,0.124,0.11429213732481003
Quinault,2020-09-11,0.122,0.11508865654468536
Quinault,2020-09-12,0.122,0.11430700123310089
Quinault,2020-09-13,0.12,0.10643011331558228
Quinault,2020-09-14,0.12,0.12322257459163666
Quinault,2020-09-15,0.122,0.1256018877029419
Quinault,2020-09-16,0.134,0.12609541416168213
Quinault,2020-09-17,0.135,0.13122735917568207
Quinault,2020-09-18,0.148,0.16762784123420715
Quinault,2020-09-19,0.189,0.1950332522392273
Quinault,2020-09-20,0.198,0.20176079869270325
Quinault,2020-09-21,0.193,0.2043372541666031
Quinault,2020-09-22,0.202,0.20178014039993286
Quinault,2020-09-23,0.268,0.259333074092865
Quinault,2020-09-24,0.27,0.2661832869052887
Quinault,2020-09-25,0.27,0.2754542827606201
Quinault,2020-09-26,0.249,0.266085684299469
Quinault,2020-09-27,0.234,0.23975662887096405
Quinault,2020-09-28,0.224,0.22591248154640198
Quinault,2020-09-29,0.216,0.2117283046245575
Quinault,2020-09-30,0.21,0.20575860142707825
Quinault,2020-10-01,0.206,0.2042553722858429
Quinault,2020-10-02,0.202,0.20587603747844696
Quinault,2020-10-03,0.199,0.19662609696388245
Quinault,2020-10-04,0.197,0.19585196673870087
Quinault,2020-10-05,0.194,0.18962588906288147
Quinault,2020-10-06,0.189,0.18818295001983643
Quinault,2020-10-07,0.184,0.18479062616825104
Quinault,2020-10-08,0.182,0.18801352381706238
Quinault,2020-10-09,0.207,0.23958061635494232
Quinault,2020-10-10,0.27,0.2589084506034851
Quinault,2020-10-11,0.271,0.26884889602661133
Quinault,2020-10-12,0.246,0.26800429821014404
Quinault,2020-10-13,0.275,0.27229025959968567
Quinault,2020-10-14,0.253,0.2596868574619293
Quinault,2020-10-15,0.234,0.23579278588294983
Quinault,2020-10-16,0.253,0.2609025239944458
Quinault,2020-10-17,0.24,0.2411685585975647
Quinault,2020-10-18,0.258,0.25096940994262695
Quinault,2020-10-19,0.241,0.24888646602630615
Quinault,2020-10-20,0.232,0.2387651950120926
Quinault,2020-10-21,0.226,0.24373850226402283
Quinault,2020-10-22,0.222,0.2268085777759552
Quinault,2020-10-23,0.247,0.2508079707622528
Quinault,2020-10-24,0.247,0.24621640145778656
Quinault,2020-10-25,0.236,0.24321994185447693
Quinault,2020-10-26,0.23,0.23636648058891296
Quinault,2020-10-27,0.226,0.22918762266635895
Quinault,2020-10-28,0.224,0.22907321155071259
Quinault,2020-10-29,0.222,0.23425960540771484
Quinault,2020-10-30,0.255,0.2541120946407318
Quinault,2020-10-31,0.235,0.24223661422729492
Quinault,2020-11-01,0.229,0.23814697563648224
Quinault,2020-11-02,0.224,0.23975931107997894
Quinault,2020-11-03,0.277,0.27295488119125366
Quinault,2020-11-04,0.289,0.2878609299659729
Quinault,2020-11-05,0.27,0.2749216556549072
Quinault,2020-11-06,0.243,0.25139880180358887
Quinault,2020-11-07,0.234,0.24407073855400085
Quinault,2020-11-08,0.228,0.23995864391326904
Quinault,2020-11-09,0.24,0.24447347223758698
Quinault,2020-11-10,0.277,0.25776568055152893
Quinault,2020-11-11,0.248,0.25173601508140564
Quinault,2020-11-12,0.271,0.2870803773403168
Quinault,2020-11-13,0.292,0.29104071855545044
Quinault,2020-11-14,0.281,0.2817942500114441
Quinault,2020-11-15,0.277,0.2820635139942169
Quinault,2020-11-16,0.273,0.28720685839653015
Quinault,2020-11-17,0.286,0.2891097962856293
Quinault,2020-11-18,0.297,0.2902126610279083
Quinault,2020-11-19,0.285,0.2910561263561249
Quinault,2020-11-20,0.29,0.2922561466693878
Quinault,2020-11-21,0.262,0.26640191674232483
Quinault,2020-11-22,0.261,0.27643290162086487
Quinault,2020-11-23,0.27,0.2681260406970978
Quinault,2020-11-24,0.282,0.27734890580177307
Quinault,2020-11-25,0.276,0.2727024555206299
Quinault,2020-11-26,0.26,0.2707354724407196
Quinault,2020-11-27,0.272,0.27435606718063354
Quinault,2020-11-28,0.26,0.2567155957221985
Quinault,2020-11-29,0.247,0.26095202565193176
Quinault,2020-11-30,0.277,0.271959513425827
Quinault,2020-12-01,0.249,0.2552745044231415
Quinault,2020-12-02,0.244,0.25085359811782837
Quinault,2020-12-03,0.242,0.2639327943325043
Quinault,2020-12-04,0.239,0.23820729553699493
Quinault,2020-12-05,0.237,0.251089870929718
Quinault,2020-12-06,0.26,0.25776466727256775
Quinault,2020-12-07,0.265,0.27369269728660583
Quinault,2020-12-08,0.29,0.2812685966491699
Quinault,2020-12-09,0.262,0.27764618396759033
Quinault,2020-12-10,0.261,0.2795610725879669
Quinault,2020-12-11,0.267,0.27930372953414917
Quinault,2020-12-12,0.25,0.26551592350006104
Quinault,2020-12-13,0.288,0.28337761759757996
Quinault,2020-12-14,0.275,0.27884137630462646
Quinault,2020-12-15,0.287,0.2875199019908905
Quinault,2020-12-16,0.288,0.29551151394844055
Quinault,2020-12-17,0.287,0.2873667776584625
Quinault,2020-12-18,0.294,0.29229122400283813
Quinault,2020-12-19,0.286,0.29067960381507874
Quinault,2020-12-20,0.272,0.2809329330921173
Quinault,2020-12-21,0.295,0.2899007499217987
Quinault,2020-12-22,0.264,0.2661097049713135
Quinault,2020-12-23,0.252,0.250264972448349
Quinault,2020-12-24,0.248,0.25217512249946594
Quinault,2020-12-25,0.285,0.27052196860313416
Quinault,2020-12-26,0.296,0.28562626242637634
Quinault,2020-12-27,0.287,0.282979816198349
Quinault,2020-12-28,0.255,0.25676408410072327
Quinault,2020-12-29,0.267,0.27726027369499207
Quinault,2020-12-30,0.309,0.2918764352798462
Quinault,2020-12-31,0.29,0.2838206887245178
SourdoughGulch_WA_985,2017-01-11,0.3,0.303411602973938
SourdoughGulch_WA_985,2017-01-12,0.302,0.30437183380126953
SourdoughGulch_WA_985,2017-01-13,0.303,0.30709731578826904
SourdoughGulch_WA_985,2017-01-14,0.303,0.3060453236103058
SourdoughGulch_WA_985,2017-01-15,0.301,0.3028514087200165
SourdoughGulch_WA_985,2017-01-16,0.3,0.3040153980255127
SourdoughGulch_WA_985,2017-01-17,0.299,0.3051263689994812
SourdoughGulch_WA_985,2017-01-18,0.298,0.30685603618621826
SourdoughGulch_WA_985,2017-01-19,0.298,0.3138113021850586
SourdoughGulch_WA_985,2017-01-20,0.311,0.3168420195579529
SourdoughGulch_WA_985,2017-01-21,0.317,0.3179813325405121
SourdoughGulch_WA_985,2017-01-22,0.318,0.31779250502586365
SourdoughGulch_WA_985,2017-01-23,0.319,0.31945380568504333
SourdoughGulch_WA_985,2017-01-24,0.318,0.31797918677330017
SourdoughGulch_WA_985,2017-01-25,0.317,0.3155882954597473
SourdoughGulch_WA_985,2017-01-26,0.315,0.3137396574020386
SourdoughGulch_WA_985,2017-01-27,0.314,0.3123435378074646
SourdoughGulch_WA_985,2017-01-28,0.313,0.3120298683643341
SourdoughGulch_WA_985,2017-01-29,0.311,0.30945277214050293
SourdoughGulch_WA_985,2017-01-30,0.31,0.3096078038215637
SourdoughGulch_WA_985,2017-01-31,0.309,0.3081459105014801
SourdoughGulch_WA_985,2017-02-01,0.309,0.31237101554870605
SourdoughGulch_WA_985,2017-02-02,0.31,0.31078052520751953
SourdoughGulch_WA_985,2017-02-03,0.308,0.3011264204978943
SourdoughGulch_WA_985,2017-02-04,0.306,0.3104637563228607
SourdoughGulch_WA_985,2017-02-05,0.309,0.3175429105758667
SourdoughGulch_WA_985,2017-02-06,0.34,0.3261464834213257
SourdoughGulch_WA_985,2017-02-07,0.339,0.3307889699935913
SourdoughGulch_WA_985,2017-02-08,0.333,0.33328473567962646
SourdoughGulch_WA_985,2017-02-09,0.331,0.34023094177246094
SourdoughGulch_WA_985,2017-02-10,0.356,0.34103259444236755
SourdoughGulch_WA_985,2017-02-11,0.343,0.3429468870162964
SourdoughGulch_WA_985,2017-02-12,0.334,0.3428085148334503
SourdoughGulch_WA_985,2017-02-13,0.324,0.33328965306282043
SourdoughGulch_WA_985,2017-02-14,0.318,0.33099955320358276
SourdoughGulch_WA_985,2017-02-15,0.319,0.32804590463638306
SourdoughGulch_WA_985,2017-02-16,0.354,0.34614697098731995
SourdoughGulch_WA_985,2017-02-17,0.358,0.3481941819190979
SourdoughGulch_WA_985,2017-02-18,0.348,0.3473985493183136
SourdoughGulch_WA_985,2017-02-19,0.355,0.3440776467323303
SourdoughGulch_WA_985,2017-02-20,0.342,0.328716903924942
SourdoughGulch_WA_985,2017-02-21,0.353,0.3384517431259155
SourdoughGulch_WA_985,2017-02-22,0.353,0.3306344151496887
SourdoughGulch_WA_985,2017-02-23,0.336,0.31648340821266174
SourdoughGulch_WA_985,2017-02-24,0.315,0.3085518181324005
SourdoughGulch_WA_985,2017-02-25,0.293,0.2928028106689453
SourdoughGulch_WA_985,2017-02-26,0.264,0.28337451815605164
SourdoughGulch_WA_985,2017-02-27,0.26,0.2810314893722534
SourdoughGulch_WA_985,2017-02-28,0.284,0.29389697313308716
SourdoughGulch_WA_985,2017-03-01,0.293,0.3040509521961212
SourdoughGulch_WA_985,2017-03-02,0.296,0.3045138418674469
SourdoughGulch_WA_985,2017-03-03,0.298,0.3011467754840851
SourdoughGulch_WA_985,2017-03-04,0.321,0.30812427401542664
SourdoughGulch_WA_985,2017-03-05,0.329,0.32435011863708496
SourdoughGulch_WA_985,2017-03-06,0.327,0.3175966739654541
SourdoughGulch_WA_985,2017-03-07,0.327,0.32350432872772217
SourdoughGulch_WA_985,2017-03-08,0.325,0.3310418426990509
SourdoughGulch_WA_985,2017-03-09,0.343,0.3459298312664032
SourdoughGulch_WA_985,2017-03-10,0.353,0.3478388786315918
SourdoughGulch_WA_985,2017-03-11,0.356,0.34718406200408936
SourdoughGulch_WA_985,2017-03-12,0.357,0.34528475999832153
SourdoughGulch_WA_985,2017-03-13,0.357,0.3486068546772003
SourdoughGulch_WA_985,2017-03-14,0.352,0.34934139251708984
SourdoughGulch_WA_985,2017-03-15,0.35,0.3465005159378052
SourdoughGulch_WA_985,2017-03-16,0.344,0.34485000371932983
SourdoughGulch_WA_985,2017-03-17,0.343,0.3443659842014313
SourdoughGulch_WA_985,2017-03-18,0.339,0.34491169452667236
SourdoughGulch_WA_985,2017-03-19,0.358,0.34291329979896545
SourdoughGulch_WA_985,2017-03-20,0.341,0.3424738943576813
SourdoughGulch_WA_985,2017-03-21,0.338,0.3435630202293396
SourdoughGulch_WA_985,2017-03-22,0.339,0.3437843918800354
SourdoughGulch_WA_985,2017-03-23,0.349,0.3420509397983551
SourdoughGulch_WA_985,2017-03-24,0.341,0.3447732925415039
SourdoughGulch_WA_985,2017-03-25,0.339,0.3416353762149811
SourdoughGulch_WA_985,2017-03-26,0.354,0.3416360020637512
SourdoughGulch_WA_985,2017-03-27,0.342,0.3391897976398468
SourdoughGulch_WA_985,2017-03-28,0.34,0.337228924036026
SourdoughGulch_WA_985,2017-03-29,0.334,0.3450590670108795
SourdoughGulch_WA_985,2017-03-30,0.345,0.34363168478012085
SourdoughGulch_WA_985,2017-03-31,0.344,0.345961332321167
SourdoughGulch_WA_985,2017-04-01,0.338,0.33594822883605957
SourdoughGulch_WA_985,2017-04-02,0.336,0.332380473613739
SourdoughGulch_WA_985,2017-04-03,0.331,0.32878565788269043
SourdoughGulch_WA_985,2017-04-04,0.326,0.33119234442710876
SourdoughGulch_WA_985,2017-04-05,0.325,0.33313435316085815
SourdoughGulch_WA_985,2017-04-06,0.326,0.3291788101196289
SourdoughGulch_WA_985,2017-04-07,0.322,0.32972806692123413
SourdoughGulch_WA_985,2017-04-08,0.327,0.3358810544013977
SourdoughGulch_WA_985,2017-04-09,0.329,0.3376893103122711
SourdoughGulch_WA_985,2017-04-10,0.34,0.3371342122554779
SourdoughGulch_WA_985,2017-04-11,0.337,0.3373863995075226
SourdoughGulch_WA_985,2017-04-12,0.333,0.3377818465232849
SourdoughGulch_WA_985,2017-04-13,0.334,0.3360121250152588
SourdoughGulch_WA_985,2017-04-14,0.348,0.33409571647644043
SourdoughGulch_WA_985,2017-04-15,0.34,0.33739885687828064
SourdoughGulch_WA_985,2017-04-16,0.335,0.3352665901184082
SourdoughGulch_WA_985,2017-04-17,0.336,0.34016621112823486
SourdoughGulch_WA_985,2017-04-18,0.338,0.3400486409664154
SourdoughGulch_WA_985,2017-04-19,0.344,0.3398900628089905
SourdoughGulch_WA_985,2017-04-20,0.341,0.3399277627468109
SourdoughGulch_WA_985,2017-04-21,0.341,0.34068405628204346
SourdoughGulch_WA_985,2017-04-22,0.335,0.33666062355041504
SourdoughGulch_WA_985,2017-04-23,0.333,0.3373867869377136
SourdoughGulch_WA_985,2017-04-24,0.352,0.341850608587265
SourdoughGulch_WA_985,2017-04-25,0.357,0.34886547923088074
SourdoughGulch_WA_985,2017-04-26,0.354,0.34837856888771057
SourdoughGulch_WA_985,2017-04-27,0.35,0.3469184935092926
SourdoughGulch_WA_985,2017-04-28,0.345,0.3422475755214691
SourdoughGulch_WA_985,2017-04-29,0.339,0.3386208713054657
SourdoughGulch_WA_985,2017-04-30,0.337,0.3405783176422119
SourdoughGulch_WA_985,2017-05-01,0.334,0.3371829092502594
SourdoughGulch_WA_985,2017-05-02,0.333,0.33868125081062317
SourdoughGulch_WA_985,2017-05-03,0.341,0.3347626328468323
SourdoughGulch_WA_985,2017-05-04,0.343,0.33607491850852966
SourdoughGulch_WA_985,2017-05-05,0.34,0.33538079261779785
SourdoughGulch_WA_985,2017-05-06,0.37,0.3464765250682831
SourdoughGulch_WA_985,2017-05-07,0.355,0.3462175726890564
SourdoughGulch_WA_985,2017-05-08,0.35,0.34593743085861206
SourdoughGulch_WA_985,2017-05-09,0.345,0.344371497631073
SourdoughGulch_WA_985,2017-05-10,0.34,0.33464857935905457
SourdoughGulch_WA_985,2017-05-11,0.335,0.32991766929626465
SourdoughGulch_WA_985,2017-05-12,0.329,0.33629724383354187
SourdoughGulch_WA_985,2017-05-13,0.347,0.3462378680706024
SourdoughGulch_WA_985,2017-05-14,0.356,0.35508623719215393
SourdoughGulch_WA_985,2017-05-15,0.359,0.3502281606197357
SourdoughGulch_WA_985,2017-05-16,0.351,0.3531629741191864
SourdoughGulch_WA_985,2017-05-17,0.354,0.35431933403015137
SourdoughGulch_WA_985,2017-05-18,0.355,0.3553767800331116
SourdoughGulch_WA_985,2017-05-19,0.352,0.3552103638648987
SourdoughGulch_WA_985,2017-05-20,0.348,0.35381537675857544
SourdoughGulch_WA_985,2017-05-21,0.35,0.3567321300506592
SourdoughGulch_WA_985,2017-05-22,0.347,0.34274524450302124
SourdoughGulch_WA_985,2017-05-23,0.341,0.3454210162162781
SourdoughGulch_WA_985,2017-05-24,0.334,0.3279440402984619
SourdoughGulch_WA_985,2017-05-25,0.319,0.3133125603199005
SourdoughGulch_WA_985,2017-05-26,0.309,0.31146755814552307
SourdoughGulch_WA_985,2017-05-27,0.305,0.3107852339744568
SourdoughGulch_WA_985,2017-05-28,0.299,0.2985725402832031
SourdoughGulch_WA_985,2017-05-29,0.289,0.2883876860141754
SourdoughGulch_WA_985,2017-05-30,0.278,0.27592459321022034
SourdoughGulch_WA_985,2017-05-31,0.265,0.26975658535957336
SourdoughGulch_WA_985,2017-06-01,0.253,0.266943097114563
SourdoughGulch_WA_985,2017-06-02,0.253,0.2732970118522644
SourdoughGulch_WA_985,2017-06-03,0.277,0.27714210748672485
SourdoughGulch_WA_985,2017-06-04,0.277,0.2750343382358551
SourdoughGulch_WA_985,2017-06-05,0.268,0.27931827306747437
SourdoughGulch_WA_985,2017-06-06,0.291,0.2853825092315674
SourdoughGulch_WA_985,2017-06-07,0.289,0.29004576802253723
SourdoughGulch_WA_985,2017-06-08,0.283,0.2961820960044861
SourdoughGulch_WA_985,2017-06-09,0.268,0.3080499768257141
SourdoughGulch_WA_985,2017-06-10,0.354,0.3386631906032562
SourdoughGulch_WA_985,2017-06-11,0.341,0.3389118015766144
SourdoughGulch_WA_985,2017-06-12,0.35,0.3409152030944824
SourdoughGulch_WA_985,2017-06-13,0.34,0.3354756534099579
SourdoughGulch_WA_985,2017-06-14,0.331,0.3247452974319458
SourdoughGulch_WA_985,2017-06-15,0.323,0.32852545380592346
SourdoughGulch_WA_985,2017-06-16,0.317,0.32835710048675537
SourdoughGulch_WA_985,2017-06-17,0.323,0.32017460465431213
SourdoughGulch_WA_985,2017-06-18,0.322,0.31952545046806335
SourdoughGulch_WA_985,2017-06-19,0.318,0.3229922354221344
SourdoughGulch_WA_985,2017-06-20,0.313,0.31327855587005615
SourdoughGulch_WA_985,2017-06-21,0.306,0.30000224709510803
SourdoughGulch_WA_985,2017-06-22,0.294,0.2900426983833313
SourdoughGulch_WA_985,2017-06-23,0.276,0.284701406955719
SourdoughGulch_WA_985,2017-06-24,0.278,0.28311219811439514
SourdoughGulch_WA_985,2017-06-25,0.27,0.2717401385307312
SourdoughGulch_WA_985,2017-06-26,0.26,0.24971431493759155
SourdoughGulch_WA_985,2017-06-27,0.251,0.2772611677646637
SourdoughGulch_WA_985,2017-06-28,0.311,0.29096415638923645
SourdoughGulch_WA_985,2017-06-29,0.298,0.2915812134742737
SourdoughGulch_WA_985,2017-06-30,0.288,0.282882422208786
SourdoughGulch_WA_985,2017-07-01,0.281,0.2737523913383484
SourdoughGulch_WA_985,2017-07-02,0.27,0.26832520961761475
SourdoughGulch_WA_985,2017-07-03,0.261,0.2579554617404938
SourdoughGulch_WA_985,2017-07-04,0.248,0.23744294047355652
SourdoughGulch_WA_985,2017-07-05,0.229,0.22858163714408875
SourdoughGulch_WA_985,2017-07-06,0.215,0.21630527079105377
SourdoughGulch_WA_985,2017-07-07,0.199,0.21215012669563293
SourdoughGulch_WA_985,2017-07-08,0.185,0.20655658841133118
SourdoughGulch_WA_985,2017-07-09,0.174,0.17554126679897308
SourdoughGulch_WA_985,2017-07-10,0.164,0.16902336478233337
SourdoughGulch_WA_985,2017-07-11,0.153,0.15708008408546448
SourdoughGulch_WA_985,2017-07-12,0.15,0.1604270190000534
SourdoughGulch_WA_985,2017-07-13,0.148,0.13389484584331512
SourdoughGulch_WA_985,2017-07-14,0.144,0.13804025948047638
SourdoughGulch_WA_985,2017-07-15,0.141,0.13673020899295807
SourdoughGulch_WA_985,2017-07-16,0.135,0.13419325649738312
SourdoughGulch_WA_985,2017-07-17,0.134,0.13752055168151855
SourdoughGulch_WA_985,2017-07-18,0.125,0.13811472058296204
SourdoughGulch_WA_985,2017-07-19,0.123,0.12675680220127106
SourdoughGulch_WA_985,2017-07-20,0.119,0.12424071878194809
SourdoughGulch_WA_985,2017-07-21,0.119,0.1248917505145073
SourdoughGulch_WA_985,2017-07-22,0.111,0.11461589485406876
SourdoughGulch_WA_985,2017-07-23,0.114,0.11254838854074478
SourdoughGulch_WA_985,2017-07-24,0.111,0.10665634274482727
SourdoughGulch_WA_985,2017-07-25,0.105,0.10147138684988022
SourdoughGulch_WA_985,2017-07-26,0.102,0.09385556727647781
SourdoughGulch_WA_985,2017-07-27,0.098,0.09402172267436981
SourdoughGulch_WA_985,2017-07-28,0.098,0.08882651478052139
SourdoughGulch_WA_985,2017-07-29,0.094,0.08970101177692413
SourdoughGulch_WA_985,2017-07-30,0.096,0.09002003818750381
SourdoughGulch_WA_985,2017-07-31,0.092,0.09089372307062149
SourdoughGulch_WA_985,2017-08-01,0.092,0.09048077464103699
SourdoughGulch_WA_985,2017-08-02,0.086,0.08908736705780029
SourdoughGulch_WA_985,2017-08-03,0.085,0.0884709283709526
SourdoughGulch_WA_985,2017-08-04,0.084,0.08591561019420624
SourdoughGulch_WA_985,2017-08-05,0.08,0.08345223218202591
SourdoughGulch_WA_985,2017-08-06,0.074,0.08314507454633713
SourdoughGulch_WA_985,2017-08-07,0.072,0.08666620403528214
SourdoughGulch_WA_985,2017-08-08,0.07,0.08377845585346222
SourdoughGulch_WA_985,2017-08-09,0.072,0.08417464047670364
SourdoughGulch_WA_985,2017-08-10,0.074,0.08254814147949219
SourdoughGulch_WA_985,2017-08-11,0.066,0.07904510945081711
SourdoughGulch_WA_985,2017-08-12,0.063,0.06231510639190674
SourdoughGulch_WA_985,2017-08-13,0.059,0.06121913716197014
SourdoughGulch_WA_985,2017-08-14,0.054,0.06428464502096176
SourdoughGulch_WA_985,2017-08-15,0.057,0.06627586483955383
SourdoughGulch_WA_985,2017-08-16,0.067,0.06961126625537872
SourdoughGulch_WA_985,2017-08-17,0.068,0.07038547843694687
SourdoughGulch_WA_985,2017-08-18,0.079,0.07087484002113342
SourdoughGulch_WA_985,2017-08-19,0.082,0.07001236826181412
SourdoughGulch_WA_985,2017-08-20,0.073,0.07029535621404648
SourdoughGulch_WA_985,2017-08-21,0.078,0.07216572761535645
SourdoughGulch_WA_985,2017-08-22,0.075,0.07224594056606293
SourdoughGulch_WA_985,2017-08-23,0.073,0.07130332291126251
SourdoughGulch_WA_985,2017-08-24,0.071,0.06790264695882797
SourdoughGulch_WA_985,2017-08-25,0.066,0.06920549273490906
SourdoughGulch_WA_985,2017-08-26,0.067,0.07129313051700592
SourdoughGulch_WA_985,2017-08-27,0.068,0.06852853298187256
SourdoughGulch_WA_985,2017-08-28,0.061,0.06580545753240585
SourdoughGulch_WA_985,2017-08-29,0.063,0.06574800610542297
SourdoughGulch_WA_985,2017-08-30,0.063,0.06381084024906158
SourdoughGulch_WA_985,2017-08-31,0.06,0.062498874962329865
SourdoughGulch_WA_985,2017-09-01,0.061,0.0627201646566391
SourdoughGulch_WA_985,2017-09-02,0.059,0.06235760822892189
SourdoughGulch_WA_985,2017-09-03,0.062,0.061478808522224426
SourdoughGulch_WA_985,2017-09-04,0.054,0.05971170589327812
SourdoughGulch_WA_985,2017-09-05,0.055,0.05693988874554634
SourdoughGulch_WA_985,2017-09-06,0.05,0.056663885712623596
SourdoughGulch_WA_985,2017-09-07,0.053,0.056966930627822876
SourdoughGulch_WA_985,2017-09-08,0.049,0.05756809189915657
SourdoughGulch_WA_985,2017-09-09,0.047,0.05295948311686516
SourdoughGulch_WA_985,2017-09-10,0.051,0.05419307202100754
SourdoughGulch_WA_985,2017-09-11,0.046,0.04741048440337181
SourdoughGulch_WA_985,2017-09-12,0.045,0.0491878017783165
SourdoughGulch_WA_985,2017-09-13,0.047,0.05161866545677185
SourdoughGulch_WA_985,2017-09-14,0.042,0.04594530537724495
SourdoughGulch_WA_985,2017-09-15,0.04,0.047226011753082275
SourdoughGulch_WA_985,2017-09-16,0.032,0.04728509113192558
SourdoughGulch_WA_985,2017-09-17,0.034,0.0430561825633049
SourdoughGulch_WA_985,2017-09-18,0.033,0.031120100989937782
SourdoughGulch_WA_985,2017-09-19,0.032,0.028104575350880623
SourdoughGulch_WA_985,2017-09-20,0.032,0.034341804683208466
SourdoughGulch_WA_985,2017-09-21,0.032,0.03457748144865036
SourdoughGulch_WA_985,2017-09-22,0.034,0.03728280961513519
SourdoughGulch_WA_985,2017-09-23,0.043,0.04719614237546921
SourdoughGulch_WA_985,2017-09-24,0.059,0.06105734035372734
SourdoughGulch_WA_985,2017-09-25,0.062,0.08195916563272476
SourdoughGulch_WA_985,2017-09-26,0.072,0.07858114689588547
SourdoughGulch_WA_985,2017-09-27,0.085,0.08703602850437164
SourdoughGulch_WA_985,2017-09-28,0.087,0.08156125992536545
SourdoughGulch_WA_985,2017-09-29,0.092,0.08686722069978714
SourdoughGulch_WA_985,2017-09-30,0.093,0.08088381588459015
SourdoughGulch_WA_985,2017-10-01,0.086,0.07864632457494736
SourdoughGulch_WA_985,2017-10-02,0.085,0.09406443685293198
SourdoughGulch_WA_985,2017-10-03,0.083,0.08506812900304794
SourdoughGulch_WA_985,2017-10-04,0.077,0.08107941597700119
SourdoughGulch_WA_985,2017-10-05,0.082,0.07776133716106415
SourdoughGulch_WA_985,2017-10-06,0.082,0.07807669043540955
SourdoughGulch_WA_985,2017-10-07,0.079,0.08277060836553574
SourdoughGulch_WA_985,2017-10-08,0.077,0.08590759336948395
SourdoughGulch_WA_985,2017-10-09,0.071,0.08048230409622192
SourdoughGulch_WA_985,2017-10-10,0.078,0.0794842392206192
SourdoughGulch_WA_985,2017-10-11,0.07,0.0747804194688797
SourdoughGulch_WA_985,2017-10-12,0.078,0.08052579313516617
SourdoughGulch_WA_985,2017-10-13,0.067,0.07315678894519806
SourdoughGulch_WA_985,2017-10-14,0.07,0.07495494186878204
SourdoughGulch_WA_985,2017-10-15,0.065,0.07757582515478134
SourdoughGulch_WA_985,2017-10-16,0.075,0.08589822798967361
SourdoughGulch_WA_985,2017-10-17,0.078,0.07731349766254425
SourdoughGulch_WA_985,2017-10-18,0.082,0.07338100671768188
SourdoughGulch_WA_985,2017-10-19,0.083,0.07944950461387634
SourdoughGulch_WA_985,2017-10-20,0.087,0.0799170508980751
SourdoughGulch_WA_985,2017-10-21,0.08,0.09650439769029617
SourdoughGulch_WA_985,2017-10-22,0.071,0.14566493034362793
SourdoughGulch_WA_985,2017-10-23,0.305,0.2782738208770752
SourdoughGulch_WA_985,2017-10-24,0.279,0.27463096380233765
SourdoughGulch_WA_985,2017-10-25,0.269,0.2640760838985443
SourdoughGulch_WA_985,2017-10-26,0.264,0.25687140226364136
SourdoughGulch_WA_985,2017-10-27,0.26,0.2593822479248047
SourdoughGulch_WA_985,2017-10-28,0.251,0.2544901967048645
SourdoughGulch_WA_985,2017-10-29,0.246,0.24684782326221466
SourdoughGulch_WA_985,2017-10-30,0.242,0.23482763767242432
SourdoughGulch_WA_985,2017-10-31,0.229,0.22936514019966125
SourdoughGulch_WA_985,2017-11-01,0.221,0.22504019737243652
SourdoughGulch_WA_985,2017-11-02,0.227,0.23658263683319092
SourdoughGulch_WA_985,2017-11-03,0.234,0.24946404993534088
SourdoughGulch_WA_985,2017-11-04,0.312,0.2792811095714569
SourdoughGulch_WA_985,2017-11-05,0.298,0.2873302698135376
SourdoughGulch_WA_985,2017-11-06,0.3,0.29620644450187683
SourdoughGulch_WA_985,2017-11-07,0.306,0.30248090624809265
SourdoughGulch_WA_985,2017-11-08,0.299,0.2985634505748749
SourdoughGulch_WA_985,2017-11-09,0.303,0.30187076330184937
SourdoughGulch_WA_985,2017-11-10,0.322,0.3104637563228607
SourdoughGulch_WA_985,2017-11-11,0.321,0.3175378739833832
SourdoughGulch_WA_985,2017-11-12,0.318,0.31573405861854553
SourdoughGulch_WA_985,2017-11-13,0.314,0.3155798316001892
SourdoughGulch_WA_985,2017-11-14,0.325,0.3125411570072174
SourdoughGulch_WA_985,2017-11-15,0.315,0.31194421648979187
SourdoughGulch_WA_985,2017-11-16,0.306,0.312346488237381
SourdoughGulch_WA_985,2017-11-17,0.324,0.3141627013683319
SourdoughGulch_WA_985,2017-11-18,0.307,0.30145713686943054
SourdoughGulch_WA_985,2017-11-19,0.298,0.2983609437942505
SourdoughGulch_WA_985,2017-11-20,0.296,0.3074537217617035
SourdoughGulch_WA_985,2017-11-21,0.351,0.34350499510765076
SourdoughGulch_WA_985,2017-11-22,0.338,0.3436993360519409
SourdoughGulch_WA_985,2017-11-23,0.34,0.34278807044029236
SourdoughGulch_WA_985,2017-11-24,0.355,0.33819013833999634
SourdoughGulch_WA_985,2017-11-25,0.333,0.33612337708473206
SourdoughGulch_WA_985,2017-11-26,0.327,0.33762839436531067
SourdoughGulch_WA_985,2017-11-27,0.326,0.329278826713562
SourdoughGulch_WA_985,2017-11-28,0.33,0.3237161934375763
SourdoughGulch_WA_985,2017-11-29,0.321,0.3201187252998352
SourdoughGulch_WA_985,2017-11-30,0.321,0.3136369585990906
SourdoughGulch_WA_985,2017-12-01,0.31,0.32135260105133057
SourdoughGulch_WA_985,2017-12-02,0.312,0.32372668385505676
SourdoughGulch_WA_985,2017-12-03,0.309,0.3157496750354767
SourdoughGulch_WA_985,2017-12-04,0.311,0.30808213353157043
SourdoughGulch_WA_985,2017-12-05,0.299,0.2990948259830475
SourdoughGulch_WA_985,2017-12-06,0.287,0.28160929679870605
SourdoughGulch_WA_985,2017-12-07,0.274,0.258475124835968
SourdoughGulch_WA_985,2017-12-08,0.251,0.23487219214439392
SourdoughGulch_WA_985,2017-12-09,0.17,0.19536641240119934
SourdoughGulch_WA_985,2017-12-10,0.141,0.1634935736656189
SourdoughGulch_WA_985,2017-12-11,0.129,0.1370389461517334
SourdoughGulch_WA_985,2017-12-12,0.13,0.13179948925971985
SourdoughGulch_WA_985,2017-12-13,0.125,0.13366693258285522
SourdoughGulch_WA_985,2017-12-14,0.127,0.11454970389604568
SourdoughGulch_WA_985,2017-12-15,0.126,0.11969238519668579
SourdoughGulch_WA_985,2017-12-16,0.125,0.12206947058439255
SourdoughGulch_WA_985,2017-12-17,0.135,0.13765662908554077
SourdoughGulch_WA_985,2017-12-18,0.134,0.1349518597126007
SourdoughGulch_WA_985,2017-12-19,0.144,0.15773993730545044
SourdoughGulch_WA_985,2017-12-20,0.192,0.1876130849123001
SourdoughGulch_WA_985,2017-12-21,0.225,0.1998390108346939
SourdoughGulch_WA_985,2017-12-22,0.214,0.19443054497241974
SourdoughGulch_WA_985,2017-12-23,0.165,0.17784756422042847
SourdoughGulch_WA_985,2017-12-24,0.157,0.15943431854248047
SourdoughGulch_WA_985,2017-12-25,0.144,0.1410847157239914
SourdoughGulch_WA_985,2017-12-26,0.146,0.15463408827781677
SourdoughGulch_WA_985,2017-12-27,0.149,0.16528849303722382
SourdoughGulch_WA_985,2017-12-28,0.151,0.15397343039512634
SourdoughGulch_WA_985,2017-12-29,0.16,0.1687040627002716
SourdoughGulch_WA_985,2017-12-30,0.175,0.16893628239631653
SourdoughGulch_WA_985,2017-12-31,0.187,0.1773490458726883
SourdoughGulch_WA_985,2018-01-01,0.146,0.17401444911956787
SourdoughGulch_WA_985,2018-01-02,0.134,0.15404485166072845
SourdoughGulch_WA_985,2018-01-03,0.137,0.13731563091278076
SourdoughGulch_WA_985,2018-01-04,0.136,0.1390620321035385
SourdoughGulch_WA_985,2018-01-05,0.136,0.14814329147338867
SourdoughGulch_WA_985,2018-01-06,0.156,0.16486340761184692
SourdoughGulch_WA_985,2018-01-07,0.167,0.16374821960926056
SourdoughGulch_WA_985,2018-01-08,0.176,0.19037900865077972
SourdoughGulch_WA_985,2018-01-09,0.179,0.1785968542098999
SourdoughGulch_WA_985,2018-01-10,0.189,0.19220329821109772
SourdoughGulch_WA_985,2018-01-11,0.194,0.20455792546272278
SourdoughGulch_WA_985,2018-01-12,0.203,0.2162441462278366
SourdoughGulch_WA_985,2018-01-13,0.208,0.22975212335586548
SourdoughGulch_WA_985,2018-01-14,0.241,0.23828013241291046
SourdoughGulch_WA_985,2018-01-15,0.286,0.26386141777038574
SourdoughGulch_WA_985,2018-01-16,0.299,0.2783343493938446
SourdoughGulch_WA_985,2018-01-17,0.313,0.2960778474807739
SourdoughGulch_WA_985,2018-01-18,0.319,0.3115265965461731
SourdoughGulch_WA_985,2018-01-19,0.345,0.3224630355834961
SourdoughGulch_WA_985,2018-01-20,0.332,0.3228806257247925
SourdoughGulch_WA_985,2018-01-21,0.321,0.3234139084815979
SourdoughGulch_WA_985,2018-01-22,0.308,0.3103778660297394
SourdoughGulch_WA_985,2018-01-23,0.305,0.30771470069885254
SourdoughGulch_WA_985,2018-01-24,0.292,0.3148629069328308
SourdoughGulch_WA_985,2018-01-25,0.322,0.32454755902290344
SourdoughGulch_WA_985,2018-01-26,0.323,0.3186785876750946
SourdoughGulch_WA_985,2018-01-27,0.32,0.3191787600517273
SourdoughGulch_WA_985,2018-01-28,0.318,0.31903204321861267
SourdoughGulch_WA_985,2018-01-29,0.339,0.32264718413352966
SourdoughGulch_WA_985,2018-01-30,0.339,0.32409921288490295
SourdoughGulch_WA_985,2018-01-31,0.336,0.3251331150531769
SourdoughGulch_WA_985,2018-02-01,0.323,0.3231329619884491
SourdoughGulch_WA_985,2018-02-02,0.316,0.32958725094795227
SourdoughGulch_WA_985,2018-02-03,0.35,0.33668583631515503
SourdoughGulch_WA_985,2018-02-04,0.342,0.3346944749355316
SourdoughGulch_WA_985,2018-02-05,0.342,0.3380226790904999
SourdoughGulch_WA_985,2018-02-06,0.336,0.3374594449996948
SourdoughGulch_WA_985,2018-02-07,0.333,0.33546343445777893
SourdoughGulch_WA_985,2018-02-08,0.332,0.3343989849090576
SourdoughGulch_WA_985,2018-02-09,0.33,0.3318442404270172
SourdoughGulch_WA_985,2018-02-10,0.324,0.3293810188770294
SourdoughGulch_WA_985,2018-02-11,0.313,0.32706817984580994
SourdoughGulch_WA_985,2018-02-12,0.299,0.3162657618522644
SourdoughGulch_WA_985,2018-02-13,0.293,0.30156210064888
SourdoughGulch_WA_985,2018-02-14,0.28,0.2848379611968994
SourdoughGulch_WA_985,2018-02-15,0.281,0.28203660249710083
SourdoughGulch_WA_985,2018-02-16,0.287,0.2856702506542206
SourdoughGulch_WA_985,2018-02-17,0.285,0.28472331166267395
SourdoughGulch_WA_985,2018-02-18,0.291,0.28594687581062317
SourdoughGulch_WA_985,2018-02-19,0.322,0.2989656329154968
SourdoughGulch_WA_985,2018-02-20,0.304,0.27380669116973877
SourdoughGulch_WA_985,2018-02-21,0.264,0.2358231544494629
SourdoughGulch_WA_985,2018-02-22,0.172,0.19953304529190063
SourdoughGulch_WA_985,2018-02-23,0.17,0.19122707843780518
SourdoughGulch_WA_985,2018-02-24,0.16,0.1784118264913559
SourdoughGulch_WA_985,2018-02-25,0.166,0.17364998161792755
SourdoughGulch_WA_985,2018-02-26,0.173,0.1948252022266388
SourdoughGulch_WA_985,2018-02-27,0.18,0.21008722484111786
SourdoughGulch_WA_985,2018-02-28,0.178,0.205893874168396
SourdoughGulch_WA_985,2018-03-01,0.181,0.2096056342124939
SourdoughGulch_WA_985,2018-03-02,0.191,0.2174559384584427
SourdoughGulch_WA_985,2018-03-03,0.205,0.21876472234725952
SourdoughGulch_WA_985,2018-03-04,0.21,0.22268278896808624
SourdoughGulch_WA_985,2018-03-05,0.212,0.2231452465057373
SourdoughGulch_WA_985,2018-03-06,0.217,0.2533210813999176
SourdoughGulch_WA_985,2018-03-07,0.216,0.25002968311309814
SourdoughGulch_WA_985,2018-03-08,0.214,0.25096479058265686
SourdoughGulch_WA_985,2018-03-09,0.317,0.2977356016635895
SourdoughGulch_WA_985,2018-03-10,0.336,0.31400397419929504
SourdoughGulch_WA_985,2018-03-11,0.347,0.31931251287460327
SourdoughGulch_WA_985,2018-03-12,0.353,0.33467909693717957
SourdoughGulch_WA_985,2018-03-13,0.355,0.34008580446243286
SourdoughGulch_WA_985,2018-03-14,0.354,0.3449365496635437
SourdoughGulch_WA_985,2018-03-15,0.355,0.3480973541736603
SourdoughGulch_WA_985,2018-03-16,0.348,0.3483050465583801
SourdoughGulch_WA_985,2018-03-17,0.343,0.3489554226398468
SourdoughGulch_WA_985,2018-03-18,0.34,0.34862402081489563
SourdoughGulch_WA_985,2018-03-19,0.339,0.34139829874038696
SourdoughGulch_WA_985,2018-03-20,0.337,0.34140193462371826
SourdoughGulch_WA_985,2018-03-21,0.338,0.34093838930130005
SourdoughGulch_WA_985,2018-03-22,0.337,0.3422492742538452
SourdoughGulch_WA_985,2018-03-23,0.337,0.34280821681022644
SourdoughGulch_WA_985,2018-03-24,0.341,0.3432369828224182
SourdoughGulch_WA_985,2018-03-25,0.341,0.3444291651248932
SourdoughGulch_WA_985,2018-03-26,0.337,0.33975663781166077
SourdoughGulch_WA_985,2018-03-27,0.335,0.3389519155025482
SourdoughGulch_WA_985,2018-03-28,0.335,0.3350830376148224
SourdoughGulch_WA_985,2018-03-29,0.332,0.330206960439682
SourdoughGulch_WA_985,2018-03-30,0.331,0.3304078280925751
SourdoughGulch_WA_985,2018-03-31,0.331,0.32163190841674805
SourdoughGulch_WA_985,2018-04-01,0.327,0.3207535743713379
SourdoughGulch_WA_985,2018-04-02,0.325,0.3250492811203003
SourdoughGulch_WA_985,2018-04-03,0.327,0.3320692181587219
SourdoughGulch_WA_985,2018-04-04,0.336,0.3344152271747589
SourdoughGulch_WA_985,2018-04-05,0.349,0.33720600605010986
SourdoughGulch_WA_985,2018-04-06,0.347,0.3376474678516388
SourdoughGulch_WA_985,2018-04-07,0.35,0.34096673130989075
SourdoughGulch_WA_985,2018-04-08,0.355,0.34960439801216125
SourdoughGulch_WA_985,2018-04-09,0.355,0.3516862392425537
SourdoughGulch_WA_985,2018-04-10,0.349,0.34831592440605164
SourdoughGulch_WA_985,2018-04-11,0.345,0.34395673871040344
SourdoughGulch_WA_985,2018-04-12,0.343,0.3373349905014038
SourdoughGulch_WA_985,2018-04-13,0.341,0.3407001793384552
SourdoughGulch_WA_985,2018-04-14,0.337,0.3399442136287689
SourdoughGulch_WA_985,2018-04-15,0.338,0.3383629620075226
SourdoughGulch_WA_985,2018-04-16,0.338,0.3534848093986511
SourdoughGulch_WA_985,2018-04-17,0.343,0.3422967791557312
SourdoughGulch_WA_985,2018-04-18,0.339,0.3416265547275543
SourdoughGulch_WA_985,2018-04-19,0.337,0.3378472626209259
SourdoughGulch_WA_985,2018-04-20,0.333,0.33273062109947205
SourdoughGulch_WA_985,2018-04-21,0.333,0.33029866218566895
SourdoughGulch_WA_985,2018-04-22,0.326,0.3301584720611572
SourdoughGulch_WA_985,2018-04-23,0.32,0.3172939419746399
SourdoughGulch_WA_985,2018-04-24,0.316,0.3143560290336609
SourdoughGulch_WA_985,2018-04-25,0.313,0.3122836947441101
SourdoughGulch_WA_985,2018-04-26,0.307,0.3096437454223633
SourdoughGulch_WA_985,2018-04-27,0.3,0.3046789765357971
SourdoughGulch_WA_985,2018-04-28,0.293,0.30369076132774353
SourdoughGulch_WA_985,2018-04-29,0.281,0.30791786313056946
SourdoughGulch_WA_985,2018-04-30,0.311,0.30963486433029175
SourdoughGulch_WA_985,2018-05-01,0.312,0.311393141746521
SourdoughGulch_WA_985,2018-05-02,0.309,0.30707624554634094
SourdoughGulch_WA_985,2018-05-03,0.306,0.3056916892528534
SourdoughGulch_WA_985,2018-05-04,0.302,0.30319929122924805
SourdoughGulch_WA_985,2018-05-05,0.294,0.2963153123855591
SourdoughGulch_WA_985,2018-05-06,0.287,0.29274219274520874
SourdoughGulch_WA_985,2018-05-07,0.28,0.30041712522506714
SourdoughGulch_WA_985,2018-05-08,0.283,0.29693809151649475
SourdoughGulch_WA_985,2018-05-09,0.286,0.31150320172309875
SourdoughGulch_WA_985,2018-05-10,0.356,0.31629955768585205
SourdoughGulch_WA_985,2018-05-11,0.346,0.32157137989997864
SourdoughGulch_WA_985,2018-05-12,0.341,0.3229573369026184
SourdoughGulch_WA_985,2018-05-13,0.339,0.32136934995651245
SourdoughGulch_WA_985,2018-05-14,0.333,0.32336220145225525
SourdoughGulch_WA_985,2018-05-15,0.324,0.310024619102478
SourdoughGulch_WA_985,2018-05-16,0.313,0.303475022315979
SourdoughGulch_WA_985,2018-05-17,0.311,0.31515535712242126
SourdoughGulch_WA_985,2018-05-18,0.351,0.33777204155921936
SourdoughGulch_WA_985,2018-05-19,0.344,0.33169472217559814
SourdoughGulch_WA_985,2018-05-20,0.343,0.3450827896595001
SourdoughGulch_WA_985,2018-05-21,0.352,0.33781206607818604
SourdoughGulch_WA_985,2018-05-22,0.349,0.3456685245037079
SourdoughGulch_WA_985,2018-05-23,0.346,0.34556710720062256
SourdoughGulch_WA_985,2018-05-24,0.344,0.34540459513664246
SourdoughGulch_WA_985,2018-05-25,0.347,0.3452988564968109
SourdoughGulch_WA_985,2018-05-26,0.353,0.3556046783924103
SourdoughGulch_WA_985,2018-05-27,0.357,0.35964909195899963
SourdoughGulch_WA_985,2018-05-28,0.358,0.3489021956920624
SourdoughGulch_WA_985,2018-05-29,0.357,0.35890913009643555
SourdoughGulch_WA_985,2018-05-30,0.355,0.3590153753757477
SourdoughGulch_WA_985,2018-05-31,0.349,0.3476075828075409
SourdoughGulch_WA_985,2018-06-01,0.347,0.34940212965011597
SourdoughGulch_WA_985,2018-06-02,0.347,0.3444918394088745
SourdoughGulch_WA_985,2018-06-03,0.349,0.3423430323600769
SourdoughGulch_WA_985,2018-06-04,0.349,0.3478507995605469
SourdoughGulch_WA_985,2018-06-05,0.347,0.3470495641231537
SourdoughGulch_WA_985,2018-06-06,0.345,0.3395202159881592
SourdoughGulch_WA_985,2018-06-07,0.346,0.3373248875141144
SourdoughGulch_WA_985,2018-06-08,0.342,0.3388664424419403
SourdoughGulch_WA_985,2018-06-09,0.343,0.3385012149810791
SourdoughGulch_WA_985,2018-06-10,0.35,0.34850990772247314
SourdoughGulch_WA_985,2018-06-11,0.349,0.34310388565063477
SourdoughGulch_WA_985,2018-06-12,0.349,0.34570059180259705
SourdoughGulch_WA_985,2018-06-13,0.349,0.3458840548992157
SourdoughGulch_WA_985,2018-06-14,0.346,0.343586802482605
SourdoughGulch_WA_985,2018-06-15,0.341,0.3392699360847473
SourdoughGulch_WA_985,2018-06-16,0.337,0.34075242280960083
SourdoughGulch_WA_985,2018-06-17,0.327,0.3350011110305786
SourdoughGulch_WA_985,2018-06-18,0.33,0.34532809257507324
SourdoughGulch_WA_985,2018-06-19,0.329,0.342879056930542
SourdoughGulch_WA_985,2018-06-20,0.345,0.3312608599662781
SourdoughGulch_WA_985,2018-06-21,0.345,0.3315525949001312
SourdoughGulch_WA_985,2018-06-22,0.358,0.340930700302124
SourdoughGulch_WA_985,2018-06-23,0.353,0.33681342005729675
SourdoughGulch_WA_985,2018-06-24,0.352,0.3422597348690033
SourdoughGulch_WA_985,2018-06-25,0.361,0.34712210297584534
SourdoughGulch_WA_985,2018-06-26,0.356,0.330881267786026
SourdoughGulch_WA_985,2018-06-27,0.352,0.34042197465896606
SourdoughGulch_WA_985,2018-06-28,0.349,0.34865424036979675
SourdoughGulch_WA_985,2018-06-29,0.339,0.33751630783081055
SourdoughGulch_WA_985,2018-06-30,0.333,0.32783785462379456
SourdoughGulch_WA_985,2018-07-01,0.329,0.31097257137298584
SourdoughGulch_WA_985,2018-07-02,0.33,0.31179505586624146
SourdoughGulch_WA_985,2018-07-03,0.324,0.2970792353153229
SourdoughGulch_WA_985,2018-07-04,0.315,0.28991520404815674
SourdoughGulch_WA_985,2018-07-05,0.318,0.30625423789024353
SourdoughGulch_WA_985,2018-07-06,0.321,0.28975793719291687
SourdoughGulch_WA_985,2018-07-07,0.307,0.2907842993736267
SourdoughGulch_WA_985,2018-07-08,0.309,0.2826308012008667
SourdoughGulch_WA_985,2018-07-09,0.309,0.2922423183917999
SourdoughGulch_WA_985,2018-07-10,0.309,0.2902407646179199
SourdoughGulch_WA_985,2018-07-11,0.303,0.2975928783416748
SourdoughGulch_WA_985,2018-07-12,0.301,0.2863304018974304
SourdoughGulch_WA_985,2018-07-13,0.298,0.2872108817100525
SourdoughGulch_WA_985,2018-07-14,0.297,0.2913937270641327
SourdoughGulch_WA_985,2018-07-15,0.291,0.2950385510921478
SourdoughGulch_WA_985,2018-07-16,0.282,0.2889639139175415
SourdoughGulch_WA_985,2018-07-17,0.277,0.28790464997291565
SourdoughGulch_WA_985,2018-07-18,0.274,0.25441741943359375
SourdoughGulch_WA_985,2018-07-19,0.267,0.25355833768844604
SourdoughGulch_WA_985,2018-07-20,0.259,0.25108909606933594
SourdoughGulch_WA_985,2018-07-21,0.249,0.2528899610042572
SourdoughGulch_WA_985,2018-07-22,0.238,0.24900124967098236
SourdoughGulch_WA_985,2018-07-23,0.233,0.23653607070446014
SourdoughGulch_WA_985,2018-07-24,0.227,0.22768108546733856
SourdoughGulch_WA_985,2018-07-25,0.22,0.22709068655967712
SourdoughGulch_WA_985,2018-07-26,0.214,0.20626354217529297
SourdoughGulch_WA_985,2018-07-27,0.203,0.19858309626579285
SourdoughGulch_WA_985,2018-07-28,0.193,0.1958925724029541
SourdoughGulch_WA_985,2018-07-29,0.182,0.18120187520980835
SourdoughGulch_WA_985,2018-07-30,0.178,0.17845605313777924
SourdoughGulch_WA_985,2018-07-31,0.171,0.1761024296283722
SourdoughGulch_WA_985,2018-08-01,0.163,0.15627627074718475
SourdoughGulch_WA_985,2018-08-02,0.158,0.1408727765083313
SourdoughGulch_WA_985,2018-08-03,0.152,0.13581256568431854
SourdoughGulch_WA_985,2018-08-04,0.146,0.1336587816476822
SourdoughGulch_WA_985,2018-08-05,0.139,0.13333803415298462
SourdoughGulch_WA_985,2018-08-06,0.134,0.13016748428344727
SourdoughGulch_WA_985,2018-08-07,0.131,0.1278272122144699
SourdoughGulch_WA_985,2018-08-08,0.13,0.12766033411026
SourdoughGulch_WA_985,2018-08-09,0.13,0.11874715983867645
SourdoughGulch_WA_985,2018-08-10,0.125,0.1142839789390564
SourdoughGulch_WA_985,2018-08-11,0.125,0.10875027626752853
SourdoughGulch_WA_985,2018-08-12,0.114,0.1082867905497551
SourdoughGulch_WA_985,2018-08-13,0.109,0.10629445314407349
SourdoughGulch_WA_985,2018-08-14,0.107,0.10301116108894348
SourdoughGulch_WA_985,2018-08-15,0.099,0.10211397707462311
SourdoughGulch_WA_985,2018-08-16,0.103,0.10020332783460617
SourdoughGulch_WA_985,2018-08-17,0.102,0.0952371284365654
SourdoughGulch_WA_985,2018-08-18,0.097,0.07369708269834518
SourdoughGulch_WA_985,2018-08-19,0.093,0.07485029101371765
SourdoughGulch_WA_985,2018-08-20,0.099,0.07320179045200348
SourdoughGulch_WA_985,2018-08-21,0.085,0.07645133137702942
SourdoughGulch_WA_985,2018-08-22,0.082,0.07424120604991913
SourdoughGulch_WA_985,2018-08-23,0.088,0.07287271320819855
SourdoughGulch_WA_985,2018-08-24,0.083,0.0740281492471695
SourdoughGulch_WA_985,2018-08-25,0.083,0.07298782467842102
SourdoughGulch_WA_985,2018-08-26,0.079,0.06944969296455383
SourdoughGulch_WA_985,2018-08-27,0.069,0.062112219631671906
SourdoughGulch_WA_985,2018-08-28,0.075,0.07734423130750656
SourdoughGulch_WA_985,2018-08-29,0.078,0.07974934577941895
SourdoughGulch_WA_985,2018-08-30,0.078,0.08227432519197464
SourdoughGulch_WA_985,2018-08-31,0.082,0.09100830554962158
SourdoughGulch_WA_985,2018-09-01,0.087,0.09364783018827438
SourdoughGulch_WA_985,2018-09-02,0.091,0.09205613285303116
SourdoughGulch_WA_985,2018-09-03,0.091,0.09344837814569473
SourdoughGulch_WA_985,2018-09-04,0.09,0.0908534899353981
SourdoughGulch_WA_985,2018-09-05,0.093,0.09014920890331268
SourdoughGulch_WA_985,2018-09-06,0.093,0.09080430865287781
SourdoughGulch_WA_985,2018-09-07,0.097,0.08975636959075928
SourdoughGulch_WA_985,2018-09-08,0.095,0.09020500630140305
SourdoughGulch_WA_985,2018-09-09,0.092,0.09016858041286469
SourdoughGulch_WA_985,2018-09-10,0.087,0.08517614006996155
SourdoughGulch_WA_985,2018-09-11,0.087,0.0822480097413063
SourdoughGulch_WA_985,2018-09-12,0.078,0.07941649109125137
SourdoughGulch_WA_985,2018-09-13,0.073,0.0797845870256424
SourdoughGulch_WA_985,2018-09-14,0.07,0.08175133168697357
SourdoughGulch_WA_985,2018-09-15,0.073,0.08154870569705963
SourdoughGulch_WA_985,2018-09-16,0.078,0.07851749658584595
SourdoughGulch_WA_985,2018-09-17,0.074,0.0799383744597435
SourdoughGulch_WA_985,2018-09-18,0.078,0.07846873998641968
SourdoughGulch_WA_985,2018-09-19,0.071,0.07808826118707657
SourdoughGulch_WA_985,2018-09-20,0.075,0.07794563472270966
SourdoughGulch_WA_985,2018-09-21,0.07,0.0773673728108406
SourdoughGulch_WA_985,2018-09-22,0.077,0.07315059006214142
SourdoughGulch_WA_985,2018-09-23,0.071,0.07504761219024658
SourdoughGulch_WA_985,2018-09-24,0.066,0.07279963046312332
SourdoughGulch_WA_985,2018-09-25,0.067,0.07352936267852783
SourdoughGulch_WA_985,2018-09-26,0.065,0.07512394338846207
SourdoughGulch_WA_985,2018-09-27,0.067,0.07507415860891342
SourdoughGulch_WA_985,2018-09-28,0.069,0.0726141482591629
SourdoughGulch_WA_985,2018-09-29,0.066,0.07042261213064194
SourdoughGulch_WA_985,2018-09-30,0.069,0.0657820776104927
SourdoughGulch_WA_985,2018-10-01,0.063,0.06135528162121773
SourdoughGulch_WA_985,2018-10-02,0.067,0.06324819475412369
SourdoughGulch_WA_985,2018-10-03,0.066,0.06295627355575562
SourdoughGulch_WA_985,2018-10-04,0.06,0.06080996245145798
SourdoughGulch_WA_985,2018-10-05,0.055,0.054900821298360825
SourdoughGulch_WA_985,2018-10-06,0.057,0.061616651713848114
SourdoughGulch_WA_985,2018-10-07,0.056,0.062477972358465195
SourdoughGulch_WA_985,2018-10-08,0.053,0.05961580574512482
SourdoughGulch_WA_985,2018-10-09,0.061,0.07678014785051346
SourdoughGulch_WA_985,2018-10-10,0.058,0.06367190927267075
SourdoughGulch_WA_985,2018-10-11,0.054,0.05918744578957558
SourdoughGulch_WA_985,2018-10-12,0.049,0.050397396087646484
SourdoughGulch_WA_985,2018-10-13,0.055,0.04720406234264374
SourdoughGulch_WA_985,2018-10-14,0.059,0.05287918075919151
SourdoughGulch_WA_985,2018-10-15,0.056,0.06596004217863083
SourdoughGulch_WA_985,2018-10-16,0.053,0.06010108068585396
SourdoughGulch_WA_985,2018-10-17,0.059,0.06508739292621613
SourdoughGulch_WA_985,2018-10-18,0.066,0.05646634101867676
SourdoughGulch_WA_985,2018-10-19,0.059,0.05685112997889519
SourdoughGulch_WA_985,2018-10-20,0.064,0.061289191246032715
SourdoughGulch_WA_985,2018-10-21,0.064,0.06120331585407257
SourdoughGulch_WA_985,2018-10-22,0.065,0.07612825930118561
SourdoughGulch_WA_985,2018-10-23,0.067,0.07665964215993881
SourdoughGulch_WA_985,2018-10-24,0.072,0.08609950542449951
SourdoughGulch_WA_985,2018-10-25,0.074,0.07315914332866669
SourdoughGulch_WA_985,2018-10-26,0.075,0.08402949571609497
SourdoughGulch_WA_985,2018-10-27,0.078,0.08514977246522903
SourdoughGulch_WA_985,2018-10-28,0.078,0.09060028940439224
SourdoughGulch_WA_985,2018-10-29,0.075,0.0825016126036644
SourdoughGulch_WA_985,2018-10-30,0.067,0.09849286079406738
SourdoughGulch_WA_985,2018-10-31,0.075,0.07948165386915207
SourdoughGulch_WA_985,2018-11-01,0.074,0.08161124587059021
SourdoughGulch_WA_985,2018-11-02,0.074,0.09073774516582489
SourdoughGulch_WA_985,2018-11-03,0.106,0.10649798065423965
SourdoughGulch_WA_985,2018-11-04,0.117,0.12825801968574524
SourdoughGulch_WA_985,2018-11-05,0.168,0.17523755133152008
SourdoughGulch_WA_985,2018-11-06,0.178,0.17932374775409698
SourdoughGulch_WA_985,2018-11-07,0.187,0.19079060852527618
SourdoughGulch_WA_985,2018-11-08,0.179,0.17890655994415283
SourdoughGulch_WA_985,2018-11-09,0.172,0.17306871712207794
SourdoughGulch_WA_985,2018-11-10,0.168,0.16886241734027863
SourdoughGulch_WA_985,2018-11-11,0.165,0.17008861899375916
SourdoughGulch_WA_985,2018-11-12,0.164,0.19023795425891876
SourdoughGulch_WA_985,2018-11-13,0.157,0.18883013725280762
SourdoughGulch_WA_985,2018-11-14,0.149,0.1765507161617279
SourdoughGulch_WA_985,2018-11-15,0.154,0.17063607275485992
SourdoughGulch_WA_985,2018-11-16,0.161,0.15090686082839966
SourdoughGulch_WA_985,2018-11-17,0.17,0.15499648451805115
SourdoughGulch_WA_985,2018-11-18,0.161,0.15336644649505615
SourdoughGulch_WA_985,2018-11-19,0.161,0.16316625475883484
SourdoughGulch_WA_985,2018-11-20,0.159,0.15033294260501862
SourdoughGulch_WA_985,2018-11-21,0.152,0.15320852398872375
SourdoughGulch_WA_985,2018-11-22,0.145,0.16002784669399261
SourdoughGulch_WA_985,2018-11-23,0.149,0.1508912891149521
SourdoughGulch_WA_985,2018-11-24,0.171,0.16259711980819702
SourdoughGulch_WA_985,2018-11-25,0.181,0.1666896492242813
SourdoughGulch_WA_985,2018-11-26,0.181,0.18665237724781036
SourdoughGulch_WA_985,2018-11-27,0.188,0.2074032872915268
SourdoughGulch_WA_985,2018-11-28,0.279,0.23970676958560944
SourdoughGulch_WA_985,2018-11-29,0.265,0.24984510242938995
SourdoughGulch_WA_985,2018-11-30,0.255,0.25108349323272705
SourdoughGulch_WA_985,2018-12-01,0.244,0.24424254894256592
SourdoughGulch_WA_985,2018-12-02,0.241,0.23578859865665436
SourdoughGulch_WA_985,2018-12-03,0.236,0.23395149409770966
SourdoughGulch_WA_985,2018-12-04,0.236,0.22383573651313782
SourdoughGulch_WA_985,2018-12-05,0.223,0.18652454018592834
SourdoughGulch_WA_985,2018-12-06,0.184,0.16988351941108704
SourdoughGulch_WA_985,2018-12-07,0.105,0.1420605182647705
SourdoughGulch_WA_985,2018-12-08,0.096,0.11776427924633026
SourdoughGulch_WA_985,2018-12-09,0.096,0.10866724699735641
SourdoughGulch_WA_985,2018-12-10,0.103,0.09022381156682968
SourdoughGulch_WA_985,2018-12-11,0.113,0.10785944759845734
SourdoughGulch_WA_985,2018-12-12,0.11,0.10935378074645996
SourdoughGulch_WA_985,2018-12-13,0.116,0.11712100356817245
SourdoughGulch_WA_985,2018-12-14,0.116,0.12456776201725006
SourdoughGulch_WA_985,2018-12-15,0.119,0.12572696805000305
SourdoughGulch_WA_985,2018-12-16,0.125,0.12527647614479065
SourdoughGulch_WA_985,2018-12-17,0.133,0.13783466815948486
SourdoughGulch_WA_985,2018-12-18,0.166,0.21216131746768951
SourdoughGulch_WA_985,2018-12-19,0.335,0.29321131110191345
SourdoughGulch_WA_985,2018-12-20,0.323,0.314024418592453
SourdoughGulch_WA_985,2018-12-21,0.322,0.3063042163848877
SourdoughGulch_WA_985,2018-12-22,0.31,0.29205381870269775
SourdoughGulch_WA_985,2018-12-23,0.289,0.28510573506355286
SourdoughGulch_WA_985,2018-12-24,0.286,0.28620654344558716
SourdoughGulch_WA_985,2018-12-25,0.29,0.2792893946170807
SourdoughGulch_WA_985,2018-12-26,0.288,0.2799602448940277
SourdoughGulch_WA_985,2018-12-27,0.283,0.2685323655605316
SourdoughGulch_WA_985,2018-12-28,0.276,0.26980674266815186
SourdoughGulch_WA_985,2018-12-29,0.259,0.276589572429657
SourdoughGulch_WA_985,2018-12-30,0.258,0.27222156524658203
SourdoughGulch_WA_985,2018-12-31,0.32,0.2730529308319092
SourdoughGulch_WA_985,2019-01-01,0.295,0.28494513034820557
SourdoughGulch_WA_985,2019-01-02,0.222,0.23077499866485596
SourdoughGulch_WA_985,2019-01-03,0.165,0.22424711287021637
SourdoughGulch_WA_985,2019-01-04,0.196,0.224966898560524
SourdoughGulch_WA_985,2019-01-05,0.223,0.22766979038715363
SourdoughGulch_WA_985,2019-01-06,0.236,0.23048698902130127
SourdoughGulch_WA_985,2019-01-07,0.247,0.23468443751335144
SourdoughGulch_WA_985,2019-01-08,0.252,0.2526104152202606
SourdoughGulch_WA_985,2019-01-09,0.244,0.26004841923713684
SourdoughGulch_WA_985,2019-01-10,0.253,0.25618064403533936
SourdoughGulch_WA_985,2019-01-11,0.277,0.25776252150535583
SourdoughGulch_WA_985,2019-01-12,0.277,0.2541373670101166
SourdoughGulch_WA_985,2019-01-13,0.252,0.23907986283302307
SourdoughGulch_WA_985,2019-01-14,0.184,0.178683802485466
SourdoughGulch_WA_985,2019-01-15,0.115,0.14808081090450287
SourdoughGulch_WA_985,2019-01-16,0.119,0.139371857047081
SourdoughGulch_WA_985,2019-01-17,0.119,0.15448610484600067
SourdoughGulch_WA_985,2019-01-18,0.134,0.14569200575351715
SourdoughGulch_WA_985,2019-01-19,0.147,0.16218489408493042
SourdoughGulch_WA_985,2019-01-20,0.156,0.18705210089683533
SourdoughGulch_WA_985,2019-01-21,0.172,0.20883843302726746
SourdoughGulch_WA_985,2019-01-22,0.184,0.21976613998413086
SourdoughGulch_WA_985,2019-01-23,0.177,0.21929143369197845
SourdoughGulch_WA_985,2019-01-24,0.224,0.23538002371788025
SourdoughGulch_WA_985,2019-01-25,0.253,0.23923245072364807
SourdoughGulch_WA_985,2019-01-26,0.261,0.23214086890220642
SourdoughGulch_WA_985,2019-01-27,0.256,0.24162650108337402
SourdoughGulch_WA_985,2019-01-28,0.307,0.24554404616355896
SourdoughGulch_WA_985,2019-01-29,0.288,0.23953044414520264
SourdoughGulch_WA_985,2019-01-30,0.194,0.20688295364379883
SourdoughGulch_WA_985,2019-01-31,0.146,0.1909099668264389
SourdoughGulch_WA_985,2019-02-01,0.149,0.18990084528923035
SourdoughGulch_WA_985,2019-02-02,0.174,0.1888168752193451
SourdoughGulch_WA_985,2019-02-03,0.193,0.2134389579296112
SourdoughGulch_WA_985,2019-02-04,0.242,0.24300329387187958
SourdoughGulch_WA_985,2019-02-05,0.267,0.24686406552791595
SourdoughGulch_WA_985,2019-02-06,0.276,0.25835540890693665
SourdoughGulch_WA_985,2019-02-07,0.274,0.2588946223258972
SourdoughGulch_WA_985,2019-02-08,0.266,0.2553189992904663
SourdoughGulch_WA_985,2019-02-09,0.25,0.25362277030944824
SourdoughGulch_WA_985,2019-02-10,0.247,0.2498675286769867
SourdoughGulch_WA_985,2019-02-11,0.236,0.2623467445373535
SourdoughGulch_WA_985,2019-02-12,0.231,0.25741878151893616
SourdoughGulch_WA_985,2019-02-13,0.243,0.25890833139419556
SourdoughGulch_WA_985,2019-02-14,0.258,0.2536051869392395
SourdoughGulch_WA_985,2019-02-15,0.265,0.26427116990089417
SourdoughGulch_WA_985,2019-02-16,0.267,0.26457273960113525
SourdoughGulch_WA_985,2019-02-17,0.269,0.2732531726360321
SourdoughGulch_WA_985,2019-02-18,0.273,0.27426043152809143
SourdoughGulch_WA_985,2019-02-19,0.275,0.27712389826774597
SourdoughGulch_WA_985,2019-02-20,0.277,0.27875736355781555
SourdoughGulch_WA_985,2019-02-21,0.277,0.2796124815940857
SourdoughGulch_WA_985,2019-02-22,0.277,0.28177693486213684
SourdoughGulch_WA_985,2019-02-23,0.279,0.28148743510246277
SourdoughGulch_WA_985,2019-02-24,0.278,0.28062301874160767
SourdoughGulch_WA_985,2019-02-25,0.28,0.2817545533180237
SourdoughGulch_WA_985,2019-02-26,0.28,0.27912506461143494
SourdoughGulch_WA_985,2019-02-27,0.281,0.2804109454154968
SourdoughGulch_WA_985,2019-02-28,0.283,0.2816886007785797
SourdoughGulch_WA_985,2019-03-01,0.284,0.27837878465652466
SourdoughGulch_WA_985,2019-03-02,0.285,0.2765084207057953
SourdoughGulch_WA_985,2019-03-03,0.285,0.27934780716896057
SourdoughGulch_WA_985,2019-03-04,0.285,0.27456575632095337
SourdoughGulch_WA_985,2019-03-05,0.284,0.2809083163738251
SourdoughGulch_WA_985,2019-03-06,0.284,0.2861529290676117
SourdoughGulch_WA_985,2019-03-07,0.283,0.2863197922706604
SourdoughGulch_WA_985,2019-03-08,0.308,0.29200658202171326
SourdoughGulch_WA_985,2019-03-09,0.305,0.29686853289604187
SourdoughGulch_WA_985,2019-03-10,0.304,0.29981157183647156
SourdoughGulch_WA_985,2019-03-11,0.302,0.30228230357170105
SourdoughGulch_WA_985,2019-03-12,0.3,0.30716630816459656
SourdoughGulch_WA_985,2019-03-13,0.298,0.304321825504303
SourdoughGulch_WA_985,2019-03-14,0.298,0.30458199977874756
SourdoughGulch_WA_985,2019-03-15,0.298,0.3027552664279938
SourdoughGulch_WA_985,2019-03-16,0.297,0.2997010350227356
SourdoughGulch_WA_985,2019-03-17,0.301,0.29861345887184143
SourdoughGulch_WA_985,2019-03-18,0.303,0.3095580041408539
SourdoughGulch_WA_985,2019-03-19,0.306,0.3157138228416443
SourdoughGulch_WA_985,2019-03-20,0.316,0.3183942437171936
SourdoughGulch_WA_985,2019-03-21,0.352,0.3375881612300873
SourdoughGulch_WA_985,2019-03-22,0.356,0.3478979766368866
SourdoughGulch_WA_985,2019-03-23,0.359,0.3488553762435913
SourdoughGulch_WA_985,2019-03-24,0.361,0.3541403114795685
SourdoughGulch_WA_985,2019-03-25,0.359,0.34778812527656555
SourdoughGulch_WA_985,2019-03-26,0.357,0.3585696816444397
SourdoughGulch_WA_985,2019-03-27,0.354,0.3620302975177765
SourdoughGulch_WA_985,2019-03-28,0.348,0.355917751789093
SourdoughGulch_WA_985,2019-03-29,0.347,0.3538808822631836
SourdoughGulch_WA_985,2019-03-30,0.347,0.35082775354385376
SourdoughGulch_WA_985,2019-03-31,0.341,0.34896495938301086
SourdoughGulch_WA_985,2019-04-01,0.338,0.3334769308567047
SourdoughGulch_WA_985,2019-04-02,0.335,0.3336839973926544
SourdoughGulch_WA_985,2019-04-03,0.333,0.33347854018211365
SourdoughGulch_WA_985,2019-04-04,0.331,0.32387110590934753
SourdoughGulch_WA_985,2019-04-05,0.328,0.32470402121543884
SourdoughGulch_WA_985,2019-04-06,0.339,0.32880714535713196
SourdoughGulch_WA_985,2019-04-07,0.338,0.32874003052711487
SourdoughGulch_WA_985,2019-04-08,0.354,0.34418198466300964
SourdoughGulch_WA_985,2019-04-09,0.35,0.3439628481864929
SourdoughGulch_WA_985,2019-04-10,0.341,0.3411059081554413
SourdoughGulch_WA_985,2019-04-11,0.336,0.33687466382980347
SourdoughGulch_WA_985,2019-04-12,0.338,0.33191969990730286
SourdoughGulch_WA_985,2019-04-13,0.348,0.3352160155773163
SourdoughGulch_WA_985,2019-04-14,0.338,0.33750730752944946
SourdoughGulch_WA_985,2019-04-15,0.338,0.3372429609298706
SourdoughGulch_WA_985,2019-04-16,0.334,0.3331369161605835
SourdoughGulch_WA_985,2019-04-17,0.337,0.33154773712158203
SourdoughGulch_WA_985,2019-04-18,0.337,0.330414742231369
SourdoughGulch_WA_985,2019-04-19,0.333,0.3346889913082123
SourdoughGulch_WA_985,2019-04-20,0.332,0.3359006643295288
SourdoughGulch_WA_985,2019-04-21,0.347,0.32852575182914734
SourdoughGulch_WA_985,2019-04-22,0.342,0.31471458077430725
SourdoughGulch_WA_985,2019-04-23,0.338,0.3318360149860382
SourdoughGulch_WA_985,2019-04-24,0.335,0.32956618070602417
SourdoughGulch_WA_985,2019-04-25,0.328,0.32764574885368347
SourdoughGulch_WA_985,2019-04-26,0.323,0.3256479501724243
SourdoughGulch_WA_985,2019-04-27,0.315,0.3189632296562195
SourdoughGulch_WA_985,2019-04-28,0.308,0.31294283270835876
SourdoughGulch_WA_985,2019-04-29,0.303,0.3137926161289215
SourdoughGulch_WA_985,2019-04-30,0.3,0.31035977602005005
SourdoughGulch_WA_985,2019-05-01,0.295,0.3014303147792816
SourdoughGulch_WA_985,2019-05-02,0.289,0.2976638972759247
SourdoughGulch_WA_985,2019-05-03,0.287,0.29297053813934326
SourdoughGulch_WA_985,2019-05-04,0.284,0.29384326934814453
SourdoughGulch_WA_985,2019-05-05,0.281,0.2922820448875427
SourdoughGulch_WA_985,2019-05-06,0.274,0.2843000888824463
SourdoughGulch_WA_985,2019-05-07,0.272,0.2784801125526428
SourdoughGulch_WA_985,2019-05-08,0.267,0.27419427037239075
SourdoughGulch_WA_985,2019-05-09,0.26,0.26000794768333435
SourdoughGulch_WA_985,2019-05-10,0.258,0.25107795000076294
SourdoughGulch_WA_985,2019-05-11,0.253,0.25100189447402954
SourdoughGulch_WA_985,2019-05-12,0.25,0.24517104029655457
SourdoughGulch_WA_985,2019-05-13,0.245,0.220585897564888
SourdoughGulch_WA_985,2019-05-14,0.232,0.2210448682308197
SourdoughGulch_WA_985,2019-05-15,0.219,0.21887847781181335
SourdoughGulch_WA_985,2019-05-16,0.217,0.21752798557281494
SourdoughGulch_WA_985,2019-05-17,0.215,0.22292214632034302
SourdoughGulch_WA_985,2019-05-18,0.211,0.22589033842086792
SourdoughGulch_WA_985,2019-05-19,0.212,0.22093243896961212
SourdoughGulch_WA_985,2019-05-20,0.216,0.21508866548538208
SourdoughGulch_WA_985,2019-05-21,0.203,0.21542400121688843
SourdoughGulch_WA_985,2019-05-22,0.206,0.22533255815505981
SourdoughGulch_WA_985,2019-05-23,0.209,0.22632531821727753
SourdoughGulch_WA_985,2019-05-24,0.216,0.2262669950723648
SourdoughGulch_WA_985,2019-05-25,0.211,0.23129704594612122
SourdoughGulch_WA_985,2019-05-26,0.311,0.2657921016216278
SourdoughGulch_WA_985,2019-05-27,0.309,0.27933332324028015
SourdoughGulch_WA_985,2019-05-28,0.292,0.2841803729534149
SourdoughGulch_WA_985,2019-05-29,0.291,0.28545626997947693
SourdoughGulch_WA_985,2019-05-30,0.283,0.2896445691585541
SourdoughGulch_WA_985,2019-05-31,0.273,0.28463736176490784
SourdoughGulch_WA_985,2019-06-01,0.269,0.28530222177505493
SourdoughGulch_WA_985,2019-06-02,0.262,0.2777651250362396
SourdoughGulch_WA_985,2019-06-03,0.254,0.26327720284461975
SourdoughGulch_WA_985,2019-06-04,0.244,0.24249416589736938
SourdoughGulch_WA_985,2019-06-05,0.235,0.248247429728508
SourdoughGulch_WA_985,2019-06-06,0.221,0.25175774097442627
SourdoughGulch_WA_985,2019-06-07,0.317,0.2682355046272278
SourdoughGulch_WA_985,2019-06-08,0.293,0.2666633725166321
SourdoughGulch_WA_985,2019-06-09,0.276,0.2631879448890686
SourdoughGulch_WA_985,2019-06-10,0.274,0.25258520245552063
SourdoughGulch_WA_985,2019-06-11,0.27,0.24999092519283295
SourdoughGulch_WA_985,2019-06-12,0.263,0.2586745619773865
SourdoughGulch_WA_985,2019-06-13,0.256,0.2482847273349762
SourdoughGulch_WA_985,2019-06-14,0.24,0.2588266432285309
SourdoughGulch_WA_985,2019-06-15,0.234,0.24452334642410278
SourdoughGulch_WA_985,2019-06-16,0.223,0.23272566497325897
SourdoughGulch_WA_985,2019-06-17,0.216,0.22080010175704956
SourdoughGulch_WA_985,2019-06-18,0.203,0.20593951642513275
SourdoughGulch_WA_985,2019-06-19,0.188,0.19917355477809906
SourdoughGulch_WA_985,2019-06-20,0.183,0.18549153208732605
SourdoughGulch_WA_985,2019-06-21,0.168,0.17956069111824036
SourdoughGulch_WA_985,2019-06-22,0.157,0.17278608679771423
SourdoughGulch_WA_985,2019-06-23,0.158,0.17316290736198425
SourdoughGulch_WA_985,2019-06-24,0.154,0.18064311146736145
SourdoughGulch_WA_985,2019-06-25,0.154,0.16658517718315125
SourdoughGulch_WA_985,2019-06-26,0.156,0.17620766162872314
SourdoughGulch_WA_985,2019-06-27,0.268,0.24325959384441376
SourdoughGulch_WA_985,2019-06-28,0.316,0.28862425684928894
SourdoughGulch_WA_985,2019-06-29,0.307,0.30444568395614624
SourdoughGulch_WA_985,2019-06-30,0.308,0.2969500422477722
SourdoughGulch_WA_985,2019-07-01,0.303,0.29421791434288025
SourdoughGulch_WA_985,2019-07-02,0.292,0.29146072268486023
SourdoughGulch_WA_985,2019-07-03,0.287,0.2886614203453064
SourdoughGulch_WA_985,2019-07-04,0.284,0.28511476516723633
SourdoughGulch_WA_985,2019-07-05,0.279,0.2836396098136902
SourdoughGulch_WA_985,2019-07-06,0.278,0.2740239202976227
SourdoughGulch_WA_985,2019-07-07,0.278,0.2713620066642761
SourdoughGulch_WA_985,2019-07-08,0.268,0.27959588170051575
SourdoughGulch_WA_985,2019-07-09,0.261,0.2806500792503357
SourdoughGulch_WA_985,2019-07-10,0.26,0.27241334319114685
SourdoughGulch_WA_985,2019-07-11,0.258,0.25750210881233215
SourdoughGulch_WA_985,2019-07-12,0.248,0.24277885258197784
SourdoughGulch_WA_985,2019-07-13,0.244,0.22597083449363708
SourdoughGulch_WA_985,2019-07-14,0.236,0.2145535945892334
SourdoughGulch_WA_985,2019-07-15,0.225,0.20765474438667297
SourdoughGulch_WA_985,2019-07-16,0.205,0.21801909804344177
SourdoughGulch_WA_985,2019-07-17,0.196,0.1892242431640625
SourdoughGulch_WA_985,2019-07-18,0.185,0.1888200342655182
SourdoughGulch_WA_985,2019-07-19,0.19,0.17970383167266846
SourdoughGulch_WA_985,2019-07-20,0.176,0.17719967663288116
SourdoughGulch_WA_985,2019-07-21,0.175,0.16878512501716614
SourdoughGulch_WA_985,2019-07-22,0.174,0.16373664140701294
SourdoughGulch_WA_985,2019-07-23,0.166,0.1565021574497223
SourdoughGulch_WA_985,2019-07-24,0.163,0.14811696112155914
SourdoughGulch_WA_985,2019-07-25,0.157,0.14430156350135803
SourdoughGulch_WA_985,2019-07-26,0.151,0.15092536807060242
SourdoughGulch_WA_985,2019-07-27,0.147,0.14937344193458557
SourdoughGulch_WA_985,2019-07-28,0.145,0.14900238811969757
SourdoughGulch_WA_985,2019-07-29,0.139,0.13085344433784485
SourdoughGulch_WA_985,2019-07-30,0.132,0.13075651228427887
SourdoughGulch_WA_985,2019-07-31,0.133,0.13207076489925385
SourdoughGulch_WA_985,2019-08-01,0.129,0.12177077680826187
SourdoughGulch_WA_985,2019-08-02,0.126,0.12419312447309494
SourdoughGulch_WA_985,2019-08-03,0.119,0.118294358253479
SourdoughGulch_WA_985,2019-08-04,0.111,0.11645715683698654
SourdoughGulch_WA_985,2019-08-05,0.111,0.10694662481546402
SourdoughGulch_WA_985,2019-08-06,0.112,0.1039513498544693
SourdoughGulch_WA_985,2019-08-07,0.107,0.10222859680652618
SourdoughGulch_WA_985,2019-08-08,0.104,0.09547886997461319
SourdoughGulch_WA_985,2019-08-09,0.096,0.09345517307519913
SourdoughGulch_WA_985,2019-08-10,0.091,0.08477514982223511
SourdoughGulch_WA_985,2019-08-11,0.091,0.11606595665216446
SourdoughGulch_WA_985,2019-08-12,0.093,0.12324537336826324
SourdoughGulch_WA_985,2019-08-13,0.109,0.12249840795993805
SourdoughGulch_WA_985,2019-08-14,0.112,0.11221790313720703
SourdoughGulch_WA_985,2019-08-15,0.114,0.1161055639386177
SourdoughGulch_WA_985,2019-08-16,0.11,0.11464368551969528
SourdoughGulch_WA_985,2019-08-17,0.115,0.10778994858264923
SourdoughGulch_WA_985,2019-08-18,0.105,0.11057707667350769
SourdoughGulch_WA_985,2019-08-19,0.105,0.11163531988859177
SourdoughGulch_WA_985,2019-08-20,0.108,0.1081445962190628
SourdoughGulch_WA_985,2019-08-21,0.107,0.10051491111516953
SourdoughGulch_WA_985,2019-08-22,0.106,0.10081222653388977
SourdoughGulch_WA_985,2019-08-23,0.094,0.09897535294294357
SourdoughGulch_WA_985,2019-08-24,0.096,0.09649228304624557
SourdoughGulch_WA_985,2019-08-25,0.097,0.09872501343488693
SourdoughGulch_WA_985,2019-08-26,0.094,0.10092637687921524
SourdoughGulch_WA_985,2019-08-27,0.088,0.10053364187479019
SourdoughGulch_WA_985,2019-08-28,0.087,0.09327258169651031
SourdoughGulch_WA_985,2019-08-29,0.088,0.09761866927146912
SourdoughGulch_WA_985,2019-08-30,0.079,0.09100097417831421
SourdoughGulch_WA_985,2019-08-31,0.082,0.08967752009630203
SourdoughGulch_WA_985,2019-09-01,0.083,0.08814802765846252
SourdoughGulch_WA_985,2019-09-02,0.082,0.08435267210006714
SourdoughGulch_WA_985,2019-09-03,0.079,0.08191170543432236
SourdoughGulch_WA_985,2019-09-04,0.078,0.08197211474180222
SourdoughGulch_WA_985,2019-09-05,0.074,0.07520388066768646
SourdoughGulch_WA_985,2019-09-06,0.07,0.07407484203577042
SourdoughGulch_WA_985,2019-09-07,0.069,0.08299732208251953
SourdoughGulch_WA_985,2019-09-08,0.063,0.0728183463215828
SourdoughGulch_WA_985,2019-09-09,0.065,0.06347788125276566
SourdoughGulch_WA_985,2019-09-10,0.068,0.06515342742204666
SourdoughGulch_WA_985,2019-09-11,0.067,0.07018458843231201
SourdoughGulch_WA_985,2019-09-12,0.062,0.08225158601999283
SourdoughGulch_WA_985,2019-09-13,0.071,0.07334096729755402
SourdoughGulch_WA_985,2019-09-14,0.073,0.0817684754729271
SourdoughGulch_WA_985,2019-09-15,0.076,0.08696389198303223
SourdoughGulch_WA_985,2019-09-16,0.08,0.08425052464008331
SourdoughGulch_WA_985,2019-09-17,0.073,0.08768632262945175
SourdoughGulch_WA_985,2019-09-18,0.077,0.08562307059764862
SourdoughGulch_WA_985,2019-09-19,0.085,0.10317187756299973
SourdoughGulch_WA_985,2019-09-20,0.12,0.11266294866800308
SourdoughGulch_WA_985,2019-09-21,0.133,0.11678679287433624
SourdoughGulch_WA_985,2019-09-22,0.14,0.1172051802277565
SourdoughGulch_WA_985,2019-09-23,0.144,0.13652607798576355
SourdoughGulch_WA_985,2019-09-24,0.146,0.14291264116764069
SourdoughGulch_WA_985,2019-09-25,0.147,0.1446385532617569
SourdoughGulch_WA_985,2019-09-26,0.145,0.13247932493686676
SourdoughGulch_WA_985,2019-09-27,0.143,0.14545872807502747
SourdoughGulch_WA_985,2019-09-28,0.139,0.13511145114898682
SourdoughGulch_WA_985,2019-09-29,0.129,0.13852833211421967
SourdoughGulch_WA_985,2019-09-30,0.126,0.1175159364938736
SourdoughGulch_WA_985,2019-10-01,0.12,0.13754010200500488
SourdoughGulch_WA_985,2019-10-02,0.135,0.14386190474033356
SourdoughGulch_WA_985,2019-10-03,0.145,0.15464621782302856
SourdoughGulch_WA_985,2019-10-04,0.156,0.1471722573041916
SourdoughGulch_WA_985,2019-10-05,0.157,0.1614084541797638
SourdoughGulch_WA_985,2019-10-06,0.157,0.15768177807331085
SourdoughGulch_WA_985,2019-10-07,0.157,0.17399179935455322
SourdoughGulch_WA_985,2019-10-08,0.158,0.1593732088804245
SourdoughGulch_WA_985,2019-10-09,0.174,0.18640616536140442
SourdoughGulch_WA_985,2019-10-10,0.219,0.20520515739917755
SourdoughGulch_WA_985,2019-10-11,0.222,0.22801248729228973
SourdoughGulch_WA_985,2019-10-12,0.225,0.22861981391906738
SourdoughGulch_WA_985,2019-10-13,0.229,0.21374724805355072
SourdoughGulch_WA_985,2019-10-14,0.234,0.2251981943845749
SourdoughGulch_WA_985,2019-10-15,0.233,0.22629359364509583
SourdoughGulch_WA_985,2019-10-16,0.228,0.23620393872261047
SourdoughGulch_WA_985,2019-10-17,0.23,0.22969412803649902
SourdoughGulch_WA_985,2019-10-18,0.224,0.2381685972213745
SourdoughGulch_WA_985,2019-10-19,0.217,0.24001619219779968
SourdoughGulch_WA_985,2019-10-20,0.345,0.31788936257362366
SourdoughGulch_WA_985,2019-10-21,0.328,0.312829852104187
SourdoughGulch_WA_985,2019-10-22,0.315,0.31695884466171265
SourdoughGulch_WA_985,2019-10-23,0.326,0.3158190846443176
SourdoughGulch_WA_985,2019-10-24,0.31,0.31085506081581116
SourdoughGulch_WA_985,2019-10-25,0.303,0.3010830283164978
SourdoughGulch_WA_985,2019-10-26,0.302,0.2973078787326813
SourdoughGulch_WA_985,2019-10-27,0.291,0.2946113348007202
SourdoughGulch_WA_985,2019-10-28,0.286,0.29272615909576416
SourdoughGulch_WA_985,2019-10-29,0.281,0.2865942418575287
SourdoughGulch_WA_985,2019-10-30,0.282,0.2822040021419525
SourdoughGulch_WA_985,2019-10-31,0.275,0.27498018741607666
SourdoughGulch_WA_985,2019-11-01,0.271,0.2543175220489502
SourdoughGulch_WA_985,2019-11-02,0.269,0.2521524131298065
SourdoughGulch_WA_985,2019-11-03,0.267,0.25537899136543274
SourdoughGulch_WA_985,2019-11-04,0.27,0.2637747824192047
SourdoughGulch_WA_985,2019-11-05,0.308,0.2878429591655731
SourdoughGulch_WA_985,2019-11-06,0.305,0.2928961515426636
SourdoughGulch_WA_985,2019-11-07,0.3,0.2947732210159302
SourdoughGulch_WA_985,2019-11-08,0.294,0.2946396768093109
SourdoughGulch_WA_985,2019-11-09,0.297,0.296176552772522
SourdoughGulch_WA_985,2019-11-10,0.297,0.2862308919429779
SourdoughGulch_WA_985,2019-11-11,0.298,0.28384262323379517
SourdoughGulch_WA_985,2019-11-12,0.29,0.272169291973114
SourdoughGulch_WA_985,2019-11-13,0.291,0.2770085036754608
SourdoughGulch_WA_985,2019-11-14,0.289,0.27746814489364624
SourdoughGulch_WA_985,2019-11-15,0.286,0.2796236574649811
SourdoughGulch_WA_985,2019-11-16,0.289,0.27862074971199036
SourdoughGulch_WA_985,2019-11-17,0.288,0.2815273404121399
SourdoughGulch_WA_985,2019-11-18,0.293,0.2792246639728546
SourdoughGulch_WA_985,2019-11-19,0.292,0.2861722409725189
SourdoughGulch_WA_985,2019-11-20,0.304,0.28961408138275146
SourdoughGulch_WA_985,2019-11-21,0.305,0.28628242015838623
SourdoughGulch_WA_985,2019-11-22,0.296,0.28920939564704895
SourdoughGulch_WA_985,2019-11-23,0.28,0.27812203764915466
SourdoughGulch_WA_985,2019-11-24,0.271,0.27297842502593994
SourdoughGulch_WA_985,2019-11-25,0.276,0.27268874645233154
SourdoughGulch_WA_985,2019-11-26,0.273,0.27209511399269104
SourdoughGulch_WA_985,2019-11-27,0.274,0.2605626881122589
SourdoughGulch_WA_985,2019-11-28,0.276,0.2603440284729004
SourdoughGulch_WA_985,2019-11-29,0.277,0.2658068537712097
SourdoughGulch_WA_985,2019-11-30,0.272,0.27315565943717957
SourdoughGulch_WA_985,2019-12-01,0.27,0.26787230372428894
SourdoughGulch_WA_985,2019-12-02,0.265,0.2634125053882599
SourdoughGulch_WA_985,2019-12-03,0.266,0.26261571049690247
SourdoughGulch_WA_985,2019-12-04,0.266,0.27321648597717285
SourdoughGulch_WA_985,2019-12-05,0.273,0.28468742966651917
SourdoughGulch_WA_985,2019-12-06,0.29,0.3026512563228607
SourdoughGulch_WA_985,2019-12-07,0.304,0.2994807958602905
SourdoughGulch_WA_985,2019-12-08,0.337,0.296051949262619
SourdoughGulch_WA_985,2019-12-09,0.327,0.29739606380462646
SourdoughGulch_WA_985,2019-12-10,0.309,0.31043046712875366
SourdoughGulch_WA_985,2019-12-11,0.294,0.301067590713501
SourdoughGulch_WA_985,2019-12-12,0.295,0.30851462483406067
SourdoughGulch_WA_985,2019-12-13,0.319,0.320219486951828
SourdoughGulch_WA_985,2019-12-14,0.325,0.3239705264568329
SourdoughGulch_WA_985,2019-12-15,0.312,0.32026970386505127
SourdoughGulch_WA_985,2019-12-16,0.306,0.3136547803878784
SourdoughGulch_WA_985,2019-12-17,0.296,0.30116093158721924
SourdoughGulch_WA_985,2019-12-18,0.285,0.2939052879810333
SourdoughGulch_WA_985,2019-12-19,0.281,0.29503434896469116
SourdoughGulch_WA_985,2019-12-20,0.279,0.2991445064544678
SourdoughGulch_WA_985,2019-12-21,0.332,0.3040929138660431
SourdoughGulch_WA_985,2019-12-22,0.333,0.3173929452896118
SourdoughGulch_WA_985,2019-12-23,0.325,0.31694158911705017
SourdoughGulch_WA_985,2019-12-24,0.331,0.31341925263404846
SourdoughGulch_WA_985,2019-12-25,0.319,0.3062698543071747
SourdoughGulch_WA_985,2019-12-26,0.303,0.29929685592651367
SourdoughGulch_WA_985,2019-12-27,0.291,0.28874051570892334
SourdoughGulch_WA_985,2019-12-28,0.278,0.28570082783699036
SourdoughGulch_WA_985,2019-12-29,0.272,0.2823217809200287
SourdoughGulch_WA_985,2019-12-30,0.271,0.2677997946739197
SourdoughGulch_WA_985,2019-12-31,0.276,0.268271267414093
SourdoughGulch_WA_985,2020-01-01,0.303,0.3094154894351959
SourdoughGulch_WA_985,2020-01-02,0.339,0.3214913308620453
SourdoughGulch_WA_985,2020-01-03,0.33,0.32252323627471924
SourdoughGulch_WA_985,2020-01-04,0.329,0.32009804248809814
SourdoughGulch_WA_985,2020-01-05,0.323,0.31722161173820496
SourdoughGulch_WA_985,2020-01-06,0.311,0.3124796152114868
SourdoughGulch_WA_985,2020-01-07,0.314,0.31560206413269043
SourdoughGulch_WA_985,2020-01-08,0.324,0.31509676575660706
SourdoughGulch_WA_985,2020-01-09,0.319,0.3149300515651703
SourdoughGulch_WA_985,2020-01-10,0.311,0.30776017904281616
SourdoughGulch_WA_985,2020-01-11,0.298,0.3019334673881531
SourdoughGulch_WA_985,2020-01-12,0.297,0.2998049557209015
SourdoughGulch_WA_985,2020-01-13,0.298,0.29244381189346313
SourdoughGulch_WA_985,2020-01-14,0.3,0.2927410304546356
SourdoughGulch_WA_985,2020-01-15,0.301,0.29960012435913086
SourdoughGulch_WA_985,2020-01-16,0.301,0.299836665391922
SourdoughGulch_WA_985,2020-01-17,0.3,0.30102041363716125
SourdoughGulch_WA_985,2020-01-18,0.301,0.2990129292011261
SourdoughGulch_WA_985,2020-01-19,0.3,0.29594412446022034
SourdoughGulch_WA_985,2020-01-20,0.3,0.28781187534332275
SourdoughGulch_WA_985,2020-01-21,0.301,0.3056618273258209
SourdoughGulch_WA_985,2020-01-22,0.322,0.31185102462768555
SourdoughGulch_WA_985,2020-01-23,0.322,0.3241492807865143
SourdoughGulch_WA_985,2020-01-24,0.33,0.3286879360675812
SourdoughGulch_WA_985,2020-01-25,0.343,0.3323286771774292
SourdoughGulch_WA_985,2020-01-26,0.337,0.33581286668777466
SourdoughGulch_WA_985,2020-01-27,0.341,0.3259338140487671
SourdoughGulch_WA_985,2020-01-28,0.328,0.325753390789032
SourdoughGulch_WA_985,2020-01-29,0.345,0.3375256061553955
SourdoughGulch_WA_985,2020-01-30,0.333,0.3327809274196625
SourdoughGulch_WA_985,2020-01-31,0.333,0.3324900269508362
SourdoughGulch_WA_985,2020-02-01,0.346,0.3389662206172943
SourdoughGulch_WA_985,2020-02-02,0.341,0.34071117639541626
SourdoughGulch_WA_985,2020-02-03,0.332,0.3328110873699188
SourdoughGulch_WA_985,2020-02-04,0.319,0.32732710242271423
SourdoughGulch_WA_985,2020-02-05,0.307,0.3341950476169586
SourdoughGulch_WA_985,2020-02-06,0.342,0.3435271978378296
SourdoughGulch_WA_985,2020-02-07,0.351,0.34595268964767456
SourdoughGulch_WA_985,2020-02-08,0.343,0.3286115527153015
SourdoughGulch_WA_985,2020-02-09,0.333,0.31672945618629456
SourdoughGulch_WA_985,2020-02-10,0.328,0.3223161995410919
SourdoughGulch_WA_985,2020-02-11,0.321,0.31582820415496826
SourdoughGulch_WA_985,2020-02-12,0.313,0.31224730610847473
SourdoughGulch_WA_985,2020-02-13,0.311,0.3136058449745178
SourdoughGulch_WA_985,2020-02-14,0.301,0.3114180862903595
SourdoughGulch_WA_985,2020-02-15,0.305,0.3130195140838623
SourdoughGulch_WA_985,2020-02-16,0.301,0.3110883831977844
SourdoughGulch_WA_985,2020-02-17,0.311,0.3163400888442993
SourdoughGulch_WA_985,2020-02-18,0.311,0.31436285376548767
SourdoughGulch_WA_985,2020-02-19,0.302,0.31064286828041077
SourdoughGulch_WA_985,2020-02-20,0.292,0.2964044511318207
SourdoughGulch_WA_985,2020-02-21,0.282,0.283825159072876
SourdoughGulch_WA_985,2020-02-22,0.274,0.2841896712779999
SourdoughGulch_WA_985,2020-02-23,0.276,0.2970440089702606
SourdoughGulch_WA_985,2020-02-24,0.322,0.3197493553161621
SourdoughGulch_WA_985,2020-02-25,0.314,0.3149765729904175
SourdoughGulch_WA_985,2020-02-26,0.3,0.3177199959754944
SourdoughGulch_WA_985,2020-02-27,0.335,0.3189227283000946
SourdoughGulch_WA_985,2020-02-28,0.325,0.3190425932407379
SourdoughGulch_WA_985,2020-02-29,0.336,0.3210369944572449
SourdoughGulch_WA_985,2020-03-01,0.33,0.3143945634365082
SourdoughGulch_WA_985,2020-03-02,0.315,0.3087332844734192
SourdoughGulch_WA_985,2020-03-03,0.307,0.3134722113609314
SourdoughGulch_WA_985,2020-03-04,0.328,0.3161103129386902
SourdoughGulch_WA_985,2020-03-05,0.324,0.3162483870983124
SourdoughGulch_WA_985,2020-03-06,0.324,0.3163086175918579
SourdoughGulch_WA_985,2020-03-07,0.321,0.3165532648563385
SourdoughGulch_WA_985,2020-03-08,0.318,0.3177582919597626
SourdoughGulch_WA_985,2020-03-09,0.314,0.3158528804779053
SourdoughGulch_WA_985,2020-03-10,0.312,0.3152870237827301
SourdoughGulch_WA_985,2020-03-11,0.31,0.3120328187942505
SourdoughGulch_WA_985,2020-03-12,0.314,0.3133743405342102
SourdoughGulch_WA_985,2020-03-13,0.304,0.3114240765571594
SourdoughGulch_WA_985,2020-03-14,0.301,0.3107460141181946
SourdoughGulch_WA_985,2020-03-15,0.302,0.3105340003967285
SourdoughGulch_WA_985,2020-03-16,0.304,0.31423836946487427
SourdoughGulch_WA_985,2020-03-17,0.306,0.3171503245830536
SourdoughGulch_WA_985,2020-03-18,0.34,0.320454865694046
SourdoughGulch_WA_985,2020-03-19,0.336,0.32312512397766113
SourdoughGulch_WA_985,2020-03-20,0.331,0.3189431428909302
SourdoughGulch_WA_985,2020-03-21,0.327,0.32054439187049866
SourdoughGulch_WA_985,2020-03-22,0.325,0.3185453712940216
SourdoughGulch_WA_985,2020-03-23,0.321,0.31813156604766846
SourdoughGulch_WA_985,2020-03-24,0.32,0.3186193108558655
SourdoughGulch_WA_985,2020-03-25,0.313,0.3162917494773865
SourdoughGulch_WA_985,2020-03-26,0.313,0.3169540762901306
SourdoughGulch_WA_985,2020-03-27,0.311,0.31521233916282654
SourdoughGulch_WA_985,2020-03-28,0.311,0.31292086839675903
SourdoughGulch_WA_985,2020-03-29,0.313,0.315581351518631
SourdoughGulch_WA_985,2020-03-30,0.317,0.3283963203430176
SourdoughGulch_WA_985,2020-03-31,0.355,0.3405533730983734
SourdoughGulch_WA_985,2020-04-01,0.344,0.3422580659389496
SourdoughGulch_WA_985,2020-04-02,0.343,0.3400769531726837
SourdoughGulch_WA_985,2020-04-03,0.336,0.3340335190296173
SourdoughGulch_WA_985,2020-04-04,0.332,0.33140090107917786
SourdoughGulch_WA_985,2020-04-05,0.331,0.33173996210098267
SourdoughGulch_WA_985,2020-04-06,0.33,0.3272108733654022
SourdoughGulch_WA_985,2020-04-07,0.329,0.32639986276626587
SourdoughGulch_WA_985,2020-04-08,0.327,0.32332250475883484
SourdoughGulch_WA_985,2020-04-09,0.323,0.32005584239959717
SourdoughGulch_WA_985,2020-04-10,0.319,0.31412675976753235
SourdoughGulch_WA_985,2020-04-11,0.316,0.3043091893196106
SourdoughGulch_WA_985,2020-04-12,0.307,0.30976414680480957
SourdoughGulch_WA_985,2020-04-13,0.3,0.30833035707473755
SourdoughGulch_WA_985,2020-04-14,0.295,0.3072643280029297
SourdoughGulch_WA_985,2020-04-15,0.294,0.3109307587146759
SourdoughGulch_WA_985,2020-04-16,0.341,0.325939416885376
SourdoughGulch_WA_985,2020-04-17,0.336,0.325473427772522
SourdoughGulch_WA_985,2020-04-18,0.332,0.32483720779418945
SourdoughGulch_WA_985,2020-04-19,0.324,0.3196142017841339
SourdoughGulch_WA_985,2020-04-20,0.32,0.3208676874637604
SourdoughGulch_WA_985,2020-04-21,0.319,0.3161879777908325
SourdoughGulch_WA_985,2020-04-22,0.316,0.31473684310913086
SourdoughGulch_WA_985,2020-04-23,0.307,0.3177835941314697
SourdoughGulch_WA_985,2020-04-24,0.349,0.32740843296051025
SourdoughGulch_WA_985,2020-04-25,0.34,0.3286559283733368
SourdoughGulch_WA_985,2020-04-26,0.336,0.32789984345436096
SourdoughGulch_WA_985,2020-04-27,0.334,0.32041943073272705
SourdoughGulch_WA_985,2020-04-28,0.327,0.3177894353866577
SourdoughGulch_WA_985,2020-04-29,0.32,0.3124931752681732
SourdoughGulch_WA_985,2020-04-30,0.314,0.3086821436882019
SourdoughGulch_WA_985,2020-05-01,0.308,0.3090556561946869
SourdoughGulch_WA_985,2020-05-02,0.307,0.31232455372810364
SourdoughGulch_WA_985,2020-05-03,0.301,0.3119587004184723
SourdoughGulch_WA_985,2020-05-04,0.299,0.3071097135543823
SourdoughGulch_WA_985,2020-05-05,0.296,0.3015729784965515
SourdoughGulch_WA_985,2020-05-06,0.292,0.29528048634529114
SourdoughGulch_WA_985,2020-05-07,0.284,0.29371023178100586
SourdoughGulch_WA_985,2020-05-08,0.284,0.2925727069377899
SourdoughGulch_WA_985,2020-05-09,0.28,0.28441017866134644
SourdoughGulch_WA_985,2020-05-10,0.274,0.27813905477523804
SourdoughGulch_WA_985,2020-05-11,0.265,0.27426865696907043
SourdoughGulch_WA_985,2020-05-12,0.254,0.2903026044368744
SourdoughGulch_WA_985,2020-05-13,0.322,0.3098864257335663
SourdoughGulch_WA_985,2020-05-14,0.313,0.3253054618835449
SourdoughGulch_WA_985,2020-05-15,0.35,0.3387371003627777
SourdoughGulch_WA_985,2020-05-16,0.347,0.3390561044216156
SourdoughGulch_WA_985,2020-05-17,0.342,0.3405382037162781
SourdoughGulch_WA_985,2020-05-18,0.341,0.33118635416030884
SourdoughGulch_WA_985,2020-05-19,0.339,0.34076789021492004
SourdoughGulch_WA_985,2020-05-20,0.354,0.35354021191596985
SourdoughGulch_WA_985,2020-05-21,0.369,0.35126587748527527
SourdoughGulch_WA_985,2020-05-22,0.351,0.35311582684516907
SourdoughGulch_WA_985,2020-05-23,0.344,0.344719797372818
SourdoughGulch_WA_985,2020-05-24,0.339,0.33373504877090454
SourdoughGulch_WA_985,2020-05-25,0.336,0.33676135540008545
SourdoughGulch_WA_985,2020-05-26,0.33,0.3355603814125061
SourdoughGulch_WA_985,2020-05-27,0.333,0.33645427227020264
SourdoughGulch_WA_985,2020-05-28,0.328,0.3193136155605316
SourdoughGulch_WA_985,2020-05-29,0.319,0.31927746534347534
SourdoughGulch_WA_985,2020-05-30,0.317,0.3143640160560608
SourdoughGulch_WA_985,2020-05-31,0.308,0.3206774592399597
SourdoughGulch_WA_985,2020-06-01,0.353,0.3439670205116272
SourdoughGulch_WA_985,2020-06-02,0.342,0.33999529480934143
SourdoughGulch_WA_985,2020-06-03,0.335,0.33698028326034546
SourdoughGulch_WA_985,2020-06-04,0.326,0.3310914635658264
SourdoughGulch_WA_985,2020-06-05,0.317,0.3242916762828827
SourdoughGulch_WA_985,2020-06-06,0.311,0.3288107216358185
SourdoughGulch_WA_985,2020-06-07,0.351,0.3388834297657013
SourdoughGulch_WA_985,2020-06-08,0.346,0.3461773991584778
SourdoughGulch_WA_985,2020-06-09,0.339,0.33728787302970886
SourdoughGulch_WA_985,2020-06-10,0.334,0.3356391489505768
SourdoughGulch_WA_985,2020-06-11,0.338,0.33509552478790283
SourdoughGulch_WA_985,2020-06-12,0.337,0.3346462845802307
SourdoughGulch_WA_985,2020-06-13,0.33,0.3422289788722992
SourdoughGulch_WA_985,2020-06-14,0.364,0.3506012558937073
SourdoughGulch_WA_985,2020-06-15,0.352,0.3559914529323578
SourdoughGulch_WA_985,2020-06-16,0.351,0.3565460741519928
SourdoughGulch_WA_985,2020-06-17,0.357,0.34883198142051697
SourdoughGulch_WA_985,2020-06-18,0.352,0.34436121582984924
SourdoughGulch_WA_985,2020-06-19,0.347,0.3410126268863678
SourdoughGulch_WA_985,2020-06-20,0.342,0.3386785089969635
SourdoughGulch_WA_985,2020-06-21,0.337,0.33595967292785645
SourdoughGulch_WA_985,2020-06-22,0.338,0.33594655990600586
SourdoughGulch_WA_985,2020-06-23,0.332,0.3276307284832001
SourdoughGulch_WA_985,2020-06-24,0.324,0.31403034925460815
SourdoughGulch_WA_985,2020-06-25,0.314,0.3109293282032013
SourdoughGulch_WA_985,2020-06-26,0.305,0.30887189507484436
SourdoughGulch_WA_985,2020-06-27,0.295,0.3053644001483917
SourdoughGulch_WA_985,2020-06-28,0.28,0.3013465702533722
SourdoughGulch_WA_985,2020-06-29,0.266,0.31062930822372437
SourdoughGulch_WA_985,2020-06-30,0.355,0.3335754871368408
SourdoughGulch_WA_985,2020-07-01,0.36,0.3407132029533386
SourdoughGulch_WA_985,2020-07-02,0.348,0.33497732877731323
SourdoughGulch_WA_985,2020-07-03,0.343,0.33410120010375977
SourdoughGulch_WA_985,2020-07-04,0.336,0.3328830301761627
SourdoughGulch_WA_985,2020-07-05,0.327,0.32452675700187683
SourdoughGulch_WA_985,2020-07-06,0.319,0.3029247522354126
SourdoughGulch_WA_985,2020-07-07,0.312,0.29084569215774536
SourdoughGulch_WA_985,2020-07-08,0.305,0.3197883665561676
SourdoughGulch_WA_985,2020-07-09,0.301,0.30301913619041443
SourdoughGulch_WA_985,2020-07-10,0.294,0.30291029810905457
SourdoughGulch_WA_985,2020-07-11,0.292,0.2919345796108246
SourdoughGulch_WA_985,2020-07-12,0.289,0.2939075827598572
SourdoughGulch_WA_985,2020-07-13,0.277,0.2975672781467438
SourdoughGulch_WA_985,2020-07-14,0.269,0.2863899767398834
SourdoughGulch_WA_985,2020-07-15,0.26,0.2631166875362396
SourdoughGulch_WA_985,2020-07-16,0.249,0.25109103322029114
SourdoughGulch_WA_985,2020-07-17,0.238,0.23930878937244415
SourdoughGulch_WA_985,2020-07-18,0.22,0.22407956421375275
SourdoughGulch_WA_985,2020-07-19,0.216,0.2130993902683258
SourdoughGulch_WA_985,2020-07-20,0.203,0.17908978462219238
SourdoughGulch_WA_985,2020-07-21,0.191,0.18013298511505127
SourdoughGulch_WA_985,2020-07-22,0.185,0.17616938054561615
SourdoughGulch_WA_985,2020-07-23,0.179,0.18223616480827332
SourdoughGulch_WA_985,2020-07-24,0.17,0.17939028143882751
SourdoughGulch_WA_985,2020-07-25,0.166,0.17716814577579498
SourdoughGulch_WA_985,2020-07-26,0.162,0.16828492283821106
SourdoughGulch_WA_985,2020-07-27,0.159,0.16414499282836914
SourdoughGulch_WA_985,2020-07-28,0.156,0.16769079864025116
SourdoughGulch_WA_985,2020-07-29,0.15,0.17165502905845642
SourdoughGulch_WA_985,2020-07-30,0.15,0.15901978313922882
SourdoughGulch_WA_985,2020-07-31,0.149,0.1507604569196701
SourdoughGulch_WA_985,2020-08-01,0.148,0.15089543163776398
SourdoughGulch_WA_985,2020-08-02,0.138,0.1513771414756775
SourdoughGulch_WA_985,2020-08-03,0.139,0.14956413209438324
SourdoughGulch_WA_985,2020-08-04,0.138,0.14635181427001953
SourdoughGulch_WA_985,2020-08-05,0.133,0.14047010242938995
SourdoughGulch_WA_985,2020-08-06,0.133,0.1324305683374405
SourdoughGulch_WA_985,2020-08-07,0.127,0.13330218195915222
SourdoughGulch_WA_985,2020-08-08,0.123,0.12414751201868057
SourdoughGulch_WA_985,2020-08-09,0.123,0.12053701281547546
SourdoughGulch_WA_985,2020-08-10,0.122,0.11734937876462936
SourdoughGulch_WA_985,2020-08-11,0.126,0.11548633873462677
SourdoughGulch_WA_985,2020-08-12,0.125,0.11076202243566513
SourdoughGulch_WA_985,2020-08-13,0.117,0.11177323758602142
SourdoughGulch_WA_985,2020-08-14,0.121,0.1111152172088623
SourdoughGulch_WA_985,2020-08-15,0.117,0.11031504720449448
SourdoughGulch_WA_985,2020-08-16,0.121,0.11204494535923004
SourdoughGulch_WA_985,2020-08-17,0.12,0.11064918339252472
SourdoughGulch_WA_985,2020-08-18,0.118,0.11060738563537598
SourdoughGulch_WA_985,2020-08-19,0.115,0.11115530133247375
SourdoughGulch_WA_985,2020-08-20,0.106,0.10883922874927521
SourdoughGulch_WA_985,2020-08-21,0.109,0.10097778588533401
SourdoughGulch_WA_985,2020-08-22,0.109,0.1009242981672287
SourdoughGulch_WA_985,2020-08-23,0.109,0.0987255647778511
SourdoughGulch_WA_985,2020-08-24,0.111,0.09742774069309235
SourdoughGulch_WA_985,2020-08-25,0.103,0.09161477535963058
SourdoughGulch_WA_985,2020-08-26,0.106,0.10637916624546051
SourdoughGulch_WA_985,2020-08-27,0.106,0.10486238449811935
SourdoughGulch_WA_985,2020-08-28,0.104,0.1011071652173996
SourdoughGulch_WA_985,2020-08-29,0.104,0.10279546678066254
SourdoughGulch_WA_985,2020-08-30,0.098,0.09932722896337509
SourdoughGulch_WA_985,2020-08-31,0.096,0.09021744877099991
SourdoughGulch_WA_985,2020-09-01,0.091,0.09052184224128723
SourdoughGulch_WA_985,2020-09-02,0.091,0.08953627198934555
SourdoughGulch_WA_985,2020-09-03,0.096,0.09097017347812653
SourdoughGulch_WA_985,2020-09-04,0.091,0.09702242910861969
SourdoughGulch_WA_985,2020-09-05,0.094,0.09663152694702148
SourdoughGulch_WA_985,2020-09-06,0.092,0.09758969396352768
SourdoughGulch_WA_985,2020-09-07,0.09,0.08481904119253159
SourdoughGulch_WA_985,2020-09-08,0.081,0.08356942236423492
SourdoughGulch_WA_985,2020-09-09,0.075,0.08266902714967728
SourdoughGulch_WA_985,2020-09-10,0.073,0.08238774538040161
SourdoughGulch_WA_985,2020-09-11,0.077,0.0824248269200325
SourdoughGulch_WA_985,2020-09-12,0.074,0.08272527903318405
SourdoughGulch_WA_985,2020-09-13,0.073,0.08232972025871277
SourdoughGulch_WA_985,2020-09-14,0.073,0.07736121863126755
SourdoughGulch_WA_985,2020-09-15,0.075,0.07653068751096725
SourdoughGulch_WA_985,2020-09-16,0.07,0.07658829540014267
SourdoughGulch_WA_985,2020-09-17,0.069,0.07631313800811768
SourdoughGulch_WA_985,2020-09-18,0.071,0.07655750215053558
SourdoughGulch_WA_985,2020-09-19,0.071,0.07238098978996277
SourdoughGulch_WA_985,2020-09-20,0.068,0.08705760538578033
SourdoughGulch_WA_985,2020-09-21,0.067,0.08148926496505737
SourdoughGulch_WA_985,2020-09-22,0.068,0.07692855596542358
SourdoughGulch_WA_985,2020-09-23,0.073,0.07889746874570847
SourdoughGulch_WA_985,2020-09-24,0.074,0.08273829519748688
SourdoughGulch_WA_985,2020-09-25,0.071,0.08983391523361206
SourdoughGulch_WA_985,2020-09-26,0.072,0.11485385149717331
SourdoughGulch_WA_985,2020-09-27,0.208,0.1586916297674179
SourdoughGulch_WA_985,2020-09-28,0.195,0.1670048087835312
SourdoughGulch_WA_985,2020-09-29,0.186,0.17010778188705444
SourdoughGulch_WA_985,2020-09-30,0.179,0.1696387380361557
SourdoughGulch_WA_985,2020-10-01,0.178,0.16516941785812378
SourdoughGulch_WA_985,2020-10-02,0.17,0.15514861047267914
SourdoughGulch_WA_985,2020-10-03,0.161,0.14627155661582947
SourdoughGulch_WA_985,2020-10-04,0.156,0.13493308424949646
SourdoughGulch_WA_985,2020-10-05,0.147,0.13783471286296844
SourdoughGulch_WA_985,2020-10-06,0.143,0.13865190744400024
SourdoughGulch_WA_985,2020-10-07,0.139,0.1340811550617218
SourdoughGulch_WA_985,2020-10-08,0.139,0.130493625998497
SourdoughGulch_WA_985,2020-10-09,0.129,0.12222939729690552
SourdoughGulch_WA_985,2020-10-10,0.122,0.12498236447572708
SourdoughGulch_WA_985,2020-10-11,0.117,0.12904082238674164
SourdoughGulch_WA_985,2020-10-12,0.109,0.1354583203792572
SourdoughGulch_WA_985,2020-10-13,0.174,0.17918820679187775
SourdoughGulch_WA_985,2020-10-14,0.325,0.254254013299942
SourdoughGulch_WA_985,2020-10-15,0.285,0.2682575583457947
SourdoughGulch_WA_985,2020-10-16,0.27,0.2674958109855652
SourdoughGulch_WA_985,2020-10-17,0.266,0.25966647267341614
SourdoughGulch_WA_985,2020-10-18,0.26,0.2653662860393524
SourdoughGulch_WA_985,2020-10-19,0.255,0.23628199100494385
SourdoughGulch_WA_985,2020-10-20,0.249,0.22793304920196533
SourdoughGulch_WA_985,2020-10-21,0.243,0.23234374821186066
SourdoughGulch_WA_985,2020-10-22,0.232,0.2381960153579712
SourdoughGulch_WA_985,2020-10-23,0.227,0.2362208366394043
SourdoughGulch_WA_985,2020-10-24,0.221,0.24355003237724304
SourdoughGulch_WA_985,2020-10-25,0.317,0.2816752791404724
SourdoughGulch_WA_985,2020-10-26,0.288,0.28396230936050415
SourdoughGulch_WA_985,2020-10-27,0.265,0.2647504508495331
SourdoughGulch_WA_985,2020-10-28,0.258,0.27732643485069275
SourdoughGulch_WA_985,2020-10-29,0.305,0.2883187234401703
SourdoughGulch_WA_985,2020-10-30,0.302,0.29736819863319397
SourdoughGulch_WA_985,2020-10-31,0.298,0.29196083545684814
SourdoughGulch_WA_985,2020-11-01,0.286,0.2908439636230469
SourdoughGulch_WA_985,2020-11-02,0.282,0.2665084898471832
SourdoughGulch_WA_985,2020-11-03,0.278,0.25597262382507324
SourdoughGulch_WA_985,2020-11-04,0.278,0.27348625659942627
SourdoughGulch_WA_985,2020-11-05,0.277,0.26160910725593567
SourdoughGulch_WA_985,2020-11-06,0.275,0.2787889540195465
SourdoughGulch_WA_985,2020-11-07,0.348,0.3207491934299469
SourdoughGulch_WA_985,2020-11-08,0.334,0.34277260303497314
SourdoughGulch_WA_985,2020-11-09,0.325,0.33109286427497864
SourdoughGulch_WA_985,2020-11-10,0.326,0.32972899079322815
SourdoughGulch_WA_985,2020-11-11,0.327,0.32013773918151855
SourdoughGulch_WA_985,2020-11-12,0.328,0.32908695936203003
SourdoughGulch_WA_985,2020-11-13,0.328,0.32769331336021423
SourdoughGulch_WA_985,2020-11-14,0.329,0.32460451126098633
SourdoughGulch_WA_985,2020-11-15,0.331,0.32224443554878235
SourdoughGulch_WA_985,2020-11-16,0.331,0.32970190048217773
SourdoughGulch_WA_985,2020-11-17,0.361,0.3343791663646698
SourdoughGulch_WA_985,2020-11-18,0.351,0.3421800434589386
SourdoughGulch_WA_985,2020-11-19,0.353,0.34480351209640503
SourdoughGulch_WA_985,2020-11-20,0.334,0.33563345670700073
SourdoughGulch_WA_985,2020-11-21,0.321,0.32500123977661133
SourdoughGulch_WA_985,2020-11-22,0.308,0.3122800290584564
SourdoughGulch_WA_985,2020-11-23,0.295,0.304008811712265
SourdoughGulch_WA_985,2020-11-24,0.297,0.30580949783325195
SourdoughGulch_WA_985,2020-11-25,0.3,0.3067205846309662
SourdoughGulch_WA_985,2020-11-26,0.299,0.30223411321640015
SourdoughGulch_WA_985,2020-11-27,0.299,0.3005945384502411
SourdoughGulch_WA_985,2020-11-28,0.293,0.2947061359882355
SourdoughGulch_WA_985,2020-11-29,0.291,0.28972023725509644
SourdoughGulch_WA_985,2020-11-30,0.29,0.277167946100235
SourdoughGulch_WA_985,2020-12-01,0.285,0.2767248749732971
SourdoughGulch_WA_985,2020-12-02,0.279,0.2748754024505615
SourdoughGulch_WA_985,2020-12-03,0.263,0.26049646735191345
SourdoughGulch_WA_985,2020-12-04,0.246,0.2523931562900543
SourdoughGulch_WA_985,2020-12-05,0.222,0.22413739562034607
SourdoughGulch_WA_985,2020-12-06,0.188,0.20304381847381592
SourdoughGulch_WA_985,2020-12-07,0.177,0.19312505424022675
SourdoughGulch_WA_985,2020-12-08,0.155,0.18934649229049683
SourdoughGulch_WA_985,2020-12-09,0.195,0.2055748999118805
SourdoughGulch_WA_985,2020-12-10,0.258,0.23425474762916565
SourdoughGulch_WA_985,2020-12-11,0.282,0.2544008791446686
SourdoughGulch_WA_985,2020-12-12,0.273,0.25399115681648254
SourdoughGulch_WA_985,2020-12-13,0.249,0.2587380111217499
SourdoughGulch_WA_985,2020-12-14,0.219,0.23037774860858917
SourdoughGulch_WA_985,2020-12-15,0.221,0.22283171117305756
SourdoughGulch_WA_985,2020-12-16,0.224,0.2277471274137497
SourdoughGulch_WA_985,2020-12-17,0.238,0.2534182369709015
SourdoughGulch_WA_985,2020-12-18,0.258,0.2592661678791046
SourdoughGulch_WA_985,2020-12-19,0.283,0.27023211121559143
SourdoughGulch_WA_985,2020-12-20,0.314,0.27937737107276917
SourdoughGulch_WA_985,2020-12-21,0.35,0.31367191672325134
SourdoughGulch_WA_985,2020-12-22,0.35,0.32832613587379456
SourdoughGulch_WA_985,2020-12-23,0.339,0.33183327317237854
SourdoughGulch_WA_985,2020-12-24,0.322,0.3200122117996216
SourdoughGulch_WA_985,2020-12-25,0.307,0.31631967425346375
SourdoughGulch_WA_985,2020-12-26,0.3,0.3147466778755188
SourdoughGulch_WA_985,2020-12-27,0.307,0.311005175113678
SourdoughGulch_WA_985,2020-12-28,0.301,0.30394917726516724
SourdoughGulch_WA_985,2020-12-29,0.285,0.28404656052589417
SourdoughGulch_WA_985,2020-12-30,0.27,0.27140921354293823
SourdoughGulch_WA_985,2020-12-31,0.262,0.2726481854915619
Spokane,2017-03-19,0.323,0.3315280079841614
Spokane,2017-03-20,0.319,0.33655738830566406
Spokane,2017-03-21,0.325,0.33796337246894836
Spokane,2017-03-22,0.327,0.3375224173069
Spokane,2017-03-23,0.321,0.32992467284202576
Spokane,2017-03-24,0.331,0.3337634205818176
Spokane,2017-03-25,0.326,0.3299201726913452
Spokane,2017-03-26,0.322,0.32489240169525146
Spokane,2017-03-27,0.325,0.33024314045906067
Spokane,2017-03-28,0.322,0.32135242223739624
Spokane,2017-03-29,0.335,0.32382112741470337
Spokane,2017-03-30,0.325,0.320782870054245
Spokane,2017-03-31,0.32,0.3184204399585724
Spokane,2017-04-01,0.316,0.31618499755859375
Spokane,2017-04-02,0.313,0.3112523555755615
Spokane,2017-04-03,0.309,0.31087368726730347
Spokane,2017-04-04,0.306,0.3084895610809326
Spokane,2017-04-05,0.306,0.3106249272823334
Spokane,2017-04-06,0.307,0.3128184378147125
Spokane,2017-04-07,0.321,0.3161253333091736
Spokane,2017-04-08,0.319,0.32305216789245605
Spokane,2017-04-09,0.316,0.320308119058609
Spokane,2017-04-10,0.32,0.326873779296875
Spokane,2017-04-11,0.317,0.32000356912612915
Spokane,2017-04-12,0.318,0.3208629786968231
Spokane,2017-04-13,0.326,0.322051078081131
Spokane,2017-04-14,0.319,0.32020193338394165
Spokane,2017-04-15,0.314,0.31861621141433716
Spokane,2017-04-16,0.311,0.3051826059818268
Spokane,2017-04-17,0.331,0.3126075863838196
Spokane,2017-04-18,0.328,0.32708191871643066
Spokane,2017-04-19,0.322,0.32673391699790955
Spokane,2017-04-20,0.318,0.32519593834877014
Spokane,2017-04-21,0.314,0.3198690116405487
Spokane,2017-04-22,0.309,0.31600862741470337
Spokane,2017-04-23,0.305,0.3127848505973816
Spokane,2017-04-24,0.305,0.3095608651638031
Spokane,2017-04-25,0.303,0.30592572689056396
Spokane,2017-04-26,0.305,0.3028629720211029
Spokane,2017-04-27,0.304,0.3027935028076172
Spokane,2017-04-28,0.299,0.30345866084098816
Spokane,2017-04-29,0.295,0.3034015893936157
Spokane,2017-04-30,0.289,0.29366564750671387
Spokane,2017-05-01,0.286,0.29407501220703125
Spokane,2017-05-02,0.285,0.2924719750881195
Spokane,2017-05-03,0.28,0.28661975264549255
Spokane,2017-05-04,0.274,0.27960121631622314
Spokane,2017-05-05,0.271,0.2802707552909851
Spokane,2017-05-06,0.276,0.27895158529281616
Spokane,2017-05-07,0.272,0.272172749042511
Spokane,2017-05-08,0.266,0.2707461714744568
Spokane,2017-05-09,0.259,0.26001453399658203
Spokane,2017-05-10,0.251,0.26033100485801697
Spokane,2017-05-11,0.249,0.26012158393859863
Spokane,2017-05-12,0.26,0.26356688141822815
Spokane,2017-05-13,0.254,0.2494894564151764
Spokane,2017-05-14,0.254,0.2539883553981781
Spokane,2017-05-15,0.257,0.25553959608078003
Spokane,2017-05-16,0.277,0.2567862868309021
Spokane,2017-05-17,0.276,0.26511722803115845
Spokane,2017-05-18,0.271,0.2676200866699219
Spokane,2017-05-19,0.264,0.26660361886024475
Spokane,2017-05-20,0.271,0.26605141162872314
Spokane,2017-05-21,0.267,0.27241042256355286
Spokane,2017-05-22,0.255,0.26404979825019836
Spokane,2017-05-23,0.244,0.2230137586593628
Spokane,2017-05-24,0.232,0.22173981368541718
Spokane,2017-05-25,0.226,0.22140181064605713
Spokane,2017-05-26,0.218,0.212176114320755
Spokane,2017-05-27,0.207,0.19551637768745422
Spokane,2017-05-28,0.195,0.18489934504032135
Spokane,2017-05-29,0.182,0.1687777191400528
Spokane,2017-05-30,0.17,0.1600867211818695
Spokane,2017-05-31,0.16,0.15656185150146484
Spokane,2017-06-01,0.157,0.1581094115972519
Spokane,2017-06-02,0.152,0.154538094997406
Spokane,2017-06-03,0.144,0.14124232530593872
Spokane,2017-06-04,0.139,0.13896991312503815
Spokane,2017-06-05,0.138,0.1283842772245407
Spokane,2017-06-06,0.131,0.12141569703817368
Spokane,2017-06-07,0.122,0.11726989597082138
Spokane,2017-06-08,0.113,0.11107046902179718
Spokane,2017-06-09,0.111,0.10661748796701431
Spokane,2017-06-10,0.107,0.10434707254171371
Spokane,2017-06-11,0.103,0.09953902661800385
Spokane,2017-06-12,0.098,0.09546396881341934
Spokane,2017-06-13,0.092,0.0929478257894516
Spokane,2017-06-14,0.086,0.08315738290548325
Spokane,2017-06-15,0.08,0.08491041511297226
Spokane,2017-06-16,0.086,0.10230308026075363
Spokane,2017-06-17,0.101,0.11053460091352463
Spokane,2017-06-18,0.104,0.10803370922803879
Spokane,2017-06-19,0.099,0.10275860875844955
Spokane,2017-06-20,0.092,0.09303613007068634
Spokane,2017-06-21,0.084,0.08889304101467133
Spokane,2017-06-22,0.078,0.0832613855600357
Spokane,2017-06-23,0.072,0.07147512584924698
Spokane,2017-06-24,0.067,0.06458236277103424
Spokane,2017-06-25,0.062,0.07463549822568893
Spokane,2017-06-26,0.058,0.07271947711706161
Spokane,2017-06-27,0.056,0.05703183636069298
Spokane,2017-06-28,0.055,0.059202130883932114
Spokane,2017-06-29,0.054,0.055704887956380844
Spokane,2017-06-30,0.056,0.05621925741434097
Spokane,2017-07-01,0.055,0.0568956695497036
Spokane,2017-07-02,0.052,0.056081000715494156
Spokane,2017-07-03,0.049,0.04875224828720093
Spokane,2017-07-04,0.046,0.04559467360377312
Spokane,2017-07-05,0.043,0.04192138835787773
Spokane,2017-07-06,0.04,0.0449705570936203
Spokane,2017-07-07,0.037,0.0448780432343483
Spokane,2017-07-08,0.035,0.04271983355283737
Spokane,2017-07-09,0.032,0.04242175444960594
Spokane,2017-07-10,0.031,0.0446629598736763
Spokane,2017-07-11,0.03,0.04023207724094391
Spokane,2017-07-12,0.028,0.04015854746103287
Spokane,2017-07-13,0.028,0.031278807669878006
Spokane,2017-07-14,0.027,0.03054645098745823
Spokane,2017-07-15,0.026,0.02960982546210289
Spokane,2017-07-16,0.026,0.02796284295618534
Spokane,2017-07-17,0.025,0.030903127044439316
Spokane,2017-07-18,0.024,0.03064090758562088
Spokane,2017-07-19,0.024,0.028684984892606735
Spokane,2017-07-20,0.024,0.024971336126327515
Spokane,2017-07-21,0.023,0.024323074147105217
Spokane,2017-07-22,0.023,0.023160574957728386
Spokane,2017-07-23,0.024,0.023303499445319176
Spokane,2017-07-24,0.022,0.024557968601584435
Spokane,2017-07-25,0.022,0.021776752546429634
Spokane,2017-07-26,0.022,0.021156728267669678
Spokane,2017-07-27,0.021,0.020834211260080338
Spokane,2017-07-28,0.021,0.020840032026171684
Spokane,2017-07-29,0.021,0.020951343700289726
Spokane,2017-07-30,0.02,0.020547792315483093
Spokane,2017-07-31,0.02,0.02022429369390011
Spokane,2017-08-01,0.02,0.021032894030213356
Spokane,2017-08-02,0.02,0.021419471129775047
Spokane,2017-08-03,0.02,0.021419471129775047
Spokane,2017-08-04,0.02,0.02063220925629139
Spokane,2017-08-05,0.019,0.020723210647702217
Spokane,2017-08-06,0.019,0.021757537499070168
Spokane,2017-08-07,0.019,0.018955934792757034
Spokane,2017-08-08,0.018,0.017887363210320473
Spokane,2017-08-09,0.018,0.017431285232305527
Spokane,2017-08-10,0.018,0.016653381288051605
Spokane,2017-08-11,0.019,0.018496790900826454
Spokane,2017-08-12,0.017,0.018919723108410835
Spokane,2017-08-13,0.017,0.018927931785583496
Spokane,2017-08-14,0.018,0.015102755278348923
Spokane,2017-08-15,0.017,0.01377707440406084
Spokane,2017-08-16,0.017,0.0141956377774477
Spokane,2017-08-17,0.017,0.01718224585056305
Spokane,2017-08-18,0.016,0.015736127272248268
Spokane,2017-08-19,0.016,0.01523180678486824
Spokane,2017-08-20,0.015,0.01589876040816307
Spokane,2017-08-21,0.015,0.015185963362455368
Spokane,2017-08-22,0.016,0.0156792514026165
Spokane,2017-08-23,0.016,0.014754701405763626
Spokane,2017-08-24,0.017,0.014378015883266926
Spokane,2017-08-25,0.015,0.014279679395258427
Spokane,2017-08-26,0.014,0.014180362224578857
Spokane,2017-08-27,0.015,0.01430425513535738
Spokane,2017-08-28,0.014,0.014371933415532112
Spokane,2017-08-29,0.016,0.013826542533934116
Spokane,2017-08-30,0.016,0.014203447848558426
Spokane,2017-08-31,0.015,0.014035362750291824
Spokane,2017-09-01,0.015,0.014035362750291824
Spokane,2017-09-02,0.015,0.01416923850774765
Spokane,2017-09-03,0.014,0.013619793578982353
Spokane,2017-09-04,0.014,0.013558595441281796
Spokane,2017-09-05,0.013,0.01450702641159296
Spokane,2017-09-06,0.014,0.015337906777858734
Spokane,2017-09-07,0.014,0.015879696235060692
Spokane,2017-09-08,0.016,0.016372274607419968
Spokane,2017-09-09,0.015,0.016372274607419968
Spokane,2017-09-10,0.015,0.01656320132315159
Spokane,2017-09-11,0.014,0.010320549830794334
Spokane,2017-09-12,0.014,0.010194627568125725
Spokane,2017-09-13,0.012,0.010644926689565182
Spokane,2017-09-14,0.012,0.00938043650239706
Spokane,2017-09-15,0.011,0.011316938325762749
Spokane,2017-09-16,0.011,0.01205645315349102
Spokane,2017-09-17,0.011,0.010693727061152458
Spokane,2017-09-18,0.016,0.028370458632707596
Spokane,2017-09-19,0.045,0.06740676611661911
Spokane,2017-09-20,0.122,0.11088266223669052
Spokane,2017-09-21,0.142,0.1335183084011078
Spokane,2017-09-22,0.136,0.12973545491695404
Spokane,2017-09-23,0.13,0.1284065693616867
Spokane,2017-09-24,0.124,0.12516586482524872
Spokane,2017-09-25,0.119,0.11830779910087585
Spokane,2017-09-26,0.114,0.11625806242227554
Spokane,2017-09-27,0.111,0.10685762763023376
Spokane,2017-09-28,0.108,0.10496564954519272
Spokane,2017-09-29,0.105,0.10452334582805634
Spokane,2017-09-30,0.102,0.10415606200695038
Spokane,2017-10-01,0.099,0.10144264250993729
Spokane,2017-10-02,0.097,0.10184326022863388
Spokane,2017-10-03,0.094,0.09233491122722626
Spokane,2017-10-04,0.093,0.0934554785490036
Spokane,2017-10-05,0.092,0.09293464571237564
Spokane,2017-10-06,0.091,0.09307167679071426
Spokane,2017-10-07,0.091,0.09415171295404434
Spokane,2017-10-08,0.088,0.09462457150220871
Spokane,2017-10-09,0.086,0.09006062895059586
Spokane,2017-10-10,0.085,0.07972286641597748
Spokane,2017-10-11,0.084,0.08191588521003723
Spokane,2017-10-12,0.083,0.08253949880599976
Spokane,2017-10-13,0.093,0.08732283115386963
Spokane,2017-10-14,0.118,0.09700959920883179
Spokane,2017-10-15,0.119,0.10277795791625977
Spokane,2017-10-16,0.117,0.10761209577322006
Spokane,2017-10-17,0.115,0.11817977577447891
Spokane,2017-10-18,0.119,0.12462393939495087
Spokane,2017-10-19,0.145,0.14036238193511963
Spokane,2017-10-20,0.187,0.16690854728221893
Spokane,2017-10-21,0.181,0.19332794845104218
Spokane,2017-10-22,0.249,0.22482098639011383
Spokane,2017-10-23,0.215,0.2062097191810608
Spokane,2017-10-24,0.205,0.1980677843093872
Spokane,2017-10-25,0.2,0.198717400431633
Spokane,2017-10-26,0.196,0.19187293946743011
Spokane,2017-10-27,0.191,0.20364347100257874
Spokane,2017-10-28,0.189,0.1982472538948059
Spokane,2017-10-30,0.183,0.17738904058933258
Spokane,2017-10-31,0.179,0.18293336033821106
Spokane,2017-11-01,0.178,0.1703524887561798
Spokane,2017-11-02,0.178,0.17653003334999084
Spokane,2017-11-03,0.193,0.19632987678050995
Spokane,2017-11-04,0.197,0.20666319131851196
Spokane,2017-11-05,0.204,0.21214932203292847
Spokane,2017-11-06,0.215,0.2146318554878235
Spokane,2017-11-07,0.212,0.22072002291679382
Spokane,2017-11-08,0.215,0.21998195350170135
Spokane,2017-11-09,0.234,0.22291266918182373
Spokane,2017-11-10,0.235,0.2205948829650879
Spokane,2017-11-11,0.236,0.24235619604587555
Spokane,2017-11-12,0.23,0.23781371116638184
Spokane,2017-11-13,0.238,0.24836157262325287
Spokane,2017-11-14,0.238,0.24209336936473846
Spokane,2017-11-15,0.235,0.2403544932603836
Spokane,2017-11-16,0.259,0.24233339726924896
Spokane,2017-11-17,0.25,0.24946913123130798
Spokane,2017-11-18,0.246,0.2476688027381897
Spokane,2017-11-19,0.244,0.2502235472202301
Spokane,2017-11-20,0.29,0.2753836214542389
Spokane,2017-11-21,0.301,0.2909941077232361
Spokane,2017-11-22,0.3,0.29986685514450073
Spokane,2017-11-23,0.3,0.29850083589553833
Spokane,2017-11-24,0.295,0.29943177103996277
Spokane,2017-11-25,0.292,0.2989841103553772
Spokane,2017-11-26,0.295,0.29834824800491333
Spokane,2017-11-27,0.296,0.29499346017837524
Spokane,2017-11-28,0.297,0.29533353447914124
Spokane,2017-11-29,0.302,0.29409605264663696
Spokane,2017-11-30,0.297,0.2928171753883362
Spokane,2017-12-01,0.296,0.29456743597984314
Spokane,2017-12-02,0.294,0.2935276925563812
Spokane,2017-12-03,0.296,0.2876283824443817
Spokane,2017-12-04,0.288,0.2864339351654053
Spokane,2017-12-05,0.281,0.2830882966518402
Spokane,2017-12-06,0.272,0.27859756350517273
Spokane,2017-12-07,0.283,0.2718764543533325
Spokane,2018-02-05,0.311,0.3117440938949585
Spokane,2018-02-06,0.309,0.3060820400714874
Spokane,2018-02-07,0.307,0.30826905369758606
Spokane,2018-02-08,0.306,0.3078809678554535
Spokane,2018-02-09,0.304,0.3008905053138733
Spokane,2018-02-10,0.299,0.29442620277404785
Spokane,2018-02-11,0.296,0.28805479407310486
Spokane,2018-02-12,0.293,0.28261300921440125
Spokane,2018-02-13,0.296,0.28207674622535706
Spokane,2018-02-14,0.298,0.2801399827003479
Spokane,2018-02-15,0.298,0.2895968556404114
Spokane,2018-02-16,0.299,0.29033195972442627
Spokane,2018-02-19,0.319,0.2791934609413147
Spokane,2018-03-18,0.314,0.30938881635665894
Spokane,2018-03-19,0.307,0.3134647011756897
Spokane,2018-03-20,0.304,0.31305286288261414
Spokane,2018-03-21,0.302,0.3098202049732208
Spokane,2018-03-22,0.313,0.3038213551044464
Spokane,2018-03-23,0.312,0.31217440962791443
Spokane,2018-03-24,0.319,0.311261922121048
Spokane,2018-03-25,0.312,0.3117302358150482
Spokane,2018-03-26,0.309,0.3070194125175476
Spokane,2018-03-27,0.307,0.306810200214386
Spokane,2018-03-28,0.303,0.3037322163581848
Spokane,2018-03-29,0.3,0.30211588740348816
Spokane,2018-03-30,0.298,0.30210915207862854
Spokane,2018-03-31,0.296,0.3010934293270111
Spokane,2018-04-01,0.295,0.2990286648273468
Spokane,2018-04-02,0.294,0.29827752709388733
Spokane,2018-04-03,0.292,0.3002817630767822
Spokane,2018-04-04,0.292,0.30151039361953735
Spokane,2018-04-05,0.313,0.3058412969112396
Spokane,2018-04-06,0.318,0.31057432293891907
Spokane,2018-04-07,0.322,0.31091099977493286
Spokane,2018-04-08,0.316,0.30804187059402466
Spokane,2018-04-09,0.31,0.31143128871917725
Spokane,2018-04-10,0.308,0.3143629729747772
Spokane,2018-04-11,0.306,0.3065076470375061
Spokane,2018-04-12,0.323,0.308627724647522
Spokane,2018-04-13,0.315,0.31084609031677246
Spokane,2018-04-14,0.312,0.31279611587524414
Spokane,2018-04-15,0.313,0.310879647731781
Spokane,2018-04-16,0.323,0.3072785437107086
Spokane,2018-04-17,0.313,0.2997487783432007
Spokane,2018-04-18,0.308,0.30060550570487976
Spokane,2018-04-19,0.304,0.2994277775287628
Spokane,2018-04-20,0.3,0.29420769214630127
Spokane,2018-04-21,0.295,0.2962270975112915
Spokane,2018-04-22,0.292,0.2918848693370819
Spokane,2018-04-23,0.288,0.278743177652359
Spokane,2018-04-24,0.284,0.27833014726638794
Spokane,2018-04-25,0.279,0.27282774448394775
Spokane,2018-04-26,0.274,0.2693617045879364
Spokane,2018-04-27,0.268,0.27319371700286865
Spokane,2018-04-28,0.266,0.2698913812637329
Spokane,2018-04-29,0.264,0.2624109387397766
Spokane,2018-04-30,0.261,0.25820600986480713
Spokane,2018-05-01,0.257,0.2557799816131592
Spokane,2018-05-02,0.253,0.25782346725463867
Spokane,2018-05-03,0.247,0.24938876926898956
Spokane,2018-05-04,0.239,0.25105351209640503
Spokane,2018-05-05,0.233,0.2313077747821808
Spokane,2018-05-06,0.237,0.2345414161682129
Spokane,2018-05-07,0.253,0.23822596669197083
Spokane,2018-05-08,0.244,0.24120552837848663
Spokane,2018-05-09,0.239,0.2439560443162918
Spokane,2018-05-10,0.235,0.24961751699447632
Spokane,2018-05-11,0.232,0.24072307348251343
Spokane,2018-05-12,0.225,0.2369978427886963
Spokane,2018-05-13,0.215,0.22345329821109772
Spokane,2018-05-14,0.205,0.22179049253463745
Spokane,2018-05-15,0.194,0.20185378193855286
Spokane,2018-05-16,0.187,0.19863447546958923
Spokane,2018-05-17,0.225,0.1829991638660431
Spokane,2018-05-18,0.266,0.24897196888923645
Spokane,2018-05-19,0.258,0.2572230398654938
Spokane,2018-05-20,0.248,0.255647212266922
Spokane,2018-05-21,0.239,0.24464105069637299
Spokane,2018-05-22,0.228,0.23853102326393127
Spokane,2018-05-23,0.219,0.22206172347068787
Spokane,2018-05-24,0.219,0.2218097299337387
Spokane,2018-05-25,0.208,0.21599824726581573
Spokane,2018-05-26,0.198,0.20846109092235565
Spokane,2018-05-27,0.189,0.20368479192256927
Spokane,2018-05-28,0.18,0.19502419233322144
Spokane,2018-05-29,0.171,0.16678279638290405
Spokane,2018-05-30,0.162,0.1758539080619812
Spokane,2018-05-31,0.156,0.16937167942523956
Spokane,2018-06-01,0.153,0.152843177318573
Spokane,2018-06-02,0.146,0.14284749329090118
Spokane,2018-06-03,0.137,0.13696712255477905
Spokane,2018-06-04,0.129,0.15370090305805206
Spokane,2018-06-05,0.122,0.13559849560260773
Spokane,2018-06-06,0.114,0.11895879358053207
Spokane,2018-06-07,0.107,0.09805238991975784
Spokane,2018-06-08,0.099,0.08587171882390976
Spokane,2018-06-09,0.095,0.10424003005027771
Spokane,2018-06-10,0.104,0.10877566784620285
Spokane,2018-06-11,0.104,0.1089036837220192
Spokane,2018-06-12,0.101,0.10983177274465561
Spokane,2018-06-13,0.098,0.10269474238157272
Spokane,2018-06-14,0.093,0.09208694845438004
Spokane,2018-06-15,0.089,0.07974374294281006
Spokane,2018-06-16,0.085,0.08414804190397263
Spokane,2018-06-17,0.084,0.07820840924978256
Spokane,2018-06-18,0.08,0.09344200044870377
Spokane,2018-06-19,0.08,0.08656422793865204
Spokane,2018-06-20,0.078,0.08166827261447906
Spokane,2018-06-21,0.079,0.07959350943565369
Spokane,2018-06-22,0.1,0.0849033072590828
Spokane,2018-06-23,0.098,0.08366218209266663
Spokane,2018-06-24,0.094,0.08613169938325882
Spokane,2018-06-25,0.089,0.0820668637752533
Spokane,2018-06-26,0.082,0.07915212213993073
Spokane,2018-06-27,0.078,0.07283108681440353
Spokane,2018-06-28,0.073,0.07033155113458633
Spokane,2018-06-29,0.07,0.06936416029930115
Spokane,2018-06-30,0.066,0.06397726386785507
Spokane,2018-07-01,0.064,0.059528645128011703
Spokane,2018-07-02,0.06,0.054617028683423996
Spokane,2018-07-03,0.058,0.047363750636577606
Spokane,2018-07-04,0.057,0.05066598951816559
Spokane,2018-07-05,0.056,0.06117704510688782
Spokane,2018-07-06,0.053,0.06418388336896896
Spokane,2018-07-07,0.05,0.06008473038673401
Spokane,2018-07-08,0.046,0.058124199509620667
Spokane,2018-07-09,0.043,0.04884862154722214
Spokane,2018-07-10,0.04,0.03389526903629303
Spokane,2018-07-11,0.038,0.03507300838828087
Spokane,2018-07-12,0.037,0.03516663983464241
Spokane,2018-07-13,0.035,0.033585868775844574
Spokane,2018-07-14,0.034,0.03205038234591484
Spokane,2018-07-15,0.031,0.030674727633595467
Spokane,2018-07-16,0.03,0.03330199792981148
Spokane,2018-07-17,0.029,0.032362498342990875
Spokane,2018-07-18,0.028,0.028163563460111618
Spokane,2018-07-19,0.027,0.028432141989469528
Spokane,2018-07-20,0.026,0.027546662837266922
Spokane,2018-07-21,0.026,0.027589188888669014
Spokane,2018-07-22,0.025,0.02444012649357319
Spokane,2018-07-23,0.025,0.024371566250920296
Spokane,2018-07-24,0.025,0.024085070937871933
Spokane,2018-07-25,0.024,0.024888301268219948
Spokane,2018-07-26,0.024,0.025941919535398483
Spokane,2018-07-27,0.024,0.02547655813395977
Spokane,2018-07-28,0.024,0.02369423396885395
Spokane,2018-07-29,0.023,0.025201816111803055
Spokane,2018-07-30,0.023,0.024295220151543617
Spokane,2018-07-31,0.023,0.024449685588479042
Spokane,2018-08-01,0.022,0.023951657116413116
Spokane,2018-08-02,0.022,0.021583035588264465
Spokane,2018-08-03,0.021,0.021945279091596603
Spokane,2018-08-04,0.021,0.021463926881551743
Spokane,2018-08-05,0.021,0.021236447617411613
Spokane,2018-08-06,0.021,0.021630985662341118
Spokane,2018-08-07,0.021,0.02075410820543766
Spokane,2018-08-08,0.021,0.02113085426390171
Spokane,2018-08-09,0.02,0.022082317620515823
Spokane,2018-08-10,0.021,0.022083960473537445
Spokane,2018-08-11,0.021,0.01898139715194702
Spokane,2018-08-12,0.019,0.019327960908412933
Spokane,2018-08-13,0.019,0.018910666927695274
Spokane,2018-08-14,0.019,0.01893831044435501
Spokane,2018-08-15,0.019,0.018082281574606895
Spokane,2018-08-16,0.019,0.01816464774310589
Spokane,2018-08-17,0.02,0.01871155947446823
Spokane,2018-08-18,0.019,0.019338497892022133
Spokane,2018-08-19,0.018,0.01936670020222664
Spokane,2018-08-20,0.017,0.01866893842816353
Spokane,2018-08-21,0.018,0.018029119819402695
Spokane,2018-08-22,0.018,0.019225455820560455
Spokane,2018-08-23,0.017,0.019643336534500122
Spokane,2018-08-24,0.018,0.019620195031166077
Spokane,2018-08-25,0.016,0.020442942157387733
Spokane,2018-08-26,0.017,0.02078298106789589
Spokane,2018-08-27,0.018,0.017586050555109978
Spokane,2018-08-28,0.02,0.019886121153831482
Spokane,2018-08-29,0.024,0.02290627732872963
Spokane,2018-08-30,0.027,0.024027638137340546
Spokane,2018-08-31,0.028,0.021746166050434113
Spokane,2018-09-01,0.029,0.02634577453136444
Spokane,2018-09-02,0.028,0.02608375996351242
Spokane,2018-09-03,0.027,0.024756938219070435
Spokane,2018-09-04,0.025,0.022799847647547722
Spokane,2018-09-05,0.023,0.03168313577771187
Spokane,2018-09-06,0.023,0.030528554692864418
Spokane,2018-09-07,0.021,0.024713817983865738
Spokane,2018-09-08,0.021,0.02790222503244877
Spokane,2018-09-09,0.021,0.02206737920641899
Spokane,2018-09-10,0.019,0.020705081522464752
Spokane,2018-09-11,0.018,0.01573655568063259
Spokane,2018-09-12,0.017,0.015962028875947
Spokane,2018-09-13,0.017,0.015411308035254478
Spokane,2018-09-14,0.017,0.015406995080411434
Spokane,2018-09-15,0.018,0.015210014767944813
Spokane,2018-09-16,0.019,0.014369060285389423
Spokane,2018-09-17,0.018,0.016070930287241936
Spokane,2018-09-18,0.018,0.016569890081882477
Spokane,2018-09-19,0.017,0.0175282321870327
Spokane,2018-09-20,0.017,0.023565370589494705
Spokane,2018-09-21,0.017,0.02321583218872547
Spokane,2018-09-22,0.018,0.02279224991798401
Spokane,2018-09-24,0.017,0.022607622668147087
Spokane,2018-09-25,0.015,0.014067220501601696
Spokane,2018-09-26,0.015,0.014248733408749104
Spokane,2018-09-27,0.015,0.014558495953679085
Spokane,2018-09-28,0.016,0.017495974898338318
Spokane,2018-09-29,0.015,0.017706075683236122
Spokane,2018-09-30,0.014,0.018368206918239594
Spokane,2018-10-01,0.015,0.009629619307816029
Spokane,2018-10-02,0.016,0.011430238373577595
Spokane,2018-10-03,0.013,0.017841555178165436
Spokane,2018-10-04,0.013,0.015424046665430069
Spokane,2018-10-05,0.011,0.011400598101317883
Spokane,2018-10-06,0.014,0.01809808984398842
Spokane,2018-10-07,0.015,0.021044572815299034
Spokane,2018-10-08,0.018,0.03260364383459091
Spokane,2018-10-09,0.084,0.05748113989830017
Spokane,2018-10-10,0.107,0.09876090288162231
Spokane,2018-10-11,0.103,0.09378556907176971
Spokane,2018-10-12,0.1,0.10119471698999405
Spokane,2018-10-13,0.096,0.1022718995809555
Spokane,2018-10-14,0.093,0.10070730000734329
Spokane,2018-10-15,0.091,0.0910334512591362
Spokane,2018-10-16,0.089,0.0853223130106926
Spokane,2018-10-17,0.087,0.08422499150037766
Spokane,2018-10-18,0.085,0.09051070362329483
Spokane,2018-10-19,0.084,0.08419229090213776
Spokane,2018-10-20,0.082,0.08418235927820206
Spokane,2018-10-21,0.081,0.07812719792127609
Spokane,2018-10-22,0.079,0.08499712496995926
Spokane,2018-10-23,0.078,0.08103364706039429
Spokane,2018-10-24,0.077,0.0743720531463623
Spokane,2018-10-25,0.075,0.07408437132835388
Spokane,2018-10-26,0.108,0.10125052183866501
Spokane,2018-10-27,0.121,0.11112476885318756
Spokane,2018-10-28,0.159,0.13532070815563202
Spokane,2018-10-29,0.151,0.15258532762527466
Spokane,2018-10-30,0.143,0.15064771473407745
Spokane,2018-10-31,0.161,0.15903666615486145
Spokane,2018-11-01,0.166,0.1606314331293106
Spokane,2018-11-02,0.175,0.16428041458129883
Spokane,2018-11-03,0.166,0.16700275242328644
Spokane,2018-11-04,0.176,0.1723766177892685
Spokane,2018-11-05,0.167,0.16164325177669525
Spokane,2018-11-06,0.164,0.1687672883272171
Spokane,2018-11-07,0.169,0.1699804663658142
Spokane,2018-11-08,0.159,0.1511191576719284
Spokane,2018-11-09,0.15,0.15412980318069458
Spokane,2018-11-10,0.153,0.14838385581970215
Spokane,2018-11-11,0.155,0.15253393352031708
Spokane,2018-11-12,0.153,0.16219453513622284
Spokane,2018-11-13,0.152,0.15039688348770142
Spokane,2018-11-14,0.15,0.15117581188678741
Spokane,2018-11-15,0.149,0.1569538712501526
Spokane,2018-11-16,0.155,0.15505367517471313
Spokane,2018-11-17,0.149,0.15085852146148682
Spokane,2018-11-18,0.147,0.14532162249088287
Spokane,2018-11-23,0.201,0.17281857132911682
Spokane,2018-11-24,0.21,0.19663965702056885
Spokane,2018-11-25,0.198,0.1977376639842987
Spokane,2018-11-26,0.203,0.2087482064962387
Spokane,2018-11-27,0.253,0.23787982761859894
Spokane,2018-11-28,0.235,0.2388416826725006
Spokane,2018-11-29,0.238,0.2411668747663498
Spokane,2018-11-30,0.233,0.2400662899017334
Spokane,2018-12-01,0.236,0.23553362488746643
Spokane,2018-12-02,0.232,0.2438100129365921
Spokane,2018-12-03,0.228,0.2401150017976761
Spokane,2018-12-04,0.223,0.23282283544540405
Spokane,2018-12-05,0.221,0.23141048848628998
Spokane,2018-12-06,0.21,0.22987648844718933
Spokane,2018-12-17,0.269,0.25843071937561035
Spokane,2018-12-18,0.324,0.30490642786026
Spokane,2018-12-19,0.308,0.30752241611480713
Spokane,2018-12-20,0.306,0.3036648631095886
Spokane,2018-12-21,0.303,0.2989444434642792
Spokane,2018-12-22,0.294,0.2855081856250763
Spokane,2018-12-23,0.3,0.2877848148345947
Spokane,2018-12-24,0.306,0.2923877239227295
Spokane,2018-12-25,0.301,0.28876203298568726
Spokane,2018-12-26,0.296,0.299233615398407
Spokane,2018-12-27,0.295,0.29551148414611816
Spokane,2018-12-28,0.294,0.29658326506614685
Spokane,2018-12-29,0.313,0.3037300407886505
Spokane,2018-12-30,0.311,0.30565372109413147
Spokane,2018-12-31,0.297,0.2972785234451294
Spokane,2019-01-01,0.299,0.2936374545097351
Spokane,2019-01-05,0.301,0.29348424077033997
Spokane,2019-01-06,0.304,0.29986482858657837
Spokane,2019-01-07,0.303,0.2892746925354004
Spokane,2019-01-08,0.299,0.3010353744029999
Spokane,2019-01-10,0.319,0.3039424419403076
Spokane,2019-01-11,0.313,0.2980978786945343
Spokane,2019-01-12,0.308,0.30213701725006104
Spokane,2019-01-13,0.306,0.29136762022972107
Spokane,2019-01-14,0.301,0.2823072373867035
Spokane,2019-04-02,0.298,0.2933209538459778
Spokane,2019-04-03,0.298,0.29948946833610535
Spokane,2019-04-04,0.296,0.30014780163764954
Spokane,2019-04-05,0.301,0.2992616891860962
Spokane,2019-04-06,0.308,0.30789685249328613
Spokane,2019-04-07,0.319,0.3090095818042755
Spokane,2019-04-08,0.314,0.31020388007164
Spokane,2019-04-09,0.335,0.3143809735774994
Spokane,2019-04-10,0.32,0.317025363445282
Spokane,2019-04-11,0.312,0.3192649781703949
Spokane,2019-04-12,0.314,0.31645217537879944
Spokane,2019-04-13,0.319,0.3128264844417572
Spokane,2019-04-14,0.316,0.3108520209789276
Spokane,2019-04-15,0.31,0.3115125000476837
Spokane,2019-04-16,0.307,0.3046894371509552
Spokane,2019-04-17,0.302,0.3000825345516205
Spokane,2019-04-18,0.298,0.2995498776435852
Spokane,2019-04-19,0.296,0.298756867647171
Spokane,2019-04-20,0.298,0.30049389600753784
Spokane,2019-04-21,0.295,0.297675758600235
Spokane,2019-04-22,0.291,0.29363545775413513
Spokane,2019-04-23,0.287,0.286334753036499
Spokane,2019-04-24,0.283,0.2854658365249634
Spokane,2019-04-25,0.279,0.2820852994918823
Spokane,2019-04-26,0.284,0.2810305953025818
Spokane,2019-04-27,0.282,0.2740037143230438
Spokane,2019-04-28,0.278,0.2726775109767914
Spokane,2019-04-29,0.274,0.2720263600349426
Spokane,2019-04-30,0.27,0.25879284739494324
Spokane,2019-05-01,0.266,0.2579284906387329
Spokane,2019-05-02,0.262,0.25393804907798767
Spokane,2019-05-03,0.258,0.2518050968647003
Spokane,2019-05-04,0.254,0.2517242133617401
Spokane,2019-05-05,0.249,0.25332212448120117
Spokane,2019-05-06,0.243,0.23425638675689697
Spokane,2019-05-07,0.243,0.24240294098854065
Spokane,2019-05-08,0.235,0.232803612947464
Spokane,2019-05-09,0.228,0.21749158203601837
Spokane,2019-05-10,0.22,0.21634718775749207
Spokane,2019-05-11,0.213,0.21031887829303741
Spokane,2019-05-12,0.204,0.20699867606163025
Spokane,2019-05-13,0.197,0.20308996737003326
Spokane,2019-05-14,0.192,0.2000439614057541
Spokane,2019-05-15,0.19,0.20193293690681458
Spokane,2019-05-16,0.213,0.21169710159301758
Spokane,2019-05-17,0.264,0.23851598799228668
Spokane,2019-05-18,0.266,0.25814229249954224
Spokane,2019-05-19,0.257,0.2540057897567749
Spokane,2019-05-20,0.249,0.2473103404045105
Spokane,2019-05-21,0.244,0.23825764656066895
Spokane,2019-05-22,0.238,0.2287512719631195
Spokane,2019-05-23,0.231,0.22878891229629517
Spokane,2019-05-24,0.231,0.23537534475326538
Spokane,2019-05-25,0.23,0.23173686861991882
Spokane,2019-05-26,0.261,0.23610427975654602
Spokane,2019-05-27,0.248,0.24134418368339539
Spokane,2019-05-28,0.239,0.24216337502002716
Spokane,2019-05-29,0.23,0.23916120827198029
Spokane,2019-05-30,0.225,0.22784574329853058
Spokane,2019-05-31,0.224,0.20513463020324707
Spokane,2019-06-01,0.212,0.19948920607566833
Spokane,2019-06-02,0.202,0.18993942439556122
Spokane,2019-06-03,0.191,0.19023579359054565
Spokane,2019-06-04,0.182,0.17843371629714966
Spokane,2019-06-05,0.178,0.17653077840805054
Spokane,2019-06-06,0.187,0.17661356925964355
Spokane,2019-06-07,0.179,0.17646336555480957
Spokane,2019-06-08,0.174,0.17484748363494873
Spokane,2019-06-09,0.17,0.1542033851146698
Spokane,2019-06-10,0.163,0.14591310918331146
Spokane,2019-06-11,0.154,0.14470525085926056
Spokane,2019-06-12,0.145,0.14443573355674744
Spokane,2019-06-13,0.135,0.13455696403980255
Spokane,2019-06-14,0.125,0.1311681866645813
Spokane,2019-06-15,0.117,0.11623849719762802
Spokane,2019-06-16,0.109,0.11226699501276016
Spokane,2019-06-17,0.102,0.11469152569770813
Spokane,2019-06-18,0.095,0.10514995455741882
Spokane,2019-06-19,0.089,0.0915883481502533
Spokane,2019-06-20,0.084,0.08878752589225769
Spokane,2019-06-21,0.081,0.0992254987359047
Spokane,2019-06-22,0.081,0.09600020200014114
Spokane,2019-06-23,0.078,0.08195854723453522
Spokane,2019-06-24,0.076,0.07757958024740219
Spokane,2019-06-25,0.072,0.07141941785812378
Spokane,2019-06-26,0.069,0.06375985592603683
Spokane,2019-06-27,0.066,0.06940039247274399
Spokane,2019-06-28,0.066,0.07192280143499374
Spokane,2019-06-29,0.067,0.0703456774353981
Spokane,2019-06-30,0.068,0.0689757838845253
Spokane,2019-07-01,0.068,0.06598883122205734
Spokane,2019-07-02,0.066,0.0622120127081871
Spokane,2019-07-03,0.063,0.06145767122507095
Spokane,2019-07-04,0.06,0.06191440671682358
Spokane,2019-07-05,0.057,0.05380832031369209
Spokane,2019-07-06,0.055,0.05270003154873848
Spokane,2019-07-07,0.052,0.06072322279214859
Spokane,2019-07-08,0.048,0.05328786000609398
Spokane,2019-07-09,0.046,0.049994323402643204
Spokane,2019-07-10,0.044,0.04875572770833969
Spokane,2019-07-11,0.042,0.033888112753629684
Spokane,2019-07-12,0.041,0.03436889871954918
Spokane,2019-07-13,0.04,0.0327693335711956
Spokane,2019-07-14,0.037,0.030098717659711838
Spokane,2019-07-15,0.034,0.02918512560427189
Spokane,2019-07-16,0.034,0.04384543374180794
Spokane,2019-07-17,0.035,0.04460149258375168
Spokane,2019-07-18,0.038,0.04107151925563812
Spokane,2019-07-19,0.04,0.04110563173890114
Spokane,2019-07-20,0.042,0.04034018889069557
Spokane,2019-07-21,0.044,0.04307575523853302
Spokane,2019-07-22,0.044,0.039435409009456635
Spokane,2019-07-23,0.044,0.03762909024953842
Spokane,2019-07-24,0.043,0.04814087972044945
Spokane,2019-07-25,0.046,0.05366043746471405
Spokane,2019-07-26,0.051,0.051887862384319305
Spokane,2019-07-27,0.054,0.053210753947496414
Spokane,2019-07-28,0.053,0.0560990571975708
Spokane,2019-07-29,0.052,0.06922512501478195
Spokane,2019-07-30,0.05,0.05494335666298866
Spokane,2019-07-31,0.048,0.050181321799755096
Spokane,2019-08-01,0.046,0.04503192752599716
Spokane,2019-08-02,0.043,0.04084918648004532
Spokane,2019-08-03,0.039,0.0431777648627758
Spokane,2019-08-04,0.037,0.04713522270321846
Spokane,2019-08-05,0.035,0.0466022714972496
Spokane,2019-08-06,0.033,0.037814728915691376
Spokane,2019-08-07,0.031,0.03528788685798645
Spokane,2019-08-08,0.03,0.03296971693634987
Spokane,2019-08-09,0.028,0.028531227260828018
Spokane,2019-08-10,0.029,0.038639381527900696
Spokane,2019-08-11,0.046,0.06453896313905716
Spokane,2019-08-12,0.131,0.09215512126684189
Spokane,2019-08-13,0.121,0.10118746757507324
Spokane,2019-08-14,0.112,0.10008323937654495
Spokane,2019-08-15,0.105,0.09667714685201645
Spokane,2019-08-16,0.098,0.09459241479635239
Spokane,2019-08-17,0.093,0.09105319529771805
Spokane,2019-08-18,0.087,0.08524206280708313
Spokane,2019-08-19,0.082,0.07144549489021301
Spokane,2019-08-20,0.077,0.06349199265241623
Spokane,2019-08-21,0.072,0.05379929021000862
Spokane,2019-08-22,0.067,0.058390241116285324
Spokane,2019-08-23,0.063,0.05781802535057068
Spokane,2019-08-24,0.06,0.05618752911686897
Spokane,2019-08-25,0.056,0.05310298874974251
Spokane,2019-08-26,0.052,0.044892050325870514
Spokane,2019-08-27,0.049,0.04395070672035217
Spokane,2019-08-28,0.046,0.04371899738907814
Spokane,2019-08-29,0.042,0.042870938777923584
Spokane,2019-08-30,0.042,0.04437367618083954
Spokane,2019-08-31,0.042,0.04441242292523384
Spokane,2019-09-01,0.041,0.041369371116161346
Spokane,2019-09-02,0.038,0.03707871586084366
Spokane,2019-09-03,0.036,0.038837675005197525
Spokane,2019-09-04,0.035,0.03923861309885979
Spokane,2019-09-05,0.033,0.037323396652936935
Spokane,2019-09-06,0.032,0.036307383328676224
Spokane,2019-09-07,0.034,0.04550865665078163
Spokane,2019-09-08,0.035,0.05530516430735588
Spokane,2019-09-09,0.072,0.06429733335971832
Spokane,2019-09-10,0.129,0.09355764836072922
Spokane,2019-09-11,0.126,0.09569671005010605
Spokane,2019-09-12,0.122,0.10275082290172577
Spokane,2019-09-13,0.117,0.10303778946399689
Spokane,2019-09-14,0.112,0.10018889605998993
Spokane,2019-09-15,0.107,0.10155576467514038
Spokane,2019-09-16,0.103,0.0832272320985794
Spokane,2019-09-17,0.099,0.09247390925884247
Spokane,2019-09-18,0.097,0.0918794646859169
Spokane,2019-09-19,0.095,0.10695291310548782
Spokane,2019-09-20,0.093,0.10278325527906418
Spokane,2019-09-21,0.092,0.10237313061952591
Spokane,2019-09-22,0.091,0.10289210826158524
Spokane,2019-09-23,0.091,0.07697758823633194
Spokane,2019-09-24,0.089,0.08326466381549835
Spokane,2019-09-25,0.087,0.08625683188438416
Spokane,2019-09-26,0.085,0.08124859631061554
Spokane,2019-09-27,0.083,0.09792879223823547
Spokane,2019-09-28,0.145,0.14230842888355255
Spokane,2019-09-29,0.196,0.17145058512687683
Spokane,2019-09-30,0.178,0.1540045589208603
Spokane,2019-10-01,0.166,0.16673465073108673
Spokane,2019-10-02,0.158,0.15529395639896393
Spokane,2019-10-03,0.154,0.15194156765937805
Spokane,2019-10-04,0.151,0.1504903882741928
Spokane,2019-10-05,0.148,0.15322454273700714
Spokane,2019-10-06,0.144,0.14574971795082092
Spokane,2019-10-07,0.142,0.14352671802043915
Spokane,2019-10-08,0.139,0.14622974395751953
Spokane,2019-10-09,0.164,0.14986009895801544
Spokane,2019-10-10,0.166,0.16494688391685486
Spokane,2019-10-11,0.16,0.15884342789649963
Spokane,2019-10-12,0.156,0.15005795657634735
Spokane,2019-10-13,0.154,0.15395358204841614
Spokane,2019-10-14,0.151,0.15784746408462524
Spokane,2019-10-15,0.147,0.15442559123039246
Spokane,2019-10-16,0.146,0.15375997126102448
Spokane,2019-10-17,0.144,0.158902108669281
Spokane,2019-10-18,0.148,0.16647307574748993
Spokane,2019-10-19,0.193,0.1890525370836258
Spokane,2019-10-20,0.196,0.19883371889591217
Spokane,2019-10-21,0.195,0.21985937654972076
Spokane,2019-10-22,0.207,0.21582479774951935
Spokane,2019-10-23,0.193,0.20679430663585663
Spokane,2019-10-25,0.182,0.1806134730577469
Spokane,2019-10-26,0.184,0.1816520243883133
Spokane,2019-10-27,0.18,0.18974226713180542
Spokane,2019-10-28,0.179,0.18448902666568756
Spokane,2019-10-29,0.17,0.1771535724401474
Spokane,2019-10-30,0.163,0.16986355185508728
Spokane,2019-10-31,0.165,0.15617334842681885
Spokane,2019-11-04,0.166,0.16682489216327667
Spokane,2019-11-05,0.165,0.16423653066158295
Spokane,2019-11-06,0.164,0.16676807403564453
Spokane,2019-11-07,0.16,0.16336052119731903
Spokane,2019-11-08,0.161,0.17661817371845245
Spokane,2019-11-09,0.166,0.1833861619234085
Spokane,2019-11-10,0.172,0.18003647029399872
Spokane,2019-11-11,0.167,0.19247093796730042
Spokane,2019-11-12,0.17,0.18950124084949493
Spokane,2019-11-13,0.175,0.19191713631153107
Spokane,2019-11-14,0.173,0.19207553565502167
Spokane,2019-11-15,0.177,0.19099728763103485
Spokane,2019-11-16,0.18,0.1896907538175583
Spokane,2019-11-17,0.207,0.1946873962879181
Spokane,2019-11-18,0.208,0.22149814665317535
Spokane,2019-11-19,0.203,0.20342102646827698
Spokane,2019-11-20,0.2,0.20470976829528809
Spokane,2019-11-21,0.193,0.20490238070487976
Spokane,2019-11-22,0.185,0.20566082000732422
Spokane,2019-11-23,0.18,0.18515992164611816
Spokane,2019-11-24,0.184,0.1804048866033554
Spokane,2019-11-25,0.18,0.17016591131687164
Spokane,2019-12-24,0.265,0.25907623767852783
Spokane,2019-12-25,0.263,0.25308704376220703
Spokane,2019-12-26,0.262,0.25496602058410645
Spokane,2019-12-27,0.259,0.2564864456653595
Spokane,2019-12-28,0.259,0.25651344656944275
Spokane,2019-12-29,0.259,0.26072895526885986
Spokane,2019-12-30,0.262,0.26330482959747314
Spokane,2019-12-31,0.275,0.2621931731700897
Spokane,2020-01-01,0.287,0.279805064201355
Spokane,2020-01-02,0.28,0.28369349241256714
Spokane,2020-01-03,0.281,0.28215402364730835
Spokane,2020-01-04,0.278,0.2834561765193939
Spokane,2020-01-05,0.275,0.2849270701408386
Spokane,2020-01-06,0.282,0.28164365887641907
Spokane,2020-01-07,0.289,0.28527966141700745
Spokane,2020-01-08,0.286,0.28538158535957336
Spokane,2020-01-09,0.282,0.2853108048439026
Spokane,2020-01-10,0.275,0.2839893400669098
Spokane,2020-01-11,0.295,0.28822463750839233
Spokane,2020-01-12,0.297,0.29865801334381104
Spokane,2020-01-13,0.294,0.2989327013492584
Spokane,2020-01-14,0.297,0.3005692660808563
Spokane,2020-01-15,0.295,0.2966631054878235
Spokane,2020-01-16,0.294,0.2937147915363312
Spokane,2020-01-17,0.289,0.29178157448768616
Spokane,2020-01-18,0.287,0.2908737361431122
Spokane,2020-01-19,0.289,0.2865316867828369
Spokane,2020-01-20,0.29,0.2860811650753021
Spokane,2020-01-21,0.291,0.29008641839027405
Spokane,2020-01-22,0.295,0.29487523436546326
Spokane,2020-01-23,0.328,0.3133673071861267
Spokane,2020-01-24,0.342,0.32870733737945557
Spokane,2020-01-25,0.319,0.3236335813999176
Spokane,2020-01-26,0.317,0.32231757044792175
Spokane,2020-01-27,0.313,0.3009365499019623
Spokane,2020-01-28,0.328,0.32243314385414124
Spokane,2020-01-29,0.319,0.32240161299705505
Spokane,2020-01-30,0.315,0.32019296288490295
Spokane,2020-01-31,0.312,0.3127361834049225
Spokane,2020-02-01,0.309,0.3078751564025879
Spokane,2020-02-02,0.304,0.30625805258750916
Spokane,2020-02-03,0.291,0.2972785532474518
Spokane,2020-02-04,0.281,0.29721730947494507
Spokane,2020-02-05,0.295,0.29864034056663513
Spokane,2020-02-06,0.309,0.31428608298301697
Spokane,2020-02-07,0.33,0.3146241009235382
Spokane,2020-02-08,0.332,0.31594011187553406
Spokane,2020-02-09,0.321,0.3138387203216553
Spokane,2020-02-10,0.32,0.30342593789100647
Spokane,2020-02-11,0.317,0.3060128390789032
Spokane,2020-02-15,0.309,0.30439138412475586
Spokane,2020-02-16,0.307,0.3026292324066162
Spokane,2020-02-17,0.3,0.3030291795730591
Spokane,2020-02-18,0.307,0.297389417886734
Spokane,2020-03-04,0.279,0.27808231115341187
Spokane,2020-03-05,0.278,0.27726054191589355
Spokane,2020-03-06,0.279,0.28540846705436707
Spokane,2020-03-07,0.294,0.2898370027542114
Spokane,2020-03-08,0.294,0.29318150877952576
Spokane,2020-03-09,0.291,0.2955061197280884
Spokane,2020-03-10,0.289,0.28578779101371765
Spokane,2020-03-11,0.289,0.28300684690475464
Spokane,2020-03-12,0.285,0.28214073181152344
Spokane,2020-03-13,0.285,0.28867703676223755
Spokane,2020-03-14,0.284,0.28419041633605957
Spokane,2020-03-15,0.283,0.2849491536617279
Spokane,2020-03-16,0.287,0.288422167301178
Spokane,2020-03-17,0.287,0.28563201427459717
Spokane,2020-03-18,0.286,0.2848423421382904
Spokane,2020-03-19,0.284,0.2839796245098114
Spokane,2020-03-20,0.282,0.28462955355644226
Spokane,2020-03-21,0.28,0.28531789779663086
Spokane,2020-03-22,0.278,0.28350624442100525
Spokane,2020-03-23,0.277,0.28491342067718506
Spokane,2020-03-24,0.276,0.28332099318504333
Spokane,2020-03-25,0.28,0.2861256003379822
Spokane,2020-03-26,0.282,0.28510499000549316
Spokane,2020-03-27,0.281,0.2844587564468384
Spokane,2020-03-28,0.28,0.286236047744751
Spokane,2020-03-29,0.279,0.28607699275016785
Spokane,2020-03-30,0.281,0.2839450240135193
Spokane,2020-03-31,0.285,0.2913602292537689
Spokane,2020-04-01,0.288,0.29590874910354614
Spokane,2020-04-02,0.291,0.2899765372276306
Spokane,2020-04-03,0.288,0.2874392867088318
Spokane,2020-04-04,0.285,0.2904001772403717
Spokane,2020-04-05,0.288,0.28674909472465515
Spokane,2020-04-06,0.286,0.28404778242111206
Spokane,2020-04-07,0.283,0.28068944811820984
Spokane,2020-04-08,0.28,0.277284175157547
Spokane,2020-04-09,0.277,0.270528644323349
Spokane,2020-04-10,0.274,0.2692890167236328
Spokane,2020-04-11,0.27,0.2696652114391327
Spokane,2020-04-12,0.267,0.2736997902393341
Spokane,2020-04-13,0.264,0.26095911860466003
Spokane,2020-04-14,0.262,0.24992375075817108
Spokane,2020-04-15,0.261,0.2515679597854614
Spokane,2020-04-16,0.257,0.25728315114974976
Spokane,2020-04-17,0.254,0.25559964776039124
Spokane,2020-04-18,0.251,0.2544838786125183
Spokane,2020-04-19,0.25,0.25394782423973083
Spokane,2020-04-20,0.247,0.24389658868312836
Spokane,2020-04-21,0.242,0.24871909618377686
Spokane,2020-04-22,0.243,0.2395043671131134
Spokane,2020-04-23,0.25,0.2433641105890274
Spokane,2020-04-24,0.246,0.24012944102287292
Spokane,2020-04-25,0.244,0.23799923062324524
Spokane,2020-04-26,0.241,0.23897890746593475
Spokane,2020-04-27,0.238,0.2365681678056717
Spokane,2020-04-28,0.234,0.23821888864040375
Spokane,2020-04-29,0.229,0.23259611427783966
Spokane,2020-04-30,0.224,0.22589796781539917
Spokane,2020-05-01,0.22,0.22494935989379883
Spokane,2020-05-02,0.216,0.21822944283485413
Spokane,2020-05-03,0.225,0.22627127170562744
Spokane,2020-05-04,0.219,0.2295229136943817
Spokane,2020-05-05,0.214,0.21986667811870575
Spokane,2020-05-06,0.222,0.22910049557685852
Spokane,2020-05-07,0.222,0.22965595126152039
Spokane,2020-05-08,0.217,0.22967806458473206
Spokane,2020-05-09,0.21,0.21839825809001923
Spokane,2020-05-10,0.202,0.2001599669456482
Spokane,2020-05-11,0.195,0.2005612850189209
Spokane,2020-05-12,0.209,0.20650087296962738
Spokane,2020-05-13,0.211,0.21444551646709442
Spokane,2020-05-14,0.21,0.2135770618915558
Spokane,2020-05-15,0.21,0.21418793499469757
Spokane,2020-05-16,0.207,0.2121010571718216
Spokane,2020-05-17,0.206,0.20485739409923553
Spokane,2020-05-18,0.224,0.21017426252365112
Spokane,2020-05-19,0.255,0.2256089299917221
Spokane,2020-05-20,0.294,0.2694823741912842
Spokane,2020-05-21,0.326,0.31364619731903076
Spokane,2020-05-22,0.311,0.3139272928237915
Spokane,2020-05-23,0.305,0.3120090961456299
Spokane,2020-05-24,0.298,0.2927830219268799
Spokane,2020-05-25,0.294,0.29858243465423584
Spokane,2020-05-26,0.29,0.28923019766807556
Spokane,2020-05-27,0.282,0.2788274586200714
Spokane,2020-05-28,0.273,0.272539883852005
Spokane,2020-05-29,0.265,0.26749759912490845
Spokane,2020-05-30,0.259,0.26271435618400574
Spokane,2020-05-31,0.306,0.28948599100112915
Spokane,2020-06-01,0.297,0.2847335636615753
Spokane,2020-06-02,0.289,0.2928182780742645
Spokane,2020-06-03,0.28,0.28375014662742615
Spokane,2020-06-04,0.272,0.26992514729499817
Spokane,2020-06-05,0.268,0.2759682536125183
Spokane,2020-06-06,0.269,0.2774708569049835
Spokane,2020-06-07,0.264,0.27761057019233704
Spokane,2020-06-08,0.259,0.2587945759296417
Spokane,2020-06-09,0.26,0.2589226961135864
Spokane,2020-06-10,0.261,0.2628457844257355
Spokane,2020-06-11,0.254,0.26188263297080994
Spokane,2020-06-12,0.25,0.2607487440109253
Spokane,2020-06-13,0.262,0.25474870204925537
Spokane,2020-06-14,0.268,0.2601316571235657
Spokane,2020-06-15,0.268,0.27074354887008667
Spokane,2020-06-16,0.269,0.26385021209716797
Spokane,2020-06-17,0.267,0.25416120886802673
Spokane,2020-06-18,0.264,0.2554166913032532
Spokane,2020-06-19,0.255,0.2575114667415619
Spokane,2020-06-20,0.248,0.2510949671268463
Spokane,2020-06-21,0.243,0.23579953610897064
Spokane,2020-06-22,0.235,0.23506532609462738
Spokane,2020-06-23,0.226,0.23064540326595306
Spokane,2020-06-24,0.215,0.21376247704029083
Spokane,2020-06-25,0.206,0.20484991371631622
Spokane,2020-06-26,0.197,0.20141533017158508
Spokane,2020-06-27,0.187,0.19125434756278992
Spokane,2020-06-28,0.18,0.18048767745494843
Spokane,2020-06-29,0.175,0.18100598454475403
Spokane,2020-06-30,0.178,0.17587998509407043
Spokane,2020-07-01,0.189,0.17887240648269653
Spokane,2020-07-02,0.187,0.18134759366512299
Spokane,2020-07-03,0.177,0.17983707785606384
Spokane,2020-07-04,0.167,0.17314676940441132
Spokane,2020-07-05,0.16,0.16784128546714783
Spokane,2020-07-06,0.152,0.14769330620765686
Spokane,2020-07-07,0.145,0.14885170757770538
Spokane,2020-07-08,0.139,0.14055517315864563
Spokane,2020-07-09,0.134,0.13716155290603638
Spokane,2020-07-10,0.128,0.13597075641155243
Spokane,2020-07-11,0.122,0.12074736505746841
Spokane,2020-07-12,0.116,0.11653449386358261
Spokane,2020-07-13,0.11,0.11141826957464218
Spokane,2020-07-14,0.104,0.10494410246610641
Spokane,2020-07-15,0.099,0.08245425671339035
Spokane,2020-07-16,0.093,0.07288900017738342
Spokane,2020-07-17,0.087,0.07484206557273865
Spokane,2020-07-18,0.082,0.0744432881474495
Spokane,2020-07-19,0.078,0.06761457026004791
Spokane,2020-07-20,0.074,0.06314848363399506
Spokane,2020-07-21,0.069,0.06272894144058228
Spokane,2020-07-22,0.066,0.06583800911903381
Spokane,2020-07-23,0.062,0.05346803739666939
Spokane,2020-07-24,0.06,0.050415072590112686
Spokane,2020-07-25,0.057,0.05040542781352997
Spokane,2020-07-26,0.055,0.05035241320729256
Spokane,2020-07-27,0.054,0.045611634850502014
Spokane,2020-07-28,0.051,0.044111210852861404
Spokane,2020-07-29,0.049,0.04546626657247543
Spokane,2020-07-30,0.048,0.04616300016641617
Spokane,2020-07-31,0.046,0.045656971633434296
Spokane,2020-08-01,0.043,0.044953614473342896
Spokane,2020-08-02,0.042,0.042150769382715225
Spokane,2020-08-03,0.04,0.04038221389055252
Spokane,2020-08-04,0.039,0.04170777648687363
Spokane,2020-08-05,0.038,0.0396244153380394
Spokane,2020-08-06,0.037,0.03700738027691841
Spokane,2020-08-07,0.037,0.04189561307430267
Spokane,2020-08-08,0.037,0.037236690521240234
Spokane,2020-08-09,0.037,0.04126068204641342
Spokane,2020-08-10,0.036,0.042813487350940704
Spokane,2020-08-11,0.036,0.04171547666192055
Spokane,2020-08-12,0.034,0.040046483278274536
Spokane,2020-08-13,0.033,0.03870169445872307
Spokane,2020-08-14,0.033,0.037630174309015274
Spokane,2020-08-15,0.033,0.040038853883743286
Spokane,2020-08-16,0.033,0.0425909161567688
Spokane,2020-08-17,0.034,0.035173166543245316
Spokane,2020-08-18,0.033,0.03579885885119438
Spokane,2020-08-19,0.033,0.034206539392471313
Spokane,2020-08-20,0.033,0.03381070867180824
Spokane,2020-08-21,0.034,0.03325297310948372
Spokane,2020-08-22,0.033,0.031384680420160294
Spokane,2020-08-23,0.032,0.031065231189131737
Spokane,2020-08-24,0.031,0.03030913509428501
Spokane,2020-08-25,0.031,0.029865704476833344
Spokane,2020-08-26,0.03,0.03064613975584507
Spokane,2020-08-27,0.029,0.030574839562177658
Spokane,2020-08-28,0.029,0.03081706538796425
Spokane,2020-08-29,0.029,0.03064873442053795
Spokane,2020-08-30,0.028,0.030491499230265617
Spokane,2020-08-31,0.029,0.03006763756275177
Spokane,2020-09-01,0.028,0.030365534126758575
Spokane,2020-09-02,0.028,0.029563648626208305
Spokane,2020-09-03,0.028,0.029648400843143463
Spokane,2020-09-04,0.028,0.029059212654829025
Spokane,2020-09-05,0.028,0.02987169660627842
Spokane,2020-09-06,0.027,0.030041107907891273
Spokane,2020-09-07,0.027,0.029421724379062653
Spokane,2020-09-08,0.025,0.030809778720140457
Spokane,2020-09-09,0.025,0.03067096136510372
Spokane,2020-09-10,0.025,0.031286876648664474
Spokane,2020-09-11,0.025,0.03123175911605358
Spokane,2020-09-12,0.024,0.03105095587670803
Spokane,2020-09-13,0.023,0.03109234943985939
Spokane,2020-09-14,0.024,0.02621603198349476
Spokane,2020-09-15,0.024,0.02608177810907364
Spokane,2020-09-16,0.025,0.024527374655008316
Spokane,2020-09-17,0.025,0.02397875487804413
Spokane,2020-09-18,0.025,0.02402283065021038
Spokane,2020-09-19,0.025,0.025702467188239098
Spokane,2020-09-20,0.026,0.02570926956832409
Spokane,2020-09-21,0.026,0.023244353011250496
Spokane,2020-09-22,0.028,0.022881122305989265
Spokane,2020-09-23,0.029,0.023017317056655884
Spokane,2020-09-24,0.03,0.02872978150844574
Spokane,2020-09-25,0.03,0.03929833322763443
Spokane,2020-09-26,0.032,0.045387525111436844
Spokane,2020-09-27,0.035,0.047302182763814926
Spokane,2020-09-28,0.039,0.04593594744801521
Spokane,2020-09-29,0.043,0.05333525314927101
Spokane,2020-09-30,0.045,0.05367755889892578
Spokane,2020-10-01,0.047,0.055379755795001984
Spokane,2020-10-02,0.05,0.053811438381671906
Spokane,2020-10-03,0.05,0.05373683571815491
Spokane,2020-10-04,0.05,0.05087878182530403
Spokane,2020-10-05,0.049,0.056545764207839966
Spokane,2020-10-06,0.049,0.05767733231186867
Spokane,2020-10-07,0.049,0.059260424226522446
Spokane,2020-10-08,0.049,0.05490843206644058
Spokane,2020-10-09,0.048,0.055125050246715546
Spokane,2020-10-10,0.091,0.08627542108297348
Spokane,2020-10-11,0.142,0.12436942011117935
Spokane,2020-10-12,0.176,0.1551176905632019
Spokane,2020-10-13,0.192,0.19413922727108002
Spokane,2020-10-14,0.184,0.19996055960655212
Spokane,2020-10-15,0.171,0.1850331872701645
Spokane,2020-10-16,0.165,0.16333754360675812
Spokane,2020-10-17,0.16,0.15794433653354645
Spokane,2020-10-18,0.163,0.16807636618614197
Spokane,2020-10-19,0.162,0.17024695873260498
Spokane,2020-10-20,0.157,0.16288797557353973
Spokane,2020-10-21,0.153,0.15263114869594574
Spokane,2020-10-22,0.149,0.1413940191268921
Spokane,2020-10-23,0.146,0.15282690525054932
Spokane,2020-10-24,0.149,0.1541079878807068
Spokane,2020-10-25,0.154,0.15550167858600616
Spokane,2020-10-26,0.151,0.1609049290418625
Spokane,2020-10-27,0.16,0.1581796109676361
Spokane,2020-10-28,0.195,0.1852688193321228
Spokane,2020-10-29,0.207,0.18524706363677979
Spokane,2020-10-30,0.197,0.19553782045841217
Spokane,2020-10-31,0.188,0.18985317647457123
Spokane,2020-11-01,0.182,0.17873233556747437
Spokane,2020-11-02,0.179,0.17866729199886322
Spokane,2020-11-03,0.176,0.18334946036338806
Spokane,2020-11-04,0.178,0.1843802034854889
Spokane,2020-11-05,0.194,0.2044374942779541
Spokane,2020-11-06,0.221,0.2136920541524887
Spokane,2020-11-07,0.209,0.20942750573158264
Spokane,2020-11-08,0.204,0.23685351014137268
Spokane,2020-11-09,0.199,0.22409062087535858
Spokane,2020-11-10,0.202,0.2183806449174881
Spokane,2020-11-11,0.203,0.22213633358478546
Spokane,2020-11-12,0.202,0.21151158213615417
Spokane,2020-11-13,0.227,0.22683292627334595
Spokane,2020-11-14,0.229,0.2236023247241974
Spokane,2020-11-15,0.23,0.23468288779258728
Spokane,2020-11-16,0.227,0.24682745337486267
Spokane,2020-11-17,0.227,0.22963005304336548
Spokane,2020-11-18,0.23,0.23078835010528564
Spokane,2020-11-19,0.23,0.22965694963932037
Spokane,2020-11-20,0.225,0.2310604602098465
Spokane,2020-11-21,0.22,0.22546961903572083
Spokane,2020-11-22,0.216,0.22912581264972687
Spokane,2020-11-23,0.219,0.2308385968208313
Spokane,2020-11-24,0.227,0.22259260714054108
Spokane,2020-11-25,0.242,0.24009718000888824
Spokane,2020-11-26,0.236,0.2520937919616699
Spokane,2020-11-27,0.232,0.23855362832546234
Spokane,2020-11-28,0.231,0.22829888761043549
Spokane,2020-11-29,0.224,0.2200632244348526
Spokane,2020-11-30,0.219,0.22072921693325043
Spokane,2020-12-01,0.223,0.21917685866355896
Spokane,2020-12-02,0.226,0.21887846291065216
Touchet_WA_824,2017-01-11,0.196,0.18190333247184753
Touchet_WA_824,2017-01-12,0.195,0.1817546933889389
Touchet_WA_824,2017-01-13,0.196,0.1864493042230606
Touchet_WA_824,2017-01-14,0.195,0.18542931973934174
Touchet_WA_824,2017-01-15,0.196,0.1898198425769806
Touchet_WA_824,2017-01-16,0.195,0.18997441232204437
Touchet_WA_824,2017-01-17,0.195,0.19536978006362915
Touchet_WA_824,2017-01-18,0.195,0.1875884234905243
Touchet_WA_824,2017-01-19,0.194,0.19027741253376007
Touchet_WA_824,2017-01-20,0.195,0.18899868428707123
Touchet_WA_824,2017-01-21,0.195,0.18650664389133453
Touchet_WA_824,2017-01-22,0.195,0.19210079312324524
Touchet_WA_824,2017-01-23,0.194,0.19136899709701538
Touchet_WA_824,2017-01-24,0.195,0.19003257155418396
Touchet_WA_824,2017-01-25,0.194,0.19229421019554138
Touchet_WA_824,2017-01-26,0.195,0.19474774599075317
Touchet_WA_824,2017-01-27,0.195,0.19234271347522736
Touchet_WA_824,2017-01-28,0.196,0.185987651348114
Touchet_WA_824,2017-01-29,0.196,0.18476121127605438
Touchet_WA_824,2017-01-30,0.196,0.18580324947834015
Touchet_WA_824,2017-01-31,0.196,0.18589197099208832
Touchet_WA_824,2017-02-01,0.196,0.19076065719127655
Touchet_WA_824,2017-02-02,0.197,0.1918957680463791
Touchet_WA_824,2017-02-03,0.195,0.18596670031547546
Touchet_WA_824,2017-02-04,0.196,0.18286210298538208
Touchet_WA_824,2017-02-05,0.196,0.18953654170036316
Touchet_WA_824,2017-02-06,0.196,0.19201530516147614
Touchet_WA_824,2017-02-07,0.195,0.1954529732465744
Touchet_WA_824,2017-02-08,0.197,0.19171148538589478
Touchet_WA_824,2017-02-09,0.197,0.2034742385149002
Touchet_WA_824,2017-02-10,0.196,0.1984899342060089
Touchet_WA_824,2017-02-11,0.197,0.1952669322490692
Touchet_WA_824,2017-02-12,0.196,0.18906660377979279
Touchet_WA_824,2017-02-13,0.196,0.18767152726650238
Touchet_WA_824,2017-02-14,0.196,0.1949305534362793
Touchet_WA_824,2017-02-15,0.196,0.1949891299009323
Touchet_WA_824,2017-02-16,0.197,0.20129041373729706
Touchet_WA_824,2017-02-17,0.198,0.20721618831157684
Touchet_WA_824,2017-02-18,0.198,0.20187577605247498
Touchet_WA_824,2017-02-19,0.197,0.19460240006446838
Touchet_WA_824,2017-02-20,0.198,0.19814416766166687
Touchet_WA_824,2017-02-21,0.199,0.19725285470485687
Touchet_WA_824,2017-02-22,0.197,0.20086480677127838
Touchet_WA_824,2017-02-23,0.198,0.20156317949295044
Touchet_WA_824,2017-02-24,0.199,0.2050517052412033
Touchet_WA_824,2017-02-25,0.199,0.1992705911397934
Touchet_WA_824,2017-02-26,0.199,0.19936437904834747
Touchet_WA_824,2017-02-27,0.2,0.20190906524658203
Touchet_WA_824,2017-02-28,0.199,0.20088672637939453
Touchet_WA_824,2017-03-01,0.2,0.18833662569522858
Touchet_WA_824,2017-03-02,0.202,0.1925627887248993
Touchet_WA_824,2017-03-03,0.201,0.1904933899641037
Touchet_WA_824,2017-03-04,0.2,0.18826763331890106
Touchet_WA_824,2017-03-05,0.201,0.18683013319969177
Touchet_WA_824,2017-03-06,0.201,0.1920466125011444
Touchet_WA_824,2017-03-07,0.202,0.20614592730998993
Touchet_WA_824,2017-03-08,0.202,0.21346616744995117
Touchet_WA_824,2017-03-09,0.201,0.20917360484600067
Touchet_WA_824,2017-03-10,0.202,0.20681679248809814
Touchet_WA_824,2017-03-11,0.202,0.20920850336551666
Touchet_WA_824,2017-03-12,0.202,0.20543380081653595
Touchet_WA_824,2017-03-13,0.202,0.2057424634695053
Touchet_WA_824,2017-03-14,0.203,0.20707185566425323
Touchet_WA_824,2017-03-15,0.202,0.20476633310317993
Touchet_WA_824,2017-03-16,0.203,0.20567861199378967
Touchet_WA_824,2017-03-17,0.204,0.2043483406305313
Touchet_WA_824,2017-03-18,0.203,0.20876498520374298
Touchet_WA_824,2017-03-19,0.204,0.20420090854167938
Touchet_WA_824,2017-03-20,0.205,0.2071787565946579
Touchet_WA_824,2017-03-21,0.206,0.20700576901435852
Touchet_WA_824,2017-03-22,0.205,0.20874689519405365
Touchet_WA_824,2017-03-23,0.206,0.20553536713123322
Touchet_WA_824,2017-03-24,0.206,0.20724737644195557
Touchet_WA_824,2017-03-25,0.206,0.20731529593467712
Touchet_WA_824,2017-03-26,0.205,0.20834903419017792
Touchet_WA_824,2017-03-27,0.206,0.20962975919246674
Touchet_WA_824,2017-03-28,0.206,0.2078942358493805
Touchet_WA_824,2017-03-29,0.206,0.20911623537540436
Touchet_WA_824,2017-03-30,0.206,0.20887760818004608
Touchet_WA_824,2017-03-31,0.206,0.207014262676239
Touchet_WA_824,2017-04-01,0.206,0.20389442145824432
Touchet_WA_824,2017-04-02,0.207,0.2092425674200058
Touchet_WA_824,2017-04-03,0.206,0.2052655667066574
Touchet_WA_824,2017-04-04,0.207,0.20756438374519348
Touchet_WA_824,2017-04-05,0.207,0.19938936829566956
Touchet_WA_824,2017-04-06,0.206,0.20445255935192108
Touchet_WA_824,2017-04-07,0.207,0.1976749151945114
Touchet_WA_824,2017-04-08,0.208,0.20438988506793976
Touchet_WA_824,2017-04-09,0.208,0.21498674154281616
Touchet_WA_824,2017-04-10,0.208,0.21235962212085724
Touchet_WA_824,2017-04-11,0.207,0.21099530160427094
Touchet_WA_824,2017-04-12,0.208,0.21173810958862305
Touchet_WA_824,2017-04-13,0.208,0.2134649157524109
Touchet_WA_824,2017-04-14,0.208,0.2135785073041916
Touchet_WA_824,2017-04-15,0.209,0.21218779683113098
Touchet_WA_824,2017-04-16,0.209,0.21308164298534393
Touchet_WA_824,2017-04-17,0.209,0.1985885351896286
Touchet_WA_824,2017-04-18,0.208,0.2073754072189331
Touchet_WA_824,2017-04-19,0.209,0.20903588831424713
Touchet_WA_824,2017-04-20,0.209,0.2086789309978485
Touchet_WA_824,2017-04-21,0.208,0.20699664950370789
Touchet_WA_824,2017-04-22,0.209,0.207861065864563
Touchet_WA_824,2017-04-23,0.21,0.2038625180721283
Touchet_WA_824,2017-04-24,0.211,0.2067953646183014
Touchet_WA_824,2017-04-25,0.212,0.20619504153728485
Touchet_WA_824,2017-04-26,0.212,0.20692233741283417
Touchet_WA_824,2017-04-27,0.213,0.2119065225124359
Touchet_WA_824,2017-04-28,0.212,0.21279965341091156
Touchet_WA_824,2017-04-29,0.212,0.21308477222919464
Touchet_WA_824,2017-04-30,0.211,0.21428094804286957
Touchet_WA_824,2017-05-01,0.211,0.21932126581668854
Touchet_WA_824,2017-05-02,0.212,0.2282911241054535
Touchet_WA_824,2017-05-03,0.213,0.22692543268203735
Touchet_WA_824,2017-05-04,0.213,0.22703658044338226
Touchet_WA_824,2017-05-05,0.222,0.23377999663352966
Touchet_WA_824,2017-05-06,0.235,0.24336710572242737
Touchet_WA_824,2017-05-07,0.24,0.24122408032417297
Touchet_WA_824,2017-05-08,0.231,0.23615606129169464
Touchet_WA_824,2017-05-09,0.233,0.24192510545253754
Touchet_WA_824,2017-05-10,0.235,0.2407531440258026
Touchet_WA_824,2017-05-11,0.24,0.24595166742801666
Touchet_WA_824,2017-05-12,0.245,0.25209367275238037
Touchet_WA_824,2017-05-13,0.248,0.2497113049030304
Touchet_WA_824,2017-05-14,0.239,0.24399855732917786
Touchet_WA_824,2017-05-15,0.232,0.24094176292419434
Touchet_WA_824,2017-05-16,0.235,0.24391356110572815
Touchet_WA_824,2017-05-17,0.241,0.25252237915992737
Touchet_WA_824,2017-05-18,0.236,0.24999187886714935
Touchet_WA_824,2017-05-19,0.232,0.24577781558036804
Touchet_WA_824,2017-05-20,0.233,0.2425299882888794
Touchet_WA_824,2017-05-21,0.253,0.2468489557504654
Touchet_WA_824,2017-05-22,0.277,0.28067439794540405
Touchet_WA_824,2017-05-23,0.3,0.2891746461391449
Touchet_WA_824,2017-05-24,0.322,0.30466198921203613
Touchet_WA_824,2017-05-25,0.326,0.30571362376213074
Touchet_WA_824,2017-05-26,0.294,0.3060073256492615
Touchet_WA_824,2017-05-27,0.329,0.30722537636756897
Touchet_WA_824,2017-05-28,0.334,0.31534886360168457
Touchet_WA_824,2017-05-29,0.341,0.3042992949485779
Touchet_WA_824,2017-05-30,0.284,0.2722170352935791
Touchet_WA_824,2017-05-31,0.249,0.24359941482543945
Touchet_WA_824,2017-06-01,0.236,0.23812229931354523
Touchet_WA_824,2017-06-02,0.237,0.23949913680553436
Touchet_WA_824,2017-06-03,0.221,0.23418667912483215
Touchet_WA_824,2017-06-04,0.206,0.23032818734645844
Touchet_WA_824,2017-06-05,0.277,0.24779194593429565
Touchet_WA_824,2017-06-06,0.225,0.2337784469127655
Touchet_WA_824,2017-06-07,0.208,0.22203145921230316
Touchet_WA_824,2017-06-08,0.197,0.22786352038383484
Touchet_WA_824,2017-06-09,0.276,0.2508890628814697
Touchet_WA_824,2017-06-10,0.264,0.25714951753616333
Touchet_WA_824,2017-06-11,0.241,0.2544967532157898
Touchet_WA_824,2017-06-12,0.22,0.24144504964351654
Touchet_WA_824,2017-06-13,0.213,0.19752173125743866
Touchet_WA_824,2017-06-14,0.202,0.19372425973415375
Touchet_WA_824,2017-06-15,0.192,0.20399139821529388
Touchet_WA_824,2017-06-16,0.209,0.23063397407531738
Touchet_WA_824,2017-06-17,0.332,0.2645837366580963
Touchet_WA_824,2017-06-18,0.26,0.2492414116859436
Touchet_WA_824,2017-06-19,0.235,0.2219245433807373
Touchet_WA_824,2017-06-20,0.212,0.19721393287181854
Touchet_WA_824,2017-06-21,0.198,0.19400398433208466
Touchet_WA_824,2017-06-22,0.186,0.18626873195171356
Touchet_WA_824,2017-06-23,0.177,0.18029987812042236
Touchet_WA_824,2017-06-24,0.171,0.16226361691951752
Touchet_WA_824,2017-06-25,0.164,0.13569219410419464
Touchet_WA_824,2017-06-26,0.155,0.1418074667453766
Touchet_WA_824,2017-06-27,0.144,0.156062051653862
Touchet_WA_824,2017-06-28,0.154,0.15320105850696564
Touchet_WA_824,2017-06-29,0.139,0.14114397764205933
Touchet_WA_824,2017-06-30,0.132,0.12898266315460205
Touchet_WA_824,2017-07-01,0.128,0.13352200388908386
Touchet_WA_824,2017-07-02,0.119,0.1157427579164505
Touchet_WA_824,2017-07-03,0.118,0.10622826963663101
Touchet_WA_824,2017-07-04,0.108,0.09881271421909332
Touchet_WA_824,2017-07-05,0.102,0.09049925208091736
Touchet_WA_824,2017-07-06,0.091,0.08167732506990433
Touchet_WA_824,2017-07-07,0.082,0.07601752877235413
Touchet_WA_824,2017-07-08,0.073,0.07341625541448593
Touchet_WA_824,2017-07-09,0.06,0.06515426933765411
Touchet_WA_824,2017-07-10,0.046,0.05213658884167671
Touchet_WA_824,2017-07-11,0.039,0.04118078202009201
Touchet_WA_824,2017-07-12,0.033,0.03798861429095268
Touchet_WA_824,2017-07-13,0.029,0.03280167654156685
Touchet_WA_824,2017-07-14,0.022,0.02912304736673832
Touchet_WA_824,2017-07-15,0.02,0.02638259157538414
Touchet_WA_824,2017-07-16,0.016,0.016444506123661995
Touchet_WA_824,2017-07-17,0.009,0.015442030504345894
Touchet_WA_824,2017-07-18,0.009,0.011037107557058334
Touchet_WA_824,2017-07-19,0.011,-0.000958537682890892
Touchet_WA_824,2017-07-20,0.005,-0.0028341636061668396
Touchet_WA_824,2017-07-21,0.0,-0.003596584778279066
Touchet_WA_824,2017-07-22,0.0,-0.0032026588451117277
Touchet_WA_824,2017-07-23,0.0,-0.003233431139960885
Touchet_WA_824,2017-07-24,0.0,-0.0026620570570230484
Touchet_WA_824,2017-07-25,0.0,-0.002882057800889015
Touchet_WA_824,2017-07-26,0.0,-0.005664365831762552
Touchet_WA_824,2017-07-27,0.0,-0.006426640320569277
Touchet_WA_824,2017-07-28,0.0,-0.002701972844079137
Touchet_WA_824,2017-07-29,0.0,-0.002841411391273141
Touchet_WA_824,2017-07-30,0.0,-0.0019776977133005857
Touchet_WA_824,2017-07-31,0.0,-0.0028285288717597723
Touchet_WA_824,2017-08-01,0.0,-0.002892039017751813
Touchet_WA_824,2017-08-02,0.0,-0.0031819012947380543
Touchet_WA_824,2017-08-03,0.0,-0.003629378043115139
Touchet_WA_824,2017-08-04,0.0,-0.003394133411347866
Touchet_WA_824,2017-08-05,0.0,-0.0033493961673229933
Touchet_WA_824,2017-08-06,0.0,-0.0034331169445067644
Touchet_WA_824,2017-08-07,0.0,-0.003463912056759
Touchet_WA_824,2017-08-08,0.0,-0.005016859620809555
Touchet_WA_824,2017-08-09,0.0,-0.00294506992213428
Touchet_WA_824,2017-08-10,0.0,-0.003954970743507147
Touchet_WA_824,2017-08-11,0.0,-0.004422654397785664
Touchet_WA_824,2017-08-12,0.0,-0.0021987720392644405
Touchet_WA_824,2017-08-13,0.0,0.008204483427107334
Touchet_WA_824,2017-08-14,0.0,0.008137092925608158
Touchet_WA_824,2017-08-15,0.0,0.003550730412825942
Touchet_WA_824,2017-08-16,0.0,0.003488637274131179
Touchet_WA_824,2017-08-17,0.0,0.008921333588659763
Touchet_WA_824,2017-08-18,0.0,0.004977235570549965
Touchet_WA_824,2017-08-19,0.0,0.006190987303853035
Touchet_WA_824,2017-08-20,0.0,-0.00037444281042553484
Touchet_WA_824,2017-08-21,0.0,-0.00018588629609439522
Touchet_WA_824,2017-08-22,0.0,-0.0013540375512093306
Touchet_WA_824,2017-08-23,0.0,0.0012345528230071068
Touchet_WA_824,2017-08-24,0.0,0.0014031229075044394
Touchet_WA_824,2017-08-25,0.0,0.00027323051472194493
Touchet_WA_824,2017-08-26,0.0,-0.000305021065287292
Touchet_WA_824,2017-08-27,0.0,-0.0032842860091477633
Touchet_WA_824,2017-08-28,0.0,-0.0038809722755104303
Touchet_WA_824,2017-08-29,0.0,-0.0034174330066889524
Touchet_WA_824,2017-08-30,0.0,-0.0026894265320152044
Touchet_WA_824,2017-08-31,0.0,-0.002306552603840828
Touchet_WA_824,2017-09-01,0.0,-0.002548369113355875
Touchet_WA_824,2017-09-02,0.0,-0.0034038242883980274
Touchet_WA_824,2017-09-03,0.0,-0.003833102062344551
Touchet_WA_824,2017-09-04,0.0,-0.0038547408767044544
Touchet_WA_824,2017-09-05,0.0,-0.0026152224745601416
Touchet_WA_824,2017-09-06,0.0,-0.002069215988740325
Touchet_WA_824,2017-09-07,0.0,-0.0022556816693395376
Touchet_WA_824,2017-09-08,0.0,-0.0023595518432557583
Touchet_WA_824,2017-09-09,0.0,-0.0038670815993100405
Touchet_WA_824,2017-09-10,0.0,-0.0010131443850696087
Touchet_WA_824,2017-09-11,0.0,0.0017612188821658492
Touchet_WA_824,2017-09-12,0.0,-0.0049636210314929485
Touchet_WA_824,2017-09-13,0.0,-0.005479106213897467
Touchet_WA_824,2017-09-14,0.0,-0.005072686355561018
Touchet_WA_824,2017-09-15,0.0,-7.715041283518076e-05
Touchet_WA_824,2017-09-16,0.0,0.0032811053097248077
Touchet_WA_824,2017-09-17,0.0,0.0022327636834234
Touchet_WA_824,2017-09-18,0.0,0.02015860751271248
Touchet_WA_824,2017-09-19,0.088,0.08657091856002808
Touchet_WA_824,2017-09-20,0.1,0.11517464369535446
Touchet_WA_824,2017-09-21,0.126,0.13158947229385376
Touchet_WA_824,2017-09-22,0.143,0.1542312353849411
Touchet_WA_824,2017-09-23,0.17,0.164578378200531
Touchet_WA_824,2017-09-24,0.189,0.18006937205791473
Touchet_WA_824,2017-09-25,0.222,0.19914047420024872
Touchet_WA_824,2017-09-26,0.208,0.19095507264137268
Touchet_WA_824,2017-09-27,0.165,0.16521760821342468
Touchet_WA_824,2017-09-28,0.144,0.13747960329055786
Touchet_WA_824,2017-09-29,0.133,0.12922416627407074
Touchet_WA_824,2017-09-30,0.122,0.11970078945159912
Touchet_WA_824,2017-10-01,0.114,0.12623810768127441
Touchet_WA_824,2017-10-02,0.144,0.15472757816314697
Touchet_WA_824,2017-10-03,0.157,0.15310430526733398
Touchet_WA_824,2017-10-04,0.146,0.14108392596244812
Touchet_WA_824,2017-10-05,0.137,0.13632182776927948
Touchet_WA_824,2017-10-06,0.131,0.12456122040748596
Touchet_WA_824,2017-10-07,0.126,0.13351456820964813
Touchet_WA_824,2017-10-08,0.116,0.14701278507709503
Touchet_WA_824,2017-10-09,0.153,0.15194016695022583
Touchet_WA_824,2017-10-10,0.144,0.13846628367900848
Touchet_WA_824,2017-10-11,0.14,0.1324942260980606
Touchet_WA_824,2017-10-12,0.137,0.13184556365013123
Touchet_WA_824,2017-10-13,0.13,0.13329282402992249
Touchet_WA_824,2017-10-14,0.131,0.13709188997745514
Touchet_WA_824,2017-10-15,0.132,0.135210782289505
Touchet_WA_824,2017-10-16,0.129,0.15470966696739197
Touchet_WA_824,2017-10-17,0.139,0.16090862452983856
Touchet_WA_824,2017-10-18,0.194,0.20542286336421967
Touchet_WA_824,2017-10-19,0.276,0.26654860377311707
Touchet_WA_824,2017-10-20,0.282,0.2743135690689087
Touchet_WA_824,2017-10-21,0.239,0.2438967376947403
Touchet_WA_824,2017-10-22,0.209,0.2265433520078659
Touchet_WA_824,2017-10-23,0.284,0.2596958577632904
Touchet_WA_824,2017-10-24,0.248,0.2547852694988251
Touchet_WA_824,2017-10-25,0.226,0.2337987720966339
Touchet_WA_824,2017-10-26,0.211,0.19992183148860931
Touchet_WA_824,2017-10-27,0.204,0.20384688675403595
Touchet_WA_824,2017-10-28,0.198,0.20309095084667206
Touchet_WA_824,2017-10-29,0.192,0.1991259902715683
Touchet_WA_824,2017-10-30,0.189,0.18227805197238922
Touchet_WA_824,2017-10-31,0.185,0.16856907308101654
Touchet_WA_824,2017-11-01,0.171,0.17694146931171417
Touchet_WA_824,2017-11-02,0.175,0.18540485203266144
Touchet_WA_824,2017-11-03,0.183,0.1677771359682083
Touchet_WA_824,2017-11-04,0.177,0.17903007566928864
Touchet_WA_824,2017-11-05,0.174,0.17593196034431458
Touchet_WA_824,2017-11-06,0.174,0.17403794825077057
Touchet_WA_824,2017-11-07,0.175,0.18862538039684296
Touchet_WA_824,2017-11-08,0.173,0.18174058198928833
Touchet_WA_824,2017-11-09,0.173,0.18292982876300812
Touchet_WA_824,2017-11-10,0.177,0.18213233351707458
Touchet_WA_824,2017-11-11,0.179,0.1815555989742279
Touchet_WA_824,2017-11-12,0.179,0.18248522281646729
Touchet_WA_824,2017-11-13,0.179,0.18449075520038605
Touchet_WA_824,2017-11-14,0.179,0.1888769268989563
Touchet_WA_824,2017-11-15,0.179,0.18764372169971466
Touchet_WA_824,2017-11-16,0.179,0.18487083911895752
Touchet_WA_824,2017-11-17,0.18,0.18035699427127838
Touchet_WA_824,2017-11-18,0.178,0.17398755252361298
Touchet_WA_824,2017-11-19,0.176,0.17559750378131866
Touchet_WA_824,2017-11-20,0.177,0.1820279210805893
Touchet_WA_824,2017-11-21,0.196,0.191842183470726
Touchet_WA_824,2017-11-22,0.252,0.2364860326051712
Touchet_WA_824,2017-11-23,0.291,0.26204386353492737
Touchet_WA_824,2017-11-24,0.311,0.2679404020309448
Touchet_WA_824,2017-11-25,0.251,0.25488367676734924
Touchet_WA_824,2017-11-26,0.224,0.24649061262607574
Touchet_WA_824,2017-11-27,0.272,0.23934535682201385
Touchet_WA_824,2017-11-28,0.244,0.23894202709197998
Touchet_WA_824,2017-11-29,0.225,0.22939199209213257
Touchet_WA_824,2017-11-30,0.217,0.22318647801876068
Touchet_WA_824,2017-12-01,0.21,0.21510964632034302
Touchet_WA_824,2017-12-02,0.206,0.21161776781082153
Touchet_WA_824,2017-12-03,0.204,0.20657184720039368
Touchet_WA_824,2017-12-04,0.202,0.19882798194885254
Touchet_WA_824,2017-12-05,0.201,0.20004519820213318
Touchet_WA_824,2017-12-06,0.197,0.19804728031158447
Touchet_WA_824,2017-12-07,0.195,0.19608497619628906
Touchet_WA_824,2017-12-08,0.193,0.18875160813331604
Touchet_WA_824,2017-12-09,0.19,0.19739164412021637
Touchet_WA_824,2017-12-10,0.189,0.1892523169517517
Touchet_WA_824,2017-12-11,0.187,0.19072259962558746
Touchet_WA_824,2017-12-12,0.186,0.17801983654499054
Touchet_WA_824,2017-12-13,0.185,0.1698688268661499
Touchet_WA_824,2017-12-14,0.186,0.17448772490024567
Touchet_WA_824,2017-12-15,0.184,0.17698149383068085
Touchet_WA_824,2017-12-16,0.184,0.17907419800758362
Touchet_WA_824,2017-12-17,0.184,0.17919641733169556
Touchet_WA_824,2017-12-18,0.184,0.18882539868354797
Touchet_WA_824,2017-12-19,0.184,0.18716192245483398
Touchet_WA_824,2017-12-20,0.186,0.18674348294734955
Touchet_WA_824,2017-12-21,0.188,0.19361090660095215
Touchet_WA_824,2017-12-22,0.188,0.1911288946866989
Touchet_WA_824,2017-12-23,0.188,0.18580685555934906
Touchet_WA_824,2017-12-24,0.189,0.1866755187511444
Touchet_WA_824,2017-12-25,0.19,0.1945999711751938
Touchet_WA_824,2017-12-26,0.188,0.19325047731399536
Touchet_WA_824,2017-12-27,0.188,0.18910305202007294
Touchet_WA_824,2017-12-28,0.189,0.1935058832168579
Touchet_WA_824,2017-12-29,0.187,0.20097126066684723
Touchet_WA_824,2017-12-30,0.188,0.20277245342731476
Touchet_WA_824,2017-12-31,0.191,0.1949915736913681
Touchet_WA_824,2018-01-01,0.193,0.19746077060699463
Touchet_WA_824,2018-01-02,0.192,0.1981055587530136
Touchet_WA_824,2018-01-03,0.192,0.1917443424463272
Touchet_WA_824,2018-01-04,0.191,0.18162395060062408
Touchet_WA_824,2018-01-05,0.19,0.19155123829841614
Touchet_WA_824,2018-01-06,0.19,0.17986053228378296
Touchet_WA_824,2018-01-07,0.191,0.18365132808685303
Touchet_WA_824,2018-01-08,0.191,0.16725002229213715
Touchet_WA_824,2018-01-09,0.191,0.1808072179555893
Touchet_WA_824,2018-01-10,0.194,0.18502633273601532
Touchet_WA_824,2018-01-11,0.196,0.1884923279285431
Touchet_WA_824,2018-01-12,0.196,0.1928071230649948
Touchet_WA_824,2018-01-13,0.196,0.19747211039066315
Touchet_WA_824,2018-01-14,0.196,0.19430413842201233
Touchet_WA_824,2018-01-15,0.196,0.19937939941883087
Touchet_WA_824,2018-01-16,0.197,0.20427465438842773
Touchet_WA_824,2018-01-17,0.197,0.2077895700931549
Touchet_WA_824,2018-01-18,0.196,0.20336134731769562
Touchet_WA_824,2018-01-19,0.197,0.2021978199481964
Touchet_WA_824,2018-01-20,0.197,0.20141328871250153
Touchet_WA_824,2018-01-21,0.198,0.1992940902709961
Touchet_WA_824,2018-01-22,0.198,0.19673773646354675
Touchet_WA_824,2018-01-23,0.198,0.18519021570682526
Touchet_WA_824,2018-01-24,0.198,0.1879992038011551
Touchet_WA_824,2018-01-25,0.197,0.1883637011051178
Touchet_WA_824,2018-01-26,0.197,0.18942439556121826
Touchet_WA_824,2018-01-27,0.198,0.18934157490730286
Touchet_WA_824,2018-01-28,0.198,0.1902855485677719
Touchet_WA_824,2018-01-29,0.197,0.19652505218982697
Touchet_WA_824,2018-01-30,0.196,0.19845402240753174
Touchet_WA_824,2018-01-31,0.198,0.19236889481544495
Touchet_WA_824,2018-02-01,0.198,0.19253285229206085
Touchet_WA_824,2018-02-02,0.198,0.19862516224384308
Touchet_WA_824,2018-02-03,0.197,0.1995919644832611
Touchet_WA_824,2018-02-04,0.199,0.2000962495803833
Touchet_WA_824,2018-02-05,0.2,0.19656632840633392
Touchet_WA_824,2018-02-06,0.202,0.20143182575702667
Touchet_WA_824,2018-02-07,0.202,0.19761894643306732
Touchet_WA_824,2018-02-08,0.201,0.2026686817407608
Touchet_WA_824,2018-02-09,0.201,0.1984914392232895
Touchet_WA_824,2018-02-10,0.2,0.19729872047901154
Touchet_WA_824,2018-02-11,0.201,0.18930695950984955
Touchet_WA_824,2018-02-12,0.201,0.19184373319149017
Touchet_WA_824,2018-02-13,0.2,0.19470171630382538
Touchet_WA_824,2018-02-14,0.199,0.196600541472435
Touchet_WA_824,2018-02-15,0.201,0.20689988136291504
Touchet_WA_824,2018-02-16,0.198,0.2137613147497177
Touchet_WA_824,2018-02-17,0.199,0.20669442415237427
Touchet_WA_824,2018-02-18,0.198,0.20572690665721893
Touchet_WA_824,2018-02-19,0.197,0.19851863384246826
Touchet_WA_824,2018-02-20,0.195,0.19589373469352722
Touchet_WA_824,2018-02-21,0.196,0.19318778812885284
Touchet_WA_824,2018-02-22,0.194,0.19832846522331238
Touchet_WA_824,2018-02-23,0.195,0.190233051776886
Touchet_WA_824,2018-02-24,0.195,0.19944888353347778
Touchet_WA_824,2018-02-25,0.195,0.19749709963798523
Touchet_WA_824,2018-02-26,0.194,0.1988935023546219
Touchet_WA_824,2018-02-27,0.193,0.19525130093097687
Touchet_WA_824,2018-02-28,0.193,0.19428664445877075
Touchet_WA_824,2018-03-01,0.193,0.19530072808265686
Touchet_WA_824,2018-03-02,0.193,0.18949517607688904
Touchet_WA_824,2018-03-03,0.192,0.18923994898796082
Touchet_WA_824,2018-03-04,0.191,0.18435907363891602
Touchet_WA_824,2018-03-05,0.191,0.1953677237033844
Touchet_WA_824,2018-03-06,0.192,0.19418014585971832
Touchet_WA_824,2018-03-07,0.192,0.19016453623771667
Touchet_WA_824,2018-03-08,0.191,0.1892021745443344
Touchet_WA_824,2018-03-09,0.192,0.186246857047081
Touchet_WA_824,2018-03-10,0.191,0.18757183849811554
Touchet_WA_824,2018-03-11,0.191,0.18705718219280243
Touchet_WA_824,2018-03-12,0.189,0.18744634091854095
Touchet_WA_824,2018-03-13,0.19,0.181833416223526
Touchet_WA_824,2018-03-14,0.192,0.18505318462848663
Touchet_WA_824,2018-03-15,0.19,0.19128377735614777
Touchet_WA_824,2018-03-16,0.191,0.19052866101264954
Touchet_WA_824,2018-03-17,0.191,0.18222209811210632
Touchet_WA_824,2018-03-18,0.191,0.18646050989627838
Touchet_WA_824,2018-03-19,0.192,0.18817269802093506
Touchet_WA_824,2018-03-20,0.191,0.1859886348247528
Touchet_WA_824,2018-03-21,0.192,0.1801578849554062
Touchet_WA_824,2018-03-22,0.193,0.1851324737071991
Touchet_WA_824,2018-03-23,0.192,0.18383365869522095
Touchet_WA_824,2018-03-24,0.193,0.1822013109922409
Touchet_WA_824,2018-03-25,0.193,0.187525674700737
Touchet_WA_824,2018-03-26,0.192,0.18896842002868652
Touchet_WA_824,2018-03-27,0.193,0.1914438009262085
Touchet_WA_824,2018-03-28,0.194,0.195460245013237
Touchet_WA_824,2018-03-29,0.193,0.19602634012699127
Touchet_WA_824,2018-03-30,0.194,0.19569087028503418
Touchet_WA_824,2018-03-31,0.194,0.19641298055648804
Touchet_WA_824,2018-04-01,0.194,0.19628936052322388
Touchet_WA_824,2018-04-02,0.194,0.19978100061416626
Touchet_WA_824,2018-04-03,0.195,0.19598883390426636
Touchet_WA_824,2018-04-04,0.194,0.19430890679359436
Touchet_WA_824,2018-04-05,0.195,0.19718647003173828
Touchet_WA_824,2018-04-06,0.194,0.19844841957092285
Touchet_WA_824,2018-04-07,0.199,0.20030154287815094
Touchet_WA_824,2018-04-08,0.208,0.2067299634218216
Touchet_WA_824,2018-04-09,0.209,0.20204803347587585
Touchet_WA_824,2018-04-10,0.206,0.19107811152935028
Touchet_WA_824,2018-04-11,0.204,0.19172488152980804
Touchet_WA_824,2018-04-12,0.21,0.19561870396137238
Touchet_WA_824,2018-04-13,0.213,0.19374504685401917
Touchet_WA_824,2018-04-14,0.209,0.1979566365480423
Touchet_WA_824,2018-04-15,0.207,0.20205755531787872
Touchet_WA_824,2018-04-16,0.21,0.2088066190481186
Touchet_WA_824,2018-04-17,0.225,0.20857886970043182
Touchet_WA_824,2018-04-18,0.221,0.2076362520456314
Touchet_WA_824,2018-04-19,0.216,0.20561616122722626
Touchet_WA_824,2018-04-20,0.213,0.20222170650959015
Touchet_WA_824,2018-04-21,0.22,0.20506785809993744
Touchet_WA_824,2018-04-22,0.235,0.20487937331199646
Touchet_WA_824,2018-04-23,0.238,0.20879828929901123
Touchet_WA_824,2018-04-24,0.238,0.21606256067752838
Touchet_WA_824,2018-04-25,0.244,0.22801868617534637
Touchet_WA_824,2018-04-26,0.259,0.24211052060127258
Touchet_WA_824,2018-04-27,0.266,0.25172683596611023
Touchet_WA_824,2018-04-28,0.273,0.25683048367500305
Touchet_WA_824,2018-04-29,0.279,0.2584134042263031
Touchet_WA_824,2018-04-30,0.261,0.25890859961509705
Touchet_WA_824,2018-05-01,0.274,0.26651129126548767
Touchet_WA_824,2018-05-02,0.275,0.2711614966392517
Touchet_WA_824,2018-05-03,0.283,0.2827679514884949
Touchet_WA_824,2018-05-04,0.289,0.2801395654678345
Touchet_WA_824,2018-05-05,0.296,0.286538302898407
Touchet_WA_824,2018-05-06,0.295,0.29003384709358215
Touchet_WA_824,2018-05-07,0.298,0.29505473375320435
Touchet_WA_824,2018-05-08,0.298,0.292979896068573
Touchet_WA_824,2018-05-09,0.3,0.2924947738647461
Touchet_WA_824,2018-05-10,0.296,0.2871895134449005
Touchet_WA_824,2018-05-11,0.289,0.29273369908332825
Touchet_WA_824,2018-05-12,0.294,0.30360734462738037
Touchet_WA_824,2018-05-13,0.332,0.3114077150821686
Touchet_WA_824,2018-05-14,0.277,0.2864016592502594
Touchet_WA_824,2018-05-15,0.247,0.2647046446800232
Touchet_WA_824,2018-05-16,0.231,0.25593069195747375
Touchet_WA_824,2018-05-17,0.253,0.24863047897815704
Touchet_WA_824,2018-05-18,0.237,0.24003741145133972
Touchet_WA_824,2018-05-19,0.227,0.2411940097808838
Touchet_WA_824,2018-05-20,0.24,0.24719668924808502
Touchet_WA_824,2018-05-21,0.314,0.2651495337486267
Touchet_WA_824,2018-05-22,0.251,0.2524523138999939
Touchet_WA_824,2018-05-23,0.226,0.23496297001838684
Touchet_WA_824,2018-05-24,0.214,0.22133736312389374
Touchet_WA_824,2018-05-25,0.201,0.21851088106632233
Touchet_WA_824,2018-05-26,0.192,0.2207764834165573
Touchet_WA_824,2018-05-27,0.198,0.21704797446727753
Touchet_WA_824,2018-05-28,0.181,0.2083243578672409
Touchet_WA_824,2018-05-29,0.169,0.19621942937374115
Touchet_WA_824,2018-05-30,0.159,0.18190109729766846
Touchet_WA_824,2018-05-31,0.152,0.17680741846561432
Touchet_WA_824,2018-06-01,0.161,0.15443620085716248
Touchet_WA_824,2018-06-02,0.16,0.14798565208911896
Touchet_WA_824,2018-06-03,0.148,0.1498832404613495
Touchet_WA_824,2018-06-04,0.143,0.1483040601015091
Touchet_WA_824,2018-06-05,0.153,0.16203784942626953
Touchet_WA_824,2018-06-06,0.162,0.16223199665546417
Touchet_WA_824,2018-06-07,0.152,0.1594514101743698
Touchet_WA_824,2018-06-08,0.146,0.16210946440696716
Touchet_WA_824,2018-06-09,0.137,0.16462643444538116
Touchet_WA_824,2018-06-10,0.258,0.22575023770332336
Touchet_WA_824,2018-06-11,0.242,0.2289872020483017
Touchet_WA_824,2018-06-12,0.227,0.2228473424911499
Touchet_WA_824,2018-06-13,0.197,0.19618375599384308
Touchet_WA_824,2018-06-14,0.18,0.17927582561969757
Touchet_WA_824,2018-06-15,0.171,0.16864214837551117
Touchet_WA_824,2018-06-16,0.162,0.17201478779315948
Touchet_WA_824,2018-06-17,0.159,0.17949126660823822
Touchet_WA_824,2018-06-18,0.157,0.19197063148021698
Touchet_WA_824,2018-06-19,0.199,0.2049269676208496
Touchet_WA_824,2018-06-20,0.215,0.21119998395442963
Touchet_WA_824,2018-06-21,0.198,0.21161077916622162
Touchet_WA_824,2018-06-22,0.242,0.20369653403759003
Touchet_WA_824,2018-06-23,0.202,0.18899081647396088
Touchet_WA_824,2018-06-24,0.185,0.17650802433490753
Touchet_WA_824,2018-06-25,0.172,0.1679249107837677
Touchet_WA_824,2018-06-26,0.157,0.15198418498039246
Touchet_WA_824,2018-06-27,0.148,0.13980840146541595
Touchet_WA_824,2018-06-28,0.134,0.13433493673801422
Touchet_WA_824,2018-06-29,0.124,0.1275814324617386
Touchet_WA_824,2018-06-30,0.114,0.11530407518148422
Touchet_WA_824,2018-07-01,0.107,0.10852527618408203
Touchet_WA_824,2018-07-02,0.1,0.10103888064622879
Touchet_WA_824,2018-07-03,0.088,0.0923565998673439
Touchet_WA_824,2018-07-04,0.082,0.0754016861319542
Touchet_WA_824,2018-07-05,0.072,0.06489506363868713
Touchet_WA_824,2018-07-06,0.06,0.04813292995095253
Touchet_WA_824,2018-07-07,0.047,0.04074939340353012
Touchet_WA_824,2018-07-08,0.038,0.035704366862773895
Touchet_WA_824,2018-07-09,0.033,0.03531395643949509
Touchet_WA_824,2018-07-10,0.03,0.03132464736700058
Touchet_WA_824,2018-07-11,0.02,0.019614238291978836
Touchet_WA_824,2018-07-12,0.02,0.015138906426727772
Touchet_WA_824,2018-07-13,0.018,0.02046399563550949
Touchet_WA_824,2018-07-14,0.016,0.023450929671525955
Touchet_WA_824,2018-07-15,0.012,0.019384296610951424
Touchet_WA_824,2018-07-16,0.008,0.017850026488304138
Touchet_WA_824,2018-07-17,0.005,0.010481775738298893
Touchet_WA_824,2018-07-18,0.007,0.010692899115383625
Touchet_WA_824,2018-07-19,0.0,0.0034925676882267
Touchet_WA_824,2018-07-20,0.0,-0.0004278501437511295
Touchet_WA_824,2018-07-21,0.0,-0.0031842177268117666
Touchet_WA_824,2018-07-22,0.0,0.0012392917415127158
Touchet_WA_824,2018-07-23,0.0,0.0011385121615603566
Touchet_WA_824,2018-07-24,0.0,0.00268673337996006
Touchet_WA_824,2018-07-25,0.0,0.002330759074538946
Touchet_WA_824,2018-07-26,0.0,-0.0003888921928592026
Touchet_WA_824,2018-07-27,0.0,-0.0007920563803054392
Touchet_WA_824,2018-07-28,0.0,-0.001691471436060965
Touchet_WA_824,2018-07-29,0.0,-0.0015249642310664058
Touchet_WA_824,2018-07-30,0.0,-0.0012825169833377004
Touchet_WA_824,2018-07-31,0.0,-0.004861116874963045
Touchet_WA_824,2018-08-01,0.0,-0.004391248803585768
Touchet_WA_824,2018-08-02,0.0,-0.00402602506801486
Touchet_WA_824,2018-08-03,0.0,-0.003768852911889553
Touchet_WA_824,2018-08-04,0.0,-0.004718383774161339
Touchet_WA_824,2018-08-05,0.0,-0.0029172853101044893
Touchet_WA_824,2018-08-06,0.0,-0.0032069054432213306
Touchet_WA_824,2018-08-07,0.0,-0.002102903788909316
Touchet_WA_824,2018-08-08,0.0,-0.002532913815230131
Touchet_WA_824,2018-08-09,0.0,-0.0020664515905082226
Touchet_WA_824,2018-08-10,0.0,-0.002267673844471574
Touchet_WA_824,2018-08-11,0.0,-0.002036442281678319
Touchet_WA_824,2018-08-12,0.0,-0.002383351093158126
Touchet_WA_824,2018-08-13,0.0,-0.0029217670671641827
Touchet_WA_824,2018-08-14,0.0,-0.004466010723263025
Touchet_WA_824,2018-08-15,0.0,-0.007781070191413164
Touchet_WA_824,2018-08-16,0.0,-0.007582154590636492
Touchet_WA_824,2018-08-17,0.0,-0.007456778082996607
Touchet_WA_824,2018-08-18,0.0,-0.005709164310246706
Touchet_WA_824,2018-08-19,0.0,-0.00574799720197916
Touchet_WA_824,2018-08-20,0.0,0.00047964262194000185
Touchet_WA_824,2018-08-21,0.0,-0.0006651087896898389
Touchet_WA_824,2018-08-22,0.0,-0.00022029108367860317
Touchet_WA_824,2018-08-23,0.0,-0.002182360040023923
Touchet_WA_824,2018-08-24,0.0,0.00015116122085601091
Touchet_WA_824,2018-08-25,0.0,0.00794932059943676
Touchet_WA_824,2018-08-26,0.0,0.003554264549165964
Touchet_WA_824,2018-08-27,0.0,0.03461592644453049
Touchet_WA_824,2018-08-28,0.117,0.09025153517723083
Touchet_WA_824,2018-08-29,0.104,0.09714244306087494
Touchet_WA_824,2018-08-30,0.092,0.1012788936495781
Touchet_WA_824,2018-08-31,0.075,0.07855420559644699
Touchet_WA_824,2018-09-01,0.071,0.06991207599639893
Touchet_WA_824,2018-09-02,0.066,0.06794320791959763
Touchet_WA_824,2018-09-03,0.06,0.04941932111978531
Touchet_WA_824,2018-09-04,0.058,0.052956871688365936
Touchet_WA_824,2018-09-05,0.053,0.04035678878426552
Touchet_WA_824,2018-09-06,0.051,0.03863906115293503
Touchet_WA_824,2018-09-07,0.049,0.036671772599220276
Touchet_WA_824,2018-09-08,0.044,0.030474834144115448
Touchet_WA_824,2018-09-09,0.033,0.03465636819601059
Touchet_WA_824,2018-09-10,0.031,0.024877605959773064
Touchet_WA_824,2018-09-11,0.022,0.018693773075938225
Touchet_WA_824,2018-09-12,0.017,0.015080402605235577
Touchet_WA_824,2018-09-13,0.016,0.025579359382390976
Touchet_WA_824,2018-09-14,0.015,0.016439225524663925
Touchet_WA_824,2018-09-15,0.011,0.011858456768095493
Touchet_WA_824,2018-09-16,0.005,0.010569987818598747
Touchet_WA_824,2018-09-17,0.005,0.01120432186871767
Touchet_WA_824,2018-09-18,0.003,0.009678047150373459
Touchet_WA_824,2018-09-19,0.006,0.006706012412905693
Touchet_WA_824,2018-09-20,0.001,0.012583027593791485
Touchet_WA_824,2018-09-21,0.0,0.010527370497584343
Touchet_WA_824,2018-09-22,0.0,0.010777086950838566
Touchet_WA_824,2018-09-23,0.0,0.01528154406696558
Touchet_WA_824,2018-09-24,0.0,0.012441243045032024
Touchet_WA_824,2018-09-25,0.0,0.010859073139727116
Touchet_WA_824,2018-09-26,0.0,0.007794848643243313
Touchet_WA_824,2018-09-27,0.0,0.005896928254514933
Touchet_WA_824,2018-09-28,0.0,0.005774613935500383
Touchet_WA_824,2018-09-29,0.0,0.006570895668119192
Touchet_WA_824,2018-09-30,0.0,0.0033010069746524096
Touchet_WA_824,2018-10-01,0.0,0.002357104793190956
Touchet_WA_824,2018-10-02,0.0,0.0030879301484674215
Touchet_WA_824,2018-10-03,0.0,0.015405933372676373
Touchet_WA_824,2018-10-04,0.0,0.009082332253456116
Touchet_WA_824,2018-10-05,0.0,0.010098324157297611
Touchet_WA_824,2018-10-06,0.0,0.04772845655679703
Touchet_WA_824,2018-10-07,0.143,0.08435577154159546
Touchet_WA_824,2018-10-08,0.13,0.11409111320972443
Touchet_WA_824,2018-10-09,0.12,0.13706327974796295
Touchet_WA_824,2018-10-10,0.24,0.22262440621852875
Touchet_WA_824,2018-10-11,0.196,0.19021818041801453
Touchet_WA_824,2018-10-12,0.169,0.17837963998317719
Touchet_WA_824,2018-10-13,0.157,0.16249065101146698
Touchet_WA_824,2018-10-14,0.145,0.1518716961145401
Touchet_WA_824,2018-10-15,0.133,0.1388838142156601
Touchet_WA_824,2018-10-16,0.129,0.13592784106731415
Touchet_WA_824,2018-10-17,0.125,0.1265271157026291
Touchet_WA_824,2018-10-18,0.121,0.12036186456680298
Touchet_WA_824,2018-10-19,0.119,0.1192188635468483
Touchet_WA_824,2018-10-20,0.115,0.11882278323173523
Touchet_WA_824,2018-10-21,0.112,0.10833121836185455
Touchet_WA_824,2018-10-22,0.106,0.10067325830459595
Touchet_WA_824,2018-10-23,0.104,0.10414397716522217
Touchet_WA_824,2018-10-24,0.098,0.0942249670624733
Touchet_WA_824,2018-10-25,0.097,0.09687044471502304
Touchet_WA_824,2018-10-26,0.095,0.11015832424163818
Touchet_WA_824,2018-10-27,0.145,0.14727087318897247
Touchet_WA_824,2018-10-28,0.231,0.20110729336738586
Touchet_WA_824,2018-10-29,0.296,0.2387581169605255
Touchet_WA_824,2018-10-30,0.234,0.23202727735042572
Touchet_WA_824,2018-10-31,0.218,0.23352323472499847
Touchet_WA_824,2018-11-01,0.297,0.2666409909725189
Touchet_WA_824,2018-11-02,0.283,0.27155908942222595
Touchet_WA_824,2018-11-03,0.286,0.2769321799278259
Touchet_WA_824,2018-11-04,0.259,0.2664198875427246
Touchet_WA_824,2018-11-05,0.279,0.2683812379837036
Touchet_WA_824,2018-11-06,0.253,0.2534644603729248
Touchet_WA_824,2018-11-07,0.23,0.2300051599740982
Touchet_WA_824,2018-11-08,0.211,0.2156594842672348
Touchet_WA_824,2018-11-09,0.201,0.19909828901290894
Touchet_WA_824,2018-11-10,0.177,0.17985381186008453
Touchet_WA_824,2018-11-11,0.171,0.17410698533058167
Touchet_WA_824,2018-11-12,0.154,0.16512174904346466
Touchet_WA_824,2018-11-13,0.134,0.12252593040466309
Touchet_WA_824,2018-11-14,0.131,0.13890080153942108
Touchet_WA_824,2018-11-15,0.131,0.1446259319782257
Touchet_WA_824,2018-11-16,0.182,0.17383922636508942
Touchet_WA_824,2018-11-17,0.231,0.17638857662677765
Touchet_WA_824,2018-11-18,0.173,0.16722095012664795
Touchet_WA_824,2018-11-19,0.04,0.08985491842031479
Touchet_WA_824,2018-11-20,0.029,0.05030890926718712
Touchet_WA_824,2018-11-21,0.024,0.02534526400268078
Touchet_WA_824,2018-11-22,0.025,0.05612611770629883
Touchet_WA_824,2018-11-23,0.028,0.032732218503952026
Touchet_WA_824,2018-11-24,0.041,0.054310254752635956
Touchet_WA_824,2018-11-25,0.044,0.05573400482535362
Touchet_WA_824,2018-11-26,0.046,0.041978463530540466
Touchet_WA_824,2018-11-27,0.043,0.06288310140371323
Touchet_WA_824,2018-11-28,0.048,0.05548769235610962
Touchet_WA_824,2018-11-29,0.058,0.055970605462789536
Touchet_WA_824,2018-11-30,0.066,0.06118617206811905
Touchet_WA_824,2018-12-01,0.077,0.0810471624135971
Touchet_WA_824,2018-12-02,0.087,0.08857353776693344
Touchet_WA_824,2018-12-03,0.097,0.10416075587272644
Touchet_WA_824,2018-12-04,0.104,0.11033817380666733
Touchet_WA_824,2018-12-05,0.111,0.11494804173707962
Touchet_WA_824,2018-12-06,0.111,0.11132319271564484
Touchet_WA_824,2018-12-07,0.107,0.10670158267021179
Touchet_WA_824,2018-12-08,0.098,0.10227078944444656
Touchet_WA_824,2018-12-09,0.092,0.0988670140504837
Touchet_WA_824,2018-12-10,0.094,0.10495022684335709
Touchet_WA_824,2018-12-11,0.099,0.11260374635457993
Touchet_WA_824,2018-12-12,0.1,0.10848002880811691
Touchet_WA_824,2018-12-13,0.103,0.10502137243747711
Touchet_WA_824,2018-12-14,0.106,0.10536031424999237
Touchet_WA_824,2018-12-15,0.109,0.11263386160135269
Touchet_WA_824,2018-12-16,0.113,0.10937432199716568
Touchet_WA_824,2018-12-17,0.116,0.10561329871416092
Touchet_WA_824,2018-12-18,0.117,0.11844032257795334
Touchet_WA_824,2018-12-19,0.121,0.12786832451820374
Touchet_WA_824,2018-12-20,0.122,0.1397661417722702
Touchet_WA_824,2018-12-21,0.122,0.1417124718427658
Touchet_WA_824,2018-12-22,0.124,0.1393909454345703
Touchet_WA_824,2018-12-23,0.124,0.14364521205425262
Touchet_WA_824,2018-12-24,0.127,0.1412961632013321
Touchet_WA_824,2018-12-25,0.127,0.14558690786361694
Touchet_WA_824,2018-12-26,0.128,0.1360236555337906
Touchet_WA_824,2018-12-27,0.128,0.14114029705524445
Touchet_WA_824,2018-12-28,0.129,0.13222119212150574
Touchet_WA_824,2018-12-29,0.129,0.12953133881092072
Touchet_WA_824,2018-12-30,0.128,0.1261536180973053
Touchet_WA_824,2018-12-31,0.129,0.12107056379318237
Touchet_WA_824,2019-01-01,0.128,0.1303003877401352
Touchet_WA_824,2019-01-02,0.129,0.13106833398342133
Touchet_WA_824,2019-01-03,0.128,0.13002437353134155
Touchet_WA_824,2019-01-04,0.129,0.13105683028697968
Touchet_WA_824,2019-01-05,0.128,0.12842664122581482
Touchet_WA_824,2019-01-06,0.128,0.126199871301651
Touchet_WA_824,2019-01-07,0.128,0.1292353719472885
Touchet_WA_824,2019-01-08,0.129,0.1249433159828186
Touchet_WA_824,2019-01-09,0.127,0.1298665553331375
Touchet_WA_824,2019-01-10,0.127,0.12859155237674713
Touchet_WA_824,2019-01-11,0.128,0.1387912482023239
Touchet_WA_824,2019-01-12,0.129,0.14736823737621307
Touchet_WA_824,2019-01-13,0.126,0.1476258486509323
Touchet_WA_824,2019-01-14,0.128,0.14669443666934967
Touchet_WA_824,2019-01-15,0.127,0.1282440721988678
Touchet_WA_824,2019-01-16,0.129,0.13911806046962738
Touchet_WA_824,2019-01-17,0.129,0.12540625035762787
Touchet_WA_824,2019-01-18,0.13,0.13325005769729614
Touchet_WA_824,2019-01-19,0.126,0.13181857764720917
Touchet_WA_824,2019-01-20,0.128,0.13618752360343933
Touchet_WA_824,2019-01-21,0.127,0.13533632457256317
Touchet_WA_824,2019-01-22,0.126,0.1370689868927002
Touchet_WA_824,2019-01-23,0.129,0.13337448239326477
Touchet_WA_824,2019-01-24,0.13,0.13785800337791443
Touchet_WA_824,2019-01-25,0.13,0.12737515568733215
Touchet_WA_824,2019-01-26,0.128,0.13706359267234802
Touchet_WA_824,2019-01-27,0.13,0.13479885458946228
Touchet_WA_824,2019-01-28,0.13,0.13859672844409943
Touchet_WA_824,2019-01-29,0.13,0.12963423132896423
Touchet_WA_824,2019-01-30,0.133,0.1323658525943756
Touchet_WA_824,2019-01-31,0.133,0.13537460565567017
Touchet_WA_824,2019-02-01,0.131,0.13602745532989502
Touchet_WA_824,2019-02-02,0.132,0.1506916880607605
Touchet_WA_824,2019-02-03,0.133,0.1373881995677948
Touchet_WA_824,2019-02-04,0.133,0.14130555093288422
Touchet_WA_824,2019-02-05,0.132,0.13898393511772156
Touchet_WA_824,2019-02-06,0.132,0.1331830620765686
Touchet_WA_824,2019-02-07,0.131,0.1383650302886963
Touchet_WA_824,2019-02-08,0.132,0.13874924182891846
Touchet_WA_824,2019-02-09,0.133,0.13917644321918488
Touchet_WA_824,2019-02-10,0.134,0.13571050763130188
Touchet_WA_824,2019-02-11,0.133,0.13158155977725983
Touchet_WA_824,2019-02-12,0.135,0.13187097012996674
Touchet_WA_824,2019-02-13,0.136,0.133343905210495
Touchet_WA_824,2019-02-14,0.136,0.13364790380001068
Touchet_WA_824,2019-02-15,0.136,0.13262680172920227
Touchet_WA_824,2019-02-16,0.137,0.13140733540058136
Touchet_WA_824,2019-02-17,0.137,0.13007184863090515
Touchet_WA_824,2019-02-18,0.137,0.1371939480304718
Touchet_WA_824,2019-02-19,0.137,0.14148035645484924
Touchet_WA_824,2019-02-20,0.138,0.1392454206943512
Touchet_WA_824,2019-02-21,0.138,0.14261585474014282
Touchet_WA_824,2019-02-22,0.139,0.1418009251356125
Touchet_WA_824,2019-02-23,0.138,0.14101113379001617
Touchet_WA_824,2019-02-24,0.137,0.14005421102046967
Touchet_WA_824,2019-02-25,0.139,0.14394806325435638
Touchet_WA_824,2019-02-26,0.139,0.15308548510074615
Touchet_WA_824,2019-02-27,0.14,0.14812502264976501
Touchet_WA_824,2019-02-28,0.139,0.14600132405757904
Touchet_WA_824,2019-03-01,0.138,0.1480920910835266
Touchet_WA_824,2019-03-02,0.14,0.14884111285209656
Touchet_WA_824,2019-03-03,0.14,0.15282706916332245
Touchet_WA_824,2019-03-04,0.14,0.14437086880207062
Touchet_WA_824,2019-03-05,0.14,0.143568217754364
Touchet_WA_824,2019-03-06,0.14,0.1486682891845703
Touchet_WA_824,2019-03-07,0.14,0.14575520157814026
Touchet_WA_824,2019-03-08,0.141,0.1479768306016922
Touchet_WA_824,2019-03-09,0.14,0.14759154617786407
Touchet_WA_824,2019-03-10,0.14,0.14395193755626678
Touchet_WA_824,2019-03-11,0.141,0.14514991641044617
Touchet_WA_824,2019-03-12,0.141,0.14490383863449097
Touchet_WA_824,2019-03-13,0.141,0.14503172039985657
Touchet_WA_824,2019-03-14,0.141,0.1449754238128662
Touchet_WA_824,2019-03-15,0.142,0.14307259023189545
Touchet_WA_824,2019-03-16,0.141,0.1497368961572647
Touchet_WA_824,2019-03-17,0.141,0.14131158590316772
Touchet_WA_824,2019-03-18,0.142,0.15196625888347626
Touchet_WA_824,2019-03-19,0.141,0.15018266439437866
Touchet_WA_824,2019-03-20,0.142,0.14839375019073486
Touchet_WA_824,2019-03-21,0.143,0.14353685081005096
Touchet_WA_824,2019-03-22,0.141,0.1462845653295517
Touchet_WA_824,2019-03-23,0.143,0.1509506106376648
Touchet_WA_824,2019-03-24,0.142,0.14439637959003448
Touchet_WA_824,2019-03-25,0.143,0.14294219017028809
Touchet_WA_824,2019-03-26,0.144,0.14462704956531525
Touchet_WA_824,2019-03-27,0.145,0.14088769257068634
Touchet_WA_824,2019-03-28,0.146,0.1525188386440277
Touchet_WA_824,2019-03-29,0.146,0.1479557901620865
Touchet_WA_824,2019-03-30,0.148,0.15195141732692719
Touchet_WA_824,2019-03-31,0.149,0.15019501745700836
Touchet_WA_824,2019-04-01,0.151,0.15264198184013367
Touchet_WA_824,2019-04-02,0.152,0.1672690361738205
Touchet_WA_824,2019-04-03,0.153,0.16210602223873138
Touchet_WA_824,2019-04-04,0.153,0.16559407114982605
Touchet_WA_824,2019-04-05,0.153,0.1578996777534485
Touchet_WA_824,2019-04-06,0.155,0.158024862408638
Touchet_WA_824,2019-04-07,0.156,0.15924033522605896
Touchet_WA_824,2019-04-08,0.157,0.166416198015213
Touchet_WA_824,2019-04-09,0.158,0.1688239574432373
Touchet_WA_824,2019-04-10,0.159,0.1675380915403366
Touchet_WA_824,2019-04-11,0.161,0.16852395236492157
Touchet_WA_824,2019-04-12,0.161,0.16199816763401031
Touchet_WA_824,2019-04-13,0.161,0.15706738829612732
Touchet_WA_824,2019-04-14,0.163,0.16950292885303497
Touchet_WA_824,2019-04-15,0.164,0.17151179909706116
Touchet_WA_824,2019-04-16,0.165,0.16935068368911743
Touchet_WA_824,2019-04-17,0.166,0.17272400856018066
Touchet_WA_824,2019-04-18,0.167,0.17680081725120544
Touchet_WA_824,2019-04-19,0.165,0.17279358208179474
Touchet_WA_824,2019-04-20,0.169,0.17333009839057922
Touchet_WA_824,2019-04-21,0.169,0.17470452189445496
Touchet_WA_824,2019-04-22,0.17,0.17637579143047333
Touchet_WA_824,2019-04-23,0.171,0.17932626605033875
Touchet_WA_824,2019-04-24,0.171,0.17592862248420715
Touchet_WA_824,2019-04-25,0.171,0.17725448310375214
Touchet_WA_824,2019-04-26,0.172,0.17521096765995026
Touchet_WA_824,2019-04-27,0.173,0.17632465064525604
Touchet_WA_824,2019-04-28,0.175,0.17642606794834137
Touchet_WA_824,2019-04-29,0.175,0.17158499360084534
Touchet_WA_824,2019-04-30,0.176,0.1817614734172821
Touchet_WA_824,2019-05-01,0.177,0.17576277256011963
Touchet_WA_824,2019-05-02,0.177,0.18899741768836975
Touchet_WA_824,2019-05-03,0.179,0.18420849740505219
Touchet_WA_824,2019-05-04,0.179,0.18623630702495575
Touchet_WA_824,2019-05-05,0.179,0.1829858273267746
Touchet_WA_824,2019-05-06,0.181,0.18357707560062408
Touchet_WA_824,2019-05-07,0.182,0.1911902129650116
Touchet_WA_824,2019-05-08,0.185,0.19798140227794647
Touchet_WA_824,2019-05-09,0.188,0.20301495492458344
Touchet_WA_824,2019-05-10,0.192,0.20813800394535065
Touchet_WA_824,2019-05-11,0.198,0.20732951164245605
Touchet_WA_824,2019-05-12,0.203,0.23451638221740723
Touchet_WA_824,2019-05-13,0.283,0.2908897399902344
Touchet_WA_824,2019-05-14,0.34,0.31835508346557617
Touchet_WA_824,2019-05-15,0.343,0.327334463596344
Touchet_WA_824,2019-05-16,0.344,0.3256540894508362
Touchet_WA_824,2019-05-17,0.342,0.3356693387031555
Touchet_WA_824,2019-05-18,0.345,0.3331662118434906
Touchet_WA_824,2019-05-19,0.345,0.3376087248325348
Touchet_WA_824,2019-05-20,0.336,0.3233064115047455
Touchet_WA_824,2019-05-21,0.306,0.3176876902580261
Touchet_WA_824,2019-05-22,0.307,0.3032686114311218
Touchet_WA_824,2019-05-23,0.287,0.2848935127258301
Touchet_WA_824,2019-05-24,0.267,0.27044978737831116
Touchet_WA_824,2019-05-25,0.265,0.2723214328289032
Touchet_WA_824,2019-05-26,0.261,0.26797929406166077
Touchet_WA_824,2019-05-27,0.257,0.2474786788225174
Touchet_WA_824,2019-05-28,0.266,0.2507728934288025
Touchet_WA_824,2019-05-29,0.253,0.26516157388687134
Touchet_WA_824,2019-05-30,0.256,0.2629164159297943
Touchet_WA_824,2019-05-31,0.256,0.2619933784008026
Touchet_WA_824,2019-06-01,0.239,0.26423749327659607
Touchet_WA_824,2019-06-02,0.349,0.27681055665016174
Touchet_WA_824,2019-06-03,0.293,0.2601977288722992
Touchet_WA_824,2019-06-04,0.258,0.2470022737979889
Touchet_WA_824,2019-06-05,0.234,0.2331688106060028
Touchet_WA_824,2019-06-06,0.22,0.23015442490577698
Touchet_WA_824,2019-06-07,0.228,0.22841407358646393
Touchet_WA_824,2019-06-08,0.225,0.22649481892585754
Touchet_WA_824,2019-06-09,0.223,0.2104264795780182
Touchet_WA_824,2019-06-10,0.21,0.2081146240234375
Touchet_WA_824,2019-06-11,0.196,0.19630438089370728
Touchet_WA_824,2019-06-12,0.182,0.17088335752487183
Touchet_WA_824,2019-06-13,0.168,0.16477741301059723
Touchet_WA_824,2019-06-14,0.155,0.1541462242603302
Touchet_WA_824,2019-06-15,0.141,0.14280740916728973
Touchet_WA_824,2019-06-16,0.124,0.12154396623373032
Touchet_WA_824,2019-06-17,0.111,0.11436127871274948
Touchet_WA_824,2019-06-18,0.091,0.09635935723781586
Touchet_WA_824,2019-06-19,0.07,0.08881602436304092
Touchet_WA_824,2019-06-20,0.055,0.08828392624855042
Touchet_WA_824,2019-06-21,0.146,0.13978666067123413
Touchet_WA_824,2019-06-22,0.18,0.15535013377666473
Touchet_WA_824,2019-06-23,0.162,0.16277854144573212
Touchet_WA_824,2019-06-24,0.152,0.15889489650726318
Touchet_WA_824,2019-06-25,0.135,0.14450068771839142
Touchet_WA_824,2019-06-26,0.119,0.15386973321437836
Touchet_WA_824,2019-06-27,0.182,0.1756378710269928
Touchet_WA_824,2019-06-28,0.246,0.18746593594551086
Touchet_WA_824,2019-06-29,0.211,0.18326009809970856
Touchet_WA_824,2019-06-30,0.186,0.17118260264396667
Touchet_WA_824,2019-07-01,0.162,0.16255658864974976
Touchet_WA_824,2019-07-02,0.143,0.15856006741523743
Touchet_WA_824,2019-07-03,0.137,0.14640115201473236
Touchet_WA_824,2019-07-04,0.152,0.1412486433982849
Touchet_WA_824,2019-07-05,0.143,0.13795508444309235
Touchet_WA_824,2019-07-06,0.13,0.13681231439113617
Touchet_WA_824,2019-07-07,0.151,0.12543825805187225
Touchet_WA_824,2019-07-08,0.131,0.1168837621808052
Touchet_WA_824,2019-07-09,0.117,0.1124635562300682
Touchet_WA_824,2019-07-10,0.104,0.0912851095199585
Touchet_WA_824,2019-07-11,0.092,0.08050846308469772
Touchet_WA_824,2019-07-12,0.086,0.05665859580039978
Touchet_WA_824,2019-07-13,0.074,0.054926954209804535
Touchet_WA_824,2019-07-14,0.063,0.05109217390418053
Touchet_WA_824,2019-07-15,0.054,0.04275199770927429
Touchet_WA_824,2019-07-16,0.049,0.049178022891283035
Touchet_WA_824,2019-07-17,0.039,0.043738480657339096
Touchet_WA_824,2019-07-18,0.035,0.02882026880979538
Touchet_WA_824,2019-07-19,0.03,0.02685505524277687
Touchet_WA_824,2019-07-20,0.026,0.025820879265666008
Touchet_WA_824,2019-07-21,0.023,0.0217515230178833
Touchet_WA_824,2019-07-22,0.018,0.01604946330189705
Touchet_WA_824,2019-07-23,0.017,0.012426627799868584
Touchet_WA_824,2019-07-24,0.015,0.01168530061841011
Touchet_WA_824,2019-07-25,0.01,0.010969865135848522
Touchet_WA_824,2019-07-26,0.009,0.00811188668012619
Touchet_WA_824,2019-07-27,0.01,0.00842379592359066
Touchet_WA_824,2019-07-28,0.007,0.005694543942809105
Touchet_WA_824,2019-07-29,0.007,0.0053023723885416985
Touchet_WA_824,2019-07-30,0.005,0.0018674398306757212
Touchet_WA_824,2019-07-31,0.005,0.0020072730258107185
Touchet_WA_824,2019-08-01,0.004,0.0005489019677042961
Touchet_WA_824,2019-08-02,0.001,-0.0010082729859277606
Touchet_WA_824,2019-08-03,0.001,-0.00036489515332505107
Touchet_WA_824,2019-08-04,0.0,0.00032252282835543156
Touchet_WA_824,2019-08-05,0.0,-0.001476741861552
Touchet_WA_824,2019-08-06,0.0,-0.0022200862877070904
Touchet_WA_824,2019-08-07,0.0,-0.0023784474469721317
Touchet_WA_824,2019-08-08,0.0,-0.001135180122219026
Touchet_WA_824,2019-08-09,0.0,0.0006174675072543323
Touchet_WA_824,2019-08-10,0.0,0.02939656935632229
Touchet_WA_824,2019-08-11,0.0,0.023036038503050804
Touchet_WA_824,2019-08-12,0.01,0.038384757936000824
Touchet_WA_824,2019-08-13,0.019,0.034263309091329575
Touchet_WA_824,2019-08-14,0.021,0.03662416711449623
Touchet_WA_824,2019-08-15,0.02,0.026953034102916718
Touchet_WA_824,2019-08-16,0.017,0.026634346693754196
Touchet_WA_824,2019-08-17,0.011,0.026251718401908875
Touchet_WA_824,2019-08-18,0.008,0.02738500013947487
Touchet_WA_824,2019-08-19,0.006,0.02591935731470585
Touchet_WA_824,2019-08-20,0.0,0.011451618745923042
Touchet_WA_824,2019-08-21,0.0,0.020221156999468803
Touchet_WA_824,2019-08-22,0.0,0.017374832183122635
Touchet_WA_824,2019-08-23,0.0,0.013280907645821571
Touchet_WA_824,2019-08-24,0.0,0.013230115175247192
Touchet_WA_824,2019-08-25,0.0,0.006138309370726347
Touchet_WA_824,2019-08-26,0.0,0.00824642088264227
Touchet_WA_824,2019-08-27,0.0,0.00800077524036169
Touchet_WA_824,2019-08-28,0.0,0.004871022887527943
Touchet_WA_824,2019-08-29,0.0,0.004855975043028593
Touchet_WA_824,2019-08-30,0.0,0.003484348300844431
Touchet_WA_824,2019-08-31,0.0,0.002222313079982996
Touchet_WA_824,2019-09-01,0.0,0.0033429344184696674
Touchet_WA_824,2019-09-02,0.0,-4.4628020987147465e-05
Touchet_WA_824,2019-09-03,0.0,-0.0007476574974134564
Touchet_WA_824,2019-09-04,0.0,-0.002584876026958227
Touchet_WA_824,2019-09-05,0.0,-0.0030186304356902838
Touchet_WA_824,2019-09-06,0.0,0.0028928532265126705
Touchet_WA_824,2019-09-07,0.0,0.016211800277233124
Touchet_WA_824,2019-09-08,0.0,0.03443304821848869
Touchet_WA_824,2019-09-09,0.11,0.07581181079149246
Touchet_WA_824,2019-09-10,0.123,0.11454782634973526
Touchet_WA_824,2019-09-11,0.169,0.13330620527267456
Touchet_WA_824,2019-09-12,0.135,0.12708324193954468
Touchet_WA_824,2019-09-13,0.121,0.12126310914754868
Touchet_WA_824,2019-09-14,0.104,0.11370562016963959
Touchet_WA_824,2019-09-15,0.098,0.10995177924633026
Touchet_WA_824,2019-09-16,0.085,0.0916682705283165
Touchet_WA_824,2019-09-17,0.074,0.0895286276936531
Touchet_WA_824,2019-09-18,0.08,0.09074575453996658
Touchet_WA_824,2019-09-19,0.163,0.1616128534078598
Touchet_WA_824,2019-09-20,0.16,0.15319626033306122
Touchet_WA_824,2019-09-21,0.146,0.13624097406864166
Touchet_WA_824,2019-09-22,0.136,0.14233426749706268
Touchet_WA_824,2019-09-23,0.125,0.12740881741046906
Touchet_WA_824,2019-09-24,0.132,0.12198981642723083
Touchet_WA_824,2019-09-25,0.124,0.1125454306602478
Touchet_WA_824,2019-09-26,0.116,0.11343681067228317
Touchet_WA_824,2019-09-27,0.111,0.10241104662418365
Touchet_WA_824,2019-09-28,0.106,0.12306050956249237
Touchet_WA_824,2019-09-29,0.104,0.11758118122816086
Touchet_WA_824,2019-09-30,0.115,0.12777704000473022
Touchet_WA_824,2019-10-01,0.124,0.13111643493175507
Touchet_WA_824,2019-10-02,0.13,0.14535604417324066
Touchet_WA_824,2019-10-03,0.168,0.16663621366024017
Touchet_WA_824,2019-10-04,0.195,0.18386252224445343
Touchet_WA_824,2019-10-05,0.225,0.2112143635749817
Touchet_WA_824,2019-10-06,0.247,0.22691455483436584
Touchet_WA_824,2019-10-07,0.216,0.2150021493434906
Touchet_WA_824,2019-10-08,0.193,0.2101956009864807
Touchet_WA_824,2019-10-09,0.242,0.23872752487659454
Touchet_WA_824,2019-10-10,0.214,0.22638225555419922
Touchet_WA_824,2019-10-11,0.211,0.21836432814598083
Touchet_WA_824,2019-10-12,0.224,0.2265433818101883
Touchet_WA_824,2019-10-13,0.242,0.2338876873254776
Touchet_WA_824,2019-10-14,0.276,0.2480161339044571
Touchet_WA_824,2019-10-15,0.247,0.2332414835691452
Touchet_WA_824,2019-10-16,0.224,0.2201198786497116
Touchet_WA_824,2019-10-17,0.208,0.22605952620506287
Touchet_WA_824,2019-10-18,0.23,0.22065143287181854
Touchet_WA_824,2019-10-19,0.221,0.22107172012329102
Touchet_WA_824,2019-10-20,0.207,0.21923233568668365
Touchet_WA_824,2019-10-21,0.202,0.21214453876018524
Touchet_WA_824,2019-10-22,0.196,0.22500930726528168
Touchet_WA_824,2019-10-23,0.28,0.25408199429512024
Touchet_WA_824,2019-10-24,0.257,0.25972914695739746
Touchet_WA_824,2019-10-25,0.249,0.2585485279560089
Touchet_WA_824,2019-10-26,0.293,0.26997318863868713
Touchet_WA_824,2019-10-27,0.259,0.25237590074539185
Touchet_WA_824,2019-10-28,0.235,0.2309480756521225
Touchet_WA_824,2019-10-29,0.214,0.19047203660011292
Touchet_WA_824,2019-10-30,0.188,0.16646960377693176
Touchet_WA_824,2019-10-31,0.159,0.16322863101959229
Touchet_WA_824,2019-11-01,0.147,0.15493229031562805
Touchet_WA_824,2019-11-02,0.105,0.1387949287891388
Touchet_WA_824,2019-11-03,0.123,0.1457986831665039
Touchet_WA_824,2019-11-04,0.159,0.1623271405696869
Touchet_WA_824,2019-11-05,0.197,0.17450571060180664
Touchet_WA_824,2019-11-06,0.223,0.20534124970436096
Touchet_WA_824,2019-11-07,0.209,0.21213006973266602
Touchet_WA_824,2019-11-08,0.195,0.2076157182455063
Touchet_WA_824,2019-11-09,0.204,0.2095503807067871
Touchet_WA_824,2019-11-10,0.252,0.2284461408853531
Touchet_WA_824,2019-11-11,0.317,0.28112220764160156
Touchet_WA_824,2019-11-12,0.272,0.2735569179058075
Touchet_WA_824,2019-11-13,0.304,0.2950863838195801
Touchet_WA_824,2019-11-14,0.282,0.29152563214302063
Touchet_WA_824,2019-11-15,0.267,0.2933982312679291
Touchet_WA_824,2019-11-16,0.332,0.3099498748779297
Touchet_WA_824,2019-11-17,0.301,0.3046959936618805
Touchet_WA_824,2019-11-18,0.328,0.3011864423751831
Touchet_WA_824,2019-11-19,0.3,0.3003814220428467
Touchet_WA_824,2019-11-20,0.319,0.2815256416797638
Touchet_WA_824,2019-11-21,0.295,0.2751982808113098
Touchet_WA_824,2019-11-22,0.271,0.26536133885383606
Touchet_WA_824,2019-11-23,0.247,0.2572610676288605
Touchet_WA_824,2019-11-24,0.235,0.25765931606292725
Touchet_WA_824,2019-11-25,0.232,0.24743478000164032
Touchet_WA_824,2019-11-26,0.216,0.20797693729400635
Touchet_WA_824,2019-11-27,0.214,0.21809841692447662
Touchet_WA_824,2019-11-28,0.211,0.20470893383026123
Touchet_WA_824,2019-11-29,0.208,0.19926603138446808
Touchet_WA_824,2019-11-30,0.198,0.1986883133649826
Touchet_WA_824,2019-12-01,0.189,0.1910279393196106
Touchet_WA_824,2019-12-02,0.185,0.1924799233675003
Touchet_WA_824,2019-12-03,0.186,0.19373948872089386
Touchet_WA_824,2019-12-04,0.185,0.19065971672534943
Touchet_WA_824,2019-12-05,0.186,0.18623673915863037
Touchet_WA_824,2019-12-06,0.186,0.17307555675506592
Touchet_WA_824,2019-12-07,0.187,0.18560095131397247
Touchet_WA_824,2019-12-08,0.187,0.19007888436317444
Touchet_WA_824,2019-12-09,0.188,0.17650866508483887
Touchet_WA_824,2019-12-10,0.189,0.17207902669906616
Touchet_WA_824,2019-12-11,0.187,0.19621141254901886
Touchet_WA_824,2019-12-12,0.187,0.18919140100479126
Touchet_WA_824,2019-12-13,0.188,0.18923752009868622
Touchet_WA_824,2019-12-14,0.188,0.18863050639629364
Touchet_WA_824,2019-12-15,0.189,0.1843625158071518
Touchet_WA_824,2019-12-16,0.19,0.18552927672863007
Touchet_WA_824,2019-12-17,0.19,0.182676300406456
Touchet_WA_824,2019-12-18,0.188,0.18943633139133453
Touchet_WA_824,2019-12-19,0.188,0.18952292203903198
Touchet_WA_824,2019-12-20,0.187,0.18549327552318573
Touchet_WA_824,2019-12-21,0.187,0.18383805453777313
Touchet_WA_824,2019-12-22,0.188,0.18331938982009888
Touchet_WA_824,2019-12-23,0.187,0.1881694793701172
Touchet_WA_824,2019-12-24,0.189,0.18607917428016663
Touchet_WA_824,2019-12-25,0.189,0.1841990202665329
Touchet_WA_824,2019-12-26,0.189,0.17536231875419617
Touchet_WA_824,2019-12-27,0.188,0.17762726545333862
Touchet_WA_824,2019-12-28,0.186,0.1809253841638565
Touchet_WA_824,2019-12-29,0.185,0.17917104065418243
Touchet_WA_824,2019-12-30,0.185,0.1826910674571991
Touchet_WA_824,2019-12-31,0.186,0.1847521811723709
Touchet_WA_824,2020-01-01,0.186,0.1916610151529312
Touchet_WA_824,2020-01-02,0.189,0.21373990178108215
Touchet_WA_824,2020-01-03,0.191,0.19164246320724487
Touchet_WA_824,2020-01-04,0.19,0.18788616359233856
Touchet_WA_824,2020-01-05,0.191,0.19683147966861725
Touchet_WA_824,2020-01-06,0.191,0.18974195420742035
Touchet_WA_824,2020-01-07,0.191,0.19118264317512512
Touchet_WA_824,2020-01-08,0.192,0.184828981757164
Touchet_WA_824,2020-01-09,0.192,0.1729775220155716
Touchet_WA_824,2020-01-10,0.192,0.17571419477462769
Touchet_WA_824,2020-01-11,0.193,0.1863330900669098
Touchet_WA_824,2020-01-12,0.193,0.1811661273241043
Touchet_WA_824,2020-01-13,0.193,0.19308651983737946
Touchet_WA_824,2020-01-14,0.193,0.19361963868141174
Touchet_WA_824,2020-01-15,0.193,0.1944560408592224
Touchet_WA_824,2020-01-16,0.192,0.19141796231269836
Touchet_WA_824,2020-01-17,0.193,0.19646525382995605
Touchet_WA_824,2020-01-18,0.193,0.1978786140680313
Touchet_WA_824,2020-01-19,0.194,0.20024262368679047
Touchet_WA_824,2020-01-20,0.194,0.19826875627040863
Touchet_WA_824,2020-01-21,0.194,0.19950883090496063
Touchet_WA_824,2020-01-22,0.194,0.2030685395002365
Touchet_WA_824,2020-01-23,0.193,0.20019131898880005
Touchet_WA_824,2020-01-24,0.195,0.20010994374752045
Touchet_WA_824,2020-01-25,0.195,0.2016265094280243
Touchet_WA_824,2020-01-26,0.196,0.20081746578216553
Touchet_WA_824,2020-01-27,0.195,0.20126768946647644
Touchet_WA_824,2020-01-28,0.195,0.2046259492635727
Touchet_WA_824,2020-01-29,0.196,0.21028225123882294
Touchet_WA_824,2020-01-30,0.196,0.20686456561088562
Touchet_WA_824,2020-01-31,0.197,0.2047681361436844
Touchet_WA_824,2020-02-01,0.198,0.2051372230052948
Touchet_WA_824,2020-02-02,0.197,0.20172937214374542
Touchet_WA_824,2020-02-03,0.199,0.20004573464393616
Touchet_WA_824,2020-02-04,0.199,0.1973944455385208
Touchet_WA_824,2020-02-05,0.199,0.1995983123779297
Touchet_WA_824,2020-02-06,0.2,0.20801281929016113
Touchet_WA_824,2020-02-07,0.201,0.21413086354732513
Touchet_WA_824,2020-02-08,0.213,0.22076734900474548
Touchet_WA_824,2020-02-09,0.214,0.21208027005195618
Touchet_WA_824,2020-02-10,0.216,0.21382981538772583
Touchet_WA_824,2020-02-11,0.215,0.2142678201198578
Touchet_WA_824,2020-02-12,0.214,0.21564529836177826
Touchet_WA_824,2020-02-13,0.215,0.21971985697746277
Touchet_WA_824,2020-02-14,0.216,0.21876530349254608
Touchet_WA_824,2020-02-15,0.215,0.21741853654384613
Touchet_WA_824,2020-02-16,0.214,0.2176668643951416
Touchet_WA_824,2020-02-17,0.215,0.21825121343135834
Touchet_WA_824,2020-02-18,0.215,0.22156061232089996
Touchet_WA_824,2020-02-19,0.215,0.21798276901245117
Touchet_WA_824,2020-02-20,0.214,0.21173065900802612
Touchet_WA_824,2020-02-21,0.215,0.20691046118736267
Touchet_WA_824,2020-02-22,0.215,0.2114221751689911
Touchet_WA_824,2020-02-23,0.214,0.21423643827438354
Touchet_WA_824,2020-02-24,0.214,0.2111368477344513
Touchet_WA_824,2020-02-25,0.214,0.21173717081546783
Touchet_WA_824,2020-02-26,0.215,0.2136620283126831
Touchet_WA_824,2020-02-27,0.214,0.21050071716308594
Touchet_WA_824,2020-02-28,0.215,0.21185187995433807
Touchet_WA_824,2020-02-29,0.216,0.21307916939258575
Touchet_WA_824,2020-03-01,0.215,0.21980492770671844
Touchet_WA_824,2020-03-02,0.216,0.21498437225818634
Touchet_WA_824,2020-03-03,0.216,0.2067079395055771
Touchet_WA_824,2020-03-04,0.216,0.204250305891037
Touchet_WA_824,2020-03-05,0.215,0.20899014174938202
Touchet_WA_824,2020-03-06,0.215,0.21218685805797577
Touchet_WA_824,2020-03-07,0.215,0.22232979536056519
Touchet_WA_824,2020-03-08,0.216,0.21906651556491852
Touchet_WA_824,2020-03-09,0.215,0.21860617399215698
Touchet_WA_824,2020-03-10,0.217,0.20556189119815826
Touchet_WA_824,2020-03-11,0.217,0.20241476595401764
Touchet_WA_824,2020-03-12,0.216,0.21618536114692688
Touchet_WA_824,2020-03-13,0.218,0.2126990705728531
Touchet_WA_824,2020-03-14,0.218,0.2148246169090271
Touchet_WA_824,2020-03-15,0.217,0.20785316824913025
Touchet_WA_824,2020-03-16,0.216,0.21617846190929413
Touchet_WA_824,2020-03-17,0.218,0.2169584333896637
Touchet_WA_824,2020-03-18,0.217,0.22288338840007782
Touchet_WA_824,2020-03-19,0.217,0.22033283114433289
Touchet_WA_824,2020-03-20,0.217,0.21635109186172485
Touchet_WA_824,2020-03-21,0.219,0.2191007137298584
Touchet_WA_824,2020-03-22,0.221,0.21870863437652588
Touchet_WA_824,2020-03-23,0.224,0.2203979343175888
Touchet_WA_824,2020-03-24,0.225,0.22578950226306915
Touchet_WA_824,2020-03-25,0.227,0.22404412925243378
Touchet_WA_824,2020-03-26,0.226,0.22788402438163757
Touchet_WA_824,2020-03-27,0.226,0.223704531788826
Touchet_WA_824,2020-03-28,0.225,0.22502946853637695
Touchet_WA_824,2020-03-29,0.225,0.22821937501430511
Touchet_WA_824,2020-03-30,0.224,0.2298632562160492
Touchet_WA_824,2020-03-31,0.223,0.2311650812625885
Touchet_WA_824,2020-04-01,0.225,0.22759152948856354
Touchet_WA_824,2020-04-02,0.223,0.22557379305362701
Touchet_WA_824,2020-04-03,0.224,0.22329655289649963
Touchet_WA_824,2020-04-04,0.224,0.22548697888851166
Touchet_WA_824,2020-04-05,0.223,0.22537298500537872
Touchet_WA_824,2020-04-06,0.223,0.21995222568511963
Touchet_WA_824,2020-04-07,0.224,0.2080720067024231
Touchet_WA_824,2020-04-08,0.224,0.20743632316589355
Touchet_WA_824,2020-04-09,0.222,0.215217724442482
Touchet_WA_824,2020-04-10,0.224,0.21843552589416504
Touchet_WA_824,2020-04-11,0.223,0.21945101022720337
Touchet_WA_824,2020-04-12,0.228,0.21997849643230438
Touchet_WA_824,2020-04-13,0.234,0.22884435951709747
Touchet_WA_824,2020-04-14,0.235,0.23012728989124298
Touchet_WA_824,2020-04-15,0.234,0.2317921668291092
Touchet_WA_824,2020-04-16,0.237,0.2481141835451126
Touchet_WA_824,2020-04-17,0.238,0.24674861133098602
Touchet_WA_824,2020-04-18,0.241,0.248570516705513
Touchet_WA_824,2020-04-19,0.252,0.24808573722839355
Touchet_WA_824,2020-04-20,0.262,0.25430700182914734
Touchet_WA_824,2020-04-21,0.27,0.26896658539772034
Touchet_WA_824,2020-04-22,0.277,0.2789555788040161
Touchet_WA_824,2020-04-23,0.281,0.28624212741851807
Touchet_WA_824,2020-04-24,0.302,0.3001340627670288
Touchet_WA_824,2020-04-25,0.292,0.3012472093105316
Touchet_WA_824,2020-04-26,0.292,0.3027094304561615
Touchet_WA_824,2020-04-27,0.298,0.2972409427165985
Touchet_WA_824,2020-04-28,0.303,0.3032349944114685
Touchet_WA_824,2020-04-29,0.307,0.3023471236228943
Touchet_WA_824,2020-04-30,0.316,0.3056279718875885
Touchet_WA_824,2020-05-01,0.323,0.30969908833503723
Touchet_WA_824,2020-05-02,0.327,0.3127593994140625
Touchet_WA_824,2020-05-03,0.333,0.3168029487133026
Touchet_WA_824,2020-05-04,0.313,0.3199723958969116
Touchet_WA_824,2020-05-05,0.331,0.319437175989151
Touchet_WA_824,2020-05-06,0.339,0.32837873697280884
Touchet_WA_824,2020-05-07,0.321,0.3281027674674988
Touchet_WA_824,2020-05-08,0.332,0.32967397570610046
Touchet_WA_824,2020-05-09,0.343,0.3319849669933319
Touchet_WA_824,2020-05-10,0.346,0.32977548241615295
Touchet_WA_824,2020-05-11,0.347,0.3322637975215912
Touchet_WA_824,2020-05-12,0.346,0.33596891164779663
Touchet_WA_824,2020-05-13,0.344,0.33401283621788025
Touchet_WA_824,2020-05-14,0.346,0.33733659982681274
Touchet_WA_824,2020-05-15,0.332,0.33473530411720276
Touchet_WA_824,2020-05-16,0.343,0.3358299136161804
Touchet_WA_824,2020-05-17,0.345,0.3359758257865906
Touchet_WA_824,2020-05-18,0.335,0.3328530788421631
Touchet_WA_824,2020-05-19,0.313,0.3330909311771393
Touchet_WA_824,2020-05-20,0.31,0.3341373801231384
Touchet_WA_824,2020-05-21,0.354,0.3379974961280823
Touchet_WA_824,2020-05-22,0.323,0.3154301643371582
Touchet_WA_824,2020-05-23,0.31,0.3065258264541626
Touchet_WA_824,2020-05-24,0.291,0.292337566614151
Touchet_WA_824,2020-05-25,0.274,0.2856855094432831
Touchet_WA_824,2020-05-26,0.291,0.2723008096218109
Touchet_WA_824,2020-05-27,0.27,0.2701176404953003
Touchet_WA_824,2020-05-28,0.252,0.24802157282829285
Touchet_WA_824,2020-05-29,0.244,0.24314679205417633
Touchet_WA_824,2020-05-30,0.236,0.2520148754119873
Touchet_WA_824,2020-05-31,0.229,0.24961230158805847
Touchet_WA_824,2020-06-01,0.246,0.24749600887298584
Touchet_WA_824,2020-06-02,0.235,0.23133572936058044
Touchet_WA_824,2020-06-03,0.222,0.2222355455160141
Touchet_WA_824,2020-06-04,0.215,0.2164469063282013
Touchet_WA_824,2020-06-05,0.208,0.22144778072834015
Touchet_WA_824,2020-06-06,0.214,0.2339596301317215
Touchet_WA_824,2020-06-07,0.229,0.23550932109355927
Touchet_WA_824,2020-06-08,0.222,0.2333534061908722
Touchet_WA_824,2020-06-09,0.26,0.2505701184272766
Touchet_WA_824,2020-06-10,0.289,0.25720247626304626
Touchet_WA_824,2020-06-11,0.256,0.24818339943885803
Touchet_WA_824,2020-06-12,0.24,0.24629046022891998
Touchet_WA_824,2020-06-13,0.228,0.2723645567893982
Touchet_WA_824,2020-06-14,0.322,0.2986350953578949
Touchet_WA_824,2020-06-15,0.301,0.2945607602596283
Touchet_WA_824,2020-06-16,0.313,0.296966016292572
Touchet_WA_824,2020-06-17,0.289,0.2766822576522827
Touchet_WA_824,2020-06-18,0.264,0.26597025990486145
Touchet_WA_824,2020-06-19,0.247,0.2520394027233124
Touchet_WA_824,2020-06-20,0.236,0.24506056308746338
Touchet_WA_824,2020-06-21,0.233,0.22805529832839966
Touchet_WA_824,2020-06-22,0.221,0.2214449644088745
Touchet_WA_824,2020-06-23,0.205,0.20621013641357422
Touchet_WA_824,2020-06-24,0.193,0.1784159243106842
Touchet_WA_824,2020-06-25,0.184,0.17681002616882324
Touchet_WA_824,2020-06-26,0.169,0.16586031019687653
Touchet_WA_824,2020-06-27,0.157,0.16591443121433258
Touchet_WA_824,2020-06-28,0.146,0.15058790147304535
Touchet_WA_824,2020-06-29,0.147,0.1455755978822708
Touchet_WA_824,2020-06-30,0.17,0.166164830327034
Touchet_WA_824,2020-07-01,0.165,0.16812369227409363
Touchet_WA_824,2020-07-02,0.159,0.1583324372768402
Touchet_WA_824,2020-07-03,0.149,0.15561099350452423
Touchet_WA_824,2020-07-04,0.14,0.146718829870224
Touchet_WA_824,2020-07-05,0.125,0.13218079507350922
Touchet_WA_824,2020-07-06,0.113,0.1191510334610939
Touchet_WA_824,2020-07-07,0.099,0.12301982939243317
Touchet_WA_824,2020-07-08,0.133,0.12901385128498077
Touchet_WA_824,2020-07-09,0.115,0.12107447534799576
Touchet_WA_824,2020-07-10,0.1,0.1187082827091217
Touchet_WA_824,2020-07-11,0.103,0.11447372287511826
Touchet_WA_824,2020-07-12,0.092,0.10949163883924484
Touchet_WA_824,2020-07-13,0.076,0.09678639471530914
Touchet_WA_824,2020-07-14,0.067,0.09334524720907211
Touchet_WA_824,2020-07-15,0.054,0.08456974476575851
Touchet_WA_824,2020-07-16,0.044,0.060287415981292725
Touchet_WA_824,2020-07-17,0.036,0.04143742471933365
Touchet_WA_824,2020-07-18,0.028,0.03624454140663147
Touchet_WA_824,2020-07-19,0.024,0.03401779383420944
Touchet_WA_824,2020-07-20,0.021,0.032340917736291885
Touchet_WA_824,2020-07-21,0.017,0.022908125072717667
Touchet_WA_824,2020-07-22,0.016,0.016886994242668152
Touchet_WA_824,2020-07-23,0.013,0.01297764852643013
Touchet_WA_824,2020-07-24,0.011,0.011773080565035343
Touchet_WA_824,2020-07-25,0.007,0.00909376610070467
Touchet_WA_824,2020-07-26,0.01,0.007683883421123028
Touchet_WA_824,2020-07-27,0.009,0.007806791458278894
Touchet_WA_824,2020-07-28,0.011,0.006250562611967325
Touchet_WA_824,2020-07-29,0.004,0.006203018594533205
Touchet_WA_824,2020-07-30,0.007,0.00619460316374898
Touchet_WA_824,2020-07-31,0.006,0.0060783009976148605
Touchet_WA_824,2020-08-01,0.003,0.004386399406939745
Touchet_WA_824,2020-08-02,0.004,0.0037415616679936647
Touchet_WA_824,2020-08-03,0.004,0.004366911947727203
Touchet_WA_824,2020-08-04,0.003,0.0039330460131168365
Touchet_WA_824,2020-08-05,0.001,0.0054066721349954605
Touchet_WA_824,2020-08-06,0.0,0.005671171471476555
Touchet_WA_824,2020-08-07,0.0,0.0069855679757893085
Touchet_WA_824,2020-08-08,0.0,0.005581188015639782
Touchet_WA_824,2020-08-09,0.0,0.0045991926454007626
Touchet_WA_824,2020-08-10,0.0,0.004355310462415218
Touchet_WA_824,2020-08-11,0.0,0.002177947899326682
Touchet_WA_824,2020-08-12,0.0,0.002231316175311804
Touchet_WA_824,2020-08-13,0.0,0.0026720790192484856
Touchet_WA_824,2020-08-14,0.0,0.002292030490934849
Touchet_WA_824,2020-08-15,0.0,0.0023465710692107677
Touchet_WA_824,2020-08-16,0.0,0.0015716893831267953
Touchet_WA_824,2020-08-17,0.0,0.0013672170462086797
Touchet_WA_824,2020-08-18,0.0,0.0013464309740811586
Touchet_WA_824,2020-08-19,0.0,0.001933419262059033
Touchet_WA_824,2020-08-20,0.0,0.0019934626761823893
Touchet_WA_824,2020-08-21,0.0,0.00111095467582345
Touchet_WA_824,2020-08-22,0.0,0.0010619277600198984
Touchet_WA_824,2020-08-23,0.0,0.001930608064867556
Touchet_WA_824,2020-08-24,0.0,0.0013508811825886369
Touchet_WA_824,2020-08-25,0.0,0.001303735189139843
Touchet_WA_824,2020-08-26,0.0,0.001561167766340077
Touchet_WA_824,2020-08-27,0.0,0.0016724338056519628
Touchet_WA_824,2020-08-28,0.0,0.0020908440928906202
Touchet_WA_824,2020-08-29,0.0,0.0020641745068132877
Touchet_WA_824,2020-08-30,0.0,0.0023309257812798023
Touchet_WA_824,2020-08-31,0.0,0.0031199001241475344
Touchet_WA_824,2020-09-01,0.0,0.003011466469615698
Touchet_WA_824,2020-09-02,0.0,0.0009655093308538198
Touchet_WA_824,2020-09-03,0.0,0.0017488988814875484
Touchet_WA_824,2020-09-04,0.0,0.0017391567816957831
Touchet_WA_824,2020-09-05,0.0,0.00015139630704652518
Touchet_WA_824,2020-09-06,0.0,0.0008085452136583626
Touchet_WA_824,2020-09-07,0.0,0.00035317501169629395
Touchet_WA_824,2020-09-08,0.0,0.0005417337524704635
Touchet_WA_824,2020-09-09,0.0,0.0007336566923186183
Touchet_WA_824,2020-09-10,0.0,0.0008194472175091505
Touchet_WA_824,2020-09-11,0.0,0.001230401685461402
Touchet_WA_824,2020-09-12,0.0,0.002839644206687808
Touchet_WA_824,2020-09-13,0.0,0.0031148013658821583
Touchet_WA_824,2020-09-14,0.0,0.0031012066174298525
Touchet_WA_824,2020-09-15,0.0,0.0035013528540730476
Touchet_WA_824,2020-09-16,0.0,0.0009476013947278261
Touchet_WA_824,2020-09-17,0.0,0.004883059300482273
Touchet_WA_824,2020-09-18,0.0,0.0046771857887506485
Touchet_WA_824,2020-09-19,0.0,0.0036078225821256638
Touchet_WA_824,2020-09-20,0.07,0.03636309877038002
Touchet_WA_824,2020-09-21,0.062,0.03971950337290764
Touchet_WA_824,2020-09-22,0.047,0.04193595424294472
Touchet_WA_824,2020-09-23,0.032,0.04265222325921059
Touchet_WA_824,2020-09-24,0.02,0.04984387010335922
Touchet_WA_824,2020-09-25,0.131,0.10642212629318237
Touchet_WA_824,2020-09-26,0.113,0.12681058049201965
Touchet_WA_824,2020-09-27,0.191,0.17871598899364471
Touchet_WA_824,2020-09-28,0.165,0.15274778008460999
Touchet_WA_824,2020-09-29,0.149,0.14059683680534363
Touchet_WA_824,2020-09-30,0.138,0.13850149512290955
Touchet_WA_824,2020-10-01,0.126,0.12967956066131592
Touchet_WA_824,2020-10-02,0.12,0.11644726991653442
Touchet_WA_824,2020-10-03,0.11,0.11440148204565048
Touchet_WA_824,2020-10-04,0.103,0.11149083077907562
Touchet_WA_824,2020-10-05,0.097,0.09087693691253662
Touchet_WA_824,2020-10-06,0.09,0.08417944610118866
Touchet_WA_824,2020-10-07,0.083,0.08166109770536423
Touchet_WA_824,2020-10-08,0.079,0.07660795003175735
Touchet_WA_824,2020-10-09,0.072,0.0753197893500328
Touchet_WA_824,2020-10-10,0.07,0.11045978218317032
Touchet_WA_824,2020-10-11,0.307,0.24264055490493774
Touchet_WA_824,2020-10-12,0.312,0.27624842524528503
Touchet_WA_824,2020-10-13,0.259,0.2767409384250641
Touchet_WA_824,2020-10-14,0.314,0.2884567975997925
Touchet_WA_824,2020-10-15,0.247,0.2602371871471405
Touchet_WA_824,2020-10-16,0.223,0.22537754476070404
Touchet_WA_824,2020-10-17,0.204,0.20878800749778748
Touchet_WA_824,2020-10-18,0.194,0.1975572109222412
Touchet_WA_824,2020-10-19,0.216,0.20274823904037476
Touchet_WA_824,2020-10-20,0.197,0.1878194361925125
Touchet_WA_824,2020-10-21,0.186,0.18073798716068268
Touchet_WA_824,2020-10-22,0.18,0.18120762705802917
Touchet_WA_824,2020-10-23,0.185,0.1864316314458847
Touchet_WA_824,2020-10-24,0.155,0.18850825726985931
Touchet_WA_824,2020-10-25,0.277,0.25054797530174255
Touchet_WA_824,2020-10-26,0.239,0.2425144761800766
Touchet_WA_824,2020-10-27,0.212,0.2250463217496872
Touchet_WA_824,2020-10-28,0.231,0.2256716638803482
