station_id,date,y_true,y_pred
Darrington,2017-01-11,0.329,0.2813483774662018
Darrington,2017-01-12,0.327,0.28339141607284546
Darrington,2017-01-13,0.365,0.2843274474143982
Darrington,2017-01-14,0.39,0.28831952810287476
Darrington,2017-01-15,0.388,0.2899789810180664
Darrington,2017-01-21,0.436,0.27698931097984314
Darrington,2017-01-22,0.437,0.2659590542316437
Darrington,2017-01-23,0.424,0.27472931146621704
Darrington,2017-01-25,0.406,0.28441429138183594
Darrington,2017-01-26,0.42,0.2817085385322571
Darrington,2017-01-27,0.417,0.288553386926651
Darrington,2017-01-28,0.409,0.29591765999794006
Darrington,2017-01-29,0.42,0.297664076089859
Darrington,2017-01-30,0.439,0.28861698508262634
Darrington,2017-01-31,0.43,0.29245272278785706
Darrington,2017-03-01,0.376,0.2978953421115875
Darrington,2017-03-02,0.364,0.3021356761455536
Darrington,2017-03-03,0.389,0.2987738847732544
Darrington,2017-03-04,0.358,0.31596648693084717
Darrington,2017-03-05,0.351,0.30435025691986084
Darrington,2017-03-06,0.358,0.30128782987594604
Darrington,2017-03-07,0.352,0.30733969807624817
Darrington,2017-03-08,0.366,0.31515127420425415
Darrington,2017-03-09,0.377,0.33064624667167664
Darrington,2017-03-10,0.383,0.33134546875953674
Darrington,2017-03-11,0.378,0.3315090835094452
Darrington,2017-03-12,0.391,0.32755738496780396
Darrington,2017-03-13,0.407,0.3266355097293854
Darrington,2017-03-14,0.385,0.3165090084075928
Darrington,2017-03-15,0.382,0.3165090084075928
Darrington,2017-03-16,0.36,0.3158930242061615
Darrington,2017-03-17,0.356,0.31214383244514465
Darrington,2017-03-18,0.384,0.307302325963974
Darrington,2017-03-19,0.345,0.311070054769516
Darrington,2017-03-20,0.331,0.30194488167762756
Darrington,2017-03-21,0.34,0.29455575346946716
Darrington,2017-03-22,0.365,0.2992383539676666
Darrington,2017-03-23,0.352,0.2964183986186981
Darrington,2017-03-24,0.382,0.2929612994194031
Darrington,2017-03-25,0.372,0.28679490089416504
Darrington,2017-03-26,0.36,0.3020051419734955
Darrington,2017-03-27,0.367,0.3041902482509613
Darrington,2017-03-28,0.39,0.3042185604572296
Darrington,2017-03-29,0.397,0.30227306485176086
Darrington,2017-03-30,0.369,0.29640185832977295
Darrington,2017-03-31,0.347,0.2961226999759674
Darrington,2017-04-01,0.362,0.2937435805797577
Darrington,2017-04-02,0.363,0.28627339005470276
Darrington,2017-04-03,0.352,0.28934282064437866
Darrington,2017-04-04,0.336,0.2905963659286499
Darrington,2017-04-05,0.379,0.292768269777298
Darrington,2017-04-06,0.363,0.28782567381858826
Darrington,2017-04-07,0.377,0.292992502450943
Darrington,2017-04-08,0.366,0.29173895716667175
Darrington,2017-04-09,0.35,0.2903299629688263
Darrington,2017-04-10,0.362,0.2897583246231079
Darrington,2017-04-11,0.35,0.29241251945495605
Darrington,2017-04-12,0.342,0.2915683388710022
Darrington,2017-04-13,0.364,0.29068276286125183
Darrington,2017-04-14,0.359,0.29241251945495605
Darrington,2017-04-15,0.35,0.2926202714443207
Darrington,2017-04-16,0.329,0.28768953680992126
Darrington,2017-04-17,0.332,0.29098960757255554
Darrington,2017-04-18,0.358,0.29337388277053833
Darrington,2017-04-19,0.341,0.2884266674518585
Darrington,2017-04-20,0.367,0.2869596779346466
Darrington,2017-04-21,0.341,0.2869596779346466
Darrington,2017-04-22,0.33,0.2879182994365692
Darrington,2017-04-23,0.341,0.29013606905937195
Darrington,2017-04-24,0.347,0.2887876629829407
Darrington,2017-04-25,0.329,0.2864586114883423
Darrington,2017-04-26,0.371,0.2864586114883423
Darrington,2017-04-27,0.36,0.2915765941143036
Darrington,2017-04-28,0.34,0.28802114725112915
Darrington,2017-04-29,0.348,0.28802114725112915
Darrington,2017-04-30,0.359,0.28966203331947327
Darrington,2017-05-01,0.339,0.2880253493785858
Darrington,2017-05-02,0.323,0.28821176290512085
Darrington,2017-05-03,0.357,0.2846350371837616
Darrington,2017-05-04,0.348,0.2813696265220642
Darrington,2017-05-05,0.374,0.28120529651641846
Darrington,2017-05-06,0.366,0.2843390107154846
Darrington,2017-05-07,0.338,0.28633347153663635
Darrington,2017-05-08,0.324,0.2797335684299469
Darrington,2017-05-09,0.307,0.2775479555130005
Darrington,2017-05-10,0.284,0.2724458873271942
Darrington,2017-05-11,0.293,0.2717708647251129
Darrington,2017-05-12,0.322,0.2761727273464203
Darrington,2017-05-13,0.308,0.276751309633255
Darrington,2017-05-14,0.295,0.2696984112262726
Darrington,2017-05-15,0.31,0.27164751291275024
Darrington,2017-05-16,0.373,0.2770439684391022
Darrington,2017-05-17,0.346,0.278727263212204
Darrington,2017-05-18,0.32,0.27971017360687256
Darrington,2017-05-19,0.294,0.2814285159111023
Darrington,2017-05-20,0.281,0.26792120933532715
Darrington,2017-05-21,0.261,0.26635658740997314
Darrington,2017-05-22,0.236,0.25322452187538147
Darrington,2017-05-23,0.212,0.24439562857151031
Darrington,2017-05-24,0.205,0.24846677482128143
Darrington,2017-05-25,0.202,0.21328853070735931
Darrington,2017-05-26,0.189,0.2047935426235199
Darrington,2017-05-27,0.174,0.1981697976589203
Darrington,2017-05-28,0.155,0.1806516796350479
Darrington,2017-05-29,0.136,0.1959979236125946
Darrington,2017-05-30,0.125,0.1795720010995865
Darrington,2017-05-31,0.128,0.17505471408367157
Darrington,2017-06-01,0.13,0.1747313290834427
Darrington,2017-06-02,0.133,0.17297159135341644
Darrington,2017-06-03,0.13,0.17404478788375854
Darrington,2017-06-04,0.124,0.16497592628002167
Darrington,2017-06-05,0.117,0.16278287768363953
Darrington,2017-06-06,0.109,0.15719769895076752
Darrington,2017-06-07,0.102,0.20425380766391754
Darrington,2017-06-08,0.116,0.20454637706279755
Darrington,2017-06-09,0.142,0.20859217643737793
Darrington,2017-06-10,0.138,0.20390339195728302
Darrington,2017-06-11,0.135,0.20317970216274261
Darrington,2017-06-12,0.13,0.20530830323696136
Darrington,2017-06-13,0.127,0.20983825623989105
Darrington,2017-06-14,0.132,0.2117912769317627
Darrington,2017-06-15,0.15,0.21874931454658508
Darrington,2017-06-16,0.187,0.21377940475940704
Darrington,2017-06-17,0.179,0.21678727865219116
Darrington,2017-06-18,0.177,0.2167365849018097
Darrington,2017-06-19,0.178,0.21533848345279694
Darrington,2017-06-20,0.174,0.20926406979560852
Darrington,2017-06-21,0.165,0.18033845722675323
Darrington,2017-06-22,0.153,0.1400667279958725
Darrington,2017-06-23,0.138,0.1319713294506073
Darrington,2017-06-24,0.123,0.12437126040458679
Darrington,2017-06-25,0.11,0.11301897466182709
Darrington,2017-06-26,0.102,0.10417629778385162
Darrington,2017-06-27,0.096,0.10868379473686218
Darrington,2017-06-28,0.091,0.11063841730356216
Darrington,2017-06-29,0.088,0.10823965817689896
Darrington,2017-06-30,0.083,0.10226283222436905
Darrington,2017-07-01,0.079,0.08801785856485367
Darrington,2017-07-02,0.076,0.08402293175458908
Darrington,2017-07-03,0.074,0.0822894498705864
Darrington,2017-07-04,0.071,0.06309965252876282
Darrington,2017-07-05,0.069,0.060319870710372925
Darrington,2017-07-06,0.067,0.05866561830043793
Darrington,2017-07-07,0.064,0.05782607942819595
Darrington,2017-07-08,0.063,0.05840587615966797
Darrington,2017-07-09,0.06,0.05566316843032837
Darrington,2017-07-10,0.059,0.05566316843032837
Darrington,2017-07-11,0.058,0.05752655863761902
Darrington,2017-07-12,0.056,0.05253732576966286
Darrington,2017-07-13,0.055,0.055377669632434845
Darrington,2017-07-14,0.054,0.05437471345067024
Darrington,2017-07-15,0.052,0.05398480221629143
Darrington,2017-07-16,0.05,0.04905140772461891
Darrington,2017-07-17,0.049,0.048518408089876175
Darrington,2017-07-18,0.048,0.05108579620718956
Darrington,2017-07-19,0.046,0.04999393969774246
Darrington,2017-07-20,0.045,0.051501888781785965
Darrington,2017-07-21,0.044,0.05151277780532837
Darrington,2017-07-22,0.045,0.0624474473297596
Darrington,2017-07-23,0.044,0.0666123703122139
Darrington,2017-07-24,0.043,0.07054655998945236
Darrington,2017-07-25,0.042,0.0634416788816452
Darrington,2017-07-26,0.04,0.05473325401544571
Darrington,2017-07-27,0.038,0.05221699923276901
Darrington,2017-07-28,0.037,0.04976579546928406
Darrington,2017-07-29,0.036,0.04713065177202225
Darrington,2017-07-30,0.035,0.04915354400873184
Darrington,2017-07-31,0.034,0.0479377843439579
Darrington,2017-08-01,0.034,0.05271603539586067
Darrington,2017-08-02,0.033,0.052526529878377914
Darrington,2017-08-03,0.032,0.04828733950853348
Darrington,2017-08-04,0.031,0.03164999186992645
Darrington,2017-08-05,0.032,0.027579769492149353
Darrington,2017-08-06,0.031,0.02588847652077675
Darrington,2017-08-07,0.031,0.02386625111103058
Darrington,2017-08-08,0.03,0.03560768440365791
Darrington,2017-08-09,0.03,0.03755342587828636
Darrington,2017-08-10,0.03,0.03965664282441139
Darrington,2017-08-11,0.029,0.053167615085840225
Darrington,2017-08-12,0.027,0.053167615085840225
Darrington,2017-08-13,0.029,0.04784155637025833
Darrington,2017-08-14,0.029,0.049094848334789276
Darrington,2017-08-15,0.03,0.04316818341612816
Darrington,2017-08-16,0.03,0.04513021558523178
Darrington,2017-08-17,0.03,0.0522611103951931
Darrington,2017-08-18,0.029,0.05214228853583336
Darrington,2017-08-19,0.028,0.05025441572070122
Darrington,2017-08-20,0.027,0.04762846231460571
Darrington,2017-08-21,0.025,0.04765677452087402
Darrington,2017-08-22,0.026,0.048522233963012695
Darrington,2017-08-23,0.026,0.048423826694488525
Darrington,2017-08-24,0.025,0.047847870737314224
Darrington,2017-08-25,0.024,0.04745444655418396
Darrington,2017-08-26,0.024,0.052330464124679565
Darrington,2017-08-27,0.024,0.050782572478055954
Darrington,2017-08-28,0.023,0.05256304889917374
Darrington,2017-08-29,0.023,0.04793423041701317
Darrington,2017-08-30,0.023,0.046145956963300705
Darrington,2017-08-31,0.024,0.04495874047279358
Darrington,2017-09-01,0.024,0.04634358733892441
Darrington,2017-09-02,0.024,0.04307401180267334
Darrington,2017-09-03,0.023,0.04307401180267334
Darrington,2017-09-04,0.023,0.043484512716531754
Darrington,2017-09-05,0.023,0.042179174721241
Darrington,2017-09-06,0.022,0.04358771815896034
Darrington,2017-09-07,0.022,0.04400750622153282
Darrington,2017-09-08,0.023,0.04400750622153282
Darrington,2017-09-09,0.023,0.03859927877783775
Darrington,2017-09-10,0.024,0.03999631851911545
Darrington,2017-09-11,0.025,0.04036324471235275
Darrington,2017-09-12,0.026,0.04548589512705803
Darrington,2017-09-13,0.027,0.04682847112417221
Darrington,2017-09-14,0.025,0.044081903994083405
Darrington,2017-09-15,0.024,0.042615778744220734
Darrington,2017-09-16,0.024,0.04395877942442894
Darrington,2017-09-17,0.023,0.04375775158405304
Darrington,2017-09-18,0.028,0.044142648577690125
Darrington,2017-09-19,0.062,0.045682258903980255
Darrington,2017-09-20,0.107,0.06197664141654968
Darrington,2017-09-21,0.124,0.09049287438392639
Darrington,2017-09-22,0.123,0.0997222363948822
Darrington,2017-09-23,0.122,0.09519912302494049
Darrington,2017-09-24,0.12,0.09697216004133224
Darrington,2017-09-25,0.12,0.0881693884730339
Darrington,2017-09-26,0.118,0.09538017213344574
Darrington,2017-09-27,0.117,0.08310533314943314
Darrington,2017-09-28,0.115,0.08211030811071396
Darrington,2017-09-29,0.116,0.08017858117818832
Darrington,2017-09-30,0.149,0.08941338211297989
Darrington,2017-10-01,0.166,0.09250030666589737
Darrington,2017-10-02,0.161,0.10408535599708557
Darrington,2017-10-03,0.153,0.1239681988954544
Darrington,2017-10-04,0.147,0.11831481009721756
Darrington,2017-10-05,0.144,0.11907253414392471
Darrington,2017-10-06,0.151,0.12920816242694855
Darrington,2017-10-07,0.195,0.13526856899261475
Darrington,2017-10-08,0.199,0.16188831627368927
Darrington,2017-10-09,0.19,0.1720210164785385
Darrington,2017-10-10,0.187,0.1826968789100647
Darrington,2017-10-11,0.186,0.18411359190940857
Darrington,2017-10-12,0.2,0.18184801936149597
Darrington,2017-10-13,0.23,0.18179282546043396
Darrington,2017-10-14,0.221,0.18995186686515808
Darrington,2017-10-15,0.212,0.1872621327638626
Darrington,2017-10-16,0.211,0.18655820190906525
Darrington,2017-10-17,0.246,0.1899959146976471
Darrington,2017-10-18,0.264,0.19575192034244537
Darrington,2017-10-19,0.277,0.22034059464931488
Darrington,2017-10-20,0.278,0.23862193524837494
Darrington,2017-10-21,0.284,0.22981314361095428
Darrington,2017-10-22,0.289,0.2424767017364502
Darrington,2017-10-23,0.261,0.23327317833900452
Darrington,2017-10-24,0.244,0.23454636335372925
Darrington,2017-10-25,0.26,0.23035366833209991
Darrington,2017-10-26,0.251,0.2201637625694275
Darrington,2017-10-27,0.24,0.21767978370189667
Darrington,2017-10-28,0.235,0.21610963344573975
Darrington,2017-10-29,0.23,0.21402712166309357
Darrington,2017-10-31,0.223,0.20992432534694672
Darrington,2017-11-01,0.228,0.2074323445558548
Darrington,2017-11-02,0.258,0.2206498235464096
Darrington,2017-11-03,0.258,0.23606173694133759
Darrington,2017-11-04,0.244,0.23668527603149414
Darrington,2017-11-05,0.237,0.23532290756702423
Darrington,2017-11-06,0.231,0.238131582736969
Darrington,2017-11-07,0.228,0.24665048718452454
Darrington,2017-11-08,0.227,0.24633988738059998
Darrington,2017-11-09,0.24,0.24830643832683563
Darrington,2017-11-10,0.265,0.2534053921699524
Darrington,2017-11-11,0.249,0.25347211956977844
Darrington,2017-11-12,0.28,0.2638455927371979
Darrington,2017-11-13,0.297,0.2674698531627655
Darrington,2017-11-14,0.283,0.2654169499874115
Darrington,2017-11-15,0.291,0.2614597678184509
Darrington,2017-11-16,0.281,0.25846871733665466
Darrington,2017-11-17,0.283,0.24837027490139008
Darrington,2017-11-18,0.266,0.24909180402755737
Darrington,2017-11-19,0.274,0.24841123819351196
Darrington,2017-11-20,0.296,0.24903948605060577
Darrington,2017-11-21,0.302,0.24965402483940125
Darrington,2017-11-22,0.314,0.25193753838539124
Darrington,2017-11-23,0.304,0.2559143900871277
Darrington,2017-11-24,0.293,0.2560441792011261
Darrington,2017-11-25,0.28,0.25453242659568787
Darrington,2017-11-26,0.315,0.25453242659568787
Darrington,2017-11-27,0.298,0.25453242659568787
Darrington,2017-11-28,0.302,0.2469983845949173
Darrington,2017-11-29,0.293,0.24395576119422913
Darrington,2017-11-30,0.298,0.24780818819999695
Darrington,2017-12-01,0.297,0.24667036533355713
Darrington,2017-12-02,0.294,0.24819457530975342
Darrington,2017-12-03,0.286,0.24729116261005402
Darrington,2017-12-04,0.266,0.2496122121810913
Darrington,2017-12-05,0.258,0.24522410333156586
Darrington,2017-12-06,0.253,0.24595992267131805
Darrington,2017-12-07,0.251,0.24504739046096802
Darrington,2017-12-08,0.248,0.24051207304000854
Darrington,2017-12-09,0.246,0.23823988437652588
Darrington,2017-12-10,0.244,0.24187292158603668
Darrington,2017-12-11,0.241,0.24846391379833221
Darrington,2017-12-12,0.239,0.23869314789772034
Darrington,2017-12-13,0.239,0.23944884538650513
Darrington,2017-12-14,0.238,0.243621364235878
Darrington,2017-12-15,0.259,0.243621364235878
Darrington,2017-12-16,0.275,0.2599204480648041
Darrington,2017-12-17,0.314,0.2750002145767212
Darrington,2017-12-18,0.305,0.28475072979927063
Darrington,2017-12-19,0.322,0.2890995144844055
Darrington,2017-12-20,0.286,0.2852034568786621
Darrington,2017-12-21,0.261,0.2864881753921509
Darrington,2017-12-22,0.263,0.27689459919929504
Darrington,2017-12-23,0.269,0.27056461572647095
Darrington,2017-12-24,0.286,0.24890728294849396
Darrington,2017-12-25,0.268,0.2708638608455658
Darrington,2017-12-26,0.255,0.26939430832862854
Darrington,2017-12-27,0.257,0.27439165115356445
Darrington,2017-12-28,0.322,0.28201547265052795
Darrington,2017-12-29,0.328,0.287337988615036
Darrington,2017-12-30,0.312,0.2841285765171051
Darrington,2017-12-31,0.282,0.28797677159309387
Darrington,2018-01-01,0.306,0.2817656695842743
Darrington,2018-01-02,0.285,0.28321221470832825
Darrington,2018-01-03,0.265,0.2835463583469391
Darrington,2018-01-04,0.263,0.280540406703949
Darrington,2018-01-05,0.306,0.27816241979599
Darrington,2018-01-06,0.296,0.2849065661430359
Darrington,2018-01-07,0.299,0.2857324779033661
Darrington,2018-01-08,0.297,0.2847817540168762
Darrington,2018-01-09,0.31,0.29063621163368225
Darrington,2018-01-10,0.298,0.2916660010814667
Darrington,2018-01-11,0.318,0.28367164731025696
Darrington,2018-01-12,0.319,0.2828405201435089
Darrington,2018-01-13,0.3,0.28659817576408386
Darrington,2018-01-14,0.273,0.2843928337097168
Darrington,2018-01-15,0.265,0.27971410751342773
Darrington,2018-01-16,0.298,0.27884772419929504
Darrington,2018-01-17,0.301,0.27545586228370667
Darrington,2018-01-18,0.315,0.27545586228370667
Darrington,2018-01-19,0.299,0.2764836251735687
Darrington,2018-01-20,0.304,0.27758732438087463
Darrington,2018-01-21,0.309,0.27758732438087463
Darrington,2018-01-22,0.311,0.2816658318042755
Darrington,2018-01-23,0.312,0.2840660810470581
Darrington,2018-01-24,0.317,0.2898489534854889
Darrington,2018-01-25,0.299,0.2905525267124176
Darrington,2018-01-26,0.298,0.29229623079299927
Darrington,2018-01-27,0.318,0.2918541431427002
Darrington,2018-01-28,0.304,0.2894366681575775
Darrington,2018-01-29,0.327,0.2925952672958374
Darrington,2018-01-30,0.307,0.28922271728515625
Darrington,2018-01-31,0.315,0.2836325466632843
Darrington,2018-02-01,0.321,0.2843339443206787
Darrington,2018-02-02,0.329,0.2843339443206787
Darrington,2018-02-03,0.329,0.2848835289478302
Darrington,2018-02-04,0.337,0.2848835289478302
Darrington,2018-02-05,0.317,0.2848835289478302
Darrington,2018-02-06,0.31,0.28774765133857727
Darrington,2018-02-07,0.318,0.2887084484100342
Darrington,2018-02-08,0.323,0.2905460000038147
Darrington,2018-02-09,0.294,0.28851941227912903
Darrington,2018-02-10,0.278,0.28968802094459534
Darrington,2018-02-11,0.268,0.2926076352596283
Darrington,2018-02-12,0.259,0.28766536712646484
Darrington,2018-02-13,0.252,0.28964734077453613
Darrington,2018-02-14,0.264,0.2866218686103821
Darrington,2018-02-15,0.286,0.2853650748729706
Darrington,2018-02-16,0.316,0.28856417536735535
Darrington,2018-02-17,0.323,0.2866300344467163
Darrington,2018-02-18,0.3,0.29045721888542175
Darrington,2018-02-19,0.286,0.2952130138874054
Darrington,2018-03-16,0.268,0.2976069450378418
Darrington,2018-03-17,0.267,0.2956632971763611
Darrington,2018-03-18,0.281,0.29525336623191833
Darrington,2018-03-19,0.268,0.2921178936958313
Darrington,2018-03-20,0.26,0.28932616114616394
Darrington,2018-03-21,0.255,0.29345983266830444
Darrington,2018-03-22,0.288,0.28485873341560364
Darrington,2018-03-23,0.293,0.2743566930294037
Darrington,2018-03-24,0.295,0.26453304290771484
Darrington,2018-03-25,0.278,0.2639385163784027
Darrington,2018-03-26,0.317,0.2653888165950775
Darrington,2018-03-27,0.327,0.2964354455471039
Darrington,2018-03-28,0.291,0.29395657777786255
Darrington,2018-03-29,0.292,0.28417328000068665
Darrington,2018-03-30,0.305,0.2798650860786438
Darrington,2018-03-31,0.278,0.2798650860786438
Darrington,2018-04-01,0.31,0.27856865525245667
Darrington,2018-04-02,0.31,0.27949056029319763
Darrington,2018-04-03,0.295,0.27634745836257935
Darrington,2018-04-04,0.295,0.26327335834503174
Darrington,2018-04-05,0.325,0.26276788115501404
Darrington,2018-04-06,0.297,0.264121413230896
Darrington,2018-04-07,0.318,0.2627732455730438
Darrington,2018-04-08,0.322,0.2633204758167267
Darrington,2018-04-09,0.301,0.26905006170272827
Darrington,2018-04-10,0.299,0.27704867720603943
Darrington,2018-04-11,0.293,0.2813771367073059
Darrington,2018-04-12,0.313,0.2922671139240265
Darrington,2018-04-13,0.327,0.2965908348560333
Darrington,2018-04-14,0.33,0.2984660267829895
Darrington,2018-04-15,0.311,0.29967212677001953
Darrington,2018-04-16,0.34,0.30147784948349
Darrington,2018-04-17,0.327,0.29944685101509094
Darrington,2018-04-18,0.292,0.29297882318496704
Darrington,2018-04-19,0.273,0.2910012900829315
Darrington,2018-04-20,0.26,0.28976285457611084
Darrington,2018-04-21,0.301,0.29182812571525574
Darrington,2018-04-22,0.273,0.289451539516449
Darrington,2018-04-23,0.253,0.2849070429801941
Darrington,2018-04-24,0.236,0.28446847200393677
Darrington,2018-04-25,0.222,0.2683534324169159
Darrington,2018-04-26,0.208,0.27434203028678894
Darrington,2018-04-27,0.197,0.2825219929218292
Darrington,2018-04-28,0.213,0.278378963470459
Darrington,2018-04-29,0.23,0.27699801325798035
Darrington,2018-04-30,0.259,0.27451837062835693
Darrington,2018-05-01,0.253,0.2611886262893677
Darrington,2018-05-02,0.232,0.26030632853507996
Darrington,2018-05-03,0.214,0.2576610743999481
Darrington,2018-05-04,0.203,0.23226143419742584
Darrington,2018-05-05,0.192,0.22597403824329376
Darrington,2018-05-06,0.182,0.217124804854393
Darrington,2018-05-07,0.183,0.2052278220653534
Darrington,2018-05-08,0.176,0.19848625361919403
Darrington,2018-05-09,0.229,0.22504737973213196
Darrington,2018-05-10,0.267,0.22231748700141907
Darrington,2018-05-11,0.259,0.23772983253002167
Darrington,2018-05-12,0.234,0.24994631111621857
Darrington,2018-05-13,0.209,0.23274730145931244
Darrington,2018-05-14,0.187,0.22960808873176575
Darrington,2018-05-15,0.168,0.19693168997764587
Darrington,2018-05-16,0.158,0.18914274871349335
Darrington,2018-05-17,0.155,0.19360296428203583
Darrington,2018-05-18,0.155,0.1804637461900711
Darrington,2018-05-19,0.154,0.18797270953655243
Darrington,2018-05-20,0.15,0.17933280766010284
Darrington,2018-05-21,0.14,0.1871912032365799
Darrington,2018-05-22,0.126,0.18785151839256287
Darrington,2018-05-23,0.112,0.16661185026168823
Darrington,2018-05-24,0.101,0.1731269657611847
Darrington,2018-05-25,0.097,0.1696014404296875
Darrington,2018-05-26,0.093,0.16042779386043549
Darrington,2018-05-27,0.089,0.1436179280281067
Darrington,2018-05-28,0.086,0.14472223818302155
Darrington,2018-05-29,0.083,0.14246082305908203
Darrington,2018-05-30,0.08,0.1362811028957367
Darrington,2018-05-31,0.078,0.13570290803909302
Darrington,2018-06-01,0.078,0.13469885289669037
Darrington,2018-06-02,0.076,0.15085846185684204
Darrington,2018-06-03,0.074,0.14904364943504333
Darrington,2018-06-04,0.075,0.16262519359588623
Darrington,2018-06-05,0.075,0.1677439957857132
Darrington,2018-06-06,0.074,0.15620678663253784
Darrington,2018-06-07,0.073,0.14861160516738892
Darrington,2018-06-08,0.071,0.14366455376148224
Darrington,2018-06-09,0.116,0.1458611786365509
Darrington,2018-06-10,0.141,0.15510055422782898
Darrington,2018-06-11,0.168,0.2091110348701477
Darrington,2018-06-12,0.148,0.18665313720703125
Darrington,2018-06-13,0.179,0.1883322149515152
Darrington,2018-06-14,0.187,0.18839839100837708
Darrington,2018-06-15,0.167,0.19486045837402344
Darrington,2018-06-16,0.146,0.1915293037891388
Darrington,2018-06-17,0.125,0.16953051090240479
Darrington,2018-06-18,0.105,0.1454511284828186
Darrington,2018-06-19,0.091,0.1360330432653427
Darrington,2018-06-20,0.083,0.1254449039697647
Darrington,2018-06-21,0.078,0.12792402505874634
Darrington,2018-06-22,0.074,0.12314050644636154
Darrington,2018-06-23,0.072,0.12314050644636154
Darrington,2018-06-24,0.07,0.13592404127120972
Darrington,2018-06-25,0.101,0.14335305988788605
Darrington,2018-06-26,0.123,0.17379118502140045
Darrington,2018-06-27,0.117,0.17751798033714294
Darrington,2018-06-28,0.111,0.17733101546764374
Darrington,2018-06-29,0.109,0.1763247549533844
Darrington,2018-06-30,0.133,0.17602086067199707
Darrington,2018-07-01,0.16,0.1719972938299179
Darrington,2018-07-02,0.159,0.21105152368545532
Darrington,2018-07-03,0.149,0.20839790999889374
Darrington,2018-07-04,0.132,0.19904029369354248
Darrington,2018-07-05,0.116,0.1937446892261505
Darrington,2018-07-06,0.106,0.1681189388036728
Darrington,2018-07-07,0.123,0.18594270944595337
Darrington,2018-07-08,0.116,0.18744288384914398
Darrington,2018-07-09,0.104,0.16298285126686096
Darrington,2018-07-10,0.097,0.11926083266735077
Darrington,2018-07-11,0.092,0.1064460352063179
Darrington,2018-07-12,0.084,0.1049257144331932
Darrington,2018-07-13,0.077,0.10589400678873062
Darrington,2018-07-14,0.072,0.10591141879558563
Darrington,2018-07-15,0.068,0.11239881813526154
Darrington,2018-07-16,0.065,0.1186724305152893
Darrington,2018-07-17,0.062,0.09396722912788391
Darrington,2018-07-18,0.059,0.0910772979259491
Darrington,2018-07-19,0.057,0.08924739807844162
Darrington,2018-07-20,0.056,0.09141295403242111
Darrington,2018-07-21,0.054,0.08650775253772736
Darrington,2018-07-22,0.052,0.08650775253772736
Darrington,2018-07-23,0.05,0.08664675801992416
Darrington,2018-07-24,0.048,0.09061606228351593
Darrington,2018-07-25,0.047,0.0805346742272377
Darrington,2018-07-26,0.045,0.08152948319911957
Darrington,2018-07-27,0.044,0.08106531202793121
Darrington,2018-07-28,0.043,0.08048935234546661
Darrington,2018-07-29,0.041,0.07809075713157654
Darrington,2018-07-30,0.04,0.0737369954586029
Darrington,2018-07-31,0.038,0.04663168266415596
Darrington,2018-08-01,0.036,0.032664354890584946
Darrington,2018-08-02,0.036,0.032664354890584946
Darrington,2018-08-03,0.036,0.051835741847753525
Darrington,2018-08-04,0.035,0.055706530809402466
Darrington,2018-08-05,0.035,0.056498222053050995
Darrington,2018-08-06,0.033,0.06206522136926651
Darrington,2018-08-07,0.032,0.054887015372514725
Darrington,2018-08-08,0.031,0.050397273153066635
Darrington,2018-08-09,0.03,0.05071042478084564
Darrington,2018-08-10,0.029,0.05071042478084564
Darrington,2018-08-11,0.028,0.04446050152182579
Darrington,2018-08-12,0.031,0.05433417111635208
Darrington,2018-08-13,0.033,0.06477576494216919
Darrington,2018-08-14,0.035,0.0743384137749672
Darrington,2018-08-15,0.034,0.07237859070301056
Darrington,2018-08-16,0.034,0.06971510499715805
Darrington,2018-08-17,0.032,0.06407569348812103
Darrington,2018-08-18,0.03,0.06407569348812103
Darrington,2018-08-19,0.029,0.06667754054069519
Darrington,2018-08-20,0.029,0.06558872759342194
Darrington,2018-08-21,0.029,0.06533755362033844
Darrington,2018-08-22,0.029,0.06068073958158493
Darrington,2018-08-23,0.027,0.06013959273695946
Darrington,2018-08-24,0.026,0.06013959273695946
Darrington,2018-08-25,0.027,0.058342479169368744
Darrington,2018-08-26,0.028,0.06355404853820801
Darrington,2018-08-27,0.033,0.06667889654636383
Darrington,2018-08-28,0.036,0.061285749077796936
Darrington,2018-08-29,0.037,0.05958395078778267
Darrington,2018-08-30,0.037,0.06263136863708496
Darrington,2018-08-31,0.038,0.06850357353687286
Darrington,2018-09-01,0.038,0.06709502637386322
Darrington,2018-09-02,0.037,0.06896607577800751
Darrington,2018-09-03,0.036,0.06932902336120605
Darrington,2018-09-04,0.034,0.07032988965511322
Darrington,2018-09-05,0.032,0.07107669115066528
Darrington,2018-09-06,0.032,0.06998272240161896
Darrington,2018-09-07,0.03,0.06928656995296478
Darrington,2018-09-08,0.046,0.07218678295612335
Darrington,2018-09-09,0.056,0.07486873120069504
Darrington,2018-09-10,0.107,0.07900109142065048
Darrington,2018-09-11,0.137,0.10326448827981949
Darrington,2018-09-12,0.141,0.16939696669578552
Darrington,2018-09-13,0.178,0.17345531284809113
Darrington,2018-09-14,0.205,0.1799427717924118
Darrington,2018-09-15,0.2,0.18477292358875275
Darrington,2018-09-16,0.233,0.19025877118110657
Darrington,2018-09-17,0.236,0.23519398272037506
Darrington,2018-09-18,0.206,0.22481931746006012
Darrington,2018-09-19,0.194,0.21101930737495422
Darrington,2018-09-20,0.194,0.21672531962394714
Darrington,2018-09-21,0.258,0.21561184525489807
Darrington,2018-09-22,0.288,0.21317517757415771
Darrington,2018-09-23,0.254,0.21057945489883423
Darrington,2018-09-24,0.232,0.21600241959095
Darrington,2018-09-25,0.22,0.2172737866640091
Darrington,2018-09-26,0.214,0.21821525692939758
Darrington,2018-09-27,0.209,0.22555595636367798
Darrington,2018-09-28,0.205,0.2234129011631012
Darrington,2018-09-29,0.201,0.22248604893684387
Darrington,2018-09-30,0.256,0.22362925112247467
Darrington,2018-10-01,0.286,0.21845051646232605
Darrington,2018-10-02,0.288,0.21348007023334503
Darrington,2018-10-03,0.259,0.2259913831949234
Darrington,2018-10-04,0.24,0.2245141714811325
Darrington,2018-10-05,0.231,0.224683940410614
Darrington,2018-10-06,0.225,0.22373199462890625
Darrington,2018-10-07,0.222,0.2235041707754135
Darrington,2018-10-08,0.233,0.22260189056396484
Darrington,2018-10-09,0.276,0.2305174469947815
Darrington,2018-10-10,0.248,0.22857092320919037
Darrington,2018-10-11,0.236,0.22790051996707916
Darrington,2018-10-12,0.23,0.2286841720342636
Darrington,2018-10-13,0.225,0.22512862086296082
Darrington,2018-10-14,0.222,0.2231782227754593
Darrington,2018-10-15,0.219,0.21826191246509552
Darrington,2018-10-16,0.217,0.23792056739330292
Darrington,2018-10-17,0.215,0.24819490313529968
Darrington,2018-10-18,0.213,0.24120290577411652
Darrington,2018-10-19,0.211,0.2335127890110016
Darrington,2018-10-21,0.209,0.23387651145458221
Darrington,2018-10-22,0.209,0.22990530729293823
Darrington,2018-10-23,0.208,0.2225005328655243
Darrington,2018-10-24,0.218,0.2214471697807312
Darrington,2018-10-25,0.255,0.19973435997962952
Darrington,2018-10-26,0.307,0.2094980776309967
Darrington,2018-10-27,0.277,0.24359725415706635
Darrington,2018-10-28,0.307,0.24889512360095978
Darrington,2018-10-29,0.289,0.23994402587413788
Darrington,2018-10-30,0.28,0.25494301319122314
Darrington,2018-10-31,0.312,0.24590995907783508
Darrington,2018-11-01,0.321,0.23971500992774963
Darrington,2018-11-02,0.296,0.24072127044200897
Darrington,2018-11-03,0.312,0.24656498432159424
Darrington,2018-11-04,0.323,0.2500523030757904
Darrington,2018-11-05,0.324,0.2497122436761856
Darrington,2018-11-06,0.304,0.24659039080142975
Darrington,2018-11-07,0.27,0.2578050196170807
Darrington,2018-11-08,0.257,0.2435116171836853
Darrington,2018-11-09,0.278,0.24111652374267578
Darrington,2018-11-10,0.268,0.23636390268802643
Darrington,2018-11-11,0.255,0.23842643201351166
Darrington,2018-11-12,0.249,0.2536596357822418
Darrington,2018-11-13,0.245,0.25067541003227234
Darrington,2018-11-14,0.282,0.2458759993314743
Darrington,2018-11-15,0.28,0.25105470418930054
Darrington,2018-11-16,0.288,0.25507402420043945
Darrington,2018-11-17,0.262,0.25558656454086304
Darrington,2018-11-18,0.252,0.25265854597091675
Darrington,2018-11-19,0.247,0.2647705674171448
Darrington,2018-11-20,0.244,0.25921738147735596
Darrington,2018-11-21,0.242,0.2597113251686096
Darrington,2018-11-22,0.302,0.2658178210258484
Darrington,2018-11-23,0.309,0.26921263337135315
Darrington,2018-11-24,0.277,0.27784591913223267
Darrington,2018-11-25,0.262,0.276169091463089
Darrington,2018-11-26,0.312,0.2812194228172302
Darrington,2018-11-27,0.309,0.2759093940258026
Darrington,2018-11-28,0.305,0.2750645577907562
Darrington,2018-11-29,0.275,0.2738942801952362
Darrington,2018-11-30,0.285,0.2714887261390686
Darrington,2018-12-01,0.27,0.26546168327331543
Darrington,2018-12-02,0.259,0.26671889424324036
Darrington,2018-12-03,0.253,0.265689879655838
Darrington,2018-12-04,0.246,0.26643872261047363
Darrington,2018-12-05,0.239,0.26007604598999023
Darrington,2018-12-06,0.236,0.25617697834968567
Darrington,2018-12-07,0.246,0.2311878651380539
Darrington,2018-12-08,0.246,0.22170670330524445
Darrington,2018-12-09,0.276,0.23056700825691223
Darrington,2018-12-10,0.321,0.27384233474731445
Darrington,2018-12-11,0.322,0.29152241349220276
Darrington,2018-12-12,0.303,0.2938743233680725
Darrington,2018-12-13,0.317,0.282460480928421
Darrington,2018-12-14,0.287,0.2806668281555176
Darrington,2018-12-15,0.298,0.2782634198665619
Darrington,2018-12-16,0.319,0.2787531018257141
Darrington,2018-12-17,0.307,0.27548009157180786
Darrington,2018-12-18,0.337,0.27323558926582336
Darrington,2018-12-19,0.302,0.26857686042785645
Darrington,2018-12-20,0.316,0.2734839618206024
Darrington,2018-12-21,0.296,0.2748498022556305
Darrington,2018-12-22,0.276,0.2765655219554901
Darrington,2018-12-23,0.323,0.27683025598526
Darrington,2018-12-24,0.284,0.2759746015071869
Darrington,2018-12-25,0.263,0.27232301235198975
Darrington,2018-12-26,0.28,0.27232301235198975
Darrington,2018-12-27,0.303,0.28293922543525696
Darrington,2018-12-28,0.302,0.28625673055648804
Darrington,2018-12-29,0.327,0.28786176443099976
Darrington,2018-12-30,0.297,0.2879355847835541
Darrington,2018-12-31,0.268,0.28302669525146484
Darrington,2019-01-01,0.266,0.2876746654510498
Darrington,2019-01-02,0.274,0.2901417911052704
Darrington,2019-01-03,0.336,0.28555262088775635
Darrington,2019-01-04,0.311,0.28761669993400574
Darrington,2019-01-05,0.281,0.2903488576412201
Darrington,2019-01-06,0.305,0.28836387395858765
Darrington,2019-01-07,0.309,0.2866162061691284
Darrington,2019-01-08,0.282,0.2882160544395447
Darrington,2019-01-09,0.319,0.2829868495464325
Darrington,2019-01-10,0.308,0.2825913429260254
Darrington,2019-01-11,0.277,0.2803788185119629
Darrington,2019-01-12,0.266,0.2835032641887665
Darrington,2019-01-13,0.259,0.29301154613494873
Darrington,2019-01-14,0.253,0.2921059727668762
Darrington,2019-01-15,0.264,0.29178446531295776
Darrington,2019-01-16,0.261,0.2960008680820465
Darrington,2019-01-17,0.26,0.2979987561702728
Darrington,2019-01-18,0.31,0.2876967489719391
Darrington,2019-01-19,0.319,0.2887333035469055
Darrington,2019-01-20,0.283,0.29810813069343567
Darrington,2019-01-21,0.268,0.2913827896118164
Darrington,2019-01-22,0.3,0.2793221175670624
Darrington,2019-01-23,0.309,0.2830657958984375
Darrington,2019-01-24,0.277,0.28264644742012024
Darrington,2019-01-25,0.267,0.2824203670024872
Darrington,2019-01-26,0.26,0.2824203670024872
Darrington,2019-01-27,0.255,0.27820003032684326
Darrington,2019-01-28,0.252,0.2739199995994568
Darrington,2019-01-29,0.246,0.28309622406959534
Darrington,2019-01-30,0.244,0.28735238313674927
Darrington,2019-01-31,0.246,0.29339146614074707
Darrington,2019-02-01,0.304,0.28859028220176697
Darrington,2019-02-02,0.302,0.27260667085647583
Darrington,2019-02-03,0.281,0.26390475034713745
Darrington,2019-02-04,0.258,0.261532723903656
Darrington,2019-03-27,0.253,0.26132383942604065
Darrington,2019-03-28,0.243,0.2575891315937042
Darrington,2019-03-29,0.237,0.250833660364151
Darrington,2019-03-30,0.233,0.25001898407936096
Darrington,2019-03-31,0.229,0.25672492384910583
Darrington,2019-04-01,0.225,0.24495317041873932
Darrington,2019-04-02,0.221,0.24257999658584595
Darrington,2019-04-03,0.252,0.2724490761756897
Darrington,2019-04-04,0.26,0.25204455852508545
Darrington,2019-04-05,0.266,0.2517130970954895
Darrington,2019-04-06,0.286,0.24662627279758453
Darrington,2019-04-07,0.291,0.2590321898460388
Darrington,2019-04-08,0.273,0.2600247263908386
Darrington,2019-04-09,0.297,0.2696349620819092
Darrington,2019-04-10,0.299,0.269194096326828
Darrington,2019-04-11,0.303,0.2694370746612549
Darrington,2019-04-12,0.287,0.2678169012069702
Darrington,2019-04-13,0.307,0.26352834701538086
Darrington,2019-04-14,0.306,0.26203155517578125
Darrington,2019-04-15,0.274,0.267721027135849
Darrington,2019-04-16,0.27,0.26547032594680786
Darrington,2019-04-17,0.292,0.27047717571258545
Darrington,2019-04-18,0.315,0.27252548933029175
Darrington,2019-04-19,0.319,0.27956607937812805
Darrington,2019-04-20,0.272,0.27530133724212646
Darrington,2019-04-21,0.251,0.2542272210121155
Darrington,2019-04-22,0.25,0.2511202096939087
Darrington,2019-04-23,0.26,0.24234701693058014
Darrington,2019-04-24,0.248,0.24045410752296448
Darrington,2019-04-25,0.234,0.2386382818222046
Darrington,2019-04-26,0.224,0.23840779066085815
Darrington,2019-04-27,0.225,0.2367943823337555
Darrington,2019-04-28,0.22,0.21555843949317932
Darrington,2019-04-29,0.211,0.22273646295070648
Darrington,2019-04-30,0.203,0.20884154736995697
Darrington,2019-05-01,0.195,0.21149036288261414
Darrington,2019-05-02,0.193,0.22945713996887207
Darrington,2019-05-03,0.192,0.22021418809890747
Darrington,2019-05-04,0.186,0.194266214966774
Darrington,2019-05-05,0.176,0.1999761164188385
Darrington,2019-05-06,0.163,0.18895503878593445
Darrington,2019-05-07,0.151,0.1844780594110489
Darrington,2019-05-08,0.139,0.16958166658878326
Darrington,2019-05-09,0.126,0.1580747812986374
Darrington,2019-05-10,0.113,0.14739099144935608
Darrington,2019-05-11,0.101,0.14048591256141663
Darrington,2019-05-12,0.095,0.13524474203586578
Darrington,2019-05-13,0.091,0.15876656770706177
Darrington,2019-05-14,0.09,0.1382146030664444
Darrington,2019-05-15,0.09,0.14669948816299438
Darrington,2019-05-16,0.089,0.15160250663757324
Darrington,2019-05-17,0.147,0.15800052881240845
Darrington,2019-05-18,0.174,0.17581740021705627
Darrington,2019-05-19,0.161,0.17951738834381104
Darrington,2019-05-20,0.179,0.21411073207855225
Darrington,2019-05-21,0.201,0.2144443690776825
Darrington,2019-05-22,0.187,0.19687332212924957
Darrington,2019-05-23,0.172,0.18593762814998627
Darrington,2019-05-24,0.206,0.1860654205083847
Darrington,2019-05-25,0.226,0.1862417757511139
Darrington,2019-05-26,0.225,0.1859765499830246
Darrington,2019-05-27,0.196,0.16736361384391785
Darrington,2019-05-28,0.175,0.163543701171875
Darrington,2019-05-29,0.162,0.1646510511636734
Darrington,2019-05-30,0.149,0.15738923847675323
Darrington,2019-05-31,0.133,0.14704224467277527
Darrington,2019-06-01,0.118,0.1438453495502472
Darrington,2019-06-02,0.105,0.1423363983631134
Darrington,2019-06-03,0.097,0.15725910663604736
Darrington,2019-06-04,0.09,0.15442122519016266
Darrington,2019-06-05,0.087,0.13094380497932434
Darrington,2019-06-06,0.085,0.11169368028640747
Darrington,2019-06-07,0.085,0.12162171304225922
Darrington,2019-06-08,0.091,0.14815782010555267
Darrington,2019-06-09,0.097,0.15876004099845886
Darrington,2019-06-10,0.097,0.15614745020866394
Darrington,2019-06-11,0.093,0.15125511586666107
Darrington,2019-06-12,0.087,0.15182670950889587
Darrington,2019-06-13,0.081,0.14647507667541504
Darrington,2019-06-14,0.078,0.14017224311828613
Darrington,2019-06-15,0.076,0.11566068977117538
Darrington,2019-06-16,0.073,0.09819614142179489
Darrington,2019-06-17,0.069,0.10376599431037903
Darrington,2019-06-18,0.069,0.09862624853849411
Darrington,2019-06-19,0.075,0.1066165342926979
Darrington,2019-06-20,0.076,0.10639083385467529
Darrington,2019-06-21,0.075,0.10024601221084595
Darrington,2019-06-22,0.074,0.10357595980167389
Darrington,2019-06-23,0.074,0.12945736944675446
Darrington,2019-06-24,0.073,0.13348472118377686
Darrington,2019-06-25,0.071,0.10257532447576523
Darrington,2019-06-26,0.072,0.10326298326253891
Darrington,2019-06-27,0.127,0.10326298326253891
Darrington,2019-06-28,0.165,0.10459048300981522
Darrington,2019-06-29,0.16,0.11121536046266556
Darrington,2019-06-30,0.147,0.11706610023975372
Darrington,2019-07-01,0.134,0.11707045137882233
Darrington,2019-07-02,0.124,0.11401430517435074
Darrington,2019-07-03,0.119,0.11501755565404892
Darrington,2019-07-04,0.115,0.11436627805233002
Darrington,2019-07-05,0.112,0.11554869264364243
Darrington,2019-07-06,0.106,0.10541001707315445
Darrington,2019-07-07,0.101,0.10754719376564026
Darrington,2019-07-08,0.096,0.11070965230464935
Darrington,2019-07-09,0.088,0.11100748926401138
Darrington,2019-07-10,0.09,0.1192205473780632
Darrington,2019-07-11,0.1,0.12060665339231491
Darrington,2019-07-12,0.098,0.12719829380512238
Darrington,2019-07-13,0.092,0.13181233406066895
Darrington,2019-07-14,0.087,0.13856972754001617
Darrington,2019-07-15,0.082,0.13719789683818817
Darrington,2019-07-16,0.081,0.12930868566036224
Darrington,2019-07-17,0.1,0.12311401963233948
Darrington,2019-07-18,0.158,0.13121601939201355
Darrington,2019-07-19,0.16,0.15136080980300903
Darrington,2019-07-20,0.155,0.1704586148262024
Darrington,2019-07-21,0.145,0.1704586148262024
Darrington,2019-07-22,0.134,0.17989914119243622
Darrington,2019-07-23,0.126,0.15966470539569855
Darrington,2019-07-24,0.12,0.15665292739868164
Darrington,2019-07-25,0.114,0.15525150299072266
Darrington,2019-07-26,0.106,0.15688076615333557
Darrington,2019-07-27,0.102,0.15703199803829193
Darrington,2019-07-28,0.099,0.14765724539756775
Darrington,2019-07-29,0.094,0.1546105444431305
Darrington,2019-07-30,0.091,0.1240745559334755
Darrington,2019-07-31,0.088,0.0943891853094101
Darrington,2019-08-01,0.084,0.1012074425816536
Darrington,2019-08-02,0.101,0.10625039041042328
Darrington,2019-08-03,0.113,0.10911861807107925
Darrington,2019-08-04,0.111,0.11037912219762802
Darrington,2019-08-05,0.105,0.09697116911411285
Darrington,2019-08-06,0.099,0.09667463600635529
Darrington,2019-08-07,0.094,0.09268202632665634
Darrington,2019-08-08,0.091,0.09344214200973511
Darrington,2019-08-09,0.089,0.09454035013914108
Darrington,2019-08-10,0.092,0.10115040093660355
Darrington,2019-08-11,0.093,0.09672068059444427
Darrington,2019-08-12,0.092,0.1004658043384552
Darrington,2019-08-13,0.089,0.0947282686829567
Darrington,2019-08-14,0.087,0.09057307988405228
Darrington,2019-08-15,0.084,0.0888727456331253
Darrington,2019-08-16,0.082,0.0871271938085556
Darrington,2019-08-17,0.081,0.08679100126028061
Darrington,2019-08-18,0.079,0.08383049070835114
Darrington,2019-08-19,0.077,0.08768157660961151
Darrington,2019-08-20,0.075,0.09597504138946533
Darrington,2019-08-21,0.079,0.09786699712276459
Darrington,2019-08-22,0.089,0.10244898498058319
Darrington,2019-08-23,0.093,0.10382256656885147
Darrington,2019-08-24,0.099,0.1115688905119896
Darrington,2019-08-25,0.1,0.11187700182199478
Darrington,2019-08-26,0.099,0.11093821376562119
Darrington,2019-08-27,0.095,0.08594103902578354
Darrington,2019-08-28,0.091,0.06571897119283676
Darrington,2019-08-29,0.086,0.06286422163248062
Darrington,2019-08-30,0.084,0.06822049617767334
Darrington,2019-08-31,0.084,0.06923932582139969
Darrington,2019-09-01,0.081,0.07165738940238953
Darrington,2019-09-02,0.078,0.07603813707828522
Darrington,2019-09-03,0.076,0.0653761699795723
Darrington,2019-09-04,0.075,0.06501562893390656
Darrington,2019-09-05,0.073,0.05825258046388626
Darrington,2019-09-06,0.072,0.0584704652428627
Darrington,2019-09-07,0.07,0.05991242825984955
Darrington,2019-09-08,0.08,0.06069910153746605
Darrington,2019-09-09,0.09,0.06363250315189362
Darrington,2019-09-10,0.093,0.1071748211979866
Darrington,2019-09-11,0.094,0.1441061794757843
Darrington,2019-09-12,0.094,0.16601602733135223
Darrington,2019-09-13,0.115,0.18495097756385803
Darrington,2019-09-14,0.143,0.19239655137062073
Darrington,2019-09-15,0.193,0.20963871479034424
Darrington,2019-09-16,0.204,0.2327076494693756
Darrington,2019-09-17,0.216,0.23107120394706726
Darrington,2019-09-18,0.226,0.2310543656349182
Darrington,2019-09-19,0.215,0.22390779852867126
Darrington,2019-09-20,0.206,0.21797746419906616
Darrington,2019-09-21,0.2,0.2215605229139328
Darrington,2019-09-22,0.237,0.2245284765958786
Darrington,2019-09-23,0.259,0.2329341173171997
Darrington,2019-09-24,0.257,0.2315089851617813
Darrington,2019-09-25,0.234,0.2349163293838501
Darrington,2019-09-26,0.271,0.2411692887544632
Darrington,2019-09-27,0.262,0.2400446981191635
Darrington,2019-09-28,0.247,0.23750010132789612
Darrington,2019-09-29,0.233,0.23389069736003876
Darrington,2019-09-30,0.225,0.22807934880256653
Darrington,2019-10-01,0.22,0.23539398610591888
Darrington,2019-10-02,0.216,0.23637449741363525
Darrington,2019-10-03,0.224,0.2341534048318863
Darrington,2019-10-04,0.264,0.2334185689687729
Darrington,2019-10-05,0.27,0.23167498409748077
Darrington,2019-10-06,0.251,0.22981278598308563
Darrington,2019-10-07,0.293,0.23217301070690155
Darrington,2019-10-08,0.271,0.23649118840694427
Darrington,2019-10-09,0.251,0.24689216911792755
Darrington,2019-10-10,0.24,0.24759520590305328
Darrington,2019-10-11,0.234,0.24759520590305328
Darrington,2019-10-12,0.23,0.24162454903125763
Darrington,2019-10-13,0.227,0.23967018723487854
Darrington,2019-10-14,0.224,0.23064647614955902
Darrington,2019-10-15,0.221,0.23064647614955902
Darrington,2019-10-16,0.239,0.23935584723949432
Darrington,2019-10-17,0.295,0.24653835594654083
Darrington,2019-10-18,0.293,0.25266900658607483
Darrington,2019-10-19,0.288,0.2492590844631195
Darrington,2019-10-20,0.296,0.25350502133369446
Darrington,2019-10-21,0.324,0.25186216831207275
Darrington,2019-10-22,0.282,0.25257304310798645
Darrington,2019-10-23,0.258,0.25098082423210144
Darrington,2019-10-24,0.249,0.2480379343032837
Darrington,2019-10-26,0.273,0.246150404214859
Darrington,2019-10-27,0.256,0.24074327945709229
Darrington,2019-10-28,0.249,0.23235470056533813
Darrington,2019-10-29,0.244,0.23365789651870728
Darrington,2019-10-30,0.24,0.25211039185523987
Darrington,2019-10-31,0.238,0.258682519197464
Darrington,2019-11-01,0.236,0.25282901525497437
Darrington,2019-11-02,0.234,0.2563169002532959
Darrington,2019-11-03,0.233,0.25420942902565
Darrington,2019-11-04,0.231,0.25123295187950134
Darrington,2019-11-05,0.23,0.24802565574645996
Darrington,2019-11-06,0.229,0.24528755247592926
Darrington,2019-11-07,0.228,0.23768943548202515
Darrington,2019-11-08,0.227,0.23638291656970978
Darrington,2019-11-09,0.228,0.2279859334230423
Darrington,2019-11-10,0.23,0.24921773374080658
Darrington,2019-11-11,0.229,0.24004527926445007
Darrington,2019-11-12,0.262,0.25149720907211304
Darrington,2019-11-13,0.265,0.24186135828495026
Darrington,2019-11-14,0.252,0.23758907616138458
Darrington,2019-11-15,0.291,0.21926522254943848
Darrington,2019-11-16,0.292,0.23483207821846008
Darrington,2019-11-17,0.32,0.2377806156873703
Darrington,2019-11-18,0.288,0.2363409847021103
Darrington,2019-11-19,0.299,0.23500454425811768
Darrington,2019-11-20,0.269,0.2546064257621765
Darrington,2019-11-21,0.26,0.2609456777572632
Darrington,2019-11-22,0.253,0.2655385732650757
Darrington,2019-11-23,0.264,0.25442740321159363
Darrington,2019-11-24,0.309,0.24657227098941803
Darrington,2019-11-25,0.3,0.24784760177135468
Darrington,2019-11-26,0.276,0.24165640771389008
Darrington,2019-11-27,0.262,0.21532626450061798
Darrington,2019-11-28,0.253,0.21249428391456604
Darrington,2019-11-29,0.244,0.20249298214912415
Darrington,2019-11-30,0.237,0.20551422238349915
Darrington,2019-12-01,0.238,0.20502984523773193
Darrington,2019-12-02,0.276,0.21996824443340302
Darrington,2019-12-03,0.323,0.23599594831466675
Darrington,2019-12-04,0.313,0.2388797551393509
Darrington,2019-12-05,0.276,0.234818696975708
Darrington,2019-12-06,0.267,0.23966090381145477
Darrington,2019-12-07,0.301,0.2394106537103653
Darrington,2019-12-08,0.281,0.24301676452159882
Darrington,2019-12-09,0.266,0.24219617247581482
Darrington,2019-12-10,0.263,0.2442573755979538
Darrington,2019-12-11,0.287,0.2456546127796173
Darrington,2019-12-12,0.331,0.24769680202007294
Darrington,2019-12-13,0.305,0.24240286648273468
Darrington,2019-12-14,0.28,0.24657870829105377
Darrington,2019-12-15,0.273,0.2630142569541931
Darrington,2019-12-16,0.283,0.2663356363773346
Darrington,2019-12-17,0.284,0.26992177963256836
Darrington,2019-12-18,0.273,0.2672615349292755
Darrington,2019-12-19,0.328,0.26521652936935425
Darrington,2019-12-20,0.348,0.27438265085220337
Darrington,2019-12-21,0.32,0.28969240188598633
Darrington,2019-12-22,0.283,0.2960855960845947
Darrington,2019-12-23,0.294,0.2909920811653137
Darrington,2019-12-24,0.274,0.29123374819755554
Darrington,2019-12-25,0.265,0.28835710883140564
Darrington,2019-12-26,0.253,0.27683380246162415
Darrington,2019-12-27,0.268,0.27633845806121826
Darrington,2019-12-28,0.285,0.2758385241031647
Darrington,2019-12-29,0.281,0.2780381143093109
Darrington,2019-12-30,0.289,0.29429832100868225
Darrington,2019-12-31,0.342,0.2708682715892792
Darrington,2020-01-01,0.317,0.28582489490509033
Darrington,2020-01-02,0.313,0.2930945158004761
Darrington,2020-01-03,0.305,0.29891645908355713
Darrington,2020-01-04,0.314,0.298617422580719
Darrington,2020-01-05,0.311,0.2971833646297455
Darrington,2020-01-06,0.335,0.2924809157848358
Darrington,2020-01-07,0.334,0.28767699003219604
Darrington,2020-01-08,0.3,0.2891688048839569
Darrington,2020-01-09,0.284,0.2896898686885834
Darrington,2020-01-10,0.277,0.2880653738975525
Darrington,2020-01-11,0.297,0.2895437777042389
Darrington,2020-01-12,0.298,0.2869919538497925
Darrington,2020-01-13,0.289,0.28648385405540466
Darrington,2020-01-14,0.276,0.28661593794822693
Darrington,2020-01-15,0.27,0.29369717836380005
Darrington,2020-01-16,0.265,0.295903742313385
Darrington,2020-01-17,0.263,0.29497087001800537
Darrington,2020-01-18,0.264,0.29497087001800537
Darrington,2020-01-19,0.267,0.29465341567993164
Darrington,2020-01-20,0.267,0.29094821214675903
Darrington,2020-01-21,0.277,0.29433968663215637
Darrington,2020-01-22,0.304,0.3001808822154999
Darrington,2020-01-23,0.321,0.29974374175071716
Darrington,2020-01-24,0.319,0.29974374175071716
Darrington,2020-01-25,0.312,0.3016367554664612
Darrington,2020-01-26,0.316,0.30108001828193665
Darrington,2020-01-27,0.32,0.30108001828193665
Darrington,2020-01-28,0.313,0.30162960290908813
Darrington,2020-01-29,0.313,0.2973250150680542
Darrington,2020-01-30,0.3,0.29351526498794556
Darrington,2020-01-31,0.335,0.29722049832344055
Darrington,2020-02-01,0.319,0.29722049832344055
Darrington,2020-02-02,0.29,0.29906949400901794
Darrington,2020-02-03,0.282,0.3020128905773163
Darrington,2020-02-04,0.276,0.2975604832172394
Darrington,2020-02-05,0.303,0.2975604832172394
Darrington,2020-02-06,0.317,0.2975604832172394
Darrington,2020-02-07,0.321,0.2975604832172394
Darrington,2020-02-08,0.31,0.2975604832172394
Darrington,2020-02-09,0.285,0.2970394194126129
Darrington,2020-02-10,0.275,0.29659441113471985
Darrington,2020-02-11,0.291,0.29550227522850037
Darrington,2020-02-12,0.29,0.2946707606315613
Darrington,2020-02-13,0.287,0.2925913631916046
Darrington,2020-02-14,0.319,0.2925913631916046
Darrington,2020-02-15,0.321,0.29199734330177307
Darrington,2020-02-16,0.317,0.29199734330177307
Darrington,2020-02-17,0.303,0.294613242149353
Darrington,2020-02-18,0.282,0.29295480251312256
Darrington,2020-02-19,0.273,0.28023672103881836
Darrington,2020-02-23,0.323,0.27854061126708984
Darrington,2020-02-24,0.311,0.2817719280719757
Darrington,2020-02-25,0.285,0.2978864908218384
Darrington,2020-02-26,0.294,0.29959747195243835
Darrington,2020-02-27,0.281,0.3001185357570648
Darrington,2020-02-28,0.279,0.29976361989974976
Darrington,2020-02-29,0.316,0.29976361989974976
Darrington,2020-03-01,0.291,0.29976361989974976
Darrington,2020-03-02,0.321,0.30145972967147827
Darrington,2020-03-03,0.32,0.30149155855178833
Darrington,2020-03-04,0.304,0.30149155855178833
Darrington,2020-03-05,0.294,0.30219441652297974
Darrington,2020-03-06,0.315,0.30219441652297974
Darrington,2020-03-07,0.297,0.2974688708782196
Darrington,2020-03-08,0.303,0.2974688708782196
Darrington,2020-03-09,0.282,0.2974688708782196
Darrington,2020-03-10,0.279,0.30299755930900574
Darrington,2020-03-11,0.307,0.3005688488483429
Darrington,2020-03-12,0.282,0.2980975806713104
Darrington,2020-03-13,0.273,0.29509520530700684
Darrington,2020-03-14,0.263,0.28642210364341736
Darrington,2020-03-15,0.256,0.27423661947250366
Darrington,2020-03-16,0.253,0.2708824872970581
Darrington,2020-03-17,0.25,0.2651594281196594
Darrington,2020-03-18,0.247,0.2690628468990326
Darrington,2020-03-19,0.246,0.26901254057884216
Darrington,2020-03-20,0.244,0.2716229557991028
Darrington,2020-03-21,0.242,0.2674936056137085
Darrington,2020-03-22,0.24,0.2707512378692627
Darrington,2020-03-23,0.247,0.27069371938705444
Darrington,2020-03-24,0.253,0.26252391934394836
Darrington,2020-03-25,0.253,0.2633426785469055
Darrington,2020-03-26,0.252,0.2677346467971802
Darrington,2020-03-27,0.255,0.2745104730129242
Darrington,2020-03-28,0.294,0.2732122838497162
Darrington,2020-03-29,0.31,0.2769644260406494
Darrington,2020-03-30,0.31,0.28359612822532654
Darrington,2020-03-31,0.308,0.2985536754131317
Darrington,2020-04-01,0.291,0.2971467673778534
Darrington,2020-04-02,0.283,0.2810908555984497
Darrington,2020-04-03,0.309,0.27244266867637634
Darrington,2020-04-04,0.293,0.27334433794021606
Darrington,2020-04-05,0.275,0.27823522686958313
Darrington,2020-04-06,0.265,0.28304731845855713
Darrington,2020-04-07,0.258,0.2625264823436737
Darrington,2020-04-08,0.252,0.2621401250362396
Darrington,2020-04-09,0.246,0.2689935266971588
Darrington,2020-04-10,0.243,0.2730064392089844
Darrington,2020-04-11,0.245,0.270303875207901
Darrington,2020-04-12,0.24,0.27432453632354736
Darrington,2020-04-13,0.235,0.2693496346473694
Darrington,2020-04-14,0.229,0.2488221824169159
Darrington,2020-04-15,0.223,0.23569132387638092
Darrington,2020-04-16,0.216,0.2399744838476181
Darrington,2020-04-17,0.211,0.24424472451210022
Darrington,2020-04-18,0.207,0.2460547685623169
Darrington,2020-04-19,0.204,0.23812761902809143
Darrington,2020-04-20,0.199,0.20518505573272705
Darrington,2020-04-21,0.192,0.24249154329299927
Darrington,2020-04-22,0.212,0.23364172875881195
Darrington,2020-04-23,0.248,0.23359358310699463
Darrington,2020-04-24,0.247,0.23752489686012268
Darrington,2020-04-25,0.265,0.23867003619670868
Darrington,2020-04-26,0.287,0.24072644114494324
Darrington,2020-04-27,0.31,0.24977587163448334
Darrington,2020-04-28,0.286,0.2687143385410309
Darrington,2020-04-29,0.275,0.27854371070861816
Darrington,2020-04-30,0.288,0.2793198227882385
Darrington,2020-05-01,0.275,0.2793198227882385
Darrington,2020-05-02,0.279,0.27842071652412415
Darrington,2020-05-03,0.317,0.2830706238746643
Darrington,2020-05-04,0.289,0.2933723032474518
Darrington,2020-05-05,0.268,0.276374489068985
Darrington,2020-05-06,0.316,0.2580966055393219
Darrington,2020-05-07,0.293,0.24841661751270294
Darrington,2020-05-08,0.265,0.23720493912696838
Darrington,2020-05-09,0.238,0.23604844510555267
Darrington,2020-05-10,0.216,0.25199654698371887
Darrington,2020-05-11,0.204,0.24131780862808228
Darrington,2020-05-12,0.229,0.218184694647789
Darrington,2020-05-13,0.248,0.21944403648376465
Darrington,2020-05-14,0.249,0.21956902742385864
Darrington,2020-05-15,0.253,0.221777081489563
Darrington,2020-05-16,0.253,0.22123119235038757
Darrington,2020-05-17,0.303,0.21975098550319672
Darrington,2020-05-18,0.295,0.21888644993305206
Darrington,2020-05-19,0.271,0.23490972816944122
Darrington,2020-05-20,0.26,0.24049897491931915
Darrington,2020-05-21,0.272,0.2470625340938568
Darrington,2020-05-22,0.316,0.24783039093017578
Darrington,2020-05-23,0.291,0.24271857738494873
Darrington,2020-05-24,0.269,0.22983811795711517
Darrington,2020-05-25,0.291,0.2289278209209442
Darrington,2020-05-26,0.304,0.25215888023376465
Darrington,2020-05-27,0.272,0.2537195086479187
Darrington,2020-05-28,0.249,0.24784614145755768
Darrington,2020-05-29,0.23,0.24425965547561646
Darrington,2020-05-30,0.263,0.2396073043346405
Darrington,2020-05-31,0.296,0.24223211407661438
Darrington,2020-06-01,0.278,0.2502886652946472
Darrington,2020-06-02,0.269,0.23981794714927673
Darrington,2020-06-03,0.262,0.2161736935377121
Darrington,2020-06-04,0.252,0.21907615661621094
Darrington,2020-06-05,0.247,0.21760700643062592
Darrington,2020-06-06,0.263,0.2189864069223404
Darrington,2020-06-07,0.281,0.22287322580814362
Darrington,2020-06-08,0.294,0.2703661322593689
Darrington,2020-06-09,0.318,0.23361042141914368
Darrington,2020-06-10,0.308,0.23673203587532043
Darrington,2020-06-11,0.295,0.2383345514535904
Darrington,2020-06-12,0.308,0.24018622934818268
Darrington,2020-06-13,0.311,0.24024167656898499
Darrington,2020-06-14,0.313,0.24988016486167908
Darrington,2020-06-15,0.314,0.250650018453598
Darrington,2020-06-16,0.311,0.22581911087036133
Darrington,2020-06-17,0.291,0.22734835743904114
Darrington,2020-06-18,0.272,0.22519433498382568
Darrington,2020-06-19,0.252,0.22519433498382568
Darrington,2020-06-20,0.246,0.22388909757137299
Darrington,2020-06-21,0.242,0.22252102196216583
Darrington,2020-06-22,0.229,0.21495872735977173
Darrington,2020-06-23,0.216,0.21865594387054443
Darrington,2020-06-24,0.222,0.21519510447978973
Darrington,2020-06-25,0.219,0.2145097404718399
Darrington,2020-06-26,0.21,0.21338243782520294
Darrington,2020-06-27,0.206,0.21310369670391083
Darrington,2020-06-28,0.205,0.20786386728286743
Darrington,2020-06-29,0.198,0.20113755762577057
Darrington,2020-06-30,0.193,0.20854006707668304
Darrington,2020-07-01,0.212,0.2108069509267807
Darrington,2020-07-02,0.255,0.21292336285114288
Darrington,2020-07-03,0.252,0.21863201260566711
Darrington,2020-07-04,0.251,0.22623369097709656
Darrington,2020-07-05,0.238,0.22174125909805298
Darrington,2020-07-06,0.226,0.2180873304605484
Darrington,2020-07-07,0.221,0.20974406599998474
Darrington,2020-07-08,0.216,0.18642783164978027
Darrington,2020-07-09,0.218,0.1787605881690979
Darrington,2020-07-10,0.223,0.17840629816055298
Darrington,2020-07-11,0.216,0.17615389823913574
Darrington,2020-07-12,0.224,0.17449356615543365
Darrington,2020-07-13,0.218,0.17449356615543365
Darrington,2020-07-14,0.205,0.17294569313526154
Darrington,2020-07-15,0.194,0.16029749810695648
Darrington,2020-07-16,0.183,0.15896162390708923
Darrington,2020-07-17,0.177,0.157332181930542
Darrington,2020-07-18,0.17,0.1441682130098343
Darrington,2020-07-19,0.159,0.1422196477651596
Darrington,2020-07-20,0.149,0.13917548954486847
Darrington,2020-07-21,0.138,0.13173049688339233
Darrington,2020-07-22,0.129,0.13042575120925903
Darrington,2020-07-23,0.123,0.12886236608028412
Darrington,2020-07-24,0.12,0.11590509861707687
Darrington,2020-07-25,0.115,0.11369133740663528
Darrington,2020-07-26,0.109,0.11369133740663528
Darrington,2020-07-27,0.101,0.11595235019922256
Darrington,2020-07-28,0.095,0.09905469417572021
Darrington,2020-07-29,0.089,0.09701444208621979
Darrington,2020-07-30,0.085,0.09821444749832153
Darrington,2020-07-31,0.082,0.09337923675775528
Darrington,2020-08-01,0.079,0.08613087981939316
Darrington,2020-08-02,0.076,0.07718517631292343
Darrington,2020-08-03,0.074,0.07692151516675949
Darrington,2020-08-04,0.072,0.09128962457180023
Darrington,2020-08-05,0.07,0.08896596729755402
Darrington,2020-08-06,0.073,0.0877487063407898
Darrington,2020-08-07,0.084,0.09800373017787933
Darrington,2020-08-08,0.087,0.11027288436889648
Darrington,2020-08-09,0.087,0.11251147836446762
Darrington,2020-08-10,0.084,0.11369729042053223
Darrington,2020-08-11,0.08,0.10437978804111481
Darrington,2020-08-12,0.076,0.09495530277490616
Darrington,2020-08-13,0.073,0.09713354706764221
Darrington,2020-08-14,0.069,0.13297519087791443
Darrington,2020-08-15,0.066,0.14335750043392181
Darrington,2020-08-16,0.065,0.13650067150592804
Darrington,2020-08-17,0.063,0.09150995314121246
Darrington,2020-08-18,0.061,0.083976149559021
Darrington,2020-08-19,0.059,0.08131382614374161
Darrington,2020-08-20,0.059,0.0772150382399559
Darrington,2020-08-21,0.06,0.08537169545888901
Darrington,2020-08-22,0.072,0.09148931503295898
Darrington,2020-08-23,0.07,0.09457039833068848
Darrington,2020-08-24,0.07,0.0965690165758133
Darrington,2020-08-25,0.068,0.10790707170963287
Darrington,2020-08-26,0.066,0.11180323362350464
Darrington,2020-08-27,0.064,0.11358717828989029
Darrington,2020-08-28,0.062,0.11094780266284943
Darrington,2020-08-29,0.061,0.10530261695384979
Darrington,2020-08-30,0.058,0.10560216754674911
Darrington,2020-08-31,0.059,0.10649915039539337
Darrington,2020-09-01,0.06,0.0971347764134407
Darrington,2020-09-02,0.059,0.09650848060846329
Darrington,2020-09-03,0.059,0.08900875598192215
Darrington,2020-09-04,0.058,0.07919392734766006
Darrington,2020-09-05,0.057,0.06758635491132736
Darrington,2020-09-06,0.057,0.06894513219594955
Darrington,2020-09-07,0.055,0.07192011922597885
Darrington,2020-09-08,0.053,0.06688528507947922
Darrington,2020-09-09,0.052,0.07430002838373184
Darrington,2020-09-10,0.052,0.07721177488565445
Darrington,2020-09-11,0.051,0.07634308934211731
Darrington,2020-09-12,0.051,0.08157583326101303
Darrington,2020-09-13,0.05,0.08502420037984848
Darrington,2020-09-14,0.05,0.08180463314056396
Darrington,2020-09-15,0.052,0.07649417966604233
Darrington,2020-09-16,0.053,0.07565045356750488
Darrington,2020-09-17,0.053,0.07279463857412338
Darrington,2020-09-18,0.056,0.07279463857412338
Darrington,2020-09-19,0.079,0.08181195706129074
Darrington,2020-09-20,0.099,0.08913638442754745
Darrington,2020-09-21,0.1,0.08956664055585861
Darrington,2020-09-22,0.115,0.09566805511713028
Darrington,2020-09-23,0.158,0.11191576719284058
Darrington,2020-09-24,0.212,0.14809949696063995
Darrington,2020-09-25,0.228,0.19725659489631653
Darrington,2020-09-26,0.243,0.2106340080499649
Darrington,2020-09-27,0.241,0.2403145581483841
Darrington,2020-09-28,0.228,0.23767100274562836
Darrington,2020-09-29,0.223,0.23877817392349243
Darrington,2020-09-30,0.219,0.22435104846954346
Darrington,2020-10-01,0.216,0.22696252167224884
Darrington,2020-10-02,0.214,0.22899562120437622
Darrington,2020-10-03,0.213,0.22604499757289886
Darrington,2020-10-04,0.211,0.2242114245891571
Darrington,2020-10-05,0.213,0.21949760615825653
Darrington,2020-10-06,0.216,0.21948273479938507
Darrington,2020-10-07,0.215,0.21917389333248138
Darrington,2020-10-08,0.215,0.2136773318052292
Darrington,2020-10-09,0.221,0.22551687061786652
Darrington,2020-10-10,0.307,0.22740137577056885
Darrington,2020-10-11,0.315,0.2415386140346527
Darrington,2020-10-12,0.304,0.2264825850725174
Darrington,2020-10-13,0.322,0.24501727521419525
Darrington,2020-10-14,0.323,0.24221612513065338
Darrington,2020-10-15,0.293,0.24193905293941498
Darrington,2020-10-16,0.325,0.241891011595726
Darrington,2020-10-17,0.3,0.24268768727779388
Darrington,2020-10-18,0.32,0.24151326715946198
Darrington,2020-10-19,0.302,0.24277043342590332
Darrington,2020-10-20,0.307,0.2557022273540497
Darrington,2020-10-21,0.328,0.24833422899246216
Darrington,2020-10-22,0.302,0.25081557035446167
Darrington,2020-10-23,0.327,0.25064748525619507
Darrington,2020-10-24,0.309,0.2715833783149719
Darrington,2020-10-25,0.295,0.2685249149799347
Darrington,2020-10-26,0.286,0.26592782139778137
Darrington,2020-10-27,0.282,0.26794707775115967
Darrington,2020-10-28,0.3,0.27537083625793457
Darrington,2020-10-29,0.293,0.27690139412879944
Darrington,2020-10-30,0.326,0.28041765093803406
Darrington,2020-10-31,0.307,0.27929267287254333
Darrington,2020-11-01,0.297,0.27591973543167114
Darrington,2020-11-02,0.291,0.2774462401866913
Darrington,2020-11-03,0.329,0.2786753177642822
Darrington,2020-11-04,0.343,0.2762838304042816
Darrington,2020-11-05,0.35,0.28034353256225586
Darrington,2020-11-06,0.313,0.2828145921230316
Darrington,2020-11-07,0.301,0.28162047266960144
Darrington,2020-11-08,0.295,0.2820441424846649
Darrington,2020-11-09,0.291,0.2773100733757019
Darrington,2020-11-10,0.314,0.2769928276538849
Darrington,2020-11-11,0.312,0.2754812240600586
Darrington,2020-11-12,0.314,0.27357012033462524
Darrington,2020-11-13,0.355,0.2725851237773895
Darrington,2020-11-14,0.342,0.28353390097618103
Darrington,2020-11-15,0.351,0.2842467129230499
Darrington,2020-11-16,0.343,0.2792379558086395
Darrington,2020-11-17,0.34,0.2782590985298157
Darrington,2020-11-18,0.347,0.27957889437675476
Darrington,2020-11-19,0.339,0.2773488163948059
Darrington,2020-11-20,0.346,0.2773488163948059
Darrington,2020-11-21,0.329,0.27721476554870605
Darrington,2020-11-22,0.31,0.27145254611968994
Darrington,2020-11-23,0.314,0.26139912009239197
Darrington,2020-11-24,0.333,0.2767450213432312
Darrington,2020-11-25,0.34,0.27538934350013733
Darrington,2020-11-26,0.324,0.2751220464706421
Darrington,2020-11-27,0.32,0.2743809223175049
Darrington,2020-11-28,0.341,0.27396461367607117
Darrington,2020-11-29,0.314,0.27396461367607117
Darrington,2020-11-30,0.349,0.269930899143219
Darrington,2020-12-01,0.325,0.27906477451324463
Darrington,2020-12-02,0.31,0.27834177017211914
Darrington,2020-12-03,0.303,0.2786408066749573
Darrington,2020-12-04,0.299,0.27962371706962585
Darrington,2020-12-05,0.296,0.2780115008354187
Darrington,2020-12-06,0.294,0.2780115008354187
Darrington,2020-12-07,0.292,0.2819387912750244
Darrington,2020-12-08,0.352,0.2832212746143341
Darrington,2020-12-09,0.339,0.2824801504611969
Darrington,2020-12-10,0.318,0.2824801504611969
Darrington,2020-12-11,0.313,0.27956998348236084
Darrington,2020-12-12,0.307,0.28131115436553955
Darrington,2020-12-13,0.317,0.27084195613861084
Darrington,2020-12-14,0.337,0.27096477150917053
Darrington,2020-12-15,0.348,0.2860974967479706
Darrington,2020-12-16,0.344,0.2866193950176239
Darrington,2020-12-17,0.349,0.28849589824676514
Darrington,2020-12-18,0.349,0.288094162940979
Darrington,2020-12-19,0.351,0.27835813164711
Darrington,2020-12-20,0.336,0.27835813164711
Darrington,2020-12-21,0.361,0.2766669988632202
Darrington,2020-12-22,0.335,0.27691158652305603
Darrington,2020-12-23,0.318,0.2876931428909302
Darrington,2020-12-24,0.308,0.2855413556098938
Darrington,2020-12-25,0.318,0.2845737040042877
Darrington,2020-12-26,0.348,0.28225088119506836
Darrington,2020-12-27,0.328,0.2824728190898895
Darrington,2020-12-28,0.313,0.28840506076812744
Darrington,2020-12-29,0.305,0.2831213176250458
Darrington,2020-12-30,0.364,0.2883478105068207
Darrington,2020-12-31,0.355,0.2813670337200165
Quinault,2017-01-25,0.191,0.264394611120224
Quinault,2017-01-26,0.194,0.26214566826820374
Quinault,2017-01-27,0.19,0.271131306886673
Quinault,2017-01-28,0.187,0.27798476815223694
Quinault,2017-01-29,0.21,0.27736347913742065
Quinault,2017-01-30,0.202,0.2726481854915619
Quinault,2017-01-31,0.195,0.2703382968902588
Quinault,2017-02-01,0.193,0.27000534534454346
Quinault,2017-02-02,0.187,0.2703382968902588
Quinault,2017-02-03,0.226,0.25745031237602234
Quinault,2017-02-04,0.249,0.27591827511787415
Quinault,2017-02-05,0.226,0.2754219174385071
Quinault,2017-02-06,0.221,0.27961206436157227
Quinault,2017-02-07,0.211,0.2845245599746704
Quinault,2017-02-08,0.234,0.2817912697792053
Quinault,2017-02-09,0.258,0.2798118591308594
Quinault,2017-02-10,0.233,0.2774929702281952
Quinault,2017-02-11,0.213,0.27524179220199585
Quinault,2017-02-12,0.198,0.2719425559043884
Quinault,2017-02-13,0.191,0.2579571306705475
Quinault,2017-02-14,0.204,0.2523663640022278
Quinault,2017-02-15,0.263,0.23950868844985962
Quinault,2017-02-16,0.223,0.24729101359844208
Quinault,2017-02-17,0.214,0.24578040838241577
Quinault,2017-02-18,0.205,0.24578040838241577
Quinault,2017-02-19,0.236,0.24578040838241577
Quinault,2017-02-20,0.22,0.23890002071857452
Quinault,2017-02-21,0.205,0.24005216360092163
Quinault,2017-02-22,0.197,0.2413318157196045
Quinault,2017-02-23,0.194,0.2448425143957138
Quinault,2017-02-24,0.193,0.25794556736946106
Quinault,2017-02-25,0.192,0.26553595066070557
Quinault,2017-02-26,0.231,0.26291918754577637
Quinault,2017-02-27,0.226,0.24258705973625183
Quinault,2017-02-28,0.222,0.24258705973625183
Quinault,2017-03-01,0.233,0.24690531194210052
Quinault,2017-03-02,0.247,0.2678945064544678
Quinault,2017-03-03,0.258,0.27514171600341797
Quinault,2017-03-04,0.224,0.263079971075058
Quinault,2017-03-05,0.226,0.2524884343147278
Quinault,2017-03-06,0.225,0.255921870470047
Quinault,2017-03-07,0.228,0.25295180082321167
Quinault,2017-03-08,0.225,0.24734559655189514
Quinault,2017-03-09,0.249,0.243031308054924
Quinault,2017-03-10,0.255,0.25638747215270996
Quinault,2017-03-11,0.246,0.25787821412086487
Quinault,2017-03-12,0.224,0.25398921966552734
Quinault,2017-03-13,0.244,0.2421470731496811
Quinault,2017-03-14,0.257,0.2416837215423584
Quinault,2017-03-15,0.231,0.2376270890235901
Quinault,2017-03-16,0.233,0.2397000789642334
Quinault,2017-03-17,0.236,0.2397000789642334
Quinault,2017-03-18,0.237,0.23681090772151947
Quinault,2017-03-19,0.21,0.23220662772655487
Quinault,2017-03-20,0.202,0.22931614518165588
Quinault,2017-03-21,0.239,0.23189431428909302
Quinault,2017-03-22,0.247,0.2318541407585144
Quinault,2017-03-23,0.238,0.227578803896904
Quinault,2017-03-24,0.252,0.22986158728599548
Quinault,2017-03-25,0.232,0.22986158728599548
Quinault,2017-03-26,0.244,0.23136454820632935
Quinault,2017-03-27,0.253,0.23136454820632935
Quinault,2017-03-28,0.275,0.22926928102970123
Quinault,2017-03-29,0.258,0.23136454820632935
Quinault,2017-03-30,0.229,0.23425371944904327
Quinault,2017-03-31,0.208,0.23616626858711243
Quinault,2017-04-01,0.22,0.23752422630786896
Quinault,2017-04-02,0.208,0.2315698117017746
Quinault,2017-04-03,0.202,0.2323615401983261
Quinault,2017-04-04,0.213,0.23493754863739014
Quinault,2017-04-05,0.248,0.23493754863739014
Quinault,2017-04-06,0.23,0.23970073461532593
Quinault,2017-04-07,0.262,0.2408743053674698
Quinault,2017-04-08,0.248,0.2428484708070755
Quinault,2017-04-09,0.222,0.24573764204978943
Quinault,2017-04-10,0.25,0.2468133121728897
Quinault,2017-04-11,0.219,0.24342112243175507
Quinault,2017-04-12,0.248,0.24203228950500488
Quinault,2017-04-13,0.246,0.24052932858467102
Quinault,2017-04-14,0.252,0.23127131164073944
Quinault,2017-04-15,0.223,0.22776632010936737
Quinault,2017-04-16,0.205,0.22776632010936737
Quinault,2017-04-17,0.222,0.2305206060409546
Quinault,2017-04-18,0.24,0.23854556679725647
Quinault,2017-04-19,0.236,0.24052932858467102
Quinault,2017-04-20,0.239,0.23215845227241516
Quinault,2017-04-21,0.213,0.23525047302246094
Quinault,2017-04-22,0.23,0.2398311346769333
Quinault,2017-04-23,0.252,0.2459971308708191
Quinault,2017-04-24,0.222,0.23215845227241516
Quinault,2017-04-25,0.219,0.23215845227241516
Quinault,2017-04-26,0.24,0.23215845227241516
Quinault,2017-04-27,0.226,0.23296646773815155
Quinault,2017-04-28,0.205,0.2276189774274826
Quinault,2017-04-29,0.217,0.22563771903514862
Quinault,2017-04-30,0.22,0.2250414490699768
Quinault,2017-05-01,0.217,0.22425298392772675
Quinault,2017-05-02,0.215,0.22459958493709564
Quinault,2017-05-03,0.225,0.22541563212871552
Quinault,2017-05-04,0.201,0.22541563212871552
Quinault,2017-05-05,0.22,0.22590094804763794
Quinault,2017-05-06,0.207,0.22590094804763794
Quinault,2017-05-07,0.194,0.22590094804763794
Quinault,2017-05-08,0.184,0.22606104612350464
Quinault,2017-05-09,0.175,0.23212233185768127
Quinault,2017-05-10,0.171,0.2284964621067047
Quinault,2017-05-11,0.237,0.22962334752082825
Quinault,2017-05-12,0.234,0.23102477192878723
Quinault,2017-05-13,0.225,0.23699253797531128
Quinault,2017-05-14,0.223,0.24008455872535706
Quinault,2017-05-15,0.228,0.24057981371879578
Quinault,2017-05-16,0.23,0.24376191198825836
Quinault,2017-05-17,0.203,0.24233627319335938
Quinault,2017-05-18,0.195,0.2442413717508316
Quinault,2017-05-19,0.187,0.23984216153621674
Quinault,2017-05-20,0.179,0.22699855268001556
Quinault,2017-05-21,0.168,0.21710112690925598
Quinault,2017-05-22,0.157,0.21562854945659637
Quinault,2017-05-23,0.142,0.21661140024662018
Quinault,2017-05-24,0.13,0.2093602567911148
Quinault,2017-05-25,0.12,0.21022745966911316
Quinault,2017-05-26,0.108,0.19951269030570984
Quinault,2017-05-27,0.097,0.19281019270420074
Quinault,2017-05-28,0.089,0.18470436334609985
Quinault,2017-05-29,0.082,0.18354345858097076
Quinault,2017-05-30,0.079,0.1686401069164276
Quinault,2017-05-31,0.112,0.1614605337381363
Quinault,2017-06-01,0.189,0.15427660942077637
Quinault,2017-06-02,0.205,0.1513035148382187
Quinault,2017-06-03,0.176,0.16473519802093506
Quinault,2017-06-04,0.159,0.16782531142234802
Quinault,2017-06-05,0.144,0.15296615660190582
Quinault,2017-06-06,0.131,0.14708581566810608
Quinault,2017-06-07,0.119,0.1397666335105896
Quinault,2017-06-08,0.208,0.14142738282680511
Quinault,2017-06-09,0.208,0.14729833602905273
Quinault,2017-06-10,0.198,0.17667290568351746
Quinault,2017-06-11,0.183,0.1796754151582718
Quinault,2017-06-12,0.168,0.19073249399662018
Quinault,2017-06-13,0.159,0.1687960922718048
Quinault,2017-06-14,0.154,0.16703972220420837
Quinault,2017-06-15,0.21,0.15852974355220795
Quinault,2017-06-16,0.196,0.1926996409893036
Quinault,2017-06-17,0.178,0.19829194247722626
Quinault,2017-06-18,0.196,0.1993820071220398
Quinault,2017-06-19,0.181,0.1996072679758072
Quinault,2017-06-20,0.179,0.19117455184459686
Quinault,2017-06-21,0.17,0.19035285711288452
Quinault,2017-06-22,0.157,0.18302474915981293
Quinault,2017-06-23,0.143,0.17262351512908936
Quinault,2017-06-24,0.129,0.16768778860569
Quinault,2017-06-25,0.114,0.16041645407676697
Quinault,2017-06-26,0.103,0.15688836574554443
Quinault,2017-06-27,0.094,0.14364556968212128
Quinault,2017-06-28,0.088,0.12643815577030182
Quinault,2017-06-29,0.081,0.11912801116704941
Quinault,2017-06-30,0.075,0.11395549029111862
Quinault,2017-07-01,0.069,0.10539064556360245
Quinault,2017-07-02,0.062,0.10061723738908768
Quinault,2017-07-03,0.056,0.09953460842370987
Quinault,2017-07-04,0.05,0.09313807636499405
Quinault,2017-07-05,0.045,0.08142226934432983
Quinault,2017-07-06,0.04,0.07231796532869339
Quinault,2017-07-07,0.037,0.06966578215360641
Quinault,2017-07-08,0.035,0.0687040165066719
Quinault,2017-07-09,0.033,0.056269820779561996
Quinault,2017-07-10,0.031,0.05897124856710434
Quinault,2017-07-11,0.03,0.05214245244860649
Quinault,2017-07-12,0.029,0.04898258298635483
Quinault,2017-07-13,0.028,0.04785522073507309
Quinault,2017-07-14,0.027,0.045716676861047745
Quinault,2017-07-15,0.026,0.04497847706079483
Quinault,2017-07-16,0.024,0.04329165443778038
Quinault,2017-07-17,0.024,0.04520900920033455
Quinault,2017-07-18,0.024,0.04405946284532547
Quinault,2017-07-19,0.022,0.03373430669307709
Quinault,2017-07-20,0.033,0.029584012925624847
Quinault,2017-07-21,0.037,0.0519070103764534
Quinault,2017-07-22,0.039,0.04923303425312042
Quinault,2017-07-23,0.039,0.05521022155880928
Quinault,2017-07-24,0.036,0.053116921335458755
Quinault,2017-07-25,0.032,0.051717016845941544
Quinault,2017-07-26,0.03,0.04227286949753761
Quinault,2017-07-27,0.027,0.041145507246255875
Quinault,2017-07-28,0.026,0.041145507246255875
Quinault,2017-07-29,0.024,0.041145507246255875
Quinault,2017-07-30,0.025,0.04060909524559975
Quinault,2017-07-31,0.023,0.04060909524559975
Quinault,2017-08-01,0.022,0.040244441479444504
Quinault,2017-08-02,0.023,0.03389642760157585
Quinault,2017-08-03,0.021,0.029719747602939606
Quinault,2017-08-04,0.021,0.02713678404688835
Quinault,2017-08-05,0.02,0.026475507766008377
Quinault,2017-08-06,0.019,0.02535206452012062
Quinault,2017-08-07,0.019,0.02332984283566475
Quinault,2017-08-08,0.018,0.02535206452012062
Quinault,2017-08-09,0.018,0.023897692561149597
Quinault,2017-08-10,0.017,0.022327007725834846
Quinault,2017-08-11,0.016,0.022327007725834846
Quinault,2017-08-12,0.017,0.02178921364247799
Quinault,2017-08-13,0.112,0.03741103783249855
Quinault,2017-08-14,0.093,0.040918588638305664
Quinault,2017-08-15,0.083,0.04039573669433594
Quinault,2017-08-16,0.074,0.042417965829372406
Quinault,2017-08-17,0.068,0.042734403163194656
Quinault,2017-08-18,0.06,0.041199732571840286
Quinault,2017-08-19,0.054,0.04066332057118416
Quinault,2017-08-20,0.048,0.037014275789260864
Quinault,2017-08-21,0.043,0.035609226673841476
Quinault,2017-08-22,0.038,0.03561108931899071
Quinault,2017-08-23,0.034,0.03337155282497406
Quinault,2017-08-24,0.032,0.03337155282497406
Quinault,2017-08-25,0.029,0.03337155282497406
Quinault,2017-08-26,0.028,0.03337155282497406
Quinault,2017-08-27,0.025,0.03293408825993538
Quinault,2017-08-28,0.024,0.028248455375432968
Quinault,2017-08-29,0.023,0.02571023255586624
Quinault,2017-08-30,0.022,0.017111854627728462
Quinault,2017-08-31,0.023,0.04340425878763199
Quinault,2017-09-01,0.023,0.05865843966603279
Quinault,2017-09-02,0.024,0.0627204179763794
Quinault,2017-09-03,0.023,0.05198271945118904
Quinault,2017-09-04,0.022,0.049714356660842896
Quinault,2017-09-05,0.021,0.03845469653606415
Quinault,2017-09-06,0.02,0.0336013063788414
Quinault,2017-09-07,0.019,0.03453589975833893
Quinault,2017-09-08,0.019,0.037376999855041504
Quinault,2017-09-09,0.073,0.038861896842718124
Quinault,2017-09-10,0.105,0.03584284335374832
Quinault,2017-09-11,0.092,0.04621510207653046
Quinault,2017-09-12,0.084,0.04209570214152336
Quinault,2017-09-13,0.078,0.04740592837333679
Quinault,2017-09-14,0.072,0.05388970673084259
Quinault,2017-09-15,0.065,0.052825722843408585
Quinault,2017-09-16,0.06,0.0646359845995903
Quinault,2017-09-17,0.1,0.06839045882225037
Quinault,2017-09-18,0.172,0.046831827610731125
Quinault,2017-09-19,0.181,0.0753498449921608
Quinault,2017-09-20,0.163,0.08998436480760574
Quinault,2017-09-21,0.156,0.09617678076028824
Quinault,2017-09-22,0.146,0.1084529235959053
Quinault,2017-09-23,0.141,0.10493143647909164
Quinault,2017-09-24,0.135,0.14810825884342194
Quinault,2017-09-25,0.132,0.10532328486442566
Quinault,2017-09-26,0.131,0.1517339050769806
Quinault,2017-09-27,0.127,0.1666942834854126
Quinault,2017-09-28,0.122,0.17621420323848724
Quinault,2017-09-29,0.156,0.18054525554180145
Quinault,2017-09-30,0.174,0.19700109958648682
Quinault,2017-10-01,0.167,0.20513124763965607
Quinault,2017-10-02,0.153,0.19904422760009766
Quinault,2017-10-03,0.144,0.1986323893070221
Quinault,2017-10-04,0.137,0.1864694207906723
Quinault,2017-10-05,0.132,0.17341768741607666
Quinault,2017-10-06,0.157,0.174515962600708
Quinault,2017-10-07,0.183,0.16922233998775482
Quinault,2017-10-08,0.169,0.18213702738285065
Quinault,2017-10-09,0.158,0.17460188269615173
Quinault,2017-10-10,0.153,0.18775750696659088
Quinault,2017-10-11,0.163,0.1780167520046234
Quinault,2017-10-12,0.178,0.17439766228199005
Quinault,2017-10-13,0.177,0.187024787068367
Quinault,2017-10-14,0.163,0.19079799950122833
Quinault,2017-10-15,0.156,0.1876554638147354
Quinault,2017-10-16,0.152,0.18985062837600708
Quinault,2017-10-17,0.192,0.18814855813980103
Quinault,2017-10-18,0.218,0.19565944373607635
Quinault,2017-10-19,0.213,0.229623481631279
Quinault,2017-10-20,0.204,0.24603015184402466
Quinault,2017-10-21,0.225,0.2433536797761917
Quinault,2017-10-22,0.205,0.22864212095737457
Quinault,2017-10-23,0.178,0.2447969913482666
Quinault,2017-10-24,0.168,0.23625610768795013
Quinault,2017-10-25,0.176,0.2251856029033661
Quinault,2017-10-26,0.173,0.21386903524398804
Quinault,2017-10-27,0.164,0.21088850498199463
Quinault,2017-10-28,0.16,0.21355539560317993
Quinault,2017-10-29,0.157,0.20984959602355957
Quinault,2017-10-30,0.153,0.20517860352993011
Quinault,2017-11-01,0.145,0.2005857676267624
Quinault,2017-11-02,0.19,0.2024247944355011
Quinault,2017-11-03,0.189,0.21156610548496246
Quinault,2017-11-04,0.185,0.21380488574504852
Quinault,2017-11-05,0.193,0.21276597678661346
Quinault,2017-11-06,0.173,0.21367691457271576
Quinault,2017-11-07,0.166,0.21453069150447845
Quinault,2017-11-08,0.185,0.21373730897903442
Quinault,2017-11-09,0.212,0.21168117225170135
Quinault,2017-11-10,0.189,0.21645331382751465
Quinault,2017-11-11,0.197,0.21470028162002563
Quinault,2017-11-12,0.23,0.21470028162002563
Quinault,2017-11-13,0.224,0.24252648651599884
Quinault,2017-11-14,0.232,0.24950988590717316
Quinault,2017-11-15,0.224,0.2472955733537674
Quinault,2017-11-16,0.221,0.24520030617713928
Quinault,2017-11-17,0.208,0.2424745261669159
Quinault,2017-11-18,0.201,0.24477191269397736
Quinault,2017-11-19,0.228,0.2397388219833374
Quinault,2017-11-20,0.21,0.23955252766609192
Quinault,2017-11-21,0.236,0.23634018003940582
Quinault,2017-11-22,0.24,0.23401108384132385
Quinault,2017-11-23,0.226,0.23874515295028687
Quinault,2017-11-24,0.218,0.2390625923871994
Quinault,2017-11-25,0.213,0.2390625923871994
Quinault,2017-11-26,0.225,0.2390625923871994
Quinault,2017-11-27,0.199,0.2390625923871994
Quinault,2017-11-28,0.22,0.2377123236656189
Quinault,2017-11-29,0.202,0.23192471265792847
Quinault,2017-11-30,0.213,0.23192471265792847
Quinault,2017-12-01,0.227,0.22755813598632812
Quinault,2017-12-02,0.215,0.23069415986537933
Quinault,2017-12-03,0.187,0.23069415986537933
Quinault,2017-12-04,0.18,0.22755813598632812
Quinault,2017-12-05,0.175,0.22113576531410217
Quinault,2017-12-06,0.172,0.21453465521335602
Quinault,2017-12-07,0.17,0.22159135341644287
Quinault,2017-12-08,0.168,0.22379359602928162
Quinault,2017-12-09,0.167,0.21971480548381805
Quinault,2017-12-10,0.167,0.22114300727844238
Quinault,2017-12-11,0.167,0.22485046088695526
Quinault,2017-12-12,0.165,0.22134354710578918
Quinault,2017-12-13,0.165,0.21921393275260925
Quinault,2017-12-14,0.163,0.22330200672149658
Quinault,2017-12-15,0.173,0.22295455634593964
Quinault,2017-12-16,0.19,0.22886228561401367
Quinault,2017-12-17,0.232,0.2371852844953537
Quinault,2017-12-18,0.216,0.23657368123531342
Quinault,2017-12-19,0.232,0.24074402451515198
Quinault,2017-12-20,0.192,0.2432146668434143
Quinault,2017-12-21,0.187,0.24275121092796326
Quinault,2017-12-22,0.196,0.245222806930542
Quinault,2017-12-23,0.18,0.24588821828365326
Quinault,2017-12-24,0.178,0.23450779914855957
Quinault,2017-12-25,0.193,0.23661597073078156
Quinault,2017-12-26,0.18,0.2345205843448639
Quinault,2017-12-27,0.175,0.23783010244369507
Quinault,2017-12-28,0.229,0.23799994587898254
Quinault,2017-12-29,0.233,0.24660953879356384
Quinault,2017-12-30,0.206,0.25375398993492126
Quinault,2017-12-31,0.184,0.2511496841907501
Quinault,2018-01-01,0.178,0.2539035975933075
Quinault,2018-01-02,0.174,0.25273069739341736
Quinault,2018-01-03,0.172,0.23657330870628357
Quinault,2018-01-04,0.186,0.23778845369815826
Quinault,2018-01-05,0.226,0.24624666571617126
Quinault,2018-01-06,0.201,0.25772401690483093
Quinault,2018-01-07,0.222,0.26375797390937805
Quinault,2018-01-08,0.209,0.25051164627075195
Quinault,2018-01-09,0.211,0.2520359456539154
Quinault,2018-01-10,0.204,0.2570662498474121
Quinault,2018-01-11,0.235,0.25280722975730896
Quinault,2018-01-12,0.22,0.25150665640830994
Quinault,2018-01-13,0.209,0.2460324615240097
Quinault,2018-01-14,0.187,0.2460324615240097
Quinault,2018-01-15,0.186,0.245569109916687
Quinault,2018-01-16,0.212,0.24178749322891235
Quinault,2018-01-17,0.212,0.23311550915241241
Quinault,2018-01-18,0.206,0.23836156725883484
Quinault,2018-01-19,0.232,0.23535597324371338
Quinault,2018-01-20,0.227,0.23407438397407532
Quinault,2018-01-21,0.234,0.23576217889785767
Quinault,2018-01-22,0.213,0.24174337089061737
Quinault,2018-01-23,0.227,0.2401905506849289
Quinault,2018-01-24,0.229,0.2397312968969345
Quinault,2018-01-25,0.223,0.2397312968969345
Quinault,2018-01-26,0.225,0.23822778463363647
Quinault,2018-01-27,0.219,0.24032530188560486
Quinault,2018-01-28,0.213,0.23882178962230682
Quinault,2018-01-29,0.246,0.23882178962230682
Quinault,2018-01-30,0.21,0.24032530188560486
Quinault,2018-01-31,0.223,0.23882178962230682
Quinault,2018-02-01,0.227,0.24015888571739197
Quinault,2018-02-02,0.213,0.24015888571739197
Quinault,2018-02-03,0.208,0.23962485790252686
Quinault,2018-02-04,0.211,0.23632803559303284
Quinault,2018-02-05,0.19,0.23528912663459778
Quinault,2018-02-06,0.183,0.2345900982618332
Quinault,2018-02-07,0.178,0.2345743626356125
Quinault,2018-02-08,0.18,0.23258937895298004
Quinault,2018-02-09,0.178,0.23445674777030945
Quinault,2018-02-10,0.173,0.23617185652256012
Quinault,2018-02-11,0.17,0.23822109401226044
Quinault,2018-02-12,0.166,0.23986755311489105
Quinault,2018-02-13,0.167,0.24474170804023743
Quinault,2018-02-14,0.2,0.24437999725341797
Quinault,2018-02-15,0.179,0.24052833020687103
Quinault,2018-02-16,0.207,0.2475711554288864
Quinault,2018-02-17,0.23,0.25405770540237427
Quinault,2018-02-18,0.203,0.2517535388469696
Quinault,2018-02-19,0.181,0.24975623190402985
Quinault,2018-02-20,0.173,0.2751898467540741
Quinault,2018-02-21,0.181,0.26035091280937195
Quinault,2018-02-22,0.192,0.25312814116477966
Quinault,2018-02-23,0.18,0.24643130600452423
Quinault,2018-02-24,0.211,0.25698018074035645
Quinault,2018-02-25,0.22,0.2621423602104187
Quinault,2018-02-26,0.194,0.28059181571006775
Quinault,2018-02-27,0.203,0.27682751417160034
Quinault,2018-02-28,0.209,0.27266308665275574
Quinault,2018-03-01,0.2,0.2714616656303406
Quinault,2018-03-02,0.198,0.27268537878990173
Quinault,2018-03-03,0.18,0.2705383598804474
Quinault,2018-03-04,0.189,0.27087900042533875
Quinault,2018-03-05,0.192,0.27087900042533875
Quinault,2018-03-06,0.181,0.27313557267189026
Quinault,2018-03-07,0.174,0.27006322145462036
Quinault,2018-03-08,0.22,0.2535566985607147
Quinault,2018-03-09,0.197,0.24587278068065643
Quinault,2018-03-10,0.181,0.25614115595817566
Quinault,2018-03-11,0.174,0.26717135310173035
Quinault,2018-03-12,0.169,0.27821582555770874
Quinault,2018-03-13,0.194,0.2614300549030304
Quinault,2018-03-14,0.203,0.2557951509952545
Quinault,2018-03-15,0.185,0.249887615442276
Quinault,2018-03-16,0.174,0.2472267746925354
Quinault,2018-03-17,0.168,0.24588538706302643
Quinault,2018-03-18,0.167,0.24254216253757477
Quinault,2018-03-19,0.165,0.22959430515766144
Quinault,2018-03-20,0.163,0.21857759356498718
Quinault,2018-03-21,0.165,0.22350981831550598
Quinault,2018-03-22,0.217,0.22420760989189148
Quinault,2018-03-23,0.215,0.22125227749347687
Quinault,2018-03-24,0.19,0.21819381415843964
Quinault,2018-03-25,0.182,0.2176900953054428
Quinault,2018-03-26,0.224,0.2102142870426178
Quinault,2018-03-27,0.218,0.24215832352638245
Quinault,2018-03-28,0.185,0.24886128306388855
Quinault,2018-03-29,0.176,0.2540924847126007
Quinault,2018-03-30,0.174,0.2554786205291748
Quinault,2018-03-31,0.171,0.2421453297138214
Quinault,2018-04-01,0.183,0.23766069114208221
Quinault,2018-04-02,0.193,0.23188917338848114
Quinault,2018-04-03,0.186,0.22898048162460327
Quinault,2018-04-04,0.207,0.2292013019323349
Quinault,2018-04-05,0.225,0.22805990278720856
Quinault,2018-04-06,0.205,0.23964162170886993
Quinault,2018-04-07,0.233,0.23995880782604218
Quinault,2018-04-08,0.239,0.23813742399215698
Quinault,2018-04-09,0.196,0.24215304851531982
Quinault,2018-04-10,0.211,0.24338290095329285
Quinault,2018-04-11,0.227,0.24261334538459778
Quinault,2018-04-12,0.209,0.2394312024116516
Quinault,2018-04-13,0.248,0.23889470100402832
Quinault,2018-04-14,0.22,0.23480263352394104
Quinault,2018-04-15,0.204,0.23678788542747498
Quinault,2018-04-16,0.233,0.23693308234214783
Quinault,2018-04-17,0.214,0.23978093266487122
Quinault,2018-04-18,0.192,0.23609136044979095
Quinault,2018-04-19,0.179,0.23486080765724182
Quinault,2018-04-20,0.175,0.23486080765724182
Quinault,2018-04-21,0.207,0.23486080765724182
Quinault,2018-04-22,0.184,0.23503990471363068
Quinault,2018-04-23,0.173,0.24029099941253662
Quinault,2018-04-24,0.164,0.23840594291687012
Quinault,2018-04-25,0.157,0.2379106879234314
Quinault,2018-04-26,0.15,0.23902219533920288
Quinault,2018-04-27,0.148,0.23201963305473328
Quinault,2018-04-28,0.199,0.23172569274902344
Quinault,2018-04-29,0.181,0.22960799932479858
Quinault,2018-04-30,0.172,0.20495487749576569
Quinault,2018-05-01,0.164,0.20108292996883392
Quinault,2018-05-02,0.158,0.19965451955795288
Quinault,2018-05-03,0.15,0.19756458699703217
Quinault,2018-05-04,0.144,0.20884054899215698
Quinault,2018-05-05,0.138,0.2074560672044754
Quinault,2018-05-06,0.13,0.19317138195037842
Quinault,2018-05-07,0.125,0.18574312329292297
Quinault,2018-05-08,0.126,0.17829535901546478
Quinault,2018-05-09,0.195,0.18078401684761047
Quinault,2018-05-10,0.193,0.18816958367824554
Quinault,2018-05-11,0.172,0.19786667823791504
Quinault,2018-05-12,0.159,0.19894710183143616
Quinault,2018-05-13,0.148,0.2001199722290039
Quinault,2018-05-14,0.137,0.20268747210502625
Quinault,2018-05-15,0.13,0.19028393924236298
Quinault,2018-05-16,0.129,0.1737358123064041
Quinault,2018-05-17,0.129,0.17761777341365814
Quinault,2018-05-18,0.128,0.17498253285884857
Quinault,2018-05-19,0.127,0.17373991012573242
Quinault,2018-05-20,0.125,0.1766815483570099
Quinault,2018-05-21,0.122,0.15943075716495514
Quinault,2018-05-22,0.114,0.12896272540092468
Quinault,2018-05-23,0.106,0.117179736495018
Quinault,2018-05-24,0.1,0.11610901355743408
Quinault,2018-05-25,0.093,0.11388805508613586
Quinault,2018-05-26,0.087,0.1038302332162857
Quinault,2018-05-27,0.081,0.0980948731303215
Quinault,2018-05-28,0.076,0.09664120525121689
Quinault,2018-05-29,0.072,0.09371213614940643
Quinault,2018-05-30,0.067,0.0855187326669693
Quinault,2018-05-31,0.063,0.09647797048091888
Quinault,2018-06-01,0.06,0.09648267924785614
Quinault,2018-06-02,0.057,0.09264179319143295
Quinault,2018-06-03,0.063,0.07958448678255081
Quinault,2018-06-04,0.069,0.10747239738702774
Quinault,2018-06-05,0.067,0.1051253154873848
Quinault,2018-06-06,0.072,0.10446153581142426
Quinault,2018-06-07,0.069,0.103165403008461
Quinault,2018-06-08,0.118,0.10999855399131775
Quinault,2018-06-09,0.16,0.17900583148002625
Quinault,2018-06-10,0.177,0.17380507290363312
Quinault,2018-06-11,0.156,0.1995193362236023
Quinault,2018-06-12,0.144,0.17268672585487366
Quinault,2018-06-13,0.183,0.18495343625545502
Quinault,2018-06-14,0.173,0.1801275908946991
Quinault,2018-06-15,0.164,0.17733024060726166
Quinault,2018-06-16,0.153,0.18134939670562744
Quinault,2018-06-17,0.14,0.17276664078235626
Quinault,2018-06-18,0.13,0.1800636351108551
Quinault,2018-06-19,0.121,0.1732674390077591
Quinault,2018-06-20,0.113,0.16576971113681793
Quinault,2018-06-21,0.107,0.16161246597766876
Quinault,2018-06-22,0.104,0.1490337997674942
Quinault,2018-06-23,0.097,0.1311623901128769
Quinault,2018-06-24,0.09,0.11999748647212982
Quinault,2018-06-25,0.088,0.12022515386343002
Quinault,2018-06-26,0.085,0.1203182265162468
Quinault,2018-06-27,0.081,0.11068494617938995
Quinault,2018-06-28,0.078,0.1124289482831955
Quinault,2018-06-29,0.076,0.11182300746440887
Quinault,2018-06-30,0.073,0.11195128411054611
Quinault,2018-07-01,0.075,0.13423138856887817
Quinault,2018-07-02,0.073,0.10928478091955185
Quinault,2018-07-03,0.069,0.14522626996040344
Quinault,2018-07-04,0.065,0.1106131374835968
Quinault,2018-07-05,0.063,0.10030563175678253
Quinault,2018-07-06,0.062,0.10030563175678253
Quinault,2018-07-07,0.07,0.1054786741733551
Quinault,2018-07-08,0.07,0.1349247246980667
Quinault,2018-07-09,0.067,0.1319577842950821
Quinault,2018-07-10,0.065,0.09865748137235641
Quinault,2018-07-11,0.061,0.09902532398700714
Quinault,2018-07-12,0.055,0.10180409252643585
Quinault,2018-07-13,0.051,0.09699981659650803
Quinault,2018-07-14,0.046,0.09324465692043304
Quinault,2018-07-15,0.042,0.09082186222076416
Quinault,2018-07-16,0.039,0.0919480249285698
Quinault,2018-07-17,0.036,0.09069383144378662
Quinault,2018-07-18,0.035,0.08287569880485535
Quinault,2018-07-19,0.034,0.06677813827991486
Quinault,2018-07-20,0.031,0.06276993453502655
Quinault,2018-07-21,0.03,0.06401882320642471
Quinault,2018-07-22,0.031,0.06524423509836197
Quinault,2018-07-23,0.029,0.056605640798807144
Quinault,2018-07-24,0.028,0.05533072352409363
Quinault,2018-07-25,0.026,0.05090911686420441
Quinault,2018-07-26,0.026,0.045671477913856506
Quinault,2018-07-27,0.025,0.04171032831072807
Quinault,2018-07-28,0.024,0.04171032831072807
Quinault,2018-07-29,0.024,0.04171032831072807
Quinault,2018-07-30,0.023,0.04294885694980621
Quinault,2018-07-31,0.022,0.02936108224093914
Quinault,2018-08-01,0.022,0.026295971125364304
Quinault,2018-08-02,0.021,0.03733073174953461
Quinault,2018-08-03,0.021,0.061766862869262695
Quinault,2018-08-04,0.022,0.06324491649866104
Quinault,2018-08-05,0.022,0.06876017898321152
Quinault,2018-08-06,0.021,0.06709311157464981
Quinault,2018-08-07,0.021,0.06648685783147812
Quinault,2018-08-08,0.023,0.05070896074175835
Quinault,2018-08-09,0.021,0.04801766574382782
Quinault,2018-08-10,0.024,0.04680422693490982
Quinault,2018-08-11,0.111,0.04475303366780281
Quinault,2018-08-12,0.131,0.06204550340771675
Quinault,2018-08-13,0.121,0.08927841484546661
Quinault,2018-08-14,0.115,0.09391830861568451
Quinault,2018-08-15,0.11,0.10322591662406921
Quinault,2018-08-16,0.107,0.11209982633590698
Quinault,2018-08-17,0.103,0.10515789687633514
Quinault,2018-08-18,0.099,0.09707745909690857
Quinault,2018-08-19,0.095,0.09493294358253479
Quinault,2018-08-20,0.091,0.07865940779447556
Quinault,2018-08-21,0.088,0.0759272500872612
Quinault,2018-08-22,0.085,0.07396277040243149
Quinault,2018-08-23,0.081,0.07062576711177826
Quinault,2018-08-24,0.078,0.07150232791900635
Quinault,2018-08-25,0.076,0.06625131517648697
Quinault,2018-08-26,0.084,0.06966160237789154
Quinault,2018-08-27,0.1,0.07385194301605225
Quinault,2018-08-28,0.095,0.07530483603477478
Quinault,2018-08-29,0.09,0.07368262112140656
Quinault,2018-08-30,0.105,0.07085821032524109
Quinault,2018-08-31,0.143,0.06880167126655579
Quinault,2018-09-01,0.123,0.06708609312772751
Quinault,2018-09-02,0.111,0.06708609312772751
Quinault,2018-09-03,0.103,0.06497789919376373
Quinault,2018-09-04,0.096,0.06357384473085403
Quinault,2018-09-05,0.09,0.043374743312597275
Quinault,2018-09-06,0.085,0.057658176869153976
Quinault,2018-09-07,0.094,0.062394559383392334
Quinault,2018-09-08,0.158,0.07027295976877213
Quinault,2018-09-09,0.175,0.07488331198692322
Quinault,2018-09-10,0.186,0.10031429678201675
Quinault,2018-09-11,0.201,0.15522730350494385
Quinault,2018-09-12,0.174,0.17144760489463806
Quinault,2018-09-13,0.162,0.2108186036348343
Quinault,2018-09-14,0.162,0.21709361672401428
Quinault,2018-09-15,0.209,0.22491031885147095
Quinault,2018-09-16,0.204,0.22455954551696777
Quinault,2018-09-17,0.168,0.22188597917556763
Quinault,2018-09-18,0.155,0.197005957365036
Quinault,2018-09-19,0.148,0.19793619215488434
Quinault,2018-09-20,0.161,0.19793619215488434
Quinault,2018-09-21,0.201,0.20237703621387482
Quinault,2018-09-22,0.195,0.22325757145881653
Quinault,2018-09-23,0.166,0.2200380116701126
Quinault,2018-09-24,0.157,0.21528013050556183
Quinault,2018-09-25,0.149,0.21382686495780945
Quinault,2018-09-26,0.144,0.22343622148036957
Quinault,2018-09-27,0.139,0.21614110469818115
Quinault,2018-09-28,0.135,0.21481269598007202
Quinault,2018-09-29,0.133,0.21481269598007202
Quinault,2018-09-30,0.186,0.21303239464759827
Quinault,2018-10-01,0.201,0.21274958550930023
Quinault,2018-10-02,0.178,0.211269348859787
Quinault,2018-10-03,0.163,0.20943337678909302
Quinault,2018-10-04,0.156,0.20943337678909302
Quinault,2018-10-05,0.175,0.20991656184196472
Quinault,2018-10-06,0.168,0.21081380546092987
Quinault,2018-10-07,0.188,0.20713947713375092
Quinault,2018-10-08,0.181,0.2091151475906372
Quinault,2018-10-09,0.175,0.2210155427455902
Quinault,2018-10-10,0.162,0.22008883953094482
Quinault,2018-10-11,0.154,0.22831930220127106
Quinault,2018-10-12,0.149,0.22376568615436554
Quinault,2018-10-13,0.145,0.21501654386520386
Quinault,2018-10-14,0.141,0.20293696224689484
Quinault,2018-10-15,0.137,0.1960882991552353
Quinault,2018-10-16,0.135,0.1869809478521347
Quinault,2018-10-17,0.131,0.16971947252750397
Quinault,2018-10-18,0.129,0.16663143038749695
Quinault,2018-10-19,0.127,0.16724379360675812
Quinault,2018-10-20,0.125,0.16251292824745178
Quinault,2018-10-21,0.122,0.15947943925857544
Quinault,2018-10-22,0.12,0.1587439775466919
Quinault,2018-10-23,0.12,0.14199304580688477
Quinault,2018-10-24,0.13,0.15079322457313538
Quinault,2018-10-25,0.21,0.16454285383224487
Quinault,2018-10-26,0.198,0.20392625033855438
Quinault,2018-10-28,0.208,0.22266235947608948
Quinault,2018-10-29,0.193,0.22904762625694275
Quinault,2018-10-30,0.181,0.24455498158931732
Quinault,2018-10-31,0.198,0.24964895844459534
Quinault,2018-11-01,0.226,0.25318336486816406
Quinault,2018-11-02,0.205,0.25210243463516235
Quinault,2018-11-03,0.219,0.25295132398605347
Quinault,2018-11-04,0.213,0.24857519567012787
Quinault,2018-11-05,0.21,0.24768149852752686
Quinault,2018-11-06,0.189,0.2417713701725006
Quinault,2018-11-07,0.176,0.24101418256759644
Quinault,2018-11-08,0.167,0.23628011345863342
Quinault,2018-11-09,0.171,0.22499443590641022
Quinault,2018-11-10,0.17,0.22447741031646729
Quinault,2018-11-11,0.164,0.2256001979112625
Quinault,2018-11-12,0.161,0.22410151362419128
Quinault,2018-11-13,0.169,0.2156190276145935
Quinault,2018-11-14,0.211,0.2282891422510147
Quinault,2018-11-15,0.186,0.23292385041713715
Quinault,2018-11-16,0.193,0.24243800342082977
Quinault,2018-11-17,0.182,0.24211741983890533
Quinault,2018-11-18,0.181,0.2308257818222046
Quinault,2018-11-19,0.178,0.22645333409309387
Quinault,2018-11-20,0.176,0.21253538131713867
Quinault,2018-11-21,0.232,0.21289950609207153
Quinault,2018-11-22,0.239,0.2285977452993393
Quinault,2018-11-23,0.233,0.24030417203903198
Quinault,2018-11-24,0.2,0.2476349025964737
Quinault,2018-11-25,0.205,0.23851323127746582
Quinault,2018-11-26,0.266,0.23683680593967438
Quinault,2018-11-27,0.234,0.24220740795135498
Quinault,2018-11-28,0.216,0.23901967704296112
Quinault,2018-11-29,0.195,0.23857758939266205
Quinault,2018-11-30,0.215,0.24084042012691498
Quinault,2018-12-01,0.203,0.23610635101795197
Quinault,2018-12-02,0.191,0.2314920723438263
Quinault,2018-12-03,0.185,0.22634923458099365
Quinault,2018-12-04,0.181,0.22009243071079254
Quinault,2018-12-05,0.183,0.21852031350135803
Quinault,2018-12-06,0.203,0.21938230097293854
Quinault,2018-12-07,0.202,0.22640317678451538
Quinault,2018-12-08,0.219,0.2431166172027588
Quinault,2018-12-09,0.234,0.25527966022491455
Quinault,2018-12-10,0.227,0.24388961493968964
Quinault,2018-12-11,0.251,0.2461048662662506
Quinault,2018-12-12,0.235,0.24904261529445648
Quinault,2018-12-13,0.254,0.24414744973182678
Quinault,2018-12-14,0.221,0.251697301864624
Quinault,2018-12-15,0.213,0.24709293246269226
Quinault,2018-12-16,0.249,0.24682819843292236
Quinault,2018-12-17,0.245,0.241500124335289
Quinault,2018-12-18,0.242,0.2402820587158203
Quinault,2018-12-19,0.211,0.23996995389461517
Quinault,2018-12-20,0.232,0.23996995389461517
Quinault,2018-12-21,0.203,0.2402820587158203
Quinault,2018-12-22,0.23,0.23874440789222717
Quinault,2018-12-23,0.235,0.2365039438009262
Quinault,2018-12-24,0.199,0.23703797161579132
Quinault,2018-12-25,0.189,0.2372254729270935
Quinault,2018-12-26,0.22,0.23445746302604675
Quinault,2018-12-27,0.199,0.2307109832763672
Quinault,2018-12-28,0.234,0.2353152632713318
Quinault,2018-12-29,0.252,0.2353152632713318
Quinault,2018-12-30,0.218,0.24470703303813934
Quinault,2018-12-31,0.195,0.24414744973182678
Quinault,2019-01-01,0.19,0.24414744973182678
Quinault,2019-01-02,0.208,0.24573008716106415
Quinault,2019-01-03,0.263,0.23662373423576355
Quinault,2019-01-04,0.222,0.24588152766227722
Quinault,2019-01-05,0.207,0.24315868318080902
Quinault,2019-01-06,0.236,0.24952775239944458
Quinault,2019-01-07,0.215,0.24492347240447998
Quinault,2019-01-08,0.225,0.2375153750181198
Quinault,2019-01-09,0.244,0.23290131986141205
Quinault,2019-01-10,0.232,0.23358726501464844
Quinault,2019-01-11,0.205,0.23077157139778137
Quinault,2019-01-12,0.194,0.23290131986141205
Quinault,2019-01-13,0.189,0.2321506142616272
Quinault,2019-01-14,0.186,0.22991015017032623
Quinault,2019-01-15,0.184,0.22991015017032623
Quinault,2019-01-16,0.186,0.23085929453372955
Quinault,2019-01-17,0.243,0.2335260808467865
Quinault,2019-01-18,0.24,0.2337908148765564
Quinault,2019-01-19,0.23,0.23869331181049347
Quinault,2019-01-20,0.2,0.23507755994796753
Quinault,2019-01-21,0.192,0.23477934300899506
Quinault,2019-01-22,0.245,0.2306452840566635
Quinault,2019-01-23,0.224,0.22937080264091492
Quinault,2019-01-24,0.202,0.235564723610878
Quinault,2019-01-25,0.195,0.2364463061094284
Quinault,2019-01-26,0.19,0.2378217726945877
Quinault,2019-01-27,0.19,0.23293207585811615
Quinault,2019-01-28,0.189,0.23171725869178772
Quinault,2019-01-29,0.188,0.23418709635734558
Quinault,2019-01-30,0.185,0.23340383172035217
Quinault,2019-01-31,0.186,0.23929540812969208
Quinault,2019-02-01,0.251,0.24653999507427216
Quinault,2019-02-02,0.217,0.2555803656578064
Quinault,2019-02-03,0.204,0.24958524107933044
Quinault,2019-02-04,0.209,0.24514344334602356
Quinault,2019-02-05,0.206,0.26055046916007996
Quinault,2019-02-06,0.197,0.2502710521221161
Quinault,2019-02-07,0.192,0.2515002489089966
Quinault,2019-02-08,0.191,0.24673952162265778
Quinault,2019-02-09,0.197,0.24377474188804626
Quinault,2019-02-10,0.199,0.24432921409606934
Quinault,2019-02-11,0.202,0.23819966614246368
Quinault,2019-02-12,0.218,0.23990705609321594
Quinault,2019-02-13,0.214,0.24084629118442535
Quinault,2019-02-14,0.219,0.2451203614473343
Quinault,2019-02-15,0.224,0.25080904364585876
Quinault,2019-02-16,0.214,0.25632619857788086
Quinault,2019-02-17,0.216,0.25583699345588684
Quinault,2019-02-18,0.214,0.27051833271980286
Quinault,2019-02-19,0.23,0.257602721452713
Quinault,2019-02-20,0.231,0.2546404302120209
Quinault,2019-02-21,0.234,0.24225616455078125
Quinault,2019-02-22,0.235,0.24001170694828033
Quinault,2019-02-23,0.245,0.24166223406791687
Quinault,2019-02-24,0.234,0.2375628501176834
Quinault,2019-02-25,0.214,0.24182754755020142
Quinault,2019-02-26,0.216,0.2426241934299469
Quinault,2019-02-27,0.207,0.2359871119260788
Quinault,2019-02-28,0.208,0.23441839218139648
Quinault,2019-03-01,0.2,0.22956280410289764
Quinault,2019-03-02,0.195,0.22520758211612701
Quinault,2019-03-03,0.191,0.22135454416275024
Quinault,2019-03-04,0.187,0.22101105749607086
Quinault,2019-03-05,0.183,0.22147111594676971
Quinault,2019-03-06,0.18,0.21585139632225037
Quinault,2019-03-07,0.195,0.22119934856891632
Quinault,2019-03-08,0.206,0.21971163153648376
Quinault,2019-03-09,0.197,0.21314410865306854
Quinault,2019-03-10,0.19,0.21345531940460205
Quinault,2019-03-11,0.208,0.22829946875572205
Quinault,2019-03-12,0.228,0.20794440805912018
Quinault,2019-03-13,0.207,0.19393807649612427
Quinault,2019-03-14,0.198,0.18714605271816254
Quinault,2019-03-15,0.193,0.1850518137216568
Quinault,2019-03-16,0.189,0.18522289395332336
Quinault,2019-03-17,0.186,0.18519732356071472
Quinault,2019-03-18,0.182,0.21009179949760437
Quinault,2019-03-19,0.177,0.19663143157958984
Quinault,2019-03-20,0.173,0.1821138858795166
Quinault,2019-03-21,0.169,0.17151351273059845
Quinault,2019-03-22,0.18,0.17243482172489166
Quinault,2019-03-23,0.201,0.1721222996711731
Quinault,2019-03-24,0.19,0.18351373076438904
Quinault,2019-03-25,0.203,0.20692706108093262
Quinault,2019-03-26,0.227,0.21981102228164673
Quinault,2019-03-27,0.199,0.21781675517559052
Quinault,2019-03-28,0.191,0.20948366820812225
Quinault,2019-03-29,0.188,0.20948366820812225
Quinault,2019-03-30,0.187,0.20948366820812225
Quinault,2019-03-31,0.186,0.20347166061401367
Quinault,2019-04-01,0.183,0.21446841955184937
Quinault,2019-04-02,0.179,0.20409487187862396
Quinault,2019-04-03,0.242,0.2033551186323166
Quinault,2019-04-04,0.215,0.2033551186323166
Quinault,2019-04-05,0.244,0.2033551186323166
Quinault,2019-04-06,0.252,0.21504487097263336
Quinault,2019-04-07,0.225,0.21418523788452148
Quinault,2019-04-08,0.226,0.22603805363178253
Quinault,2019-04-09,0.217,0.22703057527542114
Quinault,2019-04-10,0.228,0.22800906002521515
Quinault,2019-04-11,0.233,0.22810442745685577
Quinault,2019-04-12,0.219,0.22939375042915344
Quinault,2019-04-13,0.236,0.2307085394859314
Quinault,2019-04-14,0.237,0.230921670794487
Quinault,2019-04-15,0.213,0.22805143892765045
Quinault,2019-04-16,0.214,0.2284640073776245
Quinault,2019-04-17,0.234,0.22902101278305054
Quinault,2019-04-18,0.233,0.22902101278305054
Quinault,2019-04-19,0.227,0.22902101278305054
Quinault,2019-04-20,0.206,0.22902101278305054
Quinault,2019-04-21,0.196,0.22902101278305054
Quinault,2019-04-22,0.218,0.22902101278305054
Quinault,2019-04-23,0.223,0.22674575448036194
Quinault,2019-04-24,0.201,0.2259325385093689
Quinault,2019-04-25,0.191,0.22390761971473694
Quinault,2019-04-26,0.183,0.22505521774291992
Quinault,2019-04-27,0.178,0.2107224315404892
Quinault,2019-04-28,0.174,0.2106732577085495
Quinault,2019-04-29,0.168,0.2105839103460312
Quinault,2019-04-30,0.163,0.20079830288887024
Quinault,2019-05-01,0.157,0.18807964026927948
Quinault,2019-05-02,0.151,0.18923115730285645
Quinault,2019-05-03,0.144,0.19204246997833252
Quinault,2019-05-04,0.135,0.19277900457382202
Quinault,2019-05-05,0.128,0.1929796189069748
Quinault,2019-05-06,0.119,0.1752006709575653
Quinault,2019-05-07,0.11,0.15584757924079895
Quinault,2019-05-08,0.103,0.14217351377010345
Quinault,2019-05-09,0.095,0.1257506012916565
Quinault,2019-05-10,0.087,0.12489339709281921
Quinault,2019-05-11,0.08,0.11222624033689499
Quinault,2019-05-12,0.076,0.11204900592565536
Quinault,2019-05-13,0.073,0.11430231481790543
Quinault,2019-05-14,0.141,0.10679174214601517
Quinault,2019-05-15,0.185,0.12970416247844696
Quinault,2019-05-16,0.197,0.16158688068389893
Quinault,2019-05-17,0.188,0.17540395259857178
Quinault,2019-05-18,0.189,0.17569857835769653
Quinault,2019-05-19,0.185,0.1794791966676712
Quinault,2019-05-20,0.195,0.17553161084651947
Quinault,2019-05-21,0.191,0.17955203354358673
Quinault,2019-05-22,0.182,0.17963017523288727
Quinault,2019-05-23,0.168,0.1733127385377884
Quinault,2019-05-24,0.16,0.16576464474201202
Quinault,2019-05-25,0.173,0.15770334005355835
Quinault,2019-05-26,0.182,0.1595793515443802
Quinault,2019-05-27,0.171,0.15718702971935272
Quinault,2019-05-28,0.163,0.1567566692829132
Quinault,2019-05-29,0.156,0.14970970153808594
Quinault,2019-05-30,0.147,0.14845210313796997
Quinault,2019-05-31,0.145,0.1396998167037964
Quinault,2019-06-01,0.184,0.1430765688419342
Quinault,2019-06-02,0.178,0.1445227414369583
Quinault,2019-06-03,0.168,0.14489436149597168
Quinault,2019-06-04,0.157,0.13264228403568268
Quinault,2019-06-05,0.156,0.1309805065393448
Quinault,2019-06-06,0.175,0.14049135148525238
Quinault,2019-06-07,0.256,0.15299320220947266
Quinault,2019-06-08,0.239,0.13479715585708618
Quinault,2019-06-09,0.222,0.17939986288547516
Quinault,2019-06-10,0.209,0.17831788957118988
Quinault,2019-06-11,0.196,0.1771164983510971
Quinault,2019-06-12,0.184,0.16681087017059326
Quinault,2019-06-13,0.172,0.14389365911483765
Quinault,2019-06-14,0.164,0.14307363331317902
Quinault,2019-06-15,0.156,0.12182492017745972
Quinault,2019-06-16,0.148,0.10725492238998413
Quinault,2019-06-17,0.141,0.10889016091823578
Quinault,2019-06-18,0.135,0.10454170405864716
Quinault,2019-06-19,0.13,0.09677136689424515
Quinault,2019-06-20,0.127,0.10890061408281326
Quinault,2019-06-21,0.124,0.11932989209890366
Quinault,2019-06-22,0.121,0.114928238093853
Quinault,2019-06-23,0.117,0.10545235127210617
Quinault,2019-06-24,0.114,0.1003354862332344
Quinault,2019-06-25,0.112,0.09609455615282059
Quinault,2019-06-26,0.127,0.10359860211610794
Quinault,2019-06-27,0.216,0.11938439309597015
Quinault,2019-06-28,0.211,0.12665674090385437
Quinault,2019-06-29,0.19,0.1324620097875595
Quinault,2019-06-30,0.176,0.1551373153924942
Quinault,2019-07-01,0.164,0.15480682253837585
Quinault,2019-07-02,0.157,0.13949447870254517
Quinault,2019-07-03,0.152,0.1399906575679779
Quinault,2019-07-04,0.144,0.14590173959732056
Quinault,2019-07-05,0.14,0.13806970417499542
Quinault,2019-07-06,0.136,0.138174369931221
Quinault,2019-07-07,0.132,0.13541385531425476
Quinault,2019-07-08,0.13,0.13318362832069397
Quinault,2019-07-09,0.14,0.13342849910259247
Quinault,2019-07-10,0.242,0.13670587539672852
Quinault,2019-07-11,0.232,0.14312361180782318
Quinault,2019-07-12,0.212,0.18839503824710846
Quinault,2019-07-13,0.199,0.19344259798526764
Quinault,2019-07-14,0.189,0.19393041729927063
Quinault,2019-07-15,0.181,0.19232505559921265
Quinault,2019-07-16,0.176,0.18586277961730957
Quinault,2019-07-17,0.236,0.18249914050102234
Quinault,2019-07-18,0.236,0.19684137403964996
Quinault,2019-07-19,0.224,0.1923472285270691
Quinault,2019-07-20,0.213,0.18873156607151031
Quinault,2019-07-21,0.203,0.18652164936065674
Quinault,2019-07-22,0.194,0.18169033527374268
Quinault,2019-07-23,0.187,0.17174991965293884
Quinault,2019-07-24,0.182,0.16849133372306824
Quinault,2019-07-25,0.174,0.17000503838062286
Quinault,2019-07-26,0.166,0.16637326776981354
Quinault,2019-07-27,0.194,0.1632799357175827
Quinault,2019-07-28,0.187,0.16731901466846466
Quinault,2019-07-29,0.177,0.1754695475101471
Quinault,2019-07-30,0.169,0.17106835544109344
Quinault,2019-07-31,0.162,0.17015011608600616
Quinault,2019-08-01,0.165,0.17364925146102905
Quinault,2019-08-02,0.245,0.17931480705738068
Quinault,2019-08-03,0.218,0.1759072095155716
Quinault,2019-08-04,0.206,0.16828766465187073
Quinault,2019-08-05,0.197,0.17551638185977936
Quinault,2019-08-06,0.19,0.1809595823287964
Quinault,2019-08-07,0.186,0.18123993277549744
Quinault,2019-08-08,0.183,0.1759640872478485
Quinault,2019-08-09,0.179,0.17511406540870667
Quinault,2019-08-10,0.198,0.17697030305862427
Quinault,2019-08-11,0.226,0.17951643466949463
Quinault,2019-08-12,0.243,0.1881260871887207
Quinault,2019-08-13,0.225,0.1895175576210022
Quinault,2019-08-14,0.212,0.18800076842308044
Quinault,2019-08-15,0.204,0.17586874961853027
Quinault,2019-08-16,0.197,0.17822220921516418
Quinault,2019-08-17,0.19,0.17072813212871552
Quinault,2019-08-18,0.183,0.16776232421398163
Quinault,2019-08-19,0.177,0.15841107070446014
Quinault,2019-08-20,0.171,0.1454824060201645
Quinault,2019-08-21,0.245,0.1310865432024002
Quinault,2019-08-22,0.238,0.16885791718959808
Quinault,2019-08-23,0.226,0.18866057693958282
Quinault,2019-08-24,0.217,0.19146263599395752
Quinault,2019-08-25,0.208,0.18994882702827454
Quinault,2019-08-26,0.199,0.18388333916664124
Quinault,2019-08-27,0.191,0.17534178495407104
Quinault,2019-08-28,0.183,0.1744135022163391
Quinault,2019-08-29,0.177,0.16557681560516357
Quinault,2019-08-30,0.175,0.16472549736499786
Quinault,2019-08-31,0.178,0.1709045171737671
Quinault,2019-09-01,0.18,0.1737329363822937
Quinault,2019-09-02,0.178,0.18460723757743835
Quinault,2019-09-03,0.176,0.18515580892562866
Quinault,2019-09-04,0.174,0.18471994996070862
Quinault,2019-09-05,0.171,0.18398120999336243
Quinault,2019-09-06,0.168,0.1819438636302948
Quinault,2019-09-07,0.168,0.18007928133010864
Quinault,2019-09-08,0.197,0.17118287086486816
Quinault,2019-09-09,0.232,0.18582695722579956
Quinault,2019-09-10,0.23,0.19399558007717133
Quinault,2019-09-11,0.22,0.20061635971069336
Quinault,2019-09-12,0.233,0.20896753668785095
Quinault,2019-09-13,0.269,0.20815317332744598
Quinault,2019-09-14,0.278,0.21198314428329468
Quinault,2019-09-15,0.268,0.2148013710975647
Quinault,2019-09-16,0.264,0.24393144249916077
Quinault,2019-09-17,0.277,0.24744176864624023
Quinault,2019-09-18,0.258,0.23266446590423584
Quinault,2019-09-19,0.25,0.22579659521579742
Quinault,2019-09-20,0.242,0.22488278150558472
Quinault,2019-09-21,0.236,0.22445787489414215
Quinault,2019-09-22,0.265,0.2256213128566742
Quinault,2019-09-23,0.268,0.22488611936569214
Quinault,2019-09-24,0.259,0.21871374547481537
Quinault,2019-09-25,0.243,0.21819671988487244
Quinault,2019-09-26,0.26,0.21885839104652405
Quinault,2019-09-27,0.243,0.22830955684185028
Quinault,2019-09-28,0.235,0.2298082411289215
Quinault,2019-09-29,0.229,0.23294426500797272
Quinault,2019-09-30,0.223,0.231818288564682
Quinault,2019-10-01,0.217,0.22958897054195404
Quinault,2019-10-02,0.213,0.21988725662231445
Quinault,2019-10-03,0.251,0.22148984670639038
Quinault,2019-10-04,0.273,0.23102721571922302
Quinault,2019-10-05,0.253,0.23333199322223663
Quinault,2019-10-06,0.243,0.23324896395206451
Quinault,2019-10-07,0.264,0.23686325550079346
Quinault,2019-10-08,0.265,0.23994342982769012
Quinault,2019-10-09,0.247,0.24555425345897675
Quinault,2019-10-10,0.238,0.2453441023826599
Quinault,2019-10-11,0.232,0.2445087730884552
Quinault,2019-10-12,0.229,0.23757435381412506
Quinault,2019-10-13,0.226,0.23350407183170319
Quinault,2019-10-14,0.222,0.23207566142082214
Quinault,2019-10-15,0.236,0.23361942172050476
Quinault,2019-10-16,0.286,0.23930442333221436
Quinault,2019-10-17,0.293,0.24752216041088104
Quinault,2019-10-18,0.289,0.2478405237197876
Quinault,2019-10-19,0.276,0.2531099021434784
Quinault,2019-10-20,0.275,0.25249677896499634
Quinault,2019-10-21,0.309,0.2505533695220947
Quinault,2019-10-22,0.268,0.24908728897571564
Quinault,2019-10-23,0.253,0.24185286462306976
Quinault,2019-10-24,0.247,0.24032104015350342
Quinault,2019-10-25,0.246,0.239835724234581
Quinault,2019-10-27,0.235,0.22869394719600677
Quinault,2019-10-28,0.231,0.23172521591186523
Quinault,2019-10-29,0.227,0.23072287440299988
Quinault,2019-10-30,0.224,0.2250748574733734
Quinault,2019-10-31,0.221,0.2218785136938095
Quinault,2019-11-01,0.22,0.21716563403606415
Quinault,2019-11-02,0.218,0.21524278819561005
Quinault,2019-11-03,0.216,0.21524278819561005
Quinault,2019-11-04,0.215,0.21874484419822693
Quinault,2019-11-05,0.215,0.2116069197654724
Quinault,2019-11-06,0.214,0.21268585324287415
Quinault,2019-11-07,0.213,0.22282066941261292
Quinault,2019-11-08,0.212,0.22393350303173065
Quinault,2019-11-09,0.245,0.22449061274528503
Quinault,2019-11-10,0.25,0.22816120088100433
Quinault,2019-11-11,0.243,0.2271486073732376
Quinault,2019-11-12,0.257,0.23932328820228577
Quinault,2019-11-13,0.249,0.24162378907203674
Quinault,2019-11-14,0.244,0.24945244193077087
Quinault,2019-11-15,0.278,0.25195610523223877
Quinault,2019-11-16,0.276,0.2547001838684082
Quinault,2019-11-17,0.291,0.2576104998588562
Quinault,2019-11-18,0.274,0.24745291471481323
Quinault,2019-11-19,0.274,0.24450452625751495
Quinault,2019-11-20,0.253,0.248176708817482
Quinault,2019-11-21,0.247,0.24803869426250458
Quinault,2019-11-22,0.243,0.25026121735572815
Quinault,2019-11-23,0.265,0.25027957558631897
Quinault,2019-11-24,0.272,0.25258564949035645
Quinault,2019-11-25,0.264,0.2527979016304016
Quinault,2019-11-26,0.253,0.2512959837913513
Quinault,2019-11-27,0.248,0.2493589073419571
Quinault,2019-11-28,0.242,0.2486162930727005
Quinault,2019-11-29,0.239,0.24346448481082916
Quinault,2019-11-30,0.287,0.24322959780693054
Quinault,2019-12-01,0.272,0.240168496966362
Quinault,2019-12-02,0.258,0.23815378546714783
Quinault,2019-12-03,0.271,0.24236808717250824
Quinault,2019-12-04,0.276,0.24357126653194427
Quinault,2019-12-05,0.257,0.24432191252708435
Quinault,2019-12-06,0.262,0.23858927190303802
Quinault,2019-12-07,0.282,0.24302200973033905
Quinault,2019-12-08,0.258,0.2485455870628357
Quinault,2019-12-09,0.251,0.24813959002494812
Quinault,2019-12-10,0.266,0.24432191252708435
Quinault,2019-12-11,0.284,0.23858927190303802
Quinault,2019-12-12,0.298,0.24161434173583984
Quinault,2019-12-13,0.28,0.26528695225715637
Quinault,2019-12-14,0.261,0.269024521112442
Quinault,2019-12-15,0.253,0.27437570691108704
Quinault,2019-12-16,0.276,0.2783881425857544
Quinault,2019-12-17,0.264,0.27652639150619507
Quinault,2019-12-18,0.28,0.2776084244251251
Quinault,2019-12-19,0.308,0.27882853150367737
Quinault,2019-12-20,0.309,0.28150030970573425
Quinault,2019-12-21,0.288,0.27006974816322327
Quinault,2019-12-22,0.274,0.26122692227363586
Quinault,2019-12-23,0.263,0.25830331444740295
Quinault,2019-12-24,0.267,0.2623762786388397
Quinault,2019-12-25,0.27,0.25646185874938965
Quinault,2019-12-26,0.262,0.2530768811702728
Quinault,2019-12-27,0.274,0.24971774220466614
Quinault,2019-12-28,0.265,0.2526782751083374
Quinault,2019-12-29,0.276,0.26143521070480347
Quinault,2019-12-30,0.27,0.2621018886566162
Quinault,2019-12-31,0.325,0.2715698480606079
Quinault,2020-01-01,0.3,0.28401869535446167
Quinault,2020-01-02,0.29,0.2707437574863434
Quinault,2020-01-03,0.307,0.269019216299057
Quinault,2020-01-04,0.299,0.26350459456443787
Quinault,2020-01-05,0.3,0.2576974928379059
Quinault,2020-01-06,0.361,0.2551155686378479
Quinault,2020-01-07,0.329,0.2577403485774994
Quinault,2020-01-08,0.289,0.2588055729866028
Quinault,2020-01-09,0.276,0.2577391564846039
Quinault,2020-01-10,0.319,0.2565220296382904
Quinault,2020-01-11,0.309,0.2553722858428955
Quinault,2020-01-12,0.319,0.24881723523139954
Quinault,2020-01-13,0.28,0.2473662793636322
Quinault,2020-01-14,0.274,0.24997113645076752
Quinault,2020-01-15,0.288,0.25016161799430847
Quinault,2020-01-16,0.292,0.25172698497772217
Quinault,2020-01-17,0.273,0.26111868023872375
Quinault,2020-01-18,0.311,0.2644803822040558
Quinault,2020-01-19,0.301,0.2732521891593933
Quinault,2020-01-20,0.292,0.27044209837913513
Quinault,2020-01-21,0.325,0.27901986241340637
Quinault,2020-01-22,0.321,0.2766566276550293
Quinault,2020-01-23,0.361,0.2729513943195343
Quinault,2020-01-24,0.319,0.2678436040878296
Quinault,2020-01-25,0.292,0.26629817485809326
Quinault,2020-01-26,0.321,0.2646400034427643
Quinault,2020-01-27,0.308,0.2509883642196655
Quinault,2020-01-28,0.302,0.25217363238334656
Quinault,2020-01-29,0.309,0.2507186233997345
Quinault,2020-01-30,0.305,0.2452508509159088
Quinault,2020-01-31,0.347,0.24443461000919342
Quinault,2020-02-01,0.316,0.24749131500720978
Quinault,2020-02-02,0.287,0.24947629868984222
Quinault,2020-02-03,0.283,0.24861487746238708
Quinault,2020-02-04,0.298,0.2475571483373642
Quinault,2020-02-05,0.316,0.2422790676355362
Quinault,2020-02-06,0.326,0.23568980395793915
Quinault,2020-02-07,0.318,0.2431097775697708
Quinault,2020-02-08,0.293,0.24509476125240326
Quinault,2020-02-09,0.265,0.24733522534370422
Quinault,2020-02-10,0.258,0.24733522534370422
Quinault,2020-02-11,0.255,0.24610216915607452
Quinault,2020-02-12,0.255,0.24386170506477356
Quinault,2020-02-13,0.276,0.2418767213821411
Quinault,2020-02-14,0.291,0.2397000789642334
Quinault,2020-02-15,0.305,0.24474170804023743
Quinault,2020-02-16,0.288,0.2424549162387848
Quinault,2020-02-17,0.275,0.2520439624786377
Quinault,2020-02-18,0.261,0.2530728578567505
Quinault,2020-02-19,0.255,0.250279039144516
Quinault,2020-02-20,0.25,0.2463030219078064
Quinault,2020-02-21,0.247,0.24056734144687653
Quinault,2020-02-22,0.272,0.24385374784469604
Quinault,2020-02-23,0.306,0.2420596480369568
Quinault,2020-02-24,0.273,0.24212412536144257
Quinault,2020-02-25,0.26,0.2424549162387848
Quinault,2020-02-26,0.26,0.23863059282302856
Quinault,2020-02-27,0.253,0.22715629637241364
Quinault,2020-02-28,0.271,0.22642430663108826
Quinault,2020-02-29,0.291,0.22907327115535736
Quinault,2020-03-01,0.265,0.22971008718013763
Quinault,2020-03-02,0.289,0.22940894961357117
Quinault,2020-03-03,0.296,0.22959116101264954
Quinault,2020-03-04,0.28,0.23336584866046906
Quinault,2020-03-05,0.286,0.24284537136554718
Quinault,2020-03-06,0.28,0.24473309516906738
Quinault,2020-03-07,0.283,0.24691496789455414
Quinault,2020-03-08,0.266,0.2473699450492859
Quinault,2020-03-09,0.258,0.24311986565589905
Quinault,2020-03-10,0.272,0.2428504228591919
Quinault,2020-03-11,0.28,0.23808835446834564
Quinault,2020-03-12,0.26,0.23692195117473602
Quinault,2020-03-13,0.271,0.23262284696102142
Quinault,2020-03-14,0.263,0.2369862198829651
Quinault,2020-03-15,0.255,0.2352934181690216
Quinault,2020-03-16,0.249,0.2320471554994583
Quinault,2020-03-17,0.244,0.23534022271633148
Quinault,2020-03-18,0.24,0.23744992911815643
Quinault,2020-03-19,0.236,0.23651845753192902
Quinault,2020-03-20,0.233,0.23259633779525757
Quinault,2020-03-21,0.23,0.23427827656269073
Quinault,2020-03-22,0.227,0.2306714504957199
Quinault,2020-03-23,0.283,0.2364789843559265
Quinault,2020-03-24,0.288,0.2261364758014679
Quinault,2020-03-25,0.266,0.2206132411956787
Quinault,2020-03-26,0.263,0.22217053174972534
Quinault,2020-03-27,0.295,0.22158707678318024
Quinault,2020-03-28,0.314,0.22171516716480255
Quinault,2020-03-29,0.299,0.23264524340629578
Quinault,2020-03-30,0.306,0.2377140074968338
Quinault,2020-03-31,0.291,0.2455928474664688
Quinault,2020-04-01,0.28,0.24386855959892273
Quinault,2020-04-02,0.271,0.24564148485660553
Quinault,2020-04-03,0.274,0.247658833861351
Quinault,2020-04-04,0.266,0.24546951055526733
Quinault,2020-04-05,0.256,0.24179765582084656
Quinault,2020-04-06,0.249,0.2406572699546814
Quinault,2020-04-07,0.242,0.24035951495170593
Quinault,2020-04-08,0.236,0.2398642599582672
Quinault,2020-04-09,0.231,0.23956036567687988
Quinault,2020-04-10,0.226,0.2372075617313385
Quinault,2020-04-11,0.221,0.23498864471912384
Quinault,2020-04-12,0.215,0.2331877201795578
Quinault,2020-04-13,0.207,0.2319418489933014
Quinault,2020-04-14,0.201,0.2181871235370636
Quinault,2020-04-15,0.196,0.20144228637218475
Quinault,2020-04-16,0.189,0.20017670094966888
Quinault,2020-04-17,0.183,0.1704060584306717
Quinault,2020-04-18,0.179,0.15239588916301727
Quinault,2020-04-19,0.177,0.15860533714294434
Quinault,2020-04-20,0.173,0.1653304398059845
Quinault,2020-04-21,0.171,0.2069891393184662
Quinault,2020-04-22,0.244,0.22049561142921448
Quinault,2020-04-23,0.259,0.23698143661022186
Quinault,2020-04-24,0.24,0.24708189070224762
Quinault,2020-04-25,0.268,0.25635772943496704
Quinault,2020-04-26,0.265,0.2610674202442169
Quinault,2020-04-27,0.29,0.267917662858963
Quinault,2020-04-28,0.259,0.2699614465236664
Quinault,2020-04-29,0.264,0.26799941062927246
Quinault,2020-04-30,0.287,0.2541945278644562
Quinault,2020-05-01,0.262,0.2523617148399353
Quinault,2020-05-02,0.284,0.25359487533569336
Quinault,2020-05-03,0.275,0.24697375297546387
Quinault,2020-05-04,0.26,0.24408307671546936
Quinault,2020-05-05,0.262,0.24099420011043549
Quinault,2020-05-06,0.275,0.22864021360874176
Quinault,2020-05-07,0.251,0.22524632513523102
Quinault,2020-05-08,0.237,0.22458699345588684
Quinault,2020-05-09,0.225,0.22458699345588684
Quinault,2020-05-10,0.214,0.22458699345588684
Quinault,2020-05-11,0.209,0.21914339065551758
Quinault,2020-05-12,0.264,0.20688337087631226
Quinault,2020-05-13,0.285,0.20953738689422607
Quinault,2020-05-14,0.26,0.21605320274829865
Quinault,2020-05-15,0.245,0.2173609733581543
Quinault,2020-05-16,0.267,0.21883906424045563
Quinault,2020-05-17,0.268,0.22096416354179382
Quinault,2020-05-18,0.257,0.21544674038887024
Quinault,2020-05-19,0.252,0.2256111353635788
Quinault,2020-05-20,0.241,0.22609293460845947
Quinault,2020-05-21,0.267,0.22097541391849518
Quinault,2020-05-22,0.271,0.21952301263809204
Quinault,2020-05-23,0.252,0.22223228216171265
Quinault,2020-05-24,0.241,0.22052709758281708
Quinault,2020-05-25,0.266,0.22997784614562988
Quinault,2020-05-26,0.253,0.2259141355752945
Quinault,2020-05-27,0.237,0.22485581040382385
Quinault,2020-05-28,0.225,0.21644803881645203
Quinault,2020-05-29,0.212,0.19477520883083344
Quinault,2020-05-30,0.221,0.18941710889339447
Quinault,2020-05-31,0.241,0.1953190714120865
Quinault,2020-06-01,0.226,0.19083291292190552
Quinault,2020-06-02,0.215,0.1882646083831787
Quinault,2020-06-03,0.209,0.18823271989822388
Quinault,2020-06-04,0.201,0.18563497066497803
Quinault,2020-06-05,0.194,0.18563397228717804
Quinault,2020-06-06,0.207,0.1842450350522995
Quinault,2020-06-07,0.242,0.18802469968795776
Quinault,2020-06-08,0.235,0.1920783668756485
Quinault,2020-06-09,0.289,0.19201946258544922
Quinault,2020-06-10,0.263,0.186454176902771
Quinault,2020-06-11,0.251,0.1981142908334732
Quinault,2020-06-12,0.272,0.2070920765399933
Quinault,2020-06-13,0.272,0.21145400404930115
Quinault,2020-06-14,0.256,0.21056844294071198
Quinault,2020-06-15,0.278,0.21124973893165588
Quinault,2020-06-16,0.265,0.2154005467891693
Quinault,2020-06-17,0.253,0.2154005467891693
Quinault,2020-06-18,0.241,0.20921501517295837
Quinault,2020-06-19,0.23,0.20628765225410461
Quinault,2020-06-20,0.265,0.20386096835136414
Quinault,2020-06-21,0.258,0.203056201338768
Quinault,2020-06-22,0.241,0.20250238478183746
Quinault,2020-06-23,0.228,0.20269262790679932
Quinault,2020-06-24,0.218,0.19679908454418182
Quinault,2020-06-25,0.207,0.19108863174915314
Quinault,2020-06-26,0.195,0.19038428366184235
Quinault,2020-06-27,0.186,0.1805541217327118
Quinault,2020-06-28,0.182,0.1709173321723938
Quinault,2020-06-29,0.177,0.16963469982147217
Quinault,2020-06-30,0.172,0.16708119213581085
Quinault,2020-07-01,0.17,0.16504386067390442
Quinault,2020-07-02,0.169,0.1651967167854309
Quinault,2020-07-03,0.188,0.16530963778495789
Quinault,2020-07-04,0.184,0.16375572979450226
Quinault,2020-07-05,0.177,0.16294242441654205
Quinault,2020-07-06,0.171,0.16248025000095367
Quinault,2020-07-07,0.168,0.15215475857257843
Quinault,2020-07-08,0.165,0.14917951822280884
Quinault,2020-07-09,0.166,0.14880266785621643
Quinault,2020-07-10,0.168,0.1477944403886795
Quinault,2020-07-11,0.174,0.1428138166666031
Quinault,2020-07-12,0.226,0.13896562159061432
Quinault,2020-07-13,0.205,0.15888561308383942
Quinault,2020-07-14,0.189,0.15414199233055115
Quinault,2020-07-15,0.176,0.14869721233844757
Quinault,2020-07-16,0.166,0.14373590052127838
Quinault,2020-07-17,0.159,0.13176748156547546
Quinault,2020-07-18,0.152,0.11821788549423218
Quinault,2020-07-19,0.146,0.10963058471679688
Quinault,2020-07-20,0.14,0.10761286318302155
Quinault,2020-07-21,0.135,0.10783031582832336
Quinault,2020-07-22,0.131,0.10702669620513916
Quinault,2020-07-23,0.128,0.10702669620513916
Quinault,2020-07-24,0.124,0.10386630892753601
Quinault,2020-07-25,0.121,0.10074076056480408
Quinault,2020-07-26,0.117,0.10205172002315521
Quinault,2020-07-27,0.114,0.10886606574058533
Quinault,2020-07-28,0.111,0.10843847692012787
Quinault,2020-07-29,0.109,0.09889956563711166
Quinault,2020-07-30,0.107,0.08850286900997162
Quinault,2020-07-31,0.105,0.08155277371406555
Quinault,2020-08-01,0.105,0.08127163350582123
Quinault,2020-08-02,0.104,0.08107400685548782
Quinault,2020-08-03,0.103,0.08254529535770416
Quinault,2020-08-04,0.102,0.09609716385602951
Quinault,2020-08-05,0.102,0.1012987568974495
Quinault,2020-08-06,0.131,0.09897742420434952
Quinault,2020-08-07,0.13,0.0995107963681221
Quinault,2020-08-08,0.128,0.09795249998569489
Quinault,2020-08-09,0.124,0.09932740777730942
Quinault,2020-08-10,0.12,0.09619637578725815
Quinault,2020-08-11,0.115,0.09273681789636612
Quinault,2020-08-12,0.112,0.08068406581878662
Quinault,2020-08-13,0.108,0.0809168815612793
Quinault,2020-08-14,0.107,0.07267019152641296
Quinault,2020-08-15,0.104,0.06412918865680695
Quinault,2020-08-16,0.102,0.06250231713056564
Quinault,2020-08-17,0.101,0.06641896814107895
Quinault,2020-08-18,0.099,0.06269126385450363
Quinault,2020-08-19,0.098,0.06579094380140305
Quinault,2020-08-20,0.169,0.07959650456905365
Quinault,2020-08-21,0.216,0.09919558465480804
Quinault,2020-08-22,0.214,0.1431603878736496
Quinault,2020-08-23,0.201,0.1578918844461441
Quinault,2020-08-24,0.194,0.1747485250234604
Quinault,2020-08-25,0.187,0.1712198555469513
Quinault,2020-08-26,0.181,0.17119209468364716
Quinault,2020-08-27,0.175,0.16186080873012543
Quinault,2020-08-28,0.17,0.1568937748670578
Quinault,2020-08-29,0.166,0.14063815772533417
Quinault,2020-08-30,0.16,0.13985206186771393
Quinault,2020-08-31,0.156,0.1442776471376419
Quinault,2020-09-01,0.153,0.12981951236724854
Quinault,2020-09-02,0.149,0.12625132501125336
Quinault,2020-09-03,0.145,0.11275103688240051
Quinault,2020-09-04,0.142,0.11236019432544708
Quinault,2020-09-05,0.14,0.10571209341287613
Quinault,2020-09-06,0.137,0.11265909671783447
Quinault,2020-09-07,0.135,0.11376597732305527
Quinault,2020-09-08,0.13,0.11225897073745728
Quinault,2020-09-09,0.127,0.10957019031047821
Quinault,2020-09-10,0.124,0.10583454370498657
Quinault,2020-09-11,0.122,0.1066059023141861
Quinault,2020-09-12,0.122,0.10522723197937012
Quinault,2020-09-13,0.12,0.09377677738666534
Quinault,2020-09-14,0.12,0.09425310790538788
Quinault,2020-09-15,0.122,0.09640271216630936
Quinault,2020-09-16,0.134,0.09825364500284195
Quinault,2020-09-17,0.135,0.10108395665884018
Quinault,2020-09-18,0.148,0.11033888161182404
Quinault,2020-09-19,0.189,0.1417623609304428
Quinault,2020-09-20,0.198,0.14918534457683563
Quinault,2020-09-21,0.193,0.15195000171661377
Quinault,2020-09-22,0.202,0.1295069307088852
Quinault,2020-09-23,0.268,0.12931084632873535
Quinault,2020-09-24,0.27,0.19405172765254974
Quinault,2020-09-25,0.27,0.23315079510211945
Quinault,2020-09-26,0.249,0.2406458854675293
Quinault,2020-09-27,0.234,0.2239682525396347
Quinault,2020-09-28,0.224,0.22376982867717743
Quinault,2020-09-29,0.216,0.226553812623024
Quinault,2020-09-30,0.21,0.22619497776031494
Quinault,2020-10-01,0.206,0.22628070414066315
Quinault,2020-10-02,0.202,0.21944454312324524
Quinault,2020-10-03,0.199,0.21965637803077698
Quinault,2020-10-04,0.197,0.21888066828250885
Quinault,2020-10-05,0.194,0.22076305747032166
Quinault,2020-10-06,0.189,0.22106996178627014
Quinault,2020-10-07,0.184,0.2173362672328949
Quinault,2020-10-08,0.182,0.2173362672328949
Quinault,2020-10-09,0.207,0.21585005521774292
Quinault,2020-10-10,0.27,0.21842697262763977
Quinault,2020-10-11,0.271,0.22688913345336914
Quinault,2020-10-12,0.246,0.221908301115036
Quinault,2020-10-13,0.275,0.2258014678955078
Quinault,2020-10-14,0.253,0.24107380211353302
Quinault,2020-10-15,0.234,0.24211233854293823
Quinault,2020-10-16,0.253,0.22291800379753113
Quinault,2020-10-17,0.24,0.22742711007595062
Quinault,2020-10-18,0.258,0.21820297837257385
Quinault,2020-10-19,0.241,0.216280996799469
Quinault,2020-10-20,0.232,0.22888052463531494
Quinault,2020-10-21,0.226,0.23201654851436615
Quinault,2020-10-22,0.222,0.22954219579696655
Quinault,2020-10-23,0.247,0.2343018651008606
Quinault,2020-10-24,0.247,0.2385580986738205
Quinault,2020-10-25,0.236,0.2397158145904541
Quinault,2020-10-26,0.23,0.2413591891527176
Quinault,2020-10-27,0.226,0.24284331500530243
Quinault,2020-10-28,0.224,0.24378904700279236
Quinault,2020-10-29,0.222,0.24848178029060364
Quinault,2020-10-30,0.255,0.24744068086147308
Quinault,2020-10-31,0.235,0.2467603236436844
Quinault,2020-11-01,0.229,0.24522286653518677
Quinault,2020-11-02,0.224,0.24102245271205902
Quinault,2020-11-03,0.277,0.23406833410263062
Quinault,2020-11-04,0.289,0.2490559220314026
Quinault,2020-11-05,0.27,0.25156593322753906
Quinault,2020-11-06,0.243,0.25107070803642273
Quinault,2020-11-07,0.234,0.25260254740715027
Quinault,2020-11-08,0.228,0.25260254740715027
Quinault,2020-11-09,0.24,0.24898859858512878
Quinault,2020-11-10,0.277,0.24127724766731262
Quinault,2020-11-11,0.248,0.2397875189781189
Quinault,2020-11-12,0.271,0.23743164539337158
Quinault,2020-11-13,0.292,0.24602895975112915
Quinault,2020-11-14,0.281,0.24906836450099945
Quinault,2020-11-15,0.277,0.251723974943161
Quinault,2020-11-16,0.273,0.2541952431201935
Quinault,2020-11-17,0.286,0.24927222728729248
Quinault,2020-11-18,0.297,0.25077468156814575
Quinault,2020-11-19,0.285,0.25126004219055176
Quinault,2020-11-20,0.29,0.25126004219055176
Quinault,2020-11-21,0.262,0.249187633395195
Quinault,2020-11-22,0.261,0.24969251453876495
Quinault,2020-11-23,0.27,0.25234341621398926
Quinault,2020-11-24,0.282,0.2495908886194229
Quinault,2020-11-25,0.276,0.251770943403244
Quinault,2020-11-26,0.26,0.2498173713684082
Quinault,2020-11-27,0.272,0.25035175681114197
Quinault,2020-11-28,0.26,0.2522870600223541
Quinault,2020-11-29,0.247,0.25248661637306213
Quinault,2020-11-30,0.277,0.25650179386138916
Quinault,2020-12-01,0.249,0.256279855966568
Quinault,2020-12-02,0.244,0.25584009289741516
Quinault,2020-12-03,0.242,0.255022257566452
Quinault,2020-12-04,0.239,0.2543494403362274
Quinault,2020-12-05,0.237,0.24878083169460297
Quinault,2020-12-06,0.26,0.24634170532226562
Quinault,2020-12-07,0.265,0.24634170532226562
Quinault,2020-12-08,0.29,0.24702227115631104
Quinault,2020-12-09,0.262,0.25399690866470337
Quinault,2020-12-10,0.261,0.2594599425792694
Quinault,2020-12-11,0.267,0.2543685734272003
Quinault,2020-12-12,0.25,0.24970243871212006
Quinault,2020-12-13,0.288,0.24899758398532867
Quinault,2020-12-14,0.275,0.2540492117404938
Quinault,2020-12-15,0.287,0.2513006627559662
Quinault,2020-12-16,0.288,0.2545395791530609
Quinault,2020-12-17,0.287,0.25485703349113464
Quinault,2020-12-18,0.294,0.25405722856521606
Quinault,2020-12-19,0.286,0.2538352906703949
Quinault,2020-12-20,0.272,0.2541677951812744
Quinault,2020-12-21,0.295,0.2536807060241699
Quinault,2020-12-22,0.264,0.2541677951812744
Quinault,2020-12-23,0.252,0.25312668085098267
Quinault,2020-12-24,0.248,0.2485891580581665
Quinault,2020-12-25,0.285,0.2485891580581665
Quinault,2020-12-26,0.296,0.24243590235710144
Quinault,2020-12-27,0.287,0.24784837663173676
Quinault,2020-12-28,0.255,0.24888728559017181
Quinault,2020-12-29,0.267,0.2506229281425476
Quinault,2020-12-30,0.309,0.24708324670791626
Quinault,2020-12-31,0.29,0.25025081634521484
SourdoughGulch_WA_985,2017-01-11,0.3,0.284140408039093
SourdoughGulch_WA_985,2017-01-12,0.302,0.2910947799682617
SourdoughGulch_WA_985,2017-01-13,0.303,0.2912665009498596
SourdoughGulch_WA_985,2017-01-14,0.303,0.2909941077232361
SourdoughGulch_WA_985,2017-01-15,0.301,0.29486793279647827
SourdoughGulch_WA_985,2017-01-16,0.3,0.2992498278617859
SourdoughGulch_WA_985,2017-01-17,0.299,0.30271562933921814
SourdoughGulch_WA_985,2017-01-18,0.298,0.2937038838863373
SourdoughGulch_WA_985,2017-01-19,0.298,0.2930530607700348
SourdoughGulch_WA_985,2017-01-20,0.311,0.30611923336982727
SourdoughGulch_WA_985,2017-01-21,0.317,0.3083927035331726
SourdoughGulch_WA_985,2017-01-22,0.318,0.3083927035331726
SourdoughGulch_WA_985,2017-01-23,0.319,0.30932852625846863
SourdoughGulch_WA_985,2017-01-24,0.318,0.3092505633831024
SourdoughGulch_WA_985,2017-01-25,0.317,0.30708521604537964
SourdoughGulch_WA_985,2017-01-26,0.315,0.30604830384254456
SourdoughGulch_WA_985,2017-01-27,0.314,0.30370819568634033
SourdoughGulch_WA_985,2017-01-28,0.313,0.3052319884300232
SourdoughGulch_WA_985,2017-01-29,0.311,0.30625206232070923
SourdoughGulch_WA_985,2017-01-30,0.31,0.3068852424621582
SourdoughGulch_WA_985,2017-01-31,0.309,0.2948312759399414
SourdoughGulch_WA_985,2017-02-01,0.309,0.2937908172607422
SourdoughGulch_WA_985,2017-02-02,0.31,0.2937908172607422
SourdoughGulch_WA_985,2017-02-03,0.308,0.2915712594985962
SourdoughGulch_WA_985,2017-02-04,0.306,0.29537099599838257
SourdoughGulch_WA_985,2017-02-05,0.309,0.29537099599838257
SourdoughGulch_WA_985,2017-02-06,0.34,0.29279792308807373
SourdoughGulch_WA_985,2017-02-07,0.339,0.2929534614086151
SourdoughGulch_WA_985,2017-02-08,0.333,0.3005100190639496
SourdoughGulch_WA_985,2017-02-09,0.331,0.3143078684806824
SourdoughGulch_WA_985,2017-02-10,0.356,0.31939396262168884
SourdoughGulch_WA_985,2017-02-11,0.343,0.31939396262168884
SourdoughGulch_WA_985,2017-02-12,0.334,0.31939396262168884
SourdoughGulch_WA_985,2017-02-13,0.324,0.31736117601394653
SourdoughGulch_WA_985,2017-02-14,0.318,0.3127641975879669
SourdoughGulch_WA_985,2017-02-15,0.319,0.3066377341747284
SourdoughGulch_WA_985,2017-02-16,0.354,0.30273324251174927
SourdoughGulch_WA_985,2017-02-17,0.358,0.3016839623451233
SourdoughGulch_WA_985,2017-02-18,0.348,0.29460716247558594
SourdoughGulch_WA_985,2017-02-19,0.355,0.30300208926200867
SourdoughGulch_WA_985,2017-02-20,0.342,0.31550315022468567
SourdoughGulch_WA_985,2017-02-21,0.353,0.31503531336784363
SourdoughGulch_WA_985,2017-02-22,0.353,0.2949971854686737
SourdoughGulch_WA_985,2017-02-23,0.336,0.2830648422241211
SourdoughGulch_WA_985,2017-02-24,0.315,0.28015708923339844
SourdoughGulch_WA_985,2017-02-25,0.293,0.27917686104774475
SourdoughGulch_WA_985,2017-02-26,0.264,0.2759484052658081
SourdoughGulch_WA_985,2017-02-27,0.26,0.2919866740703583
SourdoughGulch_WA_985,2017-02-28,0.284,0.26859956979751587
SourdoughGulch_WA_985,2017-03-01,0.293,0.27923938632011414
SourdoughGulch_WA_985,2017-03-02,0.296,0.2807384431362152
SourdoughGulch_WA_985,2017-03-03,0.298,0.27060264348983765
SourdoughGulch_WA_985,2017-03-04,0.321,0.2710813581943512
SourdoughGulch_WA_985,2017-03-05,0.329,0.28175944089889526
SourdoughGulch_WA_985,2017-03-06,0.327,0.2925073206424713
SourdoughGulch_WA_985,2017-03-07,0.327,0.29199907183647156
SourdoughGulch_WA_985,2017-03-08,0.325,0.2905915081501007
SourdoughGulch_WA_985,2017-03-09,0.343,0.2905915081501007
SourdoughGulch_WA_985,2017-03-10,0.353,0.2917092740535736
SourdoughGulch_WA_985,2017-03-11,0.356,0.2912333607673645
SourdoughGulch_WA_985,2017-03-12,0.357,0.2863450050354004
SourdoughGulch_WA_985,2017-03-13,0.357,0.30122339725494385
SourdoughGulch_WA_985,2017-03-14,0.352,0.30635368824005127
SourdoughGulch_WA_985,2017-03-15,0.35,0.3067716360092163
SourdoughGulch_WA_985,2017-03-16,0.344,0.30963432788848877
SourdoughGulch_WA_985,2017-03-17,0.343,0.30294114351272583
SourdoughGulch_WA_985,2017-03-18,0.339,0.2973324954509735
SourdoughGulch_WA_985,2017-03-19,0.358,0.2992771863937378
SourdoughGulch_WA_985,2017-03-20,0.341,0.2967859208583832
SourdoughGulch_WA_985,2017-03-21,0.338,0.2978213429450989
SourdoughGulch_WA_985,2017-03-22,0.339,0.29463040828704834
SourdoughGulch_WA_985,2017-03-23,0.349,0.2910888195037842
SourdoughGulch_WA_985,2017-03-24,0.341,0.2929554879665375
SourdoughGulch_WA_985,2017-03-25,0.339,0.2929554879665375
SourdoughGulch_WA_985,2017-03-26,0.354,0.28843480348587036
SourdoughGulch_WA_985,2017-03-27,0.342,0.29137343168258667
SourdoughGulch_WA_985,2017-03-28,0.34,0.3056202232837677
SourdoughGulch_WA_985,2017-03-29,0.334,0.31048640608787537
SourdoughGulch_WA_985,2017-03-30,0.345,0.31485456228256226
SourdoughGulch_WA_985,2017-03-31,0.344,0.31485456228256226
SourdoughGulch_WA_985,2017-04-01,0.338,0.3062823712825775
SourdoughGulch_WA_985,2017-04-02,0.336,0.3036283552646637
SourdoughGulch_WA_985,2017-04-03,0.331,0.3080028295516968
SourdoughGulch_WA_985,2017-04-04,0.326,0.3074623942375183
SourdoughGulch_WA_985,2017-04-05,0.325,0.2992405593395233
SourdoughGulch_WA_985,2017-04-06,0.326,0.3068295419216156
SourdoughGulch_WA_985,2017-04-07,0.322,0.30026012659072876
SourdoughGulch_WA_985,2017-04-08,0.327,0.3089815080165863
SourdoughGulch_WA_985,2017-04-09,0.329,0.31567904353141785
SourdoughGulch_WA_985,2017-04-10,0.34,0.3183303475379944
SourdoughGulch_WA_985,2017-04-11,0.337,0.3183303475379944
SourdoughGulch_WA_985,2017-04-12,0.333,0.3173281252384186
SourdoughGulch_WA_985,2017-04-13,0.334,0.31903690099716187
SourdoughGulch_WA_985,2017-04-14,0.348,0.31903690099716187
SourdoughGulch_WA_985,2017-04-15,0.34,0.31903690099716187
SourdoughGulch_WA_985,2017-04-16,0.335,0.3220858573913574
SourdoughGulch_WA_985,2017-04-17,0.336,0.3198941648006439
SourdoughGulch_WA_985,2017-04-18,0.338,0.32299336791038513
SourdoughGulch_WA_985,2017-04-19,0.344,0.32434335350990295
SourdoughGulch_WA_985,2017-04-20,0.341,0.32434335350990295
SourdoughGulch_WA_985,2017-04-21,0.341,0.32499176263809204
SourdoughGulch_WA_985,2017-04-22,0.335,0.32499176263809204
SourdoughGulch_WA_985,2017-04-23,0.333,0.32434335350990295
SourdoughGulch_WA_985,2017-04-24,0.352,0.324747771024704
SourdoughGulch_WA_985,2017-04-25,0.357,0.3260132372379303
SourdoughGulch_WA_985,2017-04-26,0.354,0.32532769441604614
SourdoughGulch_WA_985,2017-04-27,0.35,0.32711392641067505
SourdoughGulch_WA_985,2017-04-28,0.345,0.3264283835887909
SourdoughGulch_WA_985,2017-04-29,0.339,0.3257322907447815
SourdoughGulch_WA_985,2017-04-30,0.337,0.32518869638442993
SourdoughGulch_WA_985,2017-05-01,0.334,0.3247207701206207
SourdoughGulch_WA_985,2017-05-02,0.333,0.3249259293079376
SourdoughGulch_WA_985,2017-05-03,0.341,0.32097533345222473
SourdoughGulch_WA_985,2017-05-04,0.343,0.3176584541797638
SourdoughGulch_WA_985,2017-05-05,0.34,0.3120289146900177
SourdoughGulch_WA_985,2017-05-06,0.37,0.3138212561607361
SourdoughGulch_WA_985,2017-05-07,0.355,0.31189683079719543
SourdoughGulch_WA_985,2017-05-08,0.35,0.3203239440917969
SourdoughGulch_WA_985,2017-05-09,0.345,0.3210700750350952
SourdoughGulch_WA_985,2017-05-10,0.34,0.31017419695854187
SourdoughGulch_WA_985,2017-05-11,0.335,0.3016195595264435
SourdoughGulch_WA_985,2017-05-12,0.329,0.30100342631340027
SourdoughGulch_WA_985,2017-05-13,0.347,0.30283087491989136
SourdoughGulch_WA_985,2017-05-14,0.356,0.31657060980796814
SourdoughGulch_WA_985,2017-05-15,0.359,0.3200274705886841
SourdoughGulch_WA_985,2017-05-16,0.351,0.3192078769207001
SourdoughGulch_WA_985,2017-05-17,0.354,0.32264190912246704
SourdoughGulch_WA_985,2017-05-18,0.355,0.32593655586242676
SourdoughGulch_WA_985,2017-05-19,0.352,0.33113807439804077
SourdoughGulch_WA_985,2017-05-20,0.348,0.3297729194164276
SourdoughGulch_WA_985,2017-05-21,0.35,0.3295711278915405
SourdoughGulch_WA_985,2017-05-22,0.347,0.3221917748451233
SourdoughGulch_WA_985,2017-05-23,0.341,0.32558804750442505
SourdoughGulch_WA_985,2017-05-24,0.334,0.3249480724334717
SourdoughGulch_WA_985,2017-05-25,0.319,0.30980345606803894
SourdoughGulch_WA_985,2017-05-26,0.309,0.2956484258174896
SourdoughGulch_WA_985,2017-05-27,0.305,0.2937794029712677
SourdoughGulch_WA_985,2017-05-28,0.299,0.28526678681373596
SourdoughGulch_WA_985,2017-05-29,0.289,0.28114625811576843
SourdoughGulch_WA_985,2017-05-30,0.278,0.27799278497695923
SourdoughGulch_WA_985,2017-05-31,0.265,0.27573269605636597
SourdoughGulch_WA_985,2017-06-01,0.253,0.27247217297554016
SourdoughGulch_WA_985,2017-06-02,0.253,0.28584590554237366
SourdoughGulch_WA_985,2017-06-03,0.277,0.2868974208831787
SourdoughGulch_WA_985,2017-06-04,0.277,0.2938224673271179
SourdoughGulch_WA_985,2017-06-05,0.268,0.2792019844055176
SourdoughGulch_WA_985,2017-06-06,0.291,0.28698885440826416
SourdoughGulch_WA_985,2017-06-07,0.289,0.28426796197891235
SourdoughGulch_WA_985,2017-06-08,0.283,0.29031893610954285
SourdoughGulch_WA_985,2017-06-09,0.268,0.30707433819770813
SourdoughGulch_WA_985,2017-06-10,0.354,0.31586116552352905
SourdoughGulch_WA_985,2017-06-11,0.341,0.322851300239563
SourdoughGulch_WA_985,2017-06-12,0.35,0.3187309801578522
SourdoughGulch_WA_985,2017-06-13,0.34,0.32181480526924133
SourdoughGulch_WA_985,2017-06-14,0.331,0.31913232803344727
SourdoughGulch_WA_985,2017-06-15,0.323,0.3178250193595886
SourdoughGulch_WA_985,2017-06-16,0.317,0.3104567527770996
SourdoughGulch_WA_985,2017-06-17,0.323,0.3125777542591095
SourdoughGulch_WA_985,2017-06-18,0.322,0.30263617634773254
SourdoughGulch_WA_985,2017-06-19,0.318,0.304106205701828
SourdoughGulch_WA_985,2017-06-20,0.313,0.2823016047477722
SourdoughGulch_WA_985,2017-06-21,0.306,0.2755814492702484
SourdoughGulch_WA_985,2017-06-22,0.294,0.2786708176136017
SourdoughGulch_WA_985,2017-06-23,0.276,0.28080034255981445
SourdoughGulch_WA_985,2017-06-24,0.278,0.2849530577659607
SourdoughGulch_WA_985,2017-06-25,0.27,0.2828376889228821
SourdoughGulch_WA_985,2017-06-26,0.26,0.2763717770576477
SourdoughGulch_WA_985,2017-06-27,0.251,0.2855384051799774
SourdoughGulch_WA_985,2017-06-28,0.311,0.2843230664730072
SourdoughGulch_WA_985,2017-06-29,0.298,0.28732016682624817
SourdoughGulch_WA_985,2017-06-30,0.288,0.28046077489852905
SourdoughGulch_WA_985,2017-07-01,0.281,0.27545681595802307
SourdoughGulch_WA_985,2017-07-02,0.27,0.27259472012519836
SourdoughGulch_WA_985,2017-07-03,0.261,0.26872244477272034
SourdoughGulch_WA_985,2017-07-04,0.248,0.24626702070236206
SourdoughGulch_WA_985,2017-07-05,0.229,0.22385714948177338
SourdoughGulch_WA_985,2017-07-06,0.215,0.217458575963974
SourdoughGulch_WA_985,2017-07-07,0.199,0.21794697642326355
SourdoughGulch_WA_985,2017-07-08,0.185,0.21263475716114044
SourdoughGulch_WA_985,2017-07-09,0.174,0.1731504499912262
SourdoughGulch_WA_985,2017-07-10,0.164,0.17660868167877197
SourdoughGulch_WA_985,2017-07-11,0.153,0.18118712306022644
SourdoughGulch_WA_985,2017-07-12,0.15,0.2071312814950943
SourdoughGulch_WA_985,2017-07-13,0.148,0.16489318013191223
SourdoughGulch_WA_985,2017-07-14,0.144,0.16362108290195465
SourdoughGulch_WA_985,2017-07-15,0.141,0.15673211216926575
SourdoughGulch_WA_985,2017-07-16,0.135,0.15859943628311157
SourdoughGulch_WA_985,2017-07-17,0.134,0.15928006172180176
SourdoughGulch_WA_985,2017-07-18,0.125,0.15807773172855377
SourdoughGulch_WA_985,2017-07-19,0.123,0.14474719762802124
SourdoughGulch_WA_985,2017-07-20,0.119,0.11657503992319107
SourdoughGulch_WA_985,2017-07-21,0.119,0.10893933475017548
SourdoughGulch_WA_985,2017-07-22,0.111,0.10477238893508911
SourdoughGulch_WA_985,2017-07-23,0.114,0.10690313577651978
SourdoughGulch_WA_985,2017-07-24,0.111,0.0952773317694664
SourdoughGulch_WA_985,2017-07-25,0.105,0.08502790331840515
SourdoughGulch_WA_985,2017-07-26,0.102,0.07761736214160919
SourdoughGulch_WA_985,2017-07-27,0.098,0.06827306002378464
SourdoughGulch_WA_985,2017-07-28,0.098,0.06194973737001419
SourdoughGulch_WA_985,2017-07-29,0.094,0.06401259452104568
SourdoughGulch_WA_985,2017-07-30,0.096,0.06522175669670105
SourdoughGulch_WA_985,2017-07-31,0.092,0.06952156871557236
SourdoughGulch_WA_985,2017-08-01,0.092,0.06942614912986755
SourdoughGulch_WA_985,2017-08-02,0.086,0.06655682623386383
SourdoughGulch_WA_985,2017-08-03,0.085,0.06347843259572983
SourdoughGulch_WA_985,2017-08-04,0.084,0.06475024670362473
SourdoughGulch_WA_985,2017-08-05,0.08,0.0612909160554409
SourdoughGulch_WA_985,2017-08-06,0.074,0.06043947860598564
SourdoughGulch_WA_985,2017-08-07,0.072,0.06248210743069649
SourdoughGulch_WA_985,2017-08-08,0.07,0.04638877883553505
SourdoughGulch_WA_985,2017-08-09,0.072,0.04811472073197365
SourdoughGulch_WA_985,2017-08-10,0.074,0.050437651574611664
SourdoughGulch_WA_985,2017-08-11,0.066,0.05218269303441048
SourdoughGulch_WA_985,2017-08-12,0.063,0.04285923019051552
SourdoughGulch_WA_985,2017-08-13,0.059,0.04310804605484009
SourdoughGulch_WA_985,2017-08-14,0.054,0.04899188503623009
SourdoughGulch_WA_985,2017-08-15,0.057,0.04927733913064003
SourdoughGulch_WA_985,2017-08-16,0.067,0.04927733913064003
SourdoughGulch_WA_985,2017-08-17,0.068,0.047096334397792816
SourdoughGulch_WA_985,2017-08-18,0.079,0.05115249380469322
SourdoughGulch_WA_985,2017-08-19,0.082,0.049068789929151535
SourdoughGulch_WA_985,2017-08-20,0.073,0.05086395889520645
SourdoughGulch_WA_985,2017-08-21,0.078,0.04870983958244324
SourdoughGulch_WA_985,2017-08-22,0.075,0.048444636166095734
SourdoughGulch_WA_985,2017-08-23,0.073,0.04935590177774429
SourdoughGulch_WA_985,2017-08-24,0.071,0.04991127550601959
SourdoughGulch_WA_985,2017-08-25,0.066,0.05145519971847534
SourdoughGulch_WA_985,2017-08-26,0.067,0.060007382184267044
SourdoughGulch_WA_985,2017-08-27,0.068,0.059234995394945145
SourdoughGulch_WA_985,2017-08-28,0.061,0.05139452964067459
SourdoughGulch_WA_985,2017-08-29,0.063,0.05103040486574173
SourdoughGulch_WA_985,2017-08-30,0.063,0.049526315182447433
SourdoughGulch_WA_985,2017-08-31,0.06,0.0494566410779953
SourdoughGulch_WA_985,2017-09-01,0.061,0.04897520691156387
SourdoughGulch_WA_985,2017-09-02,0.059,0.048444636166095734
SourdoughGulch_WA_985,2017-09-03,0.062,0.04744182899594307
SourdoughGulch_WA_985,2017-09-04,0.054,0.04744182899594307
SourdoughGulch_WA_985,2017-09-05,0.055,0.047892965376377106
SourdoughGulch_WA_985,2017-09-06,0.05,0.04854762554168701
SourdoughGulch_WA_985,2017-09-07,0.053,0.04967803880572319
SourdoughGulch_WA_985,2017-09-08,0.049,0.04967803880572319
SourdoughGulch_WA_985,2017-09-09,0.047,0.05102872475981712
SourdoughGulch_WA_985,2017-09-10,0.051,0.049575138837099075
SourdoughGulch_WA_985,2017-09-11,0.046,0.052586879581213
SourdoughGulch_WA_985,2017-09-12,0.045,0.05185573920607567
SourdoughGulch_WA_985,2017-09-13,0.047,0.058841522783041
SourdoughGulch_WA_985,2017-09-14,0.042,0.061616409569978714
SourdoughGulch_WA_985,2017-09-15,0.04,0.06081913411617279
SourdoughGulch_WA_985,2017-09-16,0.032,0.05965624749660492
SourdoughGulch_WA_985,2017-09-17,0.034,0.05971185117959976
SourdoughGulch_WA_985,2017-09-18,0.033,0.060126300901174545
SourdoughGulch_WA_985,2017-09-19,0.032,0.05824626609683037
SourdoughGulch_WA_985,2017-09-20,0.032,0.07061544060707092
SourdoughGulch_WA_985,2017-09-21,0.032,0.08037205040454865
SourdoughGulch_WA_985,2017-09-22,0.034,0.10252773016691208
SourdoughGulch_WA_985,2017-09-23,0.043,0.10492239147424698
SourdoughGulch_WA_985,2017-09-24,0.059,0.10232734680175781
SourdoughGulch_WA_985,2017-09-25,0.062,0.08855430781841278
SourdoughGulch_WA_985,2017-09-26,0.072,0.07940606772899628
SourdoughGulch_WA_985,2017-09-27,0.085,0.08319367468357086
SourdoughGulch_WA_985,2017-09-28,0.087,0.08268042653799057
SourdoughGulch_WA_985,2017-09-29,0.092,0.08744622766971588
SourdoughGulch_WA_985,2017-09-30,0.093,0.08656644821166992
SourdoughGulch_WA_985,2017-10-01,0.086,0.08546775579452515
SourdoughGulch_WA_985,2017-10-02,0.085,0.08164636045694351
SourdoughGulch_WA_985,2017-10-03,0.083,0.08725345879793167
SourdoughGulch_WA_985,2017-10-04,0.077,0.08263253420591354
SourdoughGulch_WA_985,2017-10-05,0.082,0.08342885971069336
SourdoughGulch_WA_985,2017-10-06,0.082,0.08378297090530396
SourdoughGulch_WA_985,2017-10-07,0.079,0.08515911549329758
SourdoughGulch_WA_985,2017-10-08,0.077,0.08504416048526764
SourdoughGulch_WA_985,2017-10-09,0.071,0.09827510267496109
SourdoughGulch_WA_985,2017-10-10,0.078,0.08089149743318558
SourdoughGulch_WA_985,2017-10-11,0.07,0.08144336193799973
SourdoughGulch_WA_985,2017-10-12,0.078,0.0857420414686203
SourdoughGulch_WA_985,2017-10-13,0.067,0.08898920565843582
SourdoughGulch_WA_985,2017-10-14,0.07,0.08898920565843582
SourdoughGulch_WA_985,2017-10-15,0.065,0.09138552844524384
SourdoughGulch_WA_985,2017-10-16,0.075,0.0952208936214447
SourdoughGulch_WA_985,2017-10-17,0.078,0.08145332336425781
SourdoughGulch_WA_985,2017-10-18,0.082,0.09210171550512314
SourdoughGulch_WA_985,2017-10-19,0.083,0.10029646009206772
SourdoughGulch_WA_985,2017-10-20,0.087,0.10809443891048431
SourdoughGulch_WA_985,2017-10-21,0.08,0.1221720427274704
SourdoughGulch_WA_985,2017-10-22,0.071,0.18032099306583405
SourdoughGulch_WA_985,2017-10-23,0.305,0.2184070199728012
SourdoughGulch_WA_985,2017-10-24,0.279,0.23965053260326385
SourdoughGulch_WA_985,2017-10-25,0.269,0.2318001687526703
SourdoughGulch_WA_985,2017-10-26,0.264,0.24277082085609436
SourdoughGulch_WA_985,2017-10-27,0.26,0.23695239424705505
SourdoughGulch_WA_985,2017-10-28,0.251,0.23699329793453217
SourdoughGulch_WA_985,2017-10-29,0.246,0.23573043942451477
SourdoughGulch_WA_985,2017-10-30,0.242,0.2264740914106369
SourdoughGulch_WA_985,2017-10-31,0.229,0.22666345536708832
SourdoughGulch_WA_985,2017-11-01,0.221,0.21731260418891907
SourdoughGulch_WA_985,2017-11-02,0.227,0.23841658234596252
SourdoughGulch_WA_985,2017-11-03,0.234,0.2369447648525238
SourdoughGulch_WA_985,2017-11-04,0.312,0.24652843177318573
SourdoughGulch_WA_985,2017-11-05,0.298,0.2555393576622009
SourdoughGulch_WA_985,2017-11-06,0.3,0.2565186619758606
SourdoughGulch_WA_985,2017-11-07,0.306,0.2641844153404236
SourdoughGulch_WA_985,2017-11-08,0.299,0.2676215171813965
SourdoughGulch_WA_985,2017-11-09,0.303,0.26760658621788025
SourdoughGulch_WA_985,2017-11-10,0.322,0.26742473244667053
SourdoughGulch_WA_985,2017-11-11,0.321,0.26742473244667053
SourdoughGulch_WA_985,2017-11-12,0.318,0.2649999260902405
SourdoughGulch_WA_985,2017-11-13,0.314,0.2655982971191406
SourdoughGulch_WA_985,2017-11-14,0.325,0.2552596926689148
SourdoughGulch_WA_985,2017-11-15,0.315,0.27534952759742737
SourdoughGulch_WA_985,2017-11-16,0.306,0.2771463096141815
SourdoughGulch_WA_985,2017-11-17,0.324,0.2781530022621155
SourdoughGulch_WA_985,2017-11-18,0.307,0.27376699447631836
SourdoughGulch_WA_985,2017-11-19,0.298,0.2711631953716278
SourdoughGulch_WA_985,2017-11-20,0.296,0.266006737947464
SourdoughGulch_WA_985,2017-11-21,0.351,0.2770213782787323
SourdoughGulch_WA_985,2017-11-22,0.338,0.29800036549568176
SourdoughGulch_WA_985,2017-11-23,0.34,0.3011799156665802
SourdoughGulch_WA_985,2017-11-24,0.355,0.295271635055542
SourdoughGulch_WA_985,2017-11-25,0.333,0.2978152334690094
SourdoughGulch_WA_985,2017-11-26,0.327,0.30079278349876404
SourdoughGulch_WA_985,2017-11-27,0.326,0.3083452582359314
SourdoughGulch_WA_985,2017-11-28,0.33,0.3151113986968994
SourdoughGulch_WA_985,2017-11-29,0.321,0.28755268454551697
SourdoughGulch_WA_985,2017-11-30,0.321,0.27977004647254944
SourdoughGulch_WA_985,2017-12-01,0.31,0.2856166660785675
SourdoughGulch_WA_985,2017-12-02,0.312,0.28650689125061035
SourdoughGulch_WA_985,2017-12-03,0.309,0.26981276273727417
SourdoughGulch_WA_985,2017-12-04,0.311,0.2617146074771881
SourdoughGulch_WA_985,2017-12-05,0.299,0.2696201205253601
SourdoughGulch_WA_985,2017-12-06,0.287,0.2681958079338074
SourdoughGulch_WA_985,2017-12-07,0.274,0.2459162324666977
SourdoughGulch_WA_985,2017-12-08,0.251,0.21846149861812592
SourdoughGulch_WA_985,2017-12-09,0.17,0.2043675035238266
SourdoughGulch_WA_985,2017-12-10,0.141,0.20048114657402039
SourdoughGulch_WA_985,2017-12-11,0.129,0.1691497564315796
SourdoughGulch_WA_985,2017-12-12,0.13,0.19782640039920807
SourdoughGulch_WA_985,2017-12-13,0.125,0.18491004407405853
SourdoughGulch_WA_985,2017-12-14,0.127,0.15973685681819916
SourdoughGulch_WA_985,2017-12-15,0.126,0.14947731792926788
SourdoughGulch_WA_985,2017-12-16,0.125,0.15316647291183472
SourdoughGulch_WA_985,2017-12-17,0.135,0.18782232701778412
SourdoughGulch_WA_985,2017-12-18,0.134,0.2047300636768341
SourdoughGulch_WA_985,2017-12-19,0.144,0.2271633893251419
SourdoughGulch_WA_985,2017-12-20,0.192,0.23247772455215454
SourdoughGulch_WA_985,2017-12-21,0.225,0.23105411231517792
SourdoughGulch_WA_985,2017-12-22,0.214,0.24328884482383728
SourdoughGulch_WA_985,2017-12-23,0.165,0.22884143888950348
SourdoughGulch_WA_985,2017-12-24,0.157,0.22578468918800354
SourdoughGulch_WA_985,2017-12-25,0.144,0.243662029504776
SourdoughGulch_WA_985,2017-12-26,0.146,0.25703591108322144
SourdoughGulch_WA_985,2017-12-27,0.149,0.25376397371292114
SourdoughGulch_WA_985,2017-12-28,0.151,0.24107486009597778
SourdoughGulch_WA_985,2017-12-29,0.16,0.21040713787078857
SourdoughGulch_WA_985,2017-12-30,0.175,0.20532351732254028
SourdoughGulch_WA_985,2017-12-31,0.187,0.21636547148227692
SourdoughGulch_WA_985,2018-01-01,0.146,0.27903810143470764
SourdoughGulch_WA_985,2018-01-02,0.134,0.2656441628932953
SourdoughGulch_WA_985,2018-01-03,0.137,0.22235721349716187
SourdoughGulch_WA_985,2018-01-04,0.136,0.21309228241443634
SourdoughGulch_WA_985,2018-01-05,0.136,0.21247629821300507
SourdoughGulch_WA_985,2018-01-06,0.156,0.21247629821300507
SourdoughGulch_WA_985,2018-01-07,0.167,0.2141873836517334
SourdoughGulch_WA_985,2018-01-08,0.176,0.215146005153656
SourdoughGulch_WA_985,2018-01-09,0.179,0.21577972173690796
SourdoughGulch_WA_985,2018-01-10,0.189,0.23687215149402618
SourdoughGulch_WA_985,2018-01-11,0.194,0.23687215149402618
SourdoughGulch_WA_985,2018-01-12,0.203,0.26184192299842834
SourdoughGulch_WA_985,2018-01-13,0.208,0.25911349058151245
SourdoughGulch_WA_985,2018-01-14,0.241,0.261096715927124
SourdoughGulch_WA_985,2018-01-15,0.286,0.2702540457248688
SourdoughGulch_WA_985,2018-01-16,0.299,0.2629076838493347
SourdoughGulch_WA_985,2018-01-17,0.313,0.2731175422668457
SourdoughGulch_WA_985,2018-01-18,0.319,0.2759282886981964
SourdoughGulch_WA_985,2018-01-19,0.345,0.26332759857177734
SourdoughGulch_WA_985,2018-01-20,0.332,0.2693919241428375
SourdoughGulch_WA_985,2018-01-21,0.321,0.2911236882209778
SourdoughGulch_WA_985,2018-01-22,0.308,0.29420188069343567
SourdoughGulch_WA_985,2018-01-23,0.305,0.284618079662323
SourdoughGulch_WA_985,2018-01-24,0.292,0.2914921045303345
SourdoughGulch_WA_985,2018-01-25,0.322,0.29777029156684875
SourdoughGulch_WA_985,2018-01-26,0.323,0.29884254932403564
SourdoughGulch_WA_985,2018-01-27,0.32,0.2984335720539093
SourdoughGulch_WA_985,2018-01-28,0.318,0.3008135259151459
SourdoughGulch_WA_985,2018-01-29,0.339,0.30121031403541565
SourdoughGulch_WA_985,2018-01-30,0.339,0.30234670639038086
SourdoughGulch_WA_985,2018-01-31,0.336,0.30162733793258667
SourdoughGulch_WA_985,2018-02-01,0.323,0.30623164772987366
SourdoughGulch_WA_985,2018-02-02,0.316,0.30752936005592346
SourdoughGulch_WA_985,2018-02-03,0.35,0.3118633031845093
SourdoughGulch_WA_985,2018-02-04,0.342,0.3123236298561096
SourdoughGulch_WA_985,2018-02-05,0.342,0.31340086460113525
SourdoughGulch_WA_985,2018-02-06,0.336,0.3128596544265747
SourdoughGulch_WA_985,2018-02-07,0.333,0.31061306595802307
SourdoughGulch_WA_985,2018-02-08,0.332,0.31061306595802307
SourdoughGulch_WA_985,2018-02-09,0.33,0.31061306595802307
SourdoughGulch_WA_985,2018-02-10,0.324,0.31061306595802307
SourdoughGulch_WA_985,2018-02-11,0.313,0.31015273928642273
SourdoughGulch_WA_985,2018-02-12,0.299,0.31176722049713135
SourdoughGulch_WA_985,2018-02-13,0.293,0.2882300913333893
SourdoughGulch_WA_985,2018-02-14,0.28,0.2908393144607544
SourdoughGulch_WA_985,2018-02-15,0.281,0.28991585969924927
SourdoughGulch_WA_985,2018-02-16,0.287,0.2906484007835388
SourdoughGulch_WA_985,2018-02-17,0.285,0.28869155049324036
SourdoughGulch_WA_985,2018-02-18,0.291,0.29552099108695984
SourdoughGulch_WA_985,2018-02-19,0.322,0.2899737060070038
SourdoughGulch_WA_985,2018-02-20,0.304,0.27185866236686707
SourdoughGulch_WA_985,2018-02-21,0.264,0.26765871047973633
SourdoughGulch_WA_985,2018-02-22,0.172,0.2591739594936371
SourdoughGulch_WA_985,2018-02-23,0.17,0.2545628845691681
SourdoughGulch_WA_985,2018-02-24,0.16,0.2405891865491867
SourdoughGulch_WA_985,2018-02-25,0.166,0.24208563566207886
SourdoughGulch_WA_985,2018-02-26,0.173,0.2351471185684204
SourdoughGulch_WA_985,2018-02-27,0.18,0.2505236566066742
SourdoughGulch_WA_985,2018-02-28,0.178,0.2620745599269867
SourdoughGulch_WA_985,2018-03-01,0.181,0.2699708044528961
SourdoughGulch_WA_985,2018-03-02,0.191,0.2869391143321991
SourdoughGulch_WA_985,2018-03-03,0.205,0.29233187437057495
SourdoughGulch_WA_985,2018-03-04,0.21,0.2963922619819641
SourdoughGulch_WA_985,2018-03-05,0.212,0.29696282744407654
SourdoughGulch_WA_985,2018-03-06,0.217,0.29796621203422546
SourdoughGulch_WA_985,2018-03-07,0.216,0.2940436899662018
SourdoughGulch_WA_985,2018-03-08,0.214,0.29530906677246094
SourdoughGulch_WA_985,2018-03-09,0.317,0.2957758605480194
SourdoughGulch_WA_985,2018-03-10,0.336,0.29607972502708435
SourdoughGulch_WA_985,2018-03-11,0.347,0.3001464009284973
SourdoughGulch_WA_985,2018-03-12,0.353,0.3104192614555359
SourdoughGulch_WA_985,2018-03-13,0.355,0.3131679892539978
SourdoughGulch_WA_985,2018-03-14,0.354,0.3114950954914093
SourdoughGulch_WA_985,2018-03-15,0.355,0.31065016984939575
SourdoughGulch_WA_985,2018-03-16,0.348,0.31353604793548584
SourdoughGulch_WA_985,2018-03-17,0.343,0.31353604793548584
SourdoughGulch_WA_985,2018-03-18,0.34,0.3197733759880066
SourdoughGulch_WA_985,2018-03-19,0.339,0.3214695453643799
SourdoughGulch_WA_985,2018-03-20,0.337,0.32202428579330444
SourdoughGulch_WA_985,2018-03-21,0.338,0.32108035683631897
SourdoughGulch_WA_985,2018-03-22,0.337,0.3191581964492798
SourdoughGulch_WA_985,2018-03-23,0.337,0.31716015934944153
SourdoughGulch_WA_985,2018-03-24,0.341,0.3214900493621826
SourdoughGulch_WA_985,2018-03-25,0.341,0.3214900493621826
SourdoughGulch_WA_985,2018-03-26,0.337,0.31775128841400146
SourdoughGulch_WA_985,2018-03-27,0.335,0.3210870623588562
SourdoughGulch_WA_985,2018-03-28,0.335,0.3151157796382904
SourdoughGulch_WA_985,2018-03-29,0.332,0.3200690448284149
SourdoughGulch_WA_985,2018-03-30,0.331,0.3200690448284149
SourdoughGulch_WA_985,2018-03-31,0.331,0.31951430439949036
SourdoughGulch_WA_985,2018-04-01,0.327,0.3126765787601471
SourdoughGulch_WA_985,2018-04-02,0.325,0.3126765787601471
SourdoughGulch_WA_985,2018-04-03,0.327,0.31355416774749756
SourdoughGulch_WA_985,2018-04-04,0.336,0.3155905604362488
SourdoughGulch_WA_985,2018-04-05,0.349,0.3132147192955017
SourdoughGulch_WA_985,2018-04-06,0.347,0.3155887722969055
SourdoughGulch_WA_985,2018-04-07,0.35,0.3177514374256134
SourdoughGulch_WA_985,2018-04-08,0.355,0.3177514374256134
SourdoughGulch_WA_985,2018-04-09,0.355,0.3218349516391754
SourdoughGulch_WA_985,2018-04-10,0.349,0.3209304213523865
SourdoughGulch_WA_985,2018-04-11,0.345,0.319204717874527
SourdoughGulch_WA_985,2018-04-12,0.343,0.31674811244010925
SourdoughGulch_WA_985,2018-04-13,0.341,0.316515177488327
SourdoughGulch_WA_985,2018-04-14,0.337,0.3163500130176544
SourdoughGulch_WA_985,2018-04-15,0.338,0.31715869903564453
SourdoughGulch_WA_985,2018-04-16,0.338,0.3177906572818756
SourdoughGulch_WA_985,2018-04-17,0.343,0.31436866521835327
SourdoughGulch_WA_985,2018-04-18,0.339,0.31490272283554077
SourdoughGulch_WA_985,2018-04-19,0.337,0.3125828504562378
SourdoughGulch_WA_985,2018-04-20,0.333,0.31384822726249695
SourdoughGulch_WA_985,2018-04-21,0.333,0.3189038634300232
SourdoughGulch_WA_985,2018-04-22,0.326,0.3166215717792511
SourdoughGulch_WA_985,2018-04-23,0.32,0.317148894071579
SourdoughGulch_WA_985,2018-04-24,0.316,0.3054622709751129
SourdoughGulch_WA_985,2018-04-25,0.313,0.3054622709751129
SourdoughGulch_WA_985,2018-04-26,0.307,0.3054622709751129
SourdoughGulch_WA_985,2018-04-27,0.3,0.3054622709751129
SourdoughGulch_WA_985,2018-04-28,0.293,0.3054622709751129
SourdoughGulch_WA_985,2018-04-29,0.281,0.30591028928756714
SourdoughGulch_WA_985,2018-04-30,0.311,0.31112343072891235
SourdoughGulch_WA_985,2018-05-01,0.312,0.31202077865600586
SourdoughGulch_WA_985,2018-05-02,0.309,0.3065001666545868
SourdoughGulch_WA_985,2018-05-03,0.306,0.3047102689743042
SourdoughGulch_WA_985,2018-05-04,0.302,0.2999848425388336
SourdoughGulch_WA_985,2018-05-05,0.294,0.2966082990169525
SourdoughGulch_WA_985,2018-05-06,0.287,0.29171863198280334
SourdoughGulch_WA_985,2018-05-07,0.28,0.3001888394355774
SourdoughGulch_WA_985,2018-05-08,0.283,0.2957648038864136
SourdoughGulch_WA_985,2018-05-09,0.286,0.29211899638175964
SourdoughGulch_WA_985,2018-05-10,0.356,0.29176419973373413
SourdoughGulch_WA_985,2018-05-11,0.346,0.2901976704597473
SourdoughGulch_WA_985,2018-05-12,0.341,0.28690406680107117
SourdoughGulch_WA_985,2018-05-13,0.339,0.28728151321411133
SourdoughGulch_WA_985,2018-05-14,0.333,0.2887571156024933
SourdoughGulch_WA_985,2018-05-15,0.324,0.2763388752937317
SourdoughGulch_WA_985,2018-05-16,0.313,0.275562047958374
SourdoughGulch_WA_985,2018-05-17,0.311,0.27905169129371643
SourdoughGulch_WA_985,2018-05-18,0.351,0.2679922878742218
SourdoughGulch_WA_985,2018-05-19,0.344,0.27564072608947754
SourdoughGulch_WA_985,2018-05-20,0.343,0.2979855239391327
SourdoughGulch_WA_985,2018-05-21,0.352,0.29893338680267334
SourdoughGulch_WA_985,2018-05-22,0.349,0.3099226653575897
SourdoughGulch_WA_985,2018-05-23,0.346,0.3114946782588959
SourdoughGulch_WA_985,2018-05-24,0.344,0.3127555847167969
SourdoughGulch_WA_985,2018-05-25,0.347,0.32075977325439453
SourdoughGulch_WA_985,2018-05-26,0.353,0.31856775283813477
SourdoughGulch_WA_985,2018-05-27,0.357,0.31310686469078064
SourdoughGulch_WA_985,2018-05-28,0.358,0.3008987307548523
SourdoughGulch_WA_985,2018-05-29,0.357,0.3224664032459259
SourdoughGulch_WA_985,2018-05-30,0.355,0.3275820016860962
SourdoughGulch_WA_985,2018-05-31,0.349,0.31977221369743347
SourdoughGulch_WA_985,2018-06-01,0.347,0.30802497267723083
SourdoughGulch_WA_985,2018-06-02,0.347,0.2930823266506195
SourdoughGulch_WA_985,2018-06-03,0.349,0.29557040333747864
SourdoughGulch_WA_985,2018-06-04,0.349,0.3090525269508362
SourdoughGulch_WA_985,2018-06-05,0.347,0.3136943280696869
SourdoughGulch_WA_985,2018-06-06,0.345,0.3062219023704529
SourdoughGulch_WA_985,2018-06-07,0.346,0.2978246212005615
SourdoughGulch_WA_985,2018-06-08,0.342,0.2980666160583496
SourdoughGulch_WA_985,2018-06-09,0.343,0.2941032648086548
SourdoughGulch_WA_985,2018-06-10,0.35,0.30519115924835205
SourdoughGulch_WA_985,2018-06-11,0.349,0.31667330861091614
SourdoughGulch_WA_985,2018-06-12,0.349,0.3224737048149109
SourdoughGulch_WA_985,2018-06-13,0.349,0.3307195007801056
SourdoughGulch_WA_985,2018-06-14,0.346,0.3312638998031616
SourdoughGulch_WA_985,2018-06-15,0.341,0.32503893971443176
SourdoughGulch_WA_985,2018-06-16,0.337,0.32755616307258606
SourdoughGulch_WA_985,2018-06-17,0.327,0.31522226333618164
SourdoughGulch_WA_985,2018-06-18,0.33,0.3223212659358978
SourdoughGulch_WA_985,2018-06-19,0.329,0.28929534554481506
SourdoughGulch_WA_985,2018-06-20,0.345,0.2799937129020691
SourdoughGulch_WA_985,2018-06-21,0.345,0.27048197388648987
SourdoughGulch_WA_985,2018-06-22,0.358,0.2815715968608856
SourdoughGulch_WA_985,2018-06-23,0.353,0.2632581889629364
SourdoughGulch_WA_985,2018-06-24,0.352,0.26273438334465027
SourdoughGulch_WA_985,2018-06-25,0.361,0.2756623327732086
SourdoughGulch_WA_985,2018-06-26,0.356,0.260929137468338
SourdoughGulch_WA_985,2018-06-27,0.352,0.24994614720344543
SourdoughGulch_WA_985,2018-06-28,0.349,0.2470809370279312
SourdoughGulch_WA_985,2018-06-29,0.339,0.24263101816177368
SourdoughGulch_WA_985,2018-06-30,0.333,0.22951622307300568
SourdoughGulch_WA_985,2018-07-01,0.329,0.2044551968574524
SourdoughGulch_WA_985,2018-07-02,0.33,0.19723156094551086
SourdoughGulch_WA_985,2018-07-03,0.324,0.19777733087539673
SourdoughGulch_WA_985,2018-07-04,0.315,0.20094643533229828
SourdoughGulch_WA_985,2018-07-05,0.318,0.2215510457754135
SourdoughGulch_WA_985,2018-07-06,0.321,0.21532735228538513
SourdoughGulch_WA_985,2018-07-07,0.307,0.2144540399312973
SourdoughGulch_WA_985,2018-07-08,0.309,0.21837221086025238
SourdoughGulch_WA_985,2018-07-09,0.309,0.24660517275333405
SourdoughGulch_WA_985,2018-07-10,0.309,0.20525915920734406
SourdoughGulch_WA_985,2018-07-11,0.303,0.20561617612838745
SourdoughGulch_WA_985,2018-07-12,0.301,0.19977174699306488
SourdoughGulch_WA_985,2018-07-13,0.298,0.20132286846637726
SourdoughGulch_WA_985,2018-07-14,0.297,0.2108723521232605
SourdoughGulch_WA_985,2018-07-15,0.291,0.21627557277679443
SourdoughGulch_WA_985,2018-07-16,0.282,0.2208845466375351
SourdoughGulch_WA_985,2018-07-17,0.277,0.21615003049373627
SourdoughGulch_WA_985,2018-07-18,0.274,0.22188149392604828
SourdoughGulch_WA_985,2018-07-19,0.267,0.22530367970466614
SourdoughGulch_WA_985,2018-07-20,0.259,0.2265937328338623
SourdoughGulch_WA_985,2018-07-21,0.249,0.21962898969650269
SourdoughGulch_WA_985,2018-07-22,0.238,0.2183304727077484
SourdoughGulch_WA_985,2018-07-23,0.233,0.21726015210151672
SourdoughGulch_WA_985,2018-07-24,0.227,0.20263119041919708
SourdoughGulch_WA_985,2018-07-25,0.22,0.19953007996082306
SourdoughGulch_WA_985,2018-07-26,0.214,0.1821073591709137
SourdoughGulch_WA_985,2018-07-27,0.203,0.17592620849609375
SourdoughGulch_WA_985,2018-07-28,0.193,0.17277836799621582
SourdoughGulch_WA_985,2018-07-29,0.182,0.1402711272239685
SourdoughGulch_WA_985,2018-07-30,0.178,0.12944643199443817
SourdoughGulch_WA_985,2018-07-31,0.171,0.12842142581939697
SourdoughGulch_WA_985,2018-08-01,0.163,0.12191849201917648
SourdoughGulch_WA_985,2018-08-02,0.158,0.11297246813774109
SourdoughGulch_WA_985,2018-08-03,0.152,0.11202488839626312
SourdoughGulch_WA_985,2018-08-04,0.146,0.11117212474346161
SourdoughGulch_WA_985,2018-08-05,0.139,0.10829456895589828
SourdoughGulch_WA_985,2018-08-06,0.134,0.10772745311260223
SourdoughGulch_WA_985,2018-08-07,0.131,0.10664073377847672
SourdoughGulch_WA_985,2018-08-08,0.13,0.10664073377847672
SourdoughGulch_WA_985,2018-08-09,0.13,0.099370576441288
SourdoughGulch_WA_985,2018-08-10,0.125,0.10001720488071442
SourdoughGulch_WA_985,2018-08-11,0.125,0.09698732197284698
SourdoughGulch_WA_985,2018-08-12,0.114,0.09276081621646881
SourdoughGulch_WA_985,2018-08-13,0.109,0.0863635390996933
SourdoughGulch_WA_985,2018-08-14,0.107,0.08018065989017487
SourdoughGulch_WA_985,2018-08-15,0.099,0.08169321715831757
SourdoughGulch_WA_985,2018-08-16,0.103,0.06509159505367279
SourdoughGulch_WA_985,2018-08-17,0.102,0.06490164995193481
SourdoughGulch_WA_985,2018-08-18,0.097,0.04996930807828903
SourdoughGulch_WA_985,2018-08-19,0.093,0.05270793288946152
SourdoughGulch_WA_985,2018-08-20,0.099,0.0486067458987236
SourdoughGulch_WA_985,2018-08-21,0.085,0.05461142212152481
SourdoughGulch_WA_985,2018-08-22,0.082,0.06142474338412285
SourdoughGulch_WA_985,2018-08-23,0.088,0.07509126514196396
SourdoughGulch_WA_985,2018-08-24,0.083,0.07619921863079071
SourdoughGulch_WA_985,2018-08-25,0.083,0.07590241730213165
SourdoughGulch_WA_985,2018-08-26,0.079,0.07560669630765915
SourdoughGulch_WA_985,2018-08-27,0.069,0.07083277404308319
SourdoughGulch_WA_985,2018-08-28,0.075,0.0765489712357521
SourdoughGulch_WA_985,2018-08-29,0.078,0.0926513522863388
SourdoughGulch_WA_985,2018-08-30,0.078,0.09488281607627869
SourdoughGulch_WA_985,2018-08-31,0.082,0.09161195904016495
SourdoughGulch_WA_985,2018-09-01,0.087,0.09161195904016495
SourdoughGulch_WA_985,2018-09-02,0.091,0.0920100063085556
SourdoughGulch_WA_985,2018-09-03,0.091,0.09080345183610916
SourdoughGulch_WA_985,2018-09-04,0.09,0.09252936393022537
SourdoughGulch_WA_985,2018-09-05,0.093,0.09955312311649323
SourdoughGulch_WA_985,2018-09-06,0.093,0.10194173455238342
SourdoughGulch_WA_985,2018-09-07,0.097,0.09920080751180649
SourdoughGulch_WA_985,2018-09-08,0.095,0.1005864366889
SourdoughGulch_WA_985,2018-09-09,0.092,0.09949486702680588
SourdoughGulch_WA_985,2018-09-10,0.087,0.09853756427764893
SourdoughGulch_WA_985,2018-09-11,0.087,0.09784851223230362
SourdoughGulch_WA_985,2018-09-12,0.078,0.10746413469314575
SourdoughGulch_WA_985,2018-09-13,0.073,0.10911711305379868
SourdoughGulch_WA_985,2018-09-14,0.07,0.10994087904691696
SourdoughGulch_WA_985,2018-09-15,0.073,0.10997206717729568
SourdoughGulch_WA_985,2018-09-16,0.078,0.11103487759828568
SourdoughGulch_WA_985,2018-09-17,0.074,0.10975747555494308
SourdoughGulch_WA_985,2018-09-18,0.078,0.0803498923778534
SourdoughGulch_WA_985,2018-09-19,0.071,0.0788080170750618
SourdoughGulch_WA_985,2018-09-20,0.075,0.08338544517755508
SourdoughGulch_WA_985,2018-09-21,0.07,0.08338544517755508
SourdoughGulch_WA_985,2018-09-22,0.077,0.08303266763687134
SourdoughGulch_WA_985,2018-09-23,0.071,0.0825442224740982
SourdoughGulch_WA_985,2018-09-24,0.066,0.07600477337837219
SourdoughGulch_WA_985,2018-09-25,0.067,0.07356543838977814
SourdoughGulch_WA_985,2018-09-26,0.065,0.07356543838977814
SourdoughGulch_WA_985,2018-09-27,0.067,0.07848861068487167
SourdoughGulch_WA_985,2018-09-28,0.069,0.07905266433954239
SourdoughGulch_WA_985,2018-09-29,0.066,0.08133062720298767
SourdoughGulch_WA_985,2018-09-30,0.069,0.08202234655618668
SourdoughGulch_WA_985,2018-10-01,0.063,0.07348687946796417
SourdoughGulch_WA_985,2018-10-02,0.067,0.07361610233783722
SourdoughGulch_WA_985,2018-10-03,0.066,0.08209949731826782
SourdoughGulch_WA_985,2018-10-04,0.06,0.08108387142419815
SourdoughGulch_WA_985,2018-10-05,0.055,0.08080838620662689
SourdoughGulch_WA_985,2018-10-06,0.057,0.10486513376235962
SourdoughGulch_WA_985,2018-10-07,0.056,0.11176735162734985
SourdoughGulch_WA_985,2018-10-08,0.053,0.1026148647069931
SourdoughGulch_WA_985,2018-10-09,0.061,0.10901115089654922
SourdoughGulch_WA_985,2018-10-10,0.058,0.12356977164745331
SourdoughGulch_WA_985,2018-10-11,0.054,0.12026215344667435
SourdoughGulch_WA_985,2018-10-12,0.049,0.10717371851205826
SourdoughGulch_WA_985,2018-10-13,0.055,0.11116582900285721
SourdoughGulch_WA_985,2018-10-14,0.059,0.12365859746932983
SourdoughGulch_WA_985,2018-10-15,0.056,0.13067899644374847
SourdoughGulch_WA_985,2018-10-16,0.053,0.12161529809236526
SourdoughGulch_WA_985,2018-10-17,0.059,0.11877740919589996
SourdoughGulch_WA_985,2018-10-18,0.066,0.12030348926782608
SourdoughGulch_WA_985,2018-10-19,0.059,0.11568374931812286
SourdoughGulch_WA_985,2018-10-20,0.064,0.11580955237150192
SourdoughGulch_WA_985,2018-10-21,0.064,0.10857269912958145
SourdoughGulch_WA_985,2018-10-22,0.065,0.12592405080795288
SourdoughGulch_WA_985,2018-10-23,0.067,0.12453240156173706
SourdoughGulch_WA_985,2018-10-24,0.072,0.1346786618232727
SourdoughGulch_WA_985,2018-10-25,0.074,0.12874631583690643
SourdoughGulch_WA_985,2018-10-26,0.075,0.1348429173231125
SourdoughGulch_WA_985,2018-10-27,0.078,0.1316021829843521
SourdoughGulch_WA_985,2018-10-28,0.078,0.12356467545032501
SourdoughGulch_WA_985,2018-10-29,0.075,0.12557221949100494
SourdoughGulch_WA_985,2018-10-30,0.067,0.163374125957489
SourdoughGulch_WA_985,2018-10-31,0.075,0.15534010529518127
SourdoughGulch_WA_985,2018-11-01,0.074,0.1697216033935547
SourdoughGulch_WA_985,2018-11-02,0.074,0.1807408183813095
SourdoughGulch_WA_985,2018-11-03,0.106,0.18603596091270447
SourdoughGulch_WA_985,2018-11-04,0.117,0.1931716650724411
SourdoughGulch_WA_985,2018-11-05,0.168,0.21526645123958588
SourdoughGulch_WA_985,2018-11-06,0.178,0.21720583736896515
SourdoughGulch_WA_985,2018-11-07,0.187,0.2251531481742859
SourdoughGulch_WA_985,2018-11-08,0.179,0.22441993653774261
SourdoughGulch_WA_985,2018-11-09,0.172,0.20926232635974884
SourdoughGulch_WA_985,2018-11-10,0.168,0.21553020179271698
SourdoughGulch_WA_985,2018-11-11,0.165,0.21816518902778625
SourdoughGulch_WA_985,2018-11-12,0.164,0.21647809445858002
SourdoughGulch_WA_985,2018-11-13,0.157,0.22836989164352417
SourdoughGulch_WA_985,2018-11-14,0.149,0.21338754892349243
SourdoughGulch_WA_985,2018-11-15,0.154,0.20536528527736664
SourdoughGulch_WA_985,2018-11-16,0.161,0.20264850556850433
SourdoughGulch_WA_985,2018-11-17,0.17,0.20178179442882538
SourdoughGulch_WA_985,2018-11-18,0.161,0.20591884851455688
SourdoughGulch_WA_985,2018-11-19,0.161,0.2185707986354828
SourdoughGulch_WA_985,2018-11-20,0.159,0.21336475014686584
SourdoughGulch_WA_985,2018-11-21,0.152,0.20838354527950287
SourdoughGulch_WA_985,2018-11-22,0.145,0.19820106029510498
SourdoughGulch_WA_985,2018-11-23,0.149,0.20727835595607758
SourdoughGulch_WA_985,2018-11-24,0.171,0.21983462572097778
SourdoughGulch_WA_985,2018-11-25,0.181,0.22022534906864166
SourdoughGulch_WA_985,2018-11-26,0.181,0.22693291306495667
SourdoughGulch_WA_985,2018-11-27,0.188,0.23394927382469177
SourdoughGulch_WA_985,2018-11-28,0.279,0.23239995539188385
SourdoughGulch_WA_985,2018-11-29,0.265,0.24242404103279114
SourdoughGulch_WA_985,2018-11-30,0.255,0.23961973190307617
SourdoughGulch_WA_985,2018-12-01,0.244,0.2407224476337433
SourdoughGulch_WA_985,2018-12-02,0.241,0.23816531896591187
SourdoughGulch_WA_985,2018-12-03,0.236,0.2597973048686981
SourdoughGulch_WA_985,2018-12-04,0.236,0.239641010761261
SourdoughGulch_WA_985,2018-12-05,0.223,0.22800786793231964
SourdoughGulch_WA_985,2018-12-06,0.184,0.20954591035842896
SourdoughGulch_WA_985,2018-12-07,0.105,0.20496822893619537
SourdoughGulch_WA_985,2018-12-08,0.096,0.20492461323738098
SourdoughGulch_WA_985,2018-12-09,0.096,0.20313213765621185
SourdoughGulch_WA_985,2018-12-10,0.103,0.17726965248584747
SourdoughGulch_WA_985,2018-12-11,0.113,0.1822091042995453
SourdoughGulch_WA_985,2018-12-12,0.11,0.18057596683502197
SourdoughGulch_WA_985,2018-12-13,0.116,0.1799301654100418
SourdoughGulch_WA_985,2018-12-14,0.116,0.19693930447101593
SourdoughGulch_WA_985,2018-12-15,0.119,0.20078887045383453
SourdoughGulch_WA_985,2018-12-16,0.125,0.21273958683013916
SourdoughGulch_WA_985,2018-12-17,0.133,0.2247186005115509
SourdoughGulch_WA_985,2018-12-18,0.166,0.2645229399204254
SourdoughGulch_WA_985,2018-12-19,0.335,0.26617154479026794
SourdoughGulch_WA_985,2018-12-20,0.323,0.2672542631626129
SourdoughGulch_WA_985,2018-12-21,0.322,0.26415425539016724
SourdoughGulch_WA_985,2018-12-22,0.31,0.26290857791900635
SourdoughGulch_WA_985,2018-12-23,0.289,0.263502299785614
SourdoughGulch_WA_985,2018-12-24,0.286,0.27583619952201843
SourdoughGulch_WA_985,2018-12-25,0.29,0.2780764102935791
SourdoughGulch_WA_985,2018-12-26,0.288,0.27700507640838623
SourdoughGulch_WA_985,2018-12-27,0.283,0.25966504216194153
SourdoughGulch_WA_985,2018-12-28,0.276,0.27133673429489136
SourdoughGulch_WA_985,2018-12-29,0.259,0.27468687295913696
SourdoughGulch_WA_985,2018-12-30,0.258,0.27797818183898926
SourdoughGulch_WA_985,2018-12-31,0.32,0.28291013836860657
SourdoughGulch_WA_985,2019-01-01,0.295,0.27786320447921753
SourdoughGulch_WA_985,2019-01-02,0.222,0.25855255126953125
SourdoughGulch_WA_985,2019-01-03,0.165,0.25662121176719666
SourdoughGulch_WA_985,2019-01-04,0.196,0.25569385290145874
SourdoughGulch_WA_985,2019-01-05,0.223,0.25450271368026733
SourdoughGulch_WA_985,2019-01-06,0.236,0.25662121176719666
SourdoughGulch_WA_985,2019-01-07,0.247,0.262016236782074
SourdoughGulch_WA_985,2019-01-08,0.252,0.2843819856643677
SourdoughGulch_WA_985,2019-01-09,0.244,0.28048717975616455
SourdoughGulch_WA_985,2019-01-10,0.253,0.2714182436466217
SourdoughGulch_WA_985,2019-01-11,0.277,0.26911404728889465
SourdoughGulch_WA_985,2019-01-12,0.277,0.2704606354236603
SourdoughGulch_WA_985,2019-01-13,0.252,0.27628323435783386
SourdoughGulch_WA_985,2019-01-14,0.184,0.2832888066768646
SourdoughGulch_WA_985,2019-01-15,0.115,0.2709355354309082
SourdoughGulch_WA_985,2019-01-16,0.119,0.26792287826538086
SourdoughGulch_WA_985,2019-01-17,0.119,0.2698780596256256
SourdoughGulch_WA_985,2019-01-18,0.134,0.26429542899131775
SourdoughGulch_WA_985,2019-01-19,0.147,0.26371341943740845
SourdoughGulch_WA_985,2019-01-20,0.156,0.2629598379135132
SourdoughGulch_WA_985,2019-01-21,0.172,0.2821354269981384
SourdoughGulch_WA_985,2019-01-22,0.184,0.27102959156036377
SourdoughGulch_WA_985,2019-01-23,0.177,0.2717800736427307
SourdoughGulch_WA_985,2019-01-24,0.224,0.26187366247177124
SourdoughGulch_WA_985,2019-01-25,0.253,0.2589566111564636
SourdoughGulch_WA_985,2019-01-26,0.261,0.25101637840270996
SourdoughGulch_WA_985,2019-01-27,0.256,0.25955384969711304
SourdoughGulch_WA_985,2019-01-28,0.307,0.2566447854042053
SourdoughGulch_WA_985,2019-01-29,0.288,0.26553770899772644
SourdoughGulch_WA_985,2019-01-30,0.194,0.2686218023300171
SourdoughGulch_WA_985,2019-01-31,0.146,0.26505720615386963
SourdoughGulch_WA_985,2019-02-01,0.149,0.2724279761314392
SourdoughGulch_WA_985,2019-02-02,0.174,0.27776071429252625
SourdoughGulch_WA_985,2019-02-03,0.193,0.2813957929611206
SourdoughGulch_WA_985,2019-02-04,0.242,0.28767019510269165
SourdoughGulch_WA_985,2019-02-05,0.267,0.2874668538570404
SourdoughGulch_WA_985,2019-02-06,0.276,0.28426888585090637
SourdoughGulch_WA_985,2019-02-07,0.274,0.2772950232028961
SourdoughGulch_WA_985,2019-02-08,0.266,0.2731539309024811
SourdoughGulch_WA_985,2019-02-09,0.25,0.2710186243057251
SourdoughGulch_WA_985,2019-02-10,0.247,0.2710186243057251
SourdoughGulch_WA_985,2019-02-11,0.236,0.27243757247924805
SourdoughGulch_WA_985,2019-02-12,0.231,0.27375537157058716
SourdoughGulch_WA_985,2019-02-13,0.243,0.27313119173049927
SourdoughGulch_WA_985,2019-02-14,0.258,0.27272623777389526
SourdoughGulch_WA_985,2019-02-15,0.265,0.2727627754211426
SourdoughGulch_WA_985,2019-02-16,0.267,0.2787840664386749
SourdoughGulch_WA_985,2019-02-17,0.269,0.2777700424194336
SourdoughGulch_WA_985,2019-02-18,0.273,0.2769937515258789
SourdoughGulch_WA_985,2019-02-19,0.275,0.27811527252197266
SourdoughGulch_WA_985,2019-02-20,0.277,0.27807873487472534
SourdoughGulch_WA_985,2019-02-21,0.277,0.27848368883132935
SourdoughGulch_WA_985,2019-02-22,0.277,0.2776746153831482
SourdoughGulch_WA_985,2019-02-23,0.279,0.2798101603984833
SourdoughGulch_WA_985,2019-02-24,0.278,0.2798101603984833
SourdoughGulch_WA_985,2019-02-25,0.28,0.2798101603984833
SourdoughGulch_WA_985,2019-02-26,0.28,0.2802298963069916
SourdoughGulch_WA_985,2019-02-27,0.281,0.27957332134246826
SourdoughGulch_WA_985,2019-02-28,0.283,0.2757773995399475
SourdoughGulch_WA_985,2019-03-01,0.284,0.2698810398578644
SourdoughGulch_WA_985,2019-03-02,0.285,0.2698810398578644
SourdoughGulch_WA_985,2019-03-03,0.285,0.2743825316429138
SourdoughGulch_WA_985,2019-03-04,0.285,0.27592504024505615
SourdoughGulch_WA_985,2019-03-05,0.284,0.27844706177711487
SourdoughGulch_WA_985,2019-03-06,0.284,0.28033193945884705
SourdoughGulch_WA_985,2019-03-07,0.283,0.281952828168869
SourdoughGulch_WA_985,2019-03-08,0.308,0.2837282121181488
SourdoughGulch_WA_985,2019-03-09,0.305,0.2817586064338684
SourdoughGulch_WA_985,2019-03-10,0.304,0.28832775354385376
SourdoughGulch_WA_985,2019-03-11,0.302,0.2890603244304657
SourdoughGulch_WA_985,2019-03-12,0.3,0.2980116009712219
SourdoughGulch_WA_985,2019-03-13,0.298,0.29710623621940613
SourdoughGulch_WA_985,2019-03-14,0.298,0.2967201769351959
SourdoughGulch_WA_985,2019-03-15,0.298,0.29853665828704834
SourdoughGulch_WA_985,2019-03-16,0.297,0.29853665828704834
SourdoughGulch_WA_985,2019-03-17,0.301,0.2990034520626068
SourdoughGulch_WA_985,2019-03-18,0.303,0.3012197017669678
SourdoughGulch_WA_985,2019-03-19,0.306,0.3017469644546509
SourdoughGulch_WA_985,2019-03-20,0.316,0.3025391697883606
SourdoughGulch_WA_985,2019-03-21,0.352,0.3025543987751007
SourdoughGulch_WA_985,2019-03-22,0.356,0.30404579639434814
SourdoughGulch_WA_985,2019-03-23,0.359,0.30801525712013245
SourdoughGulch_WA_985,2019-03-24,0.361,0.31081148982048035
SourdoughGulch_WA_985,2019-03-25,0.359,0.3089144229888916
SourdoughGulch_WA_985,2019-03-26,0.357,0.31129804253578186
SourdoughGulch_WA_985,2019-03-27,0.354,0.31201741099357605
SourdoughGulch_WA_985,2019-03-28,0.348,0.3134957551956177
SourdoughGulch_WA_985,2019-03-29,0.347,0.31421130895614624
SourdoughGulch_WA_985,2019-03-30,0.347,0.3143983781337738
SourdoughGulch_WA_985,2019-03-31,0.341,0.3143847584724426
SourdoughGulch_WA_985,2019-04-01,0.338,0.3086116313934326
SourdoughGulch_WA_985,2019-04-02,0.335,0.304392009973526
SourdoughGulch_WA_985,2019-04-03,0.333,0.2964005470275879
SourdoughGulch_WA_985,2019-04-04,0.331,0.29117703437805176
SourdoughGulch_WA_985,2019-04-05,0.328,0.28798240423202515
SourdoughGulch_WA_985,2019-04-06,0.339,0.28711122274398804
SourdoughGulch_WA_985,2019-04-07,0.338,0.28980937600135803
SourdoughGulch_WA_985,2019-04-08,0.354,0.29695990681648254
SourdoughGulch_WA_985,2019-04-09,0.35,0.3029617667198181
SourdoughGulch_WA_985,2019-04-10,0.341,0.3080507814884186
SourdoughGulch_WA_985,2019-04-11,0.336,0.30332592129707336
SourdoughGulch_WA_985,2019-04-12,0.338,0.2946198582649231
SourdoughGulch_WA_985,2019-04-13,0.348,0.28548383712768555
SourdoughGulch_WA_985,2019-04-14,0.338,0.2891518771648407
SourdoughGulch_WA_985,2019-04-15,0.338,0.2955402731895447
SourdoughGulch_WA_985,2019-04-16,0.334,0.3026033043861389
SourdoughGulch_WA_985,2019-04-17,0.337,0.2974671423435211
SourdoughGulch_WA_985,2019-04-18,0.337,0.29644912481307983
SourdoughGulch_WA_985,2019-04-19,0.333,0.28870439529418945
SourdoughGulch_WA_985,2019-04-20,0.332,0.29124125838279724
SourdoughGulch_WA_985,2019-04-21,0.347,0.29239127039909363
SourdoughGulch_WA_985,2019-04-22,0.342,0.2979585528373718
SourdoughGulch_WA_985,2019-04-23,0.338,0.3002205193042755
SourdoughGulch_WA_985,2019-04-24,0.335,0.3002205193042755
SourdoughGulch_WA_985,2019-04-25,0.328,0.30093273520469666
SourdoughGulch_WA_985,2019-04-26,0.323,0.3060492277145386
SourdoughGulch_WA_985,2019-04-27,0.315,0.2988685667514801
SourdoughGulch_WA_985,2019-04-28,0.308,0.2987627387046814
SourdoughGulch_WA_985,2019-04-29,0.303,0.30295079946517944
SourdoughGulch_WA_985,2019-04-30,0.3,0.28569909930229187
SourdoughGulch_WA_985,2019-05-01,0.295,0.2751200795173645
SourdoughGulch_WA_985,2019-05-02,0.289,0.27491065859794617
SourdoughGulch_WA_985,2019-05-03,0.287,0.27731040120124817
SourdoughGulch_WA_985,2019-05-04,0.284,0.275667279958725
SourdoughGulch_WA_985,2019-05-05,0.281,0.2793995141983032
SourdoughGulch_WA_985,2019-05-06,0.274,0.27207860350608826
SourdoughGulch_WA_985,2019-05-07,0.272,0.2645905613899231
SourdoughGulch_WA_985,2019-05-08,0.267,0.25547897815704346
SourdoughGulch_WA_985,2019-05-09,0.26,0.2526818513870239
SourdoughGulch_WA_985,2019-05-10,0.258,0.2498350590467453
SourdoughGulch_WA_985,2019-05-11,0.253,0.25412359833717346
SourdoughGulch_WA_985,2019-05-12,0.25,0.2472943514585495
SourdoughGulch_WA_985,2019-05-13,0.245,0.23758475482463837
SourdoughGulch_WA_985,2019-05-14,0.232,0.24842217564582825
SourdoughGulch_WA_985,2019-05-15,0.219,0.24119889736175537
SourdoughGulch_WA_985,2019-05-16,0.217,0.2512606084346771
SourdoughGulch_WA_985,2019-05-17,0.215,0.26183998584747314
SourdoughGulch_WA_985,2019-05-18,0.211,0.2622990310192108
SourdoughGulch_WA_985,2019-05-19,0.212,0.25856876373291016
SourdoughGulch_WA_985,2019-05-20,0.216,0.2622376084327698
SourdoughGulch_WA_985,2019-05-21,0.203,0.26178768277168274
SourdoughGulch_WA_985,2019-05-22,0.206,0.25612884759902954
SourdoughGulch_WA_985,2019-05-23,0.209,0.2596696615219116
SourdoughGulch_WA_985,2019-05-24,0.216,0.2635602355003357
SourdoughGulch_WA_985,2019-05-25,0.211,0.263557106256485
SourdoughGulch_WA_985,2019-05-26,0.311,0.26777878403663635
SourdoughGulch_WA_985,2019-05-27,0.309,0.27328982949256897
SourdoughGulch_WA_985,2019-05-28,0.292,0.273495078086853
SourdoughGulch_WA_985,2019-05-29,0.291,0.27424606680870056
SourdoughGulch_WA_985,2019-05-30,0.283,0.28142157196998596
SourdoughGulch_WA_985,2019-05-31,0.273,0.2835606336593628
SourdoughGulch_WA_985,2019-06-01,0.269,0.2876305878162384
SourdoughGulch_WA_985,2019-06-02,0.262,0.28723037242889404
SourdoughGulch_WA_985,2019-06-03,0.254,0.29186517000198364
SourdoughGulch_WA_985,2019-06-04,0.244,0.2675744891166687
SourdoughGulch_WA_985,2019-06-05,0.235,0.2635045647621155
SourdoughGulch_WA_985,2019-06-06,0.221,0.26749902963638306
SourdoughGulch_WA_985,2019-06-07,0.317,0.26589345932006836
SourdoughGulch_WA_985,2019-06-08,0.293,0.2603676915168762
SourdoughGulch_WA_985,2019-06-09,0.276,0.2620614469051361
SourdoughGulch_WA_985,2019-06-10,0.274,0.26401400566101074
SourdoughGulch_WA_985,2019-06-11,0.27,0.2622509002685547
SourdoughGulch_WA_985,2019-06-12,0.263,0.2608509957790375
SourdoughGulch_WA_985,2019-06-13,0.256,0.25025874376296997
SourdoughGulch_WA_985,2019-06-14,0.24,0.24541610479354858
SourdoughGulch_WA_985,2019-06-15,0.234,0.24575673043727875
SourdoughGulch_WA_985,2019-06-16,0.223,0.24602337181568146
SourdoughGulch_WA_985,2019-06-17,0.216,0.24928806722164154
SourdoughGulch_WA_985,2019-06-18,0.203,0.2447277158498764
SourdoughGulch_WA_985,2019-06-19,0.188,0.23509328067302704
SourdoughGulch_WA_985,2019-06-20,0.183,0.23026174306869507
SourdoughGulch_WA_985,2019-06-21,0.168,0.23026174306869507
SourdoughGulch_WA_985,2019-06-22,0.157,0.23026174306869507
SourdoughGulch_WA_985,2019-06-23,0.158,0.23026174306869507
SourdoughGulch_WA_985,2019-06-24,0.154,0.23639291524887085
SourdoughGulch_WA_985,2019-06-25,0.154,0.21651031076908112
SourdoughGulch_WA_985,2019-06-26,0.156,0.22076581418514252
SourdoughGulch_WA_985,2019-06-27,0.268,0.23571334779262543
SourdoughGulch_WA_985,2019-06-28,0.316,0.24472354352474213
SourdoughGulch_WA_985,2019-06-29,0.307,0.2588200867176056
SourdoughGulch_WA_985,2019-06-30,0.308,0.27082785964012146
SourdoughGulch_WA_985,2019-07-01,0.303,0.27183452248573303
SourdoughGulch_WA_985,2019-07-02,0.292,0.2683938443660736
SourdoughGulch_WA_985,2019-07-03,0.287,0.26683709025382996
SourdoughGulch_WA_985,2019-07-04,0.284,0.2615085244178772
SourdoughGulch_WA_985,2019-07-05,0.279,0.26016107201576233
SourdoughGulch_WA_985,2019-07-06,0.278,0.258260577917099
SourdoughGulch_WA_985,2019-07-07,0.278,0.2588210999965668
SourdoughGulch_WA_985,2019-07-08,0.268,0.2566963732242584
SourdoughGulch_WA_985,2019-07-09,0.261,0.2612267732620239
SourdoughGulch_WA_985,2019-07-10,0.26,0.25422224402427673
SourdoughGulch_WA_985,2019-07-11,0.258,0.2441810965538025
SourdoughGulch_WA_985,2019-07-12,0.248,0.228286474943161
SourdoughGulch_WA_985,2019-07-13,0.244,0.20876005291938782
SourdoughGulch_WA_985,2019-07-14,0.236,0.20163311064243317
SourdoughGulch_WA_985,2019-07-15,0.225,0.19583851099014282
SourdoughGulch_WA_985,2019-07-16,0.205,0.16386298835277557
SourdoughGulch_WA_985,2019-07-17,0.196,0.1511135846376419
SourdoughGulch_WA_985,2019-07-18,0.185,0.14463844895362854
SourdoughGulch_WA_985,2019-07-19,0.19,0.1303749978542328
SourdoughGulch_WA_985,2019-07-20,0.176,0.12568770349025726
SourdoughGulch_WA_985,2019-07-21,0.175,0.12265564501285553
SourdoughGulch_WA_985,2019-07-22,0.174,0.11710793524980545
SourdoughGulch_WA_985,2019-07-23,0.166,0.10968776047229767
SourdoughGulch_WA_985,2019-07-24,0.163,0.10978657752275467
SourdoughGulch_WA_985,2019-07-25,0.157,0.11007627099752426
SourdoughGulch_WA_985,2019-07-26,0.151,0.1388789415359497
SourdoughGulch_WA_985,2019-07-27,0.147,0.14544376730918884
SourdoughGulch_WA_985,2019-07-28,0.145,0.14346076548099518
SourdoughGulch_WA_985,2019-07-29,0.139,0.1022835448384285
SourdoughGulch_WA_985,2019-07-30,0.132,0.09389318525791168
SourdoughGulch_WA_985,2019-07-31,0.133,0.09796356409788132
SourdoughGulch_WA_985,2019-08-01,0.129,0.09795671701431274
SourdoughGulch_WA_985,2019-08-02,0.126,0.09473956376314163
SourdoughGulch_WA_985,2019-08-03,0.119,0.09227371960878372
SourdoughGulch_WA_985,2019-08-04,0.111,0.09275846928358078
SourdoughGulch_WA_985,2019-08-05,0.111,0.08299853652715683
SourdoughGulch_WA_985,2019-08-06,0.112,0.09295599907636642
SourdoughGulch_WA_985,2019-08-07,0.107,0.09344255179166794
SourdoughGulch_WA_985,2019-08-08,0.104,0.10280956327915192
SourdoughGulch_WA_985,2019-08-09,0.096,0.11325087398290634
SourdoughGulch_WA_985,2019-08-10,0.091,0.11044991761445999
SourdoughGulch_WA_985,2019-08-11,0.091,0.11996262520551682
SourdoughGulch_WA_985,2019-08-12,0.093,0.12692448496818542
SourdoughGulch_WA_985,2019-08-13,0.109,0.14385424554347992
SourdoughGulch_WA_985,2019-08-14,0.112,0.14912565052509308
SourdoughGulch_WA_985,2019-08-15,0.114,0.13303710520267487
SourdoughGulch_WA_985,2019-08-16,0.11,0.13780167698860168
SourdoughGulch_WA_985,2019-08-17,0.115,0.12326169013977051
SourdoughGulch_WA_985,2019-08-18,0.105,0.12053342163562775
SourdoughGulch_WA_985,2019-08-19,0.105,0.09937751293182373
SourdoughGulch_WA_985,2019-08-20,0.108,0.09719124436378479
SourdoughGulch_WA_985,2019-08-21,0.107,0.09774352610111237
SourdoughGulch_WA_985,2019-08-22,0.106,0.09875151515007019
SourdoughGulch_WA_985,2019-08-23,0.094,0.09875151515007019
SourdoughGulch_WA_985,2019-08-24,0.096,0.09875151515007019
SourdoughGulch_WA_985,2019-08-25,0.097,0.09875151515007019
SourdoughGulch_WA_985,2019-08-26,0.094,0.09725596010684967
SourdoughGulch_WA_985,2019-08-27,0.088,0.09804202616214752
SourdoughGulch_WA_985,2019-08-28,0.087,0.09706351906061172
SourdoughGulch_WA_985,2019-08-29,0.088,0.09706351906061172
SourdoughGulch_WA_985,2019-08-30,0.079,0.09646648913621902
SourdoughGulch_WA_985,2019-08-31,0.082,0.09706351906061172
SourdoughGulch_WA_985,2019-09-01,0.083,0.09706351906061172
SourdoughGulch_WA_985,2019-09-02,0.082,0.09706351906061172
SourdoughGulch_WA_985,2019-09-03,0.079,0.0971972644329071
SourdoughGulch_WA_985,2019-09-04,0.078,0.0966411828994751
SourdoughGulch_WA_985,2019-09-05,0.074,0.0975741520524025
SourdoughGulch_WA_985,2019-09-06,0.07,0.09727735072374344
SourdoughGulch_WA_985,2019-09-07,0.069,0.09727735072374344
SourdoughGulch_WA_985,2019-09-08,0.063,0.09727735072374344
SourdoughGulch_WA_985,2019-09-09,0.065,0.10034530609846115
SourdoughGulch_WA_985,2019-09-10,0.068,0.09897169470787048
SourdoughGulch_WA_985,2019-09-11,0.067,0.10298900306224823
SourdoughGulch_WA_985,2019-09-12,0.062,0.12043461948633194
SourdoughGulch_WA_985,2019-09-13,0.071,0.1256171613931656
SourdoughGulch_WA_985,2019-09-14,0.073,0.13078638911247253
SourdoughGulch_WA_985,2019-09-15,0.076,0.11944504082202911
SourdoughGulch_WA_985,2019-09-16,0.08,0.10037140548229218
SourdoughGulch_WA_985,2019-09-17,0.073,0.0940311849117279
SourdoughGulch_WA_985,2019-09-18,0.077,0.09513577818870544
SourdoughGulch_WA_985,2019-09-19,0.085,0.11424151808023453
SourdoughGulch_WA_985,2019-09-20,0.12,0.12081006914377213
SourdoughGulch_WA_985,2019-09-21,0.133,0.12064755707979202
SourdoughGulch_WA_985,2019-09-22,0.14,0.11450684070587158
SourdoughGulch_WA_985,2019-09-23,0.144,0.09832758456468582
SourdoughGulch_WA_985,2019-09-24,0.146,0.10938484221696854
SourdoughGulch_WA_985,2019-09-25,0.147,0.11800860613584518
SourdoughGulch_WA_985,2019-09-26,0.145,0.10872304439544678
SourdoughGulch_WA_985,2019-09-27,0.143,0.12449509650468826
SourdoughGulch_WA_985,2019-09-28,0.139,0.1104704886674881
SourdoughGulch_WA_985,2019-09-29,0.129,0.10818134993314743
SourdoughGulch_WA_985,2019-09-30,0.126,0.10808535665273666
SourdoughGulch_WA_985,2019-10-01,0.12,0.15008418262004852
SourdoughGulch_WA_985,2019-10-02,0.135,0.1599472314119339
SourdoughGulch_WA_985,2019-10-03,0.145,0.16898733377456665
SourdoughGulch_WA_985,2019-10-04,0.156,0.1677444577217102
SourdoughGulch_WA_985,2019-10-05,0.157,0.15224365890026093
SourdoughGulch_WA_985,2019-10-06,0.157,0.14324550330638885
SourdoughGulch_WA_985,2019-10-07,0.157,0.13837705552577972
SourdoughGulch_WA_985,2019-10-08,0.158,0.1261492520570755
SourdoughGulch_WA_985,2019-10-09,0.174,0.13423392176628113
SourdoughGulch_WA_985,2019-10-10,0.219,0.14037252962589264
SourdoughGulch_WA_985,2019-10-11,0.222,0.1813415288925171
SourdoughGulch_WA_985,2019-10-12,0.225,0.18387113511562347
SourdoughGulch_WA_985,2019-10-13,0.229,0.15926523506641388
SourdoughGulch_WA_985,2019-10-14,0.234,0.17378760874271393
SourdoughGulch_WA_985,2019-10-15,0.233,0.18502891063690186
SourdoughGulch_WA_985,2019-10-16,0.228,0.21036329865455627
SourdoughGulch_WA_985,2019-10-17,0.23,0.20604637265205383
SourdoughGulch_WA_985,2019-10-18,0.224,0.20919108390808105
SourdoughGulch_WA_985,2019-10-19,0.217,0.1985507756471634
SourdoughGulch_WA_985,2019-10-20,0.345,0.2618364691734314
SourdoughGulch_WA_985,2019-10-21,0.328,0.27122142910957336
SourdoughGulch_WA_985,2019-10-22,0.315,0.27830570936203003
SourdoughGulch_WA_985,2019-10-23,0.326,0.2787594795227051
SourdoughGulch_WA_985,2019-10-24,0.31,0.2718513011932373
SourdoughGulch_WA_985,2019-10-25,0.303,0.25331369042396545
SourdoughGulch_WA_985,2019-10-26,0.302,0.2516181468963623
SourdoughGulch_WA_985,2019-10-27,0.291,0.25981712341308594
SourdoughGulch_WA_985,2019-10-28,0.286,0.24698568880558014
SourdoughGulch_WA_985,2019-10-29,0.281,0.226346954703331
SourdoughGulch_WA_985,2019-10-30,0.282,0.2240181267261505
SourdoughGulch_WA_985,2019-10-31,0.275,0.22767303884029388
SourdoughGulch_WA_985,2019-11-01,0.271,0.2185146063566208
SourdoughGulch_WA_985,2019-11-02,0.269,0.21779076755046844
SourdoughGulch_WA_985,2019-11-03,0.267,0.2202880084514618
SourdoughGulch_WA_985,2019-11-04,0.27,0.22518549859523773
SourdoughGulch_WA_985,2019-11-05,0.308,0.2365828901529312
SourdoughGulch_WA_985,2019-11-06,0.305,0.25669610500335693
SourdoughGulch_WA_985,2019-11-07,0.3,0.25385749340057373
SourdoughGulch_WA_985,2019-11-08,0.294,0.24901284277439117
SourdoughGulch_WA_985,2019-11-09,0.297,0.24877707660198212
SourdoughGulch_WA_985,2019-11-10,0.297,0.24765484035015106
SourdoughGulch_WA_985,2019-11-11,0.298,0.23930998146533966
SourdoughGulch_WA_985,2019-11-12,0.29,0.23730726540088654
SourdoughGulch_WA_985,2019-11-13,0.291,0.24163076281547546
SourdoughGulch_WA_985,2019-11-14,0.289,0.2410096377134323
SourdoughGulch_WA_985,2019-11-15,0.286,0.2390822470188141
SourdoughGulch_WA_985,2019-11-16,0.289,0.24255679547786713
SourdoughGulch_WA_985,2019-11-17,0.288,0.2527448236942291
SourdoughGulch_WA_985,2019-11-18,0.293,0.2665061056613922
SourdoughGulch_WA_985,2019-11-19,0.292,0.272032767534256
SourdoughGulch_WA_985,2019-11-20,0.304,0.2721087336540222
SourdoughGulch_WA_985,2019-11-21,0.305,0.2718048691749573
SourdoughGulch_WA_985,2019-11-22,0.296,0.26285284757614136
SourdoughGulch_WA_985,2019-11-23,0.28,0.25743377208709717
SourdoughGulch_WA_985,2019-11-24,0.271,0.2532595992088318
SourdoughGulch_WA_985,2019-11-25,0.276,0.2585849463939667
SourdoughGulch_WA_985,2019-11-26,0.273,0.24931250512599945
SourdoughGulch_WA_985,2019-11-27,0.274,0.23901596665382385
SourdoughGulch_WA_985,2019-11-28,0.276,0.23629403114318848
SourdoughGulch_WA_985,2019-11-29,0.277,0.24613267183303833
SourdoughGulch_WA_985,2019-11-30,0.272,0.24685561656951904
SourdoughGulch_WA_985,2019-12-01,0.27,0.2461785078048706
SourdoughGulch_WA_985,2019-12-02,0.265,0.24577079713344574
SourdoughGulch_WA_985,2019-12-03,0.266,0.2554422616958618
SourdoughGulch_WA_985,2019-12-04,0.266,0.2566387951374054
SourdoughGulch_WA_985,2019-12-05,0.273,0.2654063105583191
SourdoughGulch_WA_985,2019-12-06,0.29,0.2733440399169922
SourdoughGulch_WA_985,2019-12-07,0.304,0.26422497630119324
SourdoughGulch_WA_985,2019-12-08,0.337,0.26357412338256836
SourdoughGulch_WA_985,2019-12-09,0.327,0.2675100862979889
SourdoughGulch_WA_985,2019-12-10,0.309,0.2641437351703644
SourdoughGulch_WA_985,2019-12-11,0.294,0.27024373412132263
SourdoughGulch_WA_985,2019-12-12,0.295,0.2729628384113312
SourdoughGulch_WA_985,2019-12-13,0.319,0.275428831577301
SourdoughGulch_WA_985,2019-12-14,0.325,0.2775832414627075
SourdoughGulch_WA_985,2019-12-15,0.312,0.2781282663345337
SourdoughGulch_WA_985,2019-12-16,0.306,0.2789314091205597
SourdoughGulch_WA_985,2019-12-17,0.296,0.2707608938217163
SourdoughGulch_WA_985,2019-12-18,0.285,0.26744723320007324
SourdoughGulch_WA_985,2019-12-19,0.281,0.2588072419166565
SourdoughGulch_WA_985,2019-12-20,0.279,0.2489660382270813
SourdoughGulch_WA_985,2019-12-21,0.332,0.25080543756484985
SourdoughGulch_WA_985,2019-12-22,0.333,0.26403945684432983
SourdoughGulch_WA_985,2019-12-23,0.325,0.26841774582862854
SourdoughGulch_WA_985,2019-12-24,0.331,0.2556139826774597
SourdoughGulch_WA_985,2019-12-25,0.319,0.25514715909957886
SourdoughGulch_WA_985,2019-12-26,0.303,0.25719815492630005
SourdoughGulch_WA_985,2019-12-27,0.291,0.25504952669143677
SourdoughGulch_WA_985,2019-12-28,0.278,0.25487565994262695
SourdoughGulch_WA_985,2019-12-29,0.272,0.25655218958854675
SourdoughGulch_WA_985,2019-12-30,0.271,0.25422659516334534
SourdoughGulch_WA_985,2019-12-31,0.276,0.2577623724937439
SourdoughGulch_WA_985,2020-01-01,0.303,0.2760620713233948
SourdoughGulch_WA_985,2020-01-02,0.339,0.2832283675670624
SourdoughGulch_WA_985,2020-01-03,0.33,0.2886274755001068
SourdoughGulch_WA_985,2020-01-04,0.329,0.2908402681350708
SourdoughGulch_WA_985,2020-01-05,0.323,0.2866593599319458
SourdoughGulch_WA_985,2020-01-06,0.311,0.2982819676399231
SourdoughGulch_WA_985,2020-01-07,0.314,0.3006671667098999
SourdoughGulch_WA_985,2020-01-08,0.324,0.29830124974250793
SourdoughGulch_WA_985,2020-01-09,0.319,0.297816663980484
SourdoughGulch_WA_985,2020-01-10,0.311,0.2930593490600586
SourdoughGulch_WA_985,2020-01-11,0.298,0.2847200930118561
SourdoughGulch_WA_985,2020-01-12,0.297,0.27397260069847107
SourdoughGulch_WA_985,2020-01-13,0.298,0.2610087990760803
SourdoughGulch_WA_985,2020-01-14,0.3,0.2422664910554886
SourdoughGulch_WA_985,2020-01-15,0.301,0.24336805939674377
SourdoughGulch_WA_985,2020-01-16,0.301,0.24421122670173645
SourdoughGulch_WA_985,2020-01-17,0.3,0.2466920018196106
SourdoughGulch_WA_985,2020-01-18,0.301,0.24174784123897552
SourdoughGulch_WA_985,2020-01-19,0.3,0.24343957006931305
SourdoughGulch_WA_985,2020-01-20,0.3,0.2517630457878113
SourdoughGulch_WA_985,2020-01-21,0.301,0.2492600530385971
SourdoughGulch_WA_985,2020-01-22,0.322,0.25904273986816406
SourdoughGulch_WA_985,2020-01-23,0.322,0.2682647407054901
SourdoughGulch_WA_985,2020-01-24,0.33,0.2719128131866455
SourdoughGulch_WA_985,2020-01-25,0.343,0.26890799403190613
SourdoughGulch_WA_985,2020-01-26,0.337,0.26564285159111023
SourdoughGulch_WA_985,2020-01-27,0.341,0.29643407464027405
SourdoughGulch_WA_985,2020-01-28,0.328,0.3011249899864197
SourdoughGulch_WA_985,2020-01-29,0.345,0.30016908049583435
SourdoughGulch_WA_985,2020-01-30,0.333,0.30172786116600037
SourdoughGulch_WA_985,2020-01-31,0.333,0.30172786116600037
SourdoughGulch_WA_985,2020-02-01,0.346,0.30172786116600037
SourdoughGulch_WA_985,2020-02-02,0.341,0.30172786116600037
SourdoughGulch_WA_985,2020-02-03,0.332,0.3022231161594391
SourdoughGulch_WA_985,2020-02-04,0.319,0.3073628544807434
SourdoughGulch_WA_985,2020-02-05,0.307,0.3073628544807434
SourdoughGulch_WA_985,2020-02-06,0.342,0.3073628544807434
SourdoughGulch_WA_985,2020-02-07,0.351,0.312227338552475
SourdoughGulch_WA_985,2020-02-08,0.343,0.29906994104385376
SourdoughGulch_WA_985,2020-02-09,0.333,0.2915131151676178
SourdoughGulch_WA_985,2020-02-10,0.328,0.30193784832954407
SourdoughGulch_WA_985,2020-02-11,0.321,0.3023661673069
SourdoughGulch_WA_985,2020-02-12,0.313,0.30121394991874695
SourdoughGulch_WA_985,2020-02-13,0.311,0.2919076383113861
SourdoughGulch_WA_985,2020-02-14,0.301,0.2932146489620209
SourdoughGulch_WA_985,2020-02-15,0.305,0.2984653115272522
SourdoughGulch_WA_985,2020-02-16,0.301,0.2984653115272522
SourdoughGulch_WA_985,2020-02-17,0.311,0.30243057012557983
SourdoughGulch_WA_985,2020-02-18,0.311,0.2996685206890106
SourdoughGulch_WA_985,2020-02-19,0.302,0.29536712169647217
SourdoughGulch_WA_985,2020-02-20,0.292,0.2962091565132141
SourdoughGulch_WA_985,2020-02-21,0.282,0.3000320494174957
SourdoughGulch_WA_985,2020-02-22,0.274,0.30080270767211914
SourdoughGulch_WA_985,2020-02-23,0.276,0.30634936690330505
SourdoughGulch_WA_985,2020-02-24,0.322,0.3213922679424286
SourdoughGulch_WA_985,2020-02-25,0.314,0.31347835063934326
SourdoughGulch_WA_985,2020-02-26,0.3,0.31063783168792725
SourdoughGulch_WA_985,2020-02-27,0.335,0.3081229031085968
SourdoughGulch_WA_985,2020-02-28,0.325,0.3081229031085968
SourdoughGulch_WA_985,2020-02-29,0.336,0.3071048855781555
SourdoughGulch_WA_985,2020-03-01,0.33,0.30902206897735596
SourdoughGulch_WA_985,2020-03-02,0.315,0.3081686198711395
SourdoughGulch_WA_985,2020-03-03,0.307,0.3122323155403137
SourdoughGulch_WA_985,2020-03-04,0.328,0.3092364966869354
SourdoughGulch_WA_985,2020-03-05,0.324,0.3099430501461029
SourdoughGulch_WA_985,2020-03-06,0.324,0.30437302589416504
SourdoughGulch_WA_985,2020-03-07,0.321,0.30437302589416504
SourdoughGulch_WA_985,2020-03-08,0.318,0.3122323155403137
SourdoughGulch_WA_985,2020-03-09,0.314,0.3130752444267273
SourdoughGulch_WA_985,2020-03-10,0.312,0.3035668730735779
SourdoughGulch_WA_985,2020-03-11,0.31,0.30337658524513245
SourdoughGulch_WA_985,2020-03-12,0.314,0.30337658524513245
SourdoughGulch_WA_985,2020-03-13,0.304,0.30337658524513245
SourdoughGulch_WA_985,2020-03-14,0.301,0.29752370715141296
SourdoughGulch_WA_985,2020-03-15,0.302,0.29752370715141296
SourdoughGulch_WA_985,2020-03-16,0.304,0.30208495259284973
SourdoughGulch_WA_985,2020-03-17,0.306,0.30261698365211487
SourdoughGulch_WA_985,2020-03-18,0.34,0.30208495259284973
SourdoughGulch_WA_985,2020-03-19,0.336,0.30372774600982666
SourdoughGulch_WA_985,2020-03-20,0.331,0.30372774600982666
SourdoughGulch_WA_985,2020-03-21,0.327,0.30372774600982666
SourdoughGulch_WA_985,2020-03-22,0.325,0.30331724882125854
SourdoughGulch_WA_985,2020-03-23,0.321,0.3034238815307617
SourdoughGulch_WA_985,2020-03-24,0.32,0.3099065124988556
SourdoughGulch_WA_985,2020-03-25,0.313,0.30215850472450256
SourdoughGulch_WA_985,2020-03-26,0.313,0.3049093782901764
SourdoughGulch_WA_985,2020-03-27,0.311,0.303687185049057
SourdoughGulch_WA_985,2020-03-28,0.311,0.3021102845668793
SourdoughGulch_WA_985,2020-03-29,0.313,0.304901123046875
SourdoughGulch_WA_985,2020-03-30,0.317,0.3106716573238373
SourdoughGulch_WA_985,2020-03-31,0.355,0.30847620964050293
SourdoughGulch_WA_985,2020-04-01,0.344,0.3135792315006256
SourdoughGulch_WA_985,2020-04-02,0.343,0.314275324344635
SourdoughGulch_WA_985,2020-04-03,0.336,0.31522923707962036
SourdoughGulch_WA_985,2020-04-04,0.332,0.3145808279514313
SourdoughGulch_WA_985,2020-04-05,0.331,0.31510740518569946
SourdoughGulch_WA_985,2020-04-06,0.33,0.3160801827907562
SourdoughGulch_WA_985,2020-04-07,0.329,0.31853747367858887
SourdoughGulch_WA_985,2020-04-08,0.327,0.31567561626434326
SourdoughGulch_WA_985,2020-04-09,0.323,0.30776742100715637
SourdoughGulch_WA_985,2020-04-10,0.319,0.3075028955936432
SourdoughGulch_WA_985,2020-04-11,0.316,0.30803442001342773
SourdoughGulch_WA_985,2020-04-12,0.307,0.3006255030632019
SourdoughGulch_WA_985,2020-04-13,0.3,0.29657846689224243
SourdoughGulch_WA_985,2020-04-14,0.295,0.2998664081096649
SourdoughGulch_WA_985,2020-04-15,0.294,0.30178308486938477
SourdoughGulch_WA_985,2020-04-16,0.341,0.30794376134872437
SourdoughGulch_WA_985,2020-04-17,0.336,0.30579814314842224
SourdoughGulch_WA_985,2020-04-18,0.332,0.3043258786201477
SourdoughGulch_WA_985,2020-04-19,0.324,0.3043258786201477
SourdoughGulch_WA_985,2020-04-20,0.32,0.3050811290740967
SourdoughGulch_WA_985,2020-04-21,0.319,0.29968684911727905
SourdoughGulch_WA_985,2020-04-22,0.316,0.29791104793548584
SourdoughGulch_WA_985,2020-04-23,0.307,0.29885002970695496
SourdoughGulch_WA_985,2020-04-24,0.349,0.2968926429748535
SourdoughGulch_WA_985,2020-04-25,0.34,0.30191469192504883
SourdoughGulch_WA_985,2020-04-26,0.336,0.30256161093711853
SourdoughGulch_WA_985,2020-04-27,0.334,0.30502253770828247
SourdoughGulch_WA_985,2020-04-28,0.327,0.29657238721847534
SourdoughGulch_WA_985,2020-04-29,0.32,0.2980112135410309
SourdoughGulch_WA_985,2020-04-30,0.314,0.2903159558773041
SourdoughGulch_WA_985,2020-05-01,0.308,0.2903159558773041
SourdoughGulch_WA_985,2020-05-02,0.307,0.2903159558773041
SourdoughGulch_WA_985,2020-05-03,0.301,0.2915789783000946
SourdoughGulch_WA_985,2020-05-04,0.299,0.2930169999599457
SourdoughGulch_WA_985,2020-05-05,0.296,0.2903955280780792
SourdoughGulch_WA_985,2020-05-06,0.292,0.2818498909473419
SourdoughGulch_WA_985,2020-05-07,0.284,0.27754926681518555
SourdoughGulch_WA_985,2020-05-08,0.284,0.27744993567466736
SourdoughGulch_WA_985,2020-05-09,0.28,0.27538996934890747
SourdoughGulch_WA_985,2020-05-10,0.274,0.2712847888469696
SourdoughGulch_WA_985,2020-05-11,0.265,0.267094224691391
SourdoughGulch_WA_985,2020-05-12,0.254,0.2605918049812317
SourdoughGulch_WA_985,2020-05-13,0.322,0.2571401298046112
SourdoughGulch_WA_985,2020-05-14,0.313,0.25713855028152466
SourdoughGulch_WA_985,2020-05-15,0.35,0.2691793441772461
SourdoughGulch_WA_985,2020-05-16,0.347,0.27398040890693665
SourdoughGulch_WA_985,2020-05-17,0.342,0.27042415738105774
SourdoughGulch_WA_985,2020-05-18,0.341,0.27885201573371887
SourdoughGulch_WA_985,2020-05-19,0.339,0.2767876982688904
SourdoughGulch_WA_985,2020-05-20,0.354,0.2741224467754364
SourdoughGulch_WA_985,2020-05-21,0.369,0.28085240721702576
SourdoughGulch_WA_985,2020-05-22,0.351,0.30462726950645447
SourdoughGulch_WA_985,2020-05-23,0.344,0.3013016879558563
SourdoughGulch_WA_985,2020-05-24,0.339,0.29585784673690796
SourdoughGulch_WA_985,2020-05-25,0.336,0.29311227798461914
SourdoughGulch_WA_985,2020-05-26,0.33,0.2950776219367981
SourdoughGulch_WA_985,2020-05-27,0.333,0.2956436574459076
SourdoughGulch_WA_985,2020-05-28,0.328,0.29610317945480347
SourdoughGulch_WA_985,2020-05-29,0.319,0.3042294383049011
SourdoughGulch_WA_985,2020-05-30,0.317,0.30071961879730225
SourdoughGulch_WA_985,2020-05-31,0.308,0.2942430377006531
SourdoughGulch_WA_985,2020-06-01,0.353,0.2926006615161896
SourdoughGulch_WA_985,2020-06-02,0.342,0.2972404360771179
SourdoughGulch_WA_985,2020-06-03,0.335,0.2961064279079437
SourdoughGulch_WA_985,2020-06-04,0.326,0.295503705739975
SourdoughGulch_WA_985,2020-06-05,0.317,0.2952175736427307
SourdoughGulch_WA_985,2020-06-06,0.311,0.29287391901016235
SourdoughGulch_WA_985,2020-06-07,0.351,0.30026131868362427
SourdoughGulch_WA_985,2020-06-08,0.346,0.3027305006980896
SourdoughGulch_WA_985,2020-06-09,0.339,0.296825647354126
SourdoughGulch_WA_985,2020-06-10,0.334,0.3050306439399719
SourdoughGulch_WA_985,2020-06-11,0.338,0.3212255835533142
SourdoughGulch_WA_985,2020-06-12,0.337,0.3226562440395355
SourdoughGulch_WA_985,2020-06-13,0.33,0.324626088142395
SourdoughGulch_WA_985,2020-06-14,0.364,0.32980525493621826
SourdoughGulch_WA_985,2020-06-15,0.352,0.3265623450279236
SourdoughGulch_WA_985,2020-06-16,0.351,0.3269113600254059
SourdoughGulch_WA_985,2020-06-17,0.357,0.3243868947029114
SourdoughGulch_WA_985,2020-06-18,0.352,0.30906549096107483
SourdoughGulch_WA_985,2020-06-19,0.347,0.2938501238822937
SourdoughGulch_WA_985,2020-06-20,0.342,0.2979125380516052
SourdoughGulch_WA_985,2020-06-21,0.337,0.2952137291431427
SourdoughGulch_WA_985,2020-06-22,0.338,0.3119679093360901
SourdoughGulch_WA_985,2020-06-23,0.332,0.2768126130104065
SourdoughGulch_WA_985,2020-06-24,0.324,0.26444441080093384
SourdoughGulch_WA_985,2020-06-25,0.314,0.27077996730804443
SourdoughGulch_WA_985,2020-06-26,0.305,0.26391759514808655
SourdoughGulch_WA_985,2020-06-27,0.295,0.2610260844230652
SourdoughGulch_WA_985,2020-06-28,0.28,0.25475621223449707
SourdoughGulch_WA_985,2020-06-29,0.266,0.25368788838386536
SourdoughGulch_WA_985,2020-06-30,0.355,0.26677924394607544
SourdoughGulch_WA_985,2020-07-01,0.36,0.27039945125579834
SourdoughGulch_WA_985,2020-07-02,0.348,0.26900172233581543
SourdoughGulch_WA_985,2020-07-03,0.343,0.2627534866333008
SourdoughGulch_WA_985,2020-07-04,0.336,0.2605912685394287
SourdoughGulch_WA_985,2020-07-05,0.327,0.24666061997413635
SourdoughGulch_WA_985,2020-07-06,0.319,0.2283211201429367
SourdoughGulch_WA_985,2020-07-07,0.312,0.22630766034126282
SourdoughGulch_WA_985,2020-07-08,0.305,0.23231644928455353
SourdoughGulch_WA_985,2020-07-09,0.301,0.25087273120880127
SourdoughGulch_WA_985,2020-07-10,0.294,0.24892860651016235
SourdoughGulch_WA_985,2020-07-11,0.292,0.2515614330768585
SourdoughGulch_WA_985,2020-07-12,0.289,0.2486494779586792
SourdoughGulch_WA_985,2020-07-13,0.277,0.25147995352745056
SourdoughGulch_WA_985,2020-07-14,0.269,0.24879565834999084
SourdoughGulch_WA_985,2020-07-15,0.26,0.2544427216053009
SourdoughGulch_WA_985,2020-07-16,0.249,0.2331642061471939
SourdoughGulch_WA_985,2020-07-17,0.238,0.2021462768316269
SourdoughGulch_WA_985,2020-07-18,0.22,0.19628207385540009
SourdoughGulch_WA_985,2020-07-19,0.216,0.1959110051393509
SourdoughGulch_WA_985,2020-07-20,0.203,0.16631276905536652
SourdoughGulch_WA_985,2020-07-21,0.191,0.16156353056430817
SourdoughGulch_WA_985,2020-07-22,0.185,0.17121775448322296
SourdoughGulch_WA_985,2020-07-23,0.179,0.17813657224178314
SourdoughGulch_WA_985,2020-07-24,0.17,0.1749642938375473
SourdoughGulch_WA_985,2020-07-25,0.166,0.1731882095336914
SourdoughGulch_WA_985,2020-07-26,0.162,0.16941474378108978
SourdoughGulch_WA_985,2020-07-27,0.159,0.1720850020647049
SourdoughGulch_WA_985,2020-07-28,0.156,0.18588833510875702
SourdoughGulch_WA_985,2020-07-29,0.15,0.1568240076303482
SourdoughGulch_WA_985,2020-07-30,0.15,0.15272720158100128
SourdoughGulch_WA_985,2020-07-31,0.149,0.1515141874551773
SourdoughGulch_WA_985,2020-08-01,0.148,0.1509636491537094
SourdoughGulch_WA_985,2020-08-02,0.138,0.1501655876636505
SourdoughGulch_WA_985,2020-08-03,0.139,0.15655262768268585
SourdoughGulch_WA_985,2020-08-04,0.138,0.1449705809354782
SourdoughGulch_WA_985,2020-08-05,0.133,0.13748693466186523
SourdoughGulch_WA_985,2020-08-06,0.133,0.13424287736415863
SourdoughGulch_WA_985,2020-08-07,0.127,0.13517756760120392
SourdoughGulch_WA_985,2020-08-08,0.123,0.1319940835237503
SourdoughGulch_WA_985,2020-08-09,0.123,0.12414170056581497
SourdoughGulch_WA_985,2020-08-10,0.122,0.11907557398080826
SourdoughGulch_WA_985,2020-08-11,0.126,0.11384952068328857
SourdoughGulch_WA_985,2020-08-12,0.125,0.09526100754737854
SourdoughGulch_WA_985,2020-08-13,0.117,0.08951706439256668
SourdoughGulch_WA_985,2020-08-14,0.121,0.09030544757843018
SourdoughGulch_WA_985,2020-08-15,0.117,0.08226194977760315
SourdoughGulch_WA_985,2020-08-16,0.121,0.08614599704742432
SourdoughGulch_WA_985,2020-08-17,0.12,0.08462360501289368
SourdoughGulch_WA_985,2020-08-18,0.118,0.08858641982078552
SourdoughGulch_WA_985,2020-08-19,0.115,0.089528888463974
SourdoughGulch_WA_985,2020-08-20,0.106,0.08358284085988998
SourdoughGulch_WA_985,2020-08-21,0.109,0.07189188152551651
SourdoughGulch_WA_985,2020-08-22,0.109,0.06582371890544891
SourdoughGulch_WA_985,2020-08-23,0.109,0.06083636358380318
SourdoughGulch_WA_985,2020-08-24,0.111,0.05653563141822815
SourdoughGulch_WA_985,2020-08-25,0.103,0.060006290674209595
SourdoughGulch_WA_985,2020-08-26,0.106,0.09861879795789719
SourdoughGulch_WA_985,2020-08-27,0.106,0.09174352139234543
SourdoughGulch_WA_985,2020-08-28,0.104,0.09256882965564728
SourdoughGulch_WA_985,2020-08-29,0.104,0.08783379197120667
SourdoughGulch_WA_985,2020-08-30,0.098,0.08783379197120667
SourdoughGulch_WA_985,2020-08-31,0.096,0.060861267149448395
SourdoughGulch_WA_985,2020-09-01,0.091,0.0628945529460907
SourdoughGulch_WA_985,2020-09-02,0.091,0.06987086683511734
SourdoughGulch_WA_985,2020-09-03,0.096,0.08022549003362656
SourdoughGulch_WA_985,2020-09-04,0.091,0.0866258516907692
SourdoughGulch_WA_985,2020-09-05,0.094,0.09040669351816177
SourdoughGulch_WA_985,2020-09-06,0.092,0.08516387641429901
SourdoughGulch_WA_985,2020-09-07,0.09,0.07485106587409973
SourdoughGulch_WA_985,2020-09-08,0.081,0.07636666297912598
SourdoughGulch_WA_985,2020-09-09,0.075,0.07189188152551651
SourdoughGulch_WA_985,2020-09-10,0.073,0.06864883005619049
SourdoughGulch_WA_985,2020-09-11,0.077,0.0662362203001976
SourdoughGulch_WA_985,2020-09-12,0.074,0.06639344245195389
SourdoughGulch_WA_985,2020-09-13,0.073,0.06541461497545242
SourdoughGulch_WA_985,2020-09-14,0.073,0.060900524258613586
SourdoughGulch_WA_985,2020-09-15,0.075,0.05763229355216026
SourdoughGulch_WA_985,2020-09-16,0.07,0.05526663362979889
SourdoughGulch_WA_985,2020-09-17,0.069,0.055484261363744736
SourdoughGulch_WA_985,2020-09-18,0.071,0.05499670282006264
SourdoughGulch_WA_985,2020-09-19,0.071,0.05499670282006264
SourdoughGulch_WA_985,2020-09-20,0.068,0.1005009263753891
SourdoughGulch_WA_985,2020-09-21,0.067,0.09062126278877258
SourdoughGulch_WA_985,2020-09-22,0.068,0.09975414723157883
SourdoughGulch_WA_985,2020-09-23,0.073,0.10077808797359467
SourdoughGulch_WA_985,2020-09-24,0.074,0.10084894299507141
SourdoughGulch_WA_985,2020-09-25,0.071,0.10161326825618744
SourdoughGulch_WA_985,2020-09-26,0.072,0.10987874865531921
SourdoughGulch_WA_985,2020-09-27,0.208,0.11060889810323715
SourdoughGulch_WA_985,2020-09-28,0.195,0.11932457238435745
SourdoughGulch_WA_985,2020-09-29,0.186,0.11225562542676926
SourdoughGulch_WA_985,2020-09-30,0.179,0.106604665517807
SourdoughGulch_WA_985,2020-10-01,0.178,0.10466905683279037
SourdoughGulch_WA_985,2020-10-02,0.17,0.10514676570892334
SourdoughGulch_WA_985,2020-10-03,0.161,0.10186457633972168
SourdoughGulch_WA_985,2020-10-04,0.156,0.10602514445781708
SourdoughGulch_WA_985,2020-10-05,0.147,0.10630886256694794
SourdoughGulch_WA_985,2020-10-06,0.143,0.10130863636732101
SourdoughGulch_WA_985,2020-10-07,0.139,0.10032980889081955
SourdoughGulch_WA_985,2020-10-08,0.139,0.10032980889081955
SourdoughGulch_WA_985,2020-10-09,0.129,0.09892569482326508
SourdoughGulch_WA_985,2020-10-10,0.122,0.0986124649643898
SourdoughGulch_WA_985,2020-10-11,0.117,0.12254168838262558
SourdoughGulch_WA_985,2020-10-12,0.109,0.12613028287887573
SourdoughGulch_WA_985,2020-10-13,0.174,0.12757623195648193
SourdoughGulch_WA_985,2020-10-14,0.325,0.1647232174873352
SourdoughGulch_WA_985,2020-10-15,0.285,0.1839757114648819
SourdoughGulch_WA_985,2020-10-16,0.27,0.17355266213417053
SourdoughGulch_WA_985,2020-10-17,0.266,0.17225943505764008
SourdoughGulch_WA_985,2020-10-18,0.26,0.18839888274669647
SourdoughGulch_WA_985,2020-10-19,0.255,0.15558293461799622
SourdoughGulch_WA_985,2020-10-20,0.249,0.17700539529323578
SourdoughGulch_WA_985,2020-10-21,0.243,0.19294512271881104
SourdoughGulch_WA_985,2020-10-22,0.232,0.20638695359230042
SourdoughGulch_WA_985,2020-10-23,0.227,0.20610274374485016
SourdoughGulch_WA_985,2020-10-24,0.221,0.22354890406131744
SourdoughGulch_WA_985,2020-10-25,0.317,0.2340429276227951
SourdoughGulch_WA_985,2020-10-26,0.288,0.26448482275009155
SourdoughGulch_WA_985,2020-10-27,0.265,0.2657134234905243
SourdoughGulch_WA_985,2020-10-28,0.258,0.2604260742664337
SourdoughGulch_WA_985,2020-10-29,0.305,0.24723663926124573
SourdoughGulch_WA_985,2020-10-30,0.302,0.2534596621990204
SourdoughGulch_WA_985,2020-10-31,0.298,0.26400384306907654
SourdoughGulch_WA_985,2020-11-01,0.286,0.25747424364089966
SourdoughGulch_WA_985,2020-11-02,0.282,0.23421722650527954
SourdoughGulch_WA_985,2020-11-03,0.278,0.22394666075706482
SourdoughGulch_WA_985,2020-11-04,0.278,0.22837667167186737
SourdoughGulch_WA_985,2020-11-05,0.277,0.21561770141124725
SourdoughGulch_WA_985,2020-11-06,0.275,0.21827378869056702
SourdoughGulch_WA_985,2020-11-07,0.348,0.2555552124977112
SourdoughGulch_WA_985,2020-11-08,0.334,0.2659285366535187
SourdoughGulch_WA_985,2020-11-09,0.325,0.2607669234275818
SourdoughGulch_WA_985,2020-11-10,0.326,0.28032463788986206
SourdoughGulch_WA_985,2020-11-11,0.327,0.27709275484085083
SourdoughGulch_WA_985,2020-11-12,0.328,0.27873140573501587
SourdoughGulch_WA_985,2020-11-13,0.328,0.284428209066391
SourdoughGulch_WA_985,2020-11-14,0.329,0.2799000144004822
SourdoughGulch_WA_985,2020-11-15,0.331,0.2805555462837219
SourdoughGulch_WA_985,2020-11-16,0.331,0.29070526361465454
SourdoughGulch_WA_985,2020-11-17,0.361,0.28701290488243103
SourdoughGulch_WA_985,2020-11-18,0.351,0.28185132145881653
SourdoughGulch_WA_985,2020-11-19,0.353,0.26935604214668274
SourdoughGulch_WA_985,2020-11-20,0.334,0.2538556456565857
SourdoughGulch_WA_985,2020-11-21,0.321,0.2540946900844574
SourdoughGulch_WA_985,2020-11-22,0.308,0.25099977850914
SourdoughGulch_WA_985,2020-11-23,0.295,0.2599699795246124
SourdoughGulch_WA_985,2020-11-24,0.297,0.2470083385705948
SourdoughGulch_WA_985,2020-11-25,0.3,0.25126171112060547
SourdoughGulch_WA_985,2020-11-26,0.299,0.2516784965991974
SourdoughGulch_WA_985,2020-11-27,0.299,0.2582720220088959
SourdoughGulch_WA_985,2020-11-28,0.293,0.25898876786231995
SourdoughGulch_WA_985,2020-11-29,0.291,0.24754396080970764
SourdoughGulch_WA_985,2020-11-30,0.29,0.25042590498924255
SourdoughGulch_WA_985,2020-12-01,0.285,0.2535982131958008
SourdoughGulch_WA_985,2020-12-02,0.279,0.2529546916484833
SourdoughGulch_WA_985,2020-12-03,0.263,0.25205567479133606
SourdoughGulch_WA_985,2020-12-04,0.246,0.23840683698654175
SourdoughGulch_WA_985,2020-12-05,0.222,0.21496418118476868
SourdoughGulch_WA_985,2020-12-06,0.188,0.20736908912658691
SourdoughGulch_WA_985,2020-12-07,0.177,0.2051192671060562
SourdoughGulch_WA_985,2020-12-08,0.155,0.2318570762872696
SourdoughGulch_WA_985,2020-12-09,0.195,0.22414499521255493
SourdoughGulch_WA_985,2020-12-10,0.258,0.2263447493314743
SourdoughGulch_WA_985,2020-12-11,0.282,0.23836784064769745
SourdoughGulch_WA_985,2020-12-12,0.273,0.24908319115638733
SourdoughGulch_WA_985,2020-12-13,0.249,0.27663934230804443
SourdoughGulch_WA_985,2020-12-14,0.219,0.27601301670074463
SourdoughGulch_WA_985,2020-12-15,0.221,0.24901889264583588
SourdoughGulch_WA_985,2020-12-16,0.224,0.27440598607063293
SourdoughGulch_WA_985,2020-12-17,0.238,0.2658378481864929
SourdoughGulch_WA_985,2020-12-18,0.258,0.2660336494445801
SourdoughGulch_WA_985,2020-12-19,0.283,0.25422051548957825
SourdoughGulch_WA_985,2020-12-20,0.314,0.25384053587913513
SourdoughGulch_WA_985,2020-12-21,0.35,0.27739718556404114
SourdoughGulch_WA_985,2020-12-22,0.35,0.2930203378200531
SourdoughGulch_WA_985,2020-12-23,0.339,0.29233190417289734
SourdoughGulch_WA_985,2020-12-24,0.322,0.2886608839035034
SourdoughGulch_WA_985,2020-12-25,0.307,0.2926938831806183
SourdoughGulch_WA_985,2020-12-26,0.3,0.29417210817337036
SourdoughGulch_WA_985,2020-12-27,0.307,0.29342517256736755
SourdoughGulch_WA_985,2020-12-28,0.301,0.30458864569664
SourdoughGulch_WA_985,2020-12-29,0.285,0.2960386276245117
SourdoughGulch_WA_985,2020-12-30,0.27,0.25702965259552
SourdoughGulch_WA_985,2020-12-31,0.262,0.2561242878437042
Spokane,2017-03-19,0.323,0.3172716498374939
Spokane,2017-03-20,0.319,0.32138603925704956
Spokane,2017-03-21,0.325,0.3198356032371521
Spokane,2017-03-22,0.327,0.31739965081214905
Spokane,2017-03-23,0.321,0.31739965081214905
Spokane,2017-03-24,0.331,0.3176685571670532
Spokane,2017-03-25,0.326,0.3186250925064087
Spokane,2017-03-26,0.322,0.31986144185066223
Spokane,2017-03-27,0.325,0.3209246098995209
Spokane,2017-03-28,0.322,0.31585219502449036
Spokane,2017-03-29,0.335,0.30846431851387024
Spokane,2017-03-30,0.325,0.30846431851387024
Spokane,2017-03-31,0.32,0.306902676820755
Spokane,2017-04-01,0.316,0.30566099286079407
Spokane,2017-04-02,0.313,0.3035157322883606
Spokane,2017-04-03,0.309,0.3035157322883606
Spokane,2017-04-04,0.306,0.29997870326042175
Spokane,2017-04-05,0.306,0.29854026436805725
Spokane,2017-04-06,0.307,0.3026088774204254
Spokane,2017-04-07,0.321,0.3025849759578705
Spokane,2017-04-08,0.319,0.303242564201355
Spokane,2017-04-09,0.316,0.30329105257987976
Spokane,2017-04-10,0.32,0.30360642075538635
Spokane,2017-04-11,0.317,0.2991575002670288
Spokane,2017-04-12,0.318,0.29661691188812256
Spokane,2017-04-13,0.326,0.29737338423728943
Spokane,2017-04-14,0.319,0.29892516136169434
Spokane,2017-04-15,0.314,0.29504820704460144
Spokane,2017-04-16,0.311,0.288906455039978
Spokane,2017-04-17,0.331,0.28714093565940857
Spokane,2017-04-18,0.328,0.3012163043022156
Spokane,2017-04-19,0.322,0.3010420501232147
Spokane,2017-04-20,0.318,0.3021925687789917
Spokane,2017-04-21,0.314,0.3021223545074463
Spokane,2017-04-22,0.309,0.29882490634918213
Spokane,2017-04-23,0.305,0.30131903290748596
Spokane,2017-04-24,0.305,0.30474990606307983
Spokane,2017-04-25,0.303,0.29844844341278076
Spokane,2017-04-26,0.305,0.29284512996673584
Spokane,2017-04-27,0.304,0.2899963855743408
Spokane,2017-04-28,0.299,0.2906588613986969
Spokane,2017-04-29,0.295,0.29623445868492126
Spokane,2017-04-30,0.289,0.29335883259773254
Spokane,2017-05-01,0.286,0.29656267166137695
Spokane,2017-05-02,0.285,0.2863868176937103
Spokane,2017-05-03,0.28,0.2884845733642578
Spokane,2017-05-04,0.274,0.281064510345459
Spokane,2017-05-05,0.271,0.28406548500061035
Spokane,2017-05-06,0.276,0.28610801696777344
Spokane,2017-05-07,0.272,0.2793167233467102
Spokane,2017-05-08,0.266,0.2949846386909485
Spokane,2017-05-09,0.259,0.2898891866207123
Spokane,2017-05-10,0.251,0.27709028124809265
Spokane,2017-05-11,0.249,0.2696513533592224
Spokane,2017-05-12,0.26,0.2738368511199951
Spokane,2017-05-13,0.254,0.2663085460662842
Spokane,2017-05-14,0.254,0.26226043701171875
Spokane,2017-05-15,0.257,0.26507848501205444
Spokane,2017-05-16,0.277,0.25902774930000305
Spokane,2017-05-17,0.276,0.2660771906375885
Spokane,2017-05-18,0.271,0.26214930415153503
Spokane,2017-05-19,0.264,0.26144173741340637
Spokane,2017-05-20,0.271,0.24119648337364197
Spokane,2017-05-21,0.267,0.2609400153160095
Spokane,2017-05-22,0.255,0.2578979432582855
Spokane,2017-05-23,0.244,0.20858675241470337
Spokane,2017-05-24,0.232,0.2100684493780136
Spokane,2017-05-25,0.226,0.17650191485881805
Spokane,2017-05-26,0.218,0.1760629564523697
Spokane,2017-05-27,0.207,0.16642192006111145
Spokane,2017-05-28,0.195,0.15104050934314728
Spokane,2017-05-29,0.182,0.15356619656085968
Spokane,2017-05-30,0.17,0.14335942268371582
Spokane,2017-05-31,0.16,0.13839168846607208
Spokane,2017-06-01,0.157,0.09843774139881134
Spokane,2017-06-02,0.152,0.09282219409942627
Spokane,2017-06-03,0.144,0.09356970340013504
Spokane,2017-06-04,0.139,0.09827665239572525
Spokane,2017-06-05,0.138,0.11716464906930923
Spokane,2017-06-06,0.131,0.1322094351053238
Spokane,2017-06-07,0.122,0.13317720592021942
Spokane,2017-06-08,0.113,0.1270068734884262
Spokane,2017-06-09,0.111,0.125441312789917
Spokane,2017-06-10,0.107,0.12400271743535995
Spokane,2017-06-11,0.103,0.12454458326101303
Spokane,2017-06-12,0.098,0.12492063641548157
Spokane,2017-06-13,0.092,0.11908522248268127
Spokane,2017-06-14,0.086,0.11096887290477753
Spokane,2017-06-15,0.08,0.09621765464544296
Spokane,2017-06-16,0.086,0.09448674321174622
Spokane,2017-06-17,0.101,0.10229235142469406
Spokane,2017-06-18,0.104,0.10229235142469406
Spokane,2017-06-19,0.099,0.10302450507879257
Spokane,2017-06-20,0.092,0.08959565311670303
Spokane,2017-06-21,0.084,0.08653545379638672
Spokane,2017-06-22,0.078,0.08624999970197678
Spokane,2017-06-23,0.072,0.0738222599029541
Spokane,2017-06-24,0.067,0.0661509558558464
Spokane,2017-06-25,0.062,0.06528317183256149
Spokane,2017-06-26,0.058,0.06747167557477951
Spokane,2017-06-27,0.056,0.06894766539335251
Spokane,2017-06-28,0.055,0.06881102919578552
Spokane,2017-06-29,0.054,0.06882523745298386
Spokane,2017-06-30,0.056,0.06908480823040009
Spokane,2017-07-01,0.055,0.06622433662414551
Spokane,2017-07-02,0.052,0.06614632159471512
Spokane,2017-07-03,0.049,0.0721978023648262
Spokane,2017-07-04,0.046,0.07609660178422928
Spokane,2017-07-05,0.043,0.05523601546883583
Spokane,2017-07-06,0.04,0.055856648832559586
Spokane,2017-07-07,0.037,0.05174991115927696
Spokane,2017-07-08,0.035,0.05174991115927696
Spokane,2017-07-09,0.032,0.05116042122244835
Spokane,2017-07-10,0.031,0.06205860152840614
Spokane,2017-07-11,0.03,0.050561074167490005
Spokane,2017-07-12,0.028,0.05351724475622177
Spokane,2017-07-13,0.028,0.05305121839046478
Spokane,2017-07-14,0.027,0.04767973721027374
Spokane,2017-07-15,0.026,0.043971892446279526
Spokane,2017-07-16,0.026,0.04298219457268715
Spokane,2017-07-17,0.025,0.05016014352440834
Spokane,2017-07-18,0.024,0.0432768352329731
Spokane,2017-07-19,0.024,0.0444394089281559
Spokane,2017-07-20,0.024,0.0400083027780056
Spokane,2017-07-21,0.023,0.0400083027780056
Spokane,2017-07-22,0.023,0.03908856213092804
Spokane,2017-07-23,0.024,0.03908856213092804
Spokane,2017-07-24,0.022,0.044219013303518295
Spokane,2017-07-25,0.022,0.03947017714381218
Spokane,2017-07-26,0.022,0.03968185931444168
Spokane,2017-07-27,0.021,0.03968185931444168
Spokane,2017-07-28,0.021,0.03613115847110748
Spokane,2017-07-29,0.021,0.03572584688663483
Spokane,2017-07-30,0.02,0.03572584688663483
Spokane,2017-07-31,0.02,0.03556952625513077
Spokane,2017-08-01,0.02,0.03440070152282715
Spokane,2017-08-02,0.02,0.03440070152282715
Spokane,2017-08-03,0.02,0.03440070152282715
Spokane,2017-08-04,0.02,0.03296886757016182
Spokane,2017-08-05,0.019,0.032759469002485275
Spokane,2017-08-06,0.019,0.031903184950351715
Spokane,2017-08-07,0.019,0.02317534200847149
Spokane,2017-08-08,0.018,0.022642338648438454
Spokane,2017-08-09,0.018,0.02252376638352871
Spokane,2017-08-10,0.018,0.021273935213685036
Spokane,2017-08-11,0.019,0.021273935213685036
Spokane,2017-08-12,0.017,0.022564081475138664
Spokane,2017-08-13,0.017,0.022564081475138664
Spokane,2017-08-14,0.018,0.023925015702843666
Spokane,2017-08-15,0.017,0.03756808117032051
Spokane,2017-08-16,0.017,0.04007136449217796
Spokane,2017-08-17,0.017,0.04429000988602638
Spokane,2017-08-18,0.016,0.04161636158823967
Spokane,2017-08-19,0.016,0.04447821155190468
Spokane,2017-08-20,0.015,0.04447821155190468
Spokane,2017-08-21,0.015,0.039107270538806915
Spokane,2017-08-22,0.016,0.039107270538806915
Spokane,2017-08-23,0.016,0.039107270538806915
Spokane,2017-08-24,0.017,0.03680817410349846
Spokane,2017-08-25,0.015,0.0364028625190258
Spokane,2017-08-26,0.014,0.03548762574791908
Spokane,2017-08-27,0.015,0.03548762574791908
Spokane,2017-08-28,0.014,0.03548762574791908
Spokane,2017-08-29,0.016,0.03434794023633003
Spokane,2017-08-30,0.016,0.03339354321360588
Spokane,2017-08-31,0.015,0.03340775892138481
Spokane,2017-09-01,0.015,0.03340775892138481
Spokane,2017-09-02,0.015,0.03340775892138481
Spokane,2017-09-03,0.014,0.03340775892138481
Spokane,2017-09-04,0.014,0.03340775892138481
Spokane,2017-09-05,0.013,0.033302824944257736
Spokane,2017-09-06,0.014,0.033302824944257736
Spokane,2017-09-07,0.014,0.03312409669160843
Spokane,2017-09-08,0.016,0.03275495395064354
Spokane,2017-09-09,0.015,0.03247381001710892
Spokane,2017-09-10,0.015,0.031553108245134354
Spokane,2017-09-11,0.014,0.031434111297130585
Spokane,2017-09-12,0.014,0.030192753300070763
Spokane,2017-09-13,0.012,0.03601164370775223
Spokane,2017-09-14,0.012,0.039099108427762985
Spokane,2017-09-15,0.011,0.037257514894008636
Spokane,2017-09-16,0.011,0.036638036370277405
Spokane,2017-09-17,0.011,0.03418312221765518
Spokane,2017-09-18,0.016,0.04056980088353157
Spokane,2017-09-19,0.045,0.056483931839466095
Spokane,2017-09-20,0.122,0.0626717060804367
Spokane,2017-09-21,0.142,0.08291187137365341
Spokane,2017-09-22,0.136,0.11139598488807678
Spokane,2017-09-23,0.13,0.11368805915117264
Spokane,2017-09-24,0.124,0.10706118494272232
Spokane,2017-09-25,0.119,0.10423515737056732
Spokane,2017-09-26,0.114,0.10148709267377853
Spokane,2017-09-27,0.111,0.1064872294664383
Spokane,2017-09-28,0.108,0.10697254538536072
Spokane,2017-09-29,0.105,0.10637829452753067
Spokane,2017-09-30,0.102,0.10637829452753067
Spokane,2017-10-01,0.099,0.1122654601931572
Spokane,2017-10-02,0.097,0.11328580230474472
Spokane,2017-10-03,0.094,0.10478274524211884
Spokane,2017-10-04,0.093,0.10323124378919601
Spokane,2017-10-05,0.092,0.10777907818555832
Spokane,2017-10-06,0.091,0.10582161694765091
Spokane,2017-10-07,0.091,0.10758700221776962
Spokane,2017-10-08,0.088,0.10373209416866302
Spokane,2017-10-09,0.086,0.1023191288113594
Spokane,2017-10-10,0.085,0.07361921668052673
Spokane,2017-10-11,0.084,0.06921415030956268
Spokane,2017-10-12,0.083,0.07454381883144379
Spokane,2017-10-13,0.093,0.0781991258263588
Spokane,2017-10-14,0.118,0.08268898725509644
Spokane,2017-10-15,0.119,0.08434339612722397
Spokane,2017-10-16,0.117,0.08862479776144028
Spokane,2017-10-17,0.115,0.08498449623584747
Spokane,2017-10-18,0.119,0.10080459713935852
Spokane,2017-10-19,0.145,0.1107577383518219
Spokane,2017-10-20,0.187,0.11452709883451462
Spokane,2017-10-21,0.181,0.15471608936786652
Spokane,2017-10-22,0.249,0.17243742942810059
Spokane,2017-10-23,0.215,0.1846848726272583
Spokane,2017-10-24,0.205,0.1875089704990387
Spokane,2017-10-25,0.2,0.1902804672718048
Spokane,2017-10-26,0.196,0.1900254189968109
Spokane,2017-10-27,0.191,0.20381464064121246
Spokane,2017-10-28,0.189,0.2030627727508545
Spokane,2017-10-30,0.183,0.21195074915885925
Spokane,2017-10-31,0.179,0.20429034531116486
Spokane,2017-11-01,0.178,0.17186997830867767
Spokane,2017-11-02,0.178,0.17735539376735687
Spokane,2017-11-03,0.193,0.20617185533046722
Spokane,2017-11-04,0.197,0.2249053567647934
Spokane,2017-11-05,0.204,0.22854100167751312
Spokane,2017-11-06,0.215,0.23433218896389008
Spokane,2017-11-07,0.212,0.2398815006017685
Spokane,2017-11-08,0.215,0.2449873983860016
Spokane,2017-11-09,0.234,0.23610281944274902
Spokane,2017-11-10,0.235,0.23590131103992462
Spokane,2017-11-11,0.236,0.2397223860025406
Spokane,2017-11-12,0.23,0.24151284992694855
Spokane,2017-11-13,0.238,0.24771752953529358
Spokane,2017-11-14,0.238,0.2431616336107254
Spokane,2017-11-15,0.235,0.23331721127033234
Spokane,2017-11-16,0.259,0.23910029232501984
Spokane,2017-11-17,0.25,0.24257808923721313
Spokane,2017-11-18,0.246,0.24349120259284973
Spokane,2017-11-19,0.244,0.23484176397323608
Spokane,2017-11-20,0.29,0.2558456361293793
Spokane,2017-11-21,0.301,0.26108384132385254
Spokane,2017-11-22,0.3,0.2862255871295929
Spokane,2017-11-23,0.3,0.282668799161911
Spokane,2017-11-24,0.295,0.2871742844581604
Spokane,2017-11-25,0.292,0.2890302240848541
Spokane,2017-11-26,0.295,0.2900071144104004
Spokane,2017-11-27,0.296,0.2939230799674988
Spokane,2017-11-28,0.297,0.270443856716156
Spokane,2017-11-29,0.302,0.2689107656478882
Spokane,2017-11-30,0.297,0.26112374663352966
Spokane,2017-12-01,0.296,0.25201356410980225
Spokane,2017-12-02,0.294,0.25671762228012085
Spokane,2017-12-03,0.296,0.2604854106903076
Spokane,2017-12-04,0.288,0.26220056414604187
Spokane,2017-12-05,0.281,0.2506682574748993
Spokane,2017-12-06,0.272,0.2568790018558502
Spokane,2017-12-07,0.283,0.2597119212150574
Spokane,2018-02-05,0.311,0.30333366990089417
Spokane,2018-02-06,0.309,0.3044966459274292
Spokane,2018-02-07,0.307,0.30495697259902954
Spokane,2018-02-08,0.306,0.30495697259902954
Spokane,2018-02-09,0.304,0.2990061342716217
Spokane,2018-02-10,0.299,0.29321327805519104
Spokane,2018-02-11,0.296,0.2945992350578308
Spokane,2018-02-12,0.293,0.2974920868873596
Spokane,2018-02-13,0.296,0.29634788632392883
Spokane,2018-02-14,0.298,0.2898220419883728
Spokane,2018-02-15,0.298,0.2897465229034424
Spokane,2018-02-16,0.299,0.28148597478866577
Spokane,2018-02-19,0.319,0.27162569761276245
Spokane,2018-03-18,0.314,0.31250128149986267
Spokane,2018-03-19,0.307,0.31478351354599
Spokane,2018-03-20,0.304,0.3141747713088989
Spokane,2018-03-21,0.302,0.3133430480957031
Spokane,2018-03-22,0.313,0.3133430480957031
Spokane,2018-03-23,0.312,0.3113536834716797
Spokane,2018-03-24,0.319,0.31117382645606995
Spokane,2018-03-25,0.312,0.31117382645606995
Spokane,2018-03-26,0.309,0.3133021593093872
Spokane,2018-03-27,0.307,0.31221437454223633
Spokane,2018-03-28,0.303,0.31221437454223633
Spokane,2018-03-29,0.3,0.31239423155784607
Spokane,2018-03-30,0.298,0.31239423155784607
Spokane,2018-03-31,0.296,0.311762273311615
Spokane,2018-04-01,0.295,0.31022724509239197
Spokane,2018-04-02,0.294,0.31014928221702576
Spokane,2018-04-03,0.292,0.31078124046325684
Spokane,2018-04-04,0.292,0.3114297688007355
Spokane,2018-04-05,0.313,0.3136335611343384
Spokane,2018-04-06,0.318,0.3151888847351074
Spokane,2018-04-07,0.322,0.31320807337760925
Spokane,2018-04-08,0.316,0.31578218936920166
Spokane,2018-04-09,0.31,0.31503400206565857
Spokane,2018-04-10,0.308,0.3101869225502014
Spokane,2018-04-11,0.306,0.30346521735191345
Spokane,2018-04-12,0.323,0.2977972626686096
Spokane,2018-04-13,0.315,0.2986748516559601
Spokane,2018-04-14,0.312,0.29818928241729736
Spokane,2018-04-15,0.313,0.2913823127746582
Spokane,2018-04-16,0.323,0.29079240560531616
Spokane,2018-04-17,0.313,0.28925174474716187
Spokane,2018-04-18,0.308,0.28773874044418335
Spokane,2018-04-19,0.304,0.2887839674949646
Spokane,2018-04-20,0.3,0.2872793972492218
Spokane,2018-04-21,0.295,0.2886015772819519
Spokane,2018-04-22,0.292,0.2879495620727539
Spokane,2018-04-23,0.288,0.2852425277233124
Spokane,2018-04-24,0.284,0.2735278904438019
Spokane,2018-04-25,0.279,0.26983729004859924
Spokane,2018-04-26,0.274,0.2664693295955658
Spokane,2018-04-27,0.268,0.2656078040599823
Spokane,2018-04-28,0.266,0.2660878598690033
Spokane,2018-04-29,0.264,0.26307040452957153
Spokane,2018-04-30,0.261,0.27781417965888977
Spokane,2018-05-01,0.257,0.271645724773407
Spokane,2018-05-02,0.253,0.26731130480766296
Spokane,2018-05-03,0.247,0.2647407352924347
Spokane,2018-05-04,0.239,0.2650148868560791
Spokane,2018-05-05,0.233,0.25656282901763916
Spokane,2018-05-06,0.237,0.2572794556617737
Spokane,2018-05-07,0.253,0.25722628831863403
Spokane,2018-05-08,0.244,0.25399744510650635
Spokane,2018-05-09,0.239,0.2525308430194855
Spokane,2018-05-10,0.235,0.25566384196281433
Spokane,2018-05-11,0.232,0.2553010582923889
Spokane,2018-05-12,0.225,0.2494136244058609
Spokane,2018-05-13,0.215,0.2483425736427307
Spokane,2018-05-14,0.205,0.24697145819664001
Spokane,2018-05-15,0.194,0.24179157614707947
Spokane,2018-05-16,0.187,0.22797037661075592
Spokane,2018-05-17,0.225,0.17243017256259918
Spokane,2018-05-18,0.266,0.20963716506958008
Spokane,2018-05-19,0.258,0.2512022852897644
Spokane,2018-05-20,0.248,0.26071929931640625
Spokane,2018-05-21,0.239,0.2645070552825928
Spokane,2018-05-22,0.228,0.27136844396591187
Spokane,2018-05-23,0.219,0.24580638110637665
Spokane,2018-05-24,0.219,0.24915409088134766
Spokane,2018-05-25,0.208,0.24915409088134766
Spokane,2018-05-26,0.198,0.24639032781124115
Spokane,2018-05-27,0.189,0.23654304444789886
Spokane,2018-05-28,0.18,0.2174336314201355
Spokane,2018-05-29,0.171,0.18119247257709503
Spokane,2018-05-30,0.162,0.18998733162879944
Spokane,2018-05-31,0.156,0.17288245260715485
Spokane,2018-06-01,0.153,0.12970775365829468
Spokane,2018-06-02,0.146,0.11625679582357407
Spokane,2018-06-03,0.137,0.11446759104728699
Spokane,2018-06-04,0.129,0.12552005052566528
Spokane,2018-06-05,0.122,0.11877577006816864
Spokane,2018-06-06,0.114,0.11496827751398087
Spokane,2018-06-07,0.107,0.10922107100486755
Spokane,2018-06-08,0.099,0.09093364328145981
Spokane,2018-06-09,0.095,0.08854644745588303
Spokane,2018-06-10,0.104,0.10122725367546082
Spokane,2018-06-11,0.104,0.12275036424398422
Spokane,2018-06-12,0.101,0.12169397622346878
Spokane,2018-06-13,0.098,0.10582937300205231
Spokane,2018-06-14,0.093,0.10286645591259003
Spokane,2018-06-15,0.089,0.09381656348705292
Spokane,2018-06-16,0.085,0.09138064086437225
Spokane,2018-06-17,0.084,0.10611934214830399
Spokane,2018-06-18,0.08,0.11063928157091141
Spokane,2018-06-19,0.08,0.09778576344251633
Spokane,2018-06-20,0.078,0.10524784028530121
Spokane,2018-06-21,0.079,0.09994197636842728
Spokane,2018-06-22,0.1,0.09116853028535843
Spokane,2018-06-23,0.098,0.08831894397735596
Spokane,2018-06-24,0.094,0.08633462339639664
Spokane,2018-06-25,0.089,0.08616402000188828
Spokane,2018-06-26,0.082,0.07897870242595673
Spokane,2018-06-27,0.078,0.0644632875919342
Spokane,2018-06-28,0.073,0.060250423848629
Spokane,2018-06-29,0.07,0.05654257535934448
Spokane,2018-06-30,0.066,0.048651646822690964
Spokane,2018-07-01,0.064,0.04655598849058151
Spokane,2018-07-02,0.06,0.04930002614855766
Spokane,2018-07-03,0.058,0.04164648801088333
Spokane,2018-07-04,0.057,0.04325224086642265
Spokane,2018-07-05,0.056,0.04871651902794838
Spokane,2018-07-06,0.053,0.04830894246697426
Spokane,2018-07-07,0.05,0.04888748377561569
Spokane,2018-07-08,0.046,0.04939138889312744
Spokane,2018-07-09,0.043,0.06592748314142227
Spokane,2018-07-10,0.04,0.04594019055366516
Spokane,2018-07-11,0.038,0.04423530772328377
Spokane,2018-07-12,0.037,0.041712548583745956
Spokane,2018-07-13,0.035,0.04081975668668747
Spokane,2018-07-14,0.034,0.04081975668668747
Spokane,2018-07-15,0.031,0.037374380975961685
Spokane,2018-07-16,0.03,0.03978702798485756
Spokane,2018-07-17,0.029,0.03787265717983246
Spokane,2018-07-18,0.028,0.03693712130188942
Spokane,2018-07-19,0.027,0.03791290521621704
Spokane,2018-07-20,0.026,0.03962378203868866
Spokane,2018-07-21,0.026,0.041064392775297165
Spokane,2018-07-22,0.025,0.04042955860495567
Spokane,2018-07-23,0.025,0.0405675545334816
Spokane,2018-07-24,0.025,0.038269784301519394
Spokane,2018-07-25,0.024,0.03943781182169914
Spokane,2018-07-26,0.024,0.04203109070658684
Spokane,2018-07-27,0.024,0.0414980910718441
Spokane,2018-07-28,0.024,0.03074592724442482
Spokane,2018-07-29,0.023,0.027681205421686172
Spokane,2018-07-30,0.023,0.02500755712389946
Spokane,2018-07-31,0.023,0.025280240923166275
Spokane,2018-08-01,0.022,0.026110544800758362
Spokane,2018-08-02,0.022,0.025532003492116928
Spokane,2018-08-03,0.021,0.02523628994822502
Spokane,2018-08-04,0.021,0.027590788900852203
Spokane,2018-08-05,0.021,0.027590788900852203
Spokane,2018-08-06,0.021,0.027590788900852203
Spokane,2018-08-07,0.021,0.025532003492116928
Spokane,2018-08-08,0.021,0.02788650244474411
Spokane,2018-08-09,0.02,0.0343727171421051
Spokane,2018-08-10,0.021,0.035228997468948364
Spokane,2018-08-11,0.021,0.035228997468948364
Spokane,2018-08-12,0.019,0.035228997468948364
Spokane,2018-08-13,0.019,0.035228997468948364
Spokane,2018-08-14,0.019,0.034135427325963974
Spokane,2018-08-15,0.019,0.03403614088892937
Spokane,2018-08-16,0.019,0.03441525623202324
Spokane,2018-08-17,0.02,0.0352715365588665
Spokane,2018-08-18,0.019,0.0352715365588665
Spokane,2018-08-19,0.018,0.0352715365588665
Spokane,2018-08-20,0.017,0.03554850444197655
Spokane,2018-08-21,0.018,0.03922215849161148
Spokane,2018-08-22,0.018,0.03922215849161148
Spokane,2018-08-23,0.017,0.04172477871179581
Spokane,2018-08-24,0.018,0.04467954486608505
Spokane,2018-08-25,0.016,0.04945104196667671
Spokane,2018-08-26,0.017,0.044383831322193146
Spokane,2018-08-27,0.018,0.036083824932575226
Spokane,2018-08-28,0.02,0.038727495819330215
Spokane,2018-08-29,0.024,0.04136880114674568
Spokane,2018-08-30,0.027,0.041947342455387115
Spokane,2018-08-31,0.028,0.04336736723780632
Spokane,2018-09-01,0.029,0.04854847490787506
Spokane,2018-09-02,0.028,0.0496968999505043
Spokane,2018-09-03,0.027,0.05004036799073219
Spokane,2018-09-04,0.025,0.04955027997493744
Spokane,2018-09-05,0.023,0.05524471774697304
Spokane,2018-09-06,0.023,0.05501226708292961
Spokane,2018-09-07,0.021,0.05105495825409889
Spokane,2018-09-08,0.021,0.05075329169631004
Spokane,2018-09-09,0.021,0.051711760461330414
Spokane,2018-09-10,0.019,0.05330066755414009
Spokane,2018-09-11,0.018,0.04263314604759216
Spokane,2018-09-12,0.017,0.04216265305876732
Spokane,2018-09-13,0.017,0.04221825674176216
Spokane,2018-09-14,0.017,0.04221825674176216
Spokane,2018-09-15,0.018,0.04221825674176216
Spokane,2018-09-16,0.019,0.04221825674176216
Spokane,2018-09-17,0.018,0.03677375614643097
Spokane,2018-09-18,0.018,0.04038785398006439
Spokane,2018-09-19,0.017,0.04282021522521973
Spokane,2018-09-20,0.017,0.04321769252419472
Spokane,2018-09-21,0.017,0.04321769252419472
Spokane,2018-09-22,0.018,0.04321769252419472
Spokane,2018-09-24,0.017,0.043196387588977814
Spokane,2018-09-25,0.015,0.039839714765548706
Spokane,2018-09-26,0.015,0.03894000127911568
Spokane,2018-09-27,0.015,0.04003779962658882
Spokane,2018-09-28,0.016,0.04518577829003334
Spokane,2018-09-29,0.015,0.04603724926710129
Spokane,2018-09-30,0.014,0.04603724926710129
Spokane,2018-10-01,0.015,0.0387544110417366
Spokane,2018-10-02,0.016,0.05442022159695625
Spokane,2018-10-03,0.013,0.055373091250658035
Spokane,2018-10-04,0.013,0.0538579560816288
Spokane,2018-10-05,0.011,0.05331842973828316
Spokane,2018-10-06,0.014,0.054746393114328384
Spokane,2018-10-07,0.015,0.05658237263560295
Spokane,2018-10-08,0.018,0.06388001143932343
Spokane,2018-10-09,0.084,0.06701052188873291
Spokane,2018-10-10,0.107,0.10832514613866806
Spokane,2018-10-11,0.103,0.10214190930128098
Spokane,2018-10-12,0.1,0.10458959639072418
Spokane,2018-10-13,0.096,0.11048050969839096
Spokane,2018-10-14,0.093,0.10935252159833908
Spokane,2018-10-15,0.091,0.11026674509048462
Spokane,2018-10-16,0.089,0.10697726905345917
Spokane,2018-10-17,0.087,0.10660216212272644
Spokane,2018-10-18,0.085,0.11106042563915253
Spokane,2018-10-19,0.084,0.10982540994882584
Spokane,2018-10-20,0.082,0.10974420607089996
Spokane,2018-10-21,0.081,0.10418276488780975
Spokane,2018-10-22,0.079,0.1122688576579094
Spokane,2018-10-23,0.078,0.10652835667133331
Spokane,2018-10-24,0.077,0.10117161273956299
Spokane,2018-10-25,0.075,0.1130785122513771
Spokane,2018-10-26,0.108,0.11239967495203018
Spokane,2018-10-27,0.121,0.1255972683429718
Spokane,2018-10-28,0.159,0.13381528854370117
Spokane,2018-10-29,0.151,0.1573696732521057
Spokane,2018-10-30,0.143,0.18174609541893005
Spokane,2018-10-31,0.161,0.1800178587436676
Spokane,2018-11-01,0.166,0.19716773927211761
Spokane,2018-11-02,0.175,0.20304404199123383
Spokane,2018-11-03,0.166,0.2075861543416977
Spokane,2018-11-04,0.176,0.2096954584121704
Spokane,2018-11-05,0.167,0.2293161302804947
Spokane,2018-11-06,0.164,0.21552959084510803
Spokane,2018-11-07,0.169,0.209010511636734
Spokane,2018-11-08,0.159,0.20665238797664642
Spokane,2018-11-09,0.15,0.20387378334999084
Spokane,2018-11-10,0.153,0.2074715942144394
Spokane,2018-11-11,0.155,0.2139497548341751
Spokane,2018-11-12,0.153,0.22939421236515045
Spokane,2018-11-13,0.152,0.20277461409568787
Spokane,2018-11-14,0.15,0.19921526312828064
Spokane,2018-11-15,0.149,0.19877901673316956
Spokane,2018-11-16,0.155,0.20279386639595032
Spokane,2018-11-17,0.149,0.2020074725151062
Spokane,2018-11-18,0.147,0.20766453444957733
Spokane,2018-11-23,0.201,0.22238121926784515
Spokane,2018-11-24,0.21,0.24565455317497253
Spokane,2018-11-25,0.198,0.24971331655979156
Spokane,2018-11-26,0.203,0.254740834236145
Spokane,2018-11-27,0.253,0.2355705350637436
Spokane,2018-11-28,0.235,0.23963375389575958
Spokane,2018-11-29,0.238,0.24035567045211792
Spokane,2018-11-30,0.233,0.2435830980539322
Spokane,2018-12-01,0.236,0.2451440542936325
Spokane,2018-12-02,0.232,0.24592941999435425
Spokane,2018-12-03,0.228,0.272887259721756
Spokane,2018-12-04,0.223,0.2656799256801605
Spokane,2018-12-05,0.221,0.2597266435623169
Spokane,2018-12-06,0.21,0.2584092915058136
Spokane,2018-12-17,0.269,0.258036732673645
Spokane,2018-12-18,0.324,0.27538371086120605
Spokane,2018-12-19,0.308,0.27520737051963806
Spokane,2018-12-20,0.306,0.26099446415901184
Spokane,2018-12-21,0.303,0.2628566026687622
Spokane,2018-12-22,0.294,0.2594425678253174
Spokane,2018-12-23,0.3,0.27023133635520935
Spokane,2018-12-24,0.306,0.28895002603530884
Spokane,2018-12-25,0.301,0.27896687388420105
Spokane,2018-12-26,0.296,0.2866936922073364
Spokane,2018-12-27,0.295,0.2786303460597992
Spokane,2018-12-28,0.294,0.27989837527275085
Spokane,2018-12-29,0.313,0.28137657046318054
Spokane,2018-12-30,0.311,0.2861327528953552
Spokane,2018-12-31,0.297,0.2934727370738983
Spokane,2019-01-01,0.299,0.28881189227104187
Spokane,2019-01-05,0.301,0.2864656150341034
Spokane,2019-01-06,0.304,0.2911438047885895
Spokane,2019-01-07,0.303,0.2864656150341034
Spokane,2019-01-08,0.299,0.2858774662017822
Spokane,2019-01-10,0.319,0.28172680735588074
Spokane,2019-01-11,0.313,0.2665877342224121
Spokane,2019-01-12,0.308,0.26136308908462524
Spokane,2019-01-13,0.306,0.25655362010002136
Spokane,2019-01-14,0.301,0.26098012924194336
Spokane,2019-04-02,0.298,0.30270078778266907
Spokane,2019-04-03,0.298,0.3022046685218811
Spokane,2019-04-04,0.296,0.2938571572303772
Spokane,2019-04-05,0.301,0.29349038004875183
Spokane,2019-04-06,0.308,0.2927229702472687
Spokane,2019-04-07,0.319,0.29331594705581665
Spokane,2019-04-08,0.314,0.2985200881958008
Spokane,2019-04-09,0.335,0.2986202538013458
Spokane,2019-04-10,0.32,0.2986202538013458
Spokane,2019-04-11,0.312,0.2986202538013458
Spokane,2019-04-12,0.314,0.2932300269603729
Spokane,2019-04-13,0.319,0.2919883131980896
Spokane,2019-04-14,0.316,0.289239764213562
Spokane,2019-04-15,0.31,0.2932300269603729
Spokane,2019-04-16,0.307,0.29081326723098755
Spokane,2019-04-17,0.302,0.28704819083213806
Spokane,2019-04-18,0.298,0.283518522977829
Spokane,2019-04-19,0.296,0.28375157713890076
Spokane,2019-04-20,0.298,0.2865065038204193
Spokane,2019-04-21,0.295,0.28625383973121643
Spokane,2019-04-22,0.291,0.281819611787796
Spokane,2019-04-23,0.287,0.28004568815231323
Spokane,2019-04-24,0.283,0.27216604351997375
Spokane,2019-04-25,0.279,0.2715446352958679
Spokane,2019-04-26,0.284,0.2715446352958679
Spokane,2019-04-27,0.282,0.26637500524520874
Spokane,2019-04-28,0.278,0.260719895362854
Spokane,2019-04-29,0.274,0.2697148025035858
Spokane,2019-04-30,0.27,0.26474910974502563
Spokane,2019-05-01,0.266,0.26038530468940735
Spokane,2019-05-02,0.262,0.25975462794303894
Spokane,2019-05-03,0.258,0.25889694690704346
Spokane,2019-05-04,0.254,0.25276821851730347
Spokane,2019-05-05,0.249,0.2500265836715698
Spokane,2019-05-06,0.243,0.2564786672592163
Spokane,2019-05-07,0.243,0.25356027483940125
Spokane,2019-05-08,0.235,0.2465759515762329
Spokane,2019-05-09,0.228,0.22271718084812164
Spokane,2019-05-10,0.22,0.22130796313285828
Spokane,2019-05-11,0.213,0.22190287709236145
Spokane,2019-05-12,0.204,0.22109811007976532
Spokane,2019-05-13,0.197,0.23199264705181122
Spokane,2019-05-14,0.192,0.22040680050849915
Spokane,2019-05-15,0.19,0.21951758861541748
Spokane,2019-05-16,0.213,0.2250346690416336
Spokane,2019-05-17,0.264,0.23048244416713715
Spokane,2019-05-18,0.266,0.25433945655822754
Spokane,2019-05-19,0.257,0.2589738667011261
Spokane,2019-05-20,0.249,0.26064079999923706
Spokane,2019-05-21,0.244,0.25809070467948914
Spokane,2019-05-22,0.238,0.25312238931655884
Spokane,2019-05-23,0.231,0.2589271068572998
Spokane,2019-05-24,0.231,0.2535700798034668
Spokane,2019-05-25,0.23,0.2557719051837921
Spokane,2019-05-26,0.261,0.2595681846141815
Spokane,2019-05-27,0.248,0.2627284824848175
Spokane,2019-05-28,0.239,0.25586193799972534
Spokane,2019-05-29,0.23,0.2442312389612198
Spokane,2019-05-30,0.225,0.22717557847499847
Spokane,2019-05-31,0.224,0.19667649269104004
Spokane,2019-06-01,0.212,0.19243574142456055
Spokane,2019-06-02,0.202,0.1887899488210678
Spokane,2019-06-03,0.191,0.19110023975372314
Spokane,2019-06-04,0.182,0.18562914431095123
Spokane,2019-06-05,0.178,0.1720966249704361
Spokane,2019-06-06,0.187,0.17377042770385742
Spokane,2019-06-07,0.179,0.18158212304115295
Spokane,2019-06-08,0.174,0.17871837317943573
Spokane,2019-06-09,0.17,0.1825815737247467
Spokane,2019-06-10,0.163,0.17932568490505219
Spokane,2019-06-11,0.154,0.16520676016807556
Spokane,2019-06-12,0.145,0.1658070981502533
Spokane,2019-06-13,0.135,0.16589978337287903
Spokane,2019-06-14,0.125,0.15834082663059235
Spokane,2019-06-15,0.117,0.15290901064872742
Spokane,2019-06-16,0.109,0.13802111148834229
Spokane,2019-06-17,0.102,0.14622612297534943
Spokane,2019-06-18,0.095,0.13300594687461853
Spokane,2019-06-19,0.089,0.1214606836438179
Spokane,2019-06-20,0.084,0.10843707621097565
Spokane,2019-06-21,0.081,0.1277969926595688
Spokane,2019-06-22,0.081,0.13167166709899902
Spokane,2019-06-23,0.078,0.10696083307266235
Spokane,2019-06-24,0.076,0.11828301846981049
Spokane,2019-06-25,0.072,0.10563112795352936
Spokane,2019-06-26,0.069,0.10121715068817139
Spokane,2019-06-27,0.066,0.10357028245925903
Spokane,2019-06-28,0.066,0.10460963100194931
Spokane,2019-06-29,0.067,0.10142868757247925
Spokane,2019-06-30,0.068,0.09192764759063721
Spokane,2019-07-01,0.068,0.08269896358251572
Spokane,2019-07-02,0.066,0.07037104666233063
Spokane,2019-07-03,0.063,0.06285712867975235
Spokane,2019-07-04,0.06,0.05563977360725403
Spokane,2019-07-05,0.057,0.06187587231397629
Spokane,2019-07-06,0.055,0.06443482637405396
Spokane,2019-07-07,0.052,0.07549992203712463
Spokane,2019-07-08,0.048,0.05498166382312775
Spokane,2019-07-09,0.046,0.05201786383986473
Spokane,2019-07-10,0.044,0.04890527203679085
Spokane,2019-07-11,0.042,0.04205858334898949
Spokane,2019-07-12,0.041,0.04205858334898949
Spokane,2019-07-13,0.04,0.041558101773262024
Spokane,2019-07-14,0.037,0.041558101773262024
Spokane,2019-07-15,0.034,0.04059373214840889
Spokane,2019-07-16,0.034,0.06591583788394928
Spokane,2019-07-17,0.035,0.06732086092233658
Spokane,2019-07-18,0.038,0.07397818565368652
Spokane,2019-07-19,0.04,0.073177769780159
Spokane,2019-07-20,0.042,0.07511653006076813
Spokane,2019-07-21,0.044,0.07386663556098938
Spokane,2019-07-22,0.044,0.051766812801361084
Spokane,2019-07-23,0.044,0.07348351925611496
Spokane,2019-07-24,0.043,0.09941653907299042
Spokane,2019-07-25,0.046,0.09556811302900314
Spokane,2019-07-26,0.051,0.10532787442207336
Spokane,2019-07-27,0.054,0.10468743741512299
Spokane,2019-07-28,0.053,0.09991924464702606
Spokane,2019-07-29,0.052,0.1082012951374054
Spokane,2019-07-30,0.05,0.08399251103401184
Spokane,2019-07-31,0.048,0.08508621156215668
Spokane,2019-08-01,0.046,0.08418463170528412
Spokane,2019-08-02,0.043,0.08315898478031158
Spokane,2019-08-03,0.039,0.08305735141038895
Spokane,2019-08-04,0.037,0.08500391244888306
Spokane,2019-08-05,0.035,0.07715408504009247
Spokane,2019-08-06,0.033,0.08302321285009384
Spokane,2019-08-07,0.031,0.08086923509836197
Spokane,2019-08-08,0.03,0.08084379881620407
Spokane,2019-08-09,0.028,0.08730955421924591
Spokane,2019-08-10,0.029,0.08205445110797882
Spokane,2019-08-11,0.046,0.08522125333547592
Spokane,2019-08-12,0.131,0.09735434502363205
Spokane,2019-08-13,0.121,0.08997610211372375
Spokane,2019-08-14,0.112,0.09326411783695221
Spokane,2019-08-15,0.105,0.08320575207471848
Spokane,2019-08-16,0.098,0.08237073570489883
Spokane,2019-08-17,0.093,0.07948961108922958
Spokane,2019-08-18,0.087,0.07981417328119278
Spokane,2019-08-19,0.082,0.07200528681278229
Spokane,2019-08-20,0.077,0.07861264050006866
Spokane,2019-08-21,0.072,0.07320944964885712
Spokane,2019-08-22,0.067,0.0754888504743576
Spokane,2019-08-23,0.063,0.07309883087873459
Spokane,2019-08-24,0.06,0.07363852113485336
Spokane,2019-08-25,0.056,0.07057411968708038
Spokane,2019-08-26,0.052,0.057827532291412354
Spokane,2019-08-27,0.049,0.057708870619535446
Spokane,2019-08-28,0.046,0.05727507174015045
Spokane,2019-08-29,0.042,0.05874171480536461
Spokane,2019-08-30,0.042,0.05730964615941048
Spokane,2019-08-31,0.042,0.05648542195558548
Spokane,2019-09-01,0.041,0.054035577923059464
Spokane,2019-09-02,0.038,0.05400100722908974
Spokane,2019-09-03,0.036,0.05542586371302605
Spokane,2019-09-04,0.035,0.0555572472512722
Spokane,2019-09-05,0.033,0.054246027022600174
Spokane,2019-09-06,0.032,0.052990205585956573
Spokane,2019-09-07,0.034,0.07265236973762512
Spokane,2019-09-08,0.035,0.06637687236070633
Spokane,2019-09-09,0.072,0.05397413298487663
Spokane,2019-09-10,0.129,0.054498862475156784
Spokane,2019-09-11,0.126,0.05752338469028473
Spokane,2019-09-12,0.122,0.07161851972341537
Spokane,2019-09-13,0.117,0.07243955880403519
Spokane,2019-09-14,0.112,0.0774688571691513
Spokane,2019-09-15,0.107,0.08392494916915894
Spokane,2019-09-16,0.103,0.06000247597694397
Spokane,2019-09-17,0.099,0.06299372762441635
Spokane,2019-09-18,0.097,0.0648350790143013
Spokane,2019-09-19,0.095,0.08491475880146027
Spokane,2019-09-20,0.093,0.08712758868932724
Spokane,2019-09-21,0.092,0.09019199013710022
Spokane,2019-09-22,0.091,0.09009932726621628
Spokane,2019-09-23,0.091,0.06962106376886368
Spokane,2019-09-24,0.089,0.07633275538682938
Spokane,2019-09-25,0.087,0.07559044659137726
Spokane,2019-09-26,0.085,0.07479654252529144
Spokane,2019-09-27,0.083,0.07424946874380112
Spokane,2019-09-28,0.145,0.07830201834440231
Spokane,2019-09-29,0.196,0.10755874961614609
Spokane,2019-09-30,0.178,0.09899144619703293
Spokane,2019-10-01,0.166,0.13767708837985992
Spokane,2019-10-02,0.158,0.14568570256233215
Spokane,2019-10-03,0.154,0.14158184826374054
Spokane,2019-10-04,0.151,0.15091544389724731
Spokane,2019-10-05,0.148,0.1508904993534088
Spokane,2019-10-06,0.144,0.14736492931842804
Spokane,2019-10-07,0.142,0.1348637491464615
Spokane,2019-10-08,0.139,0.14054687321186066
Spokane,2019-10-09,0.164,0.14393563568592072
Spokane,2019-10-10,0.166,0.16299359500408173
Spokane,2019-10-11,0.16,0.16290302574634552
Spokane,2019-10-12,0.156,0.16782724857330322
Spokane,2019-10-13,0.154,0.1715591996908188
Spokane,2019-10-14,0.151,0.1788659244775772
Spokane,2019-10-15,0.147,0.17366234958171844
Spokane,2019-10-16,0.146,0.17552855610847473
Spokane,2019-10-17,0.144,0.19710057973861694
Spokane,2019-10-18,0.148,0.19282406568527222
Spokane,2019-10-19,0.193,0.19915911555290222
Spokane,2019-10-20,0.196,0.2224130928516388
Spokane,2019-10-21,0.195,0.2449442446231842
Spokane,2019-10-22,0.207,0.2464885264635086
Spokane,2019-10-23,0.193,0.2374477982521057
Spokane,2019-10-25,0.182,0.22220519185066223
Spokane,2019-10-26,0.184,0.2282562553882599
Spokane,2019-10-27,0.18,0.22856439650058746
Spokane,2019-10-28,0.179,0.21856850385665894
Spokane,2019-10-29,0.17,0.20241615176200867
Spokane,2019-10-30,0.163,0.20350360870361328
Spokane,2019-10-31,0.165,0.20446735620498657
Spokane,2019-11-04,0.166,0.19883812963962555
Spokane,2019-11-05,0.165,0.19764401018619537
Spokane,2019-11-06,0.164,0.19596442580223083
Spokane,2019-11-07,0.16,0.19545139372348785
Spokane,2019-11-08,0.161,0.1985325664281845
Spokane,2019-11-09,0.166,0.2061598002910614
Spokane,2019-11-10,0.172,0.22374525666236877
Spokane,2019-11-11,0.167,0.24217496812343597
Spokane,2019-11-12,0.17,0.22381411492824554
Spokane,2019-11-13,0.175,0.22220870852470398
Spokane,2019-11-14,0.173,0.2292950451374054
Spokane,2019-11-15,0.177,0.22222580015659332
Spokane,2019-11-16,0.18,0.2224099487066269
Spokane,2019-11-17,0.207,0.2262292057275772
Spokane,2019-11-18,0.208,0.24276165664196014
Spokane,2019-11-19,0.203,0.22251977026462555
Spokane,2019-11-20,0.2,0.21851283311843872
Spokane,2019-11-21,0.193,0.2171567976474762
Spokane,2019-11-22,0.185,0.20601989328861237
Spokane,2019-11-23,0.18,0.20589086413383484
Spokane,2019-11-24,0.184,0.20697897672653198
Spokane,2019-11-25,0.18,0.20842088758945465
Spokane,2019-12-24,0.265,0.24109195172786713
Spokane,2019-12-25,0.263,0.24264991283416748
Spokane,2019-12-26,0.262,0.24345365166664124
Spokane,2019-12-27,0.259,0.24345365166664124
Spokane,2019-12-28,0.259,0.24405927956104279
Spokane,2019-12-29,0.259,0.24710170924663544
Spokane,2019-12-30,0.262,0.25174251198768616
Spokane,2019-12-31,0.275,0.25174251198768616
Spokane,2020-01-01,0.287,0.2614651322364807
Spokane,2020-01-02,0.28,0.2772732973098755
Spokane,2020-01-03,0.281,0.2829943001270294
Spokane,2020-01-04,0.278,0.29085132479667664
Spokane,2020-01-05,0.275,0.2932545840740204
Spokane,2020-01-06,0.282,0.29515954852104187
Spokane,2020-01-07,0.289,0.2942345142364502
Spokane,2020-01-08,0.286,0.2851867377758026
Spokane,2020-01-09,0.282,0.28535816073417664
Spokane,2020-01-10,0.275,0.2855028212070465
Spokane,2020-01-11,0.295,0.28856930136680603
Spokane,2020-01-12,0.297,0.2877538204193115
Spokane,2020-01-13,0.294,0.29980531334877014
Spokane,2020-01-14,0.297,0.29739463329315186
Spokane,2020-01-15,0.295,0.27903875708580017
Spokane,2020-01-16,0.294,0.27064692974090576
Spokane,2020-01-17,0.289,0.271379292011261
Spokane,2020-01-18,0.287,0.26696646213531494
Spokane,2020-01-19,0.289,0.2605006992816925
Spokane,2020-01-20,0.29,0.26006922125816345
Spokane,2020-01-21,0.291,0.26474323868751526
Spokane,2020-01-22,0.295,0.26284387707710266
Spokane,2020-01-23,0.328,0.2647004723548889
Spokane,2020-01-24,0.342,0.2782210409641266
Spokane,2020-01-25,0.319,0.2821383774280548
Spokane,2020-01-26,0.317,0.2916867434978485
Spokane,2020-01-27,0.313,0.29569298028945923
Spokane,2020-01-28,0.328,0.2981814742088318
Spokane,2020-01-29,0.319,0.2981814742088318
Spokane,2020-01-30,0.315,0.2952442467212677
Spokane,2020-01-31,0.312,0.2891809046268463
Spokane,2020-02-01,0.309,0.2884061634540558
Spokane,2020-02-02,0.304,0.29109808802604675
Spokane,2020-02-03,0.291,0.296764612197876
Spokane,2020-02-04,0.281,0.2866220474243164
Spokane,2020-02-05,0.295,0.28312230110168457
Spokane,2020-02-06,0.309,0.2891361117362976
Spokane,2020-02-07,0.33,0.28515347838401794
Spokane,2020-02-08,0.332,0.28625059127807617
Spokane,2020-02-09,0.321,0.2896750867366791
Spokane,2020-02-10,0.32,0.3011764883995056
Spokane,2020-02-11,0.317,0.3059309124946594
Spokane,2020-02-15,0.309,0.3021584749221802
Spokane,2020-02-16,0.307,0.30362603068351746
Spokane,2020-02-17,0.3,0.3024679720401764
Spokane,2020-02-18,0.307,0.2916896343231201
Spokane,2020-03-04,0.279,0.2990877330303192
Spokane,2020-03-05,0.278,0.30207037925720215
Spokane,2020-03-06,0.279,0.30527931451797485
Spokane,2020-03-07,0.294,0.29596978425979614
Spokane,2020-03-08,0.294,0.2946922779083252
Spokane,2020-03-09,0.291,0.3068734407424927
Spokane,2020-03-10,0.289,0.2980612516403198
Spokane,2020-03-11,0.289,0.2975655794143677
Spokane,2020-03-12,0.285,0.29173630475997925
Spokane,2020-03-13,0.285,0.2943020462989807
Spokane,2020-03-14,0.284,0.2930043339729309
Spokane,2020-03-15,0.283,0.2935366928577423
Spokane,2020-03-16,0.287,0.2956756353378296
Spokane,2020-03-17,0.287,0.2969149649143219
Spokane,2020-03-18,0.286,0.29483741521835327
Spokane,2020-03-19,0.284,0.2937593460083008
Spokane,2020-03-20,0.282,0.2929133474826813
Spokane,2020-03-21,0.28,0.2908983528614044
Spokane,2020-03-22,0.278,0.2942922115325928
Spokane,2020-03-23,0.277,0.2937510013580322
Spokane,2020-03-24,0.276,0.29942864179611206
Spokane,2020-03-25,0.28,0.30035439133644104
Spokane,2020-03-26,0.282,0.302089661359787
Spokane,2020-03-27,0.281,0.302089661359787
Spokane,2020-03-28,0.28,0.30062323808670044
Spokane,2020-03-29,0.279,0.3012319803237915
Spokane,2020-03-30,0.281,0.30081215500831604
Spokane,2020-03-31,0.285,0.3071364462375641
Spokane,2020-04-01,0.288,0.30974626541137695
Spokane,2020-04-02,0.291,0.3119485080242157
Spokane,2020-04-03,0.288,0.3112136721611023
Spokane,2020-04-04,0.285,0.3112531900405884
Spokane,2020-04-05,0.288,0.3120191991329193
Spokane,2020-04-06,0.286,0.3113707900047302
Spokane,2020-04-07,0.283,0.3037380576133728
Spokane,2020-04-08,0.28,0.29661089181900024
Spokane,2020-04-09,0.277,0.29287752509117126
Spokane,2020-04-10,0.274,0.29301774501800537
Spokane,2020-04-11,0.27,0.2869892120361328
Spokane,2020-04-12,0.267,0.2907750606536865
Spokane,2020-04-13,0.264,0.2792466878890991
Spokane,2020-04-14,0.262,0.24727776646614075
Spokane,2020-04-15,0.261,0.24583040177822113
Spokane,2020-04-16,0.257,0.2601885199546814
Spokane,2020-04-17,0.254,0.2605590522289276
Spokane,2020-04-18,0.251,0.2613929808139801
Spokane,2020-04-19,0.25,0.2656997740268707
Spokane,2020-04-20,0.247,0.2699834704399109
Spokane,2020-04-21,0.242,0.2720123529434204
Spokane,2020-04-22,0.243,0.26684609055519104
Spokane,2020-04-23,0.25,0.26961827278137207
Spokane,2020-04-24,0.246,0.2688656449317932
Spokane,2020-04-25,0.244,0.26922932267189026
Spokane,2020-04-26,0.241,0.27030178904533386
Spokane,2020-04-27,0.238,0.2689313590526581
Spokane,2020-04-28,0.234,0.26745909452438354
Spokane,2020-04-29,0.229,0.26687490940093994
Spokane,2020-04-30,0.224,0.2615463137626648
Spokane,2020-05-01,0.22,0.2581448554992676
Spokane,2020-05-02,0.216,0.25541070103645325
Spokane,2020-05-03,0.225,0.25596824288368225
Spokane,2020-05-04,0.219,0.2575159966945648
Spokane,2020-05-05,0.214,0.2346411943435669
Spokane,2020-05-06,0.222,0.23163437843322754
Spokane,2020-05-07,0.222,0.2366395890712738
Spokane,2020-05-08,0.217,0.2356828898191452
Spokane,2020-05-09,0.21,0.22100481390953064
Spokane,2020-05-10,0.202,0.20212578773498535
Spokane,2020-05-11,0.195,0.1990957111120224
Spokane,2020-05-12,0.209,0.2034640610218048
Spokane,2020-05-13,0.211,0.20453917980194092
Spokane,2020-05-14,0.21,0.20141100883483887
Spokane,2020-05-15,0.21,0.1984056532382965
Spokane,2020-05-16,0.207,0.1984056532382965
Spokane,2020-05-17,0.206,0.18781158328056335
Spokane,2020-05-18,0.224,0.18963298201560974
Spokane,2020-05-19,0.255,0.19714488089084625
Spokane,2020-05-20,0.294,0.1999664157629013
Spokane,2020-05-21,0.326,0.259149432182312
Spokane,2020-05-22,0.311,0.27512305974960327
Spokane,2020-05-23,0.305,0.2810477018356323
Spokane,2020-05-24,0.298,0.2863256633281708
Spokane,2020-05-25,0.294,0.2814834415912628
Spokane,2020-05-26,0.29,0.276073694229126
Spokane,2020-05-27,0.282,0.2753145694732666
Spokane,2020-05-28,0.273,0.2755056619644165
Spokane,2020-05-29,0.265,0.27713778614997864
Spokane,2020-05-30,0.259,0.26267209649086
Spokane,2020-05-31,0.306,0.23622740805149078
Spokane,2020-06-01,0.297,0.24990543723106384
Spokane,2020-06-02,0.289,0.25929635763168335
Spokane,2020-06-03,0.28,0.26290538907051086
Spokane,2020-06-04,0.272,0.26061534881591797
Spokane,2020-06-05,0.268,0.2603168487548828
Spokane,2020-06-06,0.269,0.26262110471725464
Spokane,2020-06-07,0.264,0.26262110471725464
Spokane,2020-06-08,0.259,0.2607409954071045
Spokane,2020-06-09,0.26,0.26307424902915955
Spokane,2020-06-10,0.261,0.26307252049446106
Spokane,2020-06-11,0.254,0.2581925690174103
Spokane,2020-06-12,0.25,0.25612911581993103
Spokane,2020-06-13,0.262,0.2512225806713104
Spokane,2020-06-14,0.268,0.24718743562698364
Spokane,2020-06-15,0.268,0.236521914601326
Spokane,2020-06-16,0.269,0.2222106158733368
Spokane,2020-06-17,0.267,0.21956400573253632
Spokane,2020-06-18,0.264,0.22442573308944702
Spokane,2020-06-19,0.255,0.22950398921966553
Spokane,2020-06-20,0.248,0.22232908010482788
Spokane,2020-06-21,0.243,0.2207236886024475
Spokane,2020-06-22,0.235,0.22677405178546906
Spokane,2020-06-23,0.226,0.22409869730472565
Spokane,2020-06-24,0.215,0.20473691821098328
Spokane,2020-06-25,0.206,0.19946743547916412
Spokane,2020-06-26,0.197,0.19692201912403107
Spokane,2020-06-27,0.187,0.1969992071390152
Spokane,2020-06-28,0.18,0.18806788325309753
Spokane,2020-06-29,0.175,0.18843907117843628
Spokane,2020-06-30,0.178,0.19040286540985107
Spokane,2020-07-01,0.189,0.1870112121105194
Spokane,2020-07-02,0.187,0.18748033046722412
Spokane,2020-07-03,0.177,0.186931312084198
Spokane,2020-07-04,0.167,0.18383340537548065
Spokane,2020-07-05,0.16,0.17757757008075714
Spokane,2020-07-06,0.152,0.16926516592502594
Spokane,2020-07-07,0.145,0.1530788689851761
Spokane,2020-07-08,0.139,0.1563696414232254
Spokane,2020-07-09,0.134,0.1582382321357727
Spokane,2020-07-10,0.128,0.16162118315696716
Spokane,2020-07-11,0.122,0.14144271612167358
Spokane,2020-07-12,0.116,0.13771852850914001
Spokane,2020-07-13,0.11,0.14018037915229797
Spokane,2020-07-14,0.104,0.13449610769748688
Spokane,2020-07-15,0.099,0.1126115620136261
Spokane,2020-07-16,0.093,0.10326890647411346
Spokane,2020-07-17,0.087,0.08452431857585907
Spokane,2020-07-18,0.082,0.08452431857585907
Spokane,2020-07-19,0.078,0.08331862837076187
Spokane,2020-07-20,0.074,0.07705673575401306
Spokane,2020-07-21,0.069,0.08936363458633423
Spokane,2020-07-22,0.066,0.08727429807186127
Spokane,2020-07-23,0.062,0.06134890392422676
Spokane,2020-07-24,0.06,0.05383635312318802
Spokane,2020-07-25,0.057,0.05367138236761093
Spokane,2020-07-26,0.055,0.05271697789430618
Spokane,2020-07-27,0.054,0.04022933170199394
Spokane,2020-07-28,0.051,0.041399139910936356
Spokane,2020-07-29,0.049,0.04773632436990738
Spokane,2020-07-30,0.048,0.04733101278543472
Spokane,2020-07-31,0.046,0.046568095684051514
Spokane,2020-08-01,0.043,0.05207311734557152
Spokane,2020-08-02,0.042,0.05207311734557152
Spokane,2020-08-03,0.04,0.05207311734557152
Spokane,2020-08-04,0.039,0.04923130199313164
Spokane,2020-08-05,0.038,0.05059238523244858
Spokane,2020-08-06,0.037,0.04800942540168762
Spokane,2020-08-07,0.037,0.09274301677942276
Spokane,2020-08-08,0.037,0.06990881264209747
Spokane,2020-08-09,0.037,0.07238385826349258
Spokane,2020-08-10,0.036,0.06880085915327072
Spokane,2020-08-11,0.036,0.0704442635178566
Spokane,2020-08-12,0.034,0.06628944724798203
Spokane,2020-08-13,0.033,0.06628944724798203
Spokane,2020-08-14,0.033,0.06880197674036026
Spokane,2020-08-15,0.033,0.0697188675403595
Spokane,2020-08-16,0.033,0.0701768547296524
Spokane,2020-08-17,0.034,0.06357523798942566
Spokane,2020-08-18,0.033,0.06357523798942566
Spokane,2020-08-19,0.033,0.06466145813465118
Spokane,2020-08-20,0.033,0.05951333045959473
Spokane,2020-08-21,0.034,0.0590302050113678
Spokane,2020-08-22,0.033,0.05119019374251366
Spokane,2020-08-23,0.032,0.05019020289182663
Spokane,2020-08-24,0.031,0.05121526122093201
Spokane,2020-08-25,0.031,0.04763903096318245
Spokane,2020-08-26,0.03,0.04596177861094475
Spokane,2020-08-27,0.029,0.04424216225743294
Spokane,2020-08-28,0.029,0.04342634603381157
Spokane,2020-08-29,0.029,0.04413657635450363
Spokane,2020-08-30,0.028,0.04478321224451065
Spokane,2020-08-31,0.029,0.042994994670152664
Spokane,2020-09-01,0.028,0.04564288258552551
Spokane,2020-09-02,0.028,0.0359935499727726
Spokane,2020-09-03,0.028,0.0359935499727726
Spokane,2020-09-04,0.028,0.0336972214281559
Spokane,2020-09-05,0.028,0.0336972214281559
Spokane,2020-09-06,0.027,0.03485668823122978
Spokane,2020-09-07,0.027,0.03465905785560608
Spokane,2020-09-08,0.025,0.036035217344760895
Spokane,2020-09-09,0.025,0.03862849250435829
Spokane,2020-09-10,0.025,0.03862849250435829
Spokane,2020-09-11,0.025,0.03678015619516373
Spokane,2020-09-12,0.024,0.03390771150588989
Spokane,2020-09-13,0.023,0.03390771150588989
Spokane,2020-09-14,0.024,0.03337470814585686
Spokane,2020-09-15,0.024,0.031794268637895584
Spokane,2020-09-16,0.025,0.029336951673030853
Spokane,2020-09-17,0.025,0.028200684115290642
Spokane,2020-09-18,0.025,0.028200684115290642
Spokane,2020-09-19,0.025,0.028200684115290642
Spokane,2020-09-20,0.026,0.028200684115290642
Spokane,2020-09-21,0.026,0.027702251449227333
Spokane,2020-09-22,0.028,0.04345789551734924
Spokane,2020-09-23,0.029,0.04388372600078583
Spokane,2020-09-24,0.03,0.07299463450908661
Spokane,2020-09-25,0.03,0.0846395343542099
Spokane,2020-09-26,0.032,0.09177017956972122
Spokane,2020-09-27,0.035,0.09959819912910461
Spokane,2020-09-28,0.039,0.0774562656879425
Spokane,2020-09-29,0.043,0.08550208061933517
Spokane,2020-09-30,0.045,0.08616705238819122
Spokane,2020-10-01,0.047,0.08089783042669296
Spokane,2020-10-02,0.05,0.0797940343618393
Spokane,2020-10-03,0.05,0.0900859534740448
Spokane,2020-10-04,0.05,0.0917026624083519
Spokane,2020-10-05,0.049,0.09282564371824265
Spokane,2020-10-06,0.049,0.09919268637895584
Spokane,2020-10-07,0.049,0.10071040689945221
Spokane,2020-10-08,0.049,0.10039716958999634
Spokane,2020-10-09,0.048,0.09500320255756378
Spokane,2020-10-10,0.091,0.09591446816921234
Spokane,2020-10-11,0.142,0.11846332997083664
Spokane,2020-10-12,0.176,0.12036866694688797
Spokane,2020-10-13,0.192,0.14005425572395325
Spokane,2020-10-14,0.184,0.18189480900764465
Spokane,2020-10-15,0.171,0.181582972407341
Spokane,2020-10-16,0.165,0.18318548798561096
Spokane,2020-10-17,0.16,0.17136378586292267
Spokane,2020-10-18,0.163,0.17989028990268707
Spokane,2020-10-19,0.162,0.173771932721138
Spokane,2020-10-20,0.157,0.21090315282344818
Spokane,2020-10-21,0.153,0.20581230521202087
Spokane,2020-10-22,0.149,0.21014758944511414
Spokane,2020-10-23,0.146,0.2188405692577362
Spokane,2020-10-24,0.149,0.2196437567472458
Spokane,2020-10-25,0.154,0.22791039943695068
Spokane,2020-10-26,0.151,0.19881029427051544
Spokane,2020-10-27,0.16,0.18863947689533234
Spokane,2020-10-28,0.195,0.18551364541053772
Spokane,2020-10-29,0.207,0.18391884863376617
Spokane,2020-10-30,0.197,0.20282630622386932
Spokane,2020-10-31,0.188,0.20583687722682953
Spokane,2020-11-01,0.182,0.20318906009197235
Spokane,2020-11-02,0.179,0.19848734140396118
Spokane,2020-11-03,0.176,0.20830276608467102
Spokane,2020-11-04,0.178,0.20804078876972198
Spokane,2020-11-05,0.194,0.21303583681583405
Spokane,2020-11-06,0.221,0.21996192634105682
Spokane,2020-11-07,0.209,0.22059933841228485
Spokane,2020-11-08,0.204,0.22469158470630646
Spokane,2020-11-09,0.199,0.24050191044807434
Spokane,2020-11-10,0.202,0.23454618453979492
Spokane,2020-11-11,0.203,0.2378602772951126
Spokane,2020-11-12,0.202,0.22984513640403748
Spokane,2020-11-13,0.227,0.2177235186100006
Spokane,2020-11-14,0.229,0.21701565384864807
Spokane,2020-11-15,0.23,0.2275884747505188
Spokane,2020-11-16,0.227,0.23832756280899048
Spokane,2020-11-17,0.227,0.22987550497055054
Spokane,2020-11-18,0.23,0.2283414900302887
Spokane,2020-11-19,0.23,0.22743749618530273
Spokane,2020-11-20,0.225,0.22565773129463196
Spokane,2020-11-21,0.22,0.23015721142292023
Spokane,2020-11-22,0.216,0.2280355989933014
Spokane,2020-11-23,0.219,0.22500558197498322
Spokane,2020-11-24,0.227,0.2298193722963333
Spokane,2020-11-25,0.242,0.23882737755775452
Spokane,2020-11-26,0.236,0.24371305108070374
Spokane,2020-11-27,0.232,0.23431861400604248
Spokane,2020-11-28,0.231,0.23653030395507812
Spokane,2020-11-29,0.224,0.22527222335338593
Spokane,2020-11-30,0.219,0.22315403819084167
Spokane,2020-12-01,0.223,0.2320045530796051
Spokane,2020-12-02,0.226,0.23276619613170624
Touchet_WA_824,2017-01-11,0.196,0.1805349886417389
Touchet_WA_824,2017-01-12,0.195,0.18172968924045563
Touchet_WA_824,2017-01-13,0.196,0.18172968924045563
Touchet_WA_824,2017-01-14,0.195,0.18172968924045563
Touchet_WA_824,2017-01-15,0.196,0.18526504933834076
Touchet_WA_824,2017-01-16,0.195,0.18533992767333984
Touchet_WA_824,2017-01-17,0.195,0.18622548878192902
Touchet_WA_824,2017-01-18,0.195,0.18622548878192902
Touchet_WA_824,2017-01-19,0.194,0.18712502717971802
Touchet_WA_824,2017-01-20,0.195,0.18743416666984558
Touchet_WA_824,2017-01-21,0.195,0.18743416666984558
Touchet_WA_824,2017-01-22,0.195,0.1864597499370575
Touchet_WA_824,2017-01-23,0.194,0.18436551094055176
Touchet_WA_824,2017-01-24,0.195,0.18436551094055176
Touchet_WA_824,2017-01-25,0.194,0.18436551094055176
Touchet_WA_824,2017-01-26,0.195,0.18436551094055176
Touchet_WA_824,2017-01-27,0.195,0.1799752563238144
Touchet_WA_824,2017-01-28,0.196,0.17081452906131744
Touchet_WA_824,2017-01-29,0.196,0.17060649394989014
Touchet_WA_824,2017-01-30,0.196,0.17060649394989014
Touchet_WA_824,2017-01-31,0.196,0.17271743714809418
Touchet_WA_824,2017-02-01,0.196,0.17522430419921875
Touchet_WA_824,2017-02-02,0.197,0.1804751604795456
Touchet_WA_824,2017-02-03,0.195,0.18252737820148468
Touchet_WA_824,2017-02-04,0.196,0.18820059299468994
Touchet_WA_824,2017-02-05,0.196,0.19071708619594574
Touchet_WA_824,2017-02-06,0.196,0.19211465120315552
Touchet_WA_824,2017-02-07,0.195,0.19445499777793884
Touchet_WA_824,2017-02-08,0.197,0.18969206511974335
Touchet_WA_824,2017-02-09,0.197,0.1948116421699524
Touchet_WA_824,2017-02-10,0.196,0.19127307832241058
Touchet_WA_824,2017-02-11,0.197,0.1908533126115799
Touchet_WA_824,2017-02-12,0.196,0.19296851754188538
Touchet_WA_824,2017-02-13,0.196,0.19821032881736755
Touchet_WA_824,2017-02-14,0.196,0.19821032881736755
Touchet_WA_824,2017-02-15,0.196,0.19636863470077515
Touchet_WA_824,2017-02-16,0.197,0.19919265806674957
Touchet_WA_824,2017-02-17,0.198,0.20243486762046814
Touchet_WA_824,2017-02-18,0.198,0.19919265806674957
Touchet_WA_824,2017-02-19,0.197,0.2020820528268814
Touchet_WA_824,2017-02-20,0.198,0.2020820528268814
Touchet_WA_824,2017-02-21,0.199,0.20273946225643158
Touchet_WA_824,2017-02-22,0.197,0.20782922208309174
Touchet_WA_824,2017-02-23,0.198,0.20493942499160767
Touchet_WA_824,2017-02-24,0.199,0.2130594104528427
Touchet_WA_824,2017-02-25,0.199,0.21022368967533112
Touchet_WA_824,2017-02-26,0.199,0.20207996666431427
Touchet_WA_824,2017-02-27,0.2,0.2008642703294754
Touchet_WA_824,2017-02-28,0.199,0.20144730806350708
Touchet_WA_824,2017-03-01,0.2,0.1982050985097885
Touchet_WA_824,2017-03-02,0.202,0.20161226391792297
Touchet_WA_824,2017-03-03,0.201,0.20124074816703796
Touchet_WA_824,2017-03-04,0.2,0.19414344429969788
Touchet_WA_824,2017-03-05,0.201,0.19734536111354828
Touchet_WA_824,2017-03-06,0.201,0.19755034148693085
Touchet_WA_824,2017-03-07,0.202,0.2194969207048416
Touchet_WA_824,2017-03-08,0.202,0.22398628294467926
Touchet_WA_824,2017-03-09,0.201,0.2285461276769638
Touchet_WA_824,2017-03-10,0.202,0.22562558948993683
Touchet_WA_824,2017-03-11,0.202,0.22598618268966675
Touchet_WA_824,2017-03-12,0.202,0.22803466022014618
Touchet_WA_824,2017-03-13,0.202,0.2293328195810318
Touchet_WA_824,2017-03-14,0.203,0.22960466146469116
Touchet_WA_824,2017-03-15,0.202,0.23211032152175903
Touchet_WA_824,2017-03-16,0.203,0.23592403531074524
Touchet_WA_824,2017-03-17,0.204,0.23592403531074524
Touchet_WA_824,2017-03-18,0.203,0.23577240109443665
Touchet_WA_824,2017-03-19,0.204,0.23290309309959412
Touchet_WA_824,2017-03-20,0.205,0.23290309309959412
Touchet_WA_824,2017-03-21,0.206,0.23295263946056366
Touchet_WA_824,2017-03-22,0.205,0.2317943274974823
Touchet_WA_824,2017-03-23,0.206,0.22803466022014618
Touchet_WA_824,2017-03-24,0.206,0.22562558948993683
Touchet_WA_824,2017-03-25,0.206,0.22562558948993683
Touchet_WA_824,2017-03-26,0.205,0.22562558948993683
Touchet_WA_824,2017-03-27,0.206,0.22521302103996277
Touchet_WA_824,2017-03-28,0.206,0.22521302103996277
Touchet_WA_824,2017-03-29,0.206,0.2227029949426651
Touchet_WA_824,2017-03-30,0.206,0.22521302103996277
Touchet_WA_824,2017-03-31,0.206,0.22562558948993683
Touchet_WA_824,2017-04-01,0.206,0.22562558948993683
Touchet_WA_824,2017-04-02,0.207,0.22562558948993683
Touchet_WA_824,2017-04-03,0.206,0.2190404087305069
Touchet_WA_824,2017-04-04,0.207,0.22055856883525848
Touchet_WA_824,2017-04-05,0.207,0.21942654252052307
Touchet_WA_824,2017-04-06,0.206,0.21795785427093506
Touchet_WA_824,2017-04-07,0.207,0.20711426436901093
Touchet_WA_824,2017-04-08,0.208,0.21117885410785675
Touchet_WA_824,2017-04-09,0.208,0.21201620995998383
Touchet_WA_824,2017-04-10,0.208,0.21115495264530182
Touchet_WA_824,2017-04-11,0.207,0.21171875298023224
Touchet_WA_824,2017-04-12,0.208,0.21345552802085876
Touchet_WA_824,2017-04-13,0.208,0.21345552802085876
Touchet_WA_824,2017-04-14,0.208,0.21293112635612488
Touchet_WA_824,2017-04-15,0.209,0.21078583598136902
Touchet_WA_824,2017-04-16,0.209,0.2099711149930954
Touchet_WA_824,2017-04-17,0.209,0.1953367292881012
Touchet_WA_824,2017-04-18,0.208,0.20148177444934845
Touchet_WA_824,2017-04-19,0.209,0.20107822120189667
Touchet_WA_824,2017-04-20,0.209,0.20148177444934845
Touchet_WA_824,2017-04-21,0.208,0.2022743970155716
Touchet_WA_824,2017-04-22,0.209,0.20143023133277893
Touchet_WA_824,2017-04-23,0.21,0.20107822120189667
Touchet_WA_824,2017-04-24,0.211,0.20393598079681396
Touchet_WA_824,2017-04-25,0.212,0.20441773533821106
Touchet_WA_824,2017-04-26,0.212,0.20542871952056885
Touchet_WA_824,2017-04-27,0.213,0.22248385846614838
Touchet_WA_824,2017-04-28,0.212,0.22330854833126068
Touchet_WA_824,2017-04-29,0.212,0.22167083621025085
Touchet_WA_824,2017-04-30,0.211,0.22260214388370514
Touchet_WA_824,2017-05-01,0.211,0.23173080384731293
Touchet_WA_824,2017-05-02,0.212,0.24540312588214874
Touchet_WA_824,2017-05-03,0.213,0.25098058581352234
Touchet_WA_824,2017-05-04,0.213,0.2612664997577667
Touchet_WA_824,2017-05-05,0.222,0.2668195962905884
Touchet_WA_824,2017-05-06,0.235,0.27556246519088745
Touchet_WA_824,2017-05-07,0.24,0.27702343463897705
Touchet_WA_824,2017-05-08,0.231,0.2799612879753113
Touchet_WA_824,2017-05-09,0.233,0.2849019765853882
Touchet_WA_824,2017-05-10,0.235,0.2852139472961426
Touchet_WA_824,2017-05-11,0.24,0.2805284857749939
Touchet_WA_824,2017-05-12,0.245,0.2809378206729889
Touchet_WA_824,2017-05-13,0.248,0.27890610694885254
Touchet_WA_824,2017-05-14,0.239,0.27890610694885254
Touchet_WA_824,2017-05-15,0.232,0.27890610694885254
Touchet_WA_824,2017-05-16,0.235,0.27833929657936096
Touchet_WA_824,2017-05-17,0.241,0.28208521008491516
Touchet_WA_824,2017-05-18,0.236,0.27429449558258057
Touchet_WA_824,2017-05-19,0.232,0.27746114134788513
Touchet_WA_824,2017-05-20,0.233,0.27226001024246216
Touchet_WA_824,2017-05-21,0.253,0.2765255272388458
Touchet_WA_824,2017-05-22,0.277,0.2827400863170624
Touchet_WA_824,2017-05-23,0.3,0.283044695854187
Touchet_WA_824,2017-05-24,0.322,0.28478512167930603
Touchet_WA_824,2017-05-25,0.326,0.28624412417411804
Touchet_WA_824,2017-05-26,0.294,0.27907028794288635
Touchet_WA_824,2017-05-27,0.329,0.28142470121383667
Touchet_WA_824,2017-05-28,0.334,0.2753712236881256
Touchet_WA_824,2017-05-29,0.341,0.27040895819664
Touchet_WA_824,2017-05-30,0.284,0.2604737877845764
Touchet_WA_824,2017-05-31,0.249,0.2546706199645996
Touchet_WA_824,2017-06-01,0.236,0.2613218128681183
Touchet_WA_824,2017-06-02,0.237,0.2634330093860626
Touchet_WA_824,2017-06-03,0.221,0.2574699819087982
Touchet_WA_824,2017-06-04,0.206,0.25755754113197327
Touchet_WA_824,2017-06-05,0.277,0.2570439279079437
Touchet_WA_824,2017-06-06,0.225,0.2568514347076416
Touchet_WA_824,2017-06-07,0.208,0.2681383788585663
Touchet_WA_824,2017-06-08,0.197,0.27148398756980896
Touchet_WA_824,2017-06-09,0.276,0.291765421628952
Touchet_WA_824,2017-06-10,0.264,0.29785796999931335
Touchet_WA_824,2017-06-11,0.241,0.2909688651561737
Touchet_WA_824,2017-06-12,0.22,0.2901899814605713
Touchet_WA_824,2017-06-13,0.213,0.19658327102661133
Touchet_WA_824,2017-06-14,0.202,0.16645854711532593
Touchet_WA_824,2017-06-15,0.192,0.16356422007083893
Touchet_WA_824,2017-06-16,0.209,0.17857295274734497
Touchet_WA_824,2017-06-17,0.332,0.1800818294286728
Touchet_WA_824,2017-06-18,0.26,0.18028950691223145
Touchet_WA_824,2017-06-19,0.235,0.1758025735616684
Touchet_WA_824,2017-06-20,0.212,0.21039029955863953
Touchet_WA_824,2017-06-21,0.198,0.21896475553512573
Touchet_WA_824,2017-06-22,0.186,0.20180317759513855
Touchet_WA_824,2017-06-23,0.177,0.19939468801021576
Touchet_WA_824,2017-06-24,0.171,0.1714334934949875
Touchet_WA_824,2017-06-25,0.164,0.16559886932373047
Touchet_WA_824,2017-06-26,0.155,0.1528160721063614
Touchet_WA_824,2017-06-27,0.144,0.13487716019153595
Touchet_WA_824,2017-06-28,0.154,0.13592828810214996
Touchet_WA_824,2017-06-29,0.139,0.13644939661026
Touchet_WA_824,2017-06-30,0.132,0.11038117110729218
Touchet_WA_824,2017-07-01,0.128,0.10312596708536148
Touchet_WA_824,2017-07-02,0.119,0.10143408179283142
Touchet_WA_824,2017-07-03,0.118,0.09668712317943573
Touchet_WA_824,2017-07-04,0.108,0.09699234366416931
Touchet_WA_824,2017-07-05,0.102,0.09699234366416931
Touchet_WA_824,2017-07-06,0.091,0.09560400247573853
Touchet_WA_824,2017-07-07,0.082,0.08999055624008179
Touchet_WA_824,2017-07-08,0.073,0.08518797159194946
Touchet_WA_824,2017-07-09,0.06,0.07956089079380035
Touchet_WA_824,2017-07-10,0.046,0.07549718022346497
Touchet_WA_824,2017-07-11,0.039,0.07282558083534241
Touchet_WA_824,2017-07-12,0.033,0.05613701045513153
Touchet_WA_824,2017-07-13,0.029,0.05150148645043373
Touchet_WA_824,2017-07-14,0.022,0.04534781724214554
Touchet_WA_824,2017-07-15,0.02,0.044150907546281815
Touchet_WA_824,2017-07-16,0.016,0.042367976158857346
Touchet_WA_824,2017-07-17,0.009,0.04101519659161568
Touchet_WA_824,2017-07-18,0.009,0.03884429484605789
Touchet_WA_824,2017-07-19,0.011,0.02765132300555706
Touchet_WA_824,2017-07-20,0.005,0.022160233929753304
Touchet_WA_824,2017-07-21,0.0,0.016598934307694435
Touchet_WA_824,2017-07-22,0.0,0.011995207518339157
Touchet_WA_824,2017-07-23,0.0,0.011995207518339157
Touchet_WA_824,2017-07-24,0.0,0.011995207518339157
Touchet_WA_824,2017-07-25,0.0,0.011435425840318203
Touchet_WA_824,2017-07-26,0.0,0.007388037629425526
Touchet_WA_824,2017-07-27,0.0,0.007388037629425526
Touchet_WA_824,2017-07-28,0.0,0.007388037629425526
Touchet_WA_824,2017-07-29,0.0,0.007388037629425526
Touchet_WA_824,2017-07-30,0.0,0.007487322203814983
Touchet_WA_824,2017-07-31,0.0,0.007487322203814983
Touchet_WA_824,2017-08-01,0.0,0.007487322203814983
Touchet_WA_824,2017-08-02,0.0,0.007830566726624966
Touchet_WA_824,2017-08-03,0.0,0.00895017385482788
Touchet_WA_824,2017-08-04,0.0,0.013586334884166718
Touchet_WA_824,2017-08-05,0.0,0.016092732548713684
Touchet_WA_824,2017-08-06,0.0,0.016201918944716454
Touchet_WA_824,2017-08-07,0.0,0.016201918944716454
Touchet_WA_824,2017-08-08,0.0,0.016892509534955025
Touchet_WA_824,2017-08-09,0.0,0.018376847729086876
Touchet_WA_824,2017-08-10,0.0,0.010209941305220127
Touchet_WA_824,2017-08-11,0.0,0.008164502680301666
Touchet_WA_824,2017-08-12,0.0,0.011706032790243626
Touchet_WA_824,2017-08-13,0.0,0.016702208667993546
Touchet_WA_824,2017-08-14,0.0,0.02370612882077694
Touchet_WA_824,2017-08-15,0.0,0.02189575880765915
Touchet_WA_824,2017-08-16,0.0,0.021036481484770775
Touchet_WA_824,2017-08-17,0.0,0.018763979896903038
Touchet_WA_824,2017-08-18,0.0,0.019543809816241264
Touchet_WA_824,2017-08-19,0.0,0.019543809816241264
Touchet_WA_824,2017-08-20,0.0,0.019387487322092056
Touchet_WA_824,2017-08-21,0.0,0.01737852394580841
Touchet_WA_824,2017-08-22,0.0,0.017727874219417572
Touchet_WA_824,2017-08-23,0.0,0.013188924640417099
Touchet_WA_824,2017-08-24,0.0,0.012660406529903412
Touchet_WA_824,2017-08-25,0.0,0.011995207518339157
Touchet_WA_824,2017-08-26,0.0,0.013373829424381256
Touchet_WA_824,2017-08-27,0.0,0.013373829424381256
Touchet_WA_824,2017-08-28,0.0,0.013373829424381256
Touchet_WA_824,2017-08-29,0.0,0.00954784918576479
Touchet_WA_824,2017-08-30,0.0,0.013539958745241165
Touchet_WA_824,2017-08-31,0.0,0.015158605761826038
Touchet_WA_824,2017-09-01,0.0,0.015356234274804592
Touchet_WA_824,2017-09-02,0.0,0.015356234274804592
Touchet_WA_824,2017-09-03,0.0,0.012990592047572136
Touchet_WA_824,2017-09-04,0.0,0.013466933742165565
Touchet_WA_824,2017-09-05,0.0,0.02604343742132187
Touchet_WA_824,2017-09-06,0.0,0.027466358616948128
Touchet_WA_824,2017-09-07,0.0,0.028126556426286697
Touchet_WA_824,2017-09-08,0.0,0.03212855011224747
Touchet_WA_824,2017-09-09,0.0,0.02473738230764866
Touchet_WA_824,2017-09-10,0.0,0.02676474303007126
Touchet_WA_824,2017-09-11,0.0,0.038984570652246475
Touchet_WA_824,2017-09-12,0.0,0.022538289427757263
Touchet_WA_824,2017-09-13,0.0,0.01744762435555458
Touchet_WA_824,2017-09-14,0.0,0.01669761911034584
Touchet_WA_824,2017-09-15,0.0,0.012928472831845284
Touchet_WA_824,2017-09-16,0.0,0.012015662156045437
Touchet_WA_824,2017-09-17,0.0,0.0240530576556921
Touchet_WA_824,2017-09-18,0.0,0.024420641362667084
Touchet_WA_824,2017-09-19,0.088,0.04911290481686592
Touchet_WA_824,2017-09-20,0.1,0.08104798942804337
Touchet_WA_824,2017-09-21,0.126,0.09769435226917267
Touchet_WA_824,2017-09-22,0.143,0.10159487277269363
Touchet_WA_824,2017-09-23,0.17,0.11111678928136826
Touchet_WA_824,2017-09-24,0.189,0.1217842549085617
Touchet_WA_824,2017-09-25,0.222,0.1256142556667328
Touchet_WA_824,2017-09-26,0.208,0.12416161596775055
Touchet_WA_824,2017-09-27,0.165,0.12056262791156769
Touchet_WA_824,2017-09-28,0.144,0.10570422559976578
Touchet_WA_824,2017-09-29,0.133,0.10633013397455215
Touchet_WA_824,2017-09-30,0.122,0.10011079907417297
Touchet_WA_824,2017-10-01,0.114,0.09920715540647507
Touchet_WA_824,2017-10-02,0.144,0.11800488084554672
Touchet_WA_824,2017-10-03,0.157,0.12221747636795044
Touchet_WA_824,2017-10-04,0.146,0.12197768688201904
Touchet_WA_824,2017-10-05,0.137,0.12159056961536407
Touchet_WA_824,2017-10-06,0.131,0.12394914031028748
Touchet_WA_824,2017-10-07,0.126,0.12299510091543198
Touchet_WA_824,2017-10-08,0.116,0.11611776798963547
Touchet_WA_824,2017-10-09,0.153,0.12127938121557236
Touchet_WA_824,2017-10-10,0.144,0.11301170289516449
Touchet_WA_824,2017-10-11,0.14,0.12902815639972687
Touchet_WA_824,2017-10-12,0.137,0.1828368604183197
Touchet_WA_824,2017-10-13,0.13,0.18914000689983368
Touchet_WA_824,2017-10-14,0.131,0.21280477941036224
Touchet_WA_824,2017-10-15,0.132,0.2382141649723053
Touchet_WA_824,2017-10-16,0.129,0.24030494689941406
Touchet_WA_824,2017-10-17,0.139,0.2472863346338272
Touchet_WA_824,2017-10-18,0.194,0.26242709159851074
Touchet_WA_824,2017-10-19,0.276,0.2738484740257263
Touchet_WA_824,2017-10-20,0.282,0.2708784341812134
Touchet_WA_824,2017-10-21,0.239,0.2412228286266327
Touchet_WA_824,2017-10-22,0.209,0.23799951374530792
Touchet_WA_824,2017-10-23,0.284,0.25608062744140625
Touchet_WA_824,2017-10-24,0.248,0.2671685516834259
Touchet_WA_824,2017-10-25,0.226,0.23052844405174255
Touchet_WA_824,2017-10-26,0.211,0.19424037635326385
Touchet_WA_824,2017-10-27,0.204,0.1905311942100525
Touchet_WA_824,2017-10-28,0.198,0.18847568333148956
Touchet_WA_824,2017-10-29,0.192,0.18931204080581665
Touchet_WA_824,2017-10-30,0.189,0.17853330075740814
Touchet_WA_824,2017-10-31,0.185,0.1572725772857666
Touchet_WA_824,2017-11-01,0.171,0.17786729335784912
Touchet_WA_824,2017-11-02,0.175,0.18354777991771698
Touchet_WA_824,2017-11-03,0.183,0.19096563756465912
Touchet_WA_824,2017-11-04,0.177,0.19863514602184296
Touchet_WA_824,2017-11-05,0.174,0.19393686950206757
Touchet_WA_824,2017-11-06,0.174,0.20098279416561127
Touchet_WA_824,2017-11-07,0.175,0.24100926518440247
Touchet_WA_824,2017-11-08,0.173,0.24957258999347687
Touchet_WA_824,2017-11-09,0.173,0.24720224738121033
Touchet_WA_824,2017-11-10,0.177,0.24304144084453583
Touchet_WA_824,2017-11-11,0.179,0.23440848290920258
Touchet_WA_824,2017-11-12,0.179,0.2341265082359314
Touchet_WA_824,2017-11-13,0.179,0.2228090465068817
Touchet_WA_824,2017-11-14,0.179,0.22235676646232605
Touchet_WA_824,2017-11-15,0.179,0.22143632173538208
Touchet_WA_824,2017-11-16,0.179,0.20804734528064728
Touchet_WA_824,2017-11-17,0.18,0.20129045844078064
Touchet_WA_824,2017-11-18,0.178,0.1971576064825058
Touchet_WA_824,2017-11-19,0.176,0.19293801486492157
Touchet_WA_824,2017-11-20,0.177,0.18534807860851288
Touchet_WA_824,2017-11-21,0.196,0.19334515929222107
Touchet_WA_824,2017-11-22,0.252,0.2043883204460144
Touchet_WA_824,2017-11-23,0.291,0.2211468666791916
Touchet_WA_824,2017-11-24,0.311,0.22933264076709747
Touchet_WA_824,2017-11-25,0.251,0.23093901574611664
Touchet_WA_824,2017-11-26,0.224,0.2395443320274353
Touchet_WA_824,2017-11-27,0.272,0.24450933933258057
Touchet_WA_824,2017-11-28,0.244,0.24506573379039764
Touchet_WA_824,2017-11-29,0.225,0.2432992309331894
Touchet_WA_824,2017-11-30,0.217,0.23958559334278107
Touchet_WA_824,2017-12-01,0.21,0.23112960159778595
Touchet_WA_824,2017-12-02,0.206,0.22777394950389862
Touchet_WA_824,2017-12-03,0.204,0.22102943062782288
Touchet_WA_824,2017-12-04,0.202,0.21954959630966187
Touchet_WA_824,2017-12-05,0.201,0.21898023784160614
Touchet_WA_824,2017-12-06,0.197,0.20910991728305817
Touchet_WA_824,2017-12-07,0.195,0.20444980263710022
Touchet_WA_824,2017-12-08,0.193,0.19894446432590485
Touchet_WA_824,2017-12-09,0.19,0.19570156931877136
Touchet_WA_824,2017-12-10,0.189,0.1852487325668335
Touchet_WA_824,2017-12-11,0.187,0.18149754405021667
Touchet_WA_824,2017-12-12,0.186,0.16702969372272491
Touchet_WA_824,2017-12-13,0.185,0.1531394124031067
Touchet_WA_824,2017-12-14,0.186,0.15874317288398743
Touchet_WA_824,2017-12-15,0.184,0.16041164100170135
Touchet_WA_824,2017-12-16,0.184,0.1762590855360031
Touchet_WA_824,2017-12-17,0.184,0.17873619496822357
Touchet_WA_824,2017-12-18,0.184,0.17736266553401947
Touchet_WA_824,2017-12-19,0.184,0.18124616146087646
Touchet_WA_824,2017-12-20,0.186,0.20150429010391235
Touchet_WA_824,2017-12-21,0.188,0.20905499160289764
Touchet_WA_824,2017-12-22,0.188,0.20963917672634125
Touchet_WA_824,2017-12-23,0.188,0.21128083765506744
Touchet_WA_824,2017-12-24,0.189,0.21225613355636597
Touchet_WA_824,2017-12-25,0.19,0.21857625246047974
Touchet_WA_824,2017-12-26,0.188,0.22115983068943024
Touchet_WA_824,2017-12-27,0.188,0.21448442339897156
Touchet_WA_824,2017-12-28,0.189,0.21530911326408386
Touchet_WA_824,2017-12-29,0.187,0.21820437908172607
Touchet_WA_824,2017-12-30,0.188,0.22423526644706726
Touchet_WA_824,2017-12-31,0.191,0.22210299968719482
Touchet_WA_824,2018-01-01,0.193,0.22568383812904358
Touchet_WA_824,2018-01-02,0.192,0.21596670150756836
Touchet_WA_824,2018-01-03,0.192,0.20461905002593994
Touchet_WA_824,2018-01-04,0.191,0.1955556869506836
Touchet_WA_824,2018-01-05,0.19,0.19727256894111633
Touchet_WA_824,2018-01-06,0.19,0.1875675767660141
Touchet_WA_824,2018-01-07,0.191,0.18403659760951996
Touchet_WA_824,2018-01-08,0.191,0.17016735672950745
Touchet_WA_824,2018-01-09,0.191,0.18636246025562286
Touchet_WA_824,2018-01-10,0.194,0.19600065052509308
Touchet_WA_824,2018-01-11,0.196,0.19620975852012634
Touchet_WA_824,2018-01-12,0.196,0.2022460699081421
Touchet_WA_824,2018-01-13,0.196,0.2217680811882019
Touchet_WA_824,2018-01-14,0.196,0.21971510350704193
Touchet_WA_824,2018-01-15,0.196,0.21971510350704193
Touchet_WA_824,2018-01-16,0.197,0.22345484793186188
Touchet_WA_824,2018-01-17,0.197,0.22345484793186188
Touchet_WA_824,2018-01-18,0.196,0.2179120033979416
Touchet_WA_824,2018-01-19,0.197,0.2185574322938919
Touchet_WA_824,2018-01-20,0.197,0.22061040997505188
Touchet_WA_824,2018-01-21,0.198,0.20821988582611084
Touchet_WA_824,2018-01-22,0.198,0.2092096507549286
Touchet_WA_824,2018-01-23,0.198,0.19712229073047638
Touchet_WA_824,2018-01-24,0.198,0.20407059788703918
Touchet_WA_824,2018-01-25,0.197,0.20331819355487823
Touchet_WA_824,2018-01-26,0.197,0.20331819355487823
Touchet_WA_824,2018-01-27,0.198,0.20331819355487823
Touchet_WA_824,2018-01-28,0.198,0.20331819355487823
Touchet_WA_824,2018-01-29,0.197,0.20526815950870514
Touchet_WA_824,2018-01-30,0.196,0.2050095796585083
Touchet_WA_824,2018-01-31,0.198,0.2050095796585083
Touchet_WA_824,2018-02-01,0.198,0.2069842517375946
Touchet_WA_824,2018-02-02,0.198,0.2113720029592514
Touchet_WA_824,2018-02-03,0.197,0.21729151904582977
Touchet_WA_824,2018-02-04,0.199,0.2180429995059967
Touchet_WA_824,2018-02-05,0.2,0.22261209785938263
Touchet_WA_824,2018-02-06,0.202,0.2259564995765686
Touchet_WA_824,2018-02-07,0.202,0.22155748307704926
Touchet_WA_824,2018-02-08,0.201,0.2207116186618805
Touchet_WA_824,2018-02-09,0.201,0.21586854755878448
Touchet_WA_824,2018-02-10,0.2,0.2142769992351532
Touchet_WA_824,2018-02-11,0.201,0.20184560120105743
Touchet_WA_824,2018-02-12,0.201,0.2007485032081604
Touchet_WA_824,2018-02-13,0.2,0.20218096673488617
Touchet_WA_824,2018-02-14,0.199,0.20189334452152252
Touchet_WA_824,2018-02-15,0.201,0.19809125363826752
Touchet_WA_824,2018-02-16,0.198,0.21107496321201324
Touchet_WA_824,2018-02-17,0.199,0.21010582149028778
Touchet_WA_824,2018-02-18,0.198,0.21078108251094818
Touchet_WA_824,2018-02-19,0.197,0.2111654132604599
Touchet_WA_824,2018-02-20,0.195,0.21185266971588135
Touchet_WA_824,2018-02-21,0.196,0.21209833025932312
Touchet_WA_824,2018-02-22,0.194,0.21031419932842255
Touchet_WA_824,2018-02-23,0.195,0.2017831951379776
Touchet_WA_824,2018-02-24,0.195,0.20023170113563538
Touchet_WA_824,2018-02-25,0.195,0.19913482666015625
Touchet_WA_824,2018-02-26,0.194,0.19796140491962433
Touchet_WA_824,2018-02-27,0.193,0.20415906608104706
Touchet_WA_824,2018-02-28,0.193,0.18854425847530365
Touchet_WA_824,2018-03-01,0.193,0.18885678052902222
Touchet_WA_824,2018-03-02,0.193,0.18670256435871124
Touchet_WA_824,2018-03-03,0.192,0.18848669528961182
Touchet_WA_824,2018-03-04,0.191,0.18841750919818878
Touchet_WA_824,2018-03-05,0.191,0.18800494074821472
Touchet_WA_824,2018-03-06,0.192,0.18848669528961182
Touchet_WA_824,2018-03-07,0.192,0.18848669528961182
Touchet_WA_824,2018-03-08,0.191,0.18737760186195374
Touchet_WA_824,2018-03-09,0.192,0.1891617327928543
Touchet_WA_824,2018-03-10,0.191,0.1891617327928543
Touchet_WA_824,2018-03-11,0.191,0.18737760186195374
Touchet_WA_824,2018-03-12,0.189,0.18986879289150238
Touchet_WA_824,2018-03-13,0.19,0.18287572264671326
Touchet_WA_824,2018-03-14,0.192,0.18010370433330536
Touchet_WA_824,2018-03-15,0.19,0.18763495981693268
Touchet_WA_824,2018-03-16,0.191,0.1874082088470459
Touchet_WA_824,2018-03-17,0.191,0.1808754950761795
Touchet_WA_824,2018-03-18,0.191,0.1815970540046692
Touchet_WA_824,2018-03-19,0.192,0.17954270541667938
Touchet_WA_824,2018-03-20,0.191,0.17946644127368927
Touchet_WA_824,2018-03-21,0.192,0.1807902753353119
Touchet_WA_824,2018-03-22,0.193,0.1781543344259262
Touchet_WA_824,2018-03-23,0.192,0.18288439512252808
Touchet_WA_824,2018-03-24,0.193,0.18084412813186646
Touchet_WA_824,2018-03-25,0.193,0.1829437017440796
Touchet_WA_824,2018-03-26,0.192,0.1813686490058899
Touchet_WA_824,2018-03-27,0.193,0.18210668861865997
Touchet_WA_824,2018-03-28,0.194,0.185827374458313
Touchet_WA_824,2018-03-29,0.193,0.1858740597963333
Touchet_WA_824,2018-03-30,0.194,0.18683460354804993
Touchet_WA_824,2018-03-31,0.194,0.18943308293819427
Touchet_WA_824,2018-04-01,0.194,0.19212190806865692
Touchet_WA_824,2018-04-02,0.194,0.20815107226371765
Touchet_WA_824,2018-04-03,0.195,0.19999966025352478
Touchet_WA_824,2018-04-04,0.194,0.19792157411575317
Touchet_WA_824,2018-04-05,0.195,0.20260395109653473
Touchet_WA_824,2018-04-06,0.194,0.19923171401023865
Touchet_WA_824,2018-04-07,0.199,0.19575318694114685
Touchet_WA_824,2018-04-08,0.208,0.1956460177898407
Touchet_WA_824,2018-04-09,0.209,0.19411133229732513
Touchet_WA_824,2018-04-10,0.206,0.1828414648771286
Touchet_WA_824,2018-04-11,0.204,0.18157975375652313
Touchet_WA_824,2018-04-12,0.21,0.1813829392194748
Touchet_WA_824,2018-04-13,0.213,0.1814272105693817
Touchet_WA_824,2018-04-14,0.209,0.1881307065486908
Touchet_WA_824,2018-04-15,0.207,0.1881307065486908
Touchet_WA_824,2018-04-16,0.21,0.1898423284292221
Touchet_WA_824,2018-04-17,0.225,0.19010090827941895
Touchet_WA_824,2018-04-18,0.221,0.19010090827941895
Touchet_WA_824,2018-04-19,0.216,0.18875910341739655
Touchet_WA_824,2018-04-20,0.213,0.18848669528961182
Touchet_WA_824,2018-04-21,0.22,0.18848669528961182
Touchet_WA_824,2018-04-22,0.235,0.18848669528961182
Touchet_WA_824,2018-04-23,0.238,0.18848669528961182
Touchet_WA_824,2018-04-24,0.238,0.19557665288448334
Touchet_WA_824,2018-04-25,0.244,0.2025548815727234
Touchet_WA_824,2018-04-26,0.259,0.22240416705608368
Touchet_WA_824,2018-04-27,0.266,0.22962228953838348
Touchet_WA_824,2018-04-28,0.273,0.2479468286037445
Touchet_WA_824,2018-04-29,0.279,0.27829426527023315
Touchet_WA_824,2018-04-30,0.261,0.28688234090805054
Touchet_WA_824,2018-05-01,0.274,0.2942008078098297
Touchet_WA_824,2018-05-02,0.275,0.2959066331386566
Touchet_WA_824,2018-05-03,0.283,0.30203261971473694
Touchet_WA_824,2018-05-04,0.289,0.3008822202682495
Touchet_WA_824,2018-05-05,0.296,0.3020060360431671
Touchet_WA_824,2018-05-06,0.295,0.30038586258888245
Touchet_WA_824,2018-05-07,0.298,0.2998311221599579
Touchet_WA_824,2018-05-08,0.298,0.2948344051837921
Touchet_WA_824,2018-05-09,0.3,0.28988924622535706
Touchet_WA_824,2018-05-10,0.296,0.2891519069671631
Touchet_WA_824,2018-05-11,0.289,0.2858148217201233
Touchet_WA_824,2018-05-12,0.294,0.2872144877910614
Touchet_WA_824,2018-05-13,0.332,0.2896523177623749
Touchet_WA_824,2018-05-14,0.277,0.28857913613319397
Touchet_WA_824,2018-05-15,0.247,0.2831980288028717
Touchet_WA_824,2018-05-16,0.231,0.27681681513786316
Touchet_WA_824,2018-05-17,0.253,0.27430978417396545
Touchet_WA_824,2018-05-18,0.237,0.2647330164909363
Touchet_WA_824,2018-05-19,0.227,0.26633262634277344
Touchet_WA_824,2018-05-20,0.24,0.266475111246109
Touchet_WA_824,2018-05-21,0.314,0.2709425091743469
Touchet_WA_824,2018-05-22,0.251,0.27597537636756897
Touchet_WA_824,2018-05-23,0.226,0.27452951669692993
Touchet_WA_824,2018-05-24,0.214,0.27650752663612366
Touchet_WA_824,2018-05-25,0.201,0.26766860485076904
Touchet_WA_824,2018-05-26,0.192,0.26918306946754456
Touchet_WA_824,2018-05-27,0.198,0.26931124925613403
Touchet_WA_824,2018-05-28,0.181,0.26459169387817383
Touchet_WA_824,2018-05-29,0.169,0.2600076198577881
Touchet_WA_824,2018-05-30,0.159,0.2538180649280548
Touchet_WA_824,2018-05-31,0.152,0.2366602122783661
Touchet_WA_824,2018-06-01,0.161,0.18887671828269958
Touchet_WA_824,2018-06-02,0.16,0.18414056301116943
Touchet_WA_824,2018-06-03,0.148,0.17255595326423645
Touchet_WA_824,2018-06-04,0.143,0.17250563204288483
Touchet_WA_824,2018-06-05,0.153,0.17411455512046814
Touchet_WA_824,2018-06-06,0.162,0.16606858372688293
Touchet_WA_824,2018-06-07,0.152,0.16678017377853394
Touchet_WA_824,2018-06-08,0.146,0.16503463685512543
Touchet_WA_824,2018-06-09,0.137,0.16384579241275787
Touchet_WA_824,2018-06-10,0.258,0.1734856218099594
Touchet_WA_824,2018-06-11,0.242,0.18238599598407745
Touchet_WA_824,2018-06-12,0.227,0.19274185597896576
Touchet_WA_824,2018-06-13,0.197,0.19321580231189728
Touchet_WA_824,2018-06-14,0.18,0.1735803186893463
Touchet_WA_824,2018-06-15,0.171,0.16621679067611694
Touchet_WA_824,2018-06-16,0.162,0.1658053994178772
Touchet_WA_824,2018-06-17,0.159,0.16169118881225586
Touchet_WA_824,2018-06-18,0.157,0.1653020679950714
Touchet_WA_824,2018-06-19,0.199,0.1810326874256134
Touchet_WA_824,2018-06-20,0.215,0.1962622106075287
Touchet_WA_824,2018-06-21,0.198,0.19533374905586243
Touchet_WA_824,2018-06-22,0.242,0.1903604120016098
Touchet_WA_824,2018-06-23,0.202,0.17967160046100616
Touchet_WA_824,2018-06-24,0.185,0.17057350277900696
Touchet_WA_824,2018-06-25,0.172,0.16385892033576965
Touchet_WA_824,2018-06-26,0.157,0.15978235006332397
Touchet_WA_824,2018-06-27,0.148,0.1423916518688202
Touchet_WA_824,2018-06-28,0.134,0.12694591283798218
Touchet_WA_824,2018-06-29,0.124,0.11391519755125046
Touchet_WA_824,2018-06-30,0.114,0.11515052616596222
Touchet_WA_824,2018-07-01,0.107,0.11377467215061188
Touchet_WA_824,2018-07-02,0.1,0.11232088506221771
Touchet_WA_824,2018-07-03,0.088,0.11817581206560135
Touchet_WA_824,2018-07-04,0.082,0.10373285412788391
Touchet_WA_824,2018-07-05,0.072,0.08006159961223602
Touchet_WA_824,2018-07-06,0.06,0.07233205437660217
Touchet_WA_824,2018-07-07,0.047,0.06498156487941742
Touchet_WA_824,2018-07-08,0.038,0.05340445786714554
Touchet_WA_824,2018-07-09,0.033,0.04624125733971596
Touchet_WA_824,2018-07-10,0.03,0.04054756835103035
Touchet_WA_824,2018-07-11,0.02,0.040061213076114655
Touchet_WA_824,2018-07-12,0.02,0.033134445548057556
Touchet_WA_824,2018-07-13,0.018,0.04021722078323364
Touchet_WA_824,2018-07-14,0.016,0.04028572142124176
Touchet_WA_824,2018-07-15,0.012,0.043712906539440155
Touchet_WA_824,2018-07-16,0.008,0.04442567378282547
Touchet_WA_824,2018-07-17,0.005,0.018774762749671936
Touchet_WA_824,2018-07-18,0.007,0.01840493269264698
Touchet_WA_824,2018-07-19,0.0,0.0188311617821455
Touchet_WA_824,2018-07-20,0.0,0.02286008559167385
Touchet_WA_824,2018-07-21,0.0,0.024968503043055534
Touchet_WA_824,2018-07-22,0.0,0.02326682023704052
Touchet_WA_824,2018-07-23,0.0,0.02326682023704052
Touchet_WA_824,2018-07-24,0.0,0.015965886414051056
Touchet_WA_824,2018-07-25,0.0,0.016150914132595062
Touchet_WA_824,2018-07-26,0.0,0.015692930668592453
Touchet_WA_824,2018-07-27,0.0,0.013413174077868462
Touchet_WA_824,2018-07-28,0.0,0.013413174077868462
Touchet_WA_824,2018-07-29,0.0,0.009852983988821507
Touchet_WA_824,2018-07-30,0.0,0.009453915990889072
Touchet_WA_824,2018-07-31,0.0,0.009453915990889072
Touchet_WA_824,2018-08-01,0.0,0.009692070074379444
Touchet_WA_824,2018-08-02,0.0,0.007388037629425526
Touchet_WA_824,2018-08-03,0.0,0.007388037629425526
Touchet_WA_824,2018-08-04,0.0,0.007487322203814983
Touchet_WA_824,2018-08-05,0.0,0.011961602605879307
Touchet_WA_824,2018-08-06,0.0,0.012657963670790195
Touchet_WA_824,2018-08-07,0.0,0.012892480939626694
Touchet_WA_824,2018-08-08,0.0,0.013675618916749954
Touchet_WA_824,2018-08-09,0.0,0.012953285127878189
Touchet_WA_824,2018-08-10,0.0,0.012953285127878189
Touchet_WA_824,2018-08-11,0.0,0.012200768105685711
Touchet_WA_824,2018-08-12,0.0,0.01124636735767126
Touchet_WA_824,2018-08-13,0.0,0.01124636735767126
Touchet_WA_824,2018-08-14,0.0,0.01151690911501646
Touchet_WA_824,2018-08-15,0.0,0.010980497114360332
Touchet_WA_824,2018-08-16,0.0,0.011323741637170315
Touchet_WA_824,2018-08-17,0.0,0.011692888103425503
Touchet_WA_824,2018-08-18,0.0,0.01286790519952774
Touchet_WA_824,2018-08-19,0.0,0.012924941256642342
Touchet_WA_824,2018-08-20,0.0,0.012768618762493134
Touchet_WA_824,2018-08-21,0.0,0.013135740533471107
Touchet_WA_824,2018-08-22,0.0,0.012213352136313915
Touchet_WA_824,2018-08-23,0.0,0.016362370923161507
Touchet_WA_824,2018-08-24,0.0,0.025771036744117737
Touchet_WA_824,2018-08-25,0.0,0.055247992277145386
Touchet_WA_824,2018-08-26,0.0,0.03443372994661331
Touchet_WA_824,2018-08-27,0.0,0.03383363410830498
Touchet_WA_824,2018-08-28,0.117,0.07165457308292389
Touchet_WA_824,2018-08-29,0.104,0.06587226688861847
Touchet_WA_824,2018-08-30,0.092,0.07552024722099304
Touchet_WA_824,2018-08-31,0.075,0.07382462173700333
Touchet_WA_824,2018-09-01,0.071,0.08180437982082367
Touchet_WA_824,2018-09-02,0.066,0.09493005275726318
Touchet_WA_824,2018-09-03,0.06,0.08930425345897675
Touchet_WA_824,2018-09-04,0.058,0.06487507373094559
Touchet_WA_824,2018-09-05,0.053,0.04586397856473923
Touchet_WA_824,2018-09-06,0.051,0.045296404510736465
Touchet_WA_824,2018-09-07,0.049,0.044695474207401276
Touchet_WA_824,2018-09-08,0.044,0.044453468173742294
Touchet_WA_824,2018-09-09,0.033,0.05611012130975723
Touchet_WA_824,2018-09-10,0.031,0.04425404220819473
Touchet_WA_824,2018-09-11,0.022,0.036050088703632355
Touchet_WA_824,2018-09-12,0.017,0.04387786611914635
Touchet_WA_824,2018-09-13,0.016,0.05346429720520973
Touchet_WA_824,2018-09-14,0.015,0.04593418911099434
Touchet_WA_824,2018-09-15,0.011,0.04327720031142235
Touchet_WA_824,2018-09-16,0.005,0.042271122336387634
Touchet_WA_824,2018-09-17,0.005,0.042837612330913544
Touchet_WA_824,2018-09-18,0.003,0.033564306795597076
Touchet_WA_824,2018-09-19,0.006,0.03321743384003639
Touchet_WA_824,2018-09-20,0.001,0.048857249319553375
Touchet_WA_824,2018-09-21,0.0,0.058335114270448685
Touchet_WA_824,2018-09-22,0.0,0.05947169288992882
Touchet_WA_824,2018-09-23,0.0,0.06443877518177032
Touchet_WA_824,2018-09-24,0.0,0.05837603285908699
Touchet_WA_824,2018-09-25,0.0,0.05876118317246437
Touchet_WA_824,2018-09-26,0.0,0.059248749166727066
Touchet_WA_824,2018-09-27,0.0,0.05784020945429802
Touchet_WA_824,2018-09-28,0.0,0.058157823979854584
Touchet_WA_824,2018-09-29,0.0,0.05664525926113129
Touchet_WA_824,2018-09-30,0.0,0.05315154418349266
Touchet_WA_824,2018-10-01,0.0,0.06049303710460663
Touchet_WA_824,2018-10-02,0.0,0.0630069226026535
Touchet_WA_824,2018-10-03,0.0,0.06488217413425446
Touchet_WA_824,2018-10-04,0.0,0.06488217413425446
Touchet_WA_824,2018-10-05,0.0,0.06601253151893616
Touchet_WA_824,2018-10-06,0.0,0.06637126207351685
Touchet_WA_824,2018-10-07,0.143,0.07114951312541962
Touchet_WA_824,2018-10-08,0.13,0.0813584178686142
Touchet_WA_824,2018-10-09,0.12,0.13844512403011322
Touchet_WA_824,2018-10-10,0.24,0.15017825365066528
Touchet_WA_824,2018-10-11,0.196,0.15303146839141846
Touchet_WA_824,2018-10-12,0.169,0.15168504416942596
Touchet_WA_824,2018-10-13,0.157,0.15229324996471405
Touchet_WA_824,2018-10-14,0.145,0.15501391887664795
Touchet_WA_824,2018-10-15,0.133,0.15775874257087708
Touchet_WA_824,2018-10-16,0.129,0.14280062913894653
Touchet_WA_824,2018-10-17,0.125,0.1402992457151413
Touchet_WA_824,2018-10-18,0.121,0.13655146956443787
Touchet_WA_824,2018-10-19,0.119,0.13859522342681885
Touchet_WA_824,2018-10-20,0.115,0.1377003788948059
Touchet_WA_824,2018-10-21,0.112,0.1365700364112854
Touchet_WA_824,2018-10-22,0.106,0.13286550343036652
Touchet_WA_824,2018-10-23,0.104,0.13220421969890594
Touchet_WA_824,2018-10-24,0.098,0.13618597388267517
Touchet_WA_824,2018-10-25,0.097,0.1348588466644287
Touchet_WA_824,2018-10-26,0.095,0.13069960474967957
Touchet_WA_824,2018-10-27,0.145,0.1354701668024063
Touchet_WA_824,2018-10-28,0.231,0.14200429618358612
Touchet_WA_824,2018-10-29,0.296,0.15787795186042786
Touchet_WA_824,2018-10-30,0.234,0.1762487292289734
Touchet_WA_824,2018-10-31,0.218,0.17225857079029083
Touchet_WA_824,2018-11-01,0.297,0.1819925308227539
Touchet_WA_824,2018-11-02,0.283,0.23178449273109436
Touchet_WA_824,2018-11-03,0.286,0.24800629913806915
Touchet_WA_824,2018-11-04,0.259,0.25244244933128357
Touchet_WA_824,2018-11-05,0.279,0.25683504343032837
Touchet_WA_824,2018-11-06,0.253,0.2731912434101105
Touchet_WA_824,2018-11-07,0.23,0.2687203884124756
Touchet_WA_824,2018-11-08,0.211,0.25778481364250183
Touchet_WA_824,2018-11-09,0.201,0.2505441904067993
Touchet_WA_824,2018-11-10,0.177,0.22441212832927704
Touchet_WA_824,2018-11-11,0.171,0.21850180625915527
Touchet_WA_824,2018-11-12,0.154,0.19854523241519928
Touchet_WA_824,2018-11-13,0.134,0.1348959505558014
Touchet_WA_824,2018-11-14,0.131,0.1345560997724533
Touchet_WA_824,2018-11-15,0.131,0.14614039659500122
Touchet_WA_824,2018-11-16,0.182,0.16289789974689484
Touchet_WA_824,2018-11-17,0.231,0.1610572338104248
Touchet_WA_824,2018-11-18,0.173,0.15999723970890045
Touchet_WA_824,2018-11-19,0.04,0.1415383219718933
Touchet_WA_824,2018-11-20,0.029,0.13065816462039948
Touchet_WA_824,2018-11-21,0.024,0.1206289753317833
Touchet_WA_824,2018-11-22,0.025,0.12348013371229172
Touchet_WA_824,2018-11-23,0.028,0.12705576419830322
Touchet_WA_824,2018-11-24,0.041,0.12655109167099
Touchet_WA_824,2018-11-25,0.044,0.1272413730621338
Touchet_WA_824,2018-11-26,0.046,0.12756317853927612
Touchet_WA_824,2018-11-27,0.043,0.14521032571792603
Touchet_WA_824,2018-11-28,0.048,0.13023532927036285
Touchet_WA_824,2018-11-29,0.058,0.12774300575256348
Touchet_WA_824,2018-11-30,0.066,0.12755349278450012
Touchet_WA_824,2018-12-01,0.077,0.12755349278450012
Touchet_WA_824,2018-12-02,0.087,0.1268439143896103
Touchet_WA_824,2018-12-03,0.097,0.13610044121742249
Touchet_WA_824,2018-12-04,0.104,0.13616114854812622
Touchet_WA_824,2018-12-05,0.111,0.138133242726326
Touchet_WA_824,2018-12-06,0.111,0.13824039697647095
Touchet_WA_824,2018-12-07,0.107,0.1385394185781479
Touchet_WA_824,2018-12-08,0.098,0.14038008451461792
Touchet_WA_824,2018-12-09,0.092,0.14167265594005585
Touchet_WA_824,2018-12-10,0.094,0.143498957157135
Touchet_WA_824,2018-12-11,0.099,0.1347794532775879
Touchet_WA_824,2018-12-12,0.1,0.13888049125671387
Touchet_WA_824,2018-12-13,0.103,0.13133986294269562
Touchet_WA_824,2018-12-14,0.106,0.1305966079235077
Touchet_WA_824,2018-12-15,0.109,0.13419635593891144
Touchet_WA_824,2018-12-16,0.113,0.13743722438812256
Touchet_WA_824,2018-12-17,0.116,0.14073576033115387
Touchet_WA_824,2018-12-18,0.117,0.15207000076770782
Touchet_WA_824,2018-12-19,0.121,0.16221420466899872
Touchet_WA_824,2018-12-20,0.122,0.17234934866428375
Touchet_WA_824,2018-12-21,0.122,0.1751565784215927
Touchet_WA_824,2018-12-22,0.124,0.1747223287820816
Touchet_WA_824,2018-12-23,0.124,0.17398978769779205
Touchet_WA_824,2018-12-24,0.127,0.1747223287820816
Touchet_WA_824,2018-12-25,0.127,0.1711101233959198
Touchet_WA_824,2018-12-26,0.128,0.16077744960784912
Touchet_WA_824,2018-12-27,0.128,0.15970313549041748
Touchet_WA_824,2018-12-28,0.129,0.14633803069591522
Touchet_WA_824,2018-12-29,0.129,0.14688077569007874
Touchet_WA_824,2018-12-30,0.128,0.14891736209392548
Touchet_WA_824,2018-12-31,0.129,0.14802765846252441
Touchet_WA_824,2019-01-01,0.128,0.14874477684497833
Touchet_WA_824,2019-01-02,0.129,0.14897587895393372
Touchet_WA_824,2019-01-03,0.128,0.14383071660995483
Touchet_WA_824,2019-01-04,0.129,0.1464148908853531
Touchet_WA_824,2019-01-05,0.128,0.1468198448419571
Touchet_WA_824,2019-01-06,0.128,0.14692166447639465
Touchet_WA_824,2019-01-07,0.128,0.14673389494419098
Touchet_WA_824,2019-01-08,0.129,0.15160754323005676
Touchet_WA_824,2019-01-09,0.127,0.16073885560035706
Touchet_WA_824,2019-01-10,0.127,0.1603451371192932
Touchet_WA_824,2019-01-11,0.128,0.17117184400558472
Touchet_WA_824,2019-01-12,0.129,0.18236686289310455
Touchet_WA_824,2019-01-13,0.126,0.18236686289310455
Touchet_WA_824,2019-01-14,0.128,0.18655970692634583
Touchet_WA_824,2019-01-15,0.127,0.16382098197937012
Touchet_WA_824,2019-01-16,0.129,0.1701793372631073
Touchet_WA_824,2019-01-17,0.129,0.16296976804733276
Touchet_WA_824,2019-01-18,0.13,0.17286330461502075
Touchet_WA_824,2019-01-19,0.126,0.1698949635028839
Touchet_WA_824,2019-01-20,0.128,0.1711464673280716
Touchet_WA_824,2019-01-21,0.127,0.1711464673280716
Touchet_WA_824,2019-01-22,0.126,0.16879230737686157
Touchet_WA_824,2019-01-23,0.129,0.1655319482088089
Touchet_WA_824,2019-01-24,0.13,0.1744992733001709
Touchet_WA_824,2019-01-25,0.13,0.1640516072511673
Touchet_WA_824,2019-01-26,0.128,0.16139911115169525
Touchet_WA_824,2019-01-27,0.13,0.15729354321956635
Touchet_WA_824,2019-01-28,0.13,0.15840670466423035
Touchet_WA_824,2019-01-29,0.13,0.14949491620063782
Touchet_WA_824,2019-01-30,0.133,0.15128254890441895
Touchet_WA_824,2019-01-31,0.133,0.15128254890441895
Touchet_WA_824,2019-02-01,0.131,0.1515950709581375
Touchet_WA_824,2019-02-02,0.132,0.16428789496421814
Touchet_WA_824,2019-02-03,0.133,0.16428789496421814
Touchet_WA_824,2019-02-04,0.133,0.16428789496421814
Touchet_WA_824,2019-02-05,0.132,0.16138134896755219
Touchet_WA_824,2019-02-06,0.132,0.15129739046096802
Touchet_WA_824,2019-02-07,0.131,0.14977113902568817
Touchet_WA_824,2019-02-08,0.132,0.14967261254787445
Touchet_WA_824,2019-02-09,0.133,0.15149253606796265
Touchet_WA_824,2019-02-10,0.134,0.15302452445030212
Touchet_WA_824,2019-02-11,0.133,0.14912986755371094
Touchet_WA_824,2019-02-12,0.135,0.15054035186767578
Touchet_WA_824,2019-02-13,0.136,0.1512901782989502
Touchet_WA_824,2019-02-14,0.136,0.1562252938747406
Touchet_WA_824,2019-02-15,0.136,0.15236352384090424
Touchet_WA_824,2019-02-16,0.137,0.1514957845211029
Touchet_WA_824,2019-02-17,0.137,0.15159431099891663
Touchet_WA_824,2019-02-18,0.137,0.15199926495552063
Touchet_WA_824,2019-02-19,0.137,0.16309750080108643
Touchet_WA_824,2019-02-20,0.138,0.16309750080108643
Touchet_WA_824,2019-02-21,0.138,0.1685100793838501
Touchet_WA_824,2019-02-22,0.139,0.16873718798160553
Touchet_WA_824,2019-02-23,0.138,0.16873718798160553
Touchet_WA_824,2019-02-24,0.137,0.16873718798160553
Touchet_WA_824,2019-02-25,0.139,0.1685100793838501
Touchet_WA_824,2019-02-26,0.139,0.18416832387447357
Touchet_WA_824,2019-02-27,0.14,0.180774986743927
Touchet_WA_824,2019-02-28,0.139,0.18050330877304077
Touchet_WA_824,2019-03-01,0.138,0.18020428717136383
Touchet_WA_824,2019-03-02,0.14,0.18050330877304077
Touchet_WA_824,2019-03-03,0.14,0.18020428717136383
Touchet_WA_824,2019-03-04,0.14,0.17970164120197296
Touchet_WA_824,2019-03-05,0.14,0.1818549782037735
Touchet_WA_824,2019-03-06,0.14,0.1964091658592224
Touchet_WA_824,2019-03-07,0.14,0.19246076047420502
Touchet_WA_824,2019-03-08,0.141,0.19349618256092072
Touchet_WA_824,2019-03-09,0.14,0.19349618256092072
Touchet_WA_824,2019-03-10,0.14,0.19403892755508423
Touchet_WA_824,2019-03-11,0.141,0.19569343328475952
Touchet_WA_824,2019-03-12,0.141,0.19011177122592926
Touchet_WA_824,2019-03-13,0.141,0.1823081374168396
Touchet_WA_824,2019-03-14,0.141,0.17792053520679474
Touchet_WA_824,2019-03-15,0.142,0.17909270524978638
Touchet_WA_824,2019-03-16,0.141,0.1786508560180664
Touchet_WA_824,2019-03-17,0.141,0.174702450633049
Touchet_WA_824,2019-03-18,0.142,0.18357042968273163
Touchet_WA_824,2019-03-19,0.141,0.17542918026447296
Touchet_WA_824,2019-03-20,0.142,0.17787012457847595
Touchet_WA_824,2019-03-21,0.143,0.17901968955993652
Touchet_WA_824,2019-03-22,0.141,0.18026740849018097
Touchet_WA_824,2019-03-23,0.143,0.18026740849018097
Touchet_WA_824,2019-03-24,0.142,0.18098260462284088
Touchet_WA_824,2019-03-25,0.143,0.18098260462284088
Touchet_WA_824,2019-03-26,0.144,0.18057003617286682
Touchet_WA_824,2019-03-27,0.145,0.1811738759279251
Touchet_WA_824,2019-03-28,0.146,0.1811738759279251
Touchet_WA_824,2019-03-29,0.146,0.18073202669620514
Touchet_WA_824,2019-03-30,0.148,0.1811738759279251
Touchet_WA_824,2019-03-31,0.149,0.18073202669620514
Touchet_WA_824,2019-04-01,0.151,0.17865674197673798
Touchet_WA_824,2019-04-02,0.152,0.18864789605140686
Touchet_WA_824,2019-04-03,0.153,0.1866903454065323
Touchet_WA_824,2019-04-04,0.153,0.19491925835609436
Touchet_WA_824,2019-04-05,0.153,0.1957704722881317
Touchet_WA_824,2019-04-06,0.155,0.19469712674617767
Touchet_WA_824,2019-04-07,0.156,0.19384640455245972
Touchet_WA_824,2019-04-08,0.157,0.1913071721792221
Touchet_WA_824,2019-04-09,0.158,0.18548135459423065
Touchet_WA_824,2019-04-10,0.159,0.1898130178451538
Touchet_WA_824,2019-04-11,0.161,0.1904786378145218
Touchet_WA_824,2019-04-12,0.161,0.20376190543174744
Touchet_WA_824,2019-04-13,0.161,0.203887939453125
Touchet_WA_824,2019-04-14,0.163,0.2025899589061737
Touchet_WA_824,2019-04-15,0.164,0.21605943143367767
Touchet_WA_824,2019-04-16,0.165,0.20613835752010345
Touchet_WA_824,2019-04-17,0.166,0.20701973140239716
Touchet_WA_824,2019-04-18,0.167,0.20701973140239716
Touchet_WA_824,2019-04-19,0.165,0.20662552118301392
Touchet_WA_824,2019-04-20,0.169,0.20662552118301392
Touchet_WA_824,2019-04-21,0.169,0.20662552118301392
Touchet_WA_824,2019-04-22,0.17,0.20745494961738586
Touchet_WA_824,2019-04-23,0.171,0.20305977761745453
Touchet_WA_824,2019-04-24,0.171,0.19961042702198029
Touchet_WA_824,2019-04-25,0.171,0.1991356611251831
Touchet_WA_824,2019-04-26,0.172,0.19741395115852356
Touchet_WA_824,2019-04-27,0.173,0.19437117874622345
Touchet_WA_824,2019-04-28,0.175,0.1935414969921112
Touchet_WA_824,2019-04-29,0.175,0.19091950356960297
Touchet_WA_824,2019-04-30,0.176,0.20252792537212372
Touchet_WA_824,2019-05-01,0.177,0.20485885441303253
Touchet_WA_824,2019-05-02,0.177,0.21337006986141205
Touchet_WA_824,2019-05-03,0.179,0.2095922827720642
Touchet_WA_824,2019-05-04,0.179,0.2108316272497177
Touchet_WA_824,2019-05-05,0.179,0.20910292863845825
Touchet_WA_824,2019-05-06,0.181,0.22367514669895172
Touchet_WA_824,2019-05-07,0.182,0.23800458014011383
Touchet_WA_824,2019-05-08,0.185,0.256887286901474
Touchet_WA_824,2019-05-09,0.188,0.26217886805534363
Touchet_WA_824,2019-05-10,0.192,0.2747718393802643
Touchet_WA_824,2019-05-11,0.198,0.2801663875579834
Touchet_WA_824,2019-05-12,0.203,0.28314685821533203
Touchet_WA_824,2019-05-13,0.283,0.2883774936199188
Touchet_WA_824,2019-05-14,0.34,0.29310086369514465
Touchet_WA_824,2019-05-15,0.343,0.28924721479415894
Touchet_WA_824,2019-05-16,0.344,0.2782541513442993
Touchet_WA_824,2019-05-17,0.342,0.2740393280982971
Touchet_WA_824,2019-05-18,0.345,0.28155332803726196
Touchet_WA_824,2019-05-19,0.345,0.28070202469825745
Touchet_WA_824,2019-05-20,0.336,0.27568575739860535
Touchet_WA_824,2019-05-21,0.306,0.2816885709762573
Touchet_WA_824,2019-05-22,0.307,0.27569395303726196
Touchet_WA_824,2019-05-23,0.287,0.2635113298892975
Touchet_WA_824,2019-05-24,0.267,0.25593632459640503
Touchet_WA_824,2019-05-25,0.265,0.25285986065864563
Touchet_WA_824,2019-05-26,0.261,0.2518383860588074
Touchet_WA_824,2019-05-27,0.257,0.2407664805650711
Touchet_WA_824,2019-05-28,0.266,0.24812453985214233
Touchet_WA_824,2019-05-29,0.253,0.26971864700317383
Touchet_WA_824,2019-05-30,0.256,0.26579105854034424
Touchet_WA_824,2019-05-31,0.256,0.2715001106262207
Touchet_WA_824,2019-06-01,0.239,0.2753565013408661
Touchet_WA_824,2019-06-02,0.349,0.2830115854740143
Touchet_WA_824,2019-06-03,0.293,0.27706849575042725
Touchet_WA_824,2019-06-04,0.258,0.26995596289634705
Touchet_WA_824,2019-06-05,0.234,0.2711724638938904
Touchet_WA_824,2019-06-06,0.22,0.2710820138454437
Touchet_WA_824,2019-06-07,0.228,0.27007102966308594
Touchet_WA_824,2019-06-08,0.225,0.27007102966308594
Touchet_WA_824,2019-06-09,0.223,0.2612026035785675
Touchet_WA_824,2019-06-10,0.21,0.25823885202407837
Touchet_WA_824,2019-06-11,0.196,0.2549416720867157
Touchet_WA_824,2019-06-12,0.182,0.2350769340991974
Touchet_WA_824,2019-06-13,0.168,0.22589339315891266
Touchet_WA_824,2019-06-14,0.155,0.2045801281929016
Touchet_WA_824,2019-06-15,0.141,0.19686995446681976
Touchet_WA_824,2019-06-16,0.124,0.1937139630317688
Touchet_WA_824,2019-06-17,0.111,0.19394995272159576
Touchet_WA_824,2019-06-18,0.091,0.2010364830493927
Touchet_WA_824,2019-06-19,0.07,0.16865254938602448
Touchet_WA_824,2019-06-20,0.055,0.15179891884326935
Touchet_WA_824,2019-06-21,0.146,0.1530221551656723
Touchet_WA_824,2019-06-22,0.18,0.18522702157497406
Touchet_WA_824,2019-06-23,0.162,0.19429366290569305
Touchet_WA_824,2019-06-24,0.152,0.19830991327762604
Touchet_WA_824,2019-06-25,0.135,0.18136797845363617
Touchet_WA_824,2019-06-26,0.119,0.17914187908172607
Touchet_WA_824,2019-06-27,0.182,0.18813075125217438
Touchet_WA_824,2019-06-28,0.246,0.18688306212425232
Touchet_WA_824,2019-06-29,0.211,0.1785108596086502
Touchet_WA_824,2019-06-30,0.186,0.17889413237571716
Touchet_WA_824,2019-07-01,0.162,0.17577074468135834
Touchet_WA_824,2019-07-02,0.143,0.16902737319469452
Touchet_WA_824,2019-07-03,0.137,0.16301551461219788
Touchet_WA_824,2019-07-04,0.152,0.15804961323738098
Touchet_WA_824,2019-07-05,0.143,0.13909590244293213
Touchet_WA_824,2019-07-06,0.13,0.13027606904506683
Touchet_WA_824,2019-07-07,0.151,0.12376471608877182
Touchet_WA_824,2019-07-08,0.131,0.11275497078895569
Touchet_WA_824,2019-07-09,0.117,0.12362038344144821
Touchet_WA_824,2019-07-10,0.104,0.11242274940013885
Touchet_WA_824,2019-07-11,0.092,0.10493438690900803
Touchet_WA_824,2019-07-12,0.086,0.10212501138448715
Touchet_WA_824,2019-07-13,0.074,0.09293856471776962
Touchet_WA_824,2019-07-14,0.063,0.08199242502450943
Touchet_WA_824,2019-07-15,0.054,0.0716521367430687
Touchet_WA_824,2019-07-16,0.049,0.07732942700386047
Touchet_WA_824,2019-07-17,0.039,0.06619659811258316
Touchet_WA_824,2019-07-18,0.035,0.04285268858075142
Touchet_WA_824,2019-07-19,0.03,0.04335147514939308
Touchet_WA_824,2019-07-20,0.026,0.03959783911705017
Touchet_WA_824,2019-07-21,0.023,0.03567375987768173
Touchet_WA_824,2019-07-22,0.018,0.03567375987768173
Touchet_WA_824,2019-07-23,0.017,0.031465016305446625
Touchet_WA_824,2019-07-24,0.015,0.03136974573135376
Touchet_WA_824,2019-07-25,0.01,0.03563555330038071
Touchet_WA_824,2019-07-26,0.009,0.03604086488485336
Touchet_WA_824,2019-07-27,0.01,0.03394674137234688
Touchet_WA_824,2019-07-28,0.007,0.031120959669351578
Touchet_WA_824,2019-07-29,0.007,0.03071564808487892
Touchet_WA_824,2019-07-30,0.005,0.03214119374752045
Touchet_WA_824,2019-07-31,0.005,0.03927572816610336
Touchet_WA_824,2019-08-01,0.004,0.03927572816610336
Touchet_WA_824,2019-08-02,0.001,0.03266603499650955
Touchet_WA_824,2019-08-03,0.001,0.031537849456071854
Touchet_WA_824,2019-08-04,0.0,0.031537849456071854
Touchet_WA_824,2019-08-05,0.0,0.019980795681476593
Touchet_WA_824,2019-08-06,0.0,0.01176230888813734
Touchet_WA_824,2019-08-07,0.0,0.01322515681385994
Touchet_WA_824,2019-08-08,0.0,0.01875288039445877
Touchet_WA_824,2019-08-09,0.0,0.0198080912232399
Touchet_WA_824,2019-08-10,0.0,0.03169213607907295
Touchet_WA_824,2019-08-11,0.0,0.035231903195381165
Touchet_WA_824,2019-08-12,0.01,0.046867504715919495
Touchet_WA_824,2019-08-13,0.019,0.0538545586168766
Touchet_WA_824,2019-08-14,0.021,0.0525943897664547
Touchet_WA_824,2019-08-15,0.02,0.044863615185022354
Touchet_WA_824,2019-08-16,0.017,0.045712217688560486
Touchet_WA_824,2019-08-17,0.011,0.049641188234090805
Touchet_WA_824,2019-08-18,0.008,0.048475123941898346
Touchet_WA_824,2019-08-19,0.006,0.04387804493308067
Touchet_WA_824,2019-08-20,0.0,0.035122305154800415
Touchet_WA_824,2019-08-21,0.0,0.03654679283499718
Touchet_WA_824,2019-08-22,0.0,0.03710085526108742
Touchet_WA_824,2019-08-23,0.0,0.03587488830089569
Touchet_WA_824,2019-08-24,0.0,0.03396175056695938
Touchet_WA_824,2019-08-25,0.0,0.03396175056695938
Touchet_WA_824,2019-08-26,0.0,0.03396175056695938
Touchet_WA_824,2019-08-27,0.0,0.04112087935209274
Touchet_WA_824,2019-08-28,0.0,0.03901392221450806
Touchet_WA_824,2019-08-29,0.0,0.0370270311832428
Touchet_WA_824,2019-08-30,0.0,0.034642066806554794
Touchet_WA_824,2019-08-31,0.0,0.03550390899181366
Touchet_WA_824,2019-09-01,0.0,0.040105465799570084
Touchet_WA_824,2019-09-02,0.0,0.03849918395280838
Touchet_WA_824,2019-09-03,0.0,0.03350745141506195
Touchet_WA_824,2019-09-04,0.0,0.03335803374648094
Touchet_WA_824,2019-09-05,0.0,0.03316040337085724
Touchet_WA_824,2019-09-06,0.0,0.031540557742118835
Touchet_WA_824,2019-09-07,0.0,0.0723792240023613
Touchet_WA_824,2019-09-08,0.0,0.06094778701663017
Touchet_WA_824,2019-09-09,0.11,0.06108689680695534
Touchet_WA_824,2019-09-10,0.123,0.06716372817754745
Touchet_WA_824,2019-09-11,0.169,0.08553878217935562
Touchet_WA_824,2019-09-12,0.135,0.09519434720277786
Touchet_WA_824,2019-09-13,0.121,0.10225389152765274
Touchet_WA_824,2019-09-14,0.104,0.10123002529144287
Touchet_WA_824,2019-09-15,0.098,0.09707576036453247
Touchet_WA_824,2019-09-16,0.085,0.0928640067577362
Touchet_WA_824,2019-09-17,0.074,0.09705797582864761
Touchet_WA_824,2019-09-18,0.08,0.09705797582864761
Touchet_WA_824,2019-09-19,0.163,0.10271239280700684
Touchet_WA_824,2019-09-20,0.16,0.11035086214542389
Touchet_WA_824,2019-09-21,0.146,0.11725331842899323
Touchet_WA_824,2019-09-22,0.136,0.11378772556781769
Touchet_WA_824,2019-09-23,0.125,0.11083097755908966
Touchet_WA_824,2019-09-24,0.132,0.10573117434978485
Touchet_WA_824,2019-09-25,0.124,0.11568684130907059
Touchet_WA_824,2019-09-26,0.116,0.11491023749113083
Touchet_WA_824,2019-09-27,0.111,0.11771633476018906
Touchet_WA_824,2019-09-28,0.106,0.12743045389652252
Touchet_WA_824,2019-09-29,0.104,0.13333271443843842
Touchet_WA_824,2019-09-30,0.115,0.13655175268650055
Touchet_WA_824,2019-10-01,0.124,0.1452108770608902
Touchet_WA_824,2019-10-02,0.13,0.1491031050682068
Touchet_WA_824,2019-10-03,0.168,0.14593707025051117
Touchet_WA_824,2019-10-04,0.195,0.15122568607330322
Touchet_WA_824,2019-10-05,0.225,0.1852864921092987
Touchet_WA_824,2019-10-06,0.247,0.1956101357936859
Touchet_WA_824,2019-10-07,0.216,0.19982139766216278
Touchet_WA_824,2019-10-08,0.193,0.18900641798973083
Touchet_WA_824,2019-10-09,0.242,0.19673065841197968
Touchet_WA_824,2019-10-10,0.214,0.20560212433338165
Touchet_WA_824,2019-10-11,0.211,0.20566406846046448
Touchet_WA_824,2019-10-12,0.224,0.2040533721446991
Touchet_WA_824,2019-10-13,0.242,0.21659494936466217
Touchet_WA_824,2019-10-14,0.276,0.21412526071071625
Touchet_WA_824,2019-10-15,0.247,0.20735463500022888
Touchet_WA_824,2019-10-16,0.224,0.20453694462776184
Touchet_WA_824,2019-10-17,0.208,0.20432604849338531
Touchet_WA_824,2019-10-18,0.23,0.19958892464637756
Touchet_WA_824,2019-10-19,0.221,0.18108141422271729
Touchet_WA_824,2019-10-20,0.207,0.2424890697002411
Touchet_WA_824,2019-10-21,0.202,0.24867025017738342
Touchet_WA_824,2019-10-22,0.196,0.2472349852323532
Touchet_WA_824,2019-10-23,0.28,0.2498943954706192
Touchet_WA_824,2019-10-24,0.257,0.2670731842517853
Touchet_WA_824,2019-10-25,0.249,0.2637021243572235
Touchet_WA_824,2019-10-26,0.293,0.26279833912849426
Touchet_WA_824,2019-10-27,0.259,0.2460126429796219
Touchet_WA_824,2019-10-28,0.235,0.23451945185661316
Touchet_WA_824,2019-10-29,0.214,0.1755661815404892
Touchet_WA_824,2019-10-30,0.188,0.1436368077993393
Touchet_WA_824,2019-10-31,0.159,0.14857156574726105
Touchet_WA_824,2019-11-01,0.147,0.1535121500492096
Touchet_WA_824,2019-11-02,0.105,0.1508493572473526
Touchet_WA_824,2019-11-03,0.123,0.15994027256965637
Touchet_WA_824,2019-11-04,0.159,0.15838967263698578
Touchet_WA_824,2019-11-05,0.197,0.17800520360469818
Touchet_WA_824,2019-11-06,0.223,0.20813250541687012
Touchet_WA_824,2019-11-07,0.209,0.20857104659080505
Touchet_WA_824,2019-11-08,0.195,0.20426979660987854
Touchet_WA_824,2019-11-09,0.204,0.2101784199476242
Touchet_WA_824,2019-11-10,0.252,0.2143835872411728
Touchet_WA_824,2019-11-11,0.317,0.21874774992465973
Touchet_WA_824,2019-11-12,0.272,0.2512674927711487
Touchet_WA_824,2019-11-13,0.304,0.2656673789024353
Touchet_WA_824,2019-11-14,0.282,0.2671651542186737
Touchet_WA_824,2019-11-15,0.267,0.25636085867881775
Touchet_WA_824,2019-11-16,0.332,0.2581472396850586
Touchet_WA_824,2019-11-17,0.301,0.2585684359073639
Touchet_WA_824,2019-11-18,0.328,0.25516277551651
Touchet_WA_824,2019-11-19,0.3,0.25261059403419495
Touchet_WA_824,2019-11-20,0.319,0.24065183103084564
Touchet_WA_824,2019-11-21,0.295,0.24177239835262299
Touchet_WA_824,2019-11-22,0.271,0.24396389722824097
Touchet_WA_824,2019-11-23,0.247,0.24414420127868652
Touchet_WA_824,2019-11-24,0.235,0.24585206806659698
Touchet_WA_824,2019-11-25,0.232,0.2399265021085739
Touchet_WA_824,2019-11-26,0.216,0.17566904425621033
Touchet_WA_824,2019-11-27,0.214,0.21925778687000275
Touchet_WA_824,2019-11-28,0.211,0.20905162394046783
Touchet_WA_824,2019-11-29,0.208,0.2074824720621109
Touchet_WA_824,2019-11-30,0.198,0.20349080860614777
Touchet_WA_824,2019-12-01,0.189,0.20270341634750366
Touchet_WA_824,2019-12-02,0.185,0.20138083398342133
Touchet_WA_824,2019-12-03,0.186,0.19518457353115082
Touchet_WA_824,2019-12-04,0.185,0.16378900408744812
Touchet_WA_824,2019-12-05,0.186,0.16378900408744812
Touchet_WA_824,2019-12-06,0.186,0.16301558911800385
Touchet_WA_824,2019-12-07,0.187,0.15855973958969116
Touchet_WA_824,2019-12-08,0.187,0.16426853835582733
Touchet_WA_824,2019-12-09,0.188,0.16126666963100433
Touchet_WA_824,2019-12-10,0.189,0.16375111043453217
Touchet_WA_824,2019-12-11,0.187,0.16496066749095917
Touchet_WA_824,2019-12-12,0.187,0.16303731501102448
Touchet_WA_824,2019-12-13,0.188,0.157925084233284
Touchet_WA_824,2019-12-14,0.188,0.15588365495204926
Touchet_WA_824,2019-12-15,0.189,0.1535867601633072
Touchet_WA_824,2019-12-16,0.19,0.15395043790340424
Touchet_WA_824,2019-12-17,0.19,0.155570849776268
Touchet_WA_824,2019-12-18,0.188,0.1578620821237564
Touchet_WA_824,2019-12-19,0.188,0.15788832306861877
Touchet_WA_824,2019-12-20,0.187,0.15414483845233917
Touchet_WA_824,2019-12-21,0.187,0.15414483845233917
Touchet_WA_824,2019-12-22,0.188,0.1534137725830078
Touchet_WA_824,2019-12-23,0.187,0.15485648810863495
Touchet_WA_824,2019-12-24,0.189,0.15462875366210938
Touchet_WA_824,2019-12-25,0.189,0.15495331585407257
Touchet_WA_824,2019-12-26,0.189,0.15562240779399872
Touchet_WA_824,2019-12-27,0.188,0.15549679100513458
Touchet_WA_824,2019-12-28,0.186,0.15620970726013184
Touchet_WA_824,2019-12-29,0.185,0.16017769277095795
Touchet_WA_824,2019-12-30,0.185,0.1608809530735016
Touchet_WA_824,2019-12-31,0.186,0.16170313954353333
Touchet_WA_824,2020-01-01,0.186,0.16220934689044952
Touchet_WA_824,2020-01-02,0.189,0.17975255846977234
Touchet_WA_824,2020-01-03,0.191,0.16893570125102997
Touchet_WA_824,2020-01-04,0.19,0.1674242913722992
Touchet_WA_824,2020-01-05,0.191,0.16753065586090088
Touchet_WA_824,2020-01-06,0.191,0.1651802957057953
Touchet_WA_824,2020-01-07,0.191,0.1618960052728653
Touchet_WA_824,2020-01-08,0.192,0.15462271869182587
Touchet_WA_824,2020-01-09,0.192,0.15054214000701904
Touchet_WA_824,2020-01-10,0.192,0.15022961795330048
Touchet_WA_824,2020-01-11,0.193,0.15022961795330048
Touchet_WA_824,2020-01-12,0.193,0.15002912282943726
Touchet_WA_824,2020-01-13,0.193,0.16395214200019836
Touchet_WA_824,2020-01-14,0.193,0.18031319975852966
Touchet_WA_824,2020-01-15,0.193,0.19205036759376526
Touchet_WA_824,2020-01-16,0.192,0.19410860538482666
Touchet_WA_824,2020-01-17,0.193,0.19885052740573883
Touchet_WA_824,2020-01-18,0.193,0.1995706409215927
Touchet_WA_824,2020-01-19,0.194,0.1995706409215927
Touchet_WA_824,2020-01-20,0.194,0.19602470099925995
Touchet_WA_824,2020-01-21,0.194,0.19106192886829376
Touchet_WA_824,2020-01-22,0.194,0.19032680988311768
Touchet_WA_824,2020-01-23,0.193,0.18848669528961182
Touchet_WA_824,2020-01-24,0.195,0.18848669528961182
Touchet_WA_824,2020-01-25,0.195,0.18848669528961182
Touchet_WA_824,2020-01-26,0.196,0.18848669528961182
Touchet_WA_824,2020-01-27,0.195,0.18875910341739655
Touchet_WA_824,2020-01-28,0.195,0.1917729675769806
Touchet_WA_824,2020-01-29,0.196,0.19252537190914154
Touchet_WA_824,2020-01-30,0.196,0.19319084286689758
Touchet_WA_824,2020-01-31,0.197,0.19319084286689758
Touchet_WA_824,2020-02-01,0.198,0.19319084286689758
Touchet_WA_824,2020-02-02,0.197,0.19438199698925018
Touchet_WA_824,2020-02-03,0.199,0.1935223489999771
Touchet_WA_824,2020-02-04,0.199,0.19176577031612396
Touchet_WA_824,2020-02-05,0.199,0.18965166807174683
Touchet_WA_824,2020-02-06,0.2,0.1917668730020523
Touchet_WA_824,2020-02-07,0.201,0.21615460515022278
Touchet_WA_824,2020-02-08,0.213,0.22675058245658875
Touchet_WA_824,2020-02-09,0.214,0.2495274841785431
Touchet_WA_824,2020-02-10,0.216,0.24201734364032745
Touchet_WA_824,2020-02-11,0.215,0.2448451668024063
Touchet_WA_824,2020-02-12,0.214,0.2444581240415573
Touchet_WA_824,2020-02-13,0.215,0.24517229199409485
Touchet_WA_824,2020-02-14,0.216,0.24048495292663574
Touchet_WA_824,2020-02-15,0.215,0.23867568373680115
Touchet_WA_824,2020-02-16,0.214,0.2350045144557953
Touchet_WA_824,2020-02-17,0.215,0.23016123473644257
Touchet_WA_824,2020-02-18,0.215,0.22014817595481873
Touchet_WA_824,2020-02-19,0.215,0.21019971370697021
Touchet_WA_824,2020-02-20,0.214,0.20566315948963165
Touchet_WA_824,2020-02-21,0.215,0.20471538603305817
Touchet_WA_824,2020-02-22,0.215,0.20386289060115814
Touchet_WA_824,2020-02-23,0.214,0.2033517211675644
Touchet_WA_824,2020-02-24,0.214,0.200697660446167
Touchet_WA_824,2020-02-25,0.214,0.20128828287124634
Touchet_WA_824,2020-02-26,0.215,0.20135217905044556
Touchet_WA_824,2020-02-27,0.214,0.20108288526535034
Touchet_WA_824,2020-02-28,0.215,0.19621442258358002
Touchet_WA_824,2020-02-29,0.216,0.19006937742233276
Touchet_WA_824,2020-03-01,0.215,0.20602141320705414
Touchet_WA_824,2020-03-02,0.216,0.21055416762828827
Touchet_WA_824,2020-03-03,0.216,0.18905574083328247
Touchet_WA_824,2020-03-04,0.216,0.189088836312294
Touchet_WA_824,2020-03-05,0.215,0.19687098264694214
Touchet_WA_824,2020-03-06,0.215,0.19945113360881805
Touchet_WA_824,2020-03-07,0.215,0.21052761375904083
Touchet_WA_824,2020-03-08,0.216,0.22350504994392395
Touchet_WA_824,2020-03-09,0.215,0.2198498696088791
Touchet_WA_824,2020-03-10,0.217,0.2019997090101242
Touchet_WA_824,2020-03-11,0.217,0.19710780680179596
Touchet_WA_824,2020-03-12,0.216,0.19729731976985931
Touchet_WA_824,2020-03-13,0.218,0.18202166259288788
Touchet_WA_824,2020-03-14,0.218,0.18125088512897491
Touchet_WA_824,2020-03-15,0.217,0.18084727227687836
Touchet_WA_824,2020-03-16,0.216,0.18996472656726837
Touchet_WA_824,2020-03-17,0.218,0.18982663750648499
Touchet_WA_824,2020-03-18,0.217,0.19053836166858673
Touchet_WA_824,2020-03-19,0.217,0.19350305199623108
Touchet_WA_824,2020-03-20,0.217,0.1990857720375061
Touchet_WA_824,2020-03-21,0.219,0.20207437872886658
Touchet_WA_824,2020-03-22,0.221,0.20667311549186707
Touchet_WA_824,2020-03-23,0.224,0.21393340826034546
Touchet_WA_824,2020-03-24,0.225,0.22964361310005188
Touchet_WA_824,2020-03-25,0.227,0.23046830296516418
Touchet_WA_824,2020-03-26,0.226,0.23175044357776642
Touchet_WA_824,2020-03-27,0.226,0.23788778483867645
Touchet_WA_824,2020-03-28,0.225,0.23695828020572662
Touchet_WA_824,2020-03-29,0.225,0.24153512716293335
Touchet_WA_824,2020-03-30,0.224,0.24007979035377502
Touchet_WA_824,2020-03-31,0.223,0.24161162972450256
Touchet_WA_824,2020-04-01,0.225,0.2187817096710205
Touchet_WA_824,2020-04-02,0.223,0.2162231057882309
Touchet_WA_824,2020-04-03,0.224,0.20913571119308472
Touchet_WA_824,2020-04-04,0.224,0.20228303968906403
Touchet_WA_824,2020-04-05,0.223,0.2035057246685028
Touchet_WA_824,2020-04-06,0.223,0.19020792841911316
Touchet_WA_824,2020-04-07,0.224,0.18290437757968903
Touchet_WA_824,2020-04-08,0.224,0.1824164241552353
Touchet_WA_824,2020-04-09,0.222,0.19354526698589325
Touchet_WA_824,2020-04-10,0.224,0.19532765448093414
Touchet_WA_824,2020-04-11,0.223,0.2000046819448471
Touchet_WA_824,2020-04-12,0.228,0.20263686776161194
Touchet_WA_824,2020-04-13,0.234,0.21442320942878723
Touchet_WA_824,2020-04-14,0.235,0.21770158410072327
Touchet_WA_824,2020-04-15,0.234,0.2274988293647766
Touchet_WA_824,2020-04-16,0.237,0.24619922041893005
Touchet_WA_824,2020-04-17,0.238,0.25406414270401
Touchet_WA_824,2020-04-18,0.241,0.25793230533599854
Touchet_WA_824,2020-04-19,0.252,0.26087474822998047
Touchet_WA_824,2020-04-20,0.262,0.2633884847164154
Touchet_WA_824,2020-04-21,0.27,0.2729473412036896
Touchet_WA_824,2020-04-22,0.277,0.28107208013534546
Touchet_WA_824,2020-04-23,0.281,0.28107208013534546
Touchet_WA_824,2020-04-24,0.302,0.2860724925994873
Touchet_WA_824,2020-04-25,0.292,0.2863360345363617
Touchet_WA_824,2020-04-26,0.292,0.287687748670578
Touchet_WA_824,2020-04-27,0.298,0.2857220470905304
Touchet_WA_824,2020-04-28,0.303,0.28175851702690125
Touchet_WA_824,2020-04-29,0.307,0.287215918302536
Touchet_WA_824,2020-04-30,0.316,0.287215918302536
Touchet_WA_824,2020-05-01,0.323,0.28247788548469543
Touchet_WA_824,2020-05-02,0.327,0.28157252073287964
Touchet_WA_824,2020-05-03,0.333,0.2808983325958252
Touchet_WA_824,2020-05-04,0.313,0.2874711751937866
Touchet_WA_824,2020-05-05,0.331,0.28736650943756104
Touchet_WA_824,2020-05-06,0.339,0.290129154920578
Touchet_WA_824,2020-05-07,0.321,0.29069972038269043
Touchet_WA_824,2020-05-08,0.332,0.293273001909256
Touchet_WA_824,2020-05-09,0.343,0.29383909702301025
Touchet_WA_824,2020-05-10,0.346,0.2944478392601013
Touchet_WA_824,2020-05-11,0.347,0.295926034450531
Touchet_WA_824,2020-05-12,0.346,0.295926034450531
Touchet_WA_824,2020-05-13,0.344,0.29939135909080505
Touchet_WA_824,2020-05-14,0.346,0.30035409331321716
Touchet_WA_824,2020-05-15,0.332,0.30278852581977844
Touchet_WA_824,2020-05-16,0.343,0.301426500082016
Touchet_WA_824,2020-05-17,0.345,0.301426500082016
Touchet_WA_824,2020-05-18,0.335,0.2962186336517334
Touchet_WA_824,2020-05-19,0.313,0.29740017652511597
Touchet_WA_824,2020-05-20,0.31,0.29769620299339294
Touchet_WA_824,2020-05-21,0.354,0.30483824014663696
Touchet_WA_824,2020-05-22,0.323,0.30484405159950256
Touchet_WA_824,2020-05-23,0.31,0.3106951415538788
Touchet_WA_824,2020-05-24,0.291,0.31225281953811646
Touchet_WA_824,2020-05-25,0.274,0.30577465891838074
Touchet_WA_824,2020-05-26,0.291,0.2934097945690155
Touchet_WA_824,2020-05-27,0.27,0.28280994296073914
Touchet_WA_824,2020-05-28,0.252,0.27656498551368713
Touchet_WA_824,2020-05-29,0.244,0.2789978086948395
Touchet_WA_824,2020-05-30,0.236,0.276152104139328
Touchet_WA_824,2020-05-31,0.229,0.2733159065246582
Touchet_WA_824,2020-06-01,0.246,0.2640063166618347
Touchet_WA_824,2020-06-02,0.235,0.27590876817703247
Touchet_WA_824,2020-06-03,0.222,0.26167985796928406
Touchet_WA_824,2020-06-04,0.215,0.23906131088733673
Touchet_WA_824,2020-06-05,0.208,0.2443673312664032
Touchet_WA_824,2020-06-06,0.214,0.25635653734207153
Touchet_WA_824,2020-06-07,0.229,0.2520720660686493
Touchet_WA_824,2020-06-08,0.222,0.24563390016555786
Touchet_WA_824,2020-06-09,0.26,0.2666158378124237
Touchet_WA_824,2020-06-10,0.289,0.2736882269382477
Touchet_WA_824,2020-06-11,0.256,0.2571783661842346
Touchet_WA_824,2020-06-12,0.24,0.2557392418384552
Touchet_WA_824,2020-06-13,0.228,0.25758129358291626
Touchet_WA_824,2020-06-14,0.322,0.2635454535484314
Touchet_WA_824,2020-06-15,0.301,0.2550938129425049
Touchet_WA_824,2020-06-16,0.313,0.26116782426834106
Touchet_WA_824,2020-06-17,0.289,0.2591060400009155
Touchet_WA_824,2020-06-18,0.264,0.26847657561302185
Touchet_WA_824,2020-06-19,0.247,0.2711764872074127
Touchet_WA_824,2020-06-20,0.236,0.2711631953716278
Touchet_WA_824,2020-06-21,0.233,0.2590392231941223
Touchet_WA_824,2020-06-22,0.221,0.24072138965129852
Touchet_WA_824,2020-06-23,0.205,0.21050481498241425
Touchet_WA_824,2020-06-24,0.193,0.18335415422916412
Touchet_WA_824,2020-06-25,0.184,0.17488905787467957
Touchet_WA_824,2020-06-26,0.169,0.14463022351264954
Touchet_WA_824,2020-06-27,0.157,0.14393655955791473
Touchet_WA_824,2020-06-28,0.146,0.14180782437324524
Touchet_WA_824,2020-06-29,0.147,0.14348827302455902
Touchet_WA_824,2020-06-30,0.17,0.17759570479393005
Touchet_WA_824,2020-07-01,0.165,0.18154048919677734
Touchet_WA_824,2020-07-02,0.159,0.18154048919677734
Touchet_WA_824,2020-07-03,0.149,0.17674298584461212
Touchet_WA_824,2020-07-04,0.14,0.15066908299922943
Touchet_WA_824,2020-07-05,0.125,0.15082630515098572
Touchet_WA_824,2020-07-06,0.113,0.13240312039852142
Touchet_WA_824,2020-07-07,0.099,0.1149764135479927
Touchet_WA_824,2020-07-08,0.133,0.11182595044374466
Touchet_WA_824,2020-07-09,0.115,0.10281406342983246
Touchet_WA_824,2020-07-10,0.1,0.10316774249076843
Touchet_WA_824,2020-07-11,0.103,0.0982864648103714
Touchet_WA_824,2020-07-12,0.092,0.0982864648103714
Touchet_WA_824,2020-07-13,0.076,0.09040787816047668
Touchet_WA_824,2020-07-14,0.067,0.08100531250238419
Touchet_WA_824,2020-07-15,0.054,0.07531517744064331
Touchet_WA_824,2020-07-16,0.044,0.05577104166150093
Touchet_WA_824,2020-07-17,0.036,0.04123742878437042
Touchet_WA_824,2020-07-18,0.028,0.03221822902560234
Touchet_WA_824,2020-07-19,0.024,0.027608947828412056
Touchet_WA_824,2020-07-20,0.021,0.014176150783896446
Touchet_WA_824,2020-07-21,0.017,0.020658161491155624
Touchet_WA_824,2020-07-22,0.016,0.023008178919553757
Touchet_WA_824,2020-07-23,0.013,0.02247176691889763
Touchet_WA_824,2020-07-24,0.011,0.021342754364013672
Touchet_WA_824,2020-07-25,0.007,0.020192429423332214
Touchet_WA_824,2020-07-26,0.01,0.021681509912014008
Touchet_WA_824,2020-07-27,0.009,0.019992776215076447
Touchet_WA_824,2020-07-28,0.011,0.014208463951945305
Touchet_WA_824,2020-07-29,0.004,0.014208463951945305
Touchet_WA_824,2020-07-30,0.007,0.013492359779775143
Touchet_WA_824,2020-07-31,0.006,0.008877120912075043
Touchet_WA_824,2020-08-01,0.003,0.007388037629425526
Touchet_WA_824,2020-08-02,0.004,0.007388037629425526
Touchet_WA_824,2020-08-03,0.004,0.007388037629425526
Touchet_WA_824,2020-08-04,0.003,0.007388037629425526
Touchet_WA_824,2020-08-05,0.001,0.007388037629425526
Touchet_WA_824,2020-08-06,0.0,0.007487322203814983
Touchet_WA_824,2020-08-07,0.0,0.014584931544959545
Touchet_WA_824,2020-08-08,0.0,0.01888148859143257
Touchet_WA_824,2020-08-09,0.0,0.017716700211167336
Touchet_WA_824,2020-08-10,0.0,0.019313711673021317
Touchet_WA_824,2020-08-11,0.0,0.017881453037261963
Touchet_WA_824,2020-08-12,0.0,0.017881453037261963
Touchet_WA_824,2020-08-13,0.0,0.017324106767773628
Touchet_WA_824,2020-08-14,0.0,0.01245959009975195
Touchet_WA_824,2020-08-15,0.0,0.014814087189733982
Touchet_WA_824,2020-08-16,0.0,0.01449629757553339
Touchet_WA_824,2020-08-17,0.0,0.012241085059940815
Touchet_WA_824,2020-08-18,0.0,0.012241085059940815
Touchet_WA_824,2020-08-19,0.0,0.013703932985663414
Touchet_WA_824,2020-08-20,0.0,0.021794937551021576
Touchet_WA_824,2020-08-21,0.0,0.022249847650527954
Touchet_WA_824,2020-08-22,0.0,0.02313891611993313
Touchet_WA_824,2020-08-23,0.0,0.02313891611993313
Touchet_WA_824,2020-08-24,0.0,0.02279770001769066
Touchet_WA_824,2020-08-25,0.0,0.01995035447180271
Touchet_WA_824,2020-08-26,0.0,0.01975272409617901
Touchet_WA_824,2020-08-27,0.0,0.02044331468641758
Touchet_WA_824,2020-08-28,0.0,0.01927206479012966
Touchet_WA_824,2020-08-29,0.0,0.017840227112174034
Touchet_WA_824,2020-08-30,0.0,0.017281092703342438
Touchet_WA_824,2020-08-31,0.0,0.023194199427962303
Touchet_WA_824,2020-09-01,0.0,0.02040191739797592
Touchet_WA_824,2020-09-02,0.0,0.013288741931319237
Touchet_WA_824,2020-09-03,0.0,0.013123536482453346
Touchet_WA_824,2020-09-04,0.0,0.012780291959643364
Touchet_WA_824,2020-09-05,0.0,0.012780291959643364
Touchet_WA_824,2020-09-06,0.0,0.012538286857306957
Touchet_WA_824,2020-09-07,0.0,0.011825894005596638
Touchet_WA_824,2020-09-08,0.0,0.011323741637170315
Touchet_WA_824,2020-09-09,0.0,0.012443345971405506
Touchet_WA_824,2020-09-10,0.0,0.016798367723822594
Touchet_WA_824,2020-09-11,0.0,0.01969265379011631
Touchet_WA_824,2020-09-12,0.0,0.019633779302239418
Touchet_WA_824,2020-09-13,0.0,0.017580540850758553
Touchet_WA_824,2020-09-14,0.0,0.016892509534955025
Touchet_WA_824,2020-09-15,0.0,0.016892509534955025
Touchet_WA_824,2020-09-16,0.0,0.017138101160526276
Touchet_WA_824,2020-09-17,0.0,0.021691253408789635
Touchet_WA_824,2020-09-18,0.0,0.022526541724801064
Touchet_WA_824,2020-09-19,0.0,0.026972012594342232
Touchet_WA_824,2020-09-20,0.07,0.06781503558158875
Touchet_WA_824,2020-09-21,0.062,0.0451330691576004
Touchet_WA_824,2020-09-22,0.047,0.059531502425670624
Touchet_WA_824,2020-09-23,0.032,0.06692003458738327
Touchet_WA_824,2020-09-24,0.02,0.07432661205530167
Touchet_WA_824,2020-09-25,0.131,0.08903984725475311
Touchet_WA_824,2020-09-26,0.113,0.08797375112771988
Touchet_WA_824,2020-09-27,0.191,0.09117879718542099
Touchet_WA_824,2020-09-28,0.165,0.08610263466835022
Touchet_WA_824,2020-09-29,0.149,0.07892799377441406
Touchet_WA_824,2020-09-30,0.138,0.09443120658397675
Touchet_WA_824,2020-10-01,0.126,0.0867980420589447
Touchet_WA_824,2020-10-02,0.12,0.0783718153834343
Touchet_WA_824,2020-10-03,0.11,0.07887931168079376
Touchet_WA_824,2020-10-04,0.103,0.0747794657945633
Touchet_WA_824,2020-10-05,0.097,0.07202645391225815
Touchet_WA_824,2020-10-06,0.09,0.07509086281061172
Touchet_WA_824,2020-10-07,0.083,0.06748741120100021
Touchet_WA_824,2020-10-08,0.079,0.06458733230829239
Touchet_WA_824,2020-10-09,0.072,0.05411770939826965
Touchet_WA_824,2020-10-10,0.07,0.03307967260479927
Touchet_WA_824,2020-10-11,0.307,0.0808924213051796
Touchet_WA_824,2020-10-12,0.312,0.09228084236383438
Touchet_WA_824,2020-10-13,0.259,0.11815806478261948
Touchet_WA_824,2020-10-14,0.314,0.148187056183815
Touchet_WA_824,2020-10-15,0.247,0.16455616056919098
Touchet_WA_824,2020-10-16,0.223,0.157947838306427
Touchet_WA_824,2020-10-17,0.204,0.14431284368038177
Touchet_WA_824,2020-10-18,0.194,0.14716140925884247
Touchet_WA_824,2020-10-19,0.216,0.14491091668605804
Touchet_WA_824,2020-10-20,0.197,0.14958497881889343
Touchet_WA_824,2020-10-21,0.186,0.16301269829273224
Touchet_WA_824,2020-10-22,0.18,0.16798155009746552
Touchet_WA_824,2020-10-23,0.185,0.17386601865291595
Touchet_WA_824,2020-10-24,0.155,0.19460906088352203
Touchet_WA_824,2020-10-25,0.277,0.207638218998909
Touchet_WA_824,2020-10-26,0.239,0.20251800119876862
Touchet_WA_824,2020-10-27,0.212,0.20894348621368408
Touchet_WA_824,2020-10-28,0.231,0.2077983021736145
