station_id,date,y_true,y_pred
Darrington,2017-01-11,0.329,0.34022995829582214
Darrington,2017-01-12,0.327,0.33639639616012573
Darrington,2017-01-13,0.365,0.3399246037006378
Darrington,2017-01-14,0.39,0.3464958071708679
Darrington,2017-01-15,0.388,0.35137954354286194
Darrington,2017-01-21,0.436,0.3553194999694824
Darrington,2017-01-22,0.437,0.3508431017398834
Darrington,2017-01-23,0.424,0.3886450529098511
Darrington,2017-01-25,0.406,0.38731294870376587
Darrington,2017-01-26,0.42,0.3886905610561371
Darrington,2017-01-27,0.417,0.38509365916252136
Darrington,2017-01-28,0.409,0.383252888917923
Darrington,2017-01-29,0.42,0.38590165972709656
Darrington,2017-01-30,0.439,0.39152270555496216
Darrington,2017-01-31,0.43,0.35576510429382324
Darrington,2017-03-01,0.376,0.3491717576980591
Darrington,2017-03-02,0.364,0.3594266176223755
Darrington,2017-03-03,0.389,0.34846508502960205
Darrington,2017-03-04,0.358,0.348116010427475
Darrington,2017-03-05,0.351,0.3416654169559479
Darrington,2017-03-06,0.358,0.3555511236190796
Darrington,2017-03-07,0.352,0.34736233949661255
Darrington,2017-03-08,0.366,0.3579677939414978
Darrington,2017-03-09,0.377,0.3692269027233124
Darrington,2017-03-10,0.383,0.37090569734573364
Darrington,2017-03-11,0.378,0.36282819509506226
Darrington,2017-03-12,0.391,0.36645612120628357
Darrington,2017-03-13,0.407,0.35258254408836365
Darrington,2017-03-14,0.385,0.3697332739830017
Darrington,2017-03-15,0.382,0.36714741587638855
Darrington,2017-03-16,0.36,0.3630487322807312
Darrington,2017-03-17,0.356,0.36454537510871887
Darrington,2017-03-18,0.384,0.36561325192451477
Darrington,2017-03-19,0.345,0.3523664176464081
Darrington,2017-03-20,0.331,0.35674697160720825
Darrington,2017-03-21,0.34,0.3406839966773987
Darrington,2017-03-22,0.365,0.34627848863601685
Darrington,2017-03-23,0.352,0.3448064923286438
Darrington,2017-03-24,0.382,0.3618563413619995
Darrington,2017-03-25,0.372,0.36026373505592346
Darrington,2017-03-26,0.36,0.35296276211738586
Darrington,2017-03-27,0.367,0.36870476603507996
Darrington,2017-03-28,0.39,0.36958789825439453
Darrington,2017-03-29,0.397,0.3737339675426483
Darrington,2017-03-30,0.369,0.3714148998260498
Darrington,2017-03-31,0.347,0.3529975116252899
Darrington,2017-04-01,0.362,0.3637557029724121
Darrington,2017-04-02,0.363,0.3489806354045868
Darrington,2017-04-03,0.352,0.32510992884635925
Darrington,2017-04-04,0.336,0.3276984691619873
Darrington,2017-04-05,0.379,0.3348478376865387
Darrington,2017-04-06,0.363,0.3302943706512451
Darrington,2017-04-07,0.377,0.33692771196365356
Darrington,2017-04-08,0.366,0.34356239438056946
Darrington,2017-04-09,0.35,0.3333269953727722
Darrington,2017-04-10,0.362,0.33651262521743774
Darrington,2017-04-11,0.35,0.3356781601905823
Darrington,2017-04-12,0.342,0.33635514974594116
Darrington,2017-04-13,0.364,0.33377325534820557
Darrington,2017-04-14,0.359,0.32420873641967773
Darrington,2017-04-15,0.35,0.32105764746665955
Darrington,2017-04-16,0.329,0.31324589252471924
Darrington,2017-04-17,0.332,0.336051881313324
Darrington,2017-04-18,0.358,0.3387402296066284
Darrington,2017-04-19,0.341,0.3370189666748047
Darrington,2017-04-20,0.367,0.3433736264705658
Darrington,2017-04-21,0.341,0.33705464005470276
Darrington,2017-04-22,0.33,0.332515150308609
Darrington,2017-04-23,0.341,0.3367546796798706
Darrington,2017-04-24,0.347,0.3258601725101471
Darrington,2017-04-25,0.329,0.32266366481781006
Darrington,2017-04-26,0.371,0.3282415568828583
Darrington,2017-04-27,0.36,0.3270094096660614
Darrington,2017-04-28,0.34,0.3203318417072296
Darrington,2017-04-29,0.348,0.32862353324890137
Darrington,2017-04-30,0.359,0.326469361782074
Darrington,2017-05-01,0.339,0.3214031159877777
Darrington,2017-05-02,0.323,0.3136291801929474
Darrington,2017-05-03,0.357,0.3221781253814697
Darrington,2017-05-04,0.348,0.32068079710006714
Darrington,2017-05-05,0.374,0.3248777687549591
Darrington,2017-05-06,0.366,0.32334792613983154
Darrington,2017-05-07,0.338,0.31194064021110535
Darrington,2017-05-08,0.324,0.28464382886886597
Darrington,2017-05-09,0.307,0.27184274792671204
Darrington,2017-05-10,0.284,0.27489545941352844
Darrington,2017-05-11,0.293,0.29351916909217834
Darrington,2017-05-12,0.322,0.30064383149147034
Darrington,2017-05-13,0.308,0.2779655158519745
Darrington,2017-05-14,0.295,0.2889631688594818
Darrington,2017-05-15,0.31,0.3077324628829956
Darrington,2017-05-16,0.373,0.32168862223625183
Darrington,2017-05-17,0.346,0.31534543633461
Darrington,2017-05-18,0.32,0.3013053834438324
Darrington,2017-05-19,0.294,0.2924434244632721
Darrington,2017-05-20,0.281,0.2685019075870514
Darrington,2017-05-21,0.261,0.2558586597442627
Darrington,2017-05-22,0.236,0.22684958577156067
Darrington,2017-05-23,0.212,0.20115157961845398
Darrington,2017-05-24,0.205,0.20284661650657654
Darrington,2017-05-25,0.202,0.19842317700386047
Darrington,2017-05-26,0.189,0.19476453959941864
Darrington,2017-05-27,0.174,0.1969199925661087
Darrington,2017-05-28,0.155,0.17436213791370392
Darrington,2017-05-29,0.136,0.14402011036872864
Darrington,2017-05-30,0.125,0.14574109017848969
Darrington,2017-05-31,0.128,0.13817135989665985
Darrington,2017-06-01,0.13,0.14711721241474152
Darrington,2017-06-02,0.133,0.14259278774261475
Darrington,2017-06-03,0.13,0.14192639291286469
Darrington,2017-06-04,0.124,0.13613170385360718
Darrington,2017-06-05,0.117,0.1406175196170807
Darrington,2017-06-06,0.109,0.10904756188392639
Darrington,2017-06-07,0.102,0.08885391056537628
Darrington,2017-06-08,0.116,0.15278786420822144
Darrington,2017-06-09,0.142,0.1558907926082611
Darrington,2017-06-10,0.138,0.15526306629180908
Darrington,2017-06-11,0.135,0.1576567441225052
Darrington,2017-06-12,0.13,0.14395834505558014
Darrington,2017-06-13,0.127,0.14157579839229584
Darrington,2017-06-14,0.132,0.1359063684940338
Darrington,2017-06-15,0.15,0.17413584887981415
Darrington,2017-06-16,0.187,0.19041498005390167
Darrington,2017-06-17,0.179,0.1864839792251587
Darrington,2017-06-18,0.177,0.1985127329826355
Darrington,2017-06-19,0.178,0.17462168633937836
Darrington,2017-06-20,0.174,0.17303170263767242
Darrington,2017-06-21,0.165,0.16268090903759003
Darrington,2017-06-22,0.153,0.15812677145004272
Darrington,2017-06-23,0.138,0.14100493490695953
Darrington,2017-06-24,0.123,0.13060560822486877
Darrington,2017-06-25,0.11,0.10527310520410538
Darrington,2017-06-26,0.102,0.10747607797384262
Darrington,2017-06-27,0.096,0.10590644925832748
Darrington,2017-06-28,0.091,0.0927339643239975
Darrington,2017-06-29,0.088,0.08787386119365692
Darrington,2017-06-30,0.083,0.07927154749631882
Darrington,2017-07-01,0.079,0.07657795399427414
Darrington,2017-07-02,0.076,0.07474368065595627
Darrington,2017-07-03,0.074,0.07545596361160278
Darrington,2017-07-04,0.071,0.07268647849559784
Darrington,2017-07-05,0.069,0.07376451790332794
Darrington,2017-07-06,0.067,0.07015287131071091
Darrington,2017-07-07,0.064,0.07057882100343704
Darrington,2017-07-08,0.063,0.05827311426401138
Darrington,2017-07-09,0.06,0.05634027719497681
Darrington,2017-07-10,0.059,0.05682453513145447
Darrington,2017-07-11,0.058,0.0578625351190567
Darrington,2017-07-12,0.056,0.07000827044248581
Darrington,2017-07-13,0.055,0.06363019347190857
Darrington,2017-07-14,0.054,0.060933668166399
Darrington,2017-07-15,0.052,0.05967314913868904
Darrington,2017-07-16,0.05,0.07075425237417221
Darrington,2017-07-17,0.049,0.07113000750541687
Darrington,2017-07-18,0.048,0.037085916846990585
Darrington,2017-07-19,0.046,0.01551598496735096
Darrington,2017-07-20,0.045,0.044288914650678635
Darrington,2017-07-21,0.044,0.05333899334073067
Darrington,2017-07-22,0.045,0.05221526324748993
Darrington,2017-07-23,0.044,0.043800801038742065
Darrington,2017-07-24,0.043,0.0455632247030735
Darrington,2017-07-25,0.042,0.046772830188274384
Darrington,2017-07-26,0.04,0.04460984840989113
Darrington,2017-07-27,0.038,0.044204238802194595
Darrington,2017-07-28,0.037,0.04046354815363884
Darrington,2017-07-29,0.036,0.035793960094451904
Darrington,2017-07-30,0.035,0.0336182527244091
Darrington,2017-07-31,0.034,0.03020920418202877
Darrington,2017-08-01,0.034,0.028054149821400642
Darrington,2017-08-02,0.033,0.030344722792506218
Darrington,2017-08-03,0.032,0.023503432050347328
Darrington,2017-08-04,0.031,0.023580757901072502
Darrington,2017-08-05,0.032,0.020869694650173187
Darrington,2017-08-06,0.031,0.018383240327239037
Darrington,2017-08-07,0.031,0.024058813229203224
Darrington,2017-08-08,0.03,0.023259177803993225
Darrington,2017-08-09,0.03,0.023822253569960594
Darrington,2017-08-10,0.03,0.023331141099333763
Darrington,2017-08-11,0.029,0.02313542179763317
Darrington,2017-08-12,0.027,0.022450290620326996
Darrington,2017-08-13,0.029,0.030987467616796494
Darrington,2017-08-14,0.029,0.023216793313622475
Darrington,2017-08-15,0.03,0.021556347608566284
Darrington,2017-08-16,0.03,0.02522306889295578
Darrington,2017-08-17,0.03,0.02419857680797577
Darrington,2017-08-18,0.029,0.030507070943713188
Darrington,2017-08-19,0.028,0.032104864716529846
Darrington,2017-08-20,0.027,0.02849768102169037
Darrington,2017-08-21,0.025,0.022392185404896736
Darrington,2017-08-22,0.026,0.019276250153779984
Darrington,2017-08-23,0.026,0.01819489523768425
Darrington,2017-08-24,0.025,0.023456286638975143
Darrington,2017-08-25,0.024,0.02483256347477436
Darrington,2017-08-26,0.024,0.02029263786971569
Darrington,2017-08-27,0.024,0.014724493026733398
Darrington,2017-08-28,0.023,0.014019478112459183
Darrington,2017-08-29,0.023,0.01110049244016409
Darrington,2017-08-30,0.023,0.011844310909509659
Darrington,2017-08-31,0.024,0.01741718500852585
Darrington,2017-09-01,0.024,0.012593506835401058
Darrington,2017-09-02,0.024,0.013955606147646904
Darrington,2017-09-03,0.023,0.01306983269751072
Darrington,2017-09-04,0.023,0.014377825893461704
Darrington,2017-09-05,0.023,0.013217596337199211
Darrington,2017-09-06,0.022,0.011970321647822857
Darrington,2017-09-07,0.022,0.01191692054271698
Darrington,2017-09-08,0.023,0.010101016610860825
Darrington,2017-09-09,0.023,0.019905580207705498
Darrington,2017-09-10,0.024,0.023663455620408058
Darrington,2017-09-11,0.025,0.019801106303930283
Darrington,2017-09-12,0.026,0.02117956429719925
Darrington,2017-09-13,0.027,0.02058454416692257
Darrington,2017-09-14,0.025,0.022299684584140778
Darrington,2017-09-15,0.024,0.018995819613337517
Darrington,2017-09-16,0.024,0.02224120683968067
Darrington,2017-09-17,0.023,0.051872119307518005
Darrington,2017-09-18,0.028,0.0755523219704628
Darrington,2017-09-19,0.062,0.10560495406389236
Darrington,2017-09-20,0.107,0.12129997462034225
Darrington,2017-09-21,0.124,0.12406337261199951
Darrington,2017-09-22,0.123,0.12570394575595856
Darrington,2017-09-23,0.122,0.11973543465137482
Darrington,2017-09-24,0.12,0.11683311313390732
Darrington,2017-09-25,0.12,0.11340868473052979
Darrington,2017-09-26,0.118,0.1110624149441719
Darrington,2017-09-27,0.117,0.10458178073167801
Darrington,2017-09-28,0.115,0.1051308736205101
Darrington,2017-09-29,0.116,0.12066490948200226
Darrington,2017-09-30,0.149,0.13578757643699646
Darrington,2017-10-01,0.166,0.13734406232833862
Darrington,2017-10-02,0.161,0.13258962333202362
Darrington,2017-10-03,0.153,0.1261393129825592
Darrington,2017-10-04,0.147,0.11891915649175644
Darrington,2017-10-05,0.144,0.1124197319149971
Darrington,2017-10-06,0.151,0.13648071885108948
Darrington,2017-10-07,0.195,0.15364214777946472
Darrington,2017-10-08,0.199,0.18389804661273956
Darrington,2017-10-09,0.19,0.19911833107471466
Darrington,2017-10-10,0.187,0.20140329003334045
Darrington,2017-10-11,0.186,0.18865805864334106
Darrington,2017-10-12,0.2,0.18954229354858398
Darrington,2017-10-13,0.23,0.2043784260749817
Darrington,2017-10-14,0.221,0.19985370337963104
Darrington,2017-10-15,0.212,0.19077648222446442
Darrington,2017-10-16,0.211,0.2179393768310547
Darrington,2017-10-17,0.246,0.24800929427146912
Darrington,2017-10-18,0.264,0.2724202871322632
Darrington,2017-10-19,0.277,0.276713103055954
Darrington,2017-10-20,0.278,0.2815653383731842
Darrington,2017-10-21,0.284,0.28297731280326843
Darrington,2017-10-22,0.289,0.28187239170074463
Darrington,2017-10-23,0.261,0.26564842462539673
Darrington,2017-10-24,0.244,0.25837427377700806
Darrington,2017-10-25,0.26,0.2735166847705841
Darrington,2017-10-26,0.251,0.24525003135204315
Darrington,2017-10-27,0.24,0.2421683818101883
Darrington,2017-10-28,0.235,0.24405209720134735
Darrington,2017-10-29,0.23,0.2373800426721573
Darrington,2017-10-31,0.223,0.22083574533462524
Darrington,2017-11-01,0.228,0.2328423410654068
Darrington,2017-11-02,0.258,0.25621384382247925
Darrington,2017-11-03,0.258,0.25748276710510254
Darrington,2017-11-04,0.244,0.2645244300365448
Darrington,2017-11-05,0.237,0.27070534229278564
Darrington,2017-11-06,0.231,0.25514107942581177
Darrington,2017-11-07,0.228,0.240139901638031
Darrington,2017-11-08,0.227,0.23614810407161713
Darrington,2017-11-09,0.24,0.25996875762939453
Darrington,2017-11-10,0.265,0.2579292058944702
Darrington,2017-11-11,0.249,0.2607203722000122
Darrington,2017-11-12,0.28,0.2866087257862091
Darrington,2017-11-13,0.297,0.2933904230594635
Darrington,2017-11-14,0.283,0.30289193987846375
Darrington,2017-11-15,0.291,0.3040589690208435
Darrington,2017-11-16,0.281,0.3043595850467682
Darrington,2017-11-17,0.283,0.298723042011261
Darrington,2017-11-18,0.266,0.29245585203170776
Darrington,2017-11-19,0.274,0.29557928442955017
Darrington,2017-11-20,0.296,0.30091068148612976
Darrington,2017-11-21,0.302,0.2991298735141754
Darrington,2017-11-22,0.314,0.3015291094779968
Darrington,2017-11-23,0.304,0.2997594475746155
Darrington,2017-11-24,0.293,0.29925885796546936
Darrington,2017-11-25,0.28,0.2985767424106598
Darrington,2017-11-26,0.315,0.2992880046367645
Darrington,2017-11-27,0.298,0.2938404679298401
Darrington,2017-11-28,0.302,0.30263200402259827
Darrington,2017-11-29,0.293,0.30148544907569885
Darrington,2017-11-30,0.298,0.29813605546951294
Darrington,2017-12-01,0.297,0.3030628561973572
Darrington,2017-12-02,0.294,0.2987121343612671
Darrington,2017-12-03,0.286,0.2991669476032257
Darrington,2017-12-04,0.266,0.28344711661338806
Darrington,2017-12-05,0.258,0.2772712707519531
Darrington,2017-12-06,0.253,0.264388769865036
Darrington,2017-12-07,0.251,0.2594461143016815
Darrington,2017-12-08,0.248,0.25681886076927185
Darrington,2017-12-09,0.246,0.25369998812675476
Darrington,2017-12-10,0.244,0.2533803880214691
Darrington,2017-12-11,0.241,0.2501247823238373
Darrington,2017-12-12,0.239,0.2482636272907257
Darrington,2017-12-13,0.239,0.24972814321517944
Darrington,2017-12-14,0.238,0.24999363720417023
Darrington,2017-12-15,0.259,0.262906014919281
Darrington,2017-12-16,0.275,0.2716638147830963
Darrington,2017-12-17,0.314,0.299953818321228
Darrington,2017-12-18,0.305,0.29820331931114197
Darrington,2017-12-19,0.322,0.30399295687675476
Darrington,2017-12-20,0.286,0.30031120777130127
Darrington,2017-12-21,0.261,0.29781171679496765
Darrington,2017-12-22,0.263,0.2932424247264862
Darrington,2017-12-23,0.269,0.2691305875778198
Darrington,2017-12-24,0.286,0.27283647656440735
Darrington,2017-12-25,0.268,0.2745802700519562
Darrington,2017-12-26,0.255,0.26874324679374695
Darrington,2017-12-27,0.257,0.26818057894706726
Darrington,2017-12-28,0.322,0.29263752698898315
Darrington,2017-12-29,0.328,0.3038071393966675
Darrington,2017-12-30,0.312,0.30261608958244324
Darrington,2017-12-31,0.282,0.2858083248138428
Darrington,2018-01-01,0.306,0.2858109772205353
Darrington,2018-01-02,0.285,0.28096330165863037
Darrington,2018-01-03,0.265,0.2643487751483917
Darrington,2018-01-04,0.263,0.2695028781890869
Darrington,2018-01-05,0.306,0.286842405796051
Darrington,2018-01-06,0.296,0.28654247522354126
Darrington,2018-01-07,0.299,0.29019099473953247
Darrington,2018-01-08,0.297,0.3006519675254822
Darrington,2018-01-09,0.31,0.3036091923713684
Darrington,2018-01-10,0.298,0.30416765809059143
Darrington,2018-01-11,0.318,0.3104066848754883
Darrington,2018-01-12,0.319,0.30981874465942383
Darrington,2018-01-13,0.3,0.3092977702617645
Darrington,2018-01-14,0.273,0.29230496287345886
Darrington,2018-01-15,0.265,0.29145506024360657
Darrington,2018-01-16,0.298,0.2968307435512543
Darrington,2018-01-17,0.301,0.2986254096031189
Darrington,2018-01-18,0.315,0.30767878890037537
Darrington,2018-01-19,0.299,0.3061535060405731
Darrington,2018-01-20,0.304,0.3083004355430603
Darrington,2018-01-21,0.309,0.3076310157775879
Darrington,2018-01-22,0.311,0.30088287591934204
Darrington,2018-01-23,0.312,0.3041498363018036
Darrington,2018-01-24,0.317,0.30370035767555237
Darrington,2018-01-25,0.299,0.30220532417297363
Darrington,2018-01-26,0.298,0.3041130006313324
Darrington,2018-01-27,0.318,0.30404558777809143
Darrington,2018-01-28,0.304,0.30432480573654175
Darrington,2018-01-29,0.327,0.31312546133995056
Darrington,2018-01-30,0.307,0.3114076852798462
Darrington,2018-01-31,0.315,0.3158651888370514
Darrington,2018-02-01,0.321,0.31201204657554626
Darrington,2018-02-02,0.329,0.3120030164718628
Darrington,2018-02-03,0.329,0.3111055791378021
Darrington,2018-02-04,0.337,0.3153468370437622
Darrington,2018-02-05,0.317,0.30792200565338135
Darrington,2018-02-06,0.31,0.30569157004356384
Darrington,2018-02-07,0.318,0.30140766501426697
Darrington,2018-02-08,0.323,0.29439935088157654
Darrington,2018-02-09,0.294,0.2835051417350769
Darrington,2018-02-10,0.278,0.27707433700561523
Darrington,2018-02-11,0.268,0.2722591161727905
Darrington,2018-02-12,0.259,0.27538689970970154
Darrington,2018-02-13,0.252,0.2779026925563812
Darrington,2018-02-14,0.264,0.28498128056526184
Darrington,2018-02-15,0.286,0.2875502407550812
Darrington,2018-02-16,0.316,0.2934090495109558
Darrington,2018-02-17,0.323,0.31166893243789673
Darrington,2018-02-18,0.3,0.3051700294017792
Darrington,2018-02-19,0.286,0.2822583019733429
Darrington,2018-03-16,0.268,0.2690672278404236
Darrington,2018-03-17,0.267,0.26511329412460327
Darrington,2018-03-18,0.281,0.2657288908958435
Darrington,2018-03-19,0.268,0.2654927968978882
Darrington,2018-03-20,0.26,0.27197569608688354
Darrington,2018-03-21,0.255,0.2567334473133087
Darrington,2018-03-22,0.288,0.2722714841365814
Darrington,2018-03-23,0.293,0.28379085659980774
Darrington,2018-03-24,0.295,0.291790634393692
Darrington,2018-03-25,0.278,0.2893485724925995
Darrington,2018-03-26,0.317,0.2972766160964966
Darrington,2018-03-27,0.327,0.30542972683906555
Darrington,2018-03-28,0.291,0.3074718117713928
Darrington,2018-03-29,0.292,0.30932772159576416
Darrington,2018-03-30,0.305,0.30216309428215027
Darrington,2018-03-31,0.278,0.2935769855976105
Darrington,2018-04-01,0.31,0.30570629239082336
Darrington,2018-04-02,0.31,0.2911854088306427
Darrington,2018-04-03,0.295,0.2912136912345886
Darrington,2018-04-04,0.295,0.2925300598144531
Darrington,2018-04-05,0.325,0.299644410610199
Darrington,2018-04-06,0.297,0.2971820533275604
Darrington,2018-04-07,0.318,0.3048064410686493
Darrington,2018-04-08,0.322,0.30653002858161926
Darrington,2018-04-09,0.301,0.30219361186027527
Darrington,2018-04-10,0.299,0.30091291666030884
Darrington,2018-04-11,0.293,0.29572632908821106
Darrington,2018-04-12,0.313,0.2981686592102051
Darrington,2018-04-13,0.327,0.30851101875305176
Darrington,2018-04-14,0.33,0.31487905979156494
Darrington,2018-04-15,0.311,0.3097522556781769
Darrington,2018-04-16,0.34,0.3178093135356903
Darrington,2018-04-17,0.327,0.31523534655570984
Darrington,2018-04-18,0.292,0.2929393947124481
Darrington,2018-04-19,0.273,0.2907101809978485
Darrington,2018-04-20,0.26,0.28626683354377747
Darrington,2018-04-21,0.301,0.2873762249946594
Darrington,2018-04-22,0.273,0.2778552174568176
Darrington,2018-04-23,0.253,0.2669985890388489
Darrington,2018-04-24,0.236,0.25560280680656433
Darrington,2018-04-25,0.222,0.2314964085817337
Darrington,2018-04-26,0.208,0.22735558450222015
Darrington,2018-04-27,0.197,0.23118753731250763
Darrington,2018-04-28,0.213,0.2322506457567215
Darrington,2018-04-29,0.23,0.21850816905498505
Darrington,2018-04-30,0.259,0.2228768914937973
Darrington,2018-05-01,0.253,0.23927120864391327
Darrington,2018-05-02,0.232,0.23819975554943085
Darrington,2018-05-03,0.214,0.23250429332256317
Darrington,2018-05-04,0.203,0.23437601327896118
Darrington,2018-05-05,0.192,0.23346920311450958
Darrington,2018-05-06,0.182,0.23699267208576202
Darrington,2018-05-07,0.183,0.2365165650844574
Darrington,2018-05-08,0.176,0.23465120792388916
Darrington,2018-05-09,0.229,0.2644195854663849
Darrington,2018-05-10,0.267,0.2679364085197449
Darrington,2018-05-11,0.259,0.2663947343826294
Darrington,2018-05-12,0.234,0.2606703042984009
Darrington,2018-05-13,0.209,0.2304491102695465
Darrington,2018-05-14,0.187,0.23018193244934082
Darrington,2018-05-15,0.168,0.17017175257205963
Darrington,2018-05-16,0.158,0.15577895939350128
Darrington,2018-05-17,0.155,0.1339920610189438
Darrington,2018-05-18,0.155,0.13057903945446014
Darrington,2018-05-19,0.154,0.14808109402656555
Darrington,2018-05-20,0.15,0.1547890156507492
Darrington,2018-05-21,0.14,0.144332155585289
Darrington,2018-05-22,0.126,0.12698675692081451
Darrington,2018-05-23,0.112,0.13134700059890747
Darrington,2018-05-24,0.101,0.12726977467536926
Darrington,2018-05-25,0.097,0.11446639150381088
Darrington,2018-05-26,0.093,0.09939997643232346
Darrington,2018-05-27,0.089,0.09429431706666946
Darrington,2018-05-28,0.086,0.09111296385526657
Darrington,2018-05-29,0.083,0.091932013630867
Darrington,2018-05-30,0.08,0.09167192876338959
Darrington,2018-05-31,0.078,0.085981585085392
Darrington,2018-06-01,0.078,0.07909078896045685
Darrington,2018-06-02,0.076,0.08576499670743942
Darrington,2018-06-03,0.074,0.10007795691490173
Darrington,2018-06-04,0.075,0.08064434677362442
Darrington,2018-06-05,0.075,0.08195113390684128
Darrington,2018-06-06,0.074,0.08294138312339783
Darrington,2018-06-07,0.073,0.07714030891656876
Darrington,2018-06-08,0.071,0.08904790878295898
Darrington,2018-06-09,0.116,0.11781416833400726
Darrington,2018-06-10,0.141,0.16192026436328888
Darrington,2018-06-11,0.168,0.17034520208835602
Darrington,2018-06-12,0.148,0.15011228621006012
Darrington,2018-06-13,0.179,0.17214199900627136
Darrington,2018-06-14,0.187,0.16861200332641602
Darrington,2018-06-15,0.167,0.16024327278137207
Darrington,2018-06-16,0.146,0.1438065469264984
Darrington,2018-06-17,0.125,0.10701165348291397
Darrington,2018-06-18,0.105,0.0945034846663475
Darrington,2018-06-19,0.091,0.09094312787055969
Darrington,2018-06-20,0.083,0.08721126616001129
Darrington,2018-06-21,0.078,0.08006340265274048
Darrington,2018-06-22,0.074,0.08191505819559097
Darrington,2018-06-23,0.072,0.0735379308462143
Darrington,2018-06-24,0.07,0.08146701753139496
Darrington,2018-06-25,0.101,0.1280803233385086
Darrington,2018-06-26,0.123,0.13161352276802063
Darrington,2018-06-27,0.117,0.12051429599523544
Darrington,2018-06-28,0.111,0.11895689368247986
Darrington,2018-06-29,0.109,0.11192309856414795
Darrington,2018-06-30,0.133,0.12674471735954285
Darrington,2018-07-01,0.16,0.1411626785993576
Darrington,2018-07-02,0.159,0.15500079095363617
Darrington,2018-07-03,0.149,0.13780856132507324
Darrington,2018-07-04,0.132,0.1139213964343071
Darrington,2018-07-05,0.116,0.10876835882663727
Darrington,2018-07-06,0.106,0.11560550332069397
Darrington,2018-07-07,0.123,0.14307093620300293
Darrington,2018-07-08,0.116,0.12626758217811584
Darrington,2018-07-09,0.104,0.12475946545600891
Darrington,2018-07-10,0.097,0.10315082967281342
Darrington,2018-07-11,0.092,0.10454992949962616
Darrington,2018-07-12,0.084,0.10367794334888458
Darrington,2018-07-13,0.077,0.09934471547603607
Darrington,2018-07-14,0.072,0.08964209258556366
Darrington,2018-07-15,0.068,0.075351782143116
Darrington,2018-07-16,0.065,0.07950802892446518
Darrington,2018-07-17,0.062,0.0742046982049942
Darrington,2018-07-18,0.059,0.06756944954395294
Darrington,2018-07-19,0.057,0.06813103705644608
Darrington,2018-07-20,0.056,0.05831144005060196
Darrington,2018-07-21,0.054,0.052409544587135315
Darrington,2018-07-22,0.052,0.049472562968730927
Darrington,2018-07-23,0.05,0.048080310225486755
Darrington,2018-07-24,0.048,0.0505569688975811
Darrington,2018-07-25,0.047,0.049785103648900986
Darrington,2018-07-26,0.045,0.044965315610170364
Darrington,2018-07-27,0.044,0.03525329753756523
Darrington,2018-07-28,0.043,0.03551298752427101
Darrington,2018-07-29,0.041,0.02796037308871746
Darrington,2018-07-30,0.04,0.03079797327518463
Darrington,2018-07-31,0.038,0.03257352486252785
Darrington,2018-08-01,0.036,0.03033594600856304
Darrington,2018-08-02,0.036,0.02852890081703663
Darrington,2018-08-03,0.036,0.0344022773206234
Darrington,2018-08-04,0.035,0.029613595455884933
Darrington,2018-08-05,0.035,0.029221707955002785
Darrington,2018-08-06,0.033,0.024813737720251083
Darrington,2018-08-07,0.032,0.02287621982395649
Darrington,2018-08-08,0.031,0.023513350635766983
Darrington,2018-08-09,0.03,0.019663458690047264
Darrington,2018-08-10,0.029,0.015676023438572884
Darrington,2018-08-11,0.028,0.03889862447977066
Darrington,2018-08-12,0.031,0.0533500500023365
Darrington,2018-08-13,0.033,0.04507974162697792
Darrington,2018-08-14,0.035,0.040820419788360596
Darrington,2018-08-15,0.034,0.034641556441783905
Darrington,2018-08-16,0.034,0.03385719656944275
Darrington,2018-08-17,0.032,0.03882526233792305
Darrington,2018-08-18,0.03,0.02650505118072033
Darrington,2018-08-19,0.029,0.0230037122964859
Darrington,2018-08-20,0.029,0.025102728977799416
Darrington,2018-08-21,0.029,0.02623354084789753
Darrington,2018-08-22,0.029,0.023927651345729828
Darrington,2018-08-23,0.027,0.02121935598552227
Darrington,2018-08-24,0.026,0.023150529712438583
Darrington,2018-08-25,0.027,0.02833504043519497
Darrington,2018-08-26,0.028,0.05388166382908821
Darrington,2018-08-27,0.033,0.05894046649336815
Darrington,2018-08-28,0.036,0.04983467608690262
Darrington,2018-08-29,0.037,0.046426303684711456
Darrington,2018-08-30,0.037,0.04278463125228882
Darrington,2018-08-31,0.038,0.04590216651558876
Darrington,2018-09-01,0.038,0.04606074094772339
Darrington,2018-09-02,0.037,0.04372946545481682
Darrington,2018-09-03,0.036,0.04758748784661293
Darrington,2018-09-04,0.034,0.047730669379234314
Darrington,2018-09-05,0.032,0.040794070810079575
Darrington,2018-09-06,0.032,0.03639834001660347
Darrington,2018-09-07,0.03,0.035497214645147324
Darrington,2018-09-08,0.046,0.04844227805733681
Darrington,2018-09-09,0.056,0.0766005590558052
Darrington,2018-09-10,0.107,0.10921403020620346
Darrington,2018-09-11,0.137,0.13549958169460297
Darrington,2018-09-12,0.141,0.15032215416431427
Darrington,2018-09-13,0.178,0.14824937283992767
Darrington,2018-09-14,0.205,0.15682244300842285
Darrington,2018-09-15,0.2,0.16526511311531067
Darrington,2018-09-16,0.233,0.2159682661294937
Darrington,2018-09-17,0.236,0.21055547893047333
Darrington,2018-09-18,0.206,0.1940813809633255
Darrington,2018-09-19,0.194,0.18665160238742828
Darrington,2018-09-20,0.194,0.18623460829257965
Darrington,2018-09-21,0.258,0.2223310023546219
Darrington,2018-09-22,0.288,0.250514954328537
Darrington,2018-09-23,0.254,0.24992620944976807
Darrington,2018-09-24,0.232,0.2449188381433487
Darrington,2018-09-25,0.22,0.2313765436410904
Darrington,2018-09-26,0.214,0.22439421713352203
Darrington,2018-09-27,0.209,0.2143719345331192
Darrington,2018-09-28,0.205,0.20312704145908356
Darrington,2018-09-29,0.201,0.19174501299858093
Darrington,2018-09-30,0.256,0.22887751460075378
Darrington,2018-10-01,0.286,0.23507653176784515
Darrington,2018-10-02,0.288,0.2561589479446411
Darrington,2018-10-03,0.259,0.2501141130924225
Darrington,2018-10-04,0.24,0.23824776709079742
Darrington,2018-10-05,0.231,0.23691901564598083
Darrington,2018-10-06,0.225,0.22256697714328766
Darrington,2018-10-07,0.222,0.21425968408584595
Darrington,2018-10-08,0.233,0.2417047917842865
Darrington,2018-10-09,0.276,0.2420840710401535
Darrington,2018-10-10,0.248,0.21869580447673798
Darrington,2018-10-11,0.236,0.21143916249275208
Darrington,2018-10-12,0.23,0.19802862405776978
Darrington,2018-10-13,0.225,0.19237153232097626
Darrington,2018-10-14,0.222,0.19368776679039001
Darrington,2018-10-15,0.219,0.19586701691150665
Darrington,2018-10-16,0.217,0.19309920072555542
Darrington,2018-10-17,0.215,0.1985684186220169
Darrington,2018-10-18,0.213,0.19372200965881348
Darrington,2018-10-19,0.211,0.18895447254180908
Darrington,2018-10-21,0.209,0.17714934051036835
Darrington,2018-10-22,0.209,0.16462846100330353
Darrington,2018-10-23,0.208,0.18284261226654053
Darrington,2018-10-24,0.218,0.18264688551425934
Darrington,2018-10-25,0.255,0.19330428540706635
Darrington,2018-10-26,0.307,0.2742671072483063
Darrington,2018-10-27,0.277,0.27767983078956604
Darrington,2018-10-28,0.307,0.2792525589466095
Darrington,2018-10-29,0.289,0.2787936329841614
Darrington,2018-10-30,0.28,0.2768128216266632
Darrington,2018-10-31,0.312,0.28319963812828064
Darrington,2018-11-01,0.321,0.29884806275367737
Darrington,2018-11-02,0.296,0.29769909381866455
Darrington,2018-11-03,0.312,0.30234494805336
Darrington,2018-11-04,0.323,0.3045400381088257
Darrington,2018-11-05,0.324,0.29480278491973877
Darrington,2018-11-06,0.304,0.29511594772338867
Darrington,2018-11-07,0.27,0.2737610936164856
Darrington,2018-11-08,0.257,0.2687571048736572
Darrington,2018-11-09,0.278,0.27195292711257935
Darrington,2018-11-10,0.268,0.25688740611076355
Darrington,2018-11-11,0.255,0.2531527876853943
Darrington,2018-11-12,0.249,0.2537691295146942
Darrington,2018-11-13,0.245,0.24752657115459442
Darrington,2018-11-14,0.282,0.27328819036483765
Darrington,2018-11-15,0.28,0.26520055532455444
Darrington,2018-11-16,0.288,0.2719205319881439
Darrington,2018-11-17,0.262,0.2714731991291046
Darrington,2018-11-18,0.252,0.2549196481704712
Darrington,2018-11-19,0.247,0.2454526722431183
Darrington,2018-11-20,0.244,0.2440866380929947
Darrington,2018-11-21,0.242,0.24520549178123474
Darrington,2018-11-22,0.302,0.2772011458873749
Darrington,2018-11-23,0.309,0.2906491160392761
Darrington,2018-11-24,0.277,0.28853967785835266
Darrington,2018-11-25,0.262,0.2840651869773865
Darrington,2018-11-26,0.312,0.3027898073196411
Darrington,2018-11-27,0.309,0.30252084136009216
Darrington,2018-11-28,0.305,0.3063569664955139
Darrington,2018-11-29,0.275,0.30300426483154297
Darrington,2018-11-30,0.285,0.29052266478538513
Darrington,2018-12-01,0.27,0.2720276713371277
Darrington,2018-12-02,0.259,0.2583402097225189
Darrington,2018-12-03,0.253,0.25810274481773376
Darrington,2018-12-04,0.246,0.2515026330947876
Darrington,2018-12-05,0.239,0.2453678548336029
Darrington,2018-12-06,0.236,0.2468763291835785
Darrington,2018-12-07,0.246,0.24545510113239288
Darrington,2018-12-08,0.246,0.24155806005001068
Darrington,2018-12-09,0.276,0.2720431089401245
Darrington,2018-12-10,0.321,0.28094032406806946
Darrington,2018-12-11,0.322,0.2986029088497162
Darrington,2018-12-12,0.303,0.31066399812698364
Darrington,2018-12-13,0.317,0.30854305624961853
Darrington,2018-12-14,0.287,0.3058721423149109
Darrington,2018-12-15,0.298,0.30579888820648193
Darrington,2018-12-16,0.319,0.30974727869033813
Darrington,2018-12-17,0.307,0.3044206500053406
Darrington,2018-12-18,0.337,0.3153557777404785
Darrington,2018-12-19,0.302,0.3045556843280792
Darrington,2018-12-20,0.316,0.3074345886707306
Darrington,2018-12-21,0.296,0.30521270632743835
Darrington,2018-12-22,0.276,0.2988831698894501
Darrington,2018-12-23,0.323,0.2998795509338379
Darrington,2018-12-24,0.284,0.27984094619750977
Darrington,2018-12-25,0.263,0.2801913917064667
Darrington,2018-12-26,0.28,0.28939858078956604
Darrington,2018-12-27,0.303,0.2757297456264496
Darrington,2018-12-28,0.302,0.2891978919506073
Darrington,2018-12-29,0.327,0.30501821637153625
Darrington,2018-12-30,0.297,0.2985101044178009
Darrington,2018-12-31,0.268,0.28448906540870667
Darrington,2019-01-01,0.266,0.28397470712661743
Darrington,2019-01-02,0.274,0.2888078987598419
Darrington,2019-01-03,0.336,0.30736470222473145
Darrington,2019-01-04,0.311,0.3048951029777527
Darrington,2019-01-05,0.281,0.28504911065101624
Darrington,2019-01-06,0.305,0.3055572807788849
Darrington,2019-01-07,0.309,0.29498183727264404
Darrington,2019-01-08,0.282,0.2945255637168884
Darrington,2019-01-09,0.319,0.29540103673934937
Darrington,2019-01-10,0.308,0.2927565276622772
Darrington,2019-01-11,0.277,0.283083975315094
Darrington,2019-01-12,0.266,0.27968817949295044
Darrington,2019-01-13,0.259,0.2680066227912903
Darrington,2019-01-14,0.253,0.26147815585136414
Darrington,2019-01-15,0.264,0.25862815976142883
Darrington,2019-01-16,0.261,0.2535780370235443
Darrington,2019-01-17,0.26,0.2652038633823395
Darrington,2019-01-18,0.31,0.2787812650203705
Darrington,2019-01-19,0.319,0.2926347851753235
Darrington,2019-01-20,0.283,0.28924816846847534
Darrington,2019-01-21,0.268,0.28623536229133606
Darrington,2019-01-22,0.3,0.29781466722488403
Darrington,2019-01-23,0.309,0.2974972724914551
Darrington,2019-01-24,0.277,0.2872674763202667
Darrington,2019-01-25,0.267,0.28237879276275635
Darrington,2019-01-26,0.26,0.27891305088996887
Darrington,2019-01-27,0.255,0.267100065946579
Darrington,2019-01-28,0.252,0.259238064289093
Darrington,2019-01-29,0.246,0.25125935673713684
Darrington,2019-01-30,0.244,0.24075248837471008
Darrington,2019-01-31,0.246,0.23728293180465698
Darrington,2019-02-01,0.304,0.27969783544540405
Darrington,2019-02-02,0.302,0.2848161458969116
Darrington,2019-02-03,0.281,0.285579115152359
Darrington,2019-02-04,0.258,0.2906598448753357
Darrington,2019-03-27,0.253,0.2464846819639206
Darrington,2019-03-28,0.243,0.2430133819580078
Darrington,2019-03-29,0.237,0.24183209240436554
Darrington,2019-03-30,0.233,0.2413112223148346
Darrington,2019-03-31,0.229,0.2405790090560913
Darrington,2019-04-01,0.225,0.2364274561405182
Darrington,2019-04-02,0.221,0.22372372448444366
Darrington,2019-04-03,0.252,0.2426413595676422
Darrington,2019-04-04,0.26,0.25840485095977783
Darrington,2019-04-05,0.266,0.2741463780403137
Darrington,2019-04-06,0.286,0.280780166387558
Darrington,2019-04-07,0.291,0.28288963437080383
Darrington,2019-04-08,0.273,0.2827742099761963
Darrington,2019-04-09,0.297,0.2842341363430023
Darrington,2019-04-10,0.299,0.2858257591724396
Darrington,2019-04-11,0.303,0.2886773943901062
Darrington,2019-04-12,0.287,0.28393739461898804
Darrington,2019-04-13,0.307,0.29711371660232544
Darrington,2019-04-14,0.306,0.29623013734817505
Darrington,2019-04-15,0.274,0.2910984754562378
Darrington,2019-04-16,0.27,0.29026147723197937
Darrington,2019-04-17,0.292,0.2794860303401947
Darrington,2019-04-18,0.315,0.28855058550834656
Darrington,2019-04-19,0.319,0.29309073090553284
Darrington,2019-04-20,0.272,0.27824631333351135
Darrington,2019-04-21,0.251,0.2734536826610565
Darrington,2019-04-22,0.25,0.2758163809776306
Darrington,2019-04-23,0.26,0.2642469108104706
Darrington,2019-04-24,0.248,0.26635730266571045
Darrington,2019-04-25,0.234,0.26104238629341125
Darrington,2019-04-26,0.224,0.2450963705778122
Darrington,2019-04-27,0.225,0.23723720014095306
Darrington,2019-04-28,0.22,0.23620902001857758
Darrington,2019-04-29,0.211,0.23152682185173035
Darrington,2019-04-30,0.203,0.22871878743171692
Darrington,2019-05-01,0.195,0.21502947807312012
Darrington,2019-05-02,0.193,0.22102071344852448
Darrington,2019-05-03,0.192,0.21315845847129822
Darrington,2019-05-04,0.186,0.2103819102048874
Darrington,2019-05-05,0.176,0.20310218632221222
Darrington,2019-05-06,0.163,0.18445834517478943
Darrington,2019-05-07,0.151,0.16565267741680145
Darrington,2019-05-08,0.139,0.16125929355621338
Darrington,2019-05-09,0.126,0.1528913527727127
Darrington,2019-05-10,0.113,0.13431204855442047
Darrington,2019-05-11,0.101,0.12974415719509125
Darrington,2019-05-12,0.095,0.108109250664711
Darrington,2019-05-13,0.091,0.08470945805311203
Darrington,2019-05-14,0.09,0.08976206928491592
Darrington,2019-05-15,0.09,0.10223730653524399
Darrington,2019-05-16,0.089,0.13790427148342133
Darrington,2019-05-17,0.147,0.17994730174541473
Darrington,2019-05-18,0.174,0.1756485104560852
Darrington,2019-05-19,0.161,0.1739489883184433
Darrington,2019-05-20,0.179,0.2095509022474289
Darrington,2019-05-21,0.201,0.190007746219635
Darrington,2019-05-22,0.187,0.19385926425457
Darrington,2019-05-23,0.172,0.19147978723049164
Darrington,2019-05-24,0.206,0.19499017298221588
Darrington,2019-05-25,0.226,0.20240290462970734
Darrington,2019-05-26,0.225,0.19906237721443176
Darrington,2019-05-27,0.196,0.185870960354805
Darrington,2019-05-28,0.175,0.1472373902797699
Darrington,2019-05-29,0.162,0.12925311923027039
Darrington,2019-05-30,0.149,0.12511207163333893
Darrington,2019-05-31,0.133,0.11403344571590424
Darrington,2019-06-01,0.118,0.10026583820581436
Darrington,2019-06-02,0.105,0.0985269770026207
Darrington,2019-06-03,0.097,0.0841146782040596
Darrington,2019-06-04,0.09,0.08268067240715027
Darrington,2019-06-05,0.087,0.08781006187200546
Darrington,2019-06-06,0.085,0.10931245237588882
Darrington,2019-06-07,0.085,0.1391085684299469
Darrington,2019-06-08,0.091,0.15171468257904053
Darrington,2019-06-09,0.097,0.137532040476799
Darrington,2019-06-10,0.097,0.13325949013233185
Darrington,2019-06-11,0.093,0.1140526756644249
Darrington,2019-06-12,0.087,0.11335640400648117
Darrington,2019-06-13,0.081,0.10927526652812958
Darrington,2019-06-14,0.078,0.09869268536567688
Darrington,2019-06-15,0.076,0.08717987686395645
Darrington,2019-06-16,0.073,0.0781608521938324
Darrington,2019-06-17,0.069,0.07593587785959244
Darrington,2019-06-18,0.069,0.07726776599884033
Darrington,2019-06-19,0.075,0.08454924076795578
Darrington,2019-06-20,0.076,0.09575583040714264
Darrington,2019-06-21,0.075,0.10140656679868698
Darrington,2019-06-22,0.074,0.09370419383049011
Darrington,2019-06-23,0.074,0.09684022516012192
Darrington,2019-06-24,0.073,0.10013556480407715
Darrington,2019-06-25,0.071,0.09433188289403915
Darrington,2019-06-26,0.072,0.09793641418218613
Darrington,2019-06-27,0.127,0.1647849678993225
Darrington,2019-06-28,0.165,0.18150241672992706
Darrington,2019-06-29,0.16,0.18142861127853394
Darrington,2019-06-30,0.147,0.1654140055179596
Darrington,2019-07-01,0.134,0.12914417684078217
Darrington,2019-07-02,0.124,0.12448417395353317
Darrington,2019-07-03,0.119,0.12526105344295502
Darrington,2019-07-04,0.115,0.10808609426021576
Darrington,2019-07-05,0.112,0.09972187131643295
Darrington,2019-07-06,0.106,0.09861229360103607
Darrington,2019-07-07,0.101,0.09878034144639969
Darrington,2019-07-08,0.096,0.0964590460062027
Darrington,2019-07-09,0.088,0.10210810601711273
Darrington,2019-07-10,0.09,0.11989400535821915
Darrington,2019-07-11,0.1,0.14138764142990112
Darrington,2019-07-12,0.098,0.13276097178459167
Darrington,2019-07-13,0.092,0.1258343607187271
Darrington,2019-07-14,0.087,0.13183653354644775
Darrington,2019-07-15,0.082,0.12426377087831497
Darrington,2019-07-16,0.081,0.11795806139707565
Darrington,2019-07-17,0.1,0.1875120848417282
Darrington,2019-07-18,0.158,0.19497354328632355
Darrington,2019-07-19,0.16,0.19129960238933563
Darrington,2019-07-20,0.155,0.19517341256141663
Darrington,2019-07-21,0.145,0.156582310795784
Darrington,2019-07-22,0.134,0.14231650531291962
Darrington,2019-07-23,0.126,0.12919875979423523
Darrington,2019-07-24,0.12,0.13010533154010773
Darrington,2019-07-25,0.114,0.11381328105926514
Darrington,2019-07-26,0.106,0.10833706706762314
Darrington,2019-07-27,0.102,0.1126105785369873
Darrington,2019-07-28,0.099,0.10563357174396515
Darrington,2019-07-29,0.094,0.10665939748287201
Darrington,2019-07-30,0.091,0.1043190285563469
Darrington,2019-07-31,0.088,0.09277842193841934
Darrington,2019-08-01,0.084,0.09217258542776108
Darrington,2019-08-02,0.101,0.10343560576438904
Darrington,2019-08-03,0.113,0.10648573189973831
Darrington,2019-08-04,0.111,0.1026516780257225
Darrington,2019-08-05,0.105,0.09344381093978882
Darrington,2019-08-06,0.099,0.08534247428178787
Darrington,2019-08-07,0.094,0.07933461666107178
Darrington,2019-08-08,0.091,0.08128916472196579
Darrington,2019-08-09,0.089,0.08360861986875534
Darrington,2019-08-10,0.092,0.08517997711896896
Darrington,2019-08-11,0.093,0.0828176811337471
Darrington,2019-08-12,0.092,0.08807897567749023
Darrington,2019-08-13,0.089,0.09145847707986832
Darrington,2019-08-14,0.087,0.09111054986715317
Darrington,2019-08-15,0.084,0.08905923366546631
Darrington,2019-08-16,0.082,0.07641050964593887
Darrington,2019-08-17,0.081,0.07987651973962784
Darrington,2019-08-18,0.079,0.07818451523780823
Darrington,2019-08-19,0.077,0.07393763214349747
Darrington,2019-08-20,0.075,0.07335381209850311
Darrington,2019-08-21,0.079,0.0809207558631897
Darrington,2019-08-22,0.089,0.08511259406805038
Darrington,2019-08-23,0.093,0.092570461332798
Darrington,2019-08-24,0.099,0.09722810983657837
Darrington,2019-08-25,0.1,0.09766077250242233
Darrington,2019-08-26,0.099,0.09459728747606277
Darrington,2019-08-27,0.095,0.08888842165470123
Darrington,2019-08-28,0.091,0.0899345651268959
Darrington,2019-08-29,0.086,0.08212196826934814
Darrington,2019-08-30,0.084,0.08955012261867523
Darrington,2019-08-31,0.084,0.08534475415945053
Darrington,2019-09-01,0.081,0.09634838253259659
Darrington,2019-09-02,0.078,0.08924106508493423
Darrington,2019-09-03,0.076,0.08827024698257446
Darrington,2019-09-04,0.075,0.08795110136270523
Darrington,2019-09-05,0.073,0.08576066046953201
Darrington,2019-09-06,0.072,0.08530774712562561
Darrington,2019-09-07,0.07,0.08048746734857559
Darrington,2019-09-08,0.08,0.09168215841054916
Darrington,2019-09-09,0.09,0.10653957724571228
Darrington,2019-09-10,0.093,0.10662917047739029
Darrington,2019-09-11,0.094,0.11394327133893967
Darrington,2019-09-12,0.094,0.12880754470825195
Darrington,2019-09-13,0.115,0.1717807650566101
Darrington,2019-09-14,0.143,0.1857214719057083
Darrington,2019-09-15,0.193,0.2074422836303711
Darrington,2019-09-16,0.204,0.224352166056633
Darrington,2019-09-17,0.216,0.22688667476177216
Darrington,2019-09-18,0.226,0.22902117669582367
Darrington,2019-09-19,0.215,0.2225218117237091
Darrington,2019-09-20,0.206,0.21957802772521973
Darrington,2019-09-21,0.2,0.1985219269990921
Darrington,2019-09-22,0.237,0.23704920709133148
Darrington,2019-09-23,0.259,0.2555226981639862
Darrington,2019-09-24,0.257,0.2580909729003906
Darrington,2019-09-25,0.234,0.2561103105545044
Darrington,2019-09-26,0.271,0.263224720954895
Darrington,2019-09-27,0.262,0.2529621720314026
Darrington,2019-09-28,0.247,0.2516387403011322
Darrington,2019-09-29,0.233,0.24536119401454926
Darrington,2019-09-30,0.225,0.228712797164917
Darrington,2019-10-01,0.22,0.22554031014442444
Darrington,2019-10-02,0.216,0.22253873944282532
Darrington,2019-10-03,0.224,0.23194065690040588
Darrington,2019-10-04,0.264,0.24685357511043549
Darrington,2019-10-05,0.27,0.2522434890270233
Darrington,2019-10-06,0.251,0.2475477159023285
Darrington,2019-10-07,0.293,0.2758405804634094
Darrington,2019-10-08,0.271,0.27614712715148926
Darrington,2019-10-09,0.251,0.2658112943172455
Darrington,2019-10-10,0.24,0.258041650056839
Darrington,2019-10-11,0.234,0.24145038425922394
Darrington,2019-10-12,0.23,0.2352035492658615
Darrington,2019-10-13,0.227,0.23481787741184235
Darrington,2019-10-14,0.224,0.2347998023033142
Darrington,2019-10-15,0.221,0.22131064534187317
Darrington,2019-10-16,0.239,0.2546665072441101
Darrington,2019-10-17,0.295,0.2808113396167755
Darrington,2019-10-18,0.293,0.28995174169540405
Darrington,2019-10-19,0.288,0.2912985682487488
Darrington,2019-10-20,0.296,0.2931291460990906
Darrington,2019-10-21,0.324,0.3006203770637512
Darrington,2019-10-22,0.282,0.2917356491088867
Darrington,2019-10-23,0.258,0.27574434876441956
Darrington,2019-10-24,0.249,0.27345770597457886
Darrington,2019-10-26,0.273,0.2534753382205963
Darrington,2019-10-27,0.256,0.2546367347240448
Darrington,2019-10-28,0.249,0.2554565668106079
Darrington,2019-10-29,0.244,0.24735067784786224
Darrington,2019-10-30,0.24,0.2439296990633011
Darrington,2019-10-31,0.238,0.24612970650196075
Darrington,2019-11-01,0.236,0.24639877676963806
Darrington,2019-11-02,0.234,0.2461809515953064
Darrington,2019-11-03,0.233,0.2449636161327362
Darrington,2019-11-04,0.231,0.23788227140903473
Darrington,2019-11-05,0.23,0.23143115639686584
Darrington,2019-11-06,0.229,0.22614210844039917
Darrington,2019-11-07,0.228,0.22710144519805908
Darrington,2019-11-08,0.227,0.22115610539913177
Darrington,2019-11-09,0.228,0.22696159780025482
Darrington,2019-11-10,0.23,0.22608906030654907
Darrington,2019-11-11,0.229,0.22884085774421692
Darrington,2019-11-12,0.262,0.23340167105197906
Darrington,2019-11-13,0.265,0.23343400657176971
Darrington,2019-11-14,0.252,0.23481608927249908
Darrington,2019-11-15,0.291,0.26769328117370605
Darrington,2019-11-16,0.292,0.2792969346046448
Darrington,2019-11-17,0.32,0.2882906496524811
Darrington,2019-11-18,0.288,0.2910584509372711
Darrington,2019-11-19,0.299,0.2917556166648865
Darrington,2019-11-20,0.269,0.2826189398765564
Darrington,2019-11-21,0.26,0.2735125422477722
Darrington,2019-11-22,0.253,0.26378703117370605
Darrington,2019-11-23,0.264,0.26799148321151733
Darrington,2019-11-24,0.309,0.2802046537399292
Darrington,2019-11-25,0.3,0.2804381847381592
Darrington,2019-11-26,0.276,0.2837510108947754
Darrington,2019-11-27,0.262,0.27672213315963745
Darrington,2019-11-28,0.253,0.26812177896499634
Darrington,2019-11-29,0.244,0.26228341460227966
Darrington,2019-11-30,0.237,0.25799497961997986
Darrington,2019-12-01,0.238,0.2623113989830017
Darrington,2019-12-02,0.276,0.2777862250804901
Darrington,2019-12-03,0.323,0.2953752875328064
Darrington,2019-12-04,0.313,0.29159092903137207
Darrington,2019-12-05,0.276,0.2926831841468811
Darrington,2019-12-06,0.267,0.288750022649765
Darrington,2019-12-07,0.301,0.29269880056381226
Darrington,2019-12-08,0.281,0.2829495072364807
Darrington,2019-12-09,0.266,0.27844417095184326
Darrington,2019-12-10,0.263,0.2941204309463501
Darrington,2019-12-11,0.287,0.29278868436813354
Darrington,2019-12-12,0.331,0.31153881549835205
Darrington,2019-12-13,0.305,0.31077107787132263
Darrington,2019-12-14,0.28,0.3085177540779114
Darrington,2019-12-15,0.273,0.31019091606140137
Darrington,2019-12-16,0.283,0.29486173391342163
Darrington,2019-12-17,0.284,0.2891775667667389
Darrington,2019-12-18,0.273,0.2878120243549347
Darrington,2019-12-19,0.328,0.30467385053634644
Darrington,2019-12-20,0.348,0.32804766297340393
Darrington,2019-12-21,0.32,0.3197568953037262
Darrington,2019-12-22,0.283,0.31535670161247253
Darrington,2019-12-23,0.294,0.30566394329071045
Darrington,2019-12-24,0.274,0.28702452778816223
Darrington,2019-12-25,0.265,0.26654118299484253
Darrington,2019-12-26,0.253,0.2739896774291992
Darrington,2019-12-27,0.268,0.27788791060447693
Darrington,2019-12-28,0.285,0.27297258377075195
Darrington,2019-12-29,0.281,0.26430240273475647
Darrington,2019-12-30,0.289,0.27676019072532654
Darrington,2019-12-31,0.342,0.3038281798362732
Darrington,2020-01-01,0.317,0.33153730630874634
Darrington,2020-01-02,0.313,0.33212965726852417
Darrington,2020-01-03,0.305,0.3311622440814972
Darrington,2020-01-04,0.314,0.3301484286785126
Darrington,2020-01-05,0.311,0.3289741277694702
Darrington,2020-01-06,0.335,0.321162611246109
Darrington,2020-01-07,0.334,0.31815212965011597
Darrington,2020-01-08,0.3,0.3087826371192932
Darrington,2020-01-09,0.284,0.3018748462200165
Darrington,2020-01-10,0.277,0.30177733302116394
Darrington,2020-01-11,0.297,0.29706719517707825
Darrington,2020-01-12,0.298,0.3025948107242584
Darrington,2020-01-13,0.289,0.2910063862800598
Darrington,2020-01-14,0.276,0.2854922115802765
Darrington,2020-01-15,0.27,0.2842417061328888
Darrington,2020-01-16,0.265,0.2765747010707855
Darrington,2020-01-17,0.263,0.27595973014831543
Darrington,2020-01-18,0.264,0.2796357274055481
Darrington,2020-01-19,0.267,0.27604004740715027
Darrington,2020-01-20,0.267,0.2804507315158844
Darrington,2020-01-21,0.277,0.29106855392456055
Darrington,2020-01-22,0.304,0.3021739423274994
Darrington,2020-01-23,0.321,0.3146146237850189
Darrington,2020-01-24,0.319,0.3181510865688324
Darrington,2020-01-25,0.312,0.3167182207107544
Darrington,2020-01-26,0.316,0.3155348598957062
Darrington,2020-01-27,0.32,0.3094007074832916
Darrington,2020-01-28,0.313,0.3113289773464203
Darrington,2020-01-29,0.313,0.3133833408355713
Darrington,2020-01-30,0.3,0.3146571218967438
Darrington,2020-01-31,0.335,0.31904372572898865
Darrington,2020-02-01,0.319,0.3244706690311432
Darrington,2020-02-02,0.29,0.3149266839027405
Darrington,2020-02-03,0.282,0.2957901358604431
Darrington,2020-02-04,0.276,0.2931258976459503
Darrington,2020-02-05,0.303,0.2926393449306488
Darrington,2020-02-06,0.317,0.2968734800815582
Darrington,2020-02-07,0.321,0.30109933018684387
Darrington,2020-02-08,0.31,0.2995523512363434
Darrington,2020-02-09,0.285,0.2803264260292053
Darrington,2020-02-10,0.275,0.28468096256256104
Darrington,2020-02-11,0.291,0.29433339834213257
Darrington,2020-02-12,0.29,0.27939608693122864
Darrington,2020-02-13,0.287,0.2998405694961548
Darrington,2020-02-14,0.319,0.30665358901023865
Darrington,2020-02-15,0.321,0.3104904592037201
Darrington,2020-02-16,0.317,0.31364426016807556
Darrington,2020-02-17,0.303,0.31202542781829834
Darrington,2020-02-18,0.282,0.29756489396095276
Darrington,2020-02-19,0.273,0.28677356243133545
Darrington,2020-02-23,0.323,0.3094537854194641
Darrington,2020-02-24,0.311,0.3102605938911438
Darrington,2020-02-25,0.285,0.30970892310142517
Darrington,2020-02-26,0.294,0.30064132809638977
Darrington,2020-02-27,0.281,0.28276577591896057
Darrington,2020-02-28,0.279,0.2863612473011017
Darrington,2020-02-29,0.316,0.29951661825180054
Darrington,2020-03-01,0.291,0.30146482586860657
Darrington,2020-03-02,0.321,0.3059673011302948
Darrington,2020-03-03,0.32,0.3071065843105316
Darrington,2020-03-04,0.304,0.30316653847694397
Darrington,2020-03-05,0.294,0.309697687625885
Darrington,2020-03-06,0.315,0.30842626094818115
Darrington,2020-03-07,0.297,0.3085483908653259
Darrington,2020-03-08,0.303,0.3078663945198059
Darrington,2020-03-09,0.282,0.29221662878990173
Darrington,2020-03-10,0.279,0.2969934642314911
Darrington,2020-03-11,0.307,0.29686495661735535
Darrington,2020-03-12,0.282,0.2842238247394562
Darrington,2020-03-13,0.273,0.29300063848495483
Darrington,2020-03-14,0.263,0.27165329456329346
Darrington,2020-03-15,0.256,0.2671181857585907
Darrington,2020-03-16,0.253,0.26683974266052246
Darrington,2020-03-17,0.25,0.26139581203460693
Darrington,2020-03-18,0.247,0.25120267271995544
Darrington,2020-03-19,0.246,0.24714159965515137
Darrington,2020-03-20,0.244,0.24690976738929749
Darrington,2020-03-21,0.242,0.25068727135658264
Darrington,2020-03-22,0.24,0.2504844069480896
Darrington,2020-03-23,0.247,0.2620058059692383
Darrington,2020-03-24,0.253,0.264445960521698
Darrington,2020-03-25,0.253,0.26406794786453247
Darrington,2020-03-26,0.252,0.2813655436038971
Darrington,2020-03-27,0.255,0.28282544016838074
Darrington,2020-03-28,0.294,0.30395519733428955
Darrington,2020-03-29,0.31,0.3153446614742279
Darrington,2020-03-30,0.31,0.3267171382904053
Darrington,2020-03-31,0.308,0.327575147151947
Darrington,2020-04-01,0.291,0.3106544315814972
Darrington,2020-04-02,0.283,0.31062543392181396
Darrington,2020-04-03,0.309,0.3091628849506378
Darrington,2020-04-04,0.293,0.30416160821914673
Darrington,2020-04-05,0.275,0.298714280128479
Darrington,2020-04-06,0.265,0.28214046359062195
Darrington,2020-04-07,0.258,0.251936137676239
Darrington,2020-04-08,0.252,0.251132607460022
Darrington,2020-04-09,0.246,0.2509566843509674
Darrington,2020-04-10,0.243,0.25064781308174133
Darrington,2020-04-11,0.245,0.2450002282857895
Darrington,2020-04-12,0.24,0.2376158982515335
Darrington,2020-04-13,0.235,0.2320123016834259
Darrington,2020-04-14,0.229,0.24740217626094818
Darrington,2020-04-15,0.223,0.2428048700094223
Darrington,2020-04-16,0.216,0.23783327639102936
Darrington,2020-04-17,0.211,0.23694181442260742
Darrington,2020-04-18,0.207,0.24172340333461761
Darrington,2020-04-19,0.204,0.23397479951381683
Darrington,2020-04-20,0.199,0.22279709577560425
Darrington,2020-04-21,0.192,0.22384051978588104
Darrington,2020-04-22,0.212,0.24745334684848785
Darrington,2020-04-23,0.248,0.2644746005535126
Darrington,2020-04-24,0.247,0.26674017310142517
Darrington,2020-04-25,0.265,0.2812020778656006
Darrington,2020-04-26,0.287,0.290192574262619
Darrington,2020-04-27,0.31,0.30187198519706726
Darrington,2020-04-28,0.286,0.29785802960395813
Darrington,2020-04-29,0.275,0.2929327189922333
Darrington,2020-04-30,0.288,0.2982778549194336
Darrington,2020-05-01,0.275,0.2890819311141968
Darrington,2020-05-02,0.279,0.29663360118865967
Darrington,2020-05-03,0.317,0.3012826442718506
Darrington,2020-05-04,0.289,0.3016110360622406
Darrington,2020-05-05,0.268,0.3027702867984772
Darrington,2020-05-06,0.316,0.3024062514305115
Darrington,2020-05-07,0.293,0.28714513778686523
Darrington,2020-05-08,0.265,0.28086286783218384
Darrington,2020-05-09,0.238,0.27544111013412476
Darrington,2020-05-10,0.216,0.24643468856811523
Darrington,2020-05-11,0.204,0.23250988125801086
Darrington,2020-05-12,0.229,0.24894168972969055
Darrington,2020-05-13,0.248,0.2588900029659271
Darrington,2020-05-14,0.249,0.2601741850376129
Darrington,2020-05-15,0.253,0.2626773416996002
Darrington,2020-05-16,0.253,0.26079145073890686
Darrington,2020-05-17,0.303,0.2735191285610199
Darrington,2020-05-18,0.295,0.2699414789676666
Darrington,2020-05-19,0.271,0.2630084753036499
Darrington,2020-05-20,0.26,0.26715391874313354
Darrington,2020-05-21,0.272,0.2705272436141968
Darrington,2020-05-22,0.316,0.28156474232673645
Darrington,2020-05-23,0.291,0.27967625856399536
Darrington,2020-05-24,0.269,0.2894664406776428
Darrington,2020-05-25,0.291,0.2960236370563507
Darrington,2020-05-26,0.304,0.2933880686759949
Darrington,2020-05-27,0.272,0.28968513011932373
Darrington,2020-05-28,0.249,0.2778385281562805
Darrington,2020-05-29,0.23,0.24827875196933746
Darrington,2020-05-30,0.263,0.2760966420173645
Darrington,2020-05-31,0.296,0.28134846687316895
Darrington,2020-06-01,0.278,0.2913464605808258
Darrington,2020-06-02,0.269,0.25460776686668396
Darrington,2020-06-03,0.262,0.2315925657749176
Darrington,2020-06-04,0.252,0.23363396525382996
Darrington,2020-06-05,0.247,0.24102084338665009
Darrington,2020-06-06,0.263,0.2541777789592743
Darrington,2020-06-07,0.281,0.25846269726753235
Darrington,2020-06-08,0.294,0.2837051451206207
Darrington,2020-06-09,0.318,0.3046797215938568
Darrington,2020-06-10,0.308,0.3002914786338806
Darrington,2020-06-11,0.295,0.3046318292617798
Darrington,2020-06-12,0.308,0.29895567893981934
Darrington,2020-06-13,0.311,0.29859644174575806
Darrington,2020-06-14,0.313,0.30070462822914124
Darrington,2020-06-15,0.314,0.29079532623291016
Darrington,2020-06-16,0.311,0.29096469283103943
Darrington,2020-06-17,0.291,0.2792972922325134
Darrington,2020-06-18,0.272,0.26112133264541626
Darrington,2020-06-19,0.252,0.23822395503520966
Darrington,2020-06-20,0.246,0.23395413160324097
Darrington,2020-06-21,0.242,0.2441466897726059
Darrington,2020-06-22,0.229,0.2330995798110962
Darrington,2020-06-23,0.216,0.22284255921840668
Darrington,2020-06-24,0.222,0.23868520557880402
Darrington,2020-06-25,0.219,0.22742561995983124
Darrington,2020-06-26,0.21,0.23019640147686005
Darrington,2020-06-27,0.206,0.2309095412492752
Darrington,2020-06-28,0.205,0.2131790667772293
Darrington,2020-06-29,0.198,0.21025916934013367
Darrington,2020-06-30,0.193,0.23784659802913666
Darrington,2020-07-01,0.212,0.2513328194618225
Darrington,2020-07-02,0.255,0.25596943497657776
Darrington,2020-07-03,0.252,0.25738388299942017
Darrington,2020-07-04,0.251,0.25332438945770264
Darrington,2020-07-05,0.238,0.2375534623861313
Darrington,2020-07-06,0.226,0.224558025598526
Darrington,2020-07-07,0.221,0.22539710998535156
Darrington,2020-07-08,0.216,0.2149042934179306
Darrington,2020-07-09,0.218,0.2303352952003479
Darrington,2020-07-10,0.223,0.2310914695262909
Darrington,2020-07-11,0.216,0.23147667944431305
Darrington,2020-07-12,0.224,0.23766271770000458
Darrington,2020-07-13,0.218,0.22122247517108917
Darrington,2020-07-14,0.205,0.19677866995334625
Darrington,2020-07-15,0.194,0.18855252861976624
Darrington,2020-07-16,0.183,0.1824263632297516
Darrington,2020-07-17,0.177,0.17003700137138367
Darrington,2020-07-18,0.17,0.14514411985874176
Darrington,2020-07-19,0.159,0.14535808563232422
Darrington,2020-07-20,0.149,0.13511398434638977
Darrington,2020-07-21,0.138,0.13001202046871185
Darrington,2020-07-22,0.129,0.11884770542383194
Darrington,2020-07-23,0.123,0.1184370219707489
Darrington,2020-07-24,0.12,0.12344928830862045
Darrington,2020-07-25,0.115,0.12133920937776566
Darrington,2020-07-26,0.109,0.1131158322095871
Darrington,2020-07-27,0.101,0.1087634339928627
Darrington,2020-07-28,0.095,0.09790048748254776
Darrington,2020-07-29,0.089,0.09530703723430634
Darrington,2020-07-30,0.085,0.09161120653152466
Darrington,2020-07-31,0.082,0.0852557048201561
Darrington,2020-08-01,0.079,0.08210023492574692
Darrington,2020-08-02,0.076,0.0840187668800354
Darrington,2020-08-03,0.074,0.0819314569234848
Darrington,2020-08-04,0.072,0.07718923687934875
Darrington,2020-08-05,0.07,0.06332863867282867
Darrington,2020-08-06,0.073,0.07637667655944824
Darrington,2020-08-07,0.084,0.09261059761047363
Darrington,2020-08-08,0.087,0.09852411597967148
Darrington,2020-08-09,0.087,0.10190039128065109
Darrington,2020-08-10,0.084,0.09397297352552414
Darrington,2020-08-11,0.08,0.08623253554105759
Darrington,2020-08-12,0.076,0.08136918395757675
Darrington,2020-08-13,0.073,0.0820842906832695
Darrington,2020-08-14,0.069,0.06566179543733597
Darrington,2020-08-15,0.066,0.06564263999462128
Darrington,2020-08-16,0.065,0.06032782793045044
Darrington,2020-08-17,0.063,0.05328415334224701
Darrington,2020-08-18,0.061,0.050322409719228745
Darrington,2020-08-19,0.059,0.0428076796233654
Darrington,2020-08-20,0.059,0.05209627002477646
Darrington,2020-08-21,0.06,0.07737136632204056
Darrington,2020-08-22,0.072,0.11734092980623245
Darrington,2020-08-23,0.07,0.1117343157529831
Darrington,2020-08-24,0.07,0.10108903050422668
Darrington,2020-08-25,0.068,0.09973539412021637
Darrington,2020-08-26,0.066,0.09326793253421783
Darrington,2020-08-27,0.064,0.08951743692159653
Darrington,2020-08-28,0.062,0.08864092081785202
Darrington,2020-08-29,0.061,0.07628225535154343
Darrington,2020-08-30,0.058,0.08310814201831818
Darrington,2020-08-31,0.059,0.08330539613962173
Darrington,2020-09-01,0.06,0.0834861621260643
Darrington,2020-09-02,0.059,0.07553043216466904
Darrington,2020-09-03,0.059,0.0748571902513504
Darrington,2020-09-04,0.058,0.0681099146604538
Darrington,2020-09-05,0.057,0.06172912195324898
Darrington,2020-09-06,0.057,0.05681470036506653
Darrington,2020-09-07,0.055,0.06103957071900368
Darrington,2020-09-08,0.053,0.05061597749590874
Darrington,2020-09-09,0.052,0.05042438954114914
Darrington,2020-09-10,0.052,0.05175049602985382
Darrington,2020-09-11,0.051,0.05113518610596657
Darrington,2020-09-12,0.051,0.049686599522829056
Darrington,2020-09-13,0.05,0.04111267626285553
Darrington,2020-09-14,0.05,0.04265725985169411
Darrington,2020-09-15,0.052,0.04288748279213905
Darrington,2020-09-16,0.053,0.03669140115380287
Darrington,2020-09-17,0.053,0.037764400243759155
Darrington,2020-09-18,0.056,0.0742357149720192
Darrington,2020-09-19,0.079,0.0950443223118782
Darrington,2020-09-20,0.099,0.1114528477191925
Darrington,2020-09-21,0.1,0.09692253172397614
Darrington,2020-09-22,0.115,0.11136110126972198
Darrington,2020-09-23,0.158,0.18719524145126343
Darrington,2020-09-24,0.212,0.23602531850337982
Darrington,2020-09-25,0.228,0.24895556271076202
Darrington,2020-09-26,0.243,0.2539527118206024
Darrington,2020-09-27,0.241,0.23539316654205322
Darrington,2020-09-28,0.228,0.2275913804769516
Darrington,2020-09-29,0.223,0.22376175224781036
Darrington,2020-09-30,0.219,0.21527914702892303
Darrington,2020-10-01,0.216,0.21870744228363037
Darrington,2020-10-02,0.214,0.21814541518688202
Darrington,2020-10-03,0.213,0.2039392739534378
Darrington,2020-10-04,0.211,0.20321883261203766
Darrington,2020-10-05,0.213,0.2033330500125885
Darrington,2020-10-06,0.216,0.20268094539642334
Darrington,2020-10-07,0.215,0.1972416192293167
Darrington,2020-10-08,0.215,0.21594052016735077
Darrington,2020-10-09,0.221,0.2194981724023819
Darrington,2020-10-10,0.307,0.2640617787837982
Darrington,2020-10-11,0.315,0.28380605578422546
Darrington,2020-10-12,0.304,0.28721126914024353
Darrington,2020-10-13,0.322,0.29460567235946655
Darrington,2020-10-14,0.323,0.2916390895843506
Darrington,2020-10-15,0.293,0.2999040484428406
Darrington,2020-10-16,0.325,0.2958168089389801
Darrington,2020-10-17,0.3,0.2983195185661316
Darrington,2020-10-18,0.32,0.3099142611026764
Darrington,2020-10-19,0.302,0.30414465069770813
Darrington,2020-10-20,0.307,0.299147367477417
Darrington,2020-10-21,0.328,0.30373355746269226
Darrington,2020-10-22,0.302,0.29872366786003113
Darrington,2020-10-23,0.327,0.3078729212284088
Darrington,2020-10-24,0.309,0.2969178557395935
Darrington,2020-10-25,0.295,0.2925640940666199
Darrington,2020-10-26,0.286,0.2908753752708435
Darrington,2020-10-27,0.282,0.2714225649833679
Darrington,2020-10-28,0.3,0.2727644443511963
Darrington,2020-10-29,0.293,0.2708997130393982
Darrington,2020-10-30,0.326,0.3030826449394226
Darrington,2020-10-31,0.307,0.2977258265018463
Darrington,2020-11-01,0.297,0.29262635111808777
Darrington,2020-11-02,0.291,0.2948587238788605
Darrington,2020-11-03,0.329,0.3121170997619629
Darrington,2020-11-04,0.343,0.3279050290584564
Darrington,2020-11-05,0.35,0.3315984606742859
Darrington,2020-11-06,0.313,0.32292383909225464
Darrington,2020-11-07,0.301,0.33378657698631287
Darrington,2020-11-08,0.295,0.3196878135204315
Darrington,2020-11-09,0.291,0.28765401244163513
Darrington,2020-11-10,0.314,0.3087853491306305
Darrington,2020-11-11,0.312,0.3065679371356964
Darrington,2020-11-12,0.314,0.31436336040496826
Darrington,2020-11-13,0.355,0.3441857099533081
Darrington,2020-11-14,0.342,0.34209492802619934
Darrington,2020-11-15,0.351,0.34483930468559265
Darrington,2020-11-16,0.343,0.3451589345932007
Darrington,2020-11-17,0.34,0.3411741852760315
Darrington,2020-11-18,0.347,0.3393782079219818
Darrington,2020-11-19,0.339,0.33842042088508606
Darrington,2020-11-20,0.346,0.33531618118286133
Darrington,2020-11-21,0.329,0.32632413506507874
Darrington,2020-11-22,0.31,0.320145845413208
Darrington,2020-11-23,0.314,0.31973031163215637
Darrington,2020-11-24,0.333,0.32570722699165344
Darrington,2020-11-25,0.34,0.32840636372566223
Darrington,2020-11-26,0.324,0.32325372099876404
Darrington,2020-11-27,0.32,0.32218876481056213
Darrington,2020-11-28,0.341,0.3159019351005554
Darrington,2020-11-29,0.314,0.2986198961734772
Darrington,2020-11-30,0.349,0.32158589363098145
Darrington,2020-12-01,0.325,0.3147616982460022
Darrington,2020-12-02,0.31,0.31566184759140015
Darrington,2020-12-03,0.303,0.3155575692653656
Darrington,2020-12-04,0.299,0.2885065972805023
Darrington,2020-12-05,0.296,0.2893485724925995
Darrington,2020-12-06,0.294,0.2825692892074585
Darrington,2020-12-07,0.292,0.2857479453086853
Darrington,2020-12-08,0.352,0.31573131680488586
Darrington,2020-12-09,0.339,0.3179665207862854
Darrington,2020-12-10,0.318,0.31223782896995544
Darrington,2020-12-11,0.313,0.3156418204307556
Darrington,2020-12-12,0.307,0.2980403006076813
Darrington,2020-12-13,0.317,0.29973623156547546
Darrington,2020-12-14,0.337,0.30337652564048767
Darrington,2020-12-15,0.348,0.3133774697780609
Darrington,2020-12-16,0.344,0.3249702751636505
Darrington,2020-12-17,0.349,0.3292369842529297
Darrington,2020-12-18,0.349,0.3341284394264221
Darrington,2020-12-19,0.351,0.3349345922470093
Darrington,2020-12-20,0.336,0.33338379859924316
Darrington,2020-12-21,0.361,0.34987547993659973
Darrington,2020-12-22,0.335,0.34111160039901733
Darrington,2020-12-23,0.318,0.3253045380115509
Darrington,2020-12-24,0.308,0.3185535967350006
Darrington,2020-12-25,0.318,0.3111126124858856
Darrington,2020-12-26,0.348,0.32217326760292053
Darrington,2020-12-27,0.328,0.3242439031600952
Darrington,2020-12-28,0.313,0.31784260272979736
Darrington,2020-12-29,0.305,0.31541967391967773
Darrington,2020-12-30,0.364,0.3343997895717621
Darrington,2020-12-31,0.355,0.33519247174263
Quinault,2017-01-25,0.191,0.21051301062107086
Quinault,2017-01-26,0.194,0.2059212327003479
Quinault,2017-01-27,0.19,0.1957697719335556
Quinault,2017-01-28,0.187,0.1976407766342163
Quinault,2017-01-29,0.21,0.20677633583545685
Quinault,2017-01-30,0.202,0.20878003537654877
Quinault,2017-01-31,0.195,0.20383544266223907
Quinault,2017-02-01,0.193,0.21003620326519012
Quinault,2017-02-02,0.187,0.20499174296855927
Quinault,2017-02-03,0.226,0.2312462031841278
Quinault,2017-02-04,0.249,0.23414331674575806
Quinault,2017-02-05,0.226,0.23419813811779022
Quinault,2017-02-06,0.221,0.23398318886756897
Quinault,2017-02-07,0.211,0.23235177993774414
Quinault,2017-02-08,0.234,0.23320859670639038
Quinault,2017-02-09,0.258,0.2383543699979782
Quinault,2017-02-10,0.233,0.23540425300598145
Quinault,2017-02-11,0.213,0.23477569222450256
Quinault,2017-02-12,0.198,0.22081872820854187
Quinault,2017-02-13,0.191,0.22762735188007355
Quinault,2017-02-14,0.204,0.23308534920215607
Quinault,2017-02-15,0.263,0.23268656432628632
Quinault,2017-02-16,0.223,0.23227593302726746
Quinault,2017-02-17,0.214,0.22760935127735138
Quinault,2017-02-18,0.205,0.22865378856658936
Quinault,2017-02-19,0.236,0.2294827252626419
Quinault,2017-02-20,0.22,0.2274930626153946
Quinault,2017-02-21,0.205,0.21817640960216522
Quinault,2017-02-22,0.197,0.22301921248435974
Quinault,2017-02-23,0.194,0.20959381759166718
Quinault,2017-02-24,0.193,0.20690065622329712
Quinault,2017-02-25,0.192,0.20861200988292694
Quinault,2017-02-26,0.231,0.22177429497241974
Quinault,2017-02-27,0.226,0.22523027658462524
Quinault,2017-02-28,0.222,0.22391898930072784
Quinault,2017-03-01,0.233,0.22648702561855316
Quinault,2017-03-02,0.247,0.23029308021068573
Quinault,2017-03-03,0.258,0.23753884434700012
Quinault,2017-03-04,0.224,0.2347666472196579
Quinault,2017-03-05,0.226,0.23357689380645752
Quinault,2017-03-06,0.225,0.2355152666568756
Quinault,2017-03-07,0.228,0.23538906872272491
Quinault,2017-03-08,0.225,0.2356347292661667
Quinault,2017-03-09,0.249,0.2390870749950409
Quinault,2017-03-10,0.255,0.24045369029045105
Quinault,2017-03-11,0.246,0.24065743386745453
Quinault,2017-03-12,0.224,0.24119578301906586
Quinault,2017-03-13,0.244,0.24303576350212097
Quinault,2017-03-14,0.257,0.24205826222896576
Quinault,2017-03-15,0.231,0.23679862916469574
Quinault,2017-03-16,0.233,0.23493975400924683
Quinault,2017-03-17,0.236,0.23868738114833832
Quinault,2017-03-18,0.237,0.23902232944965363
Quinault,2017-03-19,0.21,0.22380702197551727
Quinault,2017-03-20,0.202,0.23607072234153748
Quinault,2017-03-21,0.239,0.23688815534114838
Quinault,2017-03-22,0.247,0.23686374723911285
Quinault,2017-03-23,0.238,0.23598012328147888
Quinault,2017-03-24,0.252,0.23915225267410278
Quinault,2017-03-25,0.232,0.2388208657503128
Quinault,2017-03-26,0.244,0.2385743260383606
Quinault,2017-03-27,0.253,0.23695431649684906
Quinault,2017-03-28,0.275,0.23547297716140747
Quinault,2017-03-29,0.258,0.23219811916351318
Quinault,2017-03-30,0.229,0.2336217612028122
Quinault,2017-03-31,0.208,0.2099662572145462
Quinault,2017-04-01,0.22,0.23015689849853516
Quinault,2017-04-02,0.208,0.20529478788375854
Quinault,2017-04-03,0.202,0.19831141829490662
Quinault,2017-04-04,0.213,0.22188431024551392
Quinault,2017-04-05,0.248,0.23116381466388702
Quinault,2017-04-06,0.23,0.2323566973209381
Quinault,2017-04-07,0.262,0.2364986687898636
Quinault,2017-04-08,0.248,0.23553642630577087
Quinault,2017-04-09,0.222,0.2343003898859024
Quinault,2017-04-10,0.25,0.23847265541553497
Quinault,2017-04-11,0.219,0.23035714030265808
Quinault,2017-04-12,0.248,0.23225264251232147
Quinault,2017-04-13,0.246,0.2347523421049118
Quinault,2017-04-14,0.252,0.23321504890918732
Quinault,2017-04-15,0.223,0.23252521455287933
Quinault,2017-04-16,0.205,0.21277761459350586
Quinault,2017-04-17,0.222,0.22249692678451538
Quinault,2017-04-18,0.24,0.23019039630889893
Quinault,2017-04-19,0.236,0.23302419483661652
Quinault,2017-04-20,0.239,0.2323954701423645
Quinault,2017-04-21,0.213,0.21091532707214355
Quinault,2017-04-22,0.23,0.23279958963394165
Quinault,2017-04-23,0.252,0.23233048617839813
Quinault,2017-04-24,0.222,0.22870831191539764
Quinault,2017-04-25,0.219,0.2280917912721634
Quinault,2017-04-26,0.24,0.22275784611701965
Quinault,2017-04-27,0.226,0.21604199707508087
Quinault,2017-04-28,0.205,0.20807836949825287
Quinault,2017-04-29,0.217,0.22502310574054718
Quinault,2017-04-30,0.22,0.2249011993408203
Quinault,2017-05-01,0.217,0.2266945093870163
Quinault,2017-05-02,0.215,0.2260735183954239
Quinault,2017-05-03,0.225,0.22213956713676453
Quinault,2017-05-04,0.201,0.21584536135196686
Quinault,2017-05-05,0.22,0.22493474185466766
Quinault,2017-05-06,0.207,0.22377227246761322
Quinault,2017-05-07,0.194,0.21294991672039032
Quinault,2017-05-08,0.184,0.20896154642105103
Quinault,2017-05-09,0.175,0.18149828910827637
Quinault,2017-05-10,0.171,0.1829313337802887
Quinault,2017-05-11,0.237,0.22633403539657593
Quinault,2017-05-12,0.234,0.2267031967639923
Quinault,2017-05-13,0.225,0.22697123885154724
Quinault,2017-05-14,0.223,0.2271721363067627
Quinault,2017-05-15,0.228,0.22776399552822113
Quinault,2017-05-16,0.23,0.22182869911193848
Quinault,2017-05-17,0.203,0.21134501695632935
Quinault,2017-05-18,0.195,0.2047092467546463
Quinault,2017-05-19,0.187,0.18802185356616974
Quinault,2017-05-20,0.179,0.1743050217628479
Quinault,2017-05-21,0.168,0.16390253603458405
Quinault,2017-05-22,0.157,0.16077059507369995
Quinault,2017-05-23,0.142,0.14147351682186127
Quinault,2017-05-24,0.13,0.14291328191757202
Quinault,2017-05-25,0.12,0.14081551134586334
Quinault,2017-05-26,0.108,0.13497640192508698
Quinault,2017-05-27,0.097,0.13198374211788177
Quinault,2017-05-28,0.089,0.12670397758483887
Quinault,2017-05-29,0.082,0.1292678415775299
Quinault,2017-05-30,0.079,0.1379564106464386
Quinault,2017-05-31,0.112,0.15525634586811066
Quinault,2017-06-01,0.189,0.18030446767807007
Quinault,2017-06-02,0.205,0.19093544781208038
Quinault,2017-06-03,0.176,0.18338005244731903
Quinault,2017-06-04,0.159,0.1764620989561081
Quinault,2017-06-05,0.144,0.1675848662853241
Quinault,2017-06-06,0.131,0.13869288563728333
Quinault,2017-06-07,0.119,0.14173899590969086
Quinault,2017-06-08,0.208,0.18180519342422485
Quinault,2017-06-09,0.208,0.1947106122970581
Quinault,2017-06-10,0.198,0.18719495832920074
Quinault,2017-06-11,0.183,0.19063815474510193
Quinault,2017-06-12,0.168,0.18832345306873322
Quinault,2017-06-13,0.159,0.15711566805839539
Quinault,2017-06-14,0.154,0.15355317294597626
Quinault,2017-06-15,0.21,0.20802730321884155
Quinault,2017-06-16,0.196,0.20648887753486633
Quinault,2017-06-17,0.178,0.20564907789230347
Quinault,2017-06-18,0.196,0.19933989644050598
Quinault,2017-06-19,0.181,0.17356513440608978
Quinault,2017-06-20,0.179,0.16925229132175446
Quinault,2017-06-21,0.17,0.15700507164001465
Quinault,2017-06-22,0.157,0.14584404230117798
Quinault,2017-06-23,0.143,0.1250820755958557
Quinault,2017-06-24,0.129,0.1227429136633873
Quinault,2017-06-25,0.114,0.11095986515283585
Quinault,2017-06-26,0.103,0.10108711570501328
Quinault,2017-06-27,0.094,0.10093539953231812
Quinault,2017-06-28,0.088,0.09799033403396606
Quinault,2017-06-29,0.081,0.09823954850435257
Quinault,2017-06-30,0.075,0.09380385279655457
Quinault,2017-07-01,0.069,0.08430573344230652
Quinault,2017-07-02,0.062,0.07705293595790863
Quinault,2017-07-03,0.056,0.06653040647506714
Quinault,2017-07-04,0.05,0.058169540017843246
Quinault,2017-07-05,0.045,0.053176771849393845
Quinault,2017-07-06,0.04,0.05273613706231117
Quinault,2017-07-07,0.037,0.052439477294683456
Quinault,2017-07-08,0.035,0.04935622960329056
Quinault,2017-07-09,0.033,0.046872951090335846
Quinault,2017-07-10,0.031,0.04327577352523804
Quinault,2017-07-11,0.03,0.045087896287441254
Quinault,2017-07-12,0.029,0.03436027839779854
Quinault,2017-07-13,0.028,0.034259915351867676
Quinault,2017-07-14,0.027,0.03015952929854393
Quinault,2017-07-15,0.026,0.029552079737186432
Quinault,2017-07-16,0.024,0.036048151552677155
Quinault,2017-07-17,0.024,0.03946332633495331
Quinault,2017-07-18,0.024,0.03627268597483635
Quinault,2017-07-19,0.022,0.035220056772232056
Quinault,2017-07-20,0.033,0.04654146730899811
Quinault,2017-07-21,0.037,0.04715171828866005
Quinault,2017-07-22,0.039,0.043634429574012756
Quinault,2017-07-23,0.039,0.046754080802202225
Quinault,2017-07-24,0.036,0.04349096864461899
Quinault,2017-07-25,0.032,0.04061169922351837
Quinault,2017-07-26,0.03,0.03835435211658478
Quinault,2017-07-27,0.027,0.03513341024518013
Quinault,2017-07-28,0.026,0.035160940140485764
Quinault,2017-07-29,0.024,0.03405146300792694
Quinault,2017-07-30,0.025,0.03130626678466797
Quinault,2017-07-31,0.023,0.0285650584846735
Quinault,2017-08-01,0.022,0.025994418188929558
Quinault,2017-08-02,0.023,0.025898119434714317
Quinault,2017-08-03,0.021,0.022552503272891045
Quinault,2017-08-04,0.021,0.02205486036837101
Quinault,2017-08-05,0.02,0.022799748927354813
Quinault,2017-08-06,0.019,0.021936066448688507
Quinault,2017-08-07,0.019,0.02317476086318493
Quinault,2017-08-08,0.018,0.024121347814798355
Quinault,2017-08-09,0.018,0.026579705998301506
Quinault,2017-08-10,0.017,0.027168625965714455
Quinault,2017-08-11,0.016,0.028286349028348923
Quinault,2017-08-12,0.017,0.03340451046824455
Quinault,2017-08-13,0.112,0.0748303160071373
Quinault,2017-08-14,0.093,0.06696007400751114
Quinault,2017-08-15,0.083,0.06685882061719894
Quinault,2017-08-16,0.074,0.06273793429136276
Quinault,2017-08-17,0.068,0.06434649229049683
Quinault,2017-08-18,0.06,0.06402935832738876
Quinault,2017-08-19,0.054,0.061019331216812134
Quinault,2017-08-20,0.048,0.053991224616765976
Quinault,2017-08-21,0.043,0.04384087771177292
Quinault,2017-08-22,0.038,0.03903394937515259
Quinault,2017-08-23,0.034,0.03852391988039017
Quinault,2017-08-24,0.032,0.037377674132585526
Quinault,2017-08-25,0.029,0.031642474234104156
Quinault,2017-08-26,0.028,0.03037547692656517
Quinault,2017-08-27,0.025,0.029676321893930435
Quinault,2017-08-28,0.024,0.024613864719867706
Quinault,2017-08-29,0.023,0.03067825175821781
Quinault,2017-08-30,0.022,0.03175561875104904
Quinault,2017-08-31,0.023,0.03389611467719078
Quinault,2017-09-01,0.023,0.03166000917553902
Quinault,2017-09-02,0.024,0.032113753259181976
Quinault,2017-09-03,0.023,0.03147435560822487
Quinault,2017-09-04,0.022,0.029490221291780472
Quinault,2017-09-05,0.021,0.030689647421240807
Quinault,2017-09-06,0.02,0.03090478666126728
Quinault,2017-09-07,0.019,0.027851343154907227
Quinault,2017-09-08,0.019,0.03205524757504463
Quinault,2017-09-09,0.073,0.043709930032491684
Quinault,2017-09-10,0.105,0.04794614017009735
Quinault,2017-09-11,0.092,0.060069527477025986
Quinault,2017-09-12,0.084,0.06025420501828194
Quinault,2017-09-13,0.078,0.05731632560491562
Quinault,2017-09-14,0.072,0.05618809908628464
Quinault,2017-09-15,0.065,0.05707492679357529
Quinault,2017-09-16,0.06,0.0545666478574276
Quinault,2017-09-17,0.1,0.09457331895828247
Quinault,2017-09-18,0.172,0.12260878831148148
Quinault,2017-09-19,0.181,0.1535804122686386
Quinault,2017-09-20,0.163,0.1550120711326599
Quinault,2017-09-21,0.156,0.15307481586933136
Quinault,2017-09-22,0.146,0.15025457739830017
Quinault,2017-09-23,0.141,0.14578746259212494
Quinault,2017-09-24,0.135,0.14588817954063416
Quinault,2017-09-25,0.132,0.1427331268787384
Quinault,2017-09-26,0.131,0.13904184103012085
Quinault,2017-09-27,0.127,0.12654590606689453
Quinault,2017-09-28,0.122,0.12547306716442108
Quinault,2017-09-29,0.156,0.14174677431583405
Quinault,2017-09-30,0.174,0.15783962607383728
Quinault,2017-10-01,0.167,0.1516818404197693
Quinault,2017-10-02,0.153,0.14906056225299835
Quinault,2017-10-03,0.144,0.14509336650371552
Quinault,2017-10-04,0.137,0.14174367487430573
Quinault,2017-10-05,0.132,0.13845808804035187
Quinault,2017-10-06,0.157,0.1501360833644867
Quinault,2017-10-07,0.183,0.16138045489788055
Quinault,2017-10-08,0.169,0.16646474599838257
Quinault,2017-10-09,0.158,0.1698276847600937
Quinault,2017-10-10,0.153,0.16352462768554688
Quinault,2017-10-11,0.163,0.16208374500274658
Quinault,2017-10-12,0.178,0.17610299587249756
Quinault,2017-10-13,0.177,0.17174936830997467
Quinault,2017-10-14,0.163,0.17002682387828827
Quinault,2017-10-15,0.156,0.16359926760196686
Quinault,2017-10-16,0.152,0.17575833201408386
Quinault,2017-10-17,0.192,0.21962881088256836
Quinault,2017-10-18,0.218,0.23305892944335938
Quinault,2017-10-19,0.213,0.22905735671520233
Quinault,2017-10-20,0.204,0.22720707952976227
Quinault,2017-10-21,0.225,0.2244846224784851
Quinault,2017-10-22,0.205,0.21826793253421783
Quinault,2017-10-23,0.178,0.1955234706401825
Quinault,2017-10-24,0.168,0.1890047788619995
Quinault,2017-10-25,0.176,0.20967860519886017
Quinault,2017-10-26,0.173,0.1784009039402008
Quinault,2017-10-27,0.164,0.17635589838027954
Quinault,2017-10-28,0.16,0.17381131649017334
Quinault,2017-10-29,0.157,0.1648741364479065
Quinault,2017-10-30,0.153,0.16126728057861328
Quinault,2017-11-01,0.145,0.17248888313770294
Quinault,2017-11-02,0.19,0.19885823130607605
Quinault,2017-11-03,0.189,0.1980723887681961
Quinault,2017-11-04,0.185,0.20608751475811005
Quinault,2017-11-05,0.193,0.20543386042118073
Quinault,2017-11-06,0.173,0.1968117505311966
Quinault,2017-11-07,0.166,0.18827787041664124
Quinault,2017-11-08,0.185,0.19961166381835938
Quinault,2017-11-09,0.212,0.2046000361442566
Quinault,2017-11-10,0.189,0.2033308893442154
Quinault,2017-11-11,0.197,0.2100207805633545
Quinault,2017-11-12,0.23,0.22277159988880157
Quinault,2017-11-13,0.224,0.2250818908214569
Quinault,2017-11-14,0.232,0.2253318876028061
Quinault,2017-11-15,0.224,0.2277490794658661
Quinault,2017-11-16,0.221,0.22581274807453156
Quinault,2017-11-17,0.208,0.22473663091659546
Quinault,2017-11-18,0.201,0.2209499329328537
Quinault,2017-11-19,0.228,0.2251948118209839
Quinault,2017-11-20,0.21,0.224039688706398
Quinault,2017-11-21,0.236,0.22756698727607727
Quinault,2017-11-22,0.24,0.2282775342464447
Quinault,2017-11-23,0.226,0.22300437092781067
Quinault,2017-11-24,0.218,0.2229948192834854
Quinault,2017-11-25,0.213,0.22279229760169983
Quinault,2017-11-26,0.225,0.2249380648136139
Quinault,2017-11-27,0.199,0.22217853367328644
Quinault,2017-11-28,0.22,0.21723251044750214
Quinault,2017-11-29,0.202,0.21902500092983246
Quinault,2017-11-30,0.213,0.21723294258117676
Quinault,2017-12-01,0.227,0.22135934233665466
Quinault,2017-12-02,0.215,0.21999672055244446
Quinault,2017-12-03,0.187,0.19824989140033722
Quinault,2017-12-04,0.18,0.19294065237045288
Quinault,2017-12-05,0.175,0.19817990064620972
Quinault,2017-12-06,0.172,0.18444152176380157
Quinault,2017-12-07,0.17,0.1829007863998413
Quinault,2017-12-08,0.168,0.18136322498321533
Quinault,2017-12-09,0.167,0.1819971203804016
Quinault,2017-12-10,0.167,0.17992697656154633
Quinault,2017-12-11,0.167,0.17054933309555054
Quinault,2017-12-12,0.165,0.169956237077713
Quinault,2017-12-13,0.165,0.16844111680984497
Quinault,2017-12-14,0.163,0.16651077568531036
Quinault,2017-12-15,0.173,0.17794941365718842
Quinault,2017-12-16,0.19,0.18835897743701935
Quinault,2017-12-17,0.232,0.20932716131210327
Quinault,2017-12-18,0.216,0.22060497105121613
Quinault,2017-12-19,0.232,0.22979824244976044
Quinault,2017-12-20,0.192,0.20561528205871582
Quinault,2017-12-21,0.187,0.2141389548778534
Quinault,2017-12-22,0.196,0.21870236098766327
Quinault,2017-12-23,0.18,0.19460517168045044
Quinault,2017-12-24,0.178,0.20068258047103882
Quinault,2017-12-25,0.193,0.1967092901468277
Quinault,2017-12-26,0.18,0.19080786406993866
Quinault,2017-12-27,0.175,0.18932881951332092
Quinault,2017-12-28,0.229,0.21329252421855927
Quinault,2017-12-29,0.233,0.22569306194782257
Quinault,2017-12-30,0.206,0.22208420932292938
Quinault,2017-12-31,0.184,0.20040497183799744
Quinault,2018-01-01,0.178,0.18940919637680054
Quinault,2018-01-02,0.174,0.19321249425411224
Quinault,2018-01-03,0.172,0.19748133420944214
Quinault,2018-01-04,0.186,0.20757773518562317
Quinault,2018-01-05,0.226,0.22404666244983673
Quinault,2018-01-06,0.201,0.22183313965797424
Quinault,2018-01-07,0.222,0.22677503526210785
Quinault,2018-01-08,0.209,0.22691121697425842
Quinault,2018-01-09,0.211,0.22631162405014038
Quinault,2018-01-10,0.204,0.23004133999347687
Quinault,2018-01-11,0.235,0.23249869048595428
Quinault,2018-01-12,0.22,0.2308313250541687
Quinault,2018-01-13,0.209,0.2241755723953247
Quinault,2018-01-14,0.187,0.21027164161205292
Quinault,2018-01-15,0.186,0.21605758368968964
Quinault,2018-01-16,0.212,0.21735331416130066
Quinault,2018-01-17,0.212,0.21869058907032013
Quinault,2018-01-18,0.206,0.22022540867328644
Quinault,2018-01-19,0.232,0.22394239902496338
Quinault,2018-01-20,0.227,0.2232826054096222
Quinault,2018-01-21,0.234,0.21796566247940063
Quinault,2018-01-22,0.213,0.21883198618888855
Quinault,2018-01-23,0.227,0.22413121163845062
Quinault,2018-01-24,0.229,0.22178862988948822
Quinault,2018-01-25,0.223,0.2202163189649582
Quinault,2018-01-26,0.225,0.22187301516532898
Quinault,2018-01-27,0.219,0.22135788202285767
Quinault,2018-01-28,0.213,0.2202260047197342
Quinault,2018-01-29,0.246,0.22899962961673737
Quinault,2018-01-30,0.21,0.22150655090808868
Quinault,2018-01-31,0.223,0.21995258331298828
Quinault,2018-02-01,0.227,0.2215733528137207
Quinault,2018-02-02,0.213,0.2158174067735672
Quinault,2018-02-03,0.208,0.21413734555244446
Quinault,2018-02-04,0.211,0.21471993625164032
Quinault,2018-02-05,0.19,0.19814100861549377
Quinault,2018-02-06,0.183,0.20142094790935516
Quinault,2018-02-07,0.178,0.18581554293632507
Quinault,2018-02-08,0.18,0.1859368532896042
Quinault,2018-02-09,0.178,0.18251803517341614
Quinault,2018-02-10,0.173,0.17782945930957794
Quinault,2018-02-11,0.17,0.1779032051563263
Quinault,2018-02-12,0.166,0.17401763796806335
Quinault,2018-02-13,0.167,0.1831408441066742
Quinault,2018-02-14,0.2,0.1868181973695755
Quinault,2018-02-15,0.179,0.19246406853199005
Quinault,2018-02-16,0.207,0.20266737043857574
Quinault,2018-02-17,0.23,0.21926437318325043
Quinault,2018-02-18,0.203,0.21621966361999512
Quinault,2018-02-19,0.181,0.18675370514392853
Quinault,2018-02-20,0.173,0.1968826800584793
Quinault,2018-02-21,0.181,0.18530969321727753
Quinault,2018-02-22,0.192,0.17955388128757477
Quinault,2018-02-23,0.18,0.20139050483703613
Quinault,2018-02-24,0.211,0.2021474987268448
Quinault,2018-02-25,0.22,0.2078564316034317
Quinault,2018-02-26,0.194,0.20911045372486115
Quinault,2018-02-27,0.203,0.21200227737426758
Quinault,2018-02-28,0.209,0.21659192442893982
Quinault,2018-03-01,0.2,0.21479935944080353
Quinault,2018-03-02,0.198,0.2118266075849533
Quinault,2018-03-03,0.18,0.20032170414924622
Quinault,2018-03-04,0.189,0.21108470857143402
Quinault,2018-03-05,0.192,0.20250990986824036
Quinault,2018-03-06,0.181,0.18733631074428558
Quinault,2018-03-07,0.174,0.19709040224552155
Quinault,2018-03-08,0.22,0.21535146236419678
Quinault,2018-03-09,0.197,0.2163156270980835
Quinault,2018-03-10,0.181,0.21364609897136688
Quinault,2018-03-11,0.174,0.2085864543914795
Quinault,2018-03-12,0.169,0.18499846756458282
Quinault,2018-03-13,0.194,0.18919433653354645
Quinault,2018-03-14,0.203,0.19883519411087036
Quinault,2018-03-15,0.185,0.20154854655265808
Quinault,2018-03-16,0.174,0.1935095340013504
Quinault,2018-03-17,0.168,0.17971406877040863
Quinault,2018-03-18,0.167,0.17777661979198456
Quinault,2018-03-19,0.165,0.18172720074653625
Quinault,2018-03-20,0.163,0.1782904416322708
Quinault,2018-03-21,0.165,0.18513163924217224
Quinault,2018-03-22,0.217,0.20873208343982697
Quinault,2018-03-23,0.215,0.21238061785697937
Quinault,2018-03-24,0.19,0.21195952594280243
Quinault,2018-03-25,0.182,0.2102186232805252
Quinault,2018-03-26,0.224,0.21277421712875366
Quinault,2018-03-27,0.218,0.21336179971694946
Quinault,2018-03-28,0.185,0.20640717446804047
Quinault,2018-03-29,0.176,0.21181903779506683
Quinault,2018-03-30,0.174,0.20760899782180786
Quinault,2018-03-31,0.171,0.1920335441827774
Quinault,2018-04-01,0.183,0.19658248126506805
Quinault,2018-04-02,0.193,0.21395818889141083
Quinault,2018-04-03,0.186,0.21062064170837402
Quinault,2018-04-04,0.207,0.21533203125
Quinault,2018-04-05,0.225,0.22195862233638763
Quinault,2018-04-06,0.205,0.2226553112268448
Quinault,2018-04-07,0.233,0.23354923725128174
Quinault,2018-04-08,0.239,0.22759193181991577
Quinault,2018-04-09,0.196,0.20838750898838043
Quinault,2018-04-10,0.211,0.23077188432216644
Quinault,2018-04-11,0.227,0.2284720540046692
Quinault,2018-04-12,0.209,0.2294001281261444
Quinault,2018-04-13,0.248,0.22646138072013855
Quinault,2018-04-14,0.22,0.22642402350902557
Quinault,2018-04-15,0.204,0.22065699100494385
Quinault,2018-04-16,0.233,0.2203027904033661
Quinault,2018-04-17,0.214,0.21460062265396118
Quinault,2018-04-18,0.192,0.1981496959924698
Quinault,2018-04-19,0.179,0.19241952896118164
Quinault,2018-04-20,0.175,0.19493092596530914
Quinault,2018-04-21,0.207,0.1960630714893341
Quinault,2018-04-22,0.184,0.18039779365062714
Quinault,2018-04-23,0.173,0.17604057490825653
Quinault,2018-04-24,0.164,0.16454283893108368
Quinault,2018-04-25,0.157,0.15029355883598328
Quinault,2018-04-26,0.15,0.14522647857666016
Quinault,2018-04-27,0.148,0.16103395819664001
Quinault,2018-04-28,0.199,0.181418314576149
Quinault,2018-04-29,0.181,0.1780337542295456
Quinault,2018-04-30,0.172,0.17535702884197235
Quinault,2018-05-01,0.164,0.16740402579307556
Quinault,2018-05-02,0.158,0.1499890238046646
Quinault,2018-05-03,0.15,0.1522456705570221
Quinault,2018-05-04,0.144,0.15103766322135925
Quinault,2018-05-05,0.138,0.14586232602596283
Quinault,2018-05-06,0.13,0.14564816653728485
Quinault,2018-05-07,0.125,0.1417081654071808
Quinault,2018-05-08,0.126,0.14568433165550232
Quinault,2018-05-09,0.195,0.17975975573062897
Quinault,2018-05-10,0.193,0.1921854317188263
Quinault,2018-05-11,0.172,0.17732198536396027
Quinault,2018-05-12,0.159,0.1741969883441925
Quinault,2018-05-13,0.148,0.16673380136489868
Quinault,2018-05-14,0.137,0.14205916225910187
Quinault,2018-05-15,0.13,0.12290401011705399
Quinault,2018-05-16,0.129,0.12985485792160034
Quinault,2018-05-17,0.129,0.1150750145316124
Quinault,2018-05-18,0.128,0.106090247631073
Quinault,2018-05-19,0.127,0.10502544045448303
Quinault,2018-05-20,0.125,0.10527629405260086
Quinault,2018-05-21,0.122,0.0981329008936882
Quinault,2018-05-22,0.114,0.09597983956336975
Quinault,2018-05-23,0.106,0.08166665583848953
Quinault,2018-05-24,0.1,0.07819736003875732
Quinault,2018-05-25,0.093,0.07116425782442093
Quinault,2018-05-26,0.087,0.0751224160194397
Quinault,2018-05-27,0.081,0.06863945722579956
Quinault,2018-05-28,0.076,0.07215186208486557
Quinault,2018-05-29,0.072,0.06536491960287094
Quinault,2018-05-30,0.067,0.0658353939652443
Quinault,2018-05-31,0.063,0.06617843359708786
Quinault,2018-06-01,0.06,0.06705804914236069
Quinault,2018-06-02,0.057,0.06382153928279877
Quinault,2018-06-03,0.063,0.08124089986085892
Quinault,2018-06-04,0.069,0.077923484146595
Quinault,2018-06-05,0.067,0.0851583406329155
Quinault,2018-06-06,0.072,0.07749577611684799
Quinault,2018-06-07,0.069,0.08462681621313095
Quinault,2018-06-08,0.118,0.1434735506772995
Quinault,2018-06-09,0.16,0.16697385907173157
Quinault,2018-06-10,0.177,0.1835102140903473
Quinault,2018-06-11,0.156,0.17102523148059845
Quinault,2018-06-12,0.144,0.16923250257968903
Quinault,2018-06-13,0.183,0.17495839297771454
Quinault,2018-06-14,0.173,0.16594135761260986
Quinault,2018-06-15,0.164,0.16789789497852325
Quinault,2018-06-16,0.153,0.16459593176841736
Quinault,2018-06-17,0.14,0.1495988517999649
Quinault,2018-06-18,0.13,0.13812649250030518
Quinault,2018-06-19,0.121,0.12382446974515915
Quinault,2018-06-20,0.113,0.11251340061426163
Quinault,2018-06-21,0.107,0.10822656005620956
Quinault,2018-06-22,0.104,0.10880977660417557
Quinault,2018-06-23,0.097,0.10646141320466995
Quinault,2018-06-24,0.09,0.10637432336807251
Quinault,2018-06-25,0.088,0.1057569682598114
Quinault,2018-06-26,0.085,0.10200448334217072
Quinault,2018-06-27,0.081,0.10829930752515793
Quinault,2018-06-28,0.078,0.10676299780607224
Quinault,2018-06-29,0.076,0.10326840728521347
Quinault,2018-06-30,0.073,0.10482913255691528
Quinault,2018-07-01,0.075,0.10487093031406403
Quinault,2018-07-02,0.073,0.11232839524745941
Quinault,2018-07-03,0.069,0.10364678502082825
Quinault,2018-07-04,0.065,0.09682914614677429
Quinault,2018-07-05,0.063,0.0959717258810997
Quinault,2018-07-06,0.062,0.12157388031482697
Quinault,2018-07-07,0.07,0.132054403424263
Quinault,2018-07-08,0.07,0.125388965010643
Quinault,2018-07-09,0.067,0.1179729700088501
Quinault,2018-07-10,0.065,0.11074237525463104
Quinault,2018-07-11,0.061,0.11273826658725739
Quinault,2018-07-12,0.055,0.10134207457304001
Quinault,2018-07-13,0.051,0.1090797707438469
Quinault,2018-07-14,0.046,0.08676690608263016
Quinault,2018-07-15,0.042,0.0843178927898407
Quinault,2018-07-16,0.039,0.0813325047492981
Quinault,2018-07-17,0.036,0.07577238976955414
Quinault,2018-07-18,0.035,0.07763165235519409
Quinault,2018-07-19,0.034,0.07034541666507721
Quinault,2018-07-20,0.031,0.05914575606584549
Quinault,2018-07-21,0.03,0.05665802210569382
Quinault,2018-07-22,0.031,0.056257739663124084
Quinault,2018-07-23,0.029,0.0576028935611248
Quinault,2018-07-24,0.028,0.05650275945663452
Quinault,2018-07-25,0.026,0.05050939694046974
Quinault,2018-07-26,0.026,0.043962735682725906
Quinault,2018-07-27,0.025,0.04249219596385956
Quinault,2018-07-28,0.024,0.03637094423174858
Quinault,2018-07-29,0.024,0.03184826672077179
Quinault,2018-07-30,0.023,0.027363542467355728
Quinault,2018-07-31,0.022,0.02816685661673546
Quinault,2018-08-01,0.022,0.026945391669869423
Quinault,2018-08-02,0.021,0.03358973562717438
Quinault,2018-08-03,0.021,0.03940107673406601
Quinault,2018-08-04,0.022,0.04408011585474014
Quinault,2018-08-05,0.022,0.03910418972373009
Quinault,2018-08-06,0.021,0.0422215573489666
Quinault,2018-08-07,0.021,0.03994950279593468
Quinault,2018-08-08,0.023,0.04065578803420067
Quinault,2018-08-09,0.021,0.03733060881495476
Quinault,2018-08-10,0.024,0.03739695996046066
Quinault,2018-08-11,0.111,0.08962077647447586
Quinault,2018-08-12,0.131,0.11341866850852966
Quinault,2018-08-13,0.121,0.11633003503084183
Quinault,2018-08-14,0.115,0.11611335724592209
Quinault,2018-08-15,0.11,0.1055910736322403
Quinault,2018-08-16,0.107,0.1060749739408493
Quinault,2018-08-17,0.103,0.10534268617630005
Quinault,2018-08-18,0.099,0.0993586927652359
Quinault,2018-08-19,0.095,0.08778884261846542
Quinault,2018-08-20,0.091,0.09148047119379044
Quinault,2018-08-21,0.088,0.08660247921943665
Quinault,2018-08-22,0.085,0.07196232676506042
Quinault,2018-08-23,0.081,0.06843546777963638
Quinault,2018-08-24,0.078,0.06876972317695618
Quinault,2018-08-25,0.076,0.0694151520729065
Quinault,2018-08-26,0.084,0.08277667313814163
Quinault,2018-08-27,0.1,0.07743005454540253
Quinault,2018-08-28,0.095,0.08102159202098846
Quinault,2018-08-29,0.09,0.0743272602558136
Quinault,2018-08-30,0.105,0.07749661803245544
Quinault,2018-08-31,0.143,0.0772257149219513
Quinault,2018-09-01,0.123,0.07714014500379562
Quinault,2018-09-02,0.111,0.07874025404453278
Quinault,2018-09-03,0.103,0.0763433650135994
Quinault,2018-09-04,0.096,0.0751819834113121
Quinault,2018-09-05,0.09,0.06973163038492203
Quinault,2018-09-06,0.085,0.070875383913517
Quinault,2018-09-07,0.094,0.0963372066617012
Quinault,2018-09-08,0.158,0.10868587344884872
Quinault,2018-09-09,0.175,0.16800186038017273
Quinault,2018-09-10,0.186,0.18585018813610077
Quinault,2018-09-11,0.201,0.19608156383037567
Quinault,2018-09-12,0.174,0.18773694336414337
Quinault,2018-09-13,0.162,0.18404115736484528
Quinault,2018-09-14,0.162,0.1826944500207901
Quinault,2018-09-15,0.209,0.18624529242515564
Quinault,2018-09-16,0.204,0.20080044865608215
Quinault,2018-09-17,0.168,0.17438150942325592
Quinault,2018-09-18,0.155,0.17005464434623718
Quinault,2018-09-19,0.148,0.18158601224422455
Quinault,2018-09-20,0.161,0.17779739201068878
Quinault,2018-09-21,0.201,0.18806421756744385
Quinault,2018-09-22,0.195,0.18874400854110718
Quinault,2018-09-23,0.166,0.17257870733737946
Quinault,2018-09-24,0.157,0.17061534523963928
Quinault,2018-09-25,0.149,0.16522334516048431
Quinault,2018-09-26,0.144,0.15837039053440094
Quinault,2018-09-27,0.139,0.16088934242725372
Quinault,2018-09-28,0.135,0.15917770564556122
Quinault,2018-09-29,0.133,0.15773656964302063
Quinault,2018-09-30,0.186,0.1665855348110199
Quinault,2018-10-01,0.201,0.17442815005779266
Quinault,2018-10-02,0.178,0.17565274238586426
Quinault,2018-10-03,0.163,0.1682639718055725
Quinault,2018-10-04,0.156,0.16745209693908691
Quinault,2018-10-05,0.175,0.16863007843494415
Quinault,2018-10-06,0.168,0.1775093972682953
Quinault,2018-10-07,0.188,0.1975838989019394
Quinault,2018-10-08,0.181,0.19096456468105316
Quinault,2018-10-09,0.175,0.19171790778636932
Quinault,2018-10-10,0.162,0.1876039355993271
Quinault,2018-10-11,0.154,0.17292161285877228
Quinault,2018-10-12,0.149,0.1756124496459961
Quinault,2018-10-13,0.145,0.17247697710990906
Quinault,2018-10-14,0.141,0.16686885058879852
Quinault,2018-10-15,0.137,0.1472521871328354
Quinault,2018-10-16,0.135,0.14140495657920837
Quinault,2018-10-17,0.131,0.13564765453338623
Quinault,2018-10-18,0.129,0.13345125317573547
Quinault,2018-10-19,0.127,0.13404028117656708
Quinault,2018-10-20,0.125,0.13310886919498444
Quinault,2018-10-21,0.122,0.1333579123020172
Quinault,2018-10-22,0.12,0.13813677430152893
Quinault,2018-10-23,0.12,0.14536961913108826
Quinault,2018-10-24,0.13,0.161600261926651
Quinault,2018-10-25,0.21,0.2136709839105606
Quinault,2018-10-26,0.198,0.21464060246944427
Quinault,2018-10-28,0.208,0.2245786488056183
Quinault,2018-10-29,0.193,0.2188580483198166
Quinault,2018-10-30,0.181,0.2085837870836258
Quinault,2018-10-31,0.198,0.20955359935760498
Quinault,2018-11-01,0.226,0.21750076115131378
Quinault,2018-11-02,0.205,0.2152775526046753
Quinault,2018-11-03,0.219,0.21553850173950195
Quinault,2018-11-04,0.213,0.20888277888298035
Quinault,2018-11-05,0.21,0.20729298889636993
Quinault,2018-11-06,0.189,0.21375730633735657
Quinault,2018-11-07,0.176,0.189120352268219
Quinault,2018-11-08,0.167,0.1850392073392868
Quinault,2018-11-09,0.171,0.18439626693725586
Quinault,2018-11-10,0.17,0.1746462732553482
Quinault,2018-11-11,0.164,0.1746145784854889
Quinault,2018-11-12,0.161,0.17657682299613953
Quinault,2018-11-13,0.169,0.17879626154899597
Quinault,2018-11-14,0.211,0.19687765836715698
Quinault,2018-11-15,0.186,0.1967049092054367
Quinault,2018-11-16,0.193,0.19563028216362
Quinault,2018-11-17,0.182,0.1902237981557846
Quinault,2018-11-18,0.181,0.17775116860866547
Quinault,2018-11-19,0.178,0.1717635840177536
Quinault,2018-11-20,0.176,0.17190343141555786
Quinault,2018-11-21,0.232,0.20389552414417267
Quinault,2018-11-22,0.239,0.21317005157470703
Quinault,2018-11-23,0.233,0.21848510205745697
Quinault,2018-11-24,0.2,0.1960957795381546
Quinault,2018-11-25,0.205,0.2091750055551529
Quinault,2018-11-26,0.266,0.233474999666214
Quinault,2018-11-27,0.234,0.22282887995243073
Quinault,2018-11-28,0.216,0.2204987108707428
Quinault,2018-11-29,0.195,0.19925488531589508
Quinault,2018-11-30,0.215,0.21982169151306152
Quinault,2018-12-01,0.203,0.20417462289333344
Quinault,2018-12-02,0.191,0.18558821082115173
Quinault,2018-12-03,0.185,0.18489006161689758
Quinault,2018-12-04,0.181,0.18131977319717407
Quinault,2018-12-05,0.183,0.17990505695343018
Quinault,2018-12-06,0.203,0.18191541731357574
Quinault,2018-12-07,0.202,0.1866283118724823
Quinault,2018-12-08,0.219,0.19100011885166168
Quinault,2018-12-09,0.234,0.2171330451965332
Quinault,2018-12-10,0.227,0.21862730383872986
Quinault,2018-12-11,0.251,0.2323600798845291
Quinault,2018-12-12,0.235,0.22883951663970947
Quinault,2018-12-13,0.254,0.22739256918430328
Quinault,2018-12-14,0.221,0.22798295319080353
Quinault,2018-12-15,0.213,0.22707298398017883
Quinault,2018-12-16,0.249,0.2300141602754593
Quinault,2018-12-17,0.245,0.22544850409030914
Quinault,2018-12-18,0.242,0.2293396145105362
Quinault,2018-12-19,0.211,0.2238372415304184
Quinault,2018-12-20,0.232,0.22439447045326233
Quinault,2018-12-21,0.203,0.2220488339662552
Quinault,2018-12-22,0.23,0.21936333179473877
Quinault,2018-12-23,0.235,0.2232750654220581
Quinault,2018-12-24,0.199,0.19929949939250946
Quinault,2018-12-25,0.189,0.21241815388202667
Quinault,2018-12-26,0.22,0.21408569812774658
Quinault,2018-12-27,0.199,0.20436237752437592
Quinault,2018-12-28,0.234,0.21404170989990234
Quinault,2018-12-29,0.252,0.22234152257442474
Quinault,2018-12-30,0.218,0.2190241515636444
Quinault,2018-12-31,0.195,0.18467046320438385
Quinault,2019-01-01,0.19,0.2020338624715805
Quinault,2019-01-02,0.208,0.21461711823940277
Quinault,2019-01-03,0.263,0.24077442288398743
Quinault,2019-01-04,0.222,0.23660480976104736
Quinault,2019-01-05,0.207,0.2353777289390564
Quinault,2019-01-06,0.236,0.2342590093612671
Quinault,2019-01-07,0.215,0.23188136518001556
Quinault,2019-01-08,0.225,0.2320108413696289
Quinault,2019-01-09,0.244,0.24088215827941895
Quinault,2019-01-10,0.232,0.2361448109149933
Quinault,2019-01-11,0.205,0.21255581080913544
Quinault,2019-01-12,0.194,0.21018274128437042
Quinault,2019-01-13,0.189,0.20998799800872803
Quinault,2019-01-14,0.186,0.19302648305892944
Quinault,2019-01-15,0.184,0.19145043194293976
Quinault,2019-01-16,0.186,0.2045237123966217
Quinault,2019-01-17,0.243,0.22688885033130646
Quinault,2019-01-18,0.24,0.23423591256141663
Quinault,2019-01-19,0.23,0.2370937168598175
Quinault,2019-01-20,0.2,0.21329711377620697
Quinault,2019-01-21,0.192,0.20441603660583496
Quinault,2019-01-22,0.245,0.23782190680503845
Quinault,2019-01-23,0.224,0.23210221529006958
Quinault,2019-01-24,0.202,0.2073647528886795
Quinault,2019-01-25,0.195,0.20429614186286926
Quinault,2019-01-26,0.19,0.19451144337654114
Quinault,2019-01-27,0.19,0.18997710943222046
Quinault,2019-01-28,0.189,0.1865088939666748
Quinault,2019-01-29,0.188,0.18593545258045197
Quinault,2019-01-30,0.185,0.18718324601650238
Quinault,2019-01-31,0.186,0.18746596574783325
Quinault,2019-02-01,0.251,0.22179390490055084
Quinault,2019-02-02,0.217,0.22278299927711487
Quinault,2019-02-03,0.204,0.22139203548431396
Quinault,2019-02-04,0.209,0.21973256766796112
Quinault,2019-02-05,0.206,0.1990525871515274
Quinault,2019-02-06,0.197,0.1977269947528839
Quinault,2019-02-07,0.192,0.1875443160533905
Quinault,2019-02-08,0.191,0.20463287830352783
Quinault,2019-02-09,0.197,0.22218599915504456
Quinault,2019-02-10,0.199,0.22721050679683685
Quinault,2019-02-11,0.202,0.23033812642097473
Quinault,2019-02-12,0.218,0.23644950985908508
Quinault,2019-02-13,0.214,0.2332371175289154
Quinault,2019-02-14,0.219,0.23540480434894562
Quinault,2019-02-15,0.224,0.23570692539215088
Quinault,2019-02-16,0.214,0.23004275560379028
Quinault,2019-02-17,0.216,0.232894629240036
Quinault,2019-02-18,0.214,0.22721150517463684
Quinault,2019-02-19,0.23,0.23175565898418427
Quinault,2019-02-20,0.231,0.22843098640441895
Quinault,2019-02-21,0.234,0.21474125981330872
Quinault,2019-02-22,0.235,0.23342381417751312
Quinault,2019-02-23,0.245,0.2261272817850113
Quinault,2019-02-24,0.234,0.22782458364963531
Quinault,2019-02-25,0.214,0.23018743097782135
Quinault,2019-02-26,0.216,0.22805944085121155
Quinault,2019-02-27,0.207,0.22527818381786346
Quinault,2019-02-28,0.208,0.2148415446281433
Quinault,2019-03-01,0.2,0.2137751281261444
Quinault,2019-03-02,0.195,0.20616520941257477
Quinault,2019-03-03,0.191,0.20925728976726532
Quinault,2019-03-04,0.187,0.1960228681564331
Quinault,2019-03-05,0.183,0.18991142511367798
Quinault,2019-03-06,0.18,0.19162099063396454
Quinault,2019-03-07,0.195,0.19848379492759705
Quinault,2019-03-08,0.206,0.19857007265090942
Quinault,2019-03-09,0.197,0.19584546983242035
Quinault,2019-03-10,0.19,0.1970384567975998
Quinault,2019-03-11,0.208,0.22063639760017395
Quinault,2019-03-12,0.228,0.22543184459209442
Quinault,2019-03-13,0.207,0.2249172478914261
Quinault,2019-03-14,0.198,0.22102296352386475
Quinault,2019-03-15,0.193,0.19847071170806885
Quinault,2019-03-16,0.189,0.18934392929077148
Quinault,2019-03-17,0.186,0.19472052156925201
Quinault,2019-03-18,0.182,0.17882408201694489
Quinault,2019-03-19,0.177,0.16596487164497375
Quinault,2019-03-20,0.173,0.1641056090593338
Quinault,2019-03-21,0.169,0.16678550839424133
Quinault,2019-03-22,0.18,0.17213833332061768
Quinault,2019-03-23,0.201,0.17785707116127014
Quinault,2019-03-24,0.19,0.17207372188568115
Quinault,2019-03-25,0.203,0.2025357335805893
Quinault,2019-03-26,0.227,0.21973861753940582
Quinault,2019-03-27,0.199,0.21845684945583344
Quinault,2019-03-28,0.191,0.21167773008346558
Quinault,2019-03-29,0.188,0.20954278111457825
Quinault,2019-03-30,0.187,0.20113559067249298
Quinault,2019-03-31,0.186,0.199238583445549
Quinault,2019-04-01,0.183,0.19838504493236542
Quinault,2019-04-02,0.179,0.1942131519317627
Quinault,2019-04-03,0.242,0.22146610915660858
Quinault,2019-04-04,0.215,0.2237708419561386
Quinault,2019-04-05,0.244,0.2378409206867218
Quinault,2019-04-06,0.252,0.24727553129196167
Quinault,2019-04-07,0.225,0.23408626019954681
Quinault,2019-04-08,0.226,0.24377311766147614
Quinault,2019-04-09,0.217,0.22854967415332794
Quinault,2019-04-10,0.228,0.22590422630310059
Quinault,2019-04-11,0.233,0.2309100180864334
Quinault,2019-04-12,0.219,0.22374001145362854
Quinault,2019-04-13,0.236,0.23561808466911316
Quinault,2019-04-14,0.237,0.2334204763174057
Quinault,2019-04-15,0.213,0.2244393676519394
Quinault,2019-04-16,0.214,0.2270534187555313
Quinault,2019-04-17,0.234,0.2247159481048584
Quinault,2019-04-18,0.233,0.2281724363565445
Quinault,2019-04-19,0.227,0.23204614222049713
Quinault,2019-04-20,0.206,0.21932607889175415
Quinault,2019-04-21,0.196,0.21487396955490112
Quinault,2019-04-22,0.218,0.21519994735717773
Quinault,2019-04-23,0.223,0.20642392337322235
Quinault,2019-04-24,0.201,0.20635661482810974
Quinault,2019-04-25,0.191,0.20368537306785583
Quinault,2019-04-26,0.183,0.17930929362773895
Quinault,2019-04-27,0.178,0.18075551092624664
Quinault,2019-04-28,0.174,0.1818772852420807
Quinault,2019-04-29,0.168,0.18013493716716766
Quinault,2019-04-30,0.163,0.17536208033561707
Quinault,2019-05-01,0.157,0.17168506979942322
Quinault,2019-05-02,0.151,0.16137969493865967
Quinault,2019-05-03,0.144,0.1536707580089569
Quinault,2019-05-04,0.135,0.1506001204252243
Quinault,2019-05-05,0.128,0.1418733447790146
Quinault,2019-05-06,0.119,0.13046397268772125
Quinault,2019-05-07,0.11,0.1222100704908371
Quinault,2019-05-08,0.103,0.11900633573532104
Quinault,2019-05-09,0.095,0.11632829904556274
Quinault,2019-05-10,0.087,0.10452774912118912
Quinault,2019-05-11,0.08,0.10445843636989594
Quinault,2019-05-12,0.076,0.08393437415361404
Quinault,2019-05-13,0.073,0.086539126932621
Quinault,2019-05-14,0.141,0.140278160572052
Quinault,2019-05-15,0.185,0.15900170803070068
Quinault,2019-05-16,0.197,0.1900319904088974
Quinault,2019-05-17,0.188,0.20109769701957703
Quinault,2019-05-18,0.189,0.20084461569786072
Quinault,2019-05-19,0.185,0.20280389487743378
Quinault,2019-05-20,0.195,0.19864223897457123
Quinault,2019-05-21,0.191,0.17949841916561127
Quinault,2019-05-22,0.182,0.18312589824199677
Quinault,2019-05-23,0.168,0.16695985198020935
Quinault,2019-05-24,0.16,0.16225285828113556
Quinault,2019-05-25,0.173,0.16676507890224457
Quinault,2019-05-26,0.182,0.16862410306930542
Quinault,2019-05-27,0.171,0.16241466999053955
Quinault,2019-05-28,0.163,0.1567542552947998
Quinault,2019-05-29,0.156,0.15115131437778473
Quinault,2019-05-30,0.147,0.14559248089790344
Quinault,2019-05-31,0.145,0.14374271035194397
Quinault,2019-06-01,0.184,0.1433805525302887
Quinault,2019-06-02,0.178,0.1420716643333435
Quinault,2019-06-03,0.168,0.14268410205841064
Quinault,2019-06-04,0.157,0.13683472573757172
Quinault,2019-06-05,0.156,0.13645030558109283
Quinault,2019-06-06,0.175,0.15887118875980377
Quinault,2019-06-07,0.256,0.21018865704536438
Quinault,2019-06-08,0.239,0.206904798746109
Quinault,2019-06-09,0.222,0.18952535092830658
Quinault,2019-06-10,0.209,0.16329419612884521
Quinault,2019-06-11,0.196,0.1489187628030777
Quinault,2019-06-12,0.184,0.14295877516269684
Quinault,2019-06-13,0.172,0.14445561170578003
Quinault,2019-06-14,0.164,0.1422528475522995
Quinault,2019-06-15,0.156,0.12897877395153046
Quinault,2019-06-16,0.148,0.11754055321216583
Quinault,2019-06-17,0.141,0.11335287988185883
Quinault,2019-06-18,0.135,0.11109695583581924
Quinault,2019-06-19,0.13,0.11308129876852036
Quinault,2019-06-20,0.127,0.11244620382785797
Quinault,2019-06-21,0.124,0.11444924771785736
Quinault,2019-06-22,0.121,0.10853581875562668
Quinault,2019-06-23,0.117,0.10888602584600449
Quinault,2019-06-24,0.114,0.10307230055332184
Quinault,2019-06-25,0.112,0.11377178877592087
Quinault,2019-06-26,0.127,0.1410236656665802
Quinault,2019-06-27,0.216,0.1977541446685791
Quinault,2019-06-28,0.211,0.20544500648975372
Quinault,2019-06-29,0.19,0.19389639794826508
Quinault,2019-06-30,0.176,0.17319177091121674
Quinault,2019-07-01,0.164,0.1518920511007309
Quinault,2019-07-02,0.157,0.15205135941505432
Quinault,2019-07-03,0.152,0.14923380315303802
Quinault,2019-07-04,0.144,0.1396501064300537
Quinault,2019-07-05,0.14,0.133694589138031
Quinault,2019-07-06,0.136,0.13668450713157654
Quinault,2019-07-07,0.132,0.13146242499351501
Quinault,2019-07-08,0.13,0.13038529455661774
Quinault,2019-07-09,0.14,0.1551557183265686
Quinault,2019-07-10,0.242,0.21528692543506622
Quinault,2019-07-11,0.232,0.21630914509296417
Quinault,2019-07-12,0.212,0.2149498462677002
Quinault,2019-07-13,0.199,0.2101166844367981
Quinault,2019-07-14,0.189,0.1951458603143692
Quinault,2019-07-15,0.181,0.19409684836864471
Quinault,2019-07-16,0.176,0.18873682618141174
Quinault,2019-07-17,0.236,0.2203410267829895
Quinault,2019-07-18,0.236,0.22093206644058228
Quinault,2019-07-19,0.224,0.21857850253582
Quinault,2019-07-20,0.213,0.21233005821704865
Quinault,2019-07-21,0.203,0.19287437200546265
Quinault,2019-07-22,0.194,0.19012753665447235
Quinault,2019-07-23,0.187,0.18785697221755981
Quinault,2019-07-24,0.182,0.190174400806427
Quinault,2019-07-25,0.174,0.1592550426721573
Quinault,2019-07-26,0.166,0.15077021718025208
Quinault,2019-07-27,0.194,0.15463443100452423
Quinault,2019-07-28,0.187,0.15232618153095245
Quinault,2019-07-29,0.177,0.15416787564754486
Quinault,2019-07-30,0.169,0.15179656445980072
Quinault,2019-07-31,0.162,0.14675675332546234
Quinault,2019-08-01,0.165,0.1530393362045288
Quinault,2019-08-02,0.245,0.21860557794570923
Quinault,2019-08-03,0.218,0.22051702439785004
Quinault,2019-08-04,0.206,0.21748793125152588
Quinault,2019-08-05,0.197,0.20915082097053528
Quinault,2019-08-06,0.19,0.17394255101680756
Quinault,2019-08-07,0.186,0.16365349292755127
Quinault,2019-08-08,0.183,0.16435657441616058
Quinault,2019-08-09,0.179,0.15804174542427063
Quinault,2019-08-10,0.198,0.17054258286952972
Quinault,2019-08-11,0.226,0.20370817184448242
Quinault,2019-08-12,0.243,0.2122415155172348
Quinault,2019-08-13,0.225,0.1936742216348648
Quinault,2019-08-14,0.212,0.17686814069747925
Quinault,2019-08-15,0.204,0.16957440972328186
Quinault,2019-08-16,0.197,0.1609465479850769
Quinault,2019-08-17,0.19,0.15855279564857483
Quinault,2019-08-18,0.183,0.139364555478096
Quinault,2019-08-19,0.177,0.13561660051345825
Quinault,2019-08-20,0.171,0.1325226128101349
Quinault,2019-08-21,0.245,0.20867446064949036
Quinault,2019-08-22,0.238,0.22317229211330414
Quinault,2019-08-23,0.226,0.22300322353839874
Quinault,2019-08-24,0.217,0.2191922664642334
Quinault,2019-08-25,0.208,0.1836175173521042
Quinault,2019-08-26,0.199,0.1683717519044876
Quinault,2019-08-27,0.191,0.16296297311782837
Quinault,2019-08-28,0.183,0.15767917037010193
Quinault,2019-08-29,0.177,0.14732468128204346
Quinault,2019-08-30,0.175,0.15805135667324066
Quinault,2019-08-31,0.178,0.18006449937820435
Quinault,2019-09-01,0.18,0.20049652457237244
Quinault,2019-09-02,0.178,0.19606731832027435
Quinault,2019-09-03,0.176,0.17025966942310333
Quinault,2019-09-04,0.174,0.16504138708114624
Quinault,2019-09-05,0.171,0.16077083349227905
Quinault,2019-09-06,0.168,0.1610780507326126
Quinault,2019-09-07,0.168,0.15870141983032227
Quinault,2019-09-08,0.197,0.176306813955307
Quinault,2019-09-09,0.232,0.22939114272594452
Quinault,2019-09-10,0.23,0.23146243393421173
Quinault,2019-09-11,0.22,0.23343594372272491
Quinault,2019-09-12,0.233,0.245465949177742
Quinault,2019-09-13,0.269,0.24171777069568634
Quinault,2019-09-14,0.278,0.25646963715553284
Quinault,2019-09-15,0.268,0.25969552993774414
Quinault,2019-09-16,0.264,0.25081202387809753
Quinault,2019-09-17,0.277,0.26194602251052856
Quinault,2019-09-18,0.258,0.25306403636932373
Quinault,2019-09-19,0.25,0.2524139881134033
Quinault,2019-09-20,0.242,0.23433125019073486
Quinault,2019-09-21,0.236,0.22619721293449402
Quinault,2019-09-22,0.265,0.24074909090995789
Quinault,2019-09-23,0.268,0.24865669012069702
Quinault,2019-09-24,0.259,0.2479020357131958
Quinault,2019-09-25,0.243,0.23796683549880981
Quinault,2019-09-26,0.26,0.23931270837783813
Quinault,2019-09-27,0.243,0.23881326615810394
Quinault,2019-09-28,0.235,0.24005559086799622
Quinault,2019-09-29,0.229,0.23844118416309357
Quinault,2019-09-30,0.223,0.21761444211006165
Quinault,2019-10-01,0.217,0.21180060505867004
Quinault,2019-10-02,0.213,0.20749545097351074
Quinault,2019-10-03,0.251,0.23110002279281616
Quinault,2019-10-04,0.273,0.24367383122444153
Quinault,2019-10-05,0.253,0.23695971071720123
Quinault,2019-10-06,0.243,0.23115114867687225
Quinault,2019-10-07,0.264,0.24991635978221893
Quinault,2019-10-08,0.265,0.2426333874464035
Quinault,2019-10-09,0.247,0.234084352850914
Quinault,2019-10-10,0.238,0.23066848516464233
Quinault,2019-10-11,0.232,0.216075599193573
Quinault,2019-10-12,0.229,0.2173762172460556
Quinault,2019-10-13,0.226,0.2156713306903839
Quinault,2019-10-14,0.222,0.21328969299793243
Quinault,2019-10-15,0.236,0.21975526213645935
Quinault,2019-10-16,0.286,0.2529410123825073
Quinault,2019-10-17,0.293,0.2703016996383667
Quinault,2019-10-18,0.289,0.2631240785121918
Quinault,2019-10-19,0.276,0.26532936096191406
Quinault,2019-10-20,0.275,0.26164522767066956
Quinault,2019-10-21,0.309,0.2619260549545288
Quinault,2019-10-22,0.268,0.24821524322032928
Quinault,2019-10-23,0.253,0.2414551079273224
Quinault,2019-10-24,0.247,0.24123410880565643
Quinault,2019-10-25,0.246,0.22941826283931732
Quinault,2019-10-27,0.235,0.22167089581489563
Quinault,2019-10-28,0.231,0.21840046346187592
Quinault,2019-10-29,0.227,0.21210013329982758
Quinault,2019-10-30,0.224,0.21183238923549652
Quinault,2019-10-31,0.221,0.2138560265302658
Quinault,2019-11-01,0.22,0.21311642229557037
Quinault,2019-11-02,0.218,0.21231649816036224
Quinault,2019-11-03,0.216,0.21120288968086243
Quinault,2019-11-04,0.215,0.21021907031536102
Quinault,2019-11-05,0.215,0.2085956335067749
Quinault,2019-11-06,0.214,0.20964328944683075
Quinault,2019-11-07,0.213,0.20928120613098145
Quinault,2019-11-08,0.212,0.20673894882202148
Quinault,2019-11-09,0.245,0.2289421260356903
Quinault,2019-11-10,0.25,0.23320187628269196
Quinault,2019-11-11,0.243,0.23155759274959564
Quinault,2019-11-12,0.257,0.23696891963481903
Quinault,2019-11-13,0.249,0.22412310540676117
Quinault,2019-11-14,0.244,0.22516052424907684
Quinault,2019-11-15,0.278,0.24523013830184937
Quinault,2019-11-16,0.276,0.25040215253829956
Quinault,2019-11-17,0.291,0.26263427734375
Quinault,2019-11-18,0.274,0.2698260545730591
Quinault,2019-11-19,0.274,0.26336273550987244
Quinault,2019-11-20,0.253,0.24983173608779907
Quinault,2019-11-21,0.247,0.24359530210494995
Quinault,2019-11-22,0.243,0.23510201275348663
Quinault,2019-11-23,0.265,0.2529296278953552
Quinault,2019-11-24,0.272,0.25551319122314453
Quinault,2019-11-25,0.264,0.2454444169998169
Quinault,2019-11-26,0.253,0.24843020737171173
Quinault,2019-11-27,0.248,0.2321973294019699
Quinault,2019-11-28,0.242,0.2300892174243927
Quinault,2019-11-29,0.239,0.2283608317375183
Quinault,2019-11-30,0.287,0.22831764817237854
Quinault,2019-12-01,0.272,0.23708200454711914
Quinault,2019-12-02,0.258,0.2349444329738617
Quinault,2019-12-03,0.271,0.2377106249332428
Quinault,2019-12-04,0.276,0.24356798827648163
Quinault,2019-12-05,0.257,0.2323358952999115
Quinault,2019-12-06,0.262,0.23989646136760712
Quinault,2019-12-07,0.282,0.24698105454444885
Quinault,2019-12-08,0.258,0.24797886610031128
Quinault,2019-12-09,0.251,0.24880553781986237
Quinault,2019-12-10,0.266,0.24809491634368896
Quinault,2019-12-11,0.284,0.25553828477859497
Quinault,2019-12-12,0.298,0.26950082182884216
Quinault,2019-12-13,0.28,0.26776593923568726
Quinault,2019-12-14,0.261,0.26573696732521057
Quinault,2019-12-15,0.253,0.25253742933273315
Quinault,2019-12-16,0.276,0.24623940885066986
Quinault,2019-12-17,0.264,0.2415328472852707
Quinault,2019-12-18,0.28,0.26364609599113464
Quinault,2019-12-19,0.308,0.2785601317882538
Quinault,2019-12-20,0.309,0.2826121151447296
Quinault,2019-12-21,0.288,0.2783573269844055
Quinault,2019-12-22,0.274,0.2726691663265228
Quinault,2019-12-23,0.263,0.2566021978855133
Quinault,2019-12-24,0.267,0.25682398676872253
Quinault,2019-12-25,0.27,0.2484332174062729
Quinault,2019-12-26,0.262,0.2536770701408386
Quinault,2019-12-27,0.274,0.2518969178199768
Quinault,2019-12-28,0.265,0.24948246777057648
Quinault,2019-12-29,0.276,0.2544119358062744
Quinault,2019-12-30,0.27,0.25066077709198
Quinault,2019-12-31,0.325,0.28021132946014404
Quinault,2020-01-01,0.3,0.2998103201389313
Quinault,2020-01-02,0.29,0.2983589470386505
Quinault,2020-01-03,0.307,0.30039268732070923
Quinault,2020-01-04,0.299,0.30031734704971313
Quinault,2020-01-05,0.3,0.30137836933135986
Quinault,2020-01-06,0.361,0.31182894110679626
Quinault,2020-01-07,0.329,0.3099837005138397
Quinault,2020-01-08,0.289,0.30663755536079407
Quinault,2020-01-09,0.276,0.3059239685535431
Quinault,2020-01-10,0.319,0.3064716160297394
Quinault,2020-01-11,0.309,0.3031866252422333
Quinault,2020-01-12,0.319,0.30681678652763367
Quinault,2020-01-13,0.28,0.2932034432888031
Quinault,2020-01-14,0.274,0.28878864645957947
Quinault,2020-01-15,0.288,0.28442612290382385
Quinault,2020-01-16,0.292,0.27964287996292114
Quinault,2020-01-17,0.273,0.2876855432987213
Quinault,2020-01-18,0.311,0.2920287251472473
Quinault,2020-01-19,0.301,0.29572826623916626
Quinault,2020-01-20,0.292,0.30351173877716064
Quinault,2020-01-21,0.325,0.31505072116851807
Quinault,2020-01-22,0.321,0.31045401096343994
Quinault,2020-01-23,0.361,0.3190401792526245
Quinault,2020-01-24,0.319,0.3221009373664856
Quinault,2020-01-25,0.292,0.3117697238922119
Quinault,2020-01-26,0.321,0.312465101480484
Quinault,2020-01-27,0.308,0.303242951631546
Quinault,2020-01-28,0.302,0.30163025856018066
Quinault,2020-01-29,0.309,0.3061853051185608
Quinault,2020-01-30,0.305,0.3009060025215149
Quinault,2020-01-31,0.347,0.30667346715927124
Quinault,2020-02-01,0.316,0.29908478260040283
Quinault,2020-02-02,0.287,0.29295799136161804
Quinault,2020-02-03,0.283,0.27813008427619934
Quinault,2020-02-04,0.298,0.2968854606151581
Quinault,2020-02-05,0.316,0.2891087532043457
Quinault,2020-02-06,0.326,0.3031591773033142
Quinault,2020-02-07,0.318,0.2994343936443329
Quinault,2020-02-08,0.293,0.295270711183548
Quinault,2020-02-09,0.265,0.2740137577056885
Quinault,2020-02-10,0.258,0.2644331157207489
Quinault,2020-02-11,0.255,0.24803093075752258
Quinault,2020-02-12,0.255,0.2425116002559662
Quinault,2020-02-13,0.276,0.2641107738018036
Quinault,2020-02-14,0.291,0.26623374223709106
Quinault,2020-02-15,0.305,0.28008684515953064
Quinault,2020-02-16,0.288,0.27920129895210266
Quinault,2020-02-17,0.275,0.2686317265033722
Quinault,2020-02-18,0.261,0.2588803768157959
Quinault,2020-02-19,0.255,0.2387075126171112
Quinault,2020-02-20,0.25,0.24015848338603973
Quinault,2020-02-21,0.247,0.23809319734573364
Quinault,2020-02-22,0.272,0.25087642669677734
Quinault,2020-02-23,0.306,0.27940112352371216
Quinault,2020-02-24,0.273,0.2751251459121704
Quinault,2020-02-25,0.26,0.2772267460823059
Quinault,2020-02-26,0.26,0.2708280086517334
Quinault,2020-02-27,0.253,0.24346812069416046
Quinault,2020-02-28,0.271,0.268782377243042
Quinault,2020-02-29,0.291,0.2753041982650757
Quinault,2020-03-01,0.265,0.27326950430870056
Quinault,2020-03-02,0.289,0.27340587973594666
Quinault,2020-03-03,0.296,0.2727147340774536
Quinault,2020-03-04,0.28,0.27050936222076416
Quinault,2020-03-05,0.286,0.2786655128002167
Quinault,2020-03-06,0.28,0.2732851505279541
Quinault,2020-03-07,0.283,0.2709609866142273
Quinault,2020-03-08,0.266,0.26419776678085327
Quinault,2020-03-09,0.258,0.24483725428581238
Quinault,2020-03-10,0.272,0.24950817227363586
Quinault,2020-03-11,0.28,0.24671570956707
Quinault,2020-03-12,0.26,0.2461845874786377
Quinault,2020-03-13,0.271,0.2593827247619629
Quinault,2020-03-14,0.263,0.2427951842546463
Quinault,2020-03-15,0.255,0.23975341022014618
Quinault,2020-03-16,0.249,0.23664472997188568
Quinault,2020-03-17,0.244,0.22946582734584808
Quinault,2020-03-18,0.24,0.22179584205150604
Quinault,2020-03-19,0.236,0.22284169495105743
Quinault,2020-03-20,0.233,0.2161041647195816
Quinault,2020-03-21,0.23,0.2095792293548584
Quinault,2020-03-22,0.227,0.2124994546175003
Quinault,2020-03-23,0.283,0.25650742650032043
Quinault,2020-03-24,0.288,0.26118776202201843
Quinault,2020-03-25,0.266,0.2569684684276581
Quinault,2020-03-26,0.263,0.26220738887786865
Quinault,2020-03-27,0.295,0.26209011673927307
Quinault,2020-03-28,0.314,0.27681347727775574
Quinault,2020-03-29,0.299,0.2852104604244232
Quinault,2020-03-30,0.306,0.2969239354133606
Quinault,2020-03-31,0.291,0.28924301266670227
Quinault,2020-04-01,0.28,0.29175180196762085
Quinault,2020-04-02,0.271,0.2798560559749603
Quinault,2020-04-03,0.274,0.27122312784194946
Quinault,2020-04-04,0.266,0.25714337825775146
Quinault,2020-04-05,0.256,0.2477702796459198
Quinault,2020-04-06,0.249,0.2461457997560501
Quinault,2020-04-07,0.242,0.2307920753955841
Quinault,2020-04-08,0.236,0.22122536599636078
Quinault,2020-04-09,0.231,0.21921031177043915
Quinault,2020-04-10,0.226,0.21585263311862946
Quinault,2020-04-11,0.221,0.21298201382160187
Quinault,2020-04-12,0.215,0.2094886600971222
Quinault,2020-04-13,0.207,0.207685649394989
Quinault,2020-04-14,0.201,0.20546479523181915
Quinault,2020-04-15,0.196,0.19796061515808105
Quinault,2020-04-16,0.189,0.19661672413349152
Quinault,2020-04-17,0.183,0.19421307742595673
Quinault,2020-04-18,0.179,0.19913548231124878
Quinault,2020-04-19,0.177,0.19374197721481323
Quinault,2020-04-20,0.173,0.1847115010023117
Quinault,2020-04-21,0.171,0.17316563427448273
Quinault,2020-04-22,0.244,0.23780027031898499
Quinault,2020-04-23,0.259,0.24031978845596313
Quinault,2020-04-24,0.24,0.2422461062669754
Quinault,2020-04-25,0.268,0.2703734338283539
Quinault,2020-04-26,0.265,0.27256396412849426
Quinault,2020-04-27,0.29,0.28019359707832336
Quinault,2020-04-28,0.259,0.2750406563282013
Quinault,2020-04-29,0.264,0.26731473207473755
Quinault,2020-04-30,0.287,0.2684287130832672
Quinault,2020-05-01,0.262,0.2642921209335327
Quinault,2020-05-02,0.284,0.27954035997390747
Quinault,2020-05-03,0.275,0.27945178747177124
Quinault,2020-05-04,0.26,0.2746833860874176
Quinault,2020-05-05,0.262,0.27453628182411194
Quinault,2020-05-06,0.275,0.26619064807891846
Quinault,2020-05-07,0.251,0.25365880131721497
Quinault,2020-05-08,0.237,0.24710148572921753
Quinault,2020-05-09,0.225,0.24539591372013092
Quinault,2020-05-10,0.214,0.21370582282543182
Quinault,2020-05-11,0.209,0.2191402018070221
Quinault,2020-05-12,0.264,0.24503101408481598
Quinault,2020-05-13,0.285,0.253924697637558
Quinault,2020-05-14,0.26,0.25771304965019226
Quinault,2020-05-15,0.245,0.24722759425640106
Quinault,2020-05-16,0.267,0.26175639033317566
Quinault,2020-05-17,0.268,0.2588677704334259
Quinault,2020-05-18,0.257,0.25347626209259033
Quinault,2020-05-19,0.252,0.24989335238933563
Quinault,2020-05-20,0.241,0.24176113307476044
Quinault,2020-05-21,0.267,0.24874304234981537
Quinault,2020-05-22,0.271,0.24752983450889587
Quinault,2020-05-23,0.252,0.24533113837242126
Quinault,2020-05-24,0.241,0.25384044647216797
Quinault,2020-05-25,0.266,0.2582450807094574
Quinault,2020-05-26,0.253,0.25020986795425415
Quinault,2020-05-27,0.237,0.24116674065589905
Quinault,2020-05-28,0.225,0.23573367297649384
Quinault,2020-05-29,0.212,0.2207140177488327
Quinault,2020-05-30,0.221,0.2235366553068161
Quinault,2020-05-31,0.241,0.21351797878742218
Quinault,2020-06-01,0.226,0.21058717370033264
Quinault,2020-06-02,0.215,0.19265197217464447
Quinault,2020-06-03,0.209,0.1870286464691162
Quinault,2020-06-04,0.201,0.18127869069576263
Quinault,2020-06-05,0.194,0.1691150963306427
Quinault,2020-06-06,0.207,0.20490820705890656
Quinault,2020-06-07,0.242,0.2192082405090332
Quinault,2020-06-08,0.235,0.22837400436401367
Quinault,2020-06-09,0.289,0.2738431692123413
Quinault,2020-06-10,0.263,0.26667895913124084
Quinault,2020-06-11,0.251,0.25629758834838867
Quinault,2020-06-12,0.272,0.26534491777420044
Quinault,2020-06-13,0.272,0.25873202085494995
Quinault,2020-06-14,0.256,0.2491074651479721
Quinault,2020-06-15,0.278,0.2690252959728241
Quinault,2020-06-16,0.265,0.26434633135795593
Quinault,2020-06-17,0.253,0.24132835865020752
Quinault,2020-06-18,0.241,0.2391134351491928
Quinault,2020-06-19,0.23,0.22564604878425598
Quinault,2020-06-20,0.265,0.24424852430820465
Quinault,2020-06-21,0.258,0.22788213193416595
Quinault,2020-06-22,0.241,0.2238868772983551
Quinault,2020-06-23,0.228,0.21141810715198517
Quinault,2020-06-24,0.218,0.20234867930412292
Quinault,2020-06-25,0.207,0.19750189781188965
Quinault,2020-06-26,0.195,0.19674800336360931
Quinault,2020-06-27,0.186,0.19547893106937408
Quinault,2020-06-28,0.182,0.18597987294197083
Quinault,2020-06-29,0.177,0.18144316971302032
Quinault,2020-06-30,0.172,0.17952381074428558
Quinault,2020-07-01,0.17,0.1801210343837738
Quinault,2020-07-02,0.169,0.19404993951320648
Quinault,2020-07-03,0.188,0.20255304872989655
Quinault,2020-07-04,0.184,0.19765521585941315
Quinault,2020-07-05,0.177,0.19079668819904327
Quinault,2020-07-06,0.171,0.18387454748153687
Quinault,2020-07-07,0.168,0.18068529665470123
Quinault,2020-07-08,0.165,0.16979321837425232
Quinault,2020-07-09,0.166,0.18732388317584991
Quinault,2020-07-10,0.168,0.18033526837825775
Quinault,2020-07-11,0.174,0.20474079251289368
Quinault,2020-07-12,0.226,0.21256569027900696
Quinault,2020-07-13,0.205,0.20941361784934998
Quinault,2020-07-14,0.189,0.19634920358657837
Quinault,2020-07-15,0.176,0.17294493317604065
Quinault,2020-07-16,0.166,0.16546030342578888
Quinault,2020-07-17,0.159,0.15799297392368317
Quinault,2020-07-18,0.152,0.1537201851606369
Quinault,2020-07-19,0.146,0.13072700798511505
Quinault,2020-07-20,0.14,0.125162735581398
Quinault,2020-07-21,0.135,0.11850365251302719
Quinault,2020-07-22,0.131,0.11918240040540695
Quinault,2020-07-23,0.128,0.11507605761289597
Quinault,2020-07-24,0.124,0.12077894806861877
Quinault,2020-07-25,0.121,0.11563752591609955
Quinault,2020-07-26,0.117,0.11183199286460876
Quinault,2020-07-27,0.114,0.11329564452171326
Quinault,2020-07-28,0.111,0.10391569137573242
Quinault,2020-07-29,0.109,0.09613367170095444
Quinault,2020-07-30,0.107,0.08328638970851898
Quinault,2020-07-31,0.105,0.08113199472427368
Quinault,2020-08-01,0.105,0.07918211072683334
Quinault,2020-08-02,0.104,0.07682420313358307
Quinault,2020-08-03,0.103,0.08985015004873276
Quinault,2020-08-04,0.102,0.09035955369472504
Quinault,2020-08-05,0.102,0.09194467961788177
Quinault,2020-08-06,0.131,0.1198231428861618
Quinault,2020-08-07,0.13,0.12478088587522507
Quinault,2020-08-08,0.128,0.12327543646097183
Quinault,2020-08-09,0.124,0.12098663300275803
Quinault,2020-08-10,0.12,0.11540568619966507
Quinault,2020-08-11,0.115,0.11078553646802902
Quinault,2020-08-12,0.112,0.10115206986665726
Quinault,2020-08-13,0.108,0.09286181628704071
Quinault,2020-08-14,0.107,0.0898243859410286
Quinault,2020-08-15,0.104,0.08861695230007172
Quinault,2020-08-16,0.102,0.08803911507129669
Quinault,2020-08-17,0.101,0.0775173008441925
Quinault,2020-08-18,0.099,0.08136813342571259
Quinault,2020-08-19,0.098,0.08150715380907059
Quinault,2020-08-20,0.169,0.15702518820762634
Quinault,2020-08-21,0.216,0.22053071856498718
Quinault,2020-08-22,0.214,0.22046369314193726
Quinault,2020-08-23,0.201,0.2142292857170105
Quinault,2020-08-24,0.194,0.20425163209438324
Quinault,2020-08-25,0.187,0.19426442682743073
Quinault,2020-08-26,0.181,0.19449138641357422
Quinault,2020-08-27,0.175,0.19348160922527313
Quinault,2020-08-28,0.17,0.1924307644367218
Quinault,2020-08-29,0.166,0.1720527857542038
Quinault,2020-08-30,0.16,0.17303849756717682
Quinault,2020-08-31,0.156,0.16396331787109375
Quinault,2020-09-01,0.153,0.1531803160905838
Quinault,2020-09-02,0.149,0.14700649678707123
Quinault,2020-09-03,0.145,0.13768471777439117
Quinault,2020-09-04,0.142,0.13270919024944305
Quinault,2020-09-05,0.14,0.1329338401556015
Quinault,2020-09-06,0.137,0.12828508019447327
Quinault,2020-09-07,0.135,0.13063539564609528
Quinault,2020-09-08,0.13,0.12109454721212387
Quinault,2020-09-09,0.127,0.11593552678823471
Quinault,2020-09-10,0.124,0.10523340851068497
Quinault,2020-09-11,0.122,0.10364004969596863
Quinault,2020-09-12,0.122,0.09813851863145828
Quinault,2020-09-13,0.12,0.08852687478065491
Quinault,2020-09-14,0.12,0.11762119829654694
Quinault,2020-09-15,0.122,0.12188132107257843
Quinault,2020-09-16,0.134,0.12348267436027527
Quinault,2020-09-17,0.135,0.12311424314975739
Quinault,2020-09-18,0.148,0.1827419251203537
Quinault,2020-09-19,0.189,0.20261150598526
Quinault,2020-09-20,0.198,0.21394823491573334
Quinault,2020-09-21,0.193,0.21855543553829193
Quinault,2020-09-22,0.202,0.21485048532485962
Quinault,2020-09-23,0.268,0.2566526234149933
Quinault,2020-09-24,0.27,0.2688760757446289
Quinault,2020-09-25,0.27,0.2658042311668396
Quinault,2020-09-26,0.249,0.26072365045547485
Quinault,2020-09-27,0.234,0.24121738970279694
Quinault,2020-09-28,0.224,0.22786158323287964
Quinault,2020-09-29,0.216,0.21143412590026855
Quinault,2020-09-30,0.21,0.20569472014904022
Quinault,2020-10-01,0.206,0.20557479560375214
Quinault,2020-10-02,0.202,0.20447774231433868
Quinault,2020-10-03,0.199,0.19099096953868866
Quinault,2020-10-04,0.197,0.19078268110752106
Quinault,2020-10-05,0.194,0.19137567281723022
Quinault,2020-10-06,0.189,0.19167283177375793
Quinault,2020-10-07,0.184,0.18933995068073273
Quinault,2020-10-08,0.182,0.19456537067890167
Quinault,2020-10-09,0.207,0.2334456741809845
Quinault,2020-10-10,0.27,0.25187793374061584
Quinault,2020-10-11,0.271,0.2609149217605591
Quinault,2020-10-12,0.246,0.2747415602207184
Quinault,2020-10-13,0.275,0.27472740411758423
Quinault,2020-10-14,0.253,0.2691354751586914
Quinault,2020-10-15,0.234,0.24874256551265717
Quinault,2020-10-16,0.253,0.26686134934425354
Quinault,2020-10-17,0.24,0.24451927840709686
Quinault,2020-10-18,0.258,0.24699343740940094
Quinault,2020-10-19,0.241,0.25096815824508667
Quinault,2020-10-20,0.232,0.24464033544063568
Quinault,2020-10-21,0.226,0.24605421721935272
Quinault,2020-10-22,0.222,0.22689534723758698
Quinault,2020-10-23,0.247,0.24910564720630646
Quinault,2020-10-24,0.247,0.2542809545993805
Quinault,2020-10-25,0.236,0.2524186670780182
Quinault,2020-10-26,0.23,0.24867604672908783
Quinault,2020-10-27,0.226,0.2341417819261551
Quinault,2020-10-28,0.224,0.23459060490131378
Quinault,2020-10-29,0.222,0.23438075184822083
Quinault,2020-10-30,0.255,0.25641825795173645
Quinault,2020-10-31,0.235,0.2503540515899658
Quinault,2020-11-01,0.229,0.24713769555091858
Quinault,2020-11-02,0.224,0.24456901848316193
Quinault,2020-11-03,0.277,0.27264657616615295
Quinault,2020-11-04,0.289,0.28432950377464294
Quinault,2020-11-05,0.27,0.27714675664901733
Quinault,2020-11-06,0.243,0.26006409525871277
Quinault,2020-11-07,0.234,0.25654470920562744
Quinault,2020-11-08,0.228,0.24634118378162384
Quinault,2020-11-09,0.24,0.24368077516555786
Quinault,2020-11-10,0.277,0.25482091307640076
Quinault,2020-11-11,0.248,0.2486821860074997
Quinault,2020-11-12,0.271,0.28197482228279114
Quinault,2020-11-13,0.292,0.28479278087615967
Quinault,2020-11-14,0.281,0.28621727228164673
Quinault,2020-11-15,0.277,0.2842022180557251
Quinault,2020-11-16,0.273,0.2861851453781128
Quinault,2020-11-17,0.286,0.29000765085220337
Quinault,2020-11-18,0.297,0.29345300793647766
Quinault,2020-11-19,0.285,0.2942139506340027
Quinault,2020-11-20,0.29,0.2954992651939392
Quinault,2020-11-21,0.262,0.2778700590133667
Quinault,2020-11-22,0.261,0.27680936455726624
Quinault,2020-11-23,0.27,0.2693113088607788
Quinault,2020-11-24,0.282,0.2752965986728668
Quinault,2020-11-25,0.276,0.27649497985839844
Quinault,2020-11-26,0.26,0.27154916524887085
Quinault,2020-11-27,0.272,0.27582457661628723
Quinault,2020-11-28,0.26,0.264468252658844
Quinault,2020-11-29,0.247,0.26109805703163147
Quinault,2020-11-30,0.277,0.27921372652053833
Quinault,2020-12-01,0.249,0.26856306195259094
Quinault,2020-12-02,0.244,0.26317983865737915
Quinault,2020-12-03,0.242,0.26873883605003357
Quinault,2020-12-04,0.239,0.2417643964290619
Quinault,2020-12-05,0.237,0.244889035820961
Quinault,2020-12-06,0.26,0.24752146005630493
Quinault,2020-12-07,0.265,0.26864585280418396
Quinault,2020-12-08,0.29,0.2759677469730377
Quinault,2020-12-09,0.262,0.27450689673423767
Quinault,2020-12-10,0.261,0.27503904700279236
Quinault,2020-12-11,0.267,0.2733871638774872
Quinault,2020-12-12,0.25,0.26391154527664185
Quinault,2020-12-13,0.288,0.27393078804016113
Quinault,2020-12-14,0.275,0.2727721631526947
Quinault,2020-12-15,0.287,0.28027671575546265
Quinault,2020-12-16,0.288,0.29290658235549927
Quinault,2020-12-17,0.287,0.28962600231170654
Quinault,2020-12-18,0.294,0.2903425097465515
Quinault,2020-12-19,0.286,0.2946620285511017
Quinault,2020-12-20,0.272,0.28715136647224426
Quinault,2020-12-21,0.295,0.2891797125339508
Quinault,2020-12-22,0.264,0.27164706587791443
Quinault,2020-12-23,0.252,0.2574100196361542
Quinault,2020-12-24,0.248,0.25857019424438477
Quinault,2020-12-25,0.285,0.26599112153053284
Quinault,2020-12-26,0.296,0.287442147731781
Quinault,2020-12-27,0.287,0.28762948513031006
Quinault,2020-12-28,0.255,0.2630613148212433
Quinault,2020-12-29,0.267,0.2788458466529846
Quinault,2020-12-30,0.309,0.2911393344402313
Quinault,2020-12-31,0.29,0.2912146747112274
SourdoughGulch_WA_985,2017-01-11,0.3,0.3025408983230591
SourdoughGulch_WA_985,2017-01-12,0.302,0.30454567074775696
SourdoughGulch_WA_985,2017-01-13,0.303,0.3049810528755188
SourdoughGulch_WA_985,2017-01-14,0.303,0.30771908164024353
SourdoughGulch_WA_985,2017-01-15,0.301,0.3031691014766693
SourdoughGulch_WA_985,2017-01-16,0.3,0.3009100556373596
SourdoughGulch_WA_985,2017-01-17,0.299,0.3035137951374054
SourdoughGulch_WA_985,2017-01-18,0.298,0.30533894896507263
SourdoughGulch_WA_985,2017-01-19,0.298,0.30896395444869995
SourdoughGulch_WA_985,2017-01-20,0.311,0.3101346790790558
SourdoughGulch_WA_985,2017-01-21,0.317,0.3076266050338745
SourdoughGulch_WA_985,2017-01-22,0.318,0.3116843104362488
SourdoughGulch_WA_985,2017-01-23,0.319,0.31599804759025574
SourdoughGulch_WA_985,2017-01-24,0.318,0.31258273124694824
SourdoughGulch_WA_985,2017-01-25,0.317,0.31786343455314636
SourdoughGulch_WA_985,2017-01-26,0.315,0.3223262131214142
SourdoughGulch_WA_985,2017-01-27,0.314,0.31697630882263184
SourdoughGulch_WA_985,2017-01-28,0.313,0.32479843497276306
SourdoughGulch_WA_985,2017-01-29,0.311,0.3195079267024994
SourdoughGulch_WA_985,2017-01-30,0.31,0.29412713646888733
SourdoughGulch_WA_985,2017-01-31,0.309,0.29860082268714905
SourdoughGulch_WA_985,2017-02-01,0.309,0.3012535274028778
SourdoughGulch_WA_985,2017-02-02,0.31,0.2954355478286743
SourdoughGulch_WA_985,2017-02-03,0.308,0.29486513137817383
SourdoughGulch_WA_985,2017-02-04,0.306,0.2976379096508026
SourdoughGulch_WA_985,2017-02-05,0.309,0.3085973858833313
SourdoughGulch_WA_985,2017-02-06,0.34,0.32198458909988403
SourdoughGulch_WA_985,2017-02-07,0.339,0.3270011246204376
SourdoughGulch_WA_985,2017-02-08,0.333,0.326850026845932
SourdoughGulch_WA_985,2017-02-09,0.331,0.3235032558441162
SourdoughGulch_WA_985,2017-02-10,0.356,0.3297424614429474
SourdoughGulch_WA_985,2017-02-11,0.343,0.33223599195480347
SourdoughGulch_WA_985,2017-02-12,0.334,0.3424583077430725
SourdoughGulch_WA_985,2017-02-13,0.324,0.3351737856864929
SourdoughGulch_WA_985,2017-02-14,0.318,0.3315414786338806
SourdoughGulch_WA_985,2017-02-15,0.319,0.3305904269218445
SourdoughGulch_WA_985,2017-02-16,0.354,0.337593674659729
SourdoughGulch_WA_985,2017-02-17,0.358,0.3376288115978241
SourdoughGulch_WA_985,2017-02-18,0.348,0.3354855179786682
SourdoughGulch_WA_985,2017-02-19,0.355,0.33781006932258606
SourdoughGulch_WA_985,2017-02-20,0.342,0.3286255896091461
SourdoughGulch_WA_985,2017-02-21,0.353,0.32844170928001404
SourdoughGulch_WA_985,2017-02-22,0.353,0.32201385498046875
SourdoughGulch_WA_985,2017-02-23,0.336,0.3174162805080414
SourdoughGulch_WA_985,2017-02-24,0.315,0.31393522024154663
SourdoughGulch_WA_985,2017-02-25,0.293,0.3008067309856415
SourdoughGulch_WA_985,2017-02-26,0.264,0.2886691093444824
SourdoughGulch_WA_985,2017-02-27,0.26,0.29908478260040283
SourdoughGulch_WA_985,2017-02-28,0.284,0.2973823845386505
SourdoughGulch_WA_985,2017-03-01,0.293,0.29645341634750366
SourdoughGulch_WA_985,2017-03-02,0.296,0.2968607246875763
SourdoughGulch_WA_985,2017-03-03,0.298,0.2981564998626709
SourdoughGulch_WA_985,2017-03-04,0.321,0.3060758411884308
SourdoughGulch_WA_985,2017-03-05,0.329,0.30971354246139526
SourdoughGulch_WA_985,2017-03-06,0.327,0.3181147277355194
SourdoughGulch_WA_985,2017-03-07,0.327,0.31686803698539734
SourdoughGulch_WA_985,2017-03-08,0.325,0.3226318955421448
SourdoughGulch_WA_985,2017-03-09,0.343,0.32710790634155273
SourdoughGulch_WA_985,2017-03-10,0.353,0.3371600806713104
SourdoughGulch_WA_985,2017-03-11,0.356,0.336536705493927
SourdoughGulch_WA_985,2017-03-12,0.357,0.3421313762664795
SourdoughGulch_WA_985,2017-03-13,0.357,0.3409227132797241
SourdoughGulch_WA_985,2017-03-14,0.352,0.34338483214378357
SourdoughGulch_WA_985,2017-03-15,0.35,0.34262916445732117
SourdoughGulch_WA_985,2017-03-16,0.344,0.33107906579971313
SourdoughGulch_WA_985,2017-03-17,0.343,0.32835713028907776
SourdoughGulch_WA_985,2017-03-18,0.339,0.33155378699302673
SourdoughGulch_WA_985,2017-03-19,0.358,0.3313179016113281
SourdoughGulch_WA_985,2017-03-20,0.341,0.32915544509887695
SourdoughGulch_WA_985,2017-03-21,0.338,0.3302789628505707
SourdoughGulch_WA_985,2017-03-22,0.339,0.32663801312446594
SourdoughGulch_WA_985,2017-03-23,0.349,0.3279075026512146
SourdoughGulch_WA_985,2017-03-24,0.341,0.3287751078605652
SourdoughGulch_WA_985,2017-03-25,0.339,0.3426333963871002
SourdoughGulch_WA_985,2017-03-26,0.354,0.3419223427772522
SourdoughGulch_WA_985,2017-03-27,0.342,0.342285692691803
SourdoughGulch_WA_985,2017-03-28,0.34,0.3382211923599243
SourdoughGulch_WA_985,2017-03-29,0.334,0.34256067872047424
SourdoughGulch_WA_985,2017-03-30,0.345,0.3409653902053833
SourdoughGulch_WA_985,2017-03-31,0.344,0.3409479856491089
SourdoughGulch_WA_985,2017-04-01,0.338,0.3385131061077118
SourdoughGulch_WA_985,2017-04-02,0.336,0.3342961072921753
SourdoughGulch_WA_985,2017-04-03,0.331,0.3319435715675354
SourdoughGulch_WA_985,2017-04-04,0.326,0.3344776928424835
SourdoughGulch_WA_985,2017-04-05,0.325,0.33452650904655457
SourdoughGulch_WA_985,2017-04-06,0.326,0.32997387647628784
SourdoughGulch_WA_985,2017-04-07,0.322,0.3303487300872803
SourdoughGulch_WA_985,2017-04-08,0.327,0.3312978148460388
SourdoughGulch_WA_985,2017-04-09,0.329,0.3340417444705963
SourdoughGulch_WA_985,2017-04-10,0.34,0.332521915435791
SourdoughGulch_WA_985,2017-04-11,0.337,0.33361005783081055
SourdoughGulch_WA_985,2017-04-12,0.333,0.3366829454898834
SourdoughGulch_WA_985,2017-04-13,0.334,0.3367398679256439
SourdoughGulch_WA_985,2017-04-14,0.348,0.3369237184524536
SourdoughGulch_WA_985,2017-04-15,0.34,0.3361152112483978
SourdoughGulch_WA_985,2017-04-16,0.335,0.33492785692214966
SourdoughGulch_WA_985,2017-04-17,0.336,0.3383531868457794
SourdoughGulch_WA_985,2017-04-18,0.338,0.3364196717739105
SourdoughGulch_WA_985,2017-04-19,0.344,0.3395651578903198
SourdoughGulch_WA_985,2017-04-20,0.341,0.3391231596469879
SourdoughGulch_WA_985,2017-04-21,0.341,0.34140893816947937
SourdoughGulch_WA_985,2017-04-22,0.335,0.33777523040771484
SourdoughGulch_WA_985,2017-04-23,0.333,0.3426349461078644
SourdoughGulch_WA_985,2017-04-24,0.352,0.3474184274673462
SourdoughGulch_WA_985,2017-04-25,0.357,0.3515767455101013
SourdoughGulch_WA_985,2017-04-26,0.354,0.34623998403549194
SourdoughGulch_WA_985,2017-04-27,0.35,0.34207502007484436
SourdoughGulch_WA_985,2017-04-28,0.345,0.33897334337234497
SourdoughGulch_WA_985,2017-04-29,0.339,0.3353111147880554
SourdoughGulch_WA_985,2017-04-30,0.337,0.34031301736831665
SourdoughGulch_WA_985,2017-05-01,0.334,0.33397969603538513
SourdoughGulch_WA_985,2017-05-02,0.333,0.3342510163784027
SourdoughGulch_WA_985,2017-05-03,0.341,0.33206412196159363
SourdoughGulch_WA_985,2017-05-04,0.343,0.3298845589160919
SourdoughGulch_WA_985,2017-05-05,0.34,0.33052828907966614
SourdoughGulch_WA_985,2017-05-06,0.37,0.3366304934024811
SourdoughGulch_WA_985,2017-05-07,0.355,0.34150007367134094
SourdoughGulch_WA_985,2017-05-08,0.35,0.34095299243927
SourdoughGulch_WA_985,2017-05-09,0.345,0.3375546932220459
SourdoughGulch_WA_985,2017-05-10,0.34,0.3351813852787018
SourdoughGulch_WA_985,2017-05-11,0.335,0.3360784351825714
SourdoughGulch_WA_985,2017-05-12,0.329,0.340927392244339
SourdoughGulch_WA_985,2017-05-13,0.347,0.34397757053375244
SourdoughGulch_WA_985,2017-05-14,0.356,0.34231752157211304
SourdoughGulch_WA_985,2017-05-15,0.359,0.34072765707969666
SourdoughGulch_WA_985,2017-05-16,0.351,0.3458860516548157
SourdoughGulch_WA_985,2017-05-17,0.354,0.3463967442512512
SourdoughGulch_WA_985,2017-05-18,0.355,0.3454381227493286
SourdoughGulch_WA_985,2017-05-19,0.352,0.34472668170928955
SourdoughGulch_WA_985,2017-05-20,0.348,0.34679388999938965
SourdoughGulch_WA_985,2017-05-21,0.35,0.3432031273841858
SourdoughGulch_WA_985,2017-05-22,0.347,0.3347564935684204
SourdoughGulch_WA_985,2017-05-23,0.341,0.32638019323349
SourdoughGulch_WA_985,2017-05-24,0.334,0.32132935523986816
SourdoughGulch_WA_985,2017-05-25,0.319,0.3209661543369293
SourdoughGulch_WA_985,2017-05-26,0.309,0.31710538268089294
SourdoughGulch_WA_985,2017-05-27,0.305,0.31680694222450256
SourdoughGulch_WA_985,2017-05-28,0.299,0.3046901226043701
SourdoughGulch_WA_985,2017-05-29,0.289,0.29978132247924805
SourdoughGulch_WA_985,2017-05-30,0.278,0.29344671964645386
SourdoughGulch_WA_985,2017-05-31,0.265,0.2894308567047119
SourdoughGulch_WA_985,2017-06-01,0.253,0.2994798719882965
SourdoughGulch_WA_985,2017-06-02,0.253,0.29329144954681396
SourdoughGulch_WA_985,2017-06-03,0.277,0.30724719166755676
SourdoughGulch_WA_985,2017-06-04,0.277,0.3048759400844574
SourdoughGulch_WA_985,2017-06-05,0.268,0.3049851655960083
SourdoughGulch_WA_985,2017-06-06,0.291,0.3092135190963745
SourdoughGulch_WA_985,2017-06-07,0.289,0.30898773670196533
SourdoughGulch_WA_985,2017-06-08,0.283,0.3099420666694641
SourdoughGulch_WA_985,2017-06-09,0.268,0.31945478916168213
SourdoughGulch_WA_985,2017-06-10,0.354,0.3280995190143585
SourdoughGulch_WA_985,2017-06-11,0.341,0.33368098735809326
SourdoughGulch_WA_985,2017-06-12,0.35,0.3281683027744293
SourdoughGulch_WA_985,2017-06-13,0.34,0.3265727758407593
SourdoughGulch_WA_985,2017-06-14,0.331,0.32247987389564514
SourdoughGulch_WA_985,2017-06-15,0.323,0.32265716791152954
SourdoughGulch_WA_985,2017-06-16,0.317,0.3222281336784363
SourdoughGulch_WA_985,2017-06-17,0.323,0.3212534487247467
SourdoughGulch_WA_985,2017-06-18,0.322,0.3195371627807617
SourdoughGulch_WA_985,2017-06-19,0.318,0.31353840231895447
SourdoughGulch_WA_985,2017-06-20,0.313,0.3129594326019287
SourdoughGulch_WA_985,2017-06-21,0.306,0.3072727918624878
SourdoughGulch_WA_985,2017-06-22,0.294,0.3007078170776367
SourdoughGulch_WA_985,2017-06-23,0.276,0.2925060987472534
SourdoughGulch_WA_985,2017-06-24,0.278,0.28665825724601746
SourdoughGulch_WA_985,2017-06-25,0.27,0.2767884135246277
SourdoughGulch_WA_985,2017-06-26,0.26,0.27119573950767517
SourdoughGulch_WA_985,2017-06-27,0.251,0.2743101716041565
SourdoughGulch_WA_985,2017-06-28,0.311,0.2810368835926056
SourdoughGulch_WA_985,2017-06-29,0.298,0.26639804244041443
SourdoughGulch_WA_985,2017-06-30,0.288,0.2569863498210907
SourdoughGulch_WA_985,2017-07-01,0.281,0.24653112888336182
SourdoughGulch_WA_985,2017-07-02,0.27,0.24834980070590973
SourdoughGulch_WA_985,2017-07-03,0.261,0.2372847944498062
SourdoughGulch_WA_985,2017-07-04,0.248,0.21720421314239502
SourdoughGulch_WA_985,2017-07-05,0.229,0.2361823171377182
SourdoughGulch_WA_985,2017-07-06,0.215,0.22968539595603943
SourdoughGulch_WA_985,2017-07-07,0.199,0.22935956716537476
SourdoughGulch_WA_985,2017-07-08,0.185,0.22470085322856903
SourdoughGulch_WA_985,2017-07-09,0.174,0.20509806275367737
SourdoughGulch_WA_985,2017-07-10,0.164,0.19614753127098083
SourdoughGulch_WA_985,2017-07-11,0.153,0.186263307929039
SourdoughGulch_WA_985,2017-07-12,0.15,0.1574762612581253
SourdoughGulch_WA_985,2017-07-13,0.148,0.15993162989616394
SourdoughGulch_WA_985,2017-07-14,0.144,0.14501386880874634
SourdoughGulch_WA_985,2017-07-15,0.141,0.14735907316207886
SourdoughGulch_WA_985,2017-07-16,0.135,0.14694476127624512
SourdoughGulch_WA_985,2017-07-17,0.134,0.1512683629989624
SourdoughGulch_WA_985,2017-07-18,0.125,0.14525611698627472
SourdoughGulch_WA_985,2017-07-19,0.123,0.125594362616539
SourdoughGulch_WA_985,2017-07-20,0.119,0.1263207644224167
SourdoughGulch_WA_985,2017-07-21,0.119,0.12201544642448425
SourdoughGulch_WA_985,2017-07-22,0.111,0.11820835620164871
SourdoughGulch_WA_985,2017-07-23,0.114,0.12184008955955505
SourdoughGulch_WA_985,2017-07-24,0.111,0.11590278893709183
SourdoughGulch_WA_985,2017-07-25,0.105,0.1114453598856926
SourdoughGulch_WA_985,2017-07-26,0.102,0.10606475174427032
SourdoughGulch_WA_985,2017-07-27,0.098,0.10745317488908768
SourdoughGulch_WA_985,2017-07-28,0.098,0.10163546353578568
SourdoughGulch_WA_985,2017-07-29,0.094,0.10134493559598923
SourdoughGulch_WA_985,2017-07-30,0.096,0.09813400357961655
SourdoughGulch_WA_985,2017-07-31,0.092,0.09855889528989792
SourdoughGulch_WA_985,2017-08-01,0.092,0.09741943329572678
SourdoughGulch_WA_985,2017-08-02,0.086,0.09483321011066437
SourdoughGulch_WA_985,2017-08-03,0.085,0.09295206516981125
SourdoughGulch_WA_985,2017-08-04,0.084,0.0909765288233757
SourdoughGulch_WA_985,2017-08-05,0.08,0.08914100378751755
SourdoughGulch_WA_985,2017-08-06,0.074,0.08786395192146301
SourdoughGulch_WA_985,2017-08-07,0.072,0.08459223806858063
SourdoughGulch_WA_985,2017-08-08,0.07,0.08562962710857391
SourdoughGulch_WA_985,2017-08-09,0.072,0.08378877490758896
SourdoughGulch_WA_985,2017-08-10,0.074,0.0804872214794159
SourdoughGulch_WA_985,2017-08-11,0.066,0.07371070235967636
SourdoughGulch_WA_985,2017-08-12,0.063,0.0735907331109047
SourdoughGulch_WA_985,2017-08-13,0.059,0.07364628463983536
SourdoughGulch_WA_985,2017-08-14,0.054,0.07058504968881607
SourdoughGulch_WA_985,2017-08-15,0.057,0.06989176571369171
SourdoughGulch_WA_985,2017-08-16,0.067,0.07167907059192657
SourdoughGulch_WA_985,2017-08-17,0.068,0.07187096774578094
SourdoughGulch_WA_985,2017-08-18,0.079,0.07580108195543289
SourdoughGulch_WA_985,2017-08-19,0.082,0.07544945180416107
SourdoughGulch_WA_985,2017-08-20,0.073,0.07557663321495056
SourdoughGulch_WA_985,2017-08-21,0.078,0.07786957174539566
SourdoughGulch_WA_985,2017-08-22,0.075,0.0778387263417244
SourdoughGulch_WA_985,2017-08-23,0.073,0.07577890157699585
SourdoughGulch_WA_985,2017-08-24,0.071,0.0743127390742302
SourdoughGulch_WA_985,2017-08-25,0.066,0.0748971477150917
SourdoughGulch_WA_985,2017-08-26,0.067,0.07334557920694351
SourdoughGulch_WA_985,2017-08-27,0.068,0.07369647920131683
SourdoughGulch_WA_985,2017-08-28,0.061,0.07461465150117874
SourdoughGulch_WA_985,2017-08-29,0.063,0.07284998893737793
SourdoughGulch_WA_985,2017-08-30,0.063,0.07148268818855286
SourdoughGulch_WA_985,2017-08-31,0.06,0.07172045111656189
SourdoughGulch_WA_985,2017-09-01,0.061,0.07052953541278839
SourdoughGulch_WA_985,2017-09-02,0.059,0.07006533443927765
SourdoughGulch_WA_985,2017-09-03,0.062,0.06989070773124695
SourdoughGulch_WA_985,2017-09-04,0.054,0.0657830759882927
SourdoughGulch_WA_985,2017-09-05,0.055,0.06205536797642708
SourdoughGulch_WA_985,2017-09-06,0.05,0.06110616400837898
SourdoughGulch_WA_985,2017-09-07,0.053,0.06136247515678406
SourdoughGulch_WA_985,2017-09-08,0.049,0.06029273569583893
SourdoughGulch_WA_985,2017-09-09,0.047,0.055785756558179855
SourdoughGulch_WA_985,2017-09-10,0.051,0.056257665157318115
SourdoughGulch_WA_985,2017-09-11,0.046,0.05028226599097252
SourdoughGulch_WA_985,2017-09-12,0.045,0.050315972417593
SourdoughGulch_WA_985,2017-09-13,0.047,0.05229559913277626
SourdoughGulch_WA_985,2017-09-14,0.042,0.05079450458288193
SourdoughGulch_WA_985,2017-09-15,0.04,0.05200951546430588
SourdoughGulch_WA_985,2017-09-16,0.032,0.052055951207876205
SourdoughGulch_WA_985,2017-09-17,0.034,0.05133480578660965
SourdoughGulch_WA_985,2017-09-18,0.033,0.02938344143331051
SourdoughGulch_WA_985,2017-09-19,0.032,0.03899266943335533
SourdoughGulch_WA_985,2017-09-20,0.032,0.04417198523879051
SourdoughGulch_WA_985,2017-09-21,0.032,0.04695707932114601
SourdoughGulch_WA_985,2017-09-22,0.034,0.047629017382860184
SourdoughGulch_WA_985,2017-09-23,0.043,0.055273234844207764
SourdoughGulch_WA_985,2017-09-24,0.059,0.0636485293507576
SourdoughGulch_WA_985,2017-09-25,0.062,0.07823552191257477
SourdoughGulch_WA_985,2017-09-26,0.072,0.08147362619638443
SourdoughGulch_WA_985,2017-09-27,0.085,0.08235365897417068
SourdoughGulch_WA_985,2017-09-28,0.087,0.08225436508655548
SourdoughGulch_WA_985,2017-09-29,0.092,0.07944315671920776
SourdoughGulch_WA_985,2017-09-30,0.093,0.07549405097961426
SourdoughGulch_WA_985,2017-10-01,0.086,0.07361728698015213
SourdoughGulch_WA_985,2017-10-02,0.085,0.08430270850658417
SourdoughGulch_WA_985,2017-10-03,0.083,0.08415967971086502
SourdoughGulch_WA_985,2017-10-04,0.077,0.08688314259052277
SourdoughGulch_WA_985,2017-10-05,0.082,0.08341345191001892
SourdoughGulch_WA_985,2017-10-06,0.082,0.08183428645133972
SourdoughGulch_WA_985,2017-10-07,0.079,0.08204881846904755
SourdoughGulch_WA_985,2017-10-08,0.077,0.08077502995729446
SourdoughGulch_WA_985,2017-10-09,0.071,0.07445701956748962
SourdoughGulch_WA_985,2017-10-10,0.078,0.0739285871386528
SourdoughGulch_WA_985,2017-10-11,0.07,0.07737050950527191
SourdoughGulch_WA_985,2017-10-12,0.078,0.07721323519945145
SourdoughGulch_WA_985,2017-10-13,0.067,0.07642684131860733
SourdoughGulch_WA_985,2017-10-14,0.07,0.07672133296728134
SourdoughGulch_WA_985,2017-10-15,0.065,0.07828930020332336
SourdoughGulch_WA_985,2017-10-16,0.075,0.07947464287281036
SourdoughGulch_WA_985,2017-10-17,0.078,0.09510783106088638
SourdoughGulch_WA_985,2017-10-18,0.082,0.11488471180200577
SourdoughGulch_WA_985,2017-10-19,0.083,0.11784621328115463
SourdoughGulch_WA_985,2017-10-20,0.087,0.12049589306116104
SourdoughGulch_WA_985,2017-10-21,0.08,0.14583991467952728
SourdoughGulch_WA_985,2017-10-22,0.071,0.17380553483963013
SourdoughGulch_WA_985,2017-10-23,0.305,0.26701802015304565
SourdoughGulch_WA_985,2017-10-24,0.279,0.26923486590385437
SourdoughGulch_WA_985,2017-10-25,0.269,0.2607029676437378
SourdoughGulch_WA_985,2017-10-26,0.264,0.2493591606616974
SourdoughGulch_WA_985,2017-10-27,0.26,0.24731925129890442
SourdoughGulch_WA_985,2017-10-28,0.251,0.24414373934268951
SourdoughGulch_WA_985,2017-10-29,0.246,0.23648862540721893
SourdoughGulch_WA_985,2017-10-30,0.242,0.23104318976402283
SourdoughGulch_WA_985,2017-10-31,0.229,0.22081618010997772
SourdoughGulch_WA_985,2017-11-01,0.221,0.2264237254858017
SourdoughGulch_WA_985,2017-11-02,0.227,0.22998526692390442
SourdoughGulch_WA_985,2017-11-03,0.234,0.23482631146907806
SourdoughGulch_WA_985,2017-11-04,0.312,0.24629710614681244
SourdoughGulch_WA_985,2017-11-05,0.298,0.24715666472911835
SourdoughGulch_WA_985,2017-11-06,0.3,0.2839040160179138
SourdoughGulch_WA_985,2017-11-07,0.306,0.28491201996803284
SourdoughGulch_WA_985,2017-11-08,0.299,0.28931257128715515
SourdoughGulch_WA_985,2017-11-09,0.303,0.29388245940208435
SourdoughGulch_WA_985,2017-11-10,0.322,0.2916029691696167
SourdoughGulch_WA_985,2017-11-11,0.321,0.29547715187072754
SourdoughGulch_WA_985,2017-11-12,0.318,0.2928674519062042
SourdoughGulch_WA_985,2017-11-13,0.314,0.2974699139595032
SourdoughGulch_WA_985,2017-11-14,0.325,0.29941582679748535
SourdoughGulch_WA_985,2017-11-15,0.315,0.2911439538002014
SourdoughGulch_WA_985,2017-11-16,0.306,0.29294756054878235
SourdoughGulch_WA_985,2017-11-17,0.324,0.2896462380886078
SourdoughGulch_WA_985,2017-11-18,0.307,0.2807677090167999
SourdoughGulch_WA_985,2017-11-19,0.298,0.2862718999385834
SourdoughGulch_WA_985,2017-11-20,0.296,0.30646586418151855
SourdoughGulch_WA_985,2017-11-21,0.351,0.3230501115322113
SourdoughGulch_WA_985,2017-11-22,0.338,0.32563596963882446
SourdoughGulch_WA_985,2017-11-23,0.34,0.322120726108551
SourdoughGulch_WA_985,2017-11-24,0.355,0.32217681407928467
SourdoughGulch_WA_985,2017-11-25,0.333,0.3228569030761719
SourdoughGulch_WA_985,2017-11-26,0.327,0.32317665219306946
SourdoughGulch_WA_985,2017-11-27,0.326,0.3165355324745178
SourdoughGulch_WA_985,2017-11-28,0.33,0.31638845801353455
SourdoughGulch_WA_985,2017-11-29,0.321,0.3160942494869232
SourdoughGulch_WA_985,2017-11-30,0.321,0.31553441286087036
SourdoughGulch_WA_985,2017-12-01,0.31,0.30585259199142456
SourdoughGulch_WA_985,2017-12-02,0.312,0.3033779263496399
SourdoughGulch_WA_985,2017-12-03,0.309,0.30733925104141235
SourdoughGulch_WA_985,2017-12-04,0.311,0.28911292552948
SourdoughGulch_WA_985,2017-12-05,0.299,0.27563342452049255
SourdoughGulch_WA_985,2017-12-06,0.287,0.27145880460739136
SourdoughGulch_WA_985,2017-12-07,0.274,0.263113796710968
SourdoughGulch_WA_985,2017-12-08,0.251,0.2586948275566101
SourdoughGulch_WA_985,2017-12-09,0.17,0.23466238379478455
SourdoughGulch_WA_985,2017-12-10,0.141,0.19846750795841217
SourdoughGulch_WA_985,2017-12-11,0.129,0.16457006335258484
SourdoughGulch_WA_985,2017-12-12,0.13,0.15381798148155212
SourdoughGulch_WA_985,2017-12-13,0.125,0.15097519755363464
SourdoughGulch_WA_985,2017-12-14,0.127,0.1362127661705017
SourdoughGulch_WA_985,2017-12-15,0.126,0.13885942101478577
SourdoughGulch_WA_985,2017-12-16,0.125,0.1410263180732727
SourdoughGulch_WA_985,2017-12-17,0.135,0.1398402452468872
SourdoughGulch_WA_985,2017-12-18,0.134,0.15048502385616302
SourdoughGulch_WA_985,2017-12-19,0.144,0.15815337002277374
SourdoughGulch_WA_985,2017-12-20,0.192,0.17237363755702972
SourdoughGulch_WA_985,2017-12-21,0.225,0.17563627660274506
SourdoughGulch_WA_985,2017-12-22,0.214,0.1702413409948349
SourdoughGulch_WA_985,2017-12-23,0.165,0.17394542694091797
SourdoughGulch_WA_985,2017-12-24,0.157,0.16814571619033813
SourdoughGulch_WA_985,2017-12-25,0.144,0.14058049023151398
SourdoughGulch_WA_985,2017-12-26,0.146,0.14921188354492188
SourdoughGulch_WA_985,2017-12-27,0.149,0.16782349348068237
SourdoughGulch_WA_985,2017-12-28,0.151,0.17613409459590912
SourdoughGulch_WA_985,2017-12-29,0.16,0.17363399267196655
SourdoughGulch_WA_985,2017-12-30,0.175,0.1816304326057434
SourdoughGulch_WA_985,2017-12-31,0.187,0.18584796786308289
SourdoughGulch_WA_985,2018-01-01,0.146,0.1847994029521942
SourdoughGulch_WA_985,2018-01-02,0.134,0.16849714517593384
SourdoughGulch_WA_985,2018-01-03,0.137,0.16721303761005402
SourdoughGulch_WA_985,2018-01-04,0.136,0.16474361717700958
SourdoughGulch_WA_985,2018-01-05,0.136,0.16755415499210358
SourdoughGulch_WA_985,2018-01-06,0.156,0.1712372899055481
SourdoughGulch_WA_985,2018-01-07,0.167,0.17269188165664673
SourdoughGulch_WA_985,2018-01-08,0.176,0.19914187490940094
SourdoughGulch_WA_985,2018-01-09,0.179,0.21016837656497955
SourdoughGulch_WA_985,2018-01-10,0.189,0.2136705070734024
SourdoughGulch_WA_985,2018-01-11,0.194,0.22565267980098724
SourdoughGulch_WA_985,2018-01-12,0.203,0.22838082909584045
SourdoughGulch_WA_985,2018-01-13,0.208,0.2352723926305771
SourdoughGulch_WA_985,2018-01-14,0.241,0.2520592212677002
SourdoughGulch_WA_985,2018-01-15,0.286,0.2668594717979431
SourdoughGulch_WA_985,2018-01-16,0.299,0.29167550802230835
SourdoughGulch_WA_985,2018-01-17,0.313,0.3000928461551666
SourdoughGulch_WA_985,2018-01-18,0.319,0.30407124757766724
SourdoughGulch_WA_985,2018-01-19,0.345,0.3230797350406647
SourdoughGulch_WA_985,2018-01-20,0.332,0.3224169611930847
SourdoughGulch_WA_985,2018-01-21,0.321,0.3242262005805969
SourdoughGulch_WA_985,2018-01-22,0.308,0.31382882595062256
SourdoughGulch_WA_985,2018-01-23,0.305,0.32016757130622864
SourdoughGulch_WA_985,2018-01-24,0.292,0.3180084824562073
SourdoughGulch_WA_985,2018-01-25,0.322,0.31948724389076233
SourdoughGulch_WA_985,2018-01-26,0.323,0.3168331980705261
SourdoughGulch_WA_985,2018-01-27,0.32,0.3178642690181732
SourdoughGulch_WA_985,2018-01-28,0.318,0.30823931097984314
SourdoughGulch_WA_985,2018-01-29,0.339,0.3154519498348236
SourdoughGulch_WA_985,2018-01-30,0.339,0.3184698522090912
SourdoughGulch_WA_985,2018-01-31,0.336,0.31942903995513916
SourdoughGulch_WA_985,2018-02-01,0.323,0.3199087977409363
SourdoughGulch_WA_985,2018-02-02,0.316,0.322267085313797
SourdoughGulch_WA_985,2018-02-03,0.35,0.32300448417663574
SourdoughGulch_WA_985,2018-02-04,0.342,0.32453468441963196
SourdoughGulch_WA_985,2018-02-05,0.342,0.3284136652946472
SourdoughGulch_WA_985,2018-02-06,0.336,0.32472795248031616
SourdoughGulch_WA_985,2018-02-07,0.333,0.3246755599975586
SourdoughGulch_WA_985,2018-02-08,0.332,0.3225478529930115
SourdoughGulch_WA_985,2018-02-09,0.33,0.32236963510513306
SourdoughGulch_WA_985,2018-02-10,0.324,0.31798890233039856
SourdoughGulch_WA_985,2018-02-11,0.313,0.32275235652923584
SourdoughGulch_WA_985,2018-02-12,0.299,0.3052792251110077
SourdoughGulch_WA_985,2018-02-13,0.293,0.28646084666252136
SourdoughGulch_WA_985,2018-02-14,0.28,0.2876468598842621
SourdoughGulch_WA_985,2018-02-15,0.281,0.28281375765800476
SourdoughGulch_WA_985,2018-02-16,0.287,0.28735285997390747
SourdoughGulch_WA_985,2018-02-17,0.285,0.2890450358390808
SourdoughGulch_WA_985,2018-02-18,0.291,0.28004658222198486
SourdoughGulch_WA_985,2018-02-19,0.322,0.2638673186302185
SourdoughGulch_WA_985,2018-02-20,0.304,0.2500353157520294
SourdoughGulch_WA_985,2018-02-21,0.264,0.2347772717475891
SourdoughGulch_WA_985,2018-02-22,0.172,0.209942027926445
SourdoughGulch_WA_985,2018-02-23,0.17,0.21403706073760986
SourdoughGulch_WA_985,2018-02-24,0.16,0.21202833950519562
SourdoughGulch_WA_985,2018-02-25,0.166,0.2079259604215622
SourdoughGulch_WA_985,2018-02-26,0.173,0.22733764350414276
SourdoughGulch_WA_985,2018-02-27,0.18,0.2290554642677307
SourdoughGulch_WA_985,2018-02-28,0.178,0.22784540057182312
SourdoughGulch_WA_985,2018-03-01,0.181,0.2274586707353592
SourdoughGulch_WA_985,2018-03-02,0.191,0.2264418751001358
SourdoughGulch_WA_985,2018-03-03,0.205,0.23167897760868073
SourdoughGulch_WA_985,2018-03-04,0.21,0.23264005780220032
SourdoughGulch_WA_985,2018-03-05,0.212,0.24103043973445892
SourdoughGulch_WA_985,2018-03-06,0.217,0.2498186230659485
SourdoughGulch_WA_985,2018-03-07,0.216,0.26519009470939636
SourdoughGulch_WA_985,2018-03-08,0.214,0.27812811732292175
SourdoughGulch_WA_985,2018-03-09,0.317,0.2965981364250183
SourdoughGulch_WA_985,2018-03-10,0.336,0.31180596351623535
SourdoughGulch_WA_985,2018-03-11,0.347,0.3195402920246124
SourdoughGulch_WA_985,2018-03-12,0.353,0.3328819274902344
SourdoughGulch_WA_985,2018-03-13,0.355,0.3317340910434723
SourdoughGulch_WA_985,2018-03-14,0.354,0.33466583490371704
SourdoughGulch_WA_985,2018-03-15,0.355,0.33274558186531067
SourdoughGulch_WA_985,2018-03-16,0.348,0.33648359775543213
SourdoughGulch_WA_985,2018-03-17,0.343,0.33518508076667786
SourdoughGulch_WA_985,2018-03-18,0.34,0.3365590274333954
SourdoughGulch_WA_985,2018-03-19,0.339,0.3350621461868286
SourdoughGulch_WA_985,2018-03-20,0.337,0.33390292525291443
SourdoughGulch_WA_985,2018-03-21,0.338,0.3340885043144226
SourdoughGulch_WA_985,2018-03-22,0.337,0.33330076932907104
SourdoughGulch_WA_985,2018-03-23,0.337,0.33425062894821167
SourdoughGulch_WA_985,2018-03-24,0.341,0.33371037244796753
SourdoughGulch_WA_985,2018-03-25,0.341,0.3336700201034546
SourdoughGulch_WA_985,2018-03-26,0.337,0.33046582341194153
SourdoughGulch_WA_985,2018-03-27,0.335,0.33004963397979736
SourdoughGulch_WA_985,2018-03-28,0.335,0.3287331759929657
SourdoughGulch_WA_985,2018-03-29,0.332,0.3259503245353699
SourdoughGulch_WA_985,2018-03-30,0.331,0.32362303137779236
SourdoughGulch_WA_985,2018-03-31,0.331,0.3166043758392334
SourdoughGulch_WA_985,2018-04-01,0.327,0.31934934854507446
SourdoughGulch_WA_985,2018-04-02,0.325,0.31811943650245667
SourdoughGulch_WA_985,2018-04-03,0.327,0.32358309626579285
SourdoughGulch_WA_985,2018-04-04,0.336,0.32561662793159485
SourdoughGulch_WA_985,2018-04-05,0.349,0.3272635042667389
SourdoughGulch_WA_985,2018-04-06,0.347,0.3291754424571991
SourdoughGulch_WA_985,2018-04-07,0.35,0.3323911428451538
SourdoughGulch_WA_985,2018-04-08,0.355,0.3363204002380371
SourdoughGulch_WA_985,2018-04-09,0.355,0.33505794405937195
SourdoughGulch_WA_985,2018-04-10,0.349,0.3317570090293884
SourdoughGulch_WA_985,2018-04-11,0.345,0.3333563506603241
SourdoughGulch_WA_985,2018-04-12,0.343,0.32909440994262695
SourdoughGulch_WA_985,2018-04-13,0.341,0.3317146599292755
SourdoughGulch_WA_985,2018-04-14,0.337,0.33287250995635986
SourdoughGulch_WA_985,2018-04-15,0.338,0.328911155462265
SourdoughGulch_WA_985,2018-04-16,0.338,0.33737191557884216
SourdoughGulch_WA_985,2018-04-17,0.343,0.33758544921875
SourdoughGulch_WA_985,2018-04-18,0.339,0.3368666470050812
SourdoughGulch_WA_985,2018-04-19,0.337,0.3347412347793579
SourdoughGulch_WA_985,2018-04-20,0.333,0.33416247367858887
SourdoughGulch_WA_985,2018-04-21,0.333,0.33325788378715515
SourdoughGulch_WA_985,2018-04-22,0.326,0.3334781527519226
SourdoughGulch_WA_985,2018-04-23,0.32,0.32133764028549194
SourdoughGulch_WA_985,2018-04-24,0.316,0.32086390256881714
SourdoughGulch_WA_985,2018-04-25,0.313,0.3177357316017151
SourdoughGulch_WA_985,2018-04-26,0.307,0.3121877610683441
SourdoughGulch_WA_985,2018-04-27,0.3,0.30698493123054504
SourdoughGulch_WA_985,2018-04-28,0.293,0.3068043291568756
SourdoughGulch_WA_985,2018-04-29,0.281,0.31543999910354614
SourdoughGulch_WA_985,2018-04-30,0.311,0.31399938464164734
SourdoughGulch_WA_985,2018-05-01,0.312,0.30948612093925476
SourdoughGulch_WA_985,2018-05-02,0.309,0.3006795048713684
SourdoughGulch_WA_985,2018-05-03,0.306,0.3042811453342438
SourdoughGulch_WA_985,2018-05-04,0.302,0.3034919500350952
SourdoughGulch_WA_985,2018-05-05,0.294,0.3028032183647156
SourdoughGulch_WA_985,2018-05-06,0.287,0.30101916193962097
SourdoughGulch_WA_985,2018-05-07,0.28,0.3032085597515106
SourdoughGulch_WA_985,2018-05-08,0.283,0.3026585280895233
SourdoughGulch_WA_985,2018-05-09,0.286,0.3039338290691376
SourdoughGulch_WA_985,2018-05-10,0.356,0.30746206641197205
SourdoughGulch_WA_985,2018-05-11,0.346,0.3105615973472595
SourdoughGulch_WA_985,2018-05-12,0.341,0.3126564621925354
SourdoughGulch_WA_985,2018-05-13,0.339,0.3112758994102478
SourdoughGulch_WA_985,2018-05-14,0.333,0.3085038363933563
SourdoughGulch_WA_985,2018-05-15,0.324,0.3036639988422394
SourdoughGulch_WA_985,2018-05-16,0.313,0.2964264452457428
SourdoughGulch_WA_985,2018-05-17,0.311,0.3138897120952606
SourdoughGulch_WA_985,2018-05-18,0.351,0.32731446623802185
SourdoughGulch_WA_985,2018-05-19,0.344,0.3290070593357086
SourdoughGulch_WA_985,2018-05-20,0.343,0.3284800946712494
SourdoughGulch_WA_985,2018-05-21,0.352,0.33817028999328613
SourdoughGulch_WA_985,2018-05-22,0.349,0.3341441750526428
SourdoughGulch_WA_985,2018-05-23,0.346,0.3386622369289398
SourdoughGulch_WA_985,2018-05-24,0.344,0.3347524106502533
SourdoughGulch_WA_985,2018-05-25,0.347,0.33469539880752563
SourdoughGulch_WA_985,2018-05-26,0.353,0.334329217672348
SourdoughGulch_WA_985,2018-05-27,0.357,0.33912917971611023
SourdoughGulch_WA_985,2018-05-28,0.358,0.34019947052001953
SourdoughGulch_WA_985,2018-05-29,0.357,0.34147098660469055
SourdoughGulch_WA_985,2018-05-30,0.355,0.3451734483242035
SourdoughGulch_WA_985,2018-05-31,0.349,0.3394300639629364
SourdoughGulch_WA_985,2018-06-01,0.347,0.3384137749671936
SourdoughGulch_WA_985,2018-06-02,0.347,0.3370338976383209
SourdoughGulch_WA_985,2018-06-03,0.349,0.3323851227760315
SourdoughGulch_WA_985,2018-06-04,0.349,0.340487539768219
SourdoughGulch_WA_985,2018-06-05,0.347,0.33865219354629517
SourdoughGulch_WA_985,2018-06-06,0.345,0.33006715774536133
SourdoughGulch_WA_985,2018-06-07,0.346,0.32897937297821045
SourdoughGulch_WA_985,2018-06-08,0.342,0.3261697590351105
SourdoughGulch_WA_985,2018-06-09,0.343,0.3241863548755646
SourdoughGulch_WA_985,2018-06-10,0.35,0.3344495892524719
SourdoughGulch_WA_985,2018-06-11,0.349,0.33486467599868774
SourdoughGulch_WA_985,2018-06-12,0.349,0.3347702920436859
SourdoughGulch_WA_985,2018-06-13,0.349,0.3319098949432373
SourdoughGulch_WA_985,2018-06-14,0.346,0.33308959007263184
SourdoughGulch_WA_985,2018-06-15,0.341,0.32703229784965515
SourdoughGulch_WA_985,2018-06-16,0.337,0.3257342278957367
SourdoughGulch_WA_985,2018-06-17,0.327,0.317463755607605
SourdoughGulch_WA_985,2018-06-18,0.33,0.3318687975406647
SourdoughGulch_WA_985,2018-06-19,0.329,0.32965871691703796
SourdoughGulch_WA_985,2018-06-20,0.345,0.33632808923721313
SourdoughGulch_WA_985,2018-06-21,0.345,0.33658409118652344
SourdoughGulch_WA_985,2018-06-22,0.358,0.33106517791748047
SourdoughGulch_WA_985,2018-06-23,0.353,0.32878854870796204
SourdoughGulch_WA_985,2018-06-24,0.352,0.3254973888397217
SourdoughGulch_WA_985,2018-06-25,0.361,0.3220120370388031
SourdoughGulch_WA_985,2018-06-26,0.356,0.3095533549785614
SourdoughGulch_WA_985,2018-06-27,0.352,0.32515907287597656
SourdoughGulch_WA_985,2018-06-28,0.349,0.3133438527584076
SourdoughGulch_WA_985,2018-06-29,0.339,0.3169327676296234
SourdoughGulch_WA_985,2018-06-30,0.333,0.3062063157558441
SourdoughGulch_WA_985,2018-07-01,0.329,0.3057764768600464
SourdoughGulch_WA_985,2018-07-02,0.33,0.3095313012599945
SourdoughGulch_WA_985,2018-07-03,0.324,0.30155467987060547
SourdoughGulch_WA_985,2018-07-04,0.315,0.2911744713783264
SourdoughGulch_WA_985,2018-07-05,0.318,0.2901270389556885
SourdoughGulch_WA_985,2018-07-06,0.321,0.2640148401260376
SourdoughGulch_WA_985,2018-07-07,0.307,0.2706073224544525
SourdoughGulch_WA_985,2018-07-08,0.309,0.2707836627960205
SourdoughGulch_WA_985,2018-07-09,0.309,0.2852665185928345
SourdoughGulch_WA_985,2018-07-10,0.309,0.2748054265975952
SourdoughGulch_WA_985,2018-07-11,0.303,0.28632429242134094
SourdoughGulch_WA_985,2018-07-12,0.301,0.28218957781791687
SourdoughGulch_WA_985,2018-07-13,0.298,0.2837704122066498
SourdoughGulch_WA_985,2018-07-14,0.297,0.28233781456947327
SourdoughGulch_WA_985,2018-07-15,0.291,0.2798326313495636
SourdoughGulch_WA_985,2018-07-16,0.282,0.25830718874931335
SourdoughGulch_WA_985,2018-07-17,0.277,0.260400652885437
SourdoughGulch_WA_985,2018-07-18,0.274,0.21367375552654266
SourdoughGulch_WA_985,2018-07-19,0.267,0.21085023880004883
SourdoughGulch_WA_985,2018-07-20,0.259,0.21931937336921692
SourdoughGulch_WA_985,2018-07-21,0.249,0.2170288860797882
SourdoughGulch_WA_985,2018-07-22,0.238,0.21529217064380646
SourdoughGulch_WA_985,2018-07-23,0.233,0.18976178765296936
SourdoughGulch_WA_985,2018-07-24,0.227,0.18648715317249298
SourdoughGulch_WA_985,2018-07-25,0.22,0.18578779697418213
SourdoughGulch_WA_985,2018-07-26,0.214,0.18658879399299622
SourdoughGulch_WA_985,2018-07-27,0.203,0.18227410316467285
SourdoughGulch_WA_985,2018-07-28,0.193,0.17365075647830963
SourdoughGulch_WA_985,2018-07-29,0.182,0.1700243353843689
SourdoughGulch_WA_985,2018-07-30,0.178,0.16143836081027985
SourdoughGulch_WA_985,2018-07-31,0.171,0.1536402851343155
SourdoughGulch_WA_985,2018-08-01,0.163,0.12150914967060089
SourdoughGulch_WA_985,2018-08-02,0.158,0.11810670047998428
SourdoughGulch_WA_985,2018-08-03,0.152,0.11122860759496689
SourdoughGulch_WA_985,2018-08-04,0.146,0.11418414860963821
SourdoughGulch_WA_985,2018-08-05,0.139,0.11235704272985458
SourdoughGulch_WA_985,2018-08-06,0.134,0.10350009799003601
SourdoughGulch_WA_985,2018-08-07,0.131,0.10452684760093689
SourdoughGulch_WA_985,2018-08-08,0.13,0.10132396966218948
SourdoughGulch_WA_985,2018-08-09,0.13,0.10119631886482239
SourdoughGulch_WA_985,2018-08-10,0.125,0.104209765791893
SourdoughGulch_WA_985,2018-08-11,0.125,0.09902027249336243
SourdoughGulch_WA_985,2018-08-12,0.114,0.09322692453861237
SourdoughGulch_WA_985,2018-08-13,0.109,0.09060706198215485
SourdoughGulch_WA_985,2018-08-14,0.107,0.08759438246488571
SourdoughGulch_WA_985,2018-08-15,0.099,0.09069886803627014
SourdoughGulch_WA_985,2018-08-16,0.103,0.08853929489850998
SourdoughGulch_WA_985,2018-08-17,0.102,0.08353755623102188
SourdoughGulch_WA_985,2018-08-18,0.097,0.08715709298849106
SourdoughGulch_WA_985,2018-08-19,0.093,0.08379913866519928
SourdoughGulch_WA_985,2018-08-20,0.099,0.07754740864038467
SourdoughGulch_WA_985,2018-08-21,0.085,0.07743323594331741
SourdoughGulch_WA_985,2018-08-22,0.082,0.07223527878522873
SourdoughGulch_WA_985,2018-08-23,0.088,0.07770541310310364
SourdoughGulch_WA_985,2018-08-24,0.083,0.0745469331741333
SourdoughGulch_WA_985,2018-08-25,0.083,0.07590768486261368
SourdoughGulch_WA_985,2018-08-26,0.079,0.07274113595485687
SourdoughGulch_WA_985,2018-08-27,0.069,0.07149377465248108
SourdoughGulch_WA_985,2018-08-28,0.075,0.0684802234172821
SourdoughGulch_WA_985,2018-08-29,0.078,0.07373493909835815
SourdoughGulch_WA_985,2018-08-30,0.078,0.07731400430202484
SourdoughGulch_WA_985,2018-08-31,0.082,0.08190042525529861
SourdoughGulch_WA_985,2018-09-01,0.087,0.08552370965480804
SourdoughGulch_WA_985,2018-09-02,0.091,0.08391671627759933
SourdoughGulch_WA_985,2018-09-03,0.091,0.09317444264888763
SourdoughGulch_WA_985,2018-09-04,0.09,0.09351597726345062
SourdoughGulch_WA_985,2018-09-05,0.093,0.09383166581392288
SourdoughGulch_WA_985,2018-09-06,0.093,0.09225296229124069
SourdoughGulch_WA_985,2018-09-07,0.097,0.09397482126951218
SourdoughGulch_WA_985,2018-09-08,0.095,0.09301921725273132
SourdoughGulch_WA_985,2018-09-09,0.092,0.09160535782575607
SourdoughGulch_WA_985,2018-09-10,0.087,0.08733517676591873
SourdoughGulch_WA_985,2018-09-11,0.087,0.0817122533917427
SourdoughGulch_WA_985,2018-09-12,0.078,0.08012983947992325
SourdoughGulch_WA_985,2018-09-13,0.073,0.07824262976646423
SourdoughGulch_WA_985,2018-09-14,0.07,0.07911770045757294
SourdoughGulch_WA_985,2018-09-15,0.073,0.07906128466129303
SourdoughGulch_WA_985,2018-09-16,0.078,0.07898292690515518
SourdoughGulch_WA_985,2018-09-17,0.074,0.078187495470047
SourdoughGulch_WA_985,2018-09-18,0.078,0.07795114815235138
SourdoughGulch_WA_985,2018-09-19,0.071,0.07946199178695679
SourdoughGulch_WA_985,2018-09-20,0.075,0.0826035588979721
SourdoughGulch_WA_985,2018-09-21,0.07,0.08642548322677612
SourdoughGulch_WA_985,2018-09-22,0.077,0.08277755230665207
SourdoughGulch_WA_985,2018-09-23,0.071,0.0837295800447464
SourdoughGulch_WA_985,2018-09-24,0.066,0.07304743677377701
SourdoughGulch_WA_985,2018-09-25,0.067,0.07347602397203445
SourdoughGulch_WA_985,2018-09-26,0.065,0.07774863392114639
SourdoughGulch_WA_985,2018-09-27,0.067,0.0759647861123085
SourdoughGulch_WA_985,2018-09-28,0.069,0.07137403637170792
SourdoughGulch_WA_985,2018-09-29,0.066,0.07026167213916779
SourdoughGulch_WA_985,2018-09-30,0.069,0.07071828842163086
SourdoughGulch_WA_985,2018-10-01,0.063,0.06066756695508957
SourdoughGulch_WA_985,2018-10-02,0.067,0.05824751779437065
SourdoughGulch_WA_985,2018-10-03,0.066,0.060690801590681076
SourdoughGulch_WA_985,2018-10-04,0.06,0.058780837804079056
SourdoughGulch_WA_985,2018-10-05,0.055,0.058059073984622955
SourdoughGulch_WA_985,2018-10-06,0.057,0.07301618903875351
SourdoughGulch_WA_985,2018-10-07,0.056,0.060224637389183044
SourdoughGulch_WA_985,2018-10-08,0.053,0.05897780507802963
SourdoughGulch_WA_985,2018-10-09,0.061,0.07888828217983246
SourdoughGulch_WA_985,2018-10-10,0.058,0.09269185364246368
SourdoughGulch_WA_985,2018-10-11,0.054,0.09103517979383469
SourdoughGulch_WA_985,2018-10-12,0.049,0.09014333784580231
SourdoughGulch_WA_985,2018-10-13,0.055,0.0948752611875534
SourdoughGulch_WA_985,2018-10-14,0.059,0.10168042033910751
SourdoughGulch_WA_985,2018-10-15,0.056,0.09979508072137833
SourdoughGulch_WA_985,2018-10-16,0.053,0.10155678540468216
SourdoughGulch_WA_985,2018-10-17,0.059,0.10494059324264526
SourdoughGulch_WA_985,2018-10-18,0.066,0.0976494550704956
SourdoughGulch_WA_985,2018-10-19,0.059,0.08963778614997864
SourdoughGulch_WA_985,2018-10-20,0.064,0.08897706121206284
SourdoughGulch_WA_985,2018-10-21,0.064,0.08342839777469635
SourdoughGulch_WA_985,2018-10-22,0.065,0.09161780774593353
SourdoughGulch_WA_985,2018-10-23,0.067,0.0898868665099144
SourdoughGulch_WA_985,2018-10-24,0.072,0.09199365228414536
SourdoughGulch_WA_985,2018-10-25,0.074,0.09071033447980881
SourdoughGulch_WA_985,2018-10-26,0.075,0.09240101277828217
SourdoughGulch_WA_985,2018-10-27,0.078,0.08972182124853134
SourdoughGulch_WA_985,2018-10-28,0.078,0.09225425869226456
SourdoughGulch_WA_985,2018-10-29,0.075,0.09314528107643127
SourdoughGulch_WA_985,2018-10-30,0.067,0.09959187358617783
SourdoughGulch_WA_985,2018-10-31,0.075,0.1264801323413849
SourdoughGulch_WA_985,2018-11-01,0.074,0.12948493659496307
SourdoughGulch_WA_985,2018-11-02,0.074,0.1367100477218628
SourdoughGulch_WA_985,2018-11-03,0.106,0.1401389241218567
SourdoughGulch_WA_985,2018-11-04,0.117,0.1620657593011856
SourdoughGulch_WA_985,2018-11-05,0.168,0.18514329195022583
SourdoughGulch_WA_985,2018-11-06,0.178,0.19328655302524567
SourdoughGulch_WA_985,2018-11-07,0.187,0.19170840084552765
SourdoughGulch_WA_985,2018-11-08,0.179,0.19419598579406738
SourdoughGulch_WA_985,2018-11-09,0.172,0.18898917734622955
SourdoughGulch_WA_985,2018-11-10,0.168,0.17996446788311005
SourdoughGulch_WA_985,2018-11-11,0.165,0.18092748522758484
SourdoughGulch_WA_985,2018-11-12,0.164,0.19422075152397156
SourdoughGulch_WA_985,2018-11-13,0.157,0.1953485906124115
SourdoughGulch_WA_985,2018-11-14,0.149,0.17203457653522491
SourdoughGulch_WA_985,2018-11-15,0.154,0.16516093909740448
SourdoughGulch_WA_985,2018-11-16,0.161,0.16175822913646698
SourdoughGulch_WA_985,2018-11-17,0.17,0.15934717655181885
SourdoughGulch_WA_985,2018-11-18,0.161,0.16018816828727722
SourdoughGulch_WA_985,2018-11-19,0.161,0.16325266659259796
SourdoughGulch_WA_985,2018-11-20,0.159,0.16412784159183502
SourdoughGulch_WA_985,2018-11-21,0.152,0.16121166944503784
SourdoughGulch_WA_985,2018-11-22,0.145,0.16004948318004608
SourdoughGulch_WA_985,2018-11-23,0.149,0.17816369235515594
SourdoughGulch_WA_985,2018-11-24,0.171,0.1849241703748703
SourdoughGulch_WA_985,2018-11-25,0.181,0.18418148159980774
SourdoughGulch_WA_985,2018-11-26,0.181,0.19278264045715332
SourdoughGulch_WA_985,2018-11-27,0.188,0.2026754766702652
SourdoughGulch_WA_985,2018-11-28,0.279,0.24299073219299316
SourdoughGulch_WA_985,2018-11-29,0.265,0.2419987916946411
SourdoughGulch_WA_985,2018-11-30,0.255,0.23679977655410767
SourdoughGulch_WA_985,2018-12-01,0.244,0.229701966047287
SourdoughGulch_WA_985,2018-12-02,0.241,0.2229195237159729
SourdoughGulch_WA_985,2018-12-03,0.236,0.22020648419857025
SourdoughGulch_WA_985,2018-12-04,0.236,0.21328739821910858
SourdoughGulch_WA_985,2018-12-05,0.223,0.18937933444976807
SourdoughGulch_WA_985,2018-12-06,0.184,0.1733320951461792
SourdoughGulch_WA_985,2018-12-07,0.105,0.1565808653831482
SourdoughGulch_WA_985,2018-12-08,0.096,0.14664731919765472
SourdoughGulch_WA_985,2018-12-09,0.096,0.14544783532619476
SourdoughGulch_WA_985,2018-12-10,0.103,0.1488424390554428
SourdoughGulch_WA_985,2018-12-11,0.113,0.14796550571918488
SourdoughGulch_WA_985,2018-12-12,0.11,0.14633341133594513
SourdoughGulch_WA_985,2018-12-13,0.116,0.1452920287847519
SourdoughGulch_WA_985,2018-12-14,0.116,0.14655332267284393
SourdoughGulch_WA_985,2018-12-15,0.119,0.14919504523277283
SourdoughGulch_WA_985,2018-12-16,0.125,0.14848171174526215
SourdoughGulch_WA_985,2018-12-17,0.133,0.16834574937820435
SourdoughGulch_WA_985,2018-12-18,0.166,0.22653038799762726
SourdoughGulch_WA_985,2018-12-19,0.335,0.2781839370727539
SourdoughGulch_WA_985,2018-12-20,0.323,0.2784263789653778
SourdoughGulch_WA_985,2018-12-21,0.322,0.28554394841194153
SourdoughGulch_WA_985,2018-12-22,0.31,0.2722759544849396
SourdoughGulch_WA_985,2018-12-23,0.289,0.27366188168525696
SourdoughGulch_WA_985,2018-12-24,0.286,0.26684242486953735
SourdoughGulch_WA_985,2018-12-25,0.29,0.2672273814678192
SourdoughGulch_WA_985,2018-12-26,0.288,0.26397570967674255
SourdoughGulch_WA_985,2018-12-27,0.283,0.2600644826889038
SourdoughGulch_WA_985,2018-12-28,0.276,0.2601751685142517
SourdoughGulch_WA_985,2018-12-29,0.259,0.26023876667022705
SourdoughGulch_WA_985,2018-12-30,0.258,0.2608005404472351
SourdoughGulch_WA_985,2018-12-31,0.32,0.2611948847770691
SourdoughGulch_WA_985,2019-01-01,0.295,0.2580610513687134
SourdoughGulch_WA_985,2019-01-02,0.222,0.23740369081497192
SourdoughGulch_WA_985,2019-01-03,0.165,0.22057050466537476
SourdoughGulch_WA_985,2019-01-04,0.196,0.23164929449558258
SourdoughGulch_WA_985,2019-01-05,0.223,0.23387959599494934
SourdoughGulch_WA_985,2019-01-06,0.236,0.23412513732910156
SourdoughGulch_WA_985,2019-01-07,0.247,0.2383122444152832
SourdoughGulch_WA_985,2019-01-08,0.252,0.24264293909072876
SourdoughGulch_WA_985,2019-01-09,0.244,0.24885009229183197
SourdoughGulch_WA_985,2019-01-10,0.253,0.2466152310371399
SourdoughGulch_WA_985,2019-01-11,0.277,0.24812468886375427
SourdoughGulch_WA_985,2019-01-12,0.277,0.2461712658405304
SourdoughGulch_WA_985,2019-01-13,0.252,0.23986515402793884
SourdoughGulch_WA_985,2019-01-14,0.184,0.20878808200359344
SourdoughGulch_WA_985,2019-01-15,0.115,0.19772741198539734
SourdoughGulch_WA_985,2019-01-16,0.119,0.1983983963727951
SourdoughGulch_WA_985,2019-01-17,0.119,0.20460784435272217
SourdoughGulch_WA_985,2019-01-18,0.134,0.20735523104667664
SourdoughGulch_WA_985,2019-01-19,0.147,0.2192952185869217
SourdoughGulch_WA_985,2019-01-20,0.156,0.2236868441104889
SourdoughGulch_WA_985,2019-01-21,0.172,0.24287882447242737
SourdoughGulch_WA_985,2019-01-22,0.184,0.24225012958049774
SourdoughGulch_WA_985,2019-01-23,0.177,0.24073778092861176
SourdoughGulch_WA_985,2019-01-24,0.224,0.24915197491645813
SourdoughGulch_WA_985,2019-01-25,0.253,0.24815724790096283
SourdoughGulch_WA_985,2019-01-26,0.261,0.24967016279697418
SourdoughGulch_WA_985,2019-01-27,0.256,0.23870611190795898
SourdoughGulch_WA_985,2019-01-28,0.307,0.23993830382823944
SourdoughGulch_WA_985,2019-01-29,0.288,0.2400580197572708
SourdoughGulch_WA_985,2019-01-30,0.194,0.2360982745885849
SourdoughGulch_WA_985,2019-01-31,0.146,0.2318558394908905
SourdoughGulch_WA_985,2019-02-01,0.149,0.2329137921333313
SourdoughGulch_WA_985,2019-02-02,0.174,0.24179112911224365
SourdoughGulch_WA_985,2019-02-03,0.193,0.24883246421813965
SourdoughGulch_WA_985,2019-02-04,0.242,0.24903374910354614
SourdoughGulch_WA_985,2019-02-05,0.267,0.25018569827079773
SourdoughGulch_WA_985,2019-02-06,0.276,0.26424601674079895
SourdoughGulch_WA_985,2019-02-07,0.274,0.2640991806983948
SourdoughGulch_WA_985,2019-02-08,0.266,0.2629757225513458
SourdoughGulch_WA_985,2019-02-09,0.25,0.25690311193466187
SourdoughGulch_WA_985,2019-02-10,0.247,0.25382086634635925
SourdoughGulch_WA_985,2019-02-11,0.236,0.26112160086631775
SourdoughGulch_WA_985,2019-02-12,0.231,0.2636786997318268
SourdoughGulch_WA_985,2019-02-13,0.243,0.26533836126327515
SourdoughGulch_WA_985,2019-02-14,0.258,0.26279139518737793
SourdoughGulch_WA_985,2019-02-15,0.265,0.2755385637283325
SourdoughGulch_WA_985,2019-02-16,0.267,0.27865275740623474
SourdoughGulch_WA_985,2019-02-17,0.269,0.2802651524543762
SourdoughGulch_WA_985,2019-02-18,0.273,0.28158092498779297
SourdoughGulch_WA_985,2019-02-19,0.275,0.2892244756221771
SourdoughGulch_WA_985,2019-02-20,0.277,0.2840259075164795
SourdoughGulch_WA_985,2019-02-21,0.277,0.2869705259799957
SourdoughGulch_WA_985,2019-02-22,0.277,0.28785595297813416
SourdoughGulch_WA_985,2019-02-23,0.279,0.28824886679649353
SourdoughGulch_WA_985,2019-02-24,0.278,0.2881571352481842
SourdoughGulch_WA_985,2019-02-25,0.28,0.2860407531261444
SourdoughGulch_WA_985,2019-02-26,0.28,0.28644707798957825
SourdoughGulch_WA_985,2019-02-27,0.281,0.2876220643520355
SourdoughGulch_WA_985,2019-02-28,0.283,0.2907902002334595
SourdoughGulch_WA_985,2019-03-01,0.284,0.28722310066223145
SourdoughGulch_WA_985,2019-03-02,0.285,0.28493183851242065
SourdoughGulch_WA_985,2019-03-03,0.285,0.28777867555618286
SourdoughGulch_WA_985,2019-03-04,0.285,0.29133084416389465
SourdoughGulch_WA_985,2019-03-05,0.284,0.2946278154850006
SourdoughGulch_WA_985,2019-03-06,0.284,0.28832143545150757
SourdoughGulch_WA_985,2019-03-07,0.283,0.29165753722190857
SourdoughGulch_WA_985,2019-03-08,0.308,0.29799970984458923
SourdoughGulch_WA_985,2019-03-09,0.305,0.30272072553634644
SourdoughGulch_WA_985,2019-03-10,0.304,0.2967948317527771
SourdoughGulch_WA_985,2019-03-11,0.302,0.29864978790283203
SourdoughGulch_WA_985,2019-03-12,0.3,0.30689185857772827
SourdoughGulch_WA_985,2019-03-13,0.298,0.3063306212425232
SourdoughGulch_WA_985,2019-03-14,0.298,0.30686306953430176
SourdoughGulch_WA_985,2019-03-15,0.298,0.3055045008659363
SourdoughGulch_WA_985,2019-03-16,0.297,0.30505725741386414
SourdoughGulch_WA_985,2019-03-17,0.301,0.2964802384376526
SourdoughGulch_WA_985,2019-03-18,0.303,0.3037693500518799
SourdoughGulch_WA_985,2019-03-19,0.306,0.31094300746917725
SourdoughGulch_WA_985,2019-03-20,0.316,0.3199557960033417
SourdoughGulch_WA_985,2019-03-21,0.352,0.32150134444236755
SourdoughGulch_WA_985,2019-03-22,0.356,0.3379635512828827
SourdoughGulch_WA_985,2019-03-23,0.359,0.33419838547706604
SourdoughGulch_WA_985,2019-03-24,0.361,0.3404824435710907
SourdoughGulch_WA_985,2019-03-25,0.359,0.34721672534942627
SourdoughGulch_WA_985,2019-03-26,0.357,0.3508938252925873
SourdoughGulch_WA_985,2019-03-27,0.354,0.34700852632522583
SourdoughGulch_WA_985,2019-03-28,0.348,0.3474999964237213
SourdoughGulch_WA_985,2019-03-29,0.347,0.3468863070011139
SourdoughGulch_WA_985,2019-03-30,0.347,0.34915512800216675
SourdoughGulch_WA_985,2019-03-31,0.341,0.3439919054508209
SourdoughGulch_WA_985,2019-04-01,0.338,0.3362506628036499
SourdoughGulch_WA_985,2019-04-02,0.335,0.33053410053253174
SourdoughGulch_WA_985,2019-04-03,0.333,0.33394113183021545
SourdoughGulch_WA_985,2019-04-04,0.331,0.3324955999851227
SourdoughGulch_WA_985,2019-04-05,0.328,0.33190011978149414
SourdoughGulch_WA_985,2019-04-06,0.339,0.33390891551971436
SourdoughGulch_WA_985,2019-04-07,0.338,0.33445873856544495
SourdoughGulch_WA_985,2019-04-08,0.354,0.3399648368358612
SourdoughGulch_WA_985,2019-04-09,0.35,0.3387877941131592
SourdoughGulch_WA_985,2019-04-10,0.341,0.33646270632743835
SourdoughGulch_WA_985,2019-04-11,0.336,0.3338848948478699
SourdoughGulch_WA_985,2019-04-12,0.338,0.33399394154548645
SourdoughGulch_WA_985,2019-04-13,0.348,0.33285608887672424
SourdoughGulch_WA_985,2019-04-14,0.338,0.3339199423789978
SourdoughGulch_WA_985,2019-04-15,0.338,0.336791455745697
SourdoughGulch_WA_985,2019-04-16,0.334,0.3369308412075043
SourdoughGulch_WA_985,2019-04-17,0.337,0.32947638630867004
SourdoughGulch_WA_985,2019-04-18,0.337,0.3294733464717865
SourdoughGulch_WA_985,2019-04-19,0.333,0.3327983021736145
SourdoughGulch_WA_985,2019-04-20,0.332,0.33256882429122925
SourdoughGulch_WA_985,2019-04-21,0.347,0.32719990611076355
SourdoughGulch_WA_985,2019-04-22,0.342,0.3351171016693115
SourdoughGulch_WA_985,2019-04-23,0.338,0.328042596578598
SourdoughGulch_WA_985,2019-04-24,0.335,0.3235081434249878
SourdoughGulch_WA_985,2019-04-25,0.328,0.32376155257225037
SourdoughGulch_WA_985,2019-04-26,0.323,0.3213021457195282
SourdoughGulch_WA_985,2019-04-27,0.315,0.3150973320007324
SourdoughGulch_WA_985,2019-04-28,0.308,0.3142549693584442
SourdoughGulch_WA_985,2019-04-29,0.303,0.30834442377090454
SourdoughGulch_WA_985,2019-04-30,0.3,0.30625998973846436
SourdoughGulch_WA_985,2019-05-01,0.295,0.30648064613342285
SourdoughGulch_WA_985,2019-05-02,0.289,0.30222582817077637
SourdoughGulch_WA_985,2019-05-03,0.287,0.2944047152996063
SourdoughGulch_WA_985,2019-05-04,0.284,0.28821325302124023
SourdoughGulch_WA_985,2019-05-05,0.281,0.29039573669433594
SourdoughGulch_WA_985,2019-05-06,0.274,0.28234806656837463
SourdoughGulch_WA_985,2019-05-07,0.272,0.27880510687828064
SourdoughGulch_WA_985,2019-05-08,0.267,0.2795944809913635
SourdoughGulch_WA_985,2019-05-09,0.26,0.272529661655426
SourdoughGulch_WA_985,2019-05-10,0.258,0.25398018956184387
SourdoughGulch_WA_985,2019-05-11,0.253,0.2438805252313614
SourdoughGulch_WA_985,2019-05-12,0.25,0.24285075068473816
SourdoughGulch_WA_985,2019-05-13,0.245,0.24868401885032654
SourdoughGulch_WA_985,2019-05-14,0.232,0.2285388559103012
SourdoughGulch_WA_985,2019-05-15,0.219,0.20105163753032684
SourdoughGulch_WA_985,2019-05-16,0.217,0.202085942029953
SourdoughGulch_WA_985,2019-05-17,0.215,0.23242752254009247
SourdoughGulch_WA_985,2019-05-18,0.211,0.234646737575531
SourdoughGulch_WA_985,2019-05-19,0.212,0.2383842170238495
SourdoughGulch_WA_985,2019-05-20,0.216,0.2376880645751953
SourdoughGulch_WA_985,2019-05-21,0.203,0.22501997649669647
SourdoughGulch_WA_985,2019-05-22,0.206,0.22836926579475403
SourdoughGulch_WA_985,2019-05-23,0.209,0.22531187534332275
SourdoughGulch_WA_985,2019-05-24,0.216,0.23575355112552643
SourdoughGulch_WA_985,2019-05-25,0.211,0.23992788791656494
SourdoughGulch_WA_985,2019-05-26,0.311,0.2607468068599701
SourdoughGulch_WA_985,2019-05-27,0.309,0.26255887746810913
SourdoughGulch_WA_985,2019-05-28,0.292,0.2703779637813568
SourdoughGulch_WA_985,2019-05-29,0.291,0.2817753553390503
SourdoughGulch_WA_985,2019-05-30,0.283,0.2838198244571686
SourdoughGulch_WA_985,2019-05-31,0.273,0.28074952960014343
SourdoughGulch_WA_985,2019-06-01,0.269,0.28261494636535645
SourdoughGulch_WA_985,2019-06-02,0.262,0.2773866057395935
SourdoughGulch_WA_985,2019-06-03,0.254,0.2769019305706024
SourdoughGulch_WA_985,2019-06-04,0.244,0.26587992906570435
SourdoughGulch_WA_985,2019-06-05,0.235,0.26511847972869873
SourdoughGulch_WA_985,2019-06-06,0.221,0.26251742243766785
SourdoughGulch_WA_985,2019-06-07,0.317,0.26410722732543945
SourdoughGulch_WA_985,2019-06-08,0.293,0.26147153973579407
SourdoughGulch_WA_985,2019-06-09,0.276,0.26049065589904785
SourdoughGulch_WA_985,2019-06-10,0.274,0.26203274726867676
SourdoughGulch_WA_985,2019-06-11,0.27,0.253641813993454
SourdoughGulch_WA_985,2019-06-12,0.263,0.27017664909362793
SourdoughGulch_WA_985,2019-06-13,0.256,0.257567822933197
SourdoughGulch_WA_985,2019-06-14,0.24,0.27203279733657837
SourdoughGulch_WA_985,2019-06-15,0.234,0.25846239924430847
SourdoughGulch_WA_985,2019-06-16,0.223,0.24456413090229034
SourdoughGulch_WA_985,2019-06-17,0.216,0.23981314897537231
SourdoughGulch_WA_985,2019-06-18,0.203,0.22024908661842346
SourdoughGulch_WA_985,2019-06-19,0.188,0.20562487840652466
SourdoughGulch_WA_985,2019-06-20,0.183,0.2052004337310791
SourdoughGulch_WA_985,2019-06-21,0.168,0.1961943656206131
SourdoughGulch_WA_985,2019-06-22,0.157,0.18615642189979553
SourdoughGulch_WA_985,2019-06-23,0.158,0.18855659663677216
SourdoughGulch_WA_985,2019-06-24,0.154,0.18486416339874268
SourdoughGulch_WA_985,2019-06-25,0.154,0.18153218924999237
SourdoughGulch_WA_985,2019-06-26,0.156,0.19359193742275238
SourdoughGulch_WA_985,2019-06-27,0.268,0.24330754578113556
SourdoughGulch_WA_985,2019-06-28,0.316,0.28282126784324646
SourdoughGulch_WA_985,2019-06-29,0.307,0.2890769839286804
SourdoughGulch_WA_985,2019-06-30,0.308,0.2883304953575134
SourdoughGulch_WA_985,2019-07-01,0.303,0.28565680980682373
SourdoughGulch_WA_985,2019-07-02,0.292,0.28199756145477295
SourdoughGulch_WA_985,2019-07-03,0.287,0.27286863327026367
SourdoughGulch_WA_985,2019-07-04,0.284,0.27370890974998474
SourdoughGulch_WA_985,2019-07-05,0.279,0.2749398946762085
SourdoughGulch_WA_985,2019-07-06,0.278,0.2680721879005432
SourdoughGulch_WA_985,2019-07-07,0.278,0.26894402503967285
SourdoughGulch_WA_985,2019-07-08,0.268,0.2671981751918793
SourdoughGulch_WA_985,2019-07-09,0.261,0.2649606764316559
SourdoughGulch_WA_985,2019-07-10,0.26,0.2576262056827545
SourdoughGulch_WA_985,2019-07-11,0.258,0.25659146904945374
SourdoughGulch_WA_985,2019-07-12,0.248,0.24714624881744385
SourdoughGulch_WA_985,2019-07-13,0.244,0.23981432616710663
SourdoughGulch_WA_985,2019-07-14,0.236,0.23268276453018188
SourdoughGulch_WA_985,2019-07-15,0.225,0.22821778059005737
SourdoughGulch_WA_985,2019-07-16,0.205,0.2260640263557434
SourdoughGulch_WA_985,2019-07-17,0.196,0.2118290811777115
SourdoughGulch_WA_985,2019-07-18,0.185,0.19548264145851135
SourdoughGulch_WA_985,2019-07-19,0.19,0.18108883500099182
SourdoughGulch_WA_985,2019-07-20,0.176,0.1758110374212265
SourdoughGulch_WA_985,2019-07-21,0.175,0.17648719251155853
SourdoughGulch_WA_985,2019-07-22,0.174,0.16582909226417542
SourdoughGulch_WA_985,2019-07-23,0.166,0.16143304109573364
SourdoughGulch_WA_985,2019-07-24,0.163,0.18090103566646576
SourdoughGulch_WA_985,2019-07-25,0.157,0.16612322628498077
SourdoughGulch_WA_985,2019-07-26,0.151,0.16526572406291962
SourdoughGulch_WA_985,2019-07-27,0.147,0.16138236224651337
SourdoughGulch_WA_985,2019-07-28,0.145,0.14829757809638977
SourdoughGulch_WA_985,2019-07-29,0.139,0.15544405579566956
SourdoughGulch_WA_985,2019-07-30,0.132,0.15076889097690582
SourdoughGulch_WA_985,2019-07-31,0.133,0.15158210694789886
SourdoughGulch_WA_985,2019-08-01,0.129,0.1268998384475708
SourdoughGulch_WA_985,2019-08-02,0.126,0.12608720362186432
SourdoughGulch_WA_985,2019-08-03,0.119,0.12465842813253403
SourdoughGulch_WA_985,2019-08-04,0.111,0.12680841982364655
SourdoughGulch_WA_985,2019-08-05,0.111,0.10985440015792847
SourdoughGulch_WA_985,2019-08-06,0.112,0.11281213909387589
SourdoughGulch_WA_985,2019-08-07,0.107,0.10924990475177765
SourdoughGulch_WA_985,2019-08-08,0.104,0.1008637472987175
SourdoughGulch_WA_985,2019-08-09,0.096,0.10070571303367615
SourdoughGulch_WA_985,2019-08-10,0.091,0.09826706349849701
SourdoughGulch_WA_985,2019-08-11,0.091,0.12975940108299255
SourdoughGulch_WA_985,2019-08-12,0.093,0.13271701335906982
SourdoughGulch_WA_985,2019-08-13,0.109,0.13191547989845276
SourdoughGulch_WA_985,2019-08-14,0.112,0.1187330037355423
SourdoughGulch_WA_985,2019-08-15,0.114,0.12113407254219055
SourdoughGulch_WA_985,2019-08-16,0.11,0.12147308886051178
SourdoughGulch_WA_985,2019-08-17,0.115,0.12015313655138016
SourdoughGulch_WA_985,2019-08-18,0.105,0.11180414259433746
SourdoughGulch_WA_985,2019-08-19,0.105,0.11912867426872253
SourdoughGulch_WA_985,2019-08-20,0.108,0.11754942685365677
SourdoughGulch_WA_985,2019-08-21,0.107,0.10244990885257721
SourdoughGulch_WA_985,2019-08-22,0.106,0.10210265964269638
SourdoughGulch_WA_985,2019-08-23,0.094,0.09931640326976776
SourdoughGulch_WA_985,2019-08-24,0.096,0.10050276666879654
SourdoughGulch_WA_985,2019-08-25,0.097,0.10232041031122208
SourdoughGulch_WA_985,2019-08-26,0.094,0.10556318610906601
SourdoughGulch_WA_985,2019-08-27,0.088,0.10006619989871979
SourdoughGulch_WA_985,2019-08-28,0.087,0.09469011425971985
SourdoughGulch_WA_985,2019-08-29,0.088,0.09271197766065598
SourdoughGulch_WA_985,2019-08-30,0.079,0.09215537458658218
SourdoughGulch_WA_985,2019-08-31,0.082,0.09146531671285629
SourdoughGulch_WA_985,2019-09-01,0.083,0.09285494685173035
SourdoughGulch_WA_985,2019-09-02,0.082,0.0817888155579567
SourdoughGulch_WA_985,2019-09-03,0.079,0.08206269890069962
SourdoughGulch_WA_985,2019-09-04,0.078,0.08212274312973022
SourdoughGulch_WA_985,2019-09-05,0.074,0.07820814847946167
SourdoughGulch_WA_985,2019-09-06,0.07,0.06906261295080185
SourdoughGulch_WA_985,2019-09-07,0.069,0.10298923403024673
SourdoughGulch_WA_985,2019-09-08,0.063,0.0930495634675026
SourdoughGulch_WA_985,2019-09-09,0.065,0.06683448702096939
SourdoughGulch_WA_985,2019-09-10,0.068,0.0731460228562355
SourdoughGulch_WA_985,2019-09-11,0.067,0.07964260131120682
SourdoughGulch_WA_985,2019-09-12,0.062,0.08525136858224869
SourdoughGulch_WA_985,2019-09-13,0.071,0.08232977241277695
SourdoughGulch_WA_985,2019-09-14,0.073,0.08043433725833893
SourdoughGulch_WA_985,2019-09-15,0.076,0.08346408605575562
SourdoughGulch_WA_985,2019-09-16,0.08,0.09620986133813858
SourdoughGulch_WA_985,2019-09-17,0.073,0.10078214108943939
SourdoughGulch_WA_985,2019-09-18,0.077,0.09779781103134155
SourdoughGulch_WA_985,2019-09-19,0.085,0.1059369370341301
SourdoughGulch_WA_985,2019-09-20,0.12,0.11649417132139206
SourdoughGulch_WA_985,2019-09-21,0.133,0.12127605080604553
SourdoughGulch_WA_985,2019-09-22,0.14,0.1206008568406105
SourdoughGulch_WA_985,2019-09-23,0.144,0.1402028501033783
SourdoughGulch_WA_985,2019-09-24,0.146,0.14557582139968872
SourdoughGulch_WA_985,2019-09-25,0.147,0.14754831790924072
SourdoughGulch_WA_985,2019-09-26,0.145,0.1438874900341034
SourdoughGulch_WA_985,2019-09-27,0.143,0.15030470490455627
SourdoughGulch_WA_985,2019-09-28,0.139,0.1486283242702484
SourdoughGulch_WA_985,2019-09-29,0.129,0.14341077208518982
SourdoughGulch_WA_985,2019-09-30,0.126,0.12796445190906525
SourdoughGulch_WA_985,2019-10-01,0.12,0.1334993541240692
SourdoughGulch_WA_985,2019-10-02,0.135,0.13940897583961487
SourdoughGulch_WA_985,2019-10-03,0.145,0.14149504899978638
SourdoughGulch_WA_985,2019-10-04,0.156,0.14341498911380768
SourdoughGulch_WA_985,2019-10-05,0.157,0.15411259233951569
SourdoughGulch_WA_985,2019-10-06,0.157,0.15851987898349762
SourdoughGulch_WA_985,2019-10-07,0.157,0.18520499765872955
SourdoughGulch_WA_985,2019-10-08,0.158,0.18387702107429504
SourdoughGulch_WA_985,2019-10-09,0.174,0.20617760717868805
SourdoughGulch_WA_985,2019-10-10,0.219,0.21171726286411285
SourdoughGulch_WA_985,2019-10-11,0.222,0.2128850221633911
SourdoughGulch_WA_985,2019-10-12,0.225,0.21211771667003632
SourdoughGulch_WA_985,2019-10-13,0.229,0.20859751105308533
SourdoughGulch_WA_985,2019-10-14,0.234,0.23693539202213287
SourdoughGulch_WA_985,2019-10-15,0.233,0.23976844549179077
SourdoughGulch_WA_985,2019-10-16,0.228,0.23704107105731964
SourdoughGulch_WA_985,2019-10-17,0.23,0.2387940138578415
SourdoughGulch_WA_985,2019-10-18,0.224,0.23852548003196716
SourdoughGulch_WA_985,2019-10-19,0.217,0.25765347480773926
SourdoughGulch_WA_985,2019-10-20,0.345,0.28651878237724304
SourdoughGulch_WA_985,2019-10-21,0.328,0.2879062592983246
SourdoughGulch_WA_985,2019-10-22,0.315,0.29664427042007446
SourdoughGulch_WA_985,2019-10-23,0.326,0.29287320375442505
SourdoughGulch_WA_985,2019-10-24,0.31,0.28723427653312683
SourdoughGulch_WA_985,2019-10-25,0.303,0.2874563932418823
SourdoughGulch_WA_985,2019-10-26,0.302,0.28871843218803406
SourdoughGulch_WA_985,2019-10-27,0.291,0.27718254923820496
SourdoughGulch_WA_985,2019-10-28,0.286,0.2707293629646301
SourdoughGulch_WA_985,2019-10-29,0.281,0.27022936940193176
SourdoughGulch_WA_985,2019-10-30,0.282,0.27031567692756653
SourdoughGulch_WA_985,2019-10-31,0.275,0.269878089427948
SourdoughGulch_WA_985,2019-11-01,0.271,0.26382988691329956
SourdoughGulch_WA_985,2019-11-02,0.269,0.262868195772171
SourdoughGulch_WA_985,2019-11-03,0.267,0.2623048424720764
SourdoughGulch_WA_985,2019-11-04,0.27,0.260852187871933
SourdoughGulch_WA_985,2019-11-05,0.308,0.26065078377723694
SourdoughGulch_WA_985,2019-11-06,0.305,0.26209357380867004
SourdoughGulch_WA_985,2019-11-07,0.3,0.26194825768470764
SourdoughGulch_WA_985,2019-11-08,0.294,0.2616872489452362
SourdoughGulch_WA_985,2019-11-09,0.297,0.2614981234073639
SourdoughGulch_WA_985,2019-11-10,0.297,0.26272621750831604
SourdoughGulch_WA_985,2019-11-11,0.298,0.24604211747646332
SourdoughGulch_WA_985,2019-11-12,0.29,0.24922363460063934
SourdoughGulch_WA_985,2019-11-13,0.291,0.26488420367240906
SourdoughGulch_WA_985,2019-11-14,0.289,0.26433074474334717
SourdoughGulch_WA_985,2019-11-15,0.286,0.2633666694164276
SourdoughGulch_WA_985,2019-11-16,0.289,0.26682764291763306
SourdoughGulch_WA_985,2019-11-17,0.288,0.2668647766113281
SourdoughGulch_WA_985,2019-11-18,0.293,0.26809003949165344
SourdoughGulch_WA_985,2019-11-19,0.292,0.269489049911499
SourdoughGulch_WA_985,2019-11-20,0.304,0.2740408480167389
SourdoughGulch_WA_985,2019-11-21,0.305,0.27286064624786377
SourdoughGulch_WA_985,2019-11-22,0.296,0.2660428583621979
SourdoughGulch_WA_985,2019-11-23,0.28,0.2640979588031769
SourdoughGulch_WA_985,2019-11-24,0.271,0.2654748558998108
SourdoughGulch_WA_985,2019-11-25,0.276,0.2628716230392456
SourdoughGulch_WA_985,2019-11-26,0.273,0.25971025228500366
SourdoughGulch_WA_985,2019-11-27,0.274,0.2568405866622925
SourdoughGulch_WA_985,2019-11-28,0.276,0.2625866234302521
SourdoughGulch_WA_985,2019-11-29,0.277,0.2547518014907837
SourdoughGulch_WA_985,2019-11-30,0.272,0.25433462858200073
SourdoughGulch_WA_985,2019-12-01,0.27,0.2601495385169983
SourdoughGulch_WA_985,2019-12-02,0.265,0.2553390562534332
SourdoughGulch_WA_985,2019-12-03,0.266,0.25739702582359314
SourdoughGulch_WA_985,2019-12-04,0.266,0.2546080946922302
SourdoughGulch_WA_985,2019-12-05,0.273,0.2538471221923828
SourdoughGulch_WA_985,2019-12-06,0.29,0.2564164400100708
SourdoughGulch_WA_985,2019-12-07,0.304,0.25763529539108276
SourdoughGulch_WA_985,2019-12-08,0.337,0.26260992884635925
SourdoughGulch_WA_985,2019-12-09,0.327,0.28117117285728455
SourdoughGulch_WA_985,2019-12-10,0.309,0.2830495536327362
SourdoughGulch_WA_985,2019-12-11,0.294,0.30199751257896423
SourdoughGulch_WA_985,2019-12-12,0.295,0.3023356795310974
SourdoughGulch_WA_985,2019-12-13,0.319,0.30434149503707886
SourdoughGulch_WA_985,2019-12-14,0.325,0.305583119392395
SourdoughGulch_WA_985,2019-12-15,0.312,0.30156409740448
SourdoughGulch_WA_985,2019-12-16,0.306,0.2898388206958771
SourdoughGulch_WA_985,2019-12-17,0.296,0.2898472845554352
SourdoughGulch_WA_985,2019-12-18,0.285,0.28311851620674133
SourdoughGulch_WA_985,2019-12-19,0.281,0.2918776571750641
SourdoughGulch_WA_985,2019-12-20,0.279,0.2964175343513489
SourdoughGulch_WA_985,2019-12-21,0.332,0.2976055443286896
SourdoughGulch_WA_985,2019-12-22,0.333,0.2971513271331787
SourdoughGulch_WA_985,2019-12-23,0.325,0.30257272720336914
SourdoughGulch_WA_985,2019-12-24,0.331,0.29913148283958435
SourdoughGulch_WA_985,2019-12-25,0.319,0.29589295387268066
SourdoughGulch_WA_985,2019-12-26,0.303,0.29364335536956787
SourdoughGulch_WA_985,2019-12-27,0.291,0.28582122921943665
SourdoughGulch_WA_985,2019-12-28,0.278,0.272983580827713
SourdoughGulch_WA_985,2019-12-29,0.272,0.2731364667415619
SourdoughGulch_WA_985,2019-12-30,0.271,0.26164349913597107
SourdoughGulch_WA_985,2019-12-31,0.276,0.2713584005832672
SourdoughGulch_WA_985,2020-01-01,0.303,0.30899620056152344
SourdoughGulch_WA_985,2020-01-02,0.339,0.31070050597190857
SourdoughGulch_WA_985,2020-01-03,0.33,0.3167176842689514
SourdoughGulch_WA_985,2020-01-04,0.329,0.3146921396255493
SourdoughGulch_WA_985,2020-01-05,0.323,0.31135499477386475
SourdoughGulch_WA_985,2020-01-06,0.311,0.31102657318115234
SourdoughGulch_WA_985,2020-01-07,0.314,0.31421589851379395
SourdoughGulch_WA_985,2020-01-08,0.324,0.318054735660553
SourdoughGulch_WA_985,2020-01-09,0.319,0.30939722061157227
SourdoughGulch_WA_985,2020-01-10,0.311,0.3023766279220581
SourdoughGulch_WA_985,2020-01-11,0.298,0.3044234812259674
SourdoughGulch_WA_985,2020-01-12,0.297,0.3043456971645355
SourdoughGulch_WA_985,2020-01-13,0.298,0.2996695041656494
SourdoughGulch_WA_985,2020-01-14,0.3,0.29919877648353577
SourdoughGulch_WA_985,2020-01-15,0.301,0.2952250838279724
SourdoughGulch_WA_985,2020-01-16,0.301,0.28857025504112244
SourdoughGulch_WA_985,2020-01-17,0.3,0.28745052218437195
SourdoughGulch_WA_985,2020-01-18,0.301,0.2876480221748352
SourdoughGulch_WA_985,2020-01-19,0.3,0.28687605261802673
SourdoughGulch_WA_985,2020-01-20,0.3,0.2971612513065338
SourdoughGulch_WA_985,2020-01-21,0.301,0.30683210492134094
SourdoughGulch_WA_985,2020-01-22,0.322,0.31507745385169983
SourdoughGulch_WA_985,2020-01-23,0.322,0.3161388039588928
SourdoughGulch_WA_985,2020-01-24,0.33,0.3116481900215149
SourdoughGulch_WA_985,2020-01-25,0.343,0.31967753171920776
SourdoughGulch_WA_985,2020-01-26,0.337,0.3202592730522156
SourdoughGulch_WA_985,2020-01-27,0.341,0.31283634901046753
SourdoughGulch_WA_985,2020-01-28,0.328,0.31513169407844543
SourdoughGulch_WA_985,2020-01-29,0.345,0.3210548758506775
SourdoughGulch_WA_985,2020-01-30,0.333,0.32195645570755005
SourdoughGulch_WA_985,2020-01-31,0.333,0.32469311356544495
SourdoughGulch_WA_985,2020-02-01,0.346,0.3300325274467468
SourdoughGulch_WA_985,2020-02-02,0.341,0.331620454788208
SourdoughGulch_WA_985,2020-02-03,0.332,0.32487329840660095
SourdoughGulch_WA_985,2020-02-04,0.319,0.3244979679584503
SourdoughGulch_WA_985,2020-02-05,0.307,0.32989004254341125
SourdoughGulch_WA_985,2020-02-06,0.342,0.3326731324195862
SourdoughGulch_WA_985,2020-02-07,0.351,0.33504971861839294
SourdoughGulch_WA_985,2020-02-08,0.343,0.3353830873966217
SourdoughGulch_WA_985,2020-02-09,0.333,0.33081305027008057
SourdoughGulch_WA_985,2020-02-10,0.328,0.3230540156364441
SourdoughGulch_WA_985,2020-02-11,0.321,0.31686052680015564
SourdoughGulch_WA_985,2020-02-12,0.313,0.3105444610118866
SourdoughGulch_WA_985,2020-02-13,0.311,0.31572213768959045
SourdoughGulch_WA_985,2020-02-14,0.301,0.3120273947715759
SourdoughGulch_WA_985,2020-02-15,0.305,0.3131471574306488
SourdoughGulch_WA_985,2020-02-16,0.301,0.3097245693206787
SourdoughGulch_WA_985,2020-02-17,0.311,0.31187495589256287
SourdoughGulch_WA_985,2020-02-18,0.311,0.31502261757850647
SourdoughGulch_WA_985,2020-02-19,0.302,0.31131213903427124
SourdoughGulch_WA_985,2020-02-20,0.292,0.312023788690567
SourdoughGulch_WA_985,2020-02-21,0.282,0.2995178997516632
SourdoughGulch_WA_985,2020-02-22,0.274,0.29466578364372253
SourdoughGulch_WA_985,2020-02-23,0.276,0.3075602352619171
SourdoughGulch_WA_985,2020-02-24,0.322,0.31783539056777954
SourdoughGulch_WA_985,2020-02-25,0.314,0.3177543878555298
SourdoughGulch_WA_985,2020-02-26,0.3,0.31791895627975464
SourdoughGulch_WA_985,2020-02-27,0.335,0.31161653995513916
SourdoughGulch_WA_985,2020-02-28,0.325,0.30546504259109497
SourdoughGulch_WA_985,2020-02-29,0.336,0.31484049558639526
SourdoughGulch_WA_985,2020-03-01,0.33,0.3130902051925659
SourdoughGulch_WA_985,2020-03-02,0.315,0.31278255581855774
SourdoughGulch_WA_985,2020-03-03,0.307,0.31089213490486145
SourdoughGulch_WA_985,2020-03-04,0.328,0.3092154860496521
SourdoughGulch_WA_985,2020-03-05,0.324,0.31197023391723633
SourdoughGulch_WA_985,2020-03-06,0.324,0.3131864666938782
SourdoughGulch_WA_985,2020-03-07,0.321,0.31749236583709717
SourdoughGulch_WA_985,2020-03-08,0.318,0.318034291267395
SourdoughGulch_WA_985,2020-03-09,0.314,0.31922245025634766
SourdoughGulch_WA_985,2020-03-10,0.312,0.3170633912086487
SourdoughGulch_WA_985,2020-03-11,0.31,0.3142721951007843
SourdoughGulch_WA_985,2020-03-12,0.314,0.30967140197753906
SourdoughGulch_WA_985,2020-03-13,0.304,0.3151167929172516
SourdoughGulch_WA_985,2020-03-14,0.301,0.3183976113796234
SourdoughGulch_WA_985,2020-03-15,0.302,0.3191191554069519
SourdoughGulch_WA_985,2020-03-16,0.304,0.32002386450767517
SourdoughGulch_WA_985,2020-03-17,0.306,0.3214649260044098
SourdoughGulch_WA_985,2020-03-18,0.34,0.3191740810871124
SourdoughGulch_WA_985,2020-03-19,0.336,0.32066312432289124
SourdoughGulch_WA_985,2020-03-20,0.331,0.31861400604248047
SourdoughGulch_WA_985,2020-03-21,0.327,0.3207636773586273
SourdoughGulch_WA_985,2020-03-22,0.325,0.31714928150177
SourdoughGulch_WA_985,2020-03-23,0.321,0.3185912072658539
SourdoughGulch_WA_985,2020-03-24,0.32,0.3186054825782776
SourdoughGulch_WA_985,2020-03-25,0.313,0.32134804129600525
SourdoughGulch_WA_985,2020-03-26,0.313,0.32160484790802
SourdoughGulch_WA_985,2020-03-27,0.311,0.31974270939826965
SourdoughGulch_WA_985,2020-03-28,0.311,0.3195343613624573
SourdoughGulch_WA_985,2020-03-29,0.313,0.3258586525917053
SourdoughGulch_WA_985,2020-03-30,0.317,0.327140748500824
SourdoughGulch_WA_985,2020-03-31,0.355,0.3335344195365906
SourdoughGulch_WA_985,2020-04-01,0.344,0.3363627791404724
SourdoughGulch_WA_985,2020-04-02,0.343,0.3388127088546753
SourdoughGulch_WA_985,2020-04-03,0.336,0.33581089973449707
SourdoughGulch_WA_985,2020-04-04,0.332,0.3342283368110657
SourdoughGulch_WA_985,2020-04-05,0.331,0.33399757742881775
SourdoughGulch_WA_985,2020-04-06,0.33,0.3279258906841278
SourdoughGulch_WA_985,2020-04-07,0.329,0.3282465934753418
SourdoughGulch_WA_985,2020-04-08,0.327,0.32318875193595886
SourdoughGulch_WA_985,2020-04-09,0.323,0.31960034370422363
SourdoughGulch_WA_985,2020-04-10,0.319,0.3128581941127777
SourdoughGulch_WA_985,2020-04-11,0.316,0.31856054067611694
SourdoughGulch_WA_985,2020-04-12,0.307,0.31860703229904175
SourdoughGulch_WA_985,2020-04-13,0.3,0.3161465525627136
SourdoughGulch_WA_985,2020-04-14,0.295,0.31390002369880676
SourdoughGulch_WA_985,2020-04-15,0.294,0.3185526132583618
SourdoughGulch_WA_985,2020-04-16,0.341,0.31764355301856995
SourdoughGulch_WA_985,2020-04-17,0.336,0.3196401596069336
SourdoughGulch_WA_985,2020-04-18,0.332,0.31689128279685974
SourdoughGulch_WA_985,2020-04-19,0.324,0.31534790992736816
SourdoughGulch_WA_985,2020-04-20,0.32,0.3157353401184082
SourdoughGulch_WA_985,2020-04-21,0.319,0.31743481755256653
SourdoughGulch_WA_985,2020-04-22,0.316,0.3174889385700226
SourdoughGulch_WA_985,2020-04-23,0.307,0.32260656356811523
SourdoughGulch_WA_985,2020-04-24,0.349,0.3274599611759186
SourdoughGulch_WA_985,2020-04-25,0.34,0.32819685339927673
SourdoughGulch_WA_985,2020-04-26,0.336,0.3296797573566437
SourdoughGulch_WA_985,2020-04-27,0.334,0.3245549201965332
SourdoughGulch_WA_985,2020-04-28,0.327,0.3162092864513397
SourdoughGulch_WA_985,2020-04-29,0.32,0.30948781967163086
SourdoughGulch_WA_985,2020-04-30,0.314,0.3104214072227478
SourdoughGulch_WA_985,2020-05-01,0.308,0.30555814504623413
SourdoughGulch_WA_985,2020-05-02,0.307,0.31026721000671387
SourdoughGulch_WA_985,2020-05-03,0.301,0.3144802451133728
SourdoughGulch_WA_985,2020-05-04,0.299,0.3153086304664612
SourdoughGulch_WA_985,2020-05-05,0.296,0.30680885910987854
SourdoughGulch_WA_985,2020-05-06,0.292,0.2982919216156006
SourdoughGulch_WA_985,2020-05-07,0.284,0.3015562891960144
SourdoughGulch_WA_985,2020-05-08,0.284,0.2947731912136078
SourdoughGulch_WA_985,2020-05-09,0.28,0.2930401861667633
SourdoughGulch_WA_985,2020-05-10,0.274,0.2774718999862671
SourdoughGulch_WA_985,2020-05-11,0.265,0.2906239628791809
SourdoughGulch_WA_985,2020-05-12,0.254,0.2981877326965332
SourdoughGulch_WA_985,2020-05-13,0.322,0.30852171778678894
SourdoughGulch_WA_985,2020-05-14,0.313,0.3129669427871704
SourdoughGulch_WA_985,2020-05-15,0.35,0.32117319107055664
SourdoughGulch_WA_985,2020-05-16,0.347,0.31966397166252136
SourdoughGulch_WA_985,2020-05-17,0.342,0.3254973292350769
SourdoughGulch_WA_985,2020-05-18,0.341,0.324516236782074
SourdoughGulch_WA_985,2020-05-19,0.339,0.33751988410949707
SourdoughGulch_WA_985,2020-05-20,0.354,0.34650149941444397
SourdoughGulch_WA_985,2020-05-21,0.369,0.3413461446762085
SourdoughGulch_WA_985,2020-05-22,0.351,0.3525858223438263
SourdoughGulch_WA_985,2020-05-23,0.344,0.3484421670436859
SourdoughGulch_WA_985,2020-05-24,0.339,0.3404870629310608
SourdoughGulch_WA_985,2020-05-25,0.336,0.34351077675819397
SourdoughGulch_WA_985,2020-05-26,0.33,0.34329578280448914
SourdoughGulch_WA_985,2020-05-27,0.333,0.34187233448028564
SourdoughGulch_WA_985,2020-05-28,0.328,0.33016476035118103
SourdoughGulch_WA_985,2020-05-29,0.319,0.3271781802177429
SourdoughGulch_WA_985,2020-05-30,0.317,0.32769575715065
SourdoughGulch_WA_985,2020-05-31,0.308,0.3339799642562866
SourdoughGulch_WA_985,2020-06-01,0.353,0.34428754448890686
SourdoughGulch_WA_985,2020-06-02,0.342,0.33936434984207153
SourdoughGulch_WA_985,2020-06-03,0.335,0.3381614685058594
SourdoughGulch_WA_985,2020-06-04,0.326,0.33772966265678406
SourdoughGulch_WA_985,2020-06-05,0.317,0.3335232436656952
SourdoughGulch_WA_985,2020-06-06,0.311,0.3400941491127014
SourdoughGulch_WA_985,2020-06-07,0.351,0.34080344438552856
SourdoughGulch_WA_985,2020-06-08,0.346,0.3369065225124359
SourdoughGulch_WA_985,2020-06-09,0.339,0.33426693081855774
SourdoughGulch_WA_985,2020-06-10,0.334,0.34112629294395447
SourdoughGulch_WA_985,2020-06-11,0.338,0.3391842246055603
SourdoughGulch_WA_985,2020-06-12,0.337,0.34065771102905273
SourdoughGulch_WA_985,2020-06-13,0.33,0.34453970193862915
SourdoughGulch_WA_985,2020-06-14,0.364,0.3499464988708496
SourdoughGulch_WA_985,2020-06-15,0.352,0.3525140583515167
SourdoughGulch_WA_985,2020-06-16,0.351,0.35436809062957764
SourdoughGulch_WA_985,2020-06-17,0.357,0.3516039550304413
SourdoughGulch_WA_985,2020-06-18,0.352,0.35084691643714905
SourdoughGulch_WA_985,2020-06-19,0.347,0.3494996428489685
SourdoughGulch_WA_985,2020-06-20,0.342,0.34077784419059753
SourdoughGulch_WA_985,2020-06-21,0.337,0.3383333683013916
SourdoughGulch_WA_985,2020-06-22,0.338,0.3324139714241028
SourdoughGulch_WA_985,2020-06-23,0.332,0.3239835798740387
SourdoughGulch_WA_985,2020-06-24,0.324,0.3097240924835205
SourdoughGulch_WA_985,2020-06-25,0.314,0.3034609854221344
SourdoughGulch_WA_985,2020-06-26,0.305,0.30555596947669983
SourdoughGulch_WA_985,2020-06-27,0.295,0.29925909638404846
SourdoughGulch_WA_985,2020-06-28,0.28,0.29731056094169617
SourdoughGulch_WA_985,2020-06-29,0.266,0.31656312942504883
SourdoughGulch_WA_985,2020-06-30,0.355,0.31808343529701233
SourdoughGulch_WA_985,2020-07-01,0.36,0.32239803671836853
SourdoughGulch_WA_985,2020-07-02,0.348,0.32091018557548523
SourdoughGulch_WA_985,2020-07-03,0.343,0.32623419165611267
SourdoughGulch_WA_985,2020-07-04,0.336,0.3162635862827301
SourdoughGulch_WA_985,2020-07-05,0.327,0.30898210406303406
SourdoughGulch_WA_985,2020-07-06,0.319,0.2917143404483795
SourdoughGulch_WA_985,2020-07-07,0.312,0.3061426281929016
SourdoughGulch_WA_985,2020-07-08,0.305,0.31130775809288025
SourdoughGulch_WA_985,2020-07-09,0.301,0.3125961720943451
SourdoughGulch_WA_985,2020-07-10,0.294,0.31167545914649963
SourdoughGulch_WA_985,2020-07-11,0.292,0.311729371547699
SourdoughGulch_WA_985,2020-07-12,0.289,0.3071233332157135
SourdoughGulch_WA_985,2020-07-13,0.277,0.3014357089996338
SourdoughGulch_WA_985,2020-07-14,0.269,0.27833542227745056
SourdoughGulch_WA_985,2020-07-15,0.26,0.25268757343292236
SourdoughGulch_WA_985,2020-07-16,0.249,0.24465103447437286
SourdoughGulch_WA_985,2020-07-17,0.238,0.2248111367225647
SourdoughGulch_WA_985,2020-07-18,0.22,0.20770718157291412
SourdoughGulch_WA_985,2020-07-19,0.216,0.19850397109985352
SourdoughGulch_WA_985,2020-07-20,0.203,0.1994016319513321
SourdoughGulch_WA_985,2020-07-21,0.191,0.18747736513614655
SourdoughGulch_WA_985,2020-07-22,0.185,0.18412595987319946
SourdoughGulch_WA_985,2020-07-23,0.179,0.18345512449741364
SourdoughGulch_WA_985,2020-07-24,0.17,0.15709954500198364
SourdoughGulch_WA_985,2020-07-25,0.166,0.1602911800146103
SourdoughGulch_WA_985,2020-07-26,0.162,0.16191624104976654
SourdoughGulch_WA_985,2020-07-27,0.159,0.1449403613805771
SourdoughGulch_WA_985,2020-07-28,0.156,0.14622873067855835
SourdoughGulch_WA_985,2020-07-29,0.15,0.1400199830532074
SourdoughGulch_WA_985,2020-07-30,0.15,0.14282628893852234
SourdoughGulch_WA_985,2020-07-31,0.149,0.14256879687309265
SourdoughGulch_WA_985,2020-08-01,0.148,0.1354038268327713
SourdoughGulch_WA_985,2020-08-02,0.138,0.12934046983718872
SourdoughGulch_WA_985,2020-08-03,0.139,0.13575252890586853
SourdoughGulch_WA_985,2020-08-04,0.138,0.1333179920911789
SourdoughGulch_WA_985,2020-08-05,0.133,0.12634705007076263
SourdoughGulch_WA_985,2020-08-06,0.133,0.12098176777362823
SourdoughGulch_WA_985,2020-08-07,0.127,0.12047683447599411
SourdoughGulch_WA_985,2020-08-08,0.123,0.12288423627614975
SourdoughGulch_WA_985,2020-08-09,0.123,0.11652486026287079
SourdoughGulch_WA_985,2020-08-10,0.122,0.11469726264476776
SourdoughGulch_WA_985,2020-08-11,0.126,0.11800089478492737
SourdoughGulch_WA_985,2020-08-12,0.125,0.11111338436603546
SourdoughGulch_WA_985,2020-08-13,0.117,0.11370638012886047
SourdoughGulch_WA_985,2020-08-14,0.121,0.11538732796907425
SourdoughGulch_WA_985,2020-08-15,0.117,0.11162906885147095
SourdoughGulch_WA_985,2020-08-16,0.121,0.10863553732633591
SourdoughGulch_WA_985,2020-08-17,0.12,0.112266905605793
SourdoughGulch_WA_985,2020-08-18,0.118,0.11139670759439468
SourdoughGulch_WA_985,2020-08-19,0.115,0.11139346659183502
SourdoughGulch_WA_985,2020-08-20,0.106,0.11018702387809753
SourdoughGulch_WA_985,2020-08-21,0.109,0.11039263010025024
SourdoughGulch_WA_985,2020-08-22,0.109,0.10744922608137131
SourdoughGulch_WA_985,2020-08-23,0.109,0.10599202662706375
SourdoughGulch_WA_985,2020-08-24,0.111,0.10881297290325165
SourdoughGulch_WA_985,2020-08-25,0.103,0.10405139625072479
SourdoughGulch_WA_985,2020-08-26,0.106,0.10131151229143143
SourdoughGulch_WA_985,2020-08-27,0.106,0.10036830604076385
SourdoughGulch_WA_985,2020-08-28,0.104,0.09810876101255417
SourdoughGulch_WA_985,2020-08-29,0.104,0.09711655229330063
SourdoughGulch_WA_985,2020-08-30,0.098,0.09703294932842255
SourdoughGulch_WA_985,2020-08-31,0.096,0.09546398371458054
SourdoughGulch_WA_985,2020-09-01,0.091,0.09424521028995514
SourdoughGulch_WA_985,2020-09-02,0.091,0.09532064199447632
SourdoughGulch_WA_985,2020-09-03,0.096,0.0955723375082016
SourdoughGulch_WA_985,2020-09-04,0.091,0.0953134298324585
SourdoughGulch_WA_985,2020-09-05,0.094,0.09227479249238968
SourdoughGulch_WA_985,2020-09-06,0.092,0.0938190147280693
SourdoughGulch_WA_985,2020-09-07,0.09,0.08444231748580933
SourdoughGulch_WA_985,2020-09-08,0.081,0.0823289230465889
SourdoughGulch_WA_985,2020-09-09,0.075,0.08266662806272507
SourdoughGulch_WA_985,2020-09-10,0.073,0.08271347731351852
SourdoughGulch_WA_985,2020-09-11,0.077,0.08332832902669907
SourdoughGulch_WA_985,2020-09-12,0.074,0.079435333609581
SourdoughGulch_WA_985,2020-09-13,0.073,0.08214432001113892
SourdoughGulch_WA_985,2020-09-14,0.073,0.07657130807638168
SourdoughGulch_WA_985,2020-09-15,0.075,0.07623273879289627
SourdoughGulch_WA_985,2020-09-16,0.07,0.07473593950271606
SourdoughGulch_WA_985,2020-09-17,0.069,0.0756564661860466
SourdoughGulch_WA_985,2020-09-18,0.071,0.0738757997751236
SourdoughGulch_WA_985,2020-09-19,0.071,0.07404828816652298
SourdoughGulch_WA_985,2020-09-20,0.068,0.07863109558820724
SourdoughGulch_WA_985,2020-09-21,0.067,0.06939628720283508
SourdoughGulch_WA_985,2020-09-22,0.068,0.07432392239570618
SourdoughGulch_WA_985,2020-09-23,0.073,0.0856417864561081
SourdoughGulch_WA_985,2020-09-24,0.074,0.09772928804159164
SourdoughGulch_WA_985,2020-09-25,0.071,0.10386961698532104
SourdoughGulch_WA_985,2020-09-26,0.072,0.11088638752698898
SourdoughGulch_WA_985,2020-09-27,0.208,0.15420173108577728
SourdoughGulch_WA_985,2020-09-28,0.195,0.16154319047927856
SourdoughGulch_WA_985,2020-09-29,0.186,0.1652373969554901
SourdoughGulch_WA_985,2020-09-30,0.179,0.15669389069080353
SourdoughGulch_WA_985,2020-10-01,0.178,0.15194696187973022
SourdoughGulch_WA_985,2020-10-02,0.17,0.1432153731584549
SourdoughGulch_WA_985,2020-10-03,0.161,0.13826671242713928
SourdoughGulch_WA_985,2020-10-04,0.156,0.1291055679321289
SourdoughGulch_WA_985,2020-10-05,0.147,0.12642420828342438
SourdoughGulch_WA_985,2020-10-06,0.143,0.12779885530471802
SourdoughGulch_WA_985,2020-10-07,0.139,0.1278505176305771
SourdoughGulch_WA_985,2020-10-08,0.139,0.12326613068580627
SourdoughGulch_WA_985,2020-10-09,0.129,0.12151242792606354
SourdoughGulch_WA_985,2020-10-10,0.122,0.13473205268383026
SourdoughGulch_WA_985,2020-10-11,0.117,0.14507673680782318
SourdoughGulch_WA_985,2020-10-12,0.109,0.15618284046649933
SourdoughGulch_WA_985,2020-10-13,0.174,0.1840834617614746
SourdoughGulch_WA_985,2020-10-14,0.325,0.2357911914587021
SourdoughGulch_WA_985,2020-10-15,0.285,0.22687958180904388
SourdoughGulch_WA_985,2020-10-16,0.27,0.23163095116615295
SourdoughGulch_WA_985,2020-10-17,0.266,0.22446966171264648
SourdoughGulch_WA_985,2020-10-18,0.26,0.23051834106445312
SourdoughGulch_WA_985,2020-10-19,0.255,0.23880845308303833
SourdoughGulch_WA_985,2020-10-20,0.249,0.2396222949028015
SourdoughGulch_WA_985,2020-10-21,0.243,0.23116521537303925
SourdoughGulch_WA_985,2020-10-22,0.232,0.23638997972011566
SourdoughGulch_WA_985,2020-10-23,0.227,0.2405371367931366
SourdoughGulch_WA_985,2020-10-24,0.221,0.23954345285892487
SourdoughGulch_WA_985,2020-10-25,0.317,0.25686347484588623
SourdoughGulch_WA_985,2020-10-26,0.288,0.2622978985309601
SourdoughGulch_WA_985,2020-10-27,0.265,0.26312893629074097
SourdoughGulch_WA_985,2020-10-28,0.258,0.2605379521846771
SourdoughGulch_WA_985,2020-10-29,0.305,0.26623237133026123
SourdoughGulch_WA_985,2020-10-30,0.302,0.2634943127632141
SourdoughGulch_WA_985,2020-10-31,0.298,0.2507769763469696
SourdoughGulch_WA_985,2020-11-01,0.286,0.24529242515563965
SourdoughGulch_WA_985,2020-11-02,0.282,0.25011035799980164
SourdoughGulch_WA_985,2020-11-03,0.278,0.2492833286523819
SourdoughGulch_WA_985,2020-11-04,0.278,0.24681439995765686
SourdoughGulch_WA_985,2020-11-05,0.277,0.2604283094406128
SourdoughGulch_WA_985,2020-11-06,0.275,0.27474480867385864
SourdoughGulch_WA_985,2020-11-07,0.348,0.29780784249305725
SourdoughGulch_WA_985,2020-11-08,0.334,0.32827427983283997
SourdoughGulch_WA_985,2020-11-09,0.325,0.32674291729927063
SourdoughGulch_WA_985,2020-11-10,0.326,0.3329249620437622
SourdoughGulch_WA_985,2020-11-11,0.327,0.32734206318855286
SourdoughGulch_WA_985,2020-11-12,0.328,0.3283865749835968
SourdoughGulch_WA_985,2020-11-13,0.328,0.3308483362197876
SourdoughGulch_WA_985,2020-11-14,0.329,0.32596325874328613
SourdoughGulch_WA_985,2020-11-15,0.331,0.32044652104377747
SourdoughGulch_WA_985,2020-11-16,0.331,0.32155004143714905
SourdoughGulch_WA_985,2020-11-17,0.361,0.3209146559238434
SourdoughGulch_WA_985,2020-11-18,0.351,0.33000504970550537
SourdoughGulch_WA_985,2020-11-19,0.353,0.3295917510986328
SourdoughGulch_WA_985,2020-11-20,0.334,0.33144325017929077
SourdoughGulch_WA_985,2020-11-21,0.321,0.3234492242336273
SourdoughGulch_WA_985,2020-11-22,0.308,0.31700611114501953
SourdoughGulch_WA_985,2020-11-23,0.295,0.310407429933548
SourdoughGulch_WA_985,2020-11-24,0.297,0.3085002303123474
SourdoughGulch_WA_985,2020-11-25,0.3,0.3004895746707916
SourdoughGulch_WA_985,2020-11-26,0.299,0.28807419538497925
SourdoughGulch_WA_985,2020-11-27,0.299,0.2843122184276581
SourdoughGulch_WA_985,2020-11-28,0.293,0.2854008674621582
SourdoughGulch_WA_985,2020-11-29,0.291,0.27669787406921387
SourdoughGulch_WA_985,2020-11-30,0.29,0.2788044810295105
SourdoughGulch_WA_985,2020-12-01,0.285,0.28377965092658997
SourdoughGulch_WA_985,2020-12-02,0.279,0.27564752101898193
SourdoughGulch_WA_985,2020-12-03,0.263,0.2718624174594879
SourdoughGulch_WA_985,2020-12-04,0.246,0.26492932438850403
SourdoughGulch_WA_985,2020-12-05,0.222,0.25591281056404114
SourdoughGulch_WA_985,2020-12-06,0.188,0.2531300485134125
SourdoughGulch_WA_985,2020-12-07,0.177,0.24756674468517303
SourdoughGulch_WA_985,2020-12-08,0.155,0.2426406592130661
SourdoughGulch_WA_985,2020-12-09,0.195,0.24778704345226288
SourdoughGulch_WA_985,2020-12-10,0.258,0.25216540694236755
SourdoughGulch_WA_985,2020-12-11,0.282,0.2542918622493744
SourdoughGulch_WA_985,2020-12-12,0.273,0.25592225790023804
SourdoughGulch_WA_985,2020-12-13,0.249,0.2594190835952759
SourdoughGulch_WA_985,2020-12-14,0.219,0.23454934358596802
SourdoughGulch_WA_985,2020-12-15,0.221,0.23512981832027435
SourdoughGulch_WA_985,2020-12-16,0.224,0.2448733150959015
SourdoughGulch_WA_985,2020-12-17,0.238,0.25577202439308167
SourdoughGulch_WA_985,2020-12-18,0.258,0.26353442668914795
SourdoughGulch_WA_985,2020-12-19,0.283,0.2602635324001312
SourdoughGulch_WA_985,2020-12-20,0.314,0.2676165997982025
SourdoughGulch_WA_985,2020-12-21,0.35,0.2985888123512268
SourdoughGulch_WA_985,2020-12-22,0.35,0.30414265394210815
SourdoughGulch_WA_985,2020-12-23,0.339,0.31284719705581665
SourdoughGulch_WA_985,2020-12-24,0.322,0.3070918619632721
SourdoughGulch_WA_985,2020-12-25,0.307,0.3068368434906006
SourdoughGulch_WA_985,2020-12-26,0.3,0.3050428330898285
SourdoughGulch_WA_985,2020-12-27,0.307,0.3025324046611786
SourdoughGulch_WA_985,2020-12-28,0.301,0.3019978404045105
SourdoughGulch_WA_985,2020-12-29,0.285,0.29008394479751587
SourdoughGulch_WA_985,2020-12-30,0.27,0.30109497904777527
SourdoughGulch_WA_985,2020-12-31,0.262,0.3044995963573456
Spokane,2017-03-19,0.323,0.3274290859699249
Spokane,2017-03-20,0.319,0.327426940202713
Spokane,2017-03-21,0.325,0.327625572681427
Spokane,2017-03-22,0.327,0.3279213309288025
Spokane,2017-03-23,0.321,0.3259299099445343
Spokane,2017-03-24,0.331,0.3260660767555237
Spokane,2017-03-25,0.326,0.3262767791748047
Spokane,2017-03-26,0.322,0.3251965045928955
Spokane,2017-03-27,0.325,0.32544246315956116
Spokane,2017-03-28,0.322,0.3190825879573822
Spokane,2017-03-29,0.335,0.32493919134140015
Spokane,2017-03-30,0.325,0.3237581253051758
Spokane,2017-03-31,0.32,0.31909069418907166
Spokane,2017-04-01,0.316,0.31754428148269653
Spokane,2017-04-02,0.313,0.3168235123157501
Spokane,2017-04-03,0.309,0.3103439211845398
Spokane,2017-04-04,0.306,0.3093891739845276
Spokane,2017-04-05,0.306,0.3120798170566559
Spokane,2017-04-06,0.307,0.3120437562465668
Spokane,2017-04-07,0.321,0.31404367089271545
Spokane,2017-04-08,0.319,0.31726911664009094
Spokane,2017-04-09,0.316,0.31550541520118713
Spokane,2017-04-10,0.32,0.3235448896884918
Spokane,2017-04-11,0.317,0.3183248043060303
Spokane,2017-04-12,0.318,0.32029879093170166
Spokane,2017-04-13,0.326,0.32336026430130005
Spokane,2017-04-14,0.319,0.31852230429649353
Spokane,2017-04-15,0.314,0.3179360032081604
Spokane,2017-04-16,0.311,0.310930997133255
Spokane,2017-04-17,0.331,0.3228236436843872
Spokane,2017-04-18,0.328,0.3241305351257324
Spokane,2017-04-19,0.322,0.3242875337600708
Spokane,2017-04-20,0.318,0.3233201801776886
Spokane,2017-04-21,0.314,0.31928929686546326
Spokane,2017-04-22,0.309,0.31668567657470703
Spokane,2017-04-23,0.305,0.3173571228981018
Spokane,2017-04-24,0.305,0.3091468811035156
Spokane,2017-04-25,0.303,0.3028102219104767
Spokane,2017-04-26,0.305,0.3017100393772125
Spokane,2017-04-27,0.304,0.2994140088558197
Spokane,2017-04-28,0.299,0.29761219024658203
Spokane,2017-04-29,0.295,0.2954326868057251
Spokane,2017-04-30,0.289,0.29242846369743347
Spokane,2017-05-01,0.286,0.29143235087394714
Spokane,2017-05-02,0.285,0.28788724541664124
Spokane,2017-05-03,0.28,0.28074535727500916
Spokane,2017-05-04,0.274,0.28047242760658264
Spokane,2017-05-05,0.271,0.2853586673736572
Spokane,2017-05-06,0.276,0.28143972158432007
Spokane,2017-05-07,0.272,0.2698745131492615
Spokane,2017-05-08,0.266,0.26822346448898315
Spokane,2017-05-09,0.259,0.26429760456085205
Spokane,2017-05-10,0.251,0.2588757276535034
Spokane,2017-05-11,0.249,0.2608753740787506
Spokane,2017-05-12,0.26,0.2597140967845917
Spokane,2017-05-13,0.254,0.25765863060951233
Spokane,2017-05-14,0.254,0.2558969259262085
Spokane,2017-05-15,0.257,0.25966256856918335
Spokane,2017-05-16,0.277,0.26394230127334595
Spokane,2017-05-17,0.276,0.2648875117301941
Spokane,2017-05-18,0.271,0.26438283920288086
Spokane,2017-05-19,0.264,0.2573922574520111
Spokane,2017-05-20,0.271,0.2676810324192047
Spokane,2017-05-21,0.267,0.269581139087677
Spokane,2017-05-22,0.255,0.2610517740249634
Spokane,2017-05-23,0.244,0.2570246756076813
Spokane,2017-05-24,0.232,0.23409608006477356
Spokane,2017-05-25,0.226,0.22869712114334106
Spokane,2017-05-26,0.218,0.22004958987236023
Spokane,2017-05-27,0.207,0.21383658051490784
Spokane,2017-05-28,0.195,0.20018218457698822
Spokane,2017-05-29,0.182,0.19183480739593506
Spokane,2017-05-30,0.17,0.17390775680541992
Spokane,2017-05-31,0.16,0.1673470288515091
Spokane,2017-06-01,0.157,0.16342996060848236
Spokane,2017-06-02,0.152,0.1567535698413849
Spokane,2017-06-03,0.144,0.15439920127391815
Spokane,2017-06-04,0.139,0.15456217527389526
Spokane,2017-06-05,0.138,0.1237468346953392
Spokane,2017-06-06,0.131,0.10710234940052032
Spokane,2017-06-07,0.122,0.10911343991756439
Spokane,2017-06-08,0.113,0.11566251516342163
Spokane,2017-06-09,0.111,0.11437509953975677
Spokane,2017-06-10,0.107,0.11323443055152893
Spokane,2017-06-11,0.103,0.1103038415312767
Spokane,2017-06-12,0.098,0.1096104085445404
Spokane,2017-06-13,0.092,0.0991029292345047
Spokane,2017-06-14,0.086,0.08445356041193008
Spokane,2017-06-15,0.08,0.08730196207761765
Spokane,2017-06-16,0.086,0.10999369621276855
Spokane,2017-06-17,0.101,0.11363867670297623
Spokane,2017-06-18,0.104,0.10480210930109024
Spokane,2017-06-19,0.099,0.09137110412120819
Spokane,2017-06-20,0.092,0.08472590148448944
Spokane,2017-06-21,0.084,0.07996933907270432
Spokane,2017-06-22,0.078,0.08191929012537003
Spokane,2017-06-23,0.072,0.07947874069213867
Spokane,2017-06-24,0.067,0.07749710232019424
Spokane,2017-06-25,0.062,0.07174981385469437
Spokane,2017-06-26,0.058,0.07051848620176315
Spokane,2017-06-27,0.056,0.07018808275461197
Spokane,2017-06-28,0.055,0.06997070461511612
Spokane,2017-06-29,0.054,0.06766732037067413
Spokane,2017-06-30,0.056,0.06659335643053055
Spokane,2017-07-01,0.055,0.06366929411888123
Spokane,2017-07-02,0.052,0.06119474396109581
Spokane,2017-07-03,0.049,0.0521012581884861
Spokane,2017-07-04,0.046,0.05360187217593193
Spokane,2017-07-05,0.043,0.056634481996297836
Spokane,2017-07-06,0.04,0.05165198817849159
Spokane,2017-07-07,0.037,0.051458392292261124
Spokane,2017-07-08,0.035,0.04336770996451378
Spokane,2017-07-09,0.032,0.0441991463303566
Spokane,2017-07-10,0.031,0.04573546722531319
Spokane,2017-07-11,0.03,0.044481921941041946
Spokane,2017-07-12,0.028,0.04117937758564949
Spokane,2017-07-13,0.028,0.04234376922249794
Spokane,2017-07-14,0.027,0.04044722393155098
Spokane,2017-07-15,0.026,0.037038687616586685
Spokane,2017-07-16,0.026,0.03713293746113777
Spokane,2017-07-17,0.025,0.03615838289260864
Spokane,2017-07-18,0.024,0.03787719085812569
Spokane,2017-07-19,0.024,0.03360304236412048
Spokane,2017-07-20,0.024,0.03426281362771988
Spokane,2017-07-21,0.023,0.03438573330640793
Spokane,2017-07-22,0.023,0.03206811472773552
Spokane,2017-07-23,0.024,0.02654331550002098
Spokane,2017-07-24,0.022,0.024841517210006714
Spokane,2017-07-25,0.022,0.022773539647459984
Spokane,2017-07-26,0.022,0.023072347044944763
Spokane,2017-07-27,0.021,0.0216064453125
Spokane,2017-07-28,0.021,0.02200273424386978
Spokane,2017-07-29,0.021,0.02166624926030636
Spokane,2017-07-30,0.02,0.021844832226634026
Spokane,2017-07-31,0.02,0.0222458653151989
Spokane,2017-08-01,0.02,0.022234445437788963
Spokane,2017-08-02,0.02,0.019630027934908867
Spokane,2017-08-03,0.02,0.019583161920309067
Spokane,2017-08-04,0.02,0.01922575943171978
Spokane,2017-08-05,0.019,0.0179093386977911
Spokane,2017-08-06,0.019,0.017639555037021637
Spokane,2017-08-07,0.019,0.016676040366292
Spokane,2017-08-08,0.018,0.015415113419294357
Spokane,2017-08-09,0.018,0.01760626770555973
Spokane,2017-08-10,0.018,0.017244813963770866
Spokane,2017-08-11,0.019,0.016211222857236862
Spokane,2017-08-12,0.017,0.01591920293867588
Spokane,2017-08-13,0.017,0.01642593927681446
Spokane,2017-08-14,0.018,0.015643738210201263
Spokane,2017-08-15,0.017,0.016720855608582497
Spokane,2017-08-16,0.017,0.015720831230282784
Spokane,2017-08-17,0.017,0.015466262586414814
Spokane,2017-08-18,0.016,0.01540357619524002
Spokane,2017-08-19,0.016,0.014972548000514507
Spokane,2017-08-20,0.015,0.015742115676403046
Spokane,2017-08-21,0.015,0.015617534518241882
Spokane,2017-08-22,0.016,0.01730714738368988
Spokane,2017-08-23,0.016,0.01655453070998192
Spokane,2017-08-24,0.017,0.01669926941394806
Spokane,2017-08-25,0.015,0.016660597175359726
Spokane,2017-08-26,0.014,0.016403628513216972
Spokane,2017-08-27,0.015,0.01669061742722988
Spokane,2017-08-28,0.014,0.016632214188575745
Spokane,2017-08-29,0.016,0.016747556626796722
Spokane,2017-08-30,0.016,0.01663079671561718
Spokane,2017-08-31,0.015,0.016793908551335335
Spokane,2017-09-01,0.015,0.015596959739923477
Spokane,2017-09-02,0.015,0.015926584601402283
Spokane,2017-09-03,0.014,0.01632639393210411
Spokane,2017-09-04,0.014,0.016577156260609627
Spokane,2017-09-05,0.013,0.016836589202284813
Spokane,2017-09-06,0.014,0.01699785143136978
Spokane,2017-09-07,0.014,0.018018532544374466
Spokane,2017-09-08,0.016,0.017381111159920692
Spokane,2017-09-09,0.015,0.017682330682873726
Spokane,2017-09-10,0.015,0.017225561663508415
Spokane,2017-09-11,0.014,0.00999884121119976
Spokane,2017-09-12,0.014,0.010208027437329292
Spokane,2017-09-13,0.012,0.01172016840428114
Spokane,2017-09-14,0.012,0.01101063471287489
Spokane,2017-09-15,0.011,0.011954175308346748
Spokane,2017-09-16,0.011,0.011839509941637516
Spokane,2017-09-17,0.011,0.007821495644748211
Spokane,2017-09-18,0.016,0.04213346168398857
Spokane,2017-09-19,0.045,0.06798035651445389
Spokane,2017-09-20,0.122,0.1032879650592804
Spokane,2017-09-21,0.142,0.12216738611459732
Spokane,2017-09-22,0.136,0.12307976186275482
Spokane,2017-09-23,0.13,0.12273328006267548
Spokane,2017-09-24,0.124,0.12451016157865524
Spokane,2017-09-25,0.119,0.1309679001569748
Spokane,2017-09-26,0.114,0.12305586785078049
Spokane,2017-09-27,0.111,0.11808156967163086
Spokane,2017-09-28,0.108,0.10525767505168915
Spokane,2017-09-29,0.105,0.10169080644845963
Spokane,2017-09-30,0.102,0.09733548015356064
Spokane,2017-10-01,0.099,0.09371712803840637
Spokane,2017-10-02,0.097,0.09166780859231949
Spokane,2017-10-03,0.094,0.09019118547439575
Spokane,2017-10-04,0.093,0.08907537162303925
Spokane,2017-10-05,0.092,0.08348838239908218
Spokane,2017-10-06,0.091,0.07511385530233383
Spokane,2017-10-07,0.091,0.07600568979978561
Spokane,2017-10-08,0.088,0.07739245146512985
Spokane,2017-10-09,0.086,0.07787612080574036
Spokane,2017-10-10,0.085,0.07306399941444397
Spokane,2017-10-11,0.084,0.08323881030082703
Spokane,2017-10-12,0.083,0.09344153851270676
Spokane,2017-10-13,0.093,0.0930929109454155
Spokane,2017-10-14,0.118,0.09543398022651672
Spokane,2017-10-15,0.119,0.09348573535680771
Spokane,2017-10-16,0.117,0.10298991203308105
Spokane,2017-10-17,0.115,0.12734179198741913
Spokane,2017-10-18,0.119,0.13064324855804443
Spokane,2017-10-19,0.145,0.13935208320617676
Spokane,2017-10-20,0.187,0.15655189752578735
Spokane,2017-10-21,0.181,0.16501255333423615
Spokane,2017-10-22,0.249,0.18586288392543793
Spokane,2017-10-23,0.215,0.21787749230861664
Spokane,2017-10-24,0.205,0.21467633545398712
Spokane,2017-10-25,0.2,0.20608627796173096
Spokane,2017-10-26,0.196,0.19978085160255432
Spokane,2017-10-27,0.191,0.19894936680793762
Spokane,2017-10-28,0.189,0.19581522047519684
Spokane,2017-10-30,0.183,0.16742141544818878
Spokane,2017-10-31,0.179,0.1650913655757904
Spokane,2017-11-01,0.178,0.16614946722984314
Spokane,2017-11-02,0.178,0.19111216068267822
Spokane,2017-11-03,0.193,0.2056218534708023
Spokane,2017-11-04,0.197,0.20788194239139557
Spokane,2017-11-05,0.204,0.21321789920330048
Spokane,2017-11-06,0.215,0.20665675401687622
Spokane,2017-11-07,0.212,0.19689945876598358
Spokane,2017-11-08,0.215,0.20290431380271912
Spokane,2017-11-09,0.234,0.19855165481567383
Spokane,2017-11-10,0.235,0.21157138049602509
Spokane,2017-11-11,0.236,0.24513494968414307
Spokane,2017-11-12,0.23,0.2426316887140274
Spokane,2017-11-13,0.238,0.24119964241981506
Spokane,2017-11-14,0.238,0.2438054084777832
Spokane,2017-11-15,0.235,0.24007196724414825
Spokane,2017-11-16,0.259,0.26604998111724854
Spokane,2017-11-17,0.25,0.26364752650260925
Spokane,2017-11-18,0.246,0.2542932331562042
Spokane,2017-11-19,0.244,0.251799613237381
Spokane,2017-11-20,0.29,0.28786221146583557
Spokane,2017-11-21,0.301,0.29637277126312256
Spokane,2017-11-22,0.3,0.29762986302375793
Spokane,2017-11-23,0.3,0.30079835653305054
Spokane,2017-11-24,0.295,0.29673564434051514
Spokane,2017-11-25,0.292,0.2954840660095215
Spokane,2017-11-26,0.295,0.295108437538147
Spokane,2017-11-27,0.296,0.2771022319793701
Spokane,2017-11-28,0.297,0.2824467718601227
Spokane,2017-11-29,0.302,0.281453937292099
Spokane,2017-11-30,0.297,0.2763192653656006
Spokane,2017-12-01,0.296,0.28791582584381104
Spokane,2017-12-02,0.294,0.2820435166358948
Spokane,2017-12-03,0.296,0.2787167727947235
Spokane,2017-12-04,0.288,0.2723674774169922
Spokane,2017-12-05,0.281,0.2708745300769806
Spokane,2017-12-06,0.272,0.2678336203098297
Spokane,2017-12-07,0.283,0.252277672290802
Spokane,2018-02-05,0.311,0.30282920598983765
Spokane,2018-02-06,0.309,0.29707562923431396
Spokane,2018-02-07,0.307,0.3029089570045471
Spokane,2018-02-08,0.306,0.3084380328655243
Spokane,2018-02-09,0.304,0.29408904910087585
Spokane,2018-02-10,0.299,0.2908690869808197
Spokane,2018-02-11,0.296,0.28916603326797485
Spokane,2018-02-12,0.293,0.2700071930885315
Spokane,2018-02-13,0.296,0.268220454454422
Spokane,2018-02-14,0.298,0.283384770154953
Spokane,2018-02-15,0.298,0.2844493091106415
Spokane,2018-02-16,0.299,0.28418123722076416
Spokane,2018-02-19,0.319,0.2787078320980072
Spokane,2018-03-18,0.314,0.3128955066204071
Spokane,2018-03-19,0.307,0.31251218914985657
Spokane,2018-03-20,0.304,0.31252098083496094
Spokane,2018-03-21,0.302,0.3110448718070984
Spokane,2018-03-22,0.313,0.3065861761569977
Spokane,2018-03-23,0.312,0.3101675808429718
Spokane,2018-03-24,0.319,0.3078159987926483
Spokane,2018-03-25,0.312,0.30934563279151917
Spokane,2018-03-26,0.309,0.3076746165752411
Spokane,2018-03-27,0.307,0.3085878789424896
Spokane,2018-03-28,0.303,0.30585938692092896
Spokane,2018-03-29,0.3,0.3043808937072754
Spokane,2018-03-30,0.298,0.30054304003715515
Spokane,2018-03-31,0.296,0.29785245656967163
Spokane,2018-04-01,0.295,0.3010392487049103
Spokane,2018-04-02,0.294,0.29539522528648376
Spokane,2018-04-03,0.292,0.2937716245651245
Spokane,2018-04-04,0.292,0.2995865046977997
Spokane,2018-04-05,0.313,0.31272414326667786
Spokane,2018-04-06,0.318,0.3087545931339264
Spokane,2018-04-07,0.322,0.312285453081131
Spokane,2018-04-08,0.316,0.30824995040893555
Spokane,2018-04-09,0.31,0.3084501028060913
Spokane,2018-04-10,0.308,0.3093028962612152
Spokane,2018-04-11,0.306,0.3037148118019104
Spokane,2018-04-12,0.323,0.3108689785003662
Spokane,2018-04-13,0.315,0.314416766166687
Spokane,2018-04-14,0.312,0.3145652711391449
Spokane,2018-04-15,0.313,0.3152026832103729
Spokane,2018-04-16,0.323,0.31538692116737366
Spokane,2018-04-17,0.313,0.31200477480888367
Spokane,2018-04-18,0.308,0.3122442364692688
Spokane,2018-04-19,0.304,0.3080027997493744
Spokane,2018-04-20,0.3,0.30096903443336487
Spokane,2018-04-21,0.295,0.30023789405822754
Spokane,2018-04-22,0.292,0.28785234689712524
Spokane,2018-04-23,0.288,0.28048667311668396
Spokane,2018-04-24,0.284,0.2802371680736542
Spokane,2018-04-25,0.279,0.2802668511867523
Spokane,2018-04-26,0.274,0.273038774728775
Spokane,2018-04-27,0.268,0.26918864250183105
Spokane,2018-04-28,0.266,0.27522072196006775
Spokane,2018-04-29,0.264,0.2724628746509552
Spokane,2018-04-30,0.261,0.2677702009677887
Spokane,2018-05-01,0.257,0.2674776613712311
Spokane,2018-05-02,0.253,0.26633453369140625
Spokane,2018-05-03,0.247,0.2580876052379608
Spokane,2018-05-04,0.239,0.25878024101257324
Spokane,2018-05-05,0.233,0.2337857484817505
Spokane,2018-05-06,0.237,0.238242045044899
Spokane,2018-05-07,0.253,0.24628254771232605
Spokane,2018-05-08,0.244,0.24158836901187897
Spokane,2018-05-09,0.239,0.24542462825775146
Spokane,2018-05-10,0.235,0.24508808553218842
Spokane,2018-05-11,0.232,0.24813023209571838
Spokane,2018-05-12,0.225,0.24341639876365662
Spokane,2018-05-13,0.215,0.236999973654747
Spokane,2018-05-14,0.205,0.22712847590446472
Spokane,2018-05-15,0.194,0.2190769761800766
Spokane,2018-05-16,0.187,0.1921914517879486
Spokane,2018-05-17,0.225,0.20590460300445557
Spokane,2018-05-18,0.266,0.2373054474592209
Spokane,2018-05-19,0.258,0.24389463663101196
Spokane,2018-05-20,0.248,0.2376132309436798
Spokane,2018-05-21,0.239,0.23951616883277893
Spokane,2018-05-22,0.228,0.23118634521961212
Spokane,2018-05-23,0.219,0.23327484726905823
Spokane,2018-05-24,0.219,0.23197291791439056
Spokane,2018-05-25,0.208,0.2280481606721878
Spokane,2018-05-26,0.198,0.22027356922626495
Spokane,2018-05-27,0.189,0.20851877331733704
Spokane,2018-05-28,0.18,0.1954975426197052
Spokane,2018-05-29,0.171,0.18380220234394073
Spokane,2018-05-30,0.162,0.17174172401428223
Spokane,2018-05-31,0.156,0.17030780017375946
Spokane,2018-06-01,0.153,0.12895561754703522
Spokane,2018-06-02,0.146,0.12630686163902283
Spokane,2018-06-03,0.137,0.12286913394927979
Spokane,2018-06-04,0.129,0.1398896425962448
Spokane,2018-06-05,0.122,0.13731616735458374
Spokane,2018-06-06,0.114,0.13121134042739868
Spokane,2018-06-07,0.107,0.09877559542655945
Spokane,2018-06-08,0.099,0.09413079917430878
Spokane,2018-06-09,0.095,0.11901511996984482
Spokane,2018-06-10,0.104,0.12147534638643265
Spokane,2018-06-11,0.104,0.11351674050092697
Spokane,2018-06-12,0.101,0.11125613003969193
Spokane,2018-06-13,0.098,0.10770998150110245
Spokane,2018-06-14,0.093,0.0942213237285614
Spokane,2018-06-15,0.089,0.09007615596055984
Spokane,2018-06-16,0.085,0.0944242849946022
Spokane,2018-06-17,0.084,0.08728037029504776
Spokane,2018-06-18,0.08,0.10324028134346008
Spokane,2018-06-19,0.08,0.10281428694725037
Spokane,2018-06-20,0.078,0.09389124810695648
Spokane,2018-06-21,0.079,0.09091544896364212
Spokane,2018-06-22,0.1,0.09056467562913895
Spokane,2018-06-23,0.098,0.09020932018756866
Spokane,2018-06-24,0.094,0.09090691059827805
Spokane,2018-06-25,0.089,0.0850457102060318
Spokane,2018-06-26,0.082,0.08142510801553726
Spokane,2018-06-27,0.078,0.08099047839641571
Spokane,2018-06-28,0.073,0.07177167385816574
Spokane,2018-06-29,0.07,0.06312348693609238
Spokane,2018-06-30,0.066,0.06319102644920349
Spokane,2018-07-01,0.064,0.06249131262302399
Spokane,2018-07-02,0.06,0.061562661081552505
Spokane,2018-07-03,0.058,0.05741868540644646
Spokane,2018-07-04,0.057,0.06161951646208763
Spokane,2018-07-05,0.056,0.05889105796813965
Spokane,2018-07-06,0.053,0.05829237401485443
Spokane,2018-07-07,0.05,0.057801906019449234
Spokane,2018-07-08,0.046,0.054678842425346375
Spokane,2018-07-09,0.043,0.05037829652428627
Spokane,2018-07-10,0.04,0.049460019916296005
Spokane,2018-07-11,0.038,0.04590766131877899
Spokane,2018-07-12,0.037,0.04586194083094597
Spokane,2018-07-13,0.035,0.04309577867388725
Spokane,2018-07-14,0.034,0.040935490280389786
Spokane,2018-07-15,0.031,0.039999231696128845
Spokane,2018-07-16,0.03,0.040958940982818604
Spokane,2018-07-17,0.029,0.03968653455376625
Spokane,2018-07-18,0.028,0.035282060503959656
Spokane,2018-07-19,0.027,0.03543514758348465
Spokane,2018-07-20,0.026,0.033013392239809036
Spokane,2018-07-21,0.026,0.02876475267112255
Spokane,2018-07-22,0.025,0.026425382122397423
Spokane,2018-07-23,0.025,0.02635185606777668
Spokane,2018-07-24,0.025,0.025098111480474472
Spokane,2018-07-25,0.024,0.02563793770968914
Spokane,2018-07-26,0.024,0.024928580969572067
Spokane,2018-07-27,0.024,0.024861007928848267
Spokane,2018-07-28,0.024,0.02550399862229824
Spokane,2018-07-29,0.023,0.024998769164085388
Spokane,2018-07-30,0.023,0.024770544841885567
Spokane,2018-07-31,0.023,0.025208136066794395
Spokane,2018-08-01,0.022,0.025649206712841988
Spokane,2018-08-02,0.022,0.025222929194569588
Spokane,2018-08-03,0.021,0.023500550538301468
Spokane,2018-08-04,0.021,0.023778105154633522
Spokane,2018-08-05,0.021,0.022674843668937683
Spokane,2018-08-06,0.021,0.02558690682053566
Spokane,2018-08-07,0.021,0.025732990354299545
Spokane,2018-08-08,0.021,0.023755380883812904
Spokane,2018-08-09,0.02,0.024255596101284027
Spokane,2018-08-10,0.021,0.023245513439178467
Spokane,2018-08-11,0.021,0.02396443858742714
Spokane,2018-08-12,0.019,0.02404113858938217
Spokane,2018-08-13,0.019,0.02415962517261505
Spokane,2018-08-14,0.019,0.02306000329554081
Spokane,2018-08-15,0.019,0.022957686334848404
Spokane,2018-08-16,0.019,0.022268183529376984
Spokane,2018-08-17,0.02,0.022964822128415108
Spokane,2018-08-18,0.019,0.022225704044103622
Spokane,2018-08-19,0.018,0.02298257127404213
Spokane,2018-08-20,0.017,0.02245020680129528
Spokane,2018-08-21,0.018,0.022136960178613663
Spokane,2018-08-22,0.018,0.022948073223233223
Spokane,2018-08-23,0.017,0.023039842024445534
Spokane,2018-08-24,0.018,0.020496629178524017
Spokane,2018-08-25,0.016,0.022167377173900604
Spokane,2018-08-26,0.017,0.02176615037024021
Spokane,2018-08-27,0.018,0.024397676810622215
Spokane,2018-08-28,0.02,0.024424543604254723
Spokane,2018-08-29,0.024,0.026061885058879852
Spokane,2018-08-30,0.027,0.024326177313923836
Spokane,2018-08-31,0.028,0.024569660425186157
Spokane,2018-09-01,0.029,0.024054719135165215
Spokane,2018-09-02,0.028,0.023990683257579803
Spokane,2018-09-03,0.027,0.025145508348941803
Spokane,2018-09-04,0.025,0.025852955877780914
Spokane,2018-09-05,0.023,0.025340164080262184
Spokane,2018-09-06,0.023,0.026216793805360794
Spokane,2018-09-07,0.021,0.02583259716629982
Spokane,2018-09-08,0.021,0.02678818069398403
Spokane,2018-09-09,0.021,0.024703102186322212
Spokane,2018-09-10,0.019,0.019783832132816315
Spokane,2018-09-11,0.018,0.020438559353351593
Spokane,2018-09-12,0.017,0.019748490303754807
Spokane,2018-09-13,0.017,0.019539186730980873
Spokane,2018-09-14,0.017,0.019135650247335434
Spokane,2018-09-15,0.018,0.02017754688858986
Spokane,2018-09-16,0.019,0.01922452077269554
Spokane,2018-09-17,0.018,0.02436305768787861
Spokane,2018-09-18,0.018,0.02388298697769642
Spokane,2018-09-19,0.017,0.023450201377272606
Spokane,2018-09-20,0.017,0.024842018261551857
Spokane,2018-09-21,0.017,0.02447466179728508
Spokane,2018-09-22,0.018,0.023767290636897087
Spokane,2018-09-24,0.017,0.023511851206421852
Spokane,2018-09-25,0.015,0.0258022453635931
Spokane,2018-09-26,0.015,0.02471020258963108
Spokane,2018-09-27,0.015,0.02567904442548752
Spokane,2018-09-28,0.016,0.025262990966439247
Spokane,2018-09-29,0.015,0.022126615047454834
Spokane,2018-09-30,0.014,0.024843698367476463
Spokane,2018-10-01,0.015,0.02364140748977661
Spokane,2018-10-02,0.016,0.01876833476126194
Spokane,2018-10-03,0.013,0.017051976174116135
Spokane,2018-10-04,0.013,0.019920673221349716
Spokane,2018-10-05,0.011,0.016781045123934746
Spokane,2018-10-06,0.014,0.02248968929052353
Spokane,2018-10-07,0.015,0.030451681464910507
Spokane,2018-10-08,0.018,0.05518548935651779
Spokane,2018-10-09,0.084,0.07154037803411484
Spokane,2018-10-10,0.107,0.07316377758979797
Spokane,2018-10-11,0.103,0.08387335389852524
Spokane,2018-10-12,0.1,0.0857929214835167
Spokane,2018-10-13,0.096,0.08504259586334229
Spokane,2018-10-14,0.093,0.08209875971078873
Spokane,2018-10-15,0.091,0.0738815888762474
Spokane,2018-10-16,0.089,0.06553422659635544
Spokane,2018-10-17,0.087,0.06666328758001328
Spokane,2018-10-18,0.085,0.07548778504133224
Spokane,2018-10-19,0.084,0.07184989005327225
Spokane,2018-10-20,0.082,0.0719328448176384
Spokane,2018-10-21,0.081,0.07104898244142532
Spokane,2018-10-22,0.079,0.0769939124584198
Spokane,2018-10-23,0.078,0.07590539008378983
Spokane,2018-10-24,0.077,0.07537904381752014
Spokane,2018-10-25,0.075,0.07529623806476593
Spokane,2018-10-26,0.108,0.08744020015001297
Spokane,2018-10-27,0.121,0.08961699903011322
Spokane,2018-10-28,0.159,0.11394750326871872
Spokane,2018-10-29,0.151,0.16287921369075775
Spokane,2018-10-30,0.143,0.1584445685148239
Spokane,2018-10-31,0.161,0.16489548981189728
Spokane,2018-11-01,0.166,0.16516359150409698
Spokane,2018-11-02,0.175,0.16898566484451294
Spokane,2018-11-03,0.166,0.1793469339609146
Spokane,2018-11-04,0.176,0.17760492861270905
Spokane,2018-11-05,0.167,0.17423929274082184
Spokane,2018-11-06,0.164,0.17521414160728455
Spokane,2018-11-07,0.169,0.17294210195541382
Spokane,2018-11-08,0.159,0.16653676331043243
Spokane,2018-11-09,0.15,0.16519251465797424
Spokane,2018-11-10,0.153,0.1659124344587326
Spokane,2018-11-11,0.155,0.16805033385753632
Spokane,2018-11-12,0.153,0.15519866347312927
Spokane,2018-11-13,0.152,0.14820758998394012
Spokane,2018-11-14,0.15,0.1474733054637909
Spokane,2018-11-15,0.149,0.14023661613464355
Spokane,2018-11-16,0.155,0.13721266388893127
Spokane,2018-11-17,0.149,0.13777564465999603
Spokane,2018-11-18,0.147,0.1397053748369217
Spokane,2018-11-23,0.201,0.1901901513338089
Spokane,2018-11-24,0.21,0.1880090981721878
Spokane,2018-11-25,0.198,0.1970984786748886
Spokane,2018-11-26,0.203,0.20722319185733795
Spokane,2018-11-27,0.253,0.22749078273773193
Spokane,2018-11-28,0.235,0.2411043792963028
Spokane,2018-11-29,0.238,0.23861397802829742
Spokane,2018-11-30,0.233,0.23834261298179626
Spokane,2018-12-01,0.236,0.2264149785041809
Spokane,2018-12-02,0.232,0.2393084019422531
Spokane,2018-12-03,0.228,0.23996593058109283
Spokane,2018-12-04,0.223,0.23399221897125244
Spokane,2018-12-05,0.221,0.21952854096889496
Spokane,2018-12-06,0.21,0.2193000763654709
Spokane,2018-12-17,0.269,0.24399910867214203
Spokane,2018-12-18,0.324,0.2670329809188843
Spokane,2018-12-19,0.308,0.28572896122932434
Spokane,2018-12-20,0.306,0.284772127866745
Spokane,2018-12-21,0.303,0.2844506502151489
Spokane,2018-12-22,0.294,0.2812626361846924
Spokane,2018-12-23,0.3,0.27345484495162964
Spokane,2018-12-24,0.306,0.273909330368042
Spokane,2018-12-25,0.301,0.2747556269168854
Spokane,2018-12-26,0.296,0.27576425671577454
Spokane,2018-12-27,0.295,0.2745887041091919
Spokane,2018-12-28,0.294,0.273061603307724
Spokane,2018-12-29,0.313,0.28032946586608887
Spokane,2018-12-30,0.311,0.28507933020591736
Spokane,2018-12-31,0.297,0.26810532808303833
Spokane,2019-01-01,0.299,0.28556400537490845
Spokane,2019-01-05,0.301,0.2837550640106201
Spokane,2019-01-06,0.304,0.2825079560279846
Spokane,2019-01-07,0.303,0.27798235416412354
Spokane,2019-01-08,0.299,0.28197503089904785
Spokane,2019-01-10,0.319,0.2849201560020447
Spokane,2019-01-11,0.313,0.27729159593582153
Spokane,2019-01-12,0.308,0.2759143114089966
Spokane,2019-01-13,0.306,0.271205335855484
Spokane,2019-01-14,0.301,0.2636440694332123
Spokane,2019-04-02,0.298,0.3038194477558136
Spokane,2019-04-03,0.298,0.30751103162765503
Spokane,2019-04-04,0.296,0.30645275115966797
Spokane,2019-04-05,0.301,0.31472232937812805
Spokane,2019-04-06,0.308,0.3218848705291748
Spokane,2019-04-07,0.319,0.3227732181549072
Spokane,2019-04-08,0.314,0.3093782961368561
Spokane,2019-04-09,0.335,0.31628063321113586
Spokane,2019-04-10,0.32,0.31690046191215515
Spokane,2019-04-11,0.312,0.31467682123184204
Spokane,2019-04-12,0.314,0.31577590107917786
Spokane,2019-04-13,0.319,0.3160869777202606
Spokane,2019-04-14,0.316,0.31233707070350647
Spokane,2019-04-15,0.31,0.31448325514793396
Spokane,2019-04-16,0.307,0.3114570379257202
Spokane,2019-04-17,0.302,0.3042275905609131
Spokane,2019-04-18,0.298,0.3042117655277252
Spokane,2019-04-19,0.296,0.3068733811378479
Spokane,2019-04-20,0.298,0.30424731969833374
Spokane,2019-04-21,0.295,0.30167320370674133
Spokane,2019-04-22,0.291,0.29560568928718567
Spokane,2019-04-23,0.287,0.29381993412971497
Spokane,2019-04-24,0.283,0.2912460267543793
Spokane,2019-04-25,0.279,0.2911634147167206
Spokane,2019-04-26,0.284,0.2901054322719574
Spokane,2019-04-27,0.282,0.2861720621585846
Spokane,2019-04-28,0.278,0.2863948941230774
Spokane,2019-04-29,0.274,0.2846691906452179
Spokane,2019-04-30,0.27,0.26282209157943726
Spokane,2019-05-01,0.266,0.256405770778656
Spokane,2019-05-02,0.262,0.25379911065101624
Spokane,2019-05-03,0.258,0.25420448184013367
Spokane,2019-05-04,0.254,0.253792405128479
Spokane,2019-05-05,0.249,0.24076618254184723
Spokane,2019-05-06,0.243,0.22218014299869537
Spokane,2019-05-07,0.243,0.21683594584465027
Spokane,2019-05-08,0.235,0.2177744060754776
Spokane,2019-05-09,0.228,0.21278154850006104
Spokane,2019-05-10,0.22,0.21445637941360474
Spokane,2019-05-11,0.213,0.21342892944812775
Spokane,2019-05-12,0.204,0.21282684803009033
Spokane,2019-05-13,0.197,0.20507501065731049
Spokane,2019-05-14,0.192,0.17112155258655548
Spokane,2019-05-15,0.19,0.1515914350748062
Spokane,2019-05-16,0.213,0.18141187727451324
Spokane,2019-05-17,0.264,0.19465838372707367
Spokane,2019-05-18,0.266,0.2344784289598465
Spokane,2019-05-19,0.257,0.23253227770328522
Spokane,2019-05-20,0.249,0.23011328279972076
Spokane,2019-05-21,0.244,0.23031100630760193
Spokane,2019-05-22,0.238,0.23035748302936554
Spokane,2019-05-23,0.231,0.22466973960399628
Spokane,2019-05-24,0.231,0.2242364138364792
Spokane,2019-05-25,0.23,0.22996945679187775
Spokane,2019-05-26,0.261,0.23054422438144684
Spokane,2019-05-27,0.248,0.23047704994678497
Spokane,2019-05-28,0.239,0.22423115372657776
Spokane,2019-05-29,0.23,0.22144034504890442
Spokane,2019-05-30,0.225,0.21875958144664764
Spokane,2019-05-31,0.224,0.2116621434688568
Spokane,2019-06-01,0.212,0.20353928208351135
Spokane,2019-06-02,0.202,0.16801157593727112
Spokane,2019-06-03,0.191,0.15621545910835266
Spokane,2019-06-04,0.182,0.15714213252067566
Spokane,2019-06-05,0.178,0.1589697003364563
Spokane,2019-06-06,0.187,0.15930303931236267
Spokane,2019-06-07,0.179,0.16118468344211578
Spokane,2019-06-08,0.174,0.15992873907089233
Spokane,2019-06-09,0.17,0.14537714421749115
Spokane,2019-06-10,0.163,0.14600735902786255
Spokane,2019-06-11,0.154,0.13924559950828552
Spokane,2019-06-12,0.145,0.13563691079616547
Spokane,2019-06-13,0.135,0.13305479288101196
Spokane,2019-06-14,0.125,0.11774440109729767
Spokane,2019-06-15,0.117,0.11705004423856735
Spokane,2019-06-16,0.109,0.10594872385263443
Spokane,2019-06-17,0.102,0.10333377867937088
Spokane,2019-06-18,0.095,0.09291789680719376
Spokane,2019-06-19,0.089,0.09059899300336838
Spokane,2019-06-20,0.084,0.08975464105606079
Spokane,2019-06-21,0.081,0.08896986395120621
Spokane,2019-06-22,0.081,0.08583939075469971
Spokane,2019-06-23,0.078,0.08470562845468521
Spokane,2019-06-24,0.076,0.08374664187431335
Spokane,2019-06-25,0.072,0.0810965746641159
Spokane,2019-06-26,0.069,0.06515628844499588
Spokane,2019-06-27,0.066,0.06676244735717773
Spokane,2019-06-28,0.066,0.06684990227222443
Spokane,2019-06-29,0.067,0.0653957799077034
Spokane,2019-06-30,0.068,0.061883095651865005
Spokane,2019-07-01,0.068,0.05875873938202858
Spokane,2019-07-02,0.066,0.057027336210012436
Spokane,2019-07-03,0.063,0.05557629093527794
Spokane,2019-07-04,0.06,0.054155830293893814
Spokane,2019-07-05,0.057,0.05281971022486687
Spokane,2019-07-06,0.055,0.0535019114613533
Spokane,2019-07-07,0.052,0.05273042619228363
Spokane,2019-07-08,0.048,0.04991275444626808
Spokane,2019-07-09,0.046,0.05003640428185463
Spokane,2019-07-10,0.044,0.04827527701854706
Spokane,2019-07-11,0.042,0.04429810121655464
Spokane,2019-07-12,0.041,0.04393330216407776
Spokane,2019-07-13,0.04,0.04194449260830879
Spokane,2019-07-14,0.037,0.0369197279214859
Spokane,2019-07-15,0.034,0.03392180800437927
Spokane,2019-07-16,0.034,0.03689616918563843
Spokane,2019-07-17,0.035,0.04208316281437874
Spokane,2019-07-18,0.038,0.04170376434922218
Spokane,2019-07-19,0.04,0.039790451526641846
Spokane,2019-07-20,0.042,0.043304894119501114
Spokane,2019-07-21,0.044,0.04270540177822113
Spokane,2019-07-22,0.044,0.04126530513167381
Spokane,2019-07-23,0.044,0.04175228253006935
Spokane,2019-07-24,0.043,0.045736271888017654
Spokane,2019-07-25,0.046,0.04694492742419243
Spokane,2019-07-26,0.051,0.045649852603673935
Spokane,2019-07-27,0.054,0.045726846903562546
Spokane,2019-07-28,0.053,0.04821229353547096
Spokane,2019-07-29,0.052,0.048506733030080795
Spokane,2019-07-30,0.05,0.050063081085681915
Spokane,2019-07-31,0.048,0.05001138895750046
Spokane,2019-08-01,0.046,0.046768222004175186
Spokane,2019-08-02,0.043,0.045327380299568176
Spokane,2019-08-03,0.039,0.04460412263870239
Spokane,2019-08-04,0.037,0.04594354331493378
Spokane,2019-08-05,0.035,0.042074285447597504
Spokane,2019-08-06,0.033,0.041479386389255524
Spokane,2019-08-07,0.031,0.040829937905073166
Spokane,2019-08-08,0.03,0.04178079962730408
Spokane,2019-08-09,0.028,0.041052255779504776
Spokane,2019-08-10,0.029,0.04988841339945793
Spokane,2019-08-11,0.046,0.059962429106235504
Spokane,2019-08-12,0.131,0.07311410456895828
Spokane,2019-08-13,0.121,0.07227074354887009
Spokane,2019-08-14,0.112,0.07481228560209274
Spokane,2019-08-15,0.105,0.07573673129081726
Spokane,2019-08-16,0.098,0.07681646943092346
Spokane,2019-08-17,0.093,0.07538597285747528
Spokane,2019-08-18,0.087,0.06735220551490784
Spokane,2019-08-19,0.082,0.057944752275943756
Spokane,2019-08-20,0.077,0.043004050850868225
Spokane,2019-08-21,0.072,0.05036753788590431
Spokane,2019-08-22,0.067,0.054739683866500854
Spokane,2019-08-23,0.063,0.054816894233226776
Spokane,2019-08-24,0.06,0.05417720973491669
Spokane,2019-08-25,0.056,0.05291413515806198
Spokane,2019-08-26,0.052,0.0472567118704319
Spokane,2019-08-27,0.049,0.04667005315423012
Spokane,2019-08-28,0.046,0.04178832098841667
Spokane,2019-08-29,0.042,0.04553855583071709
Spokane,2019-08-30,0.042,0.047758180648088455
Spokane,2019-08-31,0.042,0.045050621032714844
Spokane,2019-09-01,0.041,0.044567715376615524
Spokane,2019-09-02,0.038,0.0374148003757
Spokane,2019-09-03,0.036,0.03747367858886719
Spokane,2019-09-04,0.035,0.03749019652605057
Spokane,2019-09-05,0.033,0.03716152161359787
Spokane,2019-09-06,0.032,0.04672767594456673
Spokane,2019-09-07,0.034,0.047305136919021606
Spokane,2019-09-08,0.035,0.05568031966686249
Spokane,2019-09-09,0.072,0.07570632547140121
Spokane,2019-09-10,0.129,0.08348307013511658
Spokane,2019-09-11,0.126,0.083360455930233
Spokane,2019-09-12,0.122,0.08887118846178055
Spokane,2019-09-13,0.117,0.08853081613779068
Spokane,2019-09-14,0.112,0.09145783632993698
Spokane,2019-09-15,0.107,0.0955667570233345
Spokane,2019-09-16,0.103,0.08768690377473831
Spokane,2019-09-17,0.099,0.08356114476919174
Spokane,2019-09-18,0.097,0.08467182517051697
Spokane,2019-09-19,0.095,0.08519721031188965
Spokane,2019-09-20,0.093,0.08659547567367554
Spokane,2019-09-21,0.092,0.08497673273086548
Spokane,2019-09-22,0.091,0.08569123595952988
Spokane,2019-09-23,0.091,0.08134744316339493
Spokane,2019-09-24,0.089,0.07834088802337646
Spokane,2019-09-25,0.087,0.07294991612434387
Spokane,2019-09-26,0.085,0.07735918462276459
Spokane,2019-09-27,0.083,0.08396052569150925
Spokane,2019-09-28,0.145,0.12730343639850616
Spokane,2019-09-29,0.196,0.13867266476154327
Spokane,2019-09-30,0.178,0.1369491070508957
Spokane,2019-10-01,0.166,0.14294570684432983
Spokane,2019-10-02,0.158,0.1423494815826416
Spokane,2019-10-03,0.154,0.13914816081523895
Spokane,2019-10-04,0.151,0.13974572718143463
Spokane,2019-10-05,0.148,0.14515672624111176
Spokane,2019-10-06,0.144,0.1321185678243637
Spokane,2019-10-07,0.142,0.15415889024734497
Spokane,2019-10-08,0.139,0.1540064662694931
Spokane,2019-10-09,0.164,0.16278605163097382
Spokane,2019-10-10,0.166,0.16035766899585724
Spokane,2019-10-11,0.16,0.1645021140575409
Spokane,2019-10-12,0.156,0.1542193740606308
Spokane,2019-10-13,0.154,0.14328256249427795
Spokane,2019-10-14,0.151,0.14486517012119293
Spokane,2019-10-15,0.147,0.14407452940940857
Spokane,2019-10-16,0.146,0.14299699664115906
Spokane,2019-10-17,0.144,0.1614203304052353
Spokane,2019-10-18,0.148,0.1714484542608261
Spokane,2019-10-19,0.193,0.1855270117521286
Spokane,2019-10-20,0.196,0.19092153012752533
Spokane,2019-10-21,0.195,0.20857694745063782
Spokane,2019-10-22,0.207,0.21220390498638153
Spokane,2019-10-23,0.193,0.21386979520320892
Spokane,2019-10-25,0.182,0.20213423669338226
Spokane,2019-10-26,0.184,0.19930922985076904
Spokane,2019-10-27,0.18,0.2174297273159027
Spokane,2019-10-28,0.179,0.20550408959388733
Spokane,2019-10-29,0.17,0.19656269252300262
Spokane,2019-10-30,0.163,0.19300873577594757
Spokane,2019-10-31,0.165,0.19094234704971313
Spokane,2019-11-04,0.166,0.1903066784143448
Spokane,2019-11-05,0.165,0.189492866396904
Spokane,2019-11-06,0.164,0.182180717587471
Spokane,2019-11-07,0.16,0.18192216753959656
Spokane,2019-11-08,0.161,0.1695633828639984
Spokane,2019-11-09,0.166,0.19280549883842468
Spokane,2019-11-10,0.172,0.19581054151058197
Spokane,2019-11-11,0.167,0.1944066286087036
Spokane,2019-11-12,0.17,0.19923846423625946
Spokane,2019-11-13,0.175,0.20236840844154358
Spokane,2019-11-14,0.173,0.20558147132396698
Spokane,2019-11-15,0.177,0.2161884754896164
Spokane,2019-11-16,0.18,0.20801140367984772
Spokane,2019-11-17,0.207,0.21547025442123413
Spokane,2019-11-18,0.208,0.2305750548839569
Spokane,2019-11-19,0.203,0.22954720258712769
Spokane,2019-11-20,0.2,0.23229509592056274
Spokane,2019-11-21,0.193,0.22766266763210297
Spokane,2019-11-22,0.185,0.224138081073761
Spokane,2019-11-23,0.18,0.21463674306869507
Spokane,2019-11-24,0.184,0.21996887028217316
Spokane,2019-11-25,0.18,0.2321985810995102
Spokane,2019-12-24,0.265,0.2648317515850067
Spokane,2019-12-25,0.263,0.2614263594150543
Spokane,2019-12-26,0.262,0.25287628173828125
Spokane,2019-12-27,0.259,0.26038140058517456
Spokane,2019-12-28,0.259,0.25391533970832825
Spokane,2019-12-29,0.259,0.25106149911880493
Spokane,2019-12-30,0.262,0.2562653124332428
Spokane,2019-12-31,0.275,0.26685288548469543
Spokane,2020-01-01,0.287,0.2771115303039551
Spokane,2020-01-02,0.28,0.2786226272583008
Spokane,2020-01-03,0.281,0.276931494474411
Spokane,2020-01-04,0.278,0.2732241749763489
Spokane,2020-01-05,0.275,0.2743307054042816
Spokane,2020-01-06,0.282,0.27138665318489075
Spokane,2020-01-07,0.289,0.2763843834400177
Spokane,2020-01-08,0.286,0.2794272303581238
Spokane,2020-01-09,0.282,0.27823692560195923
Spokane,2020-01-10,0.275,0.2867962121963501
Spokane,2020-01-11,0.295,0.28904491662979126
Spokane,2020-01-12,0.297,0.29590585827827454
Spokane,2020-01-13,0.294,0.29923272132873535
Spokane,2020-01-14,0.297,0.2935827970504761
Spokane,2020-01-15,0.295,0.2911466360092163
Spokane,2020-01-16,0.294,0.29049161076545715
Spokane,2020-01-17,0.289,0.2884969115257263
Spokane,2020-01-18,0.287,0.2903982102870941
Spokane,2020-01-19,0.289,0.28961944580078125
Spokane,2020-01-20,0.29,0.2936972677707672
Spokane,2020-01-21,0.291,0.29557791352272034
Spokane,2020-01-22,0.295,0.2957930266857147
Spokane,2020-01-23,0.328,0.306608647108078
Spokane,2020-01-24,0.342,0.31023508310317993
Spokane,2020-01-25,0.319,0.3075217008590698
Spokane,2020-01-26,0.317,0.3050321936607361
Spokane,2020-01-27,0.313,0.30235061049461365
Spokane,2020-01-28,0.328,0.3099181354045868
Spokane,2020-01-29,0.319,0.3108520209789276
Spokane,2020-01-30,0.315,0.3094358444213867
Spokane,2020-01-31,0.312,0.310057133436203
Spokane,2020-02-01,0.309,0.30149680376052856
Spokane,2020-02-02,0.304,0.3035273253917694
Spokane,2020-02-03,0.291,0.29160287976264954
Spokane,2020-02-04,0.281,0.2903071641921997
Spokane,2020-02-05,0.295,0.29891273379325867
Spokane,2020-02-06,0.309,0.30825844407081604
Spokane,2020-02-07,0.33,0.30547770857810974
Spokane,2020-02-08,0.332,0.3135545253753662
Spokane,2020-02-09,0.321,0.31281888484954834
Spokane,2020-02-10,0.32,0.307330459356308
Spokane,2020-02-11,0.317,0.30733582377433777
Spokane,2020-02-15,0.309,0.3116927742958069
Spokane,2020-02-16,0.307,0.3066242039203644
Spokane,2020-02-17,0.3,0.30896851420402527
Spokane,2020-02-18,0.307,0.30715087056159973
Spokane,2020-03-04,0.279,0.28594326972961426
Spokane,2020-03-05,0.278,0.2847602069377899
Spokane,2020-03-06,0.279,0.28638339042663574
Spokane,2020-03-07,0.294,0.2954097390174866
Spokane,2020-03-08,0.294,0.2959483861923218
Spokane,2020-03-09,0.291,0.2943388521671295
Spokane,2020-03-10,0.289,0.289455771446228
Spokane,2020-03-11,0.289,0.2851548194885254
Spokane,2020-03-12,0.285,0.2843934893608093
Spokane,2020-03-13,0.285,0.29200536012649536
Spokane,2020-03-14,0.284,0.29299992322921753
Spokane,2020-03-15,0.283,0.2925613224506378
Spokane,2020-03-16,0.287,0.29677504301071167
Spokane,2020-03-17,0.287,0.29331129789352417
Spokane,2020-03-18,0.286,0.29108017683029175
Spokane,2020-03-19,0.284,0.28840211033821106
Spokane,2020-03-20,0.282,0.2872684597969055
Spokane,2020-03-21,0.28,0.288661390542984
Spokane,2020-03-22,0.278,0.28434139490127563
Spokane,2020-03-23,0.277,0.2872041165828705
Spokane,2020-03-24,0.276,0.2856530249118805
Spokane,2020-03-25,0.28,0.2910483479499817
Spokane,2020-03-26,0.282,0.2927325665950775
Spokane,2020-03-27,0.281,0.29153844714164734
Spokane,2020-03-28,0.28,0.2896018326282501
Spokane,2020-03-29,0.279,0.29059898853302
Spokane,2020-03-30,0.281,0.28728482127189636
Spokane,2020-03-31,0.285,0.29271399974823
Spokane,2020-04-01,0.288,0.2963152527809143
Spokane,2020-04-02,0.291,0.2960565984249115
Spokane,2020-04-03,0.288,0.2882191836833954
Spokane,2020-04-04,0.285,0.2919624149799347
Spokane,2020-04-05,0.288,0.29122355580329895
Spokane,2020-04-06,0.286,0.2901418209075928
Spokane,2020-04-07,0.283,0.2890828251838684
Spokane,2020-04-08,0.28,0.2874089479446411
Spokane,2020-04-09,0.277,0.28074291348457336
Spokane,2020-04-10,0.274,0.2842712700366974
Spokane,2020-04-11,0.27,0.2842878997325897
Spokane,2020-04-12,0.267,0.2692531645298004
Spokane,2020-04-13,0.264,0.25986447930336
Spokane,2020-04-14,0.262,0.25676414370536804
Spokane,2020-04-15,0.261,0.24267733097076416
Spokane,2020-04-16,0.257,0.2421211153268814
Spokane,2020-04-17,0.254,0.24145229160785675
Spokane,2020-04-18,0.251,0.24330613017082214
Spokane,2020-04-19,0.25,0.24228449165821075
Spokane,2020-04-20,0.247,0.22561973333358765
Spokane,2020-04-21,0.242,0.22487571835517883
Spokane,2020-04-22,0.243,0.24364885687828064
Spokane,2020-04-23,0.25,0.2440752387046814
Spokane,2020-04-24,0.246,0.2393839955329895
Spokane,2020-04-25,0.244,0.24362288415431976
Spokane,2020-04-26,0.241,0.23636166751384735
Spokane,2020-04-27,0.238,0.24090874195098877
Spokane,2020-04-28,0.234,0.23620520532131195
Spokane,2020-04-29,0.229,0.2276151478290558
Spokane,2020-04-30,0.224,0.22674131393432617
Spokane,2020-05-01,0.22,0.22562821209430695
Spokane,2020-05-02,0.216,0.23253487050533295
Spokane,2020-05-03,0.225,0.23320673406124115
Spokane,2020-05-04,0.219,0.23850353062152863
Spokane,2020-05-05,0.214,0.20031613111495972
Spokane,2020-05-06,0.222,0.2065492421388626
Spokane,2020-05-07,0.222,0.21208862960338593
Spokane,2020-05-08,0.217,0.19716019928455353
Spokane,2020-05-09,0.21,0.19485615193843842
Spokane,2020-05-10,0.202,0.18762584030628204
Spokane,2020-05-11,0.195,0.19055527448654175
Spokane,2020-05-12,0.209,0.2117854654788971
Spokane,2020-05-13,0.211,0.20790155231952667
Spokane,2020-05-14,0.21,0.2073974460363388
Spokane,2020-05-15,0.21,0.2047460377216339
Spokane,2020-05-16,0.207,0.19230133295059204
Spokane,2020-05-17,0.206,0.2028937190771103
Spokane,2020-05-18,0.224,0.20295925438404083
Spokane,2020-05-19,0.255,0.20508220791816711
Spokane,2020-05-20,0.294,0.277863472700119
Spokane,2020-05-21,0.326,0.29764270782470703
Spokane,2020-05-22,0.311,0.3013085126876831
Spokane,2020-05-23,0.305,0.2972467839717865
Spokane,2020-05-24,0.298,0.29035910964012146
Spokane,2020-05-25,0.294,0.2917519807815552
Spokane,2020-05-26,0.29,0.29167845845222473
Spokane,2020-05-27,0.282,0.28808221220970154
Spokane,2020-05-28,0.273,0.27473726868629456
Spokane,2020-05-29,0.265,0.26295027136802673
Spokane,2020-05-30,0.259,0.2576565444469452
Spokane,2020-05-31,0.306,0.28593817353248596
Spokane,2020-06-01,0.297,0.29073962569236755
Spokane,2020-06-02,0.289,0.2780036926269531
Spokane,2020-06-03,0.28,0.2765843868255615
Spokane,2020-06-04,0.272,0.2696287930011749
Spokane,2020-06-05,0.268,0.2741398513317108
Spokane,2020-06-06,0.269,0.27385541796684265
Spokane,2020-06-07,0.264,0.2696276307106018
Spokane,2020-06-08,0.259,0.24767224490642548
Spokane,2020-06-09,0.26,0.24536949396133423
Spokane,2020-06-10,0.261,0.25215405225753784
Spokane,2020-06-11,0.254,0.24307864904403687
Spokane,2020-06-12,0.25,0.23765859007835388
Spokane,2020-06-13,0.262,0.24174746870994568
Spokane,2020-06-14,0.268,0.2547137141227722
Spokane,2020-06-15,0.268,0.2678959369659424
Spokane,2020-06-16,0.269,0.26821061968803406
Spokane,2020-06-17,0.267,0.27440619468688965
Spokane,2020-06-18,0.264,0.26349449157714844
Spokane,2020-06-19,0.255,0.2608093321323395
Spokane,2020-06-20,0.248,0.25694507360458374
Spokane,2020-06-21,0.243,0.24074281752109528
Spokane,2020-06-22,0.235,0.2345658242702484
Spokane,2020-06-23,0.226,0.22602948546409607
Spokane,2020-06-24,0.215,0.20071463286876678
Spokane,2020-06-25,0.206,0.19603359699249268
Spokane,2020-06-26,0.197,0.18640393018722534
Spokane,2020-06-27,0.187,0.17941953241825104
Spokane,2020-06-28,0.18,0.18906255066394806
Spokane,2020-06-29,0.175,0.17540518939495087
Spokane,2020-06-30,0.178,0.17174126207828522
Spokane,2020-07-01,0.189,0.173379585146904
Spokane,2020-07-02,0.187,0.17218288779258728
Spokane,2020-07-03,0.177,0.1687612384557724
Spokane,2020-07-04,0.167,0.16944566369056702
Spokane,2020-07-05,0.16,0.15931664407253265
Spokane,2020-07-06,0.152,0.14559876918792725
Spokane,2020-07-07,0.145,0.1453246921300888
Spokane,2020-07-08,0.139,0.12239909917116165
Spokane,2020-07-09,0.134,0.11701696366071701
Spokane,2020-07-10,0.128,0.11828093230724335
Spokane,2020-07-11,0.122,0.11256299167871475
Spokane,2020-07-12,0.116,0.10015897452831268
Spokane,2020-07-13,0.11,0.09657764434814453
Spokane,2020-07-14,0.104,0.09161128103733063
Spokane,2020-07-15,0.099,0.07414547353982925
Spokane,2020-07-16,0.093,0.07253200560808182
Spokane,2020-07-17,0.087,0.07389593869447708
Spokane,2020-07-18,0.082,0.06782834231853485
Spokane,2020-07-19,0.078,0.06766476482152939
Spokane,2020-07-20,0.074,0.06542003899812698
Spokane,2020-07-21,0.069,0.06210003048181534
Spokane,2020-07-22,0.066,0.060576483607292175
Spokane,2020-07-23,0.062,0.06115441396832466
Spokane,2020-07-24,0.06,0.060073334723711014
Spokane,2020-07-25,0.057,0.06046926975250244
Spokane,2020-07-26,0.055,0.05867107957601547
Spokane,2020-07-27,0.054,0.0584975965321064
Spokane,2020-07-28,0.051,0.05564276874065399
Spokane,2020-07-29,0.049,0.05028529465198517
Spokane,2020-07-30,0.048,0.05134700983762741
Spokane,2020-07-31,0.046,0.050421807914972305
Spokane,2020-08-01,0.043,0.047602396458387375
Spokane,2020-08-02,0.042,0.04445045068860054
Spokane,2020-08-03,0.04,0.039798252284526825
Spokane,2020-08-04,0.039,0.039629410952329636
Spokane,2020-08-05,0.038,0.036793600767850876
Spokane,2020-08-06,0.037,0.04342477768659592
Spokane,2020-08-07,0.037,0.042050451040267944
Spokane,2020-08-08,0.037,0.0399395227432251
Spokane,2020-08-09,0.037,0.03802953660488129
Spokane,2020-08-10,0.036,0.03653617575764656
Spokane,2020-08-11,0.036,0.037704333662986755
Spokane,2020-08-12,0.034,0.0362592376768589
Spokane,2020-08-13,0.033,0.03660948574542999
Spokane,2020-08-14,0.033,0.03465207293629646
Spokane,2020-08-15,0.033,0.033108338713645935
Spokane,2020-08-16,0.033,0.033958062529563904
Spokane,2020-08-17,0.034,0.03455347567796707
Spokane,2020-08-18,0.033,0.03539101406931877
Spokane,2020-08-19,0.033,0.034675534814596176
Spokane,2020-08-20,0.033,0.035042792558670044
Spokane,2020-08-21,0.034,0.03538485988974571
Spokane,2020-08-22,0.033,0.03504939749836922
Spokane,2020-08-23,0.032,0.035947997123003006
Spokane,2020-08-24,0.031,0.034012503921985626
Spokane,2020-08-25,0.031,0.03323118016123772
Spokane,2020-08-26,0.03,0.03237156197428703
Spokane,2020-08-27,0.029,0.031206604093313217
Spokane,2020-08-28,0.029,0.031178388744592667
Spokane,2020-08-29,0.029,0.030655864626169205
Spokane,2020-08-30,0.028,0.03122686967253685
Spokane,2020-08-31,0.029,0.02964700572192669
Spokane,2020-09-01,0.028,0.02866547554731369
Spokane,2020-09-02,0.028,0.029726771637797356
Spokane,2020-09-03,0.028,0.029872272163629532
Spokane,2020-09-04,0.028,0.030094260349869728
Spokane,2020-09-05,0.028,0.029697978869080544
Spokane,2020-09-06,0.027,0.029270131140947342
Spokane,2020-09-07,0.027,0.030241524800658226
Spokane,2020-09-08,0.025,0.03081079199910164
Spokane,2020-09-09,0.025,0.031022626906633377
Spokane,2020-09-10,0.025,0.03248582407832146
Spokane,2020-09-11,0.025,0.03125528618693352
Spokane,2020-09-12,0.024,0.03162365034222603
Spokane,2020-09-13,0.023,0.03238208219408989
Spokane,2020-09-14,0.024,0.028558911755681038
Spokane,2020-09-15,0.024,0.028839431703090668
Spokane,2020-09-16,0.025,0.027803046628832817
Spokane,2020-09-17,0.025,0.02850274182856083
Spokane,2020-09-18,0.025,0.028018780052661896
Spokane,2020-09-19,0.025,0.027578260749578476
Spokane,2020-09-20,0.026,0.028318138793110847
Spokane,2020-09-21,0.026,0.025935383513569832
Spokane,2020-09-22,0.028,0.02649494633078575
Spokane,2020-09-23,0.029,0.026678962633013725
Spokane,2020-09-24,0.03,0.034552544355392456
Spokane,2020-09-25,0.03,0.06112174317240715
Spokane,2020-09-26,0.032,0.06025746837258339
Spokane,2020-09-27,0.035,0.06045761704444885
Spokane,2020-09-28,0.039,0.04855404421687126
Spokane,2020-09-29,0.043,0.04966839775443077
Spokane,2020-09-30,0.045,0.04875478893518448
Spokane,2020-10-01,0.047,0.05242965370416641
Spokane,2020-10-02,0.05,0.053565613925457
Spokane,2020-10-03,0.05,0.0514644980430603
Spokane,2020-10-04,0.05,0.04670954495668411
Spokane,2020-10-05,0.049,0.05409606173634529
Spokane,2020-10-06,0.049,0.053698424249887466
Spokane,2020-10-07,0.049,0.052830103784799576
Spokane,2020-10-08,0.049,0.050725217908620834
Spokane,2020-10-09,0.048,0.04963982477784157
Spokane,2020-10-10,0.091,0.08696009963750839
Spokane,2020-10-11,0.142,0.10816487669944763
Spokane,2020-10-12,0.176,0.17152823507785797
Spokane,2020-10-13,0.192,0.19902057945728302
Spokane,2020-10-14,0.184,0.19406786561012268
Spokane,2020-10-15,0.171,0.18400511145591736
Spokane,2020-10-16,0.165,0.18412141501903534
Spokane,2020-10-17,0.16,0.18112514913082123
Spokane,2020-10-18,0.163,0.18154075741767883
Spokane,2020-10-19,0.162,0.17844495177268982
Spokane,2020-10-20,0.157,0.17196956276893616
Spokane,2020-10-21,0.153,0.16317421197891235
Spokane,2020-10-22,0.149,0.16275303065776825
Spokane,2020-10-23,0.146,0.16763107478618622
Spokane,2020-10-24,0.149,0.16802161931991577
Spokane,2020-10-25,0.154,0.16837617754936218
Spokane,2020-10-26,0.151,0.17310893535614014
Spokane,2020-10-27,0.16,0.1748070865869522
Spokane,2020-10-28,0.195,0.18024258315563202
Spokane,2020-10-29,0.207,0.1772373914718628
Spokane,2020-10-30,0.197,0.17846232652664185
Spokane,2020-10-31,0.188,0.17607007920742035
Spokane,2020-11-01,0.182,0.17425967752933502
Spokane,2020-11-02,0.179,0.18027332425117493
Spokane,2020-11-03,0.176,0.1919087916612625
Spokane,2020-11-04,0.178,0.18502295017242432
Spokane,2020-11-05,0.194,0.21179921925067902
Spokane,2020-11-06,0.221,0.21325145661830902
Spokane,2020-11-07,0.209,0.21337033808231354
Spokane,2020-11-08,0.204,0.2575382590293884
Spokane,2020-11-09,0.199,0.24093647301197052
Spokane,2020-11-10,0.202,0.2428516000509262
Spokane,2020-11-11,0.203,0.24271897971630096
Spokane,2020-11-12,0.202,0.2443578988313675
Spokane,2020-11-13,0.227,0.25917840003967285
Spokane,2020-11-14,0.229,0.26390039920806885
Spokane,2020-11-15,0.23,0.2598208487033844
Spokane,2020-11-16,0.227,0.2572501301765442
Spokane,2020-11-17,0.227,0.24482280015945435
Spokane,2020-11-18,0.23,0.24960210919380188
Spokane,2020-11-19,0.23,0.25168243050575256
Spokane,2020-11-20,0.225,0.25172796845436096
Spokane,2020-11-21,0.22,0.24693180620670319
Spokane,2020-11-22,0.216,0.2429795116186142
Spokane,2020-11-23,0.219,0.24550333619117737
Spokane,2020-11-24,0.227,0.24479460716247559
Spokane,2020-11-25,0.242,0.24404391646385193
Spokane,2020-11-26,0.236,0.2455470710992813
Spokane,2020-11-27,0.232,0.24228693544864655
Spokane,2020-11-28,0.231,0.24384531378746033
Spokane,2020-11-29,0.224,0.23966644704341888
Spokane,2020-11-30,0.219,0.2364058494567871
Spokane,2020-12-01,0.223,0.23647646605968475
Spokane,2020-12-02,0.226,0.23298415541648865
Touchet_WA_824,2017-01-11,0.196,0.1783190220594406
Touchet_WA_824,2017-01-12,0.195,0.17844893038272858
Touchet_WA_824,2017-01-13,0.196,0.17810854315757751
Touchet_WA_824,2017-01-14,0.195,0.1787153035402298
Touchet_WA_824,2017-01-15,0.196,0.18509264290332794
Touchet_WA_824,2017-01-16,0.195,0.18041668832302094
Touchet_WA_824,2017-01-17,0.195,0.17968524992465973
Touchet_WA_824,2017-01-18,0.195,0.1782480925321579
Touchet_WA_824,2017-01-19,0.194,0.17939209938049316
Touchet_WA_824,2017-01-20,0.195,0.18075670301914215
Touchet_WA_824,2017-01-21,0.195,0.18193845450878143
Touchet_WA_824,2017-01-22,0.195,0.1811012178659439
Touchet_WA_824,2017-01-23,0.194,0.18202388286590576
Touchet_WA_824,2017-01-24,0.195,0.18431724607944489
Touchet_WA_824,2017-01-25,0.194,0.19114363193511963
Touchet_WA_824,2017-01-26,0.195,0.19498436152935028
Touchet_WA_824,2017-01-27,0.195,0.19403189420700073
Touchet_WA_824,2017-01-28,0.196,0.19350606203079224
Touchet_WA_824,2017-01-29,0.196,0.19180473685264587
Touchet_WA_824,2017-01-30,0.196,0.18642054498195648
Touchet_WA_824,2017-01-31,0.196,0.18592140078544617
Touchet_WA_824,2017-02-01,0.196,0.1897534728050232
Touchet_WA_824,2017-02-02,0.197,0.18680503964424133
Touchet_WA_824,2017-02-03,0.195,0.18383151292800903
Touchet_WA_824,2017-02-04,0.196,0.1842333972454071
Touchet_WA_824,2017-02-05,0.196,0.18499287962913513
Touchet_WA_824,2017-02-06,0.196,0.18270841240882874
Touchet_WA_824,2017-02-07,0.195,0.18545927107334137
Touchet_WA_824,2017-02-08,0.197,0.18308770656585693
Touchet_WA_824,2017-02-09,0.197,0.19635672867298126
Touchet_WA_824,2017-02-10,0.196,0.19835172593593597
Touchet_WA_824,2017-02-11,0.197,0.20056454837322235
Touchet_WA_824,2017-02-12,0.196,0.20108185708522797
Touchet_WA_824,2017-02-13,0.196,0.19627133011817932
Touchet_WA_824,2017-02-14,0.196,0.19221968948841095
Touchet_WA_824,2017-02-15,0.196,0.19615909457206726
Touchet_WA_824,2017-02-16,0.197,0.2020125687122345
Touchet_WA_824,2017-02-17,0.198,0.2010314166545868
Touchet_WA_824,2017-02-18,0.198,0.202414408326149
Touchet_WA_824,2017-02-19,0.197,0.20373360812664032
Touchet_WA_824,2017-02-20,0.198,0.2026507556438446
Touchet_WA_824,2017-02-21,0.199,0.2003920078277588
Touchet_WA_824,2017-02-22,0.197,0.19896985590457916
Touchet_WA_824,2017-02-23,0.198,0.19865240156650543
Touchet_WA_824,2017-02-24,0.199,0.19649037718772888
Touchet_WA_824,2017-02-25,0.199,0.19022026658058167
Touchet_WA_824,2017-02-26,0.199,0.19223137199878693
Touchet_WA_824,2017-02-27,0.2,0.1976553499698639
Touchet_WA_824,2017-02-28,0.199,0.1971093863248825
Touchet_WA_824,2017-03-01,0.2,0.19488206505775452
Touchet_WA_824,2017-03-02,0.202,0.19447459280490875
Touchet_WA_824,2017-03-03,0.201,0.19263647496700287
Touchet_WA_824,2017-03-04,0.2,0.1973777860403061
Touchet_WA_824,2017-03-05,0.201,0.198359414935112
Touchet_WA_824,2017-03-06,0.201,0.20036758482456207
Touchet_WA_824,2017-03-07,0.202,0.21307072043418884
Touchet_WA_824,2017-03-08,0.202,0.21764953434467316
Touchet_WA_824,2017-03-09,0.201,0.2159791737794876
Touchet_WA_824,2017-03-10,0.202,0.21457922458648682
Touchet_WA_824,2017-03-11,0.202,0.2150006890296936
Touchet_WA_824,2017-03-12,0.202,0.2152499258518219
Touchet_WA_824,2017-03-13,0.202,0.21416063606739044
Touchet_WA_824,2017-03-14,0.203,0.21560245752334595
Touchet_WA_824,2017-03-15,0.202,0.20789478719234467
Touchet_WA_824,2017-03-16,0.203,0.21121689677238464
Touchet_WA_824,2017-03-17,0.204,0.20993728935718536
Touchet_WA_824,2017-03-18,0.203,0.21882587671279907
Touchet_WA_824,2017-03-19,0.204,0.2153533399105072
Touchet_WA_824,2017-03-20,0.205,0.20827241241931915
Touchet_WA_824,2017-03-21,0.206,0.21134521067142487
Touchet_WA_824,2017-03-22,0.205,0.20778565108776093
Touchet_WA_824,2017-03-23,0.206,0.20488867163658142
Touchet_WA_824,2017-03-24,0.206,0.21597272157669067
Touchet_WA_824,2017-03-25,0.206,0.21209752559661865
Touchet_WA_824,2017-03-26,0.205,0.21164017915725708
Touchet_WA_824,2017-03-27,0.206,0.21069321036338806
Touchet_WA_824,2017-03-28,0.206,0.20938250422477722
Touchet_WA_824,2017-03-29,0.206,0.21367883682250977
Touchet_WA_824,2017-03-30,0.206,0.21309885382652283
Touchet_WA_824,2017-03-31,0.206,0.21206456422805786
Touchet_WA_824,2017-04-01,0.206,0.20835049450397491
Touchet_WA_824,2017-04-02,0.207,0.20437590777873993
Touchet_WA_824,2017-04-03,0.206,0.20362192392349243
Touchet_WA_824,2017-04-04,0.207,0.20611348748207092
Touchet_WA_824,2017-04-05,0.207,0.208664208650589
Touchet_WA_824,2017-04-06,0.206,0.20742513239383698
Touchet_WA_824,2017-04-07,0.207,0.20732638239860535
Touchet_WA_824,2017-04-08,0.208,0.20328877866268158
Touchet_WA_824,2017-04-09,0.208,0.20640701055526733
Touchet_WA_824,2017-04-10,0.208,0.21061386168003082
Touchet_WA_824,2017-04-11,0.207,0.20862030982971191
Touchet_WA_824,2017-04-12,0.208,0.20502236485481262
Touchet_WA_824,2017-04-13,0.208,0.20731313526630402
Touchet_WA_824,2017-04-14,0.208,0.20702828466892242
Touchet_WA_824,2017-04-15,0.209,0.20849165320396423
Touchet_WA_824,2017-04-16,0.209,0.20557726919651031
Touchet_WA_824,2017-04-17,0.209,0.20972047746181488
Touchet_WA_824,2017-04-18,0.208,0.21374675631523132
Touchet_WA_824,2017-04-19,0.209,0.21477536857128143
Touchet_WA_824,2017-04-20,0.209,0.21775099635124207
Touchet_WA_824,2017-04-21,0.208,0.21107110381126404
Touchet_WA_824,2017-04-22,0.209,0.20909667015075684
Touchet_WA_824,2017-04-23,0.21,0.2200493961572647
Touchet_WA_824,2017-04-24,0.211,0.22439324855804443
Touchet_WA_824,2017-04-25,0.212,0.22867314517498016
Touchet_WA_824,2017-04-26,0.212,0.2329278141260147
Touchet_WA_824,2017-04-27,0.213,0.23263706266880035
Touchet_WA_824,2017-04-28,0.212,0.23330999910831451
Touchet_WA_824,2017-04-29,0.212,0.23323269188404083
Touchet_WA_824,2017-04-30,0.211,0.2344246208667755
Touchet_WA_824,2017-05-01,0.211,0.23422332108020782
Touchet_WA_824,2017-05-02,0.212,0.2330392599105835
Touchet_WA_824,2017-05-03,0.213,0.230843186378479
Touchet_WA_824,2017-05-04,0.213,0.23357157409191132
Touchet_WA_824,2017-05-05,0.222,0.23569531738758087
Touchet_WA_824,2017-05-06,0.235,0.231978639960289
Touchet_WA_824,2017-05-07,0.24,0.23337039351463318
Touchet_WA_824,2017-05-08,0.231,0.23542630672454834
Touchet_WA_824,2017-05-09,0.233,0.23365508019924164
Touchet_WA_824,2017-05-10,0.235,0.22528201341629028
Touchet_WA_824,2017-05-11,0.24,0.2277655154466629
Touchet_WA_824,2017-05-12,0.245,0.23943503201007843
Touchet_WA_824,2017-05-13,0.248,0.23745174705982208
Touchet_WA_824,2017-05-14,0.239,0.2383863776922226
Touchet_WA_824,2017-05-15,0.232,0.23766882717609406
Touchet_WA_824,2017-05-16,0.235,0.2522810399532318
Touchet_WA_824,2017-05-17,0.241,0.25268876552581787
Touchet_WA_824,2017-05-18,0.236,0.2503393292427063
Touchet_WA_824,2017-05-19,0.232,0.24780865013599396
Touchet_WA_824,2017-05-20,0.233,0.24841813743114471
Touchet_WA_824,2017-05-21,0.253,0.2544759511947632
Touchet_WA_824,2017-05-22,0.277,0.2600492238998413
Touchet_WA_824,2017-05-23,0.3,0.26483580470085144
Touchet_WA_824,2017-05-24,0.322,0.26818540692329407
Touchet_WA_824,2017-05-25,0.326,0.2733445465564728
Touchet_WA_824,2017-05-26,0.294,0.26960432529449463
Touchet_WA_824,2017-05-27,0.329,0.26914843916893005
Touchet_WA_824,2017-05-28,0.334,0.2721652388572693
Touchet_WA_824,2017-05-29,0.341,0.2521977424621582
Touchet_WA_824,2017-05-30,0.284,0.23907357454299927
Touchet_WA_824,2017-05-31,0.249,0.22747474908828735
Touchet_WA_824,2017-06-01,0.236,0.23905421793460846
Touchet_WA_824,2017-06-02,0.237,0.24151240289211273
Touchet_WA_824,2017-06-03,0.221,0.23746347427368164
Touchet_WA_824,2017-06-04,0.206,0.23885753750801086
Touchet_WA_824,2017-06-05,0.277,0.2407865971326828
Touchet_WA_824,2017-06-06,0.225,0.23526263236999512
Touchet_WA_824,2017-06-07,0.208,0.2380036562681198
Touchet_WA_824,2017-06-08,0.197,0.23441040515899658
Touchet_WA_824,2017-06-09,0.276,0.24110426008701324
Touchet_WA_824,2017-06-10,0.264,0.24351580440998077
Touchet_WA_824,2017-06-11,0.241,0.2394881695508957
Touchet_WA_824,2017-06-12,0.22,0.21922613680362701
Touchet_WA_824,2017-06-13,0.213,0.20963680744171143
Touchet_WA_824,2017-06-14,0.202,0.1936713010072708
Touchet_WA_824,2017-06-15,0.192,0.19662611186504364
Touchet_WA_824,2017-06-16,0.209,0.21471069753170013
Touchet_WA_824,2017-06-17,0.332,0.21870064735412598
Touchet_WA_824,2017-06-18,0.26,0.21340665221214294
Touchet_WA_824,2017-06-19,0.235,0.1993267834186554
Touchet_WA_824,2017-06-20,0.212,0.194930762052536
Touchet_WA_824,2017-06-21,0.198,0.1905468851327896
Touchet_WA_824,2017-06-22,0.186,0.18015974760055542
Touchet_WA_824,2017-06-23,0.177,0.16374471783638
Touchet_WA_824,2017-06-24,0.171,0.14297260344028473
Touchet_WA_824,2017-06-25,0.164,0.12047670036554337
Touchet_WA_824,2017-06-26,0.155,0.14912612736225128
Touchet_WA_824,2017-06-27,0.144,0.1646375209093094
Touchet_WA_824,2017-06-28,0.154,0.1564403623342514
Touchet_WA_824,2017-06-29,0.139,0.14787137508392334
Touchet_WA_824,2017-06-30,0.132,0.12800103425979614
Touchet_WA_824,2017-07-01,0.128,0.1301385909318924
Touchet_WA_824,2017-07-02,0.119,0.12063062936067581
Touchet_WA_824,2017-07-03,0.118,0.11625733971595764
Touchet_WA_824,2017-07-04,0.108,0.09709791839122772
Touchet_WA_824,2017-07-05,0.102,0.08589517325162888
Touchet_WA_824,2017-07-06,0.091,0.08413585275411606
Touchet_WA_824,2017-07-07,0.082,0.07889424264431
Touchet_WA_824,2017-07-08,0.073,0.07394225150346756
Touchet_WA_824,2017-07-09,0.06,0.06683723628520966
Touchet_WA_824,2017-07-10,0.046,0.03132656216621399
Touchet_WA_824,2017-07-11,0.039,0.029921796172857285
Touchet_WA_824,2017-07-12,0.033,0.03029431216418743
Touchet_WA_824,2017-07-13,0.029,0.029245665296912193
Touchet_WA_824,2017-07-14,0.022,0.018753213807940483
Touchet_WA_824,2017-07-15,0.02,0.019534671679139137
Touchet_WA_824,2017-07-16,0.016,0.011033616028726101
Touchet_WA_824,2017-07-17,0.009,0.008604341186583042
Touchet_WA_824,2017-07-18,0.009,0.0033269294071942568
Touchet_WA_824,2017-07-19,0.011,-0.0013798689469695091
Touchet_WA_824,2017-07-20,0.005,-0.001319805858656764
Touchet_WA_824,2017-07-21,0.0,-0.001380691071972251
Touchet_WA_824,2017-07-22,0.0,-0.0014744405634701252
Touchet_WA_824,2017-07-23,0.0,-0.0007185703725554049
Touchet_WA_824,2017-07-24,0.0,-0.0014681408647447824
Touchet_WA_824,2017-07-25,0.0,-0.002414335496723652
Touchet_WA_824,2017-07-26,0.0,-0.0023997435346245766
Touchet_WA_824,2017-07-27,0.0,-0.0019161130767315626
Touchet_WA_824,2017-07-28,0.0,-0.0004755435511469841
Touchet_WA_824,2017-07-29,0.0,-0.002050419570878148
Touchet_WA_824,2017-07-30,0.0,-0.0006075052660889924
Touchet_WA_824,2017-07-31,0.0,-0.0012544780038297176
Touchet_WA_824,2017-08-01,0.0,-0.0014196382835507393
Touchet_WA_824,2017-08-02,0.0,-0.00247623841278255
Touchet_WA_824,2017-08-03,0.0,-0.0032344586215913296
Touchet_WA_824,2017-08-04,0.0,-0.003748303046450019
Touchet_WA_824,2017-08-05,0.0,-0.0028304781299084425
Touchet_WA_824,2017-08-06,0.0,-0.0029222292359918356
Touchet_WA_824,2017-08-07,0.0,-0.0026390200946480036
Touchet_WA_824,2017-08-08,0.0,-0.0027038143016397953
Touchet_WA_824,2017-08-09,0.0,-0.003445098642259836
Touchet_WA_824,2017-08-10,0.0,-0.0034647230058908463
Touchet_WA_824,2017-08-11,0.0,-0.003221848513931036
Touchet_WA_824,2017-08-12,0.0,0.005839328747242689
Touchet_WA_824,2017-08-13,0.0,0.014186205342411995
Touchet_WA_824,2017-08-14,0.0,0.014494047500193119
Touchet_WA_824,2017-08-15,0.0,0.014718310907483101
Touchet_WA_824,2017-08-16,0.0,0.015056497417390347
Touchet_WA_824,2017-08-17,0.0,0.013139862567186356
Touchet_WA_824,2017-08-18,0.0,0.004571500234305859
Touchet_WA_824,2017-08-19,0.0,0.006162578705698252
Touchet_WA_824,2017-08-20,0.0,0.0021437513642013073
Touchet_WA_824,2017-08-21,0.0,0.0017488437006250024
Touchet_WA_824,2017-08-22,0.0,0.0015995827270671725
Touchet_WA_824,2017-08-23,0.0,-0.0003602239885367453
Touchet_WA_824,2017-08-24,0.0,0.0002577972481958568
Touchet_WA_824,2017-08-25,0.0,-0.000620017119217664
Touchet_WA_824,2017-08-26,0.0,-0.0008291288977488875
Touchet_WA_824,2017-08-27,0.0,-0.000902850937563926
Touchet_WA_824,2017-08-28,0.0,-0.0026765468064695597
Touchet_WA_824,2017-08-29,0.0,-0.0030832223128527403
Touchet_WA_824,2017-08-30,0.0,-0.0021757399663329124
Touchet_WA_824,2017-08-31,0.0,-0.003266793442890048
Touchet_WA_824,2017-09-01,0.0,-0.003898878814652562
Touchet_WA_824,2017-09-02,0.0,-0.004414294846355915
Touchet_WA_824,2017-09-03,0.0,-0.004733298905193806
Touchet_WA_824,2017-09-04,0.0,-0.0031177359633147717
Touchet_WA_824,2017-09-05,0.0,-0.003001726232469082
Touchet_WA_824,2017-09-06,0.0,-0.004505660384893417
Touchet_WA_824,2017-09-07,0.0,-0.0042943586595356464
Touchet_WA_824,2017-09-08,0.0,-0.004271481651812792
Touchet_WA_824,2017-09-09,0.0,-0.004340062849223614
Touchet_WA_824,2017-09-10,0.0,-0.00418735621497035
Touchet_WA_824,2017-09-11,0.0,-0.0021735236514359713
Touchet_WA_824,2017-09-12,0.0,-0.002708019921556115
Touchet_WA_824,2017-09-13,0.0,-0.0017471815226599574
Touchet_WA_824,2017-09-14,0.0,-0.0011054715141654015
Touchet_WA_824,2017-09-15,0.0,0.0018477122066542506
Touchet_WA_824,2017-09-16,0.0,0.009053617715835571
Touchet_WA_824,2017-09-17,0.0,0.012209596112370491
Touchet_WA_824,2017-09-18,0.0,0.04363924264907837
Touchet_WA_824,2017-09-19,0.088,0.08933888375759125
Touchet_WA_824,2017-09-20,0.1,0.12407651543617249
Touchet_WA_824,2017-09-21,0.126,0.13816885650157928
Touchet_WA_824,2017-09-22,0.143,0.1396285444498062
Touchet_WA_824,2017-09-23,0.17,0.1387990266084671
Touchet_WA_824,2017-09-24,0.189,0.15012821555137634
Touchet_WA_824,2017-09-25,0.222,0.16428403556346893
Touchet_WA_824,2017-09-26,0.208,0.154020294547081
Touchet_WA_824,2017-09-27,0.165,0.13747484982013702
Touchet_WA_824,2017-09-28,0.144,0.13056263327598572
Touchet_WA_824,2017-09-29,0.133,0.12324423342943192
Touchet_WA_824,2017-09-30,0.122,0.11918932944536209
Touchet_WA_824,2017-10-01,0.114,0.12668371200561523
Touchet_WA_824,2017-10-02,0.144,0.16821737587451935
Touchet_WA_824,2017-10-03,0.157,0.159151092171669
Touchet_WA_824,2017-10-04,0.146,0.15466362237930298
Touchet_WA_824,2017-10-05,0.137,0.14745941758155823
Touchet_WA_824,2017-10-06,0.131,0.13688690960407257
Touchet_WA_824,2017-10-07,0.126,0.15470917522907257
Touchet_WA_824,2017-10-08,0.116,0.16653130948543549
Touchet_WA_824,2017-10-09,0.153,0.14096859097480774
Touchet_WA_824,2017-10-10,0.144,0.13646914064884186
Touchet_WA_824,2017-10-11,0.14,0.14025965332984924
Touchet_WA_824,2017-10-12,0.137,0.15975011885166168
Touchet_WA_824,2017-10-13,0.13,0.16645202040672302
Touchet_WA_824,2017-10-14,0.131,0.17026737332344055
Touchet_WA_824,2017-10-15,0.132,0.16344402730464935
Touchet_WA_824,2017-10-16,0.129,0.19792118668556213
Touchet_WA_824,2017-10-17,0.139,0.2093803435564041
Touchet_WA_824,2017-10-18,0.194,0.2169206291437149
Touchet_WA_824,2017-10-19,0.276,0.2213762402534485
Touchet_WA_824,2017-10-20,0.282,0.22139251232147217
Touchet_WA_824,2017-10-21,0.239,0.22047671675682068
Touchet_WA_824,2017-10-22,0.209,0.21396702527999878
Touchet_WA_824,2017-10-23,0.284,0.2381681501865387
Touchet_WA_824,2017-10-24,0.248,0.232362762093544
Touchet_WA_824,2017-10-25,0.226,0.232526496052742
Touchet_WA_824,2017-10-26,0.211,0.22235609591007233
Touchet_WA_824,2017-10-27,0.204,0.2208017110824585
Touchet_WA_824,2017-10-28,0.198,0.21264566481113434
Touchet_WA_824,2017-10-29,0.192,0.21058253943920135
Touchet_WA_824,2017-10-30,0.189,0.19033068418502808
Touchet_WA_824,2017-10-31,0.185,0.1883419156074524
Touchet_WA_824,2017-11-01,0.171,0.19475235044956207
Touchet_WA_824,2017-11-02,0.175,0.19681498408317566
Touchet_WA_824,2017-11-03,0.183,0.2072577178478241
Touchet_WA_824,2017-11-04,0.177,0.2067016065120697
Touchet_WA_824,2017-11-05,0.174,0.22152398526668549
Touchet_WA_824,2017-11-06,0.174,0.19817161560058594
Touchet_WA_824,2017-11-07,0.175,0.19713282585144043
Touchet_WA_824,2017-11-08,0.173,0.1977006494998932
Touchet_WA_824,2017-11-09,0.173,0.19282235205173492
Touchet_WA_824,2017-11-10,0.177,0.1949329674243927
Touchet_WA_824,2017-11-11,0.179,0.1936444193124771
Touchet_WA_824,2017-11-12,0.179,0.17882101237773895
Touchet_WA_824,2017-11-13,0.179,0.18265563249588013
Touchet_WA_824,2017-11-14,0.179,0.1790885031223297
Touchet_WA_824,2017-11-15,0.179,0.18109452724456787
Touchet_WA_824,2017-11-16,0.179,0.18965566158294678
Touchet_WA_824,2017-11-17,0.18,0.18481656908988953
Touchet_WA_824,2017-11-18,0.178,0.18624360859394073
Touchet_WA_824,2017-11-19,0.176,0.17358924448490143
Touchet_WA_824,2017-11-20,0.177,0.18954718112945557
Touchet_WA_824,2017-11-21,0.196,0.20121550559997559
Touchet_WA_824,2017-11-22,0.252,0.2246469259262085
Touchet_WA_824,2017-11-23,0.291,0.23379352688789368
Touchet_WA_824,2017-11-24,0.311,0.22199076414108276
Touchet_WA_824,2017-11-25,0.251,0.22363139688968658
Touchet_WA_824,2017-11-26,0.224,0.22313649952411652
Touchet_WA_824,2017-11-27,0.272,0.21359698474407196
Touchet_WA_824,2017-11-28,0.244,0.2133217304944992
Touchet_WA_824,2017-11-29,0.225,0.20751814544200897
Touchet_WA_824,2017-11-30,0.217,0.20136480033397675
Touchet_WA_824,2017-12-01,0.21,0.1987273246049881
Touchet_WA_824,2017-12-02,0.206,0.19764718413352966
Touchet_WA_824,2017-12-03,0.204,0.20080478489398956
Touchet_WA_824,2017-12-04,0.202,0.20151641964912415
Touchet_WA_824,2017-12-05,0.201,0.19724330306053162
Touchet_WA_824,2017-12-06,0.197,0.1950819045305252
Touchet_WA_824,2017-12-07,0.195,0.19209006428718567
Touchet_WA_824,2017-12-08,0.193,0.19073542952537537
Touchet_WA_824,2017-12-09,0.19,0.1894933134317398
Touchet_WA_824,2017-12-10,0.189,0.1883702129125595
Touchet_WA_824,2017-12-11,0.187,0.18552686274051666
Touchet_WA_824,2017-12-12,0.186,0.18340255320072174
Touchet_WA_824,2017-12-13,0.185,0.18605373799800873
Touchet_WA_824,2017-12-14,0.186,0.18013647198677063
Touchet_WA_824,2017-12-15,0.184,0.19176408648490906
Touchet_WA_824,2017-12-16,0.184,0.19559521973133087
Touchet_WA_824,2017-12-17,0.184,0.19483497738838196
Touchet_WA_824,2017-12-18,0.184,0.20067104697227478
Touchet_WA_824,2017-12-19,0.184,0.20662203431129456
Touchet_WA_824,2017-12-20,0.186,0.2080255001783371
Touchet_WA_824,2017-12-21,0.188,0.20992368459701538
Touchet_WA_824,2017-12-22,0.188,0.2051873654127121
Touchet_WA_824,2017-12-23,0.188,0.19868768751621246
Touchet_WA_824,2017-12-24,0.189,0.196371391415596
Touchet_WA_824,2017-12-25,0.19,0.2020592987537384
Touchet_WA_824,2017-12-26,0.188,0.18836459517478943
Touchet_WA_824,2017-12-27,0.188,0.19411414861679077
Touchet_WA_824,2017-12-28,0.189,0.19626304507255554
Touchet_WA_824,2017-12-29,0.187,0.20139674842357635
Touchet_WA_824,2017-12-30,0.188,0.202016681432724
Touchet_WA_824,2017-12-31,0.191,0.20338088274002075
Touchet_WA_824,2018-01-01,0.193,0.19189311563968658
Touchet_WA_824,2018-01-02,0.192,0.19119995832443237
Touchet_WA_824,2018-01-03,0.192,0.19015365839004517
Touchet_WA_824,2018-01-04,0.191,0.1897459626197815
Touchet_WA_824,2018-01-05,0.19,0.1897979974746704
Touchet_WA_824,2018-01-06,0.19,0.16435909271240234
Touchet_WA_824,2018-01-07,0.191,0.16406568884849548
Touchet_WA_824,2018-01-08,0.191,0.16941063106060028
Touchet_WA_824,2018-01-09,0.191,0.16942588984966278
Touchet_WA_824,2018-01-10,0.194,0.16833804547786713
Touchet_WA_824,2018-01-11,0.196,0.20416873693466187
Touchet_WA_824,2018-01-12,0.196,0.20439305901527405
Touchet_WA_824,2018-01-13,0.196,0.2029249221086502
Touchet_WA_824,2018-01-14,0.196,0.2019830197095871
Touchet_WA_824,2018-01-15,0.196,0.19753411412239075
Touchet_WA_824,2018-01-16,0.197,0.19917210936546326
Touchet_WA_824,2018-01-17,0.197,0.1971903294324875
Touchet_WA_824,2018-01-18,0.196,0.20493072271347046
Touchet_WA_824,2018-01-19,0.197,0.20337998867034912
Touchet_WA_824,2018-01-20,0.197,0.20139829814434052
Touchet_WA_824,2018-01-21,0.198,0.20117981731891632
Touchet_WA_824,2018-01-22,0.198,0.19885189831256866
Touchet_WA_824,2018-01-23,0.198,0.20210802555084229
Touchet_WA_824,2018-01-24,0.198,0.20227600634098053
Touchet_WA_824,2018-01-25,0.197,0.20354048907756805
Touchet_WA_824,2018-01-26,0.197,0.2009543478488922
Touchet_WA_824,2018-01-27,0.198,0.20125682651996613
Touchet_WA_824,2018-01-28,0.198,0.19556297361850739
Touchet_WA_824,2018-01-29,0.197,0.19310109317302704
Touchet_WA_824,2018-01-30,0.196,0.1964733898639679
Touchet_WA_824,2018-01-31,0.198,0.19172708690166473
Touchet_WA_824,2018-02-01,0.198,0.190253347158432
Touchet_WA_824,2018-02-02,0.198,0.1990472972393036
Touchet_WA_824,2018-02-03,0.197,0.19665341079235077
Touchet_WA_824,2018-02-04,0.199,0.1957731544971466
Touchet_WA_824,2018-02-05,0.2,0.1965949982404709
Touchet_WA_824,2018-02-06,0.202,0.19423508644104004
Touchet_WA_824,2018-02-07,0.202,0.19369302690029144
Touchet_WA_824,2018-02-08,0.201,0.18382573127746582
Touchet_WA_824,2018-02-09,0.201,0.18262411653995514
Touchet_WA_824,2018-02-10,0.2,0.19176822900772095
Touchet_WA_824,2018-02-11,0.201,0.19044524431228638
Touchet_WA_824,2018-02-12,0.201,0.20081377029418945
Touchet_WA_824,2018-02-13,0.2,0.19663646817207336
Touchet_WA_824,2018-02-14,0.199,0.1974218636751175
Touchet_WA_824,2018-02-15,0.201,0.19769395887851715
Touchet_WA_824,2018-02-16,0.198,0.19654452800750732
Touchet_WA_824,2018-02-17,0.199,0.205874502658844
Touchet_WA_824,2018-02-18,0.198,0.20431017875671387
Touchet_WA_824,2018-02-19,0.197,0.19685181975364685
Touchet_WA_824,2018-02-20,0.195,0.19072040915489197
Touchet_WA_824,2018-02-21,0.196,0.19065400958061218
Touchet_WA_824,2018-02-22,0.194,0.19371256232261658
Touchet_WA_824,2018-02-23,0.195,0.19271385669708252
Touchet_WA_824,2018-02-24,0.195,0.19277510046958923
Touchet_WA_824,2018-02-25,0.195,0.195379838347435
Touchet_WA_824,2018-02-26,0.194,0.19322215020656586
Touchet_WA_824,2018-02-27,0.193,0.19267165660858154
Touchet_WA_824,2018-02-28,0.193,0.1956809163093567
Touchet_WA_824,2018-03-01,0.193,0.19225400686264038
Touchet_WA_824,2018-03-02,0.193,0.1919684261083603
Touchet_WA_824,2018-03-03,0.192,0.19239641726016998
Touchet_WA_824,2018-03-04,0.191,0.189529150724411
Touchet_WA_824,2018-03-05,0.191,0.18007078766822815
Touchet_WA_824,2018-03-06,0.192,0.18079091608524323
Touchet_WA_824,2018-03-07,0.192,0.182899609208107
Touchet_WA_824,2018-03-08,0.191,0.17872533202171326
Touchet_WA_824,2018-03-09,0.192,0.18082468211650848
Touchet_WA_824,2018-03-10,0.191,0.18019714951515198
Touchet_WA_824,2018-03-11,0.191,0.17978063225746155
Touchet_WA_824,2018-03-12,0.189,0.17669054865837097
Touchet_WA_824,2018-03-13,0.19,0.1813577115535736
Touchet_WA_824,2018-03-14,0.192,0.18097037076950073
Touchet_WA_824,2018-03-15,0.19,0.18095088005065918
Touchet_WA_824,2018-03-16,0.191,0.1803041398525238
Touchet_WA_824,2018-03-17,0.191,0.17869721353054047
Touchet_WA_824,2018-03-18,0.191,0.18045203387737274
Touchet_WA_824,2018-03-19,0.192,0.18134987354278564
Touchet_WA_824,2018-03-20,0.191,0.18136507272720337
Touchet_WA_824,2018-03-21,0.192,0.18131288886070251
Touchet_WA_824,2018-03-22,0.193,0.18116141855716705
Touchet_WA_824,2018-03-23,0.192,0.18003715574741364
Touchet_WA_824,2018-03-24,0.193,0.17847655713558197
Touchet_WA_824,2018-03-25,0.193,0.19558322429656982
Touchet_WA_824,2018-03-26,0.192,0.19835403561592102
Touchet_WA_824,2018-03-27,0.193,0.18879485130310059
Touchet_WA_824,2018-03-28,0.194,0.18821828067302704
Touchet_WA_824,2018-03-29,0.193,0.1887330263853073
Touchet_WA_824,2018-03-30,0.194,0.18889768421649933
Touchet_WA_824,2018-03-31,0.194,0.18857505917549133
Touchet_WA_824,2018-04-01,0.194,0.19058623909950256
Touchet_WA_824,2018-04-02,0.194,0.18937648832798004
Touchet_WA_824,2018-04-03,0.195,0.1990923136472702
Touchet_WA_824,2018-04-04,0.194,0.19694200158119202
Touchet_WA_824,2018-04-05,0.195,0.1989886462688446
Touchet_WA_824,2018-04-06,0.194,0.19903819262981415
Touchet_WA_824,2018-04-07,0.199,0.20215806365013123
Touchet_WA_824,2018-04-08,0.208,0.20439445972442627
Touchet_WA_824,2018-04-09,0.209,0.1973312646150589
Touchet_WA_824,2018-04-10,0.206,0.1974593997001648
Touchet_WA_824,2018-04-11,0.204,0.19893480837345123
Touchet_WA_824,2018-04-12,0.21,0.20176111161708832
Touchet_WA_824,2018-04-13,0.213,0.20083636045455933
Touchet_WA_824,2018-04-14,0.209,0.20045137405395508
Touchet_WA_824,2018-04-15,0.207,0.2044321745634079
Touchet_WA_824,2018-04-16,0.21,0.2100922167301178
Touchet_WA_824,2018-04-17,0.225,0.21072548627853394
Touchet_WA_824,2018-04-18,0.221,0.21002408862113953
Touchet_WA_824,2018-04-19,0.216,0.21257907152175903
Touchet_WA_824,2018-04-20,0.213,0.21078269183635712
Touchet_WA_824,2018-04-21,0.22,0.19729451835155487
Touchet_WA_824,2018-04-22,0.235,0.2062726467847824
Touchet_WA_824,2018-04-23,0.238,0.23179608583450317
Touchet_WA_824,2018-04-24,0.238,0.2370106279850006
Touchet_WA_824,2018-04-25,0.244,0.23419387638568878
Touchet_WA_824,2018-04-26,0.259,0.23337960243225098
Touchet_WA_824,2018-04-27,0.266,0.23418252170085907
Touchet_WA_824,2018-04-28,0.273,0.24032625555992126
Touchet_WA_824,2018-04-29,0.279,0.2422063797712326
Touchet_WA_824,2018-04-30,0.261,0.2500390112400055
Touchet_WA_824,2018-05-01,0.274,0.2525140047073364
Touchet_WA_824,2018-05-02,0.275,0.2612721025943756
Touchet_WA_824,2018-05-03,0.283,0.26187485456466675
Touchet_WA_824,2018-05-04,0.289,0.26260051131248474
Touchet_WA_824,2018-05-05,0.296,0.2659135162830353
Touchet_WA_824,2018-05-06,0.295,0.2648422122001648
Touchet_WA_824,2018-05-07,0.298,0.282710462808609
Touchet_WA_824,2018-05-08,0.298,0.28007277846336365
Touchet_WA_824,2018-05-09,0.3,0.2756378650665283
Touchet_WA_824,2018-05-10,0.296,0.2750387489795685
Touchet_WA_824,2018-05-11,0.289,0.2823644280433655
Touchet_WA_824,2018-05-12,0.294,0.2710934281349182
Touchet_WA_824,2018-05-13,0.332,0.27443331480026245
Touchet_WA_824,2018-05-14,0.277,0.25917282700538635
Touchet_WA_824,2018-05-15,0.247,0.24478945136070251
Touchet_WA_824,2018-05-16,0.231,0.24755597114562988
Touchet_WA_824,2018-05-17,0.253,0.24678677320480347
Touchet_WA_824,2018-05-18,0.237,0.24636627733707428
Touchet_WA_824,2018-05-19,0.227,0.24657046794891357
Touchet_WA_824,2018-05-20,0.24,0.2500554621219635
Touchet_WA_824,2018-05-21,0.314,0.25015988945961
Touchet_WA_824,2018-05-22,0.251,0.24394823610782623
Touchet_WA_824,2018-05-23,0.226,0.23198600113391876
Touchet_WA_824,2018-05-24,0.214,0.2291671186685562
Touchet_WA_824,2018-05-25,0.201,0.22696708142757416
Touchet_WA_824,2018-05-26,0.192,0.2252233624458313
Touchet_WA_824,2018-05-27,0.198,0.21907833218574524
Touchet_WA_824,2018-05-28,0.181,0.21752889454364777
Touchet_WA_824,2018-05-29,0.169,0.19673484563827515
Touchet_WA_824,2018-05-30,0.159,0.18572822213172913
Touchet_WA_824,2018-05-31,0.152,0.18591944873332977
Touchet_WA_824,2018-06-01,0.161,0.18132640421390533
Touchet_WA_824,2018-06-02,0.16,0.17460784316062927
Touchet_WA_824,2018-06-03,0.148,0.17100554704666138
Touchet_WA_824,2018-06-04,0.143,0.15871810913085938
Touchet_WA_824,2018-06-05,0.153,0.16480998694896698
Touchet_WA_824,2018-06-06,0.162,0.1602495163679123
Touchet_WA_824,2018-06-07,0.152,0.15998069941997528
Touchet_WA_824,2018-06-08,0.146,0.1338815540075302
Touchet_WA_824,2018-06-09,0.137,0.17480862140655518
Touchet_WA_824,2018-06-10,0.258,0.19886231422424316
Touchet_WA_824,2018-06-11,0.242,0.19652213156223297
Touchet_WA_824,2018-06-12,0.227,0.19977569580078125
Touchet_WA_824,2018-06-13,0.197,0.1922069638967514
Touchet_WA_824,2018-06-14,0.18,0.17800217866897583
Touchet_WA_824,2018-06-15,0.171,0.16753095388412476
Touchet_WA_824,2018-06-16,0.162,0.171388179063797
Touchet_WA_824,2018-06-17,0.159,0.18938519060611725
Touchet_WA_824,2018-06-18,0.157,0.1877807229757309
Touchet_WA_824,2018-06-19,0.199,0.19891873002052307
Touchet_WA_824,2018-06-20,0.215,0.19175758957862854
Touchet_WA_824,2018-06-21,0.198,0.1954919546842575
Touchet_WA_824,2018-06-22,0.242,0.1913825273513794
Touchet_WA_824,2018-06-23,0.202,0.1856662780046463
Touchet_WA_824,2018-06-24,0.185,0.16145485639572144
Touchet_WA_824,2018-06-25,0.172,0.1463206261396408
Touchet_WA_824,2018-06-26,0.157,0.13490159809589386
Touchet_WA_824,2018-06-27,0.148,0.13132905960083008
Touchet_WA_824,2018-06-28,0.134,0.11417781561613083
Touchet_WA_824,2018-06-29,0.124,0.11361861228942871
Touchet_WA_824,2018-06-30,0.114,0.1046258956193924
Touchet_WA_824,2018-07-01,0.107,0.10423323512077332
Touchet_WA_824,2018-07-02,0.1,0.09402686357498169
Touchet_WA_824,2018-07-03,0.088,0.09335099905729294
Touchet_WA_824,2018-07-04,0.082,0.0943995863199234
Touchet_WA_824,2018-07-05,0.072,0.08442345261573792
Touchet_WA_824,2018-07-06,0.06,0.06660229712724686
Touchet_WA_824,2018-07-07,0.047,0.05480978637933731
Touchet_WA_824,2018-07-08,0.038,0.046484895050525665
Touchet_WA_824,2018-07-09,0.033,0.03246351331472397
Touchet_WA_824,2018-07-10,0.03,0.021664908155798912
Touchet_WA_824,2018-07-11,0.02,0.016774727031588554
Touchet_WA_824,2018-07-12,0.02,0.015912050381302834
Touchet_WA_824,2018-07-13,0.018,0.015000922605395317
Touchet_WA_824,2018-07-14,0.016,0.01377858780324459
Touchet_WA_824,2018-07-15,0.012,0.007960888557136059
Touchet_WA_824,2018-07-16,0.008,0.0041882977820932865
Touchet_WA_824,2018-07-17,0.005,0.006293629761785269
Touchet_WA_824,2018-07-18,0.007,0.0004626784357242286
Touchet_WA_824,2018-07-19,0.0,-0.00165447813924402
Touchet_WA_824,2018-07-20,0.0,-0.0024488717317581177
Touchet_WA_824,2018-07-21,0.0,-0.004148848820477724
Touchet_WA_824,2018-07-22,0.0,-0.0029598474502563477
Touchet_WA_824,2018-07-23,0.0,-0.001590623171068728
Touchet_WA_824,2018-07-24,0.0,-0.001972463447600603
Touchet_WA_824,2018-07-25,0.0,-0.0018910258077085018
Touchet_WA_824,2018-07-26,0.0,-0.0016363862669095397
Touchet_WA_824,2018-07-27,0.0,-0.0013727991608902812
Touchet_WA_824,2018-07-28,0.0,-0.0015477665001526475
Touchet_WA_824,2018-07-29,0.0,-0.0019374398980289698
Touchet_WA_824,2018-07-30,0.0,-0.002303899032995105
Touchet_WA_824,2018-07-31,0.0,-0.0023681207094341516
Touchet_WA_824,2018-08-01,0.0,-0.0017926591681316495
Touchet_WA_824,2018-08-02,0.0,-0.001741125830449164
Touchet_WA_824,2018-08-03,0.0,-0.0015042697777971625
Touchet_WA_824,2018-08-04,0.0,-0.0014662306057289243
Touchet_WA_824,2018-08-05,0.0,-0.001711031305603683
Touchet_WA_824,2018-08-06,0.0,-0.0010561116505414248
Touchet_WA_824,2018-08-07,0.0,-0.002392843598499894
Touchet_WA_824,2018-08-08,0.0,-0.0024874508380889893
Touchet_WA_824,2018-08-09,0.0,-0.0020189599599689245
Touchet_WA_824,2018-08-10,0.0,-0.002217726083472371
Touchet_WA_824,2018-08-11,0.0,-0.002605990506708622
Touchet_WA_824,2018-08-12,0.0,-0.002196128712967038
Touchet_WA_824,2018-08-13,0.0,-0.002162838587537408
Touchet_WA_824,2018-08-14,0.0,-0.0031356043182313442
Touchet_WA_824,2018-08-15,0.0,-0.0035950017627328634
Touchet_WA_824,2018-08-16,0.0,-0.003233175491914153
Touchet_WA_824,2018-08-17,0.0,-0.004454571288079023
Touchet_WA_824,2018-08-18,0.0,-0.0029520378448069096
Touchet_WA_824,2018-08-19,0.0,-0.003116203937679529
Touchet_WA_824,2018-08-20,0.0,0.0031183056998997927
Touchet_WA_824,2018-08-21,0.0,0.003589780768379569
Touchet_WA_824,2018-08-22,0.0,0.002641467610374093
Touchet_WA_824,2018-08-23,0.0,0.004108526278287172
Touchet_WA_824,2018-08-24,0.0,0.00798768550157547
Touchet_WA_824,2018-08-25,0.0,0.008186263963580132
Touchet_WA_824,2018-08-26,0.0,0.02089611627161503
Touchet_WA_824,2018-08-27,0.0,0.06540480256080627
Touchet_WA_824,2018-08-28,0.117,0.08927947282791138
Touchet_WA_824,2018-08-29,0.104,0.08789937198162079
Touchet_WA_824,2018-08-30,0.092,0.08026357740163803
Touchet_WA_824,2018-08-31,0.075,0.06485321372747421
Touchet_WA_824,2018-09-01,0.071,0.0640445277094841
Touchet_WA_824,2018-09-02,0.066,0.06461808830499649
Touchet_WA_824,2018-09-03,0.06,0.046184733510017395
Touchet_WA_824,2018-09-04,0.058,0.038145940750837326
Touchet_WA_824,2018-09-05,0.053,0.03823588415980339
Touchet_WA_824,2018-09-06,0.051,0.0356316938996315
Touchet_WA_824,2018-09-07,0.049,0.035785872489213943
Touchet_WA_824,2018-09-08,0.044,0.034885939210653305
Touchet_WA_824,2018-09-09,0.033,0.029926255345344543
Touchet_WA_824,2018-09-10,0.031,0.028679251670837402
Touchet_WA_824,2018-09-11,0.022,0.024191616103053093
Touchet_WA_824,2018-09-12,0.017,0.018824003636837006
Touchet_WA_824,2018-09-13,0.016,0.017678212374448776
Touchet_WA_824,2018-09-14,0.015,0.018919726833701134
Touchet_WA_824,2018-09-15,0.011,0.017364714294672012
Touchet_WA_824,2018-09-16,0.005,0.02716314047574997
Touchet_WA_824,2018-09-17,0.005,0.02592727728188038
Touchet_WA_824,2018-09-18,0.003,0.02025560475885868
Touchet_WA_824,2018-09-19,0.006,0.018109915778040886
Touchet_WA_824,2018-09-20,0.001,0.015271386131644249
Touchet_WA_824,2018-09-21,0.0,0.014172106049954891
Touchet_WA_824,2018-09-22,0.0,0.014017595909535885
Touchet_WA_824,2018-09-23,0.0,0.021842053160071373
Touchet_WA_824,2018-09-24,0.0,0.023532826453447342
Touchet_WA_824,2018-09-25,0.0,0.01855277642607689
Touchet_WA_824,2018-09-26,0.0,0.016356050968170166
Touchet_WA_824,2018-09-27,0.0,0.014268609695136547
Touchet_WA_824,2018-09-28,0.0,0.010094542987644672
Touchet_WA_824,2018-09-29,0.0,0.006866988725960255
Touchet_WA_824,2018-09-30,0.0,0.015353108756244183
Touchet_WA_824,2018-10-01,0.0,0.015650279819965363
Touchet_WA_824,2018-10-02,0.0,0.0211328137665987
Touchet_WA_824,2018-10-03,0.0,0.021285206079483032
Touchet_WA_824,2018-10-04,0.0,0.023044010624289513
Touchet_WA_824,2018-10-05,0.0,0.032221611589193344
Touchet_WA_824,2018-10-06,0.0,0.05919526144862175
Touchet_WA_824,2018-10-07,0.143,0.059775806963443756
Touchet_WA_824,2018-10-08,0.13,0.13130991160869598
Touchet_WA_824,2018-10-09,0.12,0.16837415099143982
Touchet_WA_824,2018-10-10,0.24,0.18854811787605286
Touchet_WA_824,2018-10-11,0.196,0.1820758581161499
Touchet_WA_824,2018-10-12,0.169,0.1824817806482315
Touchet_WA_824,2018-10-13,0.157,0.17347672581672668
Touchet_WA_824,2018-10-14,0.145,0.17017048597335815
Touchet_WA_824,2018-10-15,0.133,0.15198899805545807
Touchet_WA_824,2018-10-16,0.129,0.15105867385864258
Touchet_WA_824,2018-10-17,0.125,0.1445794552564621
Touchet_WA_824,2018-10-18,0.121,0.1391776204109192
Touchet_WA_824,2018-10-19,0.119,0.1346231997013092
Touchet_WA_824,2018-10-20,0.115,0.12950463593006134
Touchet_WA_824,2018-10-21,0.112,0.10963993519544601
Touchet_WA_824,2018-10-22,0.106,0.10605266690254211
Touchet_WA_824,2018-10-23,0.104,0.117580845952034
Touchet_WA_824,2018-10-24,0.098,0.10509254783391953
Touchet_WA_824,2018-10-25,0.097,0.10381729900836945
Touchet_WA_824,2018-10-26,0.095,0.14429038763046265
Touchet_WA_824,2018-10-27,0.145,0.1614050567150116
Touchet_WA_824,2018-10-28,0.231,0.16688019037246704
Touchet_WA_824,2018-10-29,0.296,0.19593197107315063
Touchet_WA_824,2018-10-30,0.234,0.1936292052268982
Touchet_WA_824,2018-10-31,0.218,0.21922113001346588
Touchet_WA_824,2018-11-01,0.297,0.22563211619853973
Touchet_WA_824,2018-11-02,0.283,0.23335739970207214
Touchet_WA_824,2018-11-03,0.286,0.2295481413602829
Touchet_WA_824,2018-11-04,0.259,0.22785353660583496
Touchet_WA_824,2018-11-05,0.279,0.21553665399551392
Touchet_WA_824,2018-11-06,0.253,0.21063931286334991
Touchet_WA_824,2018-11-07,0.23,0.20694616436958313
Touchet_WA_824,2018-11-08,0.211,0.1752726137638092
Touchet_WA_824,2018-11-09,0.201,0.17253375053405762
Touchet_WA_824,2018-11-10,0.177,0.16697518527507782
Touchet_WA_824,2018-11-11,0.171,0.15640901029109955
Touchet_WA_824,2018-11-12,0.154,0.14823129773139954
Touchet_WA_824,2018-11-13,0.134,0.14777493476867676
Touchet_WA_824,2018-11-14,0.131,0.13892143964767456
Touchet_WA_824,2018-11-15,0.131,0.14206132292747498
Touchet_WA_824,2018-11-16,0.182,0.14509831368923187
Touchet_WA_824,2018-11-17,0.231,0.1474873423576355
Touchet_WA_824,2018-11-18,0.173,0.14224769175052643
Touchet_WA_824,2018-11-19,0.04,0.11370769888162613
Touchet_WA_824,2018-11-20,0.029,0.10312837362289429
Touchet_WA_824,2018-11-21,0.024,0.07962609082460403
Touchet_WA_824,2018-11-22,0.025,0.10338176041841507
Touchet_WA_824,2018-11-23,0.028,0.10631147772073746
Touchet_WA_824,2018-11-24,0.041,0.1210557371377945
Touchet_WA_824,2018-11-25,0.044,0.10335320979356766
Touchet_WA_824,2018-11-26,0.046,0.09204225987195969
Touchet_WA_824,2018-11-27,0.043,0.09265416860580444
Touchet_WA_824,2018-11-28,0.048,0.0954807698726654
Touchet_WA_824,2018-11-29,0.058,0.09360168129205704
Touchet_WA_824,2018-11-30,0.066,0.09528513997793198
Touchet_WA_824,2018-12-01,0.077,0.106874480843544
Touchet_WA_824,2018-12-02,0.087,0.10774556547403336
Touchet_WA_824,2018-12-03,0.097,0.11995096504688263
Touchet_WA_824,2018-12-04,0.104,0.11721722781658173
Touchet_WA_824,2018-12-05,0.111,0.11520086973905563
Touchet_WA_824,2018-12-06,0.111,0.11318393051624298
Touchet_WA_824,2018-12-07,0.107,0.1132044866681099
Touchet_WA_824,2018-12-08,0.098,0.11160710453987122
Touchet_WA_824,2018-12-09,0.092,0.11317834258079529
Touchet_WA_824,2018-12-10,0.094,0.13691465556621552
Touchet_WA_824,2018-12-11,0.099,0.12345465272665024
Touchet_WA_824,2018-12-12,0.1,0.12445127218961716
Touchet_WA_824,2018-12-13,0.103,0.12619931995868683
Touchet_WA_824,2018-12-14,0.106,0.12812061607837677
Touchet_WA_824,2018-12-15,0.109,0.13342024385929108
Touchet_WA_824,2018-12-16,0.113,0.12763181328773499
Touchet_WA_824,2018-12-17,0.116,0.1275939643383026
Touchet_WA_824,2018-12-18,0.117,0.12817233800888062
Touchet_WA_824,2018-12-19,0.121,0.1283176988363266
Touchet_WA_824,2018-12-20,0.122,0.13095782697200775
Touchet_WA_824,2018-12-21,0.122,0.14151564240455627
Touchet_WA_824,2018-12-22,0.124,0.14114052057266235
Touchet_WA_824,2018-12-23,0.124,0.14423920214176178
Touchet_WA_824,2018-12-24,0.127,0.14000126719474792
Touchet_WA_824,2018-12-25,0.127,0.13765524327754974
Touchet_WA_824,2018-12-26,0.128,0.13640998303890228
Touchet_WA_824,2018-12-27,0.128,0.13837361335754395
Touchet_WA_824,2018-12-28,0.129,0.14727626740932465
Touchet_WA_824,2018-12-29,0.129,0.13779506087303162
Touchet_WA_824,2018-12-30,0.128,0.14133083820343018
Touchet_WA_824,2018-12-31,0.129,0.12210188060998917
Touchet_WA_824,2019-01-01,0.128,0.140713170170784
Touchet_WA_824,2019-01-02,0.129,0.14260490238666534
Touchet_WA_824,2019-01-03,0.128,0.1420518308877945
Touchet_WA_824,2019-01-04,0.129,0.1437372863292694
Touchet_WA_824,2019-01-05,0.128,0.14297111332416534
Touchet_WA_824,2019-01-06,0.128,0.1389617919921875
Touchet_WA_824,2019-01-07,0.128,0.14937949180603027
Touchet_WA_824,2019-01-08,0.129,0.15236583352088928
Touchet_WA_824,2019-01-09,0.127,0.15066850185394287
Touchet_WA_824,2019-01-10,0.127,0.14499695599079132
Touchet_WA_824,2019-01-11,0.128,0.1435529887676239
Touchet_WA_824,2019-01-12,0.129,0.14325368404388428
Touchet_WA_824,2019-01-13,0.126,0.14043232798576355
Touchet_WA_824,2019-01-14,0.128,0.13818208873271942
Touchet_WA_824,2019-01-15,0.127,0.14030760526657104
Touchet_WA_824,2019-01-16,0.129,0.13576824963092804
Touchet_WA_824,2019-01-17,0.129,0.1370447725057602
Touchet_WA_824,2019-01-18,0.13,0.1420665830373764
Touchet_WA_824,2019-01-19,0.126,0.14393927156925201
Touchet_WA_824,2019-01-20,0.128,0.1392638385295868
Touchet_WA_824,2019-01-21,0.127,0.14222708344459534
Touchet_WA_824,2019-01-22,0.126,0.14835689961910248
Touchet_WA_824,2019-01-23,0.129,0.14342434704303741
Touchet_WA_824,2019-01-24,0.13,0.1434004306793213
Touchet_WA_824,2019-01-25,0.13,0.1405332088470459
Touchet_WA_824,2019-01-26,0.128,0.13836660981178284
Touchet_WA_824,2019-01-27,0.13,0.13753658533096313
Touchet_WA_824,2019-01-28,0.13,0.1369170844554901
Touchet_WA_824,2019-01-29,0.13,0.14014208316802979
Touchet_WA_824,2019-01-30,0.133,0.14649783074855804
Touchet_WA_824,2019-01-31,0.133,0.1386808454990387
Touchet_WA_824,2019-02-01,0.131,0.14395779371261597
Touchet_WA_824,2019-02-02,0.132,0.13543371856212616
Touchet_WA_824,2019-02-03,0.133,0.12927623093128204
Touchet_WA_824,2019-02-04,0.133,0.12180866301059723
Touchet_WA_824,2019-02-05,0.132,0.13605964183807373
Touchet_WA_824,2019-02-06,0.132,0.13491393625736237
Touchet_WA_824,2019-02-07,0.131,0.1368228793144226
Touchet_WA_824,2019-02-08,0.132,0.13626570999622345
Touchet_WA_824,2019-02-09,0.133,0.1377202272415161
Touchet_WA_824,2019-02-10,0.134,0.13012351095676422
Touchet_WA_824,2019-02-11,0.133,0.12230236828327179
Touchet_WA_824,2019-02-12,0.135,0.12500131130218506
Touchet_WA_824,2019-02-13,0.136,0.1465616524219513
Touchet_WA_824,2019-02-14,0.136,0.1427205353975296
Touchet_WA_824,2019-02-15,0.136,0.15129454433918
Touchet_WA_824,2019-02-16,0.137,0.1513788104057312
Touchet_WA_824,2019-02-17,0.137,0.15048128366470337
Touchet_WA_824,2019-02-18,0.137,0.14545875787734985
Touchet_WA_824,2019-02-19,0.137,0.14664851129055023
Touchet_WA_824,2019-02-20,0.138,0.14769688248634338
Touchet_WA_824,2019-02-21,0.138,0.14216084778308868
Touchet_WA_824,2019-02-22,0.139,0.14658105373382568
Touchet_WA_824,2019-02-23,0.138,0.1449931114912033
Touchet_WA_824,2019-02-24,0.137,0.14544185996055603
Touchet_WA_824,2019-02-25,0.139,0.15232038497924805
Touchet_WA_824,2019-02-26,0.139,0.15119017660617828
Touchet_WA_824,2019-02-27,0.14,0.15001656115055084
Touchet_WA_824,2019-02-28,0.139,0.15099287033081055
Touchet_WA_824,2019-03-01,0.138,0.1487973928451538
Touchet_WA_824,2019-03-02,0.14,0.14705871045589447
Touchet_WA_824,2019-03-03,0.14,0.14833836257457733
Touchet_WA_824,2019-03-04,0.14,0.14614784717559814
Touchet_WA_824,2019-03-05,0.14,0.14603488147258759
Touchet_WA_824,2019-03-06,0.14,0.1489260196685791
Touchet_WA_824,2019-03-07,0.14,0.14673227071762085
Touchet_WA_824,2019-03-08,0.141,0.14902500808238983
Touchet_WA_824,2019-03-09,0.14,0.13799425959587097
Touchet_WA_824,2019-03-10,0.14,0.14466635882854462
Touchet_WA_824,2019-03-11,0.141,0.1426495760679245
Touchet_WA_824,2019-03-12,0.141,0.14159393310546875
Touchet_WA_824,2019-03-13,0.141,0.14331427216529846
Touchet_WA_824,2019-03-14,0.141,0.14356550574302673
Touchet_WA_824,2019-03-15,0.142,0.14454080164432526
Touchet_WA_824,2019-03-16,0.141,0.1446002721786499
Touchet_WA_824,2019-03-17,0.141,0.14561906456947327
Touchet_WA_824,2019-03-18,0.142,0.142922505736351
Touchet_WA_824,2019-03-19,0.141,0.15754537284374237
Touchet_WA_824,2019-03-20,0.142,0.15108005702495575
Touchet_WA_824,2019-03-21,0.143,0.150713250041008
Touchet_WA_824,2019-03-22,0.141,0.15271320939064026
Touchet_WA_824,2019-03-23,0.143,0.15780310332775116
Touchet_WA_824,2019-03-24,0.142,0.1668487936258316
Touchet_WA_824,2019-03-25,0.143,0.161333367228508
Touchet_WA_824,2019-03-26,0.144,0.16100946068763733
Touchet_WA_824,2019-03-27,0.145,0.16168618202209473
Touchet_WA_824,2019-03-28,0.146,0.16529636085033417
Touchet_WA_824,2019-03-29,0.146,0.1620919108390808
Touchet_WA_824,2019-03-30,0.148,0.16181710362434387
Touchet_WA_824,2019-03-31,0.149,0.1603894680738449
Touchet_WA_824,2019-04-01,0.151,0.16474153101444244
Touchet_WA_824,2019-04-02,0.152,0.1731443554162979
Touchet_WA_824,2019-04-03,0.153,0.17361094057559967
Touchet_WA_824,2019-04-04,0.153,0.17048177123069763
Touchet_WA_824,2019-04-05,0.153,0.16603156924247742
Touchet_WA_824,2019-04-06,0.155,0.16821564733982086
Touchet_WA_824,2019-04-07,0.156,0.16403229534626007
Touchet_WA_824,2019-04-08,0.157,0.17456310987472534
Touchet_WA_824,2019-04-09,0.158,0.18102237582206726
Touchet_WA_824,2019-04-10,0.159,0.17970781028270721
Touchet_WA_824,2019-04-11,0.161,0.18095168471336365
Touchet_WA_824,2019-04-12,0.161,0.1783784031867981
Touchet_WA_824,2019-04-13,0.161,0.17710663378238678
Touchet_WA_824,2019-04-14,0.163,0.17825143039226532
Touchet_WA_824,2019-04-15,0.164,0.178293377161026
Touchet_WA_824,2019-04-16,0.165,0.17975527048110962
Touchet_WA_824,2019-04-17,0.166,0.17666588723659515
Touchet_WA_824,2019-04-18,0.167,0.1750325709581375
Touchet_WA_824,2019-04-19,0.165,0.17905250191688538
Touchet_WA_824,2019-04-20,0.169,0.18072985112667084
Touchet_WA_824,2019-04-21,0.169,0.17745813727378845
Touchet_WA_824,2019-04-22,0.17,0.18764454126358032
Touchet_WA_824,2019-04-23,0.171,0.18669068813323975
Touchet_WA_824,2019-04-24,0.171,0.18480916321277618
Touchet_WA_824,2019-04-25,0.171,0.18611963093280792
Touchet_WA_824,2019-04-26,0.172,0.1832919418811798
Touchet_WA_824,2019-04-27,0.173,0.1824130117893219
Touchet_WA_824,2019-04-28,0.175,0.18376252055168152
Touchet_WA_824,2019-04-29,0.175,0.1885412484407425
Touchet_WA_824,2019-04-30,0.176,0.18568193912506104
Touchet_WA_824,2019-05-01,0.177,0.1819051057100296
Touchet_WA_824,2019-05-02,0.177,0.20432710647583008
Touchet_WA_824,2019-05-03,0.179,0.20453967154026031
Touchet_WA_824,2019-05-04,0.179,0.20171116292476654
Touchet_WA_824,2019-05-05,0.179,0.1968763768672943
Touchet_WA_824,2019-05-06,0.181,0.19062457978725433
Touchet_WA_824,2019-05-07,0.182,0.20029649138450623
Touchet_WA_824,2019-05-08,0.185,0.20909281075000763
Touchet_WA_824,2019-05-09,0.188,0.2068699598312378
Touchet_WA_824,2019-05-10,0.192,0.20338842272758484
Touchet_WA_824,2019-05-11,0.198,0.19821897149085999
Touchet_WA_824,2019-05-12,0.203,0.23096884787082672
Touchet_WA_824,2019-05-13,0.283,0.28205785155296326
Touchet_WA_824,2019-05-14,0.34,0.30230844020843506
Touchet_WA_824,2019-05-15,0.343,0.3087783753871918
Touchet_WA_824,2019-05-16,0.344,0.3133421838283539
Touchet_WA_824,2019-05-17,0.342,0.31462594866752625
Touchet_WA_824,2019-05-18,0.345,0.31352195143699646
Touchet_WA_824,2019-05-19,0.345,0.3162151277065277
Touchet_WA_824,2019-05-20,0.336,0.29747238755226135
Touchet_WA_824,2019-05-21,0.306,0.292051762342453
Touchet_WA_824,2019-05-22,0.307,0.27757418155670166
Touchet_WA_824,2019-05-23,0.287,0.2709195613861084
Touchet_WA_824,2019-05-24,0.267,0.2704884707927704
Touchet_WA_824,2019-05-25,0.265,0.265165776014328
Touchet_WA_824,2019-05-26,0.261,0.2612626850605011
Touchet_WA_824,2019-05-27,0.257,0.24602054059505463
Touchet_WA_824,2019-05-28,0.266,0.2584903836250305
Touchet_WA_824,2019-05-29,0.253,0.2578544318675995
Touchet_WA_824,2019-05-30,0.256,0.2589119076728821
Touchet_WA_824,2019-05-31,0.256,0.25784966349601746
Touchet_WA_824,2019-06-01,0.239,0.25597840547561646
Touchet_WA_824,2019-06-02,0.349,0.24490265548229218
Touchet_WA_824,2019-06-03,0.293,0.2384057641029358
Touchet_WA_824,2019-06-04,0.258,0.23159749805927277
Touchet_WA_824,2019-06-05,0.234,0.2201344072818756
Touchet_WA_824,2019-06-06,0.22,0.2192905694246292
Touchet_WA_824,2019-06-07,0.228,0.22610005736351013
Touchet_WA_824,2019-06-08,0.225,0.2241780161857605
Touchet_WA_824,2019-06-09,0.223,0.21686342358589172
Touchet_WA_824,2019-06-10,0.21,0.2060508280992508
Touchet_WA_824,2019-06-11,0.196,0.1969856321811676
Touchet_WA_824,2019-06-12,0.182,0.1772581785917282
Touchet_WA_824,2019-06-13,0.168,0.1612662374973297
Touchet_WA_824,2019-06-14,0.155,0.14981599152088165
Touchet_WA_824,2019-06-15,0.141,0.14507465064525604
Touchet_WA_824,2019-06-16,0.124,0.14214038848876953
Touchet_WA_824,2019-06-17,0.111,0.13995042443275452
Touchet_WA_824,2019-06-18,0.091,0.13646306097507477
Touchet_WA_824,2019-06-19,0.07,0.1313159018754959
Touchet_WA_824,2019-06-20,0.055,0.15383799374103546
Touchet_WA_824,2019-06-21,0.146,0.16008391976356506
Touchet_WA_824,2019-06-22,0.18,0.1628882735967636
Touchet_WA_824,2019-06-23,0.162,0.15893405675888062
Touchet_WA_824,2019-06-24,0.152,0.16692304611206055
Touchet_WA_824,2019-06-25,0.135,0.12760870158672333
Touchet_WA_824,2019-06-26,0.119,0.1270124465227127
Touchet_WA_824,2019-06-27,0.182,0.1322057843208313
Touchet_WA_824,2019-06-28,0.246,0.15476758778095245
Touchet_WA_824,2019-06-29,0.211,0.14781905710697174
Touchet_WA_824,2019-06-30,0.186,0.1431838423013687
Touchet_WA_824,2019-07-01,0.162,0.14296340942382812
Touchet_WA_824,2019-07-02,0.143,0.12472035735845566
Touchet_WA_824,2019-07-03,0.137,0.12225370854139328
Touchet_WA_824,2019-07-04,0.152,0.11704715341329575
Touchet_WA_824,2019-07-05,0.143,0.11659810692071915
Touchet_WA_824,2019-07-06,0.13,0.11418662965297699
Touchet_WA_824,2019-07-07,0.151,0.10515139251947403
Touchet_WA_824,2019-07-08,0.131,0.1068815067410469
Touchet_WA_824,2019-07-09,0.117,0.1010485514998436
Touchet_WA_824,2019-07-10,0.104,0.09255517274141312
Touchet_WA_824,2019-07-11,0.092,0.08688901364803314
Touchet_WA_824,2019-07-12,0.086,0.06942485272884369
Touchet_WA_824,2019-07-13,0.074,0.05881958827376366
Touchet_WA_824,2019-07-14,0.063,0.0556834414601326
Touchet_WA_824,2019-07-15,0.054,0.054747454822063446
Touchet_WA_824,2019-07-16,0.049,0.049090784043073654
Touchet_WA_824,2019-07-17,0.039,0.046887002885341644
Touchet_WA_824,2019-07-18,0.035,0.046172644942998886
Touchet_WA_824,2019-07-19,0.03,0.04388390854001045
Touchet_WA_824,2019-07-20,0.026,0.04088792949914932
Touchet_WA_824,2019-07-21,0.023,0.03995338827371597
Touchet_WA_824,2019-07-22,0.018,0.028646642342209816
Touchet_WA_824,2019-07-23,0.017,0.026870958507061005
Touchet_WA_824,2019-07-24,0.015,0.03239751234650612
Touchet_WA_824,2019-07-25,0.01,0.029974335804581642
Touchet_WA_824,2019-07-26,0.009,0.02585097961127758
Touchet_WA_824,2019-07-27,0.01,0.021817851811647415
Touchet_WA_824,2019-07-28,0.007,0.018331170082092285
Touchet_WA_824,2019-07-29,0.007,0.01285434141755104
Touchet_WA_824,2019-07-30,0.005,0.01080241147428751
Touchet_WA_824,2019-07-31,0.005,0.007611611392349005
Touchet_WA_824,2019-08-01,0.004,0.004400287754833698
Touchet_WA_824,2019-08-02,0.001,0.004766501951962709
Touchet_WA_824,2019-08-03,0.001,0.004594039637595415
Touchet_WA_824,2019-08-04,0.0,0.0017096147639676929
Touchet_WA_824,2019-08-05,0.0,0.0014896837528795004
Touchet_WA_824,2019-08-06,0.0,0.0015239267377182841
Touchet_WA_824,2019-08-07,0.0,0.0023860440123826265
Touchet_WA_824,2019-08-08,0.0,0.0012216739123687148
Touchet_WA_824,2019-08-09,0.0,0.01388485636562109
Touchet_WA_824,2019-08-10,0.0,0.04612364247441292
Touchet_WA_824,2019-08-11,0.0,0.04952608793973923
Touchet_WA_824,2019-08-12,0.01,0.06328129768371582
Touchet_WA_824,2019-08-13,0.019,0.05762367323040962
Touchet_WA_824,2019-08-14,0.021,0.05629880353808403
Touchet_WA_824,2019-08-15,0.02,0.05368856340646744
Touchet_WA_824,2019-08-16,0.017,0.047979168593883514
Touchet_WA_824,2019-08-17,0.011,0.04471758008003235
Touchet_WA_824,2019-08-18,0.008,0.043574437499046326
Touchet_WA_824,2019-08-19,0.006,0.03720507025718689
Touchet_WA_824,2019-08-20,0.0,0.027877481654286385
Touchet_WA_824,2019-08-21,0.0,0.04162554815411568
Touchet_WA_824,2019-08-22,0.0,0.03936641663312912
Touchet_WA_824,2019-08-23,0.0,0.037375420331954956
Touchet_WA_824,2019-08-24,0.0,0.03681591898202896
Touchet_WA_824,2019-08-25,0.0,0.025189420208334923
Touchet_WA_824,2019-08-26,0.0,0.018362220376729965
Touchet_WA_824,2019-08-27,0.0,0.018966151401400566
Touchet_WA_824,2019-08-28,0.0,0.011847860179841518
Touchet_WA_824,2019-08-29,0.0,0.0196840800344944
Touchet_WA_824,2019-08-30,0.0,0.01775546930730343
Touchet_WA_824,2019-08-31,0.0,0.010536190122365952
Touchet_WA_824,2019-09-01,0.0,0.01092957891523838
Touchet_WA_824,2019-09-02,0.0,0.006203145254403353
Touchet_WA_824,2019-09-03,0.0,0.006016224157065153
Touchet_WA_824,2019-09-04,0.0,0.0030501713044941425
Touchet_WA_824,2019-09-05,0.0,0.0018769754096865654
Touchet_WA_824,2019-09-06,0.0,0.019870193675160408
Touchet_WA_824,2019-09-07,0.0,0.014664600603282452
Touchet_WA_824,2019-09-08,0.0,0.049629442393779755
Touchet_WA_824,2019-09-09,0.11,0.09163986146450043
Touchet_WA_824,2019-09-10,0.123,0.09822545945644379
Touchet_WA_824,2019-09-11,0.169,0.11703299731016159
Touchet_WA_824,2019-09-12,0.135,0.12045015394687653
Touchet_WA_824,2019-09-13,0.121,0.1174025684595108
Touchet_WA_824,2019-09-14,0.104,0.11293560266494751
Touchet_WA_824,2019-09-15,0.098,0.11354982107877731
Touchet_WA_824,2019-09-16,0.085,0.09587746113538742
Touchet_WA_824,2019-09-17,0.074,0.090717613697052
Touchet_WA_824,2019-09-18,0.08,0.09552814811468124
Touchet_WA_824,2019-09-19,0.163,0.13261930644512177
Touchet_WA_824,2019-09-20,0.16,0.1387362778186798
Touchet_WA_824,2019-09-21,0.146,0.13313627243041992
Touchet_WA_824,2019-09-22,0.136,0.14589449763298035
Touchet_WA_824,2019-09-23,0.125,0.15729069709777832
Touchet_WA_824,2019-09-24,0.132,0.15298087894916534
Touchet_WA_824,2019-09-25,0.124,0.14854177832603455
Touchet_WA_824,2019-09-26,0.116,0.14508549869060516
Touchet_WA_824,2019-09-27,0.111,0.14401522278785706
Touchet_WA_824,2019-09-28,0.106,0.15411382913589478
Touchet_WA_824,2019-09-29,0.104,0.15549908578395844
Touchet_WA_824,2019-09-30,0.115,0.16760826110839844
Touchet_WA_824,2019-10-01,0.124,0.16713394224643707
Touchet_WA_824,2019-10-02,0.13,0.16221261024475098
Touchet_WA_824,2019-10-03,0.168,0.16128957271575928
Touchet_WA_824,2019-10-04,0.195,0.16208791732788086
Touchet_WA_824,2019-10-05,0.225,0.20090337097644806
Touchet_WA_824,2019-10-06,0.247,0.19881993532180786
Touchet_WA_824,2019-10-07,0.216,0.19356036186218262
Touchet_WA_824,2019-10-08,0.193,0.21319246292114258
Touchet_WA_824,2019-10-09,0.242,0.22590117156505585
Touchet_WA_824,2019-10-10,0.214,0.22179009020328522
Touchet_WA_824,2019-10-11,0.211,0.21552696824073792
Touchet_WA_824,2019-10-12,0.224,0.2102072834968567
Touchet_WA_824,2019-10-13,0.242,0.20939821004867554
Touchet_WA_824,2019-10-14,0.276,0.21874602138996124
Touchet_WA_824,2019-10-15,0.247,0.22008016705513
Touchet_WA_824,2019-10-16,0.224,0.21160729229450226
Touchet_WA_824,2019-10-17,0.208,0.21570900082588196
Touchet_WA_824,2019-10-18,0.23,0.22153228521347046
Touchet_WA_824,2019-10-19,0.221,0.23156335949897766
Touchet_WA_824,2019-10-20,0.207,0.23123200237751007
Touchet_WA_824,2019-10-21,0.202,0.21778619289398193
Touchet_WA_824,2019-10-22,0.196,0.21488723158836365
Touchet_WA_824,2019-10-23,0.28,0.21755793690681458
Touchet_WA_824,2019-10-24,0.257,0.21379594504833221
Touchet_WA_824,2019-10-25,0.249,0.21678206324577332
Touchet_WA_824,2019-10-26,0.293,0.22385483980178833
Touchet_WA_824,2019-10-27,0.259,0.20822563767433167
Touchet_WA_824,2019-10-28,0.235,0.2054165005683899
Touchet_WA_824,2019-10-29,0.214,0.19923117756843567
Touchet_WA_824,2019-10-30,0.188,0.1898329108953476
Touchet_WA_824,2019-10-31,0.159,0.18833139538764954
Touchet_WA_824,2019-11-01,0.147,0.18250414729118347
Touchet_WA_824,2019-11-02,0.105,0.1780465543270111
Touchet_WA_824,2019-11-03,0.123,0.1785927712917328
Touchet_WA_824,2019-11-04,0.159,0.1838444173336029
Touchet_WA_824,2019-11-05,0.197,0.186393603682518
Touchet_WA_824,2019-11-06,0.223,0.19218809902668
Touchet_WA_824,2019-11-07,0.209,0.20040638744831085
Touchet_WA_824,2019-11-08,0.195,0.20237292349338531
Touchet_WA_824,2019-11-09,0.204,0.20417243242263794
Touchet_WA_824,2019-11-10,0.252,0.2161634862422943
Touchet_WA_824,2019-11-11,0.317,0.2520941495895386
Touchet_WA_824,2019-11-12,0.272,0.2578636705875397
Touchet_WA_824,2019-11-13,0.304,0.27392280101776123
Touchet_WA_824,2019-11-14,0.282,0.27559220790863037
Touchet_WA_824,2019-11-15,0.267,0.27568191289901733
Touchet_WA_824,2019-11-16,0.332,0.27712294459342957
Touchet_WA_824,2019-11-17,0.301,0.2744476795196533
Touchet_WA_824,2019-11-18,0.328,0.25471222400665283
Touchet_WA_824,2019-11-19,0.3,0.2553493082523346
Touchet_WA_824,2019-11-20,0.319,0.24106299877166748
Touchet_WA_824,2019-11-21,0.295,0.23930548131465912
Touchet_WA_824,2019-11-22,0.271,0.23971664905548096
Touchet_WA_824,2019-11-23,0.247,0.2335110306739807
Touchet_WA_824,2019-11-24,0.235,0.21197424829006195
Touchet_WA_824,2019-11-25,0.232,0.20021717250347137
Touchet_WA_824,2019-11-26,0.216,0.19734527170658112
Touchet_WA_824,2019-11-27,0.214,0.19654960930347443
Touchet_WA_824,2019-11-28,0.211,0.18649034202098846
Touchet_WA_824,2019-11-29,0.208,0.19037508964538574
Touchet_WA_824,2019-11-30,0.198,0.19114002585411072
Touchet_WA_824,2019-12-01,0.189,0.18775734305381775
Touchet_WA_824,2019-12-02,0.185,0.1806340515613556
Touchet_WA_824,2019-12-03,0.186,0.179193377494812
Touchet_WA_824,2019-12-04,0.185,0.17730949819087982
Touchet_WA_824,2019-12-05,0.186,0.17611633241176605
Touchet_WA_824,2019-12-06,0.186,0.17354363203048706
Touchet_WA_824,2019-12-07,0.187,0.18544745445251465
Touchet_WA_824,2019-12-08,0.187,0.18436364829540253
Touchet_WA_824,2019-12-09,0.188,0.19547438621520996
Touchet_WA_824,2019-12-10,0.189,0.19383834302425385
Touchet_WA_824,2019-12-11,0.187,0.20309166610240936
Touchet_WA_824,2019-12-12,0.187,0.195505291223526
Touchet_WA_824,2019-12-13,0.188,0.1856406033039093
Touchet_WA_824,2019-12-14,0.188,0.18750756978988647
Touchet_WA_824,2019-12-15,0.189,0.18407192826271057
Touchet_WA_824,2019-12-16,0.19,0.18131110072135925
Touchet_WA_824,2019-12-17,0.19,0.17884095013141632
Touchet_WA_824,2019-12-18,0.188,0.18009552359580994
Touchet_WA_824,2019-12-19,0.188,0.16759167611598969
Touchet_WA_824,2019-12-20,0.187,0.16883055865764618
Touchet_WA_824,2019-12-21,0.187,0.16874244809150696
Touchet_WA_824,2019-12-22,0.188,0.16865098476409912
Touchet_WA_824,2019-12-23,0.187,0.1740480661392212
Touchet_WA_824,2019-12-24,0.189,0.17148198187351227
Touchet_WA_824,2019-12-25,0.189,0.17502252757549286
Touchet_WA_824,2019-12-26,0.189,0.17808018624782562
Touchet_WA_824,2019-12-27,0.188,0.1814955472946167
Touchet_WA_824,2019-12-28,0.186,0.1808917075395584
Touchet_WA_824,2019-12-29,0.185,0.1844634711742401
Touchet_WA_824,2019-12-30,0.185,0.19114278256893158
Touchet_WA_824,2019-12-31,0.186,0.1900145262479782
Touchet_WA_824,2020-01-01,0.186,0.20336681604385376
Touchet_WA_824,2020-01-02,0.189,0.19887247681617737
Touchet_WA_824,2020-01-03,0.191,0.20560689270496368
Touchet_WA_824,2020-01-04,0.19,0.2050786018371582
Touchet_WA_824,2020-01-05,0.191,0.215816929936409
Touchet_WA_824,2020-01-06,0.191,0.2109534740447998
Touchet_WA_824,2020-01-07,0.191,0.2118515819311142
Touchet_WA_824,2020-01-08,0.192,0.18909810483455658
Touchet_WA_824,2020-01-09,0.192,0.18541303277015686
Touchet_WA_824,2020-01-10,0.192,0.18535055220127106
Touchet_WA_824,2020-01-11,0.193,0.20216816663742065
Touchet_WA_824,2020-01-12,0.193,0.1997949779033661
Touchet_WA_824,2020-01-13,0.193,0.19983866810798645
Touchet_WA_824,2020-01-14,0.193,0.20211422443389893
Touchet_WA_824,2020-01-15,0.193,0.19572018086910248
Touchet_WA_824,2020-01-16,0.192,0.19418343901634216
Touchet_WA_824,2020-01-17,0.193,0.1933598518371582
Touchet_WA_824,2020-01-18,0.193,0.18932399153709412
Touchet_WA_824,2020-01-19,0.194,0.19091860949993134
Touchet_WA_824,2020-01-20,0.194,0.1892145574092865
Touchet_WA_824,2020-01-21,0.194,0.20815254747867584
Touchet_WA_824,2020-01-22,0.194,0.20610181987285614
Touchet_WA_824,2020-01-23,0.193,0.20606978237628937
Touchet_WA_824,2020-01-24,0.195,0.20511075854301453
Touchet_WA_824,2020-01-25,0.195,0.2043789029121399
Touchet_WA_824,2020-01-26,0.196,0.20492228865623474
Touchet_WA_824,2020-01-27,0.195,0.20213471353054047
Touchet_WA_824,2020-01-28,0.195,0.20664741098880768
Touchet_WA_824,2020-01-29,0.196,0.2121182233095169
Touchet_WA_824,2020-01-30,0.196,0.21078743040561676
Touchet_WA_824,2020-01-31,0.197,0.21059945225715637
Touchet_WA_824,2020-02-01,0.198,0.20807667076587677
Touchet_WA_824,2020-02-02,0.197,0.20889979600906372
Touchet_WA_824,2020-02-03,0.199,0.20640353858470917
Touchet_WA_824,2020-02-04,0.199,0.20662297308444977
Touchet_WA_824,2020-02-05,0.199,0.21410684287548065
Touchet_WA_824,2020-02-06,0.2,0.22444818913936615
Touchet_WA_824,2020-02-07,0.201,0.22602489590644836
Touchet_WA_824,2020-02-08,0.213,0.220316082239151
Touchet_WA_824,2020-02-09,0.214,0.21515142917633057
Touchet_WA_824,2020-02-10,0.216,0.21629217267036438
Touchet_WA_824,2020-02-11,0.215,0.21277086436748505
Touchet_WA_824,2020-02-12,0.214,0.20848378539085388
Touchet_WA_824,2020-02-13,0.215,0.21012935042381287
Touchet_WA_824,2020-02-14,0.216,0.21100419759750366
Touchet_WA_824,2020-02-15,0.215,0.21321718394756317
Touchet_WA_824,2020-02-16,0.214,0.21730905771255493
Touchet_WA_824,2020-02-17,0.215,0.21807833015918732
Touchet_WA_824,2020-02-18,0.215,0.21773603558540344
Touchet_WA_824,2020-02-19,0.215,0.21848714351654053
Touchet_WA_824,2020-02-20,0.214,0.2179301530122757
Touchet_WA_824,2020-02-21,0.215,0.21517010033130646
Touchet_WA_824,2020-02-22,0.215,0.21305857598781586
Touchet_WA_824,2020-02-23,0.214,0.21622490882873535
Touchet_WA_824,2020-02-24,0.214,0.2153310626745224
Touchet_WA_824,2020-02-25,0.214,0.21561752259731293
Touchet_WA_824,2020-02-26,0.215,0.22199419140815735
Touchet_WA_824,2020-02-27,0.214,0.22080466151237488
Touchet_WA_824,2020-02-28,0.215,0.21801631152629852
Touchet_WA_824,2020-02-29,0.216,0.22436052560806274
Touchet_WA_824,2020-03-01,0.215,0.22406038641929626
Touchet_WA_824,2020-03-02,0.216,0.2159571349620819
Touchet_WA_824,2020-03-03,0.216,0.21336770057678223
Touchet_WA_824,2020-03-04,0.216,0.21205447614192963
Touchet_WA_824,2020-03-05,0.215,0.21111443638801575
Touchet_WA_824,2020-03-06,0.215,0.21166038513183594
Touchet_WA_824,2020-03-07,0.215,0.21633367240428925
Touchet_WA_824,2020-03-08,0.216,0.2129724621772766
Touchet_WA_824,2020-03-09,0.215,0.21271294355392456
Touchet_WA_824,2020-03-10,0.217,0.21394942700862885
Touchet_WA_824,2020-03-11,0.217,0.21054579317569733
Touchet_WA_824,2020-03-12,0.216,0.2194453775882721
Touchet_WA_824,2020-03-13,0.218,0.22172299027442932
Touchet_WA_824,2020-03-14,0.218,0.21281930804252625
Touchet_WA_824,2020-03-15,0.217,0.2092427760362625
Touchet_WA_824,2020-03-16,0.216,0.20828673243522644
Touchet_WA_824,2020-03-17,0.218,0.20990607142448425
Touchet_WA_824,2020-03-18,0.217,0.22078964114189148
Touchet_WA_824,2020-03-19,0.217,0.21619747579097748
Touchet_WA_824,2020-03-20,0.217,0.2179940789937973
Touchet_WA_824,2020-03-21,0.219,0.2182658165693283
Touchet_WA_824,2020-03-22,0.221,0.2166687399148941
Touchet_WA_824,2020-03-23,0.224,0.21693715453147888
Touchet_WA_824,2020-03-24,0.225,0.22159720957279205
Touchet_WA_824,2020-03-25,0.227,0.22106043994426727
Touchet_WA_824,2020-03-26,0.226,0.22437846660614014
Touchet_WA_824,2020-03-27,0.226,0.22234036028385162
Touchet_WA_824,2020-03-28,0.225,0.21966810524463654
Touchet_WA_824,2020-03-29,0.225,0.22352705895900726
Touchet_WA_824,2020-03-30,0.224,0.24543334543704987
Touchet_WA_824,2020-03-31,0.223,0.2434110790491104
Touchet_WA_824,2020-04-01,0.225,0.24532559514045715
Touchet_WA_824,2020-04-02,0.223,0.24338290095329285
Touchet_WA_824,2020-04-03,0.224,0.23566190898418427
Touchet_WA_824,2020-04-04,0.224,0.23380589485168457
Touchet_WA_824,2020-04-05,0.223,0.2267284244298935
Touchet_WA_824,2020-04-06,0.223,0.22636911273002625
Touchet_WA_824,2020-04-07,0.224,0.22528013586997986
Touchet_WA_824,2020-04-08,0.224,0.2265915423631668
Touchet_WA_824,2020-04-09,0.222,0.20896568894386292
Touchet_WA_824,2020-04-10,0.224,0.21293428540229797
Touchet_WA_824,2020-04-11,0.223,0.21604055166244507
Touchet_WA_824,2020-04-12,0.228,0.2252236157655716
Touchet_WA_824,2020-04-13,0.234,0.23061440885066986
Touchet_WA_824,2020-04-14,0.235,0.23291712999343872
Touchet_WA_824,2020-04-15,0.234,0.23771411180496216
Touchet_WA_824,2020-04-16,0.237,0.24103115499019623
Touchet_WA_824,2020-04-17,0.238,0.24058526754379272
Touchet_WA_824,2020-04-18,0.241,0.2399456650018692
Touchet_WA_824,2020-04-19,0.252,0.23557008802890778
Touchet_WA_824,2020-04-20,0.262,0.2496989220380783
Touchet_WA_824,2020-04-21,0.27,0.2478928118944168
Touchet_WA_824,2020-04-22,0.277,0.2602744400501251
Touchet_WA_824,2020-04-23,0.281,0.26615387201309204
Touchet_WA_824,2020-04-24,0.302,0.26510944962501526
Touchet_WA_824,2020-04-25,0.292,0.26708221435546875
Touchet_WA_824,2020-04-26,0.292,0.2663497030735016
Touchet_WA_824,2020-04-27,0.298,0.2737201750278473
Touchet_WA_824,2020-04-28,0.303,0.2730361521244049
Touchet_WA_824,2020-04-29,0.307,0.28282076120376587
Touchet_WA_824,2020-04-30,0.316,0.2825164496898651
Touchet_WA_824,2020-05-01,0.323,0.28221026062965393
Touchet_WA_824,2020-05-02,0.327,0.295318067073822
Touchet_WA_824,2020-05-03,0.333,0.29834577441215515
Touchet_WA_824,2020-05-04,0.313,0.30512699484825134
Touchet_WA_824,2020-05-05,0.331,0.3007842004299164
Touchet_WA_824,2020-05-06,0.339,0.3093813955783844
Touchet_WA_824,2020-05-07,0.321,0.30587029457092285
Touchet_WA_824,2020-05-08,0.332,0.30592238903045654
Touchet_WA_824,2020-05-09,0.343,0.30681881308555603
Touchet_WA_824,2020-05-10,0.346,0.2990682125091553
Touchet_WA_824,2020-05-11,0.347,0.300803542137146
Touchet_WA_824,2020-05-12,0.346,0.31719058752059937
Touchet_WA_824,2020-05-13,0.344,0.3145366311073303
Touchet_WA_824,2020-05-14,0.346,0.3181043863296509
Touchet_WA_824,2020-05-15,0.332,0.3182438910007477
Touchet_WA_824,2020-05-16,0.343,0.31549951434135437
Touchet_WA_824,2020-05-17,0.345,0.3166613280773163
Touchet_WA_824,2020-05-18,0.335,0.3201058506965637
Touchet_WA_824,2020-05-19,0.313,0.3176283836364746
Touchet_WA_824,2020-05-20,0.31,0.3225347399711609
Touchet_WA_824,2020-05-21,0.354,0.32168400287628174
Touchet_WA_824,2020-05-22,0.323,0.30857136845588684
Touchet_WA_824,2020-05-23,0.31,0.3090779185295105
Touchet_WA_824,2020-05-24,0.291,0.2845483422279358
Touchet_WA_824,2020-05-25,0.274,0.2667924165725708
Touchet_WA_824,2020-05-26,0.291,0.27012521028518677
Touchet_WA_824,2020-05-27,0.27,0.2629707157611847
Touchet_WA_824,2020-05-28,0.252,0.2537015974521637
Touchet_WA_824,2020-05-29,0.244,0.2530096769332886
Touchet_WA_824,2020-05-30,0.236,0.25423797965049744
Touchet_WA_824,2020-05-31,0.229,0.26193690299987793
Touchet_WA_824,2020-06-01,0.246,0.2454582303762436
Touchet_WA_824,2020-06-02,0.235,0.2454862892627716
Touchet_WA_824,2020-06-03,0.222,0.2379678189754486
Touchet_WA_824,2020-06-04,0.215,0.23281662166118622
Touchet_WA_824,2020-06-05,0.208,0.23747825622558594
Touchet_WA_824,2020-06-06,0.214,0.23922371864318848
Touchet_WA_824,2020-06-07,0.229,0.23824571073055267
Touchet_WA_824,2020-06-08,0.222,0.23099038004875183
Touchet_WA_824,2020-06-09,0.26,0.23271413147449493
Touchet_WA_824,2020-06-10,0.289,0.22592830657958984
Touchet_WA_824,2020-06-11,0.256,0.22502967715263367
Touchet_WA_824,2020-06-12,0.24,0.21984969079494476
Touchet_WA_824,2020-06-13,0.228,0.24672292172908783
Touchet_WA_824,2020-06-14,0.322,0.2726524770259857
Touchet_WA_824,2020-06-15,0.301,0.27792540192604065
Touchet_WA_824,2020-06-16,0.313,0.2781040370464325
Touchet_WA_824,2020-06-17,0.289,0.25853231549263
Touchet_WA_824,2020-06-18,0.264,0.25181835889816284
Touchet_WA_824,2020-06-19,0.247,0.24018530547618866
Touchet_WA_824,2020-06-20,0.236,0.2394711971282959
Touchet_WA_824,2020-06-21,0.233,0.2130502611398697
Touchet_WA_824,2020-06-22,0.221,0.20734649896621704
Touchet_WA_824,2020-06-23,0.205,0.19299937784671783
Touchet_WA_824,2020-06-24,0.193,0.19292928278446198
Touchet_WA_824,2020-06-25,0.184,0.18457569181919098
Touchet_WA_824,2020-06-26,0.169,0.17450983822345734
Touchet_WA_824,2020-06-27,0.157,0.17491264641284943
Touchet_WA_824,2020-06-28,0.146,0.15979883074760437
Touchet_WA_824,2020-06-29,0.147,0.16187410056591034
Touchet_WA_824,2020-06-30,0.17,0.16470882296562195
Touchet_WA_824,2020-07-01,0.165,0.16171486675739288
Touchet_WA_824,2020-07-02,0.159,0.16027653217315674
Touchet_WA_824,2020-07-03,0.149,0.15961839258670807
Touchet_WA_824,2020-07-04,0.14,0.140431746840477
Touchet_WA_824,2020-07-05,0.125,0.12781713902950287
Touchet_WA_824,2020-07-06,0.113,0.11749609559774399
Touchet_WA_824,2020-07-07,0.099,0.12137219309806824
Touchet_WA_824,2020-07-08,0.133,0.12133307009935379
Touchet_WA_824,2020-07-09,0.115,0.11971226334571838
Touchet_WA_824,2020-07-10,0.1,0.11701974272727966
Touchet_WA_824,2020-07-11,0.103,0.11434929817914963
Touchet_WA_824,2020-07-12,0.092,0.11112093180418015
Touchet_WA_824,2020-07-13,0.076,0.10439997911453247
Touchet_WA_824,2020-07-14,0.067,0.09995806962251663
Touchet_WA_824,2020-07-15,0.054,0.08896366506814957
Touchet_WA_824,2020-07-16,0.044,0.07611873745918274
Touchet_WA_824,2020-07-17,0.036,0.06412339210510254
Touchet_WA_824,2020-07-18,0.028,0.04816168546676636
Touchet_WA_824,2020-07-19,0.024,0.045739781111478806
Touchet_WA_824,2020-07-20,0.021,0.03883221372961998
Touchet_WA_824,2020-07-21,0.017,0.030236665159463882
Touchet_WA_824,2020-07-22,0.016,0.02566935494542122
Touchet_WA_824,2020-07-23,0.013,0.019492216408252716
Touchet_WA_824,2020-07-24,0.011,0.012778152711689472
Touchet_WA_824,2020-07-25,0.007,0.010157564654946327
Touchet_WA_824,2020-07-26,0.01,0.008600369095802307
Touchet_WA_824,2020-07-27,0.009,0.007453665137290955
Touchet_WA_824,2020-07-28,0.011,0.007691814098507166
Touchet_WA_824,2020-07-29,0.004,0.0071286098100245
Touchet_WA_824,2020-07-30,0.007,0.004845145158469677
Touchet_WA_824,2020-07-31,0.006,0.006096914876252413
Touchet_WA_824,2020-08-01,0.003,0.005133979022502899
Touchet_WA_824,2020-08-02,0.004,0.004998504184186459
Touchet_WA_824,2020-08-03,0.004,0.0061329081654548645
Touchet_WA_824,2020-08-04,0.003,0.004479625262320042
Touchet_WA_824,2020-08-05,0.001,0.0055701169185340405
Touchet_WA_824,2020-08-06,0.0,0.015625903382897377
Touchet_WA_824,2020-08-07,0.0,0.011982530355453491
Touchet_WA_824,2020-08-08,0.0,0.009943369776010513
Touchet_WA_824,2020-08-09,0.0,0.008046629838645458
Touchet_WA_824,2020-08-10,0.0,0.005173973739147186
Touchet_WA_824,2020-08-11,0.0,0.004098445642739534
Touchet_WA_824,2020-08-12,0.0,0.005177322309464216
Touchet_WA_824,2020-08-13,0.0,0.00610488373786211
Touchet_WA_824,2020-08-14,0.0,0.003927032463252544
Touchet_WA_824,2020-08-15,0.0,0.0035174889490008354
Touchet_WA_824,2020-08-16,0.0,0.0028164037503302097
Touchet_WA_824,2020-08-17,0.0,0.001846198458224535
Touchet_WA_824,2020-08-18,0.0,0.0018839744152501225
Touchet_WA_824,2020-08-19,0.0,0.0009392934734933078
Touchet_WA_824,2020-08-20,0.0,0.0006526809884235263
Touchet_WA_824,2020-08-21,0.0,0.0007277766126208007
Touchet_WA_824,2020-08-22,0.0,1.7541278793942183e-05
Touchet_WA_824,2020-08-23,0.0,0.0012703932588919997
Touchet_WA_824,2020-08-24,0.0,0.0023635830730199814
Touchet_WA_824,2020-08-25,0.0,0.0015848252223804593
Touchet_WA_824,2020-08-26,0.0,0.0020509439054876566
Touchet_WA_824,2020-08-27,0.0,0.002590400632470846
Touchet_WA_824,2020-08-28,0.0,0.0014759715413674712
Touchet_WA_824,2020-08-29,0.0,0.0015057128621265292
Touchet_WA_824,2020-08-30,0.0,0.002146876184269786
Touchet_WA_824,2020-08-31,0.0,0.002386256819590926
Touchet_WA_824,2020-09-01,0.0,0.0012716084020212293
Touchet_WA_824,2020-09-02,0.0,0.0020337963942438364
Touchet_WA_824,2020-09-03,0.0,0.0024639770854264498
Touchet_WA_824,2020-09-04,0.0,0.0015663921367377043
Touchet_WA_824,2020-09-05,0.0,0.002113690134137869
Touchet_WA_824,2020-09-06,0.0,0.00299037154763937
Touchet_WA_824,2020-09-07,0.0,0.00019890627299901098
Touchet_WA_824,2020-09-08,0.0,0.0013016298180446029
Touchet_WA_824,2020-09-09,0.0,0.000945417967159301
Touchet_WA_824,2020-09-10,0.0,0.0018648159457370639
Touchet_WA_824,2020-09-11,0.0,0.0019006392685696483
Touchet_WA_824,2020-09-12,0.0,0.0016036188462749124
Touchet_WA_824,2020-09-13,0.0,0.0012161865597590804
Touchet_WA_824,2020-09-14,0.0,0.0007968406425788999
Touchet_WA_824,2020-09-15,0.0,0.0015005659079179168
Touchet_WA_824,2020-09-16,0.0,0.0011365237878635526
Touchet_WA_824,2020-09-17,0.0,0.00480260606855154
Touchet_WA_824,2020-09-18,0.0,0.005302272737026215
Touchet_WA_824,2020-09-19,0.0,0.01824377477169037
Touchet_WA_824,2020-09-20,0.07,0.02223905362188816
Touchet_WA_824,2020-09-21,0.062,0.034639813005924225
Touchet_WA_824,2020-09-22,0.047,0.0348023921251297
Touchet_WA_824,2020-09-23,0.032,0.03863271325826645
Touchet_WA_824,2020-09-24,0.02,0.07400485128164291
Touchet_WA_824,2020-09-25,0.131,0.11216189712285995
Touchet_WA_824,2020-09-26,0.113,0.12009789794683456
Touchet_WA_824,2020-09-27,0.191,0.14676332473754883
Touchet_WA_824,2020-09-28,0.165,0.1345079094171524
Touchet_WA_824,2020-09-29,0.149,0.1351025402545929
Touchet_WA_824,2020-09-30,0.138,0.13604135811328888
Touchet_WA_824,2020-10-01,0.126,0.12398213893175125
Touchet_WA_824,2020-10-02,0.12,0.10660700500011444
Touchet_WA_824,2020-10-03,0.11,0.10263048857450485
Touchet_WA_824,2020-10-04,0.103,0.09106161445379257
Touchet_WA_824,2020-10-05,0.097,0.07569281756877899
Touchet_WA_824,2020-10-06,0.09,0.07426285743713379
Touchet_WA_824,2020-10-07,0.083,0.06898022443056107
Touchet_WA_824,2020-10-08,0.079,0.07062235474586487
Touchet_WA_824,2020-10-09,0.072,0.06480037420988083
Touchet_WA_824,2020-10-10,0.07,0.12746350467205048
Touchet_WA_824,2020-10-11,0.307,0.19342030584812164
Touchet_WA_824,2020-10-12,0.312,0.2579524517059326
Touchet_WA_824,2020-10-13,0.259,0.25476741790771484
Touchet_WA_824,2020-10-14,0.314,0.2670685648918152
Touchet_WA_824,2020-10-15,0.247,0.24411991238594055
Touchet_WA_824,2020-10-16,0.223,0.232244610786438
Touchet_WA_824,2020-10-17,0.204,0.22341981530189514
Touchet_WA_824,2020-10-18,0.194,0.22432594001293182
Touchet_WA_824,2020-10-19,0.216,0.2201671600341797
Touchet_WA_824,2020-10-20,0.197,0.21722999215126038
Touchet_WA_824,2020-10-21,0.186,0.20932653546333313
Touchet_WA_824,2020-10-22,0.18,0.2051243633031845
Touchet_WA_824,2020-10-23,0.185,0.2213432639837265
Touchet_WA_824,2020-10-24,0.155,0.22201505303382874
Touchet_WA_824,2020-10-25,0.277,0.22966724634170532
Touchet_WA_824,2020-10-26,0.239,0.22471681237220764
Touchet_WA_824,2020-10-27,0.212,0.2177070528268814
Touchet_WA_824,2020-10-28,0.231,0.21139337122440338
