DateTime,date,station_id,latitude,longitude,soil_moisture_20cm,soil_temp_50cm,soil_moisture_5cm,soil_temp_10cm,SNOTEL_Paradise_ta,soil_moisture_50cm,soil_moisture_10cm,soil_temp_20cm,soil_temp_5cm,SNOTEL_Paradise_sweq,elevation,LST,NDVI,Rain_sat,DOY,Rain_3d,SM_prev,SM_label
2011/09/01 08:00,2011-09-01,Paradise_WA,46.783333,-121.733333,,,,,2.7,,,,,0.0,1654,,,,244,0.0,,
2011/09/02 00:00,2011-09-02,Paradise_WA,46.783333,-121.733333,,,,,13.4,,,,,-7.62,1654,,,,245,0.0,,
2011/09/03 00:00,2011-09-03,Paradise_WA,46.783333,-121.733333,,,,,12.3,,,,,-2.54,1654,,,,246,0.0,,
2011/09/04 00:00,2011-09-04,Paradise_WA,46.783333,-121.733333,,,,,17.8,,,,,-5.08,1654,,,,247,0.0,,
2011/09/05 00:00,2011-09-05,Paradise_WA,46.783333,-121.733333,,,,,20.8,,,,,-5.08,1654,,,,248,0.0,,
2011/09/06 00:00,2011-09-06,Paradise_WA,46.783333,-121.733333,,,,,18.6,,,,,-5.08,1654,,,,249,0.0,,
2011/09/07 00:00,2011-09-07,Paradise_WA,46.783333,-121.733333,,,,,20.9,,,,,-7.62,1654,,,,250,0.0,,
2011/09/08 00:00,2011-09-08,Paradise_WA,46.783333,-121.733333,,,,,24.8,,,,,-7.62,1654,294.61908620689655,0.8031366850172716,0.0205448716878891,251,0.0205448716878891,,
2011/09/09 00:00,2011-09-09,Paradise_WA,46.783333,-121.733333,,,,,21.2,,,,,-5.08,1654,,,,252,0.0205448716878891,,
2011/09/10 00:00,2011-09-10,Paradise_WA,46.783333,-121.733333,,,,,20.3,,,,,-7.62,1654,,,,253,0.0205448716878891,,
2011/09/11 00:00,2011-09-11,Paradise_WA,46.783333,-121.733333,,,,,22.2,,,,,-7.62,1654,,,,254,0.0,,
2011/09/12 00:00,2011-09-12,Paradise_WA,46.783333,-121.733333,,,,,24.7,,,,,-7.62,1654,,,,255,0.0,,
2011/09/13 00:00,2011-09-13,Paradise_WA,46.783333,-121.733333,,,,,17.5,,,,,-5.08,1654,,,,256,0.0,,
2011/09/14 00:00,2011-09-14,Paradise_WA,46.783333,-121.733333,,,,,17.1,,,,,-7.62,1654,,,,257,0.0,,
2011/09/15 00:00,2011-09-15,Paradise_WA,46.783333,-121.733333,,,,,9.4,,,,,-2.54,1654,294.48512807881775,0.8031366850172716,0.08309294283390045,258,0.08309294283390045,,
2011/09/16 00:00,2011-09-16,Paradise_WA,46.783333,-121.733333,,,,,6.2,,,,,0.0,1654,,,,259,0.08309294283390045,,
2011/09/17 00:00,2011-09-17,Paradise_WA,46.783333,-121.733333,,,,,7.2,,,,,-5.08,1654,,,,260,0.08309294283390045,,
2011/09/18 00:00,2011-09-18,Paradise_WA,46.783333,-121.733333,,,,,4.2,,,,,2.54,1654,,,,261,0.0,,
2011/09/19 00:00,2011-09-19,Paradise_WA,46.783333,-121.733333,,,,,9.5,,,,,0.0,1654,,,,262,0.0,,
2011/09/20 00:00,2011-09-20,Paradise_WA,46.783333,-121.733333,,,,,9.6,,,,,-2.54,1654,,,,263,0.0,,
2011/09/21 00:00,2011-09-21,Paradise_WA,46.783333,-121.733333,,,,,15.9,,,,,-5.08,1654,,,,264,0.0,,
2011/09/22 00:00,2011-09-22,Paradise_WA,46.783333,-121.733333,,,,,16.7,,,,,-2.54,1654,289.9272586206897,,0.12923076748847961,265,0.12923076748847961,,
2011/09/23 00:00,2011-09-23,Paradise_WA,46.783333,-121.733333,,,,,15.0,,,,,-5.08,1654,,,,266,0.12923076748847961,,
2011/09/24 00:00,2011-09-24,Paradise_WA,46.783333,-121.733333,,,,,18.0,,,,,-2.54,1654,,,,267,0.12923076748847961,,
2011/09/25 00:00,2011-09-25,Paradise_WA,46.783333,-121.733333,,,,,17.7,,,,,-5.08,1654,,,,268,0.0,,
2011/09/26 00:00,2011-09-26,Paradise_WA,46.783333,-121.733333,,,,,4.9,,,,,0.0,1654,,,,269,0.0,,
2011/09/27 00:00,2011-09-27,Paradise_WA,46.783333,-121.733333,,,,,6.6,,,,,0.0,1654,,,,270,0.0,,
2011/09/28 00:00,2011-09-28,Paradise_WA,46.783333,-121.733333,,,,,3.8,,,,,0.0,1654,,,,271,0.0,,
2011/09/29 00:00,2011-09-29,Paradise_WA,46.783333,-121.733333,,,,,8.5,,,,,0.0,1654,290.33303879310347,0.6763695595854922,0.191294863820076,272,0.191294863820076,,
2011/09/30 00:00,2011-09-30,Paradise_WA,46.783333,-121.733333,,,,,18.3,,,,,-2.54,1654,,,,273,0.191294863820076,,
2011/10/01 00:00,2011-10-01,Paradise_WA,46.783333,-121.733333,,,,,13.6,,,,,0.0,1654,,,,274,0.191294863820076,,
2011/10/02 00:00,2011-10-02,Paradise_WA,46.783333,-121.733333,,,,,5.5,,,,,2.54,1654,,,,275,0.0,,
2011/10/03 00:00,2011-10-03,Paradise_WA,46.783333,-121.733333,,,,,6.0,,,,,7.62,1654,,,,276,0.0,,
2011/10/04 00:00,2011-10-04,Paradise_WA,46.783333,-121.733333,,,,,4.5,,,,,5.08,1654,,,,277,0.0,,
2011/10/05 00:00,2011-10-05,Paradise_WA,46.783333,-121.733333,,,,,3.4,,,,,5.08,1654,,,,278,0.0,,
2011/10/06 00:00,2011-10-06,Paradise_WA,46.783333,-121.733333,,,,,0.6,,,,,7.62,1654,279.8370689655173,0.6763695595854922,0.21523717045783997,279,0.21523717045783997,,
2011/10/07 00:00,2011-10-07,Paradise_WA,46.783333,-121.733333,,,,,2.5,,,,,5.08,1654,,,,280,0.21523717045783997,,
2011/10/08 00:00,2011-10-08,Paradise_WA,46.783333,-121.733333,,,,,4.4,,,,,2.54,1654,,,,281,0.21523717045783997,,
2011/10/09 00:00,2011-10-09,Paradise_WA,46.783333,-121.733333,,,,,7.9,,,,,2.54,1654,,,,282,0.0,,
2011/10/10 00:00,2011-10-10,Paradise_WA,46.783333,-121.733333,,,,,6.6,,,,,0.0,1654,,,,283,0.0,,
2011/10/11 00:00,2011-10-11,Paradise_WA,46.783333,-121.733333,,,,,4.7,,,,,2.54,1654,,,,284,0.0,,
2011/10/12 00:00,2011-10-12,Paradise_WA,46.783333,-121.733333,,,,,2.5,,,,,2.54,1654,,,,285,0.0,,
2011/10/13 00:00,2011-10-13,Paradise_WA,46.783333,-121.733333,,,,,1.6,,,,,2.54,1654,282.7462931034483,0.7246837974956826,0.13052883744239807,286,0.13052883744239807,,
2011/10/14 00:00,2011-10-14,Paradise_WA,46.783333,-121.733333,,,,,5.2,,,,,2.54,1654,,,,287,0.13052883744239807,,
2011/10/15 00:00,2011-10-15,Paradise_WA,46.783333,-121.733333,,,,,5.8,,,,,0.0,1654,,,,288,0.13052883744239807,,
2011/10/16 00:00,2011-10-16,Paradise_WA,46.783333,-121.733333,,,,,7.7,,,,,0.0,1654,,,,289,0.0,,
2011/10/17 00:00,2011-10-17,Paradise_WA,46.783333,-121.733333,,,,,4.6,,,,,0.0,1654,,,,290,0.0,,
2011/10/18 00:00,2011-10-18,Paradise_WA,46.783333,-121.733333,,,,,10.8,,,,,2.54,1654,,,,291,0.0,,
2011/10/19 00:00,2011-10-19,Paradise_WA,46.783333,-121.733333,,,,,14.0,,,,,0.0,1654,,,,292,0.0,,
2011/10/20 00:00,2011-10-20,Paradise_WA,46.783333,-121.733333,,,,,4.4,,,,,2.54,1654,281.90302586206894,0.7246837974956826,0.1345512717962265,293,0.1345512717962265,,
2011/10/21 00:00,2011-10-21,Paradise_WA,46.783333,-121.733333,,,,,4.8,,,,,2.54,1654,,,,294,0.1345512717962265,,
2011/10/22 00:00,2011-10-22,Paradise_WA,46.783333,-121.733333,,,,,5.1,,,,,2.54,1654,,,,295,0.1345512717962265,,
2011/10/23 00:00,2011-10-23,Paradise_WA,46.783333,-121.733333,,,,,6.6,,,,,2.54,1654,,,,296,0.0,,
2011/10/24 00:00,2011-10-24,Paradise_WA,46.783333,-121.733333,,,,,2.7,,,,,0.0,1654,,,,297,0.0,,
2011/10/25 00:00,2011-10-25,Paradise_WA,46.783333,-121.733333,,,,,0.6,,,,,2.54,1654,,,,298,0.0,,
2011/10/26 00:00,2011-10-26,Paradise_WA,46.783333,-121.733333,,,,,1.3,,,,,2.54,1654,,,,299,0.0,,
2011/10/27 00:00,2011-10-27,Paradise_WA,46.783333,-121.733333,,,,,0.4,,,,,7.62,1654,276.0905172413793,0.4478943868739207,0.14173877239227295,300,0.14173877239227295,,
2011/10/28 00:00,2011-10-28,Paradise_WA,46.783333,-121.733333,,,,,5.9,,,,,5.08,1654,,,,301,0.14173877239227295,,
2011/10/29 00:00,2011-10-29,Paradise_WA,46.783333,-121.733333,,,,,2.7,,,,,7.62,1654,,,,302,0.14173877239227295,,
2011/10/30 00:00,2011-10-30,Paradise_WA,46.783333,-121.733333,,,,,2.4,,,,,7.62,1654,,,,303,0.0,,
2011/10/31 00:00,2011-10-31,Paradise_WA,46.783333,-121.733333,,,,,5.5,,,,,5.08,1654,,,,304,0.0,,
2011/11/01 00:00,2011-11-01,Paradise_WA,46.783333,-121.733333,,,,,-1.8,,,,,5.08,1654,,,,305,0.0,,
2011/11/02 00:00,2011-11-02,Paradise_WA,46.783333,-121.733333,,,,,0.3,,,,,10.16,1654,,,,306,0.0,,
2011/11/03 00:00,2011-11-03,Paradise_WA,46.783333,-121.733333,,,,,4.8,,,,,15.24,1654,270.28306206896553,0.4478943868739207,0.12882211804389954,307,0.12882211804389954,,
2011/11/04 00:00,2011-11-04,Paradise_WA,46.783333,-121.733333,,,,,-3.0,,,,,25.4,1654,,,,308,0.12882211804389954,,
2011/11/05 00:00,2011-11-05,Paradise_WA,46.783333,-121.733333,,,,,-4.5,,,,,30.48,1654,,,,309,0.12882211804389954,,
2011/11/06 00:00,2011-11-06,Paradise_WA,46.783333,-121.733333,,,,,-3.4,,,,,30.48,1654,,,,310,0.0,,
2011/11/07 00:00,2011-11-07,Paradise_WA,46.783333,-121.733333,,,,,-2.0,,,,,33.02,1654,,,,311,0.0,,
2011/11/08 00:00,2011-11-08,Paradise_WA,46.783333,-121.733333,,,,,-2.1,,,,,30.48,1654,,,,312,0.0,,
2011/11/09 00:00,2011-11-09,Paradise_WA,46.783333,-121.733333,,,,,-0.2,,,,,30.48,1654,,,,313,0.0,,
2011/11/10 00:00,2011-11-10,Paradise_WA,46.783333,-121.733333,,,,,2.2,,,,,33.02,1654,271.371433908046,,0.13124999403953552,314,0.13124999403953552,,
2011/11/11 00:00,2011-11-11,Paradise_WA,46.783333,-121.733333,,,,,4.1,,,,,30.48,1654,,,,315,0.13124999403953552,,
2011/11/12 00:00,2011-11-12,Paradise_WA,46.783333,-121.733333,,,,,-1.8,,,,,43.18,1654,,,,316,0.13124999403953552,,
2011/11/13 00:00,2011-11-13,Paradise_WA,46.783333,-121.733333,,,,,-2.7,,,,,58.42,1654,,,,317,0.0,,
2011/11/14 00:00,2011-11-14,Paradise_WA,46.783333,-121.733333,,,,,-2.3,,,,,99.06,1654,,,,318,0.0,,
2011/11/15 00:00,2011-11-15,Paradise_WA,46.783333,-121.733333,,,,,-4.6,,,,,129.54,1654,,,,319,0.0,,
2011/11/16 00:00,2011-11-16,Paradise_WA,46.783333,-121.733333,,,,,-3.4,,,,,127.0,1654,,,,320,0.0,,
2011/11/17 00:00,2011-11-17,Paradise_WA,46.783333,-121.733333,,,,,-0.1,,,,,142.24,1654,264.3577183908046,0.11877110808201281,0.6420673131942749,321,0.6420673131942749,,
2011/11/18 00:00,2011-11-18,Paradise_WA,46.783333,-121.733333,,,,,-5.3,,,,,167.64,1654,,,,322,0.6420673131942749,,
2011/11/19 00:00,2011-11-19,Paradise_WA,46.783333,-121.733333,,,,,-6.8,,,,,198.12,1654,,,,323,0.6420673131942749,,
2011/11/20 00:00,2011-11-20,Paradise_WA,46.783333,-121.733333,,,,,-6.6,,,,,213.36,1654,,,,324,0.0,,
2011/11/21 00:00,2011-11-21,Paradise_WA,46.783333,-121.733333,,,,,-6.0,,,,,218.44,1654,,,,325,0.0,,
2011/11/22 00:00,2011-11-22,Paradise_WA,46.783333,-121.733333,,,,,-0.8,,,,,238.76,1654,,,,326,0.0,,
2011/11/23 00:00,2011-11-23,Paradise_WA,46.783333,-121.733333,,,,,0.3,,,,,314.96,1654,,,,327,0.0,,
2011/11/24 00:00,2011-11-24,Paradise_WA,46.783333,-121.733333,,,,,-2.7,,,,,307.34,1654,266.3368275862069,,0.6565223932266235,328,0.6565223932266235,,
2011/11/25 00:00,2011-11-25,Paradise_WA,46.783333,-121.733333,,,,,-2.9,,,,,322.58,1654,,,,329,0.6565223932266235,,
2011/11/26 00:00,2011-11-26,Paradise_WA,46.783333,-121.733333,,,,,-5.4,,,,,355.6,1654,,,,330,0.6565223932266235,,
2011/11/27 00:00,2011-11-27,Paradise_WA,46.783333,-121.733333,,,,,4.9,,,,,360.68,1654,,,,331,0.0,,
2011/11/28 00:00,2011-11-28,Paradise_WA,46.783333,-121.733333,,,,,-2.0,,,,,373.38,1654,,,,332,0.0,,
2011/11/29 00:00,2011-11-29,Paradise_WA,46.783333,-121.733333,,,,,-2.2,,,,,373.38,1654,,,,333,0.0,,
2011/11/30 00:00,2011-11-30,Paradise_WA,46.783333,-121.733333,,,,,-3.6,,,,,375.92,1654,,,,334,0.0,,
2011/12/01 00:00,2011-12-01,Paradise_WA,46.783333,-121.733333,,,,,-3.1,,,,,398.78,1654,271.4116328338807,0.1484019244283475,0.10882371664047241,335,0.10882371664047241,,
2011/12/02 00:00,2011-12-02,Paradise_WA,46.783333,-121.733333,,,,,1.7,,,,,398.78,1654,,,,336,0.10882371664047241,,
2011/12/03 00:00,2011-12-03,Paradise_WA,46.783333,-121.733333,,,,,-4.5,,,,,401.32,1654,,,,337,0.10882371664047241,,
2011/12/04 00:00,2011-12-04,Paradise_WA,46.783333,-121.733333,,,,,-3.4,,,,,403.86,1654,,,,338,0.0,,
2011/12/05 00:00,2011-12-05,Paradise_WA,46.783333,-121.733333,,,,,0.3,,,,,406.4,1654,,,,339,0.0,,
2011/12/06 00:00,2011-12-06,Paradise_WA,46.783333,-121.733333,,,,,2.3,,,,,406.4,1654,,,,340,0.0,,
2011/12/07 00:00,2011-12-07,Paradise_WA,46.783333,-121.733333,,,,,0.5,,,,,408.94,1654,,,,341,0.0,,
2011/12/08 00:00,2011-12-08,Paradise_WA,46.783333,-121.733333,,,,,-0.3,,,,,411.48,1654,272.0059851532567,0.1484019244283475,0.03020833246409893,342,0.03020833246409893,,
2011/12/09 00:00,2011-12-09,Paradise_WA,46.783333,-121.733333,,,,,3.6,,,,,414.02,1654,,,,343,0.03020833246409893,,
2011/12/10 00:00,2011-12-10,Paradise_WA,46.783333,-121.733333,,,,,7.6,,,,,411.48,1654,,,,344,0.03020833246409893,,
2011/12/11 00:00,2011-12-11,Paradise_WA,46.783333,-121.733333,,,,,-3.5,,,,,416.56,1654,,,,345,0.0,,
2011/12/12 00:00,2011-12-12,Paradise_WA,46.783333,-121.733333,,,,,-5.6,,,,,416.56,1654,,,,346,0.0,,
2011/12/13 00:00,2011-12-13,Paradise_WA,46.783333,-121.733333,,,,,-4.4,,,,,416.56,1654,,,,347,0.0,,
2011/12/14 00:00,2011-12-14,Paradise_WA,46.783333,-121.733333,,,,,-1.4,,,,,419.1,1654,,,,348,0.0,,
2011/12/15 00:00,2011-12-15,Paradise_WA,46.783333,-121.733333,,,,,-1.8,,,,,421.64,1654,270.3226471264368,0.13773711139896375,0.04868589714169502,349,0.04868589714169502,,
2011/12/16 00:00,2011-12-16,Paradise_WA,46.783333,-121.733333,,,,,-1.8,,,,,439.42,1654,,,,350,0.04868589714169502,,
2011/12/17 00:00,2011-12-17,Paradise_WA,46.783333,-121.733333,,,,,0.4,,,,,441.96,1654,,,,351,0.04868589714169502,,
2011/12/18 00:00,2011-12-18,Paradise_WA,46.783333,-121.733333,,,,,8.2,,,,,439.42,1654,,,,352,0.0,,
2011/12/19 00:00,2011-12-19,Paradise_WA,46.783333,-121.733333,,,,,-1.8,,,,,441.96,1654,,,,353,0.0,,
2011/12/20 00:00,2011-12-20,Paradise_WA,46.783333,-121.733333,,,,,-0.7,,,,,444.5,1654,,,,354,0.0,,
2011/12/21 00:00,2011-12-21,Paradise_WA,46.783333,-121.733333,,,,,-1.8,,,,,444.5,1654,,,,355,0.0,,
2011/12/22 00:00,2011-12-22,Paradise_WA,46.783333,-121.733333,,,,,-4.3,,,,,444.5,1654,271.1143859195402,0.13773711139896375,0.22274038195610046,356,0.22274038195610046,,
2011/12/23 00:00,2011-12-23,Paradise_WA,46.783333,-121.733333,,,,,5.0,,,,,441.96,1654,,,,357,0.22274038195610046,,
2011/12/24 00:00,2011-12-24,Paradise_WA,46.783333,-121.733333,,,,,-1.2,,,,,434.34,1654,,,,358,0.22274038195610046,,
2011/12/25 00:00,2011-12-25,Paradise_WA,46.783333,-121.733333,,,,,3.2,,,,,429.26,1654,,,,359,0.0,,
2011/12/26 00:00,2011-12-26,Paradise_WA,46.783333,-121.733333,,,,,-3.6,,,,,452.12,1654,,,,360,0.0,,
2011/12/27 00:00,2011-12-27,Paradise_WA,46.783333,-121.733333,,,,,-5.2,,,,,462.28,1654,,,,361,0.0,,
2011/12/28 00:00,2011-12-28,Paradise_WA,46.783333,-121.733333,,,,,1.0,,,,,490.22,1654,,,,362,0.0,,
2011/12/29 00:00,2011-12-29,Paradise_WA,46.783333,-121.733333,,,,,0.4,,,,,525.78,1654,270.6495079086116,0.114135805267703,0.4712916612625122,363,0.4712916612625122,,
2011/12/30 00:00,2011-12-30,Paradise_WA,46.783333,-121.733333,,,,,-1.1,,,,,556.26,1654,,,,364,0.4712916612625122,,
2011/12/31 00:00,2011-12-31,Paradise_WA,46.783333,-121.733333,,,,,-5.8,,,,,609.6,1654,,,,365,0.4712916612625122,,
2012/01/01 00:00,2012-01-01,Paradise_WA,46.783333,-121.733333,,,,,-5.9,,,,,617.22,1654,,,,1,0.0,,
2012/01/02 00:00,2012-01-02,Paradise_WA,46.783333,-121.733333,,,,,0.5,,,,,624.84,1654,,,,2,0.0,,
2012/01/03 00:00,2012-01-03,Paradise_WA,46.783333,-121.733333,,,,,-0.2,,,,,632.46,1654,,,,3,0.0,,
2012/01/04 00:00,2012-01-04,Paradise_WA,46.783333,-121.733333,,,,,0.7,,,,,645.16,1654,,,,4,0.0,,
2012/01/05 00:00,2012-01-05,Paradise_WA,46.783333,-121.733333,,,,,1.7,,,,,655.32,1654,267.96533620689655,0.114135805267703,0.21951282024383545,5,0.21951282024383545,,
2012/01/06 00:00,2012-01-06,Paradise_WA,46.783333,-121.733333,,,,,-5.2,,,,,670.56,1654,,,,6,0.21951282024383545,,
2012/01/07 00:00,2012-01-07,Paradise_WA,46.783333,-121.733333,,,,,-6.3,,,,,668.02,1654,,,,7,0.21951282024383545,,
2012/01/08 00:00,2012-01-08,Paradise_WA,46.783333,-121.733333,,,,,-2.7,,,,,680.72,1654,,,,8,0.0,,
2012/01/09 00:00,2012-01-09,Paradise_WA,46.783333,-121.733333,,,,,1.0,,,,,680.72,1654,,,,9,0.0,,
2012/01/10 00:00,2012-01-10,Paradise_WA,46.783333,-121.733333,,,,,0.3,,,,,680.72,1654,,,,10,0.0,,
2012/01/11 00:00,2012-01-11,Paradise_WA,46.783333,-121.733333,,,,,-5.4,,,,,688.34,1654,,,,11,0.0,,
2012/01/12 00:00,2012-01-12,Paradise_WA,46.783333,-121.733333,,,,,1.1,,,,,688.34,1654,267.8404770114943,0.031035756692573416,0.15193909406661987,12,0.15193909406661987,,
2012/01/13 00:00,2012-01-13,Paradise_WA,46.783333,-121.733333,,,,,4.5,,,,,688.34,1654,,,,13,0.15193909406661987,,
2012/01/14 00:00,2012-01-14,Paradise_WA,46.783333,-121.733333,,,,,4.2,,,,,688.34,1654,,,,14,0.15193909406661987,,
2012/01/15 00:00,2012-01-15,Paradise_WA,46.783333,-121.733333,,,,,-8.7,,,,,701.04,1654,,,,15,0.0,,
2012/01/16 00:00,2012-01-16,Paradise_WA,46.783333,-121.733333,,,,,-8.4,,,,,718.82,1654,,,,16,0.0,,
2012/01/17 00:00,2012-01-17,Paradise_WA,46.783333,-121.733333,,,,,-9.1,,,,,734.06,1654,,,,17,0.0,,
2012/01/18 00:00,2012-01-18,Paradise_WA,46.783333,-121.733333,,,,,-9.6,,,,,784.86,1654,,,,18,0.0,,
2012/01/19 00:00,2012-01-19,Paradise_WA,46.783333,-121.733333,,,,,-0.1,,,,,830.58,1654,266.7246551724138,0.031035756692573416,0.46216344833374023,19,0.46216344833374023,,
2012/01/20 00:00,2012-01-20,Paradise_WA,46.783333,-121.733333,,,,,-2.6,,,,,883.92,1654,,,,20,0.46216344833374023,,
2012/01/21 00:00,2012-01-21,Paradise_WA,46.783333,-121.733333,,,,,-0.2,,,,,911.86,1654,,,,21,0.46216344833374023,,
2012/01/22 00:00,2012-01-22,Paradise_WA,46.783333,-121.733333,,,,,-5.6,,,,,939.8,1654,,,,22,0.0,,
2012/01/23 00:00,2012-01-23,Paradise_WA,46.783333,-121.733333,,,,,-2.6,,,,,962.66,1654,,,,23,0.0,,
2012/01/24 00:00,2012-01-24,Paradise_WA,46.783333,-121.733333,,,,,-4.3,,,,,967.74,1654,,,,24,0.0,,
2012/01/25 00:00,2012-01-25,Paradise_WA,46.783333,-121.733333,,,,,-0.1,,,,,1000.76,1654,,,,25,0.0,,
2012/01/26 00:00,2012-01-26,Paradise_WA,46.783333,-121.733333,,,,,-4.6,,,,,1038.86,1654,266.9571135057471,,0.43394869565963745,26,0.43394869565963745,,
2012/01/27 00:00,2012-01-27,Paradise_WA,46.783333,-121.733333,,,,,-7.0,,,,,1059.18,1654,,,,27,0.43394869565963745,,
2012/01/28 00:00,2012-01-28,Paradise_WA,46.783333,-121.733333,,,,,-5.4,,,,,1059.18,1654,,,,28,0.43394869565963745,,
2012/01/29 00:00,2012-01-29,Paradise_WA,46.783333,-121.733333,,,,,0.6,,,,,1059.18,1654,,,,29,0.0,,
2012/01/30 00:00,2012-01-30,Paradise_WA,46.783333,-121.733333,,,,,-0.1,,,,,1099.82,1654,,,,30,0.0,,
2012/01/31 00:00,2012-01-31,Paradise_WA,46.783333,-121.733333,,,,,-2.4,,,,,1137.92,1654,,,,31,0.0,,
2012/02/01 00:00,2012-02-01,Paradise_WA,46.783333,-121.733333,,,,,-0.2,,,,,1132.84,1654,,,,32,0.0,,
2012/02/02 00:00,2012-02-02,Paradise_WA,46.783333,-121.733333,,,,,-4.6,,,,,1158.24,1654,271.8082611932129,0.11869255097566327,0.27316346764564514,33,0.27316346764564514,,
2012/02/03 00:00,2012-02-03,Paradise_WA,46.783333,-121.733333,,,,,2.2,,,,,1158.24,1654,,,,34,0.27316346764564514,,
2012/02/04 00:00,2012-02-04,Paradise_WA,46.783333,-121.733333,,,,,1.0,,,,,1158.24,1654,,,,35,0.27316346764564514,,
2012/02/05 00:00,2012-02-05,Paradise_WA,46.783333,-121.733333,,,,,0.8,,,,,1158.24,1654,,,,36,0.0,,
2012/02/06 00:00,2012-02-06,Paradise_WA,46.783333,-121.733333,,,,,2.2,,,,,1155.7,1654,,,,37,0.0,,
2012/02/07 00:00,2012-02-07,Paradise_WA,46.783333,-121.733333,,,,,0.8,,,,,1155.7,1654,,,,38,0.0,,
2012/02/08 00:00,2012-02-08,Paradise_WA,46.783333,-121.733333,,,,,-0.2,,,,,1153.16,1654,,,,39,0.0,,
2012/02/09 00:00,2012-02-09,Paradise_WA,46.783333,-121.733333,,,,,1.2,,,,,1173.48,1654,272.8318528735632,,0.08599358797073364,40,0.08599358797073364,,
2012/02/10 00:00,2012-02-10,Paradise_WA,46.783333,-121.733333,,,,,3.7,,,,,1193.8,1654,,,,41,0.08599358797073364,,
2012/02/11 00:00,2012-02-11,Paradise_WA,46.783333,-121.733333,,,,,2.4,,,,,1191.26,1654,,,,42,0.08599358797073364,,
2012/02/12 00:00,2012-02-12,Paradise_WA,46.783333,-121.733333,,,,,-1.5,,,,,1193.8,1654,,,,43,0.0,,
2012/02/13 00:00,2012-02-13,Paradise_WA,46.783333,-121.733333,,,,,-1.5,,,,,1196.34,1654,,,,44,0.0,,
2012/02/14 00:00,2012-02-14,Paradise_WA,46.783333,-121.733333,,,,,-2.2,,,,,1201.42,1654,,,,45,0.0,,
2012/02/15 00:00,2012-02-15,Paradise_WA,46.783333,-121.733333,,,,,-3.9,,,,,1206.5,1654,,,,46,0.0,,
2012/02/16 00:00,2012-02-16,Paradise_WA,46.783333,-121.733333,,,,,-2.1,,,,,1203.96,1654,267.4785714285714,-0.01880813363557859,0.4073397219181061,47,0.4073397219181061,,
2012/02/17 00:00,2012-02-17,Paradise_WA,46.783333,-121.733333,,,,,-0.6,,,,,1209.04,1654,,,,48,0.4073397219181061,,
2012/02/18 00:00,2012-02-18,Paradise_WA,46.783333,-121.733333,,,,,0.0,,,,,1214.12,1654,,,,49,0.4073397219181061,,
2012/02/19 00:00,2012-02-19,Paradise_WA,46.783333,-121.733333,,,,,-4.9,,,,,1280.16,1654,,,,50,0.0,,
2012/02/20 00:00,2012-02-20,Paradise_WA,46.783333,-121.733333,,,,,-6.0,,,,,1308.1,1654,,,,51,0.0,,
2012/02/21 00:00,2012-02-21,Paradise_WA,46.783333,-121.733333,,,,,-1.6,,,,,1320.8,1654,,,,52,0.0,,
2012/02/22 00:00,2012-02-22,Paradise_WA,46.783333,-121.733333,,,,,-0.2,,,,,1450.34,1654,,,,53,0.0,,
2012/02/23 00:00,2012-02-23,Paradise_WA,46.783333,-121.733333,,,,,-4.4,,,,,1524.0,1654,264.1629827586207,-0.01880813363557859,0.42770832777023315,54,0.42770832777023315,,
2012/02/24 00:00,2012-02-24,Paradise_WA,46.783333,-121.733333,,,,,-3.9,,,,,1524.0,1654,,,,55,0.42770832777023315,,
2012/02/25 00:00,2012-02-25,Paradise_WA,46.783333,-121.733333,,,,,-0.8,,,,,1531.62,1654,,,,56,0.42770832777023315,,
2012/02/26 00:00,2012-02-26,Paradise_WA,46.783333,-121.733333,,,,,-7.2,,,,,1579.88,1654,,,,57,0.0,,
2012/02/27 00:00,2012-02-27,Paradise_WA,46.783333,-121.733333,,,,,-6.5,,,,,1592.58,1654,,,,58,0.0,,
2012/02/28 00:00,2012-02-28,Paradise_WA,46.783333,-121.733333,,,,,-5.8,,,,,1592.58,1654,,,,59,0.0,,
2012/02/29 00:00,2012-02-29,Paradise_WA,46.783333,-121.733333,,,,,-5.9,,,,,1592.58,1654,,,,60,0.0,,
2012/03/01 00:00,2012-03-01,Paradise_WA,46.783333,-121.733333,,,,,-5.9,,,,,1623.06,1654,267.4489612068966,0.054795164075993115,0.1138060912489891,61,0.1138060912489891,,
2012/03/02 00:00,2012-03-02,Paradise_WA,46.783333,-121.733333,,,,,-5.5,,,,,1643.38,1654,,,,62,0.1138060912489891,,
2012/03/03 00:00,2012-03-03,Paradise_WA,46.783333,-121.733333,,,,,-2.7,,,,,1648.46,1654,,,,63,0.1138060912489891,,
2012/03/04 00:00,2012-03-04,Paradise_WA,46.783333,-121.733333,,,,,0.2,,,,,1666.24,1654,,,,64,0.0,,
2012/03/05 00:00,2012-03-05,Paradise_WA,46.783333,-121.733333,,,,,1.3,,,,,1663.7,1654,,,,65,0.0,,
2012/03/06 00:00,2012-03-06,Paradise_WA,46.783333,-121.733333,,,,,-5.5,,,,,1678.94,1654,,,,66,0.0,,
2012/03/07 00:00,2012-03-07,Paradise_WA,46.783333,-121.733333,,,,,-6.6,,,,,1684.02,1654,,,,67,0.0,,
2012/03/08 00:00,2012-03-08,Paradise_WA,46.783333,-121.733333,,,,,-0.8,,,,,1684.02,1654,273.20228160919544,0.054795164075993115,0.15003204345703125,68,0.15003204345703125,,
2012/03/09 00:00,2012-03-09,Paradise_WA,46.783333,-121.733333,,,,,7.0,,,,,1684.02,1654,,,,69,0.15003204345703125,,
2012/03/10 00:00,2012-03-10,Paradise_WA,46.783333,-121.733333,,,,,4.1,,,,,1681.48,1654,,,,70,0.15003204345703125,,
2012/03/11 00:00,2012-03-11,Paradise_WA,46.783333,-121.733333,,,,,-0.9,,,,,1691.64,1654,,,,71,0.0,,
2012/03/12 00:00,2012-03-12,Paradise_WA,46.783333,-121.733333,,,,,-6.8,,,,,1719.58,1654,,,,72,0.0,,
2012/03/13 00:00,2012-03-13,Paradise_WA,46.783333,-121.733333,,,,,-1.8,,,,,1755.14,1654,,,,73,0.0,,
2012/03/14 00:00,2012-03-14,Paradise_WA,46.783333,-121.733333,,,,,-7.0,,,,,1778.0,1654,,,,74,0.0,,
2012/03/15 00:00,2012-03-15,Paradise_WA,46.783333,-121.733333,,,,,-2.4,,,,,1798.32,1654,269.2512155172414,0.03286802677029361,0.3322756290435791,75,0.3322756290435791,,
2012/03/16 00:00,2012-03-16,Paradise_WA,46.783333,-121.733333,,,,,-0.6,,,,,1844.04,1654,,,,76,0.3322756290435791,,
2012/03/17 00:00,2012-03-17,Paradise_WA,46.783333,-121.733333,,,,,-2.0,,,,,1854.2,1654,,,,77,0.3322756290435791,,
2012/03/18 00:00,2012-03-18,Paradise_WA,46.783333,-121.733333,,,,,-3.9,,,,,1869.44,1654,,,,78,0.0,,
2012/03/19 00:00,2012-03-19,Paradise_WA,46.783333,-121.733333,,,,,-4.7,,,,,1877.06,1654,,,,79,0.0,,
2012/03/20 00:00,2012-03-20,Paradise_WA,46.783333,-121.733333,,,,,-4.2,,,,,1882.14,1654,,,,80,0.0,,
2012/03/21 00:00,2012-03-21,Paradise_WA,46.783333,-121.733333,,,,,-5.4,,,,,1922.78,1654,,,,81,0.0,,
2012/03/22 00:00,2012-03-22,Paradise_WA,46.783333,-121.733333,,,,,-5.5,,,,,1940.56,1654,260.32272863568227,0.03286802677029361,0.19934295117855072,82,0.19934295117855072,,
2012/03/23 00:00,2012-03-23,Paradise_WA,46.783333,-121.733333,,,,,-2.6,,,,,1955.8,1654,,,,83,0.19934295117855072,,
2012/03/24 00:00,2012-03-24,Paradise_WA,46.783333,-121.733333,,,,,-1.6,,,,,1953.26,1654,,,,84,0.19934295117855072,,
2012/03/25 00:00,2012-03-25,Paradise_WA,46.783333,-121.733333,,,,,3.4,,,,,1955.8,1654,,,,85,0.0,,
2012/03/26 00:00,2012-03-26,Paradise_WA,46.783333,-121.733333,,,,,2.2,,,,,1935.48,1654,,,,86,0.0,,
2012/03/27 00:00,2012-03-27,Paradise_WA,46.783333,-121.733333,,,,,-0.8,,,,,1945.64,1654,,,,87,0.0,,
2012/03/28 00:00,2012-03-28,Paradise_WA,46.783333,-121.733333,,,,,-0.1,,,,,1968.5,1654,,,,88,0.0,,
2012/03/29 00:00,2012-03-29,Paradise_WA,46.783333,-121.733333,,,,,-1.4,,,,,1986.28,1654,272.0798103448276,,0.28780126571655273,89,0.28780126571655273,,
2012/03/30 00:00,2012-03-30,Paradise_WA,46.783333,-121.733333,,,,,-0.1,,,,,2032.0,1654,,,,90,0.28780126571655273,,
2012/03/31 00:00,2012-03-31,Paradise_WA,46.783333,-121.733333,,,,,-2.4,,,,,2062.48,1654,,,,91,0.28780126571655273,,
2012/04/01 00:00,2012-04-01,Paradise_WA,46.783333,-121.733333,,,,,0.4,,,,,2082.8,1654,,,,92,0.0,,
2012/04/02 00:00,2012-04-02,Paradise_WA,46.783333,-121.733333,,,,,-3.1,,,,,2108.2,1654,,,,93,0.0,,
2012/04/03 00:00,2012-04-03,Paradise_WA,46.783333,-121.733333,,,,,3.5,,,,,2108.2,1654,,,,94,0.0,,
2012/04/04 00:00,2012-04-04,Paradise_WA,46.783333,-121.733333,,,,,-1.4,,,,,2118.36,1654,,,,95,0.0,,
2012/04/05 00:00,2012-04-05,Paradise_WA,46.783333,-121.733333,,,,,-3.5,,,,,2118.36,1654,272.82159482758624,0.036518809369602764,0.16046153008937836,96,0.16046153008937836,,
2012/04/06 00:00,2012-04-06,Paradise_WA,46.783333,-121.733333,,,,,-3.4,,,,,2123.44,1654,,,,97,0.16046153008937836,,
2012/04/07 00:00,2012-04-07,Paradise_WA,46.783333,-121.733333,,,,,-3.0,,,,,2131.06,1654,,,,98,0.16046153008937836,,
2012/04/08 00:00,2012-04-08,Paradise_WA,46.783333,-121.733333,,,,,1.2,,,,,2133.6,1654,,,,99,0.0,,
2012/04/09 00:00,2012-04-09,Paradise_WA,46.783333,-121.733333,,,,,4.9,,,,,2136.14,1654,,,,100,0.0,,
2012/04/10 00:00,2012-04-10,Paradise_WA,46.783333,-121.733333,,,,,8.9,,,,,2113.28,1654,,,,101,0.0,,
2012/04/11 00:00,2012-04-11,Paradise_WA,46.783333,-121.733333,,,,,7.2,,,,,2103.12,1654,,,,102,0.0,,
2012/04/12 00:00,2012-04-12,Paradise_WA,46.783333,-121.733333,,,,,-0.2,,,,,2105.66,1654,275.24412068965523,0.036518809369602764,0.12243589013814926,103,0.12243589013814926,,
2012/04/13 00:00,2012-04-13,Paradise_WA,46.783333,-121.733333,,,,,0.8,,,,,2085.34,1654,,,,104,0.12243589013814926,,
2012/04/14 00:00,2012-04-14,Paradise_WA,46.783333,-121.733333,,,,,1.5,,,,,2072.64,1654,,,,105,0.12243589013814926,,
2012/04/15 00:00,2012-04-15,Paradise_WA,46.783333,-121.733333,,,,,2.6,,,,,2065.02,1654,,,,106,0.0,,
2012/04/16 00:00,2012-04-16,Paradise_WA,46.783333,-121.733333,,,,,5.9,,,,,2072.64,1654,,,,107,0.0,,
2012/04/17 00:00,2012-04-17,Paradise_WA,46.783333,-121.733333,,,,,0.5,,,,,2128.52,1654,,,,108,0.0,,
2012/04/18 00:00,2012-04-18,Paradise_WA,46.783333,-121.733333,,,,,-1.1,,,,,2105.66,1654,,,,109,0.0,,
2012/04/19 00:00,2012-04-19,Paradise_WA,46.783333,-121.733333,,,,,0.6,,,,,2077.72,1654,279.49709913793106,0.019192098445595857,0.11307691782712936,110,0.11307691782712936,,
2012/04/20 00:00,2012-04-20,Paradise_WA,46.783333,-121.733333,,,,,2.6,,,,,2098.04,1654,,,,111,0.11307691782712936,,
2012/04/21 00:00,2012-04-21,Paradise_WA,46.783333,-121.733333,,,,,1.5,,,,,2120.9,1654,,,,112,0.11307691782712936,,
2012/04/22 00:00,2012-04-22,Paradise_WA,46.783333,-121.733333,,,,,12.2,,,,,2072.64,1654,,,,113,0.0,,
2012/04/23 00:00,2012-04-23,Paradise_WA,46.783333,-121.733333,,,,,16.1,,,,,2082.8,1654,,,,114,0.0,,
2012/04/24 00:00,2012-04-24,Paradise_WA,46.783333,-121.733333,,,,,14.7,,,,,2065.02,1654,,,,115,0.0,,
2012/04/25 00:00,2012-04-25,Paradise_WA,46.783333,-121.733333,,,,,4.6,,,,,2052.32,1654,,,,116,0.0,,
2012/04/26 00:00,2012-04-26,Paradise_WA,46.783333,-121.733333,,,,,6.2,,,,,2044.7,1654,280.6213448275862,0.019192098445595857,0.15271954238414764,117,0.15271954238414764,,
2012/04/27 00:00,2012-04-27,Paradise_WA,46.783333,-121.733333,,,,,-0.8,,,,,2039.62,1654,,,,118,0.15271954238414764,,
2012/04/28 00:00,2012-04-28,Paradise_WA,46.783333,-121.733333,,,,,0.5,,,,,2037.08,1654,,,,119,0.15271954238414764,,
2012/04/29 00:00,2012-04-29,Paradise_WA,46.783333,-121.733333,,,,,3.2,,,,,2026.92,1654,,,,120,0.0,,
2012/04/30 00:00,2012-04-30,Paradise_WA,46.783333,-121.733333,,,,,5.8,,,,,2021.84,1654,,,,121,0.0,,
2012/05/01 00:00,2012-05-01,Paradise_WA,46.783333,-121.733333,,,,,-0.4,,,,,2054.86,1654,,,,122,0.0,,
2012/05/02 00:00,2012-05-02,Paradise_WA,46.783333,-121.733333,,,,,-2.0,,,,,2070.1,1654,,,,123,0.0,,
2012/05/03 00:00,2012-05-03,Paradise_WA,46.783333,-121.733333,,,,,1.3,,,,,2065.02,1654,277.35411206896555,0.026655764248704687,0.14691826701164246,124,0.14691826701164246,,
2012/05/04 00:00,2012-05-04,Paradise_WA,46.783333,-121.733333,,,,,0.3,,,,,2087.88,1654,,,,125,0.14691826701164246,,
2012/05/05 00:00,2012-05-05,Paradise_WA,46.783333,-121.733333,,,,,-1.6,,,,,2100.58,1654,,,,126,0.14691826701164246,,
2012/05/06 00:00,2012-05-06,Paradise_WA,46.783333,-121.733333,,,,,0.7,,,,,2108.2,1654,,,,127,0.0,,
2012/05/07 00:00,2012-05-07,Paradise_WA,46.783333,-121.733333,,,,,8.1,,,,,2110.74,1654,,,,128,0.0,,
2012/05/08 00:00,2012-05-08,Paradise_WA,46.783333,-121.733333,,,,,13.2,,,,,2125.98,1654,,,,129,0.0,,
2012/05/09 00:00,2012-05-09,Paradise_WA,46.783333,-121.733333,,,,,10.7,,,,,2153.92,1654,,,,130,0.0,,
2012/05/10 00:00,2012-05-10,Paradise_WA,46.783333,-121.733333,,,,,0.3,,,,,2136.14,1654,282.0684494252874,0.026655764248704687,0.06286858767271042,131,0.06286858767271042,,
2012/05/11 00:00,2012-05-11,Paradise_WA,46.783333,-121.733333,,,,,4.4,,,,,2125.98,1654,,,,132,0.06286858767271042,,
2012/05/12 00:00,2012-05-12,Paradise_WA,46.783333,-121.733333,,,,,10.6,,,,,2115.82,1654,,,,133,0.06286858767271042,,
2012/05/13 00:00,2012-05-13,Paradise_WA,46.783333,-121.733333,,,,,15.8,,,,,2115.82,1654,,,,134,0.0,,
2012/05/14 00:00,2012-05-14,Paradise_WA,46.783333,-121.733333,,,,,18.8,,,,,2120.9,1654,,,,135,0.0,,
2012/05/15 00:00,2012-05-15,Paradise_WA,46.783333,-121.733333,,,,,20.3,,,,,2113.28,1654,,,,136,0.0,,
2012/05/16 00:00,2012-05-16,Paradise_WA,46.783333,-121.733333,,,,,13.2,,,,,2095.5,1654,,,,137,0.0,,
2012/05/17 00:00,2012-05-17,Paradise_WA,46.783333,-121.733333,,,,,9.9,,,,,2077.72,1654,284.2589109195402,,0.1047435849905014,138,0.1047435849905014,,
2012/05/18 00:00,2012-05-18,Paradise_WA,46.783333,-121.733333,,,,,5.6,,,,,2044.7,1654,,,,139,0.1047435849905014,,
2012/05/19 00:00,2012-05-19,Paradise_WA,46.783333,-121.733333,,,,,5.6,,,,,2037.08,1654,,,,140,0.1047435849905014,,
2012/05/20 00:00,2012-05-20,Paradise_WA,46.783333,-121.733333,,,,,7.9,,,,,2026.92,1654,,,,141,0.0,,
2012/05/21 00:00,2012-05-21,Paradise_WA,46.783333,-121.733333,,,,,5.8,,,,,2024.38,1654,,,,142,0.0,,
2012/05/22 00:00,2012-05-22,Paradise_WA,46.783333,-121.733333,,,,,4.9,,,,,2019.3,1654,,,,143,0.0,,
2012/05/23 00:00,2012-05-23,Paradise_WA,46.783333,-121.733333,,,,,1.1,,,,,1993.9,1654,,,,144,0.0,,
2012/05/24 00:00,2012-05-24,Paradise_WA,46.783333,-121.733333,,,,,0.4,,,,,2026.92,1654,,0.026729064119170996,0.12009615451097488,145,0.12009615451097488,,
2012/05/25 00:00,2012-05-25,Paradise_WA,46.783333,-121.733333,,,,,3.8,,,,,2021.84,1654,,,,146,0.12009615451097488,,
2012/05/26 00:00,2012-05-26,Paradise_WA,46.783333,-121.733333,,,,,5.1,,,,,2014.22,1654,,,,147,0.12009615451097488,,
2012/05/27 00:00,2012-05-27,Paradise_WA,46.783333,-121.733333,,,,,9.8,,,,,2001.52,1654,,,,148,0.0,,
2012/05/28 00:00,2012-05-28,Paradise_WA,46.783333,-121.733333,,,,,7.6,,,,,2006.6,1654,,,,149,0.0,,
2012/05/29 00:00,2012-05-29,Paradise_WA,46.783333,-121.733333,,,,,4.5,,,,,1993.9,1654,,,,150,0.0,,
2012/05/30 00:00,2012-05-30,Paradise_WA,46.783333,-121.733333,,,,,7.8,,,,,1981.2,1654,,,,151,0.0,,
2012/05/31 00:00,2012-05-31,Paradise_WA,46.783333,-121.733333,,,,,11.1,,,,,1965.96,1654,,,0.10857371240854263,152,0.10857371240854263,,
2012/06/01 00:00,2012-06-01,Paradise_WA,46.783333,-121.733333,,,,,7.1,,,,,1943.1,1654,,,,153,0.10857371240854263,,
2012/06/02 00:00,2012-06-02,Paradise_WA,46.783333,-121.733333,,,,,10.2,,,,,1912.62,1654,,,,154,0.10857371240854263,,
2012/06/03 00:00,2012-06-03,Paradise_WA,46.783333,-121.733333,,,,,5.4,,,,,1887.22,1654,,,,155,0.0,,
2012/06/04 00:00,2012-06-04,Paradise_WA,46.783333,-121.733333,,,,,5.2,,,,,1877.06,1654,,,,156,0.0,,
2012/06/05 00:00,2012-06-05,Paradise_WA,46.783333,-121.733333,,,,,6.7,,,,,1864.36,1654,,,,157,0.0,,
2012/06/06 00:00,2012-06-06,Paradise_WA,46.783333,-121.733333,,,,,0.8,,,,,1851.66,1654,,,,158,0.0,,
2012/06/07 00:00,2012-06-07,Paradise_WA,46.783333,-121.733333,,,,,3.3,,,,,1846.58,1654,285.816275862069,0.04570857081174439,0.1216185912489891,159,0.1216185912489891,,
2012/06/08 00:00,2012-06-08,Paradise_WA,46.783333,-121.733333,,,,,2.6,,,,,1859.28,1654,,,,160,0.1216185912489891,,
2012/06/09 00:00,2012-06-09,Paradise_WA,46.783333,-121.733333,,,,,2.4,,,,,1846.58,1654,,,,161,0.1216185912489891,,
2012/06/10 00:00,2012-06-10,Paradise_WA,46.783333,-121.733333,,,,,1.4,,,,,1854.2,1654,,,,162,0.0,,
2012/06/11 00:00,2012-06-11,Paradise_WA,46.783333,-121.733333,,,,,9.9,,,,,1869.44,1654,,,,163,0.0,,
2012/06/12 00:00,2012-06-12,Paradise_WA,46.783333,-121.733333,,,,,14.7,,,,,1846.58,1654,,,,164,0.0,,
2012/06/13 00:00,2012-06-13,Paradise_WA,46.783333,-121.733333,,,,,6.7,,,,,1816.1,1654,,,,165,0.0,,
2012/06/14 00:00,2012-06-14,Paradise_WA,46.783333,-121.733333,,,,,2.6,,,,,1790.7,1654,284.42664080459764,0.04570857081174439,0.04932692274451256,166,0.04932692274451256,,
2012/06/15 00:00,2012-06-15,Paradise_WA,46.783333,-121.733333,,,,,7.8,,,,,1795.78,1654,,,,167,0.04932692274451256,,
2012/06/16 00:00,2012-06-16,Paradise_WA,46.783333,-121.733333,,,,,13.0,,,,,1770.38,1654,,,,168,0.04932692274451256,,
2012/06/17 00:00,2012-06-17,Paradise_WA,46.783333,-121.733333,,,,,11.9,,,,,1742.44,1654,,,,169,0.0,,
2012/06/18 00:00,2012-06-18,Paradise_WA,46.783333,-121.733333,,,,,4.8,,,,,1719.58,1654,,,,170,0.0,,
2012/06/19 00:00,2012-06-19,Paradise_WA,46.783333,-121.733333,,,,,2.6,,,,,1699.26,1654,,,,171,0.0,,
2012/06/20 00:00,2012-06-20,Paradise_WA,46.783333,-121.733333,,,,,5.0,,,,,1694.18,1654,,,,172,0.0,,
2012/06/21 00:00,2012-06-21,Paradise_WA,46.783333,-121.733333,,,,,15.2,,,,,1676.4,1654,281.8677586206897,0.13139173143350608,0.12092948704957962,173,0.12092948704957962,,
2012/06/22 00:00,2012-06-22,Paradise_WA,46.783333,-121.733333,,,,,16.3,,,,,1630.68,1654,,,,174,0.12092948704957962,,
2012/06/23 00:00,2012-06-23,Paradise_WA,46.783333,-121.733333,,,,,6.2,,,,,1615.44,1654,,,,175,0.12092948704957962,,
2012/06/24 00:00,2012-06-24,Paradise_WA,46.783333,-121.733333,,,,,3.3,,,,,1592.58,1654,,,,176,0.0,,
2012/06/25 00:00,2012-06-25,Paradise_WA,46.783333,-121.733333,,,,,7.5,,,,,1574.8,1654,,,,177,0.0,,
2012/06/26 00:00,2012-06-26,Paradise_WA,46.783333,-121.733333,,,,,6.7,,,,,1559.56,1654,,,,178,0.0,,
2012/06/27 00:00,2012-06-27,Paradise_WA,46.783333,-121.733333,,,,,3.8,,,,,1544.32,1654,,,,179,0.0,,
2012/06/28 00:00,2012-06-28,Paradise_WA,46.783333,-121.733333,,,,,14.7,,,,,1529.08,1654,281.9477068965518,0.13139173143350608,0.11429166793823242,180,0.11429166793823242,,
2012/06/29 00:00,2012-06-29,Paradise_WA,46.783333,-121.733333,,,,,12.0,,,,,1501.14,1654,,,,181,0.11429166793823242,,
2012/06/30 00:00,2012-06-30,Paradise_WA,46.783333,-121.733333,,,,,12.6,,,,,1457.96,1654,,,,182,0.11429166793823242,,
2012/07/01 00:00,2012-07-01,Paradise_WA,46.783333,-121.733333,,,,,9.9,,,,,1437.64,1654,,,,183,0.0,,
2012/07/02 00:00,2012-07-02,Paradise_WA,46.783333,-121.733333,,,,,8.9,,,,,1391.92,1654,,,,184,0.0,,
2012/07/03 00:00,2012-07-03,Paradise_WA,46.783333,-121.733333,,,,,9.7,,,,,1379.22,1654,,,,185,0.0,,
2012/07/04 00:00,2012-07-04,Paradise_WA,46.783333,-121.733333,,,,,4.4,,,,,1348.74,1654,,,,186,0.0,,
2012/07/05 00:00,2012-07-05,Paradise_WA,46.783333,-121.733333,,,,,12.8,,,,,1338.58,1654,292.0782679597702,0.29906724956822117,0.029307691380381584,187,0.029307691380381584,,
2012/07/06 00:00,2012-07-06,Paradise_WA,46.783333,-121.733333,,,,,16.4,,,,,1308.1,1654,,,,188,0.029307691380381584,,
2012/07/07 00:00,2012-07-07,Paradise_WA,46.783333,-121.733333,,,,,18.7,,,,,1270.0,1654,,,,189,0.029307691380381584,,
2012/07/08 00:00,2012-07-08,Paradise_WA,46.783333,-121.733333,,,,,20.8,,,,,1214.12,1654,,,,190,0.0,,
2012/07/09 00:00,2012-07-09,Paradise_WA,46.783333,-121.733333,,,,,21.7,,,,,1148.08,1654,,,,191,0.0,,
2012/07/10 00:00,2012-07-10,Paradise_WA,46.783333,-121.733333,,,,,19.8,,,,,1076.96,1654,,,,192,0.0,,
2012/07/11 00:00,2012-07-11,Paradise_WA,46.783333,-121.733333,,,,,17.3,,,,,1031.24,1654,,,,193,0.0,,
2012/07/12 00:00,2012-07-12,Paradise_WA,46.783333,-121.733333,,,,,20.1,,,,,990.6,1654,293.4843175424193,0.29906724956822117,0.05588140711188316,194,0.05588140711188316,,
2012/07/13 00:00,2012-07-13,Paradise_WA,46.783333,-121.733333,,,,,18.3,,,,,937.26,1654,,,,195,0.05588140711188316,,
2012/07/14 00:00,2012-07-14,Paradise_WA,46.783333,-121.733333,,,,,15.6,,,,,883.92,1654,,,,196,0.05588140711188316,,
2012/07/15 00:00,2012-07-15,Paradise_WA,46.783333,-121.733333,,,,,15.4,,,,,828.04,1654,,,,197,0.0,,
2012/07/16 00:00,2012-07-16,Paradise_WA,46.783333,-121.733333,,,,,8.6,,,,,772.16,1654,,,,198,0.0,,
2012/07/17 00:00,2012-07-17,Paradise_WA,46.783333,-121.733333,,,,,18.7,,,,,736.6,1654,,,,199,0.0,,
2012/07/18 00:00,2012-07-18,Paradise_WA,46.783333,-121.733333,,,,,17.0,,,,,668.02,1654,,,,200,0.0,,
2012/07/19 00:00,2012-07-19,Paradise_WA,46.783333,-121.733333,,,,,15.8,,,,,609.6,1654,291.8987974137931,,0.05014422908425331,201,0.05014422908425331,,
2012/07/20 00:00,2012-07-20,Paradise_WA,46.783333,-121.733333,,,,,19.1,,,,,548.64,1654,,,,202,0.05014422908425331,,
2012/07/21 00:00,2012-07-21,Paradise_WA,46.783333,-121.733333,,,,,8.6,,,,,492.76,1654,,,,203,0.05014422908425331,,
2012/07/22 00:00,2012-07-22,Paradise_WA,46.783333,-121.733333,,,,,16.3,,,,,459.74,1654,,,,204,0.0,,
2012/07/23 00:00,2012-07-23,Paradise_WA,46.783333,-121.733333,,,,,8.7,,,,,416.56,1654,,,,205,0.0,,
2012/07/24 00:00,2012-07-24,Paradise_WA,46.783333,-121.733333,,,,,7.1,,,,,373.38,1654,,,,206,0.0,,
2012/07/25 00:00,2012-07-25,Paradise_WA,46.783333,-121.733333,,,,,16.2,,,,,350.52,1654,,,,207,0.0,,
2012/07/26 00:00,2012-07-26,Paradise_WA,46.783333,-121.733333,,,,,20.0,,,,,281.94,1654,291.66169195402307,0.6280933613989637,0.04291345924139023,208,0.04291345924139023,,
2012/07/27 00:00,2012-07-27,Paradise_WA,46.783333,-121.733333,,,,,20.5,,,,,182.88,1654,,,,209,0.04291345924139023,,
2012/07/28 00:00,2012-07-28,Paradise_WA,46.783333,-121.733333,,,,,13.9,,,,,83.82,1654,,,,210,0.04291345924139023,,
2012/07/29 00:00,2012-07-29,Paradise_WA,46.783333,-121.733333,,,,,14.6,,,,,5.08,1654,,,,211,0.0,,
2012/07/30 00:00,2012-07-30,Paradise_WA,46.783333,-121.733333,,,,,14.7,,,,,-12.7,1654,,,,212,0.0,,
2012/07/31 00:00,2012-07-31,Paradise_WA,46.783333,-121.733333,,,,,14.2,,,,,-12.7,1654,,,,213,0.0,,
2012/08/01 00:00,2012-08-01,Paradise_WA,46.783333,-121.733333,,,,,14.6,,,,,,1654,,,,214,0.0,,
2012/08/02 00:00,2012-08-02,Paradise_WA,46.783333,-121.733333,,,,,13.7,,,,,,1654,294.2821348659004,0.6280933613989637,0.05349038541316986,215,0.05349038541316986,,
2012/08/03 00:00,2012-08-03,Paradise_WA,46.783333,-121.733333,,,,,11.8,,,,,,1654,,,,216,0.05349038541316986,,
2012/08/04 00:00,2012-08-04,Paradise_WA,46.783333,-121.733333,,,,,20.0,,,,,,1654,,,,217,0.05349038541316986,,
2012/08/05 00:00,2012-08-05,Paradise_WA,46.783333,-121.733333,,,,,26.4,,,,,,1654,,,,218,0.0,,
2012/08/06 00:00,2012-08-06,Paradise_WA,46.783333,-121.733333,,,,,26.0,,,,,,1654,,,,219,0.0,,
2012/08/07 00:00,2012-08-07,Paradise_WA,46.783333,-121.733333,,,,,24.7,,,,,,1654,,,,220,0.0,,
2012/08/08 00:00,2012-08-08,Paradise_WA,46.783333,-121.733333,,,,,18.9,,,,,,1654,,,,221,0.0,,
2012/08/09 00:00,2012-08-09,Paradise_WA,46.783333,-121.733333,,,,,13.0,,,,,,1654,296.3984956896552,0.7728253238341969,0.029743589460849762,222,0.029743589460849762,,
2012/08/10 00:00,2012-08-10,Paradise_WA,46.783333,-121.733333,,,,,14.8,,,,,-12.7,1654,,,,223,0.029743589460849762,,
2012/08/11 00:00,2012-08-11,Paradise_WA,46.783333,-121.733333,,,,,16.7,,,,,-12.7,1654,,,,224,0.029743589460849762,,
2012/08/12 00:00,2012-08-12,Paradise_WA,46.783333,-121.733333,,,,,20.9,,,,,-12.7,1654,,,,225,0.0,,
2012/08/13 00:00,2012-08-13,Paradise_WA,46.783333,-121.733333,,,,,21.8,,,,,,1654,,,,226,0.0,,
2012/08/14 00:00,2012-08-14,Paradise_WA,46.783333,-121.733333,,,,,21.0,,,,,,1654,,,,227,0.0,,
2012/08/15 00:00,2012-08-15,Paradise_WA,46.783333,-121.733333,,,,,20.0,,,,,,1654,,,,228,0.0,,
2012/08/16 00:00,2012-08-16,Paradise_WA,46.783333,-121.733333,,,,,22.4,,,,,,1654,295.1302985893417,0.7728253238341969,0.010512820445001125,229,0.010512820445001125,,
2012/08/17 00:00,2012-08-17,Paradise_WA,46.783333,-121.733333,,,,,24.2,,,,,,1654,,,,230,0.010512820445001125,,
2012/08/18 00:00,2012-08-18,Paradise_WA,46.783333,-121.733333,,,,,24.9,,,,,,1654,,,,231,0.010512820445001125,,
2012/08/19 00:00,2012-08-19,Paradise_WA,46.783333,-121.733333,,,,,21.3,,,,,,1654,,,,232,0.0,,
2012/08/20 00:00,2012-08-20,Paradise_WA,46.783333,-121.733333,,,,,17.8,,,,,,1654,,,,233,0.0,,
2012/08/21 00:00,2012-08-21,Paradise_WA,46.783333,-121.733333,,,,,15.6,,,,,,1654,,,,234,0.0,,
2012/08/22 00:00,2012-08-22,Paradise_WA,46.783333,-121.733333,,,,,11.4,,,,,-12.7,1654,,,,235,0.0,,
2012/08/23 00:00,2012-08-23,Paradise_WA,46.783333,-121.733333,,,,,10.0,,,,,-12.7,1654,291.72550628762997,0.7940444030656305,0.01945512741804123,236,0.01945512741804123,,
2012/08/24 00:00,2012-08-24,Paradise_WA,46.783333,-121.733333,,,,,9.5,,,,,-10.16,1654,,,,237,0.01945512741804123,,
2012/08/25 00:00,2012-08-25,Paradise_WA,46.783333,-121.733333,,,,,12.8,,,,,-10.16,1654,,,,238,0.01945512741804123,,
2012/08/26 00:00,2012-08-26,Paradise_WA,46.783333,-121.733333,,,,,18.5,,,,,-12.7,1654,,,,239,0.0,,
2012/08/27 00:00,2012-08-27,Paradise_WA,46.783333,-121.733333,,,,,15.0,,,,,-12.7,1654,,,,240,0.0,,
2012/08/28 00:00,2012-08-28,Paradise_WA,46.783333,-121.733333,,,,,12.3,,,,,-10.16,1654,,,,241,0.0,,
2012/08/29 00:00,2012-08-29,Paradise_WA,46.783333,-121.733333,,,,,12.2,,,,,-12.7,1654,,,,242,0.0,,
2012/08/30 00:00,2012-08-30,Paradise_WA,46.783333,-121.733333,,,,,9.0,,,,,-10.16,1654,289.86320579937313,0.7940444030656305,0.040011215955019,243,0.040011215955019,,
2012/08/31 00:00,2012-08-31,Paradise_WA,46.783333,-121.733333,,,,,13.8,,,,,-12.7,1654,,,,244,0.040011215955019,,
2012/09/01 00:00,2012-09-01,Paradise_WA,46.783333,-121.733333,,,,,11.6,,,,,-12.7,1654,,,,245,0.040011215955019,,
2012/09/02 00:00,2012-09-02,Paradise_WA,46.783333,-121.733333,,,,,11.0,,,,,-12.7,1654,,,,246,0.0,,
2012/09/03 00:00,2012-09-03,Paradise_WA,46.783333,-121.733333,,,,,12.0,,,,,-10.16,1654,,,,247,0.0,,
2012/09/04 00:00,2012-09-04,Paradise_WA,46.783333,-121.733333,,,,,12.9,,,,,-10.16,1654,,,,248,0.0,,
2012/09/05 00:00,2012-09-05,Paradise_WA,46.783333,-121.733333,,,,,15.3,,,,,-10.16,1654,,,,249,0.0,,
2012/09/06 00:00,2012-09-06,Paradise_WA,46.783333,-121.733333,,,,,17.2,,,,,-10.16,1654,290.4781285440614,,0.0507163442671299,250,0.0507163442671299,,
2012/09/07 00:00,2012-09-07,Paradise_WA,46.783333,-121.733333,,,,,19.0,,,,,-10.16,1654,,,,251,0.0507163442671299,,
2012/09/08 00:00,2012-09-08,Paradise_WA,46.783333,-121.733333,,,,,22.0,,,,,-10.16,1654,,,,252,0.0507163442671299,,
2012/09/09 00:00,2012-09-09,Paradise_WA,46.783333,-121.733333,,,,,17.5,,,,,-12.7,1654,,,,253,0.0,,
2012/09/10 00:00,2012-09-10,Paradise_WA,46.783333,-121.733333,,,,,7.7,,,,,-10.16,1654,,,,254,0.0,,
2012/09/11 00:00,2012-09-11,Paradise_WA,46.783333,-121.733333,,,,,6.4,,,,,-10.16,1654,,,,255,0.0,,
2012/09/12 00:00,2012-09-12,Paradise_WA,46.783333,-121.733333,,,,,9.4,,,,,-7.62,1654,,,,256,0.0,,
2012/09/13 00:00,2012-09-13,Paradise_WA,46.783333,-121.733333,,,,,15.1,,,,,-10.16,1654,292.4750499042146,0.742219397668394,0.0357852540910244,257,0.0357852540910244,,
2012/09/14 00:00,2012-09-14,Paradise_WA,46.783333,-121.733333,,,,,21.8,,,,,-12.7,1654,,,,258,0.0357852540910244,,
2012/09/15 00:00,2012-09-15,Paradise_WA,46.783333,-121.733333,,,,,16.6,,,,,-12.7,1654,,,,259,0.0357852540910244,,
2012/09/16 00:00,2012-09-16,Paradise_WA,46.783333,-121.733333,,,,,15.8,,,,,-12.7,1654,,,,260,0.0,,
2012/09/17 00:00,2012-09-17,Paradise_WA,46.783333,-121.733333,,,,,15.8,,,,,-12.7,1654,,,,261,0.0,,
2012/09/18 00:00,2012-09-18,Paradise_WA,46.783333,-121.733333,,,,,19.9,,,,,-12.7,1654,,,,262,0.0,,
2012/09/19 00:00,2012-09-19,Paradise_WA,46.783333,-121.733333,,,,,20.0,,,,,-12.7,1654,,,,263,0.0,,
2012/09/20 00:00,2012-09-20,Paradise_WA,46.783333,-121.733333,,,,,20.4,,,,,-12.7,1654,292.7034165982485,,0.03415064141154289,264,0.03415064141154289,,
2012/09/21 00:00,2012-09-21,Paradise_WA,46.783333,-121.733333,,,,,23.1,,,,,-12.7,1654,,,,265,0.03415064141154289,,
2012/09/22 00:00,2012-09-22,Paradise_WA,46.783333,-121.733333,,,,,13.1,,,,,-10.16,1654,,,,266,0.03415064141154289,,
2012/09/23 00:00,2012-09-23,Paradise_WA,46.783333,-121.733333,,,,,5.7,,,,,-7.62,1654,,,,267,0.0,,
2012/09/24 00:00,2012-09-24,Paradise_WA,46.783333,-121.733333,,,,,12.2,,,,,-10.16,1654,,,,268,0.0,,
2012/09/25 00:00,2012-09-25,Paradise_WA,46.783333,-121.733333,,,,,10.8,,,,,-10.16,1654,,,,269,0.0,,
2012/09/26 00:00,2012-09-26,Paradise_WA,46.783333,-121.733333,,,,,7.7,,,,,-7.62,1654,,,,270,0.0,,
2012/09/27 00:00,2012-09-27,Paradise_WA,46.783333,-121.733333,,,,,13.0,,,,,-7.62,1654,289.2872940065682,0.7488895833333337,0.05287660285830498,271,0.05287660285830498,,
2012/09/28 00:00,2012-09-28,Paradise_WA,46.783333,-121.733333,,,,,15.8,,,,,-10.16,1654,,,,272,0.05287660285830498,,
2012/09/29 00:00,2012-09-29,Paradise_WA,46.783333,-121.733333,,,,,14.0,,,,,-7.62,1654,,,,273,0.05287660285830498,,
2012/09/30 00:00,2012-09-30,Paradise_WA,46.783333,-121.733333,,,,,10.0,,,,,-7.62,1654,,,,274,0.0,,
2012/10/01 00:00,2012-10-01,Paradise_WA,46.783333,-121.733333,,,,,10.7,,,,,-2.54,1654,,,,275,0.0,,
2012/10/02 00:00,2012-10-02,Paradise_WA,46.783333,-121.733333,,,,,14.0,,,,,-5.08,1654,,,,276,0.0,,
2012/10/03 00:00,2012-10-03,Paradise_WA,46.783333,-121.733333,,,,,6.0,,,,,-2.54,1654,,,,277,0.0,,
2012/10/04 00:00,2012-10-04,Paradise_WA,46.783333,-121.733333,,,,,6.7,,,,,-2.54,1654,287.04492241379313,0.7488895833333337,0.0337580107152462,278,0.0337580107152462,,
2012/10/05 00:00,2012-10-05,Paradise_WA,46.783333,-121.733333,,,,,7.2,,,,,0.0,1654,,,,279,0.0337580107152462,,
2012/10/06 00:00,2012-10-06,Paradise_WA,46.783333,-121.733333,,,,,7.4,,,,,2.54,1654,,,,280,0.0337580107152462,,
2012/10/07 00:00,2012-10-07,Paradise_WA,46.783333,-121.733333,,,,,9.7,,,,,2.54,1654,,,,281,0.0,,
2012/10/08 00:00,2012-10-08,Paradise_WA,46.783333,-121.733333,,,,,14.4,,,,,0.0,1654,,,,282,0.0,,
2012/10/09 00:00,2012-10-09,Paradise_WA,46.783333,-121.733333,,,,,11.2,,,,,0.0,1654,,,,283,0.0,,
2012/10/10 00:00,2012-10-10,Paradise_WA,46.783333,-121.733333,,,,,12.0,,,,,0.0,1654,,,,284,0.0,,
2012/10/11 00:00,2012-10-11,Paradise_WA,46.783333,-121.733333,,,,,9.7,,,,,0.0,1654,287.4158103448276,0.4764030656303973,0.1688942313194275,285,0.1688942313194275,,
2012/10/12 00:00,2012-10-12,Paradise_WA,46.783333,-121.733333,,,,,12.9,,,,,0.0,1654,,,,286,0.1688942313194275,,
2012/10/13 00:00,2012-10-13,Paradise_WA,46.783333,-121.733333,,,,,5.5,,,,,0.0,1654,,,,287,0.1688942313194275,,
2012/10/14 00:00,2012-10-14,Paradise_WA,46.783333,-121.733333,,,,,6.4,,,,,2.54,1654,,,,288,0.0,,
2012/10/15 00:00,2012-10-15,Paradise_WA,46.783333,-121.733333,,,,,6.0,,,,,0.0,1654,,,,289,0.0,,
2012/10/16 00:00,2012-10-16,Paradise_WA,46.783333,-121.733333,,,,,8.0,,,,,10.16,1654,,,,290,0.0,,
2012/10/17 00:00,2012-10-17,Paradise_WA,46.783333,-121.733333,,,,,-0.3,,,,,-2.54,1654,,,,291,0.0,,
2012/10/18 00:00,2012-10-18,Paradise_WA,46.783333,-121.733333,,,,,4.0,,,,,0.0,1654,276.2471129707113,0.4764030656303973,0.2941987216472626,292,0.2941987216472626,,
2012/10/19 00:00,2012-10-19,Paradise_WA,46.783333,-121.733333,,,,,13.8,,,,,-5.08,1654,,,,293,0.2941987216472626,,
2012/10/20 00:00,2012-10-20,Paradise_WA,46.783333,-121.733333,,,,,3.7,,,,,-2.54,1654,,,,294,0.2941987216472626,,
2012/10/21 00:00,2012-10-21,Paradise_WA,46.783333,-121.733333,,,,,-3.1,,,,,5.08,1654,,,,295,0.0,,
2012/10/22 00:00,2012-10-22,Paradise_WA,46.783333,-121.733333,,,,,-1.8,,,,,15.24,1654,,,,296,0.0,,
2012/10/23 00:00,2012-10-23,Paradise_WA,46.783333,-121.733333,,,,,-2.4,,,,,20.32,1654,,,,297,0.0,,
2012/10/24 00:00,2012-10-24,Paradise_WA,46.783333,-121.733333,,,,,-2.2,,,,,20.32,1654,,,,298,0.0,,
2012/10/25 00:00,2012-10-25,Paradise_WA,46.783333,-121.733333,,,,,-1.8,,,,,30.48,1654,262.0769270833334,0.10230104706390329,0.4585416615009308,299,0.4585416615009308,,
2012/10/26 00:00,2012-10-26,Paradise_WA,46.783333,-121.733333,,,,,-0.8,,,,,30.48,1654,,,,300,0.4585416615009308,,
2012/10/27 00:00,2012-10-27,Paradise_WA,46.783333,-121.733333,,,,,0.3,,,,,43.18,1654,,,,301,0.4585416615009308,,
2012/10/28 00:00,2012-10-28,Paradise_WA,46.783333,-121.733333,,,,,3.2,,,,,78.74,1654,,,,302,0.0,,
2012/10/29 00:00,2012-10-29,Paradise_WA,46.783333,-121.733333,,,,,3.6,,,,,40.64,1654,,,,303,0.0,,
2012/10/30 00:00,2012-10-30,Paradise_WA,46.783333,-121.733333,,,,,3.9,,,,,17.78,1654,,,,304,0.0,,
2012/10/31 00:00,2012-10-31,Paradise_WA,46.783333,-121.733333,,,,,6.5,,,,,10.16,1654,,,,305,0.0,,
2012/11/01 00:00,2012-11-01,Paradise_WA,46.783333,-121.733333,,,,,3.7,,,,,2.54,1654,262.0275520833333,0.10230104706390329,0.36910736560821533,306,0.36910736560821533,,
2012/11/02 00:00,2012-11-02,Paradise_WA,46.783333,-121.733333,,,,,3.2,,,,,2.54,1654,,,,307,0.36910736560821533,,
2012/11/03 00:00,2012-11-03,Paradise_WA,46.783333,-121.733333,,,,,2.5,,,,,2.54,1654,,,,308,0.36910736560821533,,
2012/11/04 00:00,2012-11-04,Paradise_WA,46.783333,-121.733333,,,,,5.4,,,,,2.54,1654,,,,309,0.0,,
2012/11/05 00:00,2012-11-05,Paradise_WA,46.783333,-121.733333,,,,,8.2,,,,,0.0,1654,,,,310,0.0,,
2012/11/06 00:00,2012-11-06,Paradise_WA,46.783333,-121.733333,,,,,5.4,,,,,-2.54,1654,,,,311,0.0,,
2012/11/07 00:00,2012-11-07,Paradise_WA,46.783333,-121.733333,,,,,7.1,,,,,0.0,1654,,,,312,0.0,,
2012/11/08 00:00,2012-11-08,Paradise_WA,46.783333,-121.733333,,,,,-2.1,,,,,0.0,1654,,,0.12198717892169952,313,0.12198717892169952,,
2012/11/09 00:00,2012-11-09,Paradise_WA,46.783333,-121.733333,,,,,-3.5,,,,,10.16,1654,,,,314,0.12198717892169952,,
2012/11/10 00:00,2012-11-10,Paradise_WA,46.783333,-121.733333,,,,,-4.6,,,,,15.24,1654,,,,315,0.12198717892169952,,
2012/11/11 00:00,2012-11-11,Paradise_WA,46.783333,-121.733333,,,,,-6.0,,,,,27.94,1654,,,,316,0.0,,
2012/11/12 00:00,2012-11-12,Paradise_WA,46.783333,-121.733333,,,,,-1.5,,,,,38.1,1654,,,,317,0.0,,
2012/11/13 00:00,2012-11-13,Paradise_WA,46.783333,-121.733333,,,,,0.3,,,,,78.74,1654,,,,318,0.0,,
2012/11/14 00:00,2012-11-14,Paradise_WA,46.783333,-121.733333,,,,,0.2,,,,,71.12,1654,,,,319,0.0,,
2012/11/15 00:00,2012-11-15,Paradise_WA,46.783333,-121.733333,,,,,-0.3,,,,,86.36,1654,273.89336206896553,0.12824785189982732,0.45107370615005493,320,0.45107370615005493,,
2012/11/16 00:00,2012-11-16,Paradise_WA,46.783333,-121.733333,,,,,0.2,,,,,83.82,1654,,,,321,0.45107370615005493,,
2012/11/17 00:00,2012-11-17,Paradise_WA,46.783333,-121.733333,,,,,2.1,,,,,83.82,1654,,,,322,0.45107370615005493,,
2012/11/18 00:00,2012-11-18,Paradise_WA,46.783333,-121.733333,,,,,-2.0,,,,,86.36,1654,,,,323,0.0,,
2012/11/19 00:00,2012-11-19,Paradise_WA,46.783333,-121.733333,,,,,-1.1,,,,,99.06,1654,,,,324,0.0,,
2012/11/20 00:00,2012-11-20,Paradise_WA,46.783333,-121.733333,,,,,1.3,,,,,162.56,1654,,,,325,0.0,,
2012/11/21 00:00,2012-11-21,Paradise_WA,46.783333,-121.733333,,,,,-1.8,,,,,152.4,1654,,,,326,0.0,,
2012/11/22 00:00,2012-11-22,Paradise_WA,46.783333,-121.733333,,,,,-4.4,,,,,177.8,1654,269.30070689655173,0.12824785189982732,0.661634624004364,327,0.661634624004364,,
2012/11/23 00:00,2012-11-23,Paradise_WA,46.783333,-121.733333,,,,,-2.0,,,,,185.42,1654,,,,328,0.661634624004364,,
2012/11/24 00:00,2012-11-24,Paradise_WA,46.783333,-121.733333,,,,,2.3,,,,,218.44,1654,,,,329,0.661634624004364,,
2012/11/25 00:00,2012-11-25,Paradise_WA,46.783333,-121.733333,,,,,-2.4,,,,,198.12,1654,,,,330,0.0,,
2012/11/26 00:00,2012-11-26,Paradise_WA,46.783333,-121.733333,,,,,-2.1,,,,,200.66,1654,,,,331,0.0,,
2012/11/27 00:00,2012-11-27,Paradise_WA,46.783333,-121.733333,,,,,0.1,,,,,203.2,1654,,,,332,0.0,,
2012/11/28 00:00,2012-11-28,Paradise_WA,46.783333,-121.733333,,,,,4.7,,,,,203.2,1654,,,,333,0.0,,
2012/11/29 00:00,2012-11-29,Paradise_WA,46.783333,-121.733333,,,,,2.3,,,,,208.28,1654,269.30070689655173,0.009021340673575134,0.6410881280899048,334,0.6410881280899048,,
2012/11/30 00:00,2012-11-30,Paradise_WA,46.783333,-121.733333,,,,,0.8,,,,,210.82,1654,,,,335,0.6410881280899048,,
2012/12/01 00:00,2012-12-01,Paradise_WA,46.783333,-121.733333,,,,,1.0,,,,,213.36,1654,,,,336,0.6410881280899048,,
2012/12/02 00:00,2012-12-02,Paradise_WA,46.783333,-121.733333,,,,,-1.8,,,,,233.68,1654,,,,337,0.0,,
2012/12/03 00:00,2012-12-03,Paradise_WA,46.783333,-121.733333,,,,,-2.2,,,,,274.32,1654,,,,338,0.0,,
2012/12/04 00:00,2012-12-04,Paradise_WA,46.783333,-121.733333,,,,,-0.2,,,,,309.88,1654,,,,339,0.0,,
2012/12/05 00:00,2012-12-05,Paradise_WA,46.783333,-121.733333,,,,,-0.1,,,,,335.28,1654,,,,340,0.0,,
2012/12/06 00:00,2012-12-06,Paradise_WA,46.783333,-121.733333,,,,,-4.8,,,,,342.9,1654,,0.009021340673575134,0.44996634125709534,341,0.44996634125709534,,
2012/12/07 00:00,2012-12-07,Paradise_WA,46.783333,-121.733333,,,,,-3.7,,,,,373.38,1654,,,,342,0.44996634125709534,,
2012/12/08 00:00,2012-12-08,Paradise_WA,46.783333,-121.733333,,,,,-5.9,,,,,429.26,1654,,,,343,0.44996634125709534,,
2012/12/09 00:00,2012-12-09,Paradise_WA,46.783333,-121.733333,,,,,-6.2,,,,,449.58,1654,,,,344,0.0,,
2012/12/10 00:00,2012-12-10,Paradise_WA,46.783333,-121.733333,,,,,-0.6,,,,,469.9,1654,,,,345,0.0,,
2012/12/11 00:00,2012-12-11,Paradise_WA,46.783333,-121.733333,,,,,-1.4,,,,,469.9,1654,,,,346,0.0,,
2012/12/12 00:00,2012-12-12,Paradise_WA,46.783333,-121.733333,,,,,-2.5,,,,,485.14,1654,,,,347,0.0,,
2012/12/13 00:00,2012-12-13,Paradise_WA,46.783333,-121.733333,,,,,-4.0,,,,,505.46,1654,267.5632586206896,0.03631359563903281,0.2668910324573517,348,0.2668910324573517,,
2012/12/14 00:00,2012-12-14,Paradise_WA,46.783333,-121.733333,,,,,-4.4,,,,,508.0,1654,,,,349,0.2668910324573517,,
2012/12/15 00:00,2012-12-15,Paradise_WA,46.783333,-121.733333,,,,,-4.7,,,,,533.4,1654,,,,350,0.2668910324573517,,
2012/12/16 00:00,2012-12-16,Paradise_WA,46.783333,-121.733333,,,,,-4.6,,,,,546.1,1654,,,,351,0.0,,
2012/12/17 00:00,2012-12-17,Paradise_WA,46.783333,-121.733333,,,,,-3.5,,,,,584.2,1654,,,,352,0.0,,
2012/12/18 00:00,2012-12-18,Paradise_WA,46.783333,-121.733333,,,,,-8.2,,,,,668.02,1654,,,,353,0.0,,
2012/12/19 00:00,2012-12-19,Paradise_WA,46.783333,-121.733333,,,,,-8.3,,,,,701.04,1654,,,,354,0.0,,
2012/12/20 00:00,2012-12-20,Paradise_WA,46.783333,-121.733333,,,,,-3.4,,,,,723.9,1654,264.24,0.03631359563903281,0.4272916615009308,355,0.4272916615009308,,
2012/12/21 00:00,2012-12-21,Paradise_WA,46.783333,-121.733333,,,,,-4.8,,,,,756.92,1654,,,,356,0.4272916615009308,,
2012/12/22 00:00,2012-12-22,Paradise_WA,46.783333,-121.733333,,,,,-3.2,,,,,762.0,1654,,,,357,0.4272916615009308,,
2012/12/23 00:00,2012-12-23,Paradise_WA,46.783333,-121.733333,,,,,-3.9,,,,,772.16,1654,,,,358,0.0,,
2012/12/24 00:00,2012-12-24,Paradise_WA,46.783333,-121.733333,,,,,-4.7,,,,,784.86,1654,,,,359,0.0,,
2012/12/25 00:00,2012-12-25,Paradise_WA,46.783333,-121.733333,,,,,-4.8,,,,,812.8,1654,,,,360,0.0,,
2012/12/26 00:00,2012-12-26,Paradise_WA,46.783333,-121.733333,,,,,-4.5,,,,,840.74,1654,,,,361,0.0,,
2012/12/27 00:00,2012-12-27,Paradise_WA,46.783333,-121.733333,,,,,-3.5,,,,,855.98,1654,269.1436931034483,0.03943441817789293,0.2717788517475128,362,0.2717788517475128,,
2012/12/28 00:00,2012-12-28,Paradise_WA,46.783333,-121.733333,,,,,-4.4,,,,,883.92,1654,,,,363,0.2717788517475128,,
2012/12/29 00:00,2012-12-29,Paradise_WA,46.783333,-121.733333,,,,,-3.9,,,,,886.46,1654,,,,364,0.2717788517475128,,
2012/12/30 00:00,2012-12-30,Paradise_WA,46.783333,-121.733333,,,,,-4.8,,,,,889.0,1654,,,,365,0.0,,
2012/12/31 00:00,2012-12-31,Paradise_WA,46.783333,-121.733333,,,,,-4.9,,,,,889.0,1654,,,,366,0.0,,
2013/01/01 00:00,2013-01-01,Paradise_WA,46.783333,-121.733333,,,,,-5.3,,,,,889.0,1654,,,,1,0.0,,
2013/01/02 00:00,2013-01-02,Paradise_WA,46.783333,-121.733333,,,,,-0.7,,,,,889.0,1654,,,,2,0.0,,
2013/01/03 00:00,2013-01-03,Paradise_WA,46.783333,-121.733333,,,,,0.8,,,,,891.54,1654,270.0647591954023,0.03943441817789293,0.1869230717420578,3,0.1869230717420578,,
2013/01/04 00:00,2013-01-04,Paradise_WA,46.783333,-121.733333,,,,,-0.2,,,,,891.54,1654,,,,4,0.1869230717420578,,
2013/01/05 00:00,2013-01-05,Paradise_WA,46.783333,-121.733333,,,,,-0.8,,,,,906.78,1654,,,,5,0.1869230717420578,,
2013/01/06 00:00,2013-01-06,Paradise_WA,46.783333,-121.733333,,,,,-1.8,,,,,919.48,1654,,,,6,0.0,,
2013/01/07 00:00,2013-01-07,Paradise_WA,46.783333,-121.733333,,,,,-4.2,,,,,922.02,1654,,,,7,0.0,,
2013/01/08 00:00,2013-01-08,Paradise_WA,46.783333,-121.733333,,,,,-0.4,,,,,1003.3,1654,,,,8,0.0,,
2013/01/09 00:00,2013-01-09,Paradise_WA,46.783333,-121.733333,,,,,0.3,,,,,1051.56,1654,,,,9,0.0,,
2013/01/10 00:00,2013-01-10,Paradise_WA,46.783333,-121.733333,,,,,-5.6,,,,,1059.18,1654,267.997075862069,,0.1794070452451706,10,0.1794070452451706,,
2013/01/11 00:00,2013-01-11,Paradise_WA,46.783333,-121.733333,,,,,-6.8,,,,,1069.34,1654,,,,11,0.1794070452451706,,
2013/01/12 00:00,2013-01-12,Paradise_WA,46.783333,-121.733333,,,,,-9.6,,,,,1079.5,1654,,,,12,0.1794070452451706,,
2013/01/13 00:00,2013-01-13,Paradise_WA,46.783333,-121.733333,,,,,-8.8,,,,,1087.12,1654,,,,13,0.0,,
2013/01/14 00:00,2013-01-14,Paradise_WA,46.783333,-121.733333,,,,,-8.2,,,,,1094.74,1654,,,,14,0.0,,
2013/01/15 00:00,2013-01-15,Paradise_WA,46.783333,-121.733333,,,,,-7.6,,,,,1099.82,1654,,,,15,0.0,,
2013/01/16 00:00,2013-01-16,Paradise_WA,46.783333,-121.733333,,,,,2.0,,,,,1107.44,1654,,,,16,0.0,,
2013/01/17 00:00,2013-01-17,Paradise_WA,46.783333,-121.733333,,,,,3.9,,,,,1115.06,1654,272.7864088122605,0.09588442113442115,0.09608974307775497,17,0.09608974307775497,,
2013/01/18 00:00,2013-01-18,Paradise_WA,46.783333,-121.733333,,,,,5.5,,,,,1120.14,1654,,,,18,0.09608974307775497,,
2013/01/19 00:00,2013-01-19,Paradise_WA,46.783333,-121.733333,,,,,4.9,,,,,1122.68,1654,,,,19,0.09608974307775497,,
2013/01/20 00:00,2013-01-20,Paradise_WA,46.783333,-121.733333,,,,,8.4,,,,,1127.76,1654,,,,20,0.0,,
2013/01/21 00:00,2013-01-21,Paradise_WA,46.783333,-121.733333,,,,,9.2,,,,,1130.3,1654,,,,21,0.0,,
2013/01/22 00:00,2013-01-22,Paradise_WA,46.783333,-121.733333,,,,,7.4,,,,,1132.84,1654,,,,22,0.0,,
2013/01/23 00:00,2013-01-23,Paradise_WA,46.783333,-121.733333,,,,,6.5,,,,,1135.38,1654,,,,23,0.0,,
2013/01/24 00:00,2013-01-24,Paradise_WA,46.783333,-121.733333,,,,,-1.2,,,,,1143.0,1654,276.5086074712644,,0.1949198693037033,24,0.1949198693037033,,
2013/01/25 00:00,2013-01-25,Paradise_WA,46.783333,-121.733333,,,,,-0.8,,,,,1145.54,1654,,,,25,0.1949198693037033,,
2013/01/26 00:00,2013-01-26,Paradise_WA,46.783333,-121.733333,,,,,-0.8,,,,,1173.48,1654,,,,26,0.1949198693037033,,
2013/01/27 00:00,2013-01-27,Paradise_WA,46.783333,-121.733333,,,,,-4.5,,,,,1181.1,1654,,,,27,0.0,,
2013/01/28 00:00,2013-01-28,Paradise_WA,46.783333,-121.733333,,,,,-5.4,,,,,1201.42,1654,,,,28,0.0,,
2013/01/29 00:00,2013-01-29,Paradise_WA,46.783333,-121.733333,,,,,-4.5,,,,,1257.3,1654,,,,29,0.0,,
2013/01/30 00:00,2013-01-30,Paradise_WA,46.783333,-121.733333,,,,,-1.8,,,,,1325.88,1654,,,,30,0.0,,
2013/01/31 00:00,2013-01-31,Paradise_WA,46.783333,-121.733333,,,,,0.0,,,,,1353.82,1654,275.3578362068966,0.05090308182210708,0.16700640320777893,31,0.16700640320777893,,
2013/02/01 00:00,2013-02-01,Paradise_WA,46.783333,-121.733333,,,,,-0.2,,,,,1363.98,1654,,,,32,0.16700640320777893,,
2013/02/02 00:00,2013-02-02,Paradise_WA,46.783333,-121.733333,,,,,0.6,,,,,1363.98,1654,,,,33,0.16700640320777893,,
2013/02/03 00:00,2013-02-03,Paradise_WA,46.783333,-121.733333,,,,,4.2,,,,,1374.14,1654,,,,34,0.0,,
2013/02/04 00:00,2013-02-04,Paradise_WA,46.783333,-121.733333,,,,,-2.5,,,,,1374.14,1654,,,,35,0.0,,
2013/02/05 00:00,2013-02-05,Paradise_WA,46.783333,-121.733333,,,,,1.6,,,,,1384.3,1654,,,,36,0.0,,
2013/02/06 00:00,2013-02-06,Paradise_WA,46.783333,-121.733333,,,,,-2.7,,,,,1397.0,1654,,,,37,0.0,,
2013/02/07 00:00,2013-02-07,Paradise_WA,46.783333,-121.733333,,,,,-2.6,,,,,1409.7,1654,272.2319310344828,0.05090308182210708,0.08798397332429886,38,0.08798397332429886,,
2013/02/08 00:00,2013-02-08,Paradise_WA,46.783333,-121.733333,,,,,-4.9,,,,,1417.32,1654,,,,39,0.08798397332429886,,
2013/02/09 00:00,2013-02-09,Paradise_WA,46.783333,-121.733333,,,,,-4.6,,,,,1422.4,1654,,,,40,0.08798397332429886,,
2013/02/10 00:00,2013-02-10,Paradise_WA,46.783333,-121.733333,,,,,-3.0,,,,,1424.94,1654,,,,41,0.0,,
2013/02/11 00:00,2013-02-11,Paradise_WA,46.783333,-121.733333,,,,,-2.0,,,,,1424.94,1654,,,,42,0.0,,
2013/02/12 00:00,2013-02-12,Paradise_WA,46.783333,-121.733333,,,,,-2.2,,,,,1427.48,1654,,,,43,0.0,,
2013/02/13 00:00,2013-02-13,Paradise_WA,46.783333,-121.733333,,,,,-0.9,,,,,1430.02,1654,,,,44,0.0,,
2013/02/14 00:00,2013-02-14,Paradise_WA,46.783333,-121.733333,,,,,-2.0,,,,,1440.18,1654,271.5799209770115,0.0754112964162349,0.09024038165807724,45,0.09024038165807724,,
2013/02/15 00:00,2013-02-15,Paradise_WA,46.783333,-121.733333,,,,,0.3,,,,,1452.88,1654,,,,46,0.09024038165807724,,
2013/02/16 00:00,2013-02-16,Paradise_WA,46.783333,-121.733333,,,,,6.6,,,,,1455.42,1654,,,,47,0.09024038165807724,,
2013/02/17 00:00,2013-02-17,Paradise_WA,46.783333,-121.733333,,,,,-3.0,,,,,1465.58,1654,,,,48,0.0,,
2013/02/18 00:00,2013-02-18,Paradise_WA,46.783333,-121.733333,,,,,-5.2,,,,,1478.28,1654,,,,49,0.0,,
2013/02/19 00:00,2013-02-19,Paradise_WA,46.783333,-121.733333,,,,,-3.8,,,,,1480.82,1654,,,,50,0.0,,
2013/02/20 00:00,2013-02-20,Paradise_WA,46.783333,-121.733333,,,,,-1.3,,,,,1480.82,1654,,,,51,0.0,,
2013/02/21 00:00,2013-02-21,Paradise_WA,46.783333,-121.733333,,,,,-4.3,,,,,1485.9,1654,276.5249827586207,0.0754112964162349,0.2264583259820938,52,0.2264583259820938,,
2013/02/22 00:00,2013-02-22,Paradise_WA,46.783333,-121.733333,,,,,-4.4,,,,,1508.76,1654,,,,53,0.2264583259820938,,
2013/02/23 00:00,2013-02-23,Paradise_WA,46.783333,-121.733333,,,,,-3.0,,,,,1551.94,1654,,,,54,0.2264583259820938,,
2013/02/24 00:00,2013-02-24,Paradise_WA,46.783333,-121.733333,,,,,-5.2,,,,,1600.2,1654,,,,55,0.0,,
2013/02/25 00:00,2013-02-25,Paradise_WA,46.783333,-121.733333,,,,,-2.2,,,,,1607.82,1654,,,,56,0.0,,
2013/02/26 00:00,2013-02-26,Paradise_WA,46.783333,-121.733333,,,,,-5.6,,,,,1656.08,1654,,,,57,0.0,,
2013/02/27 00:00,2013-02-27,Paradise_WA,46.783333,-121.733333,,,,,-2.2,,,,,1663.7,1654,,,,58,0.0,,
2013/02/28 00:00,2013-02-28,Paradise_WA,46.783333,-121.733333,,,,,-1.5,,,,,1671.32,1654,269.876551724138,0.05681126943005181,0.300331711769104,59,0.300331711769104,,
2013/03/01 00:00,2013-03-01,Paradise_WA,46.783333,-121.733333,,,,,1.3,,,,,1722.12,1654,,,,60,0.300331711769104,,
2013/03/02 00:00,2013-03-02,Paradise_WA,46.783333,-121.733333,,,,,2.6,,,,,1714.5,1654,,,,61,0.300331711769104,,
2013/03/03 00:00,2013-03-03,Paradise_WA,46.783333,-121.733333,,,,,0.5,,,,,1696.72,1654,,,,62,0.0,,
2013/03/04 00:00,2013-03-04,Paradise_WA,46.783333,-121.733333,,,,,-2.6,,,,,1699.26,1654,,,,63,0.0,,
2013/03/05 00:00,2013-03-05,Paradise_WA,46.783333,-121.733333,,,,,-1.4,,,,,1704.34,1654,,,,64,0.0,,
2013/03/06 00:00,2013-03-06,Paradise_WA,46.783333,-121.733333,,,,,-0.6,,,,,1706.88,1654,,,,65,0.0,,
2013/03/07 00:00,2013-03-07,Paradise_WA,46.783333,-121.733333,,,,,-3.1,,,,,1727.2,1654,271.6914310344828,0.05681126943005181,0.15050801634788513,66,0.15050801634788513,,
2013/03/08 00:00,2013-03-08,Paradise_WA,46.783333,-121.733333,,,,,-0.4,,,,,1755.14,1654,,,,67,0.15050801634788513,,
2013/03/09 00:00,2013-03-09,Paradise_WA,46.783333,-121.733333,,,,,2.0,,,,,1760.22,1654,,,,68,0.15050801634788513,,
2013/03/10 00:00,2013-03-10,Paradise_WA,46.783333,-121.733333,,,,,1.4,,,,,1762.76,1654,,,,69,0.0,,
2013/03/11 00:00,2013-03-11,Paradise_WA,46.783333,-121.733333,,,,,-1.1,,,,,1775.46,1654,,,,70,0.0,,
2013/03/12 00:00,2013-03-12,Paradise_WA,46.783333,-121.733333,,,,,0.2,,,,,1778.0,1654,,,,71,0.0,,
2013/03/13 00:00,2013-03-13,Paradise_WA,46.783333,-121.733333,,,,,1.2,,,,,1811.02,1654,,,,72,0.0,,
2013/03/14 00:00,2013-03-14,Paradise_WA,46.783333,-121.733333,,,,,3.5,,,,,1823.72,1654,272.6174482758621,,0.2090224325656891,73,0.2090224325656891,,
2013/03/15 00:00,2013-03-15,Paradise_WA,46.783333,-121.733333,,,,,4.2,,,,,1775.46,1654,,,,74,0.2090224325656891,,
2013/03/16 00:00,2013-03-16,Paradise_WA,46.783333,-121.733333,,,,,2.3,,,,,1762.76,1654,,,,75,0.2090224325656891,,
2013/03/17 00:00,2013-03-17,Paradise_WA,46.783333,-121.733333,,,,,-2.5,,,,,1767.84,1654,,,,76,0.0,,
2013/03/18 00:00,2013-03-18,Paradise_WA,46.783333,-121.733333,,,,,-5.7,,,,,1798.32,1654,,,,77,0.0,,
2013/03/19 00:00,2013-03-19,Paradise_WA,46.783333,-121.733333,,,,,-1.6,,,,,1821.18,1654,,,,78,0.0,,
2013/03/20 00:00,2013-03-20,Paradise_WA,46.783333,-121.733333,,,,,-2.7,,,,,1828.8,1654,,,,79,0.0,,
2013/03/21 00:00,2013-03-21,Paradise_WA,46.783333,-121.733333,,,,,-4.2,,,,,1882.14,1654,271.24666666666667,0.035288482297063925,0.20323717594146729,80,0.20323717594146729,,
2013/03/22 00:00,2013-03-22,Paradise_WA,46.783333,-121.733333,,,,,-6.3,,,,,1920.24,1654,,,,81,0.20323717594146729,,
2013/03/23 00:00,2013-03-23,Paradise_WA,46.783333,-121.733333,,,,,-5.8,,,,,1930.4,1654,,,,82,0.20323717594146729,,
2013/03/24 00:00,2013-03-24,Paradise_WA,46.783333,-121.733333,,,,,-2.4,,,,,1935.48,1654,,,,83,0.0,,
2013/03/25 00:00,2013-03-25,Paradise_WA,46.783333,-121.733333,,,,,-1.5,,,,,1940.56,1654,,,,84,0.0,,
2013/03/26 00:00,2013-03-26,Paradise_WA,46.783333,-121.733333,,,,,2.5,,,,,1945.64,1654,,,,85,0.0,,
2013/03/27 00:00,2013-03-27,Paradise_WA,46.783333,-121.733333,,,,,4.0,,,,,1938.02,1654,,,,86,0.0,,
2013/03/28 00:00,2013-03-28,Paradise_WA,46.783333,-121.733333,,,,,3.2,,,,,1935.48,1654,279.9637459770115,0.035288482297063925,0.062291666865348816,87,0.062291666865348816,,
2013/03/29 00:00,2013-03-29,Paradise_WA,46.783333,-121.733333,,,,,4.1,,,,,1940.56,1654,,,,88,0.062291666865348816,,
2013/03/30 00:00,2013-03-30,Paradise_WA,46.783333,-121.733333,,,,,6.0,,,,,1948.18,1654,,,,89,0.062291666865348816,,
2013/03/31 00:00,2013-03-31,Paradise_WA,46.783333,-121.733333,,,,,11.2,,,,,1971.04,1654,,,,90,0.0,,
2013/04/01 00:00,2013-04-01,Paradise_WA,46.783333,-121.733333,,,,,12.7,,,,,1971.04,1654,,,,91,0.0,,
2013/04/02 00:00,2013-04-02,Paradise_WA,46.783333,-121.733333,,,,,7.6,,,,,1981.2,1654,,,,92,0.0,,
2013/04/03 00:00,2013-04-03,Paradise_WA,46.783333,-121.733333,,,,,3.3,,,,,1981.2,1654,,,,93,0.0,,
2013/04/04 00:00,2013-04-04,Paradise_WA,46.783333,-121.733333,,,,,7.9,,,,,1965.96,1654,279.99354597701154,0.022905818221070826,0.16431088745594025,94,0.16431088745594025,,
2013/04/05 00:00,2013-04-05,Paradise_WA,46.783333,-121.733333,,,,,3.5,,,,,2034.54,1654,,,,95,0.16431088745594025,,
2013/04/06 00:00,2013-04-06,Paradise_WA,46.783333,-121.733333,,,,,1.1,,,,,2029.46,1654,,,,96,0.16431088745594025,,
2013/04/07 00:00,2013-04-07,Paradise_WA,46.783333,-121.733333,,,,,-1.8,,,,,2016.76,1654,,,,97,0.0,,
2013/04/08 00:00,2013-04-08,Paradise_WA,46.783333,-121.733333,,,,,-1.8,,,,,2059.94,1654,,,,98,0.0,,
2013/04/09 00:00,2013-04-09,Paradise_WA,46.783333,-121.733333,,,,,0.0,,,,,2072.64,1654,,,,99,0.0,,
2013/04/10 00:00,2013-04-10,Paradise_WA,46.783333,-121.733333,,,,,1.5,,,,,2072.64,1654,,,,100,0.0,,
2013/04/11 00:00,2013-04-11,Paradise_WA,46.783333,-121.733333,,,,,-0.3,,,,,2118.36,1654,,0.022905818221070826,0.18530447781085968,101,0.18530447781085968,,
2013/04/12 00:00,2013-04-12,Paradise_WA,46.783333,-121.733333,,,,,-0.8,,,,,2105.66,1654,,,,102,0.18530447781085968,,
2013/04/13 00:00,2013-04-13,Paradise_WA,46.783333,-121.733333,,,,,-2.0,,,,,2100.58,1654,,,,103,0.18530447781085968,,
2013/04/14 00:00,2013-04-14,Paradise_WA,46.783333,-121.733333,,,,,-4.5,,,,,2156.46,1654,,,,104,0.0,,
2013/04/15 00:00,2013-04-15,Paradise_WA,46.783333,-121.733333,,,,,-1.6,,,,,2181.86,1654,,,,105,0.0,,
2013/04/16 00:00,2013-04-16,Paradise_WA,46.783333,-121.733333,,,,,-2.8,,,,,2184.4,1654,,,,106,0.0,,
2013/04/17 00:00,2013-04-17,Paradise_WA,46.783333,-121.733333,,,,,-1.1,,,,,2192.02,1654,,,,107,0.0,,
2013/04/18 00:00,2013-04-18,Paradise_WA,46.783333,-121.733333,,,,,0.2,,,,,2194.56,1654,277.3779827586207,0.020059024179620036,0.13722756505012512,108,0.13722756505012512,,
2013/04/19 00:00,2013-04-19,Paradise_WA,46.783333,-121.733333,,,,,0.7,,,,,2209.8,1654,,,,109,0.13722756505012512,,
2013/04/20 00:00,2013-04-20,Paradise_WA,46.783333,-121.733333,,,,,1.3,,,,,2275.84,1654,,,,110,0.13722756505012512,,
2013/04/21 00:00,2013-04-21,Paradise_WA,46.783333,-121.733333,,,,,1.5,,,,,2273.3,1654,,,,111,0.0,,
2013/04/22 00:00,2013-04-22,Paradise_WA,46.783333,-121.733333,,,,,-0.2,,,,,2263.14,1654,,,,112,0.0,,
2013/04/23 00:00,2013-04-23,Paradise_WA,46.783333,-121.733333,,,,,5.1,,,,,2252.98,1654,,,,113,0.0,,
2013/04/24 00:00,2013-04-24,Paradise_WA,46.783333,-121.733333,,,,,4.2,,,,,2252.98,1654,,,,114,0.0,,
2013/04/25 00:00,2013-04-25,Paradise_WA,46.783333,-121.733333,,,,,9.2,,,,,2252.98,1654,278.66805172413797,0.020059024179620036,0.16816666722297668,115,0.16816666722297668,,
2013/04/26 00:00,2013-04-26,Paradise_WA,46.783333,-121.733333,,,,,9.9,,,,,2250.44,1654,,,,116,0.16816666722297668,,
2013/04/27 00:00,2013-04-27,Paradise_WA,46.783333,-121.733333,,,,,11.8,,,,,2273.3,1654,,,,117,0.16816666722297668,,
2013/04/28 00:00,2013-04-28,Paradise_WA,46.783333,-121.733333,,,,,0.3,,,,,2275.84,1654,,,,118,0.0,,
2013/04/29 00:00,2013-04-29,Paradise_WA,46.783333,-121.733333,,,,,1.2,,,,,2275.84,1654,,,,119,0.0,,
2013/04/30 00:00,2013-04-30,Paradise_WA,46.783333,-121.733333,,,,,-2.6,,,,,2296.16,1654,,,,120,0.0,,
2013/05/01 00:00,2013-05-01,Paradise_WA,46.783333,-121.733333,,,,,-0.6,,,,,2291.08,1654,,,,121,0.0,,
2013/05/02 00:00,2013-05-02,Paradise_WA,46.783333,-121.733333,,,,,7.7,,,,,2286.0,1654,282.0823962780515,,0.09589102119207382,122,0.09589102119207382,,
2013/05/03 00:00,2013-05-03,Paradise_WA,46.783333,-121.733333,,,,,11.5,,,,,2280.92,1654,,,,123,0.09589102119207382,,
2013/05/04 00:00,2013-05-04,Paradise_WA,46.783333,-121.733333,,,,,12.0,,,,,2303.78,1654,,,,124,0.09589102119207382,,
2013/05/05 00:00,2013-05-05,Paradise_WA,46.783333,-121.733333,,,,,12.4,,,,,2316.48,1654,,,,125,0.0,,
2013/05/06 00:00,2013-05-06,Paradise_WA,46.783333,-121.733333,,,,,14.2,,,,,2308.86,1654,,,,126,0.0,,
2013/05/07 00:00,2013-05-07,Paradise_WA,46.783333,-121.733333,,,,,17.0,,,,,2291.08,1654,,,,127,0.0,,
2013/05/08 00:00,2013-05-08,Paradise_WA,46.783333,-121.733333,,,,,13.4,,,,,2278.38,1654,,,,128,0.0,,
2013/05/09 00:00,2013-05-09,Paradise_WA,46.783333,-121.733333,,,,,13.0,,,,,2250.44,1654,284.0434258210181,0.05096730354058726,0.1241346150636673,129,0.1241346150636673,,
2013/05/10 00:00,2013-05-10,Paradise_WA,46.783333,-121.733333,,,,,15.0,,,,,2232.66,1654,,,,130,0.1241346150636673,,
2013/05/11 00:00,2013-05-11,Paradise_WA,46.783333,-121.733333,,,,,18.4,,,,,2207.26,1654,,,,131,0.1241346150636673,,
2013/05/12 00:00,2013-05-12,Paradise_WA,46.783333,-121.733333,,,,,18.7,,,,,2169.16,1654,,,,132,0.0,,
2013/05/13 00:00,2013-05-13,Paradise_WA,46.783333,-121.733333,,,,,6.4,,,,,2143.76,1654,,,,133,0.0,,
2013/05/14 00:00,2013-05-14,Paradise_WA,46.783333,-121.733333,,,,,1.6,,,,,2138.68,1654,,,,134,0.0,,
2013/05/15 00:00,2013-05-15,Paradise_WA,46.783333,-121.733333,,,,,5.5,,,,,2115.82,1654,,,,135,0.0,,
2013/05/16 00:00,2013-05-16,Paradise_WA,46.783333,-121.733333,,,,,3.4,,,,,2098.04,1654,281.5408591954023,,0.18602563440799713,136,0.18602563440799713,,
2013/05/17 00:00,2013-05-17,Paradise_WA,46.783333,-121.733333,,,,,9.4,,,,,2082.8,1654,,,,137,0.18602563440799713,,
2013/05/18 00:00,2013-05-18,Paradise_WA,46.783333,-121.733333,,,,,4.1,,,,,2087.88,1654,,,,138,0.18602563440799713,,
2013/05/19 00:00,2013-05-19,Paradise_WA,46.783333,-121.733333,,,,,2.6,,,,,2067.56,1654,,,,139,0.0,,
2013/05/20 00:00,2013-05-20,Paradise_WA,46.783333,-121.733333,,,,,3.8,,,,,2047.24,1654,,,,140,0.0,,
2013/05/21 00:00,2013-05-21,Paradise_WA,46.783333,-121.733333,,,,,12.6,,,,,2032.0,1654,,,,141,0.0,,
2013/05/22 00:00,2013-05-22,Paradise_WA,46.783333,-121.733333,,,,,2.0,,,,,2029.46,1654,,,,142,0.0,,
2013/05/23 00:00,2013-05-23,Paradise_WA,46.783333,-121.733333,,,,,0.2,,,,,2054.86,1654,277.4629655172414,0.09572740177029362,0.1657051295042038,143,0.1657051295042038,,
2013/05/24 00:00,2013-05-24,Paradise_WA,46.783333,-121.733333,,,,,0.8,,,,,2062.48,1654,,,,144,0.1657051295042038,,
2013/05/25 00:00,2013-05-25,Paradise_WA,46.783333,-121.733333,,,,,2.8,,,,,2062.48,1654,,,,145,0.1657051295042038,,
2013/05/26 00:00,2013-05-26,Paradise_WA,46.783333,-121.733333,,,,,4.5,,,,,2049.78,1654,,,,146,0.0,,
2013/05/27 00:00,2013-05-27,Paradise_WA,46.783333,-121.733333,,,,,6.1,,,,,2049.78,1654,,,,147,0.0,,
2013/05/28 00:00,2013-05-28,Paradise_WA,46.783333,-121.733333,,,,,6.2,,,,,2065.02,1654,,,,148,0.0,,
2013/05/29 00:00,2013-05-29,Paradise_WA,46.783333,-121.733333,,,,,4.4,,,,,2065.02,1654,,,,149,0.0,,
2013/05/30 00:00,2013-05-30,Paradise_WA,46.783333,-121.733333,,,,,1.7,,,,,2049.78,1654,285.00185314685314,0.09572740177029362,0.12675641477108002,150,0.12675641477108002,,
2013/05/31 00:00,2013-05-31,Paradise_WA,46.783333,-121.733333,,,,,2.8,,,,,2042.16,1654,,,,151,0.12675641477108002,,
2013/06/01 00:00,2013-06-01,Paradise_WA,46.783333,-121.733333,,,,,9.0,,,,,2021.84,1654,,,,152,0.12675641477108002,,
2013/06/02 00:00,2013-06-02,Paradise_WA,46.783333,-121.733333,,,,,8.7,,,,,2006.6,1654,,,,153,0.0,,
2013/06/03 00:00,2013-06-03,Paradise_WA,46.783333,-121.733333,,,,,7.1,,,,,1983.74,1654,,,,154,0.0,,
2013/06/04 00:00,2013-06-04,Paradise_WA,46.783333,-121.733333,,,,,12.8,,,,,1960.88,1654,,,,155,0.0,,
2013/06/05 00:00,2013-06-05,Paradise_WA,46.783333,-121.733333,,,,,17.2,,,,,1938.02,1654,,,,156,0.0,,
2013/06/06 00:00,2013-06-06,Paradise_WA,46.783333,-121.733333,,,,,16.4,,,,,1907.54,1654,284.8983905172414,0.1141526824265976,0.0428621768951416,157,0.0428621768951416,,
2013/06/07 00:00,2013-06-07,Paradise_WA,46.783333,-121.733333,,,,,15.2,,,,,1869.44,1654,,,,158,0.0428621768951416,,
2013/06/08 00:00,2013-06-08,Paradise_WA,46.783333,-121.733333,,,,,11.9,,,,,1849.12,1654,,,,159,0.0428621768951416,,
2013/06/09 00:00,2013-06-09,Paradise_WA,46.783333,-121.733333,,,,,12.9,,,,,1808.48,1654,,,,160,0.0,,
2013/06/10 00:00,2013-06-10,Paradise_WA,46.783333,-121.733333,,,,,11.2,,,,,1755.14,1654,,,,161,0.0,,
2013/06/11 00:00,2013-06-11,Paradise_WA,46.783333,-121.733333,,,,,8.1,,,,,1722.12,1654,,,,162,0.0,,
2013/06/12 00:00,2013-06-12,Paradise_WA,46.783333,-121.733333,,,,,3.2,,,,,1699.26,1654,,,,163,0.0,,
2013/06/13 00:00,2013-06-13,Paradise_WA,46.783333,-121.733333,,,,,3.5,,,,,1681.48,1654,282.3528505747126,0.1141526824265976,0.03985576704144478,164,0.03985576704144478,,
2013/06/14 00:00,2013-06-14,Paradise_WA,46.783333,-121.733333,,,,,5.4,,,,,1656.08,1654,,,,165,0.03985576704144478,,
2013/06/15 00:00,2013-06-15,Paradise_WA,46.783333,-121.733333,,,,,10.8,,,,,1628.14,1654,,,,166,0.03985576704144478,,
2013/06/16 00:00,2013-06-16,Paradise_WA,46.783333,-121.733333,,,,,16.2,,,,,1595.12,1654,,,,167,0.0,,
2013/06/17 00:00,2013-06-17,Paradise_WA,46.783333,-121.733333,,,,,9.7,,,,,1567.18,1654,,,,168,0.0,,
2013/06/18 00:00,2013-06-18,Paradise_WA,46.783333,-121.733333,,,,,12.6,,,,,1531.62,1654,,,,169,0.0,,
2013/06/19 00:00,2013-06-19,Paradise_WA,46.783333,-121.733333,,,,,8.9,,,,,1503.68,1654,,,,170,0.0,,
2013/06/20 00:00,2013-06-20,Paradise_WA,46.783333,-121.733333,,,,,5.2,,,,,1473.2,1654,285.84000000000003,0.25812580418825565,0.12266025692224503,171,0.12266025692224503,,
2013/06/21 00:00,2013-06-21,Paradise_WA,46.783333,-121.733333,,,,,3.5,,,,,1455.42,1654,,,,172,0.12266025692224503,,
2013/06/22 00:00,2013-06-22,Paradise_WA,46.783333,-121.733333,,,,,6.6,,,,,1419.86,1654,,,,173,0.12266025692224503,,
2013/06/23 00:00,2013-06-23,Paradise_WA,46.783333,-121.733333,,,,,13.2,,,,,1384.3,1654,,,,174,0.0,,
2013/06/24 00:00,2013-06-24,Paradise_WA,46.783333,-121.733333,,,,,9.1,,,,,1353.82,1654,,,,175,0.0,,
2013/06/25 00:00,2013-06-25,Paradise_WA,46.783333,-121.733333,,,,,7.2,,,,,1315.72,1654,,,,176,0.0,,
2013/06/26 00:00,2013-06-26,Paradise_WA,46.783333,-121.733333,,,,,7.0,,,,,1292.86,1654,,,,177,0.0,,
2013/06/27 00:00,2013-06-27,Paradise_WA,46.783333,-121.733333,,,,,10.7,,,,,1259.84,1654,295.63515086206894,0.25812580418825565,0.11679326742887497,178,0.11679326742887497,,
2013/06/28 00:00,2013-06-28,Paradise_WA,46.783333,-121.733333,,,,,10.7,,,,,1229.36,1654,,,,179,0.11679326742887497,,
2013/06/29 00:00,2013-06-29,Paradise_WA,46.783333,-121.733333,,,,,21.5,,,,,1170.94,1654,,,,180,0.11679326742887497,,
2013/06/30 00:00,2013-06-30,Paradise_WA,46.783333,-121.733333,,,,,20.5,,,,,1109.98,1654,,,,181,0.0,,
2013/07/01 00:00,2013-07-01,Paradise_WA,46.783333,-121.733333,,,,,26.4,,,,,1043.94,1654,,,,182,0.0,,
2013/07/02 00:00,2013-07-02,Paradise_WA,46.783333,-121.733333,,,,,24.7,,,,,939.8,1654,,,,183,0.0,,
2013/07/03 00:00,2013-07-03,Paradise_WA,46.783333,-121.733333,,,,,19.9,,,,,876.3,1654,,,,184,0.0,,
2013/07/04 00:00,2013-07-04,Paradise_WA,46.783333,-121.733333,,,,,18.2,,,,,822.96,1654,294.3367892720306,,0.013123396784067154,185,0.013123396784067154,,
2013/07/05 00:00,2013-07-05,Paradise_WA,46.783333,-121.733333,,,,,7.5,,,,,787.4,1654,,,,186,0.013123396784067154,,
2013/07/06 00:00,2013-07-06,Paradise_WA,46.783333,-121.733333,,,,,8.8,,,,,759.46,1654,,,,187,0.013123396784067154,,
2013/07/07 00:00,2013-07-07,Paradise_WA,46.783333,-121.733333,,,,,15.2,,,,,718.82,1654,,,,188,0.0,,
2013/07/08 00:00,2013-07-08,Paradise_WA,46.783333,-121.733333,,,,,14.7,,,,,652.78,1654,,,,189,0.0,,
2013/07/09 00:00,2013-07-09,Paradise_WA,46.783333,-121.733333,,,,,17.8,,,,,594.36,1654,,,,190,0.0,,
2013/07/10 00:00,2013-07-10,Paradise_WA,46.783333,-121.733333,,,,,21.3,,,,,533.4,1654,,,,191,0.0,,
2013/07/11 00:00,2013-07-11,Paradise_WA,46.783333,-121.733333,,,,,17.4,,,,,480.06,1654,293.0417385057471,0.6706762251727119,0.021330127492547035,192,0.021330127492547035,,
2013/07/12 00:00,2013-07-12,Paradise_WA,46.783333,-121.733333,,,,,12.8,,,,,429.26,1654,,,,193,0.021330127492547035,,
2013/07/13 00:00,2013-07-13,Paradise_WA,46.783333,-121.733333,,,,,8.7,,,,,396.24,1654,,,,194,0.021330127492547035,,
2013/07/14 00:00,2013-07-14,Paradise_WA,46.783333,-121.733333,,,,,15.6,,,,,368.3,1654,,,,195,0.0,,
2013/07/15 00:00,2013-07-15,Paradise_WA,46.783333,-121.733333,,,,,19.6,,,,,304.8,1654,,,,196,0.0,,
2013/07/16 00:00,2013-07-16,Paradise_WA,46.783333,-121.733333,,,,,19.2,,,,,231.14,1654,,,,197,0.0,,
2013/07/17 00:00,2013-07-17,Paradise_WA,46.783333,-121.733333,,,,,18.8,,,,,129.54,1654,,,,198,0.0,,
2013/07/18 00:00,2013-07-18,Paradise_WA,46.783333,-121.733333,,,,,16.6,,,,,35.56,1654,295.15245297805643,0.6706762251727119,0.017580127343535423,199,0.017580127343535423,,
2013/07/19 00:00,2013-07-19,Paradise_WA,46.783333,-121.733333,,,,,18.6,,,,,-7.62,1654,,,,200,0.017580127343535423,,
2013/07/20 00:00,2013-07-20,Paradise_WA,46.783333,-121.733333,,,,,19.7,,,,,,1654,,,,201,0.017580127343535423,,
2013/07/21 00:00,2013-07-21,Paradise_WA,46.783333,-121.733333,,,,,18.9,,,,,-12.7,1654,,,,202,0.0,,
2013/07/22 00:00,2013-07-22,Paradise_WA,46.783333,-121.733333,,,,,17.8,,,,,,1654,,,,203,0.0,,
2013/07/23 00:00,2013-07-23,Paradise_WA,46.783333,-121.733333,,,,,17.7,,,,,-12.7,1654,,,,204,0.0,,
2013/07/24 00:00,2013-07-24,Paradise_WA,46.783333,-121.733333,,,,,21.6,,,,,,1654,,,,205,0.0,,
2013/07/25 00:00,2013-07-25,Paradise_WA,46.783333,-121.733333,,,,,20.5,,,,,,1654,295.038329153605,0.763810249352332,0.016153845936059952,206,0.016153845936059952,,
2013/07/26 00:00,2013-07-26,Paradise_WA,46.783333,-121.733333,,,,,21.3,,,,,,1654,,,,207,0.016153845936059952,,
2013/07/27 00:00,2013-07-27,Paradise_WA,46.783333,-121.733333,,,,,20.8,,,,,-12.7,1654,,,,208,0.016153845936059952,,
2013/07/28 00:00,2013-07-28,Paradise_WA,46.783333,-121.733333,,,,,15.9,,,,,,1654,,,,209,0.0,,
2013/07/29 00:00,2013-07-29,Paradise_WA,46.783333,-121.733333,,,,,13.3,,,,,-12.7,1654,,,,210,0.0,,
2013/07/30 00:00,2013-07-30,Paradise_WA,46.783333,-121.733333,,,,,17.2,,,,,-12.7,1654,,,,211,0.0,,
2013/07/31 00:00,2013-07-31,Paradise_WA,46.783333,-121.733333,,,,,17.7,,,,,-12.7,1654,,,,212,0.0,,
2013/08/01 00:00,2013-08-01,Paradise_WA,46.783333,-121.733333,,,,,8.6,,,,,-7.62,1654,293.5112646072797,0.763810249352332,0.03527243435382843,213,0.03527243435382843,,
2013/08/02 00:00,2013-08-02,Paradise_WA,46.783333,-121.733333,,,,,8.7,,,,,-5.08,1654,,,,214,0.03527243435382843,,
2013/08/03 00:00,2013-08-03,Paradise_WA,46.783333,-121.733333,,,,,7.7,,,,,-2.54,1654,,,,215,0.03527243435382843,,
2013/08/04 00:00,2013-08-04,Paradise_WA,46.783333,-121.733333,,,,,14.2,,,,,-7.62,1654,,,,216,0.0,,
2013/08/05 00:00,2013-08-05,Paradise_WA,46.783333,-121.733333,,,,,21.1,,,,,-12.7,1654,,,,217,0.0,,
2013/08/06 00:00,2013-08-06,Paradise_WA,46.783333,-121.733333,,,,,21.2,,,,,-12.7,1654,,,,218,0.0,,
2013/08/07 00:00,2013-08-07,Paradise_WA,46.783333,-121.733333,,,,,21.1,,,,,-12.7,1654,,,,219,0.0,,
2013/08/08 00:00,2013-08-08,Paradise_WA,46.783333,-121.733333,,,,,20.3,,,,,-12.7,1654,293.602792179803,0.7754006638601038,0.06477563828229904,220,0.06477563828229904,,
2013/08/09 00:00,2013-08-09,Paradise_WA,46.783333,-121.733333,,,,,18.5,,,,,-12.7,1654,,,,221,0.06477563828229904,,
2013/08/10 00:00,2013-08-10,Paradise_WA,46.783333,-121.733333,,,,,18.8,,,,,-12.7,1654,,,,222,0.06477563828229904,,
2013/08/11 00:00,2013-08-11,Paradise_WA,46.783333,-121.733333,,,,,15.6,,,,,-10.16,1654,,,,223,0.0,,
2013/08/12 00:00,2013-08-12,Paradise_WA,46.783333,-121.733333,,,,,14.2,,,,,-12.7,1654,,,,224,0.0,,
2013/08/13 00:00,2013-08-13,Paradise_WA,46.783333,-121.733333,,,,,16.8,,,,,-12.7,1654,,,,225,0.0,,
2013/08/14 00:00,2013-08-14,Paradise_WA,46.783333,-121.733333,,,,,20.1,,,,,-12.7,1654,,,,226,0.0,,
2013/08/15 00:00,2013-08-15,Paradise_WA,46.783333,-121.733333,,,,,17.0,,,,,-10.16,1654,292.50244995210727,0.7754006638601038,0.05448717623949051,227,0.05448717623949051,,
2013/08/16 00:00,2013-08-16,Paradise_WA,46.783333,-121.733333,,,,,12.2,,,,,-2.54,1654,,,,228,0.05448717623949051,,
2013/08/17 00:00,2013-08-17,Paradise_WA,46.783333,-121.733333,,,,,19.0,,,,,-7.62,1654,,,,229,0.05448717623949051,,
2013/08/18 00:00,2013-08-18,Paradise_WA,46.783333,-121.733333,,,,,16.0,,,,,-7.62,1654,,,,230,0.0,,
2013/08/19 00:00,2013-08-19,Paradise_WA,46.783333,-121.733333,,,,,17.3,,,,,-7.62,1654,,,,231,0.0,,
2013/08/20 00:00,2013-08-20,Paradise_WA,46.783333,-121.733333,,,,,16.1,,,,,-7.62,1654,,,,232,0.0,,
2013/08/21 00:00,2013-08-21,Paradise_WA,46.783333,-121.733333,,,,,15.2,,,,,-7.62,1654,,,,233,0.0,,
2013/08/22 00:00,2013-08-22,Paradise_WA,46.783333,-121.733333,,,,,19.6,,,,,-7.62,1654,291.64179002463055,,0.03849358856678009,234,0.03849358856678009,,
2013/08/23 00:00,2013-08-23,Paradise_WA,46.783333,-121.733333,,,,,18.4,,,,,-7.62,1654,,,,235,0.03849358856678009,,
2013/08/24 00:00,2013-08-24,Paradise_WA,46.783333,-121.733333,,,,,14.7,,,,,-5.08,1654,,,,236,0.03849358856678009,,
2013/08/25 00:00,2013-08-25,Paradise_WA,46.783333,-121.733333,,,,,10.7,,,,,-5.08,1654,,,,237,0.0,,
2013/08/26 00:00,2013-08-26,Paradise_WA,46.783333,-121.733333,,,,,10.2,,,,,0.0,1654,,,,238,0.0,,
2013/08/27 00:00,2013-08-27,Paradise_WA,46.783333,-121.733333,,,,,11.5,,,,,0.0,1654,,,,239,0.0,,
2013/08/28 00:00,2013-08-28,Paradise_WA,46.783333,-121.733333,,,,,15.9,,,,,-5.08,1654,,,,240,0.0,,
2013/08/29 00:00,2013-08-29,Paradise_WA,46.783333,-121.733333,,,,,15.4,,,,,-5.08,1654,291.29109844006564,0.7830879911485321,0.06203685700893402,241,0.06203685700893402,,
2013/08/30 00:00,2013-08-30,Paradise_WA,46.783333,-121.733333,,,,,11.8,,,,,-2.54,1654,,,,242,0.06203685700893402,,
2013/08/31 00:00,2013-08-31,Paradise_WA,46.783333,-121.733333,,,,,13.8,,,,,-5.08,1654,,,,243,0.06203685700893402,,
2013/09/01 00:00,2013-09-01,Paradise_WA,46.783333,-121.733333,,,,,20.6,,,,,-7.62,1654,,,,244,0.0,,
2013/09/02 00:00,2013-09-02,Paradise_WA,46.783333,-121.733333,,,,,18.2,,,,,-7.62,1654,,,,245,0.0,,
2013/09/03 00:00,2013-09-03,Paradise_WA,46.783333,-121.733333,,,,,16.3,,,,,-7.62,1654,,,,246,0.0,,
2013/09/04 00:00,2013-09-04,Paradise_WA,46.783333,-121.733333,,,,,14.3,,,,,-5.08,1654,,,,247,0.0,,
2013/09/05 00:00,2013-09-05,Paradise_WA,46.783333,-121.733333,,,,,15.0,,,,,-5.08,1654,293.08144865900385,,0.21123556792736053,248,0.21123556792736053,,
2013/09/06 00:00,2013-09-06,Paradise_WA,46.783333,-121.733333,,,,,11.4,,,,,-2.54,1654,,,,249,0.21123556792736053,,
2013/09/07 00:00,2013-09-07,Paradise_WA,46.783333,-121.733333,,,,,9.5,,,,,0.0,1654,,,,250,0.21123556792736053,,
2013/09/08 00:00,2013-09-08,Paradise_WA,46.783333,-121.733333,,,,,12.2,,,,,-2.54,1654,,,,251,0.0,,
2013/09/09 00:00,2013-09-09,Paradise_WA,46.783333,-121.733333,,,,,16.2,,,,,-5.08,1654,,,,252,0.0,,
2013/09/10 00:00,2013-09-10,Paradise_WA,46.783333,-121.733333,,,,,16.3,,,,,-5.08,1654,,,,253,0.0,,
2013/09/11 00:00,2013-09-11,Paradise_WA,46.783333,-121.733333,,,,,21.3,,,,,-7.62,1654,,,,254,0.0,,
2013/09/12 00:00,2013-09-12,Paradise_WA,46.783333,-121.733333,,,,,23.8,,,,,-7.62,1654,294.97981496305414,0.6130416990500867,0.2059294879436493,255,0.2059294879436493,,
2013/09/13 00:00,2013-09-13,Paradise_WA,46.783333,-121.733333,,,,,21.0,,,,,-7.62,1654,,,,256,0.2059294879436493,,
2013/09/14 00:00,2013-09-14,Paradise_WA,46.783333,-121.733333,,,,,18.5,,,,,-7.62,1654,,,,257,0.2059294879436493,,
2013/09/15 00:00,2013-09-15,Paradise_WA,46.783333,-121.733333,,,,,23.4,,,,,-7.62,1654,,,,258,0.0,,
2013/09/16 00:00,2013-09-16,Paradise_WA,46.783333,-121.733333,,,,,11.9,,,,,-2.54,1654,,,,259,0.0,,
2013/09/17 00:00,2013-09-17,Paradise_WA,46.783333,-121.733333,,,,,8.6,,,,,0.0,1654,,,,260,0.0,,
2013/09/18 00:00,2013-09-18,Paradise_WA,46.783333,-121.733333,,,,,5.6,,,,,2.54,1654,,,,261,0.0,,
2013/09/19 00:00,2013-09-19,Paradise_WA,46.783333,-121.733333,,,,,6.4,,,,,2.54,1654,293.12622988505746,0.6130416990500867,0.09740384668111801,262,0.09740384668111801,,
2013/09/20 00:00,2013-09-20,Paradise_WA,46.783333,-121.733333,,,,,14.1,,,,,0.0,1654,,,,263,0.09740384668111801,,
2013/09/21 00:00,2013-09-21,Paradise_WA,46.783333,-121.733333,,,,,11.2,,,,,0.0,1654,,,,264,0.09740384668111801,,
2013/09/22 00:00,2013-09-22,Paradise_WA,46.783333,-121.733333,,,,,6.6,,,,,0.0,1654,,,,265,0.0,,
2013/09/23 00:00,2013-09-23,Paradise_WA,46.783333,-121.733333,,,,,4.0,,,,,5.08,1654,,,,266,0.0,,
2013/09/24 00:00,2013-09-24,Paradise_WA,46.783333,-121.733333,,,,,3.7,,,,,7.62,1654,,,,267,0.0,,
2013/09/25 00:00,2013-09-25,Paradise_WA,46.783333,-121.733333,,,,,2.0,,,,,10.16,1654,,,,268,0.0,,
2013/09/26 00:00,2013-09-26,Paradise_WA,46.783333,-121.733333,,,,,2.7,,,,,7.62,1654,,0.13415677353195168,0.32878684997558594,269,0.32878684997558594,,
2013/09/27 00:00,2013-09-27,Paradise_WA,46.783333,-121.733333,,,,,3.6,,,,,5.08,1654,,,,270,0.32878684997558594,,
2013/09/28 00:00,2013-09-28,Paradise_WA,46.783333,-121.733333,,,,,4.2,,,,,10.16,1654,,,,271,0.32878684997558594,,
2013/09/29 00:00,2013-09-29,Paradise_WA,46.783333,-121.733333,,,,,6.9,,,,,10.16,1654,,,,272,0.0,,
2013/09/30 00:00,2013-09-30,Paradise_WA,46.783333,-121.733333,,,,,1.3,,,,,,1654,,,,273,0.0,,
2013/10/01 00:00,2013-10-01,Paradise_WA,46.783333,-121.733333,,,,,0.1,,,,,,1654,,,,274,0.0,,
2013/10/02 00:00,2013-10-02,Paradise_WA,46.783333,-121.733333,,,,,0.0,,,,,76.2,1654,,,,275,0.0,,
2013/10/03 00:00,2013-10-03,Paradise_WA,46.783333,-121.733333,,,,,0.3,,,,,73.66,1654,281.8190359195402,0.13415677353195168,0.34875479340553284,276,0.34875479340553284,,
2013/10/04 00:00,2013-10-04,Paradise_WA,46.783333,-121.733333,,,,,2.0,,,,,76.2,1654,,,,277,0.34875479340553284,,
2013/10/05 00:00,2013-10-05,Paradise_WA,46.783333,-121.733333,,,,,6.5,,,,,71.12,1654,,,,278,0.34875479340553284,,
2013/10/06 00:00,2013-10-06,Paradise_WA,46.783333,-121.733333,,,,,12.9,,,,,63.5,1654,,,,279,0.0,,
2013/10/07 00:00,2013-10-07,Paradise_WA,46.783333,-121.733333,,,,,11.6,,,,,58.42,1654,,,,280,0.0,,
2013/10/08 00:00,2013-10-08,Paradise_WA,46.783333,-121.733333,,,,,0.3,,,,,63.5,1654,,,,281,0.0,,
2013/10/09 00:00,2013-10-09,Paradise_WA,46.783333,-121.733333,,,,,-0.1,,,,,83.82,1654,,,,282,0.0,,
2013/10/10 00:00,2013-10-10,Paradise_WA,46.783333,-121.733333,,,,,2.5,,,,,76.2,1654,281.07581658456485,0.42511594343696035,0.19961537420749664,283,0.19961537420749664,,
2013/10/11 00:00,2013-10-11,Paradise_WA,46.783333,-121.733333,,,,,2.6,,,,,76.2,1654,,,,284,0.19961537420749664,,
2013/10/12 00:00,2013-10-12,Paradise_WA,46.783333,-121.733333,,,,,1.1,,,,,73.66,1654,,,,285,0.19961537420749664,,
2013/10/13 00:00,2013-10-13,Paradise_WA,46.783333,-121.733333,,,,,1.4,,,,,73.66,1654,,,,286,0.0,,
2013/10/14 00:00,2013-10-14,Paradise_WA,46.783333,-121.733333,,,,,3.2,,,,,66.04,1654,,,,287,0.0,,
2013/10/15 00:00,2013-10-15,Paradise_WA,46.783333,-121.733333,,,,,6.7,,,,,58.42,1654,,,,288,0.0,,
2013/10/16 00:00,2013-10-16,Paradise_WA,46.783333,-121.733333,,,,,8.0,,,,,53.34,1654,,,,289,0.0,,
2013/10/17 00:00,2013-10-17,Paradise_WA,46.783333,-121.733333,,,,,7.7,,,,,50.8,1654,284.8456948275862,0.42511594343696035,0.15131409466266632,290,0.15131409466266632,,
2013/10/18 00:00,2013-10-18,Paradise_WA,46.783333,-121.733333,,,,,8.6,,,,,48.26,1654,,,,291,0.15131409466266632,,
2013/10/19 00:00,2013-10-19,Paradise_WA,46.783333,-121.733333,,,,,11.6,,,,,40.64,1654,,,,292,0.15131409466266632,,
2013/10/20 00:00,2013-10-20,Paradise_WA,46.783333,-121.733333,,,,,10.5,,,,,40.64,1654,,,,293,0.0,,
2013/10/21 00:00,2013-10-21,Paradise_WA,46.783333,-121.733333,,,,,12.8,,,,,38.1,1654,,,,294,0.0,,
2013/10/22 00:00,2013-10-22,Paradise_WA,46.783333,-121.733333,,,,,15.1,,,,,35.56,1654,,,,295,0.0,,
2013/10/23 00:00,2013-10-23,Paradise_WA,46.783333,-121.733333,,,,,14.6,,,,,27.94,1654,,,,296,0.0,,
2013/10/24 00:00,2013-10-24,Paradise_WA,46.783333,-121.733333,,,,,14.2,,,,,20.32,1654,285.28269815395333,,0.046987179666757584,297,0.046987179666757584,,
2013/10/25 00:00,2013-10-25,Paradise_WA,46.783333,-121.733333,,,,,13.0,,,,,12.7,1654,,,,298,0.046987179666757584,,
2013/10/26 00:00,2013-10-26,Paradise_WA,46.783333,-121.733333,,,,,10.0,,,,,12.7,1654,,,,299,0.046987179666757584,,
2013/10/27 00:00,2013-10-27,Paradise_WA,46.783333,-121.733333,,,,,9.5,,,,,12.7,1654,,,,300,0.0,,
2013/10/28 00:00,2013-10-28,Paradise_WA,46.783333,-121.733333,,,,,0.4,,,,,17.78,1654,,,,301,0.0,,
2013/10/29 00:00,2013-10-29,Paradise_WA,46.783333,-121.733333,,,,,2.1,,,,,20.32,1654,,,,302,0.0,,
2013/10/30 00:00,2013-10-30,Paradise_WA,46.783333,-121.733333,,,,,2.0,,,,,35.56,1654,,,,303,0.0,,
2013/10/31 00:00,2013-10-31,Paradise_WA,46.783333,-121.733333,,,,,1.1,,,,,50.8,1654,281.16186408045985,0.5550949751727119,0.1470208317041397,304,0.1470208317041397,,
2013/11/01 00:00,2013-11-01,Paradise_WA,46.783333,-121.733333,,,,,3.3,,,,,22.86,1654,,,,305,0.1470208317041397,,
2013/11/02 00:00,2013-11-02,Paradise_WA,46.783333,-121.733333,,,,,5.8,,,,,15.24,1654,,,,306,0.1470208317041397,,
2013/11/03 00:00,2013-11-03,Paradise_WA,46.783333,-121.733333,,,,,-3.2,,,,,22.86,1654,,,,307,0.0,,
2013/11/04 00:00,2013-11-04,Paradise_WA,46.783333,-121.733333,,,,,-4.5,,,,,40.64,1654,,,,308,0.0,,
2013/11/05 00:00,2013-11-05,Paradise_WA,46.783333,-121.733333,,,,,-3.4,,,,,45.72,1654,,,,309,0.0,,
2013/11/06 00:00,2013-11-06,Paradise_WA,46.783333,-121.733333,,,,,0.5,,,,,71.12,1654,,,,310,0.0,,
2013/11/07 00:00,2013-11-07,Paradise_WA,46.783333,-121.733333,,,,,0.6,,,,,63.5,1654,279.7203620689656,0.5550949751727119,0.37461698055267334,311,0.37461698055267334,,
2013/11/08 00:00,2013-11-08,Paradise_WA,46.783333,-121.733333,,,,,-1.3,,,,,78.74,1654,,,,312,0.37461698055267334,,
2013/11/09 00:00,2013-11-09,Paradise_WA,46.783333,-121.733333,,,,,-1.4,,,,,96.52,1654,,,,313,0.37461698055267334,,
2013/11/10 00:00,2013-11-10,Paradise_WA,46.783333,-121.733333,,,,,-0.8,,,,,96.52,1654,,,,314,0.0,,
2013/11/11 00:00,2013-11-11,Paradise_WA,46.783333,-121.733333,,,,,5.4,,,,,96.52,1654,,,,315,0.0,,
2013/11/12 00:00,2013-11-12,Paradise_WA,46.783333,-121.733333,,,,,6.6,,,,,91.44,1654,,,,316,0.0,,
2013/11/13 00:00,2013-11-13,Paradise_WA,46.783333,-121.733333,,,,,3.5,,,,,88.9,1654,,,,317,0.0,,
2013/11/14 00:00,2013-11-14,Paradise_WA,46.783333,-121.733333,,,,,0.7,,,,,86.36,1654,266.4988049209139,0.20071398424006912,0.33243587613105774,318,0.33243587613105774,,
2013/11/15 00:00,2013-11-15,Paradise_WA,46.783333,-121.733333,,,,,-1.5,,,,,88.9,1654,,,,319,0.33243587613105774,,
2013/11/16 00:00,2013-11-16,Paradise_WA,46.783333,-121.733333,,,,,-2.7,,,,,104.14,1654,,,,320,0.33243587613105774,,
2013/11/17 00:00,2013-11-17,Paradise_WA,46.783333,-121.733333,,,,,-5.2,,,,,160.02,1654,,,,321,0.0,,
2013/11/18 00:00,2013-11-18,Paradise_WA,46.783333,-121.733333,,,,,-0.2,,,,,170.18,1654,,,,322,0.0,,
2013/11/19 00:00,2013-11-19,Paradise_WA,46.783333,-121.733333,,,,,0.4,,,,,180.34,1654,,,,323,0.0,,
2013/11/20 00:00,2013-11-20,Paradise_WA,46.783333,-121.733333,,,,,-3.8,,,,,185.42,1654,,,,324,0.0,,
2013/11/21 00:00,2013-11-21,Paradise_WA,46.783333,-121.733333,,,,,-5.9,,,,,190.5,1654,273.85376724137933,0.20071398424006912,0.18405447900295258,325,0.18405447900295258,,
2013/11/22 00:00,2013-11-22,Paradise_WA,46.783333,-121.733333,,,,,-1.8,,,,,190.5,1654,,,,326,0.18405447900295258,,
2013/11/23 00:00,2013-11-23,Paradise_WA,46.783333,-121.733333,,,,,4.0,,,,,187.96,1654,,,,327,0.18405447900295258,,
2013/11/24 00:00,2013-11-24,Paradise_WA,46.783333,-121.733333,,,,,7.1,,,,,177.8,1654,,,,328,0.0,,
2013/11/25 00:00,2013-11-25,Paradise_WA,46.783333,-121.733333,,,,,9.4,,,,,175.26,1654,,,,329,0.0,,
2013/11/26 00:00,2013-11-26,Paradise_WA,46.783333,-121.733333,,,,,5.6,,,,,170.18,1654,,,,330,0.0,,
2013/11/27 00:00,2013-11-27,Paradise_WA,46.783333,-121.733333,,,,,4.4,,,,,165.1,1654,,,,331,0.0,,
2013/11/28 00:00,2013-11-28,Paradise_WA,46.783333,-121.733333,,,,,5.8,,,,,160.02,1654,276.30601752873565,0.14094151554404144,0.3685833215713501,332,0.3685833215713501,,
2013/11/29 00:00,2013-11-29,Paradise_WA,46.783333,-121.733333,,,,,4.0,,,,,157.48,1654,,,,333,0.3685833215713501,,
2013/11/30 00:00,2013-11-30,Paradise_WA,46.783333,-121.733333,,,,,0.7,,,,,167.64,1654,,,,334,0.3685833215713501,,
2013/12/01 00:00,2013-12-01,Paradise_WA,46.783333,-121.733333,,,,,0.3,,,,,162.56,1654,,,,335,0.0,,
2013/12/02 00:00,2013-12-02,Paradise_WA,46.783333,-121.733333,,,,,2.3,,,,,198.12,1654,,,,336,0.0,,
2013/12/03 00:00,2013-12-03,Paradise_WA,46.783333,-121.733333,,,,,-8.2,,,,,223.52,1654,,,,337,0.0,,
2013/12/04 00:00,2013-12-04,Paradise_WA,46.783333,-121.733333,,,,,-10.0,,,,,231.14,1654,,,,338,0.0,,
2013/12/05 00:00,2013-12-05,Paradise_WA,46.783333,-121.733333,,,,,-10.2,,,,,231.14,1654,261.3154045977011,0.14094151554404144,0.36332690715789795,339,0.36332690715789795,,
2013/12/06 00:00,2013-12-06,Paradise_WA,46.783333,-121.733333,,,,,-11.2,,,,,236.22,1654,,,,340,0.36332690715789795,,
2013/12/07 00:00,2013-12-07,Paradise_WA,46.783333,-121.733333,,,,,-16.4,,,,,226.06,1654,,,,341,0.36332690715789795,,
2013/12/08 00:00,2013-12-08,Paradise_WA,46.783333,-121.733333,,,,,-15.4,,,,,213.36,1654,,,,342,0.0,,
2013/12/09 00:00,2013-12-09,Paradise_WA,46.783333,-121.733333,,,,,-11.9,,,,,218.44,1654,,,,343,0.0,,
2013/12/10 00:00,2013-12-10,Paradise_WA,46.783333,-121.733333,,,,,-8.5,,,,,231.14,1654,,,,344,0.0,,
2013/12/11 00:00,2013-12-11,Paradise_WA,46.783333,-121.733333,,,,,-5.3,,,,,261.62,1654,,,,345,0.0,,
2013/12/12 00:00,2013-12-12,Paradise_WA,46.783333,-121.733333,,,,,-0.2,,,,,279.4,1654,264.84627816091955,,0.0833333283662796,346,0.0833333283662796,,
2013/12/13 00:00,2013-12-13,Paradise_WA,46.783333,-121.733333,,,,,-2.0,,,,,294.64,1654,,,,347,0.0833333283662796,,
2013/12/14 00:00,2013-12-14,Paradise_WA,46.783333,-121.733333,,,,,-0.3,,,,,317.5,1654,,,,348,0.0833333283662796,,
2013/12/15 00:00,2013-12-15,Paradise_WA,46.783333,-121.733333,,,,,-0.1,,,,,304.8,1654,,,,349,0.0,,
2013/12/16 00:00,2013-12-16,Paradise_WA,46.783333,-121.733333,,,,,0.1,,,,,294.64,1654,,,,350,0.0,,
2013/12/17 00:00,2013-12-17,Paradise_WA,46.783333,-121.733333,,,,,1.8,,,,,281.94,1654,,,,351,0.0,,
2013/12/18 00:00,2013-12-18,Paradise_WA,46.783333,-121.733333,,,,,0.6,,,,,276.86,1654,,,,352,0.0,,
2013/12/19 00:00,2013-12-19,Paradise_WA,46.783333,-121.733333,,,,,-5.5,,,,,276.86,1654,272.4395862068966,0.15333674978411055,0.12115384638309479,353,0.12115384638309479,,
2013/12/20 00:00,2013-12-20,Paradise_WA,46.783333,-121.733333,,,,,-7.1,,,,,274.32,1654,,,,354,0.12115384638309479,,
2013/12/21 00:00,2013-12-21,Paradise_WA,46.783333,-121.733333,,,,,-2.9,,,,,322.58,1654,,,,355,0.12115384638309479,,
2013/12/22 00:00,2013-12-22,Paradise_WA,46.783333,-121.733333,,,,,-2.1,,,,,375.92,1654,,,,356,0.0,,
2013/12/23 00:00,2013-12-23,Paradise_WA,46.783333,-121.733333,,,,,-0.1,,,,,391.16,1654,,,,357,0.0,,
2013/12/24 00:00,2013-12-24,Paradise_WA,46.783333,-121.733333,,,,,-2.7,,,,,386.08,1654,,,,358,0.0,,
2013/12/25 00:00,2013-12-25,Paradise_WA,46.783333,-121.733333,,,,,-2.0,,,,,386.08,1654,,,,359,0.0,,
2013/12/26 00:00,2013-12-26,Paradise_WA,46.783333,-121.733333,,,,,0.8,,,,,391.16,1654,270.69901034482757,0.11474803000863557,0.15779486298561096,360,0.15779486298561096,,
2013/12/27 00:00,2013-12-27,Paradise_WA,46.783333,-121.733333,,,,,4.0,,,,,396.24,1654,,,,361,0.15779486298561096,,
2013/12/28 00:00,2013-12-28,Paradise_WA,46.783333,-121.733333,,,,,1.0,,,,,403.86,1654,,,,362,0.15779486298561096,,
2013/12/29 00:00,2013-12-29,Paradise_WA,46.783333,-121.733333,,,,,-0.3,,,,,403.86,1654,,,,363,0.0,,
2013/12/30 00:00,2013-12-30,Paradise_WA,46.783333,-121.733333,,,,,-0.6,,,,,406.4,1654,,,,364,0.0,,
2013/12/31 00:00,2013-12-31,Paradise_WA,46.783333,-121.733333,,,,,2.0,,,,,406.4,1654,,,,365,0.0,,
2014/01/01 00:00,2014-01-01,Paradise_WA,46.783333,-121.733333,,,,,-0.6,,,,,401.32,1654,,,,1,0.0,,
2014/01/02 00:00,2014-01-02,Paradise_WA,46.783333,-121.733333,,,,,2.7,,,,,401.32,1654,270.0271955665025,0.11474803000863557,0.14111217856407166,2,0.14111217856407166,,
2014/01/03 00:00,2014-01-03,Paradise_WA,46.783333,-121.733333,,,,,3.9,,,,,398.78,1654,,,,3,0.14111217856407166,,
2014/01/04 00:00,2014-01-04,Paradise_WA,46.783333,-121.733333,,,,,-5.3,,,,,416.56,1654,,,,4,0.14111217856407166,,
2014/01/05 00:00,2014-01-05,Paradise_WA,46.783333,-121.733333,,,,,-0.8,,,,,419.1,1654,,,,5,0.0,,
2014/01/06 00:00,2014-01-06,Paradise_WA,46.783333,-121.733333,,,,,2.6,,,,,421.64,1654,,,,6,0.0,,
2014/01/07 00:00,2014-01-07,Paradise_WA,46.783333,-121.733333,,,,,3.8,,,,,429.26,1654,,,,7,0.0,,
2014/01/08 00:00,2014-01-08,Paradise_WA,46.783333,-121.733333,,,,,-1.1,,,,,444.5,1654,,,,8,0.0,,
2014/01/09 00:00,2014-01-09,Paradise_WA,46.783333,-121.733333,,,,,-0.7,,,,,469.9,1654,268.6113117816092,,0.3755608797073364,9,0.3755608797073364,,
2014/01/10 00:00,2014-01-10,Paradise_WA,46.783333,-121.733333,,,,,-2.2,,,,,513.08,1654,,,,10,0.3755608797073364,,
2014/01/11 00:00,2014-01-11,Paradise_WA,46.783333,-121.733333,,,,,-2.3,,,,,561.34,1654,,,,11,0.3755608797073364,,
2014/01/12 00:00,2014-01-12,Paradise_WA,46.783333,-121.733333,,,,,-3.7,,,,,622.3,1654,,,,12,0.0,,
2014/01/13 00:00,2014-01-13,Paradise_WA,46.783333,-121.733333,,,,,-1.4,,,,,711.2,1654,,,,13,0.0,,
2014/01/14 00:00,2014-01-14,Paradise_WA,46.783333,-121.733333,,,,,-0.2,,,,,739.14,1654,,,,14,0.0,,
2014/01/15 00:00,2014-01-15,Paradise_WA,46.783333,-121.733333,,,,,-0.1,,,,,754.38,1654,,,,15,0.0,,
2014/01/16 00:00,2014-01-16,Paradise_WA,46.783333,-121.733333,,,,,0.4,,,,,759.46,1654,275.01088390804597,0.08347470854922283,0.294391006231308,16,0.294391006231308,,
2014/01/17 00:00,2014-01-17,Paradise_WA,46.783333,-121.733333,,,,,6.7,,,,,772.16,1654,,,,17,0.294391006231308,,
2014/01/18 00:00,2014-01-18,Paradise_WA,46.783333,-121.733333,,,,,12.6,,,,,769.62,1654,,,,18,0.294391006231308,,
2014/01/19 00:00,2014-01-19,Paradise_WA,46.783333,-121.733333,,,,,5.0,,,,,774.7,1654,,,,19,0.0,,
2014/01/20 00:00,2014-01-20,Paradise_WA,46.783333,-121.733333,,,,,2.6,,,,,779.78,1654,,,,20,0.0,,
2014/01/21 00:00,2014-01-21,Paradise_WA,46.783333,-121.733333,,,,,8.0,,,,,782.32,1654,,,,21,0.0,,
2014/01/22 00:00,2014-01-22,Paradise_WA,46.783333,-121.733333,,,,,5.5,,,,,784.86,1654,,,,22,0.0,,
2014/01/23 00:00,2014-01-23,Paradise_WA,46.783333,-121.733333,,,,,1.2,,,,,787.4,1654,277.50178879310346,0.08347470854922283,0.09306089580059052,23,0.09306089580059052,,
2014/01/24 00:00,2014-01-24,Paradise_WA,46.783333,-121.733333,,,,,5.9,,,,,789.94,1654,,,,24,0.09306089580059052,,
2014/01/25 00:00,2014-01-25,Paradise_WA,46.783333,-121.733333,,,,,12.0,,,,,789.94,1654,,,,25,0.09306089580059052,,
2014/01/26 00:00,2014-01-26,Paradise_WA,46.783333,-121.733333,,,,,6.6,,,,,792.48,1654,,,,26,0.0,,
2014/01/27 00:00,2014-01-27,Paradise_WA,46.783333,-121.733333,,,,,8.4,,,,,792.48,1654,,,,27,0.0,,
2014/01/28 00:00,2014-01-28,Paradise_WA,46.783333,-121.733333,,,,,2.3,,,,,792.48,1654,,,,28,0.0,,
2014/01/29 00:00,2014-01-29,Paradise_WA,46.783333,-121.733333,,,,,3.3,,,,,800.1,1654,,,,29,0.0,,
2014/01/30 00:00,2014-01-30,Paradise_WA,46.783333,-121.733333,,,,,-1.4,,,,,822.96,1654,271.89621379310347,0.026229066436023567,0.10850801318883896,30,0.10850801318883896,,
2014/01/31 00:00,2014-01-31,Paradise_WA,46.783333,-121.733333,,,,,-4.3,,,,,850.9,1654,,,,31,0.10850801318883896,,
2014/02/01 00:00,2014-02-01,Paradise_WA,46.783333,-121.733333,,,,,-2.9,,,,,876.3,1654,,,,32,0.10850801318883896,,
2014/02/02 00:00,2014-02-02,Paradise_WA,46.783333,-121.733333,,,,,-3.8,,,,,881.38,1654,,,,33,0.0,,
2014/02/03 00:00,2014-02-03,Paradise_WA,46.783333,-121.733333,,,,,-5.4,,,,,883.92,1654,,,,34,0.0,,
2014/02/04 00:00,2014-02-04,Paradise_WA,46.783333,-121.733333,,,,,-7.6,,,,,891.54,1654,,,,35,0.0,,
2014/02/05 00:00,2014-02-05,Paradise_WA,46.783333,-121.733333,,,,,-13.4,,,,,896.62,1654,,,,36,0.0,,
2014/02/06 00:00,2014-02-06,Paradise_WA,46.783333,-121.733333,,,,,-19.0,,,,,899.16,1654,262.01580459770116,0.026229066436023567,0.11229006201028824,37,0.11229006201028824,,
2014/02/07 00:00,2014-02-07,Paradise_WA,46.783333,-121.733333,,,,,-15.7,,,,,924.56,1654,,,,38,0.11229006201028824,,
2014/02/08 00:00,2014-02-08,Paradise_WA,46.783333,-121.733333,,,,,-7.1,,,,,942.34,1654,,,,39,0.11229006201028824,,
2014/02/09 00:00,2014-02-09,Paradise_WA,46.783333,-121.733333,,,,,-9.2,,,,,952.5,1654,,,,40,0.0,,
2014/02/10 00:00,2014-02-10,Paradise_WA,46.783333,-121.733333,,,,,-2.8,,,,,982.98,1654,,,,41,0.0,,
2014/02/11 00:00,2014-02-11,Paradise_WA,46.783333,-121.733333,,,,,-1.0,,,,,1010.92,1654,,,,42,0.0,,
2014/02/12 00:00,2014-02-12,Paradise_WA,46.783333,-121.733333,,,,,-0.2,,,,,1036.32,1654,,,,43,0.0,,
2014/02/13 00:00,2014-02-13,Paradise_WA,46.783333,-121.733333,,,,,-0.9,,,,,1046.48,1654,263.16958620689655,0.02728785082037997,0.41535255312919617,44,0.41535255312919617,,
2014/02/14 00:00,2014-02-14,Paradise_WA,46.783333,-121.733333,,,,,-2.4,,,,,1074.42,1654,,,,45,0.41535255312919617,,
2014/02/15 00:00,2014-02-15,Paradise_WA,46.783333,-121.733333,,,,,-1.4,,,,,1107.44,1654,,,,46,0.41535255312919617,,
2014/02/16 00:00,2014-02-16,Paradise_WA,46.783333,-121.733333,,,,,0.5,,,,,1132.84,1654,,,,47,0.0,,
2014/02/17 00:00,2014-02-17,Paradise_WA,46.783333,-121.733333,,,,,-4.6,,,,,1150.62,1654,,,,48,0.0,,
2014/02/18 00:00,2014-02-18,Paradise_WA,46.783333,-121.733333,,,,,-3.8,,,,,1254.76,1654,,,,49,0.0,,
2014/02/19 00:00,2014-02-19,Paradise_WA,46.783333,-121.733333,,,,,-2.7,,,,,1297.94,1654,,,,50,0.0,,
2014/02/20 00:00,2014-02-20,Paradise_WA,46.783333,-121.733333,,,,,-5.8,,,,,1333.5,1654,,0.02728785082037997,0.5159615278244019,51,0.5159615278244019,,
2014/02/21 00:00,2014-02-21,Paradise_WA,46.783333,-121.733333,,,,,-3.7,,,,,1397.0,1654,,,,52,0.5159615278244019,,
2014/02/22 00:00,2014-02-22,Paradise_WA,46.783333,-121.733333,,,,,-4.4,,,,,1412.24,1654,,,,53,0.5159615278244019,,
2014/02/23 00:00,2014-02-23,Paradise_WA,46.783333,-121.733333,,,,,-5.7,,,,,1424.94,1654,,,,54,0.0,,
2014/02/24 00:00,2014-02-24,Paradise_WA,46.783333,-121.733333,,,,,-2.6,,,,,1445.26,1654,,,,55,0.0,,
2014/02/25 00:00,2014-02-25,Paradise_WA,46.783333,-121.733333,,,,,0.7,,,,,1447.8,1654,,,,56,0.0,,
2014/02/26 00:00,2014-02-26,Paradise_WA,46.783333,-121.733333,,,,,-0.7,,,,,1414.78,1654,,,,57,0.0,,
2014/02/27 00:00,2014-02-27,Paradise_WA,46.783333,-121.733333,,,,,4.1,,,,,1424.94,1654,273.68878661087865,,0.2858846187591553,58,0.2858846187591553,,
2014/02/28 00:00,2014-02-28,Paradise_WA,46.783333,-121.733333,,,,,0.3,,,,,1435.1,1654,,,,59,0.2858846187591553,,
2014/03/01 00:00,2014-03-01,Paradise_WA,46.783333,-121.733333,,,,,1.8,,,,,1445.26,1654,,,,60,0.2858846187591553,,
2014/03/02 00:00,2014-03-02,Paradise_WA,46.783333,-121.733333,,,,,-2.7,,,,,1455.42,1654,,,,61,0.0,,
2014/03/03 00:00,2014-03-03,Paradise_WA,46.783333,-121.733333,,,,,-0.2,,,,,1488.44,1654,,,,62,0.0,,
2014/03/04 00:00,2014-03-04,Paradise_WA,46.783333,-121.733333,,,,,0.5,,,,,1539.24,1654,,,,63,0.0,,
2014/03/05 00:00,2014-03-05,Paradise_WA,46.783333,-121.733333,,,,,0.1,,,,,1579.88,1654,,,,64,0.0,,
2014/03/06 00:00,2014-03-06,Paradise_WA,46.783333,-121.733333,,,,,1.3,,,,,1623.06,1654,274.5484698275862,0.04339907707253886,0.44157370924949646,65,0.44157370924949646,,
2014/03/07 00:00,2014-03-07,Paradise_WA,46.783333,-121.733333,,,,,-1.1,,,,,1628.14,1654,,,,66,0.44157370924949646,,
2014/03/08 00:00,2014-03-08,Paradise_WA,46.783333,-121.733333,,,,,1.2,,,,,1630.68,1654,,,,67,0.44157370924949646,,
2014/03/09 00:00,2014-03-09,Paradise_WA,46.783333,-121.733333,,,,,2.4,,,,,1658.62,1654,,,,68,0.0,,
2014/03/10 00:00,2014-03-10,Paradise_WA,46.783333,-121.733333,,,,,1.6,,,,,1694.18,1654,,,,69,0.0,,
2014/03/11 00:00,2014-03-11,Paradise_WA,46.783333,-121.733333,,,,,-2.0,,,,,1681.48,1654,,,,70,0.0,,
2014/03/12 00:00,2014-03-12,Paradise_WA,46.783333,-121.733333,,,,,1.8,,,,,1699.26,1654,,,,71,0.0,,
2014/03/13 00:00,2014-03-13,Paradise_WA,46.783333,-121.733333,,,,,5.5,,,,,1711.96,1654,273.5849482758621,,0.3320032060146332,72,0.3320032060146332,,
2014/03/14 00:00,2014-03-14,Paradise_WA,46.783333,-121.733333,,,,,4.4,,,,,1722.12,1654,,,,73,0.3320032060146332,,
2014/03/15 00:00,2014-03-15,Paradise_WA,46.783333,-121.733333,,,,,-1.3,,,,,1742.44,1654,,,,74,0.3320032060146332,,
2014/03/16 00:00,2014-03-16,Paradise_WA,46.783333,-121.733333,,,,,5.0,,,,,1750.06,1654,,,,75,0.0,,
2014/03/17 00:00,2014-03-17,Paradise_WA,46.783333,-121.733333,,,,,-1.4,,,,,1803.4,1654,,,,76,0.0,,
2014/03/18 00:00,2014-03-18,Paradise_WA,46.783333,-121.733333,,,,,-4.7,,,,,1816.1,1654,,,,77,0.0,,
2014/03/19 00:00,2014-03-19,Paradise_WA,46.783333,-121.733333,,,,,0.1,,,,,1828.8,1654,,,,78,0.0,,
2014/03/20 00:00,2014-03-20,Paradise_WA,46.783333,-121.733333,,,,,-2.7,,,,,1854.2,1654,270.2061954022988,0.03420014572538862,0.2077564001083374,79,0.2077564001083374,,
2014/03/21 00:00,2014-03-21,Paradise_WA,46.783333,-121.733333,,,,,-2.4,,,,,1869.44,1654,,,,80,0.2077564001083374,,
2014/03/22 00:00,2014-03-22,Paradise_WA,46.783333,-121.733333,,,,,-1.6,,,,,1879.6,1654,,,,81,0.2077564001083374,,
2014/03/23 00:00,2014-03-23,Paradise_WA,46.783333,-121.733333,,,,,1.5,,,,,1887.22,1654,,,,82,0.0,,
2014/03/24 00:00,2014-03-24,Paradise_WA,46.783333,-121.733333,,,,,2.6,,,,,1894.84,1654,,,,83,0.0,,
2014/03/25 00:00,2014-03-25,Paradise_WA,46.783333,-121.733333,,,,,9.1,,,,,1902.46,1654,,,,84,0.0,,
2014/03/26 00:00,2014-03-26,Paradise_WA,46.783333,-121.733333,,,,,-0.8,,,,,1922.78,1654,,,,85,0.0,,
2014/03/27 00:00,2014-03-27,Paradise_WA,46.783333,-121.733333,,,,,0.1,,,,,1940.56,1654,275.0819224137931,0.03420014572538862,0.22067947685718536,86,0.22067947685718536,,
2014/03/28 00:00,2014-03-28,Paradise_WA,46.783333,-121.733333,,,,,-1.0,,,,,1950.72,1654,,,,87,0.22067947685718536,,
2014/03/29 00:00,2014-03-29,Paradise_WA,46.783333,-121.733333,,,,,0.6,,,,,1998.98,1654,,,,88,0.22067947685718536,,
2014/03/30 00:00,2014-03-30,Paradise_WA,46.783333,-121.733333,,,,,0.4,,,,,2026.92,1654,,,,89,0.0,,
2014/03/31 00:00,2014-03-31,Paradise_WA,46.783333,-121.733333,,,,,-1.5,,,,,2054.86,1654,,,,90,0.0,,
2014/04/01 00:00,2014-04-01,Paradise_WA,46.783333,-121.733333,,,,,2.1,,,,,2062.48,1654,,,,91,0.0,,
2014/04/02 00:00,2014-04-02,Paradise_WA,46.783333,-121.733333,,,,,0.2,,,,,2062.48,1654,,,,92,0.0,,
2014/04/03 00:00,2014-04-03,Paradise_WA,46.783333,-121.733333,,,,,1.6,,,,,2065.02,1654,279.36275862068965,0.04567927461139897,0.20268268883228302,93,0.20268268883228302,,
2014/04/04 00:00,2014-04-04,Paradise_WA,46.783333,-121.733333,,,,,-0.8,,,,,2072.64,1654,,,,94,0.20268268883228302,,
2014/04/05 00:00,2014-04-05,Paradise_WA,46.783333,-121.733333,,,,,-0.6,,,,,2090.42,1654,,,,95,0.20268268883228302,,
2014/04/06 00:00,2014-04-06,Paradise_WA,46.783333,-121.733333,,,,,0.1,,,,,2090.42,1654,,,,96,0.0,,
2014/04/07 00:00,2014-04-07,Paradise_WA,46.783333,-121.733333,,,,,3.8,,,,,2136.14,1654,,,,97,0.0,,
2014/04/08 00:00,2014-04-08,Paradise_WA,46.783333,-121.733333,,,,,10.7,,,,,2120.9,1654,,,,98,0.0,,
2014/04/09 00:00,2014-04-09,Paradise_WA,46.783333,-121.733333,,,,,4.1,,,,,2128.52,1654,,,,99,0.0,,
2014/04/10 00:00,2014-04-10,Paradise_WA,46.783333,-121.733333,,,,,2.1,,,,,2098.04,1654,277.9947672413793,0.04567927461139897,0.12217948585748672,100,0.12217948585748672,,
2014/04/11 00:00,2014-04-11,Paradise_WA,46.783333,-121.733333,,,,,4.7,,,,,2092.96,1654,,,,101,0.12217948585748672,,
2014/04/12 00:00,2014-04-12,Paradise_WA,46.783333,-121.733333,,,,,5.4,,,,,2098.04,1654,,,,102,0.12217948585748672,,
2014/04/13 00:00,2014-04-13,Paradise_WA,46.783333,-121.733333,,,,,4.9,,,,,2105.66,1654,,,,103,0.0,,
2014/04/14 00:00,2014-04-14,Paradise_WA,46.783333,-121.733333,,,,,7.4,,,,,2105.66,1654,,,,104,0.0,,
2014/04/15 00:00,2014-04-15,Paradise_WA,46.783333,-121.733333,,,,,8.0,,,,,2105.66,1654,,,,105,0.0,,
2014/04/16 00:00,2014-04-16,Paradise_WA,46.783333,-121.733333,,,,,2.7,,,,,2108.2,1654,,,,106,0.0,,
2014/04/17 00:00,2014-04-17,Paradise_WA,46.783333,-121.733333,,,,,0.7,,,,,2133.6,1654,278.37046920821115,0.011349384715025912,0.1934775561094284,107,0.1934775561094284,,
2014/04/18 00:00,2014-04-18,Paradise_WA,46.783333,-121.733333,,,,,1.0,,,,,2169.16,1654,,,,108,0.1934775561094284,,
2014/04/19 00:00,2014-04-19,Paradise_WA,46.783333,-121.733333,,,,,1.2,,,,,2166.62,1654,,,,109,0.1934775561094284,,
2014/04/20 00:00,2014-04-20,Paradise_WA,46.783333,-121.733333,,,,,-0.8,,,,,2181.86,1654,,,,110,0.0,,
2014/04/21 00:00,2014-04-21,Paradise_WA,46.783333,-121.733333,,,,,5.2,,,,,2197.1,1654,,,,111,0.0,,
2014/04/22 00:00,2014-04-22,Paradise_WA,46.783333,-121.733333,,,,,6.6,,,,,2204.72,1654,,,,112,0.0,,
2014/04/23 00:00,2014-04-23,Paradise_WA,46.783333,-121.733333,,,,,-1.4,,,,,2225.04,1654,,,,113,0.0,,
2014/04/24 00:00,2014-04-24,Paradise_WA,46.783333,-121.733333,,,,,-0.1,,,,,2265.68,1654,281.31699712643683,0.011349384715025912,0.2199999988079071,114,0.2199999988079071,,
2014/04/25 00:00,2014-04-25,Paradise_WA,46.783333,-121.733333,,,,,0.0,,,,,2303.78,1654,,,,115,0.2199999988079071,,
2014/04/26 00:00,2014-04-26,Paradise_WA,46.783333,-121.733333,,,,,0.8,,,,,2311.4,1654,,,,116,0.2199999988079071,,
2014/04/27 00:00,2014-04-27,Paradise_WA,46.783333,-121.733333,,,,,0.4,,,,,2316.48,1654,,,,117,0.0,,
2014/04/28 00:00,2014-04-28,Paradise_WA,46.783333,-121.733333,,,,,-1.4,,,,,2359.66,1654,,,,118,0.0,,
2014/04/29 00:00,2014-04-29,Paradise_WA,46.783333,-121.733333,,,,,2.9,,,,,2374.9,1654,,,,119,0.0,,
2014/04/30 00:00,2014-04-30,Paradise_WA,46.783333,-121.733333,,,,,9.5,,,,,2377.44,1654,,,,120,0.0,,
2014/05/01 00:00,2014-05-01,Paradise_WA,46.783333,-121.733333,,,,,14.0,,,,,2385.06,1654,281.31699712643683,,0.122717946767807,121,0.122717946767807,,
2014/05/02 00:00,2014-05-02,Paradise_WA,46.783333,-121.733333,,,,,19.4,,,,,2377.44,1654,,,,122,0.122717946767807,,
2014/05/03 00:00,2014-05-03,Paradise_WA,46.783333,-121.733333,,,,,11.9,,,,,2357.12,1654,,,,123,0.122717946767807,,
2014/05/04 00:00,2014-05-04,Paradise_WA,46.783333,-121.733333,,,,,2.6,,,,,2352.04,1654,,,,124,0.0,,
2014/05/05 00:00,2014-05-05,Paradise_WA,46.783333,-121.733333,,,,,2.0,,,,,2367.28,1654,,,,125,0.0,,
2014/05/06 00:00,2014-05-06,Paradise_WA,46.783333,-121.733333,,,,,1.8,,,,,2377.44,1654,,,,126,0.0,,
2014/05/07 00:00,2014-05-07,Paradise_WA,46.783333,-121.733333,,,,,2.1,,,,,2390.14,1654,,,,127,0.0,,
2014/05/08 00:00,2014-05-08,Paradise_WA,46.783333,-121.733333,,,,,6.0,,,,,2385.06,1654,278.89173275862066,0.04086123704663214,0.14222756028175354,128,0.14222756028175354,,
2014/05/09 00:00,2014-05-09,Paradise_WA,46.783333,-121.733333,,,,,2.9,,,,,2400.3,1654,,,,129,0.14222756028175354,,
2014/05/10 00:00,2014-05-10,Paradise_WA,46.783333,-121.733333,,,,,0.1,,,,,2400.3,1654,,,,130,0.14222756028175354,,
2014/05/11 00:00,2014-05-11,Paradise_WA,46.783333,-121.733333,,,,,1.6,,,,,2415.54,1654,,,,131,0.0,,
2014/05/12 00:00,2014-05-12,Paradise_WA,46.783333,-121.733333,,,,,7.5,,,,,2423.16,1654,,,,132,0.0,,
2014/05/13 00:00,2014-05-13,Paradise_WA,46.783333,-121.733333,,,,,10.4,,,,,2423.16,1654,,,,133,0.0,,
2014/05/14 00:00,2014-05-14,Paradise_WA,46.783333,-121.733333,,,,,16.3,,,,,2423.16,1654,,,,134,0.0,,
2014/05/15 00:00,2014-05-15,Paradise_WA,46.783333,-121.733333,,,,,19.4,,,,,2413.0,1654,279.96239137931036,0.04086123704663214,0.14259615540504456,135,0.14259615540504456,,
2014/05/16 00:00,2014-05-16,Paradise_WA,46.783333,-121.733333,,,,,18.3,,,,,2390.14,1654,,,,136,0.14259615540504456,,
2014/05/17 00:00,2014-05-17,Paradise_WA,46.783333,-121.733333,,,,,9.7,,,,,2377.44,1654,,,,137,0.14259615540504456,,
2014/05/18 00:00,2014-05-18,Paradise_WA,46.783333,-121.733333,,,,,8.7,,,,,2352.04,1654,,,,138,0.0,,
2014/05/19 00:00,2014-05-19,Paradise_WA,46.783333,-121.733333,,,,,2.1,,,,,2344.42,1654,,,,139,0.0,,
2014/05/20 00:00,2014-05-20,Paradise_WA,46.783333,-121.733333,,,,,5.9,,,,,2326.64,1654,,,,140,0.0,,
2014/05/21 00:00,2014-05-21,Paradise_WA,46.783333,-121.733333,,,,,11.8,,,,,2308.86,1654,,,,141,0.0,,
2014/05/22 00:00,2014-05-22,Paradise_WA,46.783333,-121.733333,,,,,11.2,,,,,2296.16,1654,280.85407471264375,0.052869305915371353,0.15025641024112701,142,0.15025641024112701,,
2014/05/23 00:00,2014-05-23,Paradise_WA,46.783333,-121.733333,,,,,16.6,,,,,2288.54,1654,,,,143,0.15025641024112701,,
2014/05/24 00:00,2014-05-24,Paradise_WA,46.783333,-121.733333,,,,,7.8,,,,,2270.76,1654,,,,144,0.15025641024112701,,
2014/05/25 00:00,2014-05-25,Paradise_WA,46.783333,-121.733333,,,,,7.5,,,,,2245.36,1654,,,,145,0.0,,
2014/05/26 00:00,2014-05-26,Paradise_WA,46.783333,-121.733333,,,,,5.2,,,,,2219.96,1654,,,,146,0.0,,
2014/05/27 00:00,2014-05-27,Paradise_WA,46.783333,-121.733333,,,,,3.6,,,,,2214.88,1654,,,,147,0.0,,
2014/05/28 00:00,2014-05-28,Paradise_WA,46.783333,-121.733333,,,,,4.5,,,,,2186.94,1654,,,,148,0.0,,
2014/05/29 00:00,2014-05-29,Paradise_WA,46.783333,-121.733333,,,,,2.4,,,,,2164.08,1654,285.82826005747125,0.052869305915371353,0.0787644237279892,149,0.0787644237279892,,
2014/05/30 00:00,2014-05-30,Paradise_WA,46.783333,-121.733333,,,,,6.7,,,,,2156.46,1654,,,,150,0.0787644237279892,,
2014/05/31 00:00,2014-05-31,Paradise_WA,46.783333,-121.733333,,,,,13.3,,,,,2148.84,1654,,,,151,0.0787644237279892,,
2014/06/01 00:00,2014-06-01,Paradise_WA,46.783333,-121.733333,,,,,11.9,,,,,2128.52,1654,,,,152,0.0,,
2014/06/02 00:00,2014-06-02,Paradise_WA,46.783333,-121.733333,,,,,12.6,,,,,2108.2,1654,,,,153,0.0,,
2014/06/03 00:00,2014-06-03,Paradise_WA,46.783333,-121.733333,,,,,15.1,,,,,2080.26,1654,,,,154,0.0,,
2014/06/04 00:00,2014-06-04,Paradise_WA,46.783333,-121.733333,,,,,7.4,,,,,2070.1,1654,,,,155,0.0,,
2014/06/05 00:00,2014-06-05,Paradise_WA,46.783333,-121.733333,,,,,12.3,,,,,2037.08,1654,285.819473727422,0.08838068868739209,0.0653509572148323,156,0.0653509572148323,,
2014/06/06 00:00,2014-06-06,Paradise_WA,46.783333,-121.733333,,,,,12.8,,,,,2014.22,1654,,,,157,0.0653509572148323,,
2014/06/07 00:00,2014-06-07,Paradise_WA,46.783333,-121.733333,,,,,14.0,,,,,1993.9,1654,,,,158,0.0653509572148323,,
2014/06/08 00:00,2014-06-08,Paradise_WA,46.783333,-121.733333,,,,,14.4,,,,,1960.88,1654,,,,159,0.0,,
2014/06/09 00:00,2014-06-09,Paradise_WA,46.783333,-121.733333,,,,,13.2,,,,,1943.1,1654,,,,160,0.0,,
2014/06/10 00:00,2014-06-10,Paradise_WA,46.783333,-121.733333,,,,,10.6,,,,,1907.54,1654,,,,161,0.0,,
2014/06/11 00:00,2014-06-11,Paradise_WA,46.783333,-121.733333,,,,,6.6,,,,,1897.38,1654,,,,162,0.0,,
2014/06/12 00:00,2014-06-12,Paradise_WA,46.783333,-121.733333,,,,,14.6,,,,,1861.82,1654,285.3263189655172,0.08838068868739209,0.07532051205635071,163,0.07532051205635071,,
2014/06/13 00:00,2014-06-13,Paradise_WA,46.783333,-121.733333,,,,,6.9,,,,,1844.04,1654,,,,164,0.07532051205635071,,
2014/06/14 00:00,2014-06-14,Paradise_WA,46.783333,-121.733333,,,,,2.4,,,,,1826.26,1654,,,,165,0.07532051205635071,,
2014/06/15 00:00,2014-06-15,Paradise_WA,46.783333,-121.733333,,,,,3.5,,,,,1826.26,1654,,,,166,0.0,,
2014/06/16 00:00,2014-06-16,Paradise_WA,46.783333,-121.733333,,,,,2.7,,,,,1803.4,1654,,,,167,0.0,,
2014/06/17 00:00,2014-06-17,Paradise_WA,46.783333,-121.733333,,,,,1.8,,,,,1780.54,1654,,,,168,0.0,,
2014/06/18 00:00,2014-06-18,Paradise_WA,46.783333,-121.733333,,,,,4.0,,,,,1770.38,1654,,,,169,0.0,,
2014/06/19 00:00,2014-06-19,Paradise_WA,46.783333,-121.733333,,,,,6.4,,,,,1747.52,1654,286.18106635071086,,0.07782050967216492,170,0.07782050967216492,,
2014/06/20 00:00,2014-06-20,Paradise_WA,46.783333,-121.733333,,,,,14.1,,,,,1727.2,1654,,,,171,0.07782050967216492,,
2014/06/21 00:00,2014-06-21,Paradise_WA,46.783333,-121.733333,,,,,8.1,,,,,1678.94,1654,,,,172,0.07782050967216492,,
2014/06/22 00:00,2014-06-22,Paradise_WA,46.783333,-121.733333,,,,,13.1,,,,,1663.7,1654,,,,173,0.0,,
2014/06/23 00:00,2014-06-23,Paradise_WA,46.783333,-121.733333,,,,,15.9,,,,,1630.68,1654,,,,174,0.0,,
2014/06/24 00:00,2014-06-24,Paradise_WA,46.783333,-121.733333,,,,,14.4,,,,,1587.5,1654,,,,175,0.0,,
2014/06/25 00:00,2014-06-25,Paradise_WA,46.783333,-121.733333,,,,,12.1,,,,,1562.1,1654,,,,176,0.0,,
2014/06/26 00:00,2014-06-26,Paradise_WA,46.783333,-121.733333,,,,,14.8,,,,,1529.08,1654,292.0904396551724,0.21125271481001726,0.0666923075914383,177,0.0666923075914383,,
2014/06/27 00:00,2014-06-27,Paradise_WA,46.783333,-121.733333,,,,,7.4,,,,,1496.06,1654,,,,178,0.0666923075914383,,
2014/06/28 00:00,2014-06-28,Paradise_WA,46.783333,-121.733333,,,,,6.6,,,,,1468.12,1654,,,,179,0.0666923075914383,,
2014/06/29 00:00,2014-06-29,Paradise_WA,46.783333,-121.733333,,,,,6.5,,,,,1437.64,1654,,,,180,0.0,,
2014/06/30 00:00,2014-06-30,Paradise_WA,46.783333,-121.733333,,,,,6.1,,,,,1409.7,1654,,,,181,0.0,,
2014/07/01 00:00,2014-07-01,Paradise_WA,46.783333,-121.733333,,,,,18.9,,,,,1363.98,1654,,,,182,0.0,,
2014/07/02 00:00,2014-07-02,Paradise_WA,46.783333,-121.733333,,,,,22.7,,,,,1282.7,1654,,,,183,0.0,,
2014/07/03 00:00,2014-07-03,Paradise_WA,46.783333,-121.733333,,,,,17.9,,,,,1229.36,1654,292.85372085385876,,0.03153204917907715,184,0.03153204917907715,,
2014/07/04 00:00,2014-07-04,Paradise_WA,46.783333,-121.733333,,,,,10.1,,,,,1193.8,1654,,,,185,0.03153204917907715,,
2014/07/05 00:00,2014-07-05,Paradise_WA,46.783333,-121.733333,,,,,13.9,,,,,1150.62,1654,,,,186,0.03153204917907715,,
2014/07/06 00:00,2014-07-06,Paradise_WA,46.783333,-121.733333,,,,,15.4,,,,,1107.44,1654,,,,187,0.0,,
2014/07/07 00:00,2014-07-07,Paradise_WA,46.783333,-121.733333,,,,,19.1,,,,,1041.4,1654,,,,188,0.0,,
2014/07/08 00:00,2014-07-08,Paradise_WA,46.783333,-121.733333,,,,,20.9,,,,,982.98,1654,,,,189,0.0,,
2014/07/09 00:00,2014-07-09,Paradise_WA,46.783333,-121.733333,,,,,21.1,,,,,922.02,1654,,,,190,0.0,,
2014/07/10 00:00,2014-07-10,Paradise_WA,46.783333,-121.733333,,,,,18.7,,,,,858.52,1654,295.8608494383491,0.5551537240932644,0.028333332389593124,191,0.028333332389593124,,
2014/07/11 00:00,2014-07-11,Paradise_WA,46.783333,-121.733333,,,,,19.2,,,,,802.64,1654,,,,192,0.028333332389593124,,
2014/07/12 00:00,2014-07-12,Paradise_WA,46.783333,-121.733333,,,,,20.6,,,,,746.76,1654,,,,193,0.028333332389593124,,
2014/07/13 00:00,2014-07-13,Paradise_WA,46.783333,-121.733333,,,,,24.5,,,,,675.64,1654,,,,194,0.0,,
2014/07/14 00:00,2014-07-14,Paradise_WA,46.783333,-121.733333,,,,,20.8,,,,,609.6,1654,,,,195,0.0,,
2014/07/15 00:00,2014-07-15,Paradise_WA,46.783333,-121.733333,,,,,22.2,,,,,548.64,1654,,,,196,0.0,,
2014/07/16 00:00,2014-07-16,Paradise_WA,46.783333,-121.733333,,,,,23.5,,,,,477.52,1654,,,,197,0.0,,
2014/07/17 00:00,2014-07-17,Paradise_WA,46.783333,-121.733333,,,,,22.7,,,,,393.7,1654,296.336421182266,0.5551537240932644,0.08713141083717346,198,0.08713141083717346,,
2014/07/18 00:00,2014-07-18,Paradise_WA,46.783333,-121.733333,,,,,17.2,,,,,304.8,1654,,,,199,0.08713141083717346,,
2014/07/19 00:00,2014-07-19,Paradise_WA,46.783333,-121.733333,,,,,15.3,,,,,200.66,1654,,,,200,0.08713141083717346,,
2014/07/20 00:00,2014-07-20,Paradise_WA,46.783333,-121.733333,,,,,14.1,,,,,96.52,1654,,,,201,0.0,,
2014/07/21 00:00,2014-07-21,Paradise_WA,46.783333,-121.733333,,,,,7.9,,,,,58.42,1654,,,,202,0.0,,
2014/07/22 00:00,2014-07-22,Paradise_WA,46.783333,-121.733333,,,,,16.6,,,,,35.56,1654,,,,203,0.0,,
2014/07/23 00:00,2014-07-23,Paradise_WA,46.783333,-121.733333,,,,,13.2,,,,,12.7,1654,,,,204,0.0,,
2014/07/24 00:00,2014-07-24,Paradise_WA,46.783333,-121.733333,,,,,5.8,,,,,2.54,1654,294.0178866995074,0.7356241904145079,0.07467948645353317,205,0.07467948645353317,,
2014/07/25 00:00,2014-07-25,Paradise_WA,46.783333,-121.733333,,,,,8.0,,,,,5.08,1654,,,,206,0.07467948645353317,,
2014/07/26 00:00,2014-07-26,Paradise_WA,46.783333,-121.733333,,,,,15.9,,,,,-7.62,1654,,,,207,0.07467948645353317,,
2014/07/27 00:00,2014-07-27,Paradise_WA,46.783333,-121.733333,,,,,19.0,,,,,-12.7,1654,,,,208,0.0,,
2014/07/28 00:00,2014-07-28,Paradise_WA,46.783333,-121.733333,,,,,20.2,,,,,-10.16,1654,,,,209,0.0,,
2014/07/29 00:00,2014-07-29,Paradise_WA,46.783333,-121.733333,,,,,22.5,,,,,-12.7,1654,,,,210,0.0,,
2014/07/30 00:00,2014-07-30,Paradise_WA,46.783333,-121.733333,,,,,22.4,,,,,-12.7,1654,,,,211,0.0,,
2014/07/31 00:00,2014-07-31,Paradise_WA,46.783333,-121.733333,,,,,20.1,,,,,,1654,296.0112231800766,0.7356241904145079,0.010213140398263931,212,0.010213140398263931,,
2014/08/01 00:00,2014-08-01,Paradise_WA,46.783333,-121.733333,,,,,22.5,,,,,,1654,,,,213,0.010213140398263931,,
2014/08/02 00:00,2014-08-02,Paradise_WA,46.783333,-121.733333,,,,,23.8,,,,,,1654,,,,214,0.010213140398263931,,
2014/08/03 00:00,2014-08-03,Paradise_WA,46.783333,-121.733333,,,,,20.2,,,,,,1654,,,,215,0.0,,
2014/08/04 00:00,2014-08-04,Paradise_WA,46.783333,-121.733333,,,,,22.4,,,,,,1654,,,,216,0.0,,
2014/08/05 00:00,2014-08-05,Paradise_WA,46.783333,-121.733333,,,,,24.0,,,,,,1654,,,,217,0.0,,
2014/08/06 00:00,2014-08-06,Paradise_WA,46.783333,-121.733333,,,,,17.5,,,,,,1654,,,,218,0.0,,
2014/08/07 00:00,2014-08-07,Paradise_WA,46.783333,-121.733333,,,,,15.8,,,,,,1654,295.426973727422,0.7781377050949915,0.08447595685720444,219,0.08447595685720444,,
2014/08/08 00:00,2014-08-08,Paradise_WA,46.783333,-121.733333,,,,,16.5,,,,,,1654,,,,220,0.08447595685720444,,
2014/08/09 00:00,2014-08-09,Paradise_WA,46.783333,-121.733333,,,,,15.4,,,,,,1654,,,,221,0.08447595685720444,,
2014/08/10 00:00,2014-08-10,Paradise_WA,46.783333,-121.733333,,,,,18.0,,,,,,1654,,,,222,0.0,,
2014/08/11 00:00,2014-08-11,Paradise_WA,46.783333,-121.733333,,,,,24.0,,,,,,1654,,,,223,0.0,,
2014/08/12 00:00,2014-08-12,Paradise_WA,46.783333,-121.733333,,,,,27.1,,,,,,1654,,,,224,0.0,,
2014/08/13 00:00,2014-08-13,Paradise_WA,46.783333,-121.733333,,,,,12.3,,,,,-12.7,1654,,,,225,0.0,,
2014/08/14 00:00,2014-08-14,Paradise_WA,46.783333,-121.733333,,,,,12.8,,,,,-12.7,1654,293.98456896551727,0.7781377050949915,0.11842948198318481,226,0.11842948198318481,,
2014/08/15 00:00,2014-08-15,Paradise_WA,46.783333,-121.733333,,,,,10.8,,,,,-10.16,1654,,,,227,0.11842948198318481,,
2014/08/16 00:00,2014-08-16,Paradise_WA,46.783333,-121.733333,,,,,11.8,,,,,-10.16,1654,,,,228,0.11842948198318481,,
2014/08/17 00:00,2014-08-17,Paradise_WA,46.783333,-121.733333,,,,,15.6,,,,,,1654,,,,229,0.0,,
2014/08/18 00:00,2014-08-18,Paradise_WA,46.783333,-121.733333,,,,,17.0,,,,,,1654,,,,230,0.0,,
2014/08/19 00:00,2014-08-19,Paradise_WA,46.783333,-121.733333,,,,,21.0,,,,,,1654,,,,231,0.0,,
2014/08/20 00:00,2014-08-20,Paradise_WA,46.783333,-121.733333,,,,,17.2,,,,,,1654,,,,232,0.0,,
2014/08/21 00:00,2014-08-21,Paradise_WA,46.783333,-121.733333,,,,,10.2,,,,,-12.7,1654,292.14018657635467,,0.06841345876455307,233,0.06841345876455307,,
2014/08/22 00:00,2014-08-22,Paradise_WA,46.783333,-121.733333,,,,,13.6,,,,,-12.7,1654,,,,234,0.06841345876455307,,
2014/08/23 00:00,2014-08-23,Paradise_WA,46.783333,-121.733333,,,,,14.0,,,,,-12.7,1654,,,,235,0.06841345876455307,,
2014/08/24 00:00,2014-08-24,Paradise_WA,46.783333,-121.733333,,,,,15.9,,,,,-12.7,1654,,,,236,0.0,,
2014/08/25 00:00,2014-08-25,Paradise_WA,46.783333,-121.733333,,,,,8.8,,,,,-7.62,1654,,,,237,0.0,,
2014/08/26 00:00,2014-08-26,Paradise_WA,46.783333,-121.733333,,,,,17.3,,,,,-10.16,1654,,,,238,0.0,,
2014/08/27 00:00,2014-08-27,Paradise_WA,46.783333,-121.733333,,,,,20.1,,,,,-12.7,1654,,,,239,0.0,,
2014/08/28 00:00,2014-08-28,Paradise_WA,46.783333,-121.733333,,,,,19.2,,,,,-12.7,1654,291.87268103448275,0.8054883473661487,0.056535255163908005,240,0.056535255163908005,,
2014/08/29 00:00,2014-08-29,Paradise_WA,46.783333,-121.733333,,,,,14.6,,,,,-12.7,1654,,,,241,0.056535255163908005,,
2014/08/30 00:00,2014-08-30,Paradise_WA,46.783333,-121.733333,,,,,10.7,,,,,-10.16,1654,,,,242,0.056535255163908005,,
2014/08/31 00:00,2014-08-31,Paradise_WA,46.783333,-121.733333,,,,,7.9,,,,,-5.08,1654,,,,243,0.0,,
2014/09/01 00:00,2014-09-01,Paradise_WA,46.783333,-121.733333,,,,,9.4,,,,,-7.62,1654,,,,244,0.0,,
2014/09/02 00:00,2014-09-02,Paradise_WA,46.783333,-121.733333,,,,,12.8,,,,,-7.62,1654,,,,245,0.0,,
2014/09/03 00:00,2014-09-03,Paradise_WA,46.783333,-121.733333,,,,,6.9,,,,,-5.08,1654,,,,246,0.0,,
2014/09/04 00:00,2014-09-04,Paradise_WA,46.783333,-121.733333,,,,,8.2,,,,,-2.54,1654,291.2592540229885,0.8054883473661487,0.04510897397994995,247,0.04510897397994995,,
2014/09/05 00:00,2014-09-05,Paradise_WA,46.783333,-121.733333,,,,,14.0,,,,,-7.62,1654,,,,248,0.04510897397994995,,
2014/09/06 00:00,2014-09-06,Paradise_WA,46.783333,-121.733333,,,,,17.4,,,,,-7.62,1654,,,,249,0.04510897397994995,,
2014/09/07 00:00,2014-09-07,Paradise_WA,46.783333,-121.733333,,,,,20.6,,,,,-12.7,1654,,,,250,0.0,,
2014/09/08 00:00,2014-09-08,Paradise_WA,46.783333,-121.733333,,,,,18.4,,,,,-10.16,1654,,,,251,0.0,,
2014/09/09 00:00,2014-09-09,Paradise_WA,46.783333,-121.733333,,,,,13.1,,,,,-7.62,1654,,,,252,0.0,,
2014/09/10 00:00,2014-09-10,Paradise_WA,46.783333,-121.733333,,,,,8.5,,,,,-5.08,1654,,,,253,0.0,,
2014/09/11 00:00,2014-09-11,Paradise_WA,46.783333,-121.733333,,,,,12.1,,,,,-7.62,1654,291.5813385579937,0.7335286377374787,0.028108973056077957,254,0.028108973056077957,,
2014/09/12 00:00,2014-09-12,Paradise_WA,46.783333,-121.733333,,,,,9.2,,,,,-2.54,1654,,,,255,0.028108973056077957,,
2014/09/13 00:00,2014-09-13,Paradise_WA,46.783333,-121.733333,,,,,16.4,,,,,-7.62,1654,,,,256,0.028108973056077957,,
2014/09/14 00:00,2014-09-14,Paradise_WA,46.783333,-121.733333,,,,,17.2,,,,,-5.08,1654,,,,257,0.0,,
2014/09/15 00:00,2014-09-15,Paradise_WA,46.783333,-121.733333,,,,,19.5,,,,,-5.08,1654,,,,258,0.0,,
2014/09/16 00:00,2014-09-16,Paradise_WA,46.783333,-121.733333,,,,,21.4,,,,,-7.62,1654,,,,259,0.0,,
2014/09/17 00:00,2014-09-17,Paradise_WA,46.783333,-121.733333,,,,,14.8,,,,,-7.62,1654,,,,260,0.0,,
2014/09/18 00:00,2014-09-18,Paradise_WA,46.783333,-121.733333,,,,,15.4,,,,,-7.62,1654,292.8689316502463,0.7335286377374787,0.1379166692495346,261,0.1379166692495346,,
2014/09/19 00:00,2014-09-19,Paradise_WA,46.783333,-121.733333,,,,,8.8,,,,,-2.54,1654,,,,262,0.1379166692495346,,
2014/09/20 00:00,2014-09-20,Paradise_WA,46.783333,-121.733333,,,,,11.8,,,,,-5.08,1654,,,,263,0.1379166692495346,,
2014/09/21 00:00,2014-09-21,Paradise_WA,46.783333,-121.733333,,,,,18.8,,,,,-7.62,1654,,,,264,0.0,,
2014/09/22 00:00,2014-09-22,Paradise_WA,46.783333,-121.733333,,,,,19.5,,,,,-10.16,1654,,,,265,0.0,,
2014/09/23 00:00,2014-09-23,Paradise_WA,46.783333,-121.733333,,,,,13.8,,,,,-7.62,1654,,,,266,0.0,,
2014/09/24 00:00,2014-09-24,Paradise_WA,46.783333,-121.733333,,,,,9.4,,,,,-2.54,1654,,,,267,0.0,,
2014/09/25 00:00,2014-09-25,Paradise_WA,46.783333,-121.733333,,,,,7.6,,,,,0.0,1654,290.066299137931,0.7127928594559588,0.20998556911945343,268,0.20998556911945343,,
2014/09/26 00:00,2014-09-26,Paradise_WA,46.783333,-121.733333,,,,,7.8,,,,,0.0,1654,,,,269,0.20998556911945343,,
2014/09/27 00:00,2014-09-27,Paradise_WA,46.783333,-121.733333,,,,,7.2,,,,,0.0,1654,,,,270,0.20998556911945343,,
2014/09/28 00:00,2014-09-28,Paradise_WA,46.783333,-121.733333,,,,,8.7,,,,,0.0,1654,,,,271,0.0,,
2014/09/29 00:00,2014-09-29,Paradise_WA,46.783333,-121.733333,,,,,12.8,,,,,0.0,1654,,,,272,0.0,,
2014/09/30 00:00,2014-09-30,Paradise_WA,46.783333,-121.733333,,,,,7.0,,,,,0.0,1654,,,,273,0.0,,
2014/10/01 00:00,2014-10-01,Paradise_WA,46.783333,-121.733333,,,,,3.9,,,,,0.0,1654,,,,274,0.0,,
2014/10/02 00:00,2014-10-02,Paradise_WA,46.783333,-121.733333,,,,,4.1,,,,,0.0,1654,288.2062545498084,0.7127928594559588,0.11264583468437195,275,0.11264583468437195,,
2014/10/03 00:00,2014-10-03,Paradise_WA,46.783333,-121.733333,,,,,9.5,,,,,0.0,1654,,,,276,0.11264583468437195,,
2014/10/04 00:00,2014-10-04,Paradise_WA,46.783333,-121.733333,,,,,15.6,,,,,-5.08,1654,,,,277,0.11264583468437195,,
2014/10/05 00:00,2014-10-05,Paradise_WA,46.783333,-121.733333,,,,,12.0,,,,,-5.08,1654,,,,278,0.0,,
2014/10/06 00:00,2014-10-06,Paradise_WA,46.783333,-121.733333,,,,,14.8,,,,,-7.62,1654,,,,279,0.0,,
2014/10/07 00:00,2014-10-07,Paradise_WA,46.783333,-121.733333,,,,,16.0,,,,,-7.62,1654,,,,280,0.0,,
2014/10/08 00:00,2014-10-08,Paradise_WA,46.783333,-121.733333,,,,,14.7,,,,,-5.08,1654,,,,281,0.0,,
2014/10/09 00:00,2014-10-09,Paradise_WA,46.783333,-121.733333,,,,,11.1,,,,,-2.54,1654,289.9811773399014,,0.10818909853696823,282,0.10818909853696823,,
2014/10/10 00:00,2014-10-10,Paradise_WA,46.783333,-121.733333,,,,,13.1,,,,,-5.08,1654,,,,283,0.10818909853696823,,
2014/10/11 00:00,2014-10-11,Paradise_WA,46.783333,-121.733333,,,,,10.5,,,,,-5.08,1654,,,,284,0.10818909853696823,,
2014/10/12 00:00,2014-10-12,Paradise_WA,46.783333,-121.733333,,,,,3.7,,,,,0.0,1654,,,,285,0.0,,
2014/10/13 00:00,2014-10-13,Paradise_WA,46.783333,-121.733333,,,,,5.2,,,,,-2.54,1654,,,,286,0.0,,
2014/10/14 00:00,2014-10-14,Paradise_WA,46.783333,-121.733333,,,,,11.8,,,,,-5.08,1654,,,,287,0.0,,
2014/10/15 00:00,2014-10-15,Paradise_WA,46.783333,-121.733333,,,,,5.8,,,,,0.0,1654,,,,288,0.0,,
2014/10/16 00:00,2014-10-16,Paradise_WA,46.783333,-121.733333,,,,,2.0,,,,,2.54,1654,284.53368965517245,0.5569884553108809,0.32275640964508057,289,0.32275640964508057,,
2014/10/17 00:00,2014-10-17,Paradise_WA,46.783333,-121.733333,,,,,6.6,,,,,0.0,1654,,,,290,0.32275640964508057,,
2014/10/18 00:00,2014-10-18,Paradise_WA,46.783333,-121.733333,,,,,6.1,,,,,2.54,1654,,,,291,0.32275640964508057,,
2014/10/19 00:00,2014-10-19,Paradise_WA,46.783333,-121.733333,,,,,9.0,,,,,0.0,1654,,,,292,0.0,,
2014/10/20 00:00,2014-10-20,Paradise_WA,46.783333,-121.733333,,,,,11.7,,,,,-2.54,1654,,,,293,0.0,,
2014/10/21 00:00,2014-10-21,Paradise_WA,46.783333,-121.733333,,,,,4.5,,,,,0.0,1654,,,,294,0.0,,
2014/10/22 00:00,2014-10-22,Paradise_WA,46.783333,-121.733333,,,,,2.9,,,,,2.54,1654,,,,295,0.0,,
2014/10/23 00:00,2014-10-23,Paradise_WA,46.783333,-121.733333,,,,,5.0,,,,,2.54,1654,281.8154655172414,,0.42221152782440186,296,0.42221152782440186,,
2014/10/24 00:00,2014-10-24,Paradise_WA,46.783333,-121.733333,,,,,1.2,,,,,0.0,1654,,,,297,0.42221152782440186,,
2014/10/25 00:00,2014-10-25,Paradise_WA,46.783333,-121.733333,,,,,3.2,,,,,2.54,1654,,,,298,0.42221152782440186,,
2014/10/26 00:00,2014-10-26,Paradise_WA,46.783333,-121.733333,,,,,4.5,,,,,2.54,1654,,,,299,0.0,,
2014/10/27 00:00,2014-10-27,Paradise_WA,46.783333,-121.733333,,,,,-0.7,,,,,35.56,1654,,,,300,0.0,,
2014/10/28 00:00,2014-10-28,Paradise_WA,46.783333,-121.733333,,,,,1.0,,,,,30.48,1654,,,,301,0.0,,
2014/10/29 00:00,2014-10-29,Paradise_WA,46.783333,-121.733333,,,,,4.9,,,,,38.1,1654,,,,302,0.0,,
2014/10/30 00:00,2014-10-30,Paradise_WA,46.783333,-121.733333,,,,,5.0,,,,,20.32,1654,278.1581990521327,0.5510166396804838,0.3431025445461273,303,0.3431025445461273,,
2014/10/31 00:00,2014-10-31,Paradise_WA,46.783333,-121.733333,,,,,6.5,,,,,10.16,1654,,,,304,0.3431025445461273,,
2014/11/01 00:00,2014-11-01,Paradise_WA,46.783333,-121.733333,,,,,1.2,,,,,2.54,1654,,,,305,0.3431025445461273,,
2014/11/02 00:00,2014-11-02,Paradise_WA,46.783333,-121.733333,,,,,-0.1,,,,,7.62,1654,,,,306,0.0,,
2014/11/03 00:00,2014-11-03,Paradise_WA,46.783333,-121.733333,,,,,1.3,,,,,5.08,1654,,,,307,0.0,,
2014/11/04 00:00,2014-11-04,Paradise_WA,46.783333,-121.733333,,,,,3.9,,,,,2.54,1654,,,,308,0.0,,
2014/11/05 00:00,2014-11-05,Paradise_WA,46.783333,-121.733333,,,,,4.0,,,,,2.54,1654,,,,309,0.0,,
2014/11/06 00:00,2014-11-06,Paradise_WA,46.783333,-121.733333,,,,,8.4,,,,,2.54,1654,272.63780862068967,0.5510166396804838,0.3048493564128876,310,0.3048493564128876,,
2014/11/07 00:00,2014-11-07,Paradise_WA,46.783333,-121.733333,,,,,2.6,,,,,0.0,1654,,,,311,0.3048493564128876,,
2014/11/08 00:00,2014-11-08,Paradise_WA,46.783333,-121.733333,,,,,3.7,,,,,2.54,1654,,,,312,0.3048493564128876,,
2014/11/09 00:00,2014-11-09,Paradise_WA,46.783333,-121.733333,,,,,7.7,,,,,2.54,1654,,,,313,0.0,,
2014/11/10 00:00,2014-11-10,Paradise_WA,46.783333,-121.733333,,,,,0.4,,,,,5.08,1654,,,,314,0.0,,
2014/11/11 00:00,2014-11-11,Paradise_WA,46.783333,-121.733333,,,,,-0.7,,,,,15.24,1654,,,,315,0.0,,
2014/11/12 00:00,2014-11-12,Paradise_WA,46.783333,-121.733333,,,,,-10.0,,,,,10.16,1654,,,,316,0.0,,
2014/11/13 00:00,2014-11-13,Paradise_WA,46.783333,-121.733333,,,,,-9.1,,,,,50.8,1654,273.3494636015326,0.25238382987910196,0.07052884250879288,317,0.07052884250879288,,
2014/11/14 00:00,2014-11-14,Paradise_WA,46.783333,-121.733333,,,,,-8.5,,,,,88.9,1654,,,,318,0.07052884250879288,,
2014/11/15 00:00,2014-11-15,Paradise_WA,46.783333,-121.733333,,,,,-5.4,,,,,111.76,1654,,,,319,0.07052884250879288,,
2014/11/16 00:00,2014-11-16,Paradise_WA,46.783333,-121.733333,,,,,-5.9,,,,,144.78,1654,,,,320,0.0,,
2014/11/17 00:00,2014-11-17,Paradise_WA,46.783333,-121.733333,,,,,2.8,,,,,142.24,1654,,,,321,0.0,,
2014/11/18 00:00,2014-11-18,Paradise_WA,46.783333,-121.733333,,,,,6.7,,,,,134.62,1654,,,,322,0.0,,
2014/11/19 00:00,2014-11-19,Paradise_WA,46.783333,-121.733333,,,,,6.7,,,,,124.46,1654,,,,323,0.0,,
2014/11/20 00:00,2014-11-20,Paradise_WA,46.783333,-121.733333,,,,,6.6,,,,,101.6,1654,274.2963965517242,0.25238382987910196,0.4533173143863678,324,0.4533173143863678,,
2014/11/21 00:00,2014-11-21,Paradise_WA,46.783333,-121.733333,,,,,0.5,,,,,81.28,1654,,,,325,0.4533173143863678,,
2014/11/22 00:00,2014-11-22,Paradise_WA,46.783333,-121.733333,,,,,0.4,,,,,88.9,1654,,,,326,0.4533173143863678,,
2014/11/23 00:00,2014-11-23,Paradise_WA,46.783333,-121.733333,,,,,-2.6,,,,,111.76,1654,,,,327,0.0,,
2014/11/24 00:00,2014-11-24,Paradise_WA,46.783333,-121.733333,,,,,-2.1,,,,,177.8,1654,,,,328,0.0,,
2014/11/25 00:00,2014-11-25,Paradise_WA,46.783333,-121.733333,,,,,-0.8,,,,,177.8,1654,,,,329,0.0,,
2014/11/26 00:00,2014-11-26,Paradise_WA,46.783333,-121.733333,,,,,4.1,,,,,203.2,1654,,,,330,0.0,,
2014/11/27 00:00,2014-11-27,Paradise_WA,46.783333,-121.733333,,,,,4.5,,,,,177.8,1654,269.38932816091955,0.09608888169257344,0.49588459730148315,331,0.49588459730148315,,
2014/11/28 00:00,2014-11-28,Paradise_WA,46.783333,-121.733333,,,,,3.0,,,,,172.72,1654,,,,332,0.49588459730148315,,
2014/11/29 00:00,2014-11-29,Paradise_WA,46.783333,-121.733333,,,,,-0.2,,,,,167.64,1654,,,,333,0.49588459730148315,,
2014/11/30 00:00,2014-11-30,Paradise_WA,46.783333,-121.733333,,,,,-10.6,,,,,165.1,1654,,,,334,0.0,,
2014/12/01 00:00,2014-12-01,Paradise_WA,46.783333,-121.733333,,,,,-7.6,,,,,162.56,1654,,,,335,0.0,,
2014/12/02 00:00,2014-12-02,Paradise_WA,46.783333,-121.733333,,,,,-3.8,,,,,162.56,1654,,,,336,0.0,,
2014/12/03 00:00,2014-12-03,Paradise_WA,46.783333,-121.733333,,,,,0.0,,,,,157.48,1654,,,,337,0.0,,
2014/12/04 00:00,2014-12-04,Paradise_WA,46.783333,-121.733333,,,,,-0.9,,,,,154.94,1654,269.38932816091955,0.09608888169257344,0.2692660093307495,338,0.2692660093307495,,
2014/12/05 00:00,2014-12-05,Paradise_WA,46.783333,-121.733333,,,,,2.2,,,,,154.94,1654,,,,339,0.2692660093307495,,
2014/12/06 00:00,2014-12-06,Paradise_WA,46.783333,-121.733333,,,,,3.9,,,,,147.32,1654,,,,340,0.2692660093307495,,
2014/12/07 00:00,2014-12-07,Paradise_WA,46.783333,-121.733333,,,,,0.3,,,,,167.64,1654,,,,341,0.0,,
2014/12/08 00:00,2014-12-08,Paradise_WA,46.783333,-121.733333,,,,,3.2,,,,,162.56,1654,,,,342,0.0,,
2014/12/09 00:00,2014-12-09,Paradise_WA,46.783333,-121.733333,,,,,5.4,,,,,154.94,1654,,,,343,0.0,,
2014/12/10 00:00,2014-12-10,Paradise_WA,46.783333,-121.733333,,,,,4.0,,,,,162.56,1654,,,,344,0.0,,
2014/12/11 00:00,2014-12-11,Paradise_WA,46.783333,-121.733333,,,,,3.3,,,,,149.86,1654,270.9411551724138,,0.36368587613105774,345,0.36368587613105774,,
2014/12/12 00:00,2014-12-12,Paradise_WA,46.783333,-121.733333,,,,,3.3,,,,,139.7,1654,,,,346,0.36368587613105774,,
2014/12/13 00:00,2014-12-13,Paradise_WA,46.783333,-121.733333,,,,,-1.2,,,,,129.54,1654,,,,347,0.36368587613105774,,
2014/12/14 00:00,2014-12-14,Paradise_WA,46.783333,-121.733333,,,,,-1.8,,,,,134.62,1654,,,,348,0.0,,
2014/12/15 00:00,2014-12-15,Paradise_WA,46.783333,-121.733333,,,,,-1.4,,,,,134.62,1654,,,,349,0.0,,
2014/12/16 00:00,2014-12-16,Paradise_WA,46.783333,-121.733333,,,,,-2.2,,,,,129.54,1654,,,,350,0.0,,
2014/12/17 00:00,2014-12-17,Paradise_WA,46.783333,-121.733333,,,,,-1.1,,,,,,1654,,,,351,0.0,,
2014/12/18 00:00,2014-12-18,Paradise_WA,46.783333,-121.733333,,,,,0.0,,,,,,1654,270.9411551724138,0.13605621761658035,0.43011218309402466,352,0.43011218309402466,,
2014/12/19 00:00,2014-12-19,Paradise_WA,46.783333,-121.733333,,,,,0.6,,,,,121.92,1654,,,,353,0.43011218309402466,,
2014/12/20 00:00,2014-12-20,Paradise_WA,46.783333,-121.733333,,,,,-2.5,,,,,142.24,1654,,,,354,0.43011218309402466,,
2014/12/21 00:00,2014-12-21,Paradise_WA,46.783333,-121.733333,,,,,0.0,,,,,185.42,1654,,,,355,0.0,,
2014/12/22 00:00,2014-12-22,Paradise_WA,46.783333,-121.733333,,,,,-0.7,,,,,195.58,1654,,,,356,0.0,,
2014/12/23 00:00,2014-12-23,Paradise_WA,46.783333,-121.733333,,,,,-1.6,,,,,218.44,1654,,,,357,0.0,,
2014/12/24 00:00,2014-12-24,Paradise_WA,46.783333,-121.733333,,,,,2.7,,,,,238.76,1654,,,,358,0.0,,
2014/12/25 00:00,2014-12-25,Paradise_WA,46.783333,-121.733333,,,,,-4.0,,,,,231.14,1654,265.45875775862066,0.13605621761658035,0.4327884614467621,359,0.4327884614467621,,
2014/12/26 00:00,2014-12-26,Paradise_WA,46.783333,-121.733333,,,,,-4.3,,,,,238.76,1654,,,,360,0.4327884614467621,,
2014/12/27 00:00,2014-12-27,Paradise_WA,46.783333,-121.733333,,,,,-3.9,,,,,238.76,1654,,,,361,0.4327884614467621,,
2014/12/28 00:00,2014-12-28,Paradise_WA,46.783333,-121.733333,,,,,-2.6,,,,,287.02,1654,,,,362,0.0,,
2014/12/29 00:00,2014-12-29,Paradise_WA,46.783333,-121.733333,,,,,-4.5,,,,,314.96,1654,,,,363,0.0,,
2014/12/30 00:00,2014-12-30,Paradise_WA,46.783333,-121.733333,,,,,-10.5,,,,,322.58,1654,,,,364,0.0,,
2014/12/31 00:00,2014-12-31,Paradise_WA,46.783333,-121.733333,,,,,-8.7,,,,,325.12,1654,,,,365,0.0,,
2015/01/01 00:00,2015-01-01,Paradise_WA,46.783333,-121.733333,,,,,-2.6,,,,,330.2,1654,269.0927467159278,0.13692905332469776,0.4694887697696686,1,0.4694887697696686,,
2015/01/02 00:00,2015-01-02,Paradise_WA,46.783333,-121.733333,,,,,2.1,,,,,330.2,1654,,,,2,0.4694887697696686,,
2015/01/03 00:00,2015-01-03,Paradise_WA,46.783333,-121.733333,,,,,-3.7,,,,,335.28,1654,,,,3,0.4694887697696686,,
2015/01/04 00:00,2015-01-04,Paradise_WA,46.783333,-121.733333,,,,,-4.7,,,,,340.36,1654,,,,4,0.0,,
2015/01/05 00:00,2015-01-05,Paradise_WA,46.783333,-121.733333,,,,,-0.1,,,,,370.84,1654,,,,5,0.0,,
2015/01/06 00:00,2015-01-06,Paradise_WA,46.783333,-121.733333,,,,,2.7,,,,,408.94,1654,,,,6,0.0,,
2015/01/07 00:00,2015-01-07,Paradise_WA,46.783333,-121.733333,,,,,8.6,,,,,393.7,1654,,,,7,0.0,,
2015/01/08 00:00,2015-01-08,Paradise_WA,46.783333,-121.733333,,,,,9.8,,,,,393.7,1654,277.4303448275862,,0.4511858820915222,8,0.4511858820915222,,
2015/01/09 00:00,2015-01-09,Paradise_WA,46.783333,-121.733333,,,,,6.6,,,,,393.7,1654,,,,9,0.4511858820915222,,
2015/01/10 00:00,2015-01-10,Paradise_WA,46.783333,-121.733333,,,,,4.1,,,,,398.78,1654,,,,10,0.4511858820915222,,
2015/01/11 00:00,2015-01-11,Paradise_WA,46.783333,-121.733333,,,,,0.8,,,,,403.86,1654,,,,11,0.0,,
2015/01/12 00:00,2015-01-12,Paradise_WA,46.783333,-121.733333,,,,,-0.6,,,,,406.4,1654,,,,12,0.0,,
2015/01/13 00:00,2015-01-13,Paradise_WA,46.783333,-121.733333,,,,,0.0,,,,,411.48,1654,,,,13,0.0,,
2015/01/14 00:00,2015-01-14,Paradise_WA,46.783333,-121.733333,,,,,4.5,,,,,414.02,1654,,,,14,0.0,,
2015/01/15 00:00,2015-01-15,Paradise_WA,46.783333,-121.733333,,,,,3.5,,,,,416.56,1654,273.0708600574713,0.09193274231039517,0.2806570529937744,15,0.2806570529937744,,
2015/01/16 00:00,2015-01-16,Paradise_WA,46.783333,-121.733333,,,,,0.7,,,,,421.64,1654,,,,16,0.2806570529937744,,
2015/01/17 00:00,2015-01-17,Paradise_WA,46.783333,-121.733333,,,,,-1.8,,,,,436.88,1654,,,,17,0.2806570529937744,,
2015/01/18 00:00,2015-01-18,Paradise_WA,46.783333,-121.733333,,,,,3.2,,,,,457.2,1654,,,,18,0.0,,
2015/01/19 00:00,2015-01-19,Paradise_WA,46.783333,-121.733333,,,,,-1.4,,,,,452.12,1654,,,,19,0.0,,
2015/01/20 00:00,2015-01-20,Paradise_WA,46.783333,-121.733333,,,,,-2.4,,,,,477.52,1654,,,,20,0.0,,
2015/01/21 00:00,2015-01-21,Paradise_WA,46.783333,-121.733333,,,,,-1.3,,,,,482.6,1654,,,,21,0.0,,
2015/01/22 00:00,2015-01-22,Paradise_WA,46.783333,-121.733333,,,,,1.2,,,,,480.06,1654,275.0800744252873,0.09193274231039517,0.33983972668647766,22,0.33983972668647766,,
2015/01/23 00:00,2015-01-23,Paradise_WA,46.783333,-121.733333,,,,,1.7,,,,,485.14,1654,,,,23,0.33983972668647766,,
2015/01/24 00:00,2015-01-24,Paradise_WA,46.783333,-121.733333,,,,,5.0,,,,,492.76,1654,,,,24,0.33983972668647766,,
2015/01/25 00:00,2015-01-25,Paradise_WA,46.783333,-121.733333,,,,,7.2,,,,,467.36,1654,,,,25,0.0,,
2015/01/26 00:00,2015-01-26,Paradise_WA,46.783333,-121.733333,,,,,12.7,,,,,457.2,1654,,,,26,0.0,,
2015/01/27 00:00,2015-01-27,Paradise_WA,46.783333,-121.733333,,,,,10.6,,,,,459.74,1654,,,,27,0.0,,
2015/01/28 00:00,2015-01-28,Paradise_WA,46.783333,-121.733333,,,,,2.5,,,,,462.28,1654,,,,28,0.0,,
2015/01/29 00:00,2015-01-29,Paradise_WA,46.783333,-121.733333,,,,,3.8,,,,,462.28,1654,279.21021724137927,0.15967213946459413,0.15670031309127808,29,0.15670031309127808,,
2015/01/30 00:00,2015-01-30,Paradise_WA,46.783333,-121.733333,,,,,6.4,,,,,457.2,1654,,,,30,0.15670031309127808,,
2015/01/31 00:00,2015-01-31,Paradise_WA,46.783333,-121.733333,,,,,5.5,,,,,459.74,1654,,,,31,0.15670031309127808,,
2015/02/01 00:00,2015-02-01,Paradise_WA,46.783333,-121.733333,,,,,5.0,,,,,457.2,1654,,,,32,0.0,,
2015/02/02 00:00,2015-02-02,Paradise_WA,46.783333,-121.733333,,,,,1.0,,,,,472.44,1654,,,,33,0.0,,
2015/02/03 00:00,2015-02-03,Paradise_WA,46.783333,-121.733333,,,,,-0.1,,,,,477.52,1654,,,,34,0.0,,
2015/02/04 00:00,2015-02-04,Paradise_WA,46.783333,-121.733333,,,,,-0.1,,,,,480.06,1654,,,,35,0.0,,
2015/02/05 00:00,2015-02-05,Paradise_WA,46.783333,-121.733333,,,,,1.8,,,,,490.22,1654,278.4900431034482,0.15967213946459413,0.4713958203792572,36,0.4713958203792572,,
2015/02/06 00:00,2015-02-06,Paradise_WA,46.783333,-121.733333,,,,,4.6,,,,,492.76,1654,,,,37,0.4713958203792572,,
2015/02/07 00:00,2015-02-07,Paradise_WA,46.783333,-121.733333,,,,,2.4,,,,,495.3,1654,,,,38,0.4713958203792572,,
2015/02/08 00:00,2015-02-08,Paradise_WA,46.783333,-121.733333,,,,,1.1,,,,,490.22,1654,,,,39,0.0,,
2015/02/09 00:00,2015-02-09,Paradise_WA,46.783333,-121.733333,,,,,3.5,,,,,480.06,1654,,,,40,0.0,,
2015/02/10 00:00,2015-02-10,Paradise_WA,46.783333,-121.733333,,,,,0.1,,,,,487.68,1654,,,,41,0.0,,
2015/02/11 00:00,2015-02-11,Paradise_WA,46.783333,-121.733333,,,,,1.3,,,,,487.68,1654,,,,42,0.0,,
2015/02/12 00:00,2015-02-12,Paradise_WA,46.783333,-121.733333,,,,,7.1,,,,,477.52,1654,278.448175862069,0.157186911701209,0.33108973503112793,43,0.33108973503112793,,
2015/02/13 00:00,2015-02-13,Paradise_WA,46.783333,-121.733333,,,,,8.5,,,,,474.98,1654,,,,44,0.33108973503112793,,
2015/02/14 00:00,2015-02-14,Paradise_WA,46.783333,-121.733333,,,,,9.0,,,,,469.9,1654,,,,45,0.33108973503112793,,
2015/02/15 00:00,2015-02-15,Paradise_WA,46.783333,-121.733333,,,,,3.7,,,,,472.44,1654,,,,46,0.0,,
2015/02/16 00:00,2015-02-16,Paradise_WA,46.783333,-121.733333,,,,,6.0,,,,,469.9,1654,,,,47,0.0,,
2015/02/17 00:00,2015-02-17,Paradise_WA,46.783333,-121.733333,,,,,2.1,,,,,469.9,1654,,,,48,0.0,,
2015/02/18 00:00,2015-02-18,Paradise_WA,46.783333,-121.733333,,,,,7.6,,,,,464.82,1654,,,,49,0.0,,
2015/02/19 00:00,2015-02-19,Paradise_WA,46.783333,-121.733333,,,,,1.7,,,,,464.82,1654,276.03756896551727,0.157186911701209,0.04889423027634621,50,0.04889423027634621,,
2015/02/20 00:00,2015-02-20,Paradise_WA,46.783333,-121.733333,,,,,-0.1,,,,,472.44,1654,,,,51,0.04889423027634621,,
2015/02/21 00:00,2015-02-21,Paradise_WA,46.783333,-121.733333,,,,,0.3,,,,,492.76,1654,,,,52,0.04889423027634621,,
2015/02/22 00:00,2015-02-22,Paradise_WA,46.783333,-121.733333,,,,,-0.1,,,,,495.3,1654,,,,53,0.0,,
2015/02/23 00:00,2015-02-23,Paradise_WA,46.783333,-121.733333,,,,,1.5,,,,,495.3,1654,,,,54,0.0,,
2015/02/24 00:00,2015-02-24,Paradise_WA,46.783333,-121.733333,,,,,5.1,,,,,495.3,1654,,,,55,0.0,,
2015/02/25 00:00,2015-02-25,Paradise_WA,46.783333,-121.733333,,,,,3.2,,,,,492.76,1654,,,,56,0.0,,
2015/02/26 00:00,2015-02-26,Paradise_WA,46.783333,-121.733333,,,,,-0.3,,,,,497.84,1654,273.42055665024634,,0.10320352017879486,57,0.10320352017879486,,
2015/02/27 00:00,2015-02-27,Paradise_WA,46.783333,-121.733333,,,,,0.7,,,,,513.08,1654,,,,58,0.10320352017879486,,
2015/02/28 00:00,2015-02-28,Paradise_WA,46.783333,-121.733333,,,,,-2.0,,,,,535.94,1654,,,,59,0.10320352017879486,,
2015/03/01 00:00,2015-03-01,Paradise_WA,46.783333,-121.733333,,,,,0.0,,,,,535.94,1654,,,,60,0.0,,
2015/03/02 00:00,2015-03-02,Paradise_WA,46.783333,-121.733333,,,,,1.7,,,,,535.94,1654,,,,61,0.0,,
2015/03/03 00:00,2015-03-03,Paradise_WA,46.783333,-121.733333,,,,,-1.8,,,,,541.02,1654,,,,62,0.0,,
2015/03/04 00:00,2015-03-04,Paradise_WA,46.783333,-121.733333,,,,,-1.0,,,,,538.48,1654,,,,63,0.0,,
2015/03/05 00:00,2015-03-05,Paradise_WA,46.783333,-121.733333,,,,,3.3,,,,,535.94,1654,276.95182570470723,0.1471204231433507,0.0992131382226944,64,0.0992131382226944,,
2015/03/06 00:00,2015-03-06,Paradise_WA,46.783333,-121.733333,,,,,5.4,,,,,533.4,1654,,,,65,0.0992131382226944,,
2015/03/07 00:00,2015-03-07,Paradise_WA,46.783333,-121.733333,,,,,7.4,,,,,523.24,1654,,,,66,0.0992131382226944,,
2015/03/08 00:00,2015-03-08,Paradise_WA,46.783333,-121.733333,,,,,7.6,,,,,525.78,1654,,,,67,0.0,,
2015/03/09 00:00,2015-03-09,Paradise_WA,46.783333,-121.733333,,,,,9.9,,,,,530.86,1654,,,,68,0.0,,
2015/03/10 00:00,2015-03-10,Paradise_WA,46.783333,-121.733333,,,,,8.4,,,,,528.32,1654,,,,69,0.0,,
2015/03/11 00:00,2015-03-11,Paradise_WA,46.783333,-121.733333,,,,,12.7,,,,,525.78,1654,,,,70,0.0,,
2015/03/12 00:00,2015-03-12,Paradise_WA,46.783333,-121.733333,,,,,2.8,,,,,533.4,1654,278.7052047619048,0.1471204231433507,0.3968749940395355,71,0.3968749940395355,,
2015/03/13 00:00,2015-03-13,Paradise_WA,46.783333,-121.733333,,,,,6.4,,,,,523.24,1654,,,,72,0.3968749940395355,,
2015/03/14 00:00,2015-03-14,Paradise_WA,46.783333,-121.733333,,,,,10.0,,,,,518.16,1654,,,,73,0.3968749940395355,,
2015/03/15 00:00,2015-03-15,Paradise_WA,46.783333,-121.733333,,,,,2.9,,,,,528.32,1654,,,,74,0.0,,
2015/03/16 00:00,2015-03-16,Paradise_WA,46.783333,-121.733333,,,,,2.7,,,,,520.7,1654,,,,75,0.0,,
2015/03/17 00:00,2015-03-17,Paradise_WA,46.783333,-121.733333,,,,,2.5,,,,,505.46,1654,,,,76,0.0,,
2015/03/18 00:00,2015-03-18,Paradise_WA,46.783333,-121.733333,,,,,-0.1,,,,,508.0,1654,,,,77,0.0,,
2015/03/19 00:00,2015-03-19,Paradise_WA,46.783333,-121.733333,,,,,3.2,,,,,513.08,1654,273.68029310344826,0.11985082577720212,0.4943910241127014,78,0.4943910241127014,,
2015/03/20 00:00,2015-03-20,Paradise_WA,46.783333,-121.733333,,,,,6.6,,,,,513.08,1654,,,,79,0.4943910241127014,,
2015/03/21 00:00,2015-03-21,Paradise_WA,46.783333,-121.733333,,,,,6.2,,,,,513.08,1654,,,,80,0.4943910241127014,,
2015/03/22 00:00,2015-03-22,Paradise_WA,46.783333,-121.733333,,,,,0.1,,,,,533.4,1654,,,,81,0.0,,
2015/03/23 00:00,2015-03-23,Paradise_WA,46.783333,-121.733333,,,,,0.6,,,,,533.4,1654,,,,82,0.0,,
2015/03/24 00:00,2015-03-24,Paradise_WA,46.783333,-121.733333,,,,,-0.8,,,,,546.1,1654,,,,83,0.0,,
2015/03/25 00:00,2015-03-25,Paradise_WA,46.783333,-121.733333,,,,,-1.2,,,,,568.96,1654,,,,84,0.0,,
2015/03/26 00:00,2015-03-26,Paradise_WA,46.783333,-121.733333,,,,,3.4,,,,,607.06,1654,280.86226436781607,0.11985082577720212,0.18311858177185059,85,0.18311858177185059,,
2015/03/27 00:00,2015-03-27,Paradise_WA,46.783333,-121.733333,,,,,12.2,,,,,581.66,1654,,,,86,0.18311858177185059,,
2015/03/28 00:00,2015-03-28,Paradise_WA,46.783333,-121.733333,,,,,10.4,,,,,571.5,1654,,,,87,0.18311858177185059,,
2015/03/29 00:00,2015-03-29,Paradise_WA,46.783333,-121.733333,,,,,1.3,,,,,581.66,1654,,,,88,0.0,,
2015/03/30 00:00,2015-03-30,Paradise_WA,46.783333,-121.733333,,,,,5.1,,,,,571.5,1654,,,,89,0.0,,
2015/03/31 00:00,2015-03-31,Paradise_WA,46.783333,-121.733333,,,,,10.6,,,,,561.34,1654,,,,90,0.0,,
2015/04/01 00:00,2015-04-01,Paradise_WA,46.783333,-121.733333,,,,,-2.4,,,,,576.58,1654,,,,91,0.0,,
2015/04/02 00:00,2015-04-02,Paradise_WA,46.783333,-121.733333,,,,,-2.4,,,,,596.9,1654,280.0755000000001,0.11453368955094993,0.099769227206707,92,0.099769227206707,,
2015/04/03 00:00,2015-04-03,Paradise_WA,46.783333,-121.733333,,,,,1.1,,,,,596.9,1654,,,,93,0.099769227206707,,
2015/04/04 00:00,2015-04-04,Paradise_WA,46.783333,-121.733333,,,,,-1.3,,,,,601.98,1654,,,,94,0.099769227206707,,
2015/04/05 00:00,2015-04-05,Paradise_WA,46.783333,-121.733333,,,,,-0.6,,,,,604.52,1654,,,,95,0.0,,
2015/04/06 00:00,2015-04-06,Paradise_WA,46.783333,-121.733333,,,,,0.7,,,,,599.44,1654,,,,96,0.0,,
2015/04/07 00:00,2015-04-07,Paradise_WA,46.783333,-121.733333,,,,,0.7,,,,,604.52,1654,,,,97,0.0,,
2015/04/08 00:00,2015-04-08,Paradise_WA,46.783333,-121.733333,,,,,2.5,,,,,609.6,1654,,,,98,0.0,,
2015/04/09 00:00,2015-04-09,Paradise_WA,46.783333,-121.733333,,,,,0.8,,,,,612.14,1654,278.617724137931,0.11453368955094993,0.09163461625576019,99,0.09163461625576019,,
2015/04/10 00:00,2015-04-10,Paradise_WA,46.783333,-121.733333,,,,,3.6,,,,,617.22,1654,,,,100,0.09163461625576019,,
2015/04/11 00:00,2015-04-11,Paradise_WA,46.783333,-121.733333,,,,,4.1,,,,,617.22,1654,,,,101,0.09163461625576019,,
2015/04/12 00:00,2015-04-12,Paradise_WA,46.783333,-121.733333,,,,,-3.8,,,,,647.7,1654,,,,102,0.0,,
2015/04/13 00:00,2015-04-13,Paradise_WA,46.783333,-121.733333,,,,,-0.6,,,,,655.32,1654,,,,103,0.0,,
2015/04/14 00:00,2015-04-14,Paradise_WA,46.783333,-121.733333,,,,,0.1,,,,,665.48,1654,,,,104,0.0,,
2015/04/15 00:00,2015-04-15,Paradise_WA,46.783333,-121.733333,,,,,-2.4,,,,,683.26,1654,,,,105,0.0,,
2015/04/16 00:00,2015-04-16,Paradise_WA,46.783333,-121.733333,,,,,1.3,,,,,688.34,1654,284.53240229885057,,0.14548076689243317,106,0.14548076689243317,,
2015/04/17 00:00,2015-04-17,Paradise_WA,46.783333,-121.733333,,,,,9.7,,,,,680.72,1654,,,,107,0.14548076689243317,,
2015/04/18 00:00,2015-04-18,Paradise_WA,46.783333,-121.733333,,,,,9.7,,,,,673.1,1654,,,,108,0.14548076689243317,,
2015/04/19 00:00,2015-04-19,Paradise_WA,46.783333,-121.733333,,,,,11.8,,,,,665.48,1654,,,,109,0.0,,
2015/04/20 00:00,2015-04-20,Paradise_WA,46.783333,-121.733333,,,,,13.2,,,,,657.86,1654,,,,110,0.0,,
2015/04/21 00:00,2015-04-21,Paradise_WA,46.783333,-121.733333,,,,,14.1,,,,,647.7,1654,,,,111,0.0,,
2015/04/22 00:00,2015-04-22,Paradise_WA,46.783333,-121.733333,,,,,4.4,,,,,647.7,1654,,,,112,0.0,,
2015/04/23 00:00,2015-04-23,Paradise_WA,46.783333,-121.733333,,,,,4.6,,,,,645.16,1654,284.76711206896556,0.10381868523316064,0.11022435873746872,113,0.11022435873746872,,
2015/04/24 00:00,2015-04-24,Paradise_WA,46.783333,-121.733333,,,,,0.0,,,,,650.24,1654,,,,114,0.11022435873746872,,
2015/04/25 00:00,2015-04-25,Paradise_WA,46.783333,-121.733333,,,,,-0.6,,,,,660.4,1654,,,,115,0.11022435873746872,,
2015/04/26 00:00,2015-04-26,Paradise_WA,46.783333,-121.733333,,,,,-0.9,,,,,670.56,1654,,,,116,0.0,,
2015/04/27 00:00,2015-04-27,Paradise_WA,46.783333,-121.733333,,,,,5.0,,,,,668.02,1654,,,,117,0.0,,
2015/04/28 00:00,2015-04-28,Paradise_WA,46.783333,-121.733333,,,,,15.0,,,,,660.4,1654,,,,118,0.0,,
2015/04/29 00:00,2015-04-29,Paradise_WA,46.783333,-121.733333,,,,,3.5,,,,,647.7,1654,,,,119,0.0,,
2015/04/30 00:00,2015-04-30,Paradise_WA,46.783333,-121.733333,,,,,3.5,,,,,637.54,1654,284.2770137931035,,0.09416025131940842,120,0.09416025131940842,,
2015/05/01 00:00,2015-05-01,Paradise_WA,46.783333,-121.733333,,,,,9.4,,,,,619.76,1654,,,,121,0.09416025131940842,,
2015/05/02 00:00,2015-05-02,Paradise_WA,46.783333,-121.733333,,,,,9.7,,,,,604.52,1654,,,,122,0.09416025131940842,,
2015/05/03 00:00,2015-05-03,Paradise_WA,46.783333,-121.733333,,,,,9.1,,,,,589.28,1654,,,,123,0.0,,
2015/05/04 00:00,2015-05-04,Paradise_WA,46.783333,-121.733333,,,,,12.9,,,,,574.04,1654,,,,124,0.0,,
2015/05/05 00:00,2015-05-05,Paradise_WA,46.783333,-121.733333,,,,,7.2,,,,,561.34,1654,,,,125,0.0,,
2015/05/06 00:00,2015-05-06,Paradise_WA,46.783333,-121.733333,,,,,-0.1,,,,,571.5,1654,,,,126,0.0,,
2015/05/07 00:00,2015-05-07,Paradise_WA,46.783333,-121.733333,,,,,0.5,,,,,568.96,1654,285.24484893267646,0.16801690954231435,0.10318268835544586,127,0.10318268835544586,,
2015/05/08 00:00,2015-05-08,Paradise_WA,46.783333,-121.733333,,,,,9.5,,,,,563.88,1654,,,,128,0.10318268835544586,,
2015/05/09 00:00,2015-05-09,Paradise_WA,46.783333,-121.733333,,,,,13.8,,,,,548.64,1654,,,,129,0.10318268835544586,,
2015/05/10 00:00,2015-05-10,Paradise_WA,46.783333,-121.733333,,,,,15.2,,,,,528.32,1654,,,,130,0.0,,
2015/05/11 00:00,2015-05-11,Paradise_WA,46.783333,-121.733333,,,,,11.5,,,,,508.0,1654,,,,131,0.0,,
2015/05/12 00:00,2015-05-12,Paradise_WA,46.783333,-121.733333,,,,,2.6,,,,,492.76,1654,,,,132,0.0,,
2015/05/13 00:00,2015-05-13,Paradise_WA,46.783333,-121.733333,,,,,3.2,,,,,482.6,1654,,,,133,0.0,,
2015/05/14 00:00,2015-05-14,Paradise_WA,46.783333,-121.733333,,,,,1.6,,,,,472.44,1654,286.17102873563226,0.16801690954231435,0.1423717886209488,134,0.1423717886209488,,
2015/05/15 00:00,2015-05-15,Paradise_WA,46.783333,-121.733333,,,,,7.6,,,,,449.58,1654,,,,135,0.1423717886209488,,
2015/05/16 00:00,2015-05-16,Paradise_WA,46.783333,-121.733333,,,,,4.6,,,,,436.88,1654,,,,136,0.1423717886209488,,
2015/05/17 00:00,2015-05-17,Paradise_WA,46.783333,-121.733333,,,,,4.4,,,,,416.56,1654,,,,137,0.0,,
2015/05/18 00:00,2015-05-18,Paradise_WA,46.783333,-121.733333,,,,,9.2,,,,,388.62,1654,,,,138,0.0,,
2015/05/19 00:00,2015-05-19,Paradise_WA,46.783333,-121.733333,,,,,12.1,,,,,360.68,1654,,,,139,0.0,,
2015/05/20 00:00,2015-05-20,Paradise_WA,46.783333,-121.733333,,,,,10.7,,,,,337.82,1654,,,,140,0.0,,
2015/05/21 00:00,2015-05-21,Paradise_WA,46.783333,-121.733333,,,,,12.8,,,,,304.8,1654,289.3841881638847,0.620216483160622,0.13177883625030518,141,0.13177883625030518,,
2015/05/22 00:00,2015-05-22,Paradise_WA,46.783333,-121.733333,,,,,13.2,,,,,276.86,1654,,,,142,0.13177883625030518,,
2015/05/23 00:00,2015-05-23,Paradise_WA,46.783333,-121.733333,,,,,7.0,,,,,248.92,1654,,,,143,0.13177883625030518,,
2015/05/24 00:00,2015-05-24,Paradise_WA,46.783333,-121.733333,,,,,6.5,,,,,223.52,1654,,,,144,0.0,,
2015/05/25 00:00,2015-05-25,Paradise_WA,46.783333,-121.733333,,,,,6.7,,,,,195.58,1654,,,,145,0.0,,
2015/05/26 00:00,2015-05-26,Paradise_WA,46.783333,-121.733333,,,,,7.0,,,,,170.18,1654,,,,146,0.0,,
2015/05/27 00:00,2015-05-27,Paradise_WA,46.783333,-121.733333,,,,,7.1,,,,,147.32,1654,,,,147,0.0,,
2015/05/28 00:00,2015-05-28,Paradise_WA,46.783333,-121.733333,,,,,16.0,,,,,114.3,1654,289.8035301724138,0.620216483160622,0.14206890761852264,148,0.14206890761852264,,
2015/05/29 00:00,2015-05-29,Paradise_WA,46.783333,-121.733333,,,,,19.0,,,,,63.5,1654,,,,149,0.14206890761852264,,
2015/05/30 00:00,2015-05-30,Paradise_WA,46.783333,-121.733333,,,,,19.0,,,,,12.7,1654,,,,150,0.14206890761852264,,
2015/05/31 00:00,2015-05-31,Paradise_WA,46.783333,-121.733333,,,,,17.8,,,,,-10.16,1654,,,,151,0.0,,
2015/06/01 00:00,2015-06-01,Paradise_WA,46.783333,-121.733333,,,,,19.7,,,,,-15.24,1654,,,,152,0.0,,
2015/06/02 00:00,2015-06-02,Paradise_WA,46.783333,-121.733333,,,,,7.6,,,,,-5.08,1654,,,,153,0.0,,
2015/06/03 00:00,2015-06-03,Paradise_WA,46.783333,-121.733333,,,,,6.2,,,,,-5.08,1654,,,,154,0.0,,
2015/06/04 00:00,2015-06-04,Paradise_WA,46.783333,-121.733333,,,,,6.0,,,,,0.0,1654,294.5732614942529,0.712611004965458,0.07224518805742264,155,0.07224518805742264,,
2015/06/05 00:00,2015-06-05,Paradise_WA,46.783333,-121.733333,,,,,8.2,,,,,-7.62,1654,,,,156,0.07224518805742264,,
2015/06/06 00:00,2015-06-06,Paradise_WA,46.783333,-121.733333,,,,,19.0,,,,,-12.7,1654,,,,157,0.07224518805742264,,
2015/06/07 00:00,2015-06-07,Paradise_WA,46.783333,-121.733333,,,,,21.1,,,,,-15.24,1654,,,,158,0.0,,
2015/06/08 00:00,2015-06-08,Paradise_WA,46.783333,-121.733333,,,,,23.1,,,,,-15.24,1654,,,,159,0.0,,
2015/06/09 00:00,2015-06-09,Paradise_WA,46.783333,-121.733333,,,,,22.9,,,,,-15.24,1654,,,,160,0.0,,
2015/06/10 00:00,2015-06-10,Paradise_WA,46.783333,-121.733333,,,,,21.5,,,,,-15.24,1654,,,,161,0.0,,
2015/06/11 00:00,2015-06-11,Paradise_WA,46.783333,-121.733333,,,,,17.0,,,,,-15.24,1654,293.6224561128526,0.712611004965458,0.01841346174478531,162,0.01841346174478531,,
2015/06/12 00:00,2015-06-12,Paradise_WA,46.783333,-121.733333,,,,,17.8,,,,,-12.7,1654,,,,163,0.01841346174478531,,
2015/06/13 00:00,2015-06-13,Paradise_WA,46.783333,-121.733333,,,,,11.5,,,,,-10.16,1654,,,,164,0.01841346174478531,,
2015/06/14 00:00,2015-06-14,Paradise_WA,46.783333,-121.733333,,,,,13.8,,,,,-12.7,1654,,,,165,0.0,,
2015/06/15 00:00,2015-06-15,Paradise_WA,46.783333,-121.733333,,,,,18.5,,,,,-12.7,1654,,,,166,0.0,,
2015/06/16 00:00,2015-06-16,Paradise_WA,46.783333,-121.733333,,,,,20.5,,,,,-15.24,1654,,,,167,0.0,,
2015/06/17 00:00,2015-06-17,Paradise_WA,46.783333,-121.733333,,,,,16.3,,,,,-15.24,1654,,,,168,0.0,,
2015/06/18 00:00,2015-06-18,Paradise_WA,46.783333,-121.733333,,,,,15.6,,,,,-12.7,1654,290.28685799808426,,0.023830128833651543,169,0.023830128833651543,,
2015/06/19 00:00,2015-06-19,Paradise_WA,46.783333,-121.733333,,,,,14.8,,,,,-12.7,1654,,,,170,0.023830128833651543,,
2015/06/20 00:00,2015-06-20,Paradise_WA,46.783333,-121.733333,,,,,12.2,,,,,-12.7,1654,,,,171,0.023830128833651543,,
2015/06/21 00:00,2015-06-21,Paradise_WA,46.783333,-121.733333,,,,,15.5,,,,,-7.62,1654,,,,172,0.0,,
2015/06/22 00:00,2015-06-22,Paradise_WA,46.783333,-121.733333,,,,,18.2,,,,,-7.62,1654,,,,173,0.0,,
2015/06/23 00:00,2015-06-23,Paradise_WA,46.783333,-121.733333,,,,,15.6,,,,,-7.62,1654,,,,174,0.0,,
2015/06/24 00:00,2015-06-24,Paradise_WA,46.783333,-121.733333,,,,,17.1,,,,,-7.62,1654,,,,175,0.0,,
2015/06/25 00:00,2015-06-25,Paradise_WA,46.783333,-121.733333,,,,,14.9,,,,,-7.62,1654,294.60552298850575,0.7829769376079452,0.03416025638580322,176,0.03416025638580322,,
2015/06/26 00:00,2015-06-26,Paradise_WA,46.783333,-121.733333,,,,,22.9,,,,,-10.16,1654,,,,177,0.03416025638580322,,
2015/06/27 00:00,2015-06-27,Paradise_WA,46.783333,-121.733333,,,,,24.7,,,,,-10.16,1654,,,,178,0.03416025638580322,,
2015/06/28 00:00,2015-06-28,Paradise_WA,46.783333,-121.733333,,,,,26.0,,,,,-12.7,1654,,,,179,0.0,,
2015/06/29 00:00,2015-06-29,Paradise_WA,46.783333,-121.733333,,,,,21.9,,,,,-12.7,1654,,,,180,0.0,,
2015/06/30 00:00,2015-06-30,Paradise_WA,46.783333,-121.733333,,,,,23.0,,,,,-12.7,1654,,,,181,0.0,,
2015/07/01 00:00,2015-07-01,Paradise_WA,46.783333,-121.733333,,,,,23.1,,,,,-12.7,1654,,,,182,0.0,,
2015/07/02 00:00,2015-07-02,Paradise_WA,46.783333,-121.733333,,,,,25.2,,,,,-12.7,1654,299.37816457680253,0.7829769376079452,0.029432691633701324,183,0.029432691633701324,,
2015/07/03 00:00,2015-07-03,Paradise_WA,46.783333,-121.733333,,,,,24.7,,,,,-12.7,1654,,,,184,0.029432691633701324,,
2015/07/04 00:00,2015-07-04,Paradise_WA,46.783333,-121.733333,,,,,24.2,,,,,-12.7,1654,,,,185,0.029432691633701324,,
2015/07/05 00:00,2015-07-05,Paradise_WA,46.783333,-121.733333,,,,,24.2,,,,,-12.7,1654,,,,186,0.0,,
2015/07/06 00:00,2015-07-06,Paradise_WA,46.783333,-121.733333,,,,,25.1,,,,,-12.7,1654,,,,187,0.0,,
2015/07/07 00:00,2015-07-07,Paradise_WA,46.783333,-121.733333,,,,,24.6,,,,,-10.16,1654,,,,188,0.0,,
2015/07/08 00:00,2015-07-08,Paradise_WA,46.783333,-121.733333,,,,,22.2,,,,,-12.7,1654,,,,189,0.0,,
2015/07/09 00:00,2015-07-09,Paradise_WA,46.783333,-121.733333,,,,,21.1,,,,,-10.16,1654,297.38551173371656,0.7855301759499138,0.014871794730424881,190,0.014871794730424881,,
2015/07/10 00:00,2015-07-10,Paradise_WA,46.783333,-121.733333,,,,,18.3,,,,,-10.16,1654,,,,191,0.014871794730424881,,
2015/07/11 00:00,2015-07-11,Paradise_WA,46.783333,-121.733333,,,,,10.7,,,,,-7.62,1654,,,,192,0.014871794730424881,,
2015/07/12 00:00,2015-07-12,Paradise_WA,46.783333,-121.733333,,,,,12.4,,,,,-10.16,1654,,,,193,0.0,,
2015/07/13 00:00,2015-07-13,Paradise_WA,46.783333,-121.733333,,,,,15.4,,,,,-10.16,1654,,,,194,0.0,,
2015/07/14 00:00,2015-07-14,Paradise_WA,46.783333,-121.733333,,,,,15.6,,,,,-12.7,1654,,,,195,0.0,,
2015/07/15 00:00,2015-07-15,Paradise_WA,46.783333,-121.733333,,,,,16.5,,,,,-10.16,1654,,,,196,0.0,,
2015/07/16 00:00,2015-07-16,Paradise_WA,46.783333,-121.733333,,,,,16.4,,,,,-10.16,1654,294.27670147783255,0.7855301759499138,0.029038460925221443,197,0.029038460925221443,,
2015/07/17 00:00,2015-07-17,Paradise_WA,46.783333,-121.733333,,,,,13.0,,,,,-5.08,1654,,,,198,0.029038460925221443,,
2015/07/18 00:00,2015-07-18,Paradise_WA,46.783333,-121.733333,,,,,19.4,,,,,-7.62,1654,,,,199,0.029038460925221443,,
2015/07/19 00:00,2015-07-19,Paradise_WA,46.783333,-121.733333,,,,,23.2,,,,,-7.62,1654,,,,200,0.0,,
2015/07/20 00:00,2015-07-20,Paradise_WA,46.783333,-121.733333,,,,,23.7,,,,,-7.62,1654,,,,201,0.0,,
2015/07/21 00:00,2015-07-21,Paradise_WA,46.783333,-121.733333,,,,,19.9,,,,,-7.62,1654,,,,202,0.0,,
2015/07/22 00:00,2015-07-22,Paradise_WA,46.783333,-121.733333,,,,,13.9,,,,,-7.62,1654,,,,203,0.0,,
2015/07/23 00:00,2015-07-23,Paradise_WA,46.783333,-121.733333,,,,,11.1,,,,,-5.08,1654,294.74783292282433,0.7749522074697758,0.03687499836087227,204,0.03687499836087227,,
2015/07/24 00:00,2015-07-24,Paradise_WA,46.783333,-121.733333,,,,,14.8,,,,,-7.62,1654,,,,205,0.03687499836087227,,
2015/07/25 00:00,2015-07-25,Paradise_WA,46.783333,-121.733333,,,,,12.6,,,,,-7.62,1654,,,,206,0.03687499836087227,,
2015/07/26 00:00,2015-07-26,Paradise_WA,46.783333,-121.733333,,,,,8.2,,,,,-7.62,1654,,,,207,0.0,,
2015/07/27 00:00,2015-07-27,Paradise_WA,46.783333,-121.733333,,,,,7.7,,,,,-7.62,1654,,,,208,0.0,,
2015/07/28 00:00,2015-07-28,Paradise_WA,46.783333,-121.733333,,,,,11.9,,,,,-7.62,1654,,,,209,0.0,,
2015/07/29 00:00,2015-07-29,Paradise_WA,46.783333,-121.733333,,,,,17.7,,,,,-12.7,1654,,,,210,0.0,,
2015/07/30 00:00,2015-07-30,Paradise_WA,46.783333,-121.733333,,,,,23.2,,,,,-12.7,1654,298.57385960591137,0.7749522074697758,0.04525640979409218,211,0.04525640979409218,,
2015/07/31 00:00,2015-07-31,Paradise_WA,46.783333,-121.733333,,,,,26.7,,,,,-12.7,1654,,,,212,0.04525640979409218,,
2015/08/01 00:00,2015-08-01,Paradise_WA,46.783333,-121.733333,,,,,26.6,,,,,-12.7,1654,,,,213,0.04525640979409218,,
2015/08/02 00:00,2015-08-02,Paradise_WA,46.783333,-121.733333,,,,,25.3,,,,,-12.7,1654,,,,214,0.0,,
2015/08/03 00:00,2015-08-03,Paradise_WA,46.783333,-121.733333,,,,,17.4,,,,,-7.62,1654,,,,215,0.0,,
2015/08/04 00:00,2015-08-04,Paradise_WA,46.783333,-121.733333,,,,,17.8,,,,,-10.16,1654,,,,216,0.0,,
2015/08/05 00:00,2015-08-05,Paradise_WA,46.783333,-121.733333,,,,,17.6,,,,,-10.16,1654,,,,217,0.0,,
2015/08/06 00:00,2015-08-06,Paradise_WA,46.783333,-121.733333,,,,,13.1,,,,,-7.62,1654,296.62956342364527,,0.03299679234623909,218,0.03299679234623909,,
2015/08/07 00:00,2015-08-07,Paradise_WA,46.783333,-121.733333,,,,,15.3,,,,,-7.62,1654,,,,219,0.03299679234623909,,
2015/08/08 00:00,2015-08-08,Paradise_WA,46.783333,-121.733333,,,,,19.2,,,,,-10.16,1654,,,,220,0.03299679234623909,,
2015/08/09 00:00,2015-08-09,Paradise_WA,46.783333,-121.733333,,,,,15.9,,,,,-7.62,1654,,,,221,0.0,,
2015/08/10 00:00,2015-08-10,Paradise_WA,46.783333,-121.733333,,,,,17.3,,,,,-7.62,1654,,,,222,0.0,,
2015/08/11 00:00,2015-08-11,Paradise_WA,46.783333,-121.733333,,,,,20.9,,,,,-12.7,1654,,,,223,0.0,,
2015/08/12 00:00,2015-08-12,Paradise_WA,46.783333,-121.733333,,,,,20.8,,,,,-7.62,1654,,,,224,0.0,,
2015/08/13 00:00,2015-08-13,Paradise_WA,46.783333,-121.733333,,,,,21.1,,,,,-12.7,1654,294.513626197318,0.7195825777202075,0.027756409719586372,225,0.027756409719586372,,
2015/08/14 00:00,2015-08-14,Paradise_WA,46.783333,-121.733333,,,,,20.9,,,,,-10.16,1654,,,,226,0.027756409719586372,,
2015/08/15 00:00,2015-08-15,Paradise_WA,46.783333,-121.733333,,,,,8.2,,,,,-5.08,1654,,,,227,0.027756409719586372,,
2015/08/16 00:00,2015-08-16,Paradise_WA,46.783333,-121.733333,,,,,7.9,,,,,-5.08,1654,,,,228,0.0,,
2015/08/17 00:00,2015-08-17,Paradise_WA,46.783333,-121.733333,,,,,14.9,,,,,-7.62,1654,,,,229,0.0,,
2015/08/18 00:00,2015-08-18,Paradise_WA,46.783333,-121.733333,,,,,18.0,,,,,-10.16,1654,,,,230,0.0,,
2015/08/19 00:00,2015-08-19,Paradise_WA,46.783333,-121.733333,,,,,23.1,,,,,-10.16,1654,,,,231,0.0,,
2015/08/20 00:00,2015-08-20,Paradise_WA,46.783333,-121.733333,,,,,21.5,,,,,-12.7,1654,294.04808261494253,,0.01700320467352867,232,0.01700320467352867,,
2015/08/21 00:00,2015-08-21,Paradise_WA,46.783333,-121.733333,,,,,14.2,,,,,-7.62,1654,,,,233,0.01700320467352867,,
2015/08/22 00:00,2015-08-22,Paradise_WA,46.783333,-121.733333,,,,,11.8,,,,,-7.62,1654,,,,234,0.01700320467352867,,
2015/08/23 00:00,2015-08-23,Paradise_WA,46.783333,-121.733333,,,,,18.5,,,,,-7.62,1654,,,,235,0.0,,
2015/08/24 00:00,2015-08-24,Paradise_WA,46.783333,-121.733333,,,,,19.5,,,,,-7.62,1654,,,,236,0.0,,
2015/08/25 00:00,2015-08-25,Paradise_WA,46.783333,-121.733333,,,,,16.5,,,,,-7.62,1654,,,,237,0.0,,
2015/08/26 00:00,2015-08-26,Paradise_WA,46.783333,-121.733333,,,,,17.4,,,,,-7.62,1654,,,,238,0.0,,
2015/08/27 00:00,2015-08-27,Paradise_WA,46.783333,-121.733333,,,,,20.3,,,,,-7.62,1654,294.09842758620687,0.6497289885578584,0.13933011889457703,239,0.13933011889457703,,
2015/08/28 00:00,2015-08-28,Paradise_WA,46.783333,-121.733333,,,,,19.2,,,,,-7.62,1654,,,,240,0.13933011889457703,,
2015/08/29 00:00,2015-08-29,Paradise_WA,46.783333,-121.733333,,,,,14.3,,,,,-7.62,1654,,,,241,0.13933011889457703,,
2015/08/30 00:00,2015-08-30,Paradise_WA,46.783333,-121.733333,,,,,7.6,,,,,0.0,1654,,,,242,0.0,,
2015/08/31 00:00,2015-08-31,Paradise_WA,46.783333,-121.733333,,,,,7.0,,,,,0.0,1654,,,,243,0.0,,
2015/09/01 00:00,2015-09-01,Paradise_WA,46.783333,-121.733333,,,,,7.6,,,,,0.0,1654,,,,244,0.0,,
2015/09/02 00:00,2015-09-02,Paradise_WA,46.783333,-121.733333,,,,,8.7,,,,,0.0,1654,,,,245,0.0,,
2015/09/03 00:00,2015-09-03,Paradise_WA,46.783333,-121.733333,,,,,5.8,,,,,0.0,1654,290.5028448275862,0.6497289885578584,0.175996795296669,246,0.175996795296669,,
2015/09/04 00:00,2015-09-04,Paradise_WA,46.783333,-121.733333,,,,,5.0,,,,,0.0,1654,,,,247,0.175996795296669,,
2015/09/05 00:00,2015-09-05,Paradise_WA,46.783333,-121.733333,,,,,1.0,,,,,2.54,1654,,,,248,0.175996795296669,,
2015/09/06 00:00,2015-09-06,Paradise_WA,46.783333,-121.733333,,,,,5.4,,,,,2.54,1654,,,,249,0.0,,
2015/09/07 00:00,2015-09-07,Paradise_WA,46.783333,-121.733333,,,,,6.6,,,,,2.54,1654,,,,250,0.0,,
2015/09/08 00:00,2015-09-08,Paradise_WA,46.783333,-121.733333,,,,,9.6,,,,,0.0,1654,,,,251,0.0,,
2015/09/09 00:00,2015-09-09,Paradise_WA,46.783333,-121.733333,,,,,13.8,,,,,0.0,1654,,,,252,0.0,,
2015/09/10 00:00,2015-09-10,Paradise_WA,46.783333,-121.733333,,,,,15.6,,,,,-5.08,1654,293.30294827586204,0.6420125053972369,0.06766025722026825,253,0.06766025722026825,,
2015/09/11 00:00,2015-09-11,Paradise_WA,46.783333,-121.733333,,,,,21.1,,,,,-7.62,1654,,,,254,0.06766025722026825,,
2015/09/12 00:00,2015-09-12,Paradise_WA,46.783333,-121.733333,,,,,22.6,,,,,-7.62,1654,,,,255,0.06766025722026825,,
2015/09/13 00:00,2015-09-13,Paradise_WA,46.783333,-121.733333,,,,,18.7,,,,,-7.62,1654,,,,256,0.0,,
2015/09/14 00:00,2015-09-14,Paradise_WA,46.783333,-121.733333,,,,,10.4,,,,,-2.54,1654,,,,257,0.0,,
2015/09/15 00:00,2015-09-15,Paradise_WA,46.783333,-121.733333,,,,,4.4,,,,,0.0,1654,,,,258,0.0,,
2015/09/16 00:00,2015-09-16,Paradise_WA,46.783333,-121.733333,,,,,3.9,,,,,0.0,1654,,,,259,0.0,,
2015/09/17 00:00,2015-09-17,Paradise_WA,46.783333,-121.733333,,,,,6.4,,,,,2.54,1654,288.3965051724138,0.6420125053972369,0.060817304998636246,260,0.060817304998636246,,
2015/09/18 00:00,2015-09-18,Paradise_WA,46.783333,-121.733333,,,,,5.5,,,,,0.0,1654,,,,261,0.060817304998636246,,
2015/09/19 00:00,2015-09-19,Paradise_WA,46.783333,-121.733333,,,,,8.9,,,,,0.0,1654,,,,262,0.060817304998636246,,
2015/09/20 00:00,2015-09-20,Paradise_WA,46.783333,-121.733333,,,,,9.2,,,,,0.0,1654,,,,263,0.0,,
2015/09/21 00:00,2015-09-21,Paradise_WA,46.783333,-121.733333,,,,,9.5,,,,,-2.54,1654,,,,264,0.0,,
2015/09/22 00:00,2015-09-22,Paradise_WA,46.783333,-121.733333,,,,,7.0,,,,,-2.54,1654,,,,265,0.0,,
2015/09/23 00:00,2015-09-23,Paradise_WA,46.783333,-121.733333,,,,,8.4,,,,,0.0,1654,,,,266,0.0,,
2015/09/24 00:00,2015-09-24,Paradise_WA,46.783333,-121.733333,,,,,11.0,,,,,-2.54,1654,287.0686613300493,0.6085274071675304,0.09137820452451706,267,0.09137820452451706,,
2015/09/25 00:00,2015-09-25,Paradise_WA,46.783333,-121.733333,,,,,13.1,,,,,-2.54,1654,,,,268,0.09137820452451706,,
2015/09/26 00:00,2015-09-26,Paradise_WA,46.783333,-121.733333,,,,,9.1,,,,,0.0,1654,,,,269,0.09137820452451706,,
2015/09/27 00:00,2015-09-27,Paradise_WA,46.783333,-121.733333,,,,,4.8,,,,,0.0,1654,,,,270,0.0,,
2015/09/28 00:00,2015-09-28,Paradise_WA,46.783333,-121.733333,,,,,8.0,,,,,2.54,1654,,,,271,0.0,,
2015/09/29 00:00,2015-09-29,Paradise_WA,46.783333,-121.733333,,,,,14.0,,,,,0.0,1654,,,,272,0.0,,
2015/09/30 00:00,2015-09-30,Paradise_WA,46.783333,-121.733333,,,,,15.3,,,,,0.0,1654,,,,273,0.0,,
2015/10/01 00:00,2015-10-01,Paradise_WA,46.783333,-121.733333,,,,,12.7,,,,,0.0,1654,287.7868054187192,0.6085274071675304,0.1060224324464798,274,0.1060224324464798,,
2015/10/02 00:00,2015-10-02,Paradise_WA,46.783333,-121.733333,,,,,12.0,,,,,0.0,1654,,,,275,0.1060224324464798,,
2015/10/03 00:00,2015-10-03,Paradise_WA,46.783333,-121.733333,,,,,4.7,,,,,2.54,1654,,,,276,0.1060224324464798,,
2015/10/04 00:00,2015-10-04,Paradise_WA,46.783333,-121.733333,,,,,12.2,,,,,2.54,1654,,,,277,0.0,,
2015/10/05 00:00,2015-10-05,Paradise_WA,46.783333,-121.733333,,,,,13.0,,,,,0.0,1654,,,,278,0.0,,
2015/10/06 00:00,2015-10-06,Paradise_WA,46.783333,-121.733333,,,,,16.3,,,,,0.0,1654,,,,279,0.0,,
2015/10/07 00:00,2015-10-07,Paradise_WA,46.783333,-121.733333,,,,,11.4,,,,,0.0,1654,,,,280,0.0,,
2015/10/08 00:00,2015-10-08,Paradise_WA,46.783333,-121.733333,,,,,9.7,,,,,0.0,1654,284.2435474137931,,0.09504807740449905,281,0.09504807740449905,,
2015/10/09 00:00,2015-10-09,Paradise_WA,46.783333,-121.733333,,,,,15.2,,,,,-2.54,1654,,,,282,0.09504807740449905,,
2015/10/10 00:00,2015-10-10,Paradise_WA,46.783333,-121.733333,,,,,10.2,,,,,0.0,1654,,,,283,0.09504807740449905,,
2015/10/11 00:00,2015-10-11,Paradise_WA,46.783333,-121.733333,,,,,5.0,,,,,2.54,1654,,,,284,0.0,,
2015/10/12 00:00,2015-10-12,Paradise_WA,46.783333,-121.733333,,,,,7.5,,,,,2.54,1654,,,,285,0.0,,
2015/10/13 00:00,2015-10-13,Paradise_WA,46.783333,-121.733333,,,,,8.1,,,,,0.0,1654,,,,286,0.0,,
2015/10/14 00:00,2015-10-14,Paradise_WA,46.783333,-121.733333,,,,,7.8,,,,,0.0,1654,,,,287,0.0,,
2015/10/15 00:00,2015-10-15,Paradise_WA,46.783333,-121.733333,,,,,14.1,,,,,-2.54,1654,286.0266689655173,0.5460715241796201,0.09213140606880188,288,0.09213140606880188,,
2015/10/16 00:00,2015-10-16,Paradise_WA,46.783333,-121.733333,,,,,14.9,,,,,0.0,1654,,,,289,0.09213140606880188,,
2015/10/17 00:00,2015-10-17,Paradise_WA,46.783333,-121.733333,,,,,18.8,,,,,-5.08,1654,,,,290,0.09213140606880188,,
2015/10/18 00:00,2015-10-18,Paradise_WA,46.783333,-121.733333,,,,,8.6,,,,,0.0,1654,,,,291,0.0,,
2015/10/19 00:00,2015-10-19,Paradise_WA,46.783333,-121.733333,,,,,6.8,,,,,0.0,1654,,,,292,0.0,,
2015/10/20 00:00,2015-10-20,Paradise_WA,46.783333,-121.733333,,,,,6.5,,,,,0.0,1654,,,,293,0.0,,
2015/10/21 00:00,2015-10-21,Paradise_WA,46.783333,-121.733333,,,,,8.5,,,,,0.0,1654,,,,294,0.0,,
2015/10/22 00:00,2015-10-22,Paradise_WA,46.783333,-121.733333,,,,,7.8,,,,,0.0,1654,284.94427873563217,0.5460715241796201,0.11012820154428482,295,0.11012820154428482,,
2015/10/23 00:00,2015-10-23,Paradise_WA,46.783333,-121.733333,,,,,4.0,,,,,0.0,1654,,,,296,0.11012820154428482,,
2015/10/24 00:00,2015-10-24,Paradise_WA,46.783333,-121.733333,,,,,9.5,,,,,0.0,1654,,,,297,0.11012820154428482,,
2015/10/25 00:00,2015-10-25,Paradise_WA,46.783333,-121.733333,,,,,9.7,,,,,2.54,1654,,,,298,0.0,,
2015/10/26 00:00,2015-10-26,Paradise_WA,46.783333,-121.733333,,,,,3.9,,,,,5.08,1654,,,,299,0.0,,
2015/10/27 00:00,2015-10-27,Paradise_WA,46.783333,-121.733333,,,,,1.7,,,,,20.32,1654,,,,300,0.0,,
2015/10/28 00:00,2015-10-28,Paradise_WA,46.783333,-121.733333,,,,,7.2,,,,,7.62,1654,,,,301,0.0,,
2015/10/29 00:00,2015-10-29,Paradise_WA,46.783333,-121.733333,,,,,2.7,,,,,10.16,1654,273.9814482758621,0.042659508634308424,0.4612836539745331,302,0.4612836539745331,,
2015/10/30 00:00,2015-10-30,Paradise_WA,46.783333,-121.733333,,,,,4.5,,,,,7.62,1654,,,,303,0.4612836539745331,,
2015/10/31 00:00,2015-10-31,Paradise_WA,46.783333,-121.733333,,,,,5.7,,,,,5.08,1654,,,,304,0.4612836539745331,,
2015/11/01 00:00,2015-11-01,Paradise_WA,46.783333,-121.733333,,,,,1.8,,,,,7.62,1654,,,,305,0.0,,
2015/11/02 00:00,2015-11-02,Paradise_WA,46.783333,-121.733333,,,,,-0.6,,,,,30.48,1654,,,,306,0.0,,
2015/11/03 00:00,2015-11-03,Paradise_WA,46.783333,-121.733333,,,,,-0.2,,,,,48.26,1654,,,,307,0.0,,
2015/11/04 00:00,2015-11-04,Paradise_WA,46.783333,-121.733333,,,,,-2.1,,,,,53.34,1654,,,,308,0.0,,
2015/11/05 00:00,2015-11-05,Paradise_WA,46.783333,-121.733333,,,,,-1.4,,,,,50.8,1654,270.59250862068967,0.042659508634308424,0.4097451865673065,309,0.4097451865673065,,
2015/11/06 00:00,2015-11-06,Paradise_WA,46.783333,-121.733333,,,,,0.1,,,,,78.74,1654,,,,310,0.4097451865673065,,
2015/11/07 00:00,2015-11-07,Paradise_WA,46.783333,-121.733333,,,,,1.6,,,,,76.2,1654,,,,311,0.4097451865673065,,
2015/11/08 00:00,2015-11-08,Paradise_WA,46.783333,-121.733333,,,,,2.5,,,,,81.28,1654,,,,312,0.0,,
2015/11/09 00:00,2015-11-09,Paradise_WA,46.783333,-121.733333,,,,,-0.1,,,,,81.28,1654,,,,313,0.0,,
2015/11/10 00:00,2015-11-10,Paradise_WA,46.783333,-121.733333,,,,,-1.1,,,,,86.36,1654,,,,314,0.0,,
2015/11/11 00:00,2015-11-11,Paradise_WA,46.783333,-121.733333,,,,,-2.4,,,,,83.82,1654,,,,315,0.0,,
2015/11/12 00:00,2015-11-12,Paradise_WA,46.783333,-121.733333,,,,,-3.6,,,,,93.98,1654,269.7279118942731,0.1813743307426598,0.5290544629096985,316,0.5290544629096985,,
2015/11/13 00:00,2015-11-13,Paradise_WA,46.783333,-121.733333,,,,,-0.8,,,,,99.06,1654,,,,317,0.5290544629096985,,
2015/11/14 00:00,2015-11-14,Paradise_WA,46.783333,-121.733333,,,,,3.6,,,,,185.42,1654,,,,318,0.5290544629096985,,
2015/11/15 00:00,2015-11-15,Paradise_WA,46.783333,-121.733333,,,,,2.5,,,,,132.08,1654,,,,319,0.0,,
2015/11/16 00:00,2015-11-16,Paradise_WA,46.783333,-121.733333,,,,,-4.8,,,,,124.46,1654,,,,320,0.0,,
2015/11/17 00:00,2015-11-17,Paradise_WA,46.783333,-121.733333,,,,,-2.6,,,,,132.08,1654,,,,321,0.0,,
2015/11/18 00:00,2015-11-18,Paradise_WA,46.783333,-121.733333,,,,,4.2,,,,,218.44,1654,,,,322,0.0,,
2015/11/19 00:00,2015-11-19,Paradise_WA,46.783333,-121.733333,,,,,-4.0,,,,,170.18,1654,271.7137681034483,0.1813743307426598,0.5147275328636169,323,0.5147275328636169,,
2015/11/20 00:00,2015-11-20,Paradise_WA,46.783333,-121.733333,,,,,-2.6,,,,,180.34,1654,,,,324,0.5147275328636169,,
2015/11/21 00:00,2015-11-21,Paradise_WA,46.783333,-121.733333,,,,,-2.4,,,,,180.34,1654,,,,325,0.5147275328636169,,
2015/11/22 00:00,2015-11-22,Paradise_WA,46.783333,-121.733333,,,,,7.2,,,,,175.26,1654,,,,326,0.0,,
2015/11/23 00:00,2015-11-23,Paradise_WA,46.783333,-121.733333,,,,,4.8,,,,,167.64,1654,,,,327,0.0,,
2015/11/24 00:00,2015-11-24,Paradise_WA,46.783333,-121.733333,,,,,-1.8,,,,,165.1,1654,,,,328,0.0,,
2015/11/25 00:00,2015-11-25,Paradise_WA,46.783333,-121.733333,,,,,-4.7,,,,,182.88,1654,,,,329,0.0,,
2015/11/26 00:00,2015-11-26,Paradise_WA,46.783333,-121.733333,,,,,-2.2,,,,,187.96,1654,273.138434169279,,0.05139583349227905,330,0.05139583349227905,,
2015/11/27 00:00,2015-11-27,Paradise_WA,46.783333,-121.733333,,,,,-1.1,,,,,187.96,1654,,,,331,0.05139583349227905,,
2015/11/28 00:00,2015-11-28,Paradise_WA,46.783333,-121.733333,,,,,1.1,,,,,187.96,1654,,,,332,0.05139583349227905,,
2015/11/29 00:00,2015-11-29,Paradise_WA,46.783333,-121.733333,,,,,4.0,,,,,187.96,1654,,,,333,0.0,,
2015/11/30 00:00,2015-11-30,Paradise_WA,46.783333,-121.733333,,,,,3.9,,,,,187.96,1654,,,,334,0.0,,
2015/12/01 00:00,2015-12-01,Paradise_WA,46.783333,-121.733333,,,,,0.1,,,,,195.58,1654,,,,335,0.0,,
2015/12/02 00:00,2015-12-02,Paradise_WA,46.783333,-121.733333,,,,,1.3,,,,,203.2,1654,,,,336,0.0,,
2015/12/03 00:00,2015-12-03,Paradise_WA,46.783333,-121.733333,,,,,4.2,,,,,215.9,1654,273.7681714285714,-0.009898893566493958,0.9803541302680969,337,0.9803541302680969,,
2015/12/04 00:00,2015-12-04,Paradise_WA,46.783333,-121.733333,,,,,2.1,,,,,220.98,1654,,,,338,0.9803541302680969,,
2015/12/05 00:00,2015-12-05,Paradise_WA,46.783333,-121.733333,,,,,-2.0,,,,,243.84,1654,,,,339,0.9803541302680969,,
2015/12/06 00:00,2015-12-06,Paradise_WA,46.783333,-121.733333,,,,,0.1,,,,,266.7,1654,,,,340,0.0,,
2015/12/07 00:00,2015-12-07,Paradise_WA,46.783333,-121.733333,,,,,0.0,,,,,299.72,1654,,,,341,0.0,,
2015/12/08 00:00,2015-12-08,Paradise_WA,46.783333,-121.733333,,,,,2.9,,,,,363.22,1654,,,,342,0.0,,
2015/12/09 00:00,2015-12-09,Paradise_WA,46.783333,-121.733333,,,,,3.5,,,,,391.16,1654,,,,343,0.0,,
2015/12/10 00:00,2015-12-10,Paradise_WA,46.783333,-121.733333,,,,,-1.4,,,,,350.52,1654,266.32,,0.9841666221618652,344,0.9841666221618652,,
2015/12/11 00:00,2015-12-11,Paradise_WA,46.783333,-121.733333,,,,,-2.5,,,,,386.08,1654,,,,345,0.9841666221618652,,
2015/12/12 00:00,2015-12-12,Paradise_WA,46.783333,-121.733333,,,,,-3.0,,,,,391.16,1654,,,,346,0.9841666221618652,,
2015/12/13 00:00,2015-12-13,Paradise_WA,46.783333,-121.733333,,,,,-2.3,,,,,414.02,1654,,,,347,0.0,,
2015/12/14 00:00,2015-12-14,Paradise_WA,46.783333,-121.733333,,,,,-4.1,,,,,459.74,1654,,,,348,0.0,,
2015/12/15 00:00,2015-12-15,Paradise_WA,46.783333,-121.733333,,,,,-5.3,,,,,480.06,1654,,,,349,0.0,,
2015/12/16 00:00,2015-12-16,Paradise_WA,46.783333,-121.733333,,,,,-4.4,,,,,482.6,1654,,,,350,0.0,,
2015/12/17 00:00,2015-12-17,Paradise_WA,46.783333,-121.733333,,,,,-6.6,,,,,510.54,1654,266.61808056872036,0.07374901220379797,0.24770833551883698,351,0.24770833551883698,,
2015/12/18 00:00,2015-12-18,Paradise_WA,46.783333,-121.733333,,,,,-0.2,,,,,561.34,1654,,,,352,0.24770833551883698,,
2015/12/19 00:00,2015-12-19,Paradise_WA,46.783333,-121.733333,,,,,-3.8,,,,,596.9,1654,,,,353,0.24770833551883698,,
2015/12/20 00:00,2015-12-20,Paradise_WA,46.783333,-121.733333,,,,,-4.6,,,,,599.44,1654,,,,354,0.0,,
2015/12/21 00:00,2015-12-21,Paradise_WA,46.783333,-121.733333,,,,,-4.5,,,,,617.22,1654,,,,355,0.0,,
2015/12/22 00:00,2015-12-22,Paradise_WA,46.783333,-121.733333,,,,,-4.6,,,,,670.56,1654,,,,356,0.0,,
2015/12/23 00:00,2015-12-23,Paradise_WA,46.783333,-121.733333,,,,,-6.0,,,,,701.04,1654,,,,357,0.0,,
2015/12/24 00:00,2015-12-24,Paradise_WA,46.783333,-121.733333,,,,,-6.0,,,,,777.24,1654,265.1355086206897,0.07374901220379797,0.1518269181251526,358,0.1518269181251526,,
2015/12/25 00:00,2015-12-25,Paradise_WA,46.783333,-121.733333,,,,,-5.9,,,,,817.88,1654,,,,359,0.1518269181251526,,
2015/12/26 00:00,2015-12-26,Paradise_WA,46.783333,-121.733333,,,,,-6.2,,,,,817.88,1654,,,,360,0.1518269181251526,,
2015/12/27 00:00,2015-12-27,Paradise_WA,46.783333,-121.733333,,,,,-6.8,,,,,820.42,1654,,,,361,0.0,,
2015/12/28 00:00,2015-12-28,Paradise_WA,46.783333,-121.733333,,,,,-4.7,,,,,833.12,1654,,,,362,0.0,,
2015/12/29 00:00,2015-12-29,Paradise_WA,46.783333,-121.733333,,,,,-4.9,,,,,845.82,1654,,,,363,0.0,,
2015/12/30 00:00,2015-12-30,Paradise_WA,46.783333,-121.733333,,,,,-5.7,,,,,845.82,1654,,,,364,0.0,,
2015/12/31 00:00,2015-12-31,Paradise_WA,46.783333,-121.733333,,,,,-8.5,,,,,845.82,1654,268.25347931034486,0.03879566062176166,0.07354326546192169,365,0.07354326546192169,,
2016/01/01 00:00,2016-01-01,Paradise_WA,46.783333,-121.733333,,,,,-3.4,,,,,850.9,1654,,,,1,0.07354326546192169,,
2016/01/02 00:00,2016-01-02,Paradise_WA,46.783333,-121.733333,,,,,-1.4,,,,,853.44,1654,,,,2,0.07354326546192169,,
2016/01/03 00:00,2016-01-03,Paradise_WA,46.783333,-121.733333,,,,,-5.4,,,,,853.44,1654,,,,3,0.0,,
2016/01/04 00:00,2016-01-04,Paradise_WA,46.783333,-121.733333,,,,,-5.8,,,,,861.06,1654,,,,4,0.0,,
2016/01/05 00:00,2016-01-05,Paradise_WA,46.783333,-121.733333,,,,,0.5,,,,,891.54,1654,,,,5,0.0,,
2016/01/06 00:00,2016-01-06,Paradise_WA,46.783333,-121.733333,,,,,0.0,,,,,896.62,1654,,,,6,0.0,,
2016/01/07 00:00,2016-01-07,Paradise_WA,46.783333,-121.733333,,,,,-0.4,,,,,896.62,1654,270.1184270114943,0.03879566062176166,0.2667323648929596,7,0.2667323648929596,,
2016/01/08 00:00,2016-01-08,Paradise_WA,46.783333,-121.733333,,,,,-1.8,,,,,896.62,1654,,,,8,0.2667323648929596,,
2016/01/09 00:00,2016-01-09,Paradise_WA,46.783333,-121.733333,,,,,-1.3,,,,,896.62,1654,,,,9,0.2667323648929596,,
2016/01/10 00:00,2016-01-10,Paradise_WA,46.783333,-121.733333,,,,,-1.8,,,,,896.62,1654,,,,10,0.0,,
2016/01/11 00:00,2016-01-11,Paradise_WA,46.783333,-121.733333,,,,,0.7,,,,,896.62,1654,,,,11,0.0,,
2016/01/12 00:00,2016-01-12,Paradise_WA,46.783333,-121.733333,,,,,0.0,,,,,909.32,1654,,,,12,0.0,,
2016/01/13 00:00,2016-01-13,Paradise_WA,46.783333,-121.733333,,,,,0.7,,,,,924.56,1654,,,,13,0.0,,
2016/01/14 00:00,2016-01-14,Paradise_WA,46.783333,-121.733333,,,,,-3.5,,,,,934.72,1654,270.0261781609196,0.011517419817039567,0.40660256147384644,14,0.40660256147384644,,
2016/01/15 00:00,2016-01-15,Paradise_WA,46.783333,-121.733333,,,,,-2.7,,,,,937.26,1654,,,,15,0.40660256147384644,,
2016/01/16 00:00,2016-01-16,Paradise_WA,46.783333,-121.733333,,,,,-1.6,,,,,939.8,1654,,,,16,0.40660256147384644,,
2016/01/17 00:00,2016-01-17,Paradise_WA,46.783333,-121.733333,,,,,-0.8,,,,,972.82,1654,,,,17,0.0,,
2016/01/18 00:00,2016-01-18,Paradise_WA,46.783333,-121.733333,,,,,-0.6,,,,,998.22,1654,,,,18,0.0,,
2016/01/19 00:00,2016-01-19,Paradise_WA,46.783333,-121.733333,,,,,-1.5,,,,,1003.3,1654,,,,19,0.0,,
2016/01/20 00:00,2016-01-20,Paradise_WA,46.783333,-121.733333,,,,,-2.2,,,,,1008.38,1654,,,,20,0.0,,
2016/01/21 00:00,2016-01-21,Paradise_WA,46.783333,-121.733333,,,,,-2.7,,,,,1043.94,1654,269.96040804597703,0.011517419817039567,0.38884615898132324,21,0.38884615898132324,,
2016/01/22 00:00,2016-01-22,Paradise_WA,46.783333,-121.733333,,,,,4.5,,,,,1076.96,1654,,,,22,0.38884615898132324,,
2016/01/23 00:00,2016-01-23,Paradise_WA,46.783333,-121.733333,,,,,-0.9,,,,,1087.12,1654,,,,23,0.38884615898132324,,
2016/01/24 00:00,2016-01-24,Paradise_WA,46.783333,-121.733333,,,,,-1.4,,,,,1107.44,1654,,,,24,0.0,,
2016/01/25 00:00,2016-01-25,Paradise_WA,46.783333,-121.733333,,,,,-2.4,,,,,1109.98,1654,,,,25,0.0,,
2016/01/26 00:00,2016-01-26,Paradise_WA,46.783333,-121.733333,,,,,-0.7,,,,,1109.98,1654,,,,26,0.0,,
2016/01/27 00:00,2016-01-27,Paradise_WA,46.783333,-121.733333,,,,,2.6,,,,,1117.6,1654,,,,27,0.0,,
2016/01/28 00:00,2016-01-28,Paradise_WA,46.783333,-121.733333,,,,,4.0,,,,,1130.3,1654,268.96242097701156,0.07744511010362694,0.39419710636138916,28,0.39419710636138916,,
2016/01/29 00:00,2016-01-29,Paradise_WA,46.783333,-121.733333,,,,,-1.3,,,,,1148.08,1654,,,,29,0.39419710636138916,,
2016/01/30 00:00,2016-01-30,Paradise_WA,46.783333,-121.733333,,,,,-4.0,,,,,1135.38,1654,,,,30,0.39419710636138916,,
2016/01/31 00:00,2016-01-31,Paradise_WA,46.783333,-121.733333,,,,,-4.9,,,,,1158.24,1654,,,,31,0.0,,
2016/02/01 00:00,2016-02-01,Paradise_WA,46.783333,-121.733333,,,,,-4.8,,,,,1158.24,1654,,,,32,0.0,,
2016/02/02 00:00,2016-02-02,Paradise_WA,46.783333,-121.733333,,,,,-5.2,,,,,1168.4,1654,,,,33,0.0,,
2016/02/03 00:00,2016-02-03,Paradise_WA,46.783333,-121.733333,,,,,-4.1,,,,,1170.94,1654,,,,34,0.0,,
2016/02/04 00:00,2016-02-04,Paradise_WA,46.783333,-121.733333,,,,,-1.4,,,,,1178.56,1654,275.9180827586207,0.07744511010362694,0.1710721105337143,35,0.1710721105337143,,
2016/02/05 00:00,2016-02-05,Paradise_WA,46.783333,-121.733333,,,,,-1.1,,,,,1224.28,1654,,,,36,0.1710721105337143,,
2016/02/06 00:00,2016-02-06,Paradise_WA,46.783333,-121.733333,,,,,2.0,,,,,1229.36,1654,,,,37,0.1710721105337143,,
2016/02/07 00:00,2016-02-07,Paradise_WA,46.783333,-121.733333,,,,,-3.5,,,,,1257.3,1654,,,,38,0.0,,
2016/02/08 00:00,2016-02-08,Paradise_WA,46.783333,-121.733333,,,,,5.4,,,,,1259.84,1654,,,,39,0.0,,
2016/02/09 00:00,2016-02-09,Paradise_WA,46.783333,-121.733333,,,,,13.4,,,,,1262.38,1654,,,,40,0.0,,
2016/02/10 00:00,2016-02-10,Paradise_WA,46.783333,-121.733333,,,,,11.2,,,,,1264.92,1654,,,,41,0.0,,
2016/02/11 00:00,2016-02-11,Paradise_WA,46.783333,-121.733333,,,,,4.0,,,,,1267.46,1654,279.2085804597702,,0.36801281571388245,42,0.36801281571388245,,
2016/02/12 00:00,2016-02-12,Paradise_WA,46.783333,-121.733333,,,,,4.6,,,,,1287.78,1654,,,,43,0.36801281571388245,,
2016/02/13 00:00,2016-02-13,Paradise_WA,46.783333,-121.733333,,,,,0.0,,,,,1300.48,1654,,,,44,0.36801281571388245,,
2016/02/14 00:00,2016-02-14,Paradise_WA,46.783333,-121.733333,,,,,-1.8,,,,,1315.72,1654,,,,45,0.0,,
2016/02/15 00:00,2016-02-15,Paradise_WA,46.783333,-121.733333,,,,,0.8,,,,,1409.7,1654,,,,46,0.0,,
2016/02/16 00:00,2016-02-16,Paradise_WA,46.783333,-121.733333,,,,,1.6,,,,,1379.22,1654,,,,47,0.0,,
2016/02/17 00:00,2016-02-17,Paradise_WA,46.783333,-121.733333,,,,,2.2,,,,,1376.68,1654,,,,48,0.0,,
2016/02/18 00:00,2016-02-18,Paradise_WA,46.783333,-121.733333,,,,,5.1,,,,,1381.76,1654,,0.015045914291882566,0.4252724349498749,49,0.4252724349498749,,
2016/02/19 00:00,2016-02-19,Paradise_WA,46.783333,-121.733333,,,,,-1.8,,,,,1399.54,1654,,,,50,0.4252724349498749,,
2016/02/20 00:00,2016-02-20,Paradise_WA,46.783333,-121.733333,,,,,-2.3,,,,,1424.94,1654,,,,51,0.4252724349498749,,
2016/02/21 00:00,2016-02-21,Paradise_WA,46.783333,-121.733333,,,,,-3.7,,,,,1442.72,1654,,,,52,0.0,,
2016/02/22 00:00,2016-02-22,Paradise_WA,46.783333,-121.733333,,,,,-1.8,,,,,1450.34,1654,,,,53,0.0,,
2016/02/23 00:00,2016-02-23,Paradise_WA,46.783333,-121.733333,,,,,-2.4,,,,,1457.96,1654,,,,54,0.0,,
2016/02/24 00:00,2016-02-24,Paradise_WA,46.783333,-121.733333,,,,,-0.3,,,,,1463.04,1654,,,,55,0.0,,
2016/02/25 00:00,2016-02-25,Paradise_WA,46.783333,-121.733333,,,,,5.4,,,,,1463.04,1654,,,0.3143269121646881,56,0.3143269121646881,,
2016/02/26 00:00,2016-02-26,Paradise_WA,46.783333,-121.733333,,,,,8.2,,,,,1457.96,1654,,,,57,0.3143269121646881,,
2016/02/27 00:00,2016-02-27,Paradise_WA,46.783333,-121.733333,,,,,3.7,,,,,1463.04,1654,,,,58,0.3143269121646881,,
2016/02/28 00:00,2016-02-28,Paradise_WA,46.783333,-121.733333,,,,,1.7,,,,,1470.66,1654,,,,59,0.0,,
2016/02/29 00:00,2016-02-29,Paradise_WA,46.783333,-121.733333,,,,,-2.5,,,,,1488.44,1654,,,,60,0.0,,
2016/03/01 00:00,2016-03-01,Paradise_WA,46.783333,-121.733333,,,,,-1.2,,,,,1511.3,1654,,,,61,0.0,,
2016/03/02 00:00,2016-03-02,Paradise_WA,46.783333,-121.733333,,,,,-2.7,,,,,1554.48,1654,,,,62,0.0,,
2016/03/03 00:00,2016-03-03,Paradise_WA,46.783333,-121.733333,,,,,1.3,,,,,1567.18,1654,276.40000000000003,0.0580727385578584,0.36636218428611755,63,0.36636218428611755,,
2016/03/04 00:00,2016-03-04,Paradise_WA,46.783333,-121.733333,,,,,0.3,,,,,1577.34,1654,,,,64,0.36636218428611755,,
2016/03/05 00:00,2016-03-05,Paradise_WA,46.783333,-121.733333,,,,,2.9,,,,,1577.34,1654,,,,65,0.36636218428611755,,
2016/03/06 00:00,2016-03-06,Paradise_WA,46.783333,-121.733333,,,,,2.9,,,,,1582.42,1654,,,,66,0.0,,
2016/03/07 00:00,2016-03-07,Paradise_WA,46.783333,-121.733333,,,,,-0.9,,,,,1602.74,1654,,,,67,0.0,,
2016/03/08 00:00,2016-03-08,Paradise_WA,46.783333,-121.733333,,,,,-2.0,,,,,1610.36,1654,,,,68,0.0,,
2016/03/09 00:00,2016-03-09,Paradise_WA,46.783333,-121.733333,,,,,-1.8,,,,,1617.98,1654,,,,69,0.0,,
2016/03/10 00:00,2016-03-10,Paradise_WA,46.783333,-121.733333,,,,,0.1,,,,,1653.54,1654,275.55391725352115,0.0580727385578584,0.323477566242218,70,0.323477566242218,,
2016/03/11 00:00,2016-03-11,Paradise_WA,46.783333,-121.733333,,,,,-2.0,,,,,1678.94,1654,,,,71,0.323477566242218,,
2016/03/12 00:00,2016-03-12,Paradise_WA,46.783333,-121.733333,,,,,1.4,,,,,1671.32,1654,,,,72,0.323477566242218,,
2016/03/13 00:00,2016-03-13,Paradise_WA,46.783333,-121.733333,,,,,-3.5,,,,,1691.64,1654,,,,73,0.0,,
2016/03/14 00:00,2016-03-14,Paradise_WA,46.783333,-121.733333,,,,,-3.2,,,,,1722.12,1654,,,,74,0.0,,
2016/03/15 00:00,2016-03-15,Paradise_WA,46.783333,-121.733333,,,,,-4.5,,,,,1772.92,1654,,,,75,0.0,,
2016/03/16 00:00,2016-03-16,Paradise_WA,46.783333,-121.733333,,,,,-2.0,,,,,1803.4,1654,,,,76,0.0,,
2016/03/17 00:00,2016-03-17,Paradise_WA,46.783333,-121.733333,,,,,-1.3,,,,,1805.94,1654,271.4715158045977,0.02791415058231726,0.1310737133026123,77,0.1310737133026123,,
2016/03/18 00:00,2016-03-18,Paradise_WA,46.783333,-121.733333,,,,,-1.4,,,,,1808.48,1654,,,,78,0.1310737133026123,,
2016/03/19 00:00,2016-03-19,Paradise_WA,46.783333,-121.733333,,,,,0.8,,,,,1813.56,1654,,,,79,0.1310737133026123,,
2016/03/20 00:00,2016-03-20,Paradise_WA,46.783333,-121.733333,,,,,6.6,,,,,1816.1,1654,,,,80,0.0,,
2016/03/21 00:00,2016-03-21,Paradise_WA,46.783333,-121.733333,,,,,2.6,,,,,1813.56,1654,,,,81,0.0,,
2016/03/22 00:00,2016-03-22,Paradise_WA,46.783333,-121.733333,,,,,0.3,,,,,1833.88,1654,,,,82,0.0,,
2016/03/23 00:00,2016-03-23,Paradise_WA,46.783333,-121.733333,,,,,-0.4,,,,,1849.12,1654,,,,83,0.0,,
2016/03/24 00:00,2016-03-24,Paradise_WA,46.783333,-121.733333,,,,,-0.3,,,,,1864.36,1654,273.3434689655173,0.02791415058231726,0.14427883923053741,84,0.14427883923053741,,
2016/03/25 00:00,2016-03-25,Paradise_WA,46.783333,-121.733333,,,,,-2.7,,,,,1902.46,1654,,,,85,0.14427883923053741,,
2016/03/26 00:00,2016-03-26,Paradise_WA,46.783333,-121.733333,,,,,-0.4,,,,,1915.16,1654,,,,86,0.14427883923053741,,
2016/03/27 00:00,2016-03-27,Paradise_WA,46.783333,-121.733333,,,,,3.4,,,,,1917.7,1654,,,,87,0.0,,
2016/03/28 00:00,2016-03-28,Paradise_WA,46.783333,-121.733333,,,,,-3.7,,,,,1940.56,1654,,,,88,0.0,,
2016/03/29 00:00,2016-03-29,Paradise_WA,46.783333,-121.733333,,,,,-0.9,,,,,1950.72,1654,,,,89,0.0,,
2016/03/30 00:00,2016-03-30,Paradise_WA,46.783333,-121.733333,,,,,4.1,,,,,1950.72,1654,,,,90,0.0,,
2016/03/31 00:00,2016-03-31,Paradise_WA,46.783333,-121.733333,,,,,10.0,,,,,1948.18,1654,277.6887604679803,0.0397871329879102,0.1534535139799118,91,0.1534535139799118,,
2016/04/01 00:00,2016-04-01,Paradise_WA,46.783333,-121.733333,,,,,11.0,,,,,1910.08,1654,,,,92,0.1534535139799118,,
2016/04/02 00:00,2016-04-02,Paradise_WA,46.783333,-121.733333,,,,,11.4,,,,,1922.78,1654,,,,93,0.1534535139799118,,
2016/04/03 00:00,2016-04-03,Paradise_WA,46.783333,-121.733333,,,,,7.5,,,,,1935.48,1654,,,,94,0.0,,
2016/04/04 00:00,2016-04-04,Paradise_WA,46.783333,-121.733333,,,,,8.6,,,,,1935.48,1654,,,,95,0.0,,
2016/04/05 00:00,2016-04-05,Paradise_WA,46.783333,-121.733333,,,,,-1.8,,,,,1958.34,1654,,,,96,0.0,,
2016/04/06 00:00,2016-04-06,Paradise_WA,46.783333,-121.733333,,,,,0.3,,,,,1971.04,1654,,,,97,0.0,,
2016/04/07 00:00,2016-04-07,Paradise_WA,46.783333,-121.733333,,,,,12.7,,,,,1971.04,1654,281.29144129720856,0.0397871329879102,0.0695432648062706,98,0.0695432648062706,,
2016/04/08 00:00,2016-04-08,Paradise_WA,46.783333,-121.733333,,,,,16.0,,,,,1963.42,1654,,,,99,0.0695432648062706,,
2016/04/09 00:00,2016-04-09,Paradise_WA,46.783333,-121.733333,,,,,15.9,,,,,1976.12,1654,,,,100,0.0695432648062706,,
2016/04/10 00:00,2016-04-10,Paradise_WA,46.783333,-121.733333,,,,,9.9,,,,,1965.96,1654,,,,101,0.0,,
2016/04/11 00:00,2016-04-11,Paradise_WA,46.783333,-121.733333,,,,,7.6,,,,,1950.72,1654,,,,102,0.0,,
2016/04/12 00:00,2016-04-12,Paradise_WA,46.783333,-121.733333,,,,,6.1,,,,,1940.56,1654,,,,103,0.0,,
2016/04/13 00:00,2016-04-13,Paradise_WA,46.783333,-121.733333,,,,,1.3,,,,,1932.94,1654,,,,104,0.0,,
2016/04/14 00:00,2016-04-14,Paradise_WA,46.783333,-121.733333,,,,,1.3,,,,,1938.02,1654,283.1140640394089,,0.06068909913301468,105,0.06068909913301468,,
2016/04/15 00:00,2016-04-15,Paradise_WA,46.783333,-121.733333,,,,,0.5,,,,,1940.56,1654,,,,106,0.06068909913301468,,
2016/04/16 00:00,2016-04-16,Paradise_WA,46.783333,-121.733333,,,,,1.4,,,,,1955.8,1654,,,,107,0.06068909913301468,,
2016/04/17 00:00,2016-04-17,Paradise_WA,46.783333,-121.733333,,,,,10.2,,,,,1950.72,1654,,,,108,0.0,,
2016/04/18 00:00,2016-04-18,Paradise_WA,46.783333,-121.733333,,,,,13.2,,,,,1940.56,1654,,,,109,0.0,,
2016/04/19 00:00,2016-04-19,Paradise_WA,46.783333,-121.733333,,,,,17.3,,,,,1963.42,1654,,,,110,0.0,,
2016/04/20 00:00,2016-04-20,Paradise_WA,46.783333,-121.733333,,,,,18.4,,,,,1953.26,1654,,,,111,0.0,,
2016/04/21 00:00,2016-04-21,Paradise_WA,46.783333,-121.733333,,,,,16.8,,,,,1932.94,1654,283.56746522988504,0.0651911593264249,0.13266025483608246,112,0.13266025483608246,,
2016/04/22 00:00,2016-04-22,Paradise_WA,46.783333,-121.733333,,,,,10.9,,,,,1910.08,1654,,,,113,0.13266025483608246,,
2016/04/23 00:00,2016-04-23,Paradise_WA,46.783333,-121.733333,,,,,2.9,,,,,1894.84,1654,,,,114,0.13266025483608246,,
2016/04/24 00:00,2016-04-24,Paradise_WA,46.783333,-121.733333,,,,,3.4,,,,,1877.06,1654,,,,115,0.0,,
2016/04/25 00:00,2016-04-25,Paradise_WA,46.783333,-121.733333,,,,,-0.1,,,,,1877.06,1654,,,,116,0.0,,
2016/04/26 00:00,2016-04-26,Paradise_WA,46.783333,-121.733333,,,,,1.3,,,,,1869.44,1654,,,,117,0.0,,
2016/04/27 00:00,2016-04-27,Paradise_WA,46.783333,-121.733333,,,,,3.9,,,,,1859.28,1654,,,,118,0.0,,
2016/04/28 00:00,2016-04-28,Paradise_WA,46.783333,-121.733333,,,,,1.5,,,,,1854.2,1654,281.6824195402299,0.0651911593264249,0.15099839866161346,119,0.15099839866161346,,
2016/04/29 00:00,2016-04-29,Paradise_WA,46.783333,-121.733333,,,,,2.2,,,,,1849.12,1654,,,,120,0.15099839866161346,,
2016/04/30 00:00,2016-04-30,Paradise_WA,46.783333,-121.733333,,,,,1.6,,,,,1864.36,1654,,,,121,0.15099839866161346,,
2016/05/01 00:00,2016-05-01,Paradise_WA,46.783333,-121.733333,,,,,8.9,,,,,1856.74,1654,,,,122,0.0,,
2016/05/02 00:00,2016-05-02,Paradise_WA,46.783333,-121.733333,,,,,12.7,,,,,1866.9,1654,,,,123,0.0,,
2016/05/03 00:00,2016-05-03,Paradise_WA,46.783333,-121.733333,,,,,16.1,,,,,1859.28,1654,,,,124,0.0,,
2016/05/04 00:00,2016-05-04,Paradise_WA,46.783333,-121.733333,,,,,12.3,,,,,1826.26,1654,,,,125,0.0,,
2016/05/05 00:00,2016-05-05,Paradise_WA,46.783333,-121.733333,,,,,9.0,,,,,1800.86,1654,284.4904685550082,0.08625782599309159,0.09141506254673004,126,0.09141506254673004,,
2016/05/06 00:00,2016-05-06,Paradise_WA,46.783333,-121.733333,,,,,6.5,,,,,1772.92,1654,,,,127,0.09141506254673004,,
2016/05/07 00:00,2016-05-07,Paradise_WA,46.783333,-121.733333,,,,,14.9,,,,,1739.9,1654,,,,128,0.09141506254673004,,
2016/05/08 00:00,2016-05-08,Paradise_WA,46.783333,-121.733333,,,,,17.1,,,,,1714.5,1654,,,,129,0.0,,
2016/05/09 00:00,2016-05-09,Paradise_WA,46.783333,-121.733333,,,,,6.8,,,,,1696.72,1654,,,,130,0.0,,
2016/05/10 00:00,2016-05-10,Paradise_WA,46.783333,-121.733333,,,,,7.0,,,,,1673.86,1654,,,,131,0.0,,
2016/05/11 00:00,2016-05-11,Paradise_WA,46.783333,-121.733333,,,,,11.5,,,,,1656.08,1654,,,,132,0.0,,
2016/05/12 00:00,2016-05-12,Paradise_WA,46.783333,-121.733333,,,,,15.5,,,,,1635.76,1654,287.06432729885057,0.08625782599309159,0.12381409853696823,133,0.12381409853696823,,
2016/05/13 00:00,2016-05-13,Paradise_WA,46.783333,-121.733333,,,,,14.7,,,,,1620.52,1654,,,,134,0.12381409853696823,,
2016/05/14 00:00,2016-05-14,Paradise_WA,46.783333,-121.733333,,,,,16.2,,,,,1597.66,1654,,,,135,0.12381409853696823,,
2016/05/15 00:00,2016-05-15,Paradise_WA,46.783333,-121.733333,,,,,5.8,,,,,1579.88,1654,,,,136,0.0,,
2016/05/16 00:00,2016-05-16,Paradise_WA,46.783333,-121.733333,,,,,4.4,,,,,1567.18,1654,,,,137,0.0,,
2016/05/17 00:00,2016-05-17,Paradise_WA,46.783333,-121.733333,,,,,4.8,,,,,1536.7,1654,,,,138,0.0,,
2016/05/18 00:00,2016-05-18,Paradise_WA,46.783333,-121.733333,,,,,10.9,,,,,1506.22,1654,,,,139,0.0,,
2016/05/19 00:00,2016-05-19,Paradise_WA,46.783333,-121.733333,,,,,7.6,,,,,1488.44,1654,288.23421289355326,0.12969584952504323,0.13469551503658295,140,0.13469551503658295,,
2016/05/20 00:00,2016-05-20,Paradise_WA,46.783333,-121.733333,,,,,1.4,,,,,1475.74,1654,,,,141,0.13469551503658295,,
2016/05/21 00:00,2016-05-21,Paradise_WA,46.783333,-121.733333,,,,,5.8,,,,,1457.96,1654,,,,142,0.13469551503658295,,
2016/05/22 00:00,2016-05-22,Paradise_WA,46.783333,-121.733333,,,,,2.6,,,,,1450.34,1654,,,,143,0.0,,
2016/05/23 00:00,2016-05-23,Paradise_WA,46.783333,-121.733333,,,,,2.4,,,,,1437.64,1654,,,,144,0.0,,
2016/05/24 00:00,2016-05-24,Paradise_WA,46.783333,-121.733333,,,,,4.8,,,,,1427.48,1654,,,,145,0.0,,
2016/05/25 00:00,2016-05-25,Paradise_WA,46.783333,-121.733333,,,,,5.4,,,,,1409.7,1654,,,,146,0.0,,
2016/05/26 00:00,2016-05-26,Paradise_WA,46.783333,-121.733333,,,,,4.8,,,,,1394.46,1654,286.79209482758625,0.12969584952504323,0.05639423057436943,147,0.05639423057436943,,
2016/05/27 00:00,2016-05-27,Paradise_WA,46.783333,-121.733333,,,,,1.6,,,,,1381.76,1654,,,,148,0.05639423057436943,,
2016/05/28 00:00,2016-05-28,Paradise_WA,46.783333,-121.733333,,,,,3.4,,,,,1371.6,1654,,,,149,0.05639423057436943,,
2016/05/29 00:00,2016-05-29,Paradise_WA,46.783333,-121.733333,,,,,4.6,,,,,1361.44,1654,,,,150,0.0,,
2016/05/30 00:00,2016-05-30,Paradise_WA,46.783333,-121.733333,,,,,5.6,,,,,1336.04,1654,,,,151,0.0,,
2016/05/31 00:00,2016-05-31,Paradise_WA,46.783333,-121.733333,,,,,14.3,,,,,1325.88,1654,,,,152,0.0,,
2016/06/01 00:00,2016-06-01,Paradise_WA,46.783333,-121.733333,,,,,19.1,,,,,1285.24,1654,,,,153,0.0,,
2016/06/02 00:00,2016-06-02,Paradise_WA,46.783333,-121.733333,,,,,12.6,,,,,1247.14,1654,292.5912327586207,,0.05330127850174904,154,0.05330127850174904,,
2016/06/03 00:00,2016-06-03,Paradise_WA,46.783333,-121.733333,,,,,7.7,,,,,1198.88,1654,,,,155,0.05330127850174904,,
2016/06/04 00:00,2016-06-04,Paradise_WA,46.783333,-121.733333,,,,,19.1,,,,,1155.7,1654,,,,156,0.05330127850174904,,
2016/06/05 00:00,2016-06-05,Paradise_WA,46.783333,-121.733333,,,,,24.0,,,,,1069.34,1654,,,,157,0.0,,
2016/06/06 00:00,2016-06-06,Paradise_WA,46.783333,-121.733333,,,,,25.7,,,,,982.98,1654,,,,158,0.0,,
2016/06/07 00:00,2016-06-07,Paradise_WA,46.783333,-121.733333,,,,,21.5,,,,,919.48,1654,,,,159,0.0,,
2016/06/08 00:00,2016-06-08,Paradise_WA,46.783333,-121.733333,,,,,21.5,,,,,873.76,1654,,,,160,0.0,,
2016/06/09 00:00,2016-06-09,Paradise_WA,46.783333,-121.733333,,,,,8.0,,,,,835.66,1654,294.97807672413796,0.1813803162780657,0.08772435784339905,161,0.08772435784339905,,
2016/06/10 00:00,2016-06-10,Paradise_WA,46.783333,-121.733333,,,,,3.6,,,,,822.96,1654,,,,162,0.08772435784339905,,
2016/06/11 00:00,2016-06-11,Paradise_WA,46.783333,-121.733333,,,,,3.2,,,,,797.56,1654,,,,163,0.08772435784339905,,
2016/06/12 00:00,2016-06-12,Paradise_WA,46.783333,-121.733333,,,,,4.8,,,,,789.94,1654,,,,164,0.0,,
2016/06/13 00:00,2016-06-13,Paradise_WA,46.783333,-121.733333,,,,,10.7,,,,,756.92,1654,,,,165,0.0,,
2016/06/14 00:00,2016-06-14,Paradise_WA,46.783333,-121.733333,,,,,2.8,,,,,731.52,1654,,,,166,0.0,,
2016/06/15 00:00,2016-06-15,Paradise_WA,46.783333,-121.733333,,,,,0.6,,,,,734.06,1654,,,,167,0.0,,
2016/06/16 00:00,2016-06-16,Paradise_WA,46.783333,-121.733333,,,,,4.0,,,,,731.52,1654,286.84953448275866,,0.11801281571388245,168,0.11801281571388245,,
2016/06/17 00:00,2016-06-17,Paradise_WA,46.783333,-121.733333,,,,,6.8,,,,,728.98,1654,,,,169,0.11801281571388245,,
2016/06/18 00:00,2016-06-18,Paradise_WA,46.783333,-121.733333,,,,,8.6,,,,,718.82,1654,,,,170,0.11801281571388245,,
2016/06/19 00:00,2016-06-19,Paradise_WA,46.783333,-121.733333,,,,,2.4,,,,,698.5,1654,,,,171,0.0,,
2016/06/20 00:00,2016-06-20,Paradise_WA,46.783333,-121.733333,,,,,13.4,,,,,657.86,1654,,,,172,0.0,,
2016/06/21 00:00,2016-06-21,Paradise_WA,46.783333,-121.733333,,,,,15.0,,,,,596.9,1654,,,,173,0.0,,
2016/06/22 00:00,2016-06-22,Paradise_WA,46.783333,-121.733333,,,,,12.0,,,,,558.8,1654,,,,174,0.0,,
2016/06/23 00:00,2016-06-23,Paradise_WA,46.783333,-121.733333,,,,,14.3,,,,,510.54,1654,292.16004827586204,0.3562923737046633,0.09578525274991989,175,0.09578525274991989,,
2016/06/24 00:00,2016-06-24,Paradise_WA,46.783333,-121.733333,,,,,6.8,,,,,477.52,1654,,,,176,0.09578525274991989,,
2016/06/25 00:00,2016-06-25,Paradise_WA,46.783333,-121.733333,,,,,6.1,,,,,441.96,1654,,,,177,0.09578525274991989,,
2016/06/26 00:00,2016-06-26,Paradise_WA,46.783333,-121.733333,,,,,13.3,,,,,391.16,1654,,,,178,0.0,,
2016/06/27 00:00,2016-06-27,Paradise_WA,46.783333,-121.733333,,,,,19.2,,,,,340.36,1654,,,,179,0.0,,
2016/06/28 00:00,2016-06-28,Paradise_WA,46.783333,-121.733333,,,,,20.1,,,,,279.4,1654,,,,180,0.0,,
2016/06/29 00:00,2016-06-29,Paradise_WA,46.783333,-121.733333,,,,,17.6,,,,,226.06,1654,,,,181,0.0,,
2016/06/30 00:00,2016-06-30,Paradise_WA,46.783333,-121.733333,,,,,14.6,,,,,154.94,1654,293.4809525862069,0.3562923737046633,0.031785257160663605,182,0.031785257160663605,,
2016/07/01 00:00,2016-07-01,Paradise_WA,46.783333,-121.733333,,,,,11.6,,,,,50.8,1654,,,,183,0.031785257160663605,,
2016/07/02 00:00,2016-07-02,Paradise_WA,46.783333,-121.733333,,,,,17.1,,,,,5.08,1654,,,,184,0.031785257160663605,,
2016/07/03 00:00,2016-07-03,Paradise_WA,46.783333,-121.733333,,,,,17.7,,,,,,1654,,,,185,0.0,,
2016/07/04 00:00,2016-07-04,Paradise_WA,46.783333,-121.733333,,,,,12.8,,,,,-12.7,1654,,,,186,0.0,,
2016/07/05 00:00,2016-07-05,Paradise_WA,46.783333,-121.733333,,,,,7.7,,,,,-7.62,1654,,,,187,0.0,,
2016/07/06 00:00,2016-07-06,Paradise_WA,46.783333,-121.733333,,,,,6.8,,,,,-2.54,1654,,,,188,0.0,,
2016/07/07 00:00,2016-07-07,Paradise_WA,46.783333,-121.733333,,,,,14.7,,,,,-10.16,1654,286.5477068965517,0.7105490015112262,0.04197756201028824,189,0.04197756201028824,,
2016/07/08 00:00,2016-07-08,Paradise_WA,46.783333,-121.733333,,,,,9.6,,,,,-2.54,1654,,,,190,0.04197756201028824,,
2016/07/09 00:00,2016-07-09,Paradise_WA,46.783333,-121.733333,,,,,9.4,,,,,-5.08,1654,,,,191,0.04197756201028824,,
2016/07/10 00:00,2016-07-10,Paradise_WA,46.783333,-121.733333,,,,,8.4,,,,,-5.08,1654,,,,192,0.0,,
2016/07/11 00:00,2016-07-11,Paradise_WA,46.783333,-121.733333,,,,,6.2,,,,,-2.54,1654,,,,193,0.0,,
2016/07/12 00:00,2016-07-12,Paradise_WA,46.783333,-121.733333,,,,,9.5,,,,,-5.08,1654,,,,194,0.0,,
2016/07/13 00:00,2016-07-13,Paradise_WA,46.783333,-121.733333,,,,,9.1,,,,,-2.54,1654,,,,195,0.0,,
2016/07/14 00:00,2016-07-14,Paradise_WA,46.783333,-121.733333,,,,,14.6,,,,,-10.16,1654,289.0665459770115,0.7105490015112262,0.07040064036846161,196,0.07040064036846161,,
2016/07/15 00:00,2016-07-15,Paradise_WA,46.783333,-121.733333,,,,,15.5,,,,,-10.16,1654,,,,197,0.07040064036846161,,
2016/07/16 00:00,2016-07-16,Paradise_WA,46.783333,-121.733333,,,,,11.1,,,,,-10.16,1654,,,,198,0.07040064036846161,,
2016/07/17 00:00,2016-07-17,Paradise_WA,46.783333,-121.733333,,,,,12.9,,,,,-10.16,1654,,,,199,0.0,,
2016/07/18 00:00,2016-07-18,Paradise_WA,46.783333,-121.733333,,,,,11.7,,,,,-7.62,1654,,,,200,0.0,,
2016/07/19 00:00,2016-07-19,Paradise_WA,46.783333,-121.733333,,,,,9.6,,,,,-7.62,1654,,,,201,0.0,,
2016/07/20 00:00,2016-07-20,Paradise_WA,46.783333,-121.733333,,,,,12.8,,,,,-10.16,1654,,,,202,0.0,,
2016/07/21 00:00,2016-07-21,Paradise_WA,46.783333,-121.733333,,,,,17.8,,,,,-12.7,1654,292.89739055829233,0.7724930645509501,0.06084935739636421,203,0.06084935739636421,,
2016/07/22 00:00,2016-07-22,Paradise_WA,46.783333,-121.733333,,,,,20.2,,,,,,1654,,,,204,0.06084935739636421,,
2016/07/23 00:00,2016-07-23,Paradise_WA,46.783333,-121.733333,,,,,10.4,,,,,-10.16,1654,,,,205,0.06084935739636421,,
2016/07/24 00:00,2016-07-24,Paradise_WA,46.783333,-121.733333,,,,,11.4,,,,,-10.16,1654,,,,206,0.0,,
2016/07/25 00:00,2016-07-25,Paradise_WA,46.783333,-121.733333,,,,,19.7,,,,,,1654,,,,207,0.0,,
2016/07/26 00:00,2016-07-26,Paradise_WA,46.783333,-121.733333,,,,,20.5,,,,,,1654,,,,208,0.0,,
2016/07/27 00:00,2016-07-27,Paradise_WA,46.783333,-121.733333,,,,,16.5,,,,,-12.7,1654,,,,209,0.0,,
2016/07/28 00:00,2016-07-28,Paradise_WA,46.783333,-121.733333,,,,,21.0,,,,,,1654,293.84619272030653,0.7724930645509501,0.028112178668379784,210,0.028112178668379784,,
2016/07/29 00:00,2016-07-29,Paradise_WA,46.783333,-121.733333,,,,,23.0,,,,,,1654,,,,211,0.028112178668379784,,
2016/07/30 00:00,2016-07-30,Paradise_WA,46.783333,-121.733333,,,,,22.1,,,,,,1654,,,,212,0.028112178668379784,,
2016/07/31 00:00,2016-07-31,Paradise_WA,46.783333,-121.733333,,,,,15.0,,,,,-10.16,1654,,,,213,0.0,,
2016/08/01 00:00,2016-08-01,Paradise_WA,46.783333,-121.733333,,,,,14.7,,,,,-10.16,1654,,,,214,0.0,,
2016/08/02 00:00,2016-08-02,Paradise_WA,46.783333,-121.733333,,,,,17.9,,,,,-10.16,1654,,,,215,0.0,,
2016/08/03 00:00,2016-08-03,Paradise_WA,46.783333,-121.733333,,,,,7.2,,,,,-7.62,1654,,,,216,0.0,,
2016/08/04 00:00,2016-08-04,Paradise_WA,46.783333,-121.733333,,,,,15.9,,,,,-10.16,1654,292.6873078817734,,0.027471153065562248,217,0.027471153065562248,,
2016/08/05 00:00,2016-08-05,Paradise_WA,46.783333,-121.733333,,,,,19.7,,,,,-12.7,1654,,,,218,0.027471153065562248,,
2016/08/06 00:00,2016-08-06,Paradise_WA,46.783333,-121.733333,,,,,16.8,,,,,-12.7,1654,,,,219,0.027471153065562248,,
2016/08/07 00:00,2016-08-07,Paradise_WA,46.783333,-121.733333,,,,,13.4,,,,,-12.7,1654,,,,220,0.0,,
2016/08/08 00:00,2016-08-08,Paradise_WA,46.783333,-121.733333,,,,,7.7,,,,,-7.62,1654,,,,221,0.0,,
2016/08/09 00:00,2016-08-09,Paradise_WA,46.783333,-121.733333,,,,,7.7,,,,,-7.62,1654,,,,222,0.0,,
2016/08/10 00:00,2016-08-10,Paradise_WA,46.783333,-121.733333,,,,,8.5,,,,,-7.62,1654,,,,223,0.0,,
2016/08/11 00:00,2016-08-11,Paradise_WA,46.783333,-121.733333,,,,,13.1,,,,,-10.16,1654,293.6305366379311,0.7770160783678758,0.04621794819831848,224,0.04621794819831848,,
2016/08/12 00:00,2016-08-12,Paradise_WA,46.783333,-121.733333,,,,,19.4,,,,,,1654,,,,225,0.04621794819831848,,
2016/08/13 00:00,2016-08-13,Paradise_WA,46.783333,-121.733333,,,,,23.1,,,,,,1654,,,,226,0.04621794819831848,,
2016/08/14 00:00,2016-08-14,Paradise_WA,46.783333,-121.733333,,,,,22.0,,,,,,1654,,,,227,0.0,,
2016/08/15 00:00,2016-08-15,Paradise_WA,46.783333,-121.733333,,,,,18.3,,,,,,1654,,,,228,0.0,,
2016/08/16 00:00,2016-08-16,Paradise_WA,46.783333,-121.733333,,,,,17.8,,,,,,1654,,,,229,0.0,,
2016/08/17 00:00,2016-08-17,Paradise_WA,46.783333,-121.733333,,,,,17.7,,,,,-12.7,1654,,,,230,0.0,,
2016/08/18 00:00,2016-08-18,Paradise_WA,46.783333,-121.733333,,,,,17.5,,,,,-12.7,1654,294.9366739811912,0.7770160783678758,0.026714742183685303,231,0.026714742183685303,,
2016/08/19 00:00,2016-08-19,Paradise_WA,46.783333,-121.733333,,,,,22.7,,,,,,1654,,,,232,0.026714742183685303,,
2016/08/20 00:00,2016-08-20,Paradise_WA,46.783333,-121.733333,,,,,23.6,,,,,-12.7,1654,,,,233,0.026714742183685303,,
2016/08/21 00:00,2016-08-21,Paradise_WA,46.783333,-121.733333,,,,,23.6,,,,,,1654,,,,234,0.0,,
2016/08/22 00:00,2016-08-22,Paradise_WA,46.783333,-121.733333,,,,,14.6,,,,,-10.16,1654,,,,235,0.0,,
2016/08/23 00:00,2016-08-23,Paradise_WA,46.783333,-121.733333,,,,,8.0,,,,,-5.08,1654,,,,236,0.0,,
2016/08/24 00:00,2016-08-24,Paradise_WA,46.783333,-121.733333,,,,,15.8,,,,,-10.16,1654,,,,237,0.0,,
2016/08/25 00:00,2016-08-25,Paradise_WA,46.783333,-121.733333,,,,,19.2,,,,,-10.16,1654,294.03136538724675,0.7761630073402422,0.030432691797614098,238,0.030432691797614098,,
2016/08/26 00:00,2016-08-26,Paradise_WA,46.783333,-121.733333,,,,,19.6,,,,,-10.16,1654,,,,239,0.030432691797614098,,
2016/08/27 00:00,2016-08-27,Paradise_WA,46.783333,-121.733333,,,,,20.6,,,,,-12.7,1654,,,,240,0.030432691797614098,,
2016/08/28 00:00,2016-08-28,Paradise_WA,46.783333,-121.733333,,,,,13.3,,,,,-10.16,1654,,,,241,0.0,,
2016/08/29 00:00,2016-08-29,Paradise_WA,46.783333,-121.733333,,,,,17.2,,,,,-10.16,1654,,,,242,0.0,,
2016/08/30 00:00,2016-08-30,Paradise_WA,46.783333,-121.733333,,,,,18.9,,,,,-7.62,1654,,,,243,0.0,,
2016/08/31 00:00,2016-08-31,Paradise_WA,46.783333,-121.733333,,,,,13.3,,,,,-7.62,1654,,,,244,0.0,,
2016/09/01 00:00,2016-09-01,Paradise_WA,46.783333,-121.733333,,,,,10.8,,,,,-10.16,1654,293.01887931034486,0.7761630073402422,0.12781891226768494,245,0.12781891226768494,,
2016/09/02 00:00,2016-09-02,Paradise_WA,46.783333,-121.733333,,,,,4.1,,,,,-5.08,1654,,,,246,0.12781891226768494,,
2016/09/03 00:00,2016-09-03,Paradise_WA,46.783333,-121.733333,,,,,5.6,,,,,-2.54,1654,,,,247,0.12781891226768494,,
2016/09/04 00:00,2016-09-04,Paradise_WA,46.783333,-121.733333,,,,,6.5,,,,,-2.54,1654,,,,248,0.0,,
2016/09/05 00:00,2016-09-05,Paradise_WA,46.783333,-121.733333,,,,,8.6,,,,,-5.08,1654,,,,249,0.0,,
2016/09/06 00:00,2016-09-06,Paradise_WA,46.783333,-121.733333,,,,,7.6,,,,,-2.54,1654,,,,250,0.0,,
2016/09/07 00:00,2016-09-07,Paradise_WA,46.783333,-121.733333,,,,,8.6,,,,,-2.54,1654,,,,251,0.0,,
2016/09/08 00:00,2016-09-08,Paradise_WA,46.783333,-121.733333,,,,,7.8,,,,,-5.08,1654,288.6623902298851,0.7284504209844564,0.06576922535896301,252,0.06576922535896301,,
2016/09/09 00:00,2016-09-09,Paradise_WA,46.783333,-121.733333,,,,,9.5,,,,,-5.08,1654,,,,253,0.06576922535896301,,
2016/09/10 00:00,2016-09-10,Paradise_WA,46.783333,-121.733333,,,,,15.3,,,,,-5.08,1654,,,,254,0.06576922535896301,,
2016/09/11 00:00,2016-09-11,Paradise_WA,46.783333,-121.733333,,,,,15.0,,,,,-7.62,1654,,,,255,0.0,,
2016/09/12 00:00,2016-09-12,Paradise_WA,46.783333,-121.733333,,,,,7.1,,,,,-5.08,1654,,,,256,0.0,,
2016/09/13 00:00,2016-09-13,Paradise_WA,46.783333,-121.733333,,,,,11.9,,,,,,1654,,,,257,0.0,,
2016/09/14 00:00,2016-09-14,Paradise_WA,46.783333,-121.733333,,,,,13.6,,,,,,1654,,,,258,0.0,,
2016/09/15 00:00,2016-09-15,Paradise_WA,46.783333,-121.733333,,,,,14.1,,,,,,1654,288.05594497126435,0.7284504209844564,0.11121794581413269,259,0.11121794581413269,,
2016/09/16 00:00,2016-09-16,Paradise_WA,46.783333,-121.733333,,,,,14.9,,,,,,1654,,,,260,0.11121794581413269,,
2016/09/17 00:00,2016-09-17,Paradise_WA,46.783333,-121.733333,,,,,15.5,,,,,,1654,,,,261,0.11121794581413269,,
2016/09/18 00:00,2016-09-18,Paradise_WA,46.783333,-121.733333,,,,,6.6,,,,,,1654,,,,262,0.0,,
2016/09/19 00:00,2016-09-19,Paradise_WA,46.783333,-121.733333,,,,,8.8,,,,,,1654,,,,263,0.0,,
2016/09/20 00:00,2016-09-20,Paradise_WA,46.783333,-121.733333,,,,,3.0,,,,,,1654,,,,264,0.0,,
2016/09/21 00:00,2016-09-21,Paradise_WA,46.783333,-121.733333,,,,,6.9,,,,,,1654,,,,265,0.0,,
2016/09/22 00:00,2016-09-22,Paradise_WA,46.783333,-121.733333,,,,,7.6,,,,,,1654,287.3724624384236,,0.11874999850988388,266,0.11874999850988388,,
2016/09/23 00:00,2016-09-23,Paradise_WA,46.783333,-121.733333,,,,,6.2,,,,,,1654,,,,267,0.11874999850988388,,
2016/09/24 00:00,2016-09-24,Paradise_WA,46.783333,-121.733333,,,,,5.7,,,,,,1654,,,,268,0.11874999850988388,,
2016/09/25 00:00,2016-09-25,Paradise_WA,46.783333,-121.733333,,,,,9.1,,,,,,1654,,,,269,0.0,,
2016/09/26 00:00,2016-09-26,Paradise_WA,46.783333,-121.733333,,,,,15.6,,,,,,1654,,,,270,0.0,,
2016/09/27 00:00,2016-09-27,Paradise_WA,46.783333,-121.733333,,,,,19.2,,,,,-10.16,1654,,,,271,0.0,,
2016/09/28 00:00,2016-09-28,Paradise_WA,46.783333,-121.733333,,,,,10.0,,,,,-7.62,1654,,,,272,0.0,,
2016/09/29 00:00,2016-09-29,Paradise_WA,46.783333,-121.733333,,,,,11.6,,,,,-5.08,1654,287.74228620689655,0.6848239475388603,0.0446554459631443,273,0.0446554459631443,,
2016/09/30 00:00,2016-09-30,Paradise_WA,46.783333,-121.733333,,,,,7.5,,,,,-5.08,1654,,,,274,0.0446554459631443,,
2016/10/01 00:00,2016-10-01,Paradise_WA,46.783333,-121.733333,,,,,8.0,,,,,-5.08,1654,,,,275,0.0446554459631443,,
2016/10/02 00:00,2016-10-02,Paradise_WA,46.783333,-121.733333,,,,,2.4,,,,,0.0,1654,,,,276,0.0,,
2016/10/03 00:00,2016-10-03,Paradise_WA,46.783333,-121.733333,,,,,4.1,,,,,-2.54,1654,,,,277,0.0,,
2016/10/04 00:00,2016-10-04,Paradise_WA,46.783333,-121.733333,,,,,3.9,,,,,-2.54,1654,,,,278,0.0,,
2016/10/05 00:00,2016-10-05,Paradise_WA,46.783333,-121.733333,,,,,2.2,,,,,2.54,1654,,,,279,0.0,,
2016/10/06 00:00,2016-10-06,Paradise_WA,46.783333,-121.733333,,,,,5.6,,,,,-2.54,1654,281.0115057471265,,0.15830929577350616,280,0.15830929577350616,,
2016/10/07 00:00,2016-10-07,Paradise_WA,46.783333,-121.733333,,,,,3.3,,,,,2.54,1654,,,,281,0.15830929577350616,,
2016/10/08 00:00,2016-10-08,Paradise_WA,46.783333,-121.733333,,,,,3.6,,,,,-2.54,1654,,,,282,0.15830929577350616,,
2016/10/09 00:00,2016-10-09,Paradise_WA,46.783333,-121.733333,,,,,7.7,,,,,-2.54,1654,,,,283,0.0,,
2016/10/10 00:00,2016-10-10,Paradise_WA,46.783333,-121.733333,,,,,4.2,,,,,-5.08,1654,,,,284,0.0,,
2016/10/11 00:00,2016-10-11,Paradise_WA,46.783333,-121.733333,,,,,2.7,,,,,-2.54,1654,,,,285,0.0,,
2016/10/12 00:00,2016-10-12,Paradise_WA,46.783333,-121.733333,,,,,4.7,,,,,0.0,1654,,,,286,0.0,,
2016/10/13 00:00,2016-10-13,Paradise_WA,46.783333,-121.733333,,,,,7.8,,,,,-2.54,1654,279.2139224137931,0.24322778497409345,0.40621793270111084,287,0.40621793270111084,,
2016/10/14 00:00,2016-10-14,Paradise_WA,46.783333,-121.733333,,,,,5.6,,,,,2.54,1654,,,,288,0.40621793270111084,,
2016/10/15 00:00,2016-10-15,Paradise_WA,46.783333,-121.733333,,,,,1.5,,,,,2.54,1654,,,,289,0.40621793270111084,,
2016/10/16 00:00,2016-10-16,Paradise_WA,46.783333,-121.733333,,,,,3.6,,,,,10.16,1654,,,,290,0.0,,
2016/10/17 00:00,2016-10-17,Paradise_WA,46.783333,-121.733333,,,,,2.0,,,,,5.08,1654,,,,291,0.0,,
2016/10/18 00:00,2016-10-18,Paradise_WA,46.783333,-121.733333,,,,,0.1,,,,,35.56,1654,,,,292,0.0,,
2016/10/19 00:00,2016-10-19,Paradise_WA,46.783333,-121.733333,,,,,0.1,,,,,50.8,1654,,,,293,0.0,,
2016/10/20 00:00,2016-10-20,Paradise_WA,46.783333,-121.733333,,,,,2.6,,,,,45.72,1654,278.11234482758624,0.24322778497409345,0.46514421701431274,294,0.46514421701431274,,
2016/10/21 00:00,2016-10-21,Paradise_WA,46.783333,-121.733333,,,,,3.7,,,,,30.48,1654,,,,295,0.46514421701431274,,
2016/10/22 00:00,2016-10-22,Paradise_WA,46.783333,-121.733333,,,,,3.0,,,,,22.86,1654,,,,296,0.46514421701431274,,
2016/10/23 00:00,2016-10-23,Paradise_WA,46.783333,-121.733333,,,,,4.5,,,,,20.32,1654,,,,297,0.0,,
2016/10/24 00:00,2016-10-24,Paradise_WA,46.783333,-121.733333,,,,,5.5,,,,,20.32,1654,,,,298,0.0,,
2016/10/25 00:00,2016-10-25,Paradise_WA,46.783333,-121.733333,,,,,4.4,,,,,10.16,1654,,,,299,0.0,,
2016/10/26 00:00,2016-10-26,Paradise_WA,46.783333,-121.733333,,,,,2.5,,,,,7.62,1654,,,,300,0.0,,
2016/10/27 00:00,2016-10-27,Paradise_WA,46.783333,-121.733333,,,,,6.7,,,,,5.08,1654,278.38481896551724,0.4239307318652851,0.3912403881549835,301,0.3912403881549835,,
2016/10/28 00:00,2016-10-28,Paradise_WA,46.783333,-121.733333,,,,,2.3,,,,,2.54,1654,,,,302,0.3912403881549835,,
2016/10/29 00:00,2016-10-29,Paradise_WA,46.783333,-121.733333,,,,,4.9,,,,,2.54,1654,,,,303,0.3912403881549835,,
2016/10/30 00:00,2016-10-30,Paradise_WA,46.783333,-121.733333,,,,,2.9,,,,,2.54,1654,,,,304,0.0,,
2016/10/31 00:00,2016-10-31,Paradise_WA,46.783333,-121.733333,,,,,2.8,,,,,5.08,1654,,,,305,0.0,,
2016/11/01 00:00,2016-11-01,Paradise_WA,46.783333,-121.733333,,,,,-0.1,,,,,22.86,1654,,,,306,0.0,,
2016/11/02 00:00,2016-11-02,Paradise_WA,46.783333,-121.733333,,,,,2.1,,,,,20.32,1654,,,,307,0.0,,
2016/11/03 00:00,2016-11-03,Paradise_WA,46.783333,-121.733333,,,,,5.8,,,,,12.7,1654,283.9066379310345,0.4239307318652851,0.297410249710083,308,0.297410249710083,,
2016/11/04 00:00,2016-11-04,Paradise_WA,46.783333,-121.733333,,,,,9.0,,,,,5.08,1654,,,,309,0.297410249710083,,
2016/11/05 00:00,2016-11-05,Paradise_WA,46.783333,-121.733333,,,,,9.7,,,,,0.0,1654,,,,310,0.297410249710083,,
2016/11/06 00:00,2016-11-06,Paradise_WA,46.783333,-121.733333,,,,,4.1,,,,,5.08,1654,,,,311,0.0,,
2016/11/07 00:00,2016-11-07,Paradise_WA,46.783333,-121.733333,,,,,1.3,,,,,5.08,1654,,,,312,0.0,,
2016/11/08 00:00,2016-11-08,Paradise_WA,46.783333,-121.733333,,,,,9.8,,,,,0.0,1654,,,,313,0.0,,
2016/11/09 00:00,2016-11-09,Paradise_WA,46.783333,-121.733333,,,,,11.1,,,,,-5.08,1654,,,,314,0.0,,
2016/11/10 00:00,2016-11-10,Paradise_WA,46.783333,-121.733333,,,,,6.7,,,,,-5.08,1654,285.08190517241377,0.014477515112262532,0.3918749988079071,315,0.3918749988079071,,
2016/11/11 00:00,2016-11-11,Paradise_WA,46.783333,-121.733333,,,,,12.4,,,,,-7.62,1654,,,,316,0.3918749988079071,,
2016/11/12 00:00,2016-11-12,Paradise_WA,46.783333,-121.733333,,,,,12.3,,,,,-7.62,1654,,,,317,0.3918749988079071,,
2016/11/13 00:00,2016-11-13,Paradise_WA,46.783333,-121.733333,,,,,1.3,,,,,-2.54,1654,,,,318,0.0,,
2016/11/14 00:00,2016-11-14,Paradise_WA,46.783333,-121.733333,,,,,1.3,,,,,0.0,1654,,,,319,0.0,,
2016/11/15 00:00,2016-11-15,Paradise_WA,46.783333,-121.733333,,,,,1.8,,,,,-2.54,1654,,,,320,0.0,,
2016/11/16 00:00,2016-11-16,Paradise_WA,46.783333,-121.733333,,,,,-1.2,,,,,2.54,1654,,,,321,0.0,,
2016/11/17 00:00,2016-11-17,Paradise_WA,46.783333,-121.733333,,,,,-2.1,,,,,17.78,1654,,0.014477515112262532,0.3755128085613251,322,0.3755128085613251,,
2016/11/18 00:00,2016-11-18,Paradise_WA,46.783333,-121.733333,,,,,-2.4,,,,,22.86,1654,,,,323,0.3755128085613251,,
2016/11/19 00:00,2016-11-19,Paradise_WA,46.783333,-121.733333,,,,,-2.0,,,,,22.86,1654,,,,324,0.3755128085613251,,
2016/11/20 00:00,2016-11-20,Paradise_WA,46.783333,-121.733333,,,,,2.0,,,,,25.4,1654,,,,325,0.0,,
2016/11/21 00:00,2016-11-21,Paradise_WA,46.783333,-121.733333,,,,,-0.1,,,,,30.48,1654,,,,326,0.0,,
2016/11/22 00:00,2016-11-22,Paradise_WA,46.783333,-121.733333,,,,,-1.2,,,,,38.1,1654,,,,327,0.0,,
2016/11/23 00:00,2016-11-23,Paradise_WA,46.783333,-121.733333,,,,,0.1,,,,,35.56,1654,,,,328,0.0,,
2016/11/24 00:00,2016-11-24,Paradise_WA,46.783333,-121.733333,,,,,-2.7,,,,,60.96,1654,265.9862358974359,,0.22990384697914124,329,0.22990384697914124,,
2016/11/25 00:00,2016-11-25,Paradise_WA,46.783333,-121.733333,,,,,-1.3,,,,,93.98,1654,,,,330,0.22990384697914124,,
2016/11/26 00:00,2016-11-26,Paradise_WA,46.783333,-121.733333,,,,,0.0,,,,,116.84,1654,,,,331,0.22990384697914124,,
2016/11/27 00:00,2016-11-27,Paradise_WA,46.783333,-121.733333,,,,,-0.1,,,,,119.38,1654,,,,332,0.0,,
2016/11/28 00:00,2016-11-28,Paradise_WA,46.783333,-121.733333,,,,,-2.8,,,,,129.54,1654,,,,333,0.0,,
2016/11/29 00:00,2016-11-29,Paradise_WA,46.783333,-121.733333,,,,,-1.6,,,,,170.18,1654,,,,334,0.0,,
2016/11/30 00:00,2016-11-30,Paradise_WA,46.783333,-121.733333,,,,,-2.0,,,,,180.34,1654,,,,335,0.0,,
2016/12/01 00:00,2016-12-01,Paradise_WA,46.783333,-121.733333,,,,,-3.5,,,,,215.9,1654,264.2459051724138,0.0015595531088082918,0.22421954572200775,336,0.22421954572200775,,
2016/12/02 00:00,2016-12-02,Paradise_WA,46.783333,-121.733333,,,,,-3.7,,,,,238.76,1654,,,,337,0.22421954572200775,,
2016/12/03 00:00,2016-12-03,Paradise_WA,46.783333,-121.733333,,,,,-0.2,,,,,256.54,1654,,,,338,0.22421954572200775,,
2016/12/04 00:00,2016-12-04,Paradise_WA,46.783333,-121.733333,,,,,-2.7,,,,,279.4,1654,,,,339,0.0,,
2016/12/05 00:00,2016-12-05,Paradise_WA,46.783333,-121.733333,,,,,-7.3,,,,,337.82,1654,,,,340,0.0,,
2016/12/06 00:00,2016-12-06,Paradise_WA,46.783333,-121.733333,,,,,-6.8,,,,,358.14,1654,,,,341,0.0,,
2016/12/07 00:00,2016-12-07,Paradise_WA,46.783333,-121.733333,,,,,-8.8,,,,,358.14,1654,,,,342,0.0,,
2016/12/08 00:00,2016-12-08,Paradise_WA,46.783333,-121.733333,,,,,-11.5,,,,,360.68,1654,264.1223074712644,0.0015595531088082918,0.19631409645080566,343,0.19631409645080566,,
2016/12/09 00:00,2016-12-09,Paradise_WA,46.783333,-121.733333,,,,,-11.5,,,,,383.54,1654,,,,344,0.19631409645080566,,
2016/12/10 00:00,2016-12-10,Paradise_WA,46.783333,-121.733333,,,,,-3.1,,,,,424.18,1654,,,,345,0.19631409645080566,,
2016/12/11 00:00,2016-12-11,Paradise_WA,46.783333,-121.733333,,,,,-4.6,,,,,449.58,1654,,,,346,0.0,,
2016/12/12 00:00,2016-12-12,Paradise_WA,46.783333,-121.733333,,,,,-5.5,,,,,477.52,1654,,,,347,0.0,,
2016/12/13 00:00,2016-12-13,Paradise_WA,46.783333,-121.733333,,,,,-6.3,,,,,500.38,1654,,,,348,0.0,,
2016/12/14 00:00,2016-12-14,Paradise_WA,46.783333,-121.733333,,,,,-6.4,,,,,500.38,1654,,,,349,0.0,,
2016/12/15 00:00,2016-12-15,Paradise_WA,46.783333,-121.733333,,,,,-7.9,,,,,510.54,1654,265.57402758620697,0.057579434780161004,0.2476923018693924,350,0.2476923018693924,,
2016/12/16 00:00,2016-12-16,Paradise_WA,46.783333,-121.733333,,,,,-7.4,,,,,513.08,1654,,,,351,0.2476923018693924,,
2016/12/17 00:00,2016-12-17,Paradise_WA,46.783333,-121.733333,,,,,-10.4,,,,,510.54,1654,,,,352,0.2476923018693924,,
2016/12/18 00:00,2016-12-18,Paradise_WA,46.783333,-121.733333,,,,,-9.7,,,,,510.54,1654,,,,353,0.0,,
2016/12/19 00:00,2016-12-19,Paradise_WA,46.783333,-121.733333,,,,,-5.9,,,,,513.08,1654,,,,354,0.0,,
2016/12/20 00:00,2016-12-20,Paradise_WA,46.783333,-121.733333,,,,,-0.2,,,,,553.72,1654,,,,355,0.0,,
2016/12/21 00:00,2016-12-21,Paradise_WA,46.783333,-121.733333,,,,,-4.4,,,,,474.98,1654,,,,356,0.0,,
2016/12/22 00:00,2016-12-22,Paradise_WA,46.783333,-121.733333,,,,,-1.1,,,,,533.4,1654,265.57135000000005,0.057579434780161004,0.33512818813323975,357,0.33512818813323975,,
2016/12/23 00:00,2016-12-23,Paradise_WA,46.783333,-121.733333,,,,,-3.8,,,,,561.34,1654,,,,358,0.33512818813323975,,
2016/12/24 00:00,2016-12-24,Paradise_WA,46.783333,-121.733333,,,,,-5.4,,,,,584.2,1654,,,,359,0.33512818813323975,,
2016/12/25 00:00,2016-12-25,Paradise_WA,46.783333,-121.733333,,,,,-7.0,,,,,591.82,1654,,,,360,0.0,,
2016/12/26 00:00,2016-12-26,Paradise_WA,46.783333,-121.733333,,,,,-6.9,,,,,599.44,1654,,,,361,0.0,,
2016/12/27 00:00,2016-12-27,Paradise_WA,46.783333,-121.733333,,,,,-6.1,,,,,604.52,1654,,,,362,0.0,,
2016/12/28 00:00,2016-12-28,Paradise_WA,46.783333,-121.733333,,,,,-6.0,,,,,662.94,1654,,,,363,0.0,,
2016/12/29 00:00,2016-12-29,Paradise_WA,46.783333,-121.733333,,,,,-5.0,,,,,683.26,1654,263.2183563218391,0.08987429590788694,0.2684038281440735,364,0.2684038281440735,,
2016/12/30 00:00,2016-12-30,Paradise_WA,46.783333,-121.733333,,,,,-0.8,,,,,690.88,1654,,,,365,0.2684038281440735,,
2016/12/31 00:00,2016-12-31,Paradise_WA,46.783333,-121.733333,,,,,-5.6,,,,,711.2,1654,,,,366,0.2684038281440735,,
2017/01/01 00:00,2017-01-01,Paradise_WA,46.783333,-121.733333,,,,,-6.3,,,,,713.74,1654,,,,1,0.0,,
2017/01/02 00:00,2017-01-02,Paradise_WA,46.783333,-121.733333,,,,,-9.7,,,,,739.14,1654,,,,2,0.0,,
2017/01/03 00:00,2017-01-03,Paradise_WA,46.783333,-121.733333,,,,,-13.5,,,,,744.22,1654,,,,3,0.0,,
2017/01/04 00:00,2017-01-04,Paradise_WA,46.783333,-121.733333,,,,,-13.3,,,,,754.38,1654,,,,4,0.0,,
2017/01/05 00:00,2017-01-05,Paradise_WA,46.783333,-121.733333,,,,,-9.2,,,,,774.7,1654,263.41188669950736,0.08987429590788694,0.2088685780763626,5,0.2088685780763626,,
2017/01/06 00:00,2017-01-06,Paradise_WA,46.783333,-121.733333,,,,,-7.6,,,,,779.78,1654,,,,6,0.2088685780763626,,
2017/01/07 00:00,2017-01-07,Paradise_WA,46.783333,-121.733333,,,,,-4.9,,,,,784.86,1654,,,,7,0.2088685780763626,,
2017/01/08 00:00,2017-01-08,Paradise_WA,46.783333,-121.733333,,,,,-10.4,,,,,789.94,1654,,,,8,0.0,,
2017/01/09 00:00,2017-01-09,Paradise_WA,46.783333,-121.733333,,,,,-4.6,,,,,812.8,1654,,,,9,0.0,,
2017/01/10 00:00,2017-01-10,Paradise_WA,46.783333,-121.733333,,,,,-5.4,,,,,840.74,1654,,,,10,0.0,,
2017/01/11 00:00,2017-01-11,Paradise_WA,46.783333,-121.733333,,,,,-6.7,,,,,855.98,1654,,,,11,0.0,,
2017/01/12 00:00,2017-01-12,Paradise_WA,46.783333,-121.733333,,,,,-8.8,,,,,873.76,1654,268.53747241379307,0.07526162564766843,0.5667307376861572,12,0.5667307376861572,,
2017/01/13 00:00,2017-01-13,Paradise_WA,46.783333,-121.733333,,,,,-5.8,,,,,873.76,1654,,,,13,0.5667307376861572,,
2017/01/14 00:00,2017-01-14,Paradise_WA,46.783333,-121.733333,,,,,-3.2,,,,,876.3,1654,,,,14,0.5667307376861572,,
2017/01/15 00:00,2017-01-15,Paradise_WA,46.783333,-121.733333,,,,,0.7,,,,,878.84,1654,,,,15,0.0,,
2017/01/16 00:00,2017-01-16,Paradise_WA,46.783333,-121.733333,,,,,0.7,,,,,881.38,1654,,,,16,0.0,,
2017/01/17 00:00,2017-01-17,Paradise_WA,46.783333,-121.733333,,,,,4.7,,,,,883.92,1654,,,,17,0.0,,
2017/01/18 00:00,2017-01-18,Paradise_WA,46.783333,-121.733333,,,,,3.0,,,,,906.78,1654,,,,18,0.0,,
2017/01/19 00:00,2017-01-19,Paradise_WA,46.783333,-121.733333,,,,,0.7,,,,,957.58,1654,269.36031896551725,0.07526162564766843,0.5157211422920227,19,0.5157211422920227,,
2017/01/20 00:00,2017-01-20,Paradise_WA,46.783333,-121.733333,,,,,-1.8,,,,,927.1,1654,,,,20,0.5157211422920227,,
2017/01/21 00:00,2017-01-21,Paradise_WA,46.783333,-121.733333,,,,,-2.9,,,,,932.18,1654,,,,21,0.5157211422920227,,
2017/01/22 00:00,2017-01-22,Paradise_WA,46.783333,-121.733333,,,,,-2.6,,,,,942.34,1654,,,,22,0.0,,
2017/01/23 00:00,2017-01-23,Paradise_WA,46.783333,-121.733333,,,,,-3.8,,,,,962.66,1654,,,,23,0.0,,
2017/01/24 00:00,2017-01-24,Paradise_WA,46.783333,-121.733333,,,,,-3.5,,,,,967.74,1654,,,,24,0.0,,
2017/01/25 00:00,2017-01-25,Paradise_WA,46.783333,-121.733333,,,,,-4.6,,,,,972.82,1654,,,,25,0.0,,
2017/01/26 00:00,2017-01-26,Paradise_WA,46.783333,-121.733333,,,,,-4.1,,,,,990.6,1654,266.91683017241377,,0.07666987180709839,26,0.07666987180709839,,
2017/01/27 01:00,2017-01-27,Paradise_WA,46.783333,-121.733333,,,,,-2.7,,,,,1005.84,1654,,,,27,0.07666987180709839,,
2017/01/28 00:00,2017-01-28,Paradise_WA,46.783333,-121.733333,,,,,-0.2,,,,,1008.38,1654,,,,28,0.07666987180709839,,
2017/01/29 00:00,2017-01-29,Paradise_WA,46.783333,-121.733333,,,,,4.8,,,,,1010.92,1654,,,,29,0.0,,
2017/01/30 00:00,2017-01-30,Paradise_WA,46.783333,-121.733333,,,,,-1.0,,,,,1016.0,1654,,,,30,0.0,,
2017/01/31 00:00,2017-01-31,Paradise_WA,46.783333,-121.733333,,,,,-2.1,,,,,1023.62,1654,,,,31,0.0,,
2017/02/01 00:00,2017-02-01,Paradise_WA,46.783333,-121.733333,,,,,-5.9,,,,,1031.24,1654,,,,32,0.0,,
2017/02/02 00:00,2017-02-02,Paradise_WA,46.783333,-121.733333,,,,,-9.6,,,,,1038.86,1654,266.2571982758621,0.11460775043177897,0.1762051284313202,33,0.1762051284313202,,
2017/02/03 00:00,2017-02-03,Paradise_WA,46.783333,-121.733333,,,,,-5.6,,,,,1046.48,1654,,,,34,0.1762051284313202,,
2017/02/04 00:00,2017-02-04,Paradise_WA,46.783333,-121.733333,,,,,-0.6,,,,,1074.42,1654,,,,35,0.1762051284313202,,
2017/02/05 00:00,2017-02-05,Paradise_WA,46.783333,-121.733333,,,,,-0.9,,,,,1109.98,1654,,,,36,0.0,,
2017/02/06 00:00,2017-02-06,Paradise_WA,46.783333,-121.733333,,,,,-1.6,,,,,1165.86,1654,,,,37,0.0,,
2017/02/07 00:00,2017-02-07,Paradise_WA,46.783333,-121.733333,,,,,-7.6,,,,,1216.66,1654,,,,38,0.0,,
2017/02/08 00:00,2017-02-08,Paradise_WA,46.783333,-121.733333,,,,,-4.9,,,,,1224.28,1654,,,,39,0.0,,
2017/02/09 00:00,2017-02-09,Paradise_WA,46.783333,-121.733333,,,,,0.1,,,,,1262.38,1654,278.65313793103445,,0.6217788457870483,40,0.6217788457870483,,
2017/02/10 00:00,2017-02-10,Paradise_WA,46.783333,-121.733333,,,,,1.4,,,,,1214.12,1654,,,,41,0.6217788457870483,,
2017/02/11 00:00,2017-02-11,Paradise_WA,46.783333,-121.733333,,,,,-4.7,,,,,1239.52,1654,,,,42,0.6217788457870483,,
2017/02/12 00:00,2017-02-12,Paradise_WA,46.783333,-121.733333,,,,,-2.7,,,,,1264.92,1654,,,,43,0.0,,
2017/02/13 00:00,2017-02-13,Paradise_WA,46.783333,-121.733333,,,,,3.4,,,,,1277.62,1654,,,,44,0.0,,
2017/02/14 00:00,2017-02-14,Paradise_WA,46.783333,-121.733333,,,,,7.8,,,,,1287.78,1654,,,,45,0.0,,
2017/02/15 00:00,2017-02-15,Paradise_WA,46.783333,-121.733333,,,,,9.8,,,,,1297.94,1654,,,,46,0.0,,
2017/02/16 00:00,2017-02-16,Paradise_WA,46.783333,-121.733333,,,,,5.2,,,,,1341.12,1654,278.65313793103445,0.010604922279792749,0.3859294652938843,47,0.3859294652938843,,
2017/02/17 00:00,2017-02-17,Paradise_WA,46.783333,-121.733333,,,,,-0.3,,,,,1336.04,1654,,,,48,0.3859294652938843,,
2017/02/18 00:00,2017-02-18,Paradise_WA,46.783333,-121.733333,,,,,0.4,,,,,1333.5,1654,,,,49,0.3859294652938843,,
2017/02/19 00:00,2017-02-19,Paradise_WA,46.783333,-121.733333,,,,,-1.8,,,,,1346.2,1654,,,,50,0.0,,
2017/02/20 00:00,2017-02-20,Paradise_WA,46.783333,-121.733333,,,,,-2.2,,,,,1363.98,1654,,,,51,0.0,,
2017/02/21 00:00,2017-02-21,Paradise_WA,46.783333,-121.733333,,,,,-2.9,,,,,1399.54,1654,,,,52,0.0,,
2017/02/22 00:00,2017-02-22,Paradise_WA,46.783333,-121.733333,,,,,-2.2,,,,,1412.24,1654,,,,53,0.0,,
2017/02/23 00:00,2017-02-23,Paradise_WA,46.783333,-121.733333,,,,,-4.4,,,,,1419.86,1654,263.43472547254726,0.010604922279792749,0.12908492982387543,54,0.12908492982387543,,
2017/02/24 00:00,2017-02-24,Paradise_WA,46.783333,-121.733333,,,,,-5.9,,,,,1424.94,1654,,,,55,0.12908492982387543,,
2017/02/25 00:00,2017-02-25,Paradise_WA,46.783333,-121.733333,,,,,-5.4,,,,,1427.48,1654,,,,56,0.12908492982387543,,
2017/02/26 00:00,2017-02-26,Paradise_WA,46.783333,-121.733333,,,,,-6.2,,,,,1430.02,1654,,,,57,0.0,,
2017/02/27 00:00,2017-02-27,Paradise_WA,46.783333,-121.733333,,,,,-5.2,,,,,1450.34,1654,,,,58,0.0,,
2017/02/28 00:00,2017-02-28,Paradise_WA,46.783333,-121.733333,,,,,-7.0,,,,,1478.28,1654,,,,59,0.0,,
2017/03/01 00:00,2017-03-01,Paradise_WA,46.783333,-121.733333,,,,,-5.9,,,,,1493.52,1654,,,,60,0.0,,
2017/03/02 00:00,2017-03-02,Paradise_WA,46.783333,-121.733333,,,,,-1.8,,,,,1508.76,1654,263.51508802816903,0.062211938687392075,0.10823557525873184,61,0.10823557525873184,,
2017/03/03 00:00,2017-03-03,Paradise_WA,46.783333,-121.733333,,,,,-2.7,,,,,1511.3,1654,,,,62,0.10823557525873184,,
2017/03/04 00:00,2017-03-04,Paradise_WA,46.783333,-121.733333,,,,,-0.8,,,,,1549.4,1654,,,,63,0.10823557525873184,,
2017/03/05 00:00,2017-03-05,Paradise_WA,46.783333,-121.733333,,,,,-3.8,,,,,1572.26,1654,,,,64,0.0,,
2017/03/06 00:00,2017-03-06,Paradise_WA,46.783333,-121.733333,,,,,-5.9,,,,,1577.34,1654,,,,65,0.0,,
2017/03/07 00:00,2017-03-07,Paradise_WA,46.783333,-121.733333,,,,,-6.3,,,,,1600.2,1654,,,,66,0.0,,
2017/03/08 00:00,2017-03-08,Paradise_WA,46.783333,-121.733333,,,,,-2.6,,,,,1643.38,1654,,,,67,0.0,,
2017/03/09 00:00,2017-03-09,Paradise_WA,46.783333,-121.733333,,,,,-3.7,,,,,1668.78,1654,267.0864,0.062211938687392075,0.47189101576805115,68,0.47189101576805115,,
2017/03/10 00:00,2017-03-10,Paradise_WA,46.783333,-121.733333,,,,,1.1,,,,,1717.04,1654,,,,69,0.47189101576805115,,
2017/03/11 00:00,2017-03-11,Paradise_WA,46.783333,-121.733333,,,,,1.0,,,,,1717.04,1654,,,,70,0.47189101576805115,,
2017/03/12 00:00,2017-03-12,Paradise_WA,46.783333,-121.733333,,,,,0.3,,,,,1719.58,1654,,,,71,0.0,,
2017/03/13 00:00,2017-03-13,Paradise_WA,46.783333,-121.733333,,,,,1.6,,,,,1729.74,1654,,,,72,0.0,,
2017/03/14 00:00,2017-03-14,Paradise_WA,46.783333,-121.733333,,,,,3.6,,,,,1798.32,1654,,,,73,0.0,,
2017/03/15 00:00,2017-03-15,Paradise_WA,46.783333,-121.733333,,,,,2.8,,,,,1811.02,1654,,,,74,0.0,,
2017/03/16 00:00,2017-03-16,Paradise_WA,46.783333,-121.733333,,,,,2.1,,,,,1795.78,1654,271.7029655172414,0.06122815198618311,0.4569871723651886,75,0.4569871723651886,,
2017/03/17 00:00,2017-03-17,Paradise_WA,46.783333,-121.733333,,,,,-1.3,,,,,1760.22,1654,,,,76,0.4569871723651886,,
2017/03/18 00:00,2017-03-18,Paradise_WA,46.783333,-121.733333,,,,,0.3,,,,,1760.22,1654,,,,77,0.4569871723651886,,
2017/03/19 00:00,2017-03-19,Paradise_WA,46.783333,-121.733333,,,,,-1.8,,,,,1826.26,1654,,,,78,0.0,,
2017/03/20 00:00,2017-03-20,Paradise_WA,46.783333,-121.733333,,,,,0.2,,,,,1785.62,1654,,,,79,0.0,,
2017/03/21 00:00,2017-03-21,Paradise_WA,46.783333,-121.733333,,,,,-1.0,,,,,1778.0,1654,,,,80,0.0,,
2017/03/22 00:00,2017-03-22,Paradise_WA,46.783333,-121.733333,,,,,2.2,,,,,1800.86,1654,,,,81,0.0,,
2017/03/23 00:00,2017-03-23,Paradise_WA,46.783333,-121.733333,,,,,-1.4,,,,,1803.4,1654,271.7029655172414,0.06122815198618311,0.2906089723110199,82,0.2906089723110199,,
2017/03/24 00:00,2017-03-24,Paradise_WA,46.783333,-121.733333,,,,,1.4,,,,,1808.48,1654,,,,83,0.2906089723110199,,
2017/03/25 00:00,2017-03-25,Paradise_WA,46.783333,-121.733333,,,,,-1.0,,,,,1849.12,1654,,,,84,0.2906089723110199,,
2017/03/26 00:00,2017-03-26,Paradise_WA,46.783333,-121.733333,,,,,-0.9,,,,,1864.36,1654,,,,85,0.0,,
2017/03/27 00:00,2017-03-27,Paradise_WA,46.783333,-121.733333,,,,,-0.7,,,,,1892.3,1654,,,,86,0.0,,
2017/03/28 00:00,2017-03-28,Paradise_WA,46.783333,-121.733333,,,,,-1.2,,,,,1910.08,1654,,,,87,0.0,,
2017/03/29 00:00,2017-03-29,Paradise_WA,46.783333,-121.733333,,,,,-0.3,,,,,1940.56,1654,,,,88,0.0,,
2017/03/30 00:00,2017-03-30,Paradise_WA,46.783333,-121.733333,,,,,1.6,,,,,2001.52,1654,274.6339913793104,,0.19163140654563904,89,0.19163140654563904,,
2017/03/31 00:00,2017-03-31,Paradise_WA,46.783333,-121.733333,,,,,-0.8,,,,,2006.6,1654,,,,90,0.19163140654563904,,
2017/04/01 00:00,2017-04-01,Paradise_WA,46.783333,-121.733333,,,,,3.9,,,,,2004.06,1654,,,,91,0.19163140654563904,,
2017/04/02 00:00,2017-04-02,Paradise_WA,46.783333,-121.733333,,,,,1.2,,,,,2014.22,1654,,,,92,0.0,,
2017/04/03 00:00,2017-04-03,Paradise_WA,46.783333,-121.733333,,,,,-1.6,,,,,2004.06,1654,,,,93,0.0,,
2017/04/04 00:00,2017-04-04,Paradise_WA,46.783333,-121.733333,,,,,2.3,,,,,2001.52,1654,,,,94,0.0,,
2017/04/05 00:00,2017-04-05,Paradise_WA,46.783333,-121.733333,,,,,2.6,,,,,2001.52,1654,,,,95,0.0,,
2017/04/06 00:00,2017-04-06,Paradise_WA,46.783333,-121.733333,,,,,2.3,,,,,2016.76,1654,271.9417298850575,0.039726764896373064,0.224836528301239,96,0.224836528301239,,
2017/04/07 00:00,2017-04-07,Paradise_WA,46.783333,-121.733333,,,,,2.8,,,,,2024.38,1654,,,,97,0.224836528301239,,
2017/04/08 00:00,2017-04-08,Paradise_WA,46.783333,-121.733333,,,,,-1.8,,,,,2062.48,1654,,,,98,0.224836528301239,,
2017/04/09 00:00,2017-04-09,Paradise_WA,46.783333,-121.733333,,,,,-3.2,,,,,2062.48,1654,,,,99,0.0,,
2017/04/10 00:00,2017-04-10,Paradise_WA,46.783333,-121.733333,,,,,0.3,,,,,2065.02,1654,,,,100,0.0,,
2017/04/11 00:00,2017-04-11,Paradise_WA,46.783333,-121.733333,,,,,-2.4,,,,,2075.18,1654,,,,101,0.0,,
2017/04/12 00:00,2017-04-12,Paradise_WA,46.783333,-121.733333,,,,,-0.2,,,,,2080.26,1654,,,,102,0.0,,
2017/04/13 00:00,2017-04-13,Paradise_WA,46.783333,-121.733333,,,,,2.9,,,,,2118.36,1654,268.5528686327078,0.039726764896373064,0.24230769276618958,103,0.24230769276618958,,
2017/04/14 00:00,2017-04-14,Paradise_WA,46.783333,-121.733333,,,,,-0.9,,,,,2128.52,1654,,,,104,0.24230769276618958,,
2017/04/15 00:00,2017-04-15,Paradise_WA,46.783333,-121.733333,,,,,-2.7,,,,,2138.68,1654,,,,105,0.24230769276618958,,
2017/04/16 00:00,2017-04-16,Paradise_WA,46.783333,-121.733333,,,,,1.2,,,,,2146.3,1654,,,,106,0.0,,
2017/04/17 00:00,2017-04-17,Paradise_WA,46.783333,-121.733333,,,,,3.3,,,,,2141.22,1654,,,,107,0.0,,
2017/04/18 00:00,2017-04-18,Paradise_WA,46.783333,-121.733333,,,,,1.3,,,,,2161.54,1654,,,,108,0.0,,
2017/04/19 00:00,2017-04-19,Paradise_WA,46.783333,-121.733333,,,,,0.7,,,,,2186.94,1654,,,,109,0.0,,
2017/04/20 00:00,2017-04-20,Paradise_WA,46.783333,-121.733333,,,,,2.2,,,,,2197.1,1654,274.49004885057474,0.027976662348877388,0.17291666567325592,110,0.17291666567325592,,
2017/04/21 00:00,2017-04-21,Paradise_WA,46.783333,-121.733333,,,,,0.3,,,,,2204.72,1654,,,,111,0.17291666567325592,,
2017/04/22 00:00,2017-04-22,Paradise_WA,46.783333,-121.733333,,,,,6.4,,,,,2209.8,1654,,,,112,0.17291666567325592,,
2017/04/23 00:00,2017-04-23,Paradise_WA,46.783333,-121.733333,,,,,0.7,,,,,2214.88,1654,,,,113,0.0,,
2017/04/24 00:00,2017-04-24,Paradise_WA,46.783333,-121.733333,,,,,0.4,,,,,2235.2,1654,,,,114,0.0,,
2017/04/25 00:00,2017-04-25,Paradise_WA,46.783333,-121.733333,,,,,0.0,,,,,2245.36,1654,,,,115,0.0,,
2017/04/26 00:00,2017-04-26,Paradise_WA,46.783333,-121.733333,,,,,1.3,,,,,2247.9,1654,,,,116,0.0,,
2017/04/27 00:00,2017-04-27,Paradise_WA,46.783333,-121.733333,,,,,-1.0,,,,,2270.76,1654,275.85175,0.027976662348877388,0.1717115342617035,117,0.1717115342617035,,
2017/04/28 00:00,2017-04-28,Paradise_WA,46.783333,-121.733333,,,,,-0.3,,,,,2275.84,1654,,,,118,0.1717115342617035,,
2017/04/29 00:00,2017-04-29,Paradise_WA,46.783333,-121.733333,,,,,0.6,,,,,2288.54,1654,,,,119,0.1717115342617035,,
2017/04/30 00:00,2017-04-30,Paradise_WA,46.783333,-121.733333,,,,,2.0,,,,,2286.0,1654,,,,120,0.0,,
2017/05/01 00:00,2017-05-01,Paradise_WA,46.783333,-121.733333,,,,,0.8,,,,,2319.02,1654,,,,121,0.0,,
2017/05/02 00:00,2017-05-02,Paradise_WA,46.783333,-121.733333,,,,,0.3,,,,,2329.18,1654,,,,122,0.0,,
2017/05/03 00:00,2017-05-03,Paradise_WA,46.783333,-121.733333,,,,,6.7,,,,,2326.64,1654,,,,123,0.0,,
2017/05/04 00:00,2017-05-04,Paradise_WA,46.783333,-121.733333,,,,,13.9,,,,,2324.1,1654,280.5018362068966,0.03951645077720209,0.11974038183689117,124,0.11974038183689117,,
2017/05/05 00:00,2017-05-05,Paradise_WA,46.783333,-121.733333,,,,,9.8,,,,,2286.0,1654,,,,125,0.11974038183689117,,
2017/05/06 00:00,2017-05-06,Paradise_WA,46.783333,-121.733333,,,,,1.2,,,,,2250.44,1654,,,,126,0.11974038183689117,,
2017/05/07 00:00,2017-05-07,Paradise_WA,46.783333,-121.733333,,,,,2.8,,,,,2232.66,1654,,,,127,0.0,,
2017/05/08 00:00,2017-05-08,Paradise_WA,46.783333,-121.733333,,,,,5.9,,,,,2227.58,1654,,,,128,0.0,,
2017/05/09 00:00,2017-05-09,Paradise_WA,46.783333,-121.733333,,,,,8.6,,,,,2222.5,1654,,,,129,0.0,,
2017/05/10 00:00,2017-05-10,Paradise_WA,46.783333,-121.733333,,,,,12.0,,,,,2214.88,1654,,,,130,0.0,,
2017/05/11 00:00,2017-05-11,Paradise_WA,46.783333,-121.733333,,,,,12.3,,,,,2204.72,1654,275.17723275862073,0.03951645077720209,0.09331730753183365,131,0.09331730753183365,,
2017/05/12 00:00,2017-05-12,Paradise_WA,46.783333,-121.733333,,,,,2.5,,,,,2197.1,1654,,,,132,0.09331730753183365,,
2017/05/13 00:00,2017-05-13,Paradise_WA,46.783333,-121.733333,,,,,-0.4,,,,,2186.94,1654,,,,133,0.09331730753183365,,
2017/05/14 00:00,2017-05-14,Paradise_WA,46.783333,-121.733333,,,,,0.0,,,,,2199.64,1654,,,,134,0.0,,
2017/05/15 00:00,2017-05-15,Paradise_WA,46.783333,-121.733333,,,,,1.8,,,,,2214.88,1654,,,,135,0.0,,
2017/05/16 00:00,2017-05-16,Paradise_WA,46.783333,-121.733333,,,,,0.8,,,,,2222.5,1654,,,,136,0.0,,
2017/05/17 00:00,2017-05-17,Paradise_WA,46.783333,-121.733333,,,,,-2.1,,,,,2263.14,1654,,,,137,0.0,,
2017/05/18 00:00,2017-05-18,Paradise_WA,46.783333,-121.733333,,,,,2.0,,,,,2286.0,1654,281.1867471264368,,0.09256409853696823,138,0.09256409853696823,,
2017/05/19 00:00,2017-05-19,Paradise_WA,46.783333,-121.733333,,,,,9.6,,,,,2283.46,1654,,,,139,0.09256409853696823,,
2017/05/20 00:00,2017-05-20,Paradise_WA,46.783333,-121.733333,,,,,10.7,,,,,2278.38,1654,,,,140,0.09256409853696823,,
2017/05/21 00:00,2017-05-21,Paradise_WA,46.783333,-121.733333,,,,,12.2,,,,,2270.76,1654,,,,141,0.0,,
2017/05/22 00:00,2017-05-22,Paradise_WA,46.783333,-121.733333,,,,,17.3,,,,,2258.06,1654,,,,142,0.0,,
2017/05/23 00:00,2017-05-23,Paradise_WA,46.783333,-121.733333,,,,,19.7,,,,,2232.66,1654,,,,143,0.0,,
2017/05/24 00:00,2017-05-24,Paradise_WA,46.783333,-121.733333,,,,,14.1,,,,,2204.72,1654,,,,144,0.0,,
2017/05/25 00:00,2017-05-25,Paradise_WA,46.783333,-121.733333,,,,,6.9,,,,,2166.62,1654,287.2193064039409,0.058561944084628705,0.1068749949336052,145,0.1068749949336052,,
2017/05/26 00:00,2017-05-26,Paradise_WA,46.783333,-121.733333,,,,,11.2,,,,,2159.0,1654,,,,146,0.1068749949336052,,
2017/05/27 00:00,2017-05-27,Paradise_WA,46.783333,-121.733333,,,,,14.9,,,,,2131.06,1654,,,,147,0.1068749949336052,,
2017/05/28 00:00,2017-05-28,Paradise_WA,46.783333,-121.733333,,,,,17.5,,,,,2113.28,1654,,,,148,0.0,,
2017/05/29 00:00,2017-05-29,Paradise_WA,46.783333,-121.733333,,,,,20.0,,,,,2085.34,1654,,,,149,0.0,,
2017/05/30 00:00,2017-05-30,Paradise_WA,46.783333,-121.733333,,,,,21.9,,,,,2042.16,1654,,,,150,0.0,,
2017/05/31 00:00,2017-05-31,Paradise_WA,46.783333,-121.733333,,,,,6.0,,,,,2001.52,1654,,,,151,0.0,,
2017/06/01 00:00,2017-06-01,Paradise_WA,46.783333,-121.733333,,,,,10.5,,,,,1971.04,1654,288.01819532019704,,0.09664743393659592,152,0.09664743393659592,,
2017/06/02 00:00,2017-06-02,Paradise_WA,46.783333,-121.733333,,,,,5.9,,,,,1958.34,1654,,,,153,0.09664743393659592,,
2017/06/03 00:00,2017-06-03,Paradise_WA,46.783333,-121.733333,,,,,13.4,,,,,1925.32,1654,,,,154,0.09664743393659592,,
2017/06/04 00:00,2017-06-04,Paradise_WA,46.783333,-121.733333,,,,,9.5,,,,,1899.92,1654,,,,155,0.0,,
2017/06/05 00:00,2017-06-05,Paradise_WA,46.783333,-121.733333,,,,,8.2,,,,,1869.44,1654,,,,156,0.0,,
2017/06/06 00:00,2017-06-06,Paradise_WA,46.783333,-121.733333,,,,,15.2,,,,,1846.58,1654,,,,157,0.0,,
2017/06/07 00:00,2017-06-07,Paradise_WA,46.783333,-121.733333,,,,,19.7,,,,,1823.72,1654,,,,158,0.0,,
2017/06/08 00:00,2017-06-08,Paradise_WA,46.783333,-121.733333,,,,,17.5,,,,,1785.62,1654,286.3128879310345,0.09046961355785842,0.07421474158763885,159,0.07421474158763885,,
2017/06/09 00:00,2017-06-09,Paradise_WA,46.783333,-121.733333,,,,,3.6,,,,,1770.38,1654,,,,160,0.07421474158763885,,
2017/06/10 00:00,2017-06-10,Paradise_WA,46.783333,-121.733333,,,,,1.0,,,,,1744.98,1654,,,,161,0.07421474158763885,,
2017/06/11 00:00,2017-06-11,Paradise_WA,46.783333,-121.733333,,,,,4.6,,,,,1734.82,1654,,,,162,0.0,,
2017/06/12 00:00,2017-06-12,Paradise_WA,46.783333,-121.733333,,,,,10.5,,,,,1717.04,1654,,,,163,0.0,,
2017/06/13 00:00,2017-06-13,Paradise_WA,46.783333,-121.733333,,,,,3.2,,,,,1706.88,1654,,,,164,0.0,,
2017/06/14 00:00,2017-06-14,Paradise_WA,46.783333,-121.733333,,,,,4.5,,,,,1694.18,1654,,,,165,0.0,,
2017/06/15 00:00,2017-06-15,Paradise_WA,46.783333,-121.733333,,,,,7.0,,,,,1668.78,1654,289.2759683908046,0.09046961355785842,0.0868108943104744,166,0.0868108943104744,,
2017/06/16 00:00,2017-06-16,Paradise_WA,46.783333,-121.733333,,,,,6.0,,,,,1694.18,1654,,,,167,0.0868108943104744,,
2017/06/17 00:00,2017-06-17,Paradise_WA,46.783333,-121.733333,,,,,4.5,,,,,1645.92,1654,,,,168,0.0868108943104744,,
2017/06/18 00:00,2017-06-18,Paradise_WA,46.783333,-121.733333,,,,,6.6,,,,,1605.28,1654,,,,169,0.0,,
2017/06/19 00:00,2017-06-19,Paradise_WA,46.783333,-121.733333,,,,,11.1,,,,,1590.04,1654,,,,170,0.0,,
2017/06/20 00:00,2017-06-20,Paradise_WA,46.783333,-121.733333,,,,,17.9,,,,,1539.24,1654,,,,171,0.0,,
2017/06/21 00:00,2017-06-21,Paradise_WA,46.783333,-121.733333,,,,,13.6,,,,,1483.36,1654,,,,172,0.0,,
2017/06/22 00:00,2017-06-22,Paradise_WA,46.783333,-121.733333,,,,,11.6,,,,,1430.02,1654,292.47303357963875,0.23853813687392064,0.04086538404226303,173,0.04086538404226303,,
2017/06/23 00:00,2017-06-23,Paradise_WA,46.783333,-121.733333,,,,,15.6,,,,,1389.38,1654,,,,174,0.04086538404226303,,
2017/06/24 00:00,2017-06-24,Paradise_WA,46.783333,-121.733333,,,,,20.5,,,,,1358.9,1654,,,,175,0.04086538404226303,,
2017/06/25 00:00,2017-06-25,Paradise_WA,46.783333,-121.733333,,,,,23.1,,,,,1308.1,1654,,,,176,0.0,,
2017/06/26 00:00,2017-06-26,Paradise_WA,46.783333,-121.733333,,,,,27.3,,,,,1236.98,1654,,,,177,0.0,,
2017/06/27 00:00,2017-06-27,Paradise_WA,46.783333,-121.733333,,,,,16.6,,,,,1176.02,1654,,,,178,0.0,,
2017/06/28 00:00,2017-06-28,Paradise_WA,46.783333,-121.733333,,,,,13.9,,,,,1130.3,1654,,,,179,0.0,,
2017/06/29 00:00,2017-06-29,Paradise_WA,46.783333,-121.733333,,,,,8.1,,,,,1089.66,1654,292.3038796586555,0.23853813687392064,0.012022435665130615,180,0.012022435665130615,,
2017/06/30 00:00,2017-06-30,Paradise_WA,46.783333,-121.733333,,,,,18.0,,,,,1049.02,1654,,,,181,0.012022435665130615,,
2017/07/01 00:00,2017-07-01,Paradise_WA,46.783333,-121.733333,,,,,21.0,,,,,990.6,1654,,,,182,0.012022435665130615,,
2017/07/02 00:00,2017-07-02,Paradise_WA,46.783333,-121.733333,,,,,15.1,,,,,929.64,1654,,,,183,0.0,,
2017/07/03 00:00,2017-07-03,Paradise_WA,46.783333,-121.733333,,,,,17.3,,,,,873.76,1654,,,,184,0.0,,
2017/07/04 00:00,2017-07-04,Paradise_WA,46.783333,-121.733333,,,,,14.4,,,,,815.34,1654,,,,185,0.0,,
2017/07/05 00:00,2017-07-05,Paradise_WA,46.783333,-121.733333,,,,,18.3,,,,,762.0,1654,,,,186,0.0,,
2017/07/06 00:00,2017-07-06,Paradise_WA,46.783333,-121.733333,,,,,22.0,,,,,706.12,1654,292.56270459770116,0.6093271319084628,0.009939102455973625,187,0.009939102455973625,,
2017/07/07 00:00,2017-07-07,Paradise_WA,46.783333,-121.733333,,,,,23.4,,,,,640.08,1654,,,,188,0.009939102455973625,,
2017/07/08 00:00,2017-07-08,Paradise_WA,46.783333,-121.733333,,,,,13.8,,,,,576.58,1654,,,,189,0.009939102455973625,,
2017/07/09 00:00,2017-07-09,Paradise_WA,46.783333,-121.733333,,,,,19.7,,,,,525.78,1654,,,,190,0.0,,
2017/07/10 00:00,2017-07-10,Paradise_WA,46.783333,-121.733333,,,,,17.0,,,,,474.98,1654,,,,191,0.0,,
2017/07/11 00:00,2017-07-11,Paradise_WA,46.783333,-121.733333,,,,,13.6,,,,,424.18,1654,,,,192,0.0,,
2017/07/12 00:00,2017-07-12,Paradise_WA,46.783333,-121.733333,,,,,15.4,,,,,391.16,1654,,,,193,0.0,,
2017/07/13 00:00,2017-07-13,Paradise_WA,46.783333,-121.733333,,,,,18.2,,,,,335.28,1654,293.230573354232,0.6093271319084628,0.02216346189379692,194,0.02216346189379692,,
2017/07/14 00:00,2017-07-14,Paradise_WA,46.783333,-121.733333,,,,,15.2,,,,,284.48,1654,,,,195,0.02216346189379692,,
2017/07/15 00:00,2017-07-15,Paradise_WA,46.783333,-121.733333,,,,,20.8,,,,,218.44,1654,,,,196,0.02216346189379692,,
2017/07/16 00:00,2017-07-16,Paradise_WA,46.783333,-121.733333,,,,,16.2,,,,,137.16,1654,,,,197,0.0,,
2017/07/17 00:00,2017-07-17,Paradise_WA,46.783333,-121.733333,,,,,12.8,,,,,48.26,1654,,,,198,0.0,,
2017/07/18 00:00,2017-07-18,Paradise_WA,46.783333,-121.733333,,,,,16.0,,,,,12.7,1654,,,,199,0.0,,
2017/07/19 00:00,2017-07-19,Paradise_WA,46.783333,-121.733333,,,,,18.7,,,,,,1654,,,,200,0.0,,
2017/07/20 00:00,2017-07-20,Paradise_WA,46.783333,-121.733333,,,,,17.5,,,,,,1654,293.99147659352144,,0.035448718816041946,201,0.035448718816041946,,
2017/07/21 00:00,2017-07-21,Paradise_WA,46.783333,-121.733333,,,,,10.7,,,,,,1654,,,,202,0.035448718816041946,,
2017/07/22 00:00,2017-07-22,Paradise_WA,46.783333,-121.733333,,,,,16.8,,,,,,1654,,,,203,0.035448718816041946,,
2017/07/23 00:00,2017-07-23,Paradise_WA,46.783333,-121.733333,,,,,21.2,,,,,,1654,,,,204,0.0,,
2017/07/24 00:00,2017-07-24,Paradise_WA,46.783333,-121.733333,,,,,17.6,,,,,,1654,,,,205,0.0,,
2017/07/25 00:00,2017-07-25,Paradise_WA,46.783333,-121.733333,,,,,19.5,,,,,,1654,,,,206,0.0,,
2017/07/26 00:00,2017-07-26,Paradise_WA,46.783333,-121.733333,,,,,21.0,,,,,,1654,,,,207,0.0,,
2017/07/27 00:00,2017-07-27,Paradise_WA,46.783333,-121.733333,,,,,20.5,,,,,,1654,296.2712274133913,0.7535735265544041,0.021261217072606087,208,0.021261217072606087,,
2017/07/28 00:00,2017-07-28,Paradise_WA,46.783333,-121.733333,,,,,15.9,,,,,,1654,,,,209,0.021261217072606087,,
2017/07/29 00:00,2017-07-29,Paradise_WA,46.783333,-121.733333,,,,,17.9,,,,,,1654,,,,210,0.021261217072606087,,
2017/07/30 00:00,2017-07-30,Paradise_WA,46.783333,-121.733333,,,,,18.8,,,,,,1654,,,,211,0.0,,
2017/07/31 00:00,2017-07-31,Paradise_WA,46.783333,-121.733333,,,,,19.7,,,,,,1654,,,,212,0.0,,
2017/08/01 00:00,2017-08-01,Paradise_WA,46.783333,-121.733333,,,,,21.2,,,,,,1654,,,,213,0.0,,
2017/08/02 00:00,2017-08-02,Paradise_WA,46.783333,-121.733333,,,,,24.7,,,,,,1654,,,,214,0.0,,
2017/08/03 00:00,2017-08-03,Paradise_WA,46.783333,-121.733333,,,,,26.5,,,,,,1654,298.6515291777188,0.7535735265544041,0.003296474227681756,215,0.003296474227681756,,
2017/08/04 00:00,2017-08-04,Paradise_WA,46.783333,-121.733333,,,,,27.4,,,,,,1654,,,,216,0.003296474227681756,,
2017/08/05 00:00,2017-08-05,Paradise_WA,46.783333,-121.733333,,,,,24.0,,,,,,1654,,,,217,0.003296474227681756,,
2017/08/06 00:00,2017-08-06,Paradise_WA,46.783333,-121.733333,,,,,21.9,,,,,,1654,,,,218,0.0,,
2017/08/07 00:00,2017-08-07,Paradise_WA,46.783333,-121.733333,,,,,22.5,,,,,,1654,,,,219,0.0,,
2017/08/08 00:00,2017-08-08,Paradise_WA,46.783333,-121.733333,,,,,23.1,,,,,,1654,,,,220,0.0,,
2017/08/09 00:00,2017-08-09,Paradise_WA,46.783333,-121.733333,,,,,23.8,,,,,,1654,,,,221,0.0,,
2017/08/10 00:00,2017-08-10,Paradise_WA,46.783333,-121.733333,,,,,25.5,,,,,,1654,298.05077098571934,0.7939594127806565,0.03490384668111801,222,0.03490384668111801,,
2017/08/11 00:00,2017-08-11,Paradise_WA,46.783333,-121.733333,,,,,25.3,,,,,,1654,,,,223,0.03490384668111801,,
2017/08/12 00:00,2017-08-12,Paradise_WA,46.783333,-121.733333,,,,,20.8,,,,,,1654,,,,224,0.03490384668111801,,
2017/08/13 00:00,2017-08-13,Paradise_WA,46.783333,-121.733333,,,,,17.7,,,,,,1654,,,,225,0.0,,
2017/08/14 00:00,2017-08-14,Paradise_WA,46.783333,-121.733333,,,,,11.5,,,,,,1654,,,,226,0.0,,
2017/08/15 00:00,2017-08-15,Paradise_WA,46.783333,-121.733333,,,,,9.0,,,,,,1654,,,,227,0.0,,
2017/08/16 00:00,2017-08-16,Paradise_WA,46.783333,-121.733333,,,,,14.8,,,,,,1654,,,,228,0.0,,
2017/08/17 00:00,2017-08-17,Paradise_WA,46.783333,-121.733333,,,,,16.5,,,,,,1654,293.1915346195951,0.7939594127806565,0.052532050758600235,229,0.052532050758600235,,
2017/08/18 00:00,2017-08-18,Paradise_WA,46.783333,-121.733333,,,,,13.9,,,,,,1654,,,,230,0.052532050758600235,,
2017/08/19 00:00,2017-08-19,Paradise_WA,46.783333,-121.733333,,,,,14.4,,,,,,1654,,,,231,0.052532050758600235,,
2017/08/20 00:00,2017-08-20,Paradise_WA,46.783333,-121.733333,,,,,13.8,,,,,,1654,,,,232,0.0,,
2017/08/21 00:00,2017-08-21,Paradise_WA,46.783333,-121.733333,,,,,12.0,,,,,,1654,,,,233,0.0,,
2017/08/22 00:00,2017-08-22,Paradise_WA,46.783333,-121.733333,,,,,20.0,,,,,,1654,,,,234,0.0,,
2017/08/23 00:00,2017-08-23,Paradise_WA,46.783333,-121.733333,,,,,20.1,,,,,,1654,,,,235,0.0,,
2017/08/24 00:00,2017-08-24,Paradise_WA,46.783333,-121.733333,,,,,16.6,,,,,,1654,296.26814176245216,0.7881905926165803,0.024166665971279144,236,0.024166665971279144,,
2017/08/25 00:00,2017-08-25,Paradise_WA,46.783333,-121.733333,,,,,9.7,,,,,,1654,,,,237,0.024166665971279144,,
2017/08/26 00:00,2017-08-26,Paradise_WA,46.783333,-121.733333,,,,,14.6,,,,,,1654,,,,238,0.024166665971279144,,
2017/08/27 00:00,2017-08-27,Paradise_WA,46.783333,-121.733333,,,,,20.1,,,,,,1654,,,,239,0.0,,
2017/08/28 00:00,2017-08-28,Paradise_WA,46.783333,-121.733333,,,,,23.5,,,,,,1654,,,,240,0.0,,
2017/08/29 00:00,2017-08-29,Paradise_WA,46.783333,-121.733333,,,,,25.9,,,,,,1654,,,,241,0.0,,
2017/08/30 00:00,2017-08-30,Paradise_WA,46.783333,-121.733333,,,,,23.1,,,,,,1654,,,,242,0.0,,
2017/08/31 00:00,2017-08-31,Paradise_WA,46.783333,-121.733333,,,,,14.9,,,,,,1654,298.41744846743296,0.7881905926165803,0.032607369124889374,243,0.032607369124889374,,
2017/09/01 00:00,2017-09-01,Paradise_WA,46.783333,-121.733333,,,,,15.9,,,,,,1654,,,,244,0.032607369124889374,,
2017/09/02 00:00,2017-09-02,Paradise_WA,46.783333,-121.733333,,,,,21.3,,,,,,1654,,,,245,0.032607369124889374,,
2017/09/03 00:00,2017-09-03,Paradise_WA,46.783333,-121.733333,,,,,24.3,,,,,,1654,,,,246,0.0,,
2017/09/04 00:00,2017-09-04,Paradise_WA,46.783333,-121.733333,,,,,24.0,,,,,,1654,,,,247,0.0,,
2017/09/05 00:00,2017-09-05,Paradise_WA,46.783333,-121.733333,,,,,26.1,,,,,,1654,,,,248,0.0,,
2017/09/06 00:00,2017-09-06,Paradise_WA,46.783333,-121.733333,,,,,27.9,,,,,,1654,,,,249,0.0,,
2017/09/07 00:00,2017-09-07,Paradise_WA,46.783333,-121.733333,,,,,19.7,,,,,,1654,297.3880779967159,,0.04929006099700928,250,0.04929006099700928,,
2017/09/08 00:00,2017-09-08,Paradise_WA,46.783333,-121.733333,,,,,16.3,,,,,,1654,,,,251,0.04929006099700928,,
2017/09/09 00:00,2017-09-09,Paradise_WA,46.783333,-121.733333,,,,,11.6,,,,,,1654,,,,252,0.04929006099700928,,
2017/09/10 00:00,2017-09-10,Paradise_WA,46.783333,-121.733333,,,,,9.5,,,,,,1654,,,,253,0.0,,
2017/09/11 00:00,2017-09-11,Paradise_WA,46.783333,-121.733333,,,,,13.3,,,,,,1654,,,,254,0.0,,
2017/09/12 00:00,2017-09-12,Paradise_WA,46.783333,-121.733333,,,,,19.7,,,,,,1654,,,,255,0.0,,
2017/09/13 00:00,2017-09-13,Paradise_WA,46.783333,-121.733333,,,,,17.7,,,,,,1654,,,,256,0.0,,
2017/09/14 00:00,2017-09-14,Paradise_WA,46.783333,-121.733333,,,,,10.6,,,,,,1654,291.7417356321839,0.7400140004317793,0.11528845876455307,257,0.11528845876455307,,
2017/09/15 00:00,2017-09-15,Paradise_WA,46.783333,-121.733333,,,,,9.8,,,,,,1654,,,,258,0.11528845876455307,,
2017/09/16 00:00,2017-09-16,Paradise_WA,46.783333,-121.733333,,,,,12.6,,,,,,1654,,,,259,0.11528845876455307,,
2017/09/17 00:00,2017-09-17,Paradise_WA,46.783333,-121.733333,,,,,12.0,,,,,,1654,,,,260,0.0,,
2017/09/18 00:00,2017-09-18,Paradise_WA,46.783333,-121.733333,,,,,5.8,,,,,-10.16,1654,,,,261,0.0,,
2017/09/19 00:00,2017-09-19,Paradise_WA,46.783333,-121.733333,,,,,1.4,,,,,-10.16,1654,,,,262,0.0,,
2017/09/20 00:00,2017-09-20,Paradise_WA,46.783333,-121.733333,,,,,1.3,,,,,15.24,1654,,,,263,0.0,,
2017/09/21 00:00,2017-09-21,Paradise_WA,46.783333,-121.733333,,,,,0.7,,,,,7.62,1654,287.1576560344828,,0.16451922059059143,264,0.16451922059059143,,
2017/09/22 00:00,2017-09-22,Paradise_WA,46.783333,-121.733333,,,,,2.6,,,,,2.54,1654,,,,265,0.16451922059059143,,
2017/09/23 00:00,2017-09-23,Paradise_WA,46.783333,-121.733333,,,,,4.1,,,,,-5.08,1654,,,,266,0.16451922059059143,,
2017/09/24 00:00,2017-09-24,Paradise_WA,46.783333,-121.733333,,,,,8.1,,,,,-7.62,1654,,,,267,0.0,,
2017/09/25 00:00,2017-09-25,Paradise_WA,46.783333,-121.733333,,,,,11.8,,,,,-12.7,1654,,,,268,0.0,,
2017/09/26 00:00,2017-09-26,Paradise_WA,46.783333,-121.733333,,,,,6.8,,,,,-10.16,1654,,,,269,0.0,,
2017/09/27 00:00,2017-09-27,Paradise_WA,46.783333,-121.733333,,,,,13.8,,,,,,1654,,,,270,0.0,,
2017/09/28 00:00,2017-09-28,Paradise_WA,46.783333,-121.733333,,,,,15.5,,,,,-7.62,1654,286.8571169950739,0.6997700723229708,0.08230128139257431,271,0.08230128139257431,,
2017/09/29 00:00,2017-09-29,Paradise_WA,46.783333,-121.733333,,,,,18.0,,,,,-7.62,1654,,,,272,0.08230128139257431,,
2017/09/30 00:00,2017-09-30,Paradise_WA,46.783333,-121.733333,,,,,7.2,,,,,-2.54,1654,,,,273,0.08230128139257431,,
2017/10/01 00:00,2017-10-01,Paradise_WA,46.783333,-121.733333,,,,,1.7,,,,,-2.54,1654,,,,274,0.0,,
2017/10/02 00:00,2017-10-02,Paradise_WA,46.783333,-121.733333,,,,,2.8,,,,,-2.54,1654,,,,275,0.0,,
2017/10/03 00:00,2017-10-03,Paradise_WA,46.783333,-121.733333,,,,,4.0,,,,,-2.54,1654,,,,276,0.0,,
2017/10/04 00:00,2017-10-04,Paradise_WA,46.783333,-121.733333,,,,,9.0,,,,,-2.54,1654,,,,277,0.0,,
2017/10/05 00:00,2017-10-05,Paradise_WA,46.783333,-121.733333,,,,,8.7,,,,,-5.08,1654,282.7968431034483,0.6997700723229708,0.03271794691681862,278,0.03271794691681862,,
2017/10/06 00:00,2017-10-06,Paradise_WA,46.783333,-121.733333,,,,,10.7,,,,,-2.54,1654,,,,279,0.03271794691681862,,
2017/10/07 00:00,2017-10-07,Paradise_WA,46.783333,-121.733333,,,,,6.5,,,,,0.0,1654,,,,280,0.03271794691681862,,
2017/10/08 00:00,2017-10-08,Paradise_WA,46.783333,-121.733333,,,,,-0.1,,,,,5.08,1654,,,,281,0.0,,
2017/10/09 00:00,2017-10-09,Paradise_WA,46.783333,-121.733333,,,,,2.9,,,,,15.24,1654,,,,282,0.0,,
2017/10/10 00:00,2017-10-10,Paradise_WA,46.783333,-121.733333,,,,,9.7,,,,,5.08,1654,,,,283,0.0,,
2017/10/11 00:00,2017-10-11,Paradise_WA,46.783333,-121.733333,,,,,-0.7,,,,,7.62,1654,,,,284,0.0,,
2017/10/12 00:00,2017-10-12,Paradise_WA,46.783333,-121.733333,,,,,-1.5,,,,,10.16,1654,280.42675862068967,0.4676703961571676,0.10038461536169052,285,0.10038461536169052,,
2017/10/13 00:00,2017-10-13,Paradise_WA,46.783333,-121.733333,,,,,-0.8,,,,,30.48,1654,,,,286,0.10038461536169052,,
2017/10/14 00:00,2017-10-14,Paradise_WA,46.783333,-121.733333,,,,,-0.7,,,,,50.8,1654,,,,287,0.10038461536169052,,
2017/10/15 00:00,2017-10-15,Paradise_WA,46.783333,-121.733333,,,,,2.0,,,,,45.72,1654,,,,288,0.0,,
2017/10/16 00:00,2017-10-16,Paradise_WA,46.783333,-121.733333,,,,,8.7,,,,,43.18,1654,,,,289,0.0,,
2017/10/17 00:00,2017-10-17,Paradise_WA,46.783333,-121.733333,,,,,9.1,,,,,43.18,1654,,,,290,0.0,,
2017/10/18 00:00,2017-10-18,Paradise_WA,46.783333,-121.733333,,,,,0.8,,,,,45.72,1654,,,,291,0.0,,
2017/10/19 00:00,2017-10-19,Paradise_WA,46.783333,-121.733333,,,,,5.7,,,,,45.72,1654,280.79965172413796,0.4676703961571676,0.6850160360336304,292,0.6850160360336304,,
2017/10/20 00:00,2017-10-20,Paradise_WA,46.783333,-121.733333,,,,,1.2,,,,,35.56,1654,,,,293,0.6850160360336304,,
2017/10/21 00:00,2017-10-21,Paradise_WA,46.783333,-121.733333,,,,,-1.2,,,,,66.04,1654,,,,294,0.6850160360336304,,
2017/10/22 00:00,2017-10-22,Paradise_WA,46.783333,-121.733333,,,,,1.2,,,,,116.84,1654,,,,295,0.0,,
2017/10/23 00:00,2017-10-23,Paradise_WA,46.783333,-121.733333,,,,,1.4,,,,,83.82,1654,,,,296,0.0,,
2017/10/24 00:00,2017-10-24,Paradise_WA,46.783333,-121.733333,,,,,8.1,,,,,76.2,1654,,,,297,0.0,,
2017/10/25 00:00,2017-10-25,Paradise_WA,46.783333,-121.733333,,,,,15.6,,,,,73.66,1654,,,,298,0.0,,
2017/10/26 00:00,2017-10-26,Paradise_WA,46.783333,-121.733333,,,,,6.7,,,,,73.66,1654,284.1565003078818,0.012469300518134713,0.5064807534217834,299,0.5064807534217834,,
2017/10/27 00:00,2017-10-27,Paradise_WA,46.783333,-121.733333,,,,,9.0,,,,,58.42,1654,,,,300,0.5064807534217834,,
2017/10/28 00:00,2017-10-28,Paradise_WA,46.783333,-121.733333,,,,,15.3,,,,,38.1,1654,,,,301,0.5064807534217834,,
2017/10/29 00:00,2017-10-29,Paradise_WA,46.783333,-121.733333,,,,,13.1,,,,,20.32,1654,,,,302,0.0,,
2017/10/30 00:00,2017-10-30,Paradise_WA,46.783333,-121.733333,,,,,10.8,,,,,10.16,1654,,,,303,0.0,,
2017/10/31 00:00,2017-10-31,Paradise_WA,46.783333,-121.733333,,,,,5.5,,,,,15.24,1654,,,,304,0.0,,
2017/11/01 00:00,2017-11-01,Paradise_WA,46.783333,-121.733333,,,,,6.8,,,,,7.62,1654,,,,305,0.0,,
2017/11/02 00:00,2017-11-02,Paradise_WA,46.783333,-121.733333,,,,,-0.7,,,,,15.24,1654,285.3381344827586,0.012469300518134713,0.08712179213762283,306,0.08712179213762283,,
2017/11/03 00:00,2017-11-03,Paradise_WA,46.783333,-121.733333,,,,,-2.9,,,,,33.02,1654,,,,307,0.08712179213762283,,
2017/11/04 00:00,2017-11-04,Paradise_WA,46.783333,-121.733333,,,,,-3.9,,,,,40.64,1654,,,,308,0.08712179213762283,,
2017/11/05 00:00,2017-11-05,Paradise_WA,46.783333,-121.733333,,,,,-5.0,,,,,43.18,1654,,,,309,0.0,,
2017/11/06 00:00,2017-11-06,Paradise_WA,46.783333,-121.733333,,,,,-4.8,,,,,88.9,1654,,,,310,0.0,,
2017/11/07 00:00,2017-11-07,Paradise_WA,46.783333,-121.733333,,,,,-3.5,,,,,91.44,1654,,,,311,0.0,,
2017/11/08 00:00,2017-11-08,Paradise_WA,46.783333,-121.733333,,,,,-3.6,,,,,91.44,1654,,,,312,0.0,,
2017/11/09 00:00,2017-11-09,Paradise_WA,46.783333,-121.733333,,,,,-2.6,,,,,99.06,1654,,,0.19323717057704926,313,0.19323717057704926,,
2017/11/10 00:00,2017-11-10,Paradise_WA,46.783333,-121.733333,,,,,-0.8,,,,,111.76,1654,,,,314,0.19323717057704926,,
2017/11/11 00:00,2017-11-11,Paradise_WA,46.783333,-121.733333,,,,,-0.7,,,,,116.84,1654,,,,315,0.19323717057704926,,
2017/11/12 00:00,2017-11-12,Paradise_WA,46.783333,-121.733333,,,,,0.4,,,,,121.92,1654,,,,316,0.0,,
2017/11/13 00:00,2017-11-13,Paradise_WA,46.783333,-121.733333,,,,,1.6,,,,,127.0,1654,,,,317,0.0,,
2017/11/14 00:00,2017-11-14,Paradise_WA,46.783333,-121.733333,,,,,-2.2,,,,,152.4,1654,,,,318,0.0,,
2017/11/15 00:00,2017-11-15,Paradise_WA,46.783333,-121.733333,,,,,-2.0,,,,,175.26,1654,,,,319,0.0,,
2017/11/16 00:00,2017-11-16,Paradise_WA,46.783333,-121.733333,,,,,-2.9,,,,,205.74,1654,,0.049062683506044924,0.6260095834732056,320,0.6260095834732056,,
2017/11/17 00:00,2017-11-17,Paradise_WA,46.783333,-121.733333,,,,,-3.6,,,,,231.14,1654,,,,321,0.6260095834732056,,
2017/11/18 00:00,2017-11-18,Paradise_WA,46.783333,-121.733333,,,,,-3.9,,,,,259.08,1654,,,,322,0.6260095834732056,,
2017/11/19 00:00,2017-11-19,Paradise_WA,46.783333,-121.733333,,,,,-2.1,,,,,261.62,1654,,,,323,0.0,,
2017/11/20 00:00,2017-11-20,Paradise_WA,46.783333,-121.733333,,,,,-2.4,,,,,261.62,1654,,,,324,0.0,,
2017/11/21 00:00,2017-11-21,Paradise_WA,46.783333,-121.733333,,,,,-1.3,,,,,314.96,1654,,,,325,0.0,,
2017/11/22 00:00,2017-11-22,Paradise_WA,46.783333,-121.733333,,,,,5.7,,,,,358.14,1654,,,,326,0.0,,
2017/11/23 00:00,2017-11-23,Paradise_WA,46.783333,-121.733333,,,,,7.1,,,,,314.96,1654,270.21313846153856,0.049062683506044924,0.7360736727714539,327,0.7360736727714539,,
2017/11/24 00:00,2017-11-24,Paradise_WA,46.783333,-121.733333,,,,,-0.2,,,,,314.96,1654,,,,328,0.7360736727714539,,
2017/11/25 00:00,2017-11-25,Paradise_WA,46.783333,-121.733333,,,,,-1.3,,,,,292.1,1654,,,,329,0.7360736727714539,,
2017/11/26 00:00,2017-11-26,Paradise_WA,46.783333,-121.733333,,,,,2.3,,,,,299.72,1654,,,,330,0.0,,
2017/11/27 00:00,2017-11-27,Paradise_WA,46.783333,-121.733333,,,,,-1.8,,,,,297.18,1654,,,,331,0.0,,
2017/11/28 00:00,2017-11-28,Paradise_WA,46.783333,-121.733333,,,,,-3.7,,,,,299.72,1654,,,,332,0.0,,
2017/11/29 00:00,2017-11-29,Paradise_WA,46.783333,-121.733333,,,,,-3.5,,,,,327.66,1654,,,,333,0.0,,
2017/11/30 00:00,2017-11-30,Paradise_WA,46.783333,-121.733333,,,,,-2.2,,,,,342.9,1654,270.5943948275862,0.13058362478411054,0.22346153855323792,334,0.22346153855323792,,
2017/12/01 00:00,2017-12-01,Paradise_WA,46.783333,-121.733333,,,,,-0.9,,,,,360.68,1654,,,,335,0.22346153855323792,,
2017/12/02 00:00,2017-12-02,Paradise_WA,46.783333,-121.733333,,,,,-2.6,,,,,363.22,1654,,,,336,0.22346153855323792,,
2017/12/03 00:00,2017-12-03,Paradise_WA,46.783333,-121.733333,,,,,-2.8,,,,,386.08,1654,,,,337,0.0,,
2017/12/04 00:00,2017-12-04,Paradise_WA,46.783333,-121.733333,,,,,-4.6,,,,,406.4,1654,,,,338,0.0,,
2017/12/05 00:00,2017-12-05,Paradise_WA,46.783333,-121.733333,,,,,-5.7,,,,,408.94,1654,,,,339,0.0,,
2017/12/06 00:00,2017-12-06,Paradise_WA,46.783333,-121.733333,,,,,1.3,,,,,411.48,1654,,,,340,0.0,,
2017/12/07 00:00,2017-12-07,Paradise_WA,46.783333,-121.733333,,,,,5.0,,,,,414.02,1654,275.9379542624521,0.13058362478411054,0.07974358648061752,341,0.07974358648061752,,
2017/12/08 00:00,2017-12-08,Paradise_WA,46.783333,-121.733333,,,,,9.7,,,,,411.48,1654,,,,342,0.07974358648061752,,
2017/12/09 00:00,2017-12-09,Paradise_WA,46.783333,-121.733333,,,,,8.8,,,,,408.94,1654,,,,343,0.07974358648061752,,
2017/12/10 00:00,2017-12-10,Paradise_WA,46.783333,-121.733333,,,,,9.2,,,,,411.48,1654,,,,344,0.0,,
2017/12/11 00:00,2017-12-11,Paradise_WA,46.783333,-121.733333,,,,,11.5,,,,,408.94,1654,,,,345,0.0,,
2017/12/12 00:00,2017-12-12,Paradise_WA,46.783333,-121.733333,,,,,6.9,,,,,411.48,1654,,,,346,0.0,,
2017/12/13 00:00,2017-12-13,Paradise_WA,46.783333,-121.733333,,,,,5.0,,,,,414.02,1654,,,,347,0.0,,
2017/12/14 00:00,2017-12-14,Paradise_WA,46.783333,-121.733333,,,,,2.5,,,,,416.56,1654,278.4403655172414,0.022239158873452618,0.24182692170143127,348,0.24182692170143127,,
2017/12/15 00:00,2017-12-15,Paradise_WA,46.783333,-121.733333,,,,,5.9,,,,,416.56,1654,,,,349,0.24182692170143127,,
2017/12/16 00:00,2017-12-16,Paradise_WA,46.783333,-121.733333,,,,,-2.8,,,,,426.72,1654,,,,350,0.24182692170143127,,
2017/12/17 00:00,2017-12-17,Paradise_WA,46.783333,-121.733333,,,,,-3.8,,,,,441.96,1654,,,,351,0.0,,
2017/12/18 00:00,2017-12-18,Paradise_WA,46.783333,-121.733333,,,,,-0.2,,,,,464.82,1654,,,,352,0.0,,
2017/12/19 00:00,2017-12-19,Paradise_WA,46.783333,-121.733333,,,,,-2.1,,,,,495.3,1654,,,,353,0.0,,
2017/12/20 00:00,2017-12-20,Paradise_WA,46.783333,-121.733333,,,,,-3.4,,,,,551.18,1654,,,,354,0.0,,
2017/12/21 00:00,2017-12-21,Paradise_WA,46.783333,-121.733333,,,,,-6.4,,,,,568.96,1654,266.40286206896553,0.022239158873452618,0.26123395562171936,355,0.26123395562171936,,
2017/12/22 00:00,2017-12-22,Paradise_WA,46.783333,-121.733333,,,,,-6.8,,,,,568.96,1654,,,,356,0.26123395562171936,,
2017/12/23 00:00,2017-12-23,Paradise_WA,46.783333,-121.733333,,,,,-4.9,,,,,579.12,1654,,,,357,0.26123395562171936,,
2017/12/24 00:00,2017-12-24,Paradise_WA,46.783333,-121.733333,,,,,-7.9,,,,,586.74,1654,,,,358,0.0,,
2017/12/25 00:00,2017-12-25,Paradise_WA,46.783333,-121.733333,,,,,-4.2,,,,,591.82,1654,,,,359,0.0,,
2017/12/26 00:00,2017-12-26,Paradise_WA,46.783333,-121.733333,,,,,-5.8,,,,,622.3,1654,,,,360,0.0,,
2017/12/27 00:00,2017-12-27,Paradise_WA,46.783333,-121.733333,,,,,-5.4,,,,,622.3,1654,,,,361,0.0,,
2017/12/28 00:00,2017-12-28,Paradise_WA,46.783333,-121.733333,,,,,-1.0,,,,,632.46,1654,270.46312068965517,0.06803098013816927,0.5818862318992615,362,0.5818862318992615,,
2017/12/29 00:00,2017-12-29,Paradise_WA,46.783333,-121.733333,,,,,-1.3,,,,,657.86,1654,,,,363,0.5818862318992615,,
2017/12/30 00:00,2017-12-30,Paradise_WA,46.783333,-121.733333,,,,,0.4,,,,,744.22,1654,,,,364,0.5818862318992615,,
2017/12/31 00:00,2017-12-31,Paradise_WA,46.783333,-121.733333,,,,,-3.5,,,,,711.2,1654,,,,365,0.0,,
2018/01/01 00:00,2018-01-01,Paradise_WA,46.783333,-121.733333,,,,,0.0,,,,,708.66,1654,,,,1,0.0,,
2018/01/02 00:00,2018-01-02,Paradise_WA,46.783333,-121.733333,,,,,4.0,,,,,708.66,1654,,,,2,0.0,,
2018/01/03 00:00,2018-01-03,Paradise_WA,46.783333,-121.733333,,,,,7.6,,,,,708.66,1654,,,,3,0.0,,
2018/01/04 00:00,2018-01-04,Paradise_WA,46.783333,-121.733333,,,,,5.0,,,,,711.2,1654,274.5233793103448,0.06803098013816927,0.5974631309509277,4,0.5974631309509277,,
2018/01/05 00:00,2018-01-05,Paradise_WA,46.783333,-121.733333,,,,,5.4,,,,,711.2,1654,,,,5,0.5974631309509277,,
2018/01/06 00:00,2018-01-06,Paradise_WA,46.783333,-121.733333,,,,,1.6,,,,,726.44,1654,,,,6,0.5974631309509277,,
2018/01/07 00:00,2018-01-07,Paradise_WA,46.783333,-121.733333,,,,,-2.8,,,,,718.82,1654,,,,7,0.0,,
2018/01/08 00:00,2018-01-08,Paradise_WA,46.783333,-121.733333,,,,,-0.6,,,,,739.14,1654,,,,8,0.0,,
2018/01/09 00:00,2018-01-09,Paradise_WA,46.783333,-121.733333,,,,,0.8,,,,,746.76,1654,,,,9,0.0,,
2018/01/10 00:00,2018-01-10,Paradise_WA,46.783333,-121.733333,,,,,-3.4,,,,,756.92,1654,,,,10,0.0,,
2018/01/11 00:00,2018-01-11,Paradise_WA,46.783333,-121.733333,,,,,-3.0,,,,,762.0,1654,275.3957413793104,0.0005735373488773746,0.3122275471687317,11,0.3122275471687317,,
2018/01/12 00:00,2018-01-12,Paradise_WA,46.783333,-121.733333,,,,,-0.3,,,,,820.42,1654,,,,12,0.3122275471687317,,
2018/01/13 00:00,2018-01-13,Paradise_WA,46.783333,-121.733333,,,,,-0.1,,,,,843.28,1654,,,,13,0.3122275471687317,,
2018/01/14 00:00,2018-01-14,Paradise_WA,46.783333,-121.733333,,,,,5.1,,,,,855.98,1654,,,,14,0.0,,
2018/01/15 00:00,2018-01-15,Paradise_WA,46.783333,-121.733333,,,,,7.7,,,,,848.36,1654,,,,15,0.0,,
2018/01/16 00:00,2018-01-16,Paradise_WA,46.783333,-121.733333,,,,,3.5,,,,,845.82,1654,,,,16,0.0,,
2018/01/17 00:00,2018-01-17,Paradise_WA,46.783333,-121.733333,,,,,-0.1,,,,,855.98,1654,,,,17,0.0,,
2018/01/18 00:00,2018-01-18,Paradise_WA,46.783333,-121.733333,,,,,4.4,,,,,855.98,1654,275.3957413793104,0.0005735373488773746,0.3513942360877991,18,0.3513942360877991,,
2018/01/19 00:00,2018-01-19,Paradise_WA,46.783333,-121.733333,,,,,-2.7,,,,,878.84,1654,,,,19,0.3513942360877991,,
2018/01/20 00:00,2018-01-20,Paradise_WA,46.783333,-121.733333,,,,,-3.9,,,,,876.3,1654,,,,20,0.3513942360877991,,
2018/01/21 00:00,2018-01-21,Paradise_WA,46.783333,-121.733333,,,,,-3.0,,,,,899.16,1654,,,,21,0.0,,
2018/01/22 00:00,2018-01-22,Paradise_WA,46.783333,-121.733333,,,,,-3.1,,,,,914.4,1654,,,,22,0.0,,
2018/01/23 00:00,2018-01-23,Paradise_WA,46.783333,-121.733333,,,,,-4.0,,,,,934.72,1654,,,,23,0.0,,
2018/01/24 00:00,2018-01-24,Paradise_WA,46.783333,-121.733333,,,,,-1.0,,,,,962.66,1654,,,,24,0.0,,
2018/01/25 00:00,2018-01-25,Paradise_WA,46.783333,-121.733333,,,,,-1.4,,,,,993.14,1654,,,0.5190384387969971,25,0.5190384387969971,,
2018/01/26 00:00,2018-01-26,Paradise_WA,46.783333,-121.733333,,,,,-5.2,,,,,1003.3,1654,,,,26,0.5190384387969971,,
2018/01/27 00:00,2018-01-27,Paradise_WA,46.783333,-121.733333,,,,,-4.2,,,,,1031.24,1654,,,,27,0.5190384387969971,,
2018/01/28 00:00,2018-01-28,Paradise_WA,46.783333,-121.733333,,,,,-2.3,,,,,1066.8,1654,,,,28,0.0,,
2018/01/29 00:00,2018-01-29,Paradise_WA,46.783333,-121.733333,,,,,2.6,,,,,1071.88,1654,,,,29,0.0,,
2018/01/30 00:00,2018-01-30,Paradise_WA,46.783333,-121.733333,,,,,-0.6,,,,,1092.2,1654,,,,30,0.0,,
2018/01/31 00:00,2018-01-31,Paradise_WA,46.783333,-121.733333,,,,,-4.9,,,,,1140.46,1654,,,,31,0.0,,
2018/02/01 00:00,2018-02-01,Paradise_WA,46.783333,-121.733333,,,,,-4.6,,,,,1140.46,1654,270.06287931034484,0.10532493746178226,0.6197788119316101,32,0.6197788119316101,,
2018/02/02 00:00,2018-02-02,Paradise_WA,46.783333,-121.733333,,,,,0.2,,,,,1153.16,1654,,,,33,0.6197788119316101,,
2018/02/03 00:00,2018-02-03,Paradise_WA,46.783333,-121.733333,,,,,1.4,,,,,1191.26,1654,,,,34,0.6197788119316101,,
2018/02/04 00:00,2018-02-04,Paradise_WA,46.783333,-121.733333,,,,,2.2,,,,,1176.02,1654,,,,35,0.0,,
2018/02/05 00:00,2018-02-05,Paradise_WA,46.783333,-121.733333,,,,,1.7,,,,,1193.8,1654,,,,36,0.0,,
2018/02/06 00:00,2018-02-06,Paradise_WA,46.783333,-121.733333,,,,,-0.8,,,,,1160.78,1654,,,,37,0.0,,
2018/02/07 00:00,2018-02-07,Paradise_WA,46.783333,-121.733333,,,,,-0.9,,,,,1163.32,1654,,,,38,0.0,,
2018/02/08 00:00,2018-02-08,Paradise_WA,46.783333,-121.733333,,,,,2.1,,,,,1168.4,1654,269.78376465517243,0.10532493746178226,0.2653205096721649,39,0.2653205096721649,,
2018/02/09 00:00,2018-02-09,Paradise_WA,46.783333,-121.733333,,,,,0.8,,,,,1165.86,1654,,,,40,0.2653205096721649,,
2018/02/10 00:00,2018-02-10,Paradise_WA,46.783333,-121.733333,,,,,-2.9,,,,,1165.86,1654,,,,41,0.2653205096721649,,
2018/02/11 00:00,2018-02-11,Paradise_WA,46.783333,-121.733333,,,,,-2.5,,,,,1165.86,1654,,,,42,0.0,,
2018/02/12 00:00,2018-02-12,Paradise_WA,46.783333,-121.733333,,,,,-5.2,,,,,1165.86,1654,,,,43,0.0,,
2018/02/13 00:00,2018-02-13,Paradise_WA,46.783333,-121.733333,,,,,-3.5,,,,,1165.86,1654,,,,44,0.0,,
2018/02/14 00:00,2018-02-14,Paradise_WA,46.783333,-121.733333,,,,,1.4,,,,,1165.86,1654,,,,45,0.0,,
2018/02/15 00:00,2018-02-15,Paradise_WA,46.783333,-121.733333,,,,,-4.0,,,,,1196.34,1654,269.697974137931,0.029031622409326423,0.21272435784339905,46,0.21272435784339905,,
2018/02/16 00:00,2018-02-16,Paradise_WA,46.783333,-121.733333,,,,,-4.5,,,,,1198.88,1654,,,,47,0.21272435784339905,,
2018/02/17 00:00,2018-02-17,Paradise_WA,46.783333,-121.733333,,,,,-2.0,,,,,1236.98,1654,,,,48,0.21272435784339905,,
2018/02/18 00:00,2018-02-18,Paradise_WA,46.783333,-121.733333,,,,,-4.4,,,,,1290.32,1654,,,,49,0.0,,
2018/02/19 00:00,2018-02-19,Paradise_WA,46.783333,-121.733333,,,,,-6.6,,,,,1325.88,1654,,,,50,0.0,,
2018/02/20 00:00,2018-02-20,Paradise_WA,46.783333,-121.733333,,,,,-10.4,,,,,1328.42,1654,,,,51,0.0,,
2018/02/21 00:00,2018-02-21,Paradise_WA,46.783333,-121.733333,,,,,-8.8,,,,,1336.04,1654,,,,52,0.0,,
2018/02/22 00:00,2018-02-22,Paradise_WA,46.783333,-121.733333,,,,,-10.4,,,,,1338.58,1654,261.708,0.029031622409326423,0.21233974397182465,53,0.21233974397182465,,
2018/02/23 00:00,2018-02-23,Paradise_WA,46.783333,-121.733333,,,,,-9.4,,,,,1348.74,1654,,,,54,0.21233974397182465,,
2018/02/24 00:00,2018-02-24,Paradise_WA,46.783333,-121.733333,,,,,-9.8,,,,,1353.82,1654,,,,55,0.21233974397182465,,
2018/02/25 00:00,2018-02-25,Paradise_WA,46.783333,-121.733333,,,,,-6.6,,,,,1394.46,1654,,,,56,0.0,,
2018/02/26 00:00,2018-02-26,Paradise_WA,46.783333,-121.733333,,,,,-7.1,,,,,1447.8,1654,,,,57,0.0,,
2018/02/27 00:00,2018-02-27,Paradise_WA,46.783333,-121.733333,,,,,-5.9,,,,,1455.42,1654,,,,58,0.0,,
2018/02/28 00:00,2018-02-28,Paradise_WA,46.783333,-121.733333,,,,,-3.5,,,,,1463.04,1654,,,,59,0.0,,
2018/03/01 00:00,2018-03-01,Paradise_WA,46.783333,-121.733333,,,,,-3.1,,,,,1470.66,1654,269.63373563218397,0.08911934369602767,0.14245352149009705,60,0.14245352149009705,,
2018/03/02 00:00,2018-03-02,Paradise_WA,46.783333,-121.733333,,,,,-4.6,,,,,1490.98,1654,,,,61,0.14245352149009705,,
2018/03/03 00:00,2018-03-03,Paradise_WA,46.783333,-121.733333,,,,,-3.8,,,,,1506.22,1654,,,,62,0.14245352149009705,,
2018/03/04 00:00,2018-03-04,Paradise_WA,46.783333,-121.733333,,,,,-3.9,,,,,1506.22,1654,,,,63,0.0,,
2018/03/05 00:00,2018-03-05,Paradise_WA,46.783333,-121.733333,,,,,-4.7,,,,,1508.76,1654,,,,64,0.0,,
2018/03/06 00:00,2018-03-06,Paradise_WA,46.783333,-121.733333,,,,,-3.9,,,,,1518.92,1654,,,,65,0.0,,
2018/03/07 00:00,2018-03-07,Paradise_WA,46.783333,-121.733333,,,,,0.1,,,,,1518.92,1654,,,,66,0.0,,
2018/03/08 00:00,2018-03-08,Paradise_WA,46.783333,-121.733333,,,,,2.2,,,,,1521.46,1654,272.8172718390805,0.08911934369602767,0.1449519246816635,67,0.1449519246816635,,
2018/03/09 00:00,2018-03-09,Paradise_WA,46.783333,-121.733333,,,,,-0.8,,,,,1541.78,1654,,,,68,0.1449519246816635,,
2018/03/10 00:00,2018-03-10,Paradise_WA,46.783333,-121.733333,,,,,-1.1,,,,,1569.72,1654,,,,69,0.1449519246816635,,
2018/03/11 00:00,2018-03-11,Paradise_WA,46.783333,-121.733333,,,,,1.7,,,,,1572.26,1654,,,,70,0.0,,
2018/03/12 00:00,2018-03-12,Paradise_WA,46.783333,-121.733333,,,,,5.5,,,,,1572.26,1654,,,,71,0.0,,
2018/03/13 00:00,2018-03-13,Paradise_WA,46.783333,-121.733333,,,,,6.1,,,,,1572.26,1654,,,,72,0.0,,
2018/03/14 00:00,2018-03-14,Paradise_WA,46.783333,-121.733333,,,,,0.0,,,,,1584.96,1654,,,,73,0.0,,
2018/03/15 00:00,2018-03-15,Paradise_WA,46.783333,-121.733333,,,,,-1.8,,,,,1597.66,1654,273.6157947454844,,0.08647435903549194,74,0.08647435903549194,,
2018/03/16 00:00,2018-03-16,Paradise_WA,46.783333,-121.733333,,,,,-0.7,,,,,1597.66,1654,,,,75,0.08647435903549194,,
2018/03/17 00:00,2018-03-17,Paradise_WA,46.783333,-121.733333,,,,,0.2,,,,,1597.66,1654,,,,76,0.08647435903549194,,
2018/03/18 00:00,2018-03-18,Paradise_WA,46.783333,-121.733333,,,,,-1.8,,,,,1602.74,1654,,,,77,0.0,,
2018/03/19 00:00,2018-03-19,Paradise_WA,46.783333,-121.733333,,,,,-0.7,,,,,1602.74,1654,,,,78,0.0,,
2018/03/20 00:00,2018-03-20,Paradise_WA,46.783333,-121.733333,,,,,1.3,,,,,1605.28,1654,,,,79,0.0,,
2018/03/21 00:00,2018-03-21,Paradise_WA,46.783333,-121.733333,,,,,3.4,,,,,1605.28,1654,,,,80,0.0,,
2018/03/22 00:00,2018-03-22,Paradise_WA,46.783333,-121.733333,,,,,1.3,,,,,1602.74,1654,272.95052586206896,0.04675958009499139,0.19399037957191467,81,0.19399037957191467,,
2018/03/23 00:00,2018-03-23,Paradise_WA,46.783333,-121.733333,,,,,-4.9,,,,,1628.14,1654,,,,82,0.19399037957191467,,
2018/03/24 00:00,2018-03-24,Paradise_WA,46.783333,-121.733333,,,,,-3.7,,,,,1643.38,1654,,,,83,0.19399037957191467,,
2018/03/25 00:00,2018-03-25,Paradise_WA,46.783333,-121.733333,,,,,-4.0,,,,,1656.08,1654,,,,84,0.0,,
2018/03/26 00:00,2018-03-26,Paradise_WA,46.783333,-121.733333,,,,,-4.1,,,,,1661.16,1654,,,,85,0.0,,
2018/03/27 00:00,2018-03-27,Paradise_WA,46.783333,-121.733333,,,,,-2.3,,,,,1681.48,1654,,,,86,0.0,,
2018/03/28 00:00,2018-03-28,Paradise_WA,46.783333,-121.733333,,,,,-0.1,,,,,1742.44,1654,,,,87,0.0,,
2018/03/29 00:00,2018-03-29,Paradise_WA,46.783333,-121.733333,,,,,-1.8,,,,,1739.9,1654,274.7756896551724,,0.23846954107284546,88,0.23846954107284546,,
2018/03/30 00:00,2018-03-30,Paradise_WA,46.783333,-121.733333,,,,,0.6,,,,,1747.52,1654,,,,89,0.23846954107284546,,
2018/03/31 00:00,2018-03-31,Paradise_WA,46.783333,-121.733333,,,,,0.5,,,,,1744.98,1654,,,,90,0.23846954107284546,,
2018/04/01 00:00,2018-04-01,Paradise_WA,46.783333,-121.733333,,,,,4.7,,,,,1742.44,1654,,,,91,0.0,,
2018/04/02 00:00,2018-04-02,Paradise_WA,46.783333,-121.733333,,,,,-3.4,,,,,1760.22,1654,,,,92,0.0,,
2018/04/03 00:00,2018-04-03,Paradise_WA,46.783333,-121.733333,,,,,-3.1,,,,,1770.38,1654,,,,93,0.0,,
2018/04/04 00:00,2018-04-04,Paradise_WA,46.783333,-121.733333,,,,,-1.2,,,,,1775.46,1654,,,,94,0.0,,
2018/04/05 00:00,2018-04-05,Paradise_WA,46.783333,-121.733333,,,,,0.5,,,,,1813.56,1654,271.16652981427177,0.03384167746113991,0.31004005670547485,95,0.31004005670547485,,
2018/04/06 00:00,2018-04-06,Paradise_WA,46.783333,-121.733333,,,,,1.2,,,,,1813.56,1654,,,,96,0.31004005670547485,,
2018/04/07 00:00,2018-04-07,Paradise_WA,46.783333,-121.733333,,,,,9.2,,,,,1811.02,1654,,,,97,0.31004005670547485,,
2018/04/08 00:00,2018-04-08,Paradise_WA,46.783333,-121.733333,,,,,-0.2,,,,,1841.5,1654,,,,98,0.0,,
2018/04/09 00:00,2018-04-09,Paradise_WA,46.783333,-121.733333,,,,,-0.8,,,,,1882.14,1654,,,,99,0.0,,
2018/04/10 00:00,2018-04-10,Paradise_WA,46.783333,-121.733333,,,,,6.4,,,,,1874.52,1654,,,,100,0.0,,
2018/04/11 00:00,2018-04-11,Paradise_WA,46.783333,-121.733333,,,,,1.0,,,,,1897.38,1654,,,,101,0.0,,
2018/04/12 00:00,2018-04-12,Paradise_WA,46.783333,-121.733333,,,,,-0.2,,,,,1894.84,1654,269.9018377321603,0.03384167746113991,0.35499998927116394,102,0.35499998927116394,,
2018/04/13 00:00,2018-04-13,Paradise_WA,46.783333,-121.733333,,,,,-2.1,,,,,1907.54,1654,,,,103,0.35499998927116394,,
2018/04/14 00:00,2018-04-14,Paradise_WA,46.783333,-121.733333,,,,,0.2,,,,,1943.1,1654,,,,104,0.35499998927116394,,
2018/04/15 00:00,2018-04-15,Paradise_WA,46.783333,-121.733333,,,,,0.3,,,,,1976.12,1654,,,,105,0.0,,
2018/04/16 00:00,2018-04-16,Paradise_WA,46.783333,-121.733333,,,,,1.3,,,,,1993.9,1654,,,,106,0.0,,
2018/04/17 00:00,2018-04-17,Paradise_WA,46.783333,-121.733333,,,,,-3.0,,,,,2029.46,1654,,,,107,0.0,,
2018/04/18 00:00,2018-04-18,Paradise_WA,46.783333,-121.733333,,,,,-1.8,,,,,2062.48,1654,,,,108,0.0,,
2018/04/19 00:00,2018-04-19,Paradise_WA,46.783333,-121.733333,,,,,1.2,,,,,2065.02,1654,276.3341836206897,0.03805643890328154,0.18141025304794312,109,0.18141025304794312,,
2018/04/20 00:00,2018-04-20,Paradise_WA,46.783333,-121.733333,,,,,3.6,,,,,2065.02,1654,,,,110,0.18141025304794312,,
2018/04/21 00:00,2018-04-21,Paradise_WA,46.783333,-121.733333,,,,,5.4,,,,,2067.56,1654,,,,111,0.18141025304794312,,
2018/04/22 00:00,2018-04-22,Paradise_WA,46.783333,-121.733333,,,,,1.3,,,,,2070.1,1654,,,,112,0.0,,
2018/04/23 00:00,2018-04-23,Paradise_WA,46.783333,-121.733333,,,,,4.8,,,,,2067.56,1654,,,,113,0.0,,
2018/04/24 00:00,2018-04-24,Paradise_WA,46.783333,-121.733333,,,,,9.1,,,,,2067.56,1654,,,,114,0.0,,
2018/04/25 00:00,2018-04-25,Paradise_WA,46.783333,-121.733333,,,,,11.6,,,,,2082.8,1654,,,,115,0.0,,
2018/04/26 00:00,2018-04-26,Paradise_WA,46.783333,-121.733333,,,,,15.1,,,,,2090.42,1654,277.08602914614124,0.03805643890328154,0.06069711595773697,116,0.06069711595773697,,
2018/04/27 00:00,2018-04-27,Paradise_WA,46.783333,-121.733333,,,,,17.5,,,,,2092.96,1654,,,,117,0.06069711595773697,,
2018/04/28 00:00,2018-04-28,Paradise_WA,46.783333,-121.733333,,,,,2.9,,,,,2067.56,1654,,,,118,0.06069711595773697,,
2018/04/29 00:00,2018-04-29,Paradise_WA,46.783333,-121.733333,,,,,1.5,,,,,2049.78,1654,,,,119,0.0,,
2018/04/30 00:00,2018-04-30,Paradise_WA,46.783333,-121.733333,,,,,2.1,,,,,2039.62,1654,,,,120,0.0,,
2018/05/01 00:00,2018-05-01,Paradise_WA,46.783333,-121.733333,,,,,1.1,,,,,2037.08,1654,,,,121,0.0,,
2018/05/02 00:00,2018-05-02,Paradise_WA,46.783333,-121.733333,,,,,3.2,,,,,2037.08,1654,,,,122,0.0,,
2018/05/03 00:00,2018-05-03,Paradise_WA,46.783333,-121.733333,,,,,10.2,,,,,2034.54,1654,279.70621350574714,0.06689081390328154,0.11558493226766586,123,0.11558493226766586,,
2018/05/04 00:00,2018-05-04,Paradise_WA,46.783333,-121.733333,,,,,12.4,,,,,2032.0,1654,,,,124,0.11558493226766586,,
2018/05/05 00:00,2018-05-05,Paradise_WA,46.783333,-121.733333,,,,,9.7,,,,,2016.76,1654,,,,125,0.11558493226766586,,
2018/05/06 00:00,2018-05-06,Paradise_WA,46.783333,-121.733333,,,,,11.7,,,,,1993.9,1654,,,,126,0.0,,
2018/05/07 00:00,2018-05-07,Paradise_WA,46.783333,-121.733333,,,,,7.8,,,,,1965.96,1654,,,,127,0.0,,
2018/05/08 00:00,2018-05-08,Paradise_WA,46.783333,-121.733333,,,,,12.4,,,,,1950.72,1654,,,,128,0.0,,
2018/05/09 00:00,2018-05-09,Paradise_WA,46.783333,-121.733333,,,,,9.8,,,,,1935.48,1654,,,,129,0.0,,
2018/05/10 00:00,2018-05-10,Paradise_WA,46.783333,-121.733333,,,,,4.0,,,,,1915.16,1654,285.10228226600987,0.06689081390328154,0.11075320094823837,130,0.11075320094823837,,
2018/05/11 00:00,2018-05-11,Paradise_WA,46.783333,-121.733333,,,,,1.7,,,,,1902.46,1654,,,,131,0.11075320094823837,,
2018/05/12 00:00,2018-05-12,Paradise_WA,46.783333,-121.733333,,,,,5.0,,,,,1889.76,1654,,,,132,0.11075320094823837,,
2018/05/13 00:00,2018-05-13,Paradise_WA,46.783333,-121.733333,,,,,13.8,,,,,1874.52,1654,,,,133,0.0,,
2018/05/14 00:00,2018-05-14,Paradise_WA,46.783333,-121.733333,,,,,17.9,,,,,1851.66,1654,,,,134,0.0,,
2018/05/15 00:00,2018-05-15,Paradise_WA,46.783333,-121.733333,,,,,19.0,,,,,1828.8,1654,,,,135,0.0,,
2018/05/16 00:00,2018-05-16,Paradise_WA,46.783333,-121.733333,,,,,16.5,,,,,1798.32,1654,,,,136,0.0,,
2018/05/17 00:00,2018-05-17,Paradise_WA,46.783333,-121.733333,,,,,7.4,,,,,1767.84,1654,285.46336564039404,,0.05378204956650734,137,0.05378204956650734,,
2018/05/18 00:00,2018-05-18,Paradise_WA,46.783333,-121.733333,,,,,5.9,,,,,1750.06,1654,,,,138,0.05378204956650734,,
2018/05/19 00:00,2018-05-19,Paradise_WA,46.783333,-121.733333,,,,,7.1,,,,,1734.82,1654,,,,139,0.05378204956650734,,
2018/05/20 00:00,2018-05-20,Paradise_WA,46.783333,-121.733333,,,,,7.5,,,,,1719.58,1654,,,,140,0.0,,
2018/05/21 00:00,2018-05-21,Paradise_WA,46.783333,-121.733333,,,,,5.6,,,,,1701.8,1654,,,,141,0.0,,
2018/05/22 00:00,2018-05-22,Paradise_WA,46.783333,-121.733333,,,,,12.6,,,,,1678.94,1654,,,,142,0.0,,
2018/05/23 00:00,2018-05-23,Paradise_WA,46.783333,-121.733333,,,,,18.8,,,,,1648.46,1654,,,,143,0.0,,
2018/05/24 00:00,2018-05-24,Paradise_WA,46.783333,-121.733333,,,,,7.2,,,,,1658.62,1654,284.1095445402299,0.10206505289291885,0.03490384668111801,144,0.03490384668111801,,
2018/05/25 00:00,2018-05-25,Paradise_WA,46.783333,-121.733333,,,,,14.4,,,,,1582.42,1654,,,,145,0.03490384668111801,,
2018/05/26 00:00,2018-05-26,Paradise_WA,46.783333,-121.733333,,,,,6.1,,,,,1559.56,1654,,,,146,0.03490384668111801,,
2018/05/27 00:00,2018-05-27,Paradise_WA,46.783333,-121.733333,,,,,3.6,,,,,1541.78,1654,,,,147,0.0,,
2018/05/28 00:00,2018-05-28,Paradise_WA,46.783333,-121.733333,,,,,14.4,,,,,1513.84,1654,,,,148,0.0,,
2018/05/29 00:00,2018-05-29,Paradise_WA,46.783333,-121.733333,,,,,8.5,,,,,1493.52,1654,,,,149,0.0,,
2018/05/30 00:00,2018-05-30,Paradise_WA,46.783333,-121.733333,,,,,3.0,,,,,1480.82,1654,,,,150,0.0,,
2018/05/31 00:00,2018-05-31,Paradise_WA,46.783333,-121.733333,,,,,8.4,,,,,1460.5,1654,288.23285545023697,0.10206505289291885,0.02302243560552597,151,0.02302243560552597,,
2018/06/01 00:00,2018-06-01,Paradise_WA,46.783333,-121.733333,,,,,4.2,,,,,1455.42,1654,,,,152,0.02302243560552597,,
2018/06/02 00:00,2018-06-02,Paradise_WA,46.783333,-121.733333,,,,,9.0,,,,,1437.64,1654,,,,153,0.02302243560552597,,
2018/06/03 00:00,2018-06-03,Paradise_WA,46.783333,-121.733333,,,,,15.9,,,,,1407.16,1654,,,,154,0.0,,
2018/06/04 00:00,2018-06-04,Paradise_WA,46.783333,-121.733333,,,,,9.0,,,,,1381.76,1654,,,,155,0.0,,
2018/06/05 00:00,2018-06-05,Paradise_WA,46.783333,-121.733333,,,,,4.5,,,,,1358.9,1654,,,,156,0.0,,
2018/06/06 00:00,2018-06-06,Paradise_WA,46.783333,-121.733333,,,,,9.7,,,,,1336.04,1654,,,,157,0.0,,
2018/06/07 00:00,2018-06-07,Paradise_WA,46.783333,-121.733333,,,,,14.9,,,,,1308.1,1654,289.0448513674197,0.20272534002590678,0.05190064013004303,158,0.05190064013004303,,
2018/06/08 00:00,2018-06-08,Paradise_WA,46.783333,-121.733333,,,,,11.9,,,,,1275.08,1654,,,,159,0.05190064013004303,,
2018/06/09 00:00,2018-06-09,Paradise_WA,46.783333,-121.733333,,,,,8.9,,,,,1244.6,1654,,,,160,0.05190064013004303,,
2018/06/10 00:00,2018-06-10,Paradise_WA,46.783333,-121.733333,,,,,1.1,,,,,1226.82,1654,,,,161,0.0,,
2018/06/11 00:00,2018-06-11,Paradise_WA,46.783333,-121.733333,,,,,0.3,,,,,1226.82,1654,,,,162,0.0,,
2018/06/12 00:00,2018-06-12,Paradise_WA,46.783333,-121.733333,,,,,8.5,,,,,1221.74,1654,,,,163,0.0,,
2018/06/13 00:00,2018-06-13,Paradise_WA,46.783333,-121.733333,,,,,13.2,,,,,1209.04,1654,,,,164,0.0,,
2018/06/14 00:00,2018-06-14,Paradise_WA,46.783333,-121.733333,,,,,3.9,,,,,1191.26,1654,285.7909090909091,0.20272534002590678,0.05036858841776848,165,0.05036858841776848,,
2018/06/15 00:00,2018-06-15,Paradise_WA,46.783333,-121.733333,,,,,4.7,,,,,1165.86,1654,,,,166,0.05036858841776848,,
2018/06/16 00:00,2018-06-16,Paradise_WA,46.783333,-121.733333,,,,,8.0,,,,,1143.0,1654,,,,167,0.05036858841776848,,
2018/06/17 00:00,2018-06-17,Paradise_WA,46.783333,-121.733333,,,,,10.1,,,,,1117.6,1654,,,,168,0.0,,
2018/06/18 00:00,2018-06-18,Paradise_WA,46.783333,-121.733333,,,,,13.1,,,,,1064.26,1654,,,,169,0.0,,
2018/06/19 00:00,2018-06-19,Paradise_WA,46.783333,-121.733333,,,,,18.8,,,,,1021.08,1654,,,,170,0.0,,
2018/06/20 00:00,2018-06-20,Paradise_WA,46.783333,-121.733333,,,,,19.9,,,,,975.36,1654,,,,171,0.0,,
2018/06/21 00:00,2018-06-21,Paradise_WA,46.783333,-121.733333,,,,,12.8,,,,,919.48,1654,289.3947025862069,0.3589306023316064,0.0676121786236763,172,0.0676121786236763,,
2018/06/22 00:00,2018-06-22,Paradise_WA,46.783333,-121.733333,,,,,12.8,,,,,881.38,1654,,,,173,0.0676121786236763,,
2018/06/23 00:00,2018-06-23,Paradise_WA,46.783333,-121.733333,,,,,12.0,,,,,848.36,1654,,,,174,0.0676121786236763,,
2018/06/24 00:00,2018-06-24,Paradise_WA,46.783333,-121.733333,,,,,8.5,,,,,812.8,1654,,,,175,0.0,,
2018/06/25 00:00,2018-06-25,Paradise_WA,46.783333,-121.733333,,,,,21.5,,,,,762.0,1654,,,,176,0.0,,
2018/06/26 00:00,2018-06-26,Paradise_WA,46.783333,-121.733333,,,,,4.7,,,,,723.9,1654,,,,177,0.0,,
2018/06/27 00:00,2018-06-27,Paradise_WA,46.783333,-121.733333,,,,,11.0,,,,,680.72,1654,,,,178,0.0,,
2018/06/28 00:00,2018-06-28,Paradise_WA,46.783333,-121.733333,,,,,10.2,,,,,640.08,1654,288.55677959770117,0.3589306023316064,0.050621792674064636,179,0.050621792674064636,,
2018/06/29 00:00,2018-06-29,Paradise_WA,46.783333,-121.733333,,,,,4.9,,,,,619.76,1654,,,,180,0.050621792674064636,,
2018/06/30 00:00,2018-06-30,Paradise_WA,46.783333,-121.733333,,,,,11.6,,,,,589.28,1654,,,,181,0.050621792674064636,,
2018/07/01 00:00,2018-07-01,Paradise_WA,46.783333,-121.733333,,,,,7.6,,,,,563.88,1654,,,,182,0.0,,
2018/07/02 00:00,2018-07-02,Paradise_WA,46.783333,-121.733333,,,,,10.7,,,,,523.24,1654,,,,183,0.0,,
2018/07/03 00:00,2018-07-03,Paradise_WA,46.783333,-121.733333,,,,,5.6,,,,,490.22,1654,,,,184,0.0,,
2018/07/04 00:00,2018-07-04,Paradise_WA,46.783333,-121.733333,,,,,13.8,,,,,449.58,1654,,,,185,0.0,,
2018/07/05 00:00,2018-07-05,Paradise_WA,46.783333,-121.733333,,,,,13.4,,,,,403.86,1654,291.9783323891625,,0.03828205168247223,186,0.03828205168247223,,
2018/07/06 00:00,2018-07-06,Paradise_WA,46.783333,-121.733333,,,,,19.4,,,,,335.28,1654,,,,187,0.03828205168247223,,
2018/07/07 00:00,2018-07-07,Paradise_WA,46.783333,-121.733333,,,,,13.0,,,,,284.48,1654,,,,188,0.03828205168247223,,
2018/07/08 00:00,2018-07-08,Paradise_WA,46.783333,-121.733333,,,,,14.6,,,,,241.3,1654,,,,189,0.0,,
2018/07/09 00:00,2018-07-09,Paradise_WA,46.783333,-121.733333,,,,,19.0,,,,,187.96,1654,,,,190,0.0,,
2018/07/10 00:00,2018-07-10,Paradise_WA,46.783333,-121.733333,,,,,13.8,,,,,106.68,1654,,,,191,0.0,,
2018/07/11 00:00,2018-07-11,Paradise_WA,46.783333,-121.733333,,,,,9.7,,,,,66.04,1654,,,,192,0.0,,
2018/07/12 00:00,2018-07-12,Paradise_WA,46.783333,-121.733333,,,,,19.2,,,,,15.24,1654,295.9337463949844,0.7380373164939553,0.016730768606066704,193,0.016730768606066704,,
2018/07/13 00:00,2018-07-13,Paradise_WA,46.783333,-121.733333,,,,,23.0,,,,,,1654,,,,194,0.016730768606066704,,
2018/07/14 00:00,2018-07-14,Paradise_WA,46.783333,-121.733333,,,,,22.1,,,,,,1654,,,,195,0.016730768606066704,,
2018/07/15 00:00,2018-07-15,Paradise_WA,46.783333,-121.733333,,,,,23.0,,,,,,1654,,,,196,0.0,,
2018/07/16 00:00,2018-07-16,Paradise_WA,46.783333,-121.733333,,,,,25.2,,,,,,1654,,,,197,0.0,,
2018/07/17 00:00,2018-07-17,Paradise_WA,46.783333,-121.733333,,,,,24.2,,,,,,1654,,,,198,0.0,,
2018/07/18 00:00,2018-07-18,Paradise_WA,46.783333,-121.733333,,,,,22.2,,,,,,1654,,,,199,0.0,,
2018/07/19 00:00,2018-07-19,Paradise_WA,46.783333,-121.733333,,,,,16.0,,,,,,1654,297.2335551201672,,0.014567307196557522,200,0.014567307196557522,,
2018/07/20 00:00,2018-07-20,Paradise_WA,46.783333,-121.733333,,,,,10.9,,,,,,1654,,,,201,0.014567307196557522,,
2018/07/21 00:00,2018-07-21,Paradise_WA,46.783333,-121.733333,,,,,13.8,,,,,,1654,,,,202,0.014567307196557522,,
2018/07/22 00:00,2018-07-22,Paradise_WA,46.783333,-121.733333,,,,,14.9,,,,,,1654,,,,203,0.0,,
2018/07/23 00:00,2018-07-23,Paradise_WA,46.783333,-121.733333,,,,,22.1,,,,,,1654,,,,204,0.0,,
2018/07/24 00:00,2018-07-24,Paradise_WA,46.783333,-121.733333,,,,,23.1,,,,,,1654,,,,205,0.0,,
2018/07/25 00:00,2018-07-25,Paradise_WA,46.783333,-121.733333,,,,,22.7,,,,,,1654,,,,206,0.0,,
2018/07/26 00:00,2018-07-26,Paradise_WA,46.783333,-121.733333,,,,,23.2,,,,,,1654,297.6880233803552,0.7358884822970642,0.01239423081278801,207,0.01239423081278801,,
2018/07/27 00:00,2018-07-27,Paradise_WA,46.783333,-121.733333,,,,,23.1,,,,,,1654,,,,208,0.01239423081278801,,
2018/07/28 00:00,2018-07-28,Paradise_WA,46.783333,-121.733333,,,,,22.0,,,,,,1654,,,,209,0.01239423081278801,,
2018/07/29 00:00,2018-07-29,Paradise_WA,46.783333,-121.733333,,,,,22.6,,,,,,1654,,,,210,0.0,,
2018/07/30 00:00,2018-07-30,Paradise_WA,46.783333,-121.733333,,,,,25.0,,,,,,1654,,,,211,0.0,,
2018/07/31 00:00,2018-07-31,Paradise_WA,46.783333,-121.733333,,,,,23.6,,,,,,1654,,,,212,0.0,,
2018/08/01 00:00,2018-08-01,Paradise_WA,46.783333,-121.733333,,,,,21.3,,,,,,1654,,,,213,0.0,,
2018/08/02 00:00,2018-08-02,Paradise_WA,46.783333,-121.733333,,,,,19.0,,,,,,1654,298.28863272378965,0.7358884822970642,0.02438141033053398,214,0.02438141033053398,,
2018/08/03 00:00,2018-08-03,Paradise_WA,46.783333,-121.733333,,,,,14.7,,,,,,1654,,,,215,0.02438141033053398,,
2018/08/04 00:00,2018-08-04,Paradise_WA,46.783333,-121.733333,,,,,8.0,,,,,-2.54,1654,,,,216,0.02438141033053398,,
2018/08/05 00:00,2018-08-05,Paradise_WA,46.783333,-121.733333,,,,,16.6,,,,,,1654,,,,217,0.0,,
2018/08/06 00:00,2018-08-06,Paradise_WA,46.783333,-121.733333,,,,,20.9,,,,,,1654,,,,218,0.0,,
2018/08/07 00:00,2018-08-07,Paradise_WA,46.783333,-121.733333,,,,,22.8,,,,,,1654,,,,219,0.0,,
2018/08/08 00:00,2018-08-08,Paradise_WA,46.783333,-121.733333,,,,,24.5,,,,,,1654,,,,220,0.0,,
2018/08/09 00:00,2018-08-09,Paradise_WA,46.783333,-121.733333,,,,,25.1,,,,,,1654,297.7890647509579,0.7290613827720207,0.03759615123271942,221,0.03759615123271942,,
2018/08/10 00:00,2018-08-10,Paradise_WA,46.783333,-121.733333,,,,,25.0,,,,,,1654,,,,222,0.03759615123271942,,
2018/08/11 00:00,2018-08-11,Paradise_WA,46.783333,-121.733333,,,,,23.0,,,,,,1654,,,,223,0.03759615123271942,,
2018/08/12 00:00,2018-08-12,Paradise_WA,46.783333,-121.733333,,,,,10.9,,,,,-10.16,1654,,,,224,0.0,,
2018/08/13 00:00,2018-08-13,Paradise_WA,46.783333,-121.733333,,,,,13.9,,,,,,1654,,,,225,0.0,,
2018/08/14 00:00,2018-08-14,Paradise_WA,46.783333,-121.733333,,,,,20.0,,,,,,1654,,,,226,0.0,,
2018/08/15 00:00,2018-08-15,Paradise_WA,46.783333,-121.733333,,,,,23.5,,,,,,1654,,,,227,0.0,,
2018/08/16 00:00,2018-08-16,Paradise_WA,46.783333,-121.733333,,,,,22.8,,,,,,1654,295.8227908568443,0.7290613827720207,0.029535256326198578,228,0.029535256326198578,,
2018/08/17 00:00,2018-08-17,Paradise_WA,46.783333,-121.733333,,,,,17.8,,,,,,1654,,,,229,0.029535256326198578,,
2018/08/18 00:00,2018-08-18,Paradise_WA,46.783333,-121.733333,,,,,15.2,,,,,-12.7,1654,,,,230,0.029535256326198578,,
2018/08/19 00:00,2018-08-19,Paradise_WA,46.783333,-121.733333,,,,,18.2,,,,,-12.7,1654,,,,231,0.0,,
2018/08/20 00:00,2018-08-20,Paradise_WA,46.783333,-121.733333,,,,,17.3,,,,,-12.7,1654,,,,232,0.0,,
2018/08/21 00:00,2018-08-21,Paradise_WA,46.783333,-121.733333,,,,,17.9,,,,,-12.7,1654,,,,233,0.0,,
2018/08/22 00:00,2018-08-22,Paradise_WA,46.783333,-121.733333,,,,,21.7,,,,,-12.7,1654,,,,234,0.0,,
2018/08/23 00:00,2018-08-23,Paradise_WA,46.783333,-121.733333,,,,,21.2,,,,,,1654,294.15393534482763,0.7652983484455963,0.04275640845298767,235,0.04275640845298767,,
2018/08/24 00:00,2018-08-24,Paradise_WA,46.783333,-121.733333,,,,,12.7,,,,,-7.62,1654,,,,236,0.04275640845298767,,
2018/08/25 00:00,2018-08-25,Paradise_WA,46.783333,-121.733333,,,,,6.1,,,,,-2.54,1654,,,,237,0.04275640845298767,,
2018/08/26 00:00,2018-08-26,Paradise_WA,46.783333,-121.733333,,,,,6.1,,,,,-2.54,1654,,,,238,0.0,,
2018/08/27 00:00,2018-08-27,Paradise_WA,46.783333,-121.733333,,,,,6.0,,,,,0.0,1654,,,,239,0.0,,
2018/08/28 00:00,2018-08-28,Paradise_WA,46.783333,-121.733333,,,,,10.4,,,,,-7.62,1654,,,,240,0.0,,
2018/08/29 00:00,2018-08-29,Paradise_WA,46.783333,-121.733333,,,,,17.7,,,,,-10.16,1654,,,,241,0.0,,
2018/08/30 00:00,2018-08-30,Paradise_WA,46.783333,-121.733333,,,,,15.3,,,,,-10.16,1654,291.72089655172414,0.7652983484455963,0.041363779455423355,242,0.041363779455423355,,
2018/08/31 00:00,2018-08-31,Paradise_WA,46.783333,-121.733333,,,,,10.9,,,,,-7.62,1654,,,,243,0.041363779455423355,,
2018/09/01 00:00,2018-09-01,Paradise_WA,46.783333,-121.733333,,,,,8.9,,,,,-5.08,1654,,,,244,0.041363779455423355,,
2018/09/02 00:00,2018-09-02,Paradise_WA,46.783333,-121.733333,,,,,8.4,,,,,-7.62,1654,,,,245,0.0,,
2018/09/03 00:00,2018-09-03,Paradise_WA,46.783333,-121.733333,,,,,13.8,,,,,-7.62,1654,,,,246,0.0,,
2018/09/04 00:00,2018-09-04,Paradise_WA,46.783333,-121.733333,,,,,12.2,,,,,-7.62,1654,,,,247,0.0,,
2018/09/05 00:00,2018-09-05,Paradise_WA,46.783333,-121.733333,,,,,15.2,,,,,-7.62,1654,,,,248,0.0,,
2018/09/06 00:00,2018-09-06,Paradise_WA,46.783333,-121.733333,,,,,19.4,,,,,-12.7,1654,293.02471149425287,,0.0651458352804184,249,0.0651458352804184,,
2018/09/07 00:00,2018-09-07,Paradise_WA,46.783333,-121.733333,,,,,19.0,,,,,-10.16,1654,,,,250,0.0651458352804184,,
2018/09/08 00:00,2018-09-08,Paradise_WA,46.783333,-121.733333,,,,,16.7,,,,,-12.7,1654,,,,251,0.0651458352804184,,
2018/09/09 00:00,2018-09-09,Paradise_WA,46.783333,-121.733333,,,,,10.5,,,,,-5.08,1654,,,,252,0.0,,
2018/09/10 00:00,2018-09-10,Paradise_WA,46.783333,-121.733333,,,,,12.3,,,,,-5.08,1654,,,,253,0.0,,
2018/09/11 00:00,2018-09-11,Paradise_WA,46.783333,-121.733333,,,,,6.1,,,,,-2.54,1654,,,,254,0.0,,
2018/09/12 00:00,2018-09-12,Paradise_WA,46.783333,-121.733333,,,,,4.8,,,,,0.0,1654,,,,255,0.0,,
2018/09/13 00:00,2018-09-13,Paradise_WA,46.783333,-121.733333,,,,,5.0,,,,,0.0,1654,285.5699103448276,0.7388055753454231,0.08274038136005402,256,0.08274038136005402,,
2018/09/14 00:00,2018-09-14,Paradise_WA,46.783333,-121.733333,,,,,6.0,,,,,0.0,1654,,,,257,0.08274038136005402,,
2018/09/15 00:00,2018-09-15,Paradise_WA,46.783333,-121.733333,,,,,7.5,,,,,0.0,1654,,,,258,0.08274038136005402,,
2018/09/16 00:00,2018-09-16,Paradise_WA,46.783333,-121.733333,,,,,4.7,,,,,2.54,1654,,,,259,0.0,,
2018/09/17 00:00,2018-09-17,Paradise_WA,46.783333,-121.733333,,,,,4.4,,,,,2.54,1654,,,,260,0.0,,
2018/09/18 00:00,2018-09-18,Paradise_WA,46.783333,-121.733333,,,,,7.5,,,,,2.54,1654,,,,261,0.0,,
2018/09/19 00:00,2018-09-19,Paradise_WA,46.783333,-121.733333,,,,,9.5,,,,,-2.54,1654,,,,262,0.0,,
2018/09/20 00:00,2018-09-20,Paradise_WA,46.783333,-121.733333,,,,,8.9,,,,,10.16,1654,285.5034022988506,0.7388055753454231,0.08508012443780899,263,0.08508012443780899,,
2018/09/21 00:00,2018-09-21,Paradise_WA,46.783333,-121.733333,,,,,7.1,,,,,-2.54,1654,,,,264,0.08508012443780899,,
2018/09/22 00:00,2018-09-22,Paradise_WA,46.783333,-121.733333,,,,,11.8,,,,,-7.62,1654,,,,265,0.08508012443780899,,
2018/09/23 00:00,2018-09-23,Paradise_WA,46.783333,-121.733333,,,,,5.6,,,,,-2.54,1654,,,,266,0.0,,
2018/09/24 00:00,2018-09-24,Paradise_WA,46.783333,-121.733333,,,,,3.2,,,,,0.0,1654,,,,267,0.0,,
2018/09/25 00:00,2018-09-25,Paradise_WA,46.783333,-121.733333,,,,,8.8,,,,,-5.08,1654,,,,268,0.0,,
2018/09/26 00:00,2018-09-26,Paradise_WA,46.783333,-121.733333,,,,,12.8,,,,,-5.08,1654,,,,269,0.0,,
2018/09/27 00:00,2018-09-27,Paradise_WA,46.783333,-121.733333,,,,,15.6,,,,,-7.62,1654,289.6680103448276,0.6379896534974094,0.10267788171768188,270,0.10267788171768188,,
2018/09/28 00:00,2018-09-28,Paradise_WA,46.783333,-121.733333,,,,,17.2,,,,,-10.16,1654,,,,271,0.10267788171768188,,
2018/09/29 00:00,2018-09-29,Paradise_WA,46.783333,-121.733333,,,,,16.4,,,,,-10.16,1654,,,,272,0.10267788171768188,,
2018/09/30 00:00,2018-09-30,Paradise_WA,46.783333,-121.733333,,,,,9.4,,,,,-7.62,1654,,,,273,0.0,,
2018/10/01 00:00,2018-10-01,Paradise_WA,46.783333,-121.733333,,,,,6.1,,,,,-2.54,1654,,,,274,0.0,,
2018/10/02 00:00,2018-10-02,Paradise_WA,46.783333,-121.733333,,,,,7.1,,,,,-5.08,1654,,,,275,0.0,,
2018/10/03 00:00,2018-10-03,Paradise_WA,46.783333,-121.733333,,,,,2.1,,,,,-2.54,1654,,,,276,0.0,,
2018/10/04 00:00,2018-10-04,Paradise_WA,46.783333,-121.733333,,,,,5.5,,,,,-2.54,1654,290.51653448275863,0.6379896534974094,0.15844711661338806,277,0.15844711661338806,,
2018/10/05 00:00,2018-10-05,Paradise_WA,46.783333,-121.733333,,,,,3.3,,,,,-2.54,1654,,,,278,0.15844711661338806,,
2018/10/06 00:00,2018-10-06,Paradise_WA,46.783333,-121.733333,,,,,0.4,,,,,12.7,1654,,,,279,0.15844711661338806,,
2018/10/07 00:00,2018-10-07,Paradise_WA,46.783333,-121.733333,,,,,1.8,,,,,2.54,1654,,,,280,0.0,,
2018/10/08 00:00,2018-10-08,Paradise_WA,46.783333,-121.733333,,,,,4.5,,,,,0.0,1654,,,,281,0.0,,
2018/10/09 00:00,2018-10-09,Paradise_WA,46.783333,-121.733333,,,,,5.5,,,,,0.0,1654,,,,282,0.0,,
2018/10/10 00:00,2018-10-10,Paradise_WA,46.783333,-121.733333,,,,,3.6,,,,,0.0,1654,,,,283,0.0,,
2018/10/11 00:00,2018-10-11,Paradise_WA,46.783333,-121.733333,,,,,4.1,,,,,-2.54,1654,285.52886206896557,0.6380338460708119,0.11560897529125214,284,0.11560897529125214,,
2018/10/12 00:00,2018-10-12,Paradise_WA,46.783333,-121.733333,,,,,7.1,,,,,-2.54,1654,,,,285,0.11560897529125214,,
2018/10/13 00:00,2018-10-13,Paradise_WA,46.783333,-121.733333,,,,,8.0,,,,,-2.54,1654,,,,286,0.11560897529125214,,
2018/10/14 00:00,2018-10-14,Paradise_WA,46.783333,-121.733333,,,,,5.6,,,,,0.0,1654,,,,287,0.0,,
2018/10/15 00:00,2018-10-15,Paradise_WA,46.783333,-121.733333,,,,,8.0,,,,,2.54,1654,,,,288,0.0,,
2018/10/16 00:00,2018-10-16,Paradise_WA,46.783333,-121.733333,,,,,14.1,,,,,-5.08,1654,,,,289,0.0,,
2018/10/17 00:00,2018-10-17,Paradise_WA,46.783333,-121.733333,,,,,14.4,,,,,-5.08,1654,,,,290,0.0,,
2018/10/18 00:00,2018-10-18,Paradise_WA,46.783333,-121.733333,,,,,13.8,,,,,-5.08,1654,287.9536285266458,0.6380338460708119,0.015496794134378433,291,0.015496794134378433,,
2018/10/19 00:00,2018-10-19,Paradise_WA,46.783333,-121.733333,,,,,11.8,,,,,-2.54,1654,,,,292,0.015496794134378433,,
2018/10/20 00:00,2018-10-20,Paradise_WA,46.783333,-121.733333,,,,,15.4,,,,,-5.08,1654,,,,293,0.015496794134378433,,
2018/10/21 00:00,2018-10-21,Paradise_WA,46.783333,-121.733333,,,,,15.9,,,,,-5.08,1654,,,,294,0.0,,
2018/10/22 00:00,2018-10-22,Paradise_WA,46.783333,-121.733333,,,,,12.8,,,,,-2.54,1654,,,,295,0.0,,
2018/10/23 00:00,2018-10-23,Paradise_WA,46.783333,-121.733333,,,,,14.4,,,,,-2.54,1654,,,,296,0.0,,
2018/10/24 00:00,2018-10-24,Paradise_WA,46.783333,-121.733333,,,,,7.8,,,,,-2.54,1654,,,,297,0.0,,
2018/10/25 00:00,2018-10-25,Paradise_WA,46.783333,-121.733333,,,,,4.5,,,,,0.0,1654,288.88076551724134,,0.3440704941749573,298,0.3440704941749573,,
2018/10/26 00:00,2018-10-26,Paradise_WA,46.783333,-121.733333,,,,,5.9,,,,,0.0,1654,,,,299,0.3440704941749573,,
2018/10/27 00:00,2018-10-27,Paradise_WA,46.783333,-121.733333,,,,,3.7,,,,,0.0,1654,,,,300,0.3440704941749573,,
2018/10/28 00:00,2018-10-28,Paradise_WA,46.783333,-121.733333,,,,,4.7,,,,,0.0,1654,,,,301,0.0,,
2018/10/29 00:00,2018-10-29,Paradise_WA,46.783333,-121.733333,,,,,0.3,,,,,2.54,1654,,,,302,0.0,,
2018/10/30 00:00,2018-10-30,Paradise_WA,46.783333,-121.733333,,,,,0.0,,,,,15.24,1654,,,,303,0.0,,
2018/10/31 00:00,2018-10-31,Paradise_WA,46.783333,-121.733333,,,,,1.3,,,,,12.7,1654,,,,304,0.0,,
2018/11/01 00:00,2018-11-01,Paradise_WA,46.783333,-121.733333,,,,,5.8,,,,,7.62,1654,280.3263477011494,0.20676063795336797,0.46871793270111084,305,0.46871793270111084,,
2018/11/02 00:00,2018-11-02,Paradise_WA,46.783333,-121.733333,,,,,4.9,,,,,0.0,1654,,,,306,0.46871793270111084,,
2018/11/03 00:00,2018-11-03,Paradise_WA,46.783333,-121.733333,,,,,1.7,,,,,0.0,1654,,,,307,0.46871793270111084,,
2018/11/04 00:00,2018-11-04,Paradise_WA,46.783333,-121.733333,,,,,1.6,,,,,0.0,1654,,,,308,0.0,,
2018/11/05 00:00,2018-11-05,Paradise_WA,46.783333,-121.733333,,,,,0.4,,,,,20.32,1654,,,,309,0.0,,
2018/11/06 00:00,2018-11-06,Paradise_WA,46.783333,-121.733333,,,,,-0.2,,,,,27.94,1654,,,,310,0.0,,
2018/11/07 00:00,2018-11-07,Paradise_WA,46.783333,-121.733333,,,,,-0.9,,,,,43.18,1654,,,,311,0.0,,
2018/11/08 00:00,2018-11-08,Paradise_WA,46.783333,-121.733333,,,,,-1.5,,,,,40.64,1654,275.23930804597705,,0.22320511937141418,312,0.22320511937141418,,
2018/11/09 00:00,2018-11-09,Paradise_WA,46.783333,-121.733333,,,,,1.5,,,,,40.64,1654,,,,313,0.22320511937141418,,
2018/11/10 00:00,2018-11-10,Paradise_WA,46.783333,-121.733333,,,,,-0.8,,,,,48.26,1654,,,,314,0.22320511937141418,,
2018/11/11 00:00,2018-11-11,Paradise_WA,46.783333,-121.733333,,,,,-0.2,,,,,43.18,1654,,,,315,0.0,,
2018/11/12 00:00,2018-11-12,Paradise_WA,46.783333,-121.733333,,,,,1.2,,,,,63.5,1654,,,,316,0.0,,
2018/11/13 00:00,2018-11-13,Paradise_WA,46.783333,-121.733333,,,,,7.5,,,,,55.88,1654,,,,317,0.0,,
2018/11/14 00:00,2018-11-14,Paradise_WA,46.783333,-121.733333,,,,,6.2,,,,,50.8,1654,,,,318,0.0,,
2018/11/15 00:00,2018-11-15,Paradise_WA,46.783333,-121.733333,,,,,1.7,,,,,50.8,1654,276.70390060207995,0.28409215241796204,0.07000000029802322,319,0.07000000029802322,,
2018/11/16 00:00,2018-11-16,Paradise_WA,46.783333,-121.733333,,,,,1.5,,,,,43.18,1654,,,,320,0.07000000029802322,,
2018/11/17 00:00,2018-11-17,Paradise_WA,46.783333,-121.733333,,,,,3.6,,,,,40.64,1654,,,,321,0.07000000029802322,,
2018/11/18 00:00,2018-11-18,Paradise_WA,46.783333,-121.733333,,,,,0.0,,,,,48.26,1654,,,,322,0.0,,
2018/11/19 00:00,2018-11-19,Paradise_WA,46.783333,-121.733333,,,,,5.7,,,,,93.98,1654,,,,323,0.0,,
2018/11/20 00:00,2018-11-20,Paradise_WA,46.783333,-121.733333,,,,,6.8,,,,,101.6,1654,,,,324,0.0,,
2018/11/21 00:00,2018-11-21,Paradise_WA,46.783333,-121.733333,,,,,5.7,,,,,109.22,1654,,,,325,0.0,,
2018/11/22 00:00,2018-11-22,Paradise_WA,46.783333,-121.733333,,,,,2.0,,,,,81.28,1654,278.3228586206897,0.28409215241796204,0.47427883744239807,326,0.47427883744239807,,
2018/11/23 00:00,2018-11-23,Paradise_WA,46.783333,-121.733333,,,,,-0.8,,,,,76.2,1654,,,,327,0.47427883744239807,,
2018/11/24 00:00,2018-11-24,Paradise_WA,46.783333,-121.733333,,,,,-3.2,,,,,109.22,1654,,,,328,0.47427883744239807,,
2018/11/25 00:00,2018-11-25,Paradise_WA,46.783333,-121.733333,,,,,-2.6,,,,,116.84,1654,,,,329,0.0,,
2018/11/26 00:00,2018-11-26,Paradise_WA,46.783333,-121.733333,,,,,1.1,,,,,109.22,1654,,,,330,0.0,,
2018/11/27 00:00,2018-11-27,Paradise_WA,46.783333,-121.733333,,,,,4.2,,,,,109.22,1654,,,,331,0.0,,
2018/11/28 00:00,2018-11-28,Paradise_WA,46.783333,-121.733333,,,,,0.5,,,,,91.44,1654,,,,332,0.0,,
2018/11/29 00:00,2018-11-29,Paradise_WA,46.783333,-121.733333,,,,,-0.8,,,,,119.38,1654,268.83292068965517,0.15399263277202072,0.4491570293903351,333,0.4491570293903351,,
2018/11/30 00:00,2018-11-30,Paradise_WA,46.783333,-121.733333,,,,,-0.8,,,,,124.46,1654,,,,334,0.4491570293903351,,
2018/12/01 00:00,2018-12-01,Paradise_WA,46.783333,-121.733333,,,,,-3.1,,,,,129.54,1654,,,,335,0.4491570293903351,,
2018/12/02 00:00,2018-12-02,Paradise_WA,46.783333,-121.733333,,,,,-3.7,,,,,137.16,1654,,,,336,0.0,,
2018/12/03 00:00,2018-12-03,Paradise_WA,46.783333,-121.733333,,,,,-3.9,,,,,137.16,1654,,,,337,0.0,,
2018/12/04 00:00,2018-12-04,Paradise_WA,46.783333,-121.733333,,,,,-4.8,,,,,137.16,1654,,,,338,0.0,,
2018/12/05 00:00,2018-12-05,Paradise_WA,46.783333,-121.733333,,,,,-3.5,,,,,132.08,1654,,,,339,0.0,,
2018/12/06 00:00,2018-12-06,Paradise_WA,46.783333,-121.733333,,,,,-5.9,,,,,121.92,1654,268.83942261904764,0.15399263277202072,0.22728204727172852,340,0.22728204727172852,,
2018/12/07 00:00,2018-12-07,Paradise_WA,46.783333,-121.733333,,,,,-5.5,,,,,121.92,1654,,,,341,0.22728204727172852,,
2018/12/08 00:00,2018-12-08,Paradise_WA,46.783333,-121.733333,,,,,-0.2,,,,,137.16,1654,,,,342,0.22728204727172852,,
2018/12/09 00:00,2018-12-09,Paradise_WA,46.783333,-121.733333,,,,,0.4,,,,,154.94,1654,,,,343,0.0,,
2018/12/10 00:00,2018-12-10,Paradise_WA,46.783333,-121.733333,,,,,0.1,,,,,142.24,1654,,,,344,0.0,,
2018/12/11 00:00,2018-12-11,Paradise_WA,46.783333,-121.733333,,,,,-3.6,,,,,160.02,1654,,,,345,0.0,,
2018/12/12 00:00,2018-12-12,Paradise_WA,46.783333,-121.733333,,,,,-0.2,,,,,182.88,1654,,,,346,0.0,,
2018/12/13 00:00,2018-12-13,Paradise_WA,46.783333,-121.733333,,,,,-3.7,,,,,210.82,1654,268.16972413793104,0.05329683816238846,0.5518268942832947,347,0.5518268942832947,,
2018/12/14 00:00,2018-12-14,Paradise_WA,46.783333,-121.733333,,,,,0.2,,,,,259.08,1654,,,,348,0.5518268942832947,,
2018/12/15 00:00,2018-12-15,Paradise_WA,46.783333,-121.733333,,,,,0.0,,,,,271.78,1654,,,,349,0.5518268942832947,,
2018/12/16 00:00,2018-12-16,Paradise_WA,46.783333,-121.733333,,,,,-2.8,,,,,294.64,1654,,,,350,0.0,,
2018/12/17 00:00,2018-12-17,Paradise_WA,46.783333,-121.733333,,,,,1.5,,,,,302.26,1654,,,,351,0.0,,
2018/12/18 00:00,2018-12-18,Paradise_WA,46.783333,-121.733333,,,,,-1.3,,,,,309.88,1654,,,,352,0.0,,
2018/12/19 00:00,2018-12-19,Paradise_WA,46.783333,-121.733333,,,,,-1.2,,,,,375.92,1654,,,,353,0.0,,
2018/12/20 00:00,2018-12-20,Paradise_WA,46.783333,-121.733333,,,,,-3.0,,,,,406.4,1654,268.1603275862069,0.05329683816238846,0.44788461923599243,354,0.44788461923599243,,
2018/12/21 00:00,2018-12-21,Paradise_WA,46.783333,-121.733333,,,,,-2.4,,,,,414.02,1654,,,,355,0.44788461923599243,,
2018/12/22 00:00,2018-12-22,Paradise_WA,46.783333,-121.733333,,,,,-5.8,,,,,421.64,1654,,,,356,0.44788461923599243,,
2018/12/23 00:00,2018-12-23,Paradise_WA,46.783333,-121.733333,,,,,1.0,,,,,424.18,1654,,,,357,0.0,,
2018/12/24 00:00,2018-12-24,Paradise_WA,46.783333,-121.733333,,,,,-2.3,,,,,464.82,1654,,,,358,0.0,,
2018/12/25 00:00,2018-12-25,Paradise_WA,46.783333,-121.733333,,,,,-3.2,,,,,482.6,1654,,,,359,0.0,,
2018/12/26 00:00,2018-12-26,Paradise_WA,46.783333,-121.733333,,,,,-4.6,,,,,487.68,1654,,,,360,0.0,,
2018/12/27 00:00,2018-12-27,Paradise_WA,46.783333,-121.733333,,,,,-4.1,,,,,508.0,1654,267.52071436781614,0.12021421632124357,0.30733972787857056,361,0.30733972787857056,,
2018/12/28 00:00,2018-12-28,Paradise_WA,46.783333,-121.733333,,,,,-4.7,,,,,528.32,1654,,,,362,0.30733972787857056,,
2018/12/29 00:00,2018-12-29,Paradise_WA,46.783333,-121.733333,,,,,-2.3,,,,,546.1,1654,,,,363,0.30733972787857056,,
2018/12/30 00:00,2018-12-30,Paradise_WA,46.783333,-121.733333,,,,,0.2,,,,,566.42,1654,,,,364,0.0,,
2018/12/31 00:00,2018-12-31,Paradise_WA,46.783333,-121.733333,,,,,-5.5,,,,,589.28,1654,,,,365,0.0,,
2019/01/01 00:00,2019-01-01,Paradise_WA,46.783333,-121.733333,,,,,-4.5,,,,,596.9,1654,,,,1,0.0,,
2019/01/02 00:00,2019-01-02,Paradise_WA,46.783333,-121.733333,,,,,-2.2,,,,,599.44,1654,,,,2,0.0,,
2019/01/03 00:00,2019-01-03,Paradise_WA,46.783333,-121.733333,,,,,-2.3,,,,,601.98,1654,264.69572988505746,0.12021421632124357,0.3143429458141327,3,0.3143429458141327,,
2019/01/04 00:00,2019-01-04,Paradise_WA,46.783333,-121.733333,,,,,1.0,,,,,599.44,1654,,,,4,0.3143429458141327,,
2019/01/05 00:00,2019-01-05,Paradise_WA,46.783333,-121.733333,,,,,-2.3,,,,,609.6,1654,,,,5,0.3143429458141327,,
2019/01/06 00:00,2019-01-06,Paradise_WA,46.783333,-121.733333,,,,,-1.1,,,,,614.68,1654,,,,6,0.0,,
2019/01/07 00:00,2019-01-07,Paradise_WA,46.783333,-121.733333,,,,,-4.7,,,,,637.54,1654,,,,7,0.0,,
2019/01/08 00:00,2019-01-08,Paradise_WA,46.783333,-121.733333,,,,,-6.0,,,,,662.94,1654,,,,8,0.0,,
2019/01/09 00:00,2019-01-09,Paradise_WA,46.783333,-121.733333,,,,,-0.8,,,,,688.34,1654,,,,9,0.0,,
2019/01/10 00:00,2019-01-10,Paradise_WA,46.783333,-121.733333,,,,,0.7,,,,,693.42,1654,273.07752068965516,,0.08810897171497345,10,0.08810897171497345,,
2019/01/11 00:00,2019-01-11,Paradise_WA,46.783333,-121.733333,,,,,0.6,,,,,708.66,1654,,,,11,0.08810897171497345,,
2019/01/12 00:00,2019-01-12,Paradise_WA,46.783333,-121.733333,,,,,2.7,,,,,708.66,1654,,,,12,0.08810897171497345,,
2019/01/13 00:00,2019-01-13,Paradise_WA,46.783333,-121.733333,,,,,3.2,,,,,708.66,1654,,,,13,0.0,,
2019/01/14 00:00,2019-01-14,Paradise_WA,46.783333,-121.733333,,,,,4.8,,,,,713.74,1654,,,,14,0.0,,
2019/01/15 00:00,2019-01-15,Paradise_WA,46.783333,-121.733333,,,,,5.8,,,,,713.74,1654,,,,15,0.0,,
2019/01/16 00:00,2019-01-16,Paradise_WA,46.783333,-121.733333,,,,,-0.3,,,,,713.74,1654,,,,16,0.0,,
2019/01/17 00:00,2019-01-17,Paradise_WA,46.783333,-121.733333,,,,,-0.7,,,,,716.28,1654,275.51984913793103,0.08567781196027639,0.20817306637763977,17,0.20817306637763977,,
2019/01/18 00:00,2019-01-18,Paradise_WA,46.783333,-121.733333,,,,,-0.9,,,,,723.9,1654,,,,18,0.20817306637763977,,
2019/01/19 00:00,2019-01-19,Paradise_WA,46.783333,-121.733333,,,,,-2.3,,,,,736.6,1654,,,,19,0.20817306637763977,,
2019/01/20 00:00,2019-01-20,Paradise_WA,46.783333,-121.733333,,,,,-2.1,,,,,772.16,1654,,,,20,0.0,,
2019/01/21 00:00,2019-01-21,Paradise_WA,46.783333,-121.733333,,,,,-2.7,,,,,777.24,1654,,,,21,0.0,,
2019/01/22 00:00,2019-01-22,Paradise_WA,46.783333,-121.733333,,,,,-4.7,,,,,779.78,1654,,,,22,0.0,,
2019/01/23 00:00,2019-01-23,Paradise_WA,46.783333,-121.733333,,,,,-1.2,,,,,807.72,1654,,,,23,0.0,,
2019/01/24 02:00,2019-01-24,Paradise_WA,46.783333,-121.733333,0.351,1.5,0.217,0.6,-0.1,0.355,0.261,0.7,0.6,883.92,1654,274.4465741379311,,0.2048717886209488,24,0.2048717886209488,,
2019/01/25 00:00,2019-01-25,Paradise_WA,46.783333,-121.733333,,,,,-0.3,,,,,881.38,1654,,,,25,0.2048717886209488,0.217,
2019/01/26 00:00,2019-01-26,Paradise_WA,46.783333,-121.733333,,,,,3.0,,,,,881.38,1654,,,,26,0.2048717886209488,,
2019/01/27 00:00,2019-01-27,Paradise_WA,46.783333,-121.733333,,,,,5.7,,,,,881.38,1654,,,,27,0.0,,
2019/01/28 00:00,2019-01-28,Paradise_WA,46.783333,-121.733333,,,,,6.1,,,,,883.92,1654,,,,28,0.0,,
2019/01/29 00:00,2019-01-29,Paradise_WA,46.783333,-121.733333,,,,,2.2,,,,,886.46,1654,,,,29,0.0,,
2019/01/30 00:00,2019-01-30,Paradise_WA,46.783333,-121.733333,,,,,3.4,,,,,891.54,1654,,,,30,0.0,,
2019/01/31 00:00,2019-01-31,Paradise_WA,46.783333,-121.733333,,,,,7.2,,,,,889.0,1654,274.41081752873566,0.05141152870907761,0.06286057829856873,31,0.06286057829856873,,
2019/02/01 00:00,2019-02-01,Paradise_WA,46.783333,-121.733333,,,,,6.6,,,,,894.08,1654,,,,32,0.06286057829856873,,
2019/02/02 00:00,2019-02-02,Paradise_WA,46.783333,-121.733333,,,,,1.0,,,,,911.86,1654,,,,33,0.06286057829856873,,
2019/02/03 00:00,2019-02-03,Paradise_WA,46.783333,-121.733333,,,,,1.0,,,,,909.32,1654,,,,34,0.0,,
2019/02/04 00:00,2019-02-04,Paradise_WA,46.783333,-121.733333,,,,,-5.6,,,,,906.78,1654,,,,35,0.0,,
2019/02/05 00:00,2019-02-05,Paradise_WA,46.783333,-121.733333,,,,,-6.9,,,,,919.48,1654,,,,36,0.0,,
2019/02/06 00:00,2019-02-06,Paradise_WA,46.783333,-121.733333,,,,,-10.2,,,,,922.02,1654,,,,37,0.0,,
2019/02/07 00:00,2019-02-07,Paradise_WA,46.783333,-121.733333,,,,,-9.0,,,,,924.56,1654,268.23834195402304,0.05141152870907761,0.23960736393928528,38,0.23960736393928528,,
2019/02/08 00:00,2019-02-08,Paradise_WA,46.783333,-121.733333,,,,,-3.6,,,,,927.1,1654,,,,39,0.23960736393928528,,
2019/02/09 00:00,2019-02-09,Paradise_WA,46.783333,-121.733333,,,,,-7.9,,,,,939.8,1654,,,,40,0.23960736393928528,,
2019/02/10 00:00,2019-02-10,Paradise_WA,46.783333,-121.733333,,,,,-12.0,,,,,975.36,1654,,,,41,0.0,,
2019/02/11 00:00,2019-02-11,Paradise_WA,46.783333,-121.733333,,,,,-10.7,,,,,977.9,1654,,,,42,0.0,,
2019/02/12 00:00,2019-02-12,Paradise_WA,46.783333,-121.733333,,,,,-4.1,,,,,1031.24,1654,,,,43,0.0,,
2019/02/13 00:00,2019-02-13,Paradise_WA,46.783333,-121.733333,,,,,-4.0,,,,,1120.14,1654,,,,44,0.0,,
2019/02/14 00:00,2019-02-14,Paradise_WA,46.783333,-121.733333,,,,,-4.7,,,,,1125.22,1654,266.4507291666667,0.09380586317321689,0.2540384531021118,45,0.2540384531021118,,
2019/02/15 00:00,2019-02-15,Paradise_WA,46.783333,-121.733333,,,,,-1.1,,,,,1145.54,1654,,,,46,0.2540384531021118,,
2019/02/16 00:00,2019-02-16,Paradise_WA,46.783333,-121.733333,,,,,-3.4,,,,,1150.62,1654,,,,47,0.2540384531021118,,
2019/02/17 00:00,2019-02-17,Paradise_WA,46.783333,-121.733333,,,,,-4.3,,,,,1160.78,1654,,,,48,0.0,,
2019/02/18 00:00,2019-02-18,Paradise_WA,46.783333,-121.733333,,,,,-4.8,,,,,1168.4,1654,,,,49,0.0,,
2019/02/19 00:00,2019-02-19,Paradise_WA,46.783333,-121.733333,,,,,-5.9,,,,,1183.64,1654,,,,50,0.0,,
2019/02/20 00:00,2019-02-20,Paradise_WA,46.783333,-121.733333,,,,,-5.3,,,,,1196.34,1654,,,,51,0.0,,
2019/02/21 00:00,2019-02-21,Paradise_WA,46.783333,-121.733333,,,,,-3.7,,,,,1242.06,1654,261.428036809816,0.09380586317321689,0.08434294909238815,52,0.08434294909238815,,
2019/02/22 00:00,2019-02-22,Paradise_WA,46.783333,-121.733333,,,,,-6.0,,,,,1244.6,1654,,,,53,0.08434294909238815,,
2019/02/23 00:00,2019-02-23,Paradise_WA,46.783333,-121.733333,,,,,-6.0,,,,,1267.46,1654,,,,54,0.08434294909238815,,
2019/02/24 00:00,2019-02-24,Paradise_WA,46.783333,-121.733333,,,,,-3.8,,,,,1272.54,1654,,,,55,0.0,,
2019/02/25 00:00,2019-02-25,Paradise_WA,46.783333,-121.733333,,,,,-6.7,,,,,1277.62,1654,,,,56,0.0,,
2019/02/26 00:00,2019-02-26,Paradise_WA,46.783333,-121.733333,,,,,-9.7,,,,,1287.78,1654,,,,57,0.0,,
2019/02/27 00:00,2019-02-27,Paradise_WA,46.783333,-121.733333,,,,,-12.1,,,,,1292.86,1654,,,,58,0.0,,
2019/02/28 00:00,2019-02-28,Paradise_WA,46.783333,-121.733333,,,,,-3.9,,,,,1313.18,1654,266.67318793103453,0.0596325183506045,0.04633493348956108,59,0.04633493348956108,,
2019/03/01 00:00,2019-03-01,Paradise_WA,46.783333,-121.733333,,,,,-4.1,,,,,1315.72,1654,,,,60,0.04633493348956108,,
2019/03/02 00:00,2019-03-02,Paradise_WA,46.783333,-121.733333,,,,,-2.4,,,,,1320.8,1654,,,,61,0.04633493348956108,,
2019/03/03 00:00,2019-03-03,Paradise_WA,46.783333,-121.733333,,,,,-6.1,,,,,1323.34,1654,,,,62,0.0,,
2019/03/04 00:00,2019-03-04,Paradise_WA,46.783333,-121.733333,,,,,-8.5,,,,,1325.88,1654,,,,63,0.0,,
2019/03/05 00:00,2019-03-05,Paradise_WA,46.783333,-121.733333,,,,,-8.4,,,,,1330.96,1654,,,,64,0.0,,
2019/03/06 00:00,2019-03-06,Paradise_WA,46.783333,-121.733333,,,,,-1.2,,,,,1336.04,1654,,,,65,0.0,,
2019/03/07 00:00,2019-03-07,Paradise_WA,46.783333,-121.733333,,,,,-3.7,,,,,1351.28,1654,267.70117241379313,0.0596325183506045,0.14197595417499542,66,0.14197595417499542,,
2019/03/08 00:00,2019-03-08,Paradise_WA,46.783333,-121.733333,,,,,-6.1,,,,,1363.98,1654,,,,67,0.14197595417499542,,
2019/03/09 00:00,2019-03-09,Paradise_WA,46.783333,-121.733333,,,,,-6.2,,,,,1376.68,1654,,,,68,0.14197595417499542,,
2019/03/10 00:00,2019-03-10,Paradise_WA,46.783333,-121.733333,,,,,-3.8,,,,,1379.22,1654,,,,69,0.0,,
2019/03/11 00:00,2019-03-11,Paradise_WA,46.783333,-121.733333,,,,,-1.2,,,,,1379.22,1654,,,,70,0.0,,
2019/03/12 00:00,2019-03-12,Paradise_WA,46.783333,-121.733333,,,,,1.0,,,,,1384.3,1654,,,,71,0.0,,
2019/03/13 00:00,2019-03-13,Paradise_WA,46.783333,-121.733333,,,,,-4.6,,,,,1430.02,1654,,,,72,0.0,,
2019/03/14 00:00,2019-03-14,Paradise_WA,46.783333,-121.733333,,,,,-1.3,,,,,1447.8,1654,277.7078297413793,,0.1483333259820938,73,0.1483333259820938,,
2019/03/15 00:00,2019-03-15,Paradise_WA,46.783333,-121.733333,,,,,0.5,,,,,1450.34,1654,,,,74,0.1483333259820938,,
2019/03/16 00:00,2019-03-16,Paradise_WA,46.783333,-121.733333,,,,,5.2,,,,,1455.42,1654,,,,75,0.1483333259820938,,
2019/03/17 00:00,2019-03-17,Paradise_WA,46.783333,-121.733333,,,,,6.1,,,,,1455.42,1654,,,,76,0.0,,
2019/03/18 00:00,2019-03-18,Paradise_WA,46.783333,-121.733333,,,,,9.5,,,,,1445.26,1654,,,,77,0.0,,
2019/03/19 00:00,2019-03-19,Paradise_WA,46.783333,-121.733333,,,,,7.4,,,,,1435.1,1654,,,,78,0.0,,
2019/03/20 00:00,2019-03-20,Paradise_WA,46.783333,-121.733333,,,,,10.0,,,,,1435.1,1654,,,,79,0.0,,
2019/03/21 00:00,2019-03-21,Paradise_WA,46.783333,-121.733333,,,,,8.1,,,,,1430.02,1654,278.39700985221674,0.06085028605354062,0.1324198693037033,80,0.1324198693037033,,
2019/03/22 00:00,2019-03-22,Paradise_WA,46.783333,-121.733333,,,,,4.8,,,,,1422.4,1654,,,,81,0.1324198693037033,,
2019/03/23 00:00,2019-03-23,Paradise_WA,46.783333,-121.733333,,,,,1.8,,,,,1432.56,1654,,,,82,0.1324198693037033,,
2019/03/24 00:00,2019-03-24,Paradise_WA,46.783333,-121.733333,,,,,2.3,,,,,1442.72,1654,,,,83,0.0,,
2019/03/25 00:00,2019-03-25,Paradise_WA,46.783333,-121.733333,,,,,-0.2,,,,,1450.34,1654,,,,84,0.0,,
2019/03/26 00:00,2019-03-26,Paradise_WA,46.783333,-121.733333,,,,,0.3,,,,,1455.42,1654,,,,85,0.0,,
2019/03/27 00:00,2019-03-27,Paradise_WA,46.783333,-121.733333,,,,,2.1,,,,,1465.58,1654,,,,86,0.0,,
2019/03/28 00:00,2019-03-28,Paradise_WA,46.783333,-121.733333,,,,,-1.0,,,,,1468.12,1654,277.6023793103449,0.06085028605354062,0.17420993745326996,87,0.17420993745326996,,
2019/03/29 00:00,2019-03-29,Paradise_WA,46.783333,-121.733333,,,,,4.4,,,,,1470.66,1654,,,,88,0.17420993745326996,,
2019/03/30 00:00,2019-03-30,Paradise_WA,46.783333,-121.733333,,,,,2.6,,,,,1478.28,1654,,,,89,0.17420993745326996,,
2019/03/31 00:00,2019-03-31,Paradise_WA,46.783333,-121.733333,,,,,3.4,,,,,1483.36,1654,,,,90,0.0,,
2019/04/01 00:00,2019-04-01,Paradise_WA,46.783333,-121.733333,,,,,4.5,,,,,1490.98,1654,,,,91,0.0,,
2019/04/02 00:00,2019-04-02,Paradise_WA,46.783333,-121.733333,,,,,6.2,,,,,1496.06,1654,,,,92,0.0,,
2019/04/03 00:00,2019-04-03,Paradise_WA,46.783333,-121.733333,,,,,4.5,,,,,1506.22,1654,,,,93,0.0,,
2019/04/04 00:00,2019-04-04,Paradise_WA,46.783333,-121.733333,,,,,1.2,,,,,1534.16,1654,277.5263275862069,0.04004238449913645,0.1568221151828766,94,0.1568221151828766,,
2019/04/05 00:00,2019-04-05,Paradise_WA,46.783333,-121.733333,,,,,3.8,,,,,1524.0,1654,,,,95,0.1568221151828766,,
2019/04/06 00:00,2019-04-06,Paradise_WA,46.783333,-121.733333,,,,,-0.7,,,,,1534.16,1654,,,,96,0.1568221151828766,,
2019/04/07 00:00,2019-04-07,Paradise_WA,46.783333,-121.733333,,,,,0.0,,,,,1536.7,1654,,,,97,0.0,,
2019/04/08 00:00,2019-04-08,Paradise_WA,46.783333,-121.733333,,,,,3.0,,,,,1551.94,1654,,,,98,0.0,,
2019/04/09 00:00,2019-04-09,Paradise_WA,46.783333,-121.733333,,,,,2.8,,,,,1551.94,1654,,,,99,0.0,,
2019/04/10 00:00,2019-04-10,Paradise_WA,46.783333,-121.733333,,,,,-0.3,,,,,1579.88,1654,,,,100,0.0,,
2019/04/11 00:00,2019-04-11,Paradise_WA,46.783333,-121.733333,,,,,-1.6,,,,,1600.2,1654,271.1104741379311,0.04004238449913645,0.18570512533187866,101,0.18570512533187866,,
2019/04/12 00:00,2019-04-12,Paradise_WA,46.783333,-121.733333,,,,,-0.4,,,,,1643.38,1654,,,,102,0.18570512533187866,,
2019/04/13 00:00,2019-04-13,Paradise_WA,46.783333,-121.733333,,,,,1.5,,,,,1656.08,1654,,,,103,0.18570512533187866,,
2019/04/14 00:00,2019-04-14,Paradise_WA,46.783333,-121.733333,,,,,-0.4,,,,,1666.24,1654,,,,104,0.0,,
2019/04/15 00:00,2019-04-15,Paradise_WA,46.783333,-121.733333,,,,,-2.1,,,,,1676.4,1654,,,,105,0.0,,
2019/04/16 00:00,2019-04-16,Paradise_WA,46.783333,-121.733333,,,,,0.1,,,,,1676.4,1654,,,,106,0.0,,
2019/04/17 00:00,2019-04-17,Paradise_WA,46.783333,-121.733333,,,,,0.8,,,,,1676.4,1654,,,,107,0.0,,
2019/04/18 00:00,2019-04-18,Paradise_WA,46.783333,-121.733333,,,,,4.1,,,,,1676.4,1654,274.45840804597697,0.05587215565630398,0.14802883565425873,108,0.14802883565425873,,
2019/04/19 00:00,2019-04-19,Paradise_WA,46.783333,-121.733333,,,,,8.9,,,,,1676.4,1654,,,,109,0.14802883565425873,,
2019/04/20 00:00,2019-04-20,Paradise_WA,46.783333,-121.733333,,,,,3.4,,,,,1684.02,1654,,,,110,0.14802883565425873,,
2019/04/21 00:00,2019-04-21,Paradise_WA,46.783333,-121.733333,,,,,3.9,,,,,1678.94,1654,,,,111,0.0,,
2019/04/22 00:00,2019-04-22,Paradise_WA,46.783333,-121.733333,,,,,5.6,,,,,1658.62,1654,,,,112,0.0,,
2019/04/23 00:00,2019-04-23,Paradise_WA,46.783333,-121.733333,,,,,3.4,,,,,1656.08,1654,,,,113,0.0,,
2019/04/24 00:00,2019-04-24,Paradise_WA,46.783333,-121.733333,,,,,5.1,,,,,1653.54,1654,,,,114,0.0,,
2019/04/25 00:00,2019-04-25,Paradise_WA,46.783333,-121.733333,,,,,6.7,,,,,1635.76,1654,276.16982643678165,0.05587215565630398,0.08902403712272644,115,0.08902403712272644,,
2019/04/26 00:00,2019-04-26,Paradise_WA,46.783333,-121.733333,,,,,8.7,,,,,1620.52,1654,,,,116,0.08902403712272644,,
2019/04/27 00:00,2019-04-27,Paradise_WA,46.783333,-121.733333,,,,,5.5,,,,,1607.82,1654,,,,117,0.08902403712272644,,
2019/04/28 00:00,2019-04-28,Paradise_WA,46.783333,-121.733333,,,,,-2.7,,,,,1602.74,1654,,,,118,0.0,,
2019/04/29 00:00,2019-04-29,Paradise_WA,46.783333,-121.733333,,,,,3.6,,,,,1600.2,1654,,,,119,0.0,,
2019/04/30 00:00,2019-04-30,Paradise_WA,46.783333,-121.733333,,,,,2.5,,,,,1605.28,1654,,,,120,0.0,,
2019/05/01 00:00,2019-05-01,Paradise_WA,46.783333,-121.733333,,,,,5.9,,,,,1600.2,1654,,,,121,0.0,,
2019/05/02 00:00,2019-05-02,Paradise_WA,46.783333,-121.733333,,,,,4.6,,,,,1592.58,1654,279.94637824302134,,0.06626762449741364,122,0.06626762449741364,,
2019/05/03 00:00,2019-05-03,Paradise_WA,46.783333,-121.733333,,,,,2.8,,,,,1590.04,1654,,,,123,0.06626762449741364,,
2019/05/04 00:00,2019-05-04,Paradise_WA,46.783333,-121.733333,,,,,8.6,,,,,1584.96,1654,,,,124,0.06626762449741364,,
2019/05/05 00:00,2019-05-05,Paradise_WA,46.783333,-121.733333,,,,,10.2,,,,,1582.42,1654,,,,125,0.0,,
2019/05/06 00:00,2019-05-06,Paradise_WA,46.783333,-121.733333,,,,,11.7,,,,,1572.26,1654,,,,126,0.0,,
2019/05/07 00:00,2019-05-07,Paradise_WA,46.783333,-121.733333,,,,,12.3,,,,,1551.94,1654,,,,127,0.0,,
2019/05/08 00:00,2019-05-08,Paradise_WA,46.783333,-121.733333,,,,,12.8,,,,,1531.62,1654,,,,128,0.0,,
2019/05/09 00:00,2019-05-09,Paradise_WA,46.783333,-121.733333,,,,,12.1,,,,,1516.38,1654,284.42206847290646,0.07477307858376514,0.11434294283390045,129,0.11434294283390045,,
2019/05/10 00:00,2019-05-10,Paradise_WA,46.783333,-121.733333,,,,,14.9,,,,,1480.82,1654,,,,130,0.11434294283390045,,
2019/05/11 00:00,2019-05-11,Paradise_WA,46.783333,-121.733333,,,,,17.2,,,,,1457.96,1654,,,,131,0.11434294283390045,,
2019/05/12 00:00,2019-05-12,Paradise_WA,46.783333,-121.733333,,,,,16.4,,,,,1409.7,1654,,,,132,0.0,,
2019/05/13 00:00,2019-05-13,Paradise_WA,46.783333,-121.733333,,,,,12.4,,,,,1384.3,1654,,,,133,0.0,,
2019/05/14 00:00,2019-05-14,Paradise_WA,46.783333,-121.733333,,,,,12.6,,,,,1353.82,1654,,,,134,0.0,,
2019/05/15 00:00,2019-05-15,Paradise_WA,46.783333,-121.733333,,,,,3.8,,,,,1338.58,1654,,,,135,0.0,,
2019/05/16 00:00,2019-05-16,Paradise_WA,46.783333,-121.733333,,,,,4.5,,,,,1325.88,1654,288.14441091954023,,0.18213140964508057,136,0.18213140964508057,,
2019/05/17 00:00,2019-05-17,Paradise_WA,46.783333,-121.733333,,,,,5.4,,,,,1295.4,1654,,,,137,0.18213140964508057,,
2019/05/18 00:00,2019-05-18,Paradise_WA,46.783333,-121.733333,,,,,2.2,,,,,1259.84,1654,,,,138,0.18213140964508057,,
2019/05/19 00:00,2019-05-19,Paradise_WA,46.783333,-121.733333,,,,,9.0,,,,,1236.98,1654,,,,139,0.0,,
2019/05/20 00:00,2019-05-20,Paradise_WA,46.783333,-121.733333,,,,,7.7,,,,,1191.26,1654,,,,140,0.0,,
2019/05/21 00:00,2019-05-21,Paradise_WA,46.783333,-121.733333,,,,,0.4,,,,,1183.64,1654,,,,141,0.0,,
2019/05/22 00:00,2019-05-22,Paradise_WA,46.783333,-121.733333,,,,,4.1,,,,,1183.64,1654,,,,142,0.0,,
2019/05/23 00:00,2019-05-23,Paradise_WA,46.783333,-121.733333,,,,,8.2,,,,,1158.24,1654,286.5548994252874,0.13574516407599313,0.1633974313735962,143,0.1633974313735962,,
2019/05/24 00:00,2019-05-24,Paradise_WA,46.783333,-121.733333,,,,,14.8,,,,,1115.06,1654,,,,144,0.1633974313735962,,
2019/05/25 00:00,2019-05-25,Paradise_WA,46.783333,-121.733333,,,,,2.5,,,,,1102.36,1654,,,,145,0.1633974313735962,,
2019/05/26 00:00,2019-05-26,Paradise_WA,46.783333,-121.733333,,,,,2.0,,,,,1097.28,1654,,,,146,0.0,,
2019/05/27 00:00,2019-05-27,Paradise_WA,46.783333,-121.733333,,,,,10.1,,,,,1054.1,1654,,,,147,0.0,,
2019/05/28 00:00,2019-05-28,Paradise_WA,46.783333,-121.733333,,,,,12.1,,,,,1013.46,1654,,,,148,0.0,,
2019/05/29 00:00,2019-05-29,Paradise_WA,46.783333,-121.733333,,,,,11.2,,,,,970.28,1654,,,,149,0.0,,
2019/05/30 00:00,2019-05-30,Paradise_WA,46.783333,-121.733333,,,,,9.7,,,,,927.1,1654,288.32800486453203,0.13574516407599313,0.15815864503383636,150,0.15815864503383636,,
2019/05/31 00:00,2019-05-31,Paradise_WA,46.783333,-121.733333,,,,,14.1,,,,,889.0,1654,,,,151,0.15815864503383636,,
2019/06/01 00:00,2019-06-01,Paradise_WA,46.783333,-121.733333,,,,,17.8,,,,,835.66,1654,,,,152,0.15815864503383636,,
2019/06/02 00:00,2019-06-02,Paradise_WA,46.783333,-121.733333,,,,,16.4,,,,,789.94,1654,,,,153,0.0,,
2019/06/03 00:00,2019-06-03,Paradise_WA,46.783333,-121.733333,,,,,17.0,,,,,746.76,1654,,,,154,0.0,,
2019/06/04 00:00,2019-06-04,Paradise_WA,46.783333,-121.733333,,,,,10.8,,,,,706.12,1654,,,,155,0.0,,
2019/06/05 00:00,2019-06-05,Paradise_WA,46.783333,-121.733333,,,,,13.9,,,,,675.64,1654,,,,156,0.0,,
2019/06/06 00:00,2019-06-06,Paradise_WA,46.783333,-121.733333,,,,,5.4,,,,,655.32,1654,289.7634039408867,0.3531404253022453,0.1804022341966629,157,0.1804022341966629,,
2019/06/07 00:00,2019-06-07,Paradise_WA,46.783333,-121.733333,,,,,0.3,,,,,632.46,1654,,,,158,0.1804022341966629,,
2019/06/08 00:00,2019-06-08,Paradise_WA,46.783333,-121.733333,,,,,-0.1,,,,,652.78,1654,,,,159,0.1804022341966629,,
2019/06/09 00:00,2019-06-09,Paradise_WA,46.783333,-121.733333,,,,,7.9,,,,,665.48,1654,,,,160,0.0,,
2019/06/10 00:00,2019-06-10,Paradise_WA,46.783333,-121.733333,,,,,14.8,,,,,652.78,1654,,,,161,0.0,,
2019/06/11 00:00,2019-06-11,Paradise_WA,46.783333,-121.733333,,,,,16.5,,,,,614.68,1654,,,,162,0.0,,
2019/06/12 00:00,2019-06-12,Paradise_WA,46.783333,-121.733333,,,,,22.2,,,,,561.34,1654,,,,163,0.0,,
2019/06/13 00:00,2019-06-13,Paradise_WA,46.783333,-121.733333,,,,,21.6,,,,,502.92,1654,291.0700577996716,0.3531404253022453,0.11862179636955261,164,0.11862179636955261,,
2019/06/14 00:00,2019-06-14,Paradise_WA,46.783333,-121.733333,,,,,17.0,,,,,452.12,1654,,,,165,0.11862179636955261,,
2019/06/15 00:00,2019-06-15,Paradise_WA,46.783333,-121.733333,,,,,7.4,,,,,434.34,1654,,,,166,0.11862179636955261,,
2019/06/16 00:00,2019-06-16,Paradise_WA,46.783333,-121.733333,,,,,15.5,,,,,386.08,1654,,,,167,0.0,,
2019/06/17 00:00,2019-06-17,Paradise_WA,46.783333,-121.733333,,,,,14.9,,,,,345.44,1654,,,,168,0.0,,
2019/06/18 00:00,2019-06-18,Paradise_WA,46.783333,-121.733333,,,,,14.7,,,,,297.18,1654,,,,169,0.0,,
2019/06/19 00:00,2019-06-19,Paradise_WA,46.783333,-121.733333,,,,,7.9,,,,,266.7,1654,,,,170,0.0,,
2019/06/20 00:00,2019-06-20,Paradise_WA,46.783333,-121.733333,,,,,5.6,,,,,238.76,1654,288.96155237268516,0.3370003993955095,0.05193910002708435,171,0.05193910002708435,,
2019/06/21 00:00,2019-06-21,Paradise_WA,46.783333,-121.733333,,,,,5.1,,,,,238.76,1654,,,,172,0.05193910002708435,,
2019/06/22 00:00,2019-06-22,Paradise_WA,46.783333,-121.733333,,,,,5.5,,,,,215.9,1654,,,,173,0.05193910002708435,,
2019/06/23 00:00,2019-06-23,Paradise_WA,46.783333,-121.733333,,,,,8.5,,,,,193.04,1654,,,,174,0.0,,
2019/06/24 00:00,2019-06-24,Paradise_WA,46.783333,-121.733333,,,,,5.7,,,,,170.18,1654,,,,175,0.0,,
2019/06/25 00:00,2019-06-25,Paradise_WA,46.783333,-121.733333,,,,,9.1,,,,,127.0,1654,,,,176,0.0,,
2019/06/26 00:00,2019-06-26,Paradise_WA,46.783333,-121.733333,,,,,12.3,,,,,76.2,1654,,,,177,0.0,,
2019/06/27 00:00,2019-06-27,Paradise_WA,46.783333,-121.733333,,,,,8.4,,,,,40.64,1654,286.73641293103447,0.3370003993955095,0.05147275701165199,178,0.05147275701165199,,
2019/06/28 00:00,2019-06-28,Paradise_WA,46.783333,-121.733333,,,,,5.7,,,,,33.02,1654,,,,179,0.05147275701165199,,
2019/06/29 00:00,2019-06-29,Paradise_WA,46.783333,-121.733333,,,,,9.5,,,,,2.54,1654,,,,180,0.05147275701165199,,
2019/06/30 00:00,2019-06-30,Paradise_WA,46.783333,-121.733333,,,,,15.6,,,,,,1654,,,,181,0.0,,
2019/07/01 00:00,2019-07-01,Paradise_WA,46.783333,-121.733333,,,,,16.5,,,,,,1654,,,,182,0.0,,
2019/07/02 00:00,2019-07-02,Paradise_WA,46.783333,-121.733333,,,,,14.7,,,,,,1654,,,,183,0.0,,
2019/07/03 00:00,2019-07-03,Paradise_WA,46.783333,-121.733333,,,,,6.7,,,,,-7.62,1654,,,,184,0.0,,
2019/07/04 00:00,2019-07-04,Paradise_WA,46.783333,-121.733333,,,,,8.9,,,,,-10.16,1654,286.7922442528737,,0.03910095989704132,185,0.03910095989704132,,
2019/07/05 00:00,2019-07-05,Paradise_WA,46.783333,-121.733333,,,,,11.6,,,,,-12.7,1654,,,,186,0.03910095989704132,,
2019/07/06 00:00,2019-07-06,Paradise_WA,46.783333,-121.733333,,,,,12.0,,,,,,1654,,,,187,0.03910095989704132,,
2019/07/07 00:00,2019-07-07,Paradise_WA,46.783333,-121.733333,,,,,7.8,,,,,-10.16,1654,,,,188,0.0,,
2019/07/08 00:00,2019-07-08,Paradise_WA,46.783333,-121.733333,,,,,7.4,,,,,-7.62,1654,,,,189,0.0,,
2019/07/09 00:00,2019-07-09,Paradise_WA,46.783333,-121.733333,,,,,12.1,,,,,,1654,,,,190,0.0,,
2019/07/10 00:00,2019-07-10,Paradise_WA,46.783333,-121.733333,,,,,11.5,,,,,-10.16,1654,,,,191,0.0,,
2019/07/11 00:00,2019-07-11,Paradise_WA,46.783333,-121.733333,,,,,11.6,,,,,-10.16,1654,291.72177586206897,0.7632430321675304,0.08677884191274643,192,0.08677884191274643,,
2019/07/12 00:00,2019-07-12,Paradise_WA,46.783333,-121.733333,,,,,9.8,,,,,-10.16,1654,,,,193,0.08677884191274643,,
2019/07/13 00:00,2019-07-13,Paradise_WA,46.783333,-121.733333,,,,,15.8,,,,,,1654,,,,194,0.08677884191274643,,
2019/07/14 00:00,2019-07-14,Paradise_WA,46.783333,-121.733333,,,,,14.0,,,,,,1654,,,,195,0.0,,
2019/07/15 00:00,2019-07-15,Paradise_WA,46.783333,-121.733333,,,,,17.3,,,,,,1654,,,,196,0.0,,
2019/07/16 00:00,2019-07-16,Paradise_WA,46.783333,-121.733333,,,,,9.9,,,,,-7.62,1654,,,,197,0.0,,
2019/07/17 00:00,2019-07-17,Paradise_WA,46.783333,-121.733333,,,,,13.6,,,,,,1654,,,,198,0.0,,
2019/07/18 00:00,2019-07-18,Paradise_WA,46.783333,-121.733333,,,,,9.5,,,,,-7.62,1654,291.68779187192115,0.7632430321675304,0.048733972012996674,199,0.048733972012996674,,
2019/07/19 00:00,2019-07-19,Paradise_WA,46.783333,-121.733333,,,,,9.9,,,,,-12.7,1654,,,,200,0.048733972012996674,,
2019/07/20 00:00,2019-07-20,Paradise_WA,46.783333,-121.733333,,,,,11.9,,,,,,1654,,,,201,0.048733972012996674,,
2019/07/21 00:00,2019-07-21,Paradise_WA,46.783333,-121.733333,,,,,19.0,,,,,,1654,,,,202,0.0,,
2019/07/22 00:00,2019-07-22,Paradise_WA,46.783333,-121.733333,,,,,22.0,,,,,,1654,,,,203,0.0,,
2019/07/23 00:00,2019-07-23,Paradise_WA,46.783333,-121.733333,,,,,19.6,,,,,,1654,,,,204,0.0,,
2019/07/24 00:00,2019-07-24,Paradise_WA,46.783333,-121.733333,,,,,10.7,,,,,-10.16,1654,,,,205,0.0,,
2019/07/25 00:00,2019-07-25,Paradise_WA,46.783333,-121.733333,,,,,14.4,,,,,-12.7,1654,292.5653231452456,0.777957696459413,0.017724357545375824,206,0.017724357545375824,,
2019/07/26 00:00,2019-07-26,Paradise_WA,46.783333,-121.733333,,,,,20.1,,,,,,1654,,,,207,0.017724357545375824,,
2019/07/27 00:00,2019-07-27,Paradise_WA,46.783333,-121.733333,,,,,21.6,,,,,,1654,,,,208,0.017724357545375824,,
2019/07/28 00:00,2019-07-28,Paradise_WA,46.783333,-121.733333,,,,,14.2,,,,,,1654,,,,209,0.0,,
2019/07/29 00:00,2019-07-29,Paradise_WA,46.783333,-121.733333,,,,,17.8,,,,,,1654,,,,210,0.0,,
2019/07/30 00:00,2019-07-30,Paradise_WA,46.783333,-121.733333,,,,,17.9,,,,,,1654,,,,211,0.0,,
2019/07/31 00:00,2019-07-31,Paradise_WA,46.783333,-121.733333,,,,,15.8,,,,,,1654,,,,212,0.0,,
2019/08/01 00:00,2019-08-01,Paradise_WA,46.783333,-121.733333,,,,,18.4,,,,,,1654,295.124012539185,0.777957696459413,0.011249999515712261,213,0.011249999515712261,,
2019/08/02 00:00,2019-08-02,Paradise_WA,46.783333,-121.733333,,,,,20.4,,,,,,1654,,,,214,0.011249999515712261,,
2019/08/03 00:00,2019-08-03,Paradise_WA,46.783333,-121.733333,,,,,15.6,,,,,,1654,,,,215,0.011249999515712261,,
2019/08/04 00:00,2019-08-04,Paradise_WA,46.783333,-121.733333,,,,,18.5,,,,,,1654,,,,216,0.0,,
2019/08/05 00:00,2019-08-05,Paradise_WA,46.783333,-121.733333,,,,,22.5,,,,,,1654,,,,217,0.0,,
2019/08/06 00:00,2019-08-06,Paradise_WA,46.783333,-121.733333,,,,,23.0,,,,,,1654,,,,218,0.0,,
2019/08/07 00:00,2019-08-07,Paradise_WA,46.783333,-121.733333,,,,,22.4,,,,,,1654,,,,219,0.0,,
2019/08/08 00:00,2019-08-08,Paradise_WA,46.783333,-121.733333,,,,,20.8,,,,,,1654,294.34161083743845,0.7996233646373061,0.04350961372256279,220,0.04350961372256279,,
2019/08/09 00:00,2019-08-09,Paradise_WA,46.783333,-121.733333,,,,,15.2,,,,,,1654,,,,221,0.04350961372256279,,
2019/08/10 00:00,2019-08-10,Paradise_WA,46.783333,-121.733333,,,,,14.3,,,,,,1654,,,,222,0.04350961372256279,,
2019/08/11 00:00,2019-08-11,Paradise_WA,46.783333,-121.733333,,,,,12.6,,,,,,1654,,,,223,0.0,,
2019/08/12 00:00,2019-08-12,Paradise_WA,46.783333,-121.733333,,,,,9.0,,,,,,1654,,,,224,0.0,,
2019/08/13 00:00,2019-08-13,Paradise_WA,46.783333,-121.733333,,,,,15.2,,,,,,1654,,,,225,0.0,,
2019/08/14 00:00,2019-08-14,Paradise_WA,46.783333,-121.733333,,,,,19.1,,,,,,1654,,,,226,0.0,,
2019/08/15 00:00,2019-08-15,Paradise_WA,46.783333,-121.733333,,,,,17.5,,,,,,1654,290.56014121510674,0.7996233646373061,0.0570993572473526,227,0.0570993572473526,,
2019/08/16 00:00,2019-08-16,Paradise_WA,46.783333,-121.733333,,,,,16.6,,,,,,1654,,,,228,0.0570993572473526,,
2019/08/17 00:00,2019-08-17,Paradise_WA,46.783333,-121.733333,,,,,8.2,,,,,-10.16,1654,,,,229,0.0570993572473526,,
2019/08/18 00:00,2019-08-18,Paradise_WA,46.783333,-121.733333,,,,,10.6,,,,,-12.7,1654,,,,230,0.0,,
2019/08/19 00:00,2019-08-19,Paradise_WA,46.783333,-121.733333,,,,,15.2,,,,,,1654,,,,231,0.0,,
2019/08/20 00:00,2019-08-20,Paradise_WA,46.783333,-121.733333,,,,,16.0,,,,,,1654,,,,232,0.0,,
2019/08/21 00:00,2019-08-21,Paradise_WA,46.783333,-121.733333,,,,,18.7,,,,,,1654,,,,233,0.0,,
2019/08/22 00:00,2019-08-22,Paradise_WA,46.783333,-121.733333,,,,,12.9,,,,,-12.7,1654,292.8891034482759,,0.03262820467352867,234,0.03262820467352867,,
2019/08/23 00:00,2019-08-23,Paradise_WA,46.783333,-121.733333,,,,,10.4,,,,,,1654,,,,235,0.03262820467352867,,
2019/08/24 00:00,2019-08-24,Paradise_WA,46.783333,-121.733333,,,,,14.9,,,,,,1654,,,,236,0.03262820467352867,,
2019/08/25 00:00,2019-08-25,Paradise_WA,46.783333,-121.733333,,,,,13.4,,,,,,1654,,,,237,0.0,,
2019/08/26 00:00,2019-08-26,Paradise_WA,46.783333,-121.733333,,,,,10.7,,,,,-12.7,1654,,,,238,0.0,,
2019/08/27 00:00,2019-08-27,Paradise_WA,46.783333,-121.733333,,,,,16.2,,,,,,1654,,,,239,0.0,,
2019/08/28 00:00,2019-08-28,Paradise_WA,46.783333,-121.733333,,,,,22.1,,,,,,1654,,,,240,0.0,,
2019/08/29 00:00,2019-08-29,Paradise_WA,46.783333,-121.733333,,,,,23.1,,,,,,1654,292.5092709770115,0.7495569732297065,0.03357692435383797,241,0.03357692435383797,,
2019/08/30 00:00,2019-08-30,Paradise_WA,46.783333,-121.733333,,,,,14.9,,,,,-12.7,1654,,,,242,0.03357692435383797,,
2019/08/31 00:00,2019-08-31,Paradise_WA,46.783333,-121.733333,,,,,15.5,,,,,,1654,,,,243,0.03357692435383797,,
2019/09/01 00:00,2019-09-01,Paradise_WA,46.783333,-121.733333,,,,,15.4,,,,,,1654,,,,244,0.0,,
2019/09/02 00:00,2019-09-02,Paradise_WA,46.783333,-121.733333,,,,,15.3,,,,,,1654,,,,245,0.0,,
2019/09/03 00:00,2019-09-03,Paradise_WA,46.783333,-121.733333,,,,,15.6,,,,,,1654,,,,246,0.0,,
2019/09/04 00:00,2019-09-04,Paradise_WA,46.783333,-121.733333,,,,,16.6,,,,,,1654,,,,247,0.0,,
2019/09/05 00:00,2019-09-05,Paradise_WA,46.783333,-121.733333,,,,,15.6,,,,,,1654,292.69611193212916,,0.12824037671089172,248,0.12824037671089172,,
2019/09/06 00:00,2019-09-06,Paradise_WA,46.783333,-121.733333,,,,,22.7,,,,,,1654,,,,249,0.12824037671089172,,
2019/09/07 00:00,2019-09-07,Paradise_WA,46.783333,-121.733333,,,,,17.9,,,,,,1654,,,,250,0.12824037671089172,,
2019/09/08 00:00,2019-09-08,Paradise_WA,46.783333,-121.733333,,,,,12.8,,,,,,1654,,,,251,0.0,,
2019/09/09 00:00,2019-09-09,Paradise_WA,46.783333,-121.733333,,,,,8.2,,,,,-12.7,1654,,,,252,0.0,,
2019/09/10 00:00,2019-09-10,Paradise_WA,46.783333,-121.733333,,,,,7.9,,,,,-10.16,1654,,,,253,0.0,,
2019/09/11 00:00,2019-09-11,Paradise_WA,46.783333,-121.733333,,,,,7.6,,,,,-10.16,1654,,,,254,0.0,,
2019/09/12 00:00,2019-09-12,Paradise_WA,46.783333,-121.733333,,,,,11.6,,,,,-12.7,1654,291.0302270114943,0.7240036431347152,0.21907050907611847,255,0.21907050907611847,,
2019/09/13 00:00,2019-09-13,Paradise_WA,46.783333,-121.733333,,,,,15.6,,,,,,1654,,,,256,0.21907050907611847,,
2019/09/14 00:00,2019-09-14,Paradise_WA,46.783333,-121.733333,,,,,9.7,,,,,-12.7,1654,,,,257,0.21907050907611847,,
2019/09/15 00:00,2019-09-15,Paradise_WA,46.783333,-121.733333,,,,,10.6,,,,,-12.7,1654,,,,258,0.0,,
2019/09/16 00:00,2019-09-16,Paradise_WA,46.783333,-121.733333,,,,,5.9,,,,,-7.62,1654,,,,259,0.0,,
2019/09/17 00:00,2019-09-17,Paradise_WA,46.783333,-121.733333,,,,,6.4,,,,,-10.16,1654,,,,260,0.0,,
2019/09/18 00:00,2019-09-18,Paradise_WA,46.783333,-121.733333,,,,,5.5,,,,,-2.54,1654,,,,261,0.0,,
2019/09/19 00:00,2019-09-19,Paradise_WA,46.783333,-121.733333,,,,,5.9,,,,,-5.08,1654,283.19618390804595,0.7240036431347152,0.1402403861284256,262,0.1402403861284256,,
2019/09/20 00:00,2019-09-20,Paradise_WA,46.783333,-121.733333,,,,,7.9,,,,,-7.62,1654,,,,263,0.1402403861284256,,
2019/09/21 00:00,2019-09-21,Paradise_WA,46.783333,-121.733333,,,,,7.1,,,,,-5.08,1654,,,,264,0.1402403861284256,,
2019/09/22 00:00,2019-09-22,Paradise_WA,46.783333,-121.733333,,,,,10.4,,,,,-10.16,1654,,,,265,0.0,,
2019/09/23 00:00,2019-09-23,Paradise_WA,46.783333,-121.733333,,,,,7.6,,,,,-5.08,1654,,,,266,0.0,,
2019/09/24 00:00,2019-09-24,Paradise_WA,46.783333,-121.733333,,,,,4.4,,,,,-5.08,1654,,,,267,0.0,,
2019/09/25 00:00,2019-09-25,Paradise_WA,46.783333,-121.733333,,,,,9.0,,,,,-7.62,1654,,,,268,0.0,,
2019/09/26 00:00,2019-09-26,Paradise_WA,46.783333,-121.733333,,,,,10.4,,,,,-7.62,1654,280.64623965517234,0.562220293609672,0.05488461256027222,269,0.05488461256027222,,
2019/09/27 00:00,2019-09-27,Paradise_WA,46.783333,-121.733333,,,,,7.7,,,,,-7.62,1654,,,,270,0.05488461256027222,,
2019/09/28 00:00,2019-09-28,Paradise_WA,46.783333,-121.733333,,,,,0.7,,,,,0.0,1654,,,,271,0.05488461256027222,,
2019/09/29 00:00,2019-09-29,Paradise_WA,46.783333,-121.733333,,,,,0.3,,,,,0.0,1654,,,,272,0.0,,
2019/09/30 00:00,2019-09-30,Paradise_WA,46.783333,-121.733333,,,,,-1.6,,,,,2.54,1654,,,,273,0.0,,
2019/10/01 00:00,2019-10-01,Paradise_WA,46.783333,-121.733333,,,,,-0.9,,,,,5.08,1654,,,,274,0.0,,
2019/10/02 00:00,2019-10-02,Paradise_WA,46.783333,-121.733333,,,,,3.9,,,,,0.0,1654,,,,275,0.0,,
2019/10/03 00:00,2019-10-03,Paradise_WA,46.783333,-121.733333,,,,,5.7,,,,,0.0,1654,278.90312614942525,0.562220293609672,0.07858653366565704,276,0.07858653366565704,,
2019/10/04 00:00,2019-10-04,Paradise_WA,46.783333,-121.733333,,,,,2.5,,,,,2.54,1654,,,,277,0.07858653366565704,,
2019/10/05 00:00,2019-10-05,Paradise_WA,46.783333,-121.733333,,,,,1.2,,,,,7.62,1654,,,,278,0.07858653366565704,,
2019/10/06 00:00,2019-10-06,Paradise_WA,46.783333,-121.733333,,,,,3.5,,,,,5.08,1654,,,,279,0.0,,
2019/10/07 00:00,2019-10-07,Paradise_WA,46.783333,-121.733333,,,,,9.5,,,,,0.0,1654,,,,280,0.0,,
2019/10/08 00:00,2019-10-08,Paradise_WA,46.783333,-121.733333,,,,,6.6,,,,,2.54,1654,,,,281,0.0,,
2019/10/09 00:00,2019-10-09,Paradise_WA,46.783333,-121.733333,,,,,-3.6,,,,,12.7,1654,,,,282,0.0,,
2019/10/10 00:00,2019-10-10,Paradise_WA,46.783333,-121.733333,,,,,-1.0,,,,,12.7,1654,277.82700804597704,0.225984348013817,0.18187499046325684,283,0.18187499046325684,,
2019/10/11 00:00,2019-10-11,Paradise_WA,46.783333,-121.733333,,,,,3.3,,,,,12.7,1654,,,,284,0.18187499046325684,,
2019/10/12 00:00,2019-10-12,Paradise_WA,46.783333,-121.733333,,,,,7.0,,,,,10.16,1654,,,,285,0.18187499046325684,,
2019/10/13 00:00,2019-10-13,Paradise_WA,46.783333,-121.733333,,,,,8.4,,,,,2.54,1654,,,,286,0.0,,
2019/10/14 00:00,2019-10-14,Paradise_WA,46.783333,-121.733333,,,,,2.5,,,,,7.62,1654,,,,287,0.0,,
2019/10/15 00:00,2019-10-15,Paradise_WA,46.783333,-121.733333,,,,,5.6,,,,,5.08,1654,,,,288,0.0,,
2019/10/16 00:00,2019-10-16,Paradise_WA,46.783333,-121.733333,,,,,8.6,,,,,2.54,1654,,,,289,0.0,,
2019/10/17 00:00,2019-10-17,Paradise_WA,46.783333,-121.733333,,,,,4.8,,,,,7.62,1654,277.7839885057471,0.225984348013817,0.3757531940937042,290,0.3757531940937042,,
2019/10/18 00:00,2019-10-18,Paradise_WA,46.783333,-121.733333,,,,,0.7,,,,,10.16,1654,,,,291,0.3757531940937042,,
2019/10/19 00:00,2019-10-19,Paradise_WA,46.783333,-121.733333,,,,,-0.8,,,,,38.1,1654,,,,292,0.3757531940937042,,
2019/10/20 00:00,2019-10-20,Paradise_WA,46.783333,-121.733333,,,,,-0.8,,,,,96.52,1654,,,,293,0.0,,
2019/10/21 00:00,2019-10-21,Paradise_WA,46.783333,-121.733333,,,,,0.6,,,,,93.98,1654,,,,294,0.0,,
2019/10/22 00:00,2019-10-22,Paradise_WA,46.783333,-121.733333,,,,,5.0,,,,,101.6,1654,,,,295,0.0,,
2019/10/23 00:00,2019-10-23,Paradise_WA,46.783333,-121.733333,,,,,2.5,,,,,93.98,1654,,,,296,0.0,,
2019/10/24 00:00,2019-10-24,Paradise_WA,46.783333,-121.733333,,,,,5.6,,,,,91.44,1654,276.1715669129721,,0.28217947483062744,297,0.28217947483062744,,
2019/10/25 00:00,2019-10-25,Paradise_WA,46.783333,-121.733333,,,,,9.4,,,,,86.36,1654,,,,298,0.28217947483062744,,
2019/10/26 00:00,2019-10-26,Paradise_WA,46.783333,-121.733333,,,,,0.3,,,,,86.36,1654,,,,299,0.28217947483062744,,
2019/10/27 00:00,2019-10-27,Paradise_WA,46.783333,-121.733333,,,,,-0.9,,,,,86.36,1654,,,,300,0.0,,
2019/10/28 00:00,2019-10-28,Paradise_WA,46.783333,-121.733333,,,,,-0.3,,,,,81.28,1654,,,,301,0.0,,
2019/10/29 00:00,2019-10-29,Paradise_WA,46.783333,-121.733333,,,,,-0.8,,,,,83.82,1654,,,,302,0.0,,
2019/10/30 00:00,2019-10-30,Paradise_WA,46.783333,-121.733333,,,,,-4.1,,,,,142.24,1654,,,,303,0.0,,
2019/10/31 00:00,2019-10-31,Paradise_WA,46.783333,-121.733333,,,,,5.2,,,,,157.48,1654,277.9239344211823,0.32250305483592406,0.16063140332698822,304,0.16063140332698822,,
2019/11/01 00:00,2019-11-01,Paradise_WA,46.783333,-121.733333,,,,,2.8,,,,,157.48,1654,,,,305,0.16063140332698822,,
2019/11/02 00:00,2019-11-02,Paradise_WA,46.783333,-121.733333,,,,,6.4,,,,,137.16,1654,,,,306,0.16063140332698822,,
2019/11/03 00:00,2019-11-03,Paradise_WA,46.783333,-121.733333,,,,,7.2,,,,,104.14,1654,,,,307,0.0,,
2019/11/04 00:00,2019-11-04,Paradise_WA,46.783333,-121.733333,,,,,7.5,,,,,88.9,1654,,,,308,0.0,,
2019/11/05 00:00,2019-11-05,Paradise_WA,46.783333,-121.733333,,,,,8.6,,,,,81.28,1654,,,,309,0.0,,
2019/11/06 00:00,2019-11-06,Paradise_WA,46.783333,-121.733333,,,,,8.6,,,,,81.28,1654,,,,310,0.0,,
2019/11/07 00:00,2019-11-07,Paradise_WA,46.783333,-121.733333,,,,,5.2,,,,,81.28,1654,280.4346787356322,0.32250305483592406,0.1991249918937683,311,0.1991249918937683,,
2019/11/08 00:00,2019-11-08,Paradise_WA,46.783333,-121.733333,,,,,11.8,,,,,76.2,1654,,,,312,0.1991249918937683,,
2019/11/09 00:00,2019-11-09,Paradise_WA,46.783333,-121.733333,,,,,10.4,,,,,68.58,1654,,,,313,0.1991249918937683,,
2019/11/10 00:00,2019-11-10,Paradise_WA,46.783333,-121.733333,,,,,4.9,,,,,78.74,1654,,,,314,0.0,,
2019/11/11 00:00,2019-11-11,Paradise_WA,46.783333,-121.733333,,,,,4.8,,,,,66.04,1654,,,,315,0.0,,
2019/11/12 00:00,2019-11-12,Paradise_WA,46.783333,-121.733333,,,,,6.6,,,,,55.88,1654,,,,316,0.0,,
2019/11/13 00:00,2019-11-13,Paradise_WA,46.783333,-121.733333,,,,,3.2,,,,,55.88,1654,,,,317,0.0,,
2019/11/14 00:00,2019-11-14,Paradise_WA,46.783333,-121.733333,,,,,6.6,,,,,45.72,1654,275.70231896551724,0.272059795984456,0.2578044831752777,318,0.2578044831752777,,
2019/11/15 00:00,2019-11-15,Paradise_WA,46.783333,-121.733333,,,,,7.9,,,,,35.56,1654,,,,319,0.2578044831752777,,
2019/11/16 00:00,2019-11-16,Paradise_WA,46.783333,-121.733333,,,,,1.2,,,,,43.18,1654,,,,320,0.2578044831752777,,
2019/11/17 00:00,2019-11-17,Paradise_WA,46.783333,-121.733333,,,,,1.7,,,,,38.1,1654,,,,321,0.0,,
2019/11/18 00:00,2019-11-18,Paradise_WA,46.783333,-121.733333,,,,,5.5,,,,,35.56,1654,,,,322,0.0,,
2019/11/19 00:00,2019-11-19,Paradise_WA,46.783333,-121.733333,,,,,3.7,,,,,33.02,1654,,,,323,0.0,,
2019/11/20 00:00,2019-11-20,Paradise_WA,46.783333,-121.733333,,,,,0.1,,,,,40.64,1654,,,,324,0.0,,
2019/11/21 00:00,2019-11-21,Paradise_WA,46.783333,-121.733333,,,,,0.4,,,,,38.1,1654,276.29074454022987,0.272059795984456,0.16722756624221802,325,0.16722756624221802,,
2019/11/22 00:00,2019-11-22,Paradise_WA,46.783333,-121.733333,,,,,5.6,,,,,91.44,1654,,,,326,0.16722756624221802,,
2019/11/23 00:00,2019-11-23,Paradise_WA,46.783333,-121.733333,,,,,1.1,,,,,154.94,1654,,,,327,0.16722756624221802,,
2019/11/24 00:00,2019-11-24,Paradise_WA,46.783333,-121.733333,,,,,1.4,,,,,157.48,1654,,,,328,0.0,,
2019/11/25 00:00,2019-11-25,Paradise_WA,46.783333,-121.733333,,,,,-2.7,,,,,88.9,1654,,,,329,0.0,,
2019/11/26 00:00,2019-11-26,Paradise_WA,46.783333,-121.733333,,,,,-4.9,,,,,88.9,1654,,,,330,0.0,,
2019/11/27 00:00,2019-11-27,Paradise_WA,46.783333,-121.733333,,,,,-7.6,,,,,88.9,1654,,,,331,0.0,,
2019/11/28 00:00,2019-11-28,Paradise_WA,46.783333,-121.733333,,,,,-6.9,,,,,88.9,1654,270.9877591954023,0.19633796416234894,0.0778157040476799,332,0.0778157040476799,,
2019/11/29 00:00,2019-11-29,Paradise_WA,46.783333,-121.733333,,,,,-7.9,,,,,88.9,1654,,,,333,0.0778157040476799,,
2019/11/30 00:00,2019-11-30,Paradise_WA,46.783333,-121.733333,,,,,-5.8,,,,,119.38,1654,,,,334,0.0778157040476799,,
2019/12/01 00:00,2019-12-01,Paradise_WA,46.783333,-121.733333,,,,,-5.8,,,,,157.48,1654,,,,335,0.0,,
2019/12/02 00:00,2019-12-02,Paradise_WA,46.783333,-121.733333,,,,,-1.4,,,,,175.26,1654,,,,336,0.0,,
2019/12/03 00:00,2019-12-03,Paradise_WA,46.783333,-121.733333,,,,,0.8,,,,,149.86,1654,,,,337,0.0,,
2019/12/04 00:00,2019-12-04,Paradise_WA,46.783333,-121.733333,,,,,1.8,,,,,132.08,1654,,,,338,0.0,,
2019/12/05 00:00,2019-12-05,Paradise_WA,46.783333,-121.733333,,,,,2.2,,,,,124.46,1654,270.4944540229885,0.19633796416234894,0.15667788684368134,339,0.15667788684368134,,
2019/12/06 00:00,2019-12-06,Paradise_WA,46.783333,-121.733333,,,,,2.5,,,,,106.68,1654,,,,340,0.15667788684368134,,
2019/12/07 00:00,2019-12-07,Paradise_WA,46.783333,-121.733333,,,,,3.9,,,,,96.52,1654,,,,341,0.15667788684368134,,
2019/12/08 00:00,2019-12-08,Paradise_WA,46.783333,-121.733333,,,,,0.4,,,,,106.68,1654,,,,342,0.0,,
2019/12/09 00:00,2019-12-09,Paradise_WA,46.783333,-121.733333,,,,,-0.3,,,,,104.14,1654,,,,343,0.0,,
2019/12/10 00:00,2019-12-10,Paradise_WA,46.783333,-121.733333,,,,,2.3,,,,,101.6,1654,,,,344,0.0,,
2019/12/11 00:00,2019-12-11,Paradise_WA,46.783333,-121.733333,,,,,-0.1,,,,,111.76,1654,,,,345,0.0,,
2019/12/12 00:00,2019-12-12,Paradise_WA,46.783333,-121.733333,,,,,-0.6,,,,,116.84,1654,274.2010172413793,,0.17248396575450897,346,0.17248396575450897,,
2019/12/13 00:00,2019-12-13,Paradise_WA,46.783333,-121.733333,,,,,-2.1,,,,,149.86,1654,,,,347,0.17248396575450897,,
2019/12/14 00:00,2019-12-14,Paradise_WA,46.783333,-121.733333,,,,,-2.9,,,,,185.42,1654,,,,348,0.17248396575450897,,
2019/12/15 00:00,2019-12-15,Paradise_WA,46.783333,-121.733333,,,,,-3.9,,,,,193.04,1654,,,,349,0.0,,
2019/12/16 00:00,2019-12-16,Paradise_WA,46.783333,-121.733333,,,,,-5.4,,,,,195.58,1654,,,,350,0.0,,
2019/12/17 00:00,2019-12-17,Paradise_WA,46.783333,-121.733333,,,,,-0.7,,,,,193.04,1654,,,,351,0.0,,
2019/12/18 00:00,2019-12-18,Paradise_WA,46.783333,-121.733333,,,,,0.6,,,,,193.04,1654,,,,352,0.0,,
2019/12/19 00:00,2019-12-19,Paradise_WA,46.783333,-121.733333,,,,,-2.3,,,,,190.5,1654,,0.05387394753886013,0.4878685772418976,353,0.4878685772418976,,
2019/12/20 00:00,2019-12-20,Paradise_WA,46.783333,-121.733333,,,,,-0.2,,,,,218.44,1654,,,,354,0.4878685772418976,,
2019/12/21 00:00,2019-12-21,Paradise_WA,46.783333,-121.733333,,,,,1.3,,,,,223.52,1654,,,,355,0.4878685772418976,,
2019/12/22 00:00,2019-12-22,Paradise_WA,46.783333,-121.733333,,,,,-2.4,,,,,220.98,1654,,,,356,0.0,,
2019/12/23 00:00,2019-12-23,Paradise_WA,46.783333,-121.733333,,,,,-0.3,,,,,233.68,1654,,,,357,0.0,,
2019/12/24 00:00,2019-12-24,Paradise_WA,46.783333,-121.733333,,,,,-4.8,,,,,243.84,1654,,,,358,0.0,,
2019/12/25 00:00,2019-12-25,Paradise_WA,46.783333,-121.733333,,,,,-5.9,,,,,248.92,1654,,,,359,0.0,,
2019/12/26 00:00,2019-12-26,Paradise_WA,46.783333,-121.733333,,,,,-4.1,,,,,254.0,1654,266.58211781609197,0.055105219127806596,0.5982195138931274,360,0.5982195138931274,,
2019/12/27 00:00,2019-12-27,Paradise_WA,46.783333,-121.733333,,,,,-5.5,,,,,256.54,1654,,,,361,0.5982195138931274,,
2019/12/28 00:00,2019-12-28,Paradise_WA,46.783333,-121.733333,,,,,-3.5,,,,,261.62,1654,,,,362,0.5982195138931274,,
2019/12/29 00:00,2019-12-29,Paradise_WA,46.783333,-121.733333,,,,,0.4,,,,,266.7,1654,,,,363,0.0,,
2019/12/30 00:00,2019-12-30,Paradise_WA,46.783333,-121.733333,,,,,2.4,,,,,266.7,1654,,,,364,0.0,,
2019/12/31 00:00,2019-12-31,Paradise_WA,46.783333,-121.733333,,,,,-0.9,,,,,271.78,1654,,,,365,0.0,,
2020/01/01 00:00,2020-01-01,Paradise_WA,46.783333,-121.733333,,,,,-0.1,,,,,309.88,1654,,,,1,0.0,,
2020/01/02 00:00,2020-01-02,Paradise_WA,46.783333,-121.733333,,,,,-1.4,,,,,330.2,1654,266.58211781609197,0.055105219127806596,0.4308156967163086,2,0.4308156967163086,,
2020/01/03 00:00,2020-01-03,Paradise_WA,46.783333,-121.733333,,,,,-1.8,,,,,358.14,1654,,,,3,0.4308156967163086,,
2020/01/04 00:00,2020-01-04,Paradise_WA,46.783333,-121.733333,,,,,3.8,,,,,373.38,1654,,,,4,0.4308156967163086,,
2020/01/05 00:00,2020-01-05,Paradise_WA,46.783333,-121.733333,,,,,-4.4,,,,,421.64,1654,,,,5,0.0,,
2020/01/06 00:00,2020-01-06,Paradise_WA,46.783333,-121.733333,,,,,-5.9,,,,,447.04,1654,,,,6,0.0,,
2020/01/07 00:00,2020-01-07,Paradise_WA,46.783333,-121.733333,,,,,-1.2,,,,,566.42,1654,,,,7,0.0,,
2020/01/08 00:00,2020-01-08,Paradise_WA,46.783333,-121.733333,,,,,-0.1,,,,,624.84,1654,,,,8,0.0,,
2020/01/09 00:00,2020-01-09,Paradise_WA,46.783333,-121.733333,,,,,-6.8,,,,,660.4,1654,263.08,,0.3090384602546692,9,0.3090384602546692,,
2020/01/10 00:00,2020-01-10,Paradise_WA,46.783333,-121.733333,,,,,-5.8,,,,,670.56,1654,,,,10,0.3090384602546692,,
2020/01/11 00:00,2020-01-11,Paradise_WA,46.783333,-121.733333,,,,,-3.1,,,,,713.74,1654,,,,11,0.3090384602546692,,
2020/01/12 00:00,2020-01-12,Paradise_WA,46.783333,-121.733333,,,,,-5.9,,,,,787.4,1654,,,,12,0.0,,
2020/01/13 00:00,2020-01-13,Paradise_WA,46.783333,-121.733333,,,,,-7.6,,,,,853.44,1654,,,,13,0.0,,
2020/01/14 00:00,2020-01-14,Paradise_WA,46.783333,-121.733333,,,,,-7.4,,,,,883.92,1654,,,,14,0.0,,
2020/01/15 00:00,2020-01-15,Paradise_WA,46.783333,-121.733333,,,,,-11.9,,,,,901.7,1654,,,,15,0.0,,
2020/01/16 00:00,2020-01-16,Paradise_WA,46.783333,-121.733333,,,,,-7.3,,,,,911.86,1654,,0.01655104166666667,0.2310096174478531,16,0.2310096174478531,,
2020/01/17 00:00,2020-01-17,Paradise_WA,46.783333,-121.733333,,,,,-5.8,,,,,929.64,1654,,,,17,0.2310096174478531,,
2020/01/18 00:00,2020-01-18,Paradise_WA,46.783333,-121.733333,,,,,-6.7,,,,,932.18,1654,,,,18,0.2310096174478531,,
2020/01/19 00:00,2020-01-19,Paradise_WA,46.783333,-121.733333,,,,,-0.8,,,,,957.58,1654,,,,19,0.0,,
2020/01/20 00:00,2020-01-20,Paradise_WA,46.783333,-121.733333,,,,,2.4,,,,,960.12,1654,,,,20,0.0,,
2020/01/21 00:00,2020-01-21,Paradise_WA,46.783333,-121.733333,,,,,2.8,,,,,967.74,1654,,,,21,0.0,,
2020/01/22 00:00,2020-01-22,Paradise_WA,46.783333,-121.733333,,,,,-2.6,,,,,990.6,1654,,,,22,0.0,,
2020/01/23 00:00,2020-01-23,Paradise_WA,46.783333,-121.733333,,,,,-0.1,,,,,1036.32,1654,271.46991379310344,0.01655104166666667,0.528910219669342,23,0.528910219669342,,
2020/01/24 00:00,2020-01-24,Paradise_WA,46.783333,-121.733333,,,,,1.6,,,,,1043.94,1654,,,,24,0.528910219669342,,
2020/01/25 00:00,2020-01-25,Paradise_WA,46.783333,-121.733333,,,,,-0.6,,,,,1043.94,1654,,,,25,0.528910219669342,,
2020/01/26 00:00,2020-01-26,Paradise_WA,46.783333,-121.733333,,,,,0.3,,,,,1056.64,1654,,,,26,0.0,,
2020/01/27 00:00,2020-01-27,Paradise_WA,46.783333,-121.733333,,,,,-1.8,,,,,1069.34,1654,,,,27,0.0,,
2020/01/28 00:00,2020-01-28,Paradise_WA,46.783333,-121.733333,,,,,-1.2,,,,,1092.2,1654,,,,28,0.0,,
2020/01/29 00:00,2020-01-29,Paradise_WA,46.783333,-121.733333,,,,,0.1,,,,,1148.08,1654,,,,29,0.0,,
2020/01/30 00:00,2020-01-30,Paradise_WA,46.783333,-121.733333,,,,,-1.0,,,,,1188.72,1654,271.46991379310344,0.02698150906735752,0.7084406614303589,30,0.7084406614303589,,
2020/01/31 00:00,2020-01-31,Paradise_WA,46.783333,-121.733333,,,,,0.6,,,,,1193.8,1654,,,,31,0.7084406614303589,,
2020/02/01 00:00,2020-02-01,Paradise_WA,46.783333,-121.733333,,,,,3.8,,,,,1249.68,1654,,,,32,0.7084406614303589,,
2020/02/02 00:00,2020-02-02,Paradise_WA,46.783333,-121.733333,,,,,-3.7,,,,,1249.68,1654,,,,33,0.0,,
2020/02/03 00:00,2020-02-03,Paradise_WA,46.783333,-121.733333,,,,,-6.7,,,,,1211.58,1654,,,,34,0.0,,
2020/02/04 00:00,2020-02-04,Paradise_WA,46.783333,-121.733333,,,,,-6.8,,,,,1214.12,1654,,,,35,0.0,,
2020/02/05 00:00,2020-02-05,Paradise_WA,46.783333,-121.733333,,,,,-4.8,,,,,1226.82,1654,,,,36,0.0,,
2020/02/06 00:00,2020-02-06,Paradise_WA,46.783333,-121.733333,,,,,-0.3,,,,,1363.98,1654,270.52632471264366,0.02698150906735752,0.5948669910430908,37,0.5948669910430908,,
2020/02/07 00:00,2020-02-07,Paradise_WA,46.783333,-121.733333,,,,,-0.1,,,,,1506.22,1654,,,,38,0.5948669910430908,,
2020/02/08 00:00,2020-02-08,Paradise_WA,46.783333,-121.733333,,,,,-0.2,,,,,1579.88,1654,,,,39,0.5948669910430908,,
2020/02/09 00:00,2020-02-09,Paradise_WA,46.783333,-121.733333,,,,,-3.0,,,,,1633.22,1654,,,,40,0.0,,
2020/02/10 00:00,2020-02-10,Paradise_WA,46.783333,-121.733333,,,,,-2.7,,,,,1640.84,1654,,,,41,0.0,,
2020/02/11 00:00,2020-02-11,Paradise_WA,46.783333,-121.733333,,,,,-1.0,,,,,1648.46,1654,,,,42,0.0,,
2020/02/12 00:00,2020-02-12,Paradise_WA,46.783333,-121.733333,,,,,-1.8,,,,,1656.08,1654,,,,43,0.0,,
2020/02/13 00:00,2020-02-13,Paradise_WA,46.783333,-121.733333,,,,,0.5,,,,,1668.78,1654,269.4605275862069,0.06645603950777201,0.23298075795173645,44,0.23298075795173645,,
2020/02/14 00:00,2020-02-14,Paradise_WA,46.783333,-121.733333,,,,,-2.7,,,,,1676.4,1654,,,,45,0.23298075795173645,,
2020/02/15 00:00,2020-02-15,Paradise_WA,46.783333,-121.733333,,,,,-4.0,,,,,1704.34,1654,,,,46,0.23298075795173645,,
2020/02/16 00:00,2020-02-16,Paradise_WA,46.783333,-121.733333,,,,,-2.8,,,,,1747.52,1654,,,,47,0.0,,
2020/02/17 00:00,2020-02-17,Paradise_WA,46.783333,-121.733333,,,,,-4.6,,,,,1780.54,1654,,,,48,0.0,,
2020/02/18 00:00,2020-02-18,Paradise_WA,46.783333,-121.733333,,,,,-5.4,,,,,1795.78,1654,,,,49,0.0,,
2020/02/19 00:00,2020-02-19,Paradise_WA,46.783333,-121.733333,,,,,-4.1,,,,,1803.4,1654,,,,50,0.0,,
2020/02/20 00:00,2020-02-20,Paradise_WA,46.783333,-121.733333,,,,,-1.6,,,,,1811.02,1654,270.2597925287356,0.06645603950777201,0.12283653765916824,51,0.12283653765916824,,
2020/02/21 00:00,2020-02-21,Paradise_WA,46.783333,-121.733333,,,,,1.4,,,,,1813.56,1654,,,,52,0.12283653765916824,,
2020/02/22 00:00,2020-02-22,Paradise_WA,46.783333,-121.733333,,,,,1.8,,,,,1818.64,1654,,,,53,0.12283653765916824,,
2020/02/23 00:00,2020-02-23,Paradise_WA,46.783333,-121.733333,,,,,0.0,,,,,1821.18,1654,,,,54,0.0,,
2020/02/24 00:00,2020-02-24,Paradise_WA,46.783333,-121.733333,,,,,-4.6,,,,,1856.74,1654,,,,55,0.0,,
2020/02/25 00:00,2020-02-25,Paradise_WA,46.783333,-121.733333,,,,,-5.3,,,,,1882.14,1654,,,,56,0.0,,
2020/02/26 00:00,2020-02-26,Paradise_WA,46.783333,-121.733333,,,,,1.4,,,,,1887.22,1654,,,,57,0.0,,
2020/02/27 00:00,2020-02-27,Paradise_WA,46.783333,-121.733333,,,,,-0.8,,,,,1894.84,1654,273.2582643678161,,0.06005769222974777,58,0.06005769222974777,,
2020/02/28 00:00,2020-02-28,Paradise_WA,46.783333,-121.733333,,,,,3.4,,,,,1902.46,1654,,,,59,0.06005769222974777,,
2020/02/29 00:00,2020-02-29,Paradise_WA,46.783333,-121.733333,,,,,1.3,,,,,1905.0,1654,,,,60,0.06005769222974777,,
2020/03/01 00:00,2020-03-01,Paradise_WA,46.783333,-121.733333,,,,,-4.1,,,,,1945.64,1654,,,,61,0.0,,
2020/03/02 00:00,2020-03-02,Paradise_WA,46.783333,-121.733333,,,,,-4.7,,,,,1948.18,1654,,,,62,0.0,,
2020/03/03 00:00,2020-03-03,Paradise_WA,46.783333,-121.733333,,,,,-1.3,,,,,1976.12,1654,,,,63,0.0,,
2020/03/04 00:00,2020-03-04,Paradise_WA,46.783333,-121.733333,,,,,-0.6,,,,,1988.82,1654,,,,64,0.0,,
2020/03/05 00:00,2020-03-05,Paradise_WA,46.783333,-121.733333,,,,,-1.3,,,,,2011.68,1654,268.51571879936813,0.08895720378369512,0.08666025102138519,65,0.08666025102138519,,
2020/03/06 00:00,2020-03-06,Paradise_WA,46.783333,-121.733333,,,,,1.7,,,,,2014.22,1654,,,,66,0.08666025102138519,,
2020/03/07 00:00,2020-03-07,Paradise_WA,46.783333,-121.733333,,,,,-1.4,,,,,2024.38,1654,,,,67,0.08666025102138519,,
2020/03/08 00:00,2020-03-08,Paradise_WA,46.783333,-121.733333,,,,,-3.4,,,,,2029.46,1654,,,,68,0.0,,
2020/03/09 00:00,2020-03-09,Paradise_WA,46.783333,-121.733333,,,,,-2.3,,,,,2032.0,1654,,,,69,0.0,,
2020/03/10 00:00,2020-03-10,Paradise_WA,46.783333,-121.733333,,,,,0.1,,,,,2032.0,1654,,,,70,0.0,,
2020/03/11 00:00,2020-03-11,Paradise_WA,46.783333,-121.733333,,,,,-0.6,,,,,2037.08,1654,,,,71,0.0,,
2020/03/12 00:00,2020-03-12,Paradise_WA,46.783333,-121.733333,,,,,-0.9,,,,,2039.62,1654,271.51427898193765,,0.14092949032783508,72,0.14092949032783508,,
2020/03/13 00:00,2020-03-13,Paradise_WA,46.783333,-121.733333,,,,,0.0,,,,,2044.7,1654,,,,73,0.14092949032783508,,
2020/03/14 00:00,2020-03-14,Paradise_WA,46.783333,-121.733333,,,,,-4.7,,,,,2057.4,1654,,,,74,0.14092949032783508,,
2020/03/15 00:00,2020-03-15,Paradise_WA,46.783333,-121.733333,,,,,-8.7,,,,,2067.56,1654,,,,75,0.0,,
2020/03/16 00:00,2020-03-16,Paradise_WA,46.783333,-121.733333,,,,,-3.2,,,,,2077.72,1654,,,,76,0.0,,
2020/03/17 00:00,2020-03-17,Paradise_WA,46.783333,-121.733333,,,,,5.4,,,,,2077.72,1654,,,,77,0.0,,
2020/03/18 00:00,2020-03-18,Paradise_WA,46.783333,-121.733333,,,,,4.1,,,,,2077.72,1654,,,,78,0.0,,
2020/03/19 00:00,2020-03-19,Paradise_WA,46.783333,-121.733333,,,,,3.3,,,,,2059.94,1654,273.74773817733984,0.06142347797927461,0.15349358320236206,79,0.15349358320236206,,
2020/03/20 00:00,2020-03-20,Paradise_WA,46.783333,-121.733333,,,,,5.9,,,,,2052.32,1654,,,,80,0.15349358320236206,,
2020/03/21 00:00,2020-03-21,Paradise_WA,46.783333,-121.733333,,,,,5.4,,,,,2049.78,1654,,,,81,0.15349358320236206,,
2020/03/22 00:00,2020-03-22,Paradise_WA,46.783333,-121.733333,,,,,4.5,,,,,2054.86,1654,,,,82,0.0,,
2020/03/23 00:00,2020-03-23,Paradise_WA,46.783333,-121.733333,,,,,5.6,,,,,2062.48,1654,,,,83,0.0,,
2020/03/24 00:00,2020-03-24,Paradise_WA,46.783333,-121.733333,,,,,-2.8,,,,,2075.18,1654,,,,84,0.0,,
2020/03/25 00:00,2020-03-25,Paradise_WA,46.783333,-121.733333,,,,,-3.1,,,,,2098.04,1654,,,,85,0.0,,
2020/03/26 00:00,2020-03-26,Paradise_WA,46.783333,-121.733333,,,,,-2.3,,,,,2115.82,1654,272.7471063218391,0.06142347797927461,0.28216665983200073,86,0.28216665983200073,,
2020/03/27 00:00,2020-03-27,Paradise_WA,46.783333,-121.733333,,,,,-2.0,,,,,2120.9,1654,,,,87,0.28216665983200073,,
2020/03/28 00:00,2020-03-28,Paradise_WA,46.783333,-121.733333,,,,,-0.6,,,,,2131.06,1654,,,,88,0.28216665983200073,,
2020/03/29 00:00,2020-03-29,Paradise_WA,46.783333,-121.733333,,,,,-0.1,,,,,2159.0,1654,,,,89,0.0,,
2020/03/30 00:00,2020-03-30,Paradise_WA,46.783333,-121.733333,,,,,-0.8,,,,,2184.4,1654,,,,90,0.0,,
2020/03/31 00:00,2020-03-31,Paradise_WA,46.783333,-121.733333,,,,,-3.7,,,,,2219.96,1654,,,,91,0.0,,
2020/04/01 00:00,2020-04-01,Paradise_WA,46.783333,-121.733333,,,,,-3.8,,,,,2252.98,1654,,,,92,0.0,,
2020/04/02 00:00,2020-04-02,Paradise_WA,46.783333,-121.733333,,,,,-1.8,,,,,2263.14,1654,275.8172471264368,0.0328756206822107,0.20365704596042633,93,0.20365704596042633,,
2020/04/03 00:00,2020-04-03,Paradise_WA,46.783333,-121.733333,,,,,-2.9,,,,,2270.76,1654,,,,94,0.20365704596042633,,
2020/04/04 00:00,2020-04-04,Paradise_WA,46.783333,-121.733333,,,,,-5.3,,,,,2275.84,1654,,,,95,0.20365704596042633,,
2020/04/05 00:00,2020-04-05,Paradise_WA,46.783333,-121.733333,,,,,-2.2,,,,,2283.46,1654,,,,96,0.0,,
2020/04/06 00:00,2020-04-06,Paradise_WA,46.783333,-121.733333,,,,,2.0,,,,,2286.0,1654,,,,97,0.0,,
2020/04/07 00:00,2020-04-07,Paradise_WA,46.783333,-121.733333,,,,,3.9,,,,,2286.0,1654,,,,98,0.0,,
2020/04/08 00:00,2020-04-08,Paradise_WA,46.783333,-121.733333,,,,,3.9,,,,,2260.6,1654,,,,99,0.0,,
2020/04/09 00:00,2020-04-09,Paradise_WA,46.783333,-121.733333,,,,,9.2,,,,,2235.2,1654,277.74755541871923,0.0328756206822107,0.07434294372797012,100,0.07434294372797012,,
2020/04/10 00:00,2020-04-10,Paradise_WA,46.783333,-121.733333,,,,,10.0,,,,,2202.18,1654,,,,101,0.07434294372797012,,
2020/04/11 00:00,2020-04-11,Paradise_WA,46.783333,-121.733333,,,,,8.1,,,,,2194.56,1654,,,,102,0.07434294372797012,,
2020/04/12 00:00,2020-04-12,Paradise_WA,46.783333,-121.733333,,,,,1.7,,,,,2214.88,1654,,,,103,0.0,,
2020/04/13 00:00,2020-04-13,Paradise_WA,46.783333,-121.733333,,,,,3.3,,,,,2222.5,1654,,,,104,0.0,,
2020/04/14 00:00,2020-04-14,Paradise_WA,46.783333,-121.733333,,,,,5.8,,,,,2232.66,1654,,,,105,0.0,,
2020/04/15 00:00,2020-04-15,Paradise_WA,46.783333,-121.733333,,,,,6.4,,,,,2235.2,1654,,,,106,0.0,,
2020/04/16 00:00,2020-04-16,Paradise_WA,46.783333,-121.733333,,,,,6.1,,,,,2235.2,1654,278.6932146962233,0.0543070919689119,0.09530448168516159,107,0.09530448168516159,,
2020/04/17 00:00,2020-04-17,Paradise_WA,46.783333,-121.733333,,,,,8.1,,,,,2242.82,1654,,,,108,0.09530448168516159,,
2020/04/18 00:00,2020-04-18,Paradise_WA,46.783333,-121.733333,,,,,10.2,,,,,2240.28,1654,,,,109,0.09530448168516159,,
2020/04/19 00:00,2020-04-19,Paradise_WA,46.783333,-121.733333,,,,,2.4,,,,,2250.44,1654,,,,110,0.0,,
2020/04/20 00:00,2020-04-20,Paradise_WA,46.783333,-121.733333,,,,,5.1,,,,,2247.9,1654,,,,111,0.0,,
2020/04/21 00:00,2020-04-21,Paradise_WA,46.783333,-121.733333,,,,,8.9,,,,,2263.14,1654,,,,112,0.0,,
2020/04/22 00:00,2020-04-22,Paradise_WA,46.783333,-121.733333,,,,,4.0,,,,,2252.98,1654,,,,113,0.0,,
2020/04/23 00:00,2020-04-23,Paradise_WA,46.783333,-121.733333,,,,,2.8,,,,,2286.0,1654,279.8718261494253,0.0543070919689119,0.16967947781085968,114,0.16967947781085968,,
2020/04/24 00:00,2020-04-24,Paradise_WA,46.783333,-121.733333,,,,,3.3,,,,,2293.62,1654,,,,115,0.16967947781085968,,
2020/04/25 00:00,2020-04-25,Paradise_WA,46.783333,-121.733333,,,,,6.1,,,,,2242.82,1654,,,,116,0.16967947781085968,,
2020/04/26 00:00,2020-04-26,Paradise_WA,46.783333,-121.733333,,,,,3.6,,,,,2334.26,1654,,,,117,0.0,,
2020/04/27 00:00,2020-04-27,Paradise_WA,46.783333,-121.733333,,,,,6.8,,,,,2250.44,1654,,,,118,0.0,,
2020/04/28 00:00,2020-04-28,Paradise_WA,46.783333,-121.733333,,,,,4.1,,,,,2298.7,1654,,,,119,0.0,,
2020/04/29 00:00,2020-04-29,Paradise_WA,46.783333,-121.733333,,,,,9.0,,,,,2235.2,1654,,,,120,0.0,,
2020/04/30 00:00,2020-04-30,Paradise_WA,46.783333,-121.733333,,,,,7.9,,,,,2227.58,1654,279.3062816091954,,0.18048237264156342,121,0.18048237264156342,,
2020/05/01 00:00,2020-05-01,Paradise_WA,46.783333,-121.733333,,,,,2.0,,,,,2252.98,1654,,,,122,0.18048237264156342,,
2020/05/02 00:00,2020-05-02,Paradise_WA,46.783333,-121.733333,,,,,2.9,,,,,2202.18,1654,,,,123,0.18048237264156342,,
2020/05/03 00:00,2020-05-03,Paradise_WA,46.783333,-121.733333,,,,,1.6,,,,,2230.12,1654,,,,124,0.0,,
2020/05/04 00:00,2020-05-04,Paradise_WA,46.783333,-121.733333,,,,,0.0,,,,,2237.74,1654,,,,125,0.0,,
2020/05/05 00:00,2020-05-05,Paradise_WA,46.783333,-121.733333,,,,,6.5,,,,,2212.34,1654,,,,126,0.0,,
2020/05/06 00:00,2020-05-06,Paradise_WA,46.783333,-121.733333,,,,,9.7,,,,,2209.8,1654,,,,127,0.0,,
2020/05/07 00:00,2020-05-07,Paradise_WA,46.783333,-121.733333,,,,,0.2,,,,,2247.9,1654,279.10807068965516,0.032721184153713306,0.10520993173122406,128,0.10520993173122406,,
2020/05/08 00:00,2020-05-08,Paradise_WA,46.783333,-121.733333,,,,,9.7,,,,,2227.58,1654,,,,129,0.10520993173122406,,
2020/05/09 00:00,2020-05-09,Paradise_WA,46.783333,-121.733333,,,,,12.0,,,,,2227.58,1654,,,,130,0.10520993173122406,,
2020/05/10 00:00,2020-05-10,Paradise_WA,46.783333,-121.733333,,,,,14.3,,,,,2227.58,1654,,,,131,0.0,,
2020/05/11 00:00,2020-05-11,Paradise_WA,46.783333,-121.733333,,,,,14.3,,,,,2186.94,1654,,,,132,0.0,,
2020/05/12 00:00,2020-05-12,Paradise_WA,46.783333,-121.733333,,,,,7.1,,,,,2161.54,1654,,,,133,0.0,,
2020/05/13 00:00,2020-05-13,Paradise_WA,46.783333,-121.733333,,,,,4.5,,,,,2146.3,1654,,,,134,0.0,,
2020/05/14 00:00,2020-05-14,Paradise_WA,46.783333,-121.733333,,,,,5.5,,,,,2128.52,1654,279.7015948275863,0.032721184153713306,0.1416025608778,135,0.1416025608778,,
2020/05/15 00:00,2020-05-15,Paradise_WA,46.783333,-121.733333,,,,,5.7,,,,,2115.82,1654,,,,136,0.1416025608778,,
2020/05/16 00:00,2020-05-16,Paradise_WA,46.783333,-121.733333,,,,,7.8,,,,,2092.96,1654,,,,137,0.1416025608778,,
2020/05/17 00:00,2020-05-17,Paradise_WA,46.783333,-121.733333,,,,,7.1,,,,,2085.34,1654,,,,138,0.0,,
2020/05/18 00:00,2020-05-18,Paradise_WA,46.783333,-121.733333,,,,,5.7,,,,,2077.72,1654,,,,139,0.0,,
2020/05/19 00:00,2020-05-19,Paradise_WA,46.783333,-121.733333,,,,,5.8,,,,,2054.86,1654,,,,140,0.0,,
2020/05/20 00:00,2020-05-20,Paradise_WA,46.783333,-121.733333,,,,,4.0,,,,,2042.16,1654,,,,141,0.0,,
2020/05/21 00:00,2020-05-21,Paradise_WA,46.783333,-121.733333,,,,,2.6,,,,,2029.46,1654,278.9182300884956,0.06367641407599313,0.13410256803035736,142,0.13410256803035736,,
2020/05/22 00:00,2020-05-22,Paradise_WA,46.783333,-121.733333,,,,,0.3,,,,,2032.0,1654,,,,143,0.13410256803035736,,
2020/05/23 00:00,2020-05-23,Paradise_WA,46.783333,-121.733333,,,,,1.4,,,,,2044.7,1654,,,,144,0.13410256803035736,,
2020/05/24 00:00,2020-05-24,Paradise_WA,46.783333,-121.733333,,,,,4.1,,,,,2044.7,1654,,,,145,0.0,,
2020/05/25 00:00,2020-05-25,Paradise_WA,46.783333,-121.733333,,,,,9.8,,,,,2044.7,1654,,,,146,0.0,,
2020/05/26 00:00,2020-05-26,Paradise_WA,46.783333,-121.733333,,,,,6.6,,,,,2042.16,1654,,,,147,0.0,,
2020/05/27 00:00,2020-05-27,Paradise_WA,46.783333,-121.733333,,,,,8.7,,,,,2024.38,1654,,,,148,0.0,,
2020/05/28 00:00,2020-05-28,Paradise_WA,46.783333,-121.733333,,,,,16.4,,,,,1993.9,1654,291.9548218390804,0.06367641407599313,0.13826602697372437,149,0.13826602697372437,,
2020/05/29 00:00,2020-05-29,Paradise_WA,46.783333,-121.733333,,,,,19.4,,,,,1950.72,1654,,,,150,0.13826602697372437,,
2020/05/30 00:00,2020-05-30,Paradise_WA,46.783333,-121.733333,,,,,17.5,,,,,1902.46,1654,,,,151,0.13826602697372437,,
2020/05/31 00:00,2020-05-31,Paradise_WA,46.783333,-121.733333,,,,,3.5,,,,,1882.14,1654,,,,152,0.0,,
2020/06/01 00:00,2020-06-01,Paradise_WA,46.783333,-121.733333,,,,,2.4,,,,,1856.74,1654,,,,153,0.0,,
2020/06/02 00:00,2020-06-02,Paradise_WA,46.783333,-121.733333,,,,,8.8,,,,,1833.88,1654,,,,154,0.0,,
2020/06/03 00:00,2020-06-03,Paradise_WA,46.783333,-121.733333,,,,,7.5,,,,,1816.1,1654,,,,155,0.0,,
2020/06/04 00:00,2020-06-04,Paradise_WA,46.783333,-121.733333,,,,,11.8,,,,,1793.24,1654,287.07377099236646,0.09943430483592394,0.1577051281929016,156,0.1577051281929016,,
2020/06/05 00:00,2020-06-05,Paradise_WA,46.783333,-121.733333,,,,,8.8,,,,,1772.92,1654,,,,157,0.1577051281929016,,
2020/06/06 00:00,2020-06-06,Paradise_WA,46.783333,-121.733333,,,,,5.0,,,,,1752.6,1654,,,,158,0.1577051281929016,,
2020/06/07 00:00,2020-06-07,Paradise_WA,46.783333,-121.733333,,,,,2.7,,,,,1742.44,1654,,,,159,0.0,,
2020/06/08 00:00,2020-06-08,Paradise_WA,46.783333,-121.733333,,,,,1.6,,,,,1729.74,1654,,,,160,0.0,,
2020/06/09 00:00,2020-06-09,Paradise_WA,46.783333,-121.733333,,,,,3.5,,,,,1722.12,1654,,,,161,0.0,,
2020/06/10 00:00,2020-06-10,Paradise_WA,46.783333,-121.733333,,,,,6.0,,,,,1696.72,1654,,,,162,0.0,,
2020/06/11 00:00,2020-06-11,Paradise_WA,46.783333,-121.733333,,,,,10.5,,,,,1676.4,1654,279.56,0.09943430483592394,0.18998396396636963,163,0.18998396396636963,,
2020/06/12 00:00,2020-06-12,Paradise_WA,46.783333,-121.733333,,,,,12.6,,,,,1643.38,1654,,,,164,0.18998396396636963,,
2020/06/13 00:00,2020-06-13,Paradise_WA,46.783333,-121.733333,,,,,4.5,,,,,1610.36,1654,,,,165,0.18998396396636963,,
2020/06/14 00:00,2020-06-14,Paradise_WA,46.783333,-121.733333,,,,,2.1,,,,,1602.74,1654,,,,166,0.0,,
2020/06/15 00:00,2020-06-15,Paradise_WA,46.783333,-121.733333,,,,,4.5,,,,,1590.04,1654,,,,167,0.0,,
2020/06/16 00:00,2020-06-16,Paradise_WA,46.783333,-121.733333,,,,,3.2,,,,,1587.5,1654,,,,168,0.0,,
2020/06/17 00:00,2020-06-17,Paradise_WA,46.783333,-121.733333,,,,,3.7,,,,,1579.88,1654,,,,169,0.0,,
2020/06/18 00:00,2020-06-18,Paradise_WA,46.783333,-121.733333,,,,,6.2,,,,,1549.4,1654,291.67031321839085,,0.17009614408016205,170,0.17009614408016205,,
2020/06/19 00:00,2020-06-19,Paradise_WA,46.783333,-121.733333,,,,,15.9,,,,,1516.38,1654,,,,171,0.17009614408016205,,
2020/06/20 00:00,2020-06-20,Paradise_WA,46.783333,-121.733333,,,,,18.0,,,,,1480.82,1654,,,,172,0.17009614408016205,,
2020/06/21 00:00,2020-06-21,Paradise_WA,46.783333,-121.733333,,,,,9.2,,,,,1424.94,1654,,,,173,0.0,,
2020/06/22 00:00,2020-06-22,Paradise_WA,46.783333,-121.733333,,,,,8.6,,,,,1404.62,1654,,,,174,0.0,,
2020/06/23 00:00,2020-06-23,Paradise_WA,46.783333,-121.733333,,,,,19.5,,,,,1371.6,1654,,,,175,0.0,,
2020/06/24 00:00,2020-06-24,Paradise_WA,46.783333,-121.733333,,,,,22.4,,,,,1305.56,1654,,,,176,0.0,,
2020/06/25 00:00,2020-06-25,Paradise_WA,46.783333,-121.733333,,,,,12.1,,,,,1244.6,1654,291.3329,0.13777784434369605,0.07212339341640472,177,0.07212339341640472,,
2020/06/26 00:00,2020-06-26,Paradise_WA,46.783333,-121.733333,,,,,18.7,,,,,1201.42,1654,,,,178,0.07212339341640472,,
2020/06/27 00:00,2020-06-27,Paradise_WA,46.783333,-121.733333,,,,,17.7,,,,,1148.08,1654,,,,179,0.07212339341640472,,
2020/06/28 00:00,2020-06-28,Paradise_WA,46.783333,-121.733333,,,,,8.5,,,,,1092.2,1654,,,,180,0.0,,
2020/06/29 00:00,2020-06-29,Paradise_WA,46.783333,-121.733333,,,,,5.0,,,,,1066.8,1654,,,,181,0.0,,
2020/06/30 00:00,2020-06-30,Paradise_WA,46.783333,-121.733333,,,,,12.3,,,,,1041.4,1654,,,,182,0.0,,
2020/07/01 00:00,2020-07-01,Paradise_WA,46.783333,-121.733333,,,,,5.9,,,,,998.22,1654,,,,183,0.0,,
2020/07/02 00:00,2020-07-02,Paradise_WA,46.783333,-121.733333,,,,,4.7,,,,,972.82,1654,286.5022155172414,,0.09042467921972275,184,0.09042467921972275,,
2020/07/03 00:00,2020-07-03,Paradise_WA,46.783333,-121.733333,,,,,6.6,,,,,937.26,1654,,,,185,0.09042467921972275,,
2020/07/04 00:00,2020-07-04,Paradise_WA,46.783333,-121.733333,,,,,11.4,,,,,919.48,1654,,,,186,0.09042467921972275,,
2020/07/05 00:00,2020-07-05,Paradise_WA,46.783333,-121.733333,,,,,10.4,,,,,883.92,1654,,,,187,0.0,,
2020/07/06 00:00,2020-07-06,Paradise_WA,46.783333,-121.733333,,,,,13.8,,,,,830.58,1654,,,,188,0.0,,
2020/07/07 00:00,2020-07-07,Paradise_WA,46.783333,-121.733333,,,,,12.3,,,,,789.94,1654,,,,189,0.0,,
2020/07/08 00:00,2020-07-08,Paradise_WA,46.783333,-121.733333,,,,,8.7,,,,,731.52,1654,,,,190,0.0,,
2020/07/09 00:00,2020-07-09,Paradise_WA,46.783333,-121.733333,,,,,10.7,,,,,690.88,1654,289.517917179803,0.431568318221071,0.08730769157409668,191,0.08730769157409668,,
2020/07/10 00:00,2020-07-10,Paradise_WA,46.783333,-121.733333,,,,,10.8,,,,,660.4,1654,,,,192,0.08730769157409668,,
2020/07/11 00:00,2020-07-11,Paradise_WA,46.783333,-121.733333,,,,,16.0,,,,,619.76,1654,,,,193,0.08730769157409668,,
2020/07/12 00:00,2020-07-12,Paradise_WA,46.783333,-121.733333,,,,,10.6,,,,,584.2,1654,,,,194,0.0,,
2020/07/13 00:00,2020-07-13,Paradise_WA,46.783333,-121.733333,,,,,12.0,,,,,530.86,1654,,,,195,0.0,,
2020/07/14 00:00,2020-07-14,Paradise_WA,46.783333,-121.733333,,,,,14.9,,,,,495.3,1654,,,,196,0.0,,
2020/07/15 00:00,2020-07-15,Paradise_WA,46.783333,-121.733333,,,,,18.3,,,,,452.12,1654,,,,197,0.0,,
2020/07/16 00:00,2020-07-16,Paradise_WA,46.783333,-121.733333,,,,,19.1,,,,,401.32,1654,292.4751894810171,0.431568318221071,0.023028844967484474,198,0.023028844967484474,,
2020/07/17 00:00,2020-07-17,Paradise_WA,46.783333,-121.733333,,,,,17.9,,,,,353.06,1654,,,,199,0.023028844967484474,,
2020/07/18 00:00,2020-07-18,Paradise_WA,46.783333,-121.733333,,,,,12.2,,,,,309.88,1654,,,,200,0.023028844967484474,,
2020/07/19 00:00,2020-07-19,Paradise_WA,46.783333,-121.733333,,,,,17.8,,,,,269.24,1654,,,,201,0.0,,
2020/07/20 00:00,2020-07-20,Paradise_WA,46.783333,-121.733333,,,,,20.0,,,,,213.36,1654,,,,202,0.0,,
2020/07/21 00:00,2020-07-21,Paradise_WA,46.783333,-121.733333,,,,,24.0,,,,,104.14,1654,,,,203,0.0,,
2020/07/22 00:00,2020-07-22,Paradise_WA,46.783333,-121.733333,,,,,20.8,,,,,55.88,1654,,,,204,0.0,,
2020/07/23 00:00,2020-07-23,Paradise_WA,46.783333,-121.733333,,,,,17.5,,,,,-7.62,1654,295.82932257053295,0.7118553810449052,0.01076923031359911,205,0.01076923031359911,,
2020/07/24 00:00,2020-07-24,Paradise_WA,46.783333,-121.733333,,,,,13.8,,,,,,1654,,,,206,0.01076923031359911,,
2020/07/25 00:00,2020-07-25,Paradise_WA,46.783333,-121.733333,,,,,8.6,,,,,-10.16,1654,,,,207,0.01076923031359911,,
2020/07/26 00:00,2020-07-26,Paradise_WA,46.783333,-121.733333,,,,,16.2,,,,,,1654,,,,208,0.0,,
2020/07/27 00:00,2020-07-27,Paradise_WA,46.783333,-121.733333,,,,,24.5,,,,,,1654,,,,209,0.0,,
2020/07/28 00:00,2020-07-28,Paradise_WA,46.783333,-121.733333,,,,,26.6,,,,,,1654,,,,210,0.0,,
2020/07/29 00:00,2020-07-29,Paradise_WA,46.783333,-121.733333,,,,,21.6,,,,,,1654,,,,211,0.0,,
2020/07/30 00:00,2020-07-30,Paradise_WA,46.783333,-121.733333,,,,,23.2,,,,,,1654,297.43769157088127,0.7118553810449052,0.012224358506500721,212,0.012224358506500721,,
2020/07/31 00:00,2020-07-31,Paradise_WA,46.783333,-121.733333,,,,,25.8,,,,,,1654,,,,213,0.012224358506500721,,
2020/08/01 00:00,2020-08-01,Paradise_WA,46.783333,-121.733333,,,,,21.7,,,,,,1654,,,,214,0.012224358506500721,,
2020/08/02 00:00,2020-08-02,Paradise_WA,46.783333,-121.733333,,,,,17.2,,,,,,1654,,,,215,0.0,,
2020/08/03 00:00,2020-08-03,Paradise_WA,46.783333,-121.733333,,,,,18.2,,,,,,1654,,,,216,0.0,,
2020/08/04 00:00,2020-08-04,Paradise_WA,46.783333,-121.733333,,,,,17.1,,,,,,1654,,,,217,0.0,,
2020/08/05 00:00,2020-08-05,Paradise_WA,46.783333,-121.733333,,,,,19.6,,,,,,1654,,,,218,0.0,,
2020/08/06 00:00,2020-08-06,Paradise_WA,46.783333,-121.733333,,,,,18.2,,,,,,1654,292.77726724137926,0.7947030548359244,0.038874998688697815,219,0.038874998688697815,,
2020/08/07 00:00,2020-08-07,Paradise_WA,46.783333,-121.733333,,,,,6.2,,,,,-10.16,1654,,,,220,0.038874998688697815,,
2020/08/08 00:00,2020-08-08,Paradise_WA,46.783333,-121.733333,,,,,13.9,,,,,,1654,,,,221,0.038874998688697815,,
2020/08/09 00:00,2020-08-09,Paradise_WA,46.783333,-121.733333,,,,,9.9,,,,,-7.62,1654,,,,222,0.0,,
2020/08/10 00:00,2020-08-10,Paradise_WA,46.783333,-121.733333,,,,,15.8,,,,,,1654,,,,223,0.0,,
2020/08/11 00:00,2020-08-11,Paradise_WA,46.783333,-121.733333,,,,,18.9,,,,,,1654,,,,224,0.0,,
2020/08/12 00:00,2020-08-12,Paradise_WA,46.783333,-121.733333,,,,,14.8,,,,,-12.7,1654,,,,225,0.0,,
2020/08/13 00:00,2020-08-13,Paradise_WA,46.783333,-121.733333,,,,,9.4,,,,,-7.62,1654,294.7743612852665,0.7947030548359244,0.044150639325380325,226,0.044150639325380325,,
2020/08/14 00:00,2020-08-14,Paradise_WA,46.783333,-121.733333,,,,,12.8,,,,,-10.16,1654,,,,227,0.044150639325380325,,
2020/08/15 00:00,2020-08-15,Paradise_WA,46.783333,-121.733333,,,,,18.5,,,,,-12.7,1654,,,,228,0.044150639325380325,,
2020/08/16 00:00,2020-08-16,Paradise_WA,46.783333,-121.733333,,,,,25.8,,,,,,1654,,,,229,0.0,,
2020/08/17 00:00,2020-08-17,Paradise_WA,46.783333,-121.733333,,,,,25.2,,,,,,1654,,,,230,0.0,,
2020/08/18 00:00,2020-08-18,Paradise_WA,46.783333,-121.733333,,,,,24.5,,,,,,1654,,,,231,0.0,,
2020/08/19 00:00,2020-08-19,Paradise_WA,46.783333,-121.733333,,,,,19.0,,,,,,1654,,,,232,0.0,,
2020/08/20 00:00,2020-08-20,Paradise_WA,46.783333,-121.733333,,,,,17.9,,,,,-12.7,1654,294.92407852664576,,0.023701922968029976,233,0.023701922968029976,,
2020/08/21 00:00,2020-08-21,Paradise_WA,46.783333,-121.733333,,,,,15.4,,,,,-12.7,1654,,,,234,0.023701922968029976,,
2020/08/22 00:00,2020-08-22,Paradise_WA,46.783333,-121.733333,,,,,9.6,,,,,-7.62,1654,,,,235,0.023701922968029976,,
2020/08/23 00:00,2020-08-23,Paradise_WA,46.783333,-121.733333,,,,,13.2,,,,,,1654,,,,236,0.0,,
2020/08/24 00:00,2020-08-24,Paradise_WA,46.783333,-121.733333,,,,,15.9,,,,,-12.7,1654,,,,237,0.0,,
2020/08/25 00:00,2020-08-25,Paradise_WA,46.783333,-121.733333,,,,,13.0,,,,,,1654,,,,238,0.0,,
2020/08/26 00:00,2020-08-26,Paradise_WA,46.783333,-121.733333,,,,,14.0,,,,,-12.7,1654,,,,239,0.0,,
2020/08/27 00:00,2020-08-27,Paradise_WA,46.783333,-121.733333,,,,,14.8,,,,,-12.7,1654,291.18318180076625,0.7928690414507779,0.014123396947979927,240,0.014123396947979927,,
2020/08/28 00:00,2020-08-28,Paradise_WA,46.783333,-121.733333,,,,,14.9,,,,,-12.7,1654,,,,241,0.014123396947979927,,
2020/08/29 00:00,2020-08-29,Paradise_WA,46.783333,-121.733333,,,,,16.5,,,,,-10.16,1654,,,,242,0.014123396947979927,,
2020/08/30 00:00,2020-08-30,Paradise_WA,46.783333,-121.733333,,,,,11.0,,,,,-7.62,1654,,,,243,0.0,,
2020/08/31 00:00,2020-08-31,Paradise_WA,46.783333,-121.733333,,,,,12.7,,,,,-7.62,1654,,,,244,0.0,,
2020/09/01 00:00,2020-09-01,Paradise_WA,46.783333,-121.733333,,,,,8.2,,,,,-5.08,1654,,,,245,0.0,,
2020/09/02 00:00,2020-09-02,Paradise_WA,46.783333,-121.733333,,,,,18.0,,,,,-10.16,1654,,,,246,0.0,,
2020/09/03 00:00,2020-09-03,Paradise_WA,46.783333,-121.733333,,,,,18.2,,,,,-12.7,1654,293.5818531347962,0.7928690414507779,0.023193910717964172,247,0.023193910717964172,,
2020/09/04 00:00,2020-09-04,Paradise_WA,46.783333,-121.733333,,,,,21.1,,,,,,1654,,,,248,0.023193910717964172,,
2020/09/05 00:00,2020-09-05,Paradise_WA,46.783333,-121.733333,,,,,20.1,,,,,,1654,,,,249,0.023193910717964172,,
2020/09/06 00:00,2020-09-06,Paradise_WA,46.783333,-121.733333,,,,,15.9,,,,,-12.7,1654,,,,250,0.0,,
2020/09/07 00:00,2020-09-07,Paradise_WA,46.783333,-121.733333,,,,,18.2,,,,,-12.7,1654,,,,251,0.0,,
2020/09/08 00:00,2020-09-08,Paradise_WA,46.783333,-121.733333,,,,,15.9,,,,,-10.16,1654,,,,252,0.0,,
2020/09/09 00:00,2020-09-09,Paradise_WA,46.783333,-121.733333,,,,,14.7,,,,,-7.62,1654,,,,253,0.0,,
2020/09/10 00:00,2020-09-10,Paradise_WA,46.783333,-121.733333,,,,,19.0,,,,,-10.16,1654,294.6330373563219,0.7543006422711573,0.013525640591979027,254,0.013525640591979027,,
2020/09/11 00:00,2020-09-11,Paradise_WA,46.783333,-121.733333,,,,,24.2,,,,,-12.7,1654,,,,255,0.013525640591979027,,
2020/09/12 00:00,2020-09-12,Paradise_WA,46.783333,-121.733333,,,,,18.3,,,,,-12.7,1654,,,,256,0.013525640591979027,,
2020/09/13 00:00,2020-09-13,Paradise_WA,46.783333,-121.733333,,,,,15.2,,,,,-10.16,1654,,,,257,0.0,,
2020/09/14 00:00,2020-09-14,Paradise_WA,46.783333,-121.733333,,,,,18.4,,,,,-10.16,1654,,,,258,0.0,,
2020/09/15 00:00,2020-09-15,Paradise_WA,46.783333,-121.733333,,,,,17.5,,,,,-10.16,1654,,,,259,0.0,,
2020/09/16 00:00,2020-09-16,Paradise_WA,46.783333,-121.733333,,,,,19.2,,,,,-10.16,1654,,,,260,0.0,,
2020/09/17 00:00,2020-09-17,Paradise_WA,46.783333,-121.733333,,,,,16.5,,,,,-10.16,1654,294.3083505747127,0.7543006422711573,0.15048076212406158,261,0.15048076212406158,,
2020/09/18 00:00,2020-09-18,Paradise_WA,46.783333,-121.733333,,,,,17.0,,,,,-10.16,1654,,,,262,0.15048076212406158,,
2020/09/19 00:00,2020-09-19,Paradise_WA,46.783333,-121.733333,,,,,8.0,,,,,-2.54,1654,,,,263,0.15048076212406158,,
2020/09/20 00:00,2020-09-20,Paradise_WA,46.783333,-121.733333,,,,,8.1,,,,,-7.62,1654,,,,264,0.0,,
2020/09/21 00:00,2020-09-21,Paradise_WA,46.783333,-121.733333,,,,,11.1,,,,,-10.16,1654,,,,265,0.0,,
2020/09/22 00:00,2020-09-22,Paradise_WA,46.783333,-121.733333,,,,,12.8,,,,,-7.62,1654,,,,266,0.0,,
2020/09/23 00:00,2020-09-23,Paradise_WA,46.783333,-121.733333,,,,,10.6,,,,,-7.62,1654,,,,267,0.0,,
2020/09/24 00:00,2020-09-24,Paradise_WA,46.783333,-121.733333,,,,,8.5,,,,,7.62,1654,292.4472198275862,0.7243873003022455,0.30668267607688904,268,0.30668267607688904,,
2020/09/25 00:00,2020-09-25,Paradise_WA,46.783333,-121.733333,,,,,5.1,,,,,-2.54,1654,,,,269,0.30668267607688904,,
2020/09/26 00:00,2020-09-26,Paradise_WA,46.783333,-121.733333,,,,,4.1,,,,,0.0,1654,,,,270,0.30668267607688904,,
2020/09/27 00:00,2020-09-27,Paradise_WA,46.783333,-121.733333,,,,,4.4,,,,,-2.54,1654,,,,271,0.0,,
2020/09/28 00:00,2020-09-28,Paradise_WA,46.783333,-121.733333,,,,,10.4,,,,,-5.08,1654,,,,272,0.0,,
2020/09/29 00:00,2020-09-29,Paradise_WA,46.783333,-121.733333,,,,,20.4,,,,,-7.62,1654,,,,273,0.0,,
2020/09/30 00:00,2020-09-30,Paradise_WA,46.783333,-121.733333,,,,,20.5,,,,,-7.62,1654,,,,274,0.0,,
2020/10/01 00:00,2020-10-01,Paradise_WA,46.783333,-121.733333,,,,,20.1,,,,,-12.7,1654,292.515368338558,0.7243873003022455,0.05748717859387398,275,0.05748717859387398,,
2020/10/02 00:00,2020-10-02,Paradise_WA,46.783333,-121.733333,,,,,20.6,,,,,-12.7,1654,,,,276,0.05748717859387398,,
2020/10/03 00:00,2020-10-03,Paradise_WA,46.783333,-121.733333,,,,,18.4,,,,,-10.16,1654,,,,277,0.05748717859387398,,
2020/10/04 00:00,2020-10-04,Paradise_WA,46.783333,-121.733333,,,,,15.4,,,,,-7.62,1654,,,,278,0.0,,
2020/10/05 00:00,2020-10-05,Paradise_WA,46.783333,-121.733333,,,,,10.8,,,,,-7.62,1654,,,,279,0.0,,
2020/10/06 00:00,2020-10-06,Paradise_WA,46.783333,-121.733333,,,,,15.2,,,,,-5.08,1654,,,,280,0.0,,
2020/10/07 00:00,2020-10-07,Paradise_WA,46.783333,-121.733333,,,,,17.9,,,,,-7.62,1654,,,,281,0.0,,
2020/10/08 00:00,2020-10-08,Paradise_WA,46.783333,-121.733333,,,,,14.2,,,,,-7.62,1654,292.0308534482759,,0.4317948520183563,282,0.4317948520183563,,
2020/10/09 00:00,2020-10-09,Paradise_WA,46.783333,-121.733333,,,,,10.2,,,,,-7.62,1654,,,,283,0.4317948520183563,,
2020/10/10 00:00,2020-10-10,Paradise_WA,46.783333,-121.733333,,,,,11.8,,,,,-5.08,1654,,,,284,0.4317948520183563,,
2020/10/11 00:00,2020-10-11,Paradise_WA,46.783333,-121.733333,,,,,0.3,,,,,0.0,1654,,,,285,0.0,,
2020/10/12 00:00,2020-10-12,Paradise_WA,46.783333,-121.733333,,,,,4.2,,,,,25.4,1654,,,,286,0.0,,
2020/10/13 00:00,2020-10-13,Paradise_WA,46.783333,-121.733333,,,,,2.5,,,,,2.54,1654,,,,287,0.0,,
2020/10/14 00:00,2020-10-14,Paradise_WA,46.783333,-121.733333,,,,,1.3,,,,,5.08,1654,,,,288,0.0,,
2020/10/15 00:00,2020-10-15,Paradise_WA,46.783333,-121.733333,,,,,0.7,,,,,15.24,1654,278.1048275862069,0.5366469721502591,0.444038450717926,289,0.444038450717926,,
2020/10/16 00:00,2020-10-16,Paradise_WA,46.783333,-121.733333,,,,,5.0,,,,,10.16,1654,,,,290,0.444038450717926,,
2020/10/17 00:00,2020-10-17,Paradise_WA,46.783333,-121.733333,,,,,6.8,,,,,2.54,1654,,,,291,0.444038450717926,,
2020/10/18 00:00,2020-10-18,Paradise_WA,46.783333,-121.733333,,,,,2.4,,,,,2.54,1654,,,,292,0.0,,
2020/10/19 00:00,2020-10-19,Paradise_WA,46.783333,-121.733333,,,,,6.1,,,,,2.54,1654,,,,293,0.0,,
2020/10/20 00:00,2020-10-20,Paradise_WA,46.783333,-121.733333,,,,,3.3,,,,,2.54,1654,,,,294,0.0,,
2020/10/21 00:00,2020-10-21,Paradise_WA,46.783333,-121.733333,,,,,1.3,,,,,5.08,1654,,,,295,0.0,,
2020/10/22 00:00,2020-10-22,Paradise_WA,46.783333,-121.733333,,,,,-1.8,,,,,7.62,1654,274.7134241379311,,0.07900641113519669,296,0.07900641113519669,,
2020/10/23 00:00,2020-10-23,Paradise_WA,46.783333,-121.733333,,,,,-0.7,,,,,10.16,1654,,,,297,0.07900641113519669,,
2020/10/24 00:00,2020-10-24,Paradise_WA,46.783333,-121.733333,,,,,1.8,,,,,30.48,1654,,,,298,0.07900641113519669,,
2020/10/25 00:00,2020-10-25,Paradise_WA,46.783333,-121.733333,,,,,-5.5,,,,,15.24,1654,,,,299,0.0,,
2020/10/26 00:00,2020-10-26,Paradise_WA,46.783333,-121.733333,,,,,-2.9,,,,,63.5,1654,,,,300,0.0,,
2020/10/27 00:00,2020-10-27,Paradise_WA,46.783333,-121.733333,,,,,1.3,,,,,76.2,1654,,,,301,0.0,,
2020/10/28 00:00,2020-10-28,Paradise_WA,46.783333,-121.733333,,,,,4.0,,,,,76.2,1654,,,,302,0.0,,
2020/10/29 00:00,2020-10-29,Paradise_WA,46.783333,-121.733333,,,,,7.9,,,,,55.88,1654,279.9135440613026,0.6530031573834199,0.10805609077215195,303,0.10805609077215195,,
2020/10/30 00:00,2020-10-30,Paradise_WA,46.783333,-121.733333,,,,,8.1,,,,,48.26,1654,,,,304,0.10805609077215195,,
2020/10/31 00:00,2020-10-31,Paradise_WA,46.783333,-121.733333,,,,,-0.1,,,,,38.1,1654,,,,305,0.10805609077215195,,
2020/11/01 00:00,2020-11-01,Paradise_WA,46.783333,-121.733333,,,,,8.2,,,,,35.56,1654,,,,306,0.0,,
2020/11/02 00:00,2020-11-02,Paradise_WA,46.783333,-121.733333,,,,,12.9,,,,,22.86,1654,,,,307,0.0,,
2020/11/03 00:00,2020-11-03,Paradise_WA,46.783333,-121.733333,,,,,12.0,,,,,17.78,1654,,,,308,0.0,,
2020/11/04 00:00,2020-11-04,Paradise_WA,46.783333,-121.733333,,,,,7.6,,,,,15.24,1654,,,,309,0.0,,
2020/11/05 00:00,2020-11-05,Paradise_WA,46.783333,-121.733333,,,,,6.6,,,,,0.0,1654,282.83251724137926,0.6530031573834199,0.23973877727985382,310,0.23973877727985382,,
2020/11/06 00:00,2020-11-06,Paradise_WA,46.783333,-121.733333,,,,,-0.6,,,,,7.62,1654,,,,311,0.23973877727985382,,
2020/11/07 00:00,2020-11-07,Paradise_WA,46.783333,-121.733333,,,,,-1.0,,,,,20.32,1654,,,,312,0.23973877727985382,,
2020/11/08 00:00,2020-11-08,Paradise_WA,46.783333,-121.733333,,,,,-4.8,,,,,20.32,1654,,,,313,0.0,,
2020/11/09 00:00,2020-11-09,Paradise_WA,46.783333,-121.733333,,,,,-4.8,,,,,27.94,1654,,,,314,0.0,,
2020/11/10 00:00,2020-11-10,Paradise_WA,46.783333,-121.733333,,,,,-5.9,,,,,30.48,1654,,,,315,0.0,,
2020/11/11 00:00,2020-11-11,Paradise_WA,46.783333,-121.733333,,,,,-3.4,,,,,73.66,1654,,,,316,0.0,,
2020/11/12 00:00,2020-11-12,Paradise_WA,46.783333,-121.733333,,,,,-5.2,,,,,78.74,1654,,0.15430794473229711,0.5009294748306274,317,0.5009294748306274,,
2020/11/13 00:00,2020-11-13,Paradise_WA,46.783333,-121.733333,,,,,-3.4,,,,,78.74,1654,,,,318,0.5009294748306274,,
2020/11/14 00:00,2020-11-14,Paradise_WA,46.783333,-121.733333,,,,,-4.1,,,,,132.08,1654,,,,319,0.5009294748306274,,
2020/11/15 00:00,2020-11-15,Paradise_WA,46.783333,-121.733333,,,,,-2.7,,,,,157.48,1654,,,,320,0.0,,
2020/11/16 00:00,2020-11-16,Paradise_WA,46.783333,-121.733333,,,,,-1.8,,,,,210.82,1654,,,,321,0.0,,
2020/11/17 00:00,2020-11-17,Paradise_WA,46.783333,-121.733333,,,,,3.9,,,,,182.88,1654,,,,322,0.0,,
2020/11/18 00:00,2020-11-18,Paradise_WA,46.783333,-121.733333,,,,,1.7,,,,,195.58,1654,,,,323,0.0,,
2020/11/19 00:00,2020-11-19,Paradise_WA,46.783333,-121.733333,,,,,-2.2,,,,,226.06,1654,271.5364683908046,0.15430794473229711,0.5516986846923828,324,0.5516986846923828,,
2020/11/20 00:00,2020-11-20,Paradise_WA,46.783333,-121.733333,,,,,-3.1,,,,,271.78,1654,,,,325,0.5516986846923828,,
2020/11/21 00:00,2020-11-21,Paradise_WA,46.783333,-121.733333,,,,,-1.5,,,,,287.02,1654,,,,326,0.5516986846923828,,
2020/11/22 00:00,2020-11-22,Paradise_WA,46.783333,-121.733333,,,,,-0.2,,,,,292.1,1654,,,,327,0.0,,
2020/11/23 00:00,2020-11-23,Paradise_WA,46.783333,-121.733333,,,,,-1.4,,,,,297.18,1654,,,,328,0.0,,
2020/11/24 00:00,2020-11-24,Paradise_WA,46.783333,-121.733333,,,,,-3.0,,,,,327.66,1654,,,,329,0.0,,
2020/11/25 00:00,2020-11-25,Paradise_WA,46.783333,-121.733333,,,,,-0.3,,,,,337.82,1654,,,,330,0.0,,
2020/11/26 00:00,2020-11-26,Paradise_WA,46.783333,-121.733333,,,,,-3.1,,,,,363.22,1654,272.17789367816096,0.16361691493955105,0.17953364551067352,331,0.17953364551067352,,
2020/11/27 00:00,2020-11-27,Paradise_WA,46.783333,-121.733333,,,,,-2.4,,,,,368.3,1654,,,,332,0.17953364551067352,,
2020/11/28 00:00,2020-11-28,Paradise_WA,46.783333,-121.733333,,,,,0.4,,,,,375.92,1654,,,,333,0.17953364551067352,,
2020/11/29 00:00,2020-11-29,Paradise_WA,46.783333,-121.733333,,,,,-1.8,,,,,383.54,1654,,,,334,0.0,,
2020/11/30 00:00,2020-11-30,Paradise_WA,46.783333,-121.733333,,,,,1.6,,,,,388.62,1654,,,,335,0.0,,
2020/12/01 00:00,2020-12-01,Paradise_WA,46.783333,-121.733333,,,,,-4.7,,,,,424.18,1654,,,,336,0.0,,
2020/12/02 00:00,2020-12-02,Paradise_WA,46.783333,-121.733333,,,,,0.3,,,,,431.8,1654,,,,337,0.0,,
2020/12/03 00:00,2020-12-03,Paradise_WA,46.783333,-121.733333,,,,,6.6,,,,,431.8,1654,274.056160816913,0.16361691493955105,0.10110416263341904,338,0.10110416263341904,,
2020/12/04 00:00,2020-12-04,Paradise_WA,46.783333,-121.733333,,,,,3.0,,,,,436.88,1654,,,,339,0.10110416263341904,,
2020/12/05 00:00,2020-12-05,Paradise_WA,46.783333,-121.733333,,,,,10.1,,,,,436.88,1654,,,,340,0.10110416263341904,,
2020/12/06 00:00,2020-12-06,Paradise_WA,46.783333,-121.733333,,,,,4.7,,,,,439.42,1654,,,,341,0.0,,
2020/12/07 00:00,2020-12-07,Paradise_WA,46.783333,-121.733333,,,,,0.1,,,,,444.5,1654,,,,342,0.0,,
2020/12/08 00:00,2020-12-08,Paradise_WA,46.783333,-121.733333,,,,,7.9,,,,,444.5,1654,,,,343,0.0,,
2020/12/09 00:00,2020-12-09,Paradise_WA,46.783333,-121.733333,,,,,5.7,,,,,441.96,1654,,,,344,0.0,,
2020/12/10 00:00,2020-12-10,Paradise_WA,46.783333,-121.733333,,,,,-2.2,,,,,424.18,1654,274.30171839080464,,0.15059295296669006,345,0.15059295296669006,,
2020/12/11 00:00,2020-12-11,Paradise_WA,46.783333,-121.733333,,,,,-2.7,,,,,429.26,1654,,,,346,0.15059295296669006,,
2020/12/12 00:00,2020-12-12,Paradise_WA,46.783333,-121.733333,,,,,-4.6,,,,,441.96,1654,,,,347,0.15059295296669006,,
2020/12/13 00:00,2020-12-13,Paradise_WA,46.783333,-121.733333,,,,,-3.4,,,,,444.5,1654,,,,348,0.0,,
2020/12/14 00:00,2020-12-14,Paradise_WA,46.783333,-121.733333,,,,,-2.8,,,,,462.28,1654,,,,349,0.0,,
2020/12/15 00:00,2020-12-15,Paradise_WA,46.783333,-121.733333,,,,,-3.2,,,,,477.52,1654,,,,350,0.0,,
2020/12/16 00:00,2020-12-16,Paradise_WA,46.783333,-121.733333,,,,,-1.8,,,,,497.84,1654,,,,351,0.0,,
2020/12/17 00:00,2020-12-17,Paradise_WA,46.783333,-121.733333,,,,,-0.2,,,,,518.16,1654,269.3513606321839,0.07403656627806565,0.5938461422920227,352,0.5938461422920227,,
2020/12/18 00:00,2020-12-18,Paradise_WA,46.783333,-121.733333,,,,,-2.5,,,,,563.88,1654,,,,353,0.5938461422920227,,
2020/12/19 00:00,2020-12-19,Paradise_WA,46.783333,-121.733333,,,,,-1.3,,,,,576.58,1654,,,,354,0.5938461422920227,,
2020/12/20 00:00,2020-12-20,Paradise_WA,46.783333,-121.733333,,,,,-0.7,,,,,609.6,1654,,,,355,0.0,,
2020/12/21 00:00,2020-12-21,Paradise_WA,46.783333,-121.733333,,,,,-0.3,,,,,657.86,1654,,,,356,0.0,,
2020/12/22 00:00,2020-12-22,Paradise_WA,46.783333,-121.733333,,,,,2.6,,,,,675.64,1654,,,,357,0.0,,
2020/12/23 00:00,2020-12-23,Paradise_WA,46.783333,-121.733333,,,,,-5.5,,,,,685.8,1654,,,,358,0.0,,
2020/12/24 00:00,2020-12-24,Paradise_WA,46.783333,-121.733333,,,,,2.4,,,,,685.8,1654,270.78902298850574,0.07403656627806565,0.49610576033592224,359,0.49610576033592224,,
2020/12/25 00:00,2020-12-25,Paradise_WA,46.783333,-121.733333,,,,,4.5,,,,,685.8,1654,,,,360,0.49610576033592224,,
2020/12/26 00:00,2020-12-26,Paradise_WA,46.783333,-121.733333,,,,,-1.6,,,,,698.5,1654,,,,361,0.49610576033592224,,
2020/12/27 00:00,2020-12-27,Paradise_WA,46.783333,-121.733333,,,,,-3.6,,,,,723.9,1654,,,,362,0.0,,
2020/12/28 00:00,2020-12-28,Paradise_WA,46.783333,-121.733333,,,,,-2.4,,,,,734.06,1654,,,,363,0.0,,
2020/12/29 00:00,2020-12-29,Paradise_WA,46.783333,-121.733333,,,,,-0.4,,,,,739.14,1654,,,,364,0.0,,
2020/12/30 00:00,2020-12-30,Paradise_WA,46.783333,-121.733333,,,,,-1.8,,,,,741.68,1654,,,,365,0.0,,
2020/12/31 00:00,2020-12-31,Paradise_WA,46.783333,-121.733333,,,,,-2.2,,,,,807.72,1654,270.427,0.051112840025906756,0.38184934854507446,366,0.38184934854507446,,
2021/01/01 00:00,2021-01-01,Paradise_WA,46.783333,-121.733333,,,,,-1.0,,,,,853.44,1654,,,,1,0.38184934854507446,,
2021/01/02 00:00,2021-01-02,Paradise_WA,46.783333,-121.733333,,,,,1.5,,,,,878.84,1654,,,,2,0.38184934854507446,,
2021/01/03 00:00,2021-01-03,Paradise_WA,46.783333,-121.733333,,,,,-0.7,,,,,929.64,1654,,,,3,0.0,,
2021/01/04 00:00,2021-01-04,Paradise_WA,46.783333,-121.733333,,,,,-2.1,,,,,990.6,1654,,,,4,0.0,,
2021/01/05 00:00,2021-01-05,Paradise_WA,46.783333,-121.733333,,,,,-1.8,,,,,1033.78,1654,,,,5,0.0,,
2021/01/06 00:00,2021-01-06,Paradise_WA,46.783333,-121.733333,,,,,-1.1,,,,,1056.64,1654,,,,6,0.0,,
2021/01/07 00:00,2021-01-07,Paradise_WA,46.783333,-121.733333,,,,,-1.5,,,,,1092.2,1654,268.4967931034483,0.051112840025906756,0.8380032181739807,7,0.8380032181739807,,
2021/01/08 00:00,2021-01-08,Paradise_WA,46.783333,-121.733333,,,,,-1.1,,,,,1092.2,1654,,,,8,0.8380032181739807,,
2021/01/09 00:00,2021-01-09,Paradise_WA,46.783333,-121.733333,,,,,-2.6,,,,,1104.9,1654,,,,9,0.8380032181739807,,
2021/01/10 00:00,2021-01-10,Paradise_WA,46.783333,-121.733333,,,,,-1.6,,,,,1109.98,1654,,,,10,0.0,,
2021/01/11 00:00,2021-01-11,Paradise_WA,46.783333,-121.733333,,,,,0.3,,,,,1115.06,1654,,,,11,0.0,,
2021/01/12 00:00,2021-01-12,Paradise_WA,46.783333,-121.733333,,,,,0.3,,,,,1132.84,1654,,,,12,0.0,,
2021/01/13 00:00,2021-01-13,Paradise_WA,46.783333,-121.733333,,,,,3.7,,,,,1150.62,1654,,,,13,0.0,,
2021/01/14 00:00,2021-01-14,Paradise_WA,46.783333,-121.733333,,,,,-4.6,,,,,1178.56,1654,270.10218390804596,0.10010474417098453,0.5559775829315186,14,0.5559775829315186,,
2021/01/15 00:00,2021-01-15,Paradise_WA,46.783333,-121.733333,,,,,3.8,,,,,1163.32,1654,,,,15,0.5559775829315186,,
2021/01/16 00:00,2021-01-16,Paradise_WA,46.783333,-121.733333,,,,,-0.3,,,,,1158.24,1654,,,,16,0.5559775829315186,,
2021/01/17 00:00,2021-01-17,Paradise_WA,46.783333,-121.733333,,,,,-0.3,,,,,1153.16,1654,,,,17,0.0,,
2021/01/18 00:00,2021-01-18,Paradise_WA,46.783333,-121.733333,,,,,-0.8,,,,,1160.78,1654,,,,18,0.0,,
2021/01/19 00:00,2021-01-19,Paradise_WA,46.783333,-121.733333,,,,,-1.5,,,,,1163.32,1654,,,,19,0.0,,
2021/01/20 00:00,2021-01-20,Paradise_WA,46.783333,-121.733333,,,,,-0.3,,,,,1160.78,1654,,,,20,0.0,,
2021/01/21 00:00,2021-01-21,Paradise_WA,46.783333,-121.733333,,,,,-0.4,,,,,1158.24,1654,269.6926077586207,0.10010474417098453,0.04443909972906113,21,0.04443909972906113,,
2021/01/22 00:00,2021-01-22,Paradise_WA,46.783333,-121.733333,,,,,-1.4,,,,,1176.02,1654,,,,22,0.04443909972906113,,
2021/01/23 00:00,2021-01-23,Paradise_WA,46.783333,-121.733333,,,,,-2.7,,,,,1173.48,1654,,,,23,0.04443909972906113,,
2021/01/24 00:00,2021-01-24,Paradise_WA,46.783333,-121.733333,,,,,-2.8,,,,,1173.48,1654,,,,24,0.0,,
2021/01/25 00:00,2021-01-25,Paradise_WA,46.783333,-121.733333,,,,,-4.6,,,,,1176.02,1654,,,,25,0.0,,
2021/01/26 00:00,2021-01-26,Paradise_WA,46.783333,-121.733333,,,,,-6.0,,,,,1183.64,1654,,,,26,0.0,,
2021/01/27 00:00,2021-01-27,Paradise_WA,46.783333,-121.733333,,,,,-8.4,,,,,1186.18,1654,,,,27,0.0,,
2021/01/28 00:00,2021-01-28,Paradise_WA,46.783333,-121.733333,,,,,-4.6,,,,,1193.8,1654,268.62743103448275,0.02047310556994819,0.09328044950962067,28,0.09328044950962067,,
2021/01/29 00:00,2021-01-29,Paradise_WA,46.783333,-121.733333,,,,,-1.3,,,,,1196.34,1654,,,,29,0.09328044950962067,,
2021/01/30 00:00,2021-01-30,Paradise_WA,46.783333,-121.733333,,,,,-3.7,,,,,1196.34,1654,,,,30,0.09328044950962067,,
2021/01/31 00:00,2021-01-31,Paradise_WA,46.783333,-121.733333,,,,,-0.3,,,,,1203.96,1654,,,,31,0.0,,
2021/02/01 00:00,2021-02-01,Paradise_WA,46.783333,-121.733333,,,,,1.0,,,,,1206.5,1654,,,,32,0.0,,
2021/02/02 00:00,2021-02-02,Paradise_WA,46.783333,-121.733333,,,,,0.7,,,,,1219.2,1654,,,,33,0.0,,
2021/02/03 00:00,2021-02-03,Paradise_WA,46.783333,-121.733333,,,,,-4.9,,,,,1244.6,1654,,,,34,0.0,,
2021/02/04 00:00,2021-02-04,Paradise_WA,46.783333,-121.733333,,,,,-3.7,,,,,1252.22,1654,267.4423563218391,0.02047310556994819,0.14433813095092773,35,0.14433813095092773,,
2021/02/05 00:00,2021-02-05,Paradise_WA,46.783333,-121.733333,,,,,-1.8,,,,,1259.84,1654,,,,36,0.14433813095092773,,
2021/02/06 00:00,2021-02-06,Paradise_WA,46.783333,-121.733333,,,,,-0.8,,,,,1310.64,1654,,,,37,0.14433813095092773,,
2021/02/07 00:00,2021-02-07,Paradise_WA,46.783333,-121.733333,,,,,-2.6,,,,,1341.12,1654,,,,38,0.0,,
2021/02/08 00:00,2021-02-08,Paradise_WA,46.783333,-121.733333,,,,,-5.2,,,,,1361.44,1654,,,,39,0.0,,
2021/02/09 00:00,2021-02-09,Paradise_WA,46.783333,-121.733333,,,,,-6.2,,,,,1369.06,1654,,,,40,0.0,,
2021/02/10 00:00,2021-02-10,Paradise_WA,46.783333,-121.733333,,,,,-4.7,,,,,1369.06,1654,,,,41,0.0,,
2021/02/11 00:00,2021-02-11,Paradise_WA,46.783333,-121.733333,,,,,-8.2,,,,,1369.06,1654,261.78359124087586,,0.13410256803035736,42,0.13410256803035736,,
2021/02/12 00:00,2021-02-12,Paradise_WA,46.783333,-121.733333,,,,,-10.6,,,,,1379.22,1654,,,,43,0.13410256803035736,,
2021/02/13 00:00,2021-02-13,Paradise_WA,46.783333,-121.733333,,,,,-12.4,,,,,1407.16,1654,,,,44,0.13410256803035736,,
2021/02/14 00:00,2021-02-14,Paradise_WA,46.783333,-121.733333,,,,,-5.9,,,,,1485.9,1654,,,,45,0.0,,
2021/02/15 00:00,2021-02-15,Paradise_WA,46.783333,-121.733333,,,,,-2.1,,,,,1501.14,1654,,,,46,0.0,,
2021/02/16 00:00,2021-02-16,Paradise_WA,46.783333,-121.733333,,,,,-2.6,,,,,1569.72,1654,,,,47,0.0,,
2021/02/17 00:00,2021-02-17,Paradise_WA,46.783333,-121.733333,,,,,-3.6,,,,,1625.6,1654,,,,48,0.0,,
2021/02/18 00:00,2021-02-18,Paradise_WA,46.783333,-121.733333,,,,,-3.8,,,,,1645.92,1654,265.0881034482759,0.058199265975820404,0.2903846204280853,49,0.2903846204280853,,
2021/02/19 00:00,2021-02-19,Paradise_WA,46.783333,-121.733333,,,,,-2.7,,,,,1661.16,1654,,,,50,0.2903846204280853,,
2021/02/20 00:00,2021-02-20,Paradise_WA,46.783333,-121.733333,,,,,-3.6,,,,,1676.4,1654,,,,51,0.2903846204280853,,
2021/02/21 00:00,2021-02-21,Paradise_WA,46.783333,-121.733333,,,,,-4.7,,,,,1689.1,1654,,,,52,0.0,,
2021/02/22 00:00,2021-02-22,Paradise_WA,46.783333,-121.733333,,,,,-0.9,,,,,1732.28,1654,,,,53,0.0,,
2021/02/23 00:00,2021-02-23,Paradise_WA,46.783333,-121.733333,,,,,-1.8,,,,,1826.26,1654,,,,54,0.0,,
2021/02/24 00:00,2021-02-24,Paradise_WA,46.783333,-121.733333,,,,,-5.4,,,,,1861.82,1654,,,,55,0.0,,
2021/02/25 00:00,2021-02-25,Paradise_WA,46.783333,-121.733333,,,,,-4.2,,,,,1877.06,1654,269.5325902298851,,0.36663299798965454,56,0.36663299798965454,,
2021/02/26 00:00,2021-02-26,Paradise_WA,46.783333,-121.733333,,,,,-5.3,,,,,1920.24,1654,,,,57,0.36663299798965454,,
2021/02/27 00:00,2021-02-27,Paradise_WA,46.783333,-121.733333,,,,,-4.9,,,,,1983.74,1654,,,,58,0.36663299798965454,,
2021/02/28 00:00,2021-02-28,Paradise_WA,46.783333,-121.733333,,,,,-4.4,,,,,2006.6,1654,,,,59,0.0,,
2021/03/01 00:00,2021-03-01,Paradise_WA,46.783333,-121.733333,,,,,0.1,,,,,2016.76,1654,,,,60,0.0,,
2021/03/02 00:00,2021-03-02,Paradise_WA,46.783333,-121.733333,,,,,0.7,,,,,2019.3,1654,,,,61,0.0,,
2021/03/03 00:00,2021-03-03,Paradise_WA,46.783333,-121.733333,,,,,0.3,,,,,2021.84,1654,,,,62,0.0,,
2021/03/04 00:00,2021-03-04,Paradise_WA,46.783333,-121.733333,,,,,2.7,,,,,2026.92,1654,271.50715517241383,0.06184528281519863,0.19070352613925934,63,0.19070352613925934,,
2021/03/05 00:00,2021-03-05,Paradise_WA,46.783333,-121.733333,,,,,1.5,,,,,2024.38,1654,,,,64,0.19070352613925934,,
2021/03/06 00:00,2021-03-06,Paradise_WA,46.783333,-121.733333,,,,,-2.6,,,,,2042.16,1654,,,,65,0.19070352613925934,,
2021/03/07 00:00,2021-03-07,Paradise_WA,46.783333,-121.733333,,,,,-2.3,,,,,2047.24,1654,,,,66,0.0,,
2021/03/08 00:00,2021-03-08,Paradise_WA,46.783333,-121.733333,,,,,-4.7,,,,,2059.94,1654,,,,67,0.0,,
2021/03/09 00:00,2021-03-09,Paradise_WA,46.783333,-121.733333,,,,,-3.0,,,,,2065.02,1654,,,,68,0.0,,
2021/03/10 00:00,2021-03-10,Paradise_WA,46.783333,-121.733333,,,,,-1.1,,,,,2067.56,1654,,,,69,0.0,,
2021/03/11 00:00,2021-03-11,Paradise_WA,46.783333,-121.733333,,,,,-1.6,,,,,2072.64,1654,272.37502902298854,0.06184528281519863,0.1595352590084076,70,0.1595352590084076,,
2021/03/12 00:00,2021-03-12,Paradise_WA,46.783333,-121.733333,,,,,1.7,,,,,2075.18,1654,,,,71,0.1595352590084076,,
2021/03/13 00:00,2021-03-13,Paradise_WA,46.783333,-121.733333,,,,,3.6,,,,,2077.72,1654,,,,72,0.1595352590084076,,
2021/03/14 00:00,2021-03-14,Paradise_WA,46.783333,-121.733333,,,,,5.9,,,,,2080.26,1654,,,,73,0.0,,
2021/03/15 00:00,2021-03-15,Paradise_WA,46.783333,-121.733333,,,,,-0.4,,,,,2090.42,1654,,,,74,0.0,,
2021/03/16 00:00,2021-03-16,Paradise_WA,46.783333,-121.733333,,,,,-5.4,,,,,2095.5,1654,,,,75,0.0,,
2021/03/17 00:00,2021-03-17,Paradise_WA,46.783333,-121.733333,,,,,1.7,,,,,2100.58,1654,,,,76,0.0,,
2021/03/18 00:00,2021-03-18,Paradise_WA,46.783333,-121.733333,,,,,5.2,,,,,2105.66,1654,271.6580761494253,0.0510332469775475,0.1974359005689621,77,0.1974359005689621,,
2021/03/19 00:00,2021-03-19,Paradise_WA,46.783333,-121.733333,,,,,2.0,,,,,2108.2,1654,,,,78,0.1974359005689621,,
2021/03/20 00:00,2021-03-20,Paradise_WA,46.783333,-121.733333,,,,,-1.5,,,,,2120.9,1654,,,,79,0.1974359005689621,,
2021/03/21 00:00,2021-03-21,Paradise_WA,46.783333,-121.733333,,,,,-2.1,,,,,2159.0,1654,,,,80,0.0,,
2021/03/22 00:00,2021-03-22,Paradise_WA,46.783333,-121.733333,,,,,-3.8,,,,,2166.62,1654,,,,81,0.0,,
2021/03/23 00:00,2021-03-23,Paradise_WA,46.783333,-121.733333,,,,,-2.7,,,,,2212.34,1654,,,,82,0.0,,
2021/03/24 00:00,2021-03-24,Paradise_WA,46.783333,-121.733333,,,,,-0.8,,,,,2219.96,1654,,,,83,0.0,,
2021/03/25 00:00,2021-03-25,Paradise_WA,46.783333,-121.733333,,,,,-1.0,,,,,2260.6,1654,274.2998563218391,0.0510332469775475,0.21144230663776398,84,0.21144230663776398,,
2021/03/26 00:00,2021-03-26,Paradise_WA,46.783333,-121.733333,,,,,-0.3,,,,,2283.46,1654,,,,85,0.21144230663776398,,
2021/03/27 00:00,2021-03-27,Paradise_WA,46.783333,-121.733333,,,,,-0.9,,,,,2296.16,1654,,,,86,0.21144230663776398,,
2021/03/28 00:00,2021-03-28,Paradise_WA,46.783333,-121.733333,,,,,3.6,,,,,2301.24,1654,,,,87,0.0,,
2021/03/29 00:00,2021-03-29,Paradise_WA,46.783333,-121.733333,,,,,-4.9,,,,,2329.18,1654,,,,88,0.0,,
2021/03/30 00:00,2021-03-30,Paradise_WA,46.783333,-121.733333,,,,,-3.1,,,,,2339.34,1654,,,,89,0.0,,
2021/03/31 00:00,2021-03-31,Paradise_WA,46.783333,-121.733333,,,,,-0.4,,,,,2336.8,1654,,,,90,0.0,,
2021/04/01 00:00,2021-04-01,Paradise_WA,46.783333,-121.733333,,,,,8.8,,,,,2341.88,1654,276.8915034482759,0.05471390328151986,0.1653253138065338,91,0.1653253138065338,,
2021/04/02 00:00,2021-04-02,Paradise_WA,46.783333,-121.733333,,,,,5.8,,,,,2341.88,1654,,,,92,0.1653253138065338,,
2021/04/03 00:00,2021-04-03,Paradise_WA,46.783333,-121.733333,,,,,4.1,,,,,2339.34,1654,,,,93,0.1653253138065338,,
2021/04/04 00:00,2021-04-04,Paradise_WA,46.783333,-121.733333,,,,,6.6,,,,,2336.8,1654,,,,94,0.0,,
2021/04/05 00:00,2021-04-05,Paradise_WA,46.783333,-121.733333,,,,,-1.4,,,,,2331.72,1654,,,,95,0.0,,
2021/04/06 00:00,2021-04-06,Paradise_WA,46.783333,-121.733333,,,,,2.1,,,,,2329.18,1654,,,,96,0.0,,
2021/04/07 00:00,2021-04-07,Paradise_WA,46.783333,-121.733333,,,,,6.0,,,,,2326.64,1654,,,,97,0.0,,
2021/04/08 00:00,2021-04-08,Paradise_WA,46.783333,-121.733333,,,,,-2.1,,,,,2321.56,1654,275.6302068965518,0.05471390328151986,0.10862179100513458,98,0.10862179100513458,,
2021/04/09 00:00,2021-04-09,Paradise_WA,46.783333,-121.733333,,,,,-1.8,,,,,2341.88,1654,,,,99,0.10862179100513458,,
2021/04/10 00:00,2021-04-10,Paradise_WA,46.783333,-121.733333,,,,,-0.1,,,,,2344.42,1654,,,,100,0.10862179100513458,,
2021/04/11 00:00,2021-04-11,Paradise_WA,46.783333,-121.733333,,,,,-4.5,,,,,2362.2,1654,,,,101,0.0,,
2021/04/12 00:00,2021-04-12,Paradise_WA,46.783333,-121.733333,,,,,0.3,,,,,2362.2,1654,,,,102,0.0,,
2021/04/13 00:00,2021-04-13,Paradise_WA,46.783333,-121.733333,,,,,3.7,,,,,2362.2,1654,,,,103,0.0,,
2021/04/14 00:00,2021-04-14,Paradise_WA,46.783333,-121.733333,,,,,3.3,,,,,2357.12,1654,,,,104,0.0,,
2021/04/15 00:00,2021-04-15,Paradise_WA,46.783333,-121.733333,,,,,7.6,,,,,2359.66,1654,278.5364949059561,,0.01488781999796629,105,0.01488781999796629,,
2021/04/16 00:00,2021-04-16,Paradise_WA,46.783333,-121.733333,,,,,9.9,,,,,2339.34,1654,,,,106,0.01488781999796629,,
2021/04/17 00:00,2021-04-17,Paradise_WA,46.783333,-121.733333,,,,,10.5,,,,,2260.6,1654,,,,107,0.01488781999796629,,
2021/04/18 00:00,2021-04-18,Paradise_WA,46.783333,-121.733333,,,,,13.6,,,,,2316.48,1654,,,,108,0.0,,
2021/04/19 00:00,2021-04-19,Paradise_WA,46.783333,-121.733333,,,,,10.8,,,,,2372.36,1654,,,,109,0.0,,
2021/04/20 00:00,2021-04-20,Paradise_WA,46.783333,-121.733333,,,,,9.4,,,,,2379.98,1654,,,,110,0.0,,
2021/04/21 00:00,2021-04-21,Paradise_WA,46.783333,-121.733333,,,,,8.9,,,,,2372.36,1654,,,,111,0.0,,
2021/04/22 00:00,2021-04-22,Paradise_WA,46.783333,-121.733333,,,,,9.4,,,,,2374.9,1654,279.92737274220036,0.041661026554404165,0.07431089878082275,112,0.07431089878082275,,
2021/04/23 00:00,2021-04-23,Paradise_WA,46.783333,-121.733333,,,,,2.3,,,,,2372.36,1654,,,,113,0.07431089878082275,,
2021/04/24 00:00,2021-04-24,Paradise_WA,46.783333,-121.733333,,,,,5.5,,,,,2336.8,1654,,,,114,0.07431089878082275,,
2021/04/25 00:00,2021-04-25,Paradise_WA,46.783333,-121.733333,,,,,0.7,,,,,2364.74,1654,,,,115,0.0,,
2021/04/26 00:00,2021-04-26,Paradise_WA,46.783333,-121.733333,,,,,1.0,,,,,2352.04,1654,,,,116,0.0,,
2021/04/27 00:00,2021-04-27,Paradise_WA,46.783333,-121.733333,,,,,2.7,,,,,2344.42,1654,,,,117,0.0,,
2021/04/28 00:00,2021-04-28,Paradise_WA,46.783333,-121.733333,,,,,4.8,,,,,2329.18,1654,,,,118,0.0,,
2021/04/29 00:00,2021-04-29,Paradise_WA,46.783333,-121.733333,,,,,9.8,,,,,2346.96,1654,276.63260344827586,0.041661026554404165,0.08873717486858368,119,0.08873717486858368,,
2021/04/30 00:00,2021-04-30,Paradise_WA,46.783333,-121.733333,,,,,13.0,,,,,2372.36,1654,,,,120,0.08873717486858368,,
2021/05/01 00:00,2021-05-01,Paradise_WA,46.783333,-121.733333,,,,,6.6,,,,,2352.04,1654,,,,121,0.08873717486858368,,
2021/05/02 00:00,2021-05-02,Paradise_WA,46.783333,-121.733333,,,,,3.7,,,,,2313.94,1654,,,,122,0.0,,
2021/05/03 00:00,2021-05-03,Paradise_WA,46.783333,-121.733333,,,,,5.5,,,,,2286.0,1654,,,,123,0.0,,
2021/05/04 00:00,2021-05-04,Paradise_WA,46.783333,-121.733333,,,,,3.2,,,,,2270.76,1654,,,,124,0.0,,
2021/05/05 00:00,2021-05-05,Paradise_WA,46.783333,-121.733333,,,,,7.4,,,,,2270.76,1654,,,,125,0.0,,
2021/05/06 00:00,2021-05-06,Paradise_WA,46.783333,-121.733333,,,,,11.1,,,,,2242.82,1654,280.2398390804598,0.07707020185664941,0.03263140842318535,126,0.03263140842318535,,
2021/05/07 00:00,2021-05-07,Paradise_WA,46.783333,-121.733333,,,,,2.2,,,,,2230.12,1654,,,,127,0.03263140842318535,,
2021/05/08 00:00,2021-05-08,Paradise_WA,46.783333,-121.733333,,,,,-1.8,,,,,2217.42,1654,,,,128,0.03263140842318535,,
2021/05/09 00:00,2021-05-09,Paradise_WA,46.783333,-121.733333,,,,,-0.6,,,,,2209.8,1654,,,,129,0.0,,
2021/05/10 00:00,2021-05-10,Paradise_WA,46.783333,-121.733333,,,,,3.5,,,,,2212.34,1654,,,,130,0.0,,
2021/05/11 00:00,2021-05-11,Paradise_WA,46.783333,-121.733333,,,,,8.1,,,,,2212.34,1654,,,,131,0.0,,
2021/05/12 00:00,2021-05-12,Paradise_WA,46.783333,-121.733333,,,,,10.6,,,,,2214.88,1654,,,,132,0.0,,
2021/05/13 00:00,2021-05-13,Paradise_WA,46.783333,-121.733333,,,,,11.4,,,,,2232.66,1654,281.0939632183908,0.07707020185664941,0.03812500089406967,133,0.03812500089406967,,
2021/05/14 00:00,2021-05-14,Paradise_WA,46.783333,-121.733333,,,,,11.6,,,,,2212.34,1654,,,,134,0.03812500089406967,,
2021/05/15 00:00,2021-05-15,Paradise_WA,46.783333,-121.733333,,,,,14.1,,,,,2197.1,1654,,,,135,0.03812500089406967,,
2021/05/16 00:00,2021-05-16,Paradise_WA,46.783333,-121.733333,,,,,15.5,,,,,2174.24,1654,,,,136,0.0,,
2021/05/17 00:00,2021-05-17,Paradise_WA,46.783333,-121.733333,,,,,15.8,,,,,2156.46,1654,,,,137,0.0,,
2021/05/18 00:00,2021-05-18,Paradise_WA,46.783333,-121.733333,,,,,5.9,,,,,2138.68,1654,,,,138,0.0,,
2021/05/19 00:00,2021-05-19,Paradise_WA,46.783333,-121.733333,,,,,0.0,,,,,2136.14,1654,,,,139,0.0,,
2021/05/20 00:00,2021-05-20,Paradise_WA,46.783333,-121.733333,,,,,2.1,,,,,2133.6,1654,281.34257931034483,0.08672157815198618,0.12169871479272842,140,0.12169871479272842,,
2021/05/21 00:00,2021-05-21,Paradise_WA,46.783333,-121.733333,,,,,1.3,,,,,2133.6,1654,,,,141,0.12169871479272842,,
2021/05/22 00:00,2021-05-22,Paradise_WA,46.783333,-121.733333,,,,,5.6,,,,,2133.6,1654,,,,142,0.12169871479272842,,
2021/05/23 00:00,2021-05-23,Paradise_WA,46.783333,-121.733333,,,,,7.6,,,,,2125.98,1654,,,,143,0.0,,
2021/05/24 00:00,2021-05-24,Paradise_WA,46.783333,-121.733333,,,,,3.4,,,,,2131.06,1654,,,,144,0.0,,
2021/05/25 00:00,2021-05-25,Paradise_WA,46.783333,-121.733333,,,,,4.7,,,,,2146.3,1654,,,,145,0.0,,
2021/05/26 00:00,2021-05-26,Paradise_WA,46.783333,-121.733333,,,,,5.5,,,,,2128.52,1654,,,,146,0.0,,
2021/05/27 00:00,2021-05-27,Paradise_WA,46.783333,-121.733333,,,,,9.7,,,,,2100.58,1654,285.3837344827586,0.08672157815198618,0.11706409603357315,147,0.11706409603357315,,
2021/05/28 00:00,2021-05-28,Paradise_WA,46.783333,-121.733333,,,,,1.0,,,,,2080.26,1654,,,,148,0.11706409603357315,,
2021/05/29 00:00,2021-05-29,Paradise_WA,46.783333,-121.733333,,,,,4.5,,,,,2075.18,1654,,,,149,0.11706409603357315,,
2021/05/30 00:00,2021-05-30,Paradise_WA,46.783333,-121.733333,,,,,15.3,,,,,2057.4,1654,,,,150,0.0,,
2021/05/31 00:00,2021-05-31,Paradise_WA,46.783333,-121.733333,,,,,14.7,,,,,2037.08,1654,,,,151,0.0,,
2021/06/01 00:00,2021-06-01,Paradise_WA,46.783333,-121.733333,,,,,17.9,,,,,2021.84,1654,,,,152,0.0,,
2021/06/02 00:00,2021-06-02,Paradise_WA,46.783333,-121.733333,,,,,22.5,,,,,1976.12,1654,,,,153,0.0,,
2021/06/03 00:00,2021-06-03,Paradise_WA,46.783333,-121.733333,,,,,21.4,,,,,1922.78,1654,287.10090862068967,,0.07204807549715042,154,0.07204807549715042,,
2021/06/04 00:00,2021-06-04,Paradise_WA,46.783333,-121.733333,,,,,14.6,,,,,1889.76,1654,,,,155,0.07204807549715042,,
2021/06/05 00:00,2021-06-05,Paradise_WA,46.783333,-121.733333,,,,,11.2,,,,,1846.58,1654,,,,156,0.07204807549715042,,
2021/06/06 00:00,2021-06-06,Paradise_WA,46.783333,-121.733333,,,,,1.2,,,,,1836.42,1654,,,,157,0.0,,
2021/06/07 00:00,2021-06-07,Paradise_WA,46.783333,-121.733333,,,,,1.2,,,,,1828.8,1654,,,,158,0.0,,
2021/06/08 00:00,2021-06-08,Paradise_WA,46.783333,-121.733333,,,,,5.7,,,,,1838.96,1654,,,,159,0.0,,
2021/06/09 00:00,2021-06-09,Paradise_WA,46.783333,-121.733333,,,,,5.4,,,,,1826.26,1654,,,,160,0.0,,
2021/06/10 00:00,2021-06-10,Paradise_WA,46.783333,-121.733333,,,,,6.1,,,,,1816.1,1654,283.36925,0.17975977439550953,0.24062499403953552,161,0.24062499403953552,,
2021/06/11 00:00,2021-06-11,Paradise_WA,46.783333,-121.733333,,,,,7.5,,,,,1798.32,1654,,,,162,0.24062499403953552,,
2021/06/12 00:00,2021-06-12,Paradise_WA,46.783333,-121.733333,,,,,4.2,,,,,1800.86,1654,,,,163,0.24062499403953552,,
2021/06/13 00:00,2021-06-13,Paradise_WA,46.783333,-121.733333,,,,,12.4,,,,,1775.46,1654,,,,164,0.0,,
2021/06/14 00:00,2021-06-14,Paradise_WA,46.783333,-121.733333,,,,,9.1,,,,,1739.9,1654,,,,165,0.0,,
2021/06/15 00:00,2021-06-15,Paradise_WA,46.783333,-121.733333,,,,,6.0,,,,,1717.04,1654,,,,166,0.0,,
2021/06/16 00:00,2021-06-16,Paradise_WA,46.783333,-121.733333,,,,,3.3,,,,,1694.18,1654,,,,167,0.0,,
2021/06/17 00:00,2021-06-17,Paradise_WA,46.783333,-121.733333,,,,,14.8,,,,,1668.78,1654,290.22533602216754,,0.19698718190193176,168,0.19698718190193176,,
2021/06/18 00:00,2021-06-18,Paradise_WA,46.783333,-121.733333,,,,,16.5,,,,,1635.76,1654,,,,169,0.19698718190193176,,
2021/06/19 00:00,2021-06-19,Paradise_WA,46.783333,-121.733333,,,,,15.0,,,,,1597.66,1654,,,,170,0.19698718190193176,,
2021/06/20 00:00,2021-06-20,Paradise_WA,46.783333,-121.733333,,,,,16.2,,,,,1559.56,1654,,,,171,0.0,,
2021/06/21 00:00,2021-06-21,Paradise_WA,46.783333,-121.733333,,,,,20.5,,,,,1506.22,1654,,,,172,0.0,,
2021/06/22 00:00,2021-06-22,Paradise_WA,46.783333,-121.733333,,,,,22.9,,,,,1427.48,1654,,,,173,0.0,,
2021/06/23 00:00,2021-06-23,Paradise_WA,46.783333,-121.733333,,,,,18.9,,,,,1384.3,1654,,,,174,0.0,,
2021/06/24 00:00,2021-06-24,Paradise_WA,46.783333,-121.733333,,,,,18.5,,,,,1343.66,1654,295.72662077103934,0.43740079339378257,0.021698717027902603,175,0.021698717027902603,,
2021/06/25 00:00,2021-06-25,Paradise_WA,46.783333,-121.733333,,,,,18.7,,,,,1297.94,1654,,,,176,0.021698717027902603,,
2021/06/26 00:00,2021-06-26,Paradise_WA,46.783333,-121.733333,,,,,22.0,,,,,1224.28,1654,,,,177,0.021698717027902603,,
2021/06/27 00:00,2021-06-27,Paradise_WA,46.783333,-121.733333,,,,,27.5,,,,,1143.0,1654,,,,178,0.0,,
2021/06/28 00:00,2021-06-28,Paradise_WA,46.783333,-121.733333,,,,,29.6,,,,,1049.02,1654,,,,179,0.0,,
2021/06/29 00:00,2021-06-29,Paradise_WA,46.783333,-121.733333,,,,,31.2,,,,,949.96,1654,,,,180,0.0,,
2021/06/30 00:00,2021-06-30,Paradise_WA,46.783333,-121.733333,,,,,32.7,,,,,850.9,1654,,,,181,0.0,,
2021/07/01 00:00,2021-07-01,Paradise_WA,46.783333,-121.733333,,,,,20.1,,,,,782.32,1654,297.4650885057471,0.43740079339378257,0.0204487182199955,182,0.0204487182199955,,
2021/07/02 00:00,2021-07-02,Paradise_WA,46.783333,-121.733333,,,,,10.7,,,,,736.6,1654,,,,183,0.0204487182199955,,
2021/07/03 00:00,2021-07-03,Paradise_WA,46.783333,-121.733333,,,,,13.1,,,,,693.42,1654,,,,184,0.0204487182199955,,
2021/07/04 00:00,2021-07-04,Paradise_WA,46.783333,-121.733333,,,,,18.8,,,,,637.54,1654,,,,185,0.0,,
2021/07/05 00:00,2021-07-05,Paradise_WA,46.783333,-121.733333,,,,,18.3,,,,,576.58,1654,,,,186,0.0,,
2021/07/06 00:00,2021-07-06,Paradise_WA,46.783333,-121.733333,,,,,19.7,,,,,510.54,1654,,,,187,0.0,,
2021/07/07 00:00,2021-07-07,Paradise_WA,46.783333,-121.733333,,,,,23.4,,,,,452.12,1654,,,,188,0.0,,
2021/07/08 00:00,2021-07-08,Paradise_WA,46.783333,-121.733333,,,,,14.4,,,,,396.24,1654,295.01448160919546,0.7454107351036271,0.004198717884719372,189,0.004198717884719372,,
2021/07/09 00:00,2021-07-09,Paradise_WA,46.783333,-121.733333,,,,,16.0,,,,,340.36,1654,,,,190,0.004198717884719372,,
2021/07/10 00:00,2021-07-10,Paradise_WA,46.783333,-121.733333,,,,,21.3,,,,,271.78,1654,,,,191,0.004198717884719372,,
2021/07/11 00:00,2021-07-11,Paradise_WA,46.783333,-121.733333,,,,,20.1,,,,,139.7,1654,,,,192,0.0,,
2021/07/12 00:00,2021-07-12,Paradise_WA,46.783333,-121.733333,,,,,18.4,,,,,76.2,1654,,,,193,0.0,,
2021/07/13 00:00,2021-07-13,Paradise_WA,46.783333,-121.733333,,,,,19.1,,,,,27.94,1654,,,,194,0.0,,
2021/07/14 00:00,2021-07-14,Paradise_WA,46.783333,-121.733333,,,,,20.9,,,,,0.0,1654,,,,195,0.0,,
2021/07/15 00:00,2021-07-15,Paradise_WA,46.783333,-121.733333,,,,,18.7,,,,,0.0,1654,294.54161050156733,0.7454107351036271,0.006826923228800297,196,0.006826923228800297,,
2021/07/16 00:00,2021-07-16,Paradise_WA,46.783333,-121.733333,,,,,12.1,,,,,0.0,1654,,,,197,0.006826923228800297,,
2021/07/17 00:00,2021-07-17,Paradise_WA,46.783333,-121.733333,,,,,9.8,,,,,0.0,1654,,,,198,0.006826923228800297,,
2021/07/18 00:00,2021-07-18,Paradise_WA,46.783333,-121.733333,,,,,17.1,,,,,0.0,1654,,,,199,0.0,,
2021/07/19 00:00,2021-07-19,Paradise_WA,46.783333,-121.733333,,,,,20.3,,,,,0.0,1654,,,,200,0.0,,
2021/07/20 00:00,2021-07-20,Paradise_WA,46.783333,-121.733333,,,,,19.1,,,,,0.0,1654,,,,201,0.0,,
2021/07/21 00:00,2021-07-21,Paradise_WA,46.783333,-121.733333,,,,,14.6,,,,,0.0,1654,,,,202,0.0,,
2021/07/22 00:00,2021-07-22,Paradise_WA,46.783333,-121.733333,,,,,12.4,,,,,0.0,1654,294.0176620689654,0.781130035621762,0.015240384265780449,203,0.015240384265780449,,
2021/07/23 00:00,2021-07-23,Paradise_WA,46.783333,-121.733333,,,,,15.4,,,,,0.0,1654,,,,204,0.015240384265780449,,
2021/07/24 00:00,2021-07-24,Paradise_WA,46.783333,-121.733333,,,,,17.9,,,,,0.0,1654,,,,205,0.015240384265780449,,
2021/07/25 00:00,2021-07-25,Paradise_WA,46.783333,-121.733333,,,,,20.3,,,,,0.0,1654,,,,206,0.0,,
2021/07/26 00:00,2021-07-26,Paradise_WA,46.783333,-121.733333,,,,,20.9,,,,,0.0,1654,,,,207,0.0,,
2021/07/27 00:00,2021-07-27,Paradise_WA,46.783333,-121.733333,,,,,20.4,,,,,0.0,1654,,,,208,0.0,,
2021/07/28 00:00,2021-07-28,Paradise_WA,46.783333,-121.733333,,,,,18.4,,,,,0.0,1654,,,,209,0.0,,
2021/07/29 00:00,2021-07-29,Paradise_WA,46.783333,-121.733333,,,,,21.4,,,,,0.0,1654,297.63902298850576,0.781130035621762,0.041874997317790985,210,0.041874997317790985,,
2021/07/30 00:00,2021-07-30,Paradise_WA,46.783333,-121.733333,,,,,24.6,,,,,0.0,1654,,,,211,0.041874997317790985,,
2021/07/31 00:00,2021-07-31,Paradise_WA,46.783333,-121.733333,,,,,24.8,,,,,0.0,1654,,,,212,0.041874997317790985,,
2021/08/01 00:00,2021-08-01,Paradise_WA,46.783333,-121.733333,,,,,22.0,,,,,0.0,1654,,,,213,0.0,,
2021/08/02 00:00,2021-08-02,Paradise_WA,46.783333,-121.733333,,,,,21.4,,,,,0.0,1654,,,,214,0.0,,
2021/08/03 00:00,2021-08-03,Paradise_WA,46.783333,-121.733333,,,,,23.6,,,,,0.0,1654,,,,215,0.0,,
2021/08/04 00:00,2021-08-04,Paradise_WA,46.783333,-121.733333,,,,,20.3,,,,,0.0,1654,,,,216,0.0,,
2021/08/05 00:00,2021-08-05,Paradise_WA,46.783333,-121.733333,,,,,23.8,,,,,0.0,1654,297.1599605911331,,0.04352563992142677,217,0.04352563992142677,,
2021/08/06 00:00,2021-08-06,Paradise_WA,46.783333,-121.733333,,,,,17.5,,,,,0.0,1654,,,,218,0.04352563992142677,,
2021/08/07 00:00,2021-08-07,Paradise_WA,46.783333,-121.733333,,,,,15.9,,,,,0.0,1654,,,,219,0.04352563992142677,,
2021/08/08 00:00,2021-08-08,Paradise_WA,46.783333,-121.733333,,,,,11.5,,,,,0.0,1654,,,,220,0.0,,
2021/08/09 00:00,2021-08-09,Paradise_WA,46.783333,-121.733333,,,,,6.5,,,,,0.0,1654,,,,221,0.0,,
2021/08/10 00:00,2021-08-10,Paradise_WA,46.783333,-121.733333,,,,,17.0,,,,,0.0,1654,,,,222,0.0,,
2021/08/11 00:00,2021-08-11,Paradise_WA,46.783333,-121.733333,,,,,20.4,,,,,0.0,1654,,,,223,0.0,,
2021/08/12 00:00,2021-08-12,Paradise_WA,46.783333,-121.733333,,,,,25.5,,,,,0.0,1654,294.7370897988506,0.7626030440414511,0.03044871799647808,224,0.03044871799647808,,
2021/08/13 00:00,2021-08-13,Paradise_WA,46.783333,-121.733333,,,,,27.3,,,,,0.0,1654,,,,225,0.03044871799647808,,
2021/08/14 00:00,2021-08-14,Paradise_WA,46.783333,-121.733333,,,,,26.1,,,,,0.0,1654,,,,226,0.03044871799647808,,
2021/08/15 00:00,2021-08-15,Paradise_WA,46.783333,-121.733333,,,,,23.5,,,,,0.0,1654,,,,227,0.0,,
2021/08/16 00:00,2021-08-16,Paradise_WA,46.783333,-121.733333,,,,,21.9,,,,,0.0,1654,,,,228,0.0,,
2021/08/17 00:00,2021-08-17,Paradise_WA,46.783333,-121.733333,,,,,16.1,,,,,0.0,1654,,,,229,0.0,,
2021/08/18 00:00,2021-08-18,Paradise_WA,46.783333,-121.733333,,,,,6.6,,,,,0.0,1654,,,,230,0.0,,
2021/08/19 00:00,2021-08-19,Paradise_WA,46.783333,-121.733333,,,,,16.3,,,,,0.0,1654,291.49157198275867,0.7626030440414511,0.03485576808452606,231,0.03485576808452606,,
2021/08/20 17:00,2021-08-20,Paradise_WA,46.783333,-121.733333,0.102,8.9,0.015,10.9,8.5,0.12,0.03,10.7,10.7,0.0,1654,,,,232,0.03485576808452606,,
2021/08/21 00:00,2021-08-21,Paradise_WA,46.783333,-121.733333,0.104,8.8,0.02,10.7,8.4,0.12,0.033,10.5,10.6,0.0,1654,,,,233,0.03485576808452606,0.015,
2021/08/22 00:00,2021-08-22,Paradise_WA,46.783333,-121.733333,0.104,8.7,0.02,9.8,7.4,0.122,0.034,9.7,9.8,0.0,1654,,,,234,0.0,0.02,
2021/08/23 00:00,2021-08-23,Paradise_WA,46.783333,-121.733333,0.105,8.5,0.017,9.3,4.6,0.123,0.028,9.2,9.2,0.0,1654,,,,235,0.0,0.02,
2021/08/24 00:00,2021-08-24,Paradise_WA,46.783333,-121.733333,0.103,8.3,0.018,9.2,10.0,0.123,0.029,8.5,10.4,0.0,1654,,,,236,0.0,0.017,
2021/08/25 00:00,2021-08-25,Paradise_WA,46.783333,-121.733333,0.099,8.1,0.021,9.9,15.4,0.117,0.032,8.6,11.7,0.0,1654,,,,237,0.0,0.018,
2021/08/26 00:00,2021-08-26,Paradise_WA,46.783333,-121.733333,0.098,8.0,0.015,10.3,13.8,0.114,0.026,8.9,12.0,0.0,1654,289.67547701149425,0.7930479706390329,0.021376602351665497,238,0.021376602351665497,0.021,
2021/08/27 00:00,2021-08-27,Paradise_WA,46.783333,-121.733333,0.098,8.0,0.015,9.9,10.1,0.112,0.032,9.2,10.4,0.0,1654,,,,239,0.021376602351665497,0.015,
2021/08/28 00:00,2021-08-28,Paradise_WA,46.783333,-121.733333,0.098,8.0,0.016,8.9,7.5,0.11,0.031,8.9,8.9,0.0,1654,,,,240,0.021376602351665497,0.015,
2021/08/29 00:00,2021-08-29,Paradise_WA,46.783333,-121.733333,0.096,7.9,0.014,9.7,16.6,0.109,0.028,8.3,11.7,0.0,1654,,,,241,0.0,0.016,
2021/08/30 00:00,2021-08-30,Paradise_WA,46.783333,-121.733333,0.095,7.8,0.018,10.8,17.3,0.103,0.028,9.0,13.0,0.0,1654,,,,242,0.0,0.014,
2021/08/31 00:00,2021-08-31,Paradise_WA,46.783333,-121.733333,0.095,7.9,0.017,9.4,8.5,0.101,0.025,9.2,9.3,0.0,1654,,,,243,0.0,0.018,
2021/09/01 00:00,2021-09-01,Paradise_WA,46.783333,-121.733333,0.095,7.8,0.012,7.7,5.6,0.101,0.026,8.1,7.5,0.0,1654,,,,244,0.0,0.017,
2021/09/02 00:00,2021-09-02,Paradise_WA,46.783333,-121.733333,0.093,7.6,0.019,7.8,12.4,0.097,0.023,7.1,9.4,0.0,1654,290.1100971264368,0.7930479706390329,0.02507852576673031,245,0.02507852576673031,0.012,
2021/09/03 00:00,2021-09-03,Paradise_WA,46.783333,-121.733333,0.092,7.4,0.016,8.7,14.7,0.094,0.027,7.5,10.5,0.0,1654,,,,246,0.02507852576673031,0.019,
2021/09/04 00:00,2021-09-04,Paradise_WA,46.783333,-121.733333,0.091,7.4,0.012,8.8,14.1,0.09,0.02,7.9,10.1,0.0,1654,,,,247,0.02507852576673031,0.016,
2021/09/05 00:00,2021-09-05,Paradise_WA,46.783333,-121.733333,0.09,7.4,0.015,9.6,16.8,0.086,0.024,8.1,11.5,0.0,1654,,,,248,0.0,0.012,
2021/09/06 00:00,2021-09-06,Paradise_WA,46.783333,-121.733333,0.089,7.4,0.015,10.7,16.7,0.085,0.025,8.8,12.9,0.0,1654,,,,249,0.0,0.015,
2021/09/07 00:00,2021-09-07,Paradise_WA,46.783333,-121.733333,0.087,7.5,0.014,10.9,16.7,0.083,0.024,9.3,12.9,0.0,1654,,,,250,0.0,0.015,
2021/09/08 00:00,2021-09-08,Paradise_WA,46.783333,-121.733333,0.086,7.7,0.014,10.9,22.8,0.08,0.024,9.1,13.4,0.0,1654,,,,251,0.0,0.014,
2021/09/09 00:00,2021-09-09,Paradise_WA,46.783333,-121.733333,0.085,7.7,0.019,12.1,17.3,0.078,0.023,10.0,14.3,0.0,1654,288.13309406130264,0.7461093965889465,0.06339743733406067,252,0.06339743733406067,0.014,
2021/09/10 00:00,2021-09-10,Paradise_WA,46.783333,-121.733333,0.085,7.9,0.014,11.3,17.7,0.076,0.024,10.0,12.6,0.0,1654,,,,253,0.06339743733406067,0.019,
2021/09/11 00:00,2021-09-11,Paradise_WA,46.783333,-121.733333,0.085,8.0,0.017,10.1,8.4,0.077,0.019,9.8,10.1,0.0,1654,,,,254,0.06339743733406067,0.014,
2021/09/12 00:00,2021-09-12,Paradise_WA,46.783333,-121.733333,0.085,8.0,0.019,10.5,14.0,0.079,0.021,9.1,12.3,0.0,1654,,,,255,0.0,0.017,
2021/09/13 00:00,2021-09-13,Paradise_WA,46.783333,-121.733333,0.086,7.9,0.014,10.3,10.1,0.09,0.025,9.4,11.2,0.0,1654,,,,256,0.0,0.019,
2021/09/14 00:00,2021-09-14,Paradise_WA,46.783333,-121.733333,0.086,7.9,0.017,9.9,9.8,0.094,0.019,9.0,11.0,0.0,1654,,,,257,0.0,0.014,
2021/09/15 00:00,2021-09-15,Paradise_WA,46.783333,-121.733333,0.086,7.8,0.019,9.0,10.7,0.093,0.022,8.4,9.8,0.0,1654,,,,258,0.0,0.017,
2021/09/16 00:00,2021-09-16,Paradise_WA,46.783333,-121.733333,0.086,7.7,0.016,9.5,7.4,0.09,0.021,8.5,10.7,0.0,1654,286.01180582922825,0.7461093965889465,0.147964745759964,259,0.147964745759964,0.019,
2021/09/17 00:00,2021-09-17,Paradise_WA,46.783333,-121.733333,0.085,7.6,0.016,7.9,11.6,0.085,0.017,7.6,9.3,-5.08,1654,,,,260,0.147964745759964,0.016,
2021/09/18 00:00,2021-09-18,Paradise_WA,46.783333,-121.733333,0.086,7.6,0.01,7.5,9.1,0.306,0.022,7.6,7.5,-2.54,1654,,,,261,0.147964745759964,0.016,
2021/09/19 00:00,2021-09-19,Paradise_WA,46.783333,-121.733333,0.325,7.2,0.015,7.0,1.4,0.352,0.02,7.0,6.8,7.62,1654,,,,262,0.0,0.01,
2021/09/20 00:00,2021-09-20,Paradise_WA,46.783333,-121.733333,0.337,6.7,0.013,6.0,4.2,0.356,0.034,5.8,6.0,5.08,1654,,,,263,0.0,0.015,
2021/09/21 00:00,2021-09-21,Paradise_WA,46.783333,-121.733333,0.334,6.5,0.018,6.4,9.1,0.345,0.085,5.7,8.1,-2.54,1654,,,,264,0.0,0.013,
2021/09/22 00:00,2021-09-22,Paradise_WA,46.783333,-121.733333,0.327,6.4,0.022,7.6,18.8,0.337,0.104,6.1,10.6,-7.62,1654,,,,265,0.0,0.018,
2021/09/23 00:00,2021-09-23,Paradise_WA,46.783333,-121.733333,0.322,6.5,0.019,7.8,7.1,0.331,0.115,6.9,8.7,-2.54,1654,289.60079540229884,,0.16035255789756775,266,0.16035255789756775,0.022,
2021/09/24 00:00,2021-09-24,Paradise_WA,46.783333,-121.733333,0.316,6.6,0.021,8.1,12.0,0.326,0.12,7.0,10.3,-5.08,1654,,,,267,0.16035255789756775,0.019,
2021/09/25 00:00,2021-09-25,Paradise_WA,46.783333,-121.733333,0.306,6.7,0.021,9.0,19.4,0.32,0.116,7.4,11.6,-7.62,1654,,,,268,0.16035255789756775,0.021,
2021/09/26 00:00,2021-09-26,Paradise_WA,46.783333,-121.733333,0.298,6.8,0.019,9.2,16.5,0.315,0.114,7.8,11.6,-7.62,1654,,,,269,0.0,0.021,
2021/09/27 00:00,2021-09-27,Paradise_WA,46.783333,-121.733333,0.292,6.9,0.023,8.7,10.9,0.312,0.117,7.9,9.4,-5.08,1654,,,,270,0.0,0.019,
2021/09/28 00:00,2021-09-28,Paradise_WA,46.783333,-121.733333,0.341,7.3,0.021,7.7,3.3,0.353,0.135,7.7,7.5,0.0,1654,,,,271,0.0,0.023,
2021/09/29 00:00,2021-09-29,Paradise_WA,46.783333,-121.733333,0.348,7.0,0.019,5.8,2.4,0.359,0.159,6.0,5.6,2.54,1654,,,,272,0.0,0.021,
2021/09/30 00:00,2021-09-30,Paradise_WA,46.783333,-121.733333,0.343,6.6,0.02,5.4,5.1,0.352,0.167,5.4,5.7,0.0,1654,288.35880344827586,0.6927906196027637,0.13647595047950745,273,0.13647595047950745,0.019,
2021/10/01 00:00,2021-10-01,Paradise_WA,46.783333,-121.733333,0.361,6.4,0.023,6.9,5.9,0.364,0.185,6.6,7.4,0.0,1654,,,,274,0.13647595047950745,0.02,
2021/10/02 00:00,2021-10-02,Paradise_WA,46.783333,-121.733333,0.347,6.5,0.03,6.2,7.1,0.352,0.184,6.0,7.4,-2.54,1654,,,,275,0.13647595047950745,0.023,
2021/10/03 00:00,2021-10-03,Paradise_WA,46.783333,-121.733333,0.342,6.4,0.032,6.2,10.5,0.348,0.183,5.7,7.8,-2.54,1654,,,,276,0.0,0.03,
2021/10/04 00:00,2021-10-04,Paradise_WA,46.783333,-121.733333,0.339,6.3,0.036,6.6,9.1,0.344,0.183,5.9,7.6,-2.54,1654,,,,277,0.0,0.032,
2021/10/05 00:00,2021-10-05,Paradise_WA,46.783333,-121.733333,0.334,6.3,0.037,6.6,12.3,0.342,0.18,5.8,8.4,-2.54,1654,,,,278,0.0,0.036,
2021/10/06 00:00,2021-10-06,Paradise_WA,46.783333,-121.733333,0.338,6.2,0.035,6.3,2.5,0.34,0.183,6.2,6.4,2.54,1654,,,,279,0.0,0.037,
2021/10/07 00:00,2021-10-07,Paradise_WA,46.783333,-121.733333,0.344,6.2,0.04,4.9,1.7,0.343,0.187,5.3,4.8,2.54,1654,282.0155379310345,,0.12213300913572311,280,0.12213300913572311,0.035,
2021/10/08 00:00,2021-10-08,Paradise_WA,46.783333,-121.733333,0.343,6.0,0.046,3.9,4.2,0.345,0.188,4.5,4.4,5.08,1654,,,,281,0.12213300913572311,0.04,
2021/10/09 00:00,2021-10-09,Paradise_WA,46.783333,-121.733333,0.34,5.7,0.053,4.5,3.6,0.343,0.186,4.1,6.0,2.54,1654,,,,282,0.12213300913572311,0.046,
2021/10/10 00:00,2021-10-10,Paradise_WA,46.783333,-121.733333,0.338,5.5,0.055,3.8,2.6,0.343,0.186,4.2,3.8,5.08,1654,,,,283,0.0,0.053,
2021/10/11 00:00,2021-10-11,Paradise_WA,46.783333,-121.733333,0.353,5.3,0.066,3.7,-0.9,0.353,0.193,4.1,3.6,7.62,1654,,,,284,0.0,0.055,
2021/10/12 00:00,2021-10-12,Paradise_WA,46.783333,-121.733333,0.349,5.2,0.075,2.8,-0.7,0.35,0.194,3.5,2.3,15.24,1654,,,,285,0.0,0.066,
2021/10/13 00:00,2021-10-13,Paradise_WA,46.783333,-121.733333,0.346,5.0,0.08,2.3,-0.4,0.348,0.193,3.1,1.6,15.24,1654,,,,286,0.0,0.075,
2021/10/14 00:00,2021-10-14,Paradise_WA,46.783333,-121.733333,0.344,4.7,0.084,2.2,-0.8,0.347,0.193,2.8,1.7,25.4,1654,270.1155922038981,0.36779471070811753,0.13972756266593933,287,0.13972756266593933,0.08,
2021/10/15 00:00,2021-10-15,Paradise_WA,46.783333,-121.733333,0.345,4.6,0.091,2.1,1.6,0.346,0.193,2.6,1.7,43.18,1654,,,,288,0.13972756266593933,0.084,
2021/10/16 00:00,2021-10-16,Paradise_WA,46.783333,-121.733333,0.353,4.3,0.104,1.9,4.7,0.352,0.197,2.4,1.6,35.56,1654,,,,289,0.13972756266593933,0.091,
2021/10/17 00:00,2021-10-17,Paradise_WA,46.783333,-121.733333,0.352,4.1,0.114,1.7,9.7,0.352,0.199,2.2,1.6,27.94,1654,,,,290,0.0,0.104,
2021/10/18 00:00,2021-10-18,Paradise_WA,46.783333,-121.733333,0.352,3.9,0.125,1.7,6.9,0.352,0.199,2.1,1.8,25.4,1654,,,,291,0.0,0.114,
2021/10/19 00:00,2021-10-19,Paradise_WA,46.783333,-121.733333,0.352,3.8,0.136,1.8,2.3,0.352,0.202,2.0,2.4,20.32,1654,,,,292,0.0,0.125,
2021/10/20 00:00,2021-10-20,Paradise_WA,46.783333,-121.733333,0.351,3.7,0.139,2.0,7.7,0.351,0.201,2.0,3.7,12.7,1654,,,,293,0.0,0.136,
2021/10/21 00:00,2021-10-21,Paradise_WA,46.783333,-121.733333,0.357,3.5,0.159,2.6,1.1,0.358,0.208,2.3,3.3,7.62,1654,271.4,0.36779471070811753,0.2199038416147232,294,0.2199038416147232,0.139,
2021/10/22 00:00,2021-10-22,Paradise_WA,46.783333,-121.733333,0.352,3.4,0.151,3.1,9.2,0.354,0.206,2.5,4.0,5.08,1654,,,,295,0.2199038416147232,0.159,
2021/10/23 00:00,2021-10-23,Paradise_WA,46.783333,-121.733333,0.365,3.4,0.18,3.7,2.2,0.362,0.218,3.3,4.0,5.08,1654,,,,296,0.2199038416147232,0.151,
2021/10/24 00:00,2021-10-24,Paradise_WA,46.783333,-121.733333,0.358,3.6,0.183,2.4,2.5,0.355,0.216,2.9,2.1,12.7,1654,,,,297,0.0,0.18,
2021/10/25 00:00,2021-10-25,Paradise_WA,46.783333,-121.733333,0.369,3.4,0.199,1.8,0.8,0.367,0.223,2.0,1.7,10.16,1654,,,,298,0.0,0.183,
2021/10/26 00:00,2021-10-26,Paradise_WA,46.783333,-121.733333,0.356,3.2,0.182,1.5,0.0,0.356,0.218,1.9,1.3,20.32,1654,,,,299,0.0,0.199,
2021/10/27 00:00,2021-10-27,Paradise_WA,46.783333,-121.733333,0.359,3.2,0.193,1.4,1.0,0.356,0.22,1.7,1.2,43.18,1654,,,,300,0.0,0.182,
2021/10/28 00:00,2021-10-28,Paradise_WA,46.783333,-121.733333,0.358,2.9,0.196,1.2,-0.1,0.358,0.222,1.5,1.1,43.18,1654,276.5882155172414,0.06824575427852808,0.34751760959625244,301,0.34751760959625244,0.193,
2021/10/29 00:00,2021-10-29,Paradise_WA,46.783333,-121.733333,0.398,1.3,0.221,0.8,7.5,0.381,0.248,0.2,1.6,43.18,1654,,,,302,0.34751760959625244,0.196,
2021/10/30 00:00,2021-10-30,Paradise_WA,46.783333,-121.733333,0.364,1.4,0.207,2.0,0.1,0.361,0.239,1.2,2.8,17.78,1654,,,,303,0.34751760959625244,0.221,
2021/10/31 00:00,2021-10-31,Paradise_WA,46.783333,-121.733333,0.356,1.9,0.191,1.0,2.7,0.355,0.232,1.2,0.8,33.02,1654,,,,304,0.0,0.207,
2021/11/01 00:00,2021-11-01,Paradise_WA,46.783333,-121.733333,0.352,2.1,0.179,0.7,2.9,0.351,0.226,1.0,0.6,48.26,1654,,,,305,0.0,0.191,
2021/11/02 00:00,2021-11-02,Paradise_WA,46.783333,-121.733333,0.359,2.2,0.179,0.6,2.5,0.353,0.227,0.9,0.5,53.34,1654,,,,306,0.0,0.179,
2021/11/03 00:00,2021-11-03,Paradise_WA,46.783333,-121.733333,0.361,2.0,0.2,0.5,1.7,0.357,0.235,0.7,0.4,35.56,1654,,,,307,0.0,0.179,
2021/11/04 00:00,2021-11-04,Paradise_WA,46.783333,-121.733333,0.361,2.0,0.21,0.5,7.1,0.358,0.236,0.7,0.5,20.32,1654,273.92165862068964,0.06824575427852808,0.2695208191871643,308,0.2695208191871643,0.2,
2021/11/05 00:00,2021-11-05,Paradise_WA,46.783333,-121.733333,0.383,1.5,0.238,2.2,0.6,0.376,0.255,1.5,2.7,12.7,1654,,,,309,0.2695208191871643,0.21,
2021/11/06 00:00,2021-11-06,Paradise_WA,46.783333,-121.733333,0.36,1.9,0.215,1.5,-2.0,0.357,0.239,1.4,2.0,17.78,1654,,,,310,0.2695208191871643,0.238,
2021/11/07 00:00,2021-11-07,Paradise_WA,46.783333,-121.733333,0.356,2.0,0.203,0.9,-3.8,0.353,0.236,1.2,0.7,40.64,1654,,,,311,0.0,0.215,
2021/11/08 00:00,2021-11-08,Paradise_WA,46.783333,-121.733333,0.353,2.1,0.199,0.8,-3.0,0.351,0.232,1.0,0.6,63.5,1654,,,,312,0.0,0.203,
2021/11/09 00:00,2021-11-09,Paradise_WA,46.783333,-121.733333,0.35,2.1,0.195,0.7,-1.2,0.349,0.229,0.9,0.6,68.58,1654,,,,313,0.0,0.199,
2021/11/10 00:00,2021-11-10,Paradise_WA,46.783333,-121.733333,0.35,2.0,0.198,0.7,-3.1,0.348,0.229,0.9,0.5,91.44,1654,,,,314,0.0,0.195,
2021/11/11 00:00,2021-11-11,Paradise_WA,46.783333,-121.733333,0.349,2.0,0.198,0.7,-1.4,0.348,0.228,0.9,0.5,121.92,1654,270.6917629310345,0.16191466429188267,0.5685576796531677,315,0.5685576796531677,0.198,
2021/11/12 00:00,2021-11-12,Paradise_WA,46.783333,-121.733333,0.4,0.3,0.238,0.3,6.0,0.383,0.257,0.0,0.4,167.64,1654,,,,316,0.5685576796531677,0.198,
2021/11/13 00:00,2021-11-13,Paradise_WA,46.783333,-121.733333,0.389,0.3,0.245,0.1,1.5,0.379,0.265,0.0,0.2,129.54,1654,,,,317,0.5685576796531677,0.238,
2021/11/14 00:00,2021-11-14,Paradise_WA,46.783333,-121.733333,0.364,0.5,0.22,0.1,4.0,0.359,0.248,0.1,0.2,109.22,1654,,,,318,0.0,0.245,
2021/11/15 00:00,2021-11-15,Paradise_WA,46.783333,-121.733333,0.38,0.3,0.245,0.1,6.5,0.373,0.264,0.0,0.1,93.98,1654,,,,319,0.0,0.22,
2021/11/16 00:00,2021-11-16,Paradise_WA,46.783333,-121.733333,0.382,0.4,0.249,0.1,-1.8,0.375,0.265,0.0,0.5,83.82,1654,,,,320,0.0,0.245,
2021/11/17 00:00,2021-11-17,Paradise_WA,46.783333,-121.733333,0.363,0.5,0.222,0.1,-3.8,0.358,0.249,0.1,0.2,83.82,1654,,,,321,0.0,0.249,
2021/11/18 00:00,2021-11-18,Paradise_WA,46.783333,-121.733333,0.358,0.6,0.211,0.1,-3.6,0.354,0.243,0.1,0.1,78.74,1654,268.71151293103446,0.16191466429188267,0.5177083015441895,322,0.5177083015441895,0.222,
2021/11/19 00:00,2021-11-19,Paradise_WA,46.783333,-121.733333,0.355,0.7,0.205,0.1,0.2,0.352,0.239,0.1,0.1,83.82,1654,,,,323,0.5177083015441895,0.211,
2021/11/20 00:00,2021-11-20,Paradise_WA,46.783333,-121.733333,0.359,0.8,0.225,0.1,-2.1,0.353,0.243,0.2,0.1,104.14,1654,,,,324,0.5177083015441895,0.205,
2021/11/21 00:00,2021-11-21,Paradise_WA,46.783333,-121.733333,0.357,0.8,0.218,0.1,-2.3,0.352,0.242,0.2,0.1,106.68,1654,,,,325,0.0,0.225,
2021/11/22 00:00,2021-11-22,Paradise_WA,46.783333,-121.733333,0.354,0.9,0.212,0.2,4.0,0.351,0.24,0.2,0.2,106.68,1654,,,,326,0.0,0.218,
2021/11/23 00:00,2021-11-23,Paradise_WA,46.783333,-121.733333,0.353,0.9,0.207,0.2,1.7,0.35,0.237,0.2,0.2,99.06,1654,,,,327,0.0,0.212,
2021/11/24 00:00,2021-11-24,Paradise_WA,46.783333,-121.733333,0.35,1.0,0.205,0.2,-3.6,0.348,0.235,0.3,0.2,134.62,1654,,,,328,0.0,0.207,
2021/11/25 00:00,2021-11-25,Paradise_WA,46.783333,-121.733333,0.349,1.0,0.203,0.2,-2.5,0.348,0.234,0.3,0.2,144.78,1654,269.4064655172414,,0.3666906952857971,329,0.3666906952857971,0.205,
2021/11/26 00:00,2021-11-26,Paradise_WA,46.783333,-121.733333,0.356,1.0,0.243,0.2,2.1,0.348,0.242,0.3,0.2,154.94,1654,,,,330,0.3666906952857971,0.203,
2021/11/27 00:00,2021-11-27,Paradise_WA,46.783333,-121.733333,0.372,0.7,0.255,0.1,1.1,0.365,0.259,0.1,0.1,152.4,1654,,,,331,0.3666906952857971,0.243,
2021/11/28 00:00,2021-11-28,Paradise_WA,46.783333,-121.733333,0.401,0.5,0.273,0.1,6.1,0.382,0.269,0.0,0.1,165.1,1654,,,,332,0.0,0.255,
2021/11/29 00:00,2021-11-29,Paradise_WA,46.783333,-121.733333,0.368,0.5,0.253,0.1,4.4,0.362,0.261,0.0,0.1,134.62,1654,,,,333,0.0,0.273,
2021/11/30 00:00,2021-11-30,Paradise_WA,46.783333,-121.733333,0.369,0.6,0.257,0.1,2.5,0.361,0.262,0.1,0.1,124.46,1654,,,,334,0.0,0.253,
2021/12/01 00:00,2021-12-01,Paradise_WA,46.783333,-121.733333,0.367,0.6,0.258,0.1,3.9,0.359,0.261,0.1,0.1,127.0,1654,,,,335,0.0,0.257,
2021/12/02 00:00,2021-12-02,Paradise_WA,46.783333,-121.733333,0.368,0.7,0.257,0.1,4.1,0.361,0.263,0.1,0.1,109.22,1654,276.55479245283027,0.0004370034542314356,0.445152223110199,336,0.445152223110199,0.258,
2021/12/03 00:00,2021-12-03,Paradise_WA,46.783333,-121.733333,0.364,0.7,0.243,0.1,-2.3,0.358,0.256,0.1,0.1,104.14,1654,,,,337,0.445152223110199,0.257,
2021/12/04 00:00,2021-12-04,Paradise_WA,46.783333,-121.733333,0.359,0.7,0.228,0.1,2.1,0.354,0.25,0.2,0.1,104.14,1654,,,,338,0.445152223110199,0.243,
2021/12/05 00:00,2021-12-05,Paradise_WA,46.783333,-121.733333,0.356,0.8,0.222,0.1,0.0,0.352,0.246,0.2,0.1,124.46,1654,,,,339,0.0,0.228,
2021/12/06 00:00,2021-12-06,Paradise_WA,46.783333,-121.733333,0.353,0.8,0.217,0.1,-5.0,0.35,0.243,0.2,0.1,127.0,1654,,,,340,0.0,0.222,
2021/12/07 00:00,2021-12-07,Paradise_WA,46.783333,-121.733333,0.357,0.9,0.213,0.1,0.1,0.349,0.244,0.2,0.1,139.7,1654,,,,341,0.0,0.217,
2021/12/08 00:00,2021-12-08,Paradise_WA,46.783333,-121.733333,0.36,0.9,0.23,0.1,1.0,0.353,0.249,0.2,0.1,144.78,1654,,,,342,0.0,0.213,
2021/12/09 00:00,2021-12-09,Paradise_WA,46.783333,-121.733333,0.358,0.9,0.231,0.2,-6.3,0.352,0.249,0.2,0.1,162.56,1654,263.42,0.0004370034542314356,0.32557690143585205,343,0.32557690143585205,0.23,
2021/12/10 00:00,2021-12-10,Paradise_WA,46.783333,-121.733333,0.355,0.9,0.224,0.2,-6.5,0.351,0.245,0.2,0.2,190.5,1654,,,,344,0.32557690143585205,0.231,
2021/12/11 00:00,2021-12-11,Paradise_WA,46.783333,-121.733333,0.353,0.9,0.219,0.2,-3.6,0.35,0.243,0.2,0.2,205.74,1654,,,,345,0.32557690143585205,0.224,
2021/12/12 00:00,2021-12-12,Paradise_WA,46.783333,-121.733333,0.351,1.0,0.215,0.2,-3.5,0.348,0.24,0.3,0.2,271.78,1654,,,,346,0.0,0.219,
2021/12/13 00:00,2021-12-13,Paradise_WA,46.783333,-121.733333,0.349,1.0,0.213,0.2,-5.7,0.347,0.237,0.3,0.2,299.72,1654,,,,347,0.0,0.215,
2021/12/14 00:00,2021-12-14,Paradise_WA,46.783333,-121.733333,0.347,1.0,0.211,0.2,-3.5,0.346,0.237,0.3,0.2,314.96,1654,,,,348,0.0,0.213,
2021/12/15 00:00,2021-12-15,Paradise_WA,46.783333,-121.733333,0.346,1.0,0.209,0.2,-7.1,0.345,0.235,0.3,0.2,330.2,1654,,,,349,0.0,0.211,
2021/12/16 00:00,2021-12-16,Paradise_WA,46.783333,-121.733333,0.344,1.0,0.208,0.2,-5.9,0.345,0.233,0.3,0.2,342.9,1654,265.7199051724138,0.01890614745250432,0.5401442050933838,350,0.5401442050933838,0.209,
2021/12/17 00:00,2021-12-17,Paradise_WA,46.783333,-121.733333,0.344,1.0,0.206,0.2,-4.6,0.344,0.232,0.3,0.2,360.68,1654,,,,351,0.5401442050933838,0.208,
2021/12/18 00:00,2021-12-18,Paradise_WA,46.783333,-121.733333,0.342,1.0,0.205,0.2,-6.1,0.344,0.231,0.3,0.2,363.22,1654,,,,352,0.5401442050933838,0.206,
2021/12/19 00:00,2021-12-19,Paradise_WA,46.783333,-121.733333,0.342,1.0,0.205,0.2,-0.8,0.343,0.23,0.3,0.2,424.18,1654,,,,353,0.0,0.205,
2021/12/20 00:00,2021-12-20,Paradise_WA,46.783333,-121.733333,0.341,1.0,0.203,0.2,-5.0,0.343,0.229,0.3,0.2,452.12,1654,,,,354,0.0,0.205,
2021/12/21 00:00,2021-12-21,Paradise_WA,46.783333,-121.733333,0.341,1.0,0.203,0.2,-0.8,0.343,0.229,0.3,0.2,492.76,1654,,,,355,0.0,0.203,
2021/12/22 00:00,2021-12-22,Paradise_WA,46.783333,-121.733333,0.34,1.0,0.203,0.2,0.2,0.343,0.229,0.3,0.2,495.3,1654,,,,356,0.0,0.203,
2021/12/23 00:00,2021-12-23,Paradise_WA,46.783333,-121.733333,0.34,1.0,0.202,0.2,-1.5,0.342,0.227,0.3,0.2,530.86,1654,263.7353218390805,0.01890614745250432,0.3909134566783905,357,0.3909134566783905,0.203,
2021/12/24 00:00,2021-12-24,Paradise_WA,46.783333,-121.733333,0.339,1.1,0.203,0.2,-6.6,0.342,0.227,0.3,0.2,556.26,1654,,,,358,0.3909134566783905,0.202,
2021/12/25 00:00,2021-12-25,Paradise_WA,46.783333,-121.733333,0.339,1.1,0.202,0.2,-6.7,0.342,0.227,0.3,0.2,584.2,1654,,,,359,0.3909134566783905,0.203,
2021/12/26 00:00,2021-12-26,Paradise_WA,46.783333,-121.733333,0.339,1.1,0.202,0.2,-7.4,0.342,0.227,0.3,0.2,619.76,1654,,,,360,0.0,0.202,
2021/12/27 00:00,2021-12-27,Paradise_WA,46.783333,-121.733333,0.339,1.1,0.203,0.2,-10.3,0.342,0.226,0.3,0.2,632.46,1654,,,,361,0.0,0.202,
2021/12/28 00:00,2021-12-28,Paradise_WA,46.783333,-121.733333,0.338,1.1,0.202,0.2,-12.7,0.341,0.226,0.3,0.2,632.46,1654,,,,362,0.0,0.203,
2021/12/29 00:00,2021-12-29,Paradise_WA,46.783333,-121.733333,0.338,1.1,0.202,0.2,-8.4,0.341,0.225,0.3,0.2,637.54,1654,,,,363,0.0,0.202,
2021/12/30 00:00,2021-12-30,Paradise_WA,46.783333,-121.733333,0.337,1.1,0.202,0.2,-10.4,0.341,0.225,0.3,0.2,640.08,1654,261.95944444444444,0.009836614853195163,0.14432531595230103,364,0.14432531595230103,0.202,
2021/12/31 00:00,2021-12-31,Paradise_WA,46.783333,-121.733333,0.338,1.1,0.202,0.2,-7.9,0.341,0.225,0.3,0.2,670.56,1654,,,,365,0.14432531595230103,0.202,
2022/01/01 00:00,2022-01-01,Paradise_WA,46.783333,-121.733333,0.337,1.1,0.202,0.2,-10.8,0.34,0.225,0.3,0.2,678.18,1654,,,,1,0.14432531595230103,0.202,
2022/01/02 00:00,2022-01-02,Paradise_WA,46.783333,-121.733333,0.337,1.1,0.201,0.2,-8.7,0.34,0.224,0.3,0.2,678.18,1654,,,,2,0.0,0.202,
2022/01/03 00:00,2022-01-03,Paradise_WA,46.783333,-121.733333,0.336,1.1,0.202,0.2,-3.0,0.34,0.224,0.3,0.2,683.26,1654,,,,3,0.0,0.201,
2022/01/04 00:00,2022-01-04,Paradise_WA,46.783333,-121.733333,0.336,1.1,0.202,0.2,-7.6,0.34,0.224,0.3,0.2,746.76,1654,,,,4,0.0,0.202,
2022/01/05 00:00,2022-01-05,Paradise_WA,46.783333,-121.733333,0.336,1.1,0.201,0.2,-5.3,0.34,0.224,0.3,0.2,769.62,1654,,,,5,0.0,0.202,
2022/01/06 00:00,2022-01-06,Paradise_WA,46.783333,-121.733333,0.336,1.1,0.201,0.2,-5.0,0.34,0.224,0.3,0.2,787.4,1654,267.6399051724138,0.009836614853195163,0.7960560917854309,6,0.7960560917854309,0.201,
2022/01/07 00:00,2022-01-07,Paradise_WA,46.783333,-121.733333,0.336,1.1,0.201,0.2,0.4,0.339,0.224,0.3,0.2,734.06,1654,,,,7,0.7960560917854309,0.201,
2022/01/08 00:00,2022-01-08,Paradise_WA,46.783333,-121.733333,0.336,1.1,0.202,0.2,-6.5,0.34,0.224,0.3,0.2,848.36,1654,,,,8,0.7960560917854309,0.201,
2022/01/09 00:00,2022-01-09,Paradise_WA,46.783333,-121.733333,0.336,1.1,0.203,0.2,-2.8,0.34,0.224,0.3,0.2,878.84,1654,,,,9,0.0,0.202,
2022/01/10 00:00,2022-01-10,Paradise_WA,46.783333,-121.733333,0.337,1.1,0.204,0.2,0.7,0.341,0.225,0.3,0.2,899.16,1654,,,,10,0.0,0.203,
2022/01/11 00:00,2022-01-11,Paradise_WA,46.783333,-121.733333,0.337,1.1,0.204,0.2,0.0,0.341,0.225,0.3,0.2,919.48,1654,,,,11,0.0,0.204,
2022/01/12 00:00,2022-01-12,Paradise_WA,46.783333,-121.733333,0.337,1.1,0.204,0.2,1.6,0.341,0.225,0.3,0.2,993.14,1654,,,,12,0.0,0.204,
2022/01/13 00:00,2022-01-13,Paradise_WA,46.783333,-121.733333,0.38,0.5,0.216,0.1,5.9,0.371,0.261,0.1,0.2,985.52,1654,272.87096264367824,0.11641156088082902,0.4317948520183563,13,0.4317948520183563,0.204,
2022/01/14 00:00,2022-01-14,Paradise_WA,46.783333,-121.733333,0.369,0.7,0.22,0.1,0.2,0.361,0.256,0.1,0.1,980.44,1654,,,,14,0.4317948520183563,0.216,
2022/01/15 00:00,2022-01-15,Paradise_WA,46.783333,-121.733333,0.366,0.7,0.22,0.1,4.8,0.358,0.254,0.1,0.1,982.98,1654,,,,15,0.4317948520183563,0.22,
2022/01/16 00:00,2022-01-16,Paradise_WA,46.783333,-121.733333,0.363,0.8,0.22,0.1,3.4,0.356,0.252,0.2,0.1,993.14,1654,,,,16,0.0,0.22,
2022/01/17 00:00,2022-01-17,Paradise_WA,46.783333,-121.733333,0.361,0.8,0.219,0.1,7.0,0.354,0.25,0.2,0.1,998.22,1654,,,,17,0.0,0.22,
2022/01/18 00:00,2022-01-18,Paradise_WA,46.783333,-121.733333,0.359,0.8,0.219,0.1,2.2,0.353,0.249,0.2,0.1,1005.84,1654,,,,18,0.0,0.219,
2022/01/19 00:00,2022-01-19,Paradise_WA,46.783333,-121.733333,0.358,0.8,0.218,0.1,-1.1,0.351,0.247,0.2,0.1,1016.0,1654,,,,19,0.0,0.219,
2022/01/20 00:00,2022-01-20,Paradise_WA,46.783333,-121.733333,0.356,0.8,0.218,0.1,0.8,0.351,0.246,0.2,0.1,1028.7,1654,275.6315155993432,0.11641156088082902,0.12415064126253128,20,0.12415064126253128,0.218,
2022/01/21 00:00,2022-01-21,Paradise_WA,46.783333,-121.733333,0.384,0.4,0.229,0.1,-1.5,0.375,0.269,0.0,0.1,1061.72,1654,,,,21,0.12415064126253128,0.218,
2022/01/22 00:00,2022-01-22,Paradise_WA,46.783333,-121.733333,0.369,0.5,0.228,0.1,0.4,0.362,0.261,0.1,0.1,1051.56,1654,,,,22,0.12415064126253128,0.229,
2022/01/23 00:00,2022-01-23,Paradise_WA,46.783333,-121.733333,0.365,0.6,0.227,0.1,9.6,0.357,0.257,0.1,0.1,1049.02,1654,,,,23,0.0,0.228,
2022/01/24 00:00,2022-01-24,Paradise_WA,46.783333,-121.733333,0.362,0.6,0.225,0.1,8.0,0.355,0.254,0.1,0.1,1051.56,1654,,,,24,0.0,0.227,
2022/01/25 00:00,2022-01-25,Paradise_WA,46.783333,-121.733333,0.36,0.7,0.224,0.1,4.0,0.353,0.252,0.1,0.1,1054.1,1654,,,,25,0.0,0.225,
2022/01/26 00:00,2022-01-26,Paradise_WA,46.783333,-121.733333,0.359,0.7,0.223,0.1,4.6,0.352,0.251,0.1,0.1,1056.64,1654,,,,26,0.0,0.224,
2022/01/27 00:00,2022-01-27,Paradise_WA,46.783333,-121.733333,0.357,0.7,0.222,0.1,6.8,0.351,0.249,0.1,0.1,1056.64,1654,275.9696400862069,0.09474727979274614,0.05509455129504204,27,0.05509455129504204,0.223,
2022/01/28 00:00,2022-01-28,Paradise_WA,46.783333,-121.733333,0.356,0.7,0.221,0.1,8.0,0.35,0.248,0.2,0.1,1059.18,1654,,,,28,0.05509455129504204,0.222,
2022/01/29 00:00,2022-01-29,Paradise_WA,46.783333,-121.733333,0.355,0.7,0.221,0.1,5.2,0.349,0.246,0.2,0.1,1061.72,1654,,,,29,0.05509455129504204,0.221,
2022/01/30 00:00,2022-01-30,Paradise_WA,46.783333,-121.733333,0.354,0.8,0.221,0.1,4.8,0.349,0.246,0.2,0.1,1064.26,1654,,,,30,0.0,0.221,
2022/01/31 00:00,2022-01-31,Paradise_WA,46.783333,-121.733333,0.354,0.8,0.22,0.1,0.2,0.348,0.245,0.2,0.1,1071.88,1654,,,,31,0.0,0.221,
2022/02/01 00:00,2022-02-01,Paradise_WA,46.783333,-121.733333,0.353,0.8,0.22,0.1,-5.6,0.348,0.244,0.2,0.1,1117.6,1654,,,,32,0.0,0.22,
2022/02/02 00:00,2022-02-02,Paradise_WA,46.783333,-121.733333,0.352,0.8,0.22,0.1,-7.0,0.348,0.244,0.2,0.1,1120.14,1654,,,,33,0.0,0.22,
2022/02/03 00:00,2022-02-03,Paradise_WA,46.783333,-121.733333,0.351,0.8,0.219,0.1,-3.7,0.347,0.243,0.2,0.1,1125.22,1654,273.08969540229884,0.09474727979274614,0.09664903581142426,34,0.09664903581142426,0.22,
2022/02/04 00:00,2022-02-04,Paradise_WA,46.783333,-121.733333,0.351,0.8,0.218,0.1,-1.8,0.347,0.242,0.2,0.1,1140.46,1654,,,,35,0.09664903581142426,0.219,
2022/02/05 00:00,2022-02-05,Paradise_WA,46.783333,-121.733333,0.35,0.8,0.218,0.1,-1.5,0.346,0.241,0.2,0.1,1143.0,1654,,,,36,0.09664903581142426,0.218,
2022/02/06 00:00,2022-02-06,Paradise_WA,46.783333,-121.733333,0.35,0.8,0.218,0.1,0.1,0.346,0.241,0.2,0.1,1160.78,1654,,,,37,0.0,0.218,
2022/02/07 00:00,2022-02-07,Paradise_WA,46.783333,-121.733333,0.349,0.8,0.218,0.1,5.4,0.345,0.241,0.2,0.1,1163.32,1654,,,,38,0.0,0.218,
2022/02/08 00:00,2022-02-08,Paradise_WA,46.783333,-121.733333,0.349,0.8,0.218,0.1,0.6,0.345,0.24,0.2,0.1,1165.86,1654,,,,39,0.0,0.218,
2022/02/09 00:00,2022-02-09,Paradise_WA,46.783333,-121.733333,0.349,0.8,0.218,0.2,0.3,0.345,0.24,0.2,0.1,1168.4,1654,,,,40,0.0,0.218,
2022/02/10 00:00,2022-02-10,Paradise_WA,46.783333,-121.733333,0.348,0.8,0.218,0.2,6.0,0.345,0.239,0.2,0.1,1173.48,1654,275.4436761083744,,0.0727243572473526,41,0.0727243572473526,0.218,
2022/02/11 00:00,2022-02-11,Paradise_WA,46.783333,-121.733333,0.348,0.8,0.218,0.2,3.9,0.345,0.239,0.2,0.1,1173.48,1654,,,,42,0.0727243572473526,0.218,
2022/02/12 00:00,2022-02-12,Paradise_WA,46.783333,-121.733333,0.348,0.8,0.218,0.2,6.1,0.345,0.239,0.2,0.1,1173.48,1654,,,,43,0.0727243572473526,0.218,
2022/02/13 00:00,2022-02-13,Paradise_WA,46.783333,-121.733333,0.348,0.8,0.218,0.2,8.8,0.345,0.239,0.2,0.1,1176.02,1654,,,,44,0.0,0.218,
2022/02/14 00:00,2022-02-14,Paradise_WA,46.783333,-121.733333,0.347,0.8,0.218,0.2,7.4,0.345,0.239,0.2,0.1,1176.02,1654,,,,45,0.0,0.218,
2022/02/15 00:00,2022-02-15,Paradise_WA,46.783333,-121.733333,0.347,0.9,0.218,0.2,-2.7,0.345,0.238,0.2,0.2,1188.72,1654,,,,46,0.0,0.218,
2022/02/16 00:00,2022-02-16,Paradise_WA,46.783333,-121.733333,0.347,0.9,0.218,0.2,-2.4,0.344,0.238,0.2,0.2,1191.26,1654,,,,47,0.0,0.218,
2022/02/17 00:00,2022-02-17,Paradise_WA,46.783333,-121.733333,0.347,0.9,0.218,0.2,-1.2,0.344,0.238,0.2,0.2,1209.04,1654,276.19701034482756,0.06948273963730574,0.07616987079381943,48,0.07616987079381943,0.218,
2022/02/18 00:00,2022-02-18,Paradise_WA,46.783333,-121.733333,0.346,0.9,0.218,0.2,-1.0,0.344,0.238,0.2,0.2,1206.5,1654,,,,49,0.07616987079381943,0.218,
2022/02/19 00:00,2022-02-19,Paradise_WA,46.783333,-121.733333,0.346,0.9,0.218,0.2,2.9,0.344,0.238,0.2,0.2,1214.12,1654,,,,50,0.07616987079381943,0.218,
2022/02/20 00:00,2022-02-20,Paradise_WA,46.783333,-121.733333,0.346,0.9,0.218,0.2,-2.1,0.344,0.238,0.2,0.2,1219.2,1654,,,,51,0.0,0.218,
2022/02/21 00:00,2022-02-21,Paradise_WA,46.783333,-121.733333,0.346,0.9,0.218,0.2,-4.3,0.344,0.237,0.2,0.2,1262.38,1654,,,,52,0.0,0.218,
2022/02/22 00:00,2022-02-22,Paradise_WA,46.783333,-121.733333,0.346,0.9,0.218,0.2,-5.3,0.344,0.238,0.2,0.2,1287.78,1654,,,,53,0.0,0.218,
2022/02/23 00:00,2022-02-23,Paradise_WA,46.783333,-121.733333,0.345,0.9,0.218,0.2,-13.7,0.343,0.237,0.2,0.2,1297.94,1654,,,,54,0.0,0.218,
2022/02/24 00:00,2022-02-24,Paradise_WA,46.783333,-121.733333,0.345,0.9,0.218,0.2,-9.2,0.343,0.236,0.2,0.2,1300.48,1654,270.69882758620685,0.06948273963730574,0.6857083439826965,55,0.6857083439826965,0.218,
2022/02/25 00:00,2022-02-25,Paradise_WA,46.783333,-121.733333,0.345,0.9,0.218,0.2,-6.6,0.343,0.236,0.2,0.2,1303.02,1654,,,,56,0.6857083439826965,0.218,
2022/02/26 00:00,2022-02-26,Paradise_WA,46.783333,-121.733333,0.345,0.9,0.218,0.2,-2.1,0.343,0.236,0.2,0.2,1305.56,1654,,,,57,0.6857083439826965,0.218,
2022/02/27 00:00,2022-02-27,Paradise_WA,46.783333,-121.733333,0.344,0.9,0.217,0.2,-0.7,0.343,0.236,0.2,0.2,1308.1,1654,,,,58,0.0,0.218,
2022/02/28 00:00,2022-02-28,Paradise_WA,46.783333,-121.733333,0.344,0.9,0.217,0.2,-0.1,0.343,0.236,0.2,0.2,1341.12,1654,,,,59,0.0,0.217,
2022/03/01 00:00,2022-03-01,Paradise_WA,46.783333,-121.733333,0.388,0.4,0.229,0.1,3.5,0.383,0.265,0.0,0.2,1455.42,1654,,,,60,0.0,0.217,
2022/03/02 00:00,2022-03-02,Paradise_WA,46.783333,-121.733333,0.379,0.3,0.251,0.0,1.4,0.371,0.271,0.0,0.1,1371.6,1654,,,,61,0.0,0.229,
2022/03/03 00:00,2022-03-03,Paradise_WA,46.783333,-121.733333,0.367,0.4,0.244,0.0,1.0,0.36,0.263,0.0,0.1,1348.74,1654,270.8006005747127,0.07423490392918829,0.6880961060523987,62,0.6880961060523987,0.251,
2022/03/04 00:00,2022-03-04,Paradise_WA,46.783333,-121.733333,0.365,0.4,0.239,0.0,-2.6,0.357,0.26,0.0,0.1,1353.82,1654,,,,63,0.6880961060523987,0.244,
2022/03/05 00:00,2022-03-05,Paradise_WA,46.783333,-121.733333,0.362,0.5,0.237,0.0,-1.3,0.355,0.258,0.0,0.1,1361.44,1654,,,,64,0.6880961060523987,0.239,
2022/03/06 00:00,2022-03-06,Paradise_WA,46.783333,-121.733333,0.36,0.5,0.234,0.0,-1.3,0.354,0.255,0.0,0.1,1363.98,1654,,,,65,0.0,0.237,
2022/03/07 00:00,2022-03-07,Paradise_WA,46.783333,-121.733333,0.359,0.5,0.233,0.1,1.0,0.352,0.254,0.1,0.1,1366.52,1654,,,,66,0.0,0.234,
2022/03/08 00:00,2022-03-08,Paradise_WA,46.783333,-121.733333,0.357,0.6,0.232,0.1,0.2,0.351,0.252,0.1,0.1,1371.6,1654,,,,67,0.0,0.233,
2022/03/09 00:00,2022-03-09,Paradise_WA,46.783333,-121.733333,0.356,0.6,0.23,0.1,-1.3,0.35,0.251,0.1,0.1,1389.38,1654,,,,68,0.0,0.232,
2022/03/10 00:00,2022-03-10,Paradise_WA,46.783333,-121.733333,0.355,0.6,0.229,0.1,-6.2,0.349,0.249,0.1,0.1,1397.0,1654,271.18522327586203,0.07423490392918829,0.16650640964508057,69,0.16650640964508057,0.23,
2022/03/11 00:00,2022-03-11,Paradise_WA,46.783333,-121.733333,0.354,0.6,0.228,0.1,-2.7,0.349,0.248,0.1,0.1,1397.0,1654,,,,70,0.16650640964508057,0.229,
2022/03/12 00:00,2022-03-12,Paradise_WA,46.783333,-121.733333,0.353,0.6,0.228,0.1,2.0,0.348,0.247,0.1,0.1,1404.62,1654,,,,71,0.16650640964508057,0.228,
2022/03/13 00:00,2022-03-13,Paradise_WA,46.783333,-121.733333,0.352,0.7,0.227,0.1,-0.6,0.347,0.246,0.1,0.1,1407.16,1654,,,,72,0.0,0.228,
2022/03/14 00:00,2022-03-14,Paradise_WA,46.783333,-121.733333,0.351,0.7,0.227,0.1,0.2,0.347,0.245,0.1,0.1,1417.32,1654,,,,73,0.0,0.227,
2022/03/15 00:00,2022-03-15,Paradise_WA,46.783333,-121.733333,0.35,0.7,0.226,0.1,-1.0,0.346,0.244,0.1,0.1,1450.34,1654,,,,74,0.0,0.227,
2022/03/16 00:00,2022-03-16,Paradise_WA,46.783333,-121.733333,0.349,0.7,0.226,0.1,-2.1,0.346,0.243,0.1,0.1,1493.52,1654,,,,75,0.0,0.226,
2022/03/17 00:00,2022-03-17,Paradise_WA,46.783333,-121.733333,0.349,0.7,0.225,0.1,0.0,0.346,0.243,0.2,0.1,1506.22,1654,274.73541091954024,0.058829010146804854,0.30905449390411377,76,0.30905449390411377,0.226,
2022/03/18 00:00,2022-03-18,Paradise_WA,46.783333,-121.733333,0.348,0.7,0.225,0.1,-1.3,0.345,0.242,0.2,0.1,1508.76,1654,,,,77,0.30905449390411377,0.225,
2022/03/19 00:00,2022-03-19,Paradise_WA,46.783333,-121.733333,0.348,0.7,0.225,0.1,1.1,0.345,0.241,0.2,0.1,1516.38,1654,,,,78,0.30905449390411377,0.225,
2022/03/20 00:00,2022-03-20,Paradise_WA,46.783333,-121.733333,0.347,0.7,0.224,0.1,-4.7,0.344,0.241,0.2,0.1,1531.62,1654,,,,79,0.0,0.225,
2022/03/21 00:00,2022-03-21,Paradise_WA,46.783333,-121.733333,0.347,0.7,0.224,0.1,-3.2,0.344,0.24,0.2,0.1,1539.24,1654,,,,80,0.0,0.224,
2022/03/22 00:00,2022-03-22,Paradise_WA,46.783333,-121.733333,0.346,0.7,0.223,0.1,0.3,0.344,0.24,0.2,0.1,1582.42,1654,,,,81,0.0,0.224,
2022/03/23 00:00,2022-03-23,Paradise_WA,46.783333,-121.733333,0.346,0.7,0.223,0.1,9.2,0.344,0.24,0.2,0.1,1564.64,1654,,,,82,0.0,0.223,
2022/03/24 00:00,2022-03-24,Paradise_WA,46.783333,-121.733333,0.347,0.7,0.225,0.1,1.6,0.344,0.241,0.2,0.1,1574.8,1654,275.31254310344826,0.058829010146804854,0.20237179100513458,83,0.20237179100513458,0.223,
2022/03/25 00:00,2022-03-25,Paradise_WA,46.783333,-121.733333,0.349,0.8,0.228,0.1,5.6,0.346,0.243,0.2,0.1,1577.34,1654,,,,84,0.20237179100513458,0.225,
2022/03/26 00:00,2022-03-26,Paradise_WA,46.783333,-121.733333,0.349,0.8,0.228,0.1,5.4,0.346,0.243,0.2,0.1,1579.88,1654,,,,85,0.20237179100513458,0.228,
2022/03/27 00:00,2022-03-27,Paradise_WA,46.783333,-121.733333,0.349,0.8,0.228,0.1,7.8,0.346,0.243,0.2,0.1,1577.34,1654,,,,86,0.0,0.228,
2022/03/28 00:00,2022-03-28,Paradise_WA,46.783333,-121.733333,0.349,0.8,0.229,0.1,8.8,0.346,0.245,0.2,0.1,1567.18,1654,,,,87,0.0,0.228,
2022/03/29 00:00,2022-03-29,Paradise_WA,46.783333,-121.733333,0.352,0.8,0.234,0.1,5.2,0.348,0.249,0.2,0.1,1557.02,1654,,,,88,0.0,0.229,
2022/03/30 00:00,2022-03-30,Paradise_WA,46.783333,-121.733333,0.354,0.7,0.237,0.1,5.9,0.349,0.251,0.2,0.1,1554.48,1654,,,,89,0.0,0.234,
2022/03/31 00:00,2022-03-31,Paradise_WA,46.783333,-121.733333,0.356,0.7,0.241,0.1,-2.1,0.35,0.254,0.2,0.1,1559.56,1654,273.05797701149424,,0.16862981021404266,90,0.16862981021404266,0.237,
2022/04/01 00:00,2022-04-01,Paradise_WA,46.783333,-121.733333,0.356,0.7,0.24,0.1,-1.5,0.35,0.253,0.2,0.1,1569.72,1654,,,,91,0.16862981021404266,0.241,
2022/04/02 00:00,2022-04-02,Paradise_WA,46.783333,-121.733333,0.355,0.7,0.238,0.1,2.0,0.349,0.252,0.2,0.1,1572.26,1654,,,,92,0.16862981021404266,0.24,
2022/04/03 00:00,2022-04-03,Paradise_WA,46.783333,-121.733333,0.354,0.7,0.236,0.1,-0.9,0.348,0.251,0.2,0.1,1579.88,1654,,,,93,0.0,0.238,
2022/04/04 00:00,2022-04-04,Paradise_WA,46.783333,-121.733333,0.353,0.7,0.235,0.1,-0.8,0.348,0.25,0.2,0.1,1584.96,1654,,,,94,0.0,0.236,
2022/04/05 00:00,2022-04-05,Paradise_WA,46.783333,-121.733333,0.353,0.7,0.235,0.1,-4.9,0.348,0.25,0.2,0.1,1656.08,1654,,,,95,0.0,0.235,
2022/04/06 00:00,2022-04-06,Paradise_WA,46.783333,-121.733333,0.352,0.7,0.233,0.1,-3.9,0.347,0.249,0.2,0.1,1684.02,1654,,,,96,0.0,0.235,
2022/04/07 00:00,2022-04-07,Paradise_WA,46.783333,-121.733333,0.352,0.7,0.233,0.1,3.0,0.347,0.248,0.2,0.1,1686.56,1654,276.4488534482759,0.11103023531951642,0.19737979769706726,97,0.19737979769706726,0.233,
2022/04/08 00:00,2022-04-08,Paradise_WA,46.783333,-121.733333,0.351,0.7,0.233,0.1,14.9,0.346,0.248,0.2,0.1,1689.1,1654,,,,98,0.19737979769706726,0.233,
2022/04/09 00:00,2022-04-09,Paradise_WA,46.783333,-121.733333,0.351,0.7,0.233,0.1,-3.0,0.347,0.248,0.2,0.1,1699.26,1654,,,,99,0.19737979769706726,0.233,
2022/04/10 00:00,2022-04-10,Paradise_WA,46.783333,-121.733333,0.351,0.7,0.233,0.1,-5.7,0.347,0.247,0.2,0.1,1734.82,1654,,,,100,0.0,0.233,
2022/04/11 00:00,2022-04-11,Paradise_WA,46.783333,-121.733333,0.351,0.7,0.233,0.1,-5.7,0.347,0.247,0.2,0.1,1785.62,1654,,,,101,0.0,0.233,
2022/04/12 00:00,2022-04-12,Paradise_WA,46.783333,-121.733333,0.351,0.7,0.234,0.1,-4.3,0.346,0.247,0.2,0.1,1805.94,1654,,,,102,0.0,0.233,
2022/04/13 00:00,2022-04-13,Paradise_WA,46.783333,-121.733333,0.35,0.7,0.233,0.1,-6.3,0.346,0.247,0.2,0.1,1828.8,1654,,,,103,0.0,0.234,
2022/04/14 00:00,2022-04-14,Paradise_WA,46.783333,-121.733333,0.35,0.7,0.232,0.1,-6.4,0.346,0.246,0.2,0.1,1838.96,1654,272.13303448275866,,0.14749999344348907,104,0.14749999344348907,0.233,
2022/04/15 00:00,2022-04-15,Paradise_WA,46.783333,-121.733333,0.349,0.7,0.232,0.1,-5.0,0.346,0.245,0.2,0.1,1844.04,1654,,,,105,0.14749999344348907,0.232,
2022/04/16 00:00,2022-04-16,Paradise_WA,46.783333,-121.733333,0.349,0.7,0.232,0.1,-2.5,0.346,0.246,0.2,0.1,1846.58,1654,,,,106,0.14749999344348907,0.232,
2022/04/17 00:00,2022-04-17,Paradise_WA,46.783333,-121.733333,0.349,0.7,0.23,0.1,-4.9,0.345,0.245,0.2,0.1,1851.66,1654,,,,107,0.0,0.232,
2022/04/18 00:00,2022-04-18,Paradise_WA,46.783333,-121.733333,0.349,0.7,0.231,0.1,1.0,0.345,0.244,0.2,0.1,1856.74,1654,,,,108,0.0,0.23,
2022/04/19 00:00,2022-04-19,Paradise_WA,46.783333,-121.733333,0.348,0.7,0.23,0.1,0.5,0.345,0.244,0.2,0.1,1871.98,1654,,,,109,0.0,0.231,
2022/04/20 00:00,2022-04-20,Paradise_WA,46.783333,-121.733333,0.348,0.7,0.23,0.1,-1.0,0.345,0.243,0.2,0.1,1884.68,1654,,,,110,0.0,0.23,
2022/04/21 00:00,2022-04-21,Paradise_WA,46.783333,-121.733333,0.347,0.7,0.229,0.1,-0.4,0.344,0.243,0.2,0.1,1892.3,1654,273.2402844827587,0.04137489205526771,0.12522435188293457,111,0.12522435188293457,0.23,
2022/04/22 00:00,2022-04-22,Paradise_WA,46.783333,-121.733333,0.347,0.7,0.229,0.1,1.2,0.344,0.242,0.2,0.1,1897.38,1654,,,,112,0.12522435188293457,0.229,
2022/04/23 00:00,2022-04-23,Paradise_WA,46.783333,-121.733333,0.347,0.7,0.229,0.1,1.3,0.344,0.242,0.2,0.1,1899.92,1654,,,,113,0.12522435188293457,0.229,
2022/04/24 00:00,2022-04-24,Paradise_WA,46.783333,-121.733333,0.347,0.7,0.229,0.1,4.2,0.344,0.241,0.2,0.1,1907.54,1654,,,,114,0.0,0.229,
2022/04/25 00:00,2022-04-25,Paradise_WA,46.783333,-121.733333,0.346,0.7,0.228,0.1,9.0,0.344,0.242,0.2,0.1,1869.44,1654,,,,115,0.0,0.229,
2022/04/26 00:00,2022-04-26,Paradise_WA,46.783333,-121.733333,0.346,0.7,0.23,0.1,2.0,0.344,0.241,0.2,0.1,1859.28,1654,,,,116,0.0,0.228,
2022/04/27 00:00,2022-04-27,Paradise_WA,46.783333,-121.733333,0.347,0.7,0.23,0.1,-1.8,0.344,0.241,0.2,0.1,1887.22,1654,,,,117,0.0,0.23,
2022/04/28 00:00,2022-04-28,Paradise_WA,46.783333,-121.733333,0.347,0.7,0.23,0.1,0.0,0.344,0.242,0.2,0.1,1905.0,1654,274.23455522971653,0.04137489205526771,0.1648653745651245,118,0.1648653745651245,0.23,
2022/04/29 00:00,2022-04-29,Paradise_WA,46.783333,-121.733333,0.347,0.7,0.23,0.1,0.2,0.344,0.243,0.2,0.1,1912.62,1654,,,,119,0.1648653745651245,0.23,
2022/04/30 00:00,2022-04-30,Paradise_WA,46.783333,-121.733333,0.347,0.7,0.23,0.1,4.0,0.344,0.242,0.2,0.1,1912.62,1654,,,,120,0.1648653745651245,0.23,
2022/05/01 00:00,2022-05-01,Paradise_WA,46.783333,-121.733333,0.347,0.7,0.23,0.1,1.8,0.344,0.242,0.2,0.1,1930.4,1654,,,,121,0.0,0.23,
2022/05/02 00:00,2022-05-02,Paradise_WA,46.783333,-121.733333,0.347,0.7,0.23,0.1,7.7,0.344,0.242,0.2,0.1,1925.32,1654,,,,122,0.0,0.23,
2022/05/03 00:00,2022-05-03,Paradise_WA,46.783333,-121.733333,0.347,0.7,0.23,0.1,0.8,0.344,0.242,0.2,0.1,1953.26,1654,,,,123,0.0,0.23,
2022/05/04 00:00,2022-05-04,Paradise_WA,46.783333,-121.733333,0.347,0.7,0.232,0.1,2.0,0.345,0.242,0.2,0.1,1960.88,1654,,,,124,0.0,0.23,
2022/05/05 00:00,2022-05-05,Paradise_WA,46.783333,-121.733333,0.347,0.7,0.231,0.1,11.0,0.345,0.243,0.2,0.1,1953.26,1654,265.04949843260187,0.036857275474956826,0.21895191073417664,125,0.21895191073417664,0.232,
2022/05/06 00:00,2022-05-06,Paradise_WA,46.783333,-121.733333,0.347,0.7,0.233,0.1,0.3,0.345,0.243,0.2,0.1,2004.06,1654,,,,126,0.21895191073417664,0.231,
2022/05/07 00:00,2022-05-07,Paradise_WA,46.783333,-121.733333,0.347,0.7,0.235,0.1,0.6,0.346,0.243,0.2,0.1,1986.28,1654,,,,127,0.21895191073417664,0.233,
2022/05/08 00:00,2022-05-08,Paradise_WA,46.783333,-121.733333,0.347,0.7,0.234,0.1,-2.9,0.346,0.243,0.2,0.1,2006.6,1654,,,,128,0.0,0.235,
2022/05/09 00:00,2022-05-09,Paradise_WA,46.783333,-121.733333,0.347,0.7,0.234,0.1,-0.7,0.346,0.243,0.2,0.1,2006.6,1654,,,,129,0.0,0.234,
2022/05/10 00:00,2022-05-10,Paradise_WA,46.783333,-121.733333,0.347,0.7,0.233,0.1,-2.1,0.345,0.243,0.2,0.1,2009.14,1654,,,,130,0.0,0.234,
2022/05/11 00:00,2022-05-11,Paradise_WA,46.783333,-121.733333,0.347,0.7,0.233,0.1,1.1,0.345,0.243,0.2,0.1,2009.14,1654,,,,131,0.0,0.233,
2022/05/12 00:00,2022-05-12,Paradise_WA,46.783333,-121.733333,0.347,0.7,0.233,0.1,2.7,0.345,0.243,0.2,0.1,2011.68,1654,265.9059670781893,0.036857275474956826,0.17240384221076965,132,0.17240384221076965,0.233,
2022/05/13 00:00,2022-05-13,Paradise_WA,46.783333,-121.733333,0.347,0.7,0.233,0.1,-0.4,0.345,0.243,0.2,0.1,2039.62,1654,,,,133,0.17240384221076965,0.233,
2022/05/14 00:00,2022-05-14,Paradise_WA,46.783333,-121.733333,0.347,0.7,0.232,0.1,0.5,0.345,0.243,0.2,0.1,2044.7,1654,,,,134,0.17240384221076965,0.233,
2022/05/15 00:00,2022-05-15,Paradise_WA,46.783333,-121.733333,0.347,0.7,0.232,0.1,5.9,0.345,0.242,0.2,0.1,2085.34,1654,,,,135,0.0,0.232,
2022/05/16 00:00,2022-05-16,Paradise_WA,46.783333,-121.733333,0.347,0.7,0.234,0.1,6.5,0.345,0.243,0.2,0.1,2105.66,1654,,,,136,0.0,0.232,
2022/05/17 00:00,2022-05-17,Paradise_WA,46.783333,-121.733333,0.347,0.7,0.235,0.1,2.6,0.346,0.243,0.2,0.1,2103.12,1654,,,,137,0.0,0.234,
2022/05/18 00:00,2022-05-18,Paradise_WA,46.783333,-121.733333,0.347,0.7,0.235,0.1,6.5,0.346,0.244,0.2,0.1,2067.56,1654,,,,138,0.0,0.235,
2022/05/19 00:00,2022-05-19,Paradise_WA,46.783333,-121.733333,0.348,0.7,0.236,0.1,0.0,0.346,0.244,0.2,0.1,2113.28,1654,279.37916379310343,0.03737851360103627,0.1254967898130417,139,0.1254967898130417,0.235,
2022/05/20 00:00,2022-05-20,Paradise_WA,46.783333,-121.733333,0.348,0.7,0.236,0.1,-0.2,0.346,0.244,0.2,0.1,2082.8,1654,,,,140,0.1254967898130417,0.236,
2022/05/21 00:00,2022-05-21,Paradise_WA,46.783333,-121.733333,0.348,0.7,0.236,0.1,4.7,0.346,0.243,0.2,0.1,2065.02,1654,,,,141,0.1254967898130417,0.236,
2022/05/22 00:00,2022-05-22,Paradise_WA,46.783333,-121.733333,0.347,0.7,0.235,0.1,5.5,0.346,0.243,0.2,0.1,2057.4,1654,,,,142,0.0,0.236,
2022/05/23 00:00,2022-05-23,Paradise_WA,46.783333,-121.733333,0.347,0.7,0.235,0.1,11.1,0.346,0.243,0.2,0.1,2057.4,1654,,,,143,0.0,0.235,
2022/05/24 00:00,2022-05-24,Paradise_WA,46.783333,-121.733333,0.347,0.7,0.235,0.1,6.1,0.346,0.243,0.2,0.1,2070.1,1654,,,,144,0.0,0.235,
2022/05/25 00:00,2022-05-25,Paradise_WA,46.783333,-121.733333,0.348,0.7,0.235,0.1,3.5,0.346,0.244,0.2,0.1,2095.5,1654,,,,145,0.0,0.235,
2022/05/26 00:00,2022-05-26,Paradise_WA,46.783333,-121.733333,0.347,0.7,0.236,0.1,10.1,0.346,0.244,0.2,0.1,2072.64,1654,280.0030344827586,0.03737851360103627,0.1034855768084526,146,0.1034855768084526,0.235,
2022/05/27 00:00,2022-05-27,Paradise_WA,46.783333,-121.733333,0.348,0.7,0.237,0.1,6.9,0.346,0.245,0.2,0.1,2070.1,1654,,,,147,0.1034855768084526,0.236,
2022/05/28 00:00,2022-05-28,Paradise_WA,46.783333,-121.733333,0.348,0.7,0.24,0.1,2.8,0.346,0.245,0.2,0.1,2077.72,1654,,,,148,0.1034855768084526,0.237,
2022/05/29 00:00,2022-05-29,Paradise_WA,46.783333,-121.733333,0.348,0.7,0.241,0.1,3.3,0.347,0.245,0.2,0.1,2034.54,1654,,,,149,0.0,0.24,
2022/05/30 00:00,2022-05-30,Paradise_WA,46.783333,-121.733333,0.349,0.7,0.241,0.1,1.3,0.346,0.246,0.2,0.1,2029.46,1654,,,,150,0.0,0.241,
2022/05/31 00:00,2022-05-31,Paradise_WA,46.783333,-121.733333,0.349,0.7,0.241,0.1,2.1,0.347,0.246,0.2,0.1,2011.68,1654,,,,151,0.0,0.241,
2022/06/01 00:00,2022-06-01,Paradise_WA,46.783333,-121.733333,0.349,0.7,0.24,0.1,12.3,0.347,0.245,0.2,0.1,1993.9,1654,,,,152,0.0,0.241,
2022/06/02 00:00,2022-06-02,Paradise_WA,46.783333,-121.733333,0.349,0.7,0.241,0.1,9.9,0.347,0.245,0.2,0.1,2006.6,1654,284.2889482758621,,0.19215545058250427,153,0.19215545058250427,0.24,
2022/06/03 00:00,2022-06-03,Paradise_WA,46.783333,-121.733333,0.349,0.7,0.244,0.1,9.6,0.347,0.247,0.2,0.1,2004.06,1654,,,,154,0.19215545058250427,0.241,
2022/06/04 00:00,2022-06-04,Paradise_WA,46.783333,-121.733333,0.35,0.7,0.246,0.1,4.9,0.347,0.247,0.1,0.1,1968.5,1654,,,,155,0.19215545058250427,0.244,
2022/06/05 00:00,2022-06-05,Paradise_WA,46.783333,-121.733333,0.35,0.7,0.246,0.1,7.8,0.348,0.249,0.1,0.1,1948.18,1654,,,,156,0.0,0.246,
2022/06/06 00:00,2022-06-06,Paradise_WA,46.783333,-121.733333,0.352,0.6,0.251,0.1,4.6,0.349,0.252,0.1,0.1,1945.64,1654,,,,157,0.0,0.246,
2022/06/07 00:00,2022-06-07,Paradise_WA,46.783333,-121.733333,0.354,0.6,0.253,0.1,3.8,0.349,0.255,0.1,0.1,1907.54,1654,,,,158,0.0,0.251,
2022/06/08 00:00,2022-06-08,Paradise_WA,46.783333,-121.733333,0.355,0.6,0.253,0.1,13.1,0.349,0.255,0.1,0.1,1877.06,1654,,,,159,0.0,0.253,
2022/06/09 00:00,2022-06-09,Paradise_WA,46.783333,-121.733333,0.357,0.6,0.256,0.1,11.8,0.35,0.257,0.1,0.1,1864.36,1654,285.3497068965517,0.08634756044905015,0.23048076033592224,160,0.23048076033592224,0.253,
2022/06/10 00:00,2022-06-10,Paradise_WA,46.783333,-121.733333,0.362,0.6,0.263,0.1,8.0,0.352,0.265,0.1,0.1,1877.06,1654,,,,161,0.23048076033592224,0.256,
2022/06/11 00:00,2022-06-11,Paradise_WA,46.783333,-121.733333,0.372,0.4,0.27,0.0,5.4,0.365,0.276,0.0,0.1,1828.8,1654,,,,162,0.23048076033592224,0.263,
2022/06/12 00:00,2022-06-12,Paradise_WA,46.783333,-121.733333,0.375,0.4,0.276,0.0,7.9,0.366,0.281,0.0,0.1,1785.62,1654,,,,163,0.0,0.27,
2022/06/13 00:00,2022-06-13,Paradise_WA,46.783333,-121.733333,0.37,0.4,0.27,0.0,1.8,0.362,0.275,0.0,0.1,1770.38,1654,,,,164,0.0,0.276,
2022/06/14 00:00,2022-06-14,Paradise_WA,46.783333,-121.733333,0.368,0.4,0.268,0.0,0.6,0.36,0.273,0.0,0.1,1772.92,1654,,,,165,0.0,0.27,
2022/06/15 00:00,2022-06-15,Paradise_WA,46.783333,-121.733333,0.367,0.4,0.266,0.0,2.3,0.359,0.272,0.0,0.1,1770.38,1654,,,,166,0.0,0.268,
2022/06/16 00:00,2022-06-16,Paradise_WA,46.783333,-121.733333,0.367,0.4,0.266,0.0,10.0,0.358,0.272,0.0,0.1,1760.22,1654,285.487341954023,0.08634756044905015,0.1631089746952057,167,0.1631089746952057,0.266,
2022/06/17 00:00,2022-06-17,Paradise_WA,46.783333,-121.733333,0.373,0.4,0.276,0.0,11.8,0.363,0.28,0.0,0.1,1757.68,1654,,,,168,0.1631089746952057,0.266,
2022/06/18 00:00,2022-06-18,Paradise_WA,46.783333,-121.733333,0.372,0.4,0.276,0.0,3.9,0.364,0.28,0.0,0.1,1752.6,1654,,,,169,0.1631089746952057,0.276,
2022/06/19 00:00,2022-06-19,Paradise_WA,46.783333,-121.733333,0.372,0.4,0.279,0.0,2.6,0.364,0.281,0.0,0.1,1734.82,1654,,,,170,0.0,0.276,
2022/06/20 00:00,2022-06-20,Paradise_WA,46.783333,-121.733333,0.372,0.4,0.282,0.0,5.0,0.364,0.282,0.0,0.1,1714.5,1654,,,,171,0.0,0.279,
2022/06/21 00:00,2022-06-21,Paradise_WA,46.783333,-121.733333,0.371,0.4,0.28,0.0,6.1,0.363,0.281,0.0,0.1,1699.26,1654,,,,172,0.0,0.282,
2022/06/22 00:00,2022-06-22,Paradise_WA,46.783333,-121.733333,0.374,0.4,0.287,0.0,15.2,0.366,0.285,0.0,0.1,1668.78,1654,,,,173,0.0,0.28,
2022/06/23 00:00,2022-06-23,Paradise_WA,46.783333,-121.733333,0.379,0.3,0.293,0.0,12.3,0.377,0.291,0.0,0.0,1630.68,1654,289.62749887110016,0.1478328151986183,0.03786858916282654,174,0.03786858916282654,0.287,
2022/06/24 00:00,2022-06-24,Paradise_WA,46.783333,-121.733333,0.38,0.3,0.293,0.0,11.8,0.377,0.291,0.0,0.0,1595.12,1654,,,,175,0.03786858916282654,0.293,
2022/06/25 00:00,2022-06-25,Paradise_WA,46.783333,-121.733333,0.379,0.3,0.292,0.0,16.8,0.374,0.289,0.0,0.0,1557.02,1654,,,,176,0.03786858916282654,0.293,
2022/06/26 00:00,2022-06-26,Paradise_WA,46.783333,-121.733333,0.385,0.3,0.306,0.0,19.1,0.381,0.302,0.0,0.0,1501.14,1654,,,,177,0.0,0.292,
2022/06/27 00:00,2022-06-27,Paradise_WA,46.783333,-121.733333,0.385,0.2,0.322,0.0,24.0,0.381,0.312,-0.1,0.0,1440.18,1654,,,,178,0.0,0.306,
2022/06/28 00:00,2022-06-28,Paradise_WA,46.783333,-121.733333,0.386,0.2,0.336,0.0,21.0,0.381,0.367,-0.1,0.0,1376.68,1654,,,,179,0.0,0.322,
2022/06/29 00:00,2022-06-29,Paradise_WA,46.783333,-121.733333,0.381,0.3,0.336,0.0,7.0,0.374,0.354,0.0,0.0,1363.98,1654,,,,180,0.0,0.336,
2022/06/30 00:00,2022-06-30,Paradise_WA,46.783333,-121.733333,0.384,0.3,0.348,0.0,14.4,0.378,0.363,0.0,0.0,1313.18,1654,289.3759314655172,0.1478328151986183,0.05823878198862076,181,0.05823878198862076,0.336,
2022/07/01 00:00,2022-07-01,Paradise_WA,46.783333,-121.733333,0.387,0.3,0.358,0.0,17.0,0.38,0.367,0.0,0.0,1277.62,1654,,,,182,0.05823878198862076,0.348,
2022/07/02 00:00,2022-07-02,Paradise_WA,46.783333,-121.733333,0.391,0.3,0.364,0.0,16.2,0.381,0.371,0.0,1.8,1226.82,1654,,,,183,0.05823878198862076,0.358,
2022/07/03 00:00,2022-07-03,Paradise_WA,46.783333,-121.733333,0.391,0.3,0.359,0.3,14.2,0.381,0.374,0.0,8.9,1178.56,1654,,,,184,0.0,0.364,
2022/07/04 00:00,2022-07-04,Paradise_WA,46.783333,-121.733333,0.383,0.5,0.332,1.3,5.6,0.373,0.347,0.5,4.4,1148.08,1654,,,,185,0.0,0.359,
2022/07/05 00:00,2022-07-05,Paradise_WA,46.783333,-121.733333,0.385,0.7,0.32,3.8,12.3,0.378,0.343,0.8,9.3,1122.68,1654,,,,186,0.0,0.332,
2022/07/06 00:00,2022-07-06,Paradise_WA,46.783333,-121.733333,0.379,0.8,0.299,3.8,13.1,0.372,0.323,1.5,5.9,1099.82,1654,,,,187,0.0,0.32,
2022/07/07 00:00,2022-07-07,Paradise_WA,46.783333,-121.733333,0.38,1.0,0.306,4.6,8.7,0.375,0.325,2.1,6.7,1056.64,1654,291.82551149425285,0.40055342184801396,0.08213301002979279,188,0.08213301002979279,0.299,
2022/07/08 00:00,2022-07-08,Paradise_WA,46.783333,-121.733333,0.38,1.2,0.292,6.4,13.0,0.376,0.319,2.8,9.6,1018.54,1654,,,,189,0.08213301002979279,0.306,
2022/07/09 00:00,2022-07-09,Paradise_WA,46.783333,-121.733333,0.382,1.6,0.28,8.8,16.0,0.377,0.318,3.5,13.4,957.58,1654,,,,190,0.08213301002979279,0.292,
2022/07/10 00:00,2022-07-10,Paradise_WA,46.783333,-121.733333,0.378,2.2,0.265,8.8,14.2,0.375,0.305,4.6,13.0,927.1,1654,,,,191,0.0,0.28,
2022/07/11 00:00,2022-07-11,Paradise_WA,46.783333,-121.733333,0.377,2.8,0.258,9.4,15.2,0.373,0.303,5.9,13.3,878.84,1654,,,,192,0.0,0.265,
2022/07/12 00:00,2022-07-12,Paradise_WA,46.783333,-121.733333,0.377,3.6,0.245,11.4,24.0,0.372,0.298,7.0,16.6,810.26,1654,,,,193,0.0,0.258,
2022/07/13 00:00,2022-07-13,Paradise_WA,46.783333,-121.733333,0.369,4.2,0.231,12.9,22.4,0.366,0.289,8.8,17.6,739.14,1654,,,,194,0.0,0.245,
2022/07/14 00:00,2022-07-14,Paradise_WA,46.783333,-121.733333,0.367,4.6,0.227,12.8,15.9,0.361,0.286,9.2,16.8,701.04,1654,294.35176724137926,0.40055342184801396,0.04290064051747322,195,0.04290064051747322,0.231,
2022/07/15 00:00,2022-07-15,Paradise_WA,46.783333,-121.733333,0.36,4.9,0.216,12.8,20.2,0.356,0.272,9.2,16.9,657.86,1654,,,,196,0.04290064051747322,0.227,
2022/07/16 00:00,2022-07-16,Paradise_WA,46.783333,-121.733333,0.356,5.2,0.205,13.0,19.4,0.354,0.265,9.5,16.9,604.52,1654,,,,197,0.04290064051747322,0.216,
2022/07/17 00:00,2022-07-17,Paradise_WA,46.783333,-121.733333,0.352,5.4,0.194,13.2,15.3,0.352,0.257,9.9,17.0,546.1,1654,,,,198,0.0,0.205,
2022/07/18 00:00,2022-07-18,Paradise_WA,46.783333,-121.733333,0.35,5.7,0.193,10.6,8.7,0.351,0.254,9.8,11.0,523.24,1654,,,,199,0.0,0.194,
2022/07/19 00:00,2022-07-19,Paradise_WA,46.783333,-121.733333,0.346,5.8,0.192,10.4,14.7,0.348,0.249,8.7,12.9,480.06,1654,,,,200,0.0,0.193,
2022/07/20 00:00,2022-07-20,Paradise_WA,46.783333,-121.733333,0.339,5.7,0.169,12.1,21.1,0.346,0.231,9.0,16.0,421.64,1654,,,,201,0.0,0.192,
2022/07/21 00:00,2022-07-21,Paradise_WA,46.783333,-121.733333,0.331,5.8,0.142,13.0,22.1,0.344,0.215,9.8,16.6,368.3,1654,296.1511540229885,,0.014519230462610722,202,0.014519230462610722,0.169,
2022/07/22 00:00,2022-07-22,Paradise_WA,46.783333,-121.733333,0.324,6.1,0.123,13.5,21.0,0.342,0.2,10.4,16.6,320.04,1654,,,,203,0.014519230462610722,0.142,
2022/07/23 00:00,2022-07-23,Paradise_WA,46.783333,-121.733333,0.32,6.4,0.108,12.4,16.0,0.34,0.192,10.6,14.3,276.86,1654,,,,204,0.014519230462610722,0.123,
2022/07/24 00:00,2022-07-24,Paradise_WA,46.783333,-121.733333,0.313,6.6,0.095,13.1,14.4,0.338,0.18,10.5,15.7,215.9,1654,,,,205,0.0,0.108,
2022/07/25 00:00,2022-07-25,Paradise_WA,46.783333,-121.733333,0.303,6.8,0.085,13.3,21.7,0.336,0.159,10.6,16.3,144.78,1654,,,,206,0.0,0.095,
2022/07/26 00:00,2022-07-26,Paradise_WA,46.783333,-121.733333,0.292,7.0,0.069,14.1,26.6,0.334,0.139,11.3,17.2,60.96,1654,,,,207,0.0,0.085,
2022/07/27 00:00,2022-07-27,Paradise_WA,46.783333,-121.733333,0.279,7.2,0.061,14.7,28.1,0.33,0.113,11.8,17.7,2.54,1654,,,,208,0.0,0.069,
2022/07/28 00:00,2022-07-28,Paradise_WA,46.783333,-121.733333,0.266,7.5,0.053,15.1,25.9,0.327,0.088,12.2,18.0,,1654,298.6165244252874,0.7243114151554405,0.004312499891966581,209,0.004312499891966581,0.061,
2022/07/29 00:00,2022-07-29,Paradise_WA,46.783333,-121.733333,0.251,7.8,0.044,15.4,26.1,0.325,0.072,12.6,18.1,,1654,,,,210,0.004312499891966581,0.053,
2022/07/30 00:00,2022-07-30,Paradise_WA,46.783333,-121.733333,0.235,8.0,0.046,15.7,26.8,0.321,0.065,12.8,18.5,,1654,,,,211,0.004312499891966581,0.044,
2022/07/31 00:00,2022-07-31,Paradise_WA,46.783333,-121.733333,0.219,8.2,0.038,15.5,27.6,0.317,0.063,12.8,18.1,,1654,,,,212,0.0,0.046,
2022/08/01 00:00,2022-08-01,Paradise_WA,46.783333,-121.733333,0.201,8.4,0.037,15.1,27.6,0.313,0.057,12.7,17.6,,1654,,,,213,0.0,0.038,
2022/08/02 00:00,2022-08-02,Paradise_WA,46.783333,-121.733333,0.189,8.5,0.036,14.6,20.5,0.309,0.049,12.7,16.0,,1654,,,,214,0.0,0.037,
2022/08/03 00:00,2022-08-03,Paradise_WA,46.783333,-121.733333,0.173,8.6,0.036,14.1,20.5,0.305,0.048,12.1,16.1,,1654,,,,215,0.0,0.036,
2022/08/04 00:00,2022-08-04,Paradise_WA,46.783333,-121.733333,0.158,9.7,0.034,14.3,19.6,0.3,0.051,12.5,16.5,-12.7,1654,297.4219285440613,,0.019264422357082367,216,0.019264422357082367,0.036,
2022/08/05 00:00,2022-08-05,Paradise_WA,46.783333,-121.733333,0.152,8.5,0.031,12.4,12.2,0.296,0.042,11.3,13.4,-10.16,1654,,,,217,0.019264422357082367,0.034,
2022/08/06 00:00,2022-08-06,Paradise_WA,46.783333,-121.733333,0.141,8.4,0.03,11.8,16.6,0.291,0.043,10.4,13.6,-12.7,1654,,,,218,0.019264422357082367,0.031,
2022/08/07 00:00,2022-08-07,Paradise_WA,46.783333,-121.733333,0.13,8.2,0.033,12.3,20.3,0.285,0.042,10.5,14.5,,1654,,,,219,0.0,0.03,
2022/08/08 00:00,2022-08-08,Paradise_WA,46.783333,-121.733333,0.121,8.2,0.034,13.0,25.0,0.276,0.043,10.9,15.5,,1654,,,,220,0.0,0.033,
2022/08/09 00:00,2022-08-09,Paradise_WA,46.783333,-121.733333,0.115,8.2,0.033,13.6,23.7,0.267,0.036,11.3,16.0,,1654,,,,221,0.0,0.034,
2022/08/10 00:00,2022-08-10,Paradise_WA,46.783333,-121.733333,0.113,8.3,0.027,13.7,23.3,0.258,0.039,11.8,15.0,,1654,,,,222,0.0,0.033,
2022/08/11 00:00,2022-08-11,Paradise_WA,46.783333,-121.733333,0.111,8.4,0.029,14.1,17.9,0.25,0.041,12.0,15.8,,1654,295.5998084465343,0.8029469451640763,0.01889423094689846,223,0.01889423094689846,0.027,
2022/08/12 00:00,2022-08-12,Paradise_WA,46.783333,-121.733333,0.106,8.4,0.026,13.2,20.3,0.24,0.039,11.4,15.3,,1654,,,,224,0.01889423094689846,0.029,
2022/08/13 00:00,2022-08-13,Paradise_WA,46.783333,-121.733333,0.104,8.4,0.028,13.5,18.8,0.228,0.038,11.4,15.6,,1654,,,,225,0.01889423094689846,0.026,
2022/08/14 00:00,2022-08-14,Paradise_WA,46.783333,-121.733333,0.105,8.5,0.028,12.5,14.1,0.22,0.036,11.4,13.3,-10.16,1654,,,,226,0.0,0.028,
2022/08/15 00:00,2022-08-15,Paradise_WA,46.783333,-121.733333,0.103,8.4,0.028,12.2,17.9,0.208,0.033,10.5,14.4,-10.16,1654,,,,227,0.0,0.028,
2022/08/16 00:00,2022-08-16,Paradise_WA,46.783333,-121.733333,0.1,8.3,0.03,13.1,20.0,0.195,0.039,10.9,15.5,-10.16,1654,,,,228,0.0,0.028,
2022/08/17 00:00,2022-08-17,Paradise_WA,46.783333,-121.733333,0.098,8.4,0.029,13.3,20.5,0.181,0.029,11.2,15.7,-10.16,1654,,,,229,0.0,0.03,
2022/08/18 00:00,2022-08-18,Paradise_WA,46.783333,-121.733333,0.098,8.4,0.028,14.3,27.6,0.165,0.033,11.7,17.0,-12.7,1654,294.69076915708814,0.8029469451640763,0.025368589907884598,230,0.025368589907884598,0.029,
2022/08/19 00:00,2022-08-19,Paradise_WA,46.783333,-121.733333,0.098,8.6,0.021,14.9,23.1,0.151,0.032,12.8,16.2,-10.16,1654,,,,231,0.025368589907884598,0.028,
2022/08/20 00:00,2022-08-20,Paradise_WA,46.783333,-121.733333,0.098,8.8,0.029,14.3,19.5,0.142,0.036,12.5,15.9,-10.16,1654,,,,232,0.025368589907884598,0.021,
2022/08/21 00:00,2022-08-21,Paradise_WA,46.783333,-121.733333,0.097,8.9,0.026,14.9,17.9,0.134,0.033,12.8,16.7,-10.16,1654,,,,233,0.0,0.029,
2022/08/22 00:00,2022-08-22,Paradise_WA,46.783333,-121.733333,0.095,9.0,0.026,14.1,20.2,0.126,0.031,12.2,16.4,-12.7,1654,,,,234,0.0,0.026,
2022/08/23 00:00,2022-08-23,Paradise_WA,46.783333,-121.733333,0.094,9.0,0.024,14.3,19.1,0.116,0.03,12.2,16.6,,1654,,,,235,0.0,0.026,
2022/08/24 00:00,2022-08-24,Paradise_WA,46.783333,-121.733333,0.093,9.0,0.023,13.9,18.3,0.11,0.031,12.0,15.9,,1654,,,,236,0.0,0.024,
2022/08/25 00:00,2022-08-25,Paradise_WA,46.783333,-121.733333,0.093,9.0,0.026,14.2,20.5,0.103,0.027,12.1,16.1,,1654,294.8528068965517,0.7888278551381697,0.017211537808179855,237,0.017211537808179855,0.023,
2022/08/26 00:00,2022-08-26,Paradise_WA,46.783333,-121.733333,0.092,9.1,0.022,14.7,22.5,0.098,0.032,12.3,17.2,,1654,,,,238,0.017211537808179855,0.026,
2022/08/27 00:00,2022-08-27,Paradise_WA,46.783333,-121.733333,0.09,9.1,0.023,14.3,15.4,0.095,0.026,12.3,16.3,,1654,,,,239,0.017211537808179855,0.022,
2022/08/28 00:00,2022-08-28,Paradise_WA,46.783333,-121.733333,0.091,9.2,0.013,12.0,10.0,0.093,0.034,11.7,12.5,-10.16,1654,,,,240,0.0,0.023,
2022/08/29 00:00,2022-08-29,Paradise_WA,46.783333,-121.733333,0.09,9.0,0.021,12.0,15.1,0.091,0.025,10.7,13.9,-12.7,1654,,,,241,0.0,0.013,
2022/08/30 00:00,2022-08-30,Paradise_WA,46.783333,-121.733333,0.088,8.8,0.026,12.8,21.7,0.088,0.026,10.8,15.2,-12.7,1654,,,,242,0.0,0.021,
2022/08/31 00:00,2022-08-31,Paradise_WA,46.783333,-121.733333,0.088,8.8,0.022,13.9,26.1,0.085,0.021,11.5,16.6,,1654,,,,243,0.0,0.026,
2022/09/01 00:00,2022-09-01,Paradise_WA,46.783333,-121.733333,0.088,8.9,0.023,14.7,22.6,0.081,0.023,12.2,17.3,,1654,295.4422534482759,0.7888278551381697,0.010174679569900036,244,0.010174679569900036,0.022,
2022/09/02 00:00,2022-09-02,Paradise_WA,46.783333,-121.733333,0.086,9.1,0.021,14.0,22.0,0.081,0.024,12.1,16.3,,1654,,,,245,0.010174679569900036,0.023,
2022/09/03 00:00,2022-09-03,Paradise_WA,46.783333,-121.733333,0.086,9.1,0.019,14.1,23.2,0.079,0.022,12.0,16.4,,1654,,,,246,0.010174679569900036,0.021,
2022/09/04 00:00,2022-09-04,Paradise_WA,46.783333,-121.733333,0.085,9.2,0.021,12.5,11.5,0.079,0.026,11.9,12.6,-10.16,1654,,,,247,0.0,0.019,
2022/09/05 00:00,2022-09-05,Paradise_WA,46.783333,-121.733333,0.085,9.1,0.015,11.6,15.5,0.079,0.025,10.8,12.5,-10.16,1654,,,,248,0.0,0.021,
2022/09/06 00:00,2022-09-06,Paradise_WA,46.783333,-121.733333,0.085,8.9,0.019,12.0,14.6,0.078,0.021,10.6,13.8,-7.62,1654,,,,249,0.0,0.015,
2022/09/07 00:00,2022-09-07,Paradise_WA,46.783333,-121.733333,0.083,8.8,0.021,11.9,20.6,0.077,0.023,10.3,14.3,-10.16,1654,,,,250,0.0,0.019,
2022/09/08 00:00,2022-09-08,Paradise_WA,46.783333,-121.733333,0.083,8.7,0.019,11.9,14.9,0.076,0.02,10.6,13.5,-7.62,1654,293.564927921456,0.7620995952072539,0.04573717713356018,251,0.04573717713356018,0.021,
2022/09/09 00:00,2022-09-09,Paradise_WA,46.783333,-121.733333,0.082,8.7,0.021,10.7,13.8,0.074,0.022,9.7,12.5,-7.62,1654,,,,252,0.04573717713356018,0.019,
2022/09/10 00:00,2022-09-10,Paradise_WA,46.783333,-121.733333,0.081,8.5,0.01,10.8,16.5,0.072,0.012,9.6,12.6,-7.62,1654,,,,253,0.04573717713356018,0.021,
2022/09/11 00:00,2022-09-11,Paradise_WA,46.783333,-121.733333,0.081,8.4,0.017,11.1,18.7,0.07,0.02,9.8,12.8,-7.62,1654,,,,254,0.0,0.01,
2022/09/12 00:00,2022-09-12,Paradise_WA,46.783333,-121.733333,0.08,8.4,0.012,11.9,19.5,0.069,0.017,10.2,13.5,-10.16,1654,,,,255,0.0,0.017,
2022/09/13 00:00,2022-09-13,Paradise_WA,46.783333,-121.733333,0.081,8.4,0.016,12.2,15.3,0.07,0.017,10.5,14.0,-10.16,1654,,,,256,0.0,0.012,
2022/09/14 00:00,2022-09-14,Paradise_WA,46.783333,-121.733333,0.081,8.5,0.018,11.5,10.2,0.07,0.023,10.5,12.3,-7.62,1654,,,,257,0.0,0.016,
2022/09/15 00:00,2022-09-15,Paradise_WA,46.783333,-121.733333,0.081,8.5,0.019,10.5,9.5,0.072,0.018,10.1,10.8,-7.62,1654,291.4038331280789,0.7620995952072539,0.0625,258,0.0625,0.018,
2022/09/16 00:00,2022-09-16,Paradise_WA,46.783333,-121.733333,0.082,8.4,0.018,10.1,7.7,0.071,0.02,9.7,10.2,-5.08,1654,,,,259,0.0625,0.019,
2022/09/17 00:00,2022-09-17,Paradise_WA,46.783333,-121.733333,0.082,8.3,0.021,9.2,7.9,0.071,0.022,8.9,9.9,-5.08,1654,,,,260,0.0625,0.018,
2022/09/18 00:00,2022-09-18,Paradise_WA,46.783333,-121.733333,0.08,8.1,0.015,8.2,9.5,0.071,0.017,8.0,8.9,-5.08,1654,,,,261,0.0,0.021,
2022/09/19 00:00,2022-09-19,Paradise_WA,46.783333,-121.733333,0.081,7.8,0.009,8.9,12.6,0.071,0.022,8.0,10.1,-7.62,1654,,,,262,0.0,0.015,
2022/09/20 00:00,2022-09-20,Paradise_WA,46.783333,-121.733333,0.081,7.7,0.013,9.4,15.8,0.071,0.012,8.2,11.5,-7.62,1654,,,,263,0.0,0.009,
2022/09/21 00:00,2022-09-21,Paradise_WA,46.783333,-121.733333,0.08,7.6,0.016,9.5,15.6,0.07,0.019,8.4,11.3,-5.08,1654,,,,264,0.0,0.013,
2022/09/22 00:00,2022-09-22,Paradise_WA,46.783333,-121.733333,0.078,7.6,0.012,8.8,14.3,0.07,0.011,8.2,10.0,-5.08,1654,291.5910961685824,,0.059246793389320374,265,0.059246793389320374,0.016,
2022/09/23 00:00,2022-09-23,Paradise_WA,46.783333,-121.733333,0.078,7.5,0.013,9.0,8.8,0.069,0.017,8.0,10.3,-2.54,1654,,,,266,0.059246793389320374,0.012,
2022/09/24 00:00,2022-09-24,Paradise_WA,46.783333,-121.733333,0.078,7.4,0.014,8.7,11.5,0.069,0.013,8.0,10.1,-2.54,1654,,,,267,0.059246793389320374,0.013,
2022/09/25 00:00,2022-09-25,Paradise_WA,46.783333,-121.733333,0.077,7.4,0.012,8.8,15.8,0.068,0.016,7.8,10.6,-5.08,1654,,,,268,0.0,0.014,
2022/09/26 00:00,2022-09-26,Paradise_WA,46.783333,-121.733333,0.078,7.3,0.008,9.9,21.5,0.067,0.015,8.4,12.1,-7.62,1654,,,,269,0.0,0.012,
2022/09/27 00:00,2022-09-27,Paradise_WA,46.783333,-121.733333,0.077,7.4,0.016,10.5,20.9,0.066,0.016,8.9,12.7,-7.62,1654,,,,270,0.0,0.008,
2022/09/28 00:00,2022-09-28,Paradise_WA,46.783333,-121.733333,0.078,7.5,0.011,10.6,17.2,0.065,0.008,9.1,12.6,-7.62,1654,,,,271,0.0,0.016,
2022/09/29 00:00,2022-09-29,Paradise_WA,46.783333,-121.733333,0.077,7.6,0.016,9.7,10.0,0.065,0.016,9.1,10.2,-5.08,1654,292.5713970219436,0.7257279468911918,0.05330608785152435,272,0.05330608785152435,0.011,
2022/09/30 00:00,2022-09-30,Paradise_WA,46.783333,-121.733333,0.078,7.5,0.012,8.7,7.5,0.066,0.014,8.5,8.9,-2.54,1654,,,,273,0.05330608785152435,0.016,
2022/10/01 00:00,2022-10-01,Paradise_WA,46.783333,-121.733333,0.078,7.4,0.019,8.3,13.4,0.067,0.019,7.7,9.7,-5.08,1654,,,,274,0.05330608785152435,0.012,
2022/10/02 00:00,2022-10-02,Paradise_WA,46.783333,-121.733333,0.079,7.3,0.013,9.3,16.1,0.068,0.018,8.1,11.0,-5.08,1654,,,,275,0.0,0.019,
2022/10/03 00:00,2022-10-03,Paradise_WA,46.783333,-121.733333,0.079,7.3,0.019,9.8,17.9,0.067,0.021,8.5,11.6,-7.62,1654,,,,276,0.0,0.013,
2022/10/04 00:00,2022-10-04,Paradise_WA,46.783333,-121.733333,0.079,7.3,0.013,9.4,19.2,0.067,0.017,8.3,11.0,-10.16,1654,,,,277,0.0,0.019,
2022/10/05 00:00,2022-10-05,Paradise_WA,46.783333,-121.733333,0.078,7.3,0.012,9.3,17.8,0.068,0.017,8.2,11.0,-10.16,1654,,,,278,0.0,0.013,
2022/10/06 00:00,2022-10-06,Paradise_WA,46.783333,-121.733333,0.079,7.3,0.011,9.4,18.5,0.067,0.017,8.3,11.2,-7.62,1654,292.1335977011494,0.7257279468911918,0.024427883327007294,279,0.024427883327007294,0.012,
2022/10/07 00:00,2022-10-07,Paradise_WA,46.783333,-121.733333,0.078,7.3,0.008,10.1,20.2,0.067,0.019,8.6,12.0,-10.16,1654,,,,280,0.024427883327007294,0.011,
2022/10/08 00:00,2022-10-08,Paradise_WA,46.783333,-121.733333,0.079,7.4,0.015,10.4,18.4,0.066,0.019,9.1,12.1,-10.16,1654,,,,281,0.024427883327007294,0.008,
2022/10/09 00:00,2022-10-09,Paradise_WA,46.783333,-121.733333,0.078,7.4,0.01,10.1,17.2,0.066,0.013,8.9,11.9,-10.16,1654,,,,282,0.0,0.015,
2022/10/10 00:00,2022-10-10,Paradise_WA,46.783333,-121.733333,0.078,7.5,0.013,9.8,17.1,0.065,0.015,8.7,11.3,-7.62,1654,,,,283,0.0,0.01,
2022/10/11 00:00,2022-10-11,Paradise_WA,46.783333,-121.733333,0.078,7.4,0.01,8.8,11.9,0.065,0.009,8.2,10.0,-5.08,1654,,,,284,0.0,0.013,
2022/10/12 00:00,2022-10-12,Paradise_WA,46.783333,-121.733333,0.078,7.3,0.01,8.1,13.6,0.066,0.016,7.8,9.3,-5.08,1654,,,,285,0.0,0.01,
2022/10/13 00:00,2022-10-13,Paradise_WA,46.783333,-121.733333,0.077,7.2,0.008,8.1,18.7,0.066,0.013,7.4,9.8,-7.62,1654,293.081827586207,0.08446893890328154,0.0052083334885537624,286,0.0052083334885537624,0.01,
2022/10/14 00:00,2022-10-14,Paradise_WA,46.783333,-121.733333,0.077,7.1,0.013,8.8,17.6,0.064,0.013,7.8,10.5,-5.08,1654,,,,287,0.0052083334885537624,0.008,
2022/10/15 00:00,2022-10-15,Paradise_WA,46.783333,-121.733333,0.077,7.0,0.007,8.3,15.8,0.066,0.016,7.5,9.8,-5.08,1654,,,,288,0.0052083334885537624,0.013,
2022/10/16 00:00,2022-10-16,Paradise_WA,46.783333,-121.733333,0.077,7.0,0.017,8.8,15.8,0.065,0.014,7.8,10.4,-5.08,1654,,,,289,0.0,0.007,
2022/10/17 00:00,2022-10-17,Paradise_WA,46.783333,-121.733333,0.077,7.0,0.013,8.9,18.4,0.065,0.011,7.9,10.5,-5.08,1654,,,,290,0.0,0.017,
2022/10/18 00:00,2022-10-18,Paradise_WA,46.783333,-121.733333,0.076,7.0,0.013,8.5,15.4,0.063,0.008,7.8,10.1,-5.08,1654,,,,291,0.0,0.013,
2022/10/19 00:00,2022-10-19,Paradise_WA,46.783333,-121.733333,0.076,7.0,0.01,7.9,17.2,0.064,0.013,7.3,9.2,-5.08,1654,,,,292,0.0,0.013,
2022/10/20 00:00,2022-10-20,Paradise_WA,46.783333,-121.733333,0.075,6.9,0.012,7.7,16.7,0.063,0.007,7.1,9.2,-5.08,1654,,0.08446893890328154,0.14144229888916016,293,0.14144229888916016,0.01,
2022/10/21 00:00,2022-10-21,Paradise_WA,46.783333,-121.733333,0.076,6.8,0.011,7.5,9.6,0.063,0.011,7.0,8.3,-2.54,1654,,,,294,0.14144229888916016,0.012,
2022/10/22 00:00,2022-10-22,Paradise_WA,46.783333,-121.733333,0.074,6.7,0.008,5.4,-0.8,0.063,0.009,6.3,4.7,10.16,1654,,,,295,0.14144229888916016,0.011,
2022/10/23 00:00,2022-10-23,Paradise_WA,46.783333,-121.733333,0.074,6.5,0.005,4.0,-0.6,0.063,0.009,5.1,3.3,22.86,1654,,,,296,0.0,0.008,
2022/10/24 00:00,2022-10-24,Paradise_WA,46.783333,-121.733333,0.073,6.1,0.006,3.3,-0.2,0.063,0.009,4.3,2.7,22.86,1654,,,,297,0.0,0.005,
2022/10/25 00:00,2022-10-25,Paradise_WA,46.783333,-121.733333,0.075,5.8,0.006,2.9,-0.2,0.063,0.01,3.8,2.4,55.88,1654,,,,298,0.0,0.006,
2022/10/26 00:00,2022-10-26,Paradise_WA,46.783333,-121.733333,0.075,5.5,0.007,2.6,-0.4,0.064,0.011,3.4,2.2,63.5,1654,,,,299,0.0,0.006,
2022/10/27 00:00,2022-10-27,Paradise_WA,46.783333,-121.733333,0.076,5.2,0.01,2.3,-2.2,0.064,0.01,3.1,2.0,88.9,1654,273.4391379310345,0.12947752590673575,0.3707435727119446,300,0.3707435727119446,0.007,
2022/10/28 00:00,2022-10-28,Paradise_WA,46.783333,-121.733333,0.077,5.0,0.009,2.1,1.3,0.064,0.012,2.9,1.8,96.52,1654,,,,301,0.3707435727119446,0.01,
2022/10/29 00:00,2022-10-29,Paradise_WA,46.783333,-121.733333,0.187,4.8,0.009,1.9,2.7,0.065,0.011,2.4,1.6,96.52,1654,,,,302,0.3707435727119446,0.009,
2022/10/30 00:00,2022-10-30,Paradise_WA,46.783333,-121.733333,0.259,4.3,0.008,1.7,3.6,0.064,0.013,2.2,1.4,83.82,1654,,,,303,0.0,0.009,
2022/10/31 00:00,2022-10-31,Paradise_WA,46.783333,-121.733333,0.332,3.6,0.009,1.5,3.2,0.341,0.011,1.3,1.3,106.68,1654,,,,304,0.0,0.008,
2022/11/01 00:00,2022-11-01,Paradise_WA,46.783333,-121.733333,0.356,0.7,0.009,0.7,-0.1,0.375,0.065,0.5,0.6,81.28,1654,,,,305,0.0,0.009,
2022/11/02 00:00,2022-11-02,Paradise_WA,46.783333,-121.733333,0.35,1.3,0.011,0.5,-2.7,0.359,0.113,0.6,0.5,81.28,1654,,,,306,0.0,0.009,
2022/11/03 00:00,2022-11-03,Paradise_WA,46.783333,-121.733333,0.348,1.7,0.012,0.6,-3.7,0.353,0.131,0.7,0.6,83.82,1654,271.0549540229885,0.12947752590673575,1.0431954860687256,307,1.0431954860687256,0.011,
2022/11/04 00:00,2022-11-04,Paradise_WA,46.783333,-121.733333,0.346,2.0,0.012,0.7,-3.8,0.349,0.139,0.8,0.6,83.82,1654,,,,308,1.0431954860687256,0.012,
2022/11/05 00:00,2022-11-05,Paradise_WA,46.783333,-121.733333,0.363,0.4,0.013,0.5,4.5,0.382,0.157,0.3,0.5,193.04,1654,,,,309,1.0431954860687256,0.012,
2022/11/06 00:00,2022-11-06,Paradise_WA,46.783333,-121.733333,0.358,0.5,0.014,0.2,-4.5,0.363,0.17,0.2,0.3,147.32,1654,,,,310,0.0,0.013,
2022/11/07 00:00,2022-11-07,Paradise_WA,46.783333,-121.733333,0.352,0.8,0.014,0.2,-5.2,0.355,0.172,0.2,0.2,175.26,1654,,,,311,0.0,0.014,
2022/11/08 00:00,2022-11-08,Paradise_WA,46.783333,-121.733333,0.349,1.0,0.013,0.2,-4.2,0.351,0.172,0.3,0.3,182.88,1654,,,,312,0.0,0.014,
2022/11/09 00:00,2022-11-09,Paradise_WA,46.783333,-121.733333,0.346,1.2,0.014,0.3,-3.8,0.348,0.172,0.4,0.3,182.88,1654,,,,313,0.0,0.013,
2022/11/10 00:00,2022-11-10,Paradise_WA,46.783333,-121.733333,0.343,1.3,0.015,0.4,-3.6,0.346,0.173,0.4,0.3,182.88,1654,273.4749659277504,,0.8162820339202881,314,0.8162820339202881,0.014,
2022/11/11 00:00,2022-11-11,Paradise_WA,46.783333,-121.733333,0.341,1.4,0.016,0.4,-3.5,0.344,0.173,0.5,0.4,180.34,1654,,,,315,0.8162820339202881,0.015,
2022/11/12 00:00,2022-11-12,Paradise_WA,46.783333,-121.733333,0.339,1.5,0.016,0.4,-3.6,0.342,0.172,0.6,0.4,180.34,1654,,,,316,0.8162820339202881,0.016,
2022/11/13 00:00,2022-11-13,Paradise_WA,46.783333,-121.733333,0.337,1.6,0.019,0.5,-2.1,0.341,0.172,0.6,0.4,175.26,1654,,,,317,0.0,0.016,
2022/11/14 00:00,2022-11-14,Paradise_WA,46.783333,-121.733333,0.336,1.7,0.019,0.5,0.0,0.34,0.173,0.7,0.4,177.8,1654,,,,318,0.0,0.019,
2022/11/15 00:00,2022-11-15,Paradise_WA,46.783333,-121.733333,0.334,1.7,0.019,0.5,2.3,0.339,0.173,0.7,0.4,182.88,1654,,,,319,0.0,0.019,
2022/11/16 00:00,2022-11-16,Paradise_WA,46.783333,-121.733333,0.332,1.8,0.022,0.5,6.9,0.338,0.172,0.7,0.4,180.34,1654,,,,320,0.0,0.019,
2022/11/17 00:00,2022-11-17,Paradise_WA,46.783333,-121.733333,0.33,1.8,0.022,0.5,7.9,0.337,0.171,0.7,0.4,177.8,1654,274.8908438697318,0.19251554404145083,0.1056089699268341,321,0.1056089699268341,0.022,
2022/11/18 00:00,2022-11-18,Paradise_WA,46.783333,-121.733333,0.329,1.9,0.023,0.6,-5.5,0.336,0.172,0.8,0.4,180.34,1654,,,,322,0.1056089699268341,0.022,
2022/11/19 00:00,2022-11-19,Paradise_WA,46.783333,-121.733333,0.327,1.9,0.023,0.5,1.0,0.335,0.171,0.8,0.4,182.88,1654,,,,323,0.1056089699268341,0.023,
2022/11/20 00:00,2022-11-20,Paradise_WA,46.783333,-121.733333,0.326,1.9,0.025,0.5,4.2,0.335,0.171,0.8,0.4,185.42,1654,,,,324,0.0,0.023,
2022/11/21 00:00,2022-11-21,Paradise_WA,46.783333,-121.733333,0.325,1.9,0.025,0.5,2.8,0.334,0.17,0.7,0.3,187.96,1654,,,,325,0.0,0.025,
2022/11/22 00:00,2022-11-22,Paradise_WA,46.783333,-121.733333,0.324,1.9,0.027,0.4,4.0,0.333,0.169,0.7,0.3,187.96,1654,,,,326,0.0,0.025,
2022/11/23 00:00,2022-11-23,Paradise_WA,46.783333,-121.733333,0.355,1.4,0.027,0.4,-0.2,0.373,0.177,0.5,0.3,203.2,1654,,,,327,0.0,0.027,
2022/11/24 00:00,2022-11-24,Paradise_WA,46.783333,-121.733333,0.354,1.3,0.03,0.4,-0.3,0.359,0.182,0.4,0.3,208.28,1654,275.0477689655172,,0.1345512866973877,328,0.1345512866973877,0.027,
2022/11/25 00:00,2022-11-25,Paradise_WA,46.783333,-121.733333,0.35,1.5,0.031,0.4,10.9,0.352,0.181,0.5,0.3,200.66,1654,,,,329,0.1345512866973877,0.03,
2022/11/26 00:00,2022-11-26,Paradise_WA,46.783333,-121.733333,0.358,1.5,0.032,0.4,-1.8,0.366,0.186,0.5,0.3,208.28,1654,,,,330,0.1345512866973877,0.031,
2022/11/27 00:00,2022-11-27,Paradise_WA,46.783333,-121.733333,0.354,1.4,0.033,0.4,-3.6,0.358,0.187,0.5,0.4,210.82,1654,,,,331,0.0,0.032,
2022/11/28 00:00,2022-11-28,Paradise_WA,46.783333,-121.733333,0.35,1.5,0.035,0.4,-5.6,0.353,0.187,0.5,0.4,246.38,1654,,,,332,0.0,0.033,
2022/11/29 00:00,2022-11-29,Paradise_WA,46.783333,-121.733333,0.347,1.6,0.036,0.5,-7.8,0.349,0.187,0.6,0.4,264.16,1654,,,,333,0.0,0.035,
2022/11/30 00:00,2022-11-30,Paradise_WA,46.783333,-121.733333,0.345,1.6,0.037,0.5,-6.0,0.347,0.185,0.6,0.4,276.86,1654,,,,334,0.0,0.036,
2022/12/01 00:00,2022-12-01,Paradise_WA,46.783333,-121.733333,0.343,1.7,0.039,0.5,-5.3,0.346,0.186,0.7,0.4,337.82,1654,268.6095143678161,0.036527741796200344,0.09626922756433487,335,0.09626922756433487,0.037,
2022/12/02 00:00,2022-12-02,Paradise_WA,46.783333,-121.733333,0.341,1.7,0.04,0.5,-8.5,0.345,0.185,0.7,0.4,363.22,1654,,,,336,0.09626922756433487,0.039,
2022/12/03 00:00,2022-12-03,Paradise_WA,46.783333,-121.733333,0.34,1.7,0.042,0.5,-6.1,0.343,0.185,0.7,0.4,363.22,1654,,,,337,0.09626922756433487,0.04,
2022/12/04 00:00,2022-12-04,Paradise_WA,46.783333,-121.733333,0.338,1.7,0.043,0.5,-5.0,0.342,0.185,0.7,0.5,370.84,1654,,,,338,0.0,0.042,
2022/12/05 00:00,2022-12-05,Paradise_WA,46.783333,-121.733333,0.337,1.7,0.045,0.5,-5.5,0.341,0.184,0.7,0.5,373.38,1654,,,,339,0.0,0.043,
2022/12/06 00:00,2022-12-06,Paradise_WA,46.783333,-121.733333,0.336,1.7,0.047,0.5,-2.6,0.341,0.185,0.7,0.5,378.46,1654,,,,340,0.0,0.045,
2022/12/07 00:00,2022-12-07,Paradise_WA,46.783333,-121.733333,0.335,1.7,0.048,0.6,-4.6,0.34,0.184,0.7,0.5,381.0,1654,,,,341,0.0,0.047,
2022/12/08 00:00,2022-12-08,Paradise_WA,46.783333,-121.733333,0.334,1.7,0.049,0.6,-3.2,0.34,0.183,0.7,0.5,386.08,1654,268.500023275862,0.036527741796200344,0.1585576832294464,342,0.1585576832294464,0.048,
2022/12/09 00:00,2022-12-09,Paradise_WA,46.783333,-121.733333,0.333,1.7,0.051,0.6,-4.2,0.339,0.183,0.7,0.5,406.4,1654,,,,343,0.1585576832294464,0.049,
2022/12/10 00:00,2022-12-10,Paradise_WA,46.783333,-121.733333,0.332,1.7,0.052,0.6,-3.7,0.338,0.183,0.7,0.5,421.64,1654,,,,344,0.1585576832294464,0.051,
2022/12/11 00:00,2022-12-11,Paradise_WA,46.783333,-121.733333,0.331,1.7,0.053,0.6,-1.0,0.338,0.183,0.7,0.5,462.28,1654,,,,345,0.0,0.052,
2022/12/12 00:00,2022-12-12,Paradise_WA,46.783333,-121.733333,0.33,1.7,0.054,0.6,-2.5,0.337,0.183,0.7,0.5,469.9,1654,,,,346,0.0,0.053,
2022/12/13 00:00,2022-12-13,Paradise_WA,46.783333,-121.733333,0.329,1.7,0.057,0.6,-4.3,0.337,0.183,0.7,0.5,474.98,1654,,,,347,0.0,0.054,
2022/12/14 00:00,2022-12-14,Paradise_WA,46.783333,-121.733333,0.329,1.7,0.058,0.6,-5.6,0.337,0.182,0.7,0.5,477.52,1654,,,,348,0.0,0.057,
2022/12/15 00:00,2022-12-15,Paradise_WA,46.783333,-121.733333,0.329,1.7,0.059,0.6,-2.7,0.336,0.182,0.7,0.5,480.06,1654,268.74925344827585,0.04441078907599311,0.16314102709293365,349,0.16314102709293365,0.058,
2022/12/16 00:00,2022-12-16,Paradise_WA,46.783333,-121.733333,0.328,1.7,0.06,0.5,-1.8,0.336,0.182,0.7,0.5,482.6,1654,,,,350,0.16314102709293365,0.059,
2022/12/17 00:00,2022-12-17,Paradise_WA,46.783333,-121.733333,0.328,1.7,0.061,0.5,0.6,0.336,0.182,0.7,0.5,482.6,1654,,,,351,0.16314102709293365,0.06,
2022/12/18 00:00,2022-12-18,Paradise_WA,46.783333,-121.733333,0.327,1.7,0.061,0.5,-5.2,0.335,0.182,0.7,0.5,487.68,1654,,,,352,0.0,0.061,
2022/12/19 00:00,2022-12-19,Paradise_WA,46.783333,-121.733333,0.327,1.7,0.063,0.5,-7.0,0.335,0.182,0.7,0.5,495.3,1654,,,,353,0.0,0.061,
2022/12/20 00:00,2022-12-20,Paradise_WA,46.783333,-121.733333,0.327,1.7,0.064,0.5,-7.6,0.335,0.182,0.7,0.5,508.0,1654,,,,354,0.0,0.063,
2022/12/21 00:00,2022-12-21,Paradise_WA,46.783333,-121.733333,0.326,1.7,0.066,0.5,-3.1,0.335,0.181,0.7,0.5,576.58,1654,,,,355,0.0,0.064,
2022/12/22 00:00,2022-12-22,Paradise_WA,46.783333,-121.733333,0.326,1.6,0.067,0.5,-10.6,0.335,0.182,0.7,0.5,581.66,1654,267.8175373563218,0.04441078907599311,0.596217930316925,356,0.596217930316925,0.066,
2022/12/23 00:00,2022-12-23,Paradise_WA,46.783333,-121.733333,0.326,1.6,0.067,0.5,-14.2,0.334,0.181,0.7,0.5,589.28,1654,,,,357,0.596217930316925,0.067,
2022/12/24 00:00,2022-12-24,Paradise_WA,46.783333,-121.733333,0.329,1.6,0.069,0.5,0.7,0.335,0.185,0.7,0.5,594.36,1654,,,,358,0.596217930316925,0.067,
2022/12/25 00:00,2022-12-25,Paradise_WA,46.783333,-121.733333,0.362,1.2,0.07,0.4,3.5,0.378,0.206,0.4,0.4,604.52,1654,,,,359,0.0,0.069,
2022/12/26 00:00,2022-12-26,Paradise_WA,46.783333,-121.733333,0.365,0.5,0.071,0.2,6.4,0.372,0.226,0.1,0.3,589.28,1654,,,,360,0.0,0.07,
2022/12/27 00:00,2022-12-27,Paradise_WA,46.783333,-121.733333,0.371,0.3,0.076,0.0,3.4,0.381,0.243,0.0,0.2,609.6,1654,,,,361,0.0,0.071,
2022/12/28 00:00,2022-12-28,Paradise_WA,46.783333,-121.733333,0.371,0.3,0.081,0.0,-1.8,0.377,0.25,0.0,0.1,622.3,1654,,,,362,0.0,0.076,
2022/12/29 00:00,2022-12-29,Paradise_WA,46.783333,-121.733333,0.365,0.3,0.085,0.0,-3.2,0.366,0.239,0.0,0.1,647.7,1654,269.0103275862069,0.026150523531356776,0.6734166741371155,363,0.6734166741371155,0.081,
2022/12/30 00:00,2022-12-30,Paradise_WA,46.783333,-121.733333,0.362,0.4,0.088,0.0,-1.2,0.36,0.235,0.0,0.1,655.32,1654,,,,364,0.6734166741371155,0.085,
2022/12/31 00:00,2022-12-31,Paradise_WA,46.783333,-121.733333,0.36,0.5,0.092,0.1,-1.4,0.357,0.233,0.0,0.1,678.18,1654,,,,365,0.6734166741371155,0.088,
2023/01/01 00:00,2023-01-01,Paradise_WA,46.783333,-121.733333,0.358,0.6,0.095,0.1,-2.6,0.355,0.232,0.1,0.1,695.96,1654,,,,1,0.0,0.092,
2023/01/02 00:00,2023-01-02,Paradise_WA,46.783333,-121.733333,0.357,0.6,0.098,0.1,-2.1,0.354,0.23,0.1,0.1,698.5,1654,,,,2,0.0,0.095,
2023/01/03 00:00,2023-01-03,Paradise_WA,46.783333,-121.733333,0.356,0.7,0.102,0.1,-3.7,0.352,0.229,0.1,0.1,701.04,1654,,,,3,0.0,0.098,
2023/01/04 00:00,2023-01-04,Paradise_WA,46.783333,-121.733333,0.355,0.8,0.104,0.1,-3.2,0.351,0.229,0.2,0.2,706.12,1654,,,,4,0.0,0.102,
2023/01/05 00:00,2023-01-05,Paradise_WA,46.783333,-121.733333,0.353,0.8,0.107,0.1,-2.4,0.35,0.227,0.2,0.2,708.66,1654,269.5991206896552,0.026150523531356776,0.27596473693847656,5,0.27596473693847656,0.104,
2023/01/06 00:00,2023-01-06,Paradise_WA,46.783333,-121.733333,0.353,0.9,0.11,0.2,1.1,0.349,0.227,0.2,0.2,716.28,1654,,,,6,0.27596473693847656,0.107,
2023/01/07 00:00,2023-01-07,Paradise_WA,46.783333,-121.733333,0.352,0.9,0.111,0.2,0.6,0.349,0.225,0.2,0.2,718.82,1654,,,,7,0.27596473693847656,0.11,
2023/01/08 00:00,2023-01-08,Paradise_WA,46.783333,-121.733333,0.351,0.9,0.113,0.2,0.1,0.348,0.225,0.3,0.2,734.06,1654,,,,8,0.0,0.111,
2023/01/09 00:00,2023-01-09,Paradise_WA,46.783333,-121.733333,0.351,1.0,0.116,0.2,-1.8,0.347,0.224,0.3,0.2,744.22,1654,,,,9,0.0,0.113,
2023/01/10 00:00,2023-01-10,Paradise_WA,46.783333,-121.733333,0.35,1.0,0.116,0.2,-2.0,0.347,0.225,0.3,0.2,759.46,1654,,,,10,0.0,0.116,
2023/01/11 00:00,2023-01-11,Paradise_WA,46.783333,-121.733333,0.349,1.0,0.118,0.2,-0.2,0.346,0.224,0.3,0.2,764.54,1654,,,,11,0.0,0.116,
2023/01/12 00:00,2023-01-12,Paradise_WA,46.783333,-121.733333,0.348,1.0,0.12,0.2,-1.0,0.346,0.223,0.3,0.2,767.08,1654,270.5376551724138,0.056230282258064535,0.37437498569488525,12,0.37437498569488525,0.118,
2023/01/13 00:00,2023-01-13,Paradise_WA,46.783333,-121.733333,0.353,1.0,0.125,0.2,3.5,0.347,0.228,0.3,0.2,795.02,1654,,,,13,0.37437498569488525,0.12,
2023/01/14 00:00,2023-01-14,Paradise_WA,46.783333,-121.733333,0.364,1.0,0.133,0.2,1.1,0.363,0.244,0.3,0.2,782.32,1654,,,,14,0.37437498569488525,0.125,
2023/01/15 00:00,2023-01-15,Paradise_WA,46.783333,-121.733333,0.362,0.9,0.137,0.2,0.7,0.361,0.242,0.2,0.2,777.24,1654,,,,15,0.0,0.133,
2023/01/16 00:00,2023-01-16,Paradise_WA,46.783333,-121.733333,0.359,0.9,0.14,0.2,-2.1,0.357,0.239,0.2,0.2,792.48,1654,,,,16,0.0,0.137,
2023/01/17 00:00,2023-01-17,Paradise_WA,46.783333,-121.733333,0.357,0.9,0.141,0.2,-2.3,0.354,0.237,0.3,0.2,797.56,1654,,,,17,0.0,0.14,
2023/01/18 00:00,2023-01-18,Paradise_WA,46.783333,-121.733333,0.355,1.0,0.143,0.2,-2.8,0.353,0.235,0.3,0.2,805.18,1654,,,,18,0.0,0.141,
2023/01/19 00:00,2023-01-19,Paradise_WA,46.783333,-121.733333,0.354,1.0,0.144,0.2,-4.2,0.351,0.233,0.3,0.2,822.96,1654,268.2393577586207,0.056230282258064535,0.22716344892978668,19,0.22716344892978668,0.143,
2023/01/20 00:00,2023-01-20,Paradise_WA,46.783333,-121.733333,0.353,1.0,0.145,0.2,-4.5,0.35,0.232,0.3,0.2,830.58,1654,,,,20,0.22716344892978668,0.144,
2023/01/21 00:00,2023-01-21,Paradise_WA,46.783333,-121.733333,0.351,1.0,0.147,0.2,-1.0,0.349,0.231,0.3,0.2,833.12,1654,,,,21,0.22716344892978668,0.145,
2023/01/22 00:00,2023-01-22,Paradise_WA,46.783333,-121.733333,0.35,1.0,0.147,0.2,-4.4,0.348,0.229,0.3,0.2,843.28,1654,,,,22,0.0,0.147,
2023/01/23 00:00,2023-01-23,Paradise_WA,46.783333,-121.733333,0.35,1.0,0.148,0.2,-5.5,0.347,0.229,0.3,0.2,878.84,1654,,,,23,0.0,0.147,
2023/01/24 00:00,2023-01-24,Paradise_WA,46.783333,-121.733333,0.349,1.0,0.148,0.2,-3.6,0.347,0.228,0.3,0.2,878.84,1654,,,,24,0.0,0.148,
2023/01/25 00:00,2023-01-25,Paradise_WA,46.783333,-121.733333,0.348,1.0,0.15,0.2,-2.5,0.346,0.228,0.3,0.2,883.92,1654,,,,25,0.0,0.148,
2023/01/26 00:00,2023-01-26,Paradise_WA,46.783333,-121.733333,0.347,1.0,0.151,0.2,1.6,0.346,0.227,0.3,0.2,886.46,1654,266.2545298850575,,0.1638157069683075,26,0.1638157069683075,0.15,
2023/01/27 00:00,2023-01-27,Paradise_WA,46.783333,-121.733333,0.346,1.0,0.152,0.2,-0.1,0.345,0.226,0.3,0.2,886.46,1654,,,,27,0.1638157069683075,0.151,
2023/01/28 00:00,2023-01-28,Paradise_WA,46.783333,-121.733333,0.346,1.1,0.152,0.2,-1.0,0.345,0.226,0.3,0.2,924.56,1654,,,,28,0.1638157069683075,0.152,
2023/01/29 00:00,2023-01-29,Paradise_WA,46.783333,-121.733333,0.346,1.1,0.153,0.2,-6.0,0.345,0.225,0.3,0.2,947.42,1654,,,,29,0.0,0.152,
2023/01/30 00:00,2023-01-30,Paradise_WA,46.783333,-121.733333,0.345,1.1,0.154,0.2,-11.2,0.344,0.225,0.3,0.2,955.04,1654,,,,30,0.0,0.153,
2023/01/31 00:00,2023-01-31,Paradise_WA,46.783333,-121.733333,0.345,1.1,0.155,0.2,-5.4,0.344,0.224,0.3,0.2,957.58,1654,,,,31,0.0,0.154,
2023/02/01 00:00,2023-02-01,Paradise_WA,46.783333,-121.733333,0.345,1.1,0.155,0.2,-4.3,0.344,0.224,0.3,0.2,960.12,1654,,,,32,0.0,0.155,
2023/02/02 00:00,2023-02-02,Paradise_WA,46.783333,-121.733333,0.344,1.1,0.155,0.2,-1.0,0.343,0.224,0.4,0.2,962.66,1654,265.4628936781609,0.08241462651122627,0.22330288589000702,33,0.22330288589000702,0.155,
2023/02/03 00:00,2023-02-03,Paradise_WA,46.783333,-121.733333,0.344,1.1,0.156,0.3,3.7,0.343,0.224,0.4,0.2,962.66,1654,,,,34,0.22330288589000702,0.155,
2023/02/04 00:00,2023-02-04,Paradise_WA,46.783333,-121.733333,0.343,1.1,0.157,0.3,-1.6,0.343,0.223,0.4,0.2,970.28,1654,,,,35,0.22330288589000702,0.156,
2023/02/05 00:00,2023-02-05,Paradise_WA,46.783333,-121.733333,0.343,1.1,0.157,0.3,-0.8,0.343,0.223,0.4,0.2,982.98,1654,,,,36,0.0,0.157,
2023/02/06 00:00,2023-02-06,Paradise_WA,46.783333,-121.733333,0.343,1.1,0.158,0.3,-1.4,0.342,0.223,0.4,0.3,1005.84,1654,,,,37,0.0,0.157,
2023/02/07 00:00,2023-02-07,Paradise_WA,46.783333,-121.733333,0.343,1.1,0.159,0.3,-2.2,0.342,0.222,0.4,0.3,1023.62,1654,,,,38,0.0,0.158,
2023/02/08 00:00,2023-02-08,Paradise_WA,46.783333,-121.733333,0.342,1.1,0.159,0.3,-2.7,0.342,0.222,0.4,0.3,1059.18,1654,,,,39,0.0,0.159,
2023/02/09 00:00,2023-02-09,Paradise_WA,46.783333,-121.733333,0.342,1.1,0.159,0.3,-3.1,0.342,0.221,0.4,0.2,1079.5,1654,268.51111206896553,,0.22402243316173553,40,0.22402243316173553,0.159,
2023/02/10 00:00,2023-02-10,Paradise_WA,46.783333,-121.733333,0.342,1.1,0.16,0.2,1.3,0.342,0.222,0.4,0.2,1082.04,1654,,,,41,0.22402243316173553,0.159,
2023/02/11 00:00,2023-02-11,Paradise_WA,46.783333,-121.733333,0.341,1.1,0.16,0.2,-0.9,0.342,0.222,0.4,0.2,1089.66,1654,,,,42,0.22402243316173553,0.16,
2023/02/12 00:00,2023-02-12,Paradise_WA,46.783333,-121.733333,0.341,1.1,0.161,0.2,-0.7,0.341,0.222,0.4,0.2,1094.74,1654,,,,43,0.0,0.16,
2023/02/13 00:00,2023-02-13,Paradise_WA,46.783333,-121.733333,0.341,1.1,0.161,0.2,2.1,0.341,0.222,0.4,0.2,1094.74,1654,,,,44,0.0,0.161,
2023/02/14 00:00,2023-02-14,Paradise_WA,46.783333,-121.733333,0.341,1.1,0.162,0.2,-5.7,0.341,0.222,0.4,0.2,1122.68,1654,,,,45,0.0,0.161,
2023/02/15 00:00,2023-02-15,Paradise_WA,46.783333,-121.733333,0.342,1.1,0.163,0.3,-4.6,0.341,0.221,0.4,0.2,1140.46,1654,,,,46,0.0,0.162,
2023/02/16 00:00,2023-02-16,Paradise_WA,46.783333,-121.733333,0.341,1.1,0.164,0.2,-3.0,0.341,0.222,0.4,0.2,1140.46,1654,266.08344971264376,0.08600400474956822,0.16746795177459717,47,0.16746795177459717,0.163,
2023/02/17 00:00,2023-02-17,Paradise_WA,46.783333,-121.733333,0.341,1.1,0.165,0.2,-2.6,0.341,0.221,0.4,0.2,1143.0,1654,,,,48,0.16746795177459717,0.164,
2023/02/18 00:00,2023-02-18,Paradise_WA,46.783333,-121.733333,0.341,1.1,0.165,0.2,-2.1,0.341,0.222,0.3,0.2,1155.7,1654,,,,49,0.16746795177459717,0.165,
2023/02/19 00:00,2023-02-19,Paradise_WA,46.783333,-121.733333,0.341,1.1,0.165,0.2,-1.2,0.341,0.221,0.3,0.2,1160.78,1654,,,,50,0.0,0.165,
2023/02/20 00:00,2023-02-20,Paradise_WA,46.783333,-121.733333,0.341,1.1,0.165,0.2,-0.6,0.341,0.222,0.3,0.2,1176.02,1654,,,,51,0.0,0.165,
2023/02/21 00:00,2023-02-21,Paradise_WA,46.783333,-121.733333,0.341,1.1,0.165,0.2,-1.1,0.341,0.221,0.3,0.2,1196.34,1654,,,,52,0.0,0.165,
2023/02/22 00:00,2023-02-22,Paradise_WA,46.783333,-121.733333,0.34,1.1,0.166,0.2,-5.2,0.341,0.221,0.3,0.2,1239.52,1654,,,,53,0.0,0.165,
2023/02/23 00:00,2023-02-23,Paradise_WA,46.783333,-121.733333,0.34,1.1,0.166,0.2,-11.3,0.341,0.222,0.3,0.2,1244.6,1654,263.8803390804598,0.08600400474956822,0.1616714745759964,54,0.1616714745759964,0.166,
2023/02/24 00:00,2023-02-24,Paradise_WA,46.783333,-121.733333,0.34,1.1,0.166,0.2,-15.5,0.341,0.221,0.3,0.2,1259.84,1654,,,,55,0.1616714745759964,0.166,
2023/02/25 00:00,2023-02-25,Paradise_WA,46.783333,-121.733333,0.34,1.1,0.167,0.2,-4.6,0.34,0.221,0.3,0.2,1267.46,1654,,,,56,0.1616714745759964,0.166,
2023/02/26 00:00,2023-02-26,Paradise_WA,46.783333,-121.733333,0.34,1.1,0.167,0.2,-1.0,0.341,0.22,0.3,0.2,1272.54,1654,,,,57,0.0,0.167,
2023/02/27 00:00,2023-02-27,Paradise_WA,46.783333,-121.733333,0.34,1.1,0.167,0.2,-7.9,0.341,0.221,0.3,0.2,1292.86,1654,,,,58,0.0,0.167,
2023/02/28 00:00,2023-02-28,Paradise_WA,46.783333,-121.733333,0.339,1.1,0.167,0.2,-6.4,0.34,0.22,0.3,0.2,1305.56,1654,,,,59,0.0,0.167,
2023/03/01 00:00,2023-03-01,Paradise_WA,46.783333,-121.733333,0.339,1.1,0.168,0.2,-6.3,0.34,0.221,0.3,0.2,1320.8,1654,,,,60,0.0,0.167,
2023/03/02 00:00,2023-03-02,Paradise_WA,46.783333,-121.733333,0.339,1.1,0.168,0.2,-5.4,0.34,0.22,0.3,0.2,1320.8,1654,263.78961637931036,0.08691186312607946,0.16091826558113098,61,0.16091826558113098,0.168,
2023/03/03 00:00,2023-03-03,Paradise_WA,46.783333,-121.733333,0.339,1.1,0.169,0.2,-6.4,0.34,0.22,0.3,0.2,1348.74,1654,,,,62,0.16091826558113098,0.168,
2023/03/04 00:00,2023-03-04,Paradise_WA,46.783333,-121.733333,0.339,1.1,0.169,0.2,-5.9,0.34,0.22,0.3,0.2,1374.14,1654,,,,63,0.16091826558113098,0.169,
2023/03/05 00:00,2023-03-05,Paradise_WA,46.783333,-121.733333,0.338,1.0,0.168,0.2,-4.9,0.34,0.22,0.3,0.2,1397.0,1654,,,,64,0.0,0.169,
2023/03/06 00:00,2023-03-06,Paradise_WA,46.783333,-121.733333,0.338,1.0,0.17,0.2,-4.3,0.34,0.219,0.3,0.2,1397.0,1654,,,,65,0.0,0.168,
2023/03/07 00:00,2023-03-07,Paradise_WA,46.783333,-121.733333,0.338,1.0,0.17,0.2,-3.6,0.339,0.22,0.3,0.2,1404.62,1654,,,,66,0.0,0.17,
2023/03/08 00:00,2023-03-08,Paradise_WA,46.783333,-121.733333,0.338,1.0,0.169,0.2,-4.1,0.339,0.219,0.3,0.2,1407.16,1654,,,,67,0.0,0.17,
2023/03/09 00:00,2023-03-09,Paradise_WA,46.783333,-121.733333,0.337,1.0,0.17,0.2,-5.8,0.339,0.219,0.3,0.2,1414.78,1654,263.5858735632184,0.08691186312607946,0.241714745759964,68,0.241714745759964,0.169,
2023/03/10 00:00,2023-03-10,Paradise_WA,46.783333,-121.733333,0.338,1.0,0.17,0.2,-5.2,0.339,0.219,0.3,0.2,1424.94,1654,,,,69,0.241714745759964,0.17,
2023/03/11 00:00,2023-03-11,Paradise_WA,46.783333,-121.733333,0.337,1.0,0.17,0.2,-4.3,0.339,0.218,0.3,0.2,1435.1,1654,,,,70,0.241714745759964,0.17,
2023/03/12 00:00,2023-03-12,Paradise_WA,46.783333,-121.733333,0.337,1.0,0.171,0.2,-2.2,0.339,0.219,0.3,0.2,1435.1,1654,,,,71,0.0,0.17,
2023/03/13 00:00,2023-03-13,Paradise_WA,46.783333,-121.733333,0.337,1.0,0.17,0.2,0.2,0.339,0.219,0.3,0.2,1447.8,1654,,,,72,0.0,0.171,
2023/03/14 00:00,2023-03-14,Paradise_WA,46.783333,-121.733333,0.337,1.0,0.171,0.2,-3.0,0.339,0.218,0.3,0.2,1475.74,1654,,,,73,0.0,0.17,
2023/03/15 00:00,2023-03-15,Paradise_WA,46.783333,-121.733333,0.336,1.0,0.171,0.2,-1.2,0.338,0.218,0.3,0.2,1480.82,1654,,,,74,0.0,0.171,
2023/03/16 00:00,2023-03-16,Paradise_WA,46.783333,-121.733333,0.336,1.0,0.171,0.2,-3.6,0.338,0.218,0.3,0.2,1480.82,1654,276.3436408045977,0.07411925734024181,0.18618589639663696,75,0.18618589639663696,0.171,
2023/03/17 00:00,2023-03-17,Paradise_WA,46.783333,-121.733333,0.336,1.0,0.171,0.2,-0.4,0.339,0.218,0.3,0.2,1483.36,1654,,,,76,0.18618589639663696,0.171,
2023/03/18 00:00,2023-03-18,Paradise_WA,46.783333,-121.733333,0.336,1.0,0.171,0.2,3.4,0.338,0.217,0.3,0.2,1485.9,1654,,,,77,0.18618589639663696,0.171,
2023/03/19 00:00,2023-03-19,Paradise_WA,46.783333,-121.733333,0.335,1.0,0.171,0.2,4.9,0.338,0.217,0.3,0.2,1483.36,1654,,,,78,0.0,0.171,
2023/03/20 00:00,2023-03-20,Paradise_WA,46.783333,-121.733333,0.335,1.0,0.171,0.2,1.7,0.338,0.218,0.3,0.2,1483.36,1654,,,,79,0.0,0.171,
2023/03/21 00:00,2023-03-21,Paradise_WA,46.783333,-121.733333,0.335,1.0,0.171,0.2,0.2,0.338,0.218,0.3,0.2,1498.6,1654,,,,80,0.0,0.171,
2023/03/22 00:00,2023-03-22,Paradise_WA,46.783333,-121.733333,0.335,1.0,0.171,0.2,1.6,0.338,0.217,0.3,0.2,1498.6,1654,,,,81,0.0,0.171,
2023/03/23 00:00,2023-03-23,Paradise_WA,46.783333,-121.733333,0.335,1.0,0.171,0.2,5.6,0.338,0.217,0.3,0.2,1498.6,1654,276.4198936781609,0.07411925734024181,0.14519231021404266,82,0.14519231021404266,0.171,
2023/03/24 00:00,2023-03-24,Paradise_WA,46.783333,-121.733333,0.335,1.0,0.171,0.2,-4.0,0.338,0.217,0.3,0.2,1521.46,1654,,,,83,0.14519231021404266,0.171,
2023/03/25 00:00,2023-03-25,Paradise_WA,46.783333,-121.733333,0.335,1.0,0.171,0.2,-4.7,0.337,0.216,0.3,0.2,1544.32,1654,,,,84,0.14519231021404266,0.171,
2023/03/26 00:00,2023-03-26,Paradise_WA,46.783333,-121.733333,0.335,1.0,0.171,0.2,-4.0,0.337,0.217,0.3,0.2,1559.56,1654,,,,85,0.0,0.171,
2023/03/27 00:00,2023-03-27,Paradise_WA,46.783333,-121.733333,0.335,1.0,0.171,0.2,-3.2,0.338,0.216,0.3,0.2,1564.64,1654,,,,86,0.0,0.171,
2023/03/28 00:00,2023-03-28,Paradise_WA,46.783333,-121.733333,0.334,1.0,0.171,0.2,-1.8,0.337,0.216,0.3,0.2,1567.18,1654,,,,87,0.0,0.171,
2023/03/29 00:00,2023-03-29,Paradise_WA,46.783333,-121.733333,0.334,1.0,0.171,0.2,-1.0,0.337,0.217,0.3,0.2,1574.8,1654,,,,88,0.0,0.171,
2023/03/30 00:00,2023-03-30,Paradise_WA,46.783333,-121.733333,0.334,1.0,0.171,0.2,0.4,0.337,0.216,0.3,0.2,1574.8,1654,264.14,,0.20093749463558197,89,0.20093749463558197,0.171,
2023/03/31 00:00,2023-03-31,Paradise_WA,46.783333,-121.733333,0.334,1.0,0.172,0.2,-1.4,0.337,0.216,0.3,0.2,1574.8,1654,,,,90,0.20093749463558197,0.171,
2023/04/01 00:00,2023-04-01,Paradise_WA,46.783333,-121.733333,0.334,1.0,0.172,0.2,-2.6,0.337,0.216,0.3,0.2,1577.34,1654,,,,91,0.20093749463558197,0.172,
2023/04/02 00:00,2023-04-02,Paradise_WA,46.783333,-121.733333,0.334,1.0,0.172,0.2,-5.3,0.337,0.216,0.3,0.2,1620.52,1654,,,,92,0.0,0.172,
2023/04/03 00:00,2023-04-03,Paradise_WA,46.783333,-121.733333,0.334,1.0,0.171,0.2,-4.9,0.337,0.215,0.3,0.2,1640.84,1654,,,,93,0.0,0.172,
2023/04/04 00:00,2023-04-04,Paradise_WA,46.783333,-121.733333,0.333,1.0,0.172,0.2,-3.0,0.337,0.216,0.3,0.2,1656.08,1654,,,,94,0.0,0.171,
2023/04/05 00:00,2023-04-05,Paradise_WA,46.783333,-121.733333,0.333,1.0,0.173,0.2,-3.0,0.337,0.216,0.3,0.2,1661.16,1654,,,,95,0.0,0.172,
2023/04/06 00:00,2023-04-06,Paradise_WA,46.783333,-121.733333,0.333,1.0,0.172,0.2,0.3,0.337,0.216,0.3,0.2,1663.7,1654,264.14,0.036750728626943015,0.3632291555404663,96,0.3632291555404663,0.173,
2023/04/07 00:00,2023-04-07,Paradise_WA,46.783333,-121.733333,0.333,1.0,0.173,0.2,2.2,0.337,0.216,0.3,0.2,1678.94,1654,,,,97,0.3632291555404663,0.172,
2023/04/08 00:00,2023-04-08,Paradise_WA,46.783333,-121.733333,0.333,1.0,0.173,0.2,0.3,0.337,0.216,0.3,0.2,1653.54,1654,,,,98,0.3632291555404663,0.173,
2023/04/09 00:00,2023-04-09,Paradise_WA,46.783333,-121.733333,0.334,1.0,0.174,0.2,-0.2,0.337,0.216,0.3,0.2,1658.62,1654,,,,99,0.0,0.173,
2023/04/10 00:00,2023-04-10,Paradise_WA,46.783333,-121.733333,0.334,1.0,0.175,0.2,2.8,0.337,0.216,0.3,0.2,1668.78,1654,,,,100,0.0,0.174,
2023/04/11 00:00,2023-04-11,Paradise_WA,46.783333,-121.733333,0.334,1.0,0.176,0.2,0.4,0.339,0.218,0.3,0.2,1717.04,1654,,,,101,0.0,0.175,
2023/04/12 00:00,2023-04-12,Paradise_WA,46.783333,-121.733333,0.335,1.0,0.177,0.2,-2.7,0.339,0.218,0.3,0.2,1706.88,1654,,,,102,0.0,0.176,
2023/04/13 00:00,2023-04-13,Paradise_WA,46.783333,-121.733333,0.336,1.0,0.177,0.2,1.0,0.339,0.219,0.3,0.2,1699.26,1654,,0.036750728626943015,0.3130608797073364,103,0.3130608797073364,0.177,
2023/04/14 00:00,2023-04-14,Paradise_WA,46.783333,-121.733333,0.336,1.0,0.178,0.2,-2.2,0.339,0.219,0.3,0.2,1704.34,1654,,,,104,0.3130608797073364,0.177,
2023/04/15 00:00,2023-04-15,Paradise_WA,46.783333,-121.733333,0.336,1.0,0.178,0.2,1.3,0.34,0.22,0.3,0.2,1706.88,1654,,,,105,0.3130608797073364,0.178,
2023/04/16 00:00,2023-04-16,Paradise_WA,46.783333,-121.733333,0.336,0.9,0.178,0.2,2.5,0.339,0.22,0.3,0.2,1714.5,1654,,,,106,0.0,0.178,
2023/04/17 00:00,2023-04-17,Paradise_WA,46.783333,-121.733333,0.336,0.9,0.178,0.2,-1.6,0.339,0.22,0.3,0.2,1729.74,1654,,,,107,0.0,0.178,
2023/04/18 00:00,2023-04-18,Paradise_WA,46.783333,-121.733333,0.336,0.9,0.18,0.2,-1.8,0.339,0.22,0.3,0.2,1744.98,1654,,,,108,0.0,0.178,
2023/04/19 00:00,2023-04-19,Paradise_WA,46.783333,-121.733333,0.336,0.9,0.179,0.2,-3.8,0.339,0.22,0.3,0.2,1760.22,1654,,,,109,0.0,0.18,
2023/04/20 00:00,2023-04-20,Paradise_WA,46.783333,-121.733333,0.337,0.9,0.179,0.2,-3.0,0.339,0.22,0.3,0.2,1770.38,1654,276.5156982758621,0.05217829231433507,0.13402242958545685,110,0.13402242958545685,0.179,
2023/04/21 00:00,2023-04-21,Paradise_WA,46.783333,-121.733333,0.337,0.9,0.18,0.2,-2.1,0.339,0.221,0.3,0.2,1790.7,1654,,,,111,0.13402242958545685,0.179,
2023/04/22 00:00,2023-04-22,Paradise_WA,46.783333,-121.733333,0.337,0.9,0.179,0.2,-1.1,0.339,0.221,0.3,0.2,1798.32,1654,,,,112,0.13402242958545685,0.18,
2023/04/23 00:00,2023-04-23,Paradise_WA,46.783333,-121.733333,0.337,0.9,0.18,0.2,6.9,0.339,0.22,0.3,0.2,1811.02,1654,,,,113,0.0,0.179,
2023/04/24 00:00,2023-04-24,Paradise_WA,46.783333,-121.733333,0.337,0.9,0.181,0.2,0.4,0.34,0.221,0.3,0.2,1871.98,1654,,,,114,0.0,0.18,
2023/04/25 00:00,2023-04-25,Paradise_WA,46.783333,-121.733333,0.337,0.9,0.181,0.2,1.0,0.34,0.221,0.3,0.2,1851.66,1654,,,,115,0.0,0.181,
2023/04/26 00:00,2023-04-26,Paradise_WA,46.783333,-121.733333,0.338,0.9,0.183,0.2,6.2,0.34,0.221,0.3,0.2,1846.58,1654,,,,116,0.0,0.181,
2023/04/27 00:00,2023-04-27,Paradise_WA,46.783333,-121.733333,0.337,0.9,0.182,0.1,10.2,0.34,0.22,0.3,0.2,1851.66,1654,280.87312758620686,0.05217829231433507,0.08451281487941742,117,0.08451281487941742,0.183,
2023/04/28 00:00,2023-04-28,Paradise_WA,46.783333,-121.733333,0.337,0.9,0.182,0.1,14.1,0.341,0.221,0.3,0.2,1866.9,1654,,,,118,0.08451281487941742,0.182,
2023/04/29 00:00,2023-04-29,Paradise_WA,46.783333,-121.733333,0.337,0.9,0.182,0.1,18.3,0.341,0.221,0.2,0.2,1869.44,1654,,,,119,0.08451281487941742,0.182,
2023/04/30 00:00,2023-04-30,Paradise_WA,46.783333,-121.733333,0.338,0.9,0.183,0.1,17.5,0.341,0.222,0.2,0.2,1869.44,1654,,,,120,0.0,0.182,
2023/05/01 00:00,2023-05-01,Paradise_WA,46.783333,-121.733333,0.339,0.9,0.185,0.1,6.5,0.341,0.223,0.2,0.2,1861.82,1654,,,,121,0.0,0.183,
2023/05/02 00:00,2023-05-02,Paradise_WA,46.783333,-121.733333,0.341,0.8,0.189,0.1,2.2,0.342,0.224,0.2,0.2,1846.58,1654,,,,122,0.0,0.185,
2023/05/03 00:00,2023-05-03,Paradise_WA,46.783333,-121.733333,0.342,0.8,0.19,0.1,16.1,0.342,0.227,0.2,0.1,1869.44,1654,,,,123,0.0,0.189,
2023/05/04 00:00,2023-05-04,Paradise_WA,46.783333,-121.733333,0.344,0.8,0.194,0.1,14.2,0.343,0.228,0.2,0.1,1831.34,1654,284.10753304597705,0.10219955742659764,0.13302242755889893,124,0.13302242755889893,0.19,
2023/05/05 00:00,2023-05-05,Paradise_WA,46.783333,-121.733333,0.348,0.8,0.201,0.1,3.6,0.344,0.233,0.2,0.1,1813.56,1654,,,,125,0.13302242755889893,0.194,
2023/05/06 00:00,2023-05-06,Paradise_WA,46.783333,-121.733333,0.352,0.8,0.206,0.1,1.1,0.345,0.238,0.2,0.1,1803.4,1654,,,,126,0.13302242755889893,0.201,
2023/05/07 00:00,2023-05-07,Paradise_WA,46.783333,-121.733333,0.352,0.8,0.208,0.1,4.0,0.346,0.239,0.2,0.1,1798.32,1654,,,,127,0.0,0.206,
2023/05/08 00:00,2023-05-08,Paradise_WA,46.783333,-121.733333,0.352,0.8,0.21,0.1,2.1,0.346,0.239,0.2,0.1,1795.78,1654,,,,128,0.0,0.208,
2023/05/09 00:00,2023-05-09,Paradise_WA,46.783333,-121.733333,0.353,0.8,0.211,0.1,4.6,0.346,0.24,0.2,0.1,1783.08,1654,,,,129,0.0,0.21,
2023/05/10 00:00,2023-05-10,Paradise_WA,46.783333,-121.733333,0.353,0.7,0.213,0.1,6.5,0.346,0.24,0.2,0.1,1788.16,1654,,,,130,0.0,0.211,
2023/05/11 00:00,2023-05-11,Paradise_WA,46.783333,-121.733333,0.352,0.7,0.214,0.1,9.1,0.346,0.24,0.2,0.1,1775.46,1654,284.9996965517241,0.10219955742659764,0.06852564215660095,131,0.06852564215660095,0.213,
2023/05/12 00:00,2023-05-12,Paradise_WA,46.783333,-121.733333,0.353,0.7,0.217,0.1,11.1,0.347,0.242,0.2,0.1,1767.84,1654,,,,132,0.06852564215660095,0.214,
2023/05/13 00:00,2023-05-13,Paradise_WA,46.783333,-121.733333,0.353,0.7,0.221,0.1,16.4,0.347,0.243,0.2,0.1,1750.06,1654,,,,133,0.06852564215660095,0.217,
2023/05/14 00:00,2023-05-14,Paradise_WA,46.783333,-121.733333,0.359,0.7,0.235,0.1,17.7,0.35,0.259,0.1,0.1,1747.52,1654,,,,134,0.0,0.221,
2023/05/15 00:00,2023-05-15,Paradise_WA,46.783333,-121.733333,0.363,0.6,0.245,0.1,16.8,0.361,0.271,0.1,0.1,1699.26,1654,,,,135,0.0,0.235,
2023/05/16 00:00,2023-05-16,Paradise_WA,46.783333,-121.733333,0.365,0.6,0.251,0.0,16.7,0.364,0.279,0.1,0.1,1638.3,1654,,,,136,0.0,0.245,
2023/05/17 00:00,2023-05-17,Paradise_WA,46.783333,-121.733333,0.365,0.6,0.254,0.0,14.9,0.363,0.278,0.1,0.1,1612.9,1654,,,,137,0.0,0.251,
2023/05/18 00:00,2023-05-18,Paradise_WA,46.783333,-121.733333,0.364,0.6,0.261,0.0,18.4,0.361,0.274,0.1,0.1,1559.56,1654,285.8337609195403,,0.034262821078300476,138,0.034262821078300476,0.254,
2023/05/19 00:00,2023-05-19,Paradise_WA,46.783333,-121.733333,0.365,0.5,0.277,0.0,16.8,0.362,0.278,0.1,0.1,1518.92,1654,,,,139,0.034262821078300476,0.261,
2023/05/20 00:00,2023-05-20,Paradise_WA,46.783333,-121.733333,0.371,0.5,0.31,0.0,18.7,0.366,0.349,0.0,0.1,1475.74,1654,,,,140,0.034262821078300476,0.277,
2023/05/21 00:00,2023-05-21,Paradise_WA,46.783333,-121.733333,0.376,0.4,0.324,0.0,17.2,0.38,0.36,0.0,0.0,1430.02,1654,,,,141,0.0,0.31,
2023/05/22 00:00,2023-05-22,Paradise_WA,46.783333,-121.733333,0.371,0.3,0.314,0.0,4.6,0.367,0.314,0.0,0.0,1417.32,1654,,,,142,0.0,0.324,
2023/05/23 00:00,2023-05-23,Paradise_WA,46.783333,-121.733333,0.367,0.4,0.285,0.0,2.1,0.363,0.296,0.0,0.1,1402.08,1654,,,,143,0.0,0.314,
2023/05/24 00:00,2023-05-24,Paradise_WA,46.783333,-121.733333,0.366,0.4,0.299,0.0,3.3,0.361,0.294,0.0,0.1,1394.46,1654,,,,144,0.0,0.285,
2023/05/25 00:00,2023-05-25,Paradise_WA,46.783333,-121.733333,0.372,0.4,0.334,0.0,10.5,0.364,0.364,0.0,0.0,1356.36,1654,286.30443333333335,0.12063442897236622,0.02480769157409668,145,0.02480769157409668,0.299,
2023/05/26 00:00,2023-05-26,Paradise_WA,46.783333,-121.733333,0.372,0.3,0.334,0.0,14.7,0.366,0.358,0.0,0.0,1351.28,1654,,,,146,0.02480769157409668,0.334,
2023/05/27 00:00,2023-05-27,Paradise_WA,46.783333,-121.733333,0.376,0.3,0.337,0.0,11.4,0.37,0.369,0.0,0.0,1323.34,1654,,,,147,0.02480769157409668,0.334,
2023/05/28 00:00,2023-05-28,Paradise_WA,46.783333,-121.733333,0.38,0.3,0.341,0.0,13.3,0.38,0.373,-0.1,0.0,1287.78,1654,,,,148,0.0,0.337,
2023/05/29 00:00,2023-05-29,Paradise_WA,46.783333,-121.733333,0.383,0.2,0.345,0.0,12.2,0.381,0.377,-0.1,0.0,1259.84,1654,,,,149,0.0,0.341,
2023/05/30 00:00,2023-05-30,Paradise_WA,46.783333,-121.733333,0.383,0.2,0.347,0.0,14.4,0.381,0.38,-0.1,0.0,1226.82,1654,,,,150,0.0,0.345,
2023/05/31 00:00,2023-05-31,Paradise_WA,46.783333,-121.733333,0.383,0.2,0.348,0.0,9.5,0.381,0.379,-0.1,0.1,1193.8,1654,,,,151,0.0,0.347,
2023/06/01 00:00,2023-06-01,Paradise_WA,46.783333,-121.733333,0.374,0.3,0.312,0.0,2.6,0.367,0.33,0.0,0.3,1168.4,1654,287.5514037356322,,0.02225961536169052,152,0.02225961536169052,0.348,
2023/06/02 00:00,2023-06-02,Paradise_WA,46.783333,-121.733333,0.382,0.3,0.346,0.0,9.9,0.381,0.378,0.0,1.6,1137.92,1654,,,,153,0.02225961536169052,0.312,
2023/06/03 00:00,2023-06-03,Paradise_WA,46.783333,-121.733333,0.385,0.3,0.33,0.4,12.3,0.381,0.383,0.1,7.5,1104.9,1654,,,,154,0.02225961536169052,0.346,
2023/06/04 00:00,2023-06-04,Paradise_WA,46.783333,-121.733333,0.384,0.4,0.307,2.9,15.1,0.381,0.38,0.4,11.3,1066.8,1654,,,,155,0.0,0.33,
2023/06/05 00:00,2023-06-05,Paradise_WA,46.783333,-121.733333,0.385,0.6,0.288,6.4,13.3,0.38,0.363,1.2,12.6,1018.54,1654,,,,156,0.0,0.307,
2023/06/06 00:00,2023-06-06,Paradise_WA,46.783333,-121.733333,0.381,0.9,0.266,7.8,15.8,0.379,0.341,2.3,13.1,985.52,1654,,,,157,0.0,0.288,
2023/06/07 00:00,2023-06-07,Paradise_WA,46.783333,-121.733333,0.38,1.4,0.259,9.2,22.2,0.379,0.333,3.8,14.0,929.64,1654,,,,158,0.0,0.266,
2023/06/08 00:00,2023-06-08,Paradise_WA,46.783333,-121.733333,0.378,1.9,0.247,9.1,20.0,0.377,0.321,4.7,13.4,876.3,1654,288.9736234811166,0.35981330958549235,0.04998397454619408,159,0.04998397454619408,0.259,
2023/06/09 00:00,2023-06-09,Paradise_WA,46.783333,-121.733333,0.374,2.3,0.241,9.5,14.2,0.373,0.31,5.4,13.0,817.88,1654,,,,160,0.04998397454619408,0.247,
2023/06/10 00:00,2023-06-10,Paradise_WA,46.783333,-121.733333,0.37,2.9,0.266,7.2,6.1,0.367,0.308,6.0,8.0,795.02,1654,,,,161,0.04998397454619408,0.241,
2023/06/11 00:00,2023-06-11,Paradise_WA,46.783333,-121.733333,0.369,3.0,0.274,6.8,6.4,0.365,0.308,5.1,8.0,764.54,1654,,,,162,0.0,0.266,
2023/06/12 00:00,2023-06-12,Paradise_WA,46.783333,-121.733333,0.367,3.0,0.253,9.4,15.1,0.364,0.298,5.3,13.7,716.28,1654,,,,163,0.0,0.274,
2023/06/13 00:00,2023-06-13,Paradise_WA,46.783333,-121.733333,0.365,3.4,0.231,11.5,18.7,0.362,0.287,7.2,15.7,645.16,1654,,,,164,0.0,0.253,
2023/06/14 00:00,2023-06-14,Paradise_WA,46.783333,-121.733333,0.359,4.0,0.217,11.0,11.8,0.356,0.274,8.3,13.5,607.06,1654,,,,165,0.0,0.231,
2023/06/15 00:00,2023-06-15,Paradise_WA,46.783333,-121.733333,0.356,4.4,0.215,7.7,4.9,0.354,0.27,7.5,7.6,599.44,1654,288.5078620689655,0.35981330958549235,0.06073717772960663,166,0.06073717772960663,0.217,
2023/06/16 00:00,2023-06-16,Paradise_WA,46.783333,-121.733333,0.351,4.4,0.21,9.9,12.8,0.35,0.26,6.8,13.2,551.18,1654,,,,167,0.06073717772960663,0.215,
2023/06/17 00:00,2023-06-17,Paradise_WA,46.783333,-121.733333,0.348,4.5,0.202,9.4,12.3,0.349,0.255,7.6,10.7,520.7,1654,,,,168,0.06073717772960663,0.21,
2023/06/18 00:00,2023-06-18,Paradise_WA,46.783333,-121.733333,0.348,4.6,0.202,9.5,6.2,0.348,0.253,7.5,11.0,477.52,1654,,,,169,0.0,0.202,
2023/06/19 00:00,2023-06-19,Paradise_WA,46.783333,-121.733333,0.347,4.7,0.202,7.7,1.7,0.347,0.252,6.9,8.0,474.98,1654,,,,170,0.0,0.202,
2023/06/20 00:00,2023-06-20,Paradise_WA,46.783333,-121.733333,0.351,4.7,0.211,5.6,2.3,0.347,0.27,5.6,6.6,472.44,1654,,,,171,0.0,0.202,
2023/06/21 00:00,2023-06-21,Paradise_WA,46.783333,-121.733333,0.353,4.5,0.235,5.8,3.4,0.35,0.272,5.2,6.2,467.36,1654,,,,172,0.0,0.211,
2023/06/22 00:00,2023-06-22,Paradise_WA,46.783333,-121.733333,0.354,4.3,0.248,7.6,10.0,0.35,0.273,5.4,9.2,429.26,1654,290.9573236453202,0.5617396049222799,0.10586538165807724,173,0.10586538165807724,0.235,
2023/06/23 00:00,2023-06-23,Paradise_WA,46.783333,-121.733333,0.351,4.3,0.231,8.5,10.6,0.349,0.264,6.1,10.2,396.24,1654,,,,174,0.10586538165807724,0.248,
2023/06/24 00:00,2023-06-24,Paradise_WA,46.783333,-121.733333,0.348,4.4,0.218,9.7,9.0,0.348,0.255,6.7,12.1,350.52,1654,,,,175,0.10586538165807724,0.231,
2023/06/25 00:00,2023-06-25,Paradise_WA,46.783333,-121.733333,0.346,4.6,0.213,10.4,15.9,0.346,0.25,7.1,13.5,312.42,1654,,,,176,0.0,0.218,
2023/06/26 00:00,2023-06-26,Paradise_WA,46.783333,-121.733333,0.341,4.9,0.197,11.5,18.2,0.344,0.24,8.2,14.3,264.16,1654,,,,177,0.0,0.213,
2023/06/27 00:00,2023-06-27,Paradise_WA,46.783333,-121.733333,0.337,5.3,0.185,11.2,13.6,0.343,0.234,9.1,12.6,218.44,1654,,,,178,0.0,0.197,
2023/06/28 00:00,2023-06-28,Paradise_WA,46.783333,-121.733333,0.332,5.6,0.174,11.9,14.1,0.341,0.224,9.1,13.8,147.32,1654,,,,179,0.0,0.185,
2023/06/29 00:00,2023-06-29,Paradise_WA,46.783333,-121.733333,0.327,5.9,0.159,12.3,19.0,0.339,0.212,9.5,14.6,60.96,1654,292.775792882405,0.5617396049222799,0.06837499886751175,180,0.06837499886751175,0.174,
2023/06/30 00:00,2023-06-30,Paradise_WA,46.783333,-121.733333,0.32,6.2,0.135,12.9,20.4,0.338,0.198,10.1,15.0,22.86,1654,,,,181,0.06837499886751175,0.159,
2023/07/01 00:00,2023-07-01,Paradise_WA,46.783333,-121.733333,0.313,6.5,0.113,13.1,20.3,0.336,0.183,10.4,15.1,,1654,,,,182,0.06837499886751175,0.135,
2023/07/02 00:00,2023-07-02,Paradise_WA,46.783333,-121.733333,0.306,6.8,0.094,12.8,16.5,0.334,0.17,10.6,14.4,,1654,,,,183,0.0,0.113,
2023/07/03 00:00,2023-07-03,Paradise_WA,46.783333,-121.733333,0.298,7.0,0.076,12.4,18.2,0.332,0.158,10.3,14.1,,1654,,,,184,0.0,0.094,
2023/07/04 00:00,2023-07-04,Paradise_WA,46.783333,-121.733333,0.289,7.1,0.066,12.3,19.5,0.329,0.137,10.3,14.0,,1654,,,,185,0.0,0.076,
2023/07/05 00:00,2023-07-05,Paradise_WA,46.783333,-121.733333,0.278,7.2,0.055,12.5,22.2,0.326,0.117,10.5,14.2,,1654,,,,186,0.0,0.066,
2023/07/06 00:00,2023-07-06,Paradise_WA,46.783333,-121.733333,0.268,7.3,0.047,12.7,23.7,0.324,0.099,10.7,14.2,,1654,293.77563636363635,0.7568083333333333,0.010041666217148304,187,0.010041666217148304,0.055,
2023/07/07 00:00,2023-07-07,Paradise_WA,46.783333,-121.733333,0.257,7.5,0.046,12.9,22.8,0.322,0.087,10.9,14.6,,1654,,,,188,0.010041666217148304,0.047,
2023/07/08 00:00,2023-07-08,Paradise_WA,46.783333,-121.733333,0.247,7.6,0.048,13.3,16.7,0.319,0.074,11.1,14.7,,1654,,,,189,0.010041666217148304,0.046,
2023/07/09 00:00,2023-07-09,Paradise_WA,46.783333,-121.733333,0.238,7.8,0.042,13.2,18.8,0.319,0.072,11.1,14.9,,1654,,,,190,0.0,0.048,
2023/07/10 00:00,2023-07-10,Paradise_WA,46.783333,-121.733333,0.243,7.9,0.041,12.5,17.2,0.318,0.067,11.2,13.7,,1654,,,,191,0.0,0.042,
2023/07/11 00:00,2023-07-11,Paradise_WA,46.783333,-121.733333,0.24,8.0,0.038,11.6,12.9,0.318,0.07,10.8,12.2,,1654,,,,192,0.0,0.041,
2023/07/12 00:00,2023-07-12,Paradise_WA,46.783333,-121.733333,0.233,7.9,0.039,12.3,16.0,0.316,0.068,10.4,13.8,,1654,,,,193,0.0,0.038,
2023/07/13 00:00,2023-07-13,Paradise_WA,46.783333,-121.733333,0.226,8.0,0.038,12.4,17.6,0.313,0.058,10.7,13.8,,1654,294.53891783350747,0.7568083333333333,0.009903846308588982,194,0.009903846308588982,0.039,
2023/07/14 00:00,2023-07-14,Paradise_WA,46.783333,-121.733333,0.216,8.0,0.038,12.3,18.5,0.31,0.059,10.6,13.8,,1654,,,,195,0.009903846308588982,0.038,
2023/07/15 00:00,2023-07-15,Paradise_WA,46.783333,-121.733333,0.203,8.0,0.033,12.5,21.8,0.306,0.053,10.6,14.3,,1654,,,,196,0.009903846308588982,0.038,
2023/07/16 00:00,2023-07-16,Paradise_WA,46.783333,-121.733333,0.188,8.1,0.032,12.8,24.6,0.301,0.047,10.8,14.7,,1654,,,,197,0.0,0.033,
2023/07/17 00:00,2023-07-17,Paradise_WA,46.783333,-121.733333,0.174,8.2,0.028,13.2,21.9,0.296,0.047,11.1,14.9,,1654,,,,198,0.0,0.032,
2023/07/18 00:00,2023-07-18,Paradise_WA,46.783333,-121.733333,0.168,8.3,0.026,12.1,14.0,0.293,0.041,11.0,12.8,,1654,,,,199,0.0,0.028,
2023/07/19 00:00,2023-07-19,Paradise_WA,46.783333,-121.733333,0.155,8.3,0.032,11.9,18.8,0.288,0.045,10.4,13.4,,1654,,,,200,0.0,0.026,
2023/07/20 00:00,2023-07-20,Paradise_WA,46.783333,-121.733333,0.14,8.2,0.028,12.9,24.6,0.281,0.038,10.9,14.8,,1654,296.08902805642634,,0.01974358968436718,201,0.01974358968436718,0.032,
2023/07/21 00:00,2023-07-21,Paradise_WA,46.783333,-121.733333,0.128,8.3,0.026,13.7,22.0,0.273,0.041,11.4,15.5,,1654,,,,202,0.01974358968436718,0.028,
2023/07/22 00:00,2023-07-22,Paradise_WA,46.783333,-121.733333,0.122,8.4,0.027,13.4,19.9,0.266,0.041,11.5,15.1,,1654,,,,203,0.01974358968436718,0.026,
2023/07/23 00:00,2023-07-23,Paradise_WA,46.783333,-121.733333,0.116,8.5,0.027,13.1,20.9,0.257,0.031,11.3,14.7,,1654,,,,204,0.0,0.027,
2023/07/24 00:00,2023-07-24,Paradise_WA,46.783333,-121.733333,0.111,8.5,0.023,13.2,20.9,0.247,0.032,11.3,14.8,,1654,,,,205,0.0,0.027,
2023/07/25 00:00,2023-07-25,Paradise_WA,46.783333,-121.733333,0.113,8.6,0.023,11.5,10.0,0.242,0.039,11.1,11.5,2.54,1654,,,,206,0.0,0.023,
2023/07/26 00:00,2023-07-26,Paradise_WA,46.783333,-121.733333,0.162,8.5,0.03,11.8,13.4,0.251,0.036,10.4,13.1,,1654,,,,207,0.0,0.023,
2023/07/27 00:00,2023-07-27,Paradise_WA,46.783333,-121.733333,0.14,8.5,0.023,11.6,15.5,0.246,0.037,10.2,13.1,,1654,292.8465376175549,0.7654776014680484,0.023887820541858673,208,0.023887820541858673,0.03,
2023/07/28 00:00,2023-07-28,Paradise_WA,46.783333,-121.733333,0.129,8.4,0.024,11.8,16.1,0.242,0.038,10.2,13.2,,1654,,,,209,0.023887820541858673,0.023,
2023/07/29 00:00,2023-07-29,Paradise_WA,46.783333,-121.733333,0.121,8.4,0.026,12.0,17.7,0.235,0.038,10.3,13.6,,1654,,,,210,0.023887820541858673,0.024,
2023/07/30 00:00,2023-07-30,Paradise_WA,46.783333,-121.733333,0.116,8.4,0.027,12.1,17.1,0.228,0.032,10.5,13.6,,1654,,,,211,0.0,0.026,
2023/07/31 00:00,2023-07-31,Paradise_WA,46.783333,-121.733333,0.113,8.4,0.019,11.7,15.3,0.22,0.034,10.4,13.0,,1654,,,,212,0.0,0.027,
2023/08/01 00:00,2023-08-01,Paradise_WA,46.783333,-121.733333,0.11,8.4,0.018,11.4,16.8,0.21,0.036,10.0,12.8,,1654,,,,213,0.0,0.019,
2023/08/02 00:00,2023-08-02,Paradise_WA,46.783333,-121.733333,0.107,8.4,0.017,11.6,18.7,0.198,0.027,10.1,13.1,,1654,,,,214,0.0,0.018,
2023/08/03 00:00,2023-08-03,Paradise_WA,46.783333,-121.733333,0.105,8.4,0.017,11.8,19.2,0.186,0.025,10.2,13.4,,1654,291.3218295019157,0.7654776014680484,0.05738141015172005,215,0.05738141015172005,0.017,
2023/08/04 00:00,2023-08-04,Paradise_WA,46.783333,-121.733333,0.103,8.4,0.022,12.2,19.2,0.173,0.026,10.4,13.8,,1654,,,,216,0.05738141015172005,0.017,
2023/08/05 00:00,2023-08-05,Paradise_WA,46.783333,-121.733333,0.1,8.4,0.024,12.4,19.8,0.161,0.033,10.7,13.8,,1654,,,,217,0.05738141015172005,0.022,
2023/08/06 00:00,2023-08-06,Paradise_WA,46.783333,-121.733333,0.121,8.5,0.021,12.1,15.2,0.153,0.028,11.1,12.7,,1654,,,,218,0.0,0.024,
2023/08/07 00:00,2023-08-07,Paradise_WA,46.783333,-121.733333,0.111,8.6,0.021,12.8,14.9,0.149,0.029,11.1,14.1,,1654,,,,219,0.0,0.021,
2023/08/08 00:00,2023-08-08,Paradise_WA,46.783333,-121.733333,0.107,8.6,0.025,13.1,16.7,0.147,0.035,11.4,14.5,,1654,,,,220,0.0,0.021,
2023/08/09 00:00,2023-08-09,Paradise_WA,46.783333,-121.733333,0.102,8.7,0.022,13.8,18.4,0.14,0.028,11.7,15.5,,1654,,,,221,0.0,0.025,
2023/08/10 00:00,2023-08-10,Paradise_WA,46.783333,-121.733333,0.101,8.9,0.025,12.9,16.2,0.133,0.025,11.7,13.9,,1654,294.9483728448276,0.7658904792746116,0.061907049268484116,222,0.061907049268484116,0.022,
2023/08/11 00:00,2023-08-11,Paradise_WA,46.783333,-121.733333,0.102,8.9,0.017,11.4,11.4,0.13,0.025,11.1,11.5,0.0,1654,,,,223,0.061907049268484116,0.025,
2023/08/12 00:00,2023-08-12,Paradise_WA,46.783333,-121.733333,0.1,8.8,0.022,12.3,16.3,0.125,0.031,10.7,13.7,,1654,,,,224,0.061907049268484116,0.017,
2023/08/13 00:00,2023-08-13,Paradise_WA,46.783333,-121.733333,0.099,8.8,0.017,12.6,18.7,0.117,0.027,10.8,14.2,,1654,,,,225,0.0,0.022,
2023/08/14 00:00,2023-08-14,Paradise_WA,46.783333,-121.733333,0.096,8.8,0.021,13.8,24.4,0.108,0.031,11.5,15.8,,1654,,,,226,0.0,0.017,
2023/08/15 00:00,2023-08-15,Paradise_WA,46.783333,-121.733333,0.095,8.9,0.019,15.1,27.1,0.1,0.026,12.4,17.2,,1654,,,,227,0.0,0.021,
2023/08/16 00:00,2023-08-16,Paradise_WA,46.783333,-121.733333,0.092,9.2,0.015,16.0,27.9,0.093,0.023,13.2,18.2,,1654,,,,228,0.0,0.019,
2023/08/17 00:00,2023-08-17,Paradise_WA,46.783333,-121.733333,0.091,9.5,0.019,15.9,27.4,0.089,0.028,13.4,17.9,,1654,295.9463859674329,0.7658904792746116,0.01703525520861149,229,0.01703525520861149,0.015,
2023/08/18 00:00,2023-08-18,Paradise_WA,46.783333,-121.733333,0.09,9.6,0.017,15.1,21.6,0.085,0.019,13.4,16.3,,1654,,,,230,0.01703525520861149,0.019,
2023/08/19 00:00,2023-08-19,Paradise_WA,46.783333,-121.733333,0.089,9.7,0.014,13.8,15.1,0.083,0.025,12.5,14.9,,1654,,,,231,0.01703525520861149,0.017,
2023/08/20 00:00,2023-08-20,Paradise_WA,46.783333,-121.733333,0.088,9.6,0.013,12.9,18.3,0.08,0.019,11.6,14.4,,1654,,,,232,0.0,0.014,
2023/08/21 00:00,2023-08-21,Paradise_WA,46.783333,-121.733333,0.086,9.5,0.016,13.0,18.3,0.078,0.022,11.5,14.5,,1654,,,,233,0.0,0.013,
2023/08/22 00:00,2023-08-22,Paradise_WA,46.783333,-121.733333,0.085,9.4,0.009,12.7,15.1,0.076,0.015,11.4,13.7,,1654,,,,234,0.0,0.016,
2023/08/23 00:00,2023-08-23,Paradise_WA,46.783333,-121.733333,0.084,9.3,0.016,12.0,10.4,0.076,0.017,10.9,13.0,,1654,,,,235,0.0,0.009,
2023/08/24 00:00,2023-08-24,Paradise_WA,46.783333,-121.733333,0.084,9.2,0.007,10.7,12.3,0.075,0.018,10.5,11.1,,1654,294.3226938286809,0.7622816386010364,0.019342947751283646,236,0.019342947751283646,0.016,
2023/08/25 00:00,2023-08-25,Paradise_WA,46.783333,-121.733333,0.083,9.0,0.011,11.4,20.1,0.074,0.015,9.9,12.9,,1654,,,,237,0.019342947751283646,0.007,
2023/08/26 00:00,2023-08-26,Paradise_WA,46.783333,-121.733333,0.085,8.9,0.016,12.4,20.3,0.073,0.022,10.8,13.6,,1654,,,,238,0.019342947751283646,0.011,
2023/08/27 00:00,2023-08-27,Paradise_WA,46.783333,-121.733333,0.085,9.0,0.014,13.2,23.3,0.074,0.022,11.3,14.6,,1654,,,,239,0.0,0.016,
2023/08/28 00:00,2023-08-28,Paradise_WA,46.783333,-121.733333,0.086,9.1,0.019,13.8,22.8,0.076,0.022,11.7,15.5,,1654,,,,240,0.0,0.014,
2023/08/29 00:00,2023-08-29,Paradise_WA,46.783333,-121.733333,0.084,9.2,0.013,14.8,17.8,0.074,0.02,12.3,16.8,,1654,,,,241,0.0,0.019,
2023/08/30 00:00,2023-08-30,Paradise_WA,46.783333,-121.733333,0.084,9.4,0.014,12.1,7.7,0.075,0.021,12.0,11.9,,1654,,,,242,0.0,0.013,
2023/08/31 00:00,2023-08-31,Paradise_WA,46.783333,-121.733333,0.085,9.4,0.008,10.6,9.9,0.087,0.024,10.6,10.8,,1654,292.35941625615766,0.7622816386010364,0.03424679487943649,243,0.03424679487943649,0.014,
2023/09/01 00:00,2023-09-01,Paradise_WA,46.783333,-121.733333,0.086,9.2,0.013,10.6,9.6,0.148,0.023,10.2,10.8,,1654,,,,244,0.03424679487943649,0.008,
2023/09/02 00:00,2023-09-02,Paradise_WA,46.783333,-121.733333,0.15,9.1,0.02,11.4,14.4,0.264,0.021,10.0,13.2,,1654,,,,245,0.03424679487943649,0.013,
2023/09/03 00:00,2023-09-03,Paradise_WA,46.783333,-121.733333,0.151,9.0,0.017,12.3,19.1,0.236,0.025,10.5,14.2,,1654,,,,246,0.0,0.02,
2023/09/04 00:00,2023-09-04,Paradise_WA,46.783333,-121.733333,0.149,9.1,0.018,12.2,10.6,0.221,0.03,10.9,13.2,,1654,,,,247,0.0,0.017,
2023/09/05 00:00,2023-09-05,Paradise_WA,46.783333,-121.733333,0.149,9.1,0.012,10.4,6.5,0.215,0.025,10.3,10.3,,1654,,,,248,0.0,0.018,
2023/09/06 00:00,2023-09-06,Paradise_WA,46.783333,-121.733333,0.223,9.0,0.016,9.7,9.0,0.21,0.019,9.5,9.9,,1654,,,,249,0.0,0.012,
2023/09/07 00:00,2023-09-07,Paradise_WA,46.783333,-121.733333,0.209,8.8,0.023,10.2,12.0,0.204,0.023,9.0,11.9,,1654,289.30506814449916,,0.025544870644807816,250,0.025544870644807816,0.016,
2023/09/08 00:00,2023-09-08,Paradise_WA,46.783333,-121.733333,0.197,8.7,0.018,10.4,11.0,0.196,0.019,9.2,11.9,,1654,,,,251,0.025544870644807816,0.023,
2023/09/09 00:00,2023-09-09,Paradise_WA,46.783333,-121.733333,0.184,8.6,0.012,10.4,14.7,0.189,0.032,9.2,12.4,,1654,,,,252,0.025544870644807816,0.018,
2023/09/10 00:00,2023-09-10,Paradise_WA,46.783333,-121.733333,0.168,8.6,0.021,10.9,19.0,0.178,0.025,9.4,12.9,,1654,,,,253,0.0,0.012,
2023/09/11 00:00,2023-09-11,Paradise_WA,46.783333,-121.733333,0.149,8.6,0.02,11.9,16.5,0.168,0.024,10.1,14.0,,1654,,,,254,0.0,0.021,
2023/09/12 00:00,2023-09-12,Paradise_WA,46.783333,-121.733333,0.138,8.7,0.02,11.8,14.1,0.161,0.023,10.4,13.5,,1654,,,,255,0.0,0.02,
2023/09/13 00:00,2023-09-13,Paradise_WA,46.783333,-121.733333,0.128,8.8,0.019,11.4,10.9,0.153,0.027,10.3,12.6,,1654,,,,256,0.0,0.02,
2023/09/14 00:00,2023-09-14,Paradise_WA,46.783333,-121.733333,0.123,8.8,0.02,11.6,14.1,0.147,0.023,10.2,13.3,,1654,292.79972701149427,0.739791202504318,0.010576922446489334,257,0.010576922446489334,0.019,
2023/09/15 00:00,2023-09-15,Paradise_WA,46.783333,-121.733333,0.112,8.8,0.016,11.2,19.9,0.137,0.027,9.8,13.4,,1654,,,,258,0.010576922446489334,0.02,
2023/09/16 00:00,2023-09-16,Paradise_WA,46.783333,-121.733333,0.104,8.8,0.016,11.6,21.2,0.125,0.023,10.1,13.9,,1654,,,,259,0.010576922446489334,0.016,
2023/09/17 00:00,2023-09-17,Paradise_WA,46.783333,-121.733333,0.1,8.8,0.018,11.6,19.4,0.113,0.023,10.1,13.9,,1654,,,,260,0.0,0.016,
2023/09/18 00:00,2023-09-18,Paradise_WA,46.783333,-121.733333,0.099,8.8,0.012,10.8,11.8,0.104,0.022,10.1,11.4,,1654,,,,261,0.0,0.018,
2023/09/19 00:00,2023-09-19,Paradise_WA,46.783333,-121.733333,0.097,8.7,0.011,10.0,7.7,0.099,0.025,9.5,10.7,,1654,,,,262,0.0,0.012,
2023/09/20 00:00,2023-09-20,Paradise_WA,46.783333,-121.733333,0.096,8.6,0.012,8.1,8.0,0.095,0.019,8.4,8.3,0.0,1654,,,,263,0.0,0.011,
2023/09/21 00:00,2023-09-21,Paradise_WA,46.783333,-121.733333,0.097,8.3,0.011,7.5,3.8,0.094,0.022,7.8,7.4,5.08,1654,293.18231896551725,,0.21532051265239716,264,0.21532051265239716,0.012,
2023/09/22 00:00,2023-09-22,Paradise_WA,46.783333,-121.733333,0.096,8.0,0.015,7.4,9.2,0.095,0.019,7.0,8.8,0.0,1654,,,,265,0.21532051265239716,0.011,
2023/09/23 00:00,2023-09-23,Paradise_WA,46.783333,-121.733333,0.097,7.8,0.016,8.0,13.7,0.097,0.019,7.4,9.1,0.0,1654,,,,266,0.21532051265239716,0.015,
2023/09/24 00:00,2023-09-24,Paradise_WA,46.783333,-121.733333,0.098,7.7,0.016,7.7,4.6,0.097,0.021,7.5,7.8,2.54,1654,,,,267,0.0,0.016,
2023/09/25 00:00,2023-09-25,Paradise_WA,46.783333,-121.733333,0.13,7.5,0.013,6.8,5.5,0.1,0.022,7.0,6.8,5.08,1654,,,,268,0.0,0.016,
2023/09/26 00:00,2023-09-26,Paradise_WA,46.783333,-121.733333,0.284,7.2,0.014,6.8,6.0,0.341,0.022,6.7,6.9,5.08,1654,,,,269,0.0,0.013,
2023/09/27 00:00,2023-09-27,Paradise_WA,46.783333,-121.733333,0.324,7.0,0.015,6.2,3.5,0.358,0.022,6.2,6.2,7.62,1654,,,,270,0.0,0.014,
2023/09/28 00:00,2023-09-28,Paradise_WA,46.783333,-121.733333,0.338,5.3,0.013,4.1,3.3,0.366,0.032,4.1,4.0,10.16,1654,284.04068678160917,0.679996065414508,0.3549519181251526,271,0.3549519181251526,0.015,
2023/09/29 00:00,2023-09-29,Paradise_WA,46.783333,-121.733333,0.34,5.0,0.015,4.2,2.7,0.361,0.072,3.9,4.6,7.62,1654,,,,272,0.3549519181251526,0.013,
2023/09/30 00:00,2023-09-30,Paradise_WA,46.783333,-121.733333,0.336,5.3,0.017,4.5,5.9,0.349,0.097,4.1,5.6,2.54,1654,,,,273,0.3549519181251526,0.015,
2023/10/01 00:00,2023-10-01,Paradise_WA,46.783333,-121.733333,0.332,5.5,0.015,4.2,4.4,0.345,0.11,4.3,4.9,5.08,1654,,,,274,0.0,0.017,
2023/10/02 00:00,2023-10-02,Paradise_WA,46.783333,-121.733333,0.33,5.6,0.017,4.4,7.6,0.342,0.116,4.1,5.9,2.54,1654,,,,275,0.0,0.015,
2023/10/03 00:00,2023-10-03,Paradise_WA,46.783333,-121.733333,0.336,5.6,0.018,5.1,6.8,0.346,0.122,4.7,5.7,5.08,1654,,,,276,0.0,0.017,
2023/10/04 00:00,2023-10-04,Paradise_WA,46.783333,-121.733333,0.342,5.7,0.019,6.3,6.7,0.356,0.139,5.8,7.0,2.54,1654,,,,277,0.0,0.018,
2023/10/05 00:00,2023-10-05,Paradise_WA,46.783333,-121.733333,0.339,5.9,0.022,6.4,10.8,0.349,0.143,5.8,7.8,,1654,289.0661436781609,0.679996065414508,0.1991826891899109,278,0.1991826891899109,0.019,
2023/10/06 00:00,2023-10-06,Paradise_WA,46.783333,-121.733333,0.336,6.0,0.023,7.3,18.2,0.346,0.145,6.1,9.5,,1654,,,,279,0.1991826891899109,0.022,
2023/10/07 00:00,2023-10-07,Paradise_WA,46.783333,-121.733333,0.332,6.1,0.026,8.2,17.6,0.343,0.146,6.8,10.3,,1654,,,,280,0.1991826891899109,0.023,
2023/10/08 00:00,2023-10-08,Paradise_WA,46.783333,-121.733333,0.328,6.3,0.026,8.3,18.7,0.341,0.147,7.0,10.6,,1654,,,,281,0.0,0.026,
2023/10/09 00:00,2023-10-09,Paradise_WA,46.783333,-121.733333,0.324,6.4,0.024,8.3,15.6,0.338,0.147,7.3,10.1,,1654,,,,282,0.0,0.026,
2023/10/10 00:00,2023-10-10,Paradise_WA,46.783333,-121.733333,0.323,6.5,0.023,7.7,6.7,0.337,0.148,7.4,7.9,2.54,1654,,,,283,0.0,0.024,
2023/10/11 00:00,2023-10-11,Paradise_WA,46.783333,-121.733333,0.345,6.7,0.025,6.3,3.3,0.357,0.177,6.6,6.1,5.08,1654,,,,284,0.0,0.023,
2023/10/12 00:00,2023-10-12,Paradise_WA,46.783333,-121.733333,0.349,6.2,0.024,4.2,3.7,0.363,0.202,4.6,4.4,5.08,1654,290.3806732758621,0.6817986021157167,0.24443909525871277,285,0.24443909525871277,0.025,
2023/10/13 00:00,2023-10-13,Paradise_WA,46.783333,-121.733333,0.343,5.8,0.028,4.6,6.8,0.351,0.191,4.3,5.5,2.54,1654,,,,286,0.24443909525871277,0.024,
2023/10/14 00:00,2023-10-14,Paradise_WA,46.783333,-121.733333,0.34,5.7,0.034,5.0,8.7,0.348,0.189,4.6,6.2,0.0,1654,,,,287,0.24443909525871277,0.028,
2023/10/15 00:00,2023-10-15,Paradise_WA,46.783333,-121.733333,0.341,5.7,0.039,5.7,5.6,0.347,0.192,5.2,6.4,5.08,1654,,,,288,0.0,0.034,
2023/10/16 00:00,2023-10-16,Paradise_WA,46.783333,-121.733333,0.344,5.7,0.047,5.5,8.4,0.35,0.199,5.3,5.9,5.08,1654,,,,289,0.0,0.039,
2023/10/17 00:00,2023-10-17,Paradise_WA,46.783333,-121.733333,0.35,5.8,0.062,6.4,6.7,0.356,0.245,5.8,6.9,2.54,1654,,,,290,0.0,0.047,
2023/10/18 00:00,2023-10-18,Paradise_WA,46.783333,-121.733333,0.345,5.9,0.073,5.6,4.6,0.352,0.205,5.6,5.9,5.08,1654,,,,291,0.0,0.062,
2023/10/19 00:00,2023-10-19,Paradise_WA,46.783333,-121.733333,0.343,5.9,0.084,5.7,14.0,0.349,0.201,5.3,7.0,,1654,287.5256925287357,0.6817986021157167,0.1948237121105194,292,0.1948237121105194,0.073,
2023/10/20 00:00,2023-10-20,Paradise_WA,46.783333,-121.733333,0.34,5.8,0.086,6.0,12.2,0.346,0.199,5.5,7.4,,1654,,,,293,0.1948237121105194,0.084,
2023/10/21 00:00,2023-10-21,Paradise_WA,46.783333,-121.733333,0.338,5.8,0.086,6.1,13.6,0.344,0.197,5.6,7.4,,1654,,,,294,0.1948237121105194,0.086,
2023/10/22 00:00,2023-10-22,Paradise_WA,46.783333,-121.733333,0.336,5.8,0.089,6.4,11.8,0.343,0.197,5.7,7.6,,1654,,,,295,0.0,0.086,
2023/10/23 00:00,2023-10-23,Paradise_WA,46.783333,-121.733333,0.334,5.9,0.089,6.8,5.7,0.341,0.196,6.2,7.4,2.54,1654,,,,296,0.0,0.089,
2023/10/24 00:00,2023-10-24,Paradise_WA,46.783333,-121.733333,0.333,5.9,0.089,6.3,0.2,0.341,0.195,6.0,6.8,5.08,1654,,,,297,0.0,0.089,
2023/10/25 00:00,2023-10-25,Paradise_WA,46.783333,-121.733333,0.332,5.9,0.088,4.1,-1.2,0.34,0.193,5.0,3.5,15.24,1654,,,,298,0.0,0.089,
2023/10/26 00:00,2023-10-26,Paradise_WA,46.783333,-121.733333,0.332,5.7,0.09,3.4,-1.2,0.339,0.192,4.2,2.8,25.4,1654,279.3983706896552,0.1417229220639033,0.06371794641017914,299,0.06371794641017914,0.088,
2023/10/27 00:00,2023-10-27,Paradise_WA,46.783333,-121.733333,0.331,5.5,0.094,2.9,-1.3,0.339,0.192,3.7,2.4,25.4,1654,,,,300,0.06371794641017914,0.09,
2023/10/28 00:00,2023-10-28,Paradise_WA,46.783333,-121.733333,0.331,5.2,0.095,2.6,-3.2,0.339,0.192,3.4,2.1,25.4,1654,,,,301,0.06371794641017914,0.094,
2023/10/29 00:00,2023-10-29,Paradise_WA,46.783333,-121.733333,0.331,5.0,0.095,2.3,0.1,0.339,0.192,3.1,1.7,22.86,1654,,,,302,0.0,0.095,
2023/10/30 00:00,2023-10-30,Paradise_WA,46.783333,-121.733333,0.33,4.8,0.095,2.1,5.7,0.338,0.192,2.8,1.6,20.32,1654,,,,303,0.0,0.095,
2023/10/31 00:00,2023-10-31,Paradise_WA,46.783333,-121.733333,0.329,4.6,0.096,2.0,8.4,0.338,0.19,2.6,1.5,20.32,1654,,,,304,0.0,0.095,
2023/11/01 00:00,2023-11-01,Paradise_WA,46.783333,-121.733333,0.329,4.4,0.099,1.9,7.9,0.337,0.19,2.5,1.5,17.78,1654,,,,305,0.0,0.096,
2023/11/02 00:00,2023-11-02,Paradise_WA,46.783333,-121.733333,0.336,4.3,0.101,1.8,6.7,0.34,0.25,2.3,1.5,20.32,1654,275.77898132183907,0.1417229220639033,0.6203365325927734,306,0.6203365325927734,0.099,
2023/11/03 00:00,2023-11-03,Paradise_WA,46.783333,-121.733333,0.353,1.6,0.127,2.3,4.6,0.363,0.228,1.5,3.3,7.62,1654,,,,307,0.6203365325927734,0.101,
2023/11/04 00:00,2023-11-04,Paradise_WA,46.783333,-121.733333,0.348,2.3,0.128,2.5,5.6,0.353,0.217,1.9,3.6,7.62,1654,,,,308,0.6203365325927734,0.127,
2023/11/05 00:00,2023-11-05,Paradise_WA,46.783333,-121.733333,0.355,3.1,0.156,4.8,5.2,0.364,0.286,4.1,5.5,5.08,1654,,,,309,0.0,0.128,
2023/11/06 00:00,2023-11-06,Paradise_WA,46.783333,-121.733333,0.35,3.7,0.155,3.8,2.6,0.356,0.23,3.9,3.9,7.62,1654,,,,310,0.0,0.156,
2023/11/07 00:00,2023-11-07,Paradise_WA,46.783333,-121.733333,0.354,3.8,0.178,2.4,0.0,0.358,0.248,3.1,2.1,15.24,1654,,,,311,0.0,0.155,
2023/11/08 00:00,2023-11-08,Paradise_WA,46.783333,-121.733333,0.35,3.7,0.168,1.9,-1.1,0.353,0.231,2.5,1.6,60.96,1654,,,,312,0.0,0.178,
2023/11/09 00:00,2023-11-09,Paradise_WA,46.783333,-121.733333,0.347,3.6,0.165,1.7,0.2,0.351,0.226,2.2,1.4,55.88,1654,272.37208620689654,,0.5066826939582825,313,0.5066826939582825,0.168,
2023/11/10 00:00,2023-11-10,Paradise_WA,46.783333,-121.733333,0.345,3.5,0.162,1.5,-0.4,0.348,0.223,2.0,1.2,55.88,1654,,,,314,0.5066826939582825,0.165,
2023/11/11 00:00,2023-11-11,Paradise_WA,46.783333,-121.733333,0.344,3.4,0.16,1.4,-1.2,0.347,0.22,1.9,1.1,63.5,1654,,,,315,0.5066826939582825,0.162,
2023/11/12 00:00,2023-11-12,Paradise_WA,46.783333,-121.733333,0.351,3.1,0.16,1.4,-0.6,0.356,0.225,1.7,1.1,104.14,1654,,,,316,0.0,0.16,
2023/11/13 00:00,2023-11-13,Paradise_WA,46.783333,-121.733333,0.349,3.0,0.164,1.2,1.8,0.351,0.224,1.6,1.1,111.76,1654,,,,317,0.0,0.16,
2023/11/14 00:00,2023-11-14,Paradise_WA,46.783333,-121.733333,0.35,3.0,0.168,1.1,-0.7,0.352,0.226,1.5,1.0,116.84,1654,,,,318,0.0,0.164,
2023/11/15 00:00,2023-11-15,Paradise_WA,46.783333,-121.733333,0.348,2.9,0.17,1.1,1.7,0.35,0.225,1.4,0.9,116.84,1654,,,,319,0.0,0.168,
2023/11/16 00:00,2023-11-16,Paradise_WA,46.783333,-121.733333,0.348,2.9,0.169,1.0,0.5,0.349,0.224,1.4,0.9,119.38,1654,275.5097767241379,0.19860829555267712,0.1798717975616455,320,0.1798717975616455,0.17,
2023/11/17 00:00,2023-11-17,Paradise_WA,46.783333,-121.733333,0.348,2.8,0.171,1.0,2.5,0.349,0.225,1.4,0.9,116.84,1654,,,,321,0.1798717975616455,0.169,
2023/11/18 00:00,2023-11-18,Paradise_WA,46.783333,-121.733333,0.346,2.8,0.17,1.0,7.2,0.348,0.222,1.4,0.8,114.3,1654,,,,322,0.1798717975616455,0.171,
2023/11/19 00:00,2023-11-19,Paradise_WA,46.783333,-121.733333,0.344,2.8,0.168,1.0,6.4,0.346,0.22,1.3,0.8,114.3,1654,,,,323,0.0,0.17,
2023/11/20 00:00,2023-11-20,Paradise_WA,46.783333,-121.733333,0.351,2.4,0.182,0.9,-3.4,0.355,0.231,1.1,0.8,142.24,1654,,,,324,0.0,0.168,
2023/11/21 00:00,2023-11-21,Paradise_WA,46.783333,-121.733333,0.348,2.5,0.18,0.8,2.9,0.351,0.227,1.1,0.8,142.24,1654,,,,325,0.0,0.182,
2023/11/22 00:00,2023-11-22,Paradise_WA,46.783333,-121.733333,0.346,2.5,0.179,0.8,5.7,0.348,0.225,1.2,0.8,139.7,1654,,,,326,0.0,0.18,
2023/11/23 00:00,2023-11-23,Paradise_WA,46.783333,-121.733333,0.353,1.9,0.195,0.7,0.2,0.361,0.236,0.9,0.7,142.24,1654,275.32284359605916,0.19860829555267712,0.097035251557827,327,0.097035251557827,0.179,
2023/11/24 00:00,2023-11-24,Paradise_WA,46.783333,-121.733333,0.351,2.1,0.19,0.7,-1.3,0.354,0.231,0.9,0.7,142.24,1654,,,,328,0.097035251557827,0.195,
2023/11/25 00:00,2023-11-25,Paradise_WA,46.783333,-121.733333,0.348,2.2,0.185,0.7,-1.1,0.35,0.228,1.0,0.6,137.16,1654,,,,329,0.097035251557827,0.19,
2023/11/26 00:00,2023-11-26,Paradise_WA,46.783333,-121.733333,0.346,2.3,0.178,0.6,3.4,0.348,0.224,1.0,0.5,142.24,1654,,,,330,0.0,0.185,
2023/11/27 00:00,2023-11-27,Paradise_WA,46.783333,-121.733333,0.344,2.3,0.174,0.6,4.7,0.347,0.221,0.9,0.4,149.86,1654,,,,331,0.0,0.178,
2023/11/28 00:00,2023-11-28,Paradise_WA,46.783333,-121.733333,0.342,2.3,0.17,0.5,5.4,0.346,0.218,0.9,0.4,152.4,1654,,,,332,0.0,0.174,
2023/11/29 00:00,2023-11-29,Paradise_WA,46.783333,-121.733333,0.341,2.3,0.168,0.5,0.2,0.345,0.218,0.9,0.4,165.1,1654,,,,333,0.0,0.17,
2023/11/30 00:00,2023-11-30,Paradise_WA,46.783333,-121.733333,0.339,2.3,0.165,0.5,-1.8,0.344,0.215,0.9,0.3,177.8,1654,275.1246689655173,0.17220636873920556,0.7403044700622559,334,0.7403044700622559,0.168,
2023/12/01 00:00,2023-12-01,Paradise_WA,46.783333,-121.733333,0.337,2.2,0.164,0.4,-2.5,0.343,0.214,0.8,0.3,177.8,1654,,,,335,0.7403044700622559,0.165,
2023/12/02 00:00,2023-12-02,Paradise_WA,46.783333,-121.733333,0.337,2.2,0.162,0.4,-3.0,0.343,0.213,0.8,0.3,203.2,1654,,,,336,0.7403044700622559,0.164,
2023/12/03 00:00,2023-12-03,Paradise_WA,46.783333,-121.733333,0.336,2.2,0.161,0.4,-3.7,0.342,0.211,0.8,0.3,261.62,1654,,,,337,0.0,0.162,
2023/12/04 00:00,2023-12-04,Paradise_WA,46.783333,-121.733333,0.355,0.8,0.164,0.4,1.3,0.376,0.226,0.5,0.3,259.08,1654,,,,338,0.0,0.161,
2023/12/05 00:00,2023-12-05,Paradise_WA,46.783333,-121.733333,0.359,0.4,0.178,0.2,5.6,0.38,0.298,0.2,0.2,264.16,1654,,,,339,0.0,0.164,
2023/12/06 00:00,2023-12-06,Paradise_WA,46.783333,-121.733333,0.368,0.2,0.221,0.0,4.9,0.384,0.315,0.0,0.1,281.94,1654,,,,340,0.0,0.178,
2023/12/07 00:00,2023-12-07,Paradise_WA,46.783333,-121.733333,0.361,0.3,0.222,0.0,-0.2,0.366,0.266,0.0,0.1,248.92,1654,273.8844554597701,0.17220636873920556,0.9690223932266235,341,0.9690223932266235,0.221,
2023/12/08 00:00,2023-12-08,Paradise_WA,46.783333,-121.733333,0.355,0.4,0.206,0.0,-4.2,0.356,0.249,0.0,0.1,274.32,1654,,,,342,0.9690223932266235,0.222,
2023/12/09 00:00,2023-12-09,Paradise_WA,46.783333,-121.733333,0.352,0.5,0.202,0.0,-4.7,0.353,0.242,0.1,0.1,297.18,1654,,,,343,0.9690223932266235,0.206,
2023/12/10 00:00,2023-12-10,Paradise_WA,46.783333,-121.733333,0.35,0.6,0.199,0.0,-2.6,0.35,0.239,0.1,0.1,332.74,1654,,,,344,0.0,0.202,
2023/12/11 00:00,2023-12-11,Paradise_WA,46.783333,-121.733333,0.362,0.5,0.219,0.0,2.0,0.372,0.293,0.1,0.1,398.78,1654,,,,345,0.0,0.199,
2023/12/12 00:00,2023-12-12,Paradise_WA,46.783333,-121.733333,0.358,0.5,0.222,0.0,0.7,0.36,0.264,0.1,0.1,391.16,1654,,,,346,0.0,0.219,
2023/12/13 00:00,2023-12-13,Paradise_WA,46.783333,-121.733333,0.354,0.7,0.213,0.0,2.1,0.354,0.251,0.1,0.1,393.7,1654,,,,347,0.0,0.222,
2023/12/14 00:00,2023-12-14,Paradise_WA,46.783333,-121.733333,0.351,0.8,0.208,0.1,4.7,0.351,0.244,0.1,0.1,396.24,1654,274.42795977011497,0.1346259876943005,0.27504807710647583,348,0.27504807710647583,0.213,
2023/12/15 00:00,2023-12-15,Paradise_WA,46.783333,-121.733333,0.35,0.9,0.21,0.1,2.3,0.35,0.241,0.2,0.1,401.32,1654,,,,349,0.27504807710647583,0.208,
2023/12/16 00:00,2023-12-16,Paradise_WA,46.783333,-121.733333,0.351,0.9,0.215,0.1,5.0,0.351,0.246,0.2,0.1,403.86,1654,,,,350,0.27504807710647583,0.21,
2023/12/17 00:00,2023-12-17,Paradise_WA,46.783333,-121.733333,0.35,1.0,0.208,0.1,5.2,0.349,0.241,0.2,0.1,403.86,1654,,,,351,0.0,0.215,
2023/12/18 00:00,2023-12-18,Paradise_WA,46.783333,-121.733333,0.348,1.0,0.205,0.1,8.7,0.348,0.239,0.3,0.1,403.86,1654,,,,352,0.0,0.208,
2023/12/19 00:00,2023-12-19,Paradise_WA,46.783333,-121.733333,0.349,1.1,0.218,0.1,5.7,0.348,0.242,0.3,0.1,401.32,1654,,,,353,0.0,0.205,
2023/12/20 00:00,2023-12-20,Paradise_WA,46.783333,-121.733333,0.362,0.8,0.239,0.1,3.2,0.371,0.301,0.2,0.1,408.94,1654,,,,354,0.0,0.218,
2023/12/21 00:00,2023-12-21,Paradise_WA,46.783333,-121.733333,0.357,0.8,0.228,0.1,4.6,0.358,0.262,0.2,0.1,401.32,1654,271.57052068965515,0.1346259876943005,0.1260576844215393,355,0.1260576844215393,0.239,
2023/12/22 00:00,2023-12-22,Paradise_WA,46.783333,-121.733333,0.353,0.9,0.219,0.1,5.0,0.353,0.252,0.2,0.1,403.86,1654,,,,356,0.1260576844215393,0.228,
2023/12/23 00:00,2023-12-23,Paradise_WA,46.783333,-121.733333,0.352,1.0,0.214,0.1,-4.0,0.351,0.247,0.3,0.2,414.02,1654,,,,357,0.1260576844215393,0.219,
2023/12/24 00:00,2023-12-24,Paradise_WA,46.783333,-121.733333,0.35,1.1,0.211,0.2,-3.2,0.349,0.244,0.3,0.2,424.18,1654,,,,358,0.0,0.214,
2023/12/25 00:00,2023-12-25,Paradise_WA,46.783333,-121.733333,0.348,1.1,0.21,0.2,-3.2,0.348,0.24,0.3,0.2,429.26,1654,,,,359,0.0,0.211,
2023/12/26 00:00,2023-12-26,Paradise_WA,46.783333,-121.733333,0.365,0.6,0.223,0.2,2.3,0.379,0.315,0.3,0.2,447.04,1654,,,,360,0.0,0.21,
2023/12/27 00:00,2023-12-27,Paradise_WA,46.783333,-121.733333,0.359,0.6,0.234,0.1,1.6,0.361,0.271,0.1,0.1,426.72,1654,,,,361,0.0,0.223,
2023/12/28 00:00,2023-12-28,Paradise_WA,46.783333,-121.733333,0.355,0.8,0.228,0.1,2.2,0.355,0.258,0.2,0.1,424.18,1654,268.2461767241379,0.08940362279363699,0.1644551306962967,362,0.1644551306962967,0.234,
2023/12/29 00:00,2023-12-29,Paradise_WA,46.783333,-121.733333,0.358,0.9,0.242,0.1,2.4,0.357,0.268,0.2,0.1,426.72,1654,,,,363,0.1644551306962967,0.228,
2023/12/30 00:00,2023-12-30,Paradise_WA,46.783333,-121.733333,0.359,0.9,0.25,0.1,6.0,0.358,0.276,0.2,0.1,421.64,1654,,,,364,0.1644551306962967,0.242,
2023/12/31 00:00,2023-12-31,Paradise_WA,46.783333,-121.733333,0.361,0.9,0.253,0.1,0.7,0.361,0.283,0.2,0.1,421.64,1654,,,,365,0.0,0.25,
2024/01/01 00:00,2024-01-01,Paradise_WA,46.783333,-121.733333,0.358,0.9,0.24,0.1,-1.5,0.358,0.269,0.2,0.1,426.72,1654,,,,1,0.0,0.253,
2024/01/02 00:00,2024-01-02,Paradise_WA,46.783333,-121.733333,0.355,0.9,0.231,0.1,-0.4,0.354,0.258,0.2,0.1,431.8,1654,,,,2,0.0,0.24,
2024/01/03 00:00,2024-01-03,Paradise_WA,46.783333,-121.733333,0.353,1.0,0.225,0.1,0.0,0.352,0.254,0.3,0.2,439.42,1654,,,,3,0.0,0.231,
2024/01/04 00:00,2024-01-04,Paradise_WA,46.783333,-121.733333,0.351,1.0,0.223,0.1,-1.5,0.35,0.249,0.3,0.2,447.04,1654,270.8243275862069,0.08940362279363699,0.21299679577350616,4,0.21299679577350616,0.225,
2024/01/05 00:00,2024-01-05,Paradise_WA,46.783333,-121.733333,0.35,1.0,0.22,0.2,-1.3,0.349,0.246,0.3,0.2,469.9,1654,,,,5,0.21299679577350616,0.223,
2024/01/06 00:00,2024-01-06,Paradise_WA,46.783333,-121.733333,0.35,1.0,0.225,0.2,-2.8,0.348,0.246,0.3,0.2,477.52,1654,,,,6,0.21299679577350616,0.22,
2024/01/07 00:00,2024-01-07,Paradise_WA,46.783333,-121.733333,0.349,1.1,0.221,0.2,-4.7,0.348,0.245,0.3,0.2,523.24,1654,,,,7,0.0,0.225,
2024/01/08 00:00,2024-01-08,Paradise_WA,46.783333,-121.733333,0.348,1.1,0.219,0.2,-5.8,0.347,0.244,0.3,0.2,533.4,1654,,,,8,0.0,0.221,
2024/01/09 00:00,2024-01-09,Paradise_WA,46.783333,-121.733333,0.346,1.1,0.217,0.2,-0.7,0.346,0.241,0.4,0.2,568.96,1654,,,,9,0.0,0.219,
2024/01/10 00:00,2024-01-10,Paradise_WA,46.783333,-121.733333,0.352,1.1,0.251,0.2,-4.9,0.35,0.262,0.3,0.2,645.16,1654,,,,10,0.0,0.217,
2024/01/11 00:00,2024-01-11,Paradise_WA,46.783333,-121.733333,0.352,1.1,0.239,0.2,-5.8,0.349,0.256,0.3,0.2,685.8,1654,266.543214849921,0.03713378670120899,0.17980769276618958,11,0.17980769276618958,0.251,
2024/01/12 00:00,2024-01-12,Paradise_WA,46.783333,-121.733333,0.35,1.1,0.232,0.2,-8.2,0.348,0.25,0.4,0.2,716.28,1654,,,,12,0.17980769276618958,0.239,
2024/01/13 00:00,2024-01-13,Paradise_WA,46.783333,-121.733333,0.349,1.1,0.227,0.2,-14.6,0.347,0.246,0.4,0.2,721.36,1654,,,,13,0.17980769276618958,0.232,
2024/01/14 00:00,2024-01-14,Paradise_WA,46.783333,-121.733333,0.347,1.2,0.225,0.2,-13.1,0.347,0.245,0.4,0.2,728.98,1654,,,,14,0.0,0.227,
2024/01/15 00:00,2024-01-15,Paradise_WA,46.783333,-121.733333,0.346,1.2,0.222,0.2,-5.7,0.346,0.242,0.4,0.2,731.52,1654,,,,15,0.0,0.225,
2024/01/16 00:00,2024-01-16,Paradise_WA,46.783333,-121.733333,0.346,1.2,0.22,0.2,-5.5,0.345,0.24,0.4,0.2,731.52,1654,,,,16,0.0,0.222,
2024/01/17 00:00,2024-01-17,Paradise_WA,46.783333,-121.733333,0.345,1.2,0.219,0.2,0.5,0.345,0.239,0.4,0.2,734.06,1654,,,,17,0.0,0.22,
2024/01/18 00:00,2024-01-18,Paradise_WA,46.783333,-121.733333,0.344,1.2,0.218,0.2,-4.4,0.344,0.238,0.4,0.2,774.7,1654,266.66002369668246,0.03713378670120899,0.3488461375236511,18,0.3488461375236511,0.219,
2024/01/19 00:00,2024-01-19,Paradise_WA,46.783333,-121.733333,0.344,1.2,0.218,0.2,-5.3,0.344,0.237,0.4,0.2,802.64,1654,,,,19,0.3488461375236511,0.218,
2024/01/20 00:00,2024-01-20,Paradise_WA,46.783333,-121.733333,0.345,1.2,0.247,0.2,3.6,0.344,0.243,0.4,0.2,843.28,1654,,,,20,0.3488461375236511,0.218,
2024/01/21 00:00,2024-01-21,Paradise_WA,46.783333,-121.733333,0.345,1.2,0.239,0.2,1.1,0.346,0.245,0.4,0.2,838.2,1654,,,,21,0.0,0.247,
2024/01/22 00:00,2024-01-22,Paradise_WA,46.783333,-121.733333,0.346,1.2,0.234,0.2,0.7,0.345,0.244,0.4,0.2,861.06,1654,,,,22,0.0,0.239,
2024/01/23 00:00,2024-01-23,Paradise_WA,46.783333,-121.733333,0.347,1.2,0.257,0.2,0.4,0.346,0.248,0.4,0.2,886.46,1654,,,,23,0.0,0.234,
2024/01/24 00:00,2024-01-24,Paradise_WA,46.783333,-121.733333,0.348,1.2,0.253,0.2,0.0,0.347,0.252,0.4,0.2,894.08,1654,,,,24,0.0,0.257,
2024/01/25 00:00,2024-01-25,Paradise_WA,46.783333,-121.733333,0.348,1.2,0.249,0.2,0.2,0.348,0.252,0.4,0.2,909.32,1654,265.1,,0.618878185749054,25,0.618878185749054,0.253,
2024/01/26 00:00,2024-01-26,Paradise_WA,46.783333,-121.733333,0.348,1.2,0.244,0.2,-0.4,0.347,0.251,0.4,0.2,932.18,1654,,,,26,0.618878185749054,0.249,
2024/01/27 00:00,2024-01-27,Paradise_WA,46.783333,-121.733333,0.348,1.2,0.241,0.2,1.2,0.347,0.249,0.4,0.2,934.72,1654,,,,27,0.618878185749054,0.244,
2024/01/28 00:00,2024-01-28,Paradise_WA,46.783333,-121.733333,0.367,0.5,0.3,0.1,5.2,0.379,0.34,0.1,0.1,962.66,1654,,,,28,0.0,0.241,
2024/01/29 00:00,2024-01-29,Paradise_WA,46.783333,-121.733333,0.368,0.3,0.303,0.0,5.8,0.376,0.338,0.0,0.1,934.72,1654,,,,29,0.0,0.3,
2024/01/30 00:00,2024-01-30,Paradise_WA,46.783333,-121.733333,0.364,0.4,0.296,0.0,10.9,0.365,0.313,0.0,0.1,909.32,1654,,,,30,0.0,0.303,
2024/01/31 00:00,2024-01-31,Paradise_WA,46.783333,-121.733333,0.367,0.4,0.304,0.0,6.5,0.37,0.332,0.0,0.1,901.7,1654,,,,31,0.0,0.296,
2024/02/01 00:00,2024-02-01,Paradise_WA,46.783333,-121.733333,0.368,0.3,0.308,0.0,2.8,0.375,0.34,0.0,0.1,906.78,1654,270.08594827586205,0.06120577396249114,0.39945513010025024,32,0.39945513010025024,0.304,
2024/02/02 00:00,2024-02-02,Paradise_WA,46.783333,-121.733333,0.365,0.3,0.292,0.0,1.5,0.366,0.311,0.0,0.1,886.46,1654,,,,33,0.39945513010025024,0.308,
2024/02/03 00:00,2024-02-03,Paradise_WA,46.783333,-121.733333,0.361,0.4,0.274,0.0,0.1,0.359,0.29,0.0,0.1,878.84,1654,,,,34,0.39945513010025024,0.292,
2024/02/04 00:00,2024-02-04,Paradise_WA,46.783333,-121.733333,0.358,0.5,0.263,0.0,-1.5,0.356,0.278,0.0,0.1,881.38,1654,,,,35,0.0,0.274,
2024/02/05 00:00,2024-02-05,Paradise_WA,46.783333,-121.733333,0.356,0.5,0.257,0.0,-0.8,0.353,0.271,0.1,0.1,883.92,1654,,,,36,0.0,0.263,
2024/02/06 00:00,2024-02-06,Paradise_WA,46.783333,-121.733333,0.354,0.6,0.252,0.0,-0.1,0.352,0.266,0.1,0.1,889.0,1654,,,,37,0.0,0.257,
2024/02/07 00:00,2024-02-07,Paradise_WA,46.783333,-121.733333,0.353,0.6,0.249,0.0,-2.0,0.351,0.263,0.1,0.1,904.24,1654,,,,38,0.0,0.252,
2024/02/08 00:00,2024-02-08,Paradise_WA,46.783333,-121.733333,0.352,0.6,0.246,0.0,-2.9,0.35,0.26,0.1,0.1,906.78,1654,270.33778017241383,0.06120577396249114,0.14115384221076965,39,0.14115384221076965,0.249,
2024/02/09 00:00,2024-02-09,Paradise_WA,46.783333,-121.733333,0.351,0.7,0.244,0.1,-4.2,0.349,0.258,0.1,0.1,916.94,1654,,,,40,0.14115384221076965,0.246,
2024/02/10 00:00,2024-02-10,Paradise_WA,46.783333,-121.733333,0.35,0.7,0.242,0.1,-2.8,0.348,0.256,0.1,0.1,929.64,1654,,,,41,0.14115384221076965,0.244,
2024/02/11 00:00,2024-02-11,Paradise_WA,46.783333,-121.733333,0.35,0.7,0.24,0.1,-0.2,0.348,0.255,0.2,0.1,932.18,1654,,,,42,0.0,0.242,
2024/02/12 00:00,2024-02-12,Paradise_WA,46.783333,-121.733333,0.349,0.8,0.24,0.1,-0.4,0.347,0.253,0.2,0.1,947.42,1654,,,,43,0.0,0.24,
2024/02/13 00:00,2024-02-13,Paradise_WA,46.783333,-121.733333,0.348,0.8,0.238,0.1,-0.3,0.347,0.253,0.2,0.1,977.9,1654,,,,44,0.0,0.24,
2024/02/14 00:00,2024-02-14,Paradise_WA,46.783333,-121.733333,0.348,0.8,0.238,0.1,-0.4,0.346,0.251,0.2,0.1,980.44,1654,,,,45,0.0,0.238,
2024/02/15 00:00,2024-02-15,Paradise_WA,46.783333,-121.733333,0.347,0.8,0.236,0.1,-6.7,0.346,0.25,0.2,0.1,985.52,1654,269.3548333333333,0.07050190522452504,0.2035096138715744,46,0.2035096138715744,0.238,
2024/02/16 00:00,2024-02-16,Paradise_WA,46.783333,-121.733333,0.347,0.8,0.235,0.1,-2.5,0.346,0.249,0.2,0.1,1003.3,1654,,,,47,0.2035096138715744,0.236,
2024/02/17 00:00,2024-02-17,Paradise_WA,46.783333,-121.733333,0.346,0.8,0.234,0.1,-4.8,0.345,0.248,0.2,0.2,1008.38,1654,,,,48,0.2035096138715744,0.235,
2024/02/18 00:00,2024-02-18,Paradise_WA,46.783333,-121.733333,0.346,0.9,0.234,0.1,-2.8,0.345,0.247,0.2,0.2,1013.46,1654,,,,49,0.0,0.234,
2024/02/19 00:00,2024-02-19,Paradise_WA,46.783333,-121.733333,0.346,0.9,0.233,0.1,0.5,0.345,0.246,0.2,0.2,1028.7,1654,,,,50,0.0,0.234,
2024/02/20 00:00,2024-02-20,Paradise_WA,46.783333,-121.733333,0.345,0.9,0.233,0.1,1.3,0.344,0.246,0.2,0.2,1031.24,1654,,,,51,0.0,0.233,
2024/02/21 00:00,2024-02-21,Paradise_WA,46.783333,-121.733333,0.345,0.9,0.232,0.1,0.0,0.344,0.245,0.2,0.2,1046.48,1654,,,,52,0.0,0.233,
2024/02/22 00:00,2024-02-22,Paradise_WA,46.783333,-121.733333,0.345,0.9,0.232,0.1,-0.4,0.344,0.245,0.3,0.2,1059.18,1654,270.5419856321839,0.07050190522452504,0.22262820601463318,53,0.22262820601463318,0.232,
2024/02/23 00:00,2024-02-23,Paradise_WA,46.783333,-121.733333,0.344,0.9,0.232,0.1,1.6,0.344,0.244,0.3,0.2,1064.26,1654,,,,54,0.22262820601463318,0.232,
2024/02/24 00:00,2024-02-24,Paradise_WA,46.783333,-121.733333,0.344,0.9,0.231,0.1,2.7,0.344,0.244,0.3,0.2,1069.34,1654,,,,55,0.22262820601463318,0.232,
2024/02/25 00:00,2024-02-25,Paradise_WA,46.783333,-121.733333,0.344,0.9,0.231,0.1,-0.1,0.343,0.244,0.3,0.2,1071.88,1654,,,,56,0.0,0.231,
2024/02/26 00:00,2024-02-26,Paradise_WA,46.783333,-121.733333,0.343,0.9,0.231,0.1,-1.2,0.343,0.243,0.3,0.2,1112.52,1654,,,,57,0.0,0.231,
2024/02/27 00:00,2024-02-27,Paradise_WA,46.783333,-121.733333,0.343,0.9,0.23,0.1,-6.9,0.343,0.243,0.3,0.2,1153.16,1654,,,,58,0.0,0.231,
2024/02/28 00:00,2024-02-28,Paradise_WA,46.783333,-121.733333,0.343,0.9,0.23,0.1,-4.7,0.343,0.241,0.3,0.2,1165.86,1654,,,,59,0.0,0.23,
2024/02/29 00:00,2024-02-29,Paradise_WA,46.783333,-121.733333,0.343,0.9,0.23,0.2,-0.1,0.343,0.242,0.3,0.2,1211.58,1654,270.5705603448276,0.08374535837651124,0.36395832896232605,60,0.36395832896232605,0.23,
2024/03/01 00:00,2024-03-01,Paradise_WA,46.783333,-121.733333,0.343,0.9,0.229,0.2,-5.0,0.343,0.241,0.3,0.2,1249.68,1654,,,,61,0.36395832896232605,0.23,
2024/03/02 00:00,2024-03-02,Paradise_WA,46.783333,-121.733333,0.343,0.9,0.229,0.2,-4.4,0.343,0.241,0.3,0.2,1275.08,1654,,,,62,0.36395832896232605,0.229,
2024/03/03 00:00,2024-03-03,Paradise_WA,46.783333,-121.733333,0.342,0.9,0.229,0.2,-5.9,0.343,0.241,0.3,0.2,1285.24,1654,,,,63,0.0,0.229,
2024/03/04 00:00,2024-03-04,Paradise_WA,46.783333,-121.733333,0.342,1.0,0.228,0.2,-5.7,0.342,0.241,0.3,0.2,1303.02,1654,,,,64,0.0,0.229,
2024/03/05 00:00,2024-03-05,Paradise_WA,46.783333,-121.733333,0.342,1.0,0.228,0.2,-4.0,0.342,0.24,0.3,0.2,1318.26,1654,,,,65,0.0,0.228,
2024/03/06 00:00,2024-03-06,Paradise_WA,46.783333,-121.733333,0.342,1.0,0.228,0.2,-5.7,0.342,0.24,0.3,0.2,1323.34,1654,,,,66,0.0,0.228,
2024/03/07 00:00,2024-03-07,Paradise_WA,46.783333,-121.733333,0.341,1.0,0.228,0.2,-4.5,0.342,0.239,0.3,0.2,1323.34,1654,266.98795689655174,0.08374535837651124,0.21629807353019714,67,0.21629807353019714,0.228,
2024/03/08 00:00,2024-03-08,Paradise_WA,46.783333,-121.733333,0.341,1.0,0.227,0.2,-0.6,0.342,0.239,0.3,0.2,1325.88,1654,,,,68,0.21629807353019714,0.228,
2024/03/09 00:00,2024-03-09,Paradise_WA,46.783333,-121.733333,0.341,1.0,0.227,0.2,2.7,0.341,0.238,0.3,0.2,1330.96,1654,,,,69,0.21629807353019714,0.227,
2024/03/10 00:00,2024-03-10,Paradise_WA,46.783333,-121.733333,0.341,1.0,0.228,0.2,-2.6,0.341,0.238,0.3,0.2,1341.12,1654,,,,70,0.0,0.227,
2024/03/11 00:00,2024-03-11,Paradise_WA,46.783333,-121.733333,0.34,1.0,0.228,0.2,-2.4,0.341,0.238,0.3,0.2,1366.52,1654,,,,71,0.0,0.228,
2024/03/12 00:00,2024-03-12,Paradise_WA,46.783333,-121.733333,0.341,1.0,0.228,0.2,-2.0,0.341,0.238,0.3,0.2,1381.76,1654,,,,72,0.0,0.228,
2024/03/13 00:00,2024-03-13,Paradise_WA,46.783333,-121.733333,0.34,1.0,0.227,0.2,-4.4,0.341,0.238,0.3,0.2,1409.7,1654,,,,73,0.0,0.228,
2024/03/14 00:00,2024-03-14,Paradise_WA,46.783333,-121.733333,0.341,1.0,0.228,0.2,-2.0,0.341,0.238,0.3,0.2,1419.86,1654,278.6501379310345,,0.21552884578704834,74,0.21552884578704834,0.227,
2024/03/15 00:00,2024-03-15,Paradise_WA,46.783333,-121.733333,0.34,1.0,0.227,0.2,3.0,0.341,0.238,0.3,0.2,1422.4,1654,,,,75,0.21552884578704834,0.228,
2024/03/16 00:00,2024-03-16,Paradise_WA,46.783333,-121.733333,0.34,1.0,0.227,0.2,11.0,0.341,0.237,0.3,0.2,1412.24,1654,,,,76,0.21552884578704834,0.227,
2024/03/17 00:00,2024-03-17,Paradise_WA,46.783333,-121.733333,0.34,1.0,0.228,0.2,11.6,0.341,0.238,0.3,0.2,1422.4,1654,,,,77,0.0,0.227,
2024/03/18 00:00,2024-03-18,Paradise_WA,46.783333,-121.733333,0.341,1.0,0.231,0.2,11.0,0.342,0.24,0.3,0.2,1409.7,1654,,,,78,0.0,0.228,
2024/03/19 00:00,2024-03-19,Paradise_WA,46.783333,-121.733333,0.341,1.0,0.233,0.2,13.0,0.343,0.24,0.3,0.2,1404.62,1654,,,,79,0.0,0.231,
2024/03/20 00:00,2024-03-20,Paradise_WA,46.783333,-121.733333,0.342,1.0,0.235,0.2,10.0,0.343,0.241,0.3,0.2,1399.54,1654,,,,80,0.0,0.233,
2024/03/21 00:00,2024-03-21,Paradise_WA,46.783333,-121.733333,0.342,1.0,0.236,0.2,1.1,0.343,0.243,0.3,0.2,1394.46,1654,280.07937729885055,0.07479897992227981,0.14209935069084167,81,0.14209935069084167,0.235,
2024/03/22 00:00,2024-03-22,Paradise_WA,46.783333,-121.733333,0.343,1.0,0.237,0.2,1.7,0.344,0.243,0.3,0.2,1394.46,1654,,,,82,0.14209935069084167,0.236,
2024/03/23 00:00,2024-03-23,Paradise_WA,46.783333,-121.733333,0.343,1.0,0.239,0.1,4.4,0.344,0.244,0.3,0.2,1397.0,1654,,,,83,0.14209935069084167,0.237,
2024/03/24 00:00,2024-03-24,Paradise_WA,46.783333,-121.733333,0.344,0.9,0.242,0.1,2.2,0.344,0.245,0.3,0.2,1404.62,1654,,,,84,0.0,0.239,
2024/03/25 00:00,2024-03-25,Paradise_WA,46.783333,-121.733333,0.343,0.9,0.243,0.1,0.5,0.344,0.246,0.3,0.2,1399.54,1654,,,,85,0.0,0.242,
2024/03/26 00:00,2024-03-26,Paradise_WA,46.783333,-121.733333,0.344,0.9,0.242,0.1,-0.9,0.344,0.246,0.3,0.2,1399.54,1654,,,,86,0.0,0.243,
2024/03/27 00:00,2024-03-27,Paradise_WA,46.783333,-121.733333,0.344,0.9,0.242,0.1,-0.2,0.344,0.246,0.3,0.2,1409.7,1654,,,,87,0.0,0.242,
2024/03/28 00:00,2024-03-28,Paradise_WA,46.783333,-121.733333,0.343,0.9,0.241,0.1,-0.3,0.344,0.246,0.3,0.2,1432.56,1654,276.09172413793107,,0.184807687997818,88,0.184807687997818,0.242,
2024/03/29 00:00,2024-03-29,Paradise_WA,46.783333,-121.733333,0.344,0.9,0.24,0.1,-1.0,0.344,0.246,0.3,0.2,1445.26,1654,,,,89,0.184807687997818,0.241,
2024/03/30 00:00,2024-03-30,Paradise_WA,46.783333,-121.733333,0.343,0.9,0.239,0.1,1.7,0.344,0.245,0.3,0.2,1447.8,1654,,,,90,0.184807687997818,0.24,
2024/03/31 00:00,2024-03-31,Paradise_WA,46.783333,-121.733333,0.343,0.9,0.238,0.1,2.7,0.344,0.245,0.3,0.2,1450.34,1654,,,,91,0.0,0.239,
2024/04/01 00:00,2024-04-01,Paradise_WA,46.783333,-121.733333,0.343,0.9,0.238,0.1,3.0,0.343,0.245,0.3,0.2,1445.26,1654,,,,92,0.0,0.238,
2024/04/02 00:00,2024-04-02,Paradise_WA,46.783333,-121.733333,0.343,0.9,0.237,0.1,8.5,0.344,0.245,0.3,0.2,1442.72,1654,,,,93,0.0,0.238,
2024/04/03 00:00,2024-04-03,Paradise_WA,46.783333,-121.733333,0.344,0.9,0.238,0.1,9.9,0.343,0.245,0.3,0.2,1440.18,1654,,,,94,0.0,0.237,
2024/04/04 00:00,2024-04-04,Paradise_WA,46.783333,-121.733333,0.344,0.9,0.241,0.1,-2.0,0.344,0.246,0.3,0.2,1450.34,1654,276.1015629310345,0.08081318005181348,0.14435897767543793,95,0.14435897767543793,0.238,
2024/04/05 00:00,2024-04-05,Paradise_WA,46.783333,-121.733333,0.344,0.9,0.241,0.1,-2.2,0.344,0.246,0.3,0.2,1442.72,1654,,,,96,0.14435897767543793,0.241,
2024/04/06 00:00,2024-04-06,Paradise_WA,46.783333,-121.733333,0.344,0.9,0.24,0.1,-1.8,0.344,0.246,0.3,0.2,1445.26,1654,,,,97,0.14435897767543793,0.241,
2024/04/07 00:00,2024-04-07,Paradise_WA,46.783333,-121.733333,0.344,0.9,0.241,0.1,-1.8,0.344,0.245,0.3,0.2,1463.04,1654,,,,98,0.0,0.24,
2024/04/08 00:00,2024-04-08,Paradise_WA,46.783333,-121.733333,0.344,0.9,0.24,0.1,-0.3,0.344,0.246,0.3,0.2,1465.58,1654,,,,99,0.0,0.241,
2024/04/09 00:00,2024-04-09,Paradise_WA,46.783333,-121.733333,0.343,0.9,0.24,0.1,-0.3,0.344,0.246,0.3,0.2,1475.74,1654,,,,100,0.0,0.24,
2024/04/10 00:00,2024-04-10,Paradise_WA,46.783333,-121.733333,0.344,0.9,0.24,0.1,2.1,0.344,0.245,0.3,0.2,1506.22,1654,,,,101,0.0,0.24,
2024/04/11 00:00,2024-04-11,Paradise_WA,46.783333,-121.733333,0.343,0.9,0.239,0.1,5.9,0.344,0.246,0.3,0.2,1493.52,1654,277.6069252873563,0.08081318005181348,0.09641025215387344,102,0.09641025215387344,0.24,
2024/04/12 00:00,2024-04-12,Paradise_WA,46.783333,-121.733333,0.344,0.9,0.241,0.1,5.0,0.344,0.246,0.3,0.2,1496.06,1654,,,,103,0.09641025215387344,0.239,
2024/04/13 00:00,2024-04-13,Paradise_WA,46.783333,-121.733333,0.344,0.9,0.24,0.1,7.7,0.344,0.246,0.3,0.2,1498.6,1654,,,,104,0.09641025215387344,0.241,
2024/04/14 00:00,2024-04-14,Paradise_WA,46.783333,-121.733333,0.344,0.9,0.241,0.1,10.8,0.344,0.247,0.3,0.2,1498.6,1654,,,,105,0.0,0.24,
2024/04/15 00:00,2024-04-15,Paradise_WA,46.783333,-121.733333,0.344,0.9,0.244,0.1,8.2,0.345,0.248,0.2,0.2,1501.14,1654,,,,106,0.0,0.241,
2024/04/16 00:00,2024-04-16,Paradise_WA,46.783333,-121.733333,0.345,0.9,0.246,0.1,1.6,0.345,0.248,0.2,0.2,1490.98,1654,,,,107,0.0,0.244,
2024/04/17 00:00,2024-04-17,Paradise_WA,46.783333,-121.733333,0.345,0.9,0.246,0.1,-0.9,0.345,0.249,0.2,0.1,1478.28,1654,,,,108,0.0,0.246,
2024/04/18 00:00,2024-04-18,Paradise_WA,46.783333,-121.733333,0.345,0.9,0.247,0.1,4.2,0.345,0.249,0.2,0.1,1475.74,1654,278.1646573275862,0.06266310988773749,0.0686698704957962,109,0.0686698704957962,0.246,
2024/04/19 00:00,2024-04-19,Paradise_WA,46.783333,-121.733333,0.345,0.8,0.248,0.1,5.1,0.345,0.249,0.2,0.1,1475.74,1654,,,,110,0.0686698704957962,0.247,
2024/04/20 00:00,2024-04-20,Paradise_WA,46.783333,-121.733333,0.345,0.8,0.248,0.1,4.9,0.345,0.25,0.2,0.1,1473.2,1654,,,,111,0.0686698704957962,0.248,
2024/04/21 00:00,2024-04-21,Paradise_WA,46.783333,-121.733333,0.345,0.8,0.249,0.1,4.4,0.345,0.25,0.2,0.1,1473.2,1654,,,,112,0.0,0.248,
2024/04/22 00:00,2024-04-22,Paradise_WA,46.783333,-121.733333,0.346,0.8,0.25,0.1,0.4,0.345,0.25,0.2,0.1,1480.82,1654,,,,113,0.0,0.249,
2024/04/23 00:00,2024-04-23,Paradise_WA,46.783333,-121.733333,0.345,0.8,0.25,0.1,8.0,0.345,0.251,0.2,0.1,1480.82,1654,,,,114,0.0,0.25,
2024/04/24 00:00,2024-04-24,Paradise_WA,46.783333,-121.733333,0.346,0.8,0.252,0.1,10.5,0.346,0.251,0.2,0.1,1475.74,1654,,,,115,0.0,0.25,
2024/04/25 00:00,2024-04-25,Paradise_WA,46.783333,-121.733333,0.346,0.8,0.254,0.1,2.2,0.346,0.251,0.2,0.1,1478.28,1654,278.0563591954023,0.06266310988773749,0.1386858969926834,116,0.1386858969926834,0.252,
2024/04/26 00:00,2024-04-26,Paradise_WA,46.783333,-121.733333,0.346,0.8,0.256,0.1,1.5,0.346,0.253,0.2,0.1,1501.14,1654,,,,117,0.1386858969926834,0.254,
2024/04/27 00:00,2024-04-27,Paradise_WA,46.783333,-121.733333,0.346,0.8,0.258,0.1,3.3,0.346,0.253,0.2,0.1,1485.9,1654,,,,118,0.1386858969926834,0.256,
2024/04/28 00:00,2024-04-28,Paradise_WA,46.783333,-121.733333,0.347,0.8,0.26,0.1,0.0,0.346,0.255,0.2,0.1,1480.82,1654,,,,119,0.0,0.258,
2024/04/29 00:00,2024-04-29,Paradise_WA,46.783333,-121.733333,0.347,0.8,0.259,0.1,-0.8,0.346,0.254,0.2,0.1,1478.28,1654,,,,120,0.0,0.26,
2024/04/30 00:00,2024-04-30,Paradise_WA,46.783333,-121.733333,0.347,0.8,0.257,0.1,-1.8,0.346,0.253,0.2,0.1,1490.98,1654,,,,121,0.0,0.259,
2024/05/01 00:00,2024-05-01,Paradise_WA,46.783333,-121.733333,0.347,0.8,0.255,0.1,-1.5,0.345,0.253,0.2,0.1,1496.06,1654,,,,122,0.0,0.257,
2024/05/02 00:00,2024-05-02,Paradise_WA,46.783333,-121.733333,0.346,0.8,0.254,0.1,1.6,0.345,0.253,0.2,0.1,1503.68,1654,277.6858563218391,0.07362747733160625,0.16557691991329193,123,0.16557691991329193,0.255,
2024/05/03 00:00,2024-05-03,Paradise_WA,46.783333,-121.733333,0.346,0.8,0.251,0.1,5.2,0.345,0.253,0.2,0.1,1501.14,1654,,,,124,0.16557691991329193,0.254,
2024/05/04 00:00,2024-05-04,Paradise_WA,46.783333,-121.733333,0.346,0.8,0.251,0.1,7.4,0.345,0.252,0.2,0.1,1496.06,1654,,,,125,0.16557691991329193,0.251,
2024/05/05 00:00,2024-05-05,Paradise_WA,46.783333,-121.733333,0.347,0.8,0.258,0.1,4.8,0.346,0.254,0.2,0.1,1536.7,1654,,,,126,0.0,0.251,
2024/05/06 00:00,2024-05-06,Paradise_WA,46.783333,-121.733333,0.347,0.8,0.262,0.1,-0.1,0.346,0.255,0.2,0.1,1534.16,1654,,,,127,0.0,0.258,
2024/05/07 00:00,2024-05-07,Paradise_WA,46.783333,-121.733333,0.347,0.8,0.259,0.1,-0.6,0.346,0.255,0.2,0.1,1539.24,1654,,,,128,0.0,0.262,
2024/05/08 00:00,2024-05-08,Paradise_WA,46.783333,-121.733333,0.347,0.7,0.258,0.1,0.6,0.346,0.254,0.2,0.1,1544.32,1654,,,,129,0.0,0.259,
2024/05/09 00:00,2024-05-09,Paradise_WA,46.783333,-121.733333,0.347,0.7,0.256,0.1,7.5,0.346,0.254,0.2,0.1,1546.86,1654,284.31807844827586,0.07362747733160625,0.1147756353020668,130,0.1147756353020668,0.258,
2024/05/10 00:00,2024-05-10,Paradise_WA,46.783333,-121.733333,0.347,0.7,0.259,0.1,14.1,0.346,0.254,0.2,0.1,1549.4,1654,,,,131,0.1147756353020668,0.256,
2024/05/11 00:00,2024-05-11,Paradise_WA,46.783333,-121.733333,0.347,0.7,0.265,0.1,16.0,0.346,0.256,0.2,0.1,1539.24,1654,,,,132,0.1147756353020668,0.259,
2024/05/12 00:00,2024-05-12,Paradise_WA,46.783333,-121.733333,0.348,0.7,0.275,0.1,15.9,0.347,0.257,0.2,0.1,1518.92,1654,,,,133,0.0,0.265,
2024/05/13 00:00,2024-05-13,Paradise_WA,46.783333,-121.733333,0.352,0.7,0.352,0.1,14.8,0.348,0.266,0.2,0.1,1508.76,1654,,,,134,0.0,0.275,
2024/05/14 00:00,2024-05-14,Paradise_WA,46.783333,-121.733333,0.356,0.7,0.357,0.0,7.9,0.35,0.279,0.1,0.1,1488.44,1654,,,,135,0.0,0.352,
2024/05/15 00:00,2024-05-15,Paradise_WA,46.783333,-121.733333,0.356,0.6,0.376,0.0,11.9,0.351,0.285,0.1,0.0,1460.5,1654,,,,136,0.0,0.357,
2024/05/16 00:00,2024-05-16,Paradise_WA,46.783333,-121.733333,0.358,0.6,0.379,0.0,12.8,0.353,0.331,0.1,0.0,1442.72,1654,285.14137787356316,,0.13844551146030426,137,0.13844551146030426,0.376,
2024/05/17 00:00,2024-05-17,Paradise_WA,46.783333,-121.733333,0.361,0.5,0.379,0.0,5.5,0.354,0.35,0.1,0.0,1414.78,1654,,,,138,0.13844551146030426,0.379,
2024/05/18 00:00,2024-05-18,Paradise_WA,46.783333,-121.733333,0.359,0.5,0.352,0.0,3.2,0.354,0.314,0.1,0.1,1397.0,1654,,,,139,0.13844551146030426,0.379,
2024/05/19 00:00,2024-05-19,Paradise_WA,46.783333,-121.733333,0.359,0.5,0.342,0.0,-0.1,0.353,0.308,0.1,0.1,1384.3,1654,,,,140,0.0,0.352,
2024/05/20 00:00,2024-05-20,Paradise_WA,46.783333,-121.733333,0.358,0.5,0.327,0.0,3.4,0.353,0.304,0.1,0.1,1399.54,1654,,,,141,0.0,0.342,
2024/05/21 00:00,2024-05-21,Paradise_WA,46.783333,-121.733333,0.357,0.5,0.341,0.0,4.9,0.351,0.296,0.1,0.1,1389.38,1654,,,,142,0.0,0.327,
2024/05/22 00:00,2024-05-22,Paradise_WA,46.783333,-121.733333,0.361,0.5,0.38,0.0,1.6,0.354,0.371,0.1,0.1,1414.78,1654,,,,143,0.0,0.341,
2024/05/23 00:00,2024-05-23,Paradise_WA,46.783333,-121.733333,0.362,0.5,0.339,0.0,1.3,0.356,0.324,0.0,0.1,1414.78,1654,,0.11878938903281526,0.19732370972633362,144,0.19732370972633362,0.38,
2024/05/24 00:00,2024-05-24,Paradise_WA,46.783333,-121.733333,0.359,0.5,0.32,0.0,4.8,0.353,0.302,0.1,0.1,1394.46,1654,,,,145,0.19732370972633362,0.339,
2024/05/25 00:00,2024-05-25,Paradise_WA,46.783333,-121.733333,0.361,0.5,0.37,0.0,3.0,0.354,0.319,0.1,0.1,1391.92,1654,,,,146,0.19732370972633362,0.32,
2024/05/26 00:00,2024-05-26,Paradise_WA,46.783333,-121.733333,0.361,0.5,0.36,0.0,0.3,0.355,0.322,0.0,0.1,1386.84,1654,,,,147,0.0,0.37,
2024/05/27 00:00,2024-05-27,Paradise_WA,46.783333,-121.733333,0.361,0.5,0.339,0.0,4.6,0.355,0.315,0.0,0.1,1376.68,1654,,,,148,0.0,0.36,
2024/05/28 00:00,2024-05-28,Paradise_WA,46.783333,-121.733333,0.368,0.5,0.382,0.0,11.9,0.361,0.382,0.0,0.0,1363.98,1654,,,,149,0.0,0.339,
2024/05/29 00:00,2024-05-29,Paradise_WA,46.783333,-121.733333,0.366,0.4,0.371,0.0,2.1,0.363,0.352,0.0,0.0,1361.44,1654,,,,150,0.0,0.382,
2024/05/30 00:00,2024-05-30,Paradise_WA,46.783333,-121.733333,0.363,0.4,0.335,0.0,1.1,0.359,0.319,0.0,0.1,1348.74,1654,280.8965948275862,0.11878938903281526,0.29169872403144836,151,0.29169872403144836,0.371,
2024/05/31 00:00,2024-05-31,Paradise_WA,46.783333,-121.733333,0.364,0.4,0.372,0.0,5.6,0.359,0.329,0.0,0.0,1338.58,1654,,,,152,0.29169872403144836,0.335,
2024/06/01 00:00,2024-06-01,Paradise_WA,46.783333,-121.733333,0.37,0.4,0.381,0.0,14.4,0.367,0.376,0.0,0.0,1320.8,1654,,,,153,0.29169872403144836,0.372,
2024/06/02 00:00,2024-06-02,Paradise_WA,46.783333,-121.733333,0.367,0.4,0.369,0.0,7.0,0.365,0.351,0.0,0.0,1308.1,1654,,,,154,0.0,0.381,
2024/06/03 00:00,2024-06-03,Paradise_WA,46.783333,-121.733333,0.373,0.3,0.381,-0.1,5.0,0.377,0.377,0.0,0.0,1305.56,1654,,,,155,0.0,0.369,
2024/06/04 00:00,2024-06-04,Paradise_WA,46.783333,-121.733333,0.369,0.3,0.358,-0.1,0.8,0.367,0.348,0.0,0.0,1297.94,1654,,,,156,0.0,0.381,
2024/06/05 00:00,2024-06-05,Paradise_WA,46.783333,-121.733333,0.375,0.3,0.379,-0.1,5.0,0.376,0.379,0.0,0.0,1287.78,1654,,,,157,0.0,0.358,
2024/06/06 00:00,2024-06-06,Paradise_WA,46.783333,-121.733333,0.383,0.3,0.384,-0.1,11.5,0.38,0.383,-0.1,0.0,1249.68,1654,285.4002163382595,0.13802359132124353,0.19427883625030518,158,0.19427883625030518,0.379,
2024/06/07 00:00,2024-06-07,Paradise_WA,46.783333,-121.733333,0.385,0.2,0.385,-0.1,15.4,0.381,0.387,-0.1,0.0,1216.66,1654,,,,159,0.19427883625030518,0.384,
2024/06/08 00:00,2024-06-08,Paradise_WA,46.783333,-121.733333,0.386,0.2,0.386,-0.1,19.5,0.381,0.39,-0.1,0.1,1176.02,1654,,,,160,0.19427883625030518,0.385,
2024/06/09 00:00,2024-06-09,Paradise_WA,46.783333,-121.733333,0.38,0.2,0.372,0.0,16.5,0.378,0.382,0.0,0.8,1143.0,1654,,,,161,0.0,0.386,
2024/06/10 00:00,2024-06-10,Paradise_WA,46.783333,-121.733333,0.386,0.3,0.367,0.1,15.2,0.381,0.386,0.0,4.6,1097.28,1654,,,,162,0.0,0.372,
2024/06/11 00:00,2024-06-11,Paradise_WA,46.783333,-121.733333,0.385,0.3,0.351,1.4,16.2,0.38,0.379,0.2,9.9,1061.72,1654,,,,163,0.0,0.367,
2024/06/12 00:00,2024-06-12,Paradise_WA,46.783333,-121.733333,0.381,0.5,0.323,4.4,10.6,0.378,0.363,0.9,11.5,1028.7,1654,,,,164,0.0,0.351,
2024/06/13 00:00,2024-06-13,Paradise_WA,46.783333,-121.733333,0.378,0.8,0.295,7.0,11.4,0.376,0.342,2.1,12.4,1008.38,1654,286.5284787356322,0.13802359132124353,0.03589743375778198,165,0.03589743375778198,0.323,
2024/06/14 00:00,2024-06-14,Paradise_WA,46.783333,-121.733333,0.373,1.2,0.277,6.4,9.7,0.372,0.324,2.9,9.9,988.06,1654,,,,166,0.03589743375778198,0.295,
2024/06/15 00:00,2024-06-15,Paradise_WA,46.783333,-121.733333,0.371,1.4,0.272,5.8,7.5,0.369,0.315,2.9,8.9,975.36,1654,,,,167,0.03589743375778198,0.277,
2024/06/16 00:00,2024-06-16,Paradise_WA,46.783333,-121.733333,0.367,1.6,0.28,3.5,-0.1,0.363,0.311,2.7,4.9,985.52,1654,,,,168,0.0,0.272,
2024/06/17 00:00,2024-06-17,Paradise_WA,46.783333,-121.733333,0.366,1.6,0.294,3.2,5.6,0.359,0.31,1.9,6.1,988.06,1654,,,,169,0.0,0.28,
2024/06/18 00:00,2024-06-18,Paradise_WA,46.783333,-121.733333,0.369,1.5,0.31,2.9,3.0,0.364,0.317,2.0,4.6,995.68,1654,,,,170,0.0,0.294,
2024/06/19 00:00,2024-06-19,Paradise_WA,46.783333,-121.733333,0.371,1.5,0.289,6.2,11.6,0.371,0.317,2.4,10.6,962.66,1654,,,,171,0.0,0.31,
2024/06/20 00:00,2024-06-20,Paradise_WA,46.783333,-121.733333,0.37,1.7,0.27,7.2,14.6,0.369,0.313,3.7,10.4,942.34,1654,289.22104022988503,0.34766420012953375,0.037948716431856155,172,0.037948716431856155,0.289,
2024/06/21 00:00,2024-06-21,Paradise_WA,46.783333,-121.733333,0.37,2.0,0.26,8.1,19.0,0.37,0.311,4.3,12.0,899.16,1654,,,,173,0.037948716431856155,0.27,
2024/06/22 00:00,2024-06-22,Paradise_WA,46.783333,-121.733333,0.37,2.4,0.251,9.7,20.1,0.368,0.307,5.2,14.4,850.9,1654,,,,174,0.037948716431856155,0.26,
2024/06/23 00:00,2024-06-23,Paradise_WA,46.783333,-121.733333,0.365,2.9,0.24,10.2,16.8,0.363,0.297,6.7,13.4,810.26,1654,,,,175,0.0,0.251,
2024/06/24 00:00,2024-06-24,Paradise_WA,46.783333,-121.733333,0.363,3.4,0.238,10.4,6.4,0.36,0.291,7.2,12.4,772.16,1654,,,,176,0.0,0.24,
2024/06/25 00:00,2024-06-25,Paradise_WA,46.783333,-121.733333,0.361,3.6,0.232,10.9,13.7,0.357,0.287,7.0,14.6,726.44,1654,,,,177,0.0,0.238,
2024/06/26 00:00,2024-06-26,Paradise_WA,46.783333,-121.733333,0.359,3.9,0.22,11.6,21.4,0.355,0.279,7.7,15.7,680.72,1654,,,,178,0.0,0.232,
2024/06/27 00:00,2024-06-27,Paradise_WA,46.783333,-121.733333,0.355,4.3,0.214,10.2,9.4,0.353,0.27,8.4,11.7,652.78,1654,290.36213218390805,0.34766420012953375,0.05974358692765236,179,0.05974358692765236,0.22,
2024/06/28 00:00,2024-06-28,Paradise_WA,46.783333,-121.733333,0.358,4.6,0.229,8.5,5.9,0.354,0.278,7.6,9.0,624.84,1654,,,,180,0.05974358692765236,0.214,
2024/06/29 00:00,2024-06-29,Paradise_WA,46.783333,-121.733333,0.356,4.7,0.234,10.2,14.9,0.352,0.275,7.2,13.4,581.66,1654,,,,181,0.05974358692765236,0.229,
2024/06/30 00:00,2024-06-30,Paradise_WA,46.783333,-121.733333,0.353,4.8,0.223,10.9,12.6,0.351,0.268,8.3,12.8,535.94,1654,,,,182,0.0,0.234,
2024/07/01 00:00,2024-07-01,Paradise_WA,46.783333,-121.733333,0.352,5.0,0.227,9.6,12.6,0.349,0.267,8.2,10.8,508.0,1654,,,,183,0.0,0.223,
2024/07/02 00:00,2024-07-02,Paradise_WA,46.783333,-121.733333,0.35,5.1,0.225,8.5,13.2,0.348,0.264,7.8,9.5,492.76,1654,,,,184,0.0,0.227,
2024/07/03 00:00,2024-07-03,Paradise_WA,46.783333,-121.733333,0.348,5.2,0.221,9.6,12.0,0.347,0.257,7.8,11.5,439.42,1654,,,,185,0.0,0.225,
2024/07/04 00:00,2024-07-04,Paradise_WA,46.783333,-121.733333,0.344,5.2,0.211,11.2,15.0,0.345,0.248,8.1,14.8,388.62,1654,296.13727777777774,,0.050160255283117294,186,0.050160255283117294,0.221,
2024/07/05 00:00,2024-07-05,Paradise_WA,46.783333,-121.733333,0.339,5.4,0.191,12.2,21.1,0.344,0.234,8.9,15.9,345.44,1654,,,,187,0.050160255283117294,0.211,
2024/07/06 00:00,2024-07-06,Paradise_WA,46.783333,-121.733333,0.333,5.7,0.168,13.3,24.0,0.342,0.219,9.8,17.2,297.18,1654,,,,188,0.050160255283117294,0.191,
2024/07/07 00:00,2024-07-07,Paradise_WA,46.783333,-121.733333,0.326,6.1,0.144,13.9,24.0,0.34,0.203,10.5,17.6,256.54,1654,,,,189,0.0,0.168,
2024/07/08 00:00,2024-07-08,Paradise_WA,46.783333,-121.733333,0.317,6.4,0.115,14.4,26.1,0.338,0.186,11.1,18.0,200.66,1654,,,,190,0.0,0.144,
2024/07/09 00:00,2024-07-09,Paradise_WA,46.783333,-121.733333,0.307,6.8,0.091,14.8,26.9,0.336,0.166,11.6,18.5,139.7,1654,,,,191,0.0,0.115,
2024/07/10 00:00,2024-07-10,Paradise_WA,46.783333,-121.733333,0.296,7.1,0.069,15.2,27.3,0.334,0.146,12.0,18.9,55.88,1654,,,,192,0.0,0.091,
2024/07/11 00:00,2024-07-11,Paradise_WA,46.783333,-121.733333,0.286,7.4,0.058,15.1,22.5,0.332,0.129,12.3,18.4,15.24,1654,297.4921580459771,0.743623925949914,0.014374999329447746,193,0.014374999329447746,0.069,
2024/07/12 00:00,2024-07-12,Paradise_WA,46.783333,-121.733333,0.278,7.7,0.052,14.5,19.5,0.33,0.117,12.0,17.5,,1654,,,,194,0.014374999329447746,0.058,
2024/07/13 00:00,2024-07-13,Paradise_WA,46.783333,-121.733333,0.269,7.8,0.047,14.3,20.8,0.328,0.105,11.8,17.3,,1654,,,,195,0.014374999329447746,0.052,
2024/07/14 00:00,2024-07-14,Paradise_WA,46.783333,-121.733333,0.257,7.9,0.042,14.7,23.5,0.326,0.092,12.0,17.9,,1654,,,,196,0.0,0.047,
2024/07/15 00:00,2024-07-15,Paradise_WA,46.783333,-121.733333,0.247,8.1,0.039,14.6,21.9,0.323,0.08,12.0,17.7,,1654,,,,197,0.0,0.042,
2024/07/16 00:00,2024-07-16,Paradise_WA,46.783333,-121.733333,0.236,8.2,0.036,13.9,19.6,0.32,0.07,11.7,16.8,,1654,,,,198,0.0,0.039,
2024/07/17 00:00,2024-07-17,Paradise_WA,46.783333,-121.733333,0.223,8.2,0.037,14.3,25.4,0.317,0.062,11.8,17.4,,1654,,,,199,0.0,0.036,
2024/07/18 00:00,2024-07-18,Paradise_WA,46.783333,-121.733333,,-273.2,,,19.4,,,16.2,-273.2,7.62,1654,295.5052101880878,,0.02362179383635521,200,0.02362179383635521,0.037,
2024/07/19 00:00,2024-07-19,Paradise_WA,46.783333,-121.733333,,-273.2,,,21.6,,,17.6,-273.2,2.54,1654,,,,201,0.02362179383635521,,
2024/07/20 00:00,2024-07-20,Paradise_WA,46.783333,-121.733333,,-273.2,,,21.3,,,18.0,-273.2,5.08,1654,,,,202,0.02362179383635521,,
2024/07/21 00:00,2024-07-21,Paradise_WA,46.783333,-121.733333,,-273.2,,,25.2,,,17.9,-273.2,0.0,1654,,,,203,0.0,,
2024/07/22 00:00,2024-07-22,Paradise_WA,46.783333,-121.733333,,-273.2,,,17.5,,,18.2,-273.2,0.0,1654,,,,204,0.0,,
2024/07/23 00:00,2024-07-23,Paradise_WA,46.783333,-121.733333,,-273.2,,,8.8,,,17.5,-273.2,7.62,1654,,,,205,0.0,,
2024/07/24 00:00,2024-07-24,Paradise_WA,46.783333,-121.733333,,-273.2,,,17.0,,,17.2,-273.2,2.54,1654,,,,206,0.0,,
2024/07/25 00:00,2024-07-25,Paradise_WA,46.783333,-121.733333,,-273.2,,,16.3,,,16.8,-273.2,5.08,1654,292.41085006157635,0.7692283732728845,0.026923075318336487,207,0.026923075318336487,,
2024/07/26 00:00,2024-07-26,Paradise_WA,46.783333,-121.733333,,-273.2,,,10.6,,,15.0,-273.2,7.62,1654,,,,208,0.026923075318336487,,
2024/07/27 00:00,2024-07-27,Paradise_WA,46.783333,-121.733333,,-273.2,,,16.1,,,15.8,-273.2,7.62,1654,,,,209,0.026923075318336487,,
2024/07/28 00:00,2024-07-28,Paradise_WA,46.783333,-121.733333,,-273.2,,,15.7,,,16.0,-273.2,7.62,1654,,,,210,0.0,,
2024/07/29 00:00,2024-07-29,Paradise_WA,46.783333,-121.733333,,-273.2,,,14.2,,,16.7,-273.2,10.16,1654,,,,211,0.0,,
2024/07/30 00:00,2024-07-30,Paradise_WA,46.783333,-121.733333,,-273.2,,,10.8,,,15.8,-273.2,10.16,1654,,,,212,0.0,,
2024/07/31 00:00,2024-07-31,Paradise_WA,46.783333,-121.733333,,-273.2,,,11.7,,,15.4,-273.2,10.16,1654,,,,213,0.0,,
2024/08/01 00:00,2024-08-01,Paradise_WA,46.783333,-121.733333,,-273.2,,,18.8,,,16.0,-273.2,2.54,1654,293.3563237547894,0.7692283732728845,0.018814101815223694,214,0.018814101815223694,,
2024/08/02 00:00,2024-08-02,Paradise_WA,46.783333,-121.733333,,-273.2,,,26.3,,,18.3,-273.2,2.54,1654,,,,215,0.018814101815223694,,
2024/08/03 00:00,2024-08-03,Paradise_WA,46.783333,-121.733333,,-273.2,,,21.8,,,18.8,-273.2,2.54,1654,,,,216,0.018814101815223694,,
2024/08/04 00:00,2024-08-04,Paradise_WA,46.783333,-121.733333,,-273.2,,,17.2,,,18.4,-273.2,5.08,1654,,,,217,0.0,,
2024/08/05 00:00,2024-08-05,Paradise_WA,46.783333,-121.733333,,-273.2,,,21.7,,,18.4,-273.2,2.54,1654,,,,218,0.0,,
2024/08/06 00:00,2024-08-06,Paradise_WA,46.783333,-121.733333,,-273.2,,,19.7,,,18.3,-273.2,5.08,1654,,,,219,0.0,,
2024/08/07 00:00,2024-08-07,Paradise_WA,46.783333,-121.733333,,-273.2,,,15.5,,,17.9,-273.2,5.08,1654,,,,220,0.0,,
2024/08/08 00:00,2024-08-08,Paradise_WA,46.783333,-121.733333,,-273.2,,,19.4,,,17.9,-273.2,5.08,1654,293.1982684729064,0.7881363018134716,0.010801281780004501,221,0.010801281780004501,,
2024/08/09 00:00,2024-08-09,Paradise_WA,46.783333,-121.733333,,-273.2,,,21.8,,,18.3,-273.2,5.08,1654,,,,222,0.010801281780004501,,
2024/08/10 00:00,2024-08-10,Paradise_WA,46.783333,-121.733333,,-273.2,,,20.6,,,18.3,-273.2,5.08,1654,,,,223,0.010801281780004501,,
2024/08/11 00:00,2024-08-11,Paradise_WA,46.783333,-121.733333,,-273.2,,,19.0,,,19.3,-273.2,5.08,1654,,,,224,0.0,,
2024/08/12 00:00,2024-08-12,Paradise_WA,46.783333,-121.733333,,-273.2,,,15.4,,,18.5,-273.2,5.08,1654,,,,225,0.0,,
2024/08/13 00:00,2024-08-13,Paradise_WA,46.783333,-121.733333,,-273.2,,,11.5,,,17.3,-273.2,7.62,1654,,,,226,0.0,,
2024/08/14 00:00,2024-08-14,Paradise_WA,46.783333,-121.733333,,-273.2,,,8.0,,,16.4,-273.2,10.16,1654,,,,227,0.0,,
2024/08/15 00:00,2024-08-15,Paradise_WA,46.783333,-121.733333,,-273.2,,,10.9,,,16.4,-273.2,12.7,1654,291.8010186781609,0.7881363018134716,0.13887819647789001,228,0.13887819647789001,,
2024/08/16 01:00,2024-08-16,Paradise_WA,46.783333,-121.733333,0.174,10.2,0.006,13.1,10.1,0.268,0.022,12.3,13.0,0.0,1654,,,,229,0.13887819647789001,,
2024/08/17 00:00,2024-08-17,Paradise_WA,46.783333,-121.733333,0.201,9.4,0.01,11.6,11.9,0.27,0.026,10.8,12.8,,1654,,,,230,0.13887819647789001,0.006,
2024/08/18 00:00,2024-08-18,Paradise_WA,46.783333,-121.733333,0.187,9.2,0.016,12.8,17.6,0.266,0.029,10.7,15.3,,1654,,,,231,0.0,0.01,
2024/08/19 00:00,2024-08-19,Paradise_WA,46.783333,-121.733333,0.283,9.4,0.016,12.2,13.7,0.315,0.059,11.1,13.5,,1654,,,,232,0.0,0.016,
2024/08/20 00:00,2024-08-20,Paradise_WA,46.783333,-121.733333,0.279,9.3,0.017,11.2,12.6,0.308,0.054,10.6,12.0,,1654,,,,233,0.0,0.016,
2024/08/21 00:00,2024-08-21,Paradise_WA,46.783333,-121.733333,0.276,9.2,0.015,10.5,11.2,0.303,0.052,10.1,11.0,,1654,,,,234,0.0,0.017,
2024/08/22 00:00,2024-08-22,Paradise_WA,46.783333,-121.733333,0.273,9.0,0.017,10.2,9.5,0.301,0.058,9.9,10.7,,1654,285.3020640804598,0.7610420228842834,0.1550000011920929,235,0.1550000011920929,0.015,
2024/08/23 00:00,2024-08-23,Paradise_WA,46.783333,-121.733333,0.27,8.9,0.024,10.5,11.0,0.298,0.057,9.6,11.3,,1654,,,,236,0.1550000011920929,0.017,
2024/08/24 00:00,2024-08-24,Paradise_WA,46.783333,-121.733333,0.276,8.8,0.021,9.2,4.7,0.297,0.082,9.3,9.0,0.0,1654,,,,237,0.1550000011920929,0.024,
2024/08/25 00:00,2024-08-25,Paradise_WA,46.783333,-121.733333,0.289,8.6,0.023,8.1,5.0,0.299,0.087,8.5,7.7,0.0,1654,,,,238,0.0,0.021,
2024/08/26 00:00,2024-08-26,Paradise_WA,46.783333,-121.733333,0.298,8.3,0.035,9.3,11.2,0.303,0.101,8.3,10.6,,1654,,,,239,0.0,0.023,
2024/08/27 00:00,2024-08-27,Paradise_WA,46.783333,-121.733333,0.294,8.2,0.041,10.4,15.8,0.303,0.102,8.6,12.8,,1654,,,,240,0.0,0.035,
2024/08/28 00:00,2024-08-28,Paradise_WA,46.783333,-121.733333,0.292,8.2,0.046,10.5,5.8,0.303,0.104,9.3,11.5,,1654,,,,241,0.0,0.041,
2024/08/29 00:00,2024-08-29,Paradise_WA,46.783333,-121.733333,0.29,8.3,0.046,9.8,12.2,0.303,0.103,8.6,12.0,,1654,291.7797388888889,0.7610420228842834,0.042067307978868484,242,0.042067307978868484,0.046,
2024/08/30 00:00,2024-08-30,Paradise_WA,46.783333,-121.733333,0.284,8.2,0.048,11.1,20.7,0.299,0.098,9.1,14.0,,1654,,,,243,0.042067307978868484,0.046,
2024/08/31 00:00,2024-08-31,Paradise_WA,46.783333,-121.733333,0.277,8.3,0.044,12.0,22.2,0.298,0.093,9.8,15.1,,1654,,,,244,0.042067307978868484,0.048,
2024/09/01 00:00,2024-09-01,Paradise_WA,46.783333,-121.733333,0.269,8.4,0.04,13.0,23.9,0.295,0.088,10.5,16.3,,1654,,,,245,0.0,0.044,
2024/09/02 00:00,2024-09-02,Paradise_WA,46.783333,-121.733333,0.261,8.6,0.037,13.6,22.4,0.292,0.082,11.2,16.4,,1654,,,,246,0.0,0.04,
2024/09/03 00:00,2024-09-03,Paradise_WA,46.783333,-121.733333,0.257,8.9,0.033,13.2,10.7,0.289,0.082,11.7,14.3,,1654,,,,247,0.0,0.037,
2024/09/04 00:00,2024-09-04,Paradise_WA,46.783333,-121.733333,0.256,9.1,0.034,12.7,12.4,0.289,0.082,11.2,14.2,,1654,,,,248,0.0,0.033,
2024/09/05 00:00,2024-09-05,Paradise_WA,46.783333,-121.733333,0.246,9.1,0.036,12.9,23.6,0.286,0.075,10.8,15.9,,1654,295.70607710727967,,0.03653845936059952,249,0.03653845936059952,0.034,
2024/09/06 00:00,2024-09-06,Paradise_WA,46.783333,-121.733333,0.236,9.1,0.034,13.8,24.2,0.281,0.069,11.4,16.6,,1654,,,,250,0.03653845936059952,0.036,
2024/09/07 00:00,2024-09-07,Paradise_WA,46.783333,-121.733333,0.226,9.3,0.036,14.2,26.1,0.276,0.064,11.8,17.2,,1654,,,,251,0.03653845936059952,0.034,
2024/09/08 00:00,2024-09-08,Paradise_WA,46.783333,-121.733333,0.218,9.4,0.031,14.1,22.8,0.272,0.06,12.2,15.8,,1654,,,,252,0.0,0.036,
2024/09/09 00:00,2024-09-09,Paradise_WA,46.783333,-121.733333,0.21,9.5,0.033,14.0,18.5,0.269,0.057,12.1,16.2,,1654,,,,253,0.0,0.031,
2024/09/10 00:00,2024-09-10,Paradise_WA,46.783333,-121.733333,0.204,9.6,0.033,13.5,14.7,0.266,0.055,11.7,15.8,,1654,,,,254,0.0,0.033,
2024/09/11 00:00,2024-09-11,Paradise_WA,46.783333,-121.733333,0.199,9.6,0.028,12.6,13.6,0.263,0.053,11.2,14.5,,1654,,,,255,0.0,0.033,
2024/09/12 00:00,2024-09-12,Paradise_WA,46.783333,-121.733333,0.224,9.5,0.026,11.1,8.5,0.3,0.051,10.6,11.7,,1654,290.5853318965518,0.7384320433937825,0.08432692289352417,256,0.08432692289352417,0.028,
2024/09/13 00:00,2024-09-13,Paradise_WA,46.783333,-121.733333,0.265,9.3,0.023,10.2,7.4,0.293,0.052,10.0,10.3,0.0,1654,,,,257,0.08432692289352417,0.026,
2024/09/14 00:00,2024-09-14,Paradise_WA,46.783333,-121.733333,0.266,9.2,0.028,10.9,9.2,0.289,0.05,9.5,13.2,,1654,,,,258,0.08432692289352417,0.023,
2024/09/15 00:00,2024-09-15,Paradise_WA,46.783333,-121.733333,0.265,9.0,0.025,10.1,9.3,0.287,0.051,9.7,10.5,,1654,,,,259,0.0,0.028,
2024/09/16 00:00,2024-09-16,Paradise_WA,46.783333,-121.733333,0.264,8.9,0.03,9.4,5.7,0.285,0.049,9.1,9.8,0.0,1654,,,,260,0.0,0.025,
2024/09/17 00:00,2024-09-17,Paradise_WA,46.783333,-121.733333,0.262,8.7,0.038,9.8,10.0,0.283,0.052,8.5,12.1,,1654,,,,261,0.0,0.03,
2024/09/18 00:00,2024-09-18,Paradise_WA,46.783333,-121.733333,0.262,8.6,0.04,8.7,6.8,0.282,0.054,8.8,8.7,2.54,1654,,,,262,0.0,0.038,
2024/09/19 00:00,2024-09-19,Paradise_WA,46.783333,-121.733333,0.262,8.4,0.043,8.8,8.8,0.281,0.058,8.4,9.5,,1654,288.9727399425287,0.7384320433937825,0.10249999910593033,263,0.10249999910593033,0.04,
2024/09/20 00:00,2024-09-20,Paradise_WA,46.783333,-121.733333,0.262,8.3,0.045,9.2,8.5,0.281,0.06,8.5,10.3,,1654,,,,264,0.10249999910593033,0.043,
2024/09/21 00:00,2024-09-21,Paradise_WA,46.783333,-121.733333,0.261,8.3,0.049,8.4,5.4,0.281,0.061,8.4,8.6,2.54,1654,,,,265,0.10249999910593033,0.045,
2024/09/22 00:00,2024-09-22,Paradise_WA,46.783333,-121.733333,0.258,8.1,0.05,8.9,12.2,0.279,0.061,7.7,11.3,,1654,,,,266,0.0,0.049,
2024/09/23 00:00,2024-09-23,Paradise_WA,46.783333,-121.733333,0.255,8.0,0.047,9.4,11.8,0.276,0.062,8.1,11.4,,1654,,,,267,0.0,0.05,
2024/09/24 00:00,2024-09-24,Paradise_WA,46.783333,-121.733333,0.254,8.0,0.048,10.4,13.4,0.276,0.066,8.7,12.3,,1654,,,,268,0.0,0.047,
2024/09/25 00:00,2024-09-25,Paradise_WA,46.783333,-121.733333,0.251,8.1,0.05,11.6,21.9,0.273,0.065,9.3,14.5,,1654,,,,269,0.0,0.048,
2024/09/26 00:00,2024-09-26,Paradise_WA,46.783333,-121.733333,0.264,8.2,0.043,10.2,6.2,0.272,0.099,9.8,10.3,0.0,1654,288.74571408045983,0.718014858592401,0.0870032012462616,270,0.0870032012462616,0.05,
2024/09/27 00:00,2024-09-27,Paradise_WA,46.783333,-121.733333,0.287,8.3,0.043,9.1,10.3,0.305,0.081,8.5,10.3,,1654,,,,271,0.0870032012462616,0.043,
2024/09/28 00:00,2024-09-28,Paradise_WA,46.783333,-121.733333,0.302,8.2,0.052,9.6,9.5,0.326,0.097,8.7,10.7,0.0,1654,,,,272,0.0870032012462616,0.043,
2024/09/29 00:00,2024-09-29,Paradise_WA,46.783333,-121.733333,0.301,8.1,0.056,9.1,10.5,0.32,0.097,8.2,10.7,,1654,,,,273,0.0,0.052,
2024/09/30 00:00,2024-09-30,Paradise_WA,46.783333,-121.733333,0.299,8.0,0.056,8.3,5.0,0.317,0.099,7.9,9.3,2.54,1654,,,,274,0.0,0.056,
2024/10/01 00:00,2024-10-01,Paradise_WA,46.783333,-121.733333,0.298,7.9,0.059,7.2,12.2,0.315,0.102,6.9,8.3,0.0,1654,,,,275,0.0,0.056,
2024/10/02 00:00,2024-10-02,Paradise_WA,46.783333,-121.733333,0.294,7.6,0.06,8.0,11.7,0.312,0.102,7.0,9.9,-7.62,1654,,,,276,0.0,0.059,
2024/10/03 00:00,2024-10-03,Paradise_WA,46.783333,-121.733333,0.294,7.5,0.056,7.0,5.0,0.31,0.1,7.1,7.2,-2.54,1654,286.00001631773404,0.718014858592401,0.07011217623949051,277,0.07011217623949051,0.06,
2024/10/04 00:00,2024-10-04,Paradise_WA,46.783333,-121.733333,0.292,7.4,0.057,6.4,12.1,0.308,0.102,6.2,7.6,-5.08,1654,,,,278,0.07011217623949051,0.056,
2024/10/05 00:00,2024-10-05,Paradise_WA,46.783333,-121.733333,0.307,7.2,0.054,5.6,3.1,0.313,0.137,6.0,5.4,0.0,1654,,,,279,0.07011217623949051,0.057,
2024/10/06 00:00,2024-10-06,Paradise_WA,46.783333,-121.733333,0.31,6.9,0.065,5.7,13.2,0.321,0.12,5.5,6.8,-5.08,1654,,,,280,0.0,0.054,
2024/10/07 00:00,2024-10-07,Paradise_WA,46.783333,-121.733333,0.308,6.7,0.067,6.4,10.8,0.32,0.121,5.7,7.9,-5.08,1654,,,,281,0.0,0.065,
2024/10/08 00:00,2024-10-08,Paradise_WA,46.783333,-121.733333,0.307,6.6,0.071,6.7,15.4,0.319,0.12,5.8,8.6,-10.16,1654,,,,282,0.0,0.067,
2024/10/09 00:00,2024-10-09,Paradise_WA,46.783333,-121.733333,0.306,6.6,0.071,7.9,9.9,0.319,0.121,6.7,9.1,-5.08,1654,,,,283,0.0,0.071,
2024/10/10 00:00,2024-10-10,Paradise_WA,46.783333,-121.733333,0.306,6.7,0.072,7.8,4.4,0.318,0.123,7.1,8.5,0.0,1654,286.4069507389163,0.5203506962435234,0.10777243226766586,284,0.10777243226766586,0.071,
2024/10/11 00:00,2024-10-11,Paradise_WA,46.783333,-121.733333,0.304,6.7,0.071,5.8,9.7,0.317,0.121,5.9,6.5,0.0,1654,,,,285,0.10777243226766586,0.072,
2024/10/12 00:00,2024-10-12,Paradise_WA,46.783333,-121.733333,0.303,6.6,0.071,5.9,12.4,0.316,0.119,5.6,6.7,-2.54,1654,,,,286,0.10777243226766586,0.071,
2024/10/13 00:00,2024-10-13,Paradise_WA,46.783333,-121.733333,0.301,6.4,0.071,7.0,12.9,0.314,0.119,6.0,8.6,-5.08,1654,,,,287,0.0,0.071,
2024/10/14 00:00,2024-10-14,Paradise_WA,46.783333,-121.733333,0.299,6.4,0.069,6.9,14.8,0.313,0.119,6.1,8.3,-7.62,1654,,,,288,0.0,0.071,
2024/10/15 00:00,2024-10-15,Paradise_WA,46.783333,-121.733333,0.298,6.4,0.07,7.1,9.9,0.312,0.119,6.3,8.2,-5.08,1654,,,,289,0.0,0.069,
2024/10/16 00:00,2024-10-16,Paradise_WA,46.783333,-121.733333,0.299,6.5,0.069,7.9,6.1,0.311,0.119,7.1,8.6,0.0,1654,,,,290,0.0,0.07,
2024/10/17 00:00,2024-10-17,Paradise_WA,46.783333,-121.733333,0.309,6.6,0.083,6.8,0.9,0.313,0.144,6.8,6.9,2.54,1654,284.59315344827587,0.5203506962435234,0.13924679160118103,291,0.13924679160118103,0.069,
2024/10/18 00:00,2024-10-18,Paradise_WA,46.783333,-121.733333,0.311,6.5,0.09,4.5,-0.3,0.318,0.141,5.5,3.7,22.86,1654,,,,292,0.13924679160118103,0.083,
2024/10/19 00:00,2024-10-19,Paradise_WA,46.783333,-121.733333,0.312,6.3,0.097,3.6,0.0,0.321,0.159,4.6,2.9,25.4,1654,,,,293,0.13924679160118103,0.09,
2024/10/20 00:00,2024-10-20,Paradise_WA,46.783333,-121.733333,0.344,5.7,0.114,3.1,7.0,0.349,0.179,3.5,3.9,2.54,1654,,,,294,0.0,0.097,
2024/10/21 00:00,2024-10-21,Paradise_WA,46.783333,-121.733333,0.341,5.4,0.123,4.5,7.6,0.347,0.169,3.9,5.6,2.54,1654,,,,295,0.0,0.114,
2024/10/22 00:00,2024-10-22,Paradise_WA,46.783333,-121.733333,0.343,5.3,0.137,4.8,0.8,0.349,0.179,4.7,4.9,5.08,1654,,,,296,0.0,0.123,
2024/10/23 00:00,2024-10-23,Paradise_WA,46.783333,-121.733333,0.341,5.3,0.142,3.2,1.9,0.347,0.177,3.9,3.2,5.08,1654,,,,297,0.0,0.137,
2024/10/24 00:00,2024-10-24,Paradise_WA,46.783333,-121.733333,0.34,5.2,0.143,2.6,-1.2,0.346,0.175,3.3,2.5,7.62,1654,275.61913103448273,,0.3343749940395355,298,0.3343749940395355,0.142,
2024/10/25 00:00,2024-10-25,Paradise_WA,46.783333,-121.733333,0.339,5.0,0.145,2.4,3.4,0.344,0.174,3.0,2.6,7.62,1654,,,,299,0.3343749940395355,0.143,
2024/10/26 00:00,2024-10-26,Paradise_WA,46.783333,-121.733333,0.337,4.8,0.146,2.8,9.0,0.344,0.173,2.9,3.7,5.08,1654,,,,300,0.3343749940395355,0.145,
2024/10/27 00:00,2024-10-27,Paradise_WA,46.783333,-121.733333,0.35,4.6,0.175,4.9,7.8,0.349,0.242,4.0,5.5,5.08,1654,,,,301,0.0,0.146,
2024/10/28 00:00,2024-10-28,Paradise_WA,46.783333,-121.733333,0.351,4.7,0.181,4.6,0.7,0.354,0.208,4.6,4.3,10.16,1654,,,,302,0.0,0.175,
2024/10/29 00:00,2024-10-29,Paradise_WA,46.783333,-121.733333,0.348,4.8,0.177,3.0,0.9,0.351,0.2,3.7,2.5,33.02,1654,,,,303,0.0,0.181,
2024/10/30 00:00,2024-10-30,Paradise_WA,46.783333,-121.733333,0.345,4.7,0.177,2.5,0.2,0.349,0.197,3.2,2.1,38.1,1654,,,,304,0.0,0.177,
2024/10/31 00:00,2024-10-31,Paradise_WA,46.783333,-121.733333,0.344,4.5,0.174,2.2,-0.2,0.347,0.195,2.9,1.7,40.64,1654,274.5054856321839,0.13728912996545772,0.37456730008125305,305,0.37456730008125305,0.177,
2024/11/01 00:00,2024-11-01,Paradise_WA,46.783333,-121.733333,0.343,4.4,0.171,2.0,-0.4,0.346,0.193,2.6,1.6,43.18,1654,,,,306,0.37456730008125305,0.174,
2024/11/02 00:00,2024-11-02,Paradise_WA,46.783333,-121.733333,0.342,4.2,0.17,1.9,0.7,0.345,0.192,2.5,1.5,66.04,1654,,,,307,0.37456730008125305,0.171,
2024/11/03 00:00,2024-11-03,Paradise_WA,46.783333,-121.733333,0.341,4.1,0.171,1.8,-1.6,0.344,0.191,2.3,1.5,76.2,1654,,,,308,0.0,0.17,
2024/11/04 00:00,2024-11-04,Paradise_WA,46.783333,-121.733333,0.34,4.0,0.172,1.7,-0.4,0.344,0.19,2.2,1.4,86.36,1654,,,,309,0.0,0.171,
2024/11/05 00:00,2024-11-05,Paradise_WA,46.783333,-121.733333,0.34,3.9,0.173,1.6,-1.1,0.343,0.19,2.1,1.4,109.22,1654,,,,310,0.0,0.172,
2024/11/06 00:00,2024-11-06,Paradise_WA,46.783333,-121.733333,0.339,3.8,0.174,1.6,-1.5,0.343,0.189,2.1,1.3,124.46,1654,,,,311,0.0,0.173,
2024/11/07 00:00,2024-11-07,Paradise_WA,46.783333,-121.733333,0.339,3.7,0.175,1.5,1.8,0.343,0.19,2.0,1.3,121.92,1654,276.584775862069,,0.3357532024383545,312,0.3357532024383545,0.174,
2024/11/08 00:00,2024-11-08,Paradise_WA,46.783333,-121.733333,0.339,3.6,0.176,1.5,8.9,0.343,0.19,1.9,1.2,116.84,1654,,,,313,0.3357532024383545,0.175,
2024/11/09 00:00,2024-11-09,Paradise_WA,46.783333,-121.733333,0.34,3.5,0.179,1.4,9.1,0.343,0.191,1.9,1.2,116.84,1654,,,,314,0.3357532024383545,0.176,
2024/11/10 00:00,2024-11-10,Paradise_WA,46.783333,-121.733333,0.342,3.4,0.188,1.3,4.1,0.344,0.199,1.8,1.1,119.38,1654,,,,315,0.0,0.179,
2024/11/11 00:00,2024-11-11,Paradise_WA,46.783333,-121.733333,0.345,3.3,0.194,1.3,4.5,0.345,0.207,1.7,1.1,116.84,1654,,,,316,0.0,0.188,
2024/11/12 00:00,2024-11-12,Paradise_WA,46.783333,-121.733333,0.357,1.5,0.203,1.0,0.8,0.368,0.227,1.0,1.0,132.08,1654,,,,317,0.0,0.194,
2024/11/13 00:00,2024-11-13,Paradise_WA,46.783333,-121.733333,0.352,2.0,0.196,0.9,1.8,0.356,0.212,1.0,0.9,154.94,1654,,,,318,0.0,0.203,
2024/11/14 00:00,2024-11-14,Paradise_WA,46.783333,-121.733333,0.357,1.6,0.2,0.8,2.3,0.369,0.227,0.9,0.8,172.72,1654,275.7209532215357,0.09420152741796203,0.4562980532646179,319,0.4562980532646179,0.196,
2024/11/15 00:00,2024-11-15,Paradise_WA,46.783333,-121.733333,0.353,1.9,0.198,0.8,1.1,0.357,0.215,0.9,0.8,213.36,1654,,,,320,0.4562980532646179,0.2,
2024/11/16 00:00,2024-11-16,Paradise_WA,46.783333,-121.733333,0.35,2.1,0.196,0.8,-1.1,0.353,0.211,1.0,0.8,228.6,1654,,,,321,0.4562980532646179,0.198,
2024/11/17 00:00,2024-11-17,Paradise_WA,46.783333,-121.733333,0.348,2.2,0.193,0.8,0.5,0.351,0.208,1.0,0.8,241.3,1654,,,,322,0.0,0.196,
2024/11/18 00:00,2024-11-18,Paradise_WA,46.783333,-121.733333,0.359,1.1,0.219,0.7,-1.6,0.368,0.229,0.7,0.7,274.32,1654,,,,323,0.0,0.193,
2024/11/19 00:00,2024-11-19,Paradise_WA,46.783333,-121.733333,0.353,1.5,0.208,0.6,-5.7,0.357,0.217,0.7,0.7,314.96,1654,,,,324,0.0,0.219,
2024/11/20 00:00,2024-11-20,Paradise_WA,46.783333,-121.733333,0.351,1.8,0.203,0.7,-4.1,0.353,0.213,0.8,0.6,325.12,1654,,,,325,0.0,0.208,
2024/11/21 00:00,2024-11-21,Paradise_WA,46.783333,-121.733333,0.349,1.9,0.2,0.7,-0.6,0.351,0.21,0.8,0.6,358.14,1654,268.9896379310345,0.09420152741796203,0.37410256266593933,326,0.37410256266593933,0.203,
2024/11/22 00:00,2024-11-22,Paradise_WA,46.783333,-121.733333,0.347,2.0,0.197,0.7,1.6,0.349,0.208,0.9,0.7,363.22,1654,,,,327,0.37410256266593933,0.2,
2024/11/23 00:00,2024-11-23,Paradise_WA,46.783333,-121.733333,0.352,2.0,0.209,0.7,1.6,0.357,0.212,0.9,0.6,375.92,1654,,,,328,0.37410256266593933,0.197,
2024/11/24 00:00,2024-11-24,Paradise_WA,46.783333,-121.733333,0.352,1.9,0.213,0.7,-1.2,0.356,0.216,0.8,0.6,381.0,1654,,,,329,0.0,0.209,
2024/11/25 00:00,2024-11-25,Paradise_WA,46.783333,-121.733333,0.35,2.0,0.208,0.7,0.0,0.353,0.212,0.9,0.6,408.94,1654,,,,330,0.0,0.213,
2024/11/26 00:00,2024-11-26,Paradise_WA,46.783333,-121.733333,0.348,2.0,0.204,0.7,1.2,0.351,0.21,0.9,0.6,429.26,1654,,,,331,0.0,0.208,
2024/11/27 00:00,2024-11-27,Paradise_WA,46.783333,-121.733333,0.347,2.1,0.202,0.7,-0.8,0.349,0.209,0.9,0.6,434.34,1654,,,,332,0.0,0.204,
2024/11/28 00:00,2024-11-28,Paradise_WA,46.783333,-121.733333,0.346,2.1,0.201,0.7,-3.0,0.348,0.207,0.9,0.6,439.42,1654,273.11138793103447,0.14694684801381697,0.22991986572742462,333,0.22991986572742462,0.202,
2024/11/29 00:00,2024-11-29,Paradise_WA,46.783333,-121.733333,0.345,2.1,0.2,0.7,1.1,0.347,0.207,1.0,0.6,439.42,1654,,,,334,0.22991986572742462,0.201,
2024/11/30 00:00,2024-11-30,Paradise_WA,46.783333,-121.733333,0.345,2.1,0.199,0.7,-2.4,0.347,0.206,1.0,0.6,441.96,1654,,,,335,0.22991986572742462,0.2,
2024/12/01 00:00,2024-12-01,Paradise_WA,46.783333,-121.733333,0.344,2.1,0.198,0.7,-0.6,0.346,0.205,1.0,0.6,444.5,1654,,,,336,0.0,0.199,
2024/12/02 00:00,2024-12-02,Paradise_WA,46.783333,-121.733333,0.344,2.1,0.198,0.7,3.2,0.346,0.204,1.0,0.6,444.5,1654,,,,337,0.0,0.198,
2024/12/03 00:00,2024-12-03,Paradise_WA,46.783333,-121.733333,0.343,2.1,0.197,0.7,4.5,0.345,0.204,1.0,0.6,447.04,1654,,,,338,0.0,0.198,
2024/12/04 00:00,2024-12-04,Paradise_WA,46.783333,-121.733333,0.342,2.1,0.197,0.7,7.9,0.345,0.203,1.0,0.6,447.04,1654,,,,339,0.0,0.197,
2024/12/05 00:00,2024-12-05,Paradise_WA,46.783333,-121.733333,0.342,2.1,0.196,0.7,8.6,0.344,0.202,1.0,0.6,447.04,1654,273.8839176245211,0.14694684801381697,0.1791987121105194,340,0.1791987121105194,0.197,
2024/12/06 00:00,2024-12-06,Paradise_WA,46.783333,-121.733333,0.342,2.1,0.196,0.7,4.9,0.344,0.202,1.0,0.6,449.58,1654,,,,341,0.1791987121105194,0.196,
2024/12/07 00:00,2024-12-07,Paradise_WA,46.783333,-121.733333,0.342,2.1,0.196,0.7,7.1,0.344,0.202,1.0,0.6,449.58,1654,,,,342,0.1791987121105194,0.196,
2024/12/08 00:00,2024-12-08,Paradise_WA,46.783333,-121.733333,0.36,1.0,0.218,0.6,-1.3,0.376,0.229,0.7,0.6,464.82,1654,,,,343,0.0,0.196,
2024/12/09 00:00,2024-12-09,Paradise_WA,46.783333,-121.733333,0.355,1.3,0.22,0.5,-3.4,0.36,0.222,0.6,0.5,497.84,1654,,,,344,0.0,0.218,
2024/12/10 00:00,2024-12-10,Paradise_WA,46.783333,-121.733333,0.352,1.5,0.217,0.5,-1.7,0.355,0.218,0.6,0.5,500.38,1654,,,,345,0.0,0.22,
2024/12/11 00:00,2024-12-11,Paradise_WA,46.783333,-121.733333,0.35,1.6,0.214,0.6,1.6,0.352,0.215,0.7,0.5,502.92,1654,,,,346,0.0,0.217,
2024/12/12 00:00,2024-12-12,Paradise_WA,46.783333,-121.733333,0.349,1.7,0.211,0.6,2.3,0.35,0.213,0.7,0.5,502.92,1654,270.8573275862069,0.07784885436018694,0.42471152544021606,347,0.42471152544021606,0.214,
2024/12/13 00:00,2024-12-13,Paradise_WA,46.783333,-121.733333,0.347,1.7,0.208,0.6,-0.7,0.349,0.212,0.7,0.5,502.92,1654,,,,348,0.42471152544021606,0.211,
2024/12/14 00:00,2024-12-14,Paradise_WA,46.783333,-121.733333,0.347,1.7,0.207,0.6,0.3,0.348,0.21,0.8,0.5,513.08,1654,,,,349,0.42471152544021606,0.208,
2024/12/15 00:00,2024-12-15,Paradise_WA,46.783333,-121.733333,0.346,1.8,0.206,0.6,-2.0,0.347,0.209,0.8,0.5,533.4,1654,,,,350,0.0,0.207,
2024/12/16 00:00,2024-12-16,Paradise_WA,46.783333,-121.733333,0.345,1.8,0.205,0.6,-4.4,0.347,0.208,0.8,0.5,548.64,1654,,,,351,0.0,0.206,
2024/12/17 00:00,2024-12-17,Paradise_WA,46.783333,-121.733333,0.345,1.8,0.204,0.6,-2.8,0.346,0.207,0.8,0.5,563.88,1654,,,,352,0.0,0.205,
2024/12/18 00:00,2024-12-18,Paradise_WA,46.783333,-121.733333,0.344,1.8,0.203,0.6,0.1,0.345,0.207,0.8,0.6,624.84,1654,,,,353,0.0,0.204,
2024/12/19 00:00,2024-12-19,Paradise_WA,46.783333,-121.733333,0.361,0.8,0.226,0.5,0.8,0.37,0.24,0.5,0.5,627.38,1654,271.8692413793103,0.07784885436018694,0.4993429481983185,354,0.4993429481983185,0.203,
2024/12/20 00:00,2024-12-20,Paradise_WA,46.783333,-121.733333,0.356,1.1,0.225,0.4,8.6,0.358,0.228,0.5,0.4,619.76,1654,,,,355,0.4993429481983185,0.226,
2024/12/21 00:00,2024-12-21,Paradise_WA,46.783333,-121.733333,0.358,1.2,0.233,0.4,12.0,0.36,0.231,0.5,0.4,617.22,1654,,,,356,0.4993429481983185,0.225,
2024/12/22 00:00,2024-12-22,Paradise_WA,46.783333,-121.733333,0.359,1.3,0.237,0.4,4.1,0.36,0.232,0.5,0.4,622.3,1654,,,,357,0.0,0.233,
2024/12/23 00:00,2024-12-23,Paradise_WA,46.783333,-121.733333,0.357,1.3,0.235,0.4,5.4,0.358,0.231,0.5,0.4,650.24,1654,,,,358,0.0,0.237,
2024/12/24 00:00,2024-12-24,Paradise_WA,46.783333,-121.733333,0.359,1.2,0.242,0.4,5.6,0.362,0.236,0.5,0.4,665.48,1654,,,,359,0.0,0.235,
2024/12/25 00:00,2024-12-25,Paradise_WA,46.783333,-121.733333,0.361,1.1,0.247,0.4,0.6,0.364,0.239,0.4,0.4,678.18,1654,,,,360,0.0,0.242,
2024/12/26 00:00,2024-12-26,Paradise_WA,46.783333,-121.733333,0.357,1.2,0.242,0.4,-2.0,0.358,0.233,0.4,0.4,690.88,1654,271.8692413793103,0.14670607371517563,0.45443910360336304,361,0.45443910360336304,0.247,
2024/12/27 00:00,2024-12-27,Paradise_WA,46.783333,-121.733333,0.355,1.2,0.238,0.4,-1.6,0.355,0.228,0.5,0.4,759.46,1654,,,,362,0.45443910360336304,0.242,
2024/12/28 00:00,2024-12-28,Paradise_WA,46.783333,-121.733333,0.354,1.3,0.235,0.4,3.2,0.353,0.225,0.5,0.4,795.02,1654,,,,363,0.45443910360336304,0.238,
2024/12/29 00:00,2024-12-29,Paradise_WA,46.783333,-121.733333,0.352,1.3,0.232,0.4,2.8,0.351,0.223,0.5,0.4,828.04,1654,,,,364,0.0,0.235,
2024/12/30 00:00,2024-12-30,Paradise_WA,46.783333,-121.733333,0.351,1.3,0.231,0.4,-3.2,0.35,0.222,0.5,0.4,850.9,1654,,,,365,0.0,0.232,
2024/12/31 00:00,2024-12-31,Paradise_WA,46.783333,-121.733333,0.35,1.4,0.23,0.4,0.0,0.349,0.22,0.5,0.4,868.68,1654,,,,366,0.0,0.231,
2025/01/01 00:00,2025-01-01,Paradise_WA,46.783333,-121.733333,0.35,1.4,0.229,0.4,-2.2,0.349,0.219,0.6,0.4,876.3,1654,,,,1,0.0,0.23,
2025/01/02 00:00,2025-01-02,Paradise_WA,46.783333,-121.733333,0.348,1.4,0.227,0.4,-0.9,0.348,0.218,0.6,0.4,891.54,1654,273.09836206896557,0.14670607371517563,0.2680288255214691,2,0.2680288255214691,0.229,
2025/01/03 00:00,2025-01-03,Paradise_WA,46.783333,-121.733333,0.348,1.4,0.226,0.5,,0.348,0.217,0.6,0.4,899.16,1654,,,,3,0.2680288255214691,0.227,
2025/01/04 00:00,2025-01-04,Paradise_WA,46.783333,-121.733333,0.348,1.4,0.226,0.5,,0.347,0.215,0.6,0.4,922.02,1654,,,,4,0.2680288255214691,0.226,
2025/01/05 00:00,2025-01-05,Paradise_WA,46.783333,-121.733333,0.347,1.4,0.225,0.5,2.7,0.347,0.216,0.6,0.4,929.64,1654,,,,5,0.0,0.226,
2025/01/06 00:00,2025-01-06,Paradise_WA,46.783333,-121.733333,0.347,1.4,0.225,0.5,3.9,0.347,0.216,0.6,0.4,977.9,1654,,,,6,0.0,0.225,
2025/01/07 00:00,2025-01-07,Paradise_WA,46.783333,-121.733333,0.346,1.4,0.224,0.5,2.1,0.346,0.216,0.6,0.4,980.44,1654,,,,7,0.0,0.225,
2025/01/08 00:00,2025-01-08,Paradise_WA,46.783333,-121.733333,0.346,1.5,0.224,0.5,3.6,0.346,0.215,0.6,0.4,982.98,1654,,,,8,0.0,0.224,
2025/01/09 00:00,2025-01-09,Paradise_WA,46.783333,-121.733333,0.346,1.5,0.224,0.5,2.7,0.345,0.215,0.6,0.4,990.6,1654,271.50843994252875,,0.31496793031692505,9,0.31496793031692505,0.224,
2025/01/10 00:00,2025-01-10,Paradise_WA,46.783333,-121.733333,0.347,1.5,0.226,0.5,5.6,0.346,0.215,0.6,0.4,993.14,1654,,,,10,0.31496793031692505,0.224,
2025/01/11 00:00,2025-01-11,Paradise_WA,46.783333,-121.733333,0.346,1.5,0.226,0.5,0.5,0.346,0.216,0.6,0.4,1005.84,1654,,,,11,0.31496793031692505,0.226,
2025/01/12 00:00,2025-01-12,Paradise_WA,46.783333,-121.733333,0.346,1.5,0.227,0.5,-1.1,0.346,0.216,0.6,0.4,1031.24,1654,,,,12,0.0,0.226,
2025/01/13 00:00,2025-01-13,Paradise_WA,46.783333,-121.733333,0.347,1.5,0.226,0.5,-2.3,0.346,0.216,0.6,0.4,1033.78,1654,,,,13,0.0,0.227,
2025/01/14 00:00,2025-01-14,Paradise_WA,46.783333,-121.733333,0.346,1.5,0.225,0.5,-0.2,0.346,0.215,0.6,0.4,1036.32,1654,,,,14,0.0,0.226,
2025/01/15 00:00,2025-01-15,Paradise_WA,46.783333,-121.733333,0.346,1.5,0.224,0.5,3.0,0.345,0.216,0.6,0.4,1038.86,1654,,,,15,0.0,0.225,
2025/01/16 00:00,2025-01-16,Paradise_WA,46.783333,-121.733333,0.346,1.5,0.224,0.5,7.8,0.346,0.216,0.6,0.4,1038.86,1654,268.3812558839628,0.20890383263960208,0.12408653646707535,16,0.12408653646707535,0.224,
2025/01/17 00:00,2025-01-17,Paradise_WA,46.783333,-121.733333,0.345,1.5,0.223,0.5,-3.3,0.345,0.215,0.6,0.4,1041.4,1654,,,,17,0.12408653646707535,0.224,
2025/01/18 00:00,2025-01-18,Paradise_WA,46.783333,-121.733333,0.345,1.5,0.223,0.5,-5.0,0.345,0.215,0.6,0.4,1043.94,1654,,,,18,0.12408653646707535,0.223,
2025/01/19 00:00,2025-01-19,Paradise_WA,46.783333,-121.733333,0.345,1.5,0.221,0.5,-3.8,0.345,0.213,0.6,0.4,1046.48,1654,,,,19,0.0,0.223,
2025/01/20 00:00,2025-01-20,Paradise_WA,46.783333,-121.733333,0.345,1.5,0.221,0.5,-2.5,0.345,0.213,0.6,0.4,1049.02,1654,,,,20,0.0,0.221,
2025/01/21 00:00,2025-01-21,Paradise_WA,46.783333,-121.733333,0.345,1.5,0.22,0.5,1.0,0.344,0.213,0.6,0.4,1049.02,1654,,,,21,0.0,0.221,
2025/01/22 00:00,2025-01-22,Paradise_WA,46.783333,-121.733333,0.344,1.4,0.22,0.5,-4.6,0.344,0.213,0.6,0.4,1049.02,1654,,,,22,0.0,0.22,
2025/01/23 00:00,2025-01-23,Paradise_WA,46.783333,-121.733333,0.344,1.4,0.22,0.5,3.4,0.344,0.213,0.6,0.4,1051.56,1654,270.64196081504707,0.20890383263960208,0.03217948600649834,23,0.03217948600649834,0.22,
2025/01/24 00:00,2025-01-24,Paradise_WA,46.783333,-121.733333,0.344,1.4,0.22,0.5,1.3,0.344,0.213,0.6,0.4,1054.1,1654,,,,24,0.03217948600649834,0.22,
2025/01/25 00:00,2025-01-25,Paradise_WA,46.783333,-121.733333,0.344,1.4,0.219,0.5,-3.6,0.344,0.212,0.6,0.4,1054.1,1654,,,,25,0.03217948600649834,0.22,
2025/01/26 00:00,2025-01-26,Paradise_WA,46.783333,-121.733333,0.343,1.4,0.219,0.5,-4.6,0.343,0.212,0.6,0.4,1054.1,1654,,,,26,0.0,0.219,
2025/01/27 00:00,2025-01-27,Paradise_WA,46.783333,-121.733333,0.343,1.4,0.218,0.5,1.9,0.343,0.212,0.6,0.4,1056.64,1654,,,,27,0.0,0.219,
2025/01/28 00:00,2025-01-28,Paradise_WA,46.783333,-121.733333,0.343,1.4,0.218,0.5,5.8,0.343,0.211,0.6,0.4,1056.64,1654,,,,28,0.0,0.218,
2025/01/29 00:00,2025-01-29,Paradise_WA,46.783333,-121.733333,0.343,1.4,0.219,0.5,6.7,0.343,0.21,0.6,0.4,1056.64,1654,,,,29,0.0,0.218,
2025/01/30 00:00,2025-01-30,Paradise_WA,46.783333,-121.733333,0.342,1.4,0.218,0.5,3.4,0.343,0.211,0.6,0.4,1059.18,1654,272.1665439244663,0.03220037973248698,0.12870192527770996,30,0.12870192527770996,0.219,
2025/01/31 00:00,2025-01-31,Paradise_WA,46.783333,-121.733333,0.343,1.4,0.217,0.5,1.3,0.343,0.21,0.6,0.4,1061.72,1654,,,,31,0.12870192527770996,0.218,
2025/02/01 00:00,2025-02-01,Paradise_WA,46.783333,-121.733333,0.342,1.4,0.216,0.5,-0.5,0.343,0.211,0.6,0.4,1097.28,1654,,,,32,0.12870192527770996,0.217,
2025/02/02 00:00,2025-02-02,Paradise_WA,46.783333,-121.733333,0.342,1.4,0.216,0.5,-6.4,0.342,0.21,0.6,0.4,1122.68,1654,,,,33,0.0,0.216,
2025/02/03 00:00,2025-02-03,Paradise_WA,46.783333,-121.733333,0.342,1.4,0.216,0.5,-7.7,0.343,0.21,0.6,0.4,1137.92,1654,,,,34,0.0,0.216,
2025/02/04 00:00,2025-02-04,Paradise_WA,46.783333,-121.733333,0.342,1.4,0.216,0.5,-5.4,0.342,0.21,0.6,0.4,1148.08,1654,,,,35,0.0,0.216,
2025/02/05 00:00,2025-02-05,Paradise_WA,46.783333,-121.733333,0.341,1.4,0.214,0.5,-7.1,0.342,0.209,0.6,0.4,1150.62,1654,,,,36,0.0,0.216,
2025/02/06 00:00,2025-02-06,Paradise_WA,46.783333,-121.733333,0.341,1.4,0.214,0.5,-6.9,0.342,0.209,0.6,0.4,1155.7,1654,261.24628735632183,0.03220037973248698,0.11262819916009903,37,0.11262819916009903,0.214,
2025/02/07 00:00,2025-02-07,Paradise_WA,46.783333,-121.733333,0.341,1.4,0.214,0.5,-6.2,0.342,0.209,0.6,0.4,1160.78,1654,,,,38,0.11262819916009903,0.214,
2025/02/08 00:00,2025-02-08,Paradise_WA,46.783333,-121.733333,0.341,1.4,0.213,0.5,-8.7,0.342,0.208,0.6,0.4,1163.32,1654,,,,39,0.11262819916009903,0.214,
2025/02/09 00:00,2025-02-09,Paradise_WA,46.783333,-121.733333,0.34,1.4,0.212,0.5,-5.4,0.341,0.208,0.6,0.4,1178.56,1654,,,,40,0.0,0.213,
2025/02/10 00:00,2025-02-10,Paradise_WA,46.783333,-121.733333,0.34,1.4,0.212,0.5,-7.0,0.341,0.208,0.6,0.4,1183.64,1654,,,,41,0.0,0.212,
2025/02/11 00:00,2025-02-11,Paradise_WA,46.783333,-121.733333,0.341,1.4,0.211,0.5,-8.5,0.342,0.208,0.6,0.4,1188.72,1654,,,,42,0.0,0.212,
2025/02/12 00:00,2025-02-12,Paradise_WA,46.783333,-121.733333,0.34,1.4,0.211,0.5,-9.3,0.341,0.207,0.6,0.4,1191.26,1654,,,,43,0.0,0.211,
2025/02/13 00:00,2025-02-13,Paradise_WA,46.783333,-121.733333,0.34,1.4,0.209,0.5,-8.6,0.341,0.207,0.6,0.4,1193.8,1654,261.013275862069,0.09390209412780658,0.1710096150636673,44,0.1710096150636673,0.211,
2025/02/14 00:00,2025-02-14,Paradise_WA,46.783333,-121.733333,0.34,1.4,0.209,0.5,-10.4,0.341,0.206,0.6,0.4,1209.04,1654,,,,45,0.1710096150636673,0.209,
2025/02/15 00:00,2025-02-15,Paradise_WA,46.783333,-121.733333,0.34,1.4,0.209,0.5,-5.8,0.341,0.206,0.6,0.4,1209.04,1654,,,,46,0.1710096150636673,0.209,
2025/02/16 00:00,2025-02-16,Paradise_WA,46.783333,-121.733333,0.339,1.4,0.207,0.5,-2.3,0.341,0.205,0.6,0.4,1214.12,1654,,,,47,0.0,0.209,
2025/02/17 00:00,2025-02-17,Paradise_WA,46.783333,-121.733333,0.339,1.4,0.206,0.5,-1.2,0.341,0.206,0.6,0.4,1239.52,1654,,,,48,0.0,0.207,
2025/02/18 00:00,2025-02-18,Paradise_WA,46.783333,-121.733333,0.339,1.4,0.206,0.5,-0.7,0.341,0.205,0.6,0.4,1285.24,1654,,,,49,0.0,0.206,
2025/02/19 00:00,2025-02-19,Paradise_WA,46.783333,-121.733333,0.339,1.4,0.205,0.5,-0.1,0.34,0.205,0.6,0.4,1287.78,1654,,,,50,0.0,0.206,
2025/02/20 00:00,2025-02-20,Paradise_WA,46.783333,-121.733333,0.339,1.4,0.203,0.5,-0.3,0.341,0.204,0.6,0.4,1310.64,1654,272.1749655172414,0.09390209412780658,0.5496314167976379,51,0.5496314167976379,0.205,
2025/02/21 00:00,2025-02-21,Paradise_WA,46.783333,-121.733333,0.338,1.4,0.202,0.5,-1.5,0.34,0.204,0.6,0.4,1313.18,1654,,,,52,0.5496314167976379,0.203,
2025/02/22 00:00,2025-02-22,Paradise_WA,46.783333,-121.733333,0.338,1.4,0.202,0.5,1.0,0.34,0.203,0.6,0.4,1315.72,1654,,,,53,0.5496314167976379,0.202,
2025/02/23 00:00,2025-02-23,Paradise_WA,46.783333,-121.733333,0.338,1.4,0.202,0.5,2.3,0.34,0.203,0.6,0.4,1353.82,1654,,,,54,0.0,0.202,
2025/02/24 00:00,2025-02-24,Paradise_WA,46.783333,-121.733333,0.353,1.3,0.26,0.4,1.6,0.356,0.217,0.5,0.4,1374.14,1654,,,,55,0.0,0.202,
2025/02/25 00:00,2025-02-25,Paradise_WA,46.783333,-121.733333,0.356,1.1,0.273,0.4,0.2,0.359,0.231,0.4,0.3,1333.5,1654,,,,56,0.0,0.26,
2025/02/26 00:00,2025-02-26,Paradise_WA,46.783333,-121.733333,0.354,1.2,0.262,0.4,-1.8,0.355,0.228,0.4,0.3,1376.68,1654,,,,57,0.0,0.273,
2025/02/27 00:00,2025-02-27,Paradise_WA,46.783333,-121.733333,0.352,1.2,0.257,0.3,3.5,0.353,0.226,0.4,0.3,1371.6,1654,276.229551724138,,0.426891028881073,58,0.426891028881073,0.262,
2025/02/28 00:00,2025-02-28,Paradise_WA,46.783333,-121.733333,0.352,1.2,0.254,0.4,8.0,0.351,0.225,0.4,0.3,1371.6,1654,,,,59,0.426891028881073,0.257,
2025/03/01 00:00,2025-03-01,Paradise_WA,46.783333,-121.733333,0.35,1.1,0.252,0.4,10.7,0.35,0.224,0.4,0.3,1376.68,1654,,,,60,0.426891028881073,0.254,
2025/03/02 00:00,2025-03-02,Paradise_WA,46.783333,-121.733333,0.35,1.1,0.25,0.4,8.1,0.349,0.223,0.4,0.3,1381.76,1654,,,,61,0.0,0.252,
2025/03/03 00:00,2025-03-03,Paradise_WA,46.783333,-121.733333,0.349,1.1,0.25,0.4,0.8,0.349,0.222,0.4,0.3,1389.38,1654,,,,62,0.0,0.25,
2025/03/04 00:00,2025-03-04,Paradise_WA,46.783333,-121.733333,0.349,1.1,0.249,0.4,0.2,0.348,0.222,0.4,0.3,1402.08,1654,,,,63,0.0,0.25,
2025/03/05 00:00,2025-03-05,Paradise_WA,46.783333,-121.733333,0.349,1.1,0.248,0.4,-1.7,0.348,0.222,0.4,0.3,1414.78,1654,,,,64,0.0,0.249,
2025/03/06 00:00,2025-03-06,Paradise_WA,46.783333,-121.733333,0.348,1.1,0.247,0.4,-0.8,0.348,0.221,0.4,0.3,1427.48,1654,273.0835229885058,0.07219154253022456,0.1561538428068161,65,0.1561538428068161,0.248,
2025/03/07 00:00,2025-03-07,Paradise_WA,46.783333,-121.733333,0.348,1.1,0.245,0.4,-0.5,0.347,0.221,0.4,0.3,1430.02,1654,,,,66,0.1561538428068161,0.247,
2025/03/08 00:00,2025-03-08,Paradise_WA,46.783333,-121.733333,0.347,1.1,0.244,0.4,1.8,0.347,0.22,0.4,0.3,1432.56,1654,,,,67,0.1561538428068161,0.245,
2025/03/09 00:00,2025-03-09,Paradise_WA,46.783333,-121.733333,0.347,1.1,0.243,0.4,4.0,0.346,0.219,0.4,0.3,1435.1,1654,,,,68,0.0,0.244,
2025/03/10 00:00,2025-03-10,Paradise_WA,46.783333,-121.733333,0.347,1.1,0.242,0.4,0.9,0.346,0.22,0.4,0.3,1437.64,1654,,,,69,0.0,0.243,
2025/03/11 00:00,2025-03-11,Paradise_WA,46.783333,-121.733333,0.346,1.1,0.242,0.4,-2.3,0.346,0.219,0.4,0.3,1452.88,1654,,,,70,0.0,0.242,
2025/03/12 00:00,2025-03-12,Paradise_WA,46.783333,-121.733333,0.346,1.1,0.242,0.4,-1.9,0.345,0.218,0.4,0.3,1460.5,1654,,,,71,0.0,0.242,
2025/03/13 00:00,2025-03-13,Paradise_WA,46.783333,-121.733333,0.346,1.1,0.242,0.4,0.8,0.345,0.218,0.4,0.3,1480.82,1654,269.10276149425283,,0.1961858868598938,72,0.1961858868598938,0.242,
2025/03/14 00:00,2025-03-14,Paradise_WA,46.783333,-121.733333,0.345,1.1,0.241,0.400001,-4.9,0.345,0.218,0.400001,0.300001,1508.76,1654,,,,73,0.1961858868598938,0.242,
2025/03/15 00:00,2025-03-15,Paradise_WA,46.783333,-121.733333,0.345,1.1,0.241,0.400001,-3.1,0.344,0.217,0.400001,0.300001,1524.0,1654,,,,74,0.1961858868598938,0.241,
2025/03/16 00:00,2025-03-16,Paradise_WA,46.783333,-121.733333,0.345,1.1,0.239,0.400001,-4.2,0.345,0.217,0.400001,0.300001,1564.64,1654,,,,75,0.0,0.241,
2025/03/17 00:00,2025-03-17,Paradise_WA,46.783333,-121.733333,0.345,1.1,0.239,0.400001,-3.9,0.344,0.217,0.400001,0.300001,1582.42,1654,,,,76,0.0,0.239,
2025/03/18 00:00,2025-03-18,Paradise_WA,46.783333,-121.733333,0.344,1.1,0.238,0.400001,-3.6,0.344,0.217,0.400001,0.300001,1587.5,1654,,,,77,0.0,0.239,
2025/03/19 00:00,2025-03-19,Paradise_WA,46.783333,-121.733333,0.344,1.1,0.237,0.400001,-1.7,0.344,0.216,0.400001,0.300001,1597.66,1654,,,,78,0.0,0.238,
2025/03/20 00:00,2025-03-20,Paradise_WA,46.783333,-121.733333,0.344,1.1,0.236,0.400001,0.600001,0.344,0.215,0.400001,0.300001,1605.28,1654,275.61465753424665,0.05184692897236619,0.4437660276889801,79,0.4437660276889801,0.237,
2025/03/21 00:00,2025-03-21,Paradise_WA,46.783333,-121.733333,0.344,1.1,0.236,0.400001,-2.0,0.344,0.215,0.400001,0.300001,1623.06,1654,,,,80,0.4437660276889801,0.236,
2025/03/22 00:00,2025-03-22,Paradise_WA,46.783333,-121.733333,0.343,1.1,0.235,0.4,-1.5,0.343,0.215,0.5,0.3,1666.24,1654,,,,81,0.4437660276889801,0.236,
2025/03/23 00:00,2025-03-23,Paradise_WA,46.783333,-121.733333,0.344,1.11111,0.234,0.55556,-1.27778,0.343,0.214,0.55556,0.55556,1681.48,1654,,,,82,0.0,0.235,
2025/03/24 00:00,2025-03-24,Paradise_WA,46.783333,-121.733333,0.343,1.11111,0.234,0.55556,2.77778,0.343,0.215,0.55556,0.55556,1739.9,1654,,,,83,0.0,0.234,
2025/03/25 00:00,2025-03-25,Paradise_WA,46.783333,-121.733333,0.35,1.11111,0.257,0.55556,4.72222,0.347,0.223,0.55556,0.55556,1699.26,1654,,,,84,0.0,0.234,
2025/03/26 00:00,2025-03-26,Paradise_WA,46.783333,-121.733333,0.355,1.11111,0.262,0.55556,12.6111,0.351,0.229,0.55556,0.55556,1653.54,1654,,,,85,0.0,0.257,
2025/03/27 00:00,2025-03-27,Paradise_WA,46.783333,-121.733333,0.355,1.11111,0.264,0.55556,13.2778,0.351,0.229,0.55556,0.55556,1623.06,1654,275.61465753424665,0.05184692897236619,0.47479164600372314,86,0.47479164600372314,0.262,
2025/03/28 00:00,2025-03-28,Paradise_WA,46.783333,-121.733333,0.357,1.11111,0.27,0.55556,3.22222,0.353,0.234,0.55556,0.55556,1663.7,1654,,,,87,0.47479164600372314,0.264,
2025/03/29 00:00,2025-03-29,Paradise_WA,46.783333,-121.733333,0.355,1.11111,0.266,0.55556,0.27778,0.352,0.232,0.55556,0.55556,1643.38,1654,,,,88,0.47479164600372314,0.27,
2025/03/30 00:00,2025-03-30,Paradise_WA,46.783333,-121.733333,0.354,1.11111,0.261,0.55556,0.72222,0.351,0.23,0.55556,0.55556,1648.46,1654,,,,89,0.0,0.266,
2025/03/31 00:00,2025-03-31,Paradise_WA,46.783333,-121.733333,0.353,1.11111,0.257,0.55556,1.5,0.35,0.229,0.55556,0.55556,1653.54,1654,,,,90,0.0,0.261,
2025/04/01 00:00,2025-04-01,Paradise_WA,46.783333,-121.733333,0.352,1.11111,0.255,0.55556,-1.88889,0.349,0.228,0.55556,0.55556,1671.32,1654,,,,91,0.0,0.257,
2025/04/02 00:00,2025-04-02,Paradise_WA,46.783333,-121.733333,0.351,1.11111,0.253,0.55556,-0.5,0.349,0.227,0.55556,0.55556,1684.02,1654,,,,92,0.0,0.255,
2025/04/03 00:00,2025-04-03,Paradise_WA,46.783333,-121.733333,0.351,1.11111,0.252,0.55556,-1.22222,0.348,0.227,0.55556,0.55556,1689.1,1654,273.78891379310346,0.07438418609671851,0.17296473681926727,93,0.17296473681926727,0.253,
2025/04/04 00:00,2025-04-04,Paradise_WA,46.783333,-121.733333,0.35,1.11111,0.25,0.55556,-0.11111,0.348,0.225,0.55556,0.55556,1699.26,1654,,,,94,0.17296473681926727,0.252,
2025/04/05 00:00,2025-04-05,Paradise_WA,46.783333,-121.733333,0.35,1.11111,0.248,0.55556,6.5,0.347,0.225,0.55556,0.55556,1701.8,1654,,,,95,0.17296473681926727,0.25,
2025/04/06 00:00,2025-04-06,Paradise_WA,46.783333,-121.733333,0.349,1.11111,0.25,0.55556,10.0,0.347,0.225,0.55556,0.55556,1701.8,1654,,,,96,0.0,0.248,
2025/04/07 00:00,2025-04-07,Paradise_WA,46.783333,-121.733333,0.35,1.11111,0.259,0.55556,4.0,0.348,0.227,0.55556,0.55556,1694.18,1654,,,,97,0.0,0.25,
2025/04/08 00:00,2025-04-08,Paradise_WA,46.783333,-121.733333,0.355,1.11111,0.276,0.55556,-0.11111,0.35,0.233,0.55556,0.55556,1744.98,1654,,,,98,0.0,0.259,
2025/04/09 00:00,2025-04-09,Paradise_WA,46.783333,-121.733333,0.355,1.11111,0.272,0.55556,0.27778,0.351,0.234,0.55556,0.55556,1750.06,1654,,,,99,0.0,0.276,
2025/04/10 00:00,2025-04-10,Paradise_WA,46.783333,-121.733333,0.354,1.11111,0.267,0.55556,4.5,0.35,0.233,0.55556,0.55556,1755.14,1654,276.0808540229885,0.07438418609671851,0.16158653795719147,100,0.16158653795719147,0.272,
2025/04/11 00:00,2025-04-11,Paradise_WA,46.783333,-121.733333,0.353,1.11111,0.264,0.55556,1.77778,0.35,0.232,0.55556,0.55556,1767.84,1654,,,,101,0.16158653795719147,0.267,
2025/04/12 00:00,2025-04-12,Paradise_WA,46.783333,-121.733333,0.354,1.11111,0.268,0.55556,0.38889,0.35,0.232,0.55556,0.55556,1775.46,1654,,,,102,0.16158653795719147,0.264,
2025/04/13 00:00,2025-04-13,Paradise_WA,46.783333,-121.733333,0.354,1.11111,0.266,0.55556,0.0,0.35,0.233,0.55556,0.55556,1770.38,1654,,,,103,0.0,0.268,
2025/04/14 00:00,2025-04-14,Paradise_WA,46.783333,-121.733333,0.353,1.11111,0.263,0.55556,7.0,0.35,0.231,0.55556,0.55556,1772.92,1654,,,,104,0.0,0.266,
2025/04/15 00:00,2025-04-15,Paradise_WA,46.783333,-121.733333,0.353,1.11111,0.264,0.55556,11.7778,0.35,0.231,0.55556,0.55556,1772.92,1654,,,,105,0.0,0.263,
2025/04/16 00:00,2025-04-16,Paradise_WA,46.783333,-121.733333,0.353,1.11111,0.267,0.55556,9.77778,0.35,0.232,0.55556,0.55556,1770.38,1654,,,,106,0.0,0.264,
2025/04/17 00:00,2025-04-17,Paradise_WA,46.783333,-121.733333,0.354,1.11111,0.271,0.55556,6.72222,0.35,0.233,0.55556,0.55556,1775.46,1654,277.3854885057471,0.09358096934369604,0.05113781988620758,107,0.05113781988620758,0.267,
2025/04/18 00:00,2025-04-18,Paradise_WA,46.783333,-121.733333,0.354,1.11111,0.273,0.55556,6.77778,0.35,0.235,0.55556,0.55556,1775.46,1654,,,,108,0.05113781988620758,0.271,
2025/04/19 00:00,2025-04-19,Paradise_WA,46.783333,-121.733333,0.355,1.11111,0.275,0.55556,10.3889,0.351,0.236,0.55556,0.55556,1772.92,1654,,,,109,0.05113781988620758,0.273,
2025/04/20 00:00,2025-04-20,Paradise_WA,46.783333,-121.733333,0.356,1.11111,0.278,0.55556,4.11111,0.351,0.237,0.55556,0.55556,1775.46,1654,,,,110,0.0,0.275,
2025/04/21 00:00,2025-04-21,Paradise_WA,46.783333,-121.733333,0.355,1.11111,0.273,0.55556,0.0,0.351,0.236,0.55556,0.55556,1780.54,1654,,,,111,0.0,0.278,
2025/04/22 00:00,2025-04-22,Paradise_WA,46.783333,-121.733333,0.355,1.11111,0.269,0.55556,-0.38889,0.35,0.235,0.55556,0.55556,1788.16,1654,,,,112,0.0,0.273,
2025/04/23 00:00,2025-04-23,Paradise_WA,46.783333,-121.733333,0.354,1.11111,0.265,0.55556,3.5,0.35,0.234,0.55556,0.55556,1788.16,1654,,,,113,0.0,0.269,
2025/04/24 00:00,2025-04-24,Paradise_WA,46.783333,-121.733333,0.354,1.11111,0.266,0.55556,8.5,0.349,0.234,0.55556,0.55556,1788.16,1654,278.43708735632185,0.09358096934369604,0.1495993584394455,114,0.1495993584394455,0.265,
2025/04/25 00:00,2025-04-25,Paradise_WA,46.783333,-121.733333,0.354,1.11111,0.27,0.55556,10.3889,0.35,0.234,0.55556,0.55556,1783.08,1654,,,,115,0.1495993584394455,0.266,
2025/04/26 00:00,2025-04-26,Paradise_WA,46.783333,-121.733333,0.355,1.11111,0.278,0.55556,12.2778,0.351,0.237,0.55556,0.55556,1798.32,1654,,,,116,0.1495993584394455,0.27,
2025/04/27 00:00,2025-04-27,Paradise_WA,46.783333,-121.733333,0.356,1.11111,0.283,0.55556,7.88889,0.351,0.239,0.55556,0.55556,1803.4,1654,,,,117,0.0,0.278,
2025/04/28 00:00,2025-04-28,Paradise_WA,46.783333,-121.733333,0.357,0.55556,0.285,0.0,1.22222,0.353,0.242,0.55556,0.55556,1800.86,1654,,,,118,0.0,0.283,
2025/04/29 00:00,2025-04-29,Paradise_WA,46.783333,-121.733333,0.357,0.55556,0.281,0.0,3.5,0.352,0.241,0.55556,0.55556,1785.62,1654,,,,119,0.0,0.285,
2025/04/30 00:00,2025-04-30,Paradise_WA,46.783333,-121.733333,0.357,0.55556,0.299,0.0,5.11111,0.353,0.243,0.55556,0.55556,1803.4,1654,,,,120,0.0,0.281,
2025/05/01 00:00,2025-05-01,Paradise_WA,46.783333,-121.733333,0.358,0.55556,0.293,0.0,7.72222,0.355,0.246,0.55556,0.0,1780.54,1654,282.17927068965514,,0.15623396635055542,121,0.15623396635055542,0.299,
2025/05/02 00:00,2025-05-02,Paradise_WA,46.783333,-121.733333,0.359,0.55556,0.303,0.0,14.7222,0.355,0.249,0.55556,0.0,1765.3,1654,,,,122,0.15623396635055542,0.293,
2025/05/03 00:00,2025-05-03,Paradise_WA,46.783333,-121.733333,0.36,0.55556,0.309,0.0,10.2778,0.357,0.253,0.0,0.0,1750.06,1654,,,,123,0.15623396635055542,0.303,
2025/05/04 00:00,2025-05-04,Paradise_WA,46.783333,-121.733333,0.361,0.55556,0.296,0.0,0.38889,0.36,0.254,0.0,0.0,1739.9,1654,,,,124,0.0,0.309,
2025/05/05 00:00,2025-05-05,Paradise_WA,46.783333,-121.733333,0.361,0.55556,0.293,0.0,4.77778,0.359,0.252,0.0,0.0,1722.12,1654,,,,125,0.0,0.296,
2025/05/06 00:00,2025-05-06,Paradise_WA,46.783333,-121.733333,0.36,0.55556,0.29,0.0,10.6111,0.358,0.25,0.0,0.0,1711.96,1654,,,,126,0.0,0.293,
2025/05/07 00:00,2025-05-07,Paradise_WA,46.783333,-121.733333,0.361,0.55556,0.302,0.0,13.7778,0.361,0.255,0.0,0.0,1706.88,1654,,,,127,0.0,0.29,
2025/05/08 00:00,2025-05-08,Paradise_WA,46.783333,-121.733333,0.362,0.55556,0.305,0.0,5.88889,0.363,0.258,0.0,0.0,1701.8,1654,281.7790267241379,0.0863070002158895,0.07392627745866776,128,0.07392627745866776,0.302,
2025/05/09 00:00,2025-05-09,Paradise_WA,46.783333,-121.733333,0.362,0.55556,0.302,0.0,8.27778,0.363,0.258,0.0,0.0,1689.1,1654,,,,129,0.07392627745866776,0.305,
2025/05/10 00:00,2025-05-10,Paradise_WA,46.783333,-121.733333,0.363,0.55556,0.314,0.0,12.7778,0.363,0.26,0.0,0.0,1673.86,1654,,,,130,0.07392627745866776,0.302,
2025/05/11 00:00,2025-05-11,Paradise_WA,46.783333,-121.733333,0.363,0.55556,0.309,0.0,5.88889,0.364,0.262,0.0,0.0,1666.24,1654,,,,131,0.0,0.314,
2025/05/12 00:00,2025-05-12,Paradise_WA,46.783333,-121.733333,0.363,0.55556,0.301,0.0,3.11111,0.363,0.261,0.0,0.0,1658.62,1654,,,,132,0.0,0.309,
2025/05/13 00:00,2025-05-13,Paradise_WA,46.783333,-121.733333,0.362,0.55556,0.3,0.0,3.22222,0.362,0.26,0.0,0.0,1653.54,1654,,,,133,0.0,0.301,
2025/05/14 00:00,2025-05-14,Paradise_WA,46.783333,-121.733333,0.363,0.55556,0.313,0.0,2.38889,0.362,0.265,0.0,0.0,1651.0,1654,,,,134,0.0,0.3,
2025/05/15 00:00,2025-05-15,Paradise_WA,46.783333,-121.733333,0.364,0.55556,0.315,0.0,1.27778,0.363,0.267,0.0,0.0,1645.92,1654,277.86982758620684,0.0863070002158895,0.1719711422920227,135,0.1719711422920227,0.313,
2025/05/16 00:00,2025-05-16,Paradise_WA,46.783333,-121.733333,0.363,0.55556,0.3,0.0,0.27778,0.362,0.262,0.0,0.0,1643.38,1654,,,,136,0.1719711422920227,0.315,
2025/05/17 00:00,2025-05-17,Paradise_WA,46.783333,-121.733333,0.361,0.55556,0.292,0.0,3.5,0.359,0.257,0.0,0.0,1658.62,1654,,,,137,0.1719711422920227,0.3,
2025/05/18 00:00,2025-05-18,Paradise_WA,46.783333,-121.733333,0.362,0.55556,0.32,0.0,2.38889,0.36,0.263,0.0,0.0,1645.92,1654,,,,138,0.0,0.292,
2025/05/19 00:00,2025-05-19,Paradise_WA,46.783333,-121.733333,0.364,0.55556,0.307,0.0,2.61111,0.363,0.266,0.0,0.0,1658.62,1654,,,,139,0.0,0.32,
2025/05/20 00:00,2025-05-20,Paradise_WA,46.783333,-121.733333,0.367,0.55556,0.34,0.0,2.88889,0.365,0.281,0.0,0.0,1651.0,1654,,,,140,0.0,0.307,
2025/05/21 00:00,2025-05-21,Paradise_WA,46.783333,-121.733333,0.364,0.55556,0.307,0.0,0.77778,0.364,0.271,0.0,0.0,1653.54,1654,,,,141,0.0,0.34,
2025/05/22 00:00,2025-05-22,Paradise_WA,46.783333,-121.733333,0.363,0.55556,0.314,0.0,8.77778,0.361,0.267,0.0,0.0,1635.76,1654,284.89457155172414,0.09835098769430052,0.18844550848007202,142,0.18844550848007202,0.307,
2025/05/23 00:00,2025-05-23,Paradise_WA,46.783333,-121.733333,0.365,0.55556,0.33,0.0,5.0,0.365,0.279,0.0,0.0,1628.14,1654,,,,143,0.18844550848007202,0.314,
2025/05/24 00:00,2025-05-24,Paradise_WA,46.783333,-121.733333,0.366,0.55556,0.344,0.0,9.72222,0.365,0.281,0.0,0.0,1612.9,1654,,,,144,0.18844550848007202,0.33,
2025/05/25 00:00,2025-05-25,Paradise_WA,46.783333,-121.733333,0.369,0.55556,0.368,0.0,16.3889,0.367,0.309,0.0,0.0,1587.5,1654,,,,145,0.0,0.344,
2025/05/26 00:00,2025-05-26,Paradise_WA,46.783333,-121.733333,0.374,0.55556,0.374,0.0,13.1111,0.379,0.327,0.0,0.0,1557.02,1654,,,,146,0.0,0.368,
2025/05/27 00:00,2025-05-27,Paradise_WA,46.783333,-121.733333,0.374,0.55556,0.373,0.0,7.77778,0.374,0.322,0.0,0.0,1529.08,1654,,,,147,0.0,0.374,
2025/05/28 00:00,2025-05-28,Paradise_WA,46.783333,-121.733333,0.376,0.55556,0.379,0.0,17.1111,0.38,0.338,0.0,0.0,1498.6,1654,,,,148,0.0,0.373,
2025/05/29 00:00,2025-05-29,Paradise_WA,46.783333,-121.733333,0.382,0.55556,0.382,0.0,19.1111,0.382,0.362,0.0,0.0,1440.18,1654,285.98643657635466,0.09835098769430052,0.06107371672987938,149,0.06107371672987938,0.379,
2025/05/30 00:00,2025-05-30,Paradise_WA,46.783333,-121.733333,0.379,0.55556,0.38,0.0,8.38889,0.376,0.349,0.0,0.0,1427.48,1654,,,,150,0.06107371672987938,0.382,
2025/05/31 00:00,2025-05-31,Paradise_WA,46.783333,-121.733333,0.384,0.55556,0.384,0.0,19.0,0.382,0.364,0.0,0.0,1389.38,1654,,,,151,0.06107371672987938,0.38,
2025/06/01 00:00,2025-06-01,Paradise_WA,46.783333,-121.733333,0.383,0.55556,0.383,0.0,7.22222,0.379,0.358,0.0,0.0,1363.98,1654,,,,152,0.0,0.384,
2025/06/02 00:00,2025-06-02,Paradise_WA,46.783333,-121.733333,0.384,0.55556,0.384,0.0,10.7222,0.382,0.358,0.0,0.0,1325.88,1654,,,,153,0.0,0.383,
2025/06/03 00:00,2025-06-03,Paradise_WA,46.783333,-121.733333,0.381,0.55556,0.381,0.0,11.0,0.378,0.348,0.0,0.55556,1303.02,1654,,,,154,0.0,0.384,
2025/06/04 00:00,2025-06-04,Paradise_WA,46.783333,-121.733333,0.384,0.55556,0.373,0.0,11.2778,0.382,0.356,0.0,2.22222,1270.0,1654,,,,155,0.0,0.381,
2025/06/05 00:00,2025-06-05,Paradise_WA,46.783333,-121.733333,0.383,0.55556,0.349,0.55556,11.2778,0.381,0.353,0.55556,5.55556,1244.6,1654,288.9874562472012,0.20132332145941287,0.03366987034678459,156,0.03366987034678459,0.373,
2025/06/06 00:00,2025-06-06,Paradise_WA,46.783333,-121.733333,0.389,0.55556,0.343,2.22222,16.2778,0.383,0.356,0.55556,10.0,1201.42,1654,,,,157,0.03366987034678459,0.349,
2025/06/07 00:00,2025-06-07,Paradise_WA,46.783333,-121.733333,0.384,0.55556,0.321,4.44444,15.3889,0.381,0.334,1.11111,9.44444,1163.32,1654,,,,158,0.03366987034678459,0.343,
2025/06/08 00:00,2025-06-08,Paradise_WA,46.783333,-121.733333,0.388,1.11111,0.314,7.77778,19.5,0.383,0.345,2.77778,13.3333,1109.98,1654,,,,159,0.0,0.321,
2025/06/09 00:00,2025-06-09,Paradise_WA,46.783333,-121.733333,0.389,1.66667,0.309,10.5556,22.7778,0.384,0.344,5.55556,15.0,1043.94,1654,,,,160,0.0,0.314,
2025/06/10 00:00,2025-06-10,Paradise_WA,46.783333,-121.733333,0.385,2.22222,0.298,10.5556,22.2222,0.383,0.328,5.55556,15.5556,990.6,1654,,,,161,0.0,0.309,
2025/06/11 00:00,2025-06-11,Paradise_WA,46.783333,-121.733333,0.381,3.33333,0.276,10.5556,18.6111,0.381,0.309,6.11111,15.0,955.04,1654,,,,162,0.0,0.298,
2025/06/12 00:00,2025-06-12,Paradise_WA,46.783333,-121.733333,0.376,3.88889,0.266,11.1111,13.0,0.376,0.296,6.66667,14.4444,911.86,1654,289.436884544335,0.20132332145941287,0.0373237170279026,163,0.0373237170279026,0.276,
2025/06/13 00:00,2025-06-13,Paradise_WA,46.783333,-121.733333,0.371,3.88889,0.255,11.1111,10.8889,0.37,0.285,7.22222,14.4444,881.38,1654,,,,164,0.0373237170279026,0.266,
2025/06/14 00:00,2025-06-14,Paradise_WA,46.783333,-121.733333,0.364,3.88889,0.251,8.33333,3.38889,0.359,0.273,7.22222,8.88889,866.14,1654,,,,165,0.0373237170279026,0.255,
2025/06/15 00:00,2025-06-15,Paradise_WA,46.783333,-121.733333,0.362,3.88889,0.25,7.77778,7.77778,0.357,0.269,6.11111,8.88889,835.66,1654,,,,166,0.0,0.251,
2025/06/16 00:00,2025-06-16,Paradise_WA,46.783333,-121.733333,0.361,3.88889,0.242,9.44444,14.3889,0.356,0.264,6.11111,12.7778,795.02,1654,,,,167,0.0,0.25,
2025/06/17 00:00,2025-06-17,Paradise_WA,46.783333,-121.733333,0.359,3.88889,0.229,10.0,13.6111,0.355,0.258,6.66667,12.7778,756.92,1654,,,,168,0.0,0.242,
2025/06/18 00:00,2025-06-18,Paradise_WA,46.783333,-121.733333,0.356,4.44444,0.219,11.1111,14.6111,0.353,0.251,7.22222,13.8889,713.74,1654,,,,169,0.0,0.229,
2025/06/19 00:00,2025-06-19,Paradise_WA,46.783333,-121.733333,0.354,4.44444,0.211,10.5556,9.88889,0.352,0.247,8.33333,12.2222,670.56,1654,284.42709626436783,,0.10096153616905212,170,0.10096153616905212,0.219,
2025/06/20 00:00,2025-06-20,Paradise_WA,46.783333,-121.733333,0.351,5.0,0.205,11.1111,8.22222,0.351,0.241,7.77778,13.3333,632.46,1654,,,,171,0.10096153616905212,0.211,
2025/06/21 00:00,2025-06-21,Paradise_WA,46.783333,-121.733333,0.349,5.0,0.202,8.88889,2.61111,0.349,0.238,7.77778,9.44444,614.68,1654,,,,172,0.10096153616905212,0.205,
2025/06/22 00:00,2025-06-22,Paradise_WA,46.783333,-121.733333,0.354,5.0,0.207,6.66667,4.0,0.349,0.256,6.66667,7.22222,609.6,1654,,,,173,0.0,0.202,
2025/06/23 00:00,2025-06-23,Paradise_WA,46.783333,-121.733333,0.356,5.0,0.244,7.77778,8.22222,0.352,0.262,6.11111,8.88889,566.42,1654,,,,174,0.0,0.207,
2025/06/24 00:00,2025-06-24,Paradise_WA,46.783333,-121.733333,0.354,5.0,0.234,10.0,15.5,0.35,0.253,6.66667,12.2222,518.16,1654,,,,175,0.0,0.244,
2025/06/25 00:00,2025-06-25,Paradise_WA,46.783333,-121.733333,0.35,5.0,0.216,10.5556,16.7778,0.349,0.243,7.77778,12.2222,474.98,1654,,,,176,0.0,0.234,
2025/06/26 00:00,2025-06-26,Paradise_WA,46.783333,-121.733333,0.347,5.55556,0.207,11.1111,14.1111,0.347,0.235,8.33333,13.3333,426.72,1654,293.80544827586203,0.6160975172711574,0.09612179547548294,177,0.09612179547548294,0.216,
2025/06/27 00:00,2025-06-27,Paradise_WA,46.783333,-121.733333,0.343,5.55556,0.2,10.5556,10.0,0.345,0.23,8.88889,12.2222,386.08,1654,,,,178,0.09612179547548294,0.207,
2025/06/28 00:00,2025-06-28,Paradise_WA,46.783333,-121.733333,0.342,5.55556,0.204,9.44444,7.0,0.344,0.229,8.33333,9.44444,363.22,1654,,,,179,0.09612179547548294,0.2,
2025/06/29 00:00,2025-06-29,Paradise_WA,46.783333,-121.733333,0.344,5.55556,0.207,9.44444,13.2222,0.344,0.236,7.77778,11.1111,320.04,1654,,,,180,0.0,0.204,
2025/06/30 00:00,2025-06-30,Paradise_WA,46.783333,-121.733333,0.341,5.55556,0.198,11.6667,19.7222,0.343,0.225,8.33333,13.8889,269.24,1654,,,,181,0.0,0.207,
2025/07/01 00:00,2025-07-01,Paradise_WA,46.783333,-121.733333,0.335,6.11111,0.181,12.7778,23.0,0.342,0.211,10.0,15.5556,208.28,1654,,,,182,0.0,0.198,
2025/07/02 00:00,2025-07-02,Paradise_WA,46.783333,-121.733333,0.328,6.66667,0.163,13.8889,22.0,0.34,0.198,10.5556,15.5556,144.78,1654,,,,183,0.0,0.181,
2025/07/03 00:00,2025-07-03,Paradise_WA,46.783333,-121.733333,0.323,6.66667,0.151,12.7778,15.1111,0.339,0.192,11.1111,13.8889,68.58,1654,293.039722906404,,0.02798076905310154,184,0.02798076905310154,0.163,
2025/07/04 00:00,2025-07-04,Paradise_WA,46.783333,-121.733333,0.317,7.22222,0.14,12.2222,13.2778,0.337,0.181,10.5556,13.3333,17.78,1654,,,,185,0.02798076905310154,0.151,
2025/07/05 00:00,2025-07-05,Paradise_WA,46.783333,-121.733333,0.314,7.22222,0.134,10.5556,10.5,0.336,0.178,10.0,11.1111,20.32,1654,,,,186,0.02798076905310154,0.14,
2025/07/06 00:00,2025-07-06,Paradise_WA,46.783333,-121.733333,0.31,7.22222,0.131,11.1111,14.7778,0.334,0.174,9.44444,12.2222,,1654,,,,187,0.0,0.134,
2025/07/07 00:00,2025-07-07,Paradise_WA,46.783333,-121.733333,0.303,7.22222,0.117,11.6667,17.7778,0.332,0.16,9.44444,13.3333,,1654,,,,188,0.0,0.131,
2025/07/08 00:00,2025-07-08,Paradise_WA,46.783333,-121.733333,0.294,7.22222,0.1,12.2222,22.1111,0.331,0.144,10.0,14.4444,,1654,,,,189,0.0,0.117,
2025/07/09 00:00,2025-07-09,Paradise_WA,46.783333,-121.733333,0.284,7.22222,0.083,12.7778,22.1111,0.328,0.127,10.5556,15.0,,1654,,,,190,0.0,0.1,
2025/07/10 00:00,2025-07-10,Paradise_WA,46.783333,-121.733333,0.283,7.77778,0.076,12.2222,12.5,0.327,0.124,11.1111,12.7778,,1654,294.26705233990145,0.8107766731433511,0.010929486714303493,191,0.010929486714303493,0.083,
2025/07/11 00:00,2025-07-11,Paradise_WA,46.783333,-121.733333,0.284,7.77778,0.074,11.1111,11.6111,0.327,0.126,10.5556,11.1111,,1654,,,,192,0.010929486714303493,0.076,
2025/07/12 00:00,2025-07-12,Paradise_WA,46.783333,-121.733333,0.275,7.77778,0.068,11.6667,19.3889,0.325,0.116,10.0,13.8889,,1654,,,,193,0.010929486714303493,0.074,
2025/07/13 00:00,2025-07-13,Paradise_WA,46.783333,-121.733333,0.266,7.77778,0.061,12.7778,19.7778,0.323,0.105,10.5556,15.0,,1654,,,,194,0.0,0.068,
2025/07/14 00:00,2025-07-14,Paradise_WA,46.783333,-121.733333,0.255,7.77778,0.055,13.3333,24.7778,0.32,0.091,11.1111,15.5556,,1654,,,,195,0.0,0.061,
2025/07/15 00:00,2025-07-15,Paradise_WA,46.783333,-121.733333,0.254,7.77778,0.049,12.2222,16.6111,0.32,0.086,11.1111,13.3333,,1654,,,,196,0.0,0.055,
2025/07/16 00:00,2025-07-16,Paradise_WA,46.783333,-121.733333,0.239,8.33333,0.045,12.7778,21.2222,0.317,0.075,11.1111,15.0,,1654,,,,197,0.0,0.049,
2025/07/17 00:00,2025-07-17,Paradise_WA,46.783333,-121.733333,0.223,8.33333,0.042,13.3333,23.2778,0.314,0.065,11.1111,15.5556,,1654,292.9131862068966,0.8107766731433511,0.019967949017882347,198,0.019967949017882347,0.045,
2025/07/18 00:00,2025-07-18,Paradise_WA,46.783333,-121.733333,0.21,8.33333,0.038,13.3333,20.7222,0.311,0.058,11.1111,15.0,,1654,,,,199,0.019967949017882347,0.042,
2025/07/19 00:00,2025-07-19,Paradise_WA,46.783333,-121.733333,0.201,8.33333,0.034,12.7778,16.7778,0.308,0.054,11.1111,14.4444,,1654,,,,200,0.019967949017882347,0.038,
2025/07/20 00:00,2025-07-20,Paradise_WA,46.783333,-121.733333,0.189,8.33333,0.036,11.6667,15.2778,0.305,0.048,10.5556,12.7778,,1654,,,,201,0.0,0.034,
2025/07/21 00:00,2025-07-21,Paradise_WA,46.783333,-121.733333,0.19,8.33333,0.03,10.5556,11.0,0.303,0.046,10.0,10.5556,,1654,,,,202,0.0,0.036,
2025/07/22 00:00,2025-07-22,Paradise_WA,46.783333,-121.733333,0.194,8.33333,0.035,10.5556,10.5,0.305,0.048,9.44444,11.1111,,1654,,,,203,0.0,0.03,
2025/07/23 00:00,2025-07-23,Paradise_WA,46.783333,-121.733333,0.202,8.33333,0.035,11.6667,18.0,0.302,0.048,10.0,13.3333,,1654,,,,204,0.0,0.035,
2025/07/24 00:00,2025-07-24,Paradise_WA,46.783333,-121.733333,0.199,8.33333,0.031,11.6667,20.5,0.3,0.048,10.5556,13.3333,,1654,291.50452126436784,0.7961826640759931,0.051538459956645966,205,0.051538459956645966,0.035,
2025/07/25 00:00,2025-07-25,Paradise_WA,46.783333,-121.733333,0.19,8.33333,0.034,12.2222,18.8889,0.298,0.047,10.5556,14.4444,,1654,,,,206,0.051538459956645966,0.031,
2025/07/26 00:00,2025-07-26,Paradise_WA,46.783333,-121.733333,0.181,8.33333,0.03,12.2222,16.1111,0.294,0.045,10.5556,13.8889,,1654,,,,207,0.051538459956645966,0.034,
2025/07/27 00:00,2025-07-27,Paradise_WA,46.783333,-121.733333,0.173,8.33333,0.03,11.6667,12.7778,0.292,0.043,10.5556,13.3333,,1654,,,,208,0.0,0.03,
2025/07/28 00:00,2025-07-28,Paradise_WA,46.783333,-121.733333,0.164,8.33333,0.028,11.6667,17.0,0.287,0.042,10.0,13.3333,,1654,,,,209,0.0,0.03,
2025/07/29 00:00,2025-07-29,Paradise_WA,46.783333,-121.733333,0.152,8.33333,0.027,12.2222,20.2222,0.282,0.039,10.5556,13.8889,,1654,,,,210,0.0,0.028,
2025/07/30 00:00,2025-07-30,Paradise_WA,46.783333,-121.733333,0.14,8.33333,0.028,12.7778,22.7778,0.276,0.037,10.5556,15.0,,1654,,,,211,0.0,0.027,
2025/07/31 00:00,2025-07-31,Paradise_WA,46.783333,-121.733333,0.139,8.33333,0.03,12.7778,17.0,0.27,0.034,11.1111,13.8889,,1654,291.9227610837439,0.7961826640759931,0.06610576808452606,212,0.06610576808452606,0.028,
2025/08/01 00:00,2025-08-01,Paradise_WA,46.783333,-121.733333,0.141,8.33333,0.022,11.6667,15.2778,0.268,0.038,11.1111,12.2222,,1654,,,,213,0.06610576808452606,0.03,
2025/08/02 00:00,2025-08-02,Paradise_WA,46.783333,-121.733333,0.135,8.33333,0.028,12.7778,18.0,0.263,0.036,11.1111,14.4444,,1654,,,,214,0.06610576808452606,0.022,
2025/08/03 00:00,2025-08-03,Paradise_WA,46.783333,-121.733333,0.13,8.33333,0.028,12.7778,17.1111,0.257,0.034,11.1111,15.0,,1654,,,,215,0.0,0.028,
2025/08/04 00:00,2025-08-04,Paradise_WA,46.783333,-121.733333,0.128,8.33333,0.027,12.2222,10.5,0.251,0.033,11.1111,13.3333,,1654,,,,216,0.0,0.028,
2025/08/05 00:00,2025-08-05,Paradise_WA,46.783333,-121.733333,0.13,8.33333,0.026,10.5556,8.22222,0.251,0.034,10.5556,10.5556,,1654,,,,217,0.0,0.027,
2025/08/06 00:00,2025-08-06,Paradise_WA,46.783333,-121.733333,0.129,8.33333,0.022,11.1111,15.3889,0.248,0.031,10.0,12.2222,,1654,,,,218,0.0,0.026,
2025/08/07 08:00,2025-08-07,Paradise_WA,46.783333,-121.733333,,,,,,,,,,0.0,1654,292.4890172413793,0.7721910837651124,0.015753204002976418,219,0.015753204002976418,0.022,
2025/08/08 00:00,2025-08-08,Paradise_WA,46.783333,-121.733333,0.276,8.88889,0.022,10.0,7.0,0.327,0.034,10.0,9.44444,,1654,,,,220,0.015753204002976418,,
2025/08/09 00:00,2025-08-09,Paradise_WA,46.783333,-121.733333,0.27,8.33333,0.027,11.1111,15.3889,0.316,0.038,9.44444,13.3333,,1654,,,,221,0.015753204002976418,0.022,
2025/08/10 00:00,2025-08-10,Paradise_WA,46.783333,-121.733333,0.263,8.33333,0.029,12.2222,17.6111,0.31,0.041,10.0,14.4444,,1654,,,,222,0.0,0.027,
2025/08/11 00:00,2025-08-11,Paradise_WA,46.783333,-121.733333,0.25,8.33333,0.031,13.3333,23.1111,0.303,0.045,11.1111,16.1111,,1654,,,,223,0.0,0.029,
2025/08/12 00:00,2025-08-12,Paradise_WA,46.783333,-121.733333,0.236,8.88889,0.032,14.4444,24.7222,0.296,0.045,11.6667,16.6667,,1654,,,,224,0.0,0.031,
2025/08/13 00:00,2025-08-13,Paradise_WA,46.783333,-121.733333,0.219,8.88889,0.031,15.0,24.1111,0.29,0.045,12.2222,17.2222,,1654,,,,225,0.0,0.032,
2025/08/14 00:00,2025-08-14,Paradise_WA,46.783333,-121.733333,0.205,9.44444,0.03,14.4444,16.6111,0.284,0.042,12.2222,16.1111,,1654,292.2772644704434,0.7721910837651124,0.017868589609861374,226,0.017868589609861374,0.031,
2025/08/15 00:00,2025-08-15,Paradise_WA,46.783333,-121.733333,0.201,9.44444,0.025,12.7778,14.3889,0.281,0.041,12.2222,13.3333,,1654,,,,227,0.017868589609861374,0.03,
2025/08/16 00:00,2025-08-16,Paradise_WA,46.783333,-121.733333,0.255,9.44444,0.027,11.6667,11.3889,0.337,0.09,11.6667,11.6667,,1654,,,,228,0.017868589609861374,0.025,
2025/08/17 00:00,2025-08-17,Paradise_WA,46.783333,-121.733333,0.332,10.5556,0.026,11.6667,11.5,0.353,0.12,11.6667,12.2222,,1654,,,,229,0.0,0.027,
2025/08/18 00:00,2025-08-18,Paradise_WA,46.783333,-121.733333,0.329,10.0,0.032,12.2222,13.3889,0.345,0.132,11.1111,13.8889,,1654,,,,230,0.0,0.026,
2025/08/19 00:00,2025-08-19,Paradise_WA,46.783333,-121.733333,0.324,10.0,0.033,12.2222,13.6111,0.34,0.134,11.1111,13.8889,,1654,,,,231,0.0,0.032,
2025/08/20 00:00,2025-08-20,Paradise_WA,46.783333,-121.733333,0.318,9.44444,0.035,12.2222,15.2222,0.336,0.133,11.1111,14.4444,,1654,,,,232,0.0,0.033,
2025/08/21 00:00,2025-08-21,Paradise_WA,46.783333,-121.733333,0.314,9.44444,0.034,12.7778,14.1111,0.333,0.132,11.1111,14.4444,,1654,294.3238402093596,,0.05128204822540283,233,0.05128204822540283,0.035,
2025/08/22 00:00,2025-08-22,Paradise_WA,46.783333,-121.733333,0.305,9.44444,0.034,12.2222,17.8889,0.329,0.125,11.1111,14.4444,,1654,,,,234,0.05128204822540283,0.034,
2025/08/23 00:00,2025-08-23,Paradise_WA,46.783333,-121.733333,0.294,9.44444,0.036,13.3333,24.0,0.326,0.116,11.6667,15.5556,,1654,,,,235,0.05128204822540283,0.034,
2025/08/24 00:00,2025-08-24,Paradise_WA,46.783333,-121.733333,0.28,9.44444,0.035,13.8889,25.2778,0.321,0.102,11.6667,16.1111,,1654,,,,236,0.0,0.036,
2025/08/25 00:00,2025-08-25,Paradise_WA,46.783333,-121.733333,0.271,9.44444,0.036,14.4444,24.7222,0.318,0.093,12.2222,16.6667,,1654,,,,237,0.0,0.035,
2025/08/26 00:00,2025-08-26,Paradise_WA,46.783333,-121.733333,0.259,10.0,0.035,14.4444,23.2222,0.315,0.086,12.7778,17.2222,,1654,,,,238,0.0,0.036,
2025/08/27 00:00,2025-08-27,Paradise_WA,46.783333,-121.733333,0.252,10.0,0.035,15.0,20.3889,0.312,0.079,12.7778,17.2222,,1654,,,,239,0.0,0.035,
2025/08/28 00:00,2025-08-28,Paradise_WA,46.783333,-121.733333,0.253,10.0,0.031,13.8889,14.8889,0.311,0.082,12.7778,14.4444,,1654,295.4180293103449,0.693519872625216,0.0469711534678936,240,0.0469711534678936,0.035,
2025/08/29 00:00,2025-08-29,Paradise_WA,46.783333,-121.733333,0.247,10.0,0.035,14.4444,18.7778,0.309,0.077,12.2222,16.6667,,1654,,,,241,0.0469711534678936,0.031,
2025/08/30 00:00,2025-08-30,Paradise_WA,46.783333,-121.733333,0.238,10.0,0.035,14.4444,20.2222,0.306,0.075,12.2222,17.2222,,1654,,,,242,0.0469711534678936,0.035,
2025/08/31 00:00,2025-08-31,Paradise_WA,46.783333,-121.733333,0.233,10.0,0.031,13.3333,18.1111,0.302,0.071,12.2222,14.4444,,1654,,,,243,0.0,0.035,
2025/09/01 00:00,2025-09-01,Paradise_WA,46.783333,-121.733333,0.224,10.0,0.033,13.8889,18.3889,0.299,0.069,12.2222,16.6667,,1654,,,,244,0.0,0.031,
2025/09/02 00:00,2025-09-02,Paradise_WA,46.783333,-121.733333,0.219,10.0,0.033,13.3333,18.2778,0.296,0.067,12.2222,15.5556,,1654,,,,245,0.0,0.033,
2025/09/03 00:00,2025-09-03,Paradise_WA,46.783333,-121.733333,0.209,10.0,0.033,14.4444,24.8889,0.292,0.061,12.2222,17.2222,,1654,,,,246,0.0,0.033,
2025/09/04 00:00,2025-09-04,Paradise_WA,46.783333,-121.733333,0.199,10.0,0.034,15.0,21.7778,0.287,0.059,12.2222,17.7778,,1654,293.3650840517242,0.693519872625216,0.05935897305607796,247,0.05935897305607796,0.033,
2025/09/05 00:00,2025-09-05,Paradise_WA,46.783333,-121.733333,0.191,10.0,0.033,15.0,22.0,0.283,0.056,12.7778,16.6667,,1654,,,,248,0.05935897305607796,0.034,
2025/09/06 00:00,2025-09-06,Paradise_WA,46.783333,-121.733333,0.184,10.5556,0.032,14.4444,19.6111,0.28,0.053,12.7778,16.6667,,1654,,,,249,0.05935897305607796,0.033,
2025/09/07 00:00,2025-09-07,Paradise_WA,46.783333,-121.733333,0.182,10.5556,0.033,14.4444,19.5,0.276,0.053,12.7778,16.1111,,1654,,,,250,0.0,0.032,
2025/09/08 00:00,2025-09-08,Paradise_WA,46.783333,-121.733333,0.273,10.5556,0.032,13.3333,11.7222,0.317,0.05,12.2222,13.8889,,1654,,,,251,0.0,0.033,
2025/09/09 00:00,2025-09-09,Paradise_WA,46.783333,-121.733333,0.269,10.5556,0.032,13.3333,15.5,0.311,0.05,11.6667,15.0,,1654,,,,252,0.0,0.032,
2025/09/10 00:00,2025-09-10,Paradise_WA,46.783333,-121.733333,0.266,10.5556,0.032,13.3333,12.3889,0.307,0.052,11.6667,14.4444,,1654,,,,253,0.0,0.032,
2025/09/11 00:00,2025-09-11,Paradise_WA,46.783333,-121.733333,0.262,10.5556,0.032,13.3333,13.5,0.303,0.053,11.6667,15.5556,,1654,289.55506570881226,0.736161663428325,0.0573878213763237,254,0.0573878213763237,0.032,
2025/09/12 00:00,2025-09-12,Paradise_WA,46.783333,-121.733333,0.262,10.0,0.031,12.7778,10.8889,0.302,0.055,11.6667,13.3333,,1654,,,,255,0.0573878213763237,0.032,
2025/09/13 00:00,2025-09-13,Paradise_WA,46.783333,-121.733333,0.259,10.0,0.033,12.2222,13.7778,0.3,0.057,11.6667,14.4444,,1654,,,,256,0.0573878213763237,0.031,
2025/09/14 00:00,2025-09-14,Paradise_WA,46.783333,-121.733333,0.254,10.0,0.033,12.7778,16.5,0.296,0.058,11.1111,15.5556,,1654,,,,257,0.0,0.033,
2025/09/15 01:00,2025-09-15,Paradise_WA,46.783333,-121.733333,0.268,10.0,0.031,11.6667,6.11111,0.297,0.059,11.1111,11.6667,,1654,,,,258,0.0,0.033,
2025/09/16 00:00,2025-09-16,Paradise_WA,46.783333,-121.733333,0.264,10.0,0.032,11.1111,13.5,0.295,0.059,10.0,13.3333,,1654,,,,259,0.0,0.031,
2025/09/17 00:00,2025-09-17,Paradise_WA,46.783333,-121.733333,0.259,9.44444,0.033,12.2222,17.6111,0.292,0.059,10.5556,14.4444,,1654,,,,260,0.0,0.032,
2025/09/18 00:00,2025-09-18,Paradise_WA,46.783333,-121.733333,0.254,9.44444,0.032,12.2222,16.0,0.289,0.061,10.5556,15.0,,1654,289.827396708464,0.736161663428325,0.016891025006771088,261,0.016891025006771088,0.033,
2025/09/19 00:00,2025-09-19,Paradise_WA,46.783333,-121.733333,0.251,9.44444,0.032,11.6667,13.1111,0.287,0.062,10.5556,13.8889,,1654,,,,262,0.016891025006771088,0.032,
2025/09/20 00:00,2025-09-20,Paradise_WA,46.783333,-121.733333,0.246,9.44444,0.033,11.6667,17.2222,0.284,0.061,10.5556,14.4444,,1654,,,,263,0.016891025006771088,0.032,
2025/09/21 00:00,2025-09-21,Paradise_WA,46.783333,-121.733333,0.241,9.44444,0.032,11.6667,15.6111,0.281,0.059,10.0,13.8889,,1654,,,,264,0.0,0.033,
2025/09/22 00:00,2025-09-22,Paradise_WA,46.783333,-121.733333,0.26,9.44444,0.03,11.1111,7.5,0.295,0.059,10.0,12.7778,,1654,,,,265,0.0,0.032,
2025/09/23 00:00,2025-09-23,Paradise_WA,46.783333,-121.733333,0.27,9.44444,0.031,10.5556,14.2222,0.291,0.061,9.44444,12.2222,,1654,,,,266,0.0,0.03,
2025/09/24 00:00,2025-09-24,Paradise_WA,46.783333,-121.733333,0.266,9.44444,0.033,11.1111,20.2778,0.287,0.062,9.44444,13.3333,,1654,,,,267,0.0,0.031,
2025/09/25 00:00,2025-09-25,Paradise_WA,46.783333,-121.733333,0.262,8.88889,0.033,11.1111,15.8889,0.284,0.062,9.44444,13.3333,,1654,287.99292840038316,0.6706919635146807,0.05514422804117203,268,0.05514422804117203,0.033,
2025/09/26 00:00,2025-09-26,Paradise_WA,46.783333,-121.733333,0.259,8.88889,0.032,10.5556,8.0,0.282,0.064,9.44444,12.2222,,1654,,,,269,0.05514422804117203,0.033,
2025/09/27 00:00,2025-09-27,Paradise_WA,46.783333,-121.733333,0.256,8.88889,0.031,9.44444,10.7778,0.281,0.064,8.88889,10.5556,,1654,,,,270,0.05514422804117203,0.032,
2025/09/28 00:00,2025-09-28,Paradise_WA,46.783333,-121.733333,0.251,8.88889,0.03,10.5556,15.3889,0.278,0.064,8.88889,12.7778,,1654,,,,271,0.0,0.031,
2025/09/29 00:00,2025-09-29,Paradise_WA,46.783333,-121.733333,0.246,8.88889,0.029,10.5556,14.6111,0.275,0.062,8.88889,12.2222,,1654,,,,272,0.0,0.03,
2025/09/30 00:00,2025-09-30,Paradise_WA,46.783333,-121.733333,0.248,8.88889,0.03,9.44444,7.11111,0.273,0.077,8.88889,9.44444,,1654,,,,273,0.0,0.029,
2025/10/01 00:00,2025-10-01,Paradise_WA,46.783333,-121.733333,0.277,8.33333,0.03,8.33333,6.11111,0.281,0.078,8.33333,9.44444,,1654,,,,274,0.0,0.03,
2025/10/02 00:00,2025-10-02,Paradise_WA,46.783333,-121.733333,0.318,8.33333,0.027,7.77778,4.77778,0.352,0.075,7.77778,7.22222,0.0,1654,283.8411892446634,0.6706919635146807,0.048798076808452606,275,0.048798076808452606,0.03,
2025/10/03 00:00,2025-10-03,Paradise_WA,46.783333,-121.733333,0.319,8.33333,0.027,7.22222,6.72222,0.344,0.08,7.22222,7.77778,,1654,,,,276,0.048798076808452606,0.027,
2025/10/04 00:00,2025-10-04,Paradise_WA,46.783333,-121.733333,0.319,7.77778,0.029,7.22222,7.22222,0.34,0.087,6.66667,7.77778,,1654,,,,277,0.048798076808452606,0.027,
2025/10/05 00:00,2025-10-05,Paradise_WA,46.783333,-121.733333,0.325,7.77778,0.029,7.22222,5.27778,0.341,0.095,7.22222,7.77778,0.0,1654,,,,278,0.0,0.029,
2025/10/06 00:00,2025-10-06,Paradise_WA,46.783333,-121.733333,0.324,7.77778,0.029,6.66667,8.38889,0.342,0.103,6.66667,7.77778,,1654,,,,279,0.0,0.029,
2025/10/07 00:00,2025-10-07,Paradise_WA,46.783333,-121.733333,0.322,7.77778,0.031,7.22222,12.7778,0.339,0.107,6.66667,8.33333,,1654,,,,280,0.0,0.029,
2025/10/08 00:00,2025-10-08,Paradise_WA,46.783333,-121.733333,0.321,7.22222,0.033,7.77778,13.1111,0.336,0.108,7.22222,9.44444,,1654,,,,281,0.0,0.031,
2025/10/09 00:00,2025-10-09,Paradise_WA,46.783333,-121.733333,0.319,7.22222,0.031,7.22222,7.61111,0.333,0.111,6.66667,7.77778,,1654,281.4576260262726,,0.09195512533187866,282,0.09195512533187866,0.033,
2025/10/10 00:00,2025-10-10,Paradise_WA,46.783333,-121.733333,0.33,7.22222,0.034,7.77778,11.6111,0.346,0.118,6.66667,8.88889,,1654,,,,283,0.09195512533187866,0.031,
2025/10/11 00:00,2025-10-11,Paradise_WA,46.783333,-121.733333,0.329,7.2222,0.035,7.7778,5.0,0.343,0.121,7.2222,8.3333,,1654,,,,284,0.09195512533187866,0.034,
2025/10/12 00:00,2025-10-12,Paradise_WA,46.783333,-121.733333,0.336,7.2222,0.032,6.1111,2.2222,0.348,0.126,6.6667,5.5556,2.54,1654,,,,285,0.0,0.035,
2025/10/13 00:00,2025-10-13,Paradise_WA,46.783333,-121.733333,0.335,7.2222,0.032,4.4444,-1.7222,0.348,0.13,5.5556,3.8889,12.7,1654,,,,286,0.0,0.032,
2025/10/14 00:00,2025-10-14,Paradise_WA,46.783333,-121.733333,0.334,6.6667,0.034,3.8889,0.7778,0.346,0.132,5.0,3.3333,7.62,1654,,,,287,0.0,0.032,
2025/10/15 00:00,2025-10-15,Paradise_WA,46.783333,-121.733333,0.334,6.6667,0.035,3.3333,3.1111,0.345,0.132,4.4444,3.3333,7.62,1654,,,,288,0.0,0.034,
2025/10/16 00:00,2025-10-16,Paradise_WA,46.783333,-121.733333,0.334,6.1111,0.037,3.3333,4.6111,0.344,0.133,3.8889,3.8889,2.54,1654,277.3044060344828,0.3719154954663212,0.13211537897586823,289,0.13211537897586823,0.035,
2025/10/17 00:00,2025-10-17,Paradise_WA,46.783333,-121.733333,0.334,6.1111,0.041,3.3333,5.1111,0.344,0.136,3.8889,3.3333,2.54,1654,,,,290,0.13211537897586823,0.037,
2025/10/18 00:00,2025-10-18,Paradise_WA,46.783333,-121.733333,0.335,5.5556,0.044,3.8889,2.3889,0.345,0.138,3.8889,4.4444,5.08,1654,,,,291,0.13211537897586823,0.041,
2025/10/19 00:00,2025-10-19,Paradise_WA,46.783333,-121.733333,0.335,5.5556,0.046,3.8889,1.7222,0.345,0.14,3.8889,4.4444,5.08,1654,,,,292,0.0,0.044,
2025/10/20 00:00,2025-10-20,Paradise_WA,46.783333,-121.733333,0.348,5.0,0.05,3.3333,0.7778,0.364,0.147,3.8889,2.7778,22.86,1654,,,,293,0.0,0.046,
2025/10/21 00:00,2025-10-21,Paradise_WA,46.783333,-121.733333,0.347,5.0,0.056,2.7778,2.2222,0.359,0.15,2.7778,2.7778,12.7,1654,,,,294,0.0,0.05,
2025/10/22 00:00,2025-10-22,Paradise_WA,46.783333,-121.733333,0.343,4.4444,0.064,2.7778,10.1111,0.354,0.15,2.7778,3.3333,7.62,1654,,,,295,0.0,0.056,
2025/10/23 00:00,2025-10-23,Paradise_WA,46.783333,-121.733333,0.342,4.4444,0.069,3.3333,4.3889,0.351,0.151,2.7778,4.4444,5.08,1654,278.4680509745128,,0.23086178302764893,296,0.23086178302764893,0.064,
2025/10/24 00:00,2025-10-24,Paradise_WA,46.783333,-121.733333,0.341,4.4444,0.074,3.8889,6.5,0.35,0.152,3.3333,5.0,2.54,1654,,,,297,0.23086178302764893,0.069,
2025/10/25 00:00,2025-10-25,Paradise_WA,46.783333,-121.733333,0.352,4.4444,0.08,4.4444,3.0,0.366,0.168,3.8889,4.4444,7.62,1654,,,,298,0.23086178302764893,0.074,
2025/10/26 00:00,2025-10-26,Paradise_WA,46.783333,-121.733333,0.348,4.4444,0.088,2.7778,-0.2778,0.356,0.162,3.3333,2.2222,17.78,1654,,,,299,0.0,0.08,
2025/10/27 00:00,2025-10-27,Paradise_WA,46.783333,-121.733333,0.346,4.4444,0.092,2.2222,-2.0,0.353,0.161,2.7778,2.2222,60.96,1654,,,,300,0.0,0.088,
2025/10/28 00:00,2025-10-28,Paradise_WA,46.783333,-121.733333,0.344,4.4444,0.097,2.2222,-0.7778,0.351,0.161,2.7778,1.6667,71.12,1654,,,,301,0.0,0.092,
2025/10/29 00:00,2025-10-29,Paradise_WA,46.783333,-121.733333,0.343,4.4444,0.099,2.2222,3.3889,0.349,0.161,2.7778,1.6667,71.12,1654,,,,302,0.0,0.097,
2025/10/30 00:00,2025-10-30,Paradise_WA,46.783333,-121.733333,0.351,3.8889,0.108,1.6667,0.5,0.359,0.167,2.2222,1.6667,73.66,1654,,,,303,0.0,0.099,
2025/10/31 00:00,2025-10-31,Paradise_WA,46.783333,-121.733333,0.348,3.8889,0.111,1.6667,4.2778,0.354,0.165,2.2222,1.6667,71.12,1654,,,,304,0.0,0.108,
2025/11/01 00:00,2025-11-01,Paradise_WA,46.783333,-121.733333,0.361,3.8889,0.114,1.6667,4.7778,0.352,0.178,2.2222,1.6667,73.66,1654,,,,305,0.0,0.111,
