id,group,Configuration,year,R2,RMSE,ubRMSE,Bias,MAE,Med|Err|,Pearson
0,R,Baseline (MAE),2023,0.6286137856015258,0.06557002796195226,0.056858542586388956,-0.032657842877212094,0.05093342348240909,0.040527701795101165,0.8505296441903948
0,R,Baseline (MAE),2024,0.6426619427332015,0.059660328962781096,0.05717137441133702,-0.017052530697665734,0.044484613916755365,0.03499144625663758,0.8300334966300058
0,R,Baseline (MAE),2025,0.6431329411058709,0.06256616635110579,0.061490587413862936,-0.011551312966118629,0.04697668076923983,0.034042938649654395,0.8107500565120106
1,R,Baseline (MSE),2023,0.6421278052504812,0.06436599063898231,0.0565010360584574,-0.030832023562299048,0.05027781573203749,0.04060023653507233,0.8529955484156767
1,R,Baseline (MSE),2024,0.6390821368102906,0.05995842227552798,0.05682511207100823,-0.019129010450827606,0.044152560547851966,0.033861688375473015,0.8313858692000247
1,R,Baseline (MSE),2025,0.6418525270395099,0.06267830736873893,0.061838714243750176,-0.010224658074565797,0.045788538365941746,0.03196871411800385,0.8109008554740273
2,R,1.3-lite SOTA Control,2023,0.6581391110555392,0.06290963829446283,0.055166558201206084,-0.030236955006658885,0.04901719473137528,0.0401684079170227,0.860206904415779
2,R,1.3-lite SOTA Control,2024,0.6402997960373009,0.05985719341326762,0.05641801414891379,-0.019997281850375498,0.043955129354391616,0.033430026382207864,0.8348628548726832
2,R,1.3-lite SOTA Control,2025,0.6395813917112713,0.06287672557309346,0.06221278576390011,-0.00911328175680054,0.045967790833042796,0.03112515792250633,0.8094497661804674
3,R,1.4 SOTA Control,2023,0.664694917855339,0.06230351475127825,0.05462396991632656,-0.029965811537059753,0.04844483228951583,0.04073866176605223,0.8623079254512778
3,R,1.4 SOTA Control,2024,0.6333585259878378,0.06043197709023926,0.05673502430684767,-0.020812517071669957,0.0442456137515464,0.03393895435333252,0.8313953836594633
3,R,1.4 SOTA Control,2025,0.6502578272851909,0.0619384475836705,0.06108572241900851,-0.01024235355170418,0.04512297604012909,0.031107577681541446,0.8155128639865609
4,R,1.4 SOTA Est=3000,2023,0.6646193861878307,0.06231053167948208,0.05464867851455688,-0.029935335205696797,0.04845391974850311,0.040669196724891665,0.8621856395238048
4,R,1.4 SOTA Est=3000,2024,0.633523225820813,0.06041840217406438,0.056738878107545736,-0.020762539148864407,0.04425040157092125,0.03400055360794069,0.8314137209345484
4,R,1.4 SOTA Est=3000,2025,0.6503868845710705,0.06192701867100184,0.061074240134350394,-0.010241720247879515,0.04510670801064222,0.030952403843402858,0.8155987808870749
5,R,1.4 Fast Near-SOTA,2023,0.6615063584485202,0.06259904920459129,0.05510522729522118,-0.02969940886314109,0.04875615360760629,0.04041440308094024,0.8601089414467992
5,R,1.4 Fast Near-SOTA,2024,0.6336610457217713,0.06040704041555433,0.0567812458188595,-0.020613118635386295,0.044423499754119834,0.03384472313523293,0.8318097640352669
5,R,1.4 Fast Near-SOTA,2025,0.6514613375961789,0.06183178644106588,0.06107272245771208,-0.009658798378503754,0.044953471059720806,0.03068501329421998,0.8161302430669719
6,A,A MSE d=8 LR=0.003 MCW=3 Est=3000,2023,0.6550820462628955,0.06319029456306201,0.05486536459053549,-0.03134972243593948,0.049188259160346755,0.04003283077478409,0.861288458284242
6,A,A MSE d=8 LR=0.003 MCW=3 Est=3000,2024,0.6342116796352167,0.06036162527073214,0.05669557842154582,-0.020715626902304066,0.04429354864668171,0.03374054193496703,0.831918402155845
6,A,A MSE d=8 LR=0.003 MCW=3 Est=3000,2025,0.6390185552910332,0.06292580115486074,0.06214720165536568,-0.00986822054502938,0.046033056369124414,0.031806602358818076,0.8086616596814626
7,A,A MSE d=8 LR=0.003 MCW=4 Est=3000,2023,0.6533648599928998,0.06334739683272421,0.05505289774771725,-0.031338014222538284,0.04930876855072012,0.040159133911132794,0.8603428378498177
7,A,A MSE d=8 LR=0.003 MCW=4 Est=3000,2024,0.6331873930828869,0.06044607900452656,0.056784572195729625,-0.020718127877196835,0.04436532906807189,0.03383508014678954,0.8314146405061777
7,A,A MSE d=8 LR=0.003 MCW=4 Est=3000,2025,0.6388720124790499,0.06293857243203882,0.062146600295281386,-0.0099530884428166,0.04616111580597414,0.03211270284652709,0.8087752162173554
8,A,A MSE d=8 LR=0.003 MCW=5 Est=3000,2023,0.6559313894823496,0.06311244513762776,0.05486402893369058,-0.031194856333630745,0.049136367644119966,0.03994783437252045,0.8613596384326907
8,A,A MSE d=8 LR=0.003 MCW=5 Est=3000,2024,0.6338516250426571,0.06039132569254974,0.0567613873731106,-0.020621763337714476,0.0442984592142218,0.03357260560989381,0.8317185589072286
8,A,A MSE d=8 LR=0.003 MCW=5 Est=3000,2025,0.6394866932648835,0.06288498532581101,0.062131706996820746,-0.009704244553810169,0.04607409276479215,0.03176877608895302,0.8089577477343122
9,A,A MSE d=8 LR=0.003 MCW=6 Est=3000,2023,0.6560253948875876,0.063103822851116,0.054903413554432894,-0.03110799960960311,0.04913500044732458,0.040370819807052594,0.8612023443384933
9,A,A MSE d=8 LR=0.003 MCW=6 Est=3000,2024,0.6342222983942771,0.060360749121643444,0.05674475548479358,-0.020577967861179425,0.04429029519159763,0.033838319301605246,0.8319261331094046
9,A,A MSE d=8 LR=0.003 MCW=6 Est=3000,2025,0.6400202691352497,0.06283843179412353,0.06208427326104525,-0.009706262189229788,0.04599610066050596,0.03164970239996911,0.80942487899039
10,A,A MSE d=8 LR=0.003 MCW=8 Est=3000,2023,0.6553799577553308,0.06316299940285659,0.05498620364512447,-0.031081858101685417,0.04917561034078838,0.040323831796646115,0.860867275588196
10,A,A MSE d=8 LR=0.003 MCW=8 Est=3000,2024,0.6354297124435508,0.06026104285288403,0.05668413167538258,-0.020452444995020504,0.04422923751378406,0.03379225754737855,0.8326080828623224
10,A,A MSE d=8 LR=0.003 MCW=8 Est=3000,2025,0.6404797253258843,0.06279831741772537,0.062047529424588424,-0.009681568365779705,0.04599991498094758,0.031907835721969605,0.8098881025799964
11,A,A MSE d=8 LR=0.003 MCW=10 Est=3000,2023,0.6565960446667141,0.06305145687764847,0.054925253820197584,-0.030962924725754907,0.049061791486481106,0.04001917195320129,0.8612178752371386
11,A,A MSE d=8 LR=0.003 MCW=10 Est=3000,2024,0.634244914282644,0.060358883052362006,0.056760674520051735,-0.020528531130607,0.04427718130570366,0.033702800989151016,0.8322499002691783
11,A,A MSE d=8 LR=0.003 MCW=10 Est=3000,2025,0.6380599994173949,0.06300929285226627,0.062262178761184506,-0.009674299876269,0.04607408154267278,0.03167825436592103,0.8088563492192495
12,A,A MSE d=8 LR=0.003 MCW=12 Est=3000,2023,0.6576341946137473,0.06295607880840473,0.05484340371723851,-0.03091389542302872,0.04898306586916468,0.040135832965374,0.8616430555998258
12,A,A MSE d=8 LR=0.003 MCW=12 Est=3000,2024,0.6345268668053156,0.06033561390172371,0.0567329868435691,-0.02053666277754448,0.044240166254953944,0.033853335380554184,0.832380571701081
12,A,A MSE d=8 LR=0.003 MCW=12 Est=3000,2025,0.6389166226090974,0.06293468491194582,0.06219516803846336,-0.009619544713517083,0.04608947291431294,0.032094121396541594,0.8092489839007118
13,A,A MSE d=8 LR=0.003 MCW=15 Est=3000,2023,0.6594601737501374,0.06278796889147265,0.05483819557459655,-0.030579426821615678,0.048807609715113325,0.039934118092060086,0.8617300780572404
13,A,A MSE d=8 LR=0.003 MCW=15 Est=3000,2024,0.633916831716788,0.060385947964415744,0.05689951605382708,-0.02022146835639182,0.044247745849623404,0.034058504939079276,0.8315742892478729
13,A,A MSE d=8 LR=0.003 MCW=15 Est=3000,2025,0.6392286190811629,0.06290748947143211,0.062257896631125575,-0.009017013879768769,0.046003524591029285,0.031466722249984744,0.8091951005708268
14,A,A MSE d=8 LR=0.003 MCW=20 Est=3000,2023,0.6576318868945042,0.06295629098600457,0.05504632841844113,-0.030551535223869605,0.048930609894691904,0.03972647035121918,0.860795296986052
14,A,A MSE d=8 LR=0.003 MCW=20 Est=3000,2024,0.6333250126247696,0.06043473896069581,0.05695144638512869,-0.02022103922189159,0.044252873833454144,0.03423700600862503,0.8317247338813015
14,A,A MSE d=8 LR=0.003 MCW=20 Est=3000,2025,0.6351060863377862,0.06326589030050052,0.0627358367914951,-0.008172371731899539,0.0458761026216738,0.030673305332660675,0.8069755170473804
15,A,A MSE d=8 LR=0.004 MCW=3 Est=2800,2023,0.6546844311962472,0.06322670637644298,0.05514759576929593,-0.030925055865288178,0.04931966981746035,0.04054146695137023,0.8598923437966686
15,A,A MSE d=8 LR=0.004 MCW=3 Est=2800,2024,0.6346783860068899,0.06032310552430499,0.05672515167383324,-0.02052155528983103,0.04428616254954701,0.033948677301406854,0.8319121111483985
15,A,A MSE d=8 LR=0.004 MCW=3 Est=2800,2025,0.641328651440319,0.06272413156073427,0.06195589027017566,-0.009786947336886,0.04579298851905678,0.03134078109264374,0.8099147352565811
16,A,A MSE d=8 LR=0.004 MCW=4 Est=2800,2023,0.6540735876527676,0.06328260388596767,0.055171926066103036,-0.030995911494383986,0.049330321555562155,0.04066208195686338,0.8597664354566372
16,A,A MSE d=8 LR=0.004 MCW=4 Est=2800,2024,0.6347136492279902,0.060320194064565076,0.056720247712164565,-0.020526551456898596,0.04432413527405716,0.033809340119361875,0.8318455312232261
16,A,A MSE d=8 LR=0.004 MCW=4 Est=2800,2025,0.6420882531024101,0.06265767712046863,0.06191887244800108,-0.009593629880313922,0.04588804862607685,0.031692231833934784,0.810261070478598
17,A,A MSE d=8 LR=0.004 MCW=5 Est=2800,2023,0.6552558130071224,0.06317437519015459,0.05509726410263087,-0.030907817279393075,0.049224832014931864,0.04070457208156586,0.8601519585543779
17,A,A MSE d=8 LR=0.004 MCW=5 Est=2800,2024,0.635805661203179,0.060229963924297275,0.05661317307517777,-0.020557168870897466,0.04418900711090564,0.03364015650749208,0.8325013240667917
17,A,A MSE d=8 LR=0.004 MCW=5 Est=2800,2025,0.6423462896065806,0.06263508651925313,0.06186927569842506,-0.009764567976049462,0.04584511242497912,0.03179185581207275,0.8105728378987546
18,A,A MSE d=8 LR=0.004 MCW=6 Est=2800,2023,0.6560028110461684,0.06310589437517028,0.05500327346085171,-0.030935316598216207,0.04920305671653607,0.040675190925598126,0.8607041409145926
18,A,A MSE d=8 LR=0.004 MCW=6 Est=2800,2024,0.6341612156269579,0.06036578885980063,0.056688037111958245,-0.020748371283724778,0.044279130639151565,0.033862335443496705,0.8320910825388494
18,A,A MSE d=8 LR=0.004 MCW=6 Est=2800,2025,0.642184058691179,0.06264929047561822,0.06188844889235439,-0.00973414064673565,0.04590487292845002,0.031535240292549116,0.8106936749647098
19,A,A MSE d=8 LR=0.004 MCW=8 Est=2800,2023,0.6547203071803034,0.06322342187462246,0.05514726125136862,-0.03091893676619523,0.049276449741410856,0.040405840873718235,0.8600557452528139
19,A,A MSE d=8 LR=0.004 MCW=8 Est=2800,2024,0.6345991712691763,0.060329645268726244,0.05673229684950295,-0.020521028087391313,0.04421097578878387,0.03386287975311281,0.8322844046499925
19,A,A MSE d=8 LR=0.004 MCW=8 Est=2800,2025,0.6434826482532161,0.06253550339433907,0.061758385763223185,-0.009828070448883012,0.045812207789213244,0.03158527505397796,0.811533696602418
20,A,A MSE d=8 LR=0.004 MCW=10 Est=2800,2023,0.6557469081618197,0.06312936255845611,0.05511568229622966,-0.030782754642807622,0.04923031185826796,0.04059733313322067,0.8602070027199589
20,A,A MSE d=8 LR=0.004 MCW=10 Est=2800,2024,0.6346226545222634,0.06032770663178262,0.05673616858556015,-0.020504618115125085,0.044207933138573484,0.033890387892723084,0.8323850638770336
20,A,A MSE d=8 LR=0.004 MCW=10 Est=2800,2025,0.6426422401562539,0.06260916658042785,0.06185520002142136,-0.009687206548652808,0.04586481790717026,0.031878189623355854,0.8110864539358188
21,A,A MSE d=8 LR=0.004 MCW=12 Est=2800,2023,0.6578416276105522,0.06293700396716134,0.05495768904774145,-0.030671140921765667,0.049073510317628084,0.04048038411140442,0.8610702594042924
21,A,A MSE d=8 LR=0.004 MCW=12 Est=2800,2024,0.6342446771336888,0.06035890262016063,0.05682545266765655,-0.020348588616785283,0.044243403470164526,0.03388329243659971,0.8318871580401813
21,A,A MSE d=8 LR=0.004 MCW=12 Est=2800,2025,0.6419635460891913,0.06266859206152751,0.06194466151402915,-0.00949796489222919,0.045926214019336206,0.03170274046063423,0.8106516664765671
22,A,A MSE d=8 LR=0.004 MCW=15 Est=2800,2023,0.6566902969520922,0.0630428035822521,0.055089111175413076,-0.030652649388703986,0.04913361399760143,0.04042313969135285,0.8605599893110358
22,A,A MSE d=8 LR=0.004 MCW=15 Est=2800,2024,0.6360342990529555,0.06021105504796624,0.056717187957803145,-0.020212167929108626,0.04412709278315258,0.03411024236679078,0.8327156272879553
22,A,A MSE d=8 LR=0.004 MCW=15 Est=2800,2025,0.6386444813495897,0.06295839674640612,0.062280790444374255,-0.009212104029449416,0.046124272051130864,0.03115266704559326,0.8089140330977441
23,A,A MSE d=8 LR=0.004 MCW=20 Est=2800,2023,0.6566464870259789,0.06304682591607509,0.055143773627639454,-0.030562501350377375,0.049051920212554036,0.04022591900825501,0.8603510561509863
23,A,A MSE d=8 LR=0.004 MCW=20 Est=2800,2024,0.6353625433877428,0.06026659389621917,0.05679772040487852,-0.020151458909693987,0.04409171906393349,0.03387107110023496,0.8327586095465416
23,A,A MSE d=8 LR=0.004 MCW=20 Est=2800,2025,0.6387540652587973,0.06294884970752421,0.06237857596626509,-0.008454048768382329,0.045823408020776606,0.03096052551269532,0.8089589503644001
24,A,A MSE d=8 LR=0.005 MCW=3 Est=2500,2023,0.6546830461796542,0.06322683317343326,0.055142465138465414,-0.030934462520280533,0.04920941469387734,0.04056463932991028,0.8600064385170068
24,A,A MSE d=8 LR=0.005 MCW=3 Est=2500,2024,0.6337336368381346,0.06040105520473238,0.05682888952354329,-0.020463743223296138,0.04439468439042968,0.034095491766929636,0.8312709799490281
24,A,A MSE d=8 LR=0.005 MCW=3 Est=2500,2025,0.6408049629575704,0.06276990595006343,0.06198122398781745,-0.00991912131820372,0.0459099228531838,0.030741367697715752,0.8098929588182922
25,A,A MSE d=8 LR=0.005 MCW=4 Est=2500,2023,0.6547251601822999,0.06322297756168269,0.05514159853262537,-0.030928126422743497,0.049189852961389925,0.04037813758850098,0.8600841045767273
25,A,A MSE d=8 LR=0.005 MCW=4 Est=2500,2024,0.6324284456050369,0.060508579165953744,0.0568744795418562,-0.020653854942127355,0.044585494345622895,0.03421630191802977,0.8310009062223133
25,A,A MSE d=8 LR=0.005 MCW=4 Est=2500,2025,0.6422418963030253,0.06264422693405379,0.06187524460225926,-0.00978536002543733,0.045870853856056805,0.031047714948654166,0.8106458297167113
26,A,A MSE d=8 LR=0.005 MCW=5 Est=2500,2023,0.6561463217671473,0.06309272956244062,0.05510490435361693,-0.030726894389395763,0.0490712487488544,0.040296881437301646,0.8602785668055788
26,A,A MSE d=8 LR=0.005 MCW=5 Est=2500,2024,0.6339279369719655,0.060385032043519644,0.056813542821948455,-0.02045906759142819,0.04432516544825226,0.03414002633094787,0.8315917803242313
26,A,A MSE d=8 LR=0.005 MCW=5 Est=2500,2025,0.6424026308273894,0.06263015286957078,0.061897173896030104,-0.009553842869482103,0.0457925926167503,0.0313483099937439,0.810624815133561
27,A,A MSE d=8 LR=0.005 MCW=6 Est=2500,2023,0.6575739025051418,0.0629616219841303,0.05498572288500526,-0.030671421893857256,0.049025561568238285,0.040291457414627085,0.8608424131035229
27,A,A MSE d=8 LR=0.005 MCW=6 Est=2500,2024,0.635190220173175,0.06028083284273624,0.05666380001273965,-0.020566783310250424,0.04431186030387192,0.034212576746940615,0.8324126379350729
27,A,A MSE d=8 LR=0.005 MCW=6 Est=2500,2025,0.6426627017418435,0.06260737411737932,0.061869822059982774,-0.00958167055313042,0.04573184190861719,0.03096015059947968,0.8108330593467876
28,A,A MSE d=8 LR=0.005 MCW=8 Est=2500,2023,0.6560281135496794,0.0631035734746977,0.055131176557451846,-0.030702025306274385,0.049144652193155836,0.04056506800651549,0.8601786854858794
28,A,A MSE d=8 LR=0.005 MCW=8 Est=2500,2024,0.6358245483537841,0.06022840213842169,0.056644398201337605,-0.020466376803393638,0.04429369978728216,0.03399217963218687,0.8327838426823481
28,A,A MSE d=8 LR=0.005 MCW=8 Est=2500,2025,0.6412974958487356,0.06272685573287333,0.0619701317858481,-0.009713969275749043,0.04597863482569961,0.03152347511053086,0.810413214472056
29,A,A MSE d=8 LR=0.005 MCW=10 Est=2500,2023,0.6575006189338706,0.06296835892051689,0.055084475017046844,-0.030507619325713862,0.04903415427571131,0.04053712499141693,0.8604537033134274
29,A,A MSE d=8 LR=0.005 MCW=10 Est=2500,2024,0.6343885379741836,0.06034703110944554,0.0568448395377996,-0.020259032147182117,0.04438091525184315,0.03440576720237731,0.8316371008491172
29,A,A MSE d=8 LR=0.005 MCW=10 Est=2500,2025,0.643895964382649,0.062499243689696574,0.061763414294711855,-0.009562223324219615,0.045779101319118935,0.03148577570915222,0.8118413965142282
30,A,A MSE d=8 LR=0.005 MCW=12 Est=2500,2023,0.656498462978051,0.0630604145942323,0.05513109735168779,-0.030613363019185328,0.049158026560142905,0.040788281917572,0.8602273690302514
30,A,A MSE d=8 LR=0.005 MCW=12 Est=2500,2024,0.6359397172786356,0.06021887789841585,0.056717523751920663,-0.020234518898321605,0.044263439899121654,0.033867309808731094,0.8325308185402029
30,A,A MSE d=8 LR=0.005 MCW=12 Est=2500,2025,0.6431533419329385,0.06256437798236937,0.06183332075713832,-0.009536342853389446,0.04595935974196435,0.0315794510245323,0.8114918008438355
31,A,A MSE d=8 LR=0.005 MCW=15 Est=2500,2023,0.6553203836604533,0.063168458626713,0.05525883168520593,-0.030605811314705075,0.049208356098413154,0.04090621820092201,0.8596264679066113
31,A,A MSE d=8 LR=0.005 MCW=15 Est=2500,2024,0.6339002907354859,0.06038731217839788,0.05692499159281662,-0.02015372933414957,0.04437228840943587,0.03415496850013733,0.8316403132071221
31,A,A MSE d=8 LR=0.005 MCW=15 Est=2500,2025,0.6423638794169668,0.06263354626843243,0.06192710269930528,-0.009380568561134478,0.04600262932267019,0.03180927228927613,0.8112920134386484
32,A,A MSE d=8 LR=0.005 MCW=20 Est=2500,2023,0.6569956403130465,0.06301476187022578,0.05519024574994307,-0.03041211910756702,0.04900390620602747,0.04050472402572633,0.8600467431808231
32,A,A MSE d=8 LR=0.005 MCW=20 Est=2500,2024,0.6380484500406028,0.060044222841814196,0.056515678273335895,-0.02028020722499796,0.04402209050897157,0.03357798886299135,0.8342158668910545
32,A,A MSE d=8 LR=0.005 MCW=20 Est=2500,2025,0.6397008618940685,0.06286630364102362,0.06230829843451352,-0.008357516122643377,0.04572221684815576,0.03113521957397461,0.8095599299031617
33,A,A MSE d=8 LR=0.006 MCW=3 Est=2300,2023,0.6557681883617672,0.06312741133964192,0.055016457087583556,-0.030955767006177633,0.04929157549125103,0.04055202555656434,0.8606115595073889
33,A,A MSE d=8 LR=0.006 MCW=3 Est=2300,2024,0.6362748203598663,0.06019115697108135,0.05658324750291625,-0.020525873499930496,0.0442826176459535,0.03392801403999329,0.8327096770599791
33,A,A MSE d=8 LR=0.006 MCW=3 Est=2300,2025,0.6398067198208692,0.06285706772460228,0.062087239672754396,-0.0098074273976853,0.04594725545554804,0.03149218288064004,0.8092482908687171
34,A,A MSE d=8 LR=0.006 MCW=4 Est=2300,2023,0.6539214084225493,0.06329652193139523,0.055146946639083684,-0.031068697499681396,0.04935730392436519,0.04025003051757811,0.8599978544136077
34,A,A MSE d=8 LR=0.006 MCW=4 Est=2300,2024,0.6360659907598034,0.060208433602263293,0.05656653430630542,-0.020622382750321893,0.04430236496571671,0.03377612721920015,0.8327828492775114
34,A,A MSE d=8 LR=0.006 MCW=4 Est=2300,2025,0.6400879286342933,0.06283252616076863,0.062062358739649,-0.009807648653532857,0.04603396782990667,0.03150503027439118,0.8095100242852674
35,A,A MSE d=8 LR=0.006 MCW=5 Est=2300,2023,0.6554632836633492,0.0631553628295082,0.055063348931336444,-0.030929394726927663,0.04925096289114159,0.0404221140742302,0.86047521190708
35,A,A MSE d=8 LR=0.006 MCW=5 Est=2300,2024,0.6374807743023984,0.060091290321192994,0.05649102906063671,-0.02048723527501767,0.04413826793459398,0.03370959591865541,0.8334280063525461
35,A,A MSE d=8 LR=0.006 MCW=5 Est=2300,2025,0.6412331024045153,0.06273248577026978,0.062013613504190886,-0.00946976849506553,0.045903925799966765,0.031693440675735485,0.809927871738864
36,A,A MSE d=8 LR=0.006 MCW=6 Est=2300,2023,0.6552599333840374,0.06317399765947421,0.05512006389851425,-0.030866365750576885,0.049256321239394586,0.04044706749916077,0.8601076769960976
36,A,A MSE d=8 LR=0.006 MCW=6 Est=2300,2024,0.6374587893831017,0.06009311240681714,0.056511931611737176,-0.020434866017247113,0.04422932875198814,0.03396592712402344,0.8331956370875717
36,A,A MSE d=8 LR=0.006 MCW=6 Est=2300,2025,0.6411465763018385,0.06274005011121729,0.06199352889483901,-0.009649676961587177,0.04588487868707737,0.03178561381995677,0.8100980915491139
37,A,A MSE d=8 LR=0.006 MCW=8 Est=2300,2023,0.6550221450017742,0.06319578139546228,0.05526094361801888,-0.030658357709743986,0.04921564622253615,0.0400086395740509,0.8594861721213373
37,A,A MSE d=8 LR=0.006 MCW=8 Est=2300,2024,0.638854776552608,0.05997730471043806,0.05642986030240699,-0.020321120675428062,0.044104722866524636,0.03389346623420714,0.8341413098859467
37,A,A MSE d=8 LR=0.006 MCW=8 Est=2300,2025,0.6406788083455368,0.0627809278422748,0.062067733279376903,-0.009436174160088772,0.04583987461888582,0.03138399878144264,0.8099035976053555
38,A,A MSE d=8 LR=0.006 MCW=10 Est=2300,2023,0.6560789116496333,0.06309891370435425,0.055231460083450735,-0.030511616255552584,0.04917645728774994,0.0404597135782242,0.8597241070360907
38,A,A MSE d=8 LR=0.006 MCW=10 Est=2300,2024,0.639877291725989,0.059892337263571724,0.056379229906817985,-0.02021075205551118,0.0440659955268494,0.033981981992721566,0.8346416399785579
38,A,A MSE d=8 LR=0.006 MCW=10 Est=2300,2025,0.642014230354269,0.06266415616691902,0.06193989132272799,-0.009499806851801797,0.045789512217393795,0.031200704976916314,0.8109311310712637
39,A,A MSE d=8 LR=0.006 MCW=12 Est=2300,2023,0.6579967679904006,0.06292273399959722,0.05502680260801354,-0.03051755967330293,0.04896284713009404,0.039824949741363525,0.8608099385328812
39,A,A MSE d=8 LR=0.006 MCW=12 Est=2300,2024,0.6384002226292538,0.06001503793270369,0.056542625225259005,-0.020118059275680777,0.04410859791145353,0.0337320955991745,0.8338277864161989
39,A,A MSE d=8 LR=0.006 MCW=12 Est=2300,2025,0.6404067936539233,0.06280468667470436,0.06209144243658065,-0.009438296616274273,0.04595713556771449,0.031599550455808645,0.8100970785887917
40,A,A MSE d=8 LR=0.006 MCW=15 Est=2300,2023,0.6582792915125186,0.06289673888662635,0.05505438304027167,-0.030414053813125487,0.04899220496871038,0.040468335628509544,0.8608273283288587
40,A,A MSE d=8 LR=0.006 MCW=15 Est=2300,2024,0.6371577713558243,0.06011805489105103,0.05671527937235616,-0.019938846790093872,0.04412576129290579,0.03383587741851807,0.8329270958057119
40,A,A MSE d=8 LR=0.006 MCW=15 Est=2300,2025,0.640523764610668,0.06279447107319734,0.062120924076123255,-0.00917258894672726,0.04604238685055093,0.031298916637897495,0.8103424796563892
41,A,A MSE d=8 LR=0.006 MCW=20 Est=2300,2023,0.6578887920295384,0.0629326660789714,0.05516272708691209,-0.03029181408986613,0.04895878191972433,0.03985560011863709,0.8602224506653974
41,A,A MSE d=8 LR=0.006 MCW=20 Est=2300,2024,0.635434535100905,0.06026064427497944,0.05679864479805216,-0.020131050592404533,0.04422137877748707,0.03347461843490601,0.8327345214830705
41,A,A MSE d=8 LR=0.006 MCW=20 Est=2300,2025,0.6416618022343964,0.06269499423346986,0.06211410217869476,-0.00851472922774543,0.04548032144799804,0.030432173192501064,0.8110980245240622
42,A,A MSE d=8 LR=0.007 MCW=3 Est=2100,2023,0.6531144885742883,0.06337027032831402,0.05534016421461686,-0.030874866572870033,0.04933352130129001,0.04042317652702332,0.8590299918156111
42,A,A MSE d=8 LR=0.007 MCW=3 Est=2100,2024,0.634608811595363,0.06032884942858373,0.056884387412754596,-0.020093196417796833,0.044366637284515724,0.034030774116516116,0.8311976216487466
42,A,A MSE d=8 LR=0.007 MCW=3 Est=2100,2025,0.6368726330348852,0.06311256115301116,0.06243993427038837,-0.00918966715776617,0.04634671948112553,0.031703296452760696,0.8072270236413694
43,A,A MSE d=8 LR=0.007 MCW=4 Est=2100,2023,0.6534956514891399,0.06333544466522442,0.055305041635949875,-0.030866339575211683,0.04925328624259645,0.040408351421356195,0.8592667646640132
43,A,A MSE d=8 LR=0.007 MCW=4 Est=2100,2024,0.6325390534673223,0.06049947450582319,0.056939479838606824,-0.020447054770986305,0.04449565906786942,0.03422993093729018,0.8306910602511919
43,A,A MSE d=8 LR=0.007 MCW=4 Est=2100,2025,0.6339796753739687,0.06336346452387277,0.06269006900060327,-0.009213244985726423,0.04660529316825161,0.03195134854316711,0.8058263727947206
44,A,A MSE d=8 LR=0.007 MCW=5 Est=2100,2023,0.6543899580060313,0.06325365940721886,0.0553611184316483,-0.03059692786853598,0.04917690249314423,0.040446645140647886,0.8590330216613482
44,A,A MSE d=8 LR=0.007 MCW=5 Est=2100,2024,0.6330884230775217,0.06045423295722532,0.05688739074212664,-0.02045822709409963,0.04441249625015495,0.034081714630126936,0.8310656036616187
44,A,A MSE d=8 LR=0.007 MCW=5 Est=2100,2025,0.6369977680199985,0.06310168580923306,0.06242778619337499,-0.009197513828586466,0.04626666434138739,0.03149819031357765,0.807408271482863
45,A,A MSE d=8 LR=0.007 MCW=6 Est=2100,2023,0.6518669762112379,0.06348411804405661,0.05558923123916727,-0.03066057098690087,0.049325245026054544,0.04027845513820649,0.8578980334418784
45,A,A MSE d=8 LR=0.007 MCW=6 Est=2100,2024,0.6311871273058918,0.060610664187328356,0.05709724748250464,-0.020336099409508108,0.044588542486375074,0.03396036887168885,0.8300021374799132
45,A,A MSE d=8 LR=0.007 MCW=6 Est=2100,2025,0.6398032086128147,0.0628573740930394,0.0621974469840683,-0.009084440738266947,0.04619168689255837,0.03181513500213623,0.8090069143982508
46,A,A MSE d=8 LR=0.007 MCW=8 Est=2100,2023,0.652299033324734,0.06344471172742945,0.05558590693928234,-0.03058493739789193,0.049320094183162376,0.040554847240448,0.8579384549527127
46,A,A MSE d=8 LR=0.007 MCW=8 Est=2100,2024,0.6332801547262343,0.06043843554837371,0.056931390702947095,-0.020288451018422454,0.04447653572300409,0.03393066346645357,0.8313325658776821
46,A,A MSE d=8 LR=0.007 MCW=8 Est=2100,2025,0.6376693597261638,0.06304328646008693,0.06241929608233856,-0.008848019383409267,0.046248456752224505,0.03165798169374466,0.8078460260041594
47,A,A MSE d=8 LR=0.007 MCW=10 Est=2100,2023,0.6569349799701255,0.06302033370622276,0.05516287601878842,-0.030473259893616305,0.048945050116111166,0.03949095904827118,0.8600938404173897
47,A,A MSE d=8 LR=0.007 MCW=10 Est=2100,2024,0.6373432269843958,0.060102689181399806,0.05658119403976983,-0.020270711120498004,0.044141769011127596,0.03377837359905245,0.8333533255243181
47,A,A MSE d=8 LR=0.007 MCW=10 Est=2100,2025,0.6350307467255136,0.06327242121463925,0.06264544633027956,-0.008885231557622062,0.04634191255220134,0.0316581667661667,0.806704486938597
48,A,A MSE d=8 LR=0.007 MCW=12 Est=2100,2023,0.6552389740644671,0.063175918039507,0.05538606300360688,-0.030390469663141836,0.049146574827129925,0.04017370462417602,0.8590105719287344
48,A,A MSE d=8 LR=0.007 MCW=12 Est=2100,2024,0.635789088390115,0.06023133430333842,0.05668008344204654,-0.020376009541690866,0.04418731813328618,0.03359073138236998,0.8329138652550239
48,A,A MSE d=8 LR=0.007 MCW=12 Est=2100,2025,0.6379855744190284,0.06301577075670269,0.06239873859247323,-0.008796862398100505,0.046205014000104676,0.03176004993915557,0.8081966334679007
49,A,A MSE d=8 LR=0.007 MCW=15 Est=2100,2023,0.6557600812386133,0.06312815470307837,0.05535141861486631,-0.03035431396245142,0.049120489430062184,0.04020145237445831,0.8592810307083009
49,A,A MSE d=8 LR=0.007 MCW=15 Est=2100,2024,0.636561103398426,0.06016746449621119,0.05669790629986987,-0.020136315586165115,0.044123517481271246,0.033661536574363715,0.8330104120243722
49,A,A MSE d=8 LR=0.007 MCW=15 Est=2100,2025,0.6374408124630706,0.06306316622955747,0.06246845275834294,-0.008640332684305616,0.04613616424815967,0.031617006897926334,0.8082502033320957
50,A,A MSE d=8 LR=0.007 MCW=20 Est=2100,2023,0.6545733485730763,0.06323687508051463,0.05548396933310722,-0.03033861426277348,0.04912962526880002,0.040019499123096464,0.858671977759967
50,A,A MSE d=8 LR=0.007 MCW=20 Est=2100,2024,0.6347861124517736,0.06031421079622487,0.056890414283840264,-0.020032094015708587,0.04413241160957147,0.03325802230834962,0.8322352993457898
50,A,A MSE d=8 LR=0.007 MCW=20 Est=2100,2025,0.6341221956764811,0.06335112714972539,0.06285283011945575,-0.007930135908189882,0.04606208224598023,0.03048134851455689,0.8064824090979091
51,A,A MSE d=8 LR=0.008 MCW=3 Est=2000,2023,0.6555466602578444,0.06314772068654588,0.0552003153862985,-0.030668547535119058,0.04910129277921502,0.040067402005195596,0.8598257354365223
51,A,A MSE d=8 LR=0.008 MCW=3 Est=2000,2024,0.634569312549122,0.060332110136139344,0.056773938934359384,-0.020412823685416602,0.04449563189153955,0.034273163795471184,0.8319673446672421
51,A,A MSE d=8 LR=0.008 MCW=3 Est=2000,2025,0.6419832348154331,0.06266686893850071,0.06194383160264766,-0.009492006432071171,0.045825079010529596,0.03128202193975449,0.810501040048694
52,A,A MSE d=8 LR=0.008 MCW=4 Est=2000,2023,0.6553732444751666,0.06316361461496556,0.055208551762973034,-0.03068644688656536,0.0490646808600604,0.04012791866064072,0.8598601705097999
52,A,A MSE d=8 LR=0.008 MCW=4 Est=2000,2024,0.6357896663495219,0.060231286513336875,0.05658880590440137,-0.020628012958343395,0.04440819888917219,0.03373395550251007,0.8328160612711397
52,A,A MSE d=8 LR=0.008 MCW=4 Est=2000,2025,0.6406965895808869,0.06277937444619044,0.062023742421021016,-0.009711088360226848,0.045967459227320095,0.03169422715902327,0.810039964648411
53,A,A MSE d=8 LR=0.008 MCW=5 Est=2000,2023,0.6555970383223046,0.06314310267896169,0.05517456862782269,-0.030705347948906295,0.04909249514085802,0.03983151119947434,0.8599490070851737
53,A,A MSE d=8 LR=0.008 MCW=5 Est=2000,2024,0.6368118627922843,0.06014670425228794,0.05653718030242772,-0.020522506652966375,0.04413541624781076,0.03344816887378693,0.8332555684295181
53,A,A MSE d=8 LR=0.008 MCW=5 Est=2000,2025,0.6410886391079156,0.06274511462433612,0.062038663295415686,-0.009389018462038783,0.04578811620635161,0.03140432837605477,0.8101041049119141
54,A,A MSE d=8 LR=0.008 MCW=6 Est=2000,2023,0.6565978492414724,0.06305129121092382,0.05508434500708616,-0.03067866129130534,0.049039641260455076,0.039777336090803146,0.8604639467648958
54,A,A MSE d=8 LR=0.008 MCW=6 Est=2000,2024,0.6359036303480068,0.060221862377530154,0.056657292838067204,-0.02041136630824915,0.044302950048550546,0.033428343951702105,0.8328063891978439
54,A,A MSE d=8 LR=0.008 MCW=6 Est=2000,2025,0.6417578975260916,0.06268658723449534,0.0619705346270792,-0.009447806957300848,0.045788370984634036,0.031187369287014002,0.8107851628993973
55,A,A MSE d=8 LR=0.008 MCW=8 Est=2000,2023,0.6534625203730587,0.06333847251151482,0.05533501806741902,-0.030818790961983436,0.04931803295813867,0.04049677097797394,0.8593334770196555
55,A,A MSE d=8 LR=0.008 MCW=8 Est=2000,2024,0.6386095758676122,0.05999766214539709,0.056405466370948,-0.020448540868152437,0.04424919597387104,0.03380466318130493,0.8343925243251692
55,A,A MSE d=8 LR=0.008 MCW=8 Est=2000,2025,0.6416912171464563,0.06269242095827818,0.06194459090174908,-0.009654392819699521,0.04576268264231346,0.03147044959664344,0.8110780414357637
56,A,A MSE d=8 LR=0.008 MCW=10 Est=2000,2023,0.6554304756135108,0.06315836970057509,0.055282802926188535,-0.030541633313585972,0.049168884929316155,0.04041476249694825,0.8596437488689023
56,A,A MSE d=8 LR=0.008 MCW=10 Est=2000,2024,0.6397618710274878,0.05990193435566818,0.05632397683673835,-0.020392434258458332,0.04411194271885209,0.03379721236228944,0.8351494184285903
56,A,A MSE d=8 LR=0.008 MCW=10 Est=2000,2025,0.6397544576320287,0.06286162767751079,0.06216247984200199,-0.009349349461111116,0.04582830479608369,0.03136633354425429,0.8099097675367665
57,A,A MSE d=8 LR=0.008 MCW=12 Est=2000,2023,0.6583337057829062,0.06289173097178873,0.055043290305128514,-0.030423773875926683,0.04898147316982979,0.040272343754768375,0.8607054621650673
57,A,A MSE d=8 LR=0.008 MCW=12 Est=2000,2024,0.638489200236376,0.06000765363196609,0.05651028583997733,-0.020186780058450315,0.04404056430435291,0.03340355944633483,0.8339559882406336
57,A,A MSE d=8 LR=0.008 MCW=12 Est=2000,2025,0.6398563699630013,0.06285273537017899,0.06215395461745065,-0.009346243449993089,0.045886380150090986,0.030985683843493456,0.8100450657129825
58,A,A MSE d=8 LR=0.008 MCW=15 Est=2000,2023,0.6582459367965761,0.0628998084279456,0.055036772888256834,-0.03045224997990554,0.04894741682846043,0.039834837913513166,0.8608272452001328
58,A,A MSE d=8 LR=0.008 MCW=15 Est=2000,2024,0.6349597728326728,0.06029986929032735,0.0568887987832788,-0.019993469284400038,0.044292954984052814,0.033387967824935916,0.8320317595480969
58,A,A MSE d=8 LR=0.008 MCW=15 Est=2000,2025,0.640673370267063,0.06278140291350419,0.0620629935144296,-0.009470448168911771,0.045894214383691095,0.03123398923873901,0.8108581682982694
59,A,A MSE d=8 LR=0.008 MCW=20 Est=2000,2023,0.6604315030037845,0.06269835919299475,0.055103547882091944,-0.029911256378128904,0.04870629294472809,0.03996887290477753,0.8604808205124821
59,A,A MSE d=8 LR=0.008 MCW=20 Est=2000,2024,0.6378380584245289,0.060061671262530925,0.056866049986216236,-0.019330202191467673,0.04413779595659151,0.033127454280853286,0.8324439502230516
59,A,A MSE d=8 LR=0.008 MCW=20 Est=2000,2025,0.6379842628694554,0.0630158849071709,0.06251481607150484,-0.007930921917785706,0.04579133793447104,0.03015092432498932,0.808400849162906
60,A,A MSE d=8 LR=0.01 MCW=3 Est=1500,2023,0.6563877127529427,0.06307057960299635,0.05514065740098047,-0.030617085313450046,0.04921495827886301,0.04089860343933105,0.8600246964858268
60,A,A MSE d=8 LR=0.01 MCW=3 Est=1500,2024,0.6350322128821109,0.06029388591929588,0.056765428483879235,-0.02032335620462361,0.04431571911190565,0.03409179067611695,0.831499268810879
60,A,A MSE d=8 LR=0.01 MCW=3 Est=1500,2025,0.6362309797487566,0.06316829711820131,0.06247754642432575,-0.009316112794268357,0.046279741079277334,0.03207395076751708,0.8067054217264583
61,A,A MSE d=8 LR=0.01 MCW=4 Est=1500,2023,0.6544053540940649,0.06325225049307236,0.055241158565926596,-0.030810089127197838,0.04932451461702539,0.041084941148757936,0.8595571396947336
61,A,A MSE d=8 LR=0.01 MCW=4 Est=1500,2024,0.6352539521324929,0.06027556710754495,0.05660085587222999,-0.020724070711175126,0.04427771021808379,0.03393200635910034,0.8323573351912822
61,A,A MSE d=8 LR=0.01 MCW=4 Est=1500,2025,0.6407952533896537,0.06277075432557455,0.06199884981096134,-0.009813777093482526,0.046064025457572634,0.031846307158470144,0.8097447209867266
62,A,A MSE d=8 LR=0.01 MCW=5 Est=1500,2023,0.6557465150175015,0.06312939860598002,0.055199603683889036,-0.030632086431958305,0.0491274624266001,0.04049555504322053,0.8598435125550237
62,A,A MSE d=8 LR=0.01 MCW=5 Est=1500,2024,0.6341319460041086,0.060368203650972445,0.056721234972713176,-0.020664498901253773,0.044353038334502444,0.03395417523384095,0.8321447100510885
62,A,A MSE d=8 LR=0.01 MCW=5 Est=1500,2025,0.6375665800134458,0.06305222734268545,0.062353612749648034,-0.009360039975371857,0.046157949732978924,0.03167238754034042,0.8079386391499308
63,A,A MSE d=8 LR=0.01 MCW=6 Est=1500,2023,0.655471361870453,0.0631546224365878,0.05524203139960939,-0.03060758571746666,0.049200349884079855,0.04066492372751236,0.8595939290416121
63,A,A MSE d=8 LR=0.01 MCW=6 Est=1500,2024,0.6317135264342248,0.06056739455688246,0.05702012784146676,-0.020423376427944912,0.04456663891656886,0.034166727185249324,0.8306525000131325
63,A,A MSE d=8 LR=0.01 MCW=6 Est=1500,2025,0.6380554054248588,0.06300969272973501,0.06230392792758838,-0.009404357662864378,0.046113521693583084,0.031751644462347045,0.808358727617596
64,A,A MSE d=8 LR=0.01 MCW=8 Est=1500,2023,0.6571589197817422,0.06299976170870811,0.05518589303093065,-0.030388931948822338,0.049108343427564836,0.04053541946411132,0.8598750992928239
64,A,A MSE d=8 LR=0.01 MCW=8 Est=1500,2024,0.6371302061203176,0.060120338441224844,0.056627462069846084,-0.020193702741466205,0.04428436008240131,0.03398847025632858,0.8334514049940631
64,A,A MSE d=8 LR=0.01 MCW=8 Est=1500,2025,0.6388053137124337,0.06294438440380802,0.06220249959386545,-0.009635588821885676,0.04616384266334786,0.03194064509868623,0.8094473863522114
65,A,A MSE d=8 LR=0.01 MCW=10 Est=1500,2023,0.6581391110555392,0.06290963829446283,0.055166558201206084,-0.030236955006658885,0.04901719473137528,0.0401684079170227,0.860206904415779
65,A,A MSE d=8 LR=0.01 MCW=10 Est=1500,2024,0.6402997960373009,0.05985719341326762,0.05641801414891379,-0.019997281850375498,0.043955129354391616,0.033430026382207864,0.8348628548726832
65,A,A MSE d=8 LR=0.01 MCW=10 Est=1500,2025,0.6395813917112713,0.06287672557309346,0.06221278576390011,-0.00911328175680054,0.045967790833042796,0.03112515792250633,0.8094497661804674
66,A,A MSE d=8 LR=0.01 MCW=12 Est=1500,2023,0.6558291371089344,0.06312182250847256,0.0552921478314421,-0.030449020738384056,0.049140683283022735,0.040348422527313244,0.8594813190990097
66,A,A MSE d=8 LR=0.01 MCW=12 Est=1500,2024,0.6380011434072972,0.06004814656755363,0.056549115043186916,-0.020198452838039227,0.04411184256291538,0.03368686842918395,0.8339736804481587
66,A,A MSE d=8 LR=0.01 MCW=12 Est=1500,2025,0.6404353121527457,0.06280219617868736,0.0620939646537457,-0.009405073037906417,0.0459479744327907,0.031387934342026705,0.8102191142327275
67,A,A MSE d=8 LR=0.01 MCW=15 Est=1500,2023,0.6557076270475405,0.06313296415424204,0.055366289936146465,-0.030337190087248056,0.04926861978648869,0.0412977908849716,0.8592283977295762
67,A,A MSE d=8 LR=0.01 MCW=15 Est=1500,2024,0.6330436967231976,0.060457917516691086,0.05698179548473721,-0.02020482055823339,0.044390170515622426,0.034064678668975834,0.8315495156389595
67,A,A MSE d=8 LR=0.01 MCW=15 Est=1500,2025,0.6363613701130252,0.06315697499478376,0.06247724910723187,-0.00924104102528553,0.04640412091205509,0.031344794511795046,0.8083008096385892
68,A,A MSE d=8 LR=0.01 MCW=20 Est=1500,2023,0.6570109073831658,0.06301335946604886,0.05518660621444439,-0.03041581765651648,0.049076656523113174,0.0407011035680771,0.8603741181269591
68,A,A MSE d=8 LR=0.01 MCW=20 Est=1500,2024,0.6299140548134468,0.060715182362722504,0.057108670109646854,-0.0206139072026208,0.044552619067779894,0.03366236519813537,0.8310232767007053
68,A,A MSE d=8 LR=0.01 MCW=20 Est=1500,2025,0.6353355854645062,0.06324599170840936,0.06270745884699135,-0.008235901547513835,0.046067328570799836,0.03056423097848892,0.8074127082944739
69,A,A MSE d=8 LR=0.012 MCW=3 Est=1400,2023,0.6492855744900814,0.06371905028718103,0.05588124330889656,-0.030617054327151505,0.04956928045305812,0.04081802892684937,0.8562817838058283
69,A,A MSE d=8 LR=0.012 MCW=3 Est=1400,2024,0.63125246256453,0.06060529535517946,0.05715542385497289,-0.020155876289117938,0.04460246302338027,0.03434470170736312,0.8294626054705504
69,A,A MSE d=8 LR=0.012 MCW=3 Est=1400,2025,0.631716954896333,0.06355901774703039,0.06291528365769959,-0.00902307152652664,0.04639912806835482,0.03141097021102905,0.8045732893142713
70,A,A MSE d=8 LR=0.012 MCW=4 Est=1400,2023,0.6506651284148285,0.06359360566104501,0.05575854628918296,-0.0305799149201889,0.04950234517535131,0.0407649952173233,0.8569580899372495
70,A,A MSE d=8 LR=0.012 MCW=4 Est=1400,2024,0.6329702141051323,0.060463970531229434,0.05684066297681795,-0.02061627423861441,0.04443501969746861,0.034140471816062945,0.831510332762014
70,A,A MSE d=8 LR=0.012 MCW=4 Est=1400,2025,0.6338761671441315,0.0633724232837941,0.06268956323135454,-0.009278076089011896,0.04638501354936865,0.03210602258145809,0.8061617388149535
71,A,A MSE d=8 LR=0.012 MCW=5 Est=1400,2023,0.6516568364166344,0.06350327527142467,0.05562294112828206,-0.030639099091721137,0.04950972142942228,0.04135984325408937,0.8575908530935962
71,A,A MSE d=8 LR=0.012 MCW=5 Est=1400,2024,0.6285007203314634,0.06083100558088143,0.05729101490558533,-0.02044873714222575,0.044632426504375725,0.03422257471084594,0.8288258643100556
71,A,A MSE d=8 LR=0.012 MCW=5 Est=1400,2025,0.6349005644356389,0.06328370465046222,0.06257410378018004,-0.009450333657069763,0.04640800414533855,0.031616281688213344,0.8068973559532654
72,A,A MSE d=8 LR=0.012 MCW=6 Est=1400,2023,0.6500783739639933,0.06364699021975558,0.05582134208380471,-0.030576414641914823,0.04953986790441352,0.040791411161422736,0.8567110561654976
72,A,A MSE d=8 LR=0.012 MCW=6 Est=1400,2024,0.6307637278884931,0.060645444913337315,0.057104153290222996,-0.02042022688322777,0.04450050694545713,0.03418452101945876,0.8299134050727419
72,A,A MSE d=8 LR=0.012 MCW=6 Est=1400,2025,0.6369798595517122,0.0631032423294171,0.0624074745588741,-0.009344854974049962,0.04608257766925782,0.031265219777822484,0.8082794298842696
73,A,A MSE d=8 LR=0.012 MCW=8 Est=1400,2023,0.6506120390752711,0.06359843772125236,0.05581464562719549,-0.030487482938295934,0.049530423326861715,0.04072901344299315,0.8567394868268501
73,A,A MSE d=8 LR=0.012 MCW=8 Est=1400,2024,0.6336857348887677,0.060405004835362854,0.05691919572547578,-0.020223001004795054,0.044353663208411644,0.033625452756881724,0.8316998454783262
73,A,A MSE d=8 LR=0.012 MCW=8 Est=1400,2025,0.637811697038797,0.06303090233847995,0.062332819652430906,-0.009354904700723811,0.04616103771356366,0.031253196358680735,0.8089350321569965
74,A,A MSE d=8 LR=0.012 MCW=10 Est=1400,2023,0.652078828618867,0.06346479883407553,0.055771810117291966,-0.030286727951277417,0.04931716033080147,0.04048353159427643,0.8569811462160628
74,A,A MSE d=8 LR=0.012 MCW=10 Est=1400,2024,0.6378435146085266,0.060061218828514146,0.05650420136248128,-0.020362348524514656,0.04405860547660866,0.03343759703636168,0.8339827563183467
74,A,A MSE d=8 LR=0.012 MCW=10 Est=1400,2025,0.6350437001722908,0.06327129837592653,0.06257643864383763,-0.00935128458537716,0.046272970002753024,0.031184104859828962,0.8074210357157215
75,A,A MSE d=8 LR=0.012 MCW=12 Est=1400,2023,0.6517269199982952,0.0634968867997705,0.05577376352300463,-0.030350320222896975,0.049372619694028924,0.04058148479461671,0.8569285346854787
75,A,A MSE d=8 LR=0.012 MCW=12 Est=1400,2024,0.634604395510137,0.060329213992021694,0.0567929791971034,-0.020351205689212483,0.044306293840926034,0.0338985860347748,0.8323232711177198
75,A,A MSE d=8 LR=0.012 MCW=12 Est=1400,2025,0.6373750424886069,0.0630688859504895,0.06234979937253291,-0.009496677923362977,0.04621926560769792,0.0311335329413414,0.8087210509245789
76,A,A MSE d=8 LR=0.012 MCW=15 Est=1400,2023,0.6536900956829362,0.06331767152945629,0.055495358760440164,-0.03048594242602991,0.04926672820843185,0.040397472620010366,0.8585764737035919
76,A,A MSE d=8 LR=0.012 MCW=15 Est=1400,2024,0.6334691138226161,0.060422862538301196,0.05703396524922947,-0.01995116852490255,0.0442647622708871,0.0340886202454567,0.8312366260114944
76,A,A MSE d=8 LR=0.012 MCW=15 Est=1400,2025,0.636766964951598,0.06312174319061857,0.062450870800797816,-0.009178409586243741,0.046180839200563026,0.030851974248886097,0.8081979627760745
77,A,A MSE d=8 LR=0.012 MCW=20 Est=1400,2023,0.6547717716688892,0.0632187099231311,0.05553968914088509,-0.03019848033009386,0.04913842966024663,0.04014106810092927,0.8585499756387636
77,A,A MSE d=8 LR=0.012 MCW=20 Est=1400,2024,0.6344019113447037,0.060345927409656566,0.0568541440737642,-0.020229613340273622,0.04407318848741771,0.03326288628578186,0.8325099462043403
77,A,A MSE d=8 LR=0.012 MCW=20 Est=1400,2025,0.6324907577153602,0.06349221042423832,0.06295666356016982,-0.008229173509190803,0.04605169777142062,0.03073360329866409,0.806014608546298
78,A,A MSE d=9 LR=0.003 MCW=3 Est=3000,2023,0.6587247656725881,0.06285572877415424,0.054897053302747474,-0.030613006708014107,0.04899781721480234,0.041065902531147,0.8607776078575178
78,A,A MSE d=9 LR=0.003 MCW=3 Est=3000,2024,0.6288551065821701,0.06080198423846713,0.057134897076820464,-0.020796269558158057,0.04471352485492278,0.034484462261199944,0.828999303087566
78,A,A MSE d=9 LR=0.003 MCW=3 Est=3000,2025,0.647496936754042,0.06218244034493511,0.06130993809499634,-0.01038014365868677,0.04529165303006804,0.03096489521861076,0.8136985848710825
79,A,A MSE d=9 LR=0.003 MCW=4 Est=3000,2023,0.6583947258106466,0.06288611463415798,0.05491386921125156,-0.030645234221385077,0.04902411592184706,0.040969330310821506,0.8606927764982153
79,A,A MSE d=9 LR=0.003 MCW=4 Est=3000,2024,0.6279662695560684,0.06087474657228697,0.05720488284861854,-0.02081672748721252,0.044817395651553966,0.03431370282173157,0.8285482924828513
79,A,A MSE d=9 LR=0.003 MCW=4 Est=3000,2025,0.6477859454915333,0.06215694417835482,0.06126398292028499,-0.010498100238098343,0.04534217948961057,0.03133868652582168,0.814068666412021
80,A,A MSE d=9 LR=0.003 MCW=5 Est=3000,2023,0.6602403669022732,0.06271600251702572,0.05488738026593717,-0.030342584946054962,0.04889034524038411,0.04121608948707581,0.8608991595823482
80,A,A MSE d=9 LR=0.003 MCW=5 Est=3000,2024,0.6280473871744905,0.06086810969603306,0.057254337866128,-0.02066077377714591,0.044778093436654856,0.03448340463638305,0.8283318144643069
80,A,A MSE d=9 LR=0.003 MCW=5 Est=3000,2025,0.6488778804985076,0.06206051981959138,0.06121339752535741,-0.01021900595988246,0.04521159445547504,0.031131100118160247,0.8144568664076205
81,A,A MSE d=9 LR=0.003 MCW=6 Est=3000,2023,0.6601584764494768,0.06272356011350654,0.05492183273467058,-0.030295829464979003,0.04884911936108871,0.04111220335960386,0.8607966598805051
81,A,A MSE d=9 LR=0.003 MCW=6 Est=3000,2024,0.6291809297769253,0.060775289749468143,0.057184685772444815,-0.0205802712068605,0.04465227505601859,0.03418541923165321,0.8288215823086291
81,A,A MSE d=9 LR=0.003 MCW=6 Est=3000,2025,0.6499015731055453,0.06196998540816299,0.06112371820704689,-0.010206378541105359,0.045081880853272034,0.031023982763290422,0.8152102455875107
82,A,A MSE d=9 LR=0.003 MCW=8 Est=3000,2023,0.6597418687819453,0.06276199436994227,0.05504831664152946,-0.03014549341542731,0.04888596532753247,0.04095935791730881,0.8602096467318133
82,A,A MSE d=9 LR=0.003 MCW=8 Est=3000,2024,0.6300950289962698,0.060700335508540516,0.05705503407116729,-0.020718441484809915,0.044608521750193836,0.0340682406425476,0.829877711355615
82,A,A MSE d=9 LR=0.003 MCW=8 Est=3000,2025,0.6491473497078293,0.06203670102819619,0.061195615722229625,-0.010180809911969806,0.04512693807097961,0.031118106424808514,0.8148985451687695
83,A,A MSE d=9 LR=0.003 MCW=10 Est=3000,2023,0.6608423506380459,0.06266041799827493,0.0549945776865782,-0.0300320563409881,0.04881625182204105,0.04064087259769439,0.8605712574033472
83,A,A MSE d=9 LR=0.003 MCW=10 Est=3000,2024,0.6290612634111161,0.06078509530154086,0.05704510413526834,-0.020992472368467338,0.04468075992848914,0.03414639735221864,0.8301632935368048
83,A,A MSE d=9 LR=0.003 MCW=10 Est=3000,2025,0.6482938396360816,0.06211211272357491,0.061282761934846164,-0.010116206523019063,0.04519579363850246,0.03103363330662251,0.8145216821913017
84,A,A MSE d=9 LR=0.003 MCW=12 Est=3000,2023,0.6615522655215875,0.06259480416684918,0.05496223040827414,-0.029954344155946118,0.048740175359035215,0.04047056412696837,0.8607589610934032
84,A,A MSE d=9 LR=0.003 MCW=12 Est=3000,2024,0.6309831711449823,0.060627420936764154,0.05697766662502762,-0.020717858973067334,0.04453898198404154,0.034196122318506245,0.830566856469849
84,A,A MSE d=9 LR=0.003 MCW=12 Est=3000,2025,0.6504608925844291,0.061920463799356375,0.061097501335469324,-0.01006176766507727,0.045139045503825616,0.031318905159831045,0.8156628852678744
85,A,A MSE d=9 LR=0.003 MCW=15 Est=3000,2023,0.6642117440227484,0.062348388200374465,0.05483311263629843,-0.029675769068978255,0.04857720120660653,0.040395971179008505,0.8615334618374548
85,A,A MSE d=9 LR=0.003 MCW=15 Est=3000,2024,0.6308433197684382,0.06063890825174422,0.05702062269448528,-0.02063312342403642,0.04454047645065668,0.034009366273880015,0.8304800927967232
85,A,A MSE d=9 LR=0.003 MCW=15 Est=3000,2025,0.6482870505523506,0.06211271220454307,0.061349122587176834,-0.009709488801028818,0.045238569038610656,0.03141075751185417,0.8145743636963897
86,A,A MSE d=9 LR=0.003 MCW=20 Est=3000,2023,0.6630206653477733,0.0624588686848048,0.055013898296247705,-0.02957332028138008,0.048568945105142404,0.04027266633510589,0.8608103450756628
86,A,A MSE d=9 LR=0.003 MCW=20 Est=3000,2024,0.6303258812191459,0.06068139146147567,0.05715988207618174,-0.020371037113073732,0.044421069641139205,0.033556740283966074,0.8300417635868876
86,A,A MSE d=9 LR=0.003 MCW=20 Est=3000,2025,0.647838574963647,0.06215230011414113,0.06155576769571995,-0.008590452406537516,0.044988988911015715,0.03085394191741942,0.8139031852134709
87,A,A MSE d=9 LR=0.004 MCW=3 Est=2800,2023,0.6586180344897741,0.06286555682665428,0.05489115311022246,-0.03064375213248758,0.04897025814145885,0.04091435247659683,0.8608788037917264
87,A,A MSE d=9 LR=0.004 MCW=3 Est=2800,2024,0.6305672385776702,0.06066157902270886,0.056946544086593394,-0.020902590529245618,0.04463518657771912,0.034272479772567754,0.8300089035010552
87,A,A MSE d=9 LR=0.004 MCW=3 Est=2800,2025,0.6460148652220046,0.06231302383298214,0.06142972938399273,-0.010454725707837157,0.045306998262496546,0.030865231841802603,0.8128818124370101
88,A,A MSE d=9 LR=0.004 MCW=4 Est=2800,2023,0.657489624288845,0.06296936959270565,0.054982466321918395,-0.03069315729193846,0.04908325525129945,0.041216837167739884,0.8603667412897648
88,A,A MSE d=9 LR=0.004 MCW=4 Est=2800,2024,0.6294656281248684,0.06075195499095852,0.05698543111053257,-0.021058506141160296,0.04465335009146278,0.03399057039618492,0.8295757495073086
88,A,A MSE d=9 LR=0.004 MCW=4 Est=2800,2025,0.6459252136114106,0.06232091414917257,0.061438445740768885,-0.010450537030497866,0.045418613908479843,0.03094596856832504,0.8127830200455985
89,A,A MSE d=9 LR=0.004 MCW=5 Est=2800,2023,0.6592643885997911,0.06280601551128871,0.05485561532300462,-0.030585242395946025,0.048891470815766995,0.04097602653503418,0.861058037759371
89,A,A MSE d=9 LR=0.004 MCW=5 Est=2800,2024,0.6312185627438115,0.060608081084197,0.05687923485691491,-0.02093065065892695,0.04454512281197879,0.03382214331626893,0.8304588283451053
89,A,A MSE d=9 LR=0.004 MCW=5 Est=2800,2025,0.6485094499346367,0.062093071168762906,0.06122001211013325,-0.010375914704069504,0.045172960055707166,0.03069167143106459,0.8142673053372608
90,A,A MSE d=9 LR=0.004 MCW=6 Est=2800,2023,0.6597876891459078,0.0627577683515414,0.05486128215579617,-0.030475846294917307,0.04888490128836363,0.04119887959957122,0.8611462589296022
90,A,A MSE d=9 LR=0.004 MCW=6 Est=2800,2024,0.6320455092375962,0.060540089906507694,0.05677819636669823,-0.021008067738163536,0.04445804920060626,0.03381700944900512,0.8312661105590988
90,A,A MSE d=9 LR=0.004 MCW=6 Est=2800,2025,0.6478413217977029,0.062152057721909376,0.06128264902929914,-0.010359305187081506,0.04516708250088487,0.030362540632486345,0.8141747138025563
91,A,A MSE d=9 LR=0.004 MCW=8 Est=2800,2023,0.6612383089457633,0.06262383005918111,0.05492041536922412,-0.030091395249052,0.048689534622790485,0.04076916766166688,0.8608762682406541
91,A,A MSE d=9 LR=0.004 MCW=8 Est=2800,2024,0.6343265181849156,0.06035214931802582,0.05664635623816603,-0.020822397916932477,0.04435141653918995,0.03355310344696044,0.8321926365700142
91,A,A MSE d=9 LR=0.004 MCW=8 Est=2800,2025,0.6487040627209901,0.062075878987163775,0.06124400061811703,-0.010128531238471294,0.04507405964221904,0.030947034716606134,0.8146234626055949
92,A,A MSE d=9 LR=0.004 MCW=10 Est=2800,2023,0.6620043067376505,0.06255298842561569,0.054935291404443955,-0.029916385430950633,0.0486947048012307,0.04056230127811432,0.8609143963665976
92,A,A MSE d=9 LR=0.004 MCW=10 Est=2800,2024,0.6313574067486465,0.06059667072014695,0.05681331211408322,-0.021076149107078834,0.04451155257704905,0.03359047770500184,0.8315753083649271
92,A,A MSE d=9 LR=0.004 MCW=10 Est=2800,2025,0.6478527556589033,0.062151048739576095,0.06130246586585168,-0.010235259477884243,0.045138098465596396,0.030980467677116402,0.8145368679837832
93,A,A MSE d=9 LR=0.004 MCW=12 Est=2800,2023,0.6637010514549795,0.062395782295598945,0.054857710791698024,-0.02972987075516744,0.04859017177586162,0.04035202407836913,0.8613145306062003
93,A,A MSE d=9 LR=0.004 MCW=12 Est=2800,2024,0.632103024551426,0.060535358182291395,0.05683778530686906,-0.020832564736898426,0.04437601843078391,0.0337024803161621,0.8313984939523623
93,A,A MSE d=9 LR=0.004 MCW=12 Est=2800,2025,0.6505651925923297,0.061911224794940954,0.061084285189540094,-0.01008513079745899,0.04502878295178648,0.03076801571249961,0.8158969142920319
94,A,A MSE d=9 LR=0.004 MCW=15 Est=2800,2023,0.663926571027406,0.06237485771338939,0.05488346574068879,-0.02963828716479949,0.048597039764769194,0.04058884418010711,0.8613745407543207
94,A,A MSE d=9 LR=0.004 MCW=15 Est=2800,2024,0.6303871617540691,0.06067636170410396,0.05696298527292444,-0.020900698058543055,0.04447319720120792,0.03385635566711426,0.8307534286180097
94,A,A MSE d=9 LR=0.004 MCW=15 Est=2800,2025,0.6486985515242869,0.06207636591428354,0.061309004670242834,-0.009730424148077553,0.045175642166799715,0.031045891523361208,0.8149283164921105
95,A,A MSE d=9 LR=0.004 MCW=20 Est=2800,2023,0.6643160415965044,0.06233870458200888,0.05491330142361858,-0.02950666734373534,0.048568440389133674,0.03986057758331296,0.8612763897281022
95,A,A MSE d=9 LR=0.004 MCW=20 Est=2800,2024,0.6321668281540709,0.06053010869442852,0.056944122258803735,-0.020524643837238107,0.044239556904475945,0.03333736848831176,0.8312155386762778
95,A,A MSE d=9 LR=0.004 MCW=20 Est=2800,2025,0.6477470412520772,0.06216037689467812,0.061569250073903105,-0.008552186771156526,0.04494933563863055,0.03046801397204399,0.8138858492108525
96,A,A MSE d=9 LR=0.005 MCW=3 Est=2500,2023,0.6612933279583764,0.06261874441742163,0.05477257747920744,-0.030349166525955838,0.048740096699681754,0.040868723273277285,0.8613950884315387
96,A,A MSE d=9 LR=0.005 MCW=3 Est=2500,2024,0.6317463329382266,0.060564696862469986,0.0568719344739898,-0.0208246385009431,0.0444180498128649,0.033935744524002054,0.8303157595947457
96,A,A MSE d=9 LR=0.005 MCW=3 Est=2500,2025,0.6475964901683637,0.062173658986656735,0.061289254814213066,-0.010449455551731527,0.04521263396008025,0.03133129161596297,0.8138483076654843
97,A,A MSE d=9 LR=0.005 MCW=4 Est=2500,2023,0.6605707337715494,0.06268550400210385,0.05487560362446877,-0.030300833932091393,0.04878099407554172,0.04102223432064056,0.860860782058837
97,A,A MSE d=9 LR=0.005 MCW=4 Est=2500,2024,0.6307495207956095,0.06064661162859011,0.05690217701151174,-0.02097984158526719,0.04448527809197925,0.03381429457664492,0.8301793897915706
97,A,A MSE d=9 LR=0.005 MCW=4 Est=2500,2025,0.6479358426622023,0.062143716225818116,0.061261307429073444,-0.010435213441069454,0.04528092549380968,0.031173934027552606,0.8140813262380232
98,A,A MSE d=9 LR=0.005 MCW=5 Est=2500,2023,0.6635129098051968,0.06241323344145771,0.05467626147331204,-0.030098474019644442,0.04854016739534039,0.04044413197040558,0.8619180609088349
98,A,A MSE d=9 LR=0.005 MCW=5 Est=2500,2024,0.6327245970804003,0.060484198449195434,0.056804073598983554,-0.02077583897311561,0.04423724828734827,0.033824682474136336,0.8307961026792635
98,A,A MSE d=9 LR=0.005 MCW=5 Est=2500,2025,0.6513613266130959,0.06184065692642888,0.06097717619857471,-0.010298098397550817,0.0449949585077546,0.03101381504535676,0.8158872063996324
99,A,A MSE d=9 LR=0.005 MCW=6 Est=2500,2023,0.6639513782292488,0.06237255557625636,0.0546430829948795,-0.030074393910833035,0.04845070524490303,0.04027915811538696,0.8621536812278507
99,A,A MSE d=9 LR=0.005 MCW=6 Est=2500,2024,0.6333506212619806,0.06043262853814003,0.05673190836305581,-0.020822900022209396,0.04424723279541451,0.03384186840057374,0.8312279112275768
99,A,A MSE d=9 LR=0.005 MCW=6 Est=2500,2025,0.6531100493314779,0.06168536992358754,0.0608229049458399,-0.010279061187318172,0.04485631418250817,0.03072721588611603,0.8170223377045138
100,A,A MSE d=9 LR=0.005 MCW=8 Est=2500,2023,0.664694917855339,0.06230351475127825,0.05462396991632656,-0.029965811537059753,0.04844483228951583,0.04073866176605223,0.8623079254512778
100,A,A MSE d=9 LR=0.005 MCW=8 Est=2500,2024,0.6333585259878378,0.06043197709023926,0.05673502430684767,-0.020812517071669957,0.0442456137515464,0.03393895435333252,0.8313953836594633
100,A,A MSE d=9 LR=0.005 MCW=8 Est=2500,2025,0.6502578272851909,0.0619384475836705,0.06108572241900851,-0.01024235355170418,0.04512297604012909,0.031107577681541446,0.8155128639865609
101,A,A MSE d=9 LR=0.005 MCW=10 Est=2500,2023,0.6640356241374645,0.06236473682381785,0.05471157315343852,-0.02993332867646748,0.04854371637564299,0.04040925845503807,0.8619485615707203
101,A,A MSE d=9 LR=0.005 MCW=10 Est=2500,2024,0.6314245328256614,0.06059115344942882,0.05684753062574268,-0.020967740342492755,0.04436164879643541,0.033804077744483935,0.8309046260400866
101,A,A MSE d=9 LR=0.005 MCW=10 Est=2500,2025,0.6498910752544329,0.06197091449946073,0.06115658204340181,-0.010013326718386192,0.045132107715689845,0.03089404632151127,0.8152286653258558
102,A,A MSE d=9 LR=0.005 MCW=12 Est=2500,2023,0.6633679906078987,0.062426672147274744,0.05482480254770047,-0.029855157394299774,0.048567195888480234,0.040643750905990594,0.8614402146559444
102,A,A MSE d=9 LR=0.005 MCW=12 Est=2500,2024,0.6316284339213563,0.06057439119469987,0.056820489136804285,-0.020992591225718744,0.044374127891585395,0.033816905498504635,0.8313225207226553
102,A,A MSE d=9 LR=0.005 MCW=12 Est=2500,2025,0.6503105509891225,0.061933778790899965,0.06112069260514827,-0.010002694165906765,0.045210278163269585,0.031150281012058273,0.8156266392816575
103,A,A MSE d=9 LR=0.005 MCW=15 Est=2500,2023,0.66311050899373,0.06245054190332737,0.054974491333649476,-0.029628963645906854,0.04859356918172876,0.04068684184551241,0.8608384405879074
103,A,A MSE d=9 LR=0.005 MCW=15 Est=2500,2024,0.6295218120192971,0.060747348925930714,0.05705645102715484,-0.020851901424457215,0.04449550051372921,0.034068051815032946,0.8299580763129706
103,A,A MSE d=9 LR=0.005 MCW=15 Est=2500,2025,0.6490694671043811,0.06204358612893789,0.06131854762127708,-0.009457394182212272,0.04515593445451827,0.030736426889896393,0.8146744747740171
104,A,A MSE d=9 LR=0.005 MCW=20 Est=2500,2023,0.6637755611757497,0.06238886977048457,0.05490122657359289,-0.029634884706657715,0.04852424556182553,0.040116334676742554,0.8614177298849462
104,A,A MSE d=9 LR=0.005 MCW=20 Est=2500,2024,0.6306643200772466,0.060653608013343435,0.056994596116102185,-0.02074791983560533,0.04421624913992289,0.033261642456054674,0.8307720830961641
104,A,A MSE d=9 LR=0.005 MCW=20 Est=2500,2025,0.6487785292287319,0.06206929932251651,0.06149501128260645,-0.008423865223937241,0.04489212746486616,0.030428884863853443,0.8143066815022044
105,A,A MSE d=9 LR=0.006 MCW=3 Est=2300,2023,0.6593499751167033,0.06279812715809283,0.0549366794517417,-0.030423116645536152,0.04894086422879666,0.040822197020053866,0.8606410835875273
105,A,A MSE d=9 LR=0.006 MCW=3 Est=2300,2024,0.6280726994325703,0.06086603855113254,0.05722272405340865,-0.020742094950488975,0.044775323898129125,0.03426745700836181,0.8283824996200871
105,A,A MSE d=9 LR=0.006 MCW=3 Est=2300,2025,0.6484585654732165,0.06209756554014937,0.06117231599463881,-0.010679672482946186,0.045265050116124105,0.031051354348659507,0.8145106358551498
106,A,A MSE d=9 LR=0.006 MCW=4 Est=2300,2023,0.656254695676987,0.06308278616927271,0.055249735228858225,-0.030445109104847337,0.04912606936337145,0.04066471052169801,0.8589738593156009
106,A,A MSE d=9 LR=0.006 MCW=4 Est=2300,2024,0.6269630154936381,0.0609567710150026,0.05734819002784798,-0.020661873797472384,0.04489547343354828,0.03464266884326936,0.8276655421247715
106,A,A MSE d=9 LR=0.006 MCW=4 Est=2300,2025,0.6484746736931621,0.062096142816389845,0.06118036300491746,-0.010625164983026066,0.04540186646331946,0.03142599299550057,0.8145448098801672
107,A,A MSE d=9 LR=0.006 MCW=5 Est=2300,2023,0.658566484430499,0.06287030312431617,0.05514053514838946,-0.030202589256516726,0.04896425578727304,0.04056519579887391,0.8596269355147593
107,A,A MSE d=9 LR=0.006 MCW=5 Est=2300,2024,0.6297496631785255,0.060728665663122176,0.05715150070906324,-0.02053477056357363,0.04466759485446648,0.034454323559999465,0.8290017390650494
107,A,A MSE d=9 LR=0.006 MCW=5 Est=2300,2025,0.6482334101744577,0.062117448484991,0.061216416889918836,-0.010541712864070197,0.04529288576827873,0.031255846083164215,0.814635407476772
108,A,A MSE d=9 LR=0.006 MCW=6 Est=2300,2023,0.6602423330998654,0.06271582104721658,0.055040103299271774,-0.03006428507584959,0.04881310931399924,0.04061224281787873,0.8601936201493234
108,A,A MSE d=9 LR=0.006 MCW=6 Est=2300,2024,0.6299417011349215,0.06071291453436943,0.057117191786034485,-0.020583595259448077,0.04467020188151436,0.03429813575744628,0.8293255243517914
108,A,A MSE d=9 LR=0.006 MCW=6 Est=2300,2025,0.6500306923848549,0.06195855682532281,0.06102879744059199,-0.01069339290905514,0.0451004163602455,0.030879702299833306,0.8159204394283807
109,A,A MSE d=9 LR=0.006 MCW=8 Est=2300,2023,0.6586763880693534,0.06286018368539108,0.05519792697863355,-0.0300764284794937,0.048990043985582654,0.04068848794698715,0.8594361926267984
109,A,A MSE d=9 LR=0.006 MCW=8 Est=2300,2024,0.6306804919272597,0.06065228009968331,0.05709304801351284,-0.020471515439882005,0.04458395405712222,0.034133733987808224,0.8295676855754792
109,A,A MSE d=9 LR=0.006 MCW=8 Est=2300,2025,0.6516488258921314,0.06181515371569479,0.060932110625403574,-0.010411105710324092,0.04502147939886519,0.030847587585449227,0.8164970324692612
110,A,A MSE d=9 LR=0.006 MCW=10 Est=2300,2023,0.6593554739485044,0.06279762030691567,0.05525470767616828,-0.029840549471827044,0.04897510778649317,0.04083446550369263,0.8591960532983081
110,A,A MSE d=9 LR=0.006 MCW=10 Est=2300,2024,0.6283770010460576,0.06084113392092068,0.05719017496585085,-0.020758792514094043,0.04478852531754689,0.034235514909029006,0.8289459148060584
110,A,A MSE d=9 LR=0.006 MCW=10 Est=2300,2025,0.648901242851174,0.06205845514780292,0.061204323740386334,-0.01026073153654905,0.04524951827266903,0.031061568528413776,0.8149553756414072
111,A,A MSE d=9 LR=0.006 MCW=12 Est=2300,2023,0.6612260435792594,0.0626249637429703,0.055020339884237095,-0.02991067170841022,0.048825395246138374,0.04056327822804451,0.8604556196595576
111,A,A MSE d=9 LR=0.006 MCW=12 Est=2300,2024,0.6289658689167068,0.06079291086527831,0.05711950129868204,-0.02081202987648921,0.04465481627376784,0.03396101689338682,0.8296795631781
111,A,A MSE d=9 LR=0.006 MCW=12 Est=2300,2025,0.6521872917588588,0.06176735967120086,0.060861708336100065,-0.0105384620252081,0.045061359550857584,0.030946043387055394,0.8170894616195604
112,A,A MSE d=9 LR=0.006 MCW=15 Est=2300,2023,0.661847059525176,0.0625675376336082,0.05509985325787211,-0.029642923873459005,0.04868535805385938,0.04047907948493956,0.8601444678058194
112,A,A MSE d=9 LR=0.006 MCW=15 Est=2300,2024,0.6289031104799792,0.06079805204557821,0.05716549528371007,-0.020700465778511364,0.04458331554552924,0.03412735533714295,0.829327225307198
112,A,A MSE d=9 LR=0.006 MCW=15 Est=2300,2025,0.6512446002377947,0.06185100837649332,0.061009666778026043,-0.010166995525740389,0.04510802836966864,0.03113690374791621,0.816548198336889
113,A,A MSE d=9 LR=0.006 MCW=20 Est=2300,2023,0.664062517505891,0.062362240679092,0.055059920490724897,-0.02928231920328515,0.048492648698971574,0.04007781767845153,0.8604728631701486
113,A,A MSE d=9 LR=0.006 MCW=20 Est=2300,2024,0.6305391643579932,0.06066388389969876,0.05709170679812499,-0.020509603230220122,0.044378964583247395,0.03391423845291136,0.8305210284269371
113,A,A MSE d=9 LR=0.006 MCW=20 Est=2300,2025,0.6505276460460647,0.06191455086632429,0.06126559224258232,-0.00894085099070584,0.04474132942900157,0.030476229056715966,0.81561768991046
114,A,A MSE d=9 LR=0.007 MCW=3 Est=2100,2023,0.6592122127078679,0.06281082398203477,0.05498135928933285,-0.030368564961728777,0.04893346187816794,0.04057582819461822,0.8603300388345083
114,A,A MSE d=9 LR=0.007 MCW=3 Est=2100,2024,0.6322696551456386,0.06052164757061057,0.056896522366533614,-0.020631421879524808,0.044519719562264234,0.03402299034595491,0.8301399283332327
114,A,A MSE d=9 LR=0.007 MCW=3 Est=2100,2025,0.6476604928838539,0.06216801281176128,0.061273967053222446,-0.010505368938629295,0.04522813783358153,0.030759922266006462,0.8138667795058758
115,A,A MSE d=9 LR=0.007 MCW=4 Est=2100,2023,0.6580688524875604,0.0629161024940401,0.05509921063487381,-0.030372898124026514,0.04903478989289971,0.040764611303806306,0.8598102823347683
115,A,A MSE d=9 LR=0.007 MCW=4 Est=2100,2024,0.6309570557454088,0.06062956620655577,0.056954650283817736,-0.020787306344105028,0.04459180843275425,0.03407164502143861,0.8303456687751981
115,A,A MSE d=9 LR=0.007 MCW=4 Est=2100,2025,0.6479551946990239,0.06214200826437691,0.06124369235038761,-0.010528026424897153,0.04529957385036089,0.030842663228511813,0.8142776702834295
116,A,A MSE d=9 LR=0.007 MCW=5 Est=2100,2023,0.6562871254287546,0.063079810408843,0.05528289468845059,-0.03037867736370326,0.049156557686420015,0.0408560779094696,0.8588486277185909
116,A,A MSE d=9 LR=0.007 MCW=5 Est=2100,2024,0.6311020948302184,0.06061765089817561,0.05696188802394299,-0.020732653336847862,0.044599271674591934,0.03425494885444641,0.8302945277120258
116,A,A MSE d=9 LR=0.007 MCW=5 Est=2100,2025,0.6502632140751547,0.06193797058844574,0.06104286059827363,-0.01049196709493239,0.04508291892382839,0.03069749505817891,0.8155733414127506
117,A,A MSE d=9 LR=0.007 MCW=6 Est=2100,2023,0.6593305846429909,0.06279991442951088,0.05506808175966416,-0.030188335870103587,0.04889615675046025,0.04042913818359373,0.8600571095045014
117,A,A MSE d=9 LR=0.007 MCW=6 Est=2100,2024,0.6324070167217555,0.06051034292102074,0.05684703242247606,-0.020734427908724363,0.04442021608398885,0.03385741555690766,0.8309097148712932
117,A,A MSE d=9 LR=0.007 MCW=6 Est=2100,2025,0.6495290158050371,0.06200294932610962,0.06120372307792392,-0.009923205535301117,0.04519026765820262,0.030691305175423636,0.8146823618571
118,A,A MSE d=9 LR=0.007 MCW=8 Est=2100,2023,0.658924646780574,0.06283731912764831,0.05521577682341249,-0.029995777426349485,0.04891873779637369,0.040324890434741974,0.8593582048993561
118,A,A MSE d=9 LR=0.007 MCW=8 Est=2100,2024,0.6320720573370019,0.060537905868322577,0.056835889033142004,-0.02084513774712436,0.04456044193517106,0.03375728285312651,0.8310509411497468
118,A,A MSE d=9 LR=0.007 MCW=8 Est=2100,2025,0.6497530909152105,0.06198312523263819,0.06110941483558036,-0.010370498222199745,0.04504571078334144,0.030957126080989834,0.8152743340979287
119,A,A MSE d=9 LR=0.007 MCW=10 Est=2100,2023,0.6596101614014227,0.06277414017535848,0.05514803442271989,-0.0299881138863553,0.04886233873262906,0.040461445331573476,0.8598074329015214
119,A,A MSE d=9 LR=0.007 MCW=10 Est=2100,2024,0.6311340560867531,0.060615024889421006,0.05685569356091662,-0.021014551029324074,0.04455440474510059,0.033773270606994615,0.8311036237689968
119,A,A MSE d=9 LR=0.007 MCW=10 Est=2100,2025,0.649986327287094,0.06196248389872772,0.06108679288689627,-0.010380421487347566,0.045164052255427814,0.03146517972648144,0.8157730187273463
120,A,A MSE d=9 LR=0.007 MCW=12 Est=2100,2023,0.6585422756592412,0.0628725319415527,0.05524908016104068,-0.03000823909548663,0.04895603450404881,0.04046734249591827,0.8593657655405095
120,A,A MSE d=9 LR=0.007 MCW=12 Est=2100,2024,0.6299313510890288,0.06071376355877985,0.056971769292880184,-0.020985199231179065,0.04463353986219454,0.033794970035552985,0.8307005058615897
120,A,A MSE d=9 LR=0.007 MCW=12 Est=2100,2025,0.6504022751392668,0.06192565558928178,0.06102677382653761,-0.010512834756677629,0.04518357565028487,0.03116899836063385,0.8162904105714818
121,A,A MSE d=9 LR=0.007 MCW=15 Est=2100,2023,0.6621842325862873,0.06253633673746462,0.05504516020644726,-0.029678675024902353,0.04875642074320237,0.04069383543729782,0.860433595995636
121,A,A MSE d=9 LR=0.007 MCW=15 Est=2100,2024,0.6313942778962539,0.06059364024469255,0.05685518906198382,-0.020954157452767064,0.044467566480452074,0.033663057804107666,0.8314538959605217
121,A,A MSE d=9 LR=0.007 MCW=15 Est=2100,2025,0.6486917360389782,0.06207696807307018,0.06122841871874431,-0.010228915387731762,0.04527952009724756,0.031487473726272586,0.8153845411682437
122,A,A MSE d=9 LR=0.007 MCW=20 Est=2100,2023,0.6602374761803482,0.0627162693146677,0.05529065401894189,-0.02960192587045878,0.048719971800490716,0.040041603922843935,0.8595295691315307
122,A,A MSE d=9 LR=0.007 MCW=20 Est=2100,2024,0.6320651816952635,0.06053847151577619,0.05691872329287634,-0.02061954104300883,0.044207904661582385,0.03349542045593262,0.83205998994942
122,A,A MSE d=9 LR=0.007 MCW=20 Est=2100,2025,0.6458499947911611,0.06232753345233181,0.06170324457133529,-0.008799490302956226,0.04517721866608095,0.030666918203234673,0.8133573130540992
123,A,A MSE d=9 LR=0.008 MCW=3 Est=2000,2023,0.6579880277280982,0.06292353802370401,0.05504707852744668,-0.0304826308474363,0.049101659022371666,0.040523217141628265,0.8600159560978936
123,A,A MSE d=9 LR=0.008 MCW=3 Est=2000,2024,0.6317140934531733,0.06056734793166532,0.056909849610746965,-0.020728546821402977,0.04452114467785063,0.03418557691574098,0.8298787014779377
123,A,A MSE d=9 LR=0.008 MCW=3 Est=2000,2025,0.6461936463732906,0.06229728616489497,0.0614410750509779,-0.010293014977959461,0.04540492585090229,0.03171383130550384,0.8127891710167714
124,A,A MSE d=9 LR=0.008 MCW=4 Est=2000,2023,0.6548545411956428,0.0632111310290222,0.055401743369505686,-0.030435077085929615,0.049321819540516766,0.04063704711198807,0.8582356652617172
124,A,A MSE d=9 LR=0.008 MCW=4 Est=2000,2024,0.6291251525712502,0.06077986037250917,0.05705475222222655,-0.02095105421208596,0.04474826212055316,0.03407142782211303,0.8288474176482384
124,A,A MSE d=9 LR=0.008 MCW=4 Est=2000,2025,0.646611450008433,0.06226049242037495,0.06140072473704621,-0.01031115507028454,0.045442312902049885,0.03165959686040877,0.8130808863444502
125,A,A MSE d=9 LR=0.008 MCW=5 Est=2000,2023,0.656133558262114,0.06309390052112103,0.05533182924630439,-0.030318788809347685,0.049222843645300246,0.040864735126495355,0.8586412291176658
125,A,A MSE d=9 LR=0.008 MCW=5 Est=2000,2024,0.6299069818527836,0.06071576254423211,0.056986093895420316,-0.020952062520220863,0.04461702543712002,0.03421027791500092,0.829666302152008
125,A,A MSE d=9 LR=0.008 MCW=5 Est=2000,2025,0.6493925934173355,0.062015015613758565,0.061174179979038,-0.010177517375730577,0.04514256411873764,0.030950707077980047,0.8145520254008577
126,A,A MSE d=9 LR=0.008 MCW=6 Est=2000,2023,0.6579771041336853,0.06292454287993106,0.05529996348688343,-0.03002352636690579,0.04899327622268088,0.04040212738513947,0.8588692576153288
126,A,A MSE d=9 LR=0.008 MCW=6 Est=2000,2024,0.632098849065181,0.06053570170759209,0.056851620768053536,-0.020795778257652598,0.04452427463640429,0.034151859998703016,0.8305547971092143
126,A,A MSE d=9 LR=0.008 MCW=6 Est=2000,2025,0.6472954042735966,0.062200213227072455,0.06142518813396196,-0.009788400832417488,0.045344842952380095,0.03126978886127472,0.813159418071986
127,A,A MSE d=9 LR=0.008 MCW=8 Est=2000,2023,0.6567883383929942,0.06303380114424302,0.05550498409983509,-0.02987401590511762,0.0492101071953687,0.04101789435744285,0.857849827148524
127,A,A MSE d=9 LR=0.008 MCW=8 Est=2000,2024,0.6346221877946199,0.06032774516263258,0.05677135415889019,-0.02040711119577532,0.04435827849807737,0.0337586088180542,0.831359046840908
127,A,A MSE d=9 LR=0.008 MCW=8 Est=2000,2025,0.6510943858560275,0.06186432703875873,0.061108111692966816,-0.009643321303908731,0.0451307602948826,0.031374049186706554,0.8153238997841484
128,A,A MSE d=9 LR=0.008 MCW=10 Est=2000,2023,0.65747758158503,0.06297047658807813,0.05535041535990265,-0.030026862004144884,0.04908234535735743,0.04073715722560883,0.8587031032580669
128,A,A MSE d=9 LR=0.008 MCW=10 Est=2000,2024,0.6342859750017309,0.06035549492626397,0.056634411242728916,-0.020864544816698784,0.04434839442967034,0.033861018776893625,0.8323833980454478
128,A,A MSE d=9 LR=0.008 MCW=10 Est=2000,2025,0.6504165988988444,0.06192438696362276,0.06111590155736552,-0.009973779535047808,0.04505738228827929,0.031118851423263552,0.815567292918584
129,A,A MSE d=9 LR=0.008 MCW=12 Est=2000,2023,0.6611839913251867,0.06262885046318088,0.055061007592798944,-0.029843899754305455,0.048748987671525544,0.04029006850719452,0.860227039605661
129,A,A MSE d=9 LR=0.008 MCW=12 Est=2000,2024,0.6345492291783847,0.06033376798197645,0.05664072218374557,-0.020784420825614883,0.044338196951773254,0.03351266533136368,0.8322645920146309
129,A,A MSE d=9 LR=0.008 MCW=12 Est=2000,2025,0.6499153062555938,0.06196876996217871,0.061189952473014515,-0.00979378244132728,0.04517074728592055,0.031242850840091707,0.8151611273394056
130,A,A MSE d=9 LR=0.008 MCW=15 Est=2000,2023,0.6634633784221432,0.06241782693123269,0.054976275331973565,-0.02955662820648503,0.04865185371218638,0.040685606956481934,0.8609231407738303
130,A,A MSE d=9 LR=0.008 MCW=15 Est=2000,2024,0.6329033224710443,0.0604694800970524,0.056794703769746005,-0.020758604071231403,0.044402625249613574,0.033594604969024666,0.8318435318310627
130,A,A MSE d=9 LR=0.008 MCW=15 Est=2000,2025,0.6470633058024711,0.062220675393344665,0.06152053602753044,-0.009307851085209661,0.045259925442645614,0.031074411273002617,0.813537355176749
131,A,A MSE d=9 LR=0.008 MCW=20 Est=2000,2023,0.6618019647394162,0.06257170937856228,0.05515724725740528,-0.02954482850783496,0.048723837638259056,0.04025562286376955,0.8601553656004054
131,A,A MSE d=9 LR=0.008 MCW=20 Est=2000,2024,0.6349757305654284,0.06029855127159389,0.056788669621544476,-0.02027220488566254,0.044060065170689854,0.0333898504972458,0.8326619470137042
131,A,A MSE d=9 LR=0.008 MCW=20 Est=2000,2025,0.6466759118413999,0.06225481367313978,0.06170850389591801,-0.008229360300137862,0.04504711024883129,0.03045253902673721,0.8131151874549631
132,A,A MSE d=9 LR=0.01 MCW=3 Est=1500,2023,0.6560118676179704,0.06310506366078711,0.0551369337296056,-0.030694748728678452,0.049181238954375796,0.04054353576898575,0.8595601676871114
132,A,A MSE d=9 LR=0.01 MCW=3 Est=1500,2024,0.6319205624683588,0.06055036787129451,0.056848318537104946,-0.020847439433282124,0.0444852180048647,0.034291388630867004,0.8304227916145587
132,A,A MSE d=9 LR=0.01 MCW=3 Est=1500,2025,0.6447874084702949,0.062420966715373144,0.0615811541221397,-0.010204829407171354,0.045394493514670425,0.03068231073021889,0.8120194851710099
133,A,A MSE d=9 LR=0.01 MCW=4 Est=1500,2023,0.656487839169944,0.0630613897522617,0.05512839558061207,-0.030620236422776774,0.04919095037612003,0.04106410241127015,0.8596308226886019
133,A,A MSE d=9 LR=0.01 MCW=4 Est=1500,2024,0.6310553516099399,0.06062149122149718,0.0568529641931168,-0.02104057179189811,0.04457334843825943,0.03379546332359312,0.8303054497515268
133,A,A MSE d=9 LR=0.01 MCW=4 Est=1500,2025,0.6445980667858682,0.062437600861662404,0.06160864400545012,-0.010140462586457866,0.045529374544827146,0.03100584203004838,0.8120015385729557
134,A,A MSE d=9 LR=0.01 MCW=5 Est=1500,2023,0.6573264526985717,0.06298436707813589,0.05515935178126267,-0.030405203648807343,0.049030773498549896,0.04096198326349258,0.8595762740812625
134,A,A MSE d=9 LR=0.01 MCW=5 Est=1500,2024,0.6335429987582368,0.06041677224075877,0.05669834784520538,-0.020868246721776295,0.0443595852849342,0.033855467081069957,0.8316253322730808
134,A,A MSE d=9 LR=0.01 MCW=5 Est=1500,2025,0.6458714414325329,0.062325646206142726,0.06155085049249252,-0.00979688613849272,0.04523617987196335,0.030314289316534994,0.8125930088927811
135,A,A MSE d=9 LR=0.01 MCW=6 Est=1500,2023,0.6604204368242064,0.06269938082140773,0.055002544200388755,-0.030098712392751584,0.04877141705320663,0.040218510389328,0.860458587785983
135,A,A MSE d=9 LR=0.01 MCW=6 Est=1500,2024,0.6332444162654347,0.06044138047222394,0.05675042140583599,-0.020797839841285682,0.04443018420333675,0.033540164709091214,0.8313196642171815
135,A,A MSE d=9 LR=0.01 MCW=6 Est=1500,2025,0.6463263243697908,0.06228560427440799,0.061495709576765006,-0.009888083910714203,0.045347913744731884,0.03093463286757469,0.8128347992470468
136,A,A MSE d=9 LR=0.01 MCW=8 Est=1500,2023,0.658117444082416,0.06291163185366973,0.05523995770417891,-0.030106818076361824,0.048991462990729116,0.04062010300159455,0.8593710529881434
136,A,A MSE d=9 LR=0.01 MCW=8 Est=1500,2024,0.636237177180952,0.060194271586177114,0.056532616505665205,-0.020673983585064427,0.04436456080949036,0.03404265201091766,0.8328144676124452
136,A,A MSE d=9 LR=0.01 MCW=8 Est=1500,2025,0.6460913182463348,0.06230629434646165,0.06156119375157319,-0.00960696298025065,0.04524435697081652,0.03071498757600785,0.812928422763914
137,A,A MSE d=9 LR=0.01 MCW=10 Est=1500,2023,0.6615063584485202,0.06259904920459129,0.05510522729522118,-0.02969940886314109,0.04875615360760629,0.04041440308094024,0.8601089414467992
137,A,A MSE d=9 LR=0.01 MCW=10 Est=1500,2024,0.6336610457217713,0.06040704041555433,0.0567812458188595,-0.020613118635386295,0.044423499754119834,0.03384472313523293,0.8318097640352669
137,A,A MSE d=9 LR=0.01 MCW=10 Est=1500,2025,0.6514613375961789,0.06183178644106588,0.06107272245771208,-0.009658798378503754,0.044953471059720806,0.03068501329421998,0.8161302430669719
138,A,A MSE d=9 LR=0.01 MCW=12 Est=1500,2023,0.6611062756105945,0.06263603277846386,0.055176370077161065,-0.029645248973269787,0.04875999896403039,0.04030385065078734,0.8597890482288968
138,A,A MSE d=9 LR=0.01 MCW=12 Est=1500,2024,0.6322240238282754,0.060525402491679696,0.05687335273351293,-0.02070618509566742,0.04442307952954664,0.033809181928634635,0.8315083375661572
138,A,A MSE d=9 LR=0.01 MCW=12 Est=1500,2025,0.6466532371600882,0.06225681125193585,0.06150825186218361,-0.009625252946164365,0.04530824871930041,0.030902519226074218,0.8136486678720175
139,A,A MSE d=9 LR=0.01 MCW=15 Est=1500,2023,0.6623564381621123,0.06252039538764256,0.05510873102933219,-0.029526726931215882,0.04861721483472226,0.04031074595451356,0.8601721577124674
139,A,A MSE d=9 LR=0.01 MCW=15 Est=1500,2024,0.633716079544069,0.060402502875725836,0.05677480518481533,-0.020617561827962646,0.04431495814849803,0.03375058460235597,0.8321111347529253
139,A,A MSE d=9 LR=0.01 MCW=15 Est=1500,2025,0.6453627079621336,0.06237039798095021,0.061693457011056156,-0.00916427317882975,0.0453213134792904,0.03021919116377831,0.8128321464451501
140,A,A MSE d=9 LR=0.01 MCW=20 Est=1500,2023,0.6624601959731633,0.06251078839591635,0.055185957747024415,-0.02936168817310461,0.048623779710133264,0.03981670069694519,0.8599988946787339
140,A,A MSE d=9 LR=0.01 MCW=20 Est=1500,2024,0.6354737625341176,0.06025740214946552,0.05677024190167954,-0.020201340293632672,0.0439666056176859,0.03294099211692808,0.8326043850773391
140,A,A MSE d=9 LR=0.01 MCW=20 Est=1500,2025,0.644667218363508,0.06243152623425417,0.06195601599368809,-0.007690744615227781,0.04510900911417238,0.029962384045124066,0.8117692470392053
141,A,A MSE d=9 LR=0.012 MCW=3 Est=1400,2023,0.6581181905535176,0.06291156317256863,0.055116797466284936,-0.030331558122580683,0.04901640462677108,0.040602782249450686,0.8597557136204715
141,A,A MSE d=9 LR=0.012 MCW=3 Est=1400,2024,0.630210721870286,0.0606908423332542,0.05697431764824297,-0.02091185008019428,0.04478192277880267,0.034270756006240854,0.829754352918568
141,A,A MSE d=9 LR=0.012 MCW=3 Est=1400,2025,0.6430136942248137,0.06257661869863729,0.061727720748944684,-0.01027237538883598,0.04552309033792433,0.03127322486042976,0.8111554770462566
142,A,A MSE d=9 LR=0.012 MCW=4 Est=1400,2023,0.6582842726081932,0.06289628047745195,0.05504959680029033,-0.030421768377347756,0.049009307279131296,0.04044861316680909,0.8602143532839316
142,A,A MSE d=9 LR=0.012 MCW=4 Est=1400,2024,0.6301940102876826,0.06069221369341285,0.057021368402018685,-0.020787215940589947,0.044752769787046794,0.03392175650596618,0.8295056844903294
142,A,A MSE d=9 LR=0.012 MCW=4 Est=1400,2025,0.6457087915209077,0.062339957530191586,0.06152975664827742,-0.01001795143923991,0.045534615341839405,0.031231156289577483,0.8125547559543531
143,A,A MSE d=9 LR=0.012 MCW=5 Est=1400,2023,0.6584308498289828,0.06288278951099717,0.05514681755981608,-0.030217109922845986,0.04897365696508145,0.04079467105865481,0.8596324236196152
143,A,A MSE d=9 LR=0.012 MCW=5 Est=1400,2024,0.6323887756581839,0.06051184425451918,0.056861457832958706,-0.02069922486787258,0.04454737325100842,0.03419982838630675,0.8307198772730316
143,A,A MSE d=9 LR=0.012 MCW=5 Est=1400,2025,0.6474459465512145,0.06218693758328943,0.061405204895046514,-0.009829344909766417,0.045205614360113486,0.03049093985557555,0.8133476430498984
144,A,A MSE d=9 LR=0.012 MCW=6 Est=1400,2023,0.6610096793982436,0.06264495883994942,0.05501556213587966,-0.02996128821187915,0.04873229481379434,0.04004366511106491,0.8603898792916009
144,A,A MSE d=9 LR=0.012 MCW=6 Est=1400,2024,0.6354694981901372,0.060257754603572015,0.05659016516397772,-0.02070145405740318,0.044402738332362426,0.03395389950275421,0.8326044184576918
144,A,A MSE d=9 LR=0.012 MCW=6 Est=1400,2025,0.6494922408503903,0.062006202228548274,0.061181798834206616,-0.01007752989737199,0.045071787256016745,0.03036288499832153,0.8149573719055386
145,A,A MSE d=9 LR=0.012 MCW=8 Est=1400,2023,0.659514569694168,0.06278295399016168,0.055216787310824744,-0.02987985463050155,0.048845565987452474,0.040260114789009094,0.8595226440520318
145,A,A MSE d=9 LR=0.012 MCW=8 Est=1400,2024,0.6330214216179033,0.06045975245729585,0.056917842639470244,-0.02038972416337607,0.04459608840935235,0.03403669834136963,0.8310307797179274
145,A,A MSE d=9 LR=0.012 MCW=8 Est=1400,2025,0.6481503137466627,0.06212478493112304,0.061332812075872434,-0.00988812734285672,0.0451587527314122,0.030286498486995696,0.8142330400573583
146,A,A MSE d=9 LR=0.012 MCW=10 Est=1400,2023,0.6612233601107788,0.06262521177234258,0.05517060482616038,-0.029633115116463615,0.04870298248852626,0.04011579567193985,0.8595766359976225
146,A,A MSE d=9 LR=0.012 MCW=10 Est=1400,2024,0.6323383595631198,0.06051599356511962,0.05691322635263888,-0.020568669000495764,0.04452325047001238,0.03441580259799956,0.8313375265202042
146,A,A MSE d=9 LR=0.012 MCW=10 Est=1400,2025,0.6482362206162233,0.062117200340588805,0.06132703582201021,-0.009876297605220224,0.04506751221688606,0.02992253716289997,0.8145335014941345
147,A,A MSE d=9 LR=0.012 MCW=12 Est=1400,2023,0.6616934256022433,0.06258174925730665,0.05505458613141036,-0.029756812410424004,0.04885968069173111,0.040339232087135315,0.8603185029310046
147,A,A MSE d=9 LR=0.012 MCW=12 Est=1400,2024,0.6299094364457654,0.06071556119926688,0.0570182285580548,-0.020863867952180704,0.04457023081343072,0.03427957826852798,0.8306148342720586
147,A,A MSE d=9 LR=0.012 MCW=12 Est=1400,2025,0.6454447907387728,0.06236317957522716,0.061622806893927094,-0.009581014233558557,0.04555078187978284,0.030797232776880262,0.8125896196179502
148,A,A MSE d=9 LR=0.012 MCW=15 Est=1400,2023,0.6623425832458396,0.06252167811009816,0.0550868963355675,-0.029570155297705847,0.048658922086056315,0.04038814306259153,0.8602098045336801
148,A,A MSE d=9 LR=0.012 MCW=15 Est=1400,2024,0.6295103924672509,0.060748285151314065,0.057174777352380975,-0.020528004918162878,0.044660707390009116,0.03403738796710967,0.8297807735624778
148,A,A MSE d=9 LR=0.012 MCW=15 Est=1400,2025,0.6447795524685898,0.06242165697315303,0.06173293495591455,-0.009247053741507999,0.045385246714912626,0.03109522360563277,0.8121160016368774
149,A,A MSE d=9 LR=0.012 MCW=20 Est=1400,2023,0.6617270425655557,0.06257863985773597,0.05526232857951968,-0.02936258175192775,0.04866806480802026,0.04027805471420287,0.8595661631569236
149,A,A MSE d=9 LR=0.012 MCW=20 Est=1400,2024,0.6292634671751138,0.06076852565094412,0.05726564385210863,-0.020333709642929625,0.04465307247322761,0.034131244301795954,0.8295146806472858
149,A,A MSE d=9 LR=0.012 MCW=20 Est=1400,2025,0.6439271726418121,0.062496504974130784,0.06198708165774275,-0.00796334350475664,0.04530775769340922,0.030468817949295044,0.8111375493100953
150,A,A MSE d=10 LR=0.003 MCW=3 Est=3000,2023,0.6616288036369348,0.06258772602930776,0.054852184051128766,-0.030140692675767564,0.04877815500081386,0.04021053206920624,0.860656267562305
150,A,A MSE d=10 LR=0.003 MCW=3 Est=3000,2024,0.6260049687590856,0.06103499648599279,0.057299884581162794,-0.02102365383930888,0.044921800654575704,0.03455597209930422,0.8271506062080324
150,A,A MSE d=10 LR=0.003 MCW=3 Est=3000,2025,0.6475461490331027,0.06217809960759333,0.061200331276007415,-0.010983420229786102,0.04529401468668726,0.03106113094091416,0.8138515426051948
151,A,A MSE d=10 LR=0.003 MCW=4 Est=3000,2023,0.6606956084979638,0.06267397206300576,0.05498145078958902,-0.030084328875252576,0.0488687917176733,0.040299667596817024,0.8600037147632013
151,A,A MSE d=10 LR=0.003 MCW=4 Est=3000,2024,0.6244377749218022,0.061162743734842956,0.05732605480711015,-0.021321460171947856,0.04502876782667001,0.03458844017982482,0.8271150529458762
151,A,A MSE d=10 LR=0.003 MCW=4 Est=3000,2025,0.6488878199580772,0.06205964141809116,0.06107968815286796,-0.010985025762795827,0.04525821482710499,0.030898606538772574,0.8147737655068715
152,A,A MSE d=10 LR=0.003 MCW=5 Est=3000,2023,0.6618237083031167,0.06256969790351581,0.054951272643128116,-0.029921977415960536,0.04871783137832804,0.040173858046531674,0.8602298131415973
152,A,A MSE d=10 LR=0.003 MCW=5 Est=3000,2024,0.6275152966032487,0.06091163106357492,0.05713322406081243,-0.021119221247082175,0.04476725541689944,0.034232770442962634,0.8284191576180039
152,A,A MSE d=10 LR=0.003 MCW=5 Est=3000,2025,0.6501297390039651,0.06194978859949951,0.06100307331999558,-0.010788946059391532,0.04511126576931931,0.03082519441843033,0.8154934623116127
153,A,A MSE d=10 LR=0.003 MCW=6 Est=3000,2023,0.6615619295896261,0.06259391049154424,0.05498711488353257,-0.029906768906096476,0.048742637119853056,0.04029301333427432,0.8601254602718318
153,A,A MSE d=10 LR=0.003 MCW=6 Est=3000,2024,0.6277814390881611,0.06088986631795887,0.05711927755047447,-0.021094168578092574,0.04468521794175945,0.03434690117835998,0.8287091210023568
153,A,A MSE d=10 LR=0.003 MCW=6 Est=3000,2025,0.6502778304589187,0.06193667630279564,0.0610391761573819,-0.01050575276954566,0.045016051543156216,0.03047441425919533,0.8154468693276639
154,A,A MSE d=10 LR=0.003 MCW=8 Est=3000,2023,0.6624839816066728,0.06250858586323692,0.0550075985831124,-0.02968985356542807,0.04858762526249772,0.039823480367660535,0.860105962736485
154,A,A MSE d=10 LR=0.003 MCW=8 Est=3000,2024,0.6291462669877936,0.06077813020724691,0.056985619180381586,-0.02113339338135445,0.044640333854641286,0.03410388034582138,0.8298572251250539
154,A,A MSE d=10 LR=0.003 MCW=8 Est=3000,2025,0.6491812359498594,0.062033705124609276,0.06114157385328191,-0.010482772531165321,0.04503723457109651,0.030400484472513194,0.8150424092255786
155,A,A MSE d=10 LR=0.003 MCW=10 Est=3000,2023,0.6635556600779642,0.062409268553079544,0.05499981247445086,-0.029494701682734603,0.04851189421016359,0.03978207197785377,0.8602643960750763
155,A,A MSE d=10 LR=0.003 MCW=10 Est=3000,2024,0.6275803454078639,0.06090631218503762,0.057160463986898745,-0.02102998379313664,0.04475702830576786,0.03405849719047546,0.8292363424370358
155,A,A MSE d=10 LR=0.003 MCW=10 Est=3000,2025,0.6488317783023688,0.06206459394678,0.061227687290538874,-0.010157959016324805,0.045096391056827584,0.03050355058908462,0.814831078266853
156,A,A MSE d=10 LR=0.003 MCW=12 Est=3000,2023,0.6621368444752347,0.06254072281892614,0.0550394878730604,-0.029698430701321787,0.048620028172078236,0.039948831081390385,0.8600765343481261
156,A,A MSE d=10 LR=0.003 MCW=12 Est=3000,2024,0.627559644003884,0.06090800493760449,0.057137580724739664,-0.021096965080967606,0.04474142025135693,0.03394659590721133,0.8293358937196331
156,A,A MSE d=10 LR=0.003 MCW=12 Est=3000,2025,0.6497370009850766,0.061984548932141496,0.06113298469783667,-0.010239262224761864,0.045115802790552044,0.030831554979085917,0.8153113446864605
157,A,A MSE d=10 LR=0.003 MCW=15 Est=3000,2023,0.6621309745823343,0.06254126609472344,0.05520750227985799,-0.02938607930770467,0.048597534217669096,0.039846459865570075,0.8594128797117653
157,A,A MSE d=10 LR=0.003 MCW=15 Est=3000,2024,0.6279806545625453,0.060873569673504685,0.05714702956175209,-0.02097161171194327,0.04470485260265397,0.0339406476020813,0.8296219283776373
157,A,A MSE d=10 LR=0.003 MCW=15 Est=3000,2025,0.6482375518014754,0.06211708280492414,0.0613499516882746,-0.009732183929804182,0.045152475607744734,0.030892922163009644,0.8144423706763154
158,A,A MSE d=10 LR=0.003 MCW=20 Est=3000,2023,0.6610293172991175,0.06264314428473283,0.055408613335507166,-0.029224118367641785,0.048588602687769614,0.03930826449394226,0.8585176802270039
158,A,A MSE d=10 LR=0.003 MCW=20 Est=3000,2024,0.6300591831045501,0.060703276540851336,0.05712169005430426,-0.02054264612628852,0.04444176110421311,0.03386839365959168,0.8301304002817995
158,A,A MSE d=10 LR=0.003 MCW=20 Est=3000,2025,0.650156090675073,0.06194745557583834,0.06134680634187569,-0.00860561472840243,0.0446849578500474,0.0303606824874878,0.8150754478467742
159,A,A MSE d=10 LR=0.004 MCW=3 Est=2800,2023,0.6600816187333516,0.06273065241493217,0.05520808116777612,-0.02978594512580634,0.048922898848147454,0.04040831434726716,0.8588249317997085
159,A,A MSE d=10 LR=0.004 MCW=3 Est=2800,2024,0.6272661339169772,0.06093200017980301,0.05722990022389693,-0.02091523780939409,0.04488511381994279,0.03459427607059479,0.8276837889321798
159,A,A MSE d=10 LR=0.004 MCW=3 Est=2800,2025,0.6457273970740571,0.06233832062163529,0.061409544130148694,-0.01072073264529196,0.0454815211164906,0.03132988633215427,0.8126523149094187
160,A,A MSE d=10 LR=0.004 MCW=4 Est=2800,2023,0.6596457471687276,0.0627708587549411,0.05523422385216259,-0.029822159946012557,0.04897509961040065,0.040658420205116286,0.8587320894808967
160,A,A MSE d=10 LR=0.004 MCW=4 Est=2800,2024,0.6256277427974672,0.06106576986601518,0.05731123333304983,-0.021082001407091367,0.0449371655597344,0.034472587227821344,0.8272328465646341
160,A,A MSE d=10 LR=0.004 MCW=4 Est=2800,2025,0.6450957380676052,0.06239386968910687,0.06146267061263351,-0.010739418089246633,0.04556339932005819,0.03155300581455231,0.8124449239171685
161,A,A MSE d=10 LR=0.004 MCW=5 Est=2800,2023,0.6591281867139513,0.06281856694822288,0.055310018151983824,-0.029782112835155305,0.04899304109355244,0.04060346668958664,0.8583760401720715
161,A,A MSE d=10 LR=0.004 MCW=5 Est=2800,2024,0.628070377154706,0.06086622857164617,0.057098731338193404,-0.02108157154945356,0.04474354245923257,0.03403514730930329,0.8286548307345599
161,A,A MSE d=10 LR=0.004 MCW=5 Est=2800,2025,0.6473334476873607,0.06219685861773534,0.06127402881964663,-0.010674390477643571,0.04532878865886202,0.031238846480846405,0.813735285050952
162,A,A MSE d=10 LR=0.004 MCW=6 Est=2800,2023,0.6601999500669391,0.06271973266434383,0.05518370333946143,-0.02980811553053742,0.048868792435216274,0.04072921586036682,0.8591078220998674
162,A,A MSE d=10 LR=0.004 MCW=6 Est=2800,2024,0.6298838217929527,0.06071766228108959,0.0570106550608774,-0.020890661191880266,0.044572883168238396,0.03407036381959916,0.8294228320377567
162,A,A MSE d=10 LR=0.004 MCW=6 Est=2800,2025,0.6488918398393949,0.062059286156836556,0.06118338451856774,-0.010389824683030093,0.04518625060959851,0.030773530960082993,0.8145474483871691
163,A,A MSE d=10 LR=0.004 MCW=8 Est=2800,2023,0.6606043034322124,0.06268240411747467,0.055321070369926215,-0.029473088724725687,0.04880027550339089,0.03999109065532684,0.858484384196463
163,A,A MSE d=10 LR=0.004 MCW=8 Est=2800,2024,0.6300372443371786,0.0607050764710808,0.05697436654034211,-0.020952991756180206,0.044564255641221164,0.03372078680992127,0.8298037196822181
163,A,A MSE d=10 LR=0.004 MCW=8 Est=2800,2025,0.6479890081086954,0.06213902386635546,0.06125316108425158,-0.010455072502090367,0.04528328270548649,0.031206780612468718,0.8143405951762647
164,A,A MSE d=10 LR=0.004 MCW=10 Est=2800,2023,0.6603623418767843,0.06270474386714271,0.055470475206971674,-0.02923886598516136,0.04880956540940409,0.040262716531753534,0.8578463659996528
164,A,A MSE d=10 LR=0.004 MCW=10 Est=2800,2024,0.6292591100993546,0.060768882740505924,0.05709409735809443,-0.020811563038167422,0.044653580858464784,0.03391892242431643,0.8296281917163991
164,A,A MSE d=10 LR=0.004 MCW=10 Est=2800,2025,0.6454774449203673,0.06236030771574286,0.06153822935493958,-0.010092289394261336,0.045361347152473475,0.030570749402046207,0.8129798470531431
165,A,A MSE d=10 LR=0.004 MCW=12 Est=2800,2023,0.6599581568811488,0.06274204358975514,0.05540292308968085,-0.02944622465813186,0.04882541342787069,0.04025382512807846,0.8582939789096341
165,A,A MSE d=10 LR=0.004 MCW=12 Est=2800,2024,0.6304197837481342,0.060673684000053164,0.05700339154050212,-0.020782427246697537,0.04456624519401821,0.03371121931076049,0.8303073242424686
165,A,A MSE d=10 LR=0.004 MCW=12 Est=2800,2025,0.6494622061126969,0.06200885880329844,0.061142614813467326,-0.0103285635710717,0.045107533177487655,0.030624446630477906,0.815584729177588
166,A,A MSE d=10 LR=0.004 MCW=15 Est=2800,2023,0.6637371282964619,0.062392435417574485,0.0552453493643541,-0.02899598889121076,0.04855271912393662,0.0400343313217163,0.8592445442656627
166,A,A MSE d=10 LR=0.004 MCW=15 Est=2800,2024,0.6277627641012327,0.0608913937850366,0.05724353507577572,-0.020759083040275437,0.0446654746052048,0.0337297115325928,0.8292216706122986
166,A,A MSE d=10 LR=0.004 MCW=15 Est=2800,2025,0.6471857042046801,0.06220988539647813,0.061435917908624904,-0.009782526872446646,0.045247602804686975,0.03093352150917053,0.8138936047319061
167,A,A MSE d=10 LR=0.004 MCW=20 Est=2800,2023,0.6635094326284166,0.06241355592230731,0.05523406677731003,-0.02906285996836157,0.04845700983405636,0.039240308344364164,0.8593856465168948
167,A,A MSE d=10 LR=0.004 MCW=20 Est=2800,2024,0.6301018645285077,0.060699774660417885,0.057189161893285184,-0.020343608502895454,0.044469167590222305,0.03357866740226745,0.8299173618112244
167,A,A MSE d=10 LR=0.004 MCW=20 Est=2800,2025,0.6489966771696509,0.062050020328873606,0.06147086376080691,-0.008458009926002735,0.04482274023946777,0.030365364640951173,0.8142689229495208
168,A,A MSE d=10 LR=0.005 MCW=3 Est=2500,2023,0.6597503185632201,0.06276121506686524,0.05517140998555629,-0.029917981840617815,0.04900572872255083,0.04073906970024109,0.8590339828326732
168,A,A MSE d=10 LR=0.005 MCW=3 Est=2500,2024,0.6268538303841185,0.060965691155709836,0.057171688687474,-0.021171053439983937,0.044909059997222694,0.03469112420082093,0.8282478327328281
168,A,A MSE d=10 LR=0.005 MCW=3 Est=2500,2025,0.6437898429326636,0.06250855559807195,0.061577080434732485,-0.010750938948419829,0.0455978929814849,0.031127811610698698,0.8116206566442163
169,A,A MSE d=10 LR=0.005 MCW=4 Est=2500,2023,0.658605451007109,0.06286671544139502,0.055304947248666754,-0.029892920891404478,0.04902067592419937,0.04090823501348496,0.85837675123107
169,A,A MSE d=10 LR=0.005 MCW=4 Est=2500,2024,0.6259748723582398,0.06103745226295792,0.05721409785151033,-0.02126305672361956,0.044911221112821254,0.03420126032829285,0.8281770221114874
169,A,A MSE d=10 LR=0.005 MCW=4 Est=2500,2025,0.6425383912724203,0.06261826309448267,0.061699255545486574,-0.01068871998498805,0.04572982464905521,0.03115451723337173,0.8110748036400743
170,A,A MSE d=10 LR=0.005 MCW=5 Est=2500,2023,0.6592100283526312,0.06281102528169624,0.05533905740477161,-0.029712179707358132,0.04901618142165232,0.04074958217144012,0.858244890398043
170,A,A MSE d=10 LR=0.005 MCW=5 Est=2500,2024,0.628224281119512,0.0608536340879115,0.057056718003196616,-0.021158821167539286,0.04471763296353862,0.03410420453548432,0.8292133636706589
170,A,A MSE d=10 LR=0.005 MCW=5 Est=2500,2025,0.6445198558636303,0.06244447059598294,0.06157654882449256,-0.010374996038235787,0.045558184170133596,0.031109472393989562,0.811999540646845
171,A,A MSE d=10 LR=0.005 MCW=6 Est=2500,2023,0.6619101592233638,0.06256169977673849,0.05515290785711054,-0.029531729274148304,0.048787510895298446,0.04066281402111052,0.8592577006739749
171,A,A MSE d=10 LR=0.005 MCW=6 Est=2500,2024,0.629684053172137,0.06073404611959692,0.05696880390844181,-0.02105183464123355,0.044614925464698016,0.033985109567642224,0.8299456076811501
171,A,A MSE d=10 LR=0.005 MCW=6 Est=2500,2025,0.6464606731208973,0.062273773046140665,0.06143645694448304,-0.010177650377392957,0.04539928995350822,0.03052909886837006,0.8130392500331189
172,A,A MSE d=10 LR=0.005 MCW=8 Est=2500,2023,0.6638886396652641,0.06237837762355916,0.05505776495473143,-0.029320718163069078,0.04858211710837636,0.04026090455055237,0.8599325325790612
172,A,A MSE d=10 LR=0.005 MCW=8 Est=2500,2024,0.6295411977596279,0.060745759564159965,0.05690874587743232,-0.021247163355717424,0.04464137534912512,0.034071888685226454,0.8305846265896847
172,A,A MSE d=10 LR=0.005 MCW=8 Est=2500,2025,0.645857605949933,0.06232686369757421,0.061467321263393285,-0.010315345648297362,0.045450134515827946,0.030928009986877437,0.8131881840271422
173,A,A MSE d=10 LR=0.005 MCW=10 Est=2500,2023,0.663645135065864,0.0624009693499184,0.055216850899377924,-0.029068545724936272,0.04856491578179804,0.039916924238204976,0.8591827125161638
173,A,A MSE d=10 LR=0.005 MCW=10 Est=2500,2024,0.6292215563690424,0.060771960416193094,0.057009541392550135,-0.02105097065027297,0.04463964804182104,0.03361844411492347,0.8302797123147915
173,A,A MSE d=10 LR=0.005 MCW=10 Est=2500,2025,0.6457251353627045,0.06233851960832134,0.061566416648940116,-0.009780969821897932,0.04532353604565545,0.03060039582848549,0.8127901276843413
174,A,A MSE d=10 LR=0.005 MCW=12 Est=2500,2023,0.6633318273521973,0.06243002520197157,0.05523523281217893,-0.02909599808444032,0.04857989745814129,0.03967114889621734,0.8591363312209775
174,A,A MSE d=10 LR=0.005 MCW=12 Est=2500,2024,0.630610603922731,0.06065801858115749,0.056908568679210035,-0.020995476297459972,0.044479318915425226,0.033579605102539045,0.8309528211538755
174,A,A MSE d=10 LR=0.005 MCW=12 Est=2500,2025,0.6482022942947421,0.06212019575600859,0.06134887844270334,-0.009758782402244658,0.04515354081070583,0.03109533381462097,0.8142554259775697
175,A,A MSE d=10 LR=0.005 MCW=15 Est=2500,2023,0.6652985825336581,0.06224740558922981,0.05511817424743069,-0.028926222869455086,0.048440558848789464,0.039849275827407826,0.859866687522464
175,A,A MSE d=10 LR=0.005 MCW=15 Est=2500,2024,0.628540541708564,0.0608277452255283,0.05714898931970082,-0.020832849239713094,0.04467561065507823,0.033836523532867424,0.8297639635822436
175,A,A MSE d=10 LR=0.005 MCW=15 Est=2500,2025,0.6467071304933052,0.06225206328849969,0.06150882062274108,-0.009590848350854182,0.04529134440420865,0.031043280541896826,0.813477241158683
176,A,A MSE d=10 LR=0.005 MCW=20 Est=2500,2023,0.6641219909624942,0.06235672021416055,0.055403173616229186,-0.028615536111491386,0.048453734656951034,0.0395928270816803,0.8585390475465365
176,A,A MSE d=10 LR=0.005 MCW=20 Est=2500,2024,0.6312826092031923,0.06060281793757218,0.057045889174537304,-0.020456492175656957,0.044438624902349295,0.03374808382987976,0.8306801229046192
176,A,A MSE d=10 LR=0.005 MCW=20 Est=2500,2025,0.6476358371579702,0.062170187944889106,0.06161618237005043,-0.008281203886051119,0.04484766751690339,0.03068731570243835,0.8134683152404059
177,A,A MSE d=10 LR=0.006 MCW=3 Est=2300,2023,0.6612796852430736,0.06262000551023576,0.055052892559981595,-0.029840310169955125,0.04887170270908831,0.040265579700469956,0.8595619100501345
177,A,A MSE d=10 LR=0.006 MCW=3 Est=2300,2024,0.6267807188314246,0.06097166345074216,0.05719129749729007,-0.021135260387368772,0.044845531164422796,0.03462270939350129,0.8278257777911302
177,A,A MSE d=10 LR=0.006 MCW=3 Est=2300,2025,0.6449064234928532,0.06241050867514175,0.061475897177653234,-0.010760374477922056,0.04562303825868688,0.03140952986478805,0.8119940997384525
178,A,A MSE d=10 LR=0.006 MCW=4 Est=2300,2023,0.6613556690604117,0.06261298146454827,0.05505863140965848,-0.02981497201543366,0.04887272397747509,0.04051804876327514,0.8595895843198752
178,A,A MSE d=10 LR=0.006 MCW=4 Est=2300,2024,0.625950742625667,0.061039421106142154,0.057188779187566034,-0.02133669304421221,0.04488307259600404,0.03417946910858155,0.8279562630920684
178,A,A MSE d=10 LR=0.006 MCW=4 Est=2300,2025,0.6448131165832369,0.062418707850771166,0.06146334815967959,-0.010878967076832287,0.04562354241420714,0.031572299361228934,0.8122502782162033
179,A,A MSE d=10 LR=0.006 MCW=5 Est=2300,2023,0.6613337842318135,0.06261500460816011,0.05510031835995463,-0.029742120266208514,0.04883541954014089,0.040575296521186854,0.85945671167796
179,A,A MSE d=10 LR=0.006 MCW=5 Est=2300,2024,0.6291731626442505,0.06077592624217428,0.056935121473091266,-0.021262764478348337,0.044605978509360586,0.03405772924423217,0.8295731658086986
179,A,A MSE d=10 LR=0.006 MCW=5 Est=2300,2025,0.6482796364774848,0.06211336686606787,0.061194129021934635,-0.010646544791656649,0.04536057069066097,0.030969391345977787,0.8141990339307142
180,A,A MSE d=10 LR=0.006 MCW=6 Est=2300,2023,0.6609631241764089,0.06264926036369896,0.055133094098472,-0.02975351673877449,0.048908477435887165,0.04060773944854734,0.8592976248985589
180,A,A MSE d=10 LR=0.006 MCW=6 Est=2300,2024,0.6290142704588622,0.060788945506893,0.056988538832353816,-0.021156614601373826,0.04453932230546713,0.03359057754278183,0.8294600514540014
180,A,A MSE d=10 LR=0.006 MCW=6 Est=2300,2025,0.6477712771261867,0.06215823846411932,0.06127506300942086,-0.010440941525278708,0.045341689330516,0.03087209856510162,0.813888208228958
181,A,A MSE d=10 LR=0.006 MCW=8 Est=2300,2023,0.6625895782136444,0.062498806755617295,0.055107166887296034,-0.029483910921681414,0.04876775064227632,0.040519196271896374,0.8596142957740802
181,A,A MSE d=10 LR=0.006 MCW=8 Est=2300,2024,0.6313163208647543,0.06060004743035002,0.05685067458248793,-0.020984912356425484,0.04444483872968376,0.03332873558998109,0.8306006980702787
181,A,A MSE d=10 LR=0.006 MCW=8 Est=2300,2025,0.6466424645882209,0.06225776026425513,0.061399299335745214,-0.010303142809713953,0.045339958745786384,0.030914052963256833,0.8134424618607301
182,A,A MSE d=10 LR=0.006 MCW=10 Est=2300,2023,0.6622355178746107,0.06253158959996627,0.05527208759324636,-0.02924373487037881,0.048752042383886585,0.0401906247138977,0.8588852482529309
182,A,A MSE d=10 LR=0.006 MCW=10 Est=2300,2024,0.631169423826069,0.06061211886376954,0.05683347753962782,-0.02106620024161328,0.04456552521009051,0.0335937144756317,0.8309464564022888
182,A,A MSE d=10 LR=0.006 MCW=10 Est=2300,2025,0.6456110553682635,0.06234855560899878,0.061510584227871735,-0.010187758069762807,0.045418057804791516,0.03104638069868088,0.8128892232453293
183,A,A MSE d=10 LR=0.006 MCW=12 Est=2300,2023,0.6618806657227624,0.06256442852375804,0.05531647536113363,-0.02923004051801448,0.048726082000689876,0.03997165977954865,0.858618014995846
183,A,A MSE d=10 LR=0.006 MCW=12 Est=2300,2024,0.6298462092166832,0.06072074737952643,0.056924634249615295,-0.021132798559594393,0.044612961992016226,0.03414608263969421,0.8305181273922767
183,A,A MSE d=10 LR=0.006 MCW=12 Est=2300,2025,0.6508467402451703,0.06188627812076545,0.061021665324355254,-0.010308626573488078,0.04507374848306083,0.03075225938856601,0.8159351788305528
184,A,A MSE d=10 LR=0.006 MCW=15 Est=2300,2023,0.6638737258183514,0.062379761526879296,0.05530758384183311,-0.028849710893342914,0.04854739927267784,0.03957071352005004,0.858838854649967
184,A,A MSE d=10 LR=0.006 MCW=15 Est=2300,2024,0.6304012768699152,0.06067520311062063,0.05695383883593889,-0.020922249257250034,0.044574884444303624,0.03367138519883156,0.8305908209266767
184,A,A MSE d=10 LR=0.006 MCW=15 Est=2300,2025,0.6466653804816422,0.06225574146574717,0.061468161379626,-0.009871295959516474,0.045257328308914435,0.030996439427137368,0.8136563995131931
185,A,A MSE d=10 LR=0.006 MCW=20 Est=2300,2023,0.6639577989056449,0.062371959716189786,0.055415517712342086,-0.02862484505356579,0.048494490866598475,0.03949477759003639,0.8584082062503422
185,A,A MSE d=10 LR=0.006 MCW=20 Est=2300,2024,0.6325740806420102,0.06049659096651873,0.056814297073382536,-0.020783964161255088,0.04427269997007652,0.033349149346351636,0.8319347345639463
185,A,A MSE d=10 LR=0.006 MCW=20 Est=2300,2025,0.6485723803063825,0.06208751239205249,0.061501926253572786,-0.00850718890873788,0.044928356846837735,0.030577773809432968,0.814148570237786
186,A,A MSE d=10 LR=0.007 MCW=3 Est=2100,2023,0.6614526188897458,0.06260401814840867,0.055063930622464445,-0.029786349785038708,0.048814928762116815,0.040295857667922985,0.8596101945244234
186,A,A MSE d=10 LR=0.007 MCW=3 Est=2100,2024,0.6309358375078937,0.0606313091392761,0.05683386628945949,-0.021120305339916278,0.04463847643391923,0.03445988011360168,0.8301894129533375
186,A,A MSE d=10 LR=0.007 MCW=3 Est=2100,2025,0.6471848487026063,0.062209960819518434,0.0612592253947103,-0.010834506261315317,0.04525281047294911,0.030842109680175776,0.8136884218212139
187,A,A MSE d=10 LR=0.007 MCW=4 Est=2100,2023,0.6606766564839408,0.06267572238136498,0.05516423344491008,-0.029751529798723315,0.048854390347523674,0.04048566776514054,0.859128683088451
187,A,A MSE d=10 LR=0.007 MCW=4 Est=2100,2024,0.6273664612228012,0.06092379921472999,0.05714513190396867,-0.021122102476187055,0.04482658555062484,0.03415887713432314,0.8283853213352593
187,A,A MSE d=10 LR=0.007 MCW=4 Est=2100,2025,0.6484951123943271,0.06209433756530223,0.06111143189525655,-0.011004528454613024,0.04523355712296606,0.030984150171279905,0.8145309237549394
188,A,A MSE d=10 LR=0.007 MCW=5 Est=2100,2023,0.658645934113591,0.06286298791353014,0.055364781749948896,-0.029774085885816988,0.04907766074400314,0.0404040151834488,0.8580759479748641
188,A,A MSE d=10 LR=0.007 MCW=5 Est=2100,2024,0.6282129181022956,0.060854564051291506,0.05702505697325452,-0.021246666722221235,0.04477956626974797,0.03400471091270446,0.8291708858438563
188,A,A MSE d=10 LR=0.007 MCW=5 Est=2100,2025,0.6500640204094383,0.06195560655879294,0.06097454906032871,-0.010981873616164591,0.0450992435068071,0.030802226066589347,0.8155276407182611
189,A,A MSE d=10 LR=0.007 MCW=6 Est=2100,2023,0.6613443467170403,0.06261402816706971,0.05514714637659187,-0.029653141000056577,0.04886150649454596,0.04042291784286499,0.8592780090771659
189,A,A MSE d=10 LR=0.007 MCW=6 Est=2100,2024,0.6291600917468216,0.06077699734709165,0.05701343099140722,-0.021054977901682596,0.044705632549068744,0.03425588178634642,0.8294229983490492
189,A,A MSE d=10 LR=0.007 MCW=6 Est=2100,2025,0.6503829867566693,0.06192736388023709,0.06093937589401907,-0.011017752257619405,0.04498776947379446,0.030462156891822814,0.815895965244559
190,A,A MSE d=10 LR=0.007 MCW=8 Est=2100,2023,0.6615636382623571,0.0625937524823657,0.05515166975239293,-0.029601877831891155,0.04883356201488424,0.04042526614665985,0.8593164819120145
190,A,A MSE d=10 LR=0.007 MCW=8 Est=2100,2024,0.6304500920682492,0.06067119610289427,0.05687654716612454,-0.021119953049803682,0.044533266248263065,0.033573640942573535,0.8305901419889403
190,A,A MSE d=10 LR=0.007 MCW=8 Est=2100,2025,0.6484159843317714,0.062101326270601456,0.06120563959032737,-0.010509253543249074,0.045132255609455205,0.030447567343711845,0.8145717222920007
191,A,A MSE d=10 LR=0.007 MCW=10 Est=2100,2023,0.6618632062030634,0.0625660438273809,0.05528328488164586,-0.029296215697480685,0.048763514538212295,0.03991561794281007,0.8587647356737919
191,A,A MSE d=10 LR=0.007 MCW=10 Est=2100,2024,0.6292718270687141,0.06076784049959319,0.056962263361892626,-0.021166742532144428,0.04462405289393151,0.033526649236679085,0.8303585503765611
191,A,A MSE d=10 LR=0.007 MCW=10 Est=2100,2025,0.6502992272654482,0.06193478155967327,0.06102633418614236,-0.01056899737116334,0.04510299833268046,0.03043340235948562,0.8157707273291563
192,A,A MSE d=10 LR=0.007 MCW=12 Est=2100,2023,0.6615653087998694,0.0625935979993485,0.05520863808279871,-0.029495165561378992,0.048784605793874315,0.03960327231884003,0.8592070298891988
192,A,A MSE d=10 LR=0.007 MCW=12 Est=2100,2024,0.630227277233747,0.06068948376195568,0.0568675204979201,-0.02119666368378726,0.04457187788981407,0.03347949123382571,0.8309558781630103
192,A,A MSE d=10 LR=0.007 MCW=12 Est=2100,2025,0.6522779466666275,0.06175930953519752,0.06082939725675991,-0.010676925701735684,0.044859633472523655,0.03010587841272354,0.8171787373656015
193,A,A MSE d=10 LR=0.007 MCW=15 Est=2100,2023,0.6633856456147464,0.06242503511077105,0.05529886000435451,-0.028964134567065647,0.048602228972886914,0.0398868900537491,0.8588555403543918
193,A,A MSE d=10 LR=0.007 MCW=15 Est=2100,2024,0.6282143049915214,0.060854450547323725,0.05715315950203429,-0.02089929446994515,0.04467032777342432,0.03360656011104585,0.8296935484027947
193,A,A MSE d=10 LR=0.007 MCW=15 Est=2100,2025,0.6473436338226743,0.062195960389382555,0.06141084158327673,-0.009851194054270094,0.045184642735555516,0.030867020726203925,0.8140268784213569
194,A,A MSE d=10 LR=0.007 MCW=20 Est=2100,2023,0.664983595362355,0.062276689186923646,0.055312051618496436,-0.02861752895415818,0.04844903601438937,0.04004106843471528,0.8590291194043931
194,A,A MSE d=10 LR=0.007 MCW=20 Est=2100,2024,0.6286540651508972,0.06081844959103879,0.05713822000436124,-0.02083524956862729,0.04454431444906868,0.03357655668258669,0.8303688883728327
194,A,A MSE d=10 LR=0.007 MCW=20 Est=2100,2025,0.6474186348348003,0.06218934629068479,0.0615879972934345,-0.008627477823357708,0.045028311262561904,0.030704102568328378,0.8135158009493263
195,A,A MSE d=10 LR=0.008 MCW=3 Est=2000,2023,0.6585319107845213,0.06287348617530585,0.05527457952442554,-0.02996324619950728,0.04903854153443981,0.040279703140258805,0.8585324036489467
195,A,A MSE d=10 LR=0.008 MCW=3 Est=2000,2024,0.6280155650650503,0.06087071340165921,0.05714137611383419,-0.02097872468438398,0.04480346109552013,0.03425620889663694,0.8282124098775963
195,A,A MSE d=10 LR=0.008 MCW=3 Est=2000,2025,0.6485369130441878,0.0620906453537212,0.06109783564997276,-0.011059055823990827,0.04508304580522953,0.03051817387342453,0.8147889598087396
196,A,A MSE d=10 LR=0.008 MCW=4 Est=2000,2023,0.6562244143477036,0.06308556466330414,0.055461868213838195,-0.030062761737348048,0.04919312282615739,0.040783632278442394,0.8575912277934163
196,A,A MSE d=10 LR=0.008 MCW=4 Est=2000,2024,0.6250812689828725,0.06111032268012482,0.05724823346445971,-0.02138016138795965,0.045028227836637014,0.03465417265892029,0.827691851079467
196,A,A MSE d=10 LR=0.008 MCW=4 Est=2000,2025,0.6471571077550345,0.06221240647602361,0.061227578242472394,-0.011025750788452148,0.045302413686274814,0.03079637783765793,0.8140787429854942
197,A,A MSE d=10 LR=0.008 MCW=5 Est=2000,2023,0.6593272411628779,0.06280022260180396,0.05529010885194892,-0.029780393298220843,0.04895474594782357,0.040523518085479715,0.8584983707191771
197,A,A MSE d=10 LR=0.008 MCW=5 Est=2000,2024,0.6263900538523571,0.061003565960687935,0.05718311793114099,-0.021249143237908656,0.04485132966303276,0.034145190358161936,0.8281633756228124
197,A,A MSE d=10 LR=0.008 MCW=5 Est=2000,2025,0.6486985859373194,0.062076362873823475,0.06115595397723476,-0.010650076142417562,0.04520896364411442,0.030840188145637507,0.8145978678799095
198,A,A MSE d=10 LR=0.008 MCW=6 Est=2000,2023,0.6596722337898293,0.06276841626996338,0.055305397336582025,-0.029684795876228846,0.048977429469052085,0.04052778935432433,0.858460068777603
198,A,A MSE d=10 LR=0.008 MCW=6 Est=2000,2024,0.6276943493641469,0.06089698924526689,0.057169237272396874,-0.020979075621740867,0.044752360250180166,0.03412726807594299,0.8285512176329682
198,A,A MSE d=10 LR=0.008 MCW=6 Est=2000,2025,0.6499226668366358,0.06196811850760345,0.06105101929720209,-0.010621711481586275,0.04505976697764366,0.030350430384278294,0.8154840373398268
199,A,A MSE d=10 LR=0.008 MCW=8 Est=2000,2023,0.6606098853008764,0.06268188866252124,0.05525981226034675,-0.02958669153650041,0.048849469595967004,0.040270624846220016,0.8588342971292455
199,A,A MSE d=10 LR=0.008 MCW=8 Est=2000,2024,0.6291730296737885,0.060775937138637874,0.05703149373120806,-0.021002934448961865,0.04468547646059447,0.03356752896308898,0.8294411500492397
199,A,A MSE d=10 LR=0.008 MCW=8 Est=2000,2025,0.6491833645404754,0.06203351692976848,0.061168369860647935,-0.010324134333633344,0.0450604343356921,0.030300777465105053,0.815048748731624
200,A,A MSE d=10 LR=0.008 MCW=10 Est=2000,2023,0.6611105698747226,0.06263563593352191,0.055267678444440575,-0.029473829231894812,0.04885497366676325,0.04020954990386963,0.8589731658280202
200,A,A MSE d=10 LR=0.008 MCW=10 Est=2000,2024,0.6305690828771178,0.06066142760373902,0.056866256557294326,-0.021119603636754105,0.04465699291312642,0.03355347776412965,0.8309270152659414
200,A,A MSE d=10 LR=0.008 MCW=10 Est=2000,2025,0.6491625692824509,0.06203535547410207,0.06114383537050259,-0.010479347605446129,0.04504822155320234,0.030483444213867186,0.815540890447489
201,A,A MSE d=10 LR=0.008 MCW=12 Est=2000,2023,0.6613710811472331,0.06261155665450704,0.05542262147326137,-0.029129710873440566,0.04873224241406904,0.03991428577899933,0.8581753973584225
201,A,A MSE d=10 LR=0.008 MCW=12 Est=2000,2024,0.6304376547506427,0.06067221704833418,0.056885019685340904,-0.021100058331747273,0.04452859921153453,0.03340864759683609,0.8310803716321975
201,A,A MSE d=10 LR=0.008 MCW=12 Est=2000,2025,0.6509286044155842,0.061879022616660694,0.0609831847628838,-0.01049116838777108,0.04502032149430391,0.03073723745346069,0.8166227807695605
202,A,A MSE d=10 LR=0.008 MCW=15 Est=2000,2023,0.6621670862764637,0.06253792377676623,0.05550531027307489,-0.028812366133234055,0.04860198673307565,0.03978714978694915,0.8578787649826721
202,A,A MSE d=10 LR=0.008 MCW=15 Est=2000,2024,0.6290436184816013,0.06078654100653446,0.05710344352705386,-0.02083747373908272,0.04465337970068957,0.033666109085082996,0.8301568744032385
202,A,A MSE d=10 LR=0.008 MCW=15 Est=2000,2025,0.6485724540686628,0.062087505876177715,0.061287815300869186,-0.009932878640792767,0.045063689108917095,0.030754905700683594,0.815303237861859
203,A,A MSE d=10 LR=0.008 MCW=20 Est=2000,2023,0.6651313776424372,0.0622629519397778,0.055557856599018206,-0.028106934255583572,0.04833965161571158,0.039630030691623686,0.8577664736612575
203,A,A MSE d=10 LR=0.008 MCW=20 Est=2000,2024,0.6295294251566378,0.060746724759243705,0.05725430133655764,-0.02030048131568195,0.04451202381394867,0.033901172161102305,0.8299100474159868
203,A,A MSE d=10 LR=0.008 MCW=20 Est=2000,2025,0.6467818666373532,0.062245478489250876,0.06170161090629159,-0.00821040845449247,0.04492035628949628,0.030223935514688507,0.8132393311107485
204,A,A MSE d=10 LR=0.01 MCW=3 Est=1500,2023,0.6588079167695735,0.06284807096504497,0.05538179440572459,-0.02971088809794202,0.04906909491132,0.040384742259979234,0.857950304917095
204,A,A MSE d=10 LR=0.01 MCW=3 Est=1500,2024,0.6266970151591211,0.06097850027064584,0.05736815077522455,-0.020670577482570847,0.04495351140359301,0.033889749586582196,0.8265848520131804
204,A,A MSE d=10 LR=0.01 MCW=3 Est=1500,2025,0.646920150787919,0.06223329281001758,0.06137563297137074,-0.01029632991291672,0.04531772576356598,0.03169979000091552,0.8128962213880626
205,A,A MSE d=10 LR=0.01 MCW=4 Est=1500,2023,0.6586094039190677,0.06286635148228766,0.05538234029329534,-0.029748521517390405,0.049033900207586675,0.040076378345489494,0.857964160521578
205,A,A MSE d=10 LR=0.01 MCW=4 Est=1500,2024,0.6259775677903163,0.061037232327730374,0.05736639551978433,-0.020848031000327408,0.04494846994931376,0.03387065947055817,0.8267789806509658
205,A,A MSE d=10 LR=0.01 MCW=4 Est=1500,2025,0.6468264836624001,0.062241547071923545,0.061374884304149814,-0.010350543831477314,0.045354611588041,0.03145375892519951,0.8129591712598333
206,A,A MSE d=10 LR=0.01 MCW=5 Est=1500,2023,0.6593910094783282,0.06279434474435772,0.055452680340144105,-0.029464045480782658,0.04901413723971237,0.040579217910766574,0.8577109930021125
206,A,A MSE d=10 LR=0.01 MCW=5 Est=1500,2024,0.6280455236202463,0.060868262176319764,0.057275446223431094,-0.02060263589126522,0.0448665036942904,0.03393025857210159,0.8273801732857093
206,A,A MSE d=10 LR=0.01 MCW=5 Est=1500,2025,0.6482124967787859,0.06211929497568676,0.06130903957011832,-0.010000423939437793,0.04519842904879509,0.031062434017658222,0.813619954583177
207,A,A MSE d=10 LR=0.01 MCW=6 Est=1500,2023,0.659766356258572,0.06275973592204417,0.05542328817782624,-0.029445603790388606,0.048954742135543135,0.04038337016105652,0.8578589309668875
207,A,A MSE d=10 LR=0.01 MCW=6 Est=1500,2024,0.6289696919329202,0.06079259766918245,0.0571083586579591,-0.02084167217103235,0.044724243293083596,0.03397388446331023,0.8284221488383267
207,A,A MSE d=10 LR=0.01 MCW=6 Est=1500,2025,0.6470321186487562,0.062223424389034145,0.061416987863685824,-0.009985396699238718,0.04530964560246019,0.030763066679239268,0.8128642259844727
208,A,A MSE d=10 LR=0.01 MCW=8 Est=1500,2023,0.6595946355833866,0.06277557178208396,0.05558065487429599,-0.029181556081695457,0.04899362310933147,0.04051471674442292,0.8571028884129469
208,A,A MSE d=10 LR=0.01 MCW=8 Est=1500,2024,0.6286569502642743,0.060818213330928135,0.05717894342853681,-0.020722536095885338,0.04486719120807319,0.03393859708309174,0.8285132431968851
208,A,A MSE d=10 LR=0.01 MCW=8 Est=1500,2025,0.6471003860641291,0.062217406790838946,0.06147532414407237,-0.009580721480994103,0.045334246524931,0.030865390360355377,0.8129053339209155
209,A,A MSE d=10 LR=0.01 MCW=10 Est=1500,2023,0.6606016422037698,0.06268264986583177,0.05558224999983352,-0.02897806201445045,0.04885012039404418,0.04016065537929535,0.8572125203547558
209,A,A MSE d=10 LR=0.01 MCW=10 Est=1500,2024,0.6284901105727645,0.060831874220092806,0.05726816880832861,-0.02051520807183814,0.044914592109913644,0.03405459451675413,0.8283041740619111
209,A,A MSE d=10 LR=0.01 MCW=10 Est=1500,2025,0.6472309288991593,0.0622058981526816,0.06140056505335937,-0.009977192736839988,0.04516300082976838,0.03066170112788677,0.813704440330391
210,A,A MSE d=10 LR=0.01 MCW=12 Est=1500,2023,0.6616261776391892,0.06258796889115645,0.05548498008057628,-0.028959814148853017,0.04868153098123736,0.039952284216880796,0.8577908265148515
210,A,A MSE d=10 LR=0.01 MCW=12 Est=1500,2024,0.628498124593908,0.06083121809953024,0.057220120290491804,-0.02064691101471132,0.04473155289520976,0.033804150938987726,0.8291420103112996
210,A,A MSE d=10 LR=0.01 MCW=12 Est=1500,2025,0.6467329405850063,0.06224978930995799,0.06148715696941051,-0.00971420603450104,0.045176489552931846,0.030655539214611057,0.8134761707585619
211,A,A MSE d=10 LR=0.01 MCW=15 Est=1500,2023,0.6644264616586684,0.062328450875186035,0.05529374478192272,-0.028765214689509065,0.04845104418354502,0.03972109127044676,0.8588632497355698
211,A,A MSE d=10 LR=0.01 MCW=15 Est=1500,2024,0.6299453138606677,0.06071261817613958,0.05711790862917009,-0.020580731859198956,0.04467688363122891,0.0339928503036499,0.8300398112986419
211,A,A MSE d=10 LR=0.01 MCW=15 Est=1500,2025,0.6433937613754617,0.06254329858185932,0.06187315378102278,-0.009131102846910039,0.045388361755505,0.030636128574609768,0.8113871262973477
212,A,A MSE d=10 LR=0.01 MCW=20 Est=1500,2023,0.667355023262317,0.06205588364818896,0.05537085093749428,-0.028017879313291104,0.04825142905201511,0.03979424166679385,0.858839737516717
212,A,A MSE d=10 LR=0.01 MCW=20 Est=1500,2024,0.6301436321932543,0.0606963475555366,0.05728961461753312,-0.020048607458002205,0.04453066117896663,0.033754985988140106,0.8296895750006028
212,A,A MSE d=10 LR=0.01 MCW=20 Est=1500,2025,0.6458381490740263,0.062328575818767495,0.06186959017131264,-0.007550177317283438,0.04504846497472924,0.030091257572174082,0.8121586125645576
213,A,A MSE d=10 LR=0.012 MCW=3 Est=1400,2023,0.6565864888323599,0.06305233413179324,0.05538944422541536,-0.030126505085006514,0.049233323649649656,0.04035382437705992,0.8579268924775143
213,A,A MSE d=10 LR=0.012 MCW=3 Est=1400,2024,0.6284031515712872,0.060838993235868104,0.057196159217989206,-0.02073601869822292,0.0447783098233358,0.034214407444000255,0.8277462301021662
213,A,A MSE d=10 LR=0.012 MCW=3 Est=1400,2025,0.6448553602021465,0.06241499590272947,0.06156535404650018,-0.010263473850170117,0.045466604750397634,0.03184368072450161,0.8115899638933337
214,A,A MSE d=10 LR=0.012 MCW=4 Est=1400,2023,0.6547518391871817,0.06322053492973183,0.05563250143931028,-0.030030997643496773,0.0492750682560116,0.040502243995666515,0.8567509162026296
214,A,A MSE d=10 LR=0.012 MCW=4 Est=1400,2024,0.6245812870875883,0.06115105667484277,0.057431945979397915,-0.021000554951651814,0.04512267848322729,0.03449324607849119,0.8263380185656961
214,A,A MSE d=10 LR=0.012 MCW=4 Est=1400,2025,0.6431214175199254,0.06256717650426649,0.061709561335448186,-0.010323837100803325,0.045606134269669876,0.03152108377218246,0.8108006358003048
215,A,A MSE d=10 LR=0.012 MCW=5 Est=1400,2023,0.6565218348424781,0.06305826924061282,0.05545562861230668,-0.030016971418794912,0.049243789333987695,0.04063394248485566,0.8577456284513822
215,A,A MSE d=10 LR=0.012 MCW=5 Est=1400,2024,0.6272873773252552,0.060930263791030115,0.057245830057969245,-0.02086652788510329,0.04484924390263019,0.03393974161148072,0.8278321736828693
215,A,A MSE d=10 LR=0.012 MCW=5 Est=1400,2025,0.6443740966514503,0.062457271485372994,0.06162908611659849,-0.010137381884720536,0.045466814563752074,0.031312749505043036,0.811858738192026
216,A,A MSE d=10 LR=0.012 MCW=6 Est=1400,2023,0.6594526370638187,0.06278866368628289,0.05531263050452398,-0.02971412452232794,0.048955862621085866,0.03959521150588989,0.8585178345164932
216,A,A MSE d=10 LR=0.012 MCW=6 Est=1400,2024,0.6309612594710456,0.0606292208933726,0.05702201403895598,-0.02060078503433073,0.04475949591742295,0.034244936943054194,0.8290323820437155
216,A,A MSE d=10 LR=0.012 MCW=6 Est=1400,2025,0.641764385530175,0.06268601958391407,0.06189841560422277,-0.009905715490474375,0.04566442186293528,0.031015657633543022,0.8101324840806656
217,A,A MSE d=10 LR=0.012 MCW=8 Est=1400,2023,0.6602986578093699,0.06271062234655476,0.05537725495982902,-0.02942756851188677,0.04892172238625175,0.04002357649803162,0.8582970478198413
217,A,A MSE d=10 LR=0.012 MCW=8 Est=1400,2024,0.6319215684522248,0.06055028512728795,0.05696776329437164,-0.020518552063723362,0.04462614966018306,0.03416963994503022,0.8300070047976285
217,A,A MSE d=10 LR=0.012 MCW=8 Est=1400,2025,0.638589285827211,0.0629632048768049,0.062286567194015034,-0.009205906735009865,0.045753407138713696,0.030962360739707942,0.8080882028990221
218,A,A MSE d=10 LR=0.012 MCW=10 Est=1400,2023,0.6612474983239957,0.06262298067452715,0.055391275508946534,-0.029213769127878247,0.04871546824562466,0.039869962334632886,0.8582942513986629
218,A,A MSE d=10 LR=0.012 MCW=10 Est=1400,2024,0.6289067953573622,0.06079775019189877,0.05715405228854011,-0.020731153803856983,0.044749056135770376,0.03369276356697082,0.829051288187721
218,A,A MSE d=10 LR=0.012 MCW=10 Est=1400,2025,0.6428119398089376,0.06259429910493122,0.061887857442115175,-0.0093776001344719,0.045384388080724265,0.030699481546878807,0.8108656140679651
219,A,A MSE d=10 LR=0.012 MCW=12 Est=1400,2023,0.6593943234172548,0.06279403926632368,0.05567091134656075,-0.02904894140271625,0.04890940905725177,0.03927641081809996,0.8568721112598275
219,A,A MSE d=10 LR=0.012 MCW=12 Est=1400,2024,0.627915465672251,0.06087890287281123,0.05719231865320805,-0.020863353242032014,0.04474436651684432,0.03387252020835879,0.8288579636660723
219,A,A MSE d=10 LR=0.012 MCW=12 Est=1400,2025,0.642516773789697,0.0626201564848814,0.06197290515515485,-0.008980146247932344,0.04552594833360542,0.03084519764780999,0.8103618023505774
220,A,A MSE d=10 LR=0.012 MCW=15 Est=1400,2023,0.661897995308774,0.06256282519997837,0.05567786189787518,-0.028532136132588808,0.04859753297265934,0.03935149335861206,0.8569214416907747
220,A,A MSE d=10 LR=0.012 MCW=15 Est=1400,2024,0.6261272804403581,0.06102501519897433,0.0573905016007934,-0.020745669731077464,0.044912365238774045,0.03367851278185845,0.828477515967682
220,A,A MSE d=10 LR=0.012 MCW=15 Est=1400,2025,0.642923610950558,0.06258451361090099,0.06189932851716371,-0.00923550067080246,0.04535650681751408,0.03053387022018432,0.8114755663495595
221,A,A MSE d=10 LR=0.012 MCW=20 Est=1400,2023,0.6639917484410439,0.062368808992067114,0.055602636652871955,-0.028252701350441726,0.048565832070575736,0.03945045149326323,0.8574951593097397
221,A,A MSE d=10 LR=0.012 MCW=20 Est=1400,2024,0.626220815286048,0.06101738115384592,0.05744913447526389,-0.0205601009715993,0.044792892422206604,0.0339362394809723,0.8284555086690921
221,A,A MSE d=10 LR=0.012 MCW=20 Est=1400,2025,0.644771436941296,0.06242237002580952,0.061941802016025185,-0.007730811373476053,0.04507640187344771,0.030387162104249,0.8116044336791504
222,B,B MSE L2=0.25 L1=0.0 (d9 LR0.005 MCW8),2023,0.6666279722925708,0.06212366336430219,0.054691347821454316,-0.029465335966188767,0.048255471519850754,0.03993616116046905,0.862336130664272
222,B,B MSE L2=0.25 L1=0.0 (d9 LR0.005 MCW8),2024,0.6295285648414376,0.060746795292916114,0.05703972155372438,-0.020896011609394673,0.04457429888952664,0.034101370096206673,0.8302152100635479
222,B,B MSE L2=0.25 L1=0.0 (d9 LR0.005 MCW8),2025,0.6497819805115594,0.06198056888688804,0.06114664996213334,-0.010133021046922765,0.04494454741546566,0.03040051090717316,0.8158285491472732
223,B,B MSE L2=0.25 L1=0.01 (d9 LR0.005 MCW8),2023,0.666211281106939,0.06216247630721874,0.0547058896513408,-0.029520147324300708,0.048306872259550354,0.04037029528617858,0.8622668641945324
223,B,B MSE L2=0.25 L1=0.01 (d9 LR0.005 MCW8),2024,0.6302692212505989,0.06068604160307816,0.0569497481720767,-0.02096477586440778,0.04452866276693603,0.03404219138622283,0.8307751765981097
223,B,B MSE L2=0.25 L1=0.01 (d9 LR0.005 MCW8),2025,0.6482482252138841,0.062116140398656525,0.0613255194556536,-0.00987904668453815,0.04510276741753992,0.03059358663856982,0.8146765792091769
224,B,B MSE L2=0.25 L1=0.02 (d9 LR0.005 MCW8),2023,0.6659993895877865,0.06218220377415172,0.05472247162916259,-0.0295309594075821,0.04830922797905792,0.0402722737789154,0.862136857777513
224,B,B MSE L2=0.25 L1=0.02 (d9 LR0.005 MCW8),2024,0.6310969492509322,0.06061807365991647,0.056846209921526974,-0.021048973229910607,0.044425764634280794,0.03388349926471712,0.8313772635959487
224,B,B MSE L2=0.25 L1=0.02 (d9 LR0.005 MCW8),2025,0.6492984316102677,0.06202334266818892,0.061225472127552506,-0.009916481242028232,0.044995655279582714,0.030424242988228805,0.8151761577968878
225,B,B MSE L2=0.25 L1=0.03 (d9 LR0.005 MCW8),2023,0.6668282323888926,0.06210500139107103,0.05458988554896256,-0.02961377369229695,0.04819848701104448,0.04011956703662872,0.8627920802372561
225,B,B MSE L2=0.25 L1=0.03 (d9 LR0.005 MCW8),2024,0.6319393995382174,0.06054881846920011,0.056761177565805475,-0.021079092376503582,0.044340123609046725,0.03377942943572998,0.8317537410711193
225,B,B MSE L2=0.25 L1=0.03 (d9 LR0.005 MCW8),2025,0.6480558900278497,0.06213312039360395,0.06132138269855236,-0.010010628072907318,0.04505794252192466,0.030513143897056588,0.8145758143082745
226,B,B MSE L2=0.25 L1=0.05 (d9 LR0.005 MCW8),2023,0.6659046312801512,0.06219102391152571,0.05465342809353083,-0.029677032391140834,0.04832892931022857,0.040495476067066195,0.8623052040085939
226,B,B MSE L2=0.25 L1=0.05 (d9 LR0.005 MCW8),2024,0.6313727389250182,0.06059541057207869,0.056866676757204304,-0.020928087656818948,0.044373463770300194,0.03366082620620728,0.8308224548518016
226,B,B MSE L2=0.25 L1=0.05 (d9 LR0.005 MCW8),2025,0.6505286287056453,0.06191446381942535,0.06107616545563883,-0.010153956996460402,0.04493368453889179,0.03030511558055876,0.8157846999828701
227,B,B MSE L2=0.25 L1=0.08 (d9 LR0.005 MCW8),2023,0.6643218307103037,0.06233816704156071,0.05463765695081113,-0.030012889078974286,0.04849803121392505,0.04069449138641357,0.8622347798089849
227,B,B MSE L2=0.25 L1=0.08 (d9 LR0.005 MCW8),2024,0.6303893902322364,0.06067617878817525,0.056947526000245566,-0.020942252815851475,0.044389006738531,0.03392084074020385,0.8301262582110445
227,B,B MSE L2=0.25 L1=0.08 (d9 LR0.005 MCW8),2025,0.6507761503247327,0.06189253372134581,0.061076501522359446,-0.010017319678920233,0.04506242805223664,0.03083931496739389,0.8153264938814486
228,B,B MSE L2=0.25 L1=0.1 (d9 LR0.005 MCW8),2023,0.6608929944424866,0.06265573952436533,0.05494198586657393,-0.030118430973856795,0.04872194134635435,0.040660101056098935,0.8605149965296675
228,B,B MSE L2=0.25 L1=0.1 (d9 LR0.005 MCW8),2024,0.6310941864181349,0.06061830065355084,0.056976040905886136,-0.020695630896141976,0.04431663526699475,0.03350917983055113,0.8298934846382956
228,B,B MSE L2=0.25 L1=0.1 (d9 LR0.005 MCW8),2025,0.651680762972547,0.06181232002238062,0.060994750598062177,-0.01002014496264527,0.044977203136848345,0.030457656264305105,0.815629840558353
229,B,B MSE L2=0.25 L1=0.2 (d9 LR0.005 MCW8),2023,0.6490799576669474,0.06373772614991419,0.055631688462627844,-0.03110647802631921,0.04967777555524339,0.041557106733322136,0.8566048433665152
229,B,B MSE L2=0.25 L1=0.2 (d9 LR0.005 MCW8),2024,0.6336921411218104,0.06040447664104085,0.05667811751224615,-0.020887598918074804,0.04411520186556503,0.033418050080537796,0.8312243325088439
229,B,B MSE L2=0.25 L1=0.2 (d9 LR0.005 MCW8),2025,0.6494803861933043,0.06200725078743227,0.06117851923017603,-0.010103857439575047,0.0453767423869086,0.031123665019869802,0.8138931110624519
230,B,B MSE L2=0.5 L1=0.0 (d9 LR0.005 MCW8),2023,0.6654760391348774,0.062230901808545555,0.05468146183842506,-0.029708969558802024,0.04837699992294818,0.04016433990001678,0.862442692339266
230,B,B MSE L2=0.5 L1=0.0 (d9 LR0.005 MCW8),2024,0.6300489738227102,0.06070411415129445,0.05694004700065436,-0.021043301088248804,0.044532942788571186,0.03413182079792024,0.83080461558778
230,B,B MSE L2=0.5 L1=0.0 (d9 LR0.005 MCW8),2025,0.6476553518206967,0.06216846636367343,0.06132820750470791,-0.010186715521622265,0.045052874739446615,0.030790369153022773,0.8147270132971981
231,B,B MSE L2=0.5 L1=0.01 (d9 LR0.005 MCW8),2023,0.6662688160001489,0.062157118628293505,0.054676386448331823,-0.029563493713302275,0.04827342403165343,0.0400116798877716,0.8624104983187043
231,B,B MSE L2=0.5 L1=0.01 (d9 LR0.005 MCW8),2024,0.6316849196309806,0.060569746809841625,0.05681109609057958,-0.021004608716175967,0.04440942438284658,0.03391213303804398,0.8314543332955386
231,B,B MSE L2=0.5 L1=0.01 (d9 LR0.005 MCW8),2025,0.648941891551732,0.062054862613612656,0.061212266341433424,-0.010191389635754068,0.04501153673292447,0.03038897961378098,0.8153417244006249
232,B,B MSE L2=0.5 L1=0.02 (d9 LR0.005 MCW8),2023,0.6658562706704125,0.062195524852406724,0.05465608791742004,-0.029681566055508275,0.04827789708324684,0.04042911124229431,0.8624583792215474
232,B,B MSE L2=0.5 L1=0.02 (d9 LR0.005 MCW8),2024,0.6315257471061234,0.060582833428664634,0.05681352445222416,-0.021035758721002155,0.04437099796570277,0.0337904349565506,0.83144469344266
232,B,B MSE L2=0.5 L1=0.02 (d9 LR0.005 MCW8),2025,0.6495678341907121,0.06199951548827663,0.06114736946394813,-0.010243980045064244,0.04496592045157217,0.030476260781288136,0.8156387416247415
233,B,B MSE L2=0.5 L1=0.03 (d9 LR0.005 MCW8),2023,0.6662657066474118,0.06215740818462812,0.05455845140166944,-0.029781181486150114,0.04827853254319774,0.04038568222522736,0.8628717293664466
233,B,B MSE L2=0.5 L1=0.03 (d9 LR0.005 MCW8),2024,0.6308385859099435,0.06063929705019493,0.056883506149766935,-0.021009309405892813,0.04442386909342437,0.03382295203208924,0.83090062883579
233,B,B MSE L2=0.5 L1=0.03 (d9 LR0.005 MCW8),2025,0.6498975732492567,0.06197033940907934,0.061125045350734535,-0.010200578214151795,0.04502653176058308,0.03042963963747025,0.8156055115405226
234,B,B MSE L2=0.5 L1=0.05 (d9 LR0.005 MCW8),2023,0.6656924161887685,0.06221077243234285,0.054636219392603144,-0.02975002081912985,0.048350371133475845,0.040433204114437106,0.8623654559155134
234,B,B MSE L2=0.5 L1=0.05 (d9 LR0.005 MCW8),2024,0.6316459992649607,0.06057294696993167,0.05683582507575669,-0.02094685885317321,0.044349345331460586,0.03389106917381285,0.8310178224821272
234,B,B MSE L2=0.5 L1=0.05 (d9 LR0.005 MCW8),2025,0.649990482331411,0.06196211611647986,0.061119833351380805,-0.010181836840510963,0.045002328506925156,0.03052398121356964,0.8155657702030502
235,B,B MSE L2=0.5 L1=0.08 (d9 LR0.005 MCW8),2023,0.6620524833492109,0.06254853023505369,0.05490716047874201,-0.029958677572602628,0.04863781492007617,0.04086518692970276,0.8607755387099337
235,B,B MSE L2=0.5 L1=0.08 (d9 LR0.005 MCW8),2024,0.6300534046317741,0.0607037506313614,0.05702966186625225,-0.020798149153556846,0.04443913897684218,0.034108100652694706,0.8296407109788057
235,B,B MSE L2=0.5 L1=0.08 (d9 LR0.005 MCW8),2025,0.6507986568323876,0.06189053928822003,0.06105013926566398,-0.010164612804601389,0.04505753175096454,0.03084407097101212,0.8154511786185732
236,B,B MSE L2=0.5 L1=0.1 (d9 LR0.005 MCW8),2023,0.6606625550993535,0.06267702468682144,0.05490417124199083,-0.03023146382815224,0.048787035902805774,0.04067814254760743,0.8607536977361461
236,B,B MSE L2=0.5 L1=0.1 (d9 LR0.005 MCW8),2024,0.6305264170973008,0.060664930413426396,0.056963172741219883,-0.020866977025615664,0.044377938532542405,0.033479129552841214,0.8299375204272536
236,B,B MSE L2=0.5 L1=0.1 (d9 LR0.005 MCW8),2025,0.6512812516329932,0.061847758268659826,0.06099833696961907,-0.010215091245730603,0.04502819100335491,0.03067852824926376,0.8155977492153755
237,B,B MSE L2=0.5 L1=0.2 (d9 LR0.005 MCW8),2023,0.6491702132626798,0.06372952904560077,0.055540664579114274,-0.03125199914242314,0.04963174481993228,0.041356652259826654,0.8570832564678711
237,B,B MSE L2=0.5 L1=0.2 (d9 LR0.005 MCW8),2024,0.6329373348892606,0.06046667870846134,0.056789763675716705,-0.020763958659593695,0.044101000714271574,0.03328667974472044,0.8304993368959528
237,B,B MSE L2=0.5 L1=0.2 (d9 LR0.005 MCW8),2025,0.6487164157145886,0.06207478755740948,0.06126301696286007,-0.010006098149357745,0.045367291608603116,0.03104447364807129,0.8133175344218717
238,B,B MSE L2=0.75 L1=0.0 (d9 LR0.005 MCW8),2023,0.6663561462072932,0.0621489855117881,0.0547117922708633,-0.02948077657317693,0.048258341694536605,0.040044343590736386,0.862282935289526
238,B,B MSE L2=0.75 L1=0.0 (d9 LR0.005 MCW8),2024,0.6306464053287767,0.06065507900709564,0.056923671755459114,-0.020945983016814027,0.044468892011378075,0.03400723338127137,0.8309044181894325
238,B,B MSE L2=0.75 L1=0.0 (d9 LR0.005 MCW8),2025,0.6477306409462709,0.062161823919180126,0.06134639022235654,-0.01003557481903663,0.045057978386779704,0.030388505399227148,0.814593306915225
239,B,B MSE L2=0.75 L1=0.01 (d9 LR0.005 MCW8),2023,0.6653753933427463,0.062240262584027005,0.05469521246928557,-0.02970326617303275,0.04835860108240624,0.04034543746709823,0.8622865889834205
239,B,B MSE L2=0.75 L1=0.01 (d9 LR0.005 MCW8),2024,0.6316090732992723,0.060575982987600085,0.056813704738957804,-0.02101553385251812,0.04437699618281783,0.03373320686817169,0.8313761412220133
239,B,B MSE L2=0.75 L1=0.01 (d9 LR0.005 MCW8),2025,0.6488337005084337,0.06206442408359936,0.061224734915387664,-0.010174702450266184,0.045062586801933396,0.03064158731698989,0.8152096414694088
240,B,B MSE L2=0.75 L1=0.02 (d9 LR0.005 MCW8),2023,0.6650172633184745,0.06227355981550946,0.054624869127287666,-0.02990183819507112,0.04839171873262679,0.0405059934258461,0.8625901934444524
240,B,B MSE L2=0.75 L1=0.02 (d9 LR0.005 MCW8),2024,0.6324312705987413,0.060508346644310554,0.05676910086662127,-0.020941088894346975,0.04427764170061467,0.03344634151458742,0.8315646185340242
240,B,B MSE L2=0.75 L1=0.02 (d9 LR0.005 MCW8),2025,0.6491945750912359,0.06203252576319326,0.06118796563693602,-0.010201329114042321,0.04506837802187945,0.03054412966966629,0.8153324140318013
241,B,B MSE L2=0.75 L1=0.03 (d9 LR0.005 MCW8),2023,0.6657678958725741,0.06220374908807134,0.05456898002153687,-0.029858546865507755,0.04833507322591749,0.04065329331159592,0.8627870412075137
241,B,B MSE L2=0.75 L1=0.03 (d9 LR0.005 MCW8),2024,0.6333761968598897,0.060430520764812215,0.056714405480405045,-0.02086442066815321,0.04423648518618395,0.03359143319725991,0.8317796813502183
241,B,B MSE L2=0.75 L1=0.03 (d9 LR0.005 MCW8),2025,0.6507281042446783,0.06189679115015521,0.061033430362864814,-0.010302093760583926,0.04492557752502558,0.030615027189254768,0.8162241976948218
242,B,B MSE L2=0.75 L1=0.05 (d9 LR0.005 MCW8),2023,0.663829750709071,0.062383841938506386,0.054695422192186864,-0.030002575305420966,0.04853973921935302,0.04080587911605835,0.8620213206917215
242,B,B MSE L2=0.75 L1=0.05 (d9 LR0.005 MCW8),2024,0.6335008305558298,0.060420248219367735,0.056720837837479755,-0.02081713122195202,0.044296452656440694,0.033660007715225204,0.8316134634439761
242,B,B MSE L2=0.75 L1=0.05 (d9 LR0.005 MCW8),2025,0.6493311985177745,0.06202044510400774,0.06117435954877433,-0.010209473424820037,0.045081085163920974,0.03044487333297731,0.8151341477362182
243,B,B MSE L2=0.75 L1=0.08 (d9 LR0.005 MCW8),2023,0.6622180045769142,0.06253321072978688,0.054801415774107846,-0.030119881678291906,0.04863402449043606,0.04068163812160491,0.861277476936043
243,B,B MSE L2=0.75 L1=0.08 (d9 LR0.005 MCW8),2024,0.6310690453405272,0.06062036619898342,0.05690471740501953,-0.020896936046674988,0.044275852345118404,0.03363478612899781,0.8303089092658981
243,B,B MSE L2=0.75 L1=0.08 (d9 LR0.005 MCW8),2025,0.6514215997151763,0.06183531114923542,0.06098335674179861,-0.010229169531606786,0.04505733443252605,0.03057596999406815,0.8157760894819543
244,B,B MSE L2=0.75 L1=0.1 (d9 LR0.005 MCW8),2023,0.6592893893081373,0.06280371134402958,0.054968812239541566,-0.030376567297663706,0.04884253279711092,0.0408150070309639,0.8604200745767575
244,B,B MSE L2=0.75 L1=0.1 (d9 LR0.005 MCW8),2024,0.6314578838104601,0.060588412056508355,0.056871541863290506,-0.02089457828697588,0.044246789888000196,0.03342068505287171,0.8305204357608791
244,B,B MSE L2=0.75 L1=0.1 (d9 LR0.005 MCW8),2025,0.6505191101889564,0.06191530699270462,0.06108652678460323,-0.010096607760692518,0.04514075916760964,0.03111409169435501,0.815043199821093
245,B,B MSE L2=0.75 L1=0.2 (d9 LR0.005 MCW8),2023,0.6488856947554666,0.06375536572822078,0.05562184917249413,-0.031160175784521977,0.04971654451444067,0.0415711874961853,0.8566360003352236
245,B,B MSE L2=0.75 L1=0.2 (d9 LR0.005 MCW8),2024,0.6315328028020408,0.06058225339343365,0.05693512611555661,-0.020702677092128644,0.04421135639335197,0.0332824946641922,0.8295860092680661
245,B,B MSE L2=0.75 L1=0.2 (d9 LR0.005 MCW8),2025,0.6491178271734888,0.06203931101576369,0.061230081165659214,-0.00998765580221903,0.04540505647948616,0.03153874970972537,0.8134305733805878
246,B,B MSE L2=1.0 L1=0.0 (d9 LR0.005 MCW8),2023,0.6651082014604253,0.06226510650494688,0.05471482882704695,-0.029719202426939446,0.048323235455828804,0.040301688432693494,0.8621716517178334
246,B,B MSE L2=1.0 L1=0.0 (d9 LR0.005 MCW8),2024,0.632285866455994,0.060520313514230345,0.056702942991292506,-0.021153831841686798,0.04433868905372004,0.03385763239860534,0.8320719078418256
246,B,B MSE L2=1.0 L1=0.0 (d9 LR0.005 MCW8),2025,0.6476966975477771,0.06216481869105144,0.06130263455892045,-0.010317542292267154,0.04513044565500881,0.03053109151124954,0.8147953450252989
247,B,B MSE L2=1.0 L1=0.01 (d9 LR0.005 MCW8),2023,0.6645200382269902,0.06231975994974478,0.05476257394229932,-0.029745806005280626,0.048460474877476435,0.04064745306968687,0.8618190404853322
247,B,B MSE L2=1.0 L1=0.01 (d9 LR0.005 MCW8),2024,0.6317525203158878,0.06056418805799628,0.05679228289337283,-0.02103942676906411,0.04431279440587288,0.03374684023857116,0.8314503050516725
247,B,B MSE L2=1.0 L1=0.01 (d9 LR0.005 MCW8),2025,0.6500411619817998,0.061957630049810426,0.06110974383467605,-0.010215044226243886,0.045068292225386684,0.030792579770088202,0.8157540209615677
248,B,B MSE L2=1.0 L1=0.02 (d9 LR0.005 MCW8),2023,0.6642867437324704,0.062341424925051674,0.05465559119892129,-0.029986990729803296,0.04848753871675495,0.04030285716056824,0.8623433832968874
248,B,B MSE L2=1.0 L1=0.02 (d9 LR0.005 MCW8),2024,0.6315140584428419,0.060583794319037994,0.05679746988841451,-0.02108182991030863,0.044362662247877396,0.033721171259880056,0.8312611141653586
248,B,B MSE L2=1.0 L1=0.02 (d9 LR0.005 MCW8),2025,0.6492887834108523,0.06202419582870587,0.06117019791654962,-0.01025708323508632,0.04509343567564248,0.030651427447795865,0.8152972100406853
249,B,B MSE L2=1.0 L1=0.03 (d9 LR0.005 MCW8),2023,0.6641695887549385,0.0623523017239568,0.05469497020668229,-0.02993776484611133,0.04846438645972533,0.04047707223892211,0.862096135872488
249,B,B MSE L2=1.0 L1=0.03 (d9 LR0.005 MCW8),2024,0.6316706160758139,0.06057092291469037,0.05688327468343171,-0.020811769819775252,0.04441659709767846,0.033674103021621715,0.8306574717576866
249,B,B MSE L2=1.0 L1=0.03 (d9 LR0.005 MCW8),2025,0.6507273627584692,0.06189685685196693,0.06105635390981039,-0.01016575313266441,0.04497257914847498,0.030446753218770026,0.8160400506565971
250,B,B MSE L2=1.0 L1=0.05 (d9 LR0.005 MCW8),2023,0.6643743021090929,0.062333294668322,0.05466643478959035,-0.029950301020343944,0.048491063600190634,0.04063020092248917,0.862083439417244
250,B,B MSE L2=1.0 L1=0.05 (d9 LR0.005 MCW8),2024,0.6316533305131952,0.0605723441835913,0.056860941743680816,-0.02087683366661755,0.04435389601982246,0.033947845697402945,0.8307037761132756
250,B,B MSE L2=1.0 L1=0.05 (d9 LR0.005 MCW8),2025,0.650275830018954,0.061936853444018274,0.0610952844524398,-0.010175462134713356,0.0451011098238518,0.030660004615783693,0.8153150311625719
251,B,B MSE L2=1.0 L1=0.08 (d9 LR0.005 MCW8),2023,0.6606660441863477,0.06267670246161892,0.05488757815752468,-0.03026091202145438,0.04877126821949691,0.04080776119232177,0.8608815409471309
251,B,B MSE L2=1.0 L1=0.08 (d9 LR0.005 MCW8),2024,0.6318504464451892,0.060556134763434584,0.05688291159876174,-0.020769685236121813,0.04426963576542939,0.0334449841976166,0.8304488162029385
251,B,B MSE L2=1.0 L1=0.08 (d9 LR0.005 MCW8),2025,0.6505247308524549,0.06191480910209687,0.06108864446396736,-0.010080729430351997,0.04511650128230107,0.031134282648563383,0.8150565356146444
252,B,B MSE L2=1.0 L1=0.1 (d9 LR0.005 MCW8),2023,0.6571152567219445,0.06300377329737866,0.05508872341210096,-0.03057299466086918,0.04904834418117472,0.04112631833553314,0.8597353702474163
252,B,B MSE L2=1.0 L1=0.1 (d9 LR0.005 MCW8),2024,0.6293974837912875,0.06075754112746541,0.057049860494141375,-0.02089957482752554,0.0443851800013654,0.03343955683708191,0.8293242144250143
252,B,B MSE L2=1.0 L1=0.1 (d9 LR0.005 MCW8),2025,0.6509630893993839,0.06187596600729033,0.06101819209576019,-0.010267200507999084,0.0451271086939401,0.03116714632511139,0.8154462909266912
253,B,B MSE L2=1.0 L1=0.2 (d9 LR0.005 MCW8),2023,0.6492337597000819,0.06372375706145904,0.055572462302837564,-0.031183627854519985,0.049698921677399276,0.04142654192447662,0.8568815560435727
253,B,B MSE L2=1.0 L1=0.2 (d9 LR0.005 MCW8),2024,0.6328249476564988,0.060475934842691786,0.056890348537083586,-0.02051406700541255,0.0441535215194581,0.033450668215751655,0.8298447896268688
253,B,B MSE L2=1.0 L1=0.2 (d9 LR0.005 MCW8),2025,0.6492727649860448,0.06202561226269164,0.06121148206422106,-0.010016538399943499,0.04542672245640507,0.03145540219545365,0.8135266398768014
254,B,B MSE L2=1.5 L1=0.0 (d9 LR0.005 MCW8),2023,0.6638526444213503,0.06238171768443026,0.05473832042564303,-0.029919809156043756,0.04852766459637574,0.04030905419588089,0.8619692335901779
254,B,B MSE L2=1.5 L1=0.0 (d9 LR0.005 MCW8),2024,0.6314255077180041,0.060591073316734356,0.05682792928112328,-0.02102057614611348,0.044374577715535456,0.03373819971084596,0.8310755052386647
254,B,B MSE L2=1.5 L1=0.0 (d9 LR0.005 MCW8),2025,0.6495304527126382,0.062002822222006114,0.06113992786045953,-0.010308209857713276,0.04506670267435552,0.030522362217307086,0.8157925892050021
255,B,B MSE L2=1.5 L1=0.01 (d9 LR0.005 MCW8),2023,0.664850773862941,0.062289033154906887,0.05465248630423572,-0.0298835974245204,0.048484547806445025,0.040534154653549204,0.8623514084886652
255,B,B MSE L2=1.5 L1=0.01 (d9 LR0.005 MCW8),2024,0.6316599190169988,0.0605718024617058,0.05680510153158085,-0.021026737623181174,0.04438366886175666,0.03391618609428407,0.831132878778182
255,B,B MSE L2=1.5 L1=0.01 (d9 LR0.005 MCW8),2025,0.6507865430074473,0.06189161277300341,0.061012613900424235,-0.010393876836980408,0.04506381168931699,0.030833985000848767,0.8163334717813931
256,B,B MSE L2=1.5 L1=0.02 (d9 LR0.005 MCW8),2023,0.663911645116799,0.062376242814282924,0.054651267762341756,-0.03006716812143729,0.048471484797165766,0.040456064224243166,0.8622623176296255
256,B,B MSE L2=1.5 L1=0.02 (d9 LR0.005 MCW8),2024,0.632598806155835,0.06049455540726306,0.056735760414387076,-0.020991539453679587,0.044280172098162346,0.03371665108203889,0.8315801786059667
256,B,B MSE L2=1.5 L1=0.02 (d9 LR0.005 MCW8),2025,0.6509466621214763,0.061877422073538725,0.061006140182994634,-0.010347280952903486,0.04503898708564673,0.030893144965171815,0.8162649022242302
257,B,B MSE L2=1.5 L1=0.03 (d9 LR0.005 MCW8),2023,0.664694917855339,0.06230351475127825,0.05462396991632656,-0.029965811537059753,0.04844483228951583,0.04073866176605223,0.8623079254512778
257,B,B MSE L2=1.5 L1=0.03 (d9 LR0.005 MCW8),2024,0.6333585259878378,0.06043197709023926,0.05673502430684767,-0.020812517071669957,0.0442456137515464,0.03393895435333252,0.8313953836594633
257,B,B MSE L2=1.5 L1=0.03 (d9 LR0.005 MCW8),2025,0.6502578272851909,0.0619384475836705,0.06108572241900851,-0.01024235355170418,0.04512297604012909,0.031107577681541446,0.8155128639865609
258,B,B MSE L2=1.5 L1=0.05 (d9 LR0.005 MCW8),2023,0.6623954493949515,0.06251678348972466,0.05482156415789904,-0.030049031926162692,0.04866903069865914,0.04091159451007842,0.8612430012812841
258,B,B MSE L2=1.5 L1=0.05 (d9 LR0.005 MCW8),2024,0.6322064004149013,0.06052685262909869,0.05681852096792088,-0.02086038274534564,0.044336311778665385,0.03377276539802554,0.830891980792281
258,B,B MSE L2=1.5 L1=0.05 (d9 LR0.005 MCW8),2025,0.6507336557421259,0.06189629923934348,0.061060528010362665,-0.0101372469219866,0.04507385258881854,0.030821438550949085,0.8155322953969835
259,B,B MSE L2=1.5 L1=0.08 (d9 LR0.005 MCW8),2023,0.6583262736747978,0.06289241499536637,0.055136569719637,-0.030255818310505483,0.048994491022340506,0.040982954382896425,0.8594716790803472
259,B,B MSE L2=1.5 L1=0.08 (d9 LR0.005 MCW8),2024,0.6303132512106255,0.060682428050063096,0.0570087319522851,-0.020793305676333966,0.0443693662063026,0.03348454761505126,0.8295242285755992
259,B,B MSE L2=1.5 L1=0.08 (d9 LR0.005 MCW8),2025,0.6524255653858008,0.06174619877923247,0.06091219062223236,-0.01011425241699712,0.0450325510261045,0.031099682509899126,0.8161422182680043
260,B,B MSE L2=1.5 L1=0.1 (d9 LR0.005 MCW8),2023,0.6552921679739406,0.06317104407834287,0.05524015496042138,-0.030644837881816135,0.04919689353712546,0.041251182913780216,0.8588928972612341
260,B,B MSE L2=1.5 L1=0.1 (d9 LR0.005 MCW8),2024,0.6309559709081014,0.06062965531971732,0.056952513212100146,-0.0207934206587831,0.04432981824700944,0.033269791632890705,0.8297774273802184
260,B,B MSE L2=1.5 L1=0.1 (d9 LR0.005 MCW8),2025,0.6514291463763835,0.061834641783793894,0.06100401978625911,-0.010101113567163075,0.045160231222746795,0.031317919805645945,0.815353709042635
261,B,B MSE L2=1.5 L1=0.2 (d9 LR0.005 MCW8),2023,0.6471076161240956,0.0639165937026282,0.05572651282413942,-0.031303142281382736,0.04983886883838223,0.04156839776039123,0.85603598974433
261,B,B MSE L2=1.5 L1=0.2 (d9 LR0.005 MCW8),2024,0.6340403034263493,0.06037576368709468,0.05678187463868871,-0.020519540752432848,0.04406770006130975,0.03326979136466979,0.830219992384171
261,B,B MSE L2=1.5 L1=0.2 (d9 LR0.005 MCW8),2025,0.6496806723371482,0.06198953285205385,0.061174108919404745,-0.010021506118550119,0.04539795655210176,0.031562048852443694,0.8137010672334986
262,B,B MSE L2=2.0 L1=0.0 (d9 LR0.005 MCW8),2023,0.66503394949413,0.062272008809465984,0.0546588155910534,-0.029836503808268112,0.04848373979942116,0.04023840573430061,0.8622247752156509
262,B,B MSE L2=2.0 L1=0.0 (d9 LR0.005 MCW8),2024,0.632244474764369,0.060523719648826045,0.05680643148915801,-0.020884204143942414,0.04437484971520369,0.0338235331773758,0.8310940264168959
262,B,B MSE L2=2.0 L1=0.0 (d9 LR0.005 MCW8),2025,0.6484597265045015,0.062097462995657084,0.06125662324671324,-0.010184351724264521,0.045236955612599605,0.03129238277673721,0.8145968351817234
263,B,B MSE L2=2.0 L1=0.01 (d9 LR0.005 MCW8),2023,0.6632991106737043,0.06243305853510148,0.05468612486725547,-0.030121662409116134,0.048548223449095186,0.04053146517276765,0.8621267382413933
263,B,B MSE L2=2.0 L1=0.01 (d9 LR0.005 MCW8),2024,0.6329108061868469,0.06046886372166972,0.05674724352154436,-0.020886211517870637,0.044284015164589366,0.03390197300910952,0.8314100677679022
263,B,B MSE L2=2.0 L1=0.01 (d9 LR0.005 MCW8),2025,0.6500366320088748,0.06195803104765343,0.0610946105980299,-0.010307578011643321,0.045166078621215876,0.031030373454093957,0.8156871762001742
264,B,B MSE L2=2.0 L1=0.02 (d9 LR0.005 MCW8),2023,0.6632573976507259,0.06243692575231664,0.054684407882877005,-0.030132793301422583,0.04854476630858006,0.0406481078863144,0.8620576329000165
264,B,B MSE L2=2.0 L1=0.02 (d9 LR0.005 MCW8),2024,0.6343456406483634,0.06035057127516115,0.05663756994443954,-0.020841715989953078,0.0441719336014397,0.033727916330099104,0.8320915273007016
264,B,B MSE L2=2.0 L1=0.02 (d9 LR0.005 MCW8),2025,0.650113939650375,0.06195118734022509,0.061095222044686225,-0.010262721885112019,0.0451272572815967,0.031150324583053585,0.8155884182330241
265,B,B MSE L2=2.0 L1=0.03 (d9 LR0.005 MCW8),2023,0.6609354605748488,0.06265181623438552,0.05490890310925369,-0.030170555798144174,0.048733636489147664,0.04089764547348024,0.8608068413109293
265,B,B MSE L2=2.0 L1=0.03 (d9 LR0.005 MCW8),2024,0.6329588911592616,0.06046490318712223,0.05674806680847551,-0.020872504112669596,0.044276572777991824,0.03380589532852174,0.8312234418208352
265,B,B MSE L2=2.0 L1=0.03 (d9 LR0.005 MCW8),2025,0.6523734900334783,0.0617508241692294,0.060905968803510346,-0.010179746801658472,0.04492703504053901,0.03092618548870088,0.8165363600931261
266,B,B MSE L2=2.0 L1=0.05 (d9 LR0.005 MCW8),2023,0.6609604638593797,0.06264950615785757,0.05486164632284892,-0.030251617899899497,0.04883026580175348,0.04115349936485291,0.8609747185328204
266,B,B MSE L2=2.0 L1=0.05 (d9 LR0.005 MCW8),2024,0.6318183600619993,0.06055877361630165,0.05687515651405206,-0.020798596838859085,0.04435478420528429,0.033563426017761244,0.8304721894648706
266,B,B MSE L2=2.0 L1=0.05 (d9 LR0.005 MCW8),2025,0.6512107300040855,0.061854011709559606,0.06102133172770347,-0.010115129005542699,0.04504343150258422,0.031248827636241913,0.8156254709021922
267,B,B MSE L2=2.0 L1=0.08 (d9 LR0.005 MCW8),2023,0.6551004943910759,0.06318860465647808,0.05524411743244601,-0.030673885468574313,0.04927354649718319,0.04130146980285643,0.8589094035295198
267,B,B MSE L2=2.0 L1=0.08 (d9 LR0.005 MCW8),2024,0.6317884247974664,0.06056123545288478,0.056882931716332186,-0.020784497233379905,0.044294781882045435,0.03357847023010252,0.8302355334307923
267,B,B MSE L2=2.0 L1=0.08 (d9 LR0.005 MCW8),2025,0.6523836206178715,0.06174992438673964,0.06089878263032761,-0.01021721273219232,0.04507765286331706,0.031062571704387656,0.8160681052899438
268,B,B MSE L2=2.0 L1=0.1 (d9 LR0.005 MCW8),2023,0.6530268996392017,0.06337827035134289,0.05537007105710249,-0.030837645569033543,0.049461168591118376,0.041346020042896274,0.8581361907413988
268,B,B MSE L2=2.0 L1=0.1 (d9 LR0.005 MCW8),2024,0.6311773524209641,0.060611467383727045,0.05688439711758156,-0.020926426861765175,0.04434413095529579,0.033629406452178934,0.8301327759188339
268,B,B MSE L2=2.0 L1=0.1 (d9 LR0.005 MCW8),2025,0.6501493313736514,0.06194805401344276,0.0610752923146709,-0.010361952694823397,0.04533614871961723,0.03133427867293358,0.814786479183855
269,B,B MSE L2=2.0 L1=0.2 (d9 LR0.005 MCW8),2023,0.6472854098986947,0.0639004904872015,0.05579784139043141,-0.031142793368544742,0.049792001029945444,0.041784401655197145,0.8556382734561142
269,B,B MSE L2=2.0 L1=0.2 (d9 LR0.005 MCW8),2024,0.6351142705785281,0.060287107436796626,0.056699546190273724,-0.020486502473961252,0.04400979085318533,0.03344309413433075,0.8308188460484653
269,B,B MSE L2=2.0 L1=0.2 (d9 LR0.005 MCW8),2025,0.6500103603636141,0.061960356589430485,0.06115101345136265,-0.009981950699084035,0.045368980254127896,0.03135254898667335,0.8138487414595508
270,B,B MSE L2=3.0 L1=0.0 (d9 LR0.005 MCW8),2023,0.6608624559636121,0.06265856071040701,0.054843438926103646,-0.030303340385729648,0.048786166481814684,0.040942625284194956,0.861159594218001
270,B,B MSE L2=3.0 L1=0.0 (d9 LR0.005 MCW8),2024,0.6334208096559852,0.06042684389427357,0.05670981236159252,-0.02086625614322467,0.04425401107982149,0.03370984292030332,0.8314691588662652
270,B,B MSE L2=3.0 L1=0.0 (d9 LR0.005 MCW8),2025,0.65171104909968,0.061809632693805495,0.06095739434496503,-0.010228722632480104,0.04497664302270159,0.030602205991744985,0.8163394322140838
271,B,B MSE L2=3.0 L1=0.01 (d9 LR0.005 MCW8),2023,0.6606054870373829,0.0626822948183836,0.05489605475445017,-0.030257119061774893,0.04880318929273879,0.04076846659183503,0.8608440179514817
271,B,B MSE L2=3.0 L1=0.01 (d9 LR0.005 MCW8),2024,0.6341225619055706,0.06036897783381371,0.05664197523500468,-0.020883010541035568,0.04425892196492262,0.03384920433163643,0.8318420064072716
271,B,B MSE L2=3.0 L1=0.01 (d9 LR0.005 MCW8),2025,0.6527959984094298,0.06171328650727833,0.06083374674908979,-0.010381955131053253,0.044932305204488925,0.03090394067764282,0.8170153486686492
272,B,B MSE L2=3.0 L1=0.02 (d9 LR0.005 MCW8),2023,0.6593905878461243,0.06279438361019876,0.05501180138287391,-0.030279305192699037,0.048936279167693705,0.04112466633319854,0.860158511385243
272,B,B MSE L2=3.0 L1=0.02 (d9 LR0.005 MCW8),2024,0.6323240782640835,0.06051716888301123,0.05674536576960896,-0.021030720247407864,0.044301641134782875,0.03363881456851958,0.8311880311556402
272,B,B MSE L2=3.0 L1=0.02 (d9 LR0.005 MCW8),2025,0.6524004704368778,0.06174842778341457,0.06084634949508429,-0.010516182053043804,0.04497765412225162,0.0306054095029831,0.8167639138323208
273,B,B MSE L2=3.0 L1=0.03 (d9 LR0.005 MCW8),2023,0.6562712649592568,0.06308126578619658,0.05526088399727822,-0.03042171583691402,0.0491797818468908,0.04111943650245667,0.8587821263132251
273,B,B MSE L2=3.0 L1=0.03 (d9 LR0.005 MCW8),2024,0.6324594931019434,0.060506023636867995,0.05680440986356189,-0.0208383761045839,0.04429347130129198,0.033552587509155296,0.8308654462215358
273,B,B MSE L2=3.0 L1=0.03 (d9 LR0.005 MCW8),2025,0.6514027090623127,0.06183698665978219,0.06098653728130765,-0.010220332093882836,0.045086483846750375,0.03094538050889968,0.8156474277830611
274,B,B MSE L2=3.0 L1=0.05 (d9 LR0.005 MCW8),2023,0.6558732097917865,0.06311778085731833,0.055226196322702155,-0.03056012923412336,0.0492398920798328,0.04129249238967897,0.8589587533229175
274,B,B MSE L2=3.0 L1=0.05 (d9 LR0.005 MCW8),2024,0.6310337274782181,0.06062326773175368,0.05695540213777811,-0.020766866758561073,0.04439890261421407,0.03361769819259641,0.829724460992389
274,B,B MSE L2=3.0 L1=0.05 (d9 LR0.005 MCW8),2025,0.6514562270282047,0.06183223975431821,0.06099296120984411,-0.010153056444067825,0.04519138103893535,0.03072910249233246,0.8153916325381565
275,B,B MSE L2=3.0 L1=0.08 (d9 LR0.005 MCW8),2023,0.6524095662205833,0.0634346265021862,0.0553663914885575,-0.030959885840940518,0.04951629554652426,0.04150494015216827,0.8581316144946057
275,B,B MSE L2=3.0 L1=0.08 (d9 LR0.005 MCW8),2024,0.6326792358153898,0.06048793345979402,0.05686322815473554,-0.020624339475431953,0.0442819369574839,0.0334023311138153,0.8300650426102129
275,B,B MSE L2=3.0 L1=0.08 (d9 LR0.005 MCW8),2025,0.6534334696717234,0.06165660726328312,0.06077150908500843,-0.010409654329469003,0.04521401716243204,0.03141477234661578,0.816585204080008
276,B,B MSE L2=3.0 L1=0.1 (d9 LR0.005 MCW8),2023,0.6526500732340834,0.06341267665677582,0.05528394546579474,-0.031062081940574436,0.04944308700975227,0.041161991596221914,0.8585698875112192
276,B,B MSE L2=3.0 L1=0.1 (d9 LR0.005 MCW8),2024,0.6329951670734224,0.06046191513785013,0.056787862998123495,-0.020755283519964002,0.044241333815629856,0.03341478300094605,0.8306283378188941
276,B,B MSE L2=3.0 L1=0.1 (d9 LR0.005 MCW8),2025,0.6525678393113881,0.061733560086069623,0.06086725867319878,-0.010305787903026305,0.045158599908258594,0.03107236729562283,0.815956368309894
277,B,B MSE L2=3.0 L1=0.2 (d9 LR0.005 MCW8),2023,0.6466710037150765,0.06395612154839785,0.05583443771746532,-0.031191361786244588,0.0498212647483976,0.04162831592559815,0.8554261259062389
277,B,B MSE L2=3.0 L1=0.2 (d9 LR0.005 MCW8),2024,0.6352236496729228,0.06027807084954851,0.056692998150170586,-0.02047803183573292,0.044092156533772554,0.03358112120628359,0.8306425486267329
277,B,B MSE L2=3.0 L1=0.2 (d9 LR0.005 MCW8),2025,0.650939444313945,0.06187806182822059,0.06105172994196553,-0.0100787304422622,0.04529744042339828,0.03149862098693848,0.8143665901382715
278,B,B MSE L2=5.0 L1=0.0 (d9 LR0.005 MCW8),2023,0.6552292188285038,0.06317681183489242,0.055224379512082575,-0.030685134185264938,0.049257506513383224,0.04120273113250733,0.8590242993866456
278,B,B MSE L2=5.0 L1=0.0 (d9 LR0.005 MCW8),2024,0.632838475075272,0.06047482080890031,0.05681020920834495,-0.020731716736083716,0.04436281419716725,0.033665394842624666,0.8303995047198582
278,B,B MSE L2=5.0 L1=0.0 (d9 LR0.005 MCW8),2025,0.6535880612849121,0.06164285426535343,0.06070207014667038,-0.010728474281716334,0.04510469475414177,0.031202564194798485,0.8172242452129329
279,B,B MSE L2=5.0 L1=0.01 (d9 LR0.005 MCW8),2023,0.6550419695682204,0.06319396555866495,0.05521144298040981,-0.03074367975001614,0.04928844446381045,0.04118109035491946,0.8590099225305784
279,B,B MSE L2=5.0 L1=0.01 (d9 LR0.005 MCW8),2024,0.6331762222523457,0.06044699940332411,0.05677703325117471,-0.020741461738701023,0.04430877550639662,0.033746961712837226,0.8305474112171237
279,B,B MSE L2=5.0 L1=0.01 (d9 LR0.005 MCW8),2025,0.6543353274427974,0.06157633160518788,0.060661382701537356,-0.010575502927037024,0.04501482735398867,0.031011172056198133,0.8173422850363481
280,B,B MSE L2=5.0 L1=0.02 (d9 LR0.005 MCW8),2023,0.6540096345928419,0.06328845329349916,0.05527817209288583,-0.030818046804268546,0.0493680670833875,0.04135029253363609,0.8586550103142007
280,B,B MSE L2=5.0 L1=0.02 (d9 LR0.005 MCW8),2024,0.6326991456929669,0.06048629412465808,0.056824712271711875,-0.02072543982207432,0.044350048501017106,0.033982769012451175,0.8305280561711205
280,B,B MSE L2=5.0 L1=0.02 (d9 LR0.005 MCW8),2025,0.654436178291466,0.06156734821923983,0.06064499145977199,-0.010617126608886317,0.04499106010838186,0.03095647320151329,0.8174675028995357
281,B,B MSE L2=5.0 L1=0.03 (d9 LR0.005 MCW8),2023,0.6525537085372101,0.06342147228206406,0.05533944376096468,-0.03098110895902873,0.04956084597349476,0.04172192418575287,0.8582986406048009
281,B,B MSE L2=5.0 L1=0.03 (d9 LR0.005 MCW8),2024,0.6335397720908521,0.06041703822612498,0.05679395064794613,-0.02060741798876096,0.04427809901852881,0.033778076529502876,0.8304482086821676
281,B,B MSE L2=5.0 L1=0.03 (d9 LR0.005 MCW8),2025,0.6556611258438512,0.061458130007664535,0.06050706037726651,-0.010770208453916135,0.04491987088391239,0.03120851063728333,0.8181853169202923
282,B,B MSE L2=5.0 L1=0.05 (d9 LR0.005 MCW8),2023,0.6523992591062374,0.06343556701009204,0.05533169171742119,-0.031023782078116485,0.049520497351521066,0.041594011187553404,0.8583112901957042
282,B,B MSE L2=5.0 L1=0.05 (d9 LR0.005 MCW8),2024,0.6349886027510625,0.06029748808065935,0.05664995178716715,-0.020653571865930892,0.04419498630173012,0.033716742753982565,0.8312516843343455
282,B,B MSE L2=5.0 L1=0.05 (d9 LR0.005 MCW8),2025,0.6551138592488801,0.06150694910832087,0.06055132843916562,-0.010800065429056519,0.04500125890877173,0.03126832783222197,0.8178982871640941
283,B,B MSE L2=5.0 L1=0.08 (d9 LR0.005 MCW8),2023,0.651862460472577,0.06348452977856178,0.055370756432424846,-0.03105422435524462,0.04953986674078379,0.04135633164644242,0.8580571323572845
283,B,B MSE L2=5.0 L1=0.08 (d9 LR0.005 MCW8),2024,0.6360588778176067,0.06020902197406227,0.05663327186766187,-0.020440128340640504,0.04405114003563693,0.03359374523162842,0.8313943931732624
283,B,B MSE L2=5.0 L1=0.08 (d9 LR0.005 MCW8),2025,0.6547896110696702,0.061535855504634016,0.060619424230927664,-0.010580497269986196,0.04494538917714615,0.03075799357891082,0.817445285765154
284,B,B MSE L2=5.0 L1=0.1 (d9 LR0.005 MCW8),2023,0.6510948774910188,0.06355447744088483,0.055481737333738415,-0.03099916816714936,0.04952995509673609,0.04112213480472565,0.8574525783533838
284,B,B MSE L2=5.0 L1=0.1 (d9 LR0.005 MCW8),2024,0.636599933425694,0.0601642502465598,0.05656454683430488,-0.020498513449627942,0.04410552017647579,0.03364148044586179,0.8318097674690875
284,B,B MSE L2=5.0 L1=0.1 (d9 LR0.005 MCW8),2025,0.654057472564038,0.061601075017897106,0.06072818930571209,-0.010333415119676849,0.04499441339698933,0.03116348338127134,0.8166622078382082
285,B,B MSE L2=5.0 L1=0.2 (d9 LR0.005 MCW8),2023,0.6466218180976817,0.06396057294056942,0.055708266653364535,-0.03142521149573491,0.04983500693465629,0.04123546314239501,0.8560632361663886
285,B,B MSE L2=5.0 L1=0.2 (d9 LR0.005 MCW8),2024,0.6355704977982857,0.06024940628814965,0.05669250818852547,-0.020394863944137333,0.04401678140703524,0.033386327385902415,0.8305698169241503
285,B,B MSE L2=5.0 L1=0.2 (d9 LR0.005 MCW8),2025,0.6500095037651037,0.06196043241327022,0.0610842769894407,-0.010382980777441356,0.04532267776385749,0.03127507829666139,0.8138957443288083
286,C,C MSE sub=0.75 col=0.65 (d9 LR0.005 MCW8),2023,0.6329297676625961,0.06518791081737467,0.05653678060008207,-0.03245082673044612,0.050113791451378766,0.04030267930030823,0.8520792872290743
286,C,C MSE sub=0.75 col=0.65 (d9 LR0.005 MCW8),2024,0.6474236763649756,0.05926149185066108,0.05615691355907594,-0.01892948684681518,0.043865510672197426,0.03323178708553315,0.8348921875729475
286,C,C MSE sub=0.75 col=0.65 (d9 LR0.005 MCW8),2025,0.6530169667643451,0.06169364552719695,0.060780054143188884,-0.010577850443772593,0.04546042162864159,0.03169635874032974,0.8168988403525841
287,C,C MSE sub=0.75 col=0.7 (d9 LR0.005 MCW8),2023,0.6384136109312912,0.06469914127792702,0.056229615743985946,-0.03200326852374254,0.049988439618956854,0.040933767676353455,0.8538313245484662
287,C,C MSE sub=0.75 col=0.7 (d9 LR0.005 MCW8),2024,0.6479711122347569,0.059215467108142135,0.055943782305314424,-0.01941042933985472,0.04376603122161321,0.033525925993919375,0.8361075868750993
287,C,C MSE sub=0.75 col=0.7 (d9 LR0.005 MCW8),2025,0.6482899877454258,0.06211245284899567,0.061228471909969946,-0.010441792358169322,0.04560456528946507,0.032174879610538484,0.8144321057134923
288,C,C MSE sub=0.75 col=0.75 (d9 LR0.005 MCW8),2023,0.6514118186222146,0.06352560482885997,0.05545108342292706,-0.030994835329265637,0.049318913963355915,0.04044009852409364,0.8580071518503231
288,C,C MSE sub=0.75 col=0.75 (d9 LR0.005 MCW8),2024,0.6410960640608339,0.05979090379855438,0.05617654150151402,-0.020473113229042585,0.04413657386939786,0.03377251791954039,0.8348662786077725
288,C,C MSE sub=0.75 col=0.75 (d9 LR0.005 MCW8),2025,0.6498675121438336,0.06197299985467559,0.060973314520403187,-0.0110863711817967,0.04521256826619944,0.03118736100196838,0.816198468853692
289,C,C MSE sub=0.75 col=0.8 (d9 LR0.005 MCW8),2023,0.6568782590147554,0.06302554325191786,0.0551937939509135,-0.030428016873154426,0.049083884037909455,0.04102813482284545,0.8593708812433763
289,C,C MSE sub=0.75 col=0.8 (d9 LR0.005 MCW8),2024,0.6351122643659664,0.060287273171677785,0.05659892369693799,-0.02076336050746938,0.04443410907501816,0.03379389953613282,0.8326844569628175
289,C,C MSE sub=0.75 col=0.8 (d9 LR0.005 MCW8),2025,0.6506696605521208,0.061901969530896286,0.06091953212946159,-0.010984736478643667,0.04502898963601041,0.03105303284525872,0.8167361391681401
290,C,C MSE sub=0.75 col=0.85 (d9 LR0.005 MCW8),2023,0.6617959283166015,0.06257226779045306,0.05494719479085449,-0.029934837253065706,0.048913775193934986,0.040706048280000684,0.8607263345913773
290,C,C MSE sub=0.75 col=0.85 (d9 LR0.005 MCW8),2024,0.6303063157758979,0.06068299725770496,0.056830064779550146,-0.02127839037410017,0.04456060485042891,0.03410162496566771,0.8311801778986798
290,C,C MSE sub=0.75 col=0.85 (d9 LR0.005 MCW8),2025,0.6497042663118,0.06198744532222283,0.061076443898668654,-0.010588265714929806,0.04510992379985255,0.030907899141311646,0.8156580055198752
291,C,C MSE sub=0.75 col=0.9 (d9 LR0.005 MCW8),2023,0.6643900719666282,0.06233183024123872,0.0548956314963837,-0.029525018238988558,0.048700672435795046,0.04036633920669555,0.8612786776563885
291,C,C MSE sub=0.75 col=0.9 (d9 LR0.005 MCW8),2024,0.6218218245608697,0.061375386330785354,0.05745813412912198,-0.021575469116562086,0.045090522736249,0.03403686225414276,0.8280725034460449
291,C,C MSE sub=0.75 col=0.9 (d9 LR0.005 MCW8),2025,0.6445663055054082,0.062440390736537704,0.061608445859639246,-0.010158828568873735,0.045409195768752034,0.031083491206169128,0.8127627987527106
292,C,C MSE sub=0.8 col=0.65 (d9 LR0.005 MCW8),2023,0.6371905670144341,0.06480846935756965,0.05635541402818633,-0.032003203112612705,0.049709584880091626,0.039516880869865406,0.8531097315433351
292,C,C MSE sub=0.8 col=0.65 (d9 LR0.005 MCW8),2024,0.6516866190210391,0.058902141834691085,0.05600857689788454,-0.01823462713643942,0.04356990399325299,0.033120122015476226,0.835923958356183
292,C,C MSE sub=0.8 col=0.65 (d9 LR0.005 MCW8),2025,0.6564858404700061,0.06138448772144643,0.0605117685980736,-0.010314126081013076,0.045156107260768796,0.031530811458826066,0.8185777055490646
293,C,C MSE sub=0.8 col=0.7 (d9 LR0.005 MCW8),2023,0.6426955251315368,0.06431491604186017,0.05603771088741771,-0.03156237287880545,0.049516568688744544,0.04025279092788697,0.8547499435900513
293,C,C MSE sub=0.8 col=0.7 (d9 LR0.005 MCW8),2024,0.6423762622424729,0.05968417247255599,0.05652435670978269,-0.01916239923182047,0.04399228877720739,0.03374285221099854,0.8326749761264094
293,C,C MSE sub=0.8 col=0.7 (d9 LR0.005 MCW8),2025,0.6519304803343497,0.061790158775797195,0.060890660857295116,-0.010504814944863078,0.04536339585878569,0.03181115740537644,0.816400859981365
294,C,C MSE sub=0.8 col=0.75 (d9 LR0.005 MCW8),2023,0.6533262484879617,0.06335092485099786,0.055350035117409914,-0.030817418676500626,0.04916926942155251,0.040214153498411176,0.8585564800311318
294,C,C MSE sub=0.8 col=0.75 (d9 LR0.005 MCW8),2024,0.6396848721799597,0.05990833586219679,0.05640480983201555,-0.020186781158048315,0.04403388169699005,0.03354751753807067,0.8334420635224169
294,C,C MSE sub=0.8 col=0.75 (d9 LR0.005 MCW8),2025,0.6503017562960018,0.06193455760357951,0.061046893655444585,-0.010448263100176164,0.04518603007932059,0.03140390157699585,0.8156433400001628
295,C,C MSE sub=0.8 col=0.8 (d9 LR0.005 MCW8),2023,0.6557104623030372,0.06313270420301131,0.055274299411551625,-0.030503936875969632,0.049157709060066855,0.04097613000869749,0.8590752669463636
295,C,C MSE sub=0.8 col=0.8 (d9 LR0.005 MCW8),2024,0.6332579136360654,0.06044026827754203,0.05682211465264997,-0.02059789576195836,0.04443563986306359,0.03372665679454803,0.831112636474984
295,C,C MSE sub=0.8 col=0.8 (d9 LR0.005 MCW8),2025,0.6517337492465938,0.06180761840279521,0.06094979383034536,-0.01026178934600195,0.04504276976053468,0.030511110901832582,0.8163560415960537
296,C,C MSE sub=0.8 col=0.85 (d9 LR0.005 MCW8),2023,0.6626887647678716,0.06248961987737348,0.055026054832665705,-0.029615635782688273,0.04877683893515795,0.04084273743629455,0.8604545093584356
296,C,C MSE sub=0.8 col=0.85 (d9 LR0.005 MCW8),2024,0.6245330347387212,0.06115498640345312,0.05742513196987807,-0.021030610518725987,0.04495808458546022,0.03428871226310731,0.8278799836580976
296,C,C MSE sub=0.8 col=0.85 (d9 LR0.005 MCW8),2025,0.6503862440614064,0.0619270753977578,0.06102004512169091,-0.010560149670249703,0.04505392719214086,0.030761275231838234,0.8161803553517256
297,C,C MSE sub=0.8 col=0.9 (d9 LR0.005 MCW8),2023,0.6658499917311834,0.06219610921184851,0.05493758151480673,-0.029158500259754076,0.048577907011033386,0.04041574597358705,0.861085188601142
297,C,C MSE sub=0.8 col=0.9 (d9 LR0.005 MCW8),2024,0.6169308327211982,0.06177099636120253,0.057881888332846285,-0.021571810087467256,0.04543943365238939,0.03468098592758179,0.8252370264130884
297,C,C MSE sub=0.8 col=0.9 (d9 LR0.005 MCW8),2025,0.6502414779376292,0.06193989528064797,0.06105030663726288,-0.010459956136212239,0.044969241589188476,0.03110196179151535,0.8161495146247119
298,C,C MSE sub=0.85 col=0.65 (d9 LR0.005 MCW8),2023,0.6344330386287119,0.06505429111550479,0.056522834999234446,-0.0322060540255965,0.04986170163267282,0.040225995153188705,0.8521579471150934
298,C,C MSE sub=0.85 col=0.65 (d9 LR0.005 MCW8),2024,0.6462644291265117,0.059358835800925824,0.05651835049068229,-0.018142421238469857,0.04397206762383969,0.03403872072696687,0.832887162684132
298,C,C MSE sub=0.85 col=0.65 (d9 LR0.005 MCW8),2025,0.6549706365904202,0.06151971893777288,0.06067671836243666,-0.010149466498278442,0.04526855116131737,0.03133216491341591,0.8174663376341055
299,C,C MSE sub=0.85 col=0.7 (d9 LR0.005 MCW8),2023,0.6419204795968505,0.06438463247409977,0.055929651919996604,-0.0318944342509435,0.049512293308855086,0.04058784365653989,0.855425058533177
299,C,C MSE sub=0.85 col=0.7 (d9 LR0.005 MCW8),2024,0.6450235823184228,0.05946285522730639,0.056285070872520535,-0.019178684666571733,0.04389317174274909,0.03407945829629899,0.8340727075846645
299,C,C MSE sub=0.85 col=0.7 (d9 LR0.005 MCW8),2025,0.6527079192835292,0.061721113761025605,0.06085061033764072,-0.010329525801028795,0.04526466333882821,0.03143134745955467,0.8166107243938234
300,C,C MSE sub=0.85 col=0.75 (d9 LR0.005 MCW8),2023,0.6542591567931653,0.06326562791462588,0.0551915960663379,-0.030926160413293272,0.04902196068075015,0.0406809459924698,0.8593874717051837
300,C,C MSE sub=0.85 col=0.75 (d9 LR0.005 MCW8),2024,0.6388225657456977,0.05997997936066217,0.05651308309874587,-0.02009650130187756,0.044119969224568595,0.033684330582618716,0.8326946919135638
300,C,C MSE sub=0.85 col=0.75 (d9 LR0.005 MCW8),2025,0.6532523723567363,0.06167271439822062,0.06078792838192252,-0.010409201047539089,0.045058366435738774,0.031126426219940176,0.8170972297230947
301,C,C MSE sub=0.85 col=0.8 (d9 LR0.005 MCW8),2023,0.6595108247774932,0.06278329925645483,0.05492942239528377,-0.030405611689448317,0.04881765220945187,0.04075281929969787,0.8608385168550101
301,C,C MSE sub=0.85 col=0.8 (d9 LR0.005 MCW8),2024,0.6336219720757623,0.060410261831611134,0.05677371733063952,-0.020643273823299193,0.04441206725592674,0.03393393111228943,0.8314511122696849
301,C,C MSE sub=0.85 col=0.8 (d9 LR0.005 MCW8),2025,0.6537922262714277,0.06162468634733034,0.060762088461085516,-0.010274754013535113,0.044939313117698054,0.03091155946254731,0.8174745553256265
302,C,C MSE sub=0.85 col=0.85 (d9 LR0.005 MCW8),2023,0.6633486302946098,0.06242846725665226,0.054864954985698176,-0.02978506736721085,0.04871030648190472,0.04049253416061402,0.861280104728902
302,C,C MSE sub=0.85 col=0.85 (d9 LR0.005 MCW8),2024,0.6268488730117906,0.06096609612921766,0.057079353943098765,-0.02141990273601909,0.044592286371359396,0.033216689586639425,0.8294448122298081
302,C,C MSE sub=0.85 col=0.85 (d9 LR0.005 MCW8),2025,0.6510176313251927,0.06187113132348404,0.06100378232178525,-0.010323538038882613,0.04501068578244711,0.030753368854522706,0.815954307777966
303,C,C MSE sub=0.85 col=0.9 (d9 LR0.005 MCW8),2023,0.6686849738122238,0.06193170634220279,0.05466467787722537,-0.029108576811759126,0.04834609510676823,0.04055633491277695,0.8626011791901912
303,C,C MSE sub=0.85 col=0.9 (d9 LR0.005 MCW8),2024,0.6166753372548448,0.06179159261402611,0.05773028859885854,-0.02203212863895929,0.045288717866048746,0.033825704336166385,0.8259673730921309
303,C,C MSE sub=0.85 col=0.9 (d9 LR0.005 MCW8),2025,0.6474371374921284,0.062187714492504195,0.06130766682728748,-0.010425057242750474,0.04513080970615781,0.030965151786804188,0.8143380367392232
304,C,C MSE sub=0.9 col=0.65 (d9 LR0.005 MCW8),2023,0.6367152223833372,0.06485091074872011,0.056397726523931026,-0.03201463835613462,0.04973976125017713,0.040299860417842864,0.8528029246954136
304,C,C MSE sub=0.9 col=0.65 (d9 LR0.005 MCW8),2024,0.6450529236669535,0.05946039766065147,0.05646005051131451,-0.01864943939118596,0.04395806452992209,0.03387039732933045,0.8331115513452783
304,C,C MSE sub=0.9 col=0.65 (d9 LR0.005 MCW8),2025,0.6550259948573844,0.06151478347140303,0.06066676315285775,-0.010179019514784464,0.045273839882850116,0.03149100065231325,0.8173529171461029
305,C,C MSE sub=0.9 col=0.7 (d9 LR0.005 MCW8),2023,0.642084029966371,0.06436992717472012,0.055973423996781166,-0.03178778590818058,0.04964439884202397,0.040594464480876925,0.855120886455318
305,C,C MSE sub=0.9 col=0.7 (d9 LR0.005 MCW8),2024,0.6450180115276862,0.05946332181298216,0.05626504299810628,-0.019238804004221517,0.04388818708994746,0.03385962307453155,0.8342773035940332
305,C,C MSE sub=0.9 col=0.7 (d9 LR0.005 MCW8),2025,0.6559172303594242,0.061435270793219574,0.06053862093457146,-0.01045790952614682,0.04512483318092777,0.03153808432817459,0.8183721859887731
306,C,C MSE sub=0.9 col=0.75 (d9 LR0.005 MCW8),2023,0.654360782382358,0.06325632921682035,0.05520330012737247,-0.03088622411873861,0.04900520540050636,0.040209886908531195,0.8593573795984646
306,C,C MSE sub=0.9 col=0.75 (d9 LR0.005 MCW8),2024,0.6396653043024437,0.059909962581382745,0.05643427360819114,-0.020109111863434757,0.044058268542821744,0.033761181771755217,0.8332632393899356
306,C,C MSE sub=0.9 col=0.75 (d9 LR0.005 MCW8),2025,0.6529325315501309,0.06170115136871863,0.060872652559225374,-0.010077313565081647,0.04489667886249822,0.030538809418678287,0.8168179183782376
307,C,C MSE sub=0.9 col=0.8 (d9 LR0.005 MCW8),2023,0.664694917855339,0.06230351475127825,0.05462396991632656,-0.029965811537059753,0.04844483228951583,0.04073866176605223,0.8623079254512778
307,C,C MSE sub=0.9 col=0.8 (d9 LR0.005 MCW8),2024,0.6333585259878378,0.06043197709023926,0.05673502430684767,-0.020812517071669957,0.0442456137515464,0.03393895435333252,0.8313953836594633
307,C,C MSE sub=0.9 col=0.8 (d9 LR0.005 MCW8),2025,0.6502578272851909,0.0619384475836705,0.06108572241900851,-0.01024235355170418,0.04512297604012909,0.031107577681541446,0.8155128639865609
308,C,C MSE sub=0.9 col=0.85 (d9 LR0.005 MCW8),2023,0.6662983213732618,0.06215437089358658,0.054644447430335835,-0.02961672139290105,0.048458446477416775,0.040349224090576175,0.8622773165513671
308,C,C MSE sub=0.9 col=0.85 (d9 LR0.005 MCW8),2024,0.6268541837831719,0.06096566228602765,0.057071334662268776,-0.021440026616612717,0.0445945183073832,0.03376995944976807,0.8293144374390902
308,C,C MSE sub=0.9 col=0.85 (d9 LR0.005 MCW8),2025,0.6503604946726577,0.06192935585004524,0.061024252300187785,-0.010549205982024138,0.04514888261165544,0.031547225654125224,0.8158439447319402
309,C,C MSE sub=0.9 col=0.9 (d9 LR0.005 MCW8),2023,0.6697811281521047,0.06182917107046203,0.054561760791787005,-0.029083683639867096,0.04819624895546079,0.04017717933654785,0.8630146000670036
309,C,C MSE sub=0.9 col=0.9 (d9 LR0.005 MCW8),2024,0.6176921622302622,0.06170958255391623,0.05768887971861432,-0.021910402422601095,0.04520121593724758,0.033691487312316915,0.8260720946344802
309,C,C MSE sub=0.9 col=0.9 (d9 LR0.005 MCW8),2025,0.6478562782015314,0.062150737889115695,0.06130969859394302,-0.010189950017227205,0.04507191389605546,0.03092319130897521,0.8146180506908351
310,C,C MSE sub=0.95 col=0.65 (d9 LR0.005 MCW8),2023,0.6393729271010027,0.06461325840727077,0.05615458539071754,-0.031961472124500186,0.049512314237399574,0.03993386468291282,0.854138893545214
310,C,C MSE sub=0.95 col=0.65 (d9 LR0.005 MCW8),2024,0.6464623550245571,0.059342226932970664,0.05633611570007648,-0.018647840708527545,0.0439228933253464,0.03373218744993209,0.8332876323494017
310,C,C MSE sub=0.95 col=0.65 (d9 LR0.005 MCW8),2025,0.6567600960566924,0.06135997868773249,0.0604605477995545,-0.010467527992307565,0.04508129363645425,0.03120892101526261,0.818629615816419
311,C,C MSE sub=0.95 col=0.7 (d9 LR0.005 MCW8),2023,0.6416829490934128,0.06440598356784616,0.056094403111716463,-0.03164725356539475,0.049665660016534253,0.04041747498512269,0.8545249836425041
311,C,C MSE sub=0.95 col=0.7 (d9 LR0.005 MCW8),2024,0.6425869402985536,0.05966658975009201,0.056549318432257765,-0.01903356276163763,0.0440979499550656,0.03438241100311279,0.8325528315194288
311,C,C MSE sub=0.95 col=0.7 (d9 LR0.005 MCW8),2025,0.6552420455273632,0.06149551768397624,0.060634672173942694,-0.010253547127421993,0.04512254099101663,0.031455675125122075,0.8178988787218356
312,C,C MSE sub=0.95 col=0.75 (d9 LR0.005 MCW8),2023,0.6543756355703703,0.06325497004199718,0.05525831096810812,-0.030784903826384706,0.048932302472401865,0.040096092462539645,0.859099509267156
312,C,C MSE sub=0.95 col=0.75 (d9 LR0.005 MCW8),2024,0.6378673719897408,0.06005924050277541,0.05657903616077788,-0.020147581471010527,0.0441478174876006,0.03365345287322996,0.8327431185264591
312,C,C MSE sub=0.95 col=0.75 (d9 LR0.005 MCW8),2025,0.652058928211747,0.06177875653191356,0.060906315680494455,-0.010345794701511805,0.04495759665835992,0.03047368860244752,0.8166650357431038
313,C,C MSE sub=0.95 col=0.8 (d9 LR0.005 MCW8),2023,0.6643521718185743,0.062335349682568535,0.054678192205768375,-0.029933110754374215,0.048435959169022144,0.04055829286575317,0.8620707788986653
313,C,C MSE sub=0.95 col=0.8 (d9 LR0.005 MCW8),2024,0.630154627919103,0.06069544530615506,0.05702091814981009,-0.020797884040836486,0.04452901789424975,0.03408096313476561,0.8299173107225202
313,C,C MSE sub=0.95 col=0.8 (d9 LR0.005 MCW8),2025,0.6508209776628928,0.0618885612455514,0.0610227124529931,-0.010316132131197434,0.04493446670626524,0.030810307800769807,0.8159284738268747
314,C,C MSE sub=0.95 col=0.85 (d9 LR0.005 MCW8),2023,0.6665501947773145,0.06213090983668687,0.05474020440645386,-0.0293897938019652,0.04845139781177626,0.04010739350318909,0.8618812237666205
314,C,C MSE sub=0.95 col=0.85 (d9 LR0.005 MCW8),2024,0.6235258425257625,0.061236955764248154,0.05742945560228227,-0.021256113922606464,0.04485077458843566,0.03398025846481323,0.8274776002698206
314,C,C MSE sub=0.95 col=0.85 (d9 LR0.005 MCW8),2025,0.64949622988776,0.062005849389338404,0.061153310631305025,-0.010246850885301709,0.04501477513082319,0.03046683633327485,0.8151314574119134
315,C,C MSE sub=0.95 col=0.9 (d9 LR0.005 MCW8),2023,0.6698693317553351,0.06182091303260168,0.054429779323103944,-0.029312529957941074,0.04817647696106598,0.039576947689056396,0.8637711938050723
315,C,C MSE sub=0.95 col=0.9 (d9 LR0.005 MCW8),2024,0.6189434979897523,0.06160850864141686,0.05756074545177742,-0.021962898617226133,0.044980568219525466,0.033753140687942496,0.8271686397749571
315,C,C MSE sub=0.95 col=0.9 (d9 LR0.005 MCW8),2025,0.6483359150526482,0.0621083973050275,0.06123086021228421,-0.010403594254486984,0.04493222320659028,0.0301101108789444,0.8150870704270908
316,C,C MSE sub=1.0 col=0.65 (d9 LR0.005 MCW8),2023,0.6408883910624774,0.06447735325758827,0.05597616875940237,-0.0319999627165353,0.04947587965583434,0.039518556833267215,0.8550187977479441
316,C,C MSE sub=1.0 col=0.65 (d9 LR0.005 MCW8),2024,0.6452127436006455,0.05944700971157941,0.05639512673493714,-0.01880257005910924,0.044000124493402376,0.03386814725399018,0.833281989748011
316,C,C MSE sub=1.0 col=0.65 (d9 LR0.005 MCW8),2025,0.658582905699648,0.061196832664257045,0.060266352038343726,-0.010631046028579587,0.04479570691392506,0.030999188244342793,0.8198502067178302
317,C,C MSE sub=1.0 col=0.7 (d9 LR0.005 MCW8),2023,0.6440238261177349,0.06419525743450902,0.055898835071667874,-0.03156503314447359,0.049456000225970326,0.04007605338096619,0.8555781414069299
317,C,C MSE sub=1.0 col=0.7 (d9 LR0.005 MCW8),2024,0.6421597951364775,0.05970223294264214,0.05653522418598131,-0.019186584997642222,0.044043946388166555,0.034019265413284316,0.8323800042889168
317,C,C MSE sub=1.0 col=0.7 (d9 LR0.005 MCW8),2025,0.6543115942252511,0.06157844547378032,0.06075772857626475,-0.010020147966141934,0.044943520754366945,0.03081430071592331,0.8169674761540894
318,C,C MSE sub=1.0 col=0.75 (d9 LR0.005 MCW8),2023,0.6549587173462816,0.06320159071911224,0.05540876057532937,-0.03040247227124663,0.04905484440511216,0.04032646584510802,0.8584134519918343
318,C,C MSE sub=1.0 col=0.75 (d9 LR0.005 MCW8),2024,0.6353118302425858,0.06027078463720014,0.05682465247196478,-0.020087965271521156,0.04440668010650197,0.03385576772689819,0.8310433680991832
318,C,C MSE sub=1.0 col=0.75 (d9 LR0.005 MCW8),2025,0.6534496934244918,0.06165516408690537,0.060824982260429296,-0.010083689610447711,0.044891438406566266,0.03076330220699311,0.8170779104644701
319,C,C MSE sub=1.0 col=0.8 (d9 LR0.005 MCW8),2023,0.6642996508072578,0.06234022650176485,0.05480341936146332,-0.029713449224506822,0.04845832656389844,0.0405300407409668,0.8616001247625044
319,C,C MSE sub=1.0 col=0.8 (d9 LR0.005 MCW8),2024,0.6353766783546945,0.06026542578450539,0.05676250033788738,-0.020246977597413104,0.04417996292802656,0.033484712362289434,0.8314099218703535
319,C,C MSE sub=1.0 col=0.8 (d9 LR0.005 MCW8),2025,0.6485719187539254,0.06208755316379736,0.06129165295601959,-0.009909466938335621,0.04492502624344668,0.02987198723852634,0.8144101973457173
320,C,C MSE sub=1.0 col=0.85 (d9 LR0.005 MCW8),2023,0.666705663748486,0.062116424066033876,0.05464311526532421,-0.029539466658899848,0.04859085410237903,0.040605440497398365,0.8626369442811812
320,C,C MSE sub=1.0 col=0.85 (d9 LR0.005 MCW8),2024,0.6275672842290752,0.060907380202324404,0.0571846397570155,-0.020967258771583033,0.04459990079372139,0.03388320422172547,0.829270052385068
320,C,C MSE sub=1.0 col=0.85 (d9 LR0.005 MCW8),2025,0.647368043911664,0.06219380781913828,0.061432315910678985,-0.0097025918178827,0.04532144801743967,0.03130988517403603,0.8135742810170841
321,C,C MSE sub=1.0 col=0.9 (d9 LR0.005 MCW8),2023,0.6644051703152729,0.06233042813985427,0.055155186552290784,-0.029034249910383933,0.04866747415431359,0.040413259863853454,0.8605003404891214
321,C,C MSE sub=1.0 col=0.9 (d9 LR0.005 MCW8),2024,0.6181429551673144,0.06167318982739303,0.057882292830591035,-0.021289023446253327,0.04488177028143028,0.03366576027870177,0.8256706844357194
321,C,C MSE sub=1.0 col=0.9 (d9 LR0.005 MCW8),2025,0.6434618845929706,0.06253732440954941,0.061777859168021074,-0.00971663809951851,0.045253402778614844,0.030995553433895113,0.8122712662364893
322,D,D d=9 LR=0.003 Est=1500 MCW=8,2023,0.6575682736938022,0.06296213946459979,0.05509305724758364,-0.030479272431445294,0.04916890810844755,0.041468615889549254,0.859507731013247
322,D,D d=9 LR=0.003 Est=1500 MCW=8,2024,0.6306167882346365,0.06065751081119906,0.05698092853653321,-0.02079681233247801,0.044603401172526126,0.034247022032737745,0.8284760473857317
322,D,D d=9 LR=0.003 Est=1500 MCW=8,2025,0.6459161506253356,0.0623217117348587,0.061525177488205435,-0.009932184518397663,0.04551477643256907,0.031168454721570017,0.8118833894592337
323,D,D d=9 LR=0.003 Est=2000 MCW=8,2023,0.6590307882072528,0.06282754099268358,0.05505608824994369,-0.030267590803353114,0.04895766590513132,0.04108438742160797,0.8600322716022123
323,D,D d=9 LR=0.003 Est=2000 MCW=8,2024,0.6293916126185937,0.0607580223932259,0.057085817959451106,-0.020802563992468628,0.04464536188772532,0.03428169524669647,0.8291926025241414
323,D,D d=9 LR=0.003 Est=2000 MCW=8,2025,0.6472228080613145,0.0622066141467214,0.06139530833807691,-0.01001393808989977,0.045315365467575475,0.031142328143119805,0.8133869833814079
324,D,D d=9 LR=0.003 Est=2500 MCW=8,2023,0.6594742472779136,0.06278667145533459,0.055052950900809985,-0.030188387010143064,0.04890716116482077,0.040932029962539696,0.8601505043059925
324,D,D d=9 LR=0.003 Est=2500 MCW=8,2024,0.6296795594204969,0.060734414619649,0.05707580184274639,-0.02076106837042079,0.04462586569929985,0.03407229518890381,0.8296149404362206
324,D,D d=9 LR=0.003 Est=2500 MCW=8,2025,0.6484023098773596,0.06210253393855582,0.06127394856319044,-0.010110783737758283,0.04519851788479367,0.03104628881812095,0.8143403323988185
325,D,D d=9 LR=0.003 Est=3000 MCW=8,2023,0.6597418687819453,0.06276199436994227,0.05504831664152946,-0.03014549341542731,0.04888596532753247,0.04095935791730881,0.8602096467318133
325,D,D d=9 LR=0.003 Est=3000 MCW=8,2024,0.6300950289962698,0.060700335508540516,0.05705503407116729,-0.020718441484809915,0.044608521750193836,0.0340682406425476,0.829877711355615
325,D,D d=9 LR=0.003 Est=3000 MCW=8,2025,0.6491473497078293,0.06203670102819619,0.061195615722229625,-0.010180809911969806,0.04512693807097961,0.031118106424808514,0.8148985451687695
326,D,D d=9 LR=0.003 Est=4000 MCW=8,2023,0.6596959439947747,0.06276622973380075,0.05507863827148996,-0.030098890378243644,0.04889709537745267,0.04111655974388123,0.86006987964266
326,D,D d=9 LR=0.003 Est=4000 MCW=8,2024,0.6303935787815149,0.060675834985970734,0.05705393238648932,-0.02064959450917176,0.044599904127397554,0.03403735351562498,0.8299930406503209
326,D,D d=9 LR=0.003 Est=4000 MCW=8,2025,0.6499526712582009,0.06196546286952515,0.06111384423755598,-0.010237999435236825,0.04506412287783608,0.031044904112815852,0.8154482940447728
327,D,D d=9 LR=0.003 Est=5000 MCW=8,2023,0.659553453175141,0.06277936897700032,0.055111232525702554,-0.03006661301595265,0.04891775157276017,0.04097251695394516,0.8599016952937242
327,D,D d=9 LR=0.003 Est=5000 MCW=8,2024,0.6306336743530335,0.06065612433560565,0.05705044369413882,-0.020601269155878933,0.044593451959768694,0.03405408453941344,0.83006827549304
327,D,D d=9 LR=0.003 Est=5000 MCW=8,2025,0.6502221108009449,0.06194161015210442,0.06108297265428261,-0.010277816855353865,0.04502978082446216,0.030960134744644166,0.8156567550347497
328,D,D d=9 LR=0.005 Est=1500 MCW=8,2023,0.664549118343614,0.06231705888653941,0.054595642917859066,-0.03004549223847794,0.04846850657521505,0.040853769779205296,0.862407115803542
328,D,D d=9 LR=0.005 Est=1500 MCW=8,2024,0.6325697279722069,0.060496949298485765,0.056745687064815455,-0.02097159687153993,0.04428366411606706,0.03393315577507017,0.8310559275270225
328,D,D d=9 LR=0.005 Est=1500 MCW=8,2025,0.6489437227969359,0.062054700763173945,0.06122105297939369,-0.010137483016360367,0.04525289958918257,0.03109476339817048,0.8145392487440744
329,D,D d=9 LR=0.005 Est=2000 MCW=8,2023,0.6647860860833327,0.06229504412632753,0.054595048961797406,-0.03000088585401394,0.04843224226644272,0.04065239477157595,0.8624439229729808
329,D,D d=9 LR=0.005 Est=2000 MCW=8,2024,0.6332770012671289,0.06043869540576571,0.05671931984346361,-0.020874737309240138,0.04423476039925379,0.0339384379386902,0.8313995191148156
329,D,D d=9 LR=0.005 Est=2000 MCW=8,2025,0.649750060890721,0.06198339334347134,0.06113692576598435,-0.01020869008149859,0.04517196189779177,0.031158244922757147,0.8151672453214367
330,D,D d=9 LR=0.005 Est=2500 MCW=8,2023,0.664694917855339,0.06230351475127825,0.05462396991632656,-0.029965811537059753,0.04844483228951583,0.04073866176605223,0.8623079254512778
330,D,D d=9 LR=0.005 Est=2500 MCW=8,2024,0.6333585259878378,0.06043197709023926,0.05673502430684767,-0.020812517071669957,0.0442456137515464,0.03393895435333252,0.8313953836594633
330,D,D d=9 LR=0.005 Est=2500 MCW=8,2025,0.6502578272851909,0.0619384475836705,0.06108572241900851,-0.01024235355170418,0.04512297604012909,0.031107577681541446,0.8155128639865609
331,D,D d=9 LR=0.005 Est=3000 MCW=8,2023,0.6646193861878307,0.06231053167948208,0.05464867851455688,-0.029935335205696797,0.04845391974850311,0.040669196724891665,0.8621856395238048
331,D,D d=9 LR=0.005 Est=3000 MCW=8,2024,0.633523225820813,0.06041840217406438,0.056738878107545736,-0.020762539148864407,0.04425040157092125,0.03400055360794069,0.8314137209345484
331,D,D d=9 LR=0.005 Est=3000 MCW=8,2025,0.6503868845710705,0.06192701867100184,0.061074240134350394,-0.010241720247879515,0.04510670801064222,0.030952403843402858,0.8155987808870749
332,D,D d=9 LR=0.005 Est=4000 MCW=8,2023,0.6642542230654489,0.0623444443703488,0.05469826652463041,-0.029915370339647657,0.04849323215634813,0.040570045977830885,0.8619287817743801
332,D,D d=9 LR=0.005 Est=4000 MCW=8,2024,0.6337016030338377,0.06040369649734337,0.056736385015445895,-0.020726532918388257,0.04424926428093215,0.03380614173412322,0.8314611821361956
332,D,D d=9 LR=0.005 Est=4000 MCW=8,2025,0.6504824858177203,0.061918551161196156,0.061059605876988346,-0.01027771902360839,0.04509397906742936,0.030658282428979874,0.8156892214253703
333,D,D d=9 LR=0.005 Est=5000 MCW=8,2023,0.6641948768234467,0.062349954112024285,0.05472012367590729,-0.029886867423411963,0.04851466342395067,0.04061871317028999,0.8618136907260189
333,D,D d=9 LR=0.005 Est=5000 MCW=8,2024,0.6341900673689254,0.060363408449933764,0.05670058094337886,-0.020707129147012164,0.04422673747569161,0.033706516265869124,0.8316972161006898
333,D,D d=9 LR=0.005 Est=5000 MCW=8,2025,0.6506242614235294,0.061905991804166845,0.06104607497514499,-0.010282438964925233,0.04507879124139491,0.03038869006931781,0.8157687833219988
334,D,D d=9 LR=0.008 Est=1500 MCW=8,2023,0.6569704582302234,0.06301707498051685,0.05546649448761115,-0.029910194338377487,0.04918489059795412,0.04103804987668991,0.8580501985299362
334,D,D d=9 LR=0.008 Est=1500 MCW=8,2024,0.6341656319097211,0.06036542450095082,0.05678772122555808,-0.02047288910404615,0.04438621998075331,0.033881875276565554,0.831218412507851
334,D,D d=9 LR=0.008 Est=1500 MCW=8,2025,0.6507906293717498,0.06189125065577701,0.061142051322176434,-0.00960085755194708,0.04515889743099912,0.03136180317401886,0.8151214135076191
335,D,D d=9 LR=0.008 Est=2000 MCW=8,2023,0.6567883383929942,0.06303380114424302,0.05550498409983509,-0.02987401590511762,0.0492101071953687,0.04101789435744285,0.857849827148524
335,D,D d=9 LR=0.008 Est=2000 MCW=8,2024,0.6346221877946199,0.06032774516263258,0.05677135415889019,-0.02040711119577532,0.04435827849807737,0.0337586088180542,0.831359046840908
335,D,D d=9 LR=0.008 Est=2000 MCW=8,2025,0.6510943858560275,0.06186432703875873,0.061108111692966816,-0.009643321303908731,0.0451307602948826,0.031374049186706554,0.8153238997841484
336,D,D d=9 LR=0.008 Est=2500 MCW=8,2023,0.6566749997241634,0.06304420810036596,0.05552553801154679,-0.029857776278210988,0.04922631318231509,0.04101444339752197,0.8577488066625766
336,D,D d=9 LR=0.008 Est=2500 MCW=8,2024,0.6347465285001139,0.06031747930571676,0.05676917084546374,-0.02038282480124929,0.044364072845791865,0.033833967924118025,0.8313990120010473
336,D,D d=9 LR=0.008 Est=2500 MCW=8,2025,0.6516638825825491,0.06181381779126103,0.06105039256648235,-0.009684918276410848,0.04508237003261227,0.031126236796379075,0.8156842161156844
337,D,D d=9 LR=0.008 Est=3000 MCW=8,2023,0.6567758372057519,0.06303494910957091,0.0555187291499611,-0.029850888176945367,0.04922584897224946,0.04104208934307099,0.8577914334597824
337,D,D d=9 LR=0.008 Est=3000 MCW=8,2024,0.6349051004592556,0.0603043847016382,0.05675729730261579,-0.020377144437620426,0.04436180403059498,0.0337954912185669,0.8314881901568696
337,D,D d=9 LR=0.008 Est=3000 MCW=8,2025,0.6515187644517328,0.061826692384472616,0.06105814519255042,-0.009718168290097822,0.045070367886166605,0.03094139528274535,0.8156376414963007
338,D,D d=9 LR=0.008 Est=4000 MCW=8,2023,0.6566194428556387,0.06304930880246175,0.05554360901726246,-0.029834926446520648,0.04925253470198598,0.04087878370285036,0.8576628216042085
338,D,D d=9 LR=0.008 Est=4000 MCW=8,2024,0.6352499315785044,0.0602758993119723,0.056728971280344556,-0.02037174156463524,0.044345706625138384,0.033820651680231094,0.8316462169949165
338,D,D d=9 LR=0.008 Est=4000 MCW=8,2025,0.6518491529847583,0.06179737706992373,0.06102213161793883,-0.009757830933947338,0.0450374481507105,0.030846027940511708,0.815850501096763
339,D,D d=9 LR=0.008 Est=5000 MCW=8,2023,0.6563564324176137,0.0630734503152136,0.05556953319752619,-0.02983767947214458,0.049284854339082716,0.04097714066505431,0.8575322770329795
339,D,D d=9 LR=0.008 Est=5000 MCW=8,2024,0.6354917157898636,0.06025591826468489,0.05671001910223895,-0.020365397548938586,0.04433762076775373,0.033842539548873896,0.831737626525608
339,D,D d=9 LR=0.008 Est=5000 MCW=8,2025,0.65195366466598,0.06178810087168959,0.06101161559865835,-0.009764843682577313,0.04502360854455359,0.030778321087360377,0.8159019549481586
340,D,D d=9 LR=0.01 Est=1500 MCW=8,2023,0.658117444082416,0.06291163185366973,0.05523995770417891,-0.030106818076361824,0.048991462990729116,0.04062010300159455,0.8593710529881434
340,D,D d=9 LR=0.01 Est=1500 MCW=8,2024,0.636237177180952,0.060194271586177114,0.056532616505665205,-0.020673983585064427,0.04436456080949036,0.03404265201091766,0.8328144676124452
340,D,D d=9 LR=0.01 Est=1500 MCW=8,2025,0.6460913182463348,0.06230629434646165,0.06156119375157319,-0.00960696298025065,0.04524435697081652,0.03071498757600785,0.812928422763914
341,D,D d=9 LR=0.01 Est=2000 MCW=8,2023,0.657809094014977,0.0629399960295057,0.055284664907387294,-0.030084031111645166,0.049020585112718174,0.04063944220542909,0.859145305246658
341,D,D d=9 LR=0.01 Est=2000 MCW=8,2024,0.6364039598794753,0.0601804706787875,0.056514773533375265,-0.020682587498620862,0.04437755469639041,0.033882268190383924,0.8329651599606842
341,D,D d=9 LR=0.01 Est=2000 MCW=8,2025,0.646074108662301,0.06230780921799303,0.061549100447276836,-0.009693880898354526,0.045224333032023147,0.03055198150873184,0.8130066594096563
342,D,D d=9 LR=0.01 Est=2500 MCW=8,2023,0.6575255587986856,0.0629660662872518,0.05531376229024221,-0.03008509942190878,0.0490500204616218,0.04084753885865212,0.8589962047222635
342,D,D d=9 LR=0.01 Est=2500 MCW=8,2024,0.6365715851381151,0.06016659686171514,0.056504013063328015,-0.020671620261256483,0.044376356893452845,0.033896307706832884,0.8330453623943557
342,D,D d=9 LR=0.01 Est=2500 MCW=8,2025,0.6460443973704155,0.062310424464152435,0.061546035921936235,-0.009730080026996024,0.045218480812828594,0.030401648283004776,0.8130016898781762
343,D,D d=9 LR=0.01 Est=3000 MCW=8,2023,0.6574396947974781,0.06297395910917941,0.0553235133210615,-0.030083689951304622,0.04905944708053808,0.040759881407022476,0.8589465724386792
343,D,D d=9 LR=0.01 Est=3000 MCW=8,2024,0.6367987694356194,0.06014778842199596,0.056481779141172604,-0.020677646786198475,0.04436275385654712,0.033811259746551525,0.833185470298658
343,D,D d=9 LR=0.01 Est=3000 MCW=8,2025,0.6460608399284665,0.062308977171522284,0.06153814288248858,-0.009770650163418153,0.04520609626063616,0.03040042352676392,0.813044856098004
344,D,D d=9 LR=0.01 Est=4000 MCW=8,2023,0.6573301345644786,0.06298402870854397,0.05533487166574375,-0.03008388024719297,0.04907980462732087,0.040897807270288467,0.8588888909161108
344,D,D d=9 LR=0.01 Est=4000 MCW=8,2024,0.6370117857423372,0.060130147596696056,0.05646046699293952,-0.02068454294245503,0.044352382199734516,0.03367773687839509,0.8333043316706169
344,D,D d=9 LR=0.01 Est=4000 MCW=8,2025,0.6462475515715767,0.06229254024180906,0.06151752038864305,-0.009795675509183512,0.045195890611535706,0.030253136515617354,0.8131584910677955
345,D,D d=9 LR=0.01 Est=5000 MCW=8,2023,0.6572572571174105,0.06299072592889529,0.05534699240092658,-0.030075604449997396,0.04909850317352758,0.040848966896533966,0.8588257399102041
345,D,D d=9 LR=0.01 Est=5000 MCW=8,2024,0.637181368976798,0.060116099955782626,0.05645421291127616,-0.02066076759711923,0.04435655147119818,0.03376218414306639,0.8333235508827782
345,D,D d=9 LR=0.01 Est=5000 MCW=8,2025,0.6463596643341394,0.06228266844837632,0.061506371111519555,-0.009802913071924714,0.04518576019992373,0.030267267465591427,0.8132165288905795
346,D,D d=10 LR=0.003 Est=1500 MCW=8,2023,0.6605346059539388,0.06268883994043072,0.055051839292925064,-0.029986424307484685,0.04887689132346388,0.04030363497138023,0.8595145174204675
346,D,D d=10 LR=0.003 Est=1500 MCW=8,2024,0.6298064721526122,0.060724006564675484,0.0568843214604564,-0.02125038694519565,0.04467410187218797,0.03375435805320742,0.8288166785665084
346,D,D d=10 LR=0.003 Est=1500 MCW=8,2025,0.6462501520917413,0.06229231127759208,0.06141799048511233,-0.010400119574965715,0.04541037123440932,0.03068881535530088,0.8124332671511763
347,D,D d=10 LR=0.003 Est=2000 MCW=8,2023,0.6616436810322154,0.06258635009573965,0.0550312271819058,-0.029809650331099002,0.04867493679715723,0.039987797260284424,0.8598797056251989
347,D,D d=10 LR=0.003 Est=2000 MCW=8,2024,0.6285743325604874,0.060824978479343365,0.056999603287468906,-0.021230243215249835,0.044687505490098624,0.03398979014158249,0.8293592305038563
347,D,D d=10 LR=0.003 Est=2000 MCW=8,2025,0.6473421074766259,0.06219609498564219,0.061313960161008006,-0.010438032385239224,0.04519541384177126,0.03060294377803803,0.8137134143985831
348,D,D d=10 LR=0.003 Est=2500 MCW=8,2023,0.6622399694873411,0.06253117752683211,0.05501626508845043,-0.029721351549697787,0.04860974599199575,0.03978170394897461,0.8600349429654638
348,D,D d=10 LR=0.003 Est=2500 MCW=8,2024,0.6288264561031068,0.06080433099358911,0.05699697978273126,-0.02117807752189924,0.04466219021370417,0.03411239695549012,0.8297008685490413
348,D,D d=10 LR=0.003 Est=2500 MCW=8,2025,0.6482938083986683,0.06211211548187419,0.06122572998483536,-0.010455853619260056,0.04510118827264341,0.030517183840274825,0.8144474327681755
349,D,D d=10 LR=0.003 Est=3000 MCW=8,2023,0.6624839816066728,0.06250858586323692,0.0550075985831124,-0.02968985356542807,0.04858762526249772,0.039823480367660535,0.860105962736485
349,D,D d=10 LR=0.003 Est=3000 MCW=8,2024,0.6291462669877936,0.06077813020724691,0.056985619180381586,-0.02113339338135445,0.044640333854641286,0.03410388034582138,0.8298572251250539
349,D,D d=10 LR=0.003 Est=3000 MCW=8,2025,0.6491812359498594,0.062033705124609276,0.06114157385328191,-0.010482772531165321,0.04503723457109651,0.030400484472513194,0.8150424092255786
350,D,D d=10 LR=0.003 Est=4000 MCW=8,2023,0.6626786834940737,0.06249055368893197,0.05500944071482075,-0.029648452447963207,0.04857635818033282,0.039726842403411844,0.8601095892430175
350,D,D d=10 LR=0.003 Est=4000 MCW=8,2024,0.6294158339246989,0.06075603692452827,0.056982997408999515,-0.021076860039477955,0.04462154270625645,0.03413988196849824,0.8299261035795883
350,D,D d=10 LR=0.003 Est=4000 MCW=8,2025,0.6496265147459889,0.06199432430055473,0.06109633651158593,-0.010513510680626972,0.04500555974820717,0.03043293982744217,0.8153682189147247
351,D,D d=10 LR=0.003 Est=5000 MCW=8,2023,0.6625699304311222,0.06250062641649297,0.055026070712447306,-0.02963882331117683,0.04859206887626742,0.03986547684669495,0.8600247564282236
351,D,D d=10 LR=0.003 Est=5000 MCW=8,2024,0.6294519277645166,0.060753078120207867,0.05698782365723592,-0.021055271452056323,0.04462388295450358,0.033890848636627224,0.829936207726095
351,D,D d=10 LR=0.003 Est=5000 MCW=8,2025,0.6497927751882637,0.06197961367424694,0.06107672623805351,-0.010540684085187192,0.044989190212219025,0.030466555595397946,0.8155049644452915
352,D,D d=10 LR=0.005 Est=1500 MCW=8,2023,0.6640551448000083,0.06236292499679999,0.0550175496133485,-0.029363304442365994,0.048557469730944956,0.04035767507553101,0.8600969779527488
352,D,D d=10 LR=0.005 Est=1500 MCW=8,2024,0.6289158832626366,0.0607970057325951,0.05691960840187245,-0.02136431798624333,0.044677517585172834,0.03410035347938539,0.8303098602421037
352,D,D d=10 LR=0.005 Est=1500 MCW=8,2025,0.6448618248961464,0.0624144278303999,0.061569631304300716,-0.010234319837159923,0.04553626798920697,0.03112184014916419,0.8124508687376039
353,D,D d=10 LR=0.005 Est=2000 MCW=8,2023,0.6641727934156194,0.06235200422492202,0.05502387971262629,-0.029328230293089654,0.048554039257215055,0.040340258359909065,0.8601014772889098
353,D,D d=10 LR=0.005 Est=2000 MCW=8,2024,0.6293313794918945,0.060762959541306616,0.0569172736200393,-0.021273486165829577,0.0446424086263548,0.03404867857694627,0.8304647790712927
353,D,D d=10 LR=0.005 Est=2000 MCW=8,2025,0.6456596534468665,0.06234428047014712,0.06149336159766558,-0.010265270744243842,0.04547430710048318,0.030941308319568622,0.8129968035384483
354,D,D d=10 LR=0.005 Est=2500 MCW=8,2023,0.6638886396652641,0.06237837762355916,0.05505776495473143,-0.029320718163069078,0.04858211710837636,0.04026090455055237,0.8599325325790612
354,D,D d=10 LR=0.005 Est=2500 MCW=8,2024,0.6295411977596279,0.060745759564159965,0.05690874587743232,-0.021247163355717424,0.04464137534912512,0.034071888685226454,0.8305846265896847
354,D,D d=10 LR=0.005 Est=2500 MCW=8,2025,0.645857605949933,0.06232686369757421,0.061467321263393285,-0.010315345648297362,0.045450134515827946,0.030928009986877437,0.8131881840271422
355,D,D d=10 LR=0.005 Est=3000 MCW=8,2023,0.6637917029855007,0.06238737213789526,0.05507006896409412,-0.029316747886903735,0.04859690786498892,0.040247671365737925,0.859871077648275
355,D,D d=10 LR=0.005 Est=3000 MCW=8,2024,0.6296116714768897,0.06073998134661675,0.05691052815397757,-0.021225859904898253,0.044637428295819154,0.033916928529739376,0.8305926040452606
355,D,D d=10 LR=0.005 Est=3000 MCW=8,2025,0.6460694628549164,0.06230821815830702,0.061444214471431335,-0.010340336382454685,0.04543159069716811,0.030791870832443242,0.8133463415409304
356,D,D d=10 LR=0.005 Est=4000 MCW=8,2023,0.6636605533724538,0.06239953912190147,0.055095754980852556,-0.029294372592911438,0.0486179097236285,0.04028778082132339,0.8597389191245064
356,D,D d=10 LR=0.005 Est=4000 MCW=8,2024,0.6299860990676152,0.0607092723937181,0.0568931584983697,-0.02118452901585456,0.044617585565402816,0.03387536537647248,0.8307157116185293
356,D,D d=10 LR=0.005 Est=4000 MCW=8,2025,0.6463919170546344,0.0622798282303667,0.06141299245334772,-0.010354774845592538,0.04540209191978526,0.030620145589113242,0.8135436829018022
357,D,D d=10 LR=0.005 Est=5000 MCW=8,2023,0.6635405449898137,0.06241067043578194,0.05510977280106329,-0.029291717656841174,0.04863635015035224,0.040403396368026735,0.8596631206612857
357,D,D d=10 LR=0.005 Est=5000 MCW=8,2024,0.6301620130985492,0.06069483931101939,0.05688504126832208,-0.021164961605711338,0.04460841802542188,0.033927543282508854,0.8307657592698503
357,D,D d=10 LR=0.005 Est=5000 MCW=8,2025,0.6465799898673055,0.06226326370468332,0.06139766344756096,-0.010346058943600439,0.045384300544010915,0.030516532897949228,0.8136280701290933
358,D,D d=10 LR=0.008 Est=1500 MCW=8,2023,0.6607216747661842,0.06267156462593128,0.05524301800138609,-0.029596181753892104,0.04883603448129288,0.04034346282482147,0.858913850479626
358,D,D d=10 LR=0.008 Est=1500 MCW=8,2024,0.6288196042075498,0.06080489221759001,0.05705422711706583,-0.021024987088779045,0.044697185381398746,0.033642994880676264,0.8292629315909743
358,D,D d=10 LR=0.008 Est=1500 MCW=8,2025,0.6490115388897093,0.06204870669488028,0.061188833440812836,-0.010294108325309805,0.04508445434737578,0.03035488265752792,0.8148970466788542
359,D,D d=10 LR=0.008 Est=2000 MCW=8,2023,0.6606098853008764,0.06268188866252124,0.05525981226034675,-0.02958669153650041,0.048849469595967004,0.040270624846220016,0.8588342971292455
359,D,D d=10 LR=0.008 Est=2000 MCW=8,2024,0.6291730296737885,0.060775937138637874,0.05703149373120806,-0.021002934448961865,0.04468547646059447,0.03356752896308898,0.8294411500492397
359,D,D d=10 LR=0.008 Est=2000 MCW=8,2025,0.6491833645404754,0.06203351692976848,0.061168369860647935,-0.010324134333633344,0.0450604343356921,0.030300777465105053,0.815048748731624
360,D,D d=10 LR=0.008 Est=2500 MCW=8,2023,0.6604407109594218,0.06269750910291144,0.05529042805668738,-0.0295625812985369,0.04887412760373083,0.04023238506913185,0.8586677600963315
360,D,D d=10 LR=0.008 Est=2500 MCW=8,2024,0.6293672302656996,0.06076002099772143,0.057019369251206195,-0.020989799381541413,0.04467051465861288,0.033678363084793106,0.8295403658238262
360,D,D d=10 LR=0.008 Est=2500 MCW=8,2025,0.6493436601700157,0.06201934308968258,0.06115267532972505,-0.010331951165594176,0.045036823227649646,0.03029599913954735,0.8151542931396538
361,D,D d=10 LR=0.008 Est=3000 MCW=8,2023,0.6603960565881535,0.06270163154323331,0.055299211725581617,-0.02955489434105187,0.04888508498205993,0.04015074735879898,0.8586270538068004
361,D,D d=10 LR=0.008 Est=3000 MCW=8,2024,0.629588150020967,0.060741909957755996,0.057004448207211386,-0.020977905265264975,0.04466109670182082,0.033579427719116206,0.8296440077809959
361,D,D d=10 LR=0.008 Est=3000 MCW=8,2025,0.6494437534392588,0.06201049088717609,0.061140366711216095,-0.010351644267020125,0.045019690804875445,0.030219996035099034,0.815239750556118
362,D,D d=10 LR=0.008 Est=4000 MCW=8,2023,0.6602827312664983,0.06271209239036243,0.05531396541250223,-0.02954947990457691,0.048908620728095126,0.040192802429199204,0.85855228693358
362,D,D d=10 LR=0.008 Est=4000 MCW=8,2024,0.6297387347888564,0.060729561896777216,0.05699610103789472,-0.020964831298800335,0.044651003135734564,0.03350804293155671,0.8296913523661916
362,D,D d=10 LR=0.008 Est=4000 MCW=8,2025,0.64972596097184,0.06198552577647054,0.06111220807073221,-0.010368386227175222,0.04499392442285322,0.030292052507400517,0.8154069784103676
363,D,D d=10 LR=0.008 Est=5000 MCW=8,2023,0.6602197314800872,0.06271790702747046,0.055317164944306926,-0.029555830624617287,0.04893073337178178,0.04024850773811339,0.8585348222513186
363,D,D d=10 LR=0.008 Est=5000 MCW=8,2024,0.6297570737418707,0.0607280579177255,0.05700094054030123,-0.020947309967720134,0.0446553867204829,0.03357846117019653,0.8296391472153753
363,D,D d=10 LR=0.008 Est=5000 MCW=8,2025,0.6498016878697617,0.06197882498681905,0.061105636514163064,-0.010367059954483093,0.04498623166247021,0.030277336120605472,0.8154423501968181
364,D,D d=10 LR=0.01 Est=1500 MCW=8,2023,0.6595946355833866,0.06277557178208396,0.05558065487429599,-0.029181556081695457,0.04899362310933147,0.04051471674442292,0.8571028884129469
364,D,D d=10 LR=0.01 Est=1500 MCW=8,2024,0.6286569502642743,0.060818213330928135,0.05717894342853681,-0.020722536095885338,0.04486719120807319,0.03393859708309174,0.8285132431968851
364,D,D d=10 LR=0.01 Est=1500 MCW=8,2025,0.6471003860641291,0.062217406790838946,0.06147532414407237,-0.009580721480994103,0.045334246524931,0.030865390360355377,0.8129053339209155
365,D,D d=10 LR=0.01 Est=2000 MCW=8,2023,0.6593710552865713,0.06279618408518566,0.0556160192655717,-0.029158517391599092,0.049021056364427114,0.040536369085311885,0.8569173672382411
365,D,D d=10 LR=0.01 Est=2000 MCW=8,2024,0.6290824095633301,0.06078336268497895,0.057156328420151115,-0.02068263280015233,0.044836331227306445,0.03401957201957703,0.8286869807921791
365,D,D d=10 LR=0.01 Est=2000 MCW=8,2025,0.647198159122387,0.06220878733178713,0.06146352686954271,-0.009600420886929554,0.04530882751482357,0.0308347018957138,0.8129894182012338
366,D,D d=10 LR=0.01 Est=2500 MCW=8,2023,0.659184210331479,0.06281340449734443,0.05563740827324555,-0.029154803786741675,0.049043837895251415,0.0405318340063095,0.8568063961315218
366,D,D d=10 LR=0.01 Est=2500 MCW=8,2024,0.6292754844668074,0.060767540747984926,0.057156921301306285,-0.0206344457954683,0.044828742645159105,0.03405497479438779,0.828676422321869
366,D,D d=10 LR=0.01 Est=2500 MCW=8,2025,0.6473208197001468,0.06219797215416149,0.06145186342031888,-0.009605010406548875,0.04529729845643258,0.03090382343530654,0.8130418440424111
367,D,D d=10 LR=0.01 Est=3000 MCW=8,2023,0.6590640610888128,0.06282447546028555,0.05565435046506026,-0.029146320345820924,0.049061049779675285,0.04050824308395384,0.8567179956824514
367,D,D d=10 LR=0.01 Est=3000 MCW=8,2024,0.6294637828593059,0.06075210626349804,0.05714316061134266,-0.020627108606298704,0.04482203972988668,0.034069345712661736,0.8287590100459197
367,D,D d=10 LR=0.01 Est=3000 MCW=8,2025,0.6473683379122919,0.06219378189264177,0.061446054251808706,-0.009615036386361207,0.04529081302049687,0.030931921854615206,0.8130796487209047
368,D,D d=10 LR=0.01 Est=4000 MCW=8,2023,0.6589920834345964,0.06283110679364415,0.05566823970768161,-0.029134087756032854,0.04907611591031056,0.04054875975847244,0.8566401599725275
368,D,D d=10 LR=0.01 Est=4000 MCW=8,2024,0.6297211720913962,0.0607310021801328,0.05712857701512725,-0.020605346741055314,0.044807877258872086,0.03397131508588791,0.8288377201287483
368,D,D d=10 LR=0.01 Est=4000 MCW=8,2025,0.647400608629612,0.062190936028117386,0.06144226811788902,-0.009620821775616501,0.045284096707848664,0.030900452733039846,0.8130969859366262
369,D,D d=10 LR=0.01 Est=5000 MCW=8,2023,0.6589832547243482,0.0628319201384657,0.05567393434436528,-0.0291249587897724,0.04908447447697909,0.04051761579513552,0.8566099577474663
369,D,D d=10 LR=0.01 Est=5000 MCW=8,2024,0.6297170165870491,0.060731342960129504,0.05713169489159274,-0.020597705230693448,0.044807751017940434,0.034118592739105225,0.8287999593303323
369,D,D d=10 LR=0.01 Est=5000 MCW=8,2025,0.64740790019014,0.062190292987701214,0.06144303637581926,-0.009611754460786702,0.04528246060134269,0.03097764325141905,0.8130889084087045
370,E,E Gamma=0.001 (d9 LR0.005 MCW8),2023,0.6636654537068899,0.062399084551783106,0.05475640455456712,-0.02992293285458898,0.048509576419542885,0.04041641440987587,0.8616521676316548
370,E,E Gamma=0.001 (d9 LR0.005 MCW8),2024,0.6314871660741848,0.06058600500311438,0.056858020372224684,-0.020924376305682345,0.044321435159264684,0.033794463396072394,0.8305456447369522
370,E,E Gamma=0.001 (d9 LR0.005 MCW8),2025,0.6500688749374166,0.061955176814088055,0.06112178045665986,-0.010127778231733744,0.04510472738069353,0.030957247734069826,0.8152769975318718
371,E,E Gamma=0.005 (d9 LR0.005 MCW8),2023,0.6634148657936938,0.062422325615082874,0.054887530892290017,-0.0297305514237954,0.048498589200290244,0.04043694639205933,0.8609009150242223
371,E,E Gamma=0.005 (d9 LR0.005 MCW8),2024,0.6303440580093744,0.060679899598201865,0.05692697929858707,-0.021008789499756396,0.044317381578958336,0.03419630217552183,0.8298021095248862
371,E,E Gamma=0.005 (d9 LR0.005 MCW8),2025,0.6453201896556215,0.0623741367364023,0.06163866138422828,-0.009550306557135593,0.04541681154838817,0.03079528754949569,0.8117711235844359
372,E,E Gamma=0.01 (d9 LR0.005 MCW8),2023,0.6611586198288555,0.06263119533158028,0.05511986537254087,-0.0297399910857465,0.04869838814713403,0.04027369579672813,0.8598025741522766
372,E,E Gamma=0.01 (d9 LR0.005 MCW8),2024,0.6309418726191334,0.06063081340136874,0.05690171795839817,-0.020935377377427004,0.044121604356672915,0.033864544391632084,0.8300477842415072
372,E,E Gamma=0.01 (d9 LR0.005 MCW8),2025,0.6436389815836623,0.06252179094045264,0.06183301708153347,-0.009254855013148986,0.04553814980027387,0.03062367689609527,0.8106235581978821
373,E,E Gamma=0.02 (d9 LR0.005 MCW8),2023,0.657509587852718,0.06296753444924823,0.05542416423953254,-0.029884317194770704,0.04909197271289005,0.04070262768864631,0.8581111739871713
373,E,E Gamma=0.02 (d9 LR0.005 MCW8),2024,0.6324572629803427,0.06050620720246562,0.05691650507894993,-0.020530771043302917,0.044062433458743167,0.03435226768255234,0.8296918169828608
373,E,E Gamma=0.02 (d9 LR0.005 MCW8),2025,0.6444438084658334,0.06245114957036199,0.061790803026014376,-0.009057744932923915,0.045640578098541454,0.031477026343345635,0.8107298920163181
374,E,E Gamma=0.05 (d9 LR0.005 MCW8),2023,0.6467285282505537,0.06395091507514239,0.05616126683132128,-0.030588096477316397,0.04998412678277744,0.04137824273109436,0.8541426043868924
374,E,E Gamma=0.05 (d9 LR0.005 MCW8),2024,0.6384003937837353,0.06001502372937095,0.05641240825999419,-0.02048031421280685,0.04379389052727294,0.03324586677551272,0.8316251614962744
374,E,E Gamma=0.05 (d9 LR0.005 MCW8),2025,0.6414909947431082,0.06270993472673299,0.06204696752960205,-0.00909448959177928,0.04617504427247376,0.03171502611041069,0.8084307409293389
375,E,E Gamma=0.1 (d9 LR0.005 MCW8),2023,0.6422209843415861,0.06435761061527451,0.056499596561266636,-0.030817164591410408,0.050370658869991806,0.04129130429029465,0.8521444026978393
375,E,E Gamma=0.1 (d9 LR0.005 MCW8),2024,0.6419366052765412,0.0597208485925034,0.056176412313483005,-0.02026796634578652,0.04375255213701233,0.033289212107658395,0.8316946970210619
375,E,E Gamma=0.1 (d9 LR0.005 MCW8),2025,0.6359359307239324,0.06319390947898794,0.06261910979233196,-0.008503956806311328,0.047084144290873674,0.03263606774806975,0.8042033511093847
376,E,E Gamma=0.2 (d9 LR0.005 MCW8),2023,0.6330462504278243,0.06517756692411814,0.05735232412584397,-0.03096491804310633,0.051006643439525136,0.04097718596458433,0.8468206079944218
376,E,E Gamma=0.2 (d9 LR0.005 MCW8),2024,0.6428500843584105,0.05964462105135967,0.05650119159651059,-0.019107489803194197,0.0440320078849335,0.0324204620718956,0.8276711305049824
376,E,E Gamma=0.2 (d9 LR0.005 MCW8),2025,0.6256085344980031,0.06408395168099514,0.0636153046403093,-0.007736011705368015,0.048091148028452935,0.034733557701110834,0.796114711415395
377,E,E Gamma=0.5 (d9 LR0.005 MCW8),2023,0.6095810117543019,0.06722920028591202,0.059339458427121905,-0.03160053872829317,0.053006955621680514,0.043884619653224946,0.8341733818603082
377,E,E Gamma=0.5 (d9 LR0.005 MCW8),2024,0.6429392702233276,0.059637173493608274,0.05734475556503771,-0.0163759416783241,0.04489828000661089,0.0343109821677208,0.8192188305164683
377,E,E Gamma=0.5 (d9 LR0.005 MCW8),2025,0.6114477374643611,0.06528464326121335,0.06482581823918544,-0.007726444109999912,0.049753900769832514,0.03739701402187347,0.7854363611173745
378,E,E Bin=64 d=9 LR0.005 MCW8,2023,0.665145854357819,0.06226160607946751,0.054655793880728526,-0.029820325074567913,0.04838375595855638,0.03941152977943421,0.8621165839928768
378,E,E Bin=64 d=9 LR0.005 MCW8,2024,0.6258498477881401,0.06104765283914543,0.05754224660394366,-0.020388863856009225,0.0448772941331561,0.03488833212852477,0.8276522766213771
378,E,E Bin=64 d=9 LR0.005 MCW8,2025,0.6457015387145084,0.06234059561733308,0.0615399959517344,-0.009958853310166452,0.045329710095912044,0.03102107720077039,0.812840427370001
379,E,E Bin=64 d=10 LR0.005 MCW8,2023,0.6676583323624518,0.06202758560064529,0.05486478869674274,-0.028935727646684076,0.04818231683465668,0.03913129973411561,0.8607694652582252
379,E,E Bin=64 d=10 LR0.005 MCW8,2024,0.6267780978836734,0.06097187753837337,0.057440688002575256,-0.020448403549448806,0.04478820773989182,0.03471328914165497,0.8279166257678453
379,E,E Bin=64 d=10 LR0.005 MCW8,2025,0.6448621111224,0.06241440267870866,0.061639359345663024,-0.009805459738272824,0.04533916068967697,0.030642610549926758,0.8119606115964518
380,E,E Bin=128 d=9 LR0.005 MCW8,2023,0.6594420708216706,0.0627896377579551,0.05513761297005964,-0.030039677865175727,0.048778867772670376,0.04020754051208497,0.8597404670903109
380,E,E Bin=128 d=9 LR0.005 MCW8,2024,0.6289233915933091,0.06079639066135997,0.05734035625397462,-0.020206055282888838,0.04441298795246758,0.03349537491798399,0.8288953932468406
380,E,E Bin=128 d=9 LR0.005 MCW8,2025,0.6514815572548636,0.061829992901517465,0.06112078601993724,-0.009337962141217255,0.04470641900205596,0.030154179096221922,0.8156009451811518
381,E,E Bin=128 d=10 LR0.005 MCW8,2023,0.6598863141422473,0.06274867118910374,0.055417453402138196,-0.02943300177730554,0.048850241303250656,0.03990807831287385,0.8579182400723194
381,E,E Bin=128 d=10 LR0.005 MCW8,2024,0.625038869448392,0.061113778063609264,0.05756527425882766,-0.020521526936166462,0.044796940786153476,0.033991783916950236,0.8271562300212857
381,E,E Bin=128 d=10 LR0.005 MCW8,2025,0.6484300897921738,0.062100080513477,0.06135474133065842,-0.009592482142681305,0.0447686671785014,0.029764666125178328,0.8138548609225764
382,E,E Bin=256 d=9 LR0.005 MCW8,2023,0.664694917855339,0.06230351475127825,0.05462396991632656,-0.029965811537059753,0.04844483228951583,0.04073866176605223,0.8623079254512778
382,E,E Bin=256 d=9 LR0.005 MCW8,2024,0.6333585259878378,0.06043197709023926,0.05673502430684767,-0.020812517071669957,0.0442456137515464,0.03393895435333252,0.8313953836594633
382,E,E Bin=256 d=9 LR0.005 MCW8,2025,0.6502578272851909,0.0619384475836705,0.06108572241900851,-0.01024235355170418,0.04512297604012909,0.031107577681541446,0.8155128639865609
383,E,E Bin=256 d=10 LR0.005 MCW8,2023,0.6638886396652641,0.06237837762355916,0.05505776495473143,-0.029320718163069078,0.04858211710837636,0.04026090455055237,0.8599325325790612
383,E,E Bin=256 d=10 LR0.005 MCW8,2024,0.6295411977596279,0.060745759564159965,0.05690874587743232,-0.021247163355717424,0.04464137534912512,0.034071888685226454,0.8305846265896847
383,E,E Bin=256 d=10 LR0.005 MCW8,2025,0.645857605949933,0.06232686369757421,0.061467321263393285,-0.010315345648297362,0.045450134515827946,0.030928009986877437,0.8131881840271422
384,E,E Bin=512 d=9 LR0.005 MCW8,2023,0.6543529755988613,0.06325704358262925,0.05541331282678613,-0.030509315367286745,0.049289907867686306,0.04113143646717071,0.8582128062484813
384,E,E Bin=512 d=9 LR0.005 MCW8,2024,0.6372558269196054,0.06010993110112433,0.05649188415843275,-0.020539494780279745,0.044096707280595386,0.033710311174392715,0.8328469935957847
384,E,E Bin=512 d=9 LR0.005 MCW8,2025,0.6506875017531502,0.06190038876412717,0.06104519814326831,-0.01025387325809539,0.04500895264763251,0.03074581867456437,0.8156590707314266
385,E,E Bin=512 d=10 LR0.005 MCW8,2023,0.6552015508896679,0.06317934676127505,0.05569038391174437,-0.029836403876815874,0.04915831263468401,0.04057456505298615,0.8564814923803025
385,E,E Bin=512 d=10 LR0.005 MCW8,2024,0.6342206808410156,0.06036088258606492,0.056624702497146955,-0.02090643940756868,0.044388349674944684,0.033545524120330794,0.8317146587577126
385,E,E Bin=512 d=10 LR0.005 MCW8,2025,0.6451462501346925,0.0623894293994038,0.06152002511100115,-0.010379181659882594,0.0452382280563263,0.03007325667142867,0.8126328882077994
386,E,E Bin=1024 d=9 LR0.005 MCW8,2023,0.6554776663129167,0.06315404460870812,0.055321190978501286,-0.030463078957725157,0.04927063866665824,0.04129206371307376,0.8585947455757823
386,E,E Bin=1024 d=9 LR0.005 MCW8,2024,0.6371163665890898,0.06012148489841441,0.056392357941830284,-0.02084454154163399,0.044063229458993304,0.03353910160064698,0.8333803081586016
386,E,E Bin=1024 d=9 LR0.005 MCW8,2025,0.6528368523223942,0.06170965563984316,0.060833547063030124,-0.010361522429013507,0.04493077878877699,0.03053806746006013,0.8168717388482577
387,E,E Bin=1024 d=10 LR0.005 MCW8,2023,0.65496493054831,0.06320102167703064,0.05576562225021488,-0.029741629346384392,0.04928934065434431,0.04057797527313231,0.8560052420713145
387,E,E Bin=1024 d=10 LR0.005 MCW8,2024,0.629090242291944,0.060782720895387506,0.056923671746805085,-0.021312783714111026,0.044634957324464486,0.03414456248283387,0.8300150042680883
387,E,E Bin=1024 d=10 LR0.005 MCW8,2025,0.6497724211852377,0.06198141477203332,0.061054216667741794,-0.010680749225314612,0.045087353720515366,0.0301269593834877,0.8154750943953073
388,E,E Leaf=63 d=9 MCW=6 Bin=128,2023,0.6460574193581997,0.06401162994703677,0.05660534169543846,-0.029888527264473528,0.04970896534204738,0.04002969747781754,0.8541423152034682
388,E,E Leaf=63 d=9 MCW=6 Bin=128,2024,0.6354633637057288,0.060258261623833846,0.057004557835620306,-0.019533010049291533,0.04388617113120628,0.03251546645164488,0.8340553545128625
388,E,E Leaf=63 d=9 MCW=6 Bin=128,2025,0.6350552699536254,0.0632702954601129,0.06277023013556049,-0.00793904888650195,0.04665666457694516,0.0317447874546051,0.8066936525723941
389,E,E Leaf=63 d=9 MCW=6 Bin=256,2023,0.6503847620494018,0.06361911976456378,0.05632653879717589,-0.029575554557487952,0.04940567818196728,0.039568481624126434,0.8553590851723842
389,E,E Leaf=63 d=9 MCW=6 Bin=256,2024,0.6323233213823849,0.06051723117198815,0.057122712599357806,-0.0199832673011247,0.044069782879040356,0.032823709964752194,0.8330761626095414
389,E,E Leaf=63 d=9 MCW=6 Bin=256,2025,0.6386637930844332,0.06295671439751958,0.062372931907930564,-0.008553668943444807,0.04660848081248512,0.032104937970638264,0.8085765292069983
390,E,E Leaf=63 d=9 MCW=8 Bin=128,2023,0.6455487674131082,0.06405760908654987,0.05660995726888523,-0.029978159068309754,0.04977712495479508,0.040312801361083984,0.854167339848209
390,E,E Leaf=63 d=9 MCW=8 Bin=128,2024,0.6335119767374924,0.06041932944486652,0.05712218773697136,-0.01968631611620042,0.04407795573638047,0.032699525594711315,0.83349717069785
390,E,E Leaf=63 d=9 MCW=8 Bin=128,2025,0.6330104093872394,0.06344730610493107,0.06292711696650614,-0.008107934565387002,0.04683426411287953,0.032156193032860755,0.8058372698071012
391,E,E Leaf=63 d=9 MCW=8 Bin=256,2023,0.6505474382968335,0.06360431702899694,0.05634850952340854,-0.02950177318008709,0.0494387460634326,0.039963952898979194,0.8552367507873818
391,E,E Leaf=63 d=9 MCW=8 Bin=256,2024,0.6310774845149103,0.06061967285953782,0.05714599177197204,-0.02022573515283898,0.04410702137025278,0.0324444007873535,0.8329167051664537
391,E,E Leaf=63 d=9 MCW=8 Bin=256,2025,0.6354390795515932,0.0632370162635914,0.06266928812962955,-0.008454617110220454,0.0467854458946493,0.03245601165294647,0.8068072314505808
392,E,E Leaf=63 d=9 MCW=10 Bin=128,2023,0.6463101071561195,0.06398877617548238,0.05662295641409842,-0.02980611153324366,0.04966337079180334,0.03995309942960739,0.8541280128673374
392,E,E Leaf=63 d=9 MCW=10 Bin=128,2024,0.6324940059973201,0.06050318274307652,0.057226782805058184,-0.019640021653103114,0.04401288141054794,0.032597850203514106,0.8329259984273011
392,E,E Leaf=63 d=9 MCW=10 Bin=128,2025,0.6348604338018797,0.06328718253229931,0.0627725555611176,-0.008054423588823923,0.04673891023443557,0.031784677714109436,0.8067573182184291
393,E,E Leaf=63 d=9 MCW=10 Bin=256,2023,0.6532400345789928,0.06335880169676228,0.05613550164818007,-0.029379298985641032,0.049222976309162905,0.03951763534545899,0.8562911997931341
393,E,E Leaf=63 d=9 MCW=10 Bin=256,2024,0.6313179042523066,0.060599917300554175,0.057183473501425316,-0.020059918622339464,0.0440970913147894,0.03266671848297119,0.8326445208071275
393,E,E Leaf=63 d=9 MCW=10 Bin=256,2025,0.6390209091350406,0.06292559599506155,0.06235610944216195,-0.00844667079534122,0.04655633249951659,0.03227130329608917,0.8087105293728346
394,E,E Leaf=63 d=10 MCW=6 Bin=128,2023,0.6430439291764004,0.06428355197635485,0.05688529980145602,-0.029940569839080205,0.049979673824499554,0.040458553910255435,0.8526236323619425
394,E,E Leaf=63 d=10 MCW=6 Bin=128,2024,0.6316383541012248,0.060573575560491026,0.05713550330295513,-0.020116966097760706,0.04414039174385123,0.03301096999645234,0.8335228317397817
394,E,E Leaf=63 d=10 MCW=6 Bin=128,2025,0.635137255720329,0.06326318814409831,0.06269047633865477,-0.008493241490460662,0.046579809672921725,0.031839747190475456,0.8071360648126857
395,E,E Leaf=63 d=10 MCW=6 Bin=256,2023,0.6457996385292892,0.06403493594150797,0.05690232601798487,-0.029370024105545893,0.04976348897764504,0.03993669080734252,0.8523989038579638
395,E,E Leaf=63 d=10 MCW=6 Bin=256,2024,0.6304519309526916,0.06067104515243398,0.0571854296666071,-0.02026825971329102,0.044223256297249894,0.03305271995067596,0.8328080962578922
395,E,E Leaf=63 d=10 MCW=6 Bin=256,2025,0.6381527990326761,0.06300121469984436,0.062354244763762126,-0.00900562105060602,0.04659138860251662,0.03229136621952057,0.8088915837684268
396,E,E Leaf=63 d=10 MCW=8 Bin=128,2023,0.6439605572414101,0.06420096200359035,0.056756428553382914,-0.03000785460264209,0.04989044540070126,0.04028574872016907,0.8533406763050178
396,E,E Leaf=63 d=10 MCW=8 Bin=128,2024,0.6311286873033479,0.060615466008696134,0.05724182054475564,-0.0199401279498317,0.04416236967192429,0.03282163175940514,0.8328533712998004
396,E,E Leaf=63 d=10 MCW=8 Bin=128,2025,0.6352256845705333,0.06325552138436814,0.06267440520446495,-0.00855452583515174,0.046625925731635674,0.03193024909496307,0.8072399273983799
397,E,E Leaf=63 d=10 MCW=8 Bin=256,2023,0.6465052817442469,0.06397111846643644,0.05673770638903015,-0.029548886106859663,0.0497361427332102,0.040106522917747495,0.8532119600582423
397,E,E Leaf=63 d=10 MCW=8 Bin=256,2024,0.6302784429393178,0.060685284793925445,0.057109566876274956,-0.020523185969242512,0.044222871094575164,0.03290548366308212,0.8334387894750668
397,E,E Leaf=63 d=10 MCW=8 Bin=256,2025,0.6394844907722128,0.06288517741789906,0.06224061337407222,-0.008980622893457321,0.046633408290002225,0.03226574727892875,0.8093315736031556
398,E,E Leaf=63 d=10 MCW=10 Bin=128,2023,0.6455635181591337,0.06405627617066945,0.05671777990632912,-0.029770790336515467,0.049723130358172184,0.03990502142906188,0.8535752322525257
398,E,E Leaf=63 d=10 MCW=10 Bin=128,2024,0.6316379205997038,0.06057361120308535,0.057162080117093526,-0.020041431473115975,0.04405843009232884,0.03243413773179055,0.8332356920098462
398,E,E Leaf=63 d=10 MCW=10 Bin=128,2025,0.6372766241828269,0.06307744398223715,0.06250760252236467,-0.008459525157073385,0.04645681874220184,0.0316493947505951,0.8083573264187504
399,E,E Leaf=63 d=10 MCW=10 Bin=256,2023,0.646796452196421,0.06394476681854926,0.056733233910099476,-0.029500396145626488,0.04963339549101841,0.03975679898262024,0.8533587329354324
399,E,E Leaf=63 d=10 MCW=10 Bin=256,2024,0.6316657645001652,0.060571321828624174,0.05709014181862838,-0.020238595164695186,0.04411544635746095,0.03280141997337341,0.8335023634594659
399,E,E Leaf=63 d=10 MCW=10 Bin=256,2025,0.6374058377049153,0.06306620789264832,0.06244665854941285,-0.008818243170489636,0.04669807389419707,0.03236943358182906,0.808186958510207
400,E,E Leaf=127 d=9 MCW=6 Bin=128,2023,0.6610765703257411,0.06263877785795499,0.05524995391099906,-0.029513710101530394,0.048608012892785574,0.039668052434921275,0.8596603191360448
400,E,E Leaf=127 d=9 MCW=6 Bin=128,2024,0.6359123700375184,0.060221139596995495,0.05695989266154925,-0.019548817867158817,0.04371941723593287,0.03322532582283019,0.8322957169150206
400,E,E Leaf=127 d=9 MCW=6 Bin=128,2025,0.6524882374824469,0.06174063171530361,0.06111099020530299,-0.008795025964946843,0.0450176584488534,0.03072775554656982,0.8158766774926862
401,E,E Leaf=127 d=9 MCW=6 Bin=256,2023,0.6605219787678944,0.06269000585645289,0.05529909664972268,-0.029530437595671654,0.04880488160655908,0.04023784899711609,0.8592180493103991
401,E,E Leaf=127 d=9 MCW=6 Bin=256,2024,0.6338518348138976,0.060391308393053164,0.05705084128369147,-0.019806858265060644,0.043998713478345934,0.03400514638423921,0.8313179535889628
401,E,E Leaf=127 d=9 MCW=6 Bin=256,2025,0.6526283342601354,0.06172818532294164,0.0610017228092509,-0.009442387390658079,0.04522176005240318,0.031330539464950555,0.8164758032899617
402,E,E Leaf=127 d=9 MCW=8 Bin=128,2023,0.6602545550844503,0.06271469300984432,0.0553145226746171,-0.029553955763141883,0.04867377397566261,0.03929568076133727,0.8593368049772779
402,E,E Leaf=127 d=9 MCW=8 Bin=128,2024,0.6363609120629408,0.06018403309545328,0.05690727283693429,-0.019587754875364342,0.04372326608736522,0.03325773596763609,0.8327643228871329
402,E,E Leaf=127 d=9 MCW=8 Bin=128,2025,0.6527739830881525,0.06171524301740934,0.061055355302262554,-0.009000822913611503,0.04490544928543216,0.03045151263475418,0.8164881807688718
403,E,E Leaf=127 d=9 MCW=8 Bin=256,2023,0.6607167556334044,0.06267201895591278,0.055369527723276066,-0.029359791558980487,0.04876942155171421,0.04028953003883362,0.8588079468621057
403,E,E Leaf=127 d=9 MCW=8 Bin=256,2024,0.633825927104977,0.06039344492262253,0.05709217986221955,-0.019693937802228032,0.04409247574533732,0.03415009880065917,0.8310928227845334
403,E,E Leaf=127 d=9 MCW=8 Bin=256,2025,0.6525269368672514,0.061737193859026714,0.06108160829942887,-0.008973195458724317,0.045203764542155835,0.030924425721168505,0.8160676826549529
404,E,E Leaf=127 d=9 MCW=10 Bin=128,2023,0.660622716998124,0.06268070370959253,0.055321020330477325,-0.029469566098688612,0.04869199053016438,0.03972509884834291,0.8592964031439406
404,E,E Leaf=127 d=9 MCW=10 Bin=128,2024,0.6333130407060542,0.06043572554813933,0.05717836051192278,-0.019573247274352334,0.04393764255828453,0.03339384031295778,0.831274380674461
404,E,E Leaf=127 d=9 MCW=10 Bin=128,2025,0.6513857993459048,0.0618384864322344,0.06121291791038253,-0.008773658652368595,0.04502479425770602,0.030615052461624145,0.8155235514166116
405,E,E Leaf=127 d=9 MCW=10 Bin=256,2023,0.6607097474161238,0.06267266622757363,0.055372657771935715,-0.029355269732385152,0.04875082140426366,0.04017610335350037,0.8589182608389018
405,E,E Leaf=127 d=9 MCW=10 Bin=256,2024,0.6339220659361835,0.060385516266843665,0.05711049514809542,-0.019616368625237992,0.04404811082201374,0.03397176057100296,0.8310626126472362
405,E,E Leaf=127 d=9 MCW=10 Bin=256,2025,0.6534204693852663,0.061657763673336446,0.06096866424126505,-0.009192485987105136,0.04516949017666537,0.030807217717170723,0.8168146650206298
406,E,E Leaf=127 d=10 MCW=6 Bin=128,2023,0.6584051744239933,0.06288515288419269,0.05558190578747817,-0.02941418366519769,0.048855087878916334,0.03922563898563386,0.8580550962799186
406,E,E Leaf=127 d=10 MCW=6 Bin=128,2024,0.6338529667812414,0.060391215041442695,0.05705586746957982,-0.019792090286866793,0.04399238024976047,0.033327666521072385,0.832652156162547
406,E,E Leaf=127 d=10 MCW=6 Bin=128,2025,0.6514583311501381,0.06183205311668715,0.06120801483731414,-0.00876251753345072,0.04519655349025066,0.030248792603611945,0.8155146930554045
407,E,E Leaf=127 d=10 MCW=6 Bin=256,2023,0.6571828596501716,0.06299756210016783,0.05569350730735859,-0.029443608356317458,0.048946897718624566,0.04013324189186096,0.8572898281631941
407,E,E Leaf=127 d=10 MCW=6 Bin=256,2024,0.6345085627704585,0.060337124780708046,0.05687845343531635,-0.020134799733138486,0.044011832384763715,0.03367147827148437,0.8330051810440003
407,E,E Leaf=127 d=10 MCW=6 Bin=256,2025,0.6504530284821269,0.0619211603539231,0.06117945630412216,-0.00955532440237158,0.045463940030156226,0.03123315322399138,0.8156978291520934
408,E,E Leaf=127 d=10 MCW=8 Bin=128,2023,0.6566824549975844,0.06304352359681943,0.05570902452883428,-0.029512547390341648,0.04895129045389359,0.039624318003654485,0.8574637940539407
408,E,E Leaf=127 d=10 MCW=8 Bin=128,2024,0.6333911150815535,0.06042929126870838,0.05703246033970624,-0.019974927090944714,0.04403217050901114,0.03322346341609955,0.8328455058483301
408,E,E Leaf=127 d=10 MCW=8 Bin=128,2025,0.6510616268210264,0.061867231216858345,0.06120899262377407,-0.009000751127953451,0.04518497142786558,0.03051680544018746,0.815740660953419
409,E,E Leaf=127 d=10 MCW=8 Bin=256,2023,0.6565146084450317,0.06305893257494566,0.055840516446666634,-0.02929617208177164,0.04900049279466258,0.040082182228565216,0.8565822804517862
409,E,E Leaf=127 d=10 MCW=8 Bin=256,2024,0.6343911197139589,0.06034681804089906,0.056914491438669716,-0.02006188218628194,0.04397027692907357,0.033772330939769744,0.8329109198029019
409,E,E Leaf=127 d=10 MCW=8 Bin=256,2025,0.6496732024054064,0.06199019375636901,0.06129005992250381,-0.009290461489189565,0.04545334038960996,0.03098472410440445,0.815107692697634
410,E,E Leaf=127 d=10 MCW=10 Bin=128,2023,0.6560623857157033,0.06310042968576379,0.05579391677178512,-0.029473769324008903,0.048962546302038036,0.039511169731616974,0.8569610941478405
410,E,E Leaf=127 d=10 MCW=10 Bin=128,2024,0.6321418684327054,0.06053216232788826,0.05714739162732198,-0.019957913429250268,0.04402429965638795,0.03332800936698915,0.8321828579912798
410,E,E Leaf=127 d=10 MCW=10 Bin=128,2025,0.65152845920184,0.06182583236901078,0.06120654632047137,-0.008728816334987347,0.04508238675324522,0.030333507001399987,0.8158602155290395
411,E,E Leaf=127 d=10 MCW=10 Bin=256,2023,0.6563517573208126,0.06307387935493777,0.05580739322657957,-0.02939131026368544,0.04898648367719631,0.039852384328842166,0.856767916006301
411,E,E Leaf=127 d=10 MCW=10 Bin=256,2024,0.6337849208710118,0.06039682642692108,0.057000531506945826,-0.01996787546606521,0.04400238580684388,0.033696109652519235,0.8325446340800011
411,E,E Leaf=127 d=10 MCW=10 Bin=256,2025,0.6513627256534462,0.061840532847163246,0.061128481597586624,-0.009357362679475014,0.04538900915511829,0.031011816143989568,0.8161439925359454
412,E,E Leaf=255 d=9 MCW=6 Bin=128,2023,0.6591655946628906,0.06281511993657828,0.05505791268925265,-0.030238477840137473,0.04879851140729857,0.0404391976594925,0.8600721624987893
412,E,E Leaf=255 d=9 MCW=6 Bin=128,2024,0.6310291715304892,0.060623642014726,0.057184685272799136,-0.02012803354984204,0.04429316895974303,0.03333860492706299,0.8295660798813421
412,E,E Leaf=255 d=9 MCW=6 Bin=128,2025,0.6502851130110961,0.06193603142027981,0.0611985140833222,-0.009529630975265373,0.04489755088571098,0.030261649131774912,0.814974634599753
413,E,E Leaf=255 d=9 MCW=6 Bin=256,2023,0.6637350827321309,0.06239262519104794,0.05464966260830265,-0.030104053796854165,0.048476635229759896,0.04013165283203124,0.8621565443629372
413,E,E Leaf=255 d=9 MCW=6 Bin=256,2024,0.632585814438148,0.06049562497542304,0.056781611509579555,-0.020870295649310405,0.04426249396858655,0.03384960508346557,0.8311624962464762
413,E,E Leaf=255 d=9 MCW=6 Bin=256,2025,0.6516215783708872,0.06181757121404774,0.06095377417995135,-0.010298034776810456,0.04493484019625893,0.030302551507949832,0.816331655846509
414,E,E Leaf=255 d=9 MCW=8 Bin=128,2023,0.6596029163289308,0.0627748082340438,0.05512171440138391,-0.03003786194317559,0.04875716981978284,0.040122073799371716,0.8598336847206605
414,E,E Leaf=255 d=9 MCW=8 Bin=128,2024,0.629073812528189,0.060784067091686246,0.05731123876954195,-0.02025153623229214,0.044400620711042275,0.03370651376247405,0.829145752867921
414,E,E Leaf=255 d=9 MCW=8 Bin=128,2025,0.651745717883562,0.0618065563428042,0.06110244104859144,-0.009302800782561729,0.04468169056774498,0.029876558125019062,0.8157115900393772
415,E,E Leaf=255 d=9 MCW=8 Bin=256,2023,0.6632192552984701,0.06244046172276706,0.05475052846163829,-0.03001984164867917,0.0485765837650288,0.04080419486761093,0.8617024345040856
415,E,E Leaf=255 d=9 MCW=8 Bin=256,2024,0.6333246747795163,0.06043476680222535,0.05671248550979279,-0.020881930701251147,0.044314892352075294,0.03388985919952392,0.8315677927297548
415,E,E Leaf=255 d=9 MCW=8 Bin=256,2025,0.6513885789983394,0.06183823989918773,0.06097459702546879,-0.010298855855100576,0.04502796140269602,0.030994757860898975,0.8163039740226588
416,E,E Leaf=255 d=9 MCW=10 Bin=128,2023,0.6592558527628208,0.062806802189484,0.05515113964619443,-0.030050727027887008,0.04886785363464147,0.04019662034511566,0.8596490967390683
416,E,E Leaf=255 d=9 MCW=10 Bin=128,2024,0.6270551995864765,0.06094923879692695,0.05741363631481675,-0.020456883306120357,0.04452217369875685,0.0336249005794525,0.8286589817519477
416,E,E Leaf=255 d=9 MCW=10 Bin=128,2025,0.6522547875666675,0.06176136615800142,0.061021182126420145,-0.00953318838180722,0.04478390194549917,0.03015307727456092,0.8162408736225081
417,E,E Leaf=255 d=9 MCW=10 Bin=256,2023,0.6651158935443431,0.062264391421483004,0.054649760362038315,-0.029837193762270238,0.048453744584107346,0.04030663383007049,0.8622663239411462
417,E,E Leaf=255 d=9 MCW=10 Bin=256,2024,0.6313984386420182,0.06059329825943794,0.05682907031406977,-0.021023904573862114,0.044373220633461635,0.033835754156112674,0.8310059091572457
417,E,E Leaf=255 d=9 MCW=10 Bin=256,2025,0.6500586504114219,0.061956081931757376,0.0611381800480673,-0.01003389397864226,0.045126129993952636,0.030655426427721982,0.8153836809061186
418,E,E Leaf=255 d=10 MCW=6 Bin=128,2023,0.6602906008927101,0.06271136601636021,0.05549101661924744,-0.029214080569309034,0.04868869892103773,0.03954864466190339,0.8576919766783374
418,E,E Leaf=255 d=10 MCW=6 Bin=128,2024,0.6251860648445582,0.06110178142042116,0.05767246204944595,-0.020182042017545726,0.04457339702035278,0.033589685440063466,0.8271764015193245
418,E,E Leaf=255 d=10 MCW=6 Bin=128,2025,0.6480554548461567,0.062133158807641004,0.06137676331989579,-0.009665523617266652,0.04466074145097939,0.02936809277534483,0.8138272626704471
419,E,E Leaf=255 d=10 MCW=6 Bin=256,2023,0.6646405998584017,0.06230856099909576,0.05518538023133465,-0.02892975254506691,0.04847154121500828,0.04051283812522888,0.8592234724299055
419,E,E Leaf=255 d=10 MCW=6 Bin=256,2024,0.6300587847672777,0.060703309222256016,0.05706307268517294,-0.02070501115864788,0.044424620673408285,0.034040641069412236,0.8299728756626265
419,E,E Leaf=255 d=10 MCW=6 Bin=256,2025,0.6455473387247084,0.062354160273318755,0.0615367763955642,-0.01006312358536846,0.04525324911213188,0.03058299142122268,0.812769688406547
420,E,E Leaf=255 d=10 MCW=8 Bin=128,2023,0.6634035030068961,0.062423379264693546,0.05527160904027152,-0.02901254052908447,0.04844176300373161,0.03936276173591613,0.8588341269653864
420,E,E Leaf=255 d=10 MCW=8 Bin=128,2024,0.6255642908093006,0.06107094463559897,0.05763163764006195,-0.020205311485256755,0.04453846131414317,0.03381712901592254,0.8272622805260166
420,E,E Leaf=255 d=10 MCW=8 Bin=128,2025,0.6487636759403226,0.062070611775674855,0.06136627349610235,-0.009324233416345615,0.04466064798079127,0.02947365227341652,0.8138927161817567
421,E,E Leaf=255 d=10 MCW=8 Bin=256,2023,0.6652446084606183,0.06225242440660396,0.0551190459384235,-0.028935361048476674,0.0484190217767253,0.04000121402740479,0.859615343903465
421,E,E Leaf=255 d=10 MCW=8 Bin=256,2024,0.6302810712246536,0.060685069093049285,0.05701089222490952,-0.02079509021130697,0.04440719807456773,0.033538064241409316,0.8302992225789821
421,E,E Leaf=255 d=10 MCW=8 Bin=256,2025,0.6451288046839121,0.06239096298661167,0.061609837807132715,-0.009841755463855802,0.045341622523545885,0.03068636876344681,0.8124075517867849
422,E,E Leaf=255 d=10 MCW=10 Bin=128,2023,0.6613356805199437,0.06261482930833583,0.055359170890268906,-0.029257119579657313,0.04864317120243799,0.03985638546943665,0.8585173219907386
422,E,E Leaf=255 d=10 MCW=10 Bin=128,2024,0.6235783582902215,0.06123268453123163,0.05775381662387947,-0.020345474252651822,0.04476828804763221,0.033722975254058846,0.8267499622001933
422,E,E Leaf=255 d=10 MCW=10 Bin=128,2025,0.6483532559655838,0.06210686597209666,0.06141221594863518,-0.009262965507745692,0.04468903065892794,0.029647358447313307,0.8139090099873166
423,E,E Leaf=255 d=10 MCW=10 Bin=256,2023,0.6646607367362092,0.06230669029155923,0.05522881701188588,-0.028842701471752014,0.048392544023661915,0.04008045148849487,0.8592571039091401
423,E,E Leaf=255 d=10 MCW=10 Bin=256,2024,0.6303942420593058,0.06067578054298823,0.057025969780454544,-0.02072653168774391,0.04445730329651133,0.03364599585533143,0.8306490211353913
423,E,E Leaf=255 d=10 MCW=10 Bin=256,2025,0.643720750357319,0.0625146175640117,0.0617782838910505,-0.009566663439639859,0.045360812052726456,0.030705926269292822,0.8116267482567315
424,E,E Leaf=511 d=9 MCW=6 Bin=128,2023,0.6587500836895086,0.06285339720748831,0.05509394613567496,-0.030252382380312075,0.04885072418482935,0.040353353679180144,0.8599138440843357
424,E,E Leaf=511 d=9 MCW=6 Bin=128,2024,0.6307689864638166,0.06064501306278571,0.05715306628227458,-0.020281632711440758,0.04427581018084129,0.033387237310409545,0.8298843717508299
424,E,E Leaf=511 d=9 MCW=6 Bin=128,2025,0.6487406400813633,0.062072647195016484,0.06132763633330341,-0.009588250790784555,0.04492882282946638,0.030578664571046826,0.8142017315604528
425,E,E Leaf=511 d=9 MCW=6 Bin=256,2023,0.6639513782292488,0.06237255557625636,0.0546430829948795,-0.030074393910833035,0.04845070524490303,0.04027915811538696,0.8621536812278507
425,E,E Leaf=511 d=9 MCW=6 Bin=256,2024,0.6333506212619806,0.06043262853814003,0.05673190836305581,-0.020822900022209396,0.04424723279541451,0.03384186840057374,0.8312279112275768
425,E,E Leaf=511 d=9 MCW=6 Bin=256,2025,0.6531100493314779,0.06168536992358754,0.0608229049458399,-0.010279061187318172,0.04485631418250817,0.03072721588611603,0.8170223377045138
426,E,E Leaf=511 d=9 MCW=8 Bin=128,2023,0.6594420708216706,0.0627896377579551,0.05513761297005964,-0.030039677865175727,0.048778867772670376,0.04020754051208497,0.8597404670903109
426,E,E Leaf=511 d=9 MCW=8 Bin=128,2024,0.6289233915933091,0.06079639066135997,0.05734035625397462,-0.020206055282888838,0.04441298795246758,0.03349537491798399,0.8288953932468406
426,E,E Leaf=511 d=9 MCW=8 Bin=128,2025,0.6514815572548636,0.061829992901517465,0.06112078601993724,-0.009337962141217255,0.04470641900205596,0.030154179096221922,0.8156009451811518
427,E,E Leaf=511 d=9 MCW=8 Bin=256,2023,0.664694917855339,0.06230351475127825,0.05462396991632656,-0.029965811537059753,0.04844483228951583,0.04073866176605223,0.8623079254512778
427,E,E Leaf=511 d=9 MCW=8 Bin=256,2024,0.6333585259878378,0.06043197709023926,0.05673502430684767,-0.020812517071669957,0.0442456137515464,0.03393895435333252,0.8313953836594633
427,E,E Leaf=511 d=9 MCW=8 Bin=256,2025,0.6502578272851909,0.0619384475836705,0.06108572241900851,-0.01024235355170418,0.04512297604012909,0.031107577681541446,0.8155128639865609
428,E,E Leaf=511 d=9 MCW=10 Bin=128,2023,0.6596009024034946,0.06277499393421888,0.055116191433483314,-0.03004838274288803,0.04882684148768481,0.040241818904876714,0.8598648244058915
428,E,E Leaf=511 d=9 MCW=10 Bin=128,2024,0.6270713257772382,0.06094792105543314,0.057416274013314894,-0.02044555111122677,0.04451554141343021,0.03362830883264542,0.8287933326597936
428,E,E Leaf=511 d=9 MCW=10 Bin=128,2025,0.6504865064040001,0.061918195027979524,0.06121119371959053,-0.009330200215531667,0.044896298984991756,0.030424864292144777,0.8151224179572405
429,E,E Leaf=511 d=9 MCW=10 Bin=256,2023,0.6640356241374645,0.06236473682381785,0.05471157315343852,-0.02993332867646748,0.04854371637564299,0.04040925845503807,0.8619485615707203
429,E,E Leaf=511 d=9 MCW=10 Bin=256,2024,0.6314245328256614,0.06059115344942882,0.05684753062574268,-0.020967740342492755,0.04436164879643541,0.033804077744483935,0.8309046260400866
429,E,E Leaf=511 d=9 MCW=10 Bin=256,2025,0.6498910752544329,0.06197091449946073,0.06115658204340181,-0.010013326718386192,0.045132107715689845,0.03089404632151127,0.8152286653258558
430,E,E Leaf=511 d=10 MCW=6 Bin=128,2023,0.6587664566209446,0.06285188935846343,0.055504096534197515,-0.029489917984118055,0.048928283519639335,0.04008397430181503,0.8574293895003848
430,E,E Leaf=511 d=10 MCW=6 Bin=128,2024,0.6244520886445347,0.061161578182454164,0.057656065125934054,-0.02040874315408003,0.044784008195158535,0.03396922659873963,0.826371903303597
430,E,E Leaf=511 d=10 MCW=6 Bin=128,2025,0.648087808776787,0.06213030282061145,0.0613580367189996,-0.009765544333178293,0.04488864282609893,0.029972368657588955,0.8136068733465515
431,E,E Leaf=511 d=10 MCW=6 Bin=256,2023,0.6619409780123882,0.0625588482864915,0.055156827070328644,-0.029518365935980364,0.04878445835781463,0.04073663818836212,0.8592465110343178
431,E,E Leaf=511 d=10 MCW=6 Bin=256,2024,0.6295622177962117,0.060744036165776887,0.05697435785591204,-0.021065623100388346,0.0446303303234963,0.03400679677724838,0.8299161719326331
431,E,E Leaf=511 d=10 MCW=6 Bin=256,2025,0.64680029707551,0.06224385452618266,0.061405467073987884,-0.010181652101232489,0.04538765796723129,0.030549627304077148,0.8132487252482049
432,E,E Leaf=511 d=10 MCW=8 Bin=128,2023,0.6598863141422473,0.06274867118910374,0.055417453402138196,-0.02943300177730554,0.048850241303250656,0.03990807831287385,0.8579182400723194
432,E,E Leaf=511 d=10 MCW=8 Bin=128,2024,0.625038869448392,0.061113778063609264,0.05756527425882766,-0.020521526936166462,0.044796940786153476,0.033991783916950236,0.8271562300212857
432,E,E Leaf=511 d=10 MCW=8 Bin=128,2025,0.6484300897921738,0.062100080513477,0.06135474133065842,-0.009592482142681305,0.0447686671785014,0.029764666125178328,0.8138548609225764
433,E,E Leaf=511 d=10 MCW=8 Bin=256,2023,0.6638886396652641,0.06237837762355916,0.05505776495473143,-0.029320718163069078,0.04858211710837636,0.04026090455055237,0.8599325325790612
433,E,E Leaf=511 d=10 MCW=8 Bin=256,2024,0.6295411977596279,0.060745759564159965,0.05690874587743232,-0.021247163355717424,0.04464137534912512,0.034071888685226454,0.8305846265896847
433,E,E Leaf=511 d=10 MCW=8 Bin=256,2025,0.645857605949933,0.06232686369757421,0.061467321263393285,-0.010315345648297362,0.045450134515827946,0.030928009986877437,0.8131881840271422
434,E,E Leaf=511 d=10 MCW=10 Bin=128,2023,0.6596183111732588,0.06277338868702971,0.05543292943611661,-0.02945655551649514,0.04890285432496616,0.03976647460460664,0.8579227192823309
434,E,E Leaf=511 d=10 MCW=10 Bin=128,2024,0.6238208184555496,0.06121296080036141,0.057636244462060976,-0.020617708307401724,0.044854070425452926,0.03385255539417267,0.8271246650864782
434,E,E Leaf=511 d=10 MCW=10 Bin=128,2025,0.6478091274254298,0.06215489862982689,0.06143668419222222,-0.009421531757066923,0.04478913427619122,0.02971194273233413,0.8135320372692563
435,E,E Leaf=511 d=10 MCW=10 Bin=256,2023,0.663645135065864,0.0624009693499184,0.055216850899377924,-0.029068545724936272,0.04856491578179804,0.039916924238204976,0.8591827125161638
435,E,E Leaf=511 d=10 MCW=10 Bin=256,2024,0.6292215563690424,0.060771960416193094,0.057009541392550135,-0.02105097065027297,0.04463964804182104,0.03361844411492347,0.8302797123147915
435,E,E Leaf=511 d=10 MCW=10 Bin=256,2025,0.6457251353627045,0.06233851960832134,0.061566416648940116,-0.009780969821897932,0.04532353604565545,0.03060039582848549,0.8127901276843413
436,E,E d=11 LR=0.003 MCW=5 Est=3000,2023,0.6633066390058081,0.06243236055739912,0.05503119756791902,-0.029485029032977388,0.048503128404988535,0.03915516936779023,0.8597316471866997
436,E,E d=11 LR=0.003 MCW=5 Est=3000,2024,0.6262160072287597,0.061017773596941646,0.05736357711449197,-0.02079876719911258,0.04492018470504546,0.03451514959335328,0.8267209369145121
436,E,E d=11 LR=0.003 MCW=5 Est=3000,2025,0.6451386015121541,0.06239010177587536,0.06159873060636111,-0.009905614083688003,0.04537069062411403,0.030683984041213988,0.8114599071953844
437,E,E d=11 LR=0.003 MCW=6 Est=3000,2023,0.6626241533164633,0.062495604486376456,0.05506637643835644,-0.029553253037203072,0.04848645741743742,0.03896678203344345,0.859617980809197
437,E,E d=11 LR=0.003 MCW=6 Est=3000,2024,0.6268397308158009,0.06096684295878003,0.05736801381531698,-0.020636543627117136,0.044866261452307786,0.03428029298782348,0.8269626990055966
437,E,E d=11 LR=0.003 MCW=6 Est=3000,2025,0.6451007089687021,0.06239343273346196,0.06161010357846269,-0.009855738548283054,0.045357037750856456,0.030561690658330906,0.8117169629097205
438,E,E d=11 LR=0.003 MCW=8 Est=3000,2023,0.6634926600642115,0.06241511142256613,0.05506772638852529,-0.02938012332491506,0.04848659306765284,0.03945771098136902,0.8596761295418368
438,E,E d=11 LR=0.003 MCW=8 Est=3000,2024,0.6274423625899264,0.06091759414370402,0.05723564701037701,-0.020857468397254414,0.044882071243056404,0.03401828780770302,0.8280259436875398
438,E,E d=11 LR=0.003 MCW=8 Est=3000,2025,0.6440517236438434,0.062485573666639656,0.06171143864849049,-0.009805368795257216,0.045423406021912596,0.030446577072143557,0.8113542375793883
439,E,E d=11 LR=0.003 MCW=10 Est=3000,2023,0.6640984975315206,0.06235890098760537,0.05505024436591685,-0.02929339732325087,0.04842328896247212,0.03935647246241569,0.8599614027829671
439,E,E d=11 LR=0.003 MCW=10 Est=3000,2024,0.6293334144741444,0.06076279274580926,0.05713554617085817,-0.020679611635586497,0.04486052667034351,0.034012214660644524,0.8291692068758172
439,E,E d=11 LR=0.003 MCW=10 Est=3000,2025,0.6442443393434163,0.062468664845952614,0.06172283237617001,-0.009624242803799185,0.045338786705630456,0.030615671277046203,0.8116046706932198
440,E,E d=11 LR=0.003 MCW=12 Est=3000,2023,0.6636217162721785,0.062403141653850046,0.05510316195139665,-0.029288114168302366,0.04845185645489402,0.03934689521789553,0.8596615388417624
440,E,E d=11 LR=0.003 MCW=12 Est=3000,2024,0.6291117522195881,0.06078095840349142,0.057177619975308173,-0.02061661173657255,0.044850148280331376,0.03418282997608185,0.8290386782755959
440,E,E d=11 LR=0.003 MCW=12 Est=3000,2025,0.6466405198485555,0.06225793158502396,0.061497358679023555,-0.009701799845473586,0.04520786750458592,0.030759088337421414,0.8130012218066689
441,E,E d=11 LR=0.004 MCW=5 Est=2800,2023,0.6621639561530324,0.06253821349242031,0.05507798353690681,-0.029621679187594004,0.04861740981750383,0.03959342733025551,0.8594863402118528
441,E,E d=11 LR=0.004 MCW=5 Est=2800,2024,0.625692837392997,0.061060460679342225,0.05733323030903635,-0.021006678968525025,0.04491917618729834,0.03426111268997195,0.8270496610786485
441,E,E d=11 LR=0.004 MCW=5 Est=2800,2025,0.6485460393225615,0.062089839209045546,0.06120120398347706,-0.01046712777712304,0.04516822599500322,0.030733121097087854,0.813993125016858
442,E,E d=11 LR=0.004 MCW=6 Est=2800,2023,0.6623212392201765,0.06252365414134754,0.05503508838753289,-0.02967063151908141,0.048607272405333087,0.03979872938990593,0.859752301066385
442,E,E d=11 LR=0.004 MCW=6 Est=2800,2024,0.6253906741074091,0.061085101548164995,0.05734913501618043,-0.021034883941353073,0.044899687998866476,0.03457587027549744,0.8270945077185031
442,E,E d=11 LR=0.004 MCW=6 Est=2800,2025,0.6476949558864743,0.06216497235115702,0.06131023181190138,-0.01027323053235574,0.045221485682601356,0.030560813903808576,0.8135167314657757
443,E,E d=11 LR=0.004 MCW=8 Est=2800,2023,0.6633944424284087,0.062424219422161316,0.05502435669521431,-0.029480558695703023,0.048508919650740494,0.03974575853347778,0.8599427633600412
443,E,E d=11 LR=0.004 MCW=8 Est=2800,2024,0.6283313824046628,0.060844868087948825,0.05714815621359365,-0.020885071576656648,0.04473984854999331,0.03386523222923277,0.828713406519416
443,E,E d=11 LR=0.004 MCW=8 Est=2800,2025,0.6458147715445015,0.062330632878376736,0.06146692348063387,-0.010340460009747641,0.04534444593513508,0.03066948080062866,0.8128975599689866
444,E,E d=11 LR=0.004 MCW=10 Est=2800,2023,0.6630524718088033,0.06245592096331579,0.055117274783257966,-0.02937393541822109,0.0485743194460746,0.039912859320640565,0.8595707830871077
444,E,E d=11 LR=0.004 MCW=10 Est=2800,2024,0.627980479753479,0.06087358397551714,0.057169868957471025,-0.020909311634980717,0.044902118982523824,0.034036050558090225,0.828971650034086
444,E,E d=11 LR=0.004 MCW=10 Est=2800,2025,0.6465338801891296,0.062267325225444224,0.061447949994473575,-0.010068228742282229,0.04529860092425127,0.03091696089506149,0.8133337964975826
445,E,E d=11 LR=0.004 MCW=12 Est=2800,2023,0.6625001424921395,0.06250708933250276,0.05513404593224027,-0.02945120024245015,0.048552566060136464,0.04011108124256134,0.8595439413518718
445,E,E d=11 LR=0.004 MCW=12 Est=2800,2024,0.6299475528193226,0.060712434509707786,0.057011159607966114,-0.020874084099779353,0.04467731764537097,0.03356878352165221,0.8300303726546857
445,E,E d=11 LR=0.004 MCW=12 Est=2800,2025,0.6497421526021203,0.06198409310061809,0.06112349374649325,-0.01029302212543147,0.04505326829488882,0.030669228971004492,0.8155442548425264
446,E,E d=11 LR=0.005 MCW=5 Est=2500,2023,0.6623443513292769,0.0625215144180204,0.05509166927731677,-0.029560915768364778,0.048701457576705146,0.03998131060600281,0.8593596864350695
446,E,E d=11 LR=0.005 MCW=5 Est=2500,2024,0.6264874230735569,0.06099561614989206,0.05722868950037127,-0.021103134686482918,0.04486231312810479,0.03494098490476608,0.8276543662694312
446,E,E d=11 LR=0.005 MCW=5 Est=2500,2025,0.6475243737198213,0.06218002032243688,0.06132440158934788,-0.010279722620961995,0.0451886190918861,0.030558686316013335,0.8133150218307134
447,E,E d=11 LR=0.005 MCW=6 Est=2500,2023,0.662212929949666,0.06253368045811392,0.0550724920402862,-0.02962231944443878,0.04867893608367575,0.04036149144172668,0.8595271551622305
447,E,E d=11 LR=0.005 MCW=6 Est=2500,2024,0.6281567912043085,0.060859157337578566,0.05711559011908764,-0.021015384805761934,0.04474109683348551,0.03467577075958252,0.8285140310608191
447,E,E d=11 LR=0.005 MCW=6 Est=2500,2025,0.6465323887704231,0.06226745659101292,0.061420999687579705,-0.010232152708435504,0.04524780406153875,0.03024095809459687,0.8129486348583604
448,E,E d=11 LR=0.005 MCW=8 Est=2500,2023,0.6634037074566181,0.062423360306616764,0.05508949601401648,-0.029356827835336684,0.048540669041149474,0.039815384984016405,0.859513793364776
448,E,E d=11 LR=0.005 MCW=8 Est=2500,2024,0.6268025927533066,0.060969876687554034,0.057198472903896375,-0.021110674101612728,0.044894270374217775,0.03422214841842652,0.8282846529607779
448,E,E d=11 LR=0.005 MCW=8 Est=2500,2025,0.6441545120475036,0.06247655092858254,0.06163819267424129,-0.010200618672623835,0.04548477983713341,0.030787862896919246,0.8118099076473205
449,E,E d=11 LR=0.005 MCW=10 Est=2500,2023,0.6638011546270195,0.062386495200552755,0.055156547045306425,-0.02915184560726656,0.04850469686634108,0.039458691000938406,0.8593049235313993
449,E,E d=11 LR=0.005 MCW=10 Est=2500,2024,0.6256976224693073,0.0610600703850507,0.05733303789785842,-0.02100606970367033,0.04499104892766758,0.03402257797122002,0.8277903679583509
449,E,E d=11 LR=0.005 MCW=10 Est=2500,2025,0.6458452004285407,0.062327955335405215,0.06156599180421523,-0.009716103577030427,0.045297525792281995,0.030640371948480613,0.812554531461904
450,E,E d=11 LR=0.005 MCW=12 Est=2500,2023,0.6640522436051224,0.062363194277019134,0.05513544370398856,-0.02914190877196008,0.04846443165861909,0.03959254348278046,0.8595263706380158
450,E,E d=11 LR=0.005 MCW=12 Est=2500,2024,0.6282114433413384,0.060854684746509964,0.0571715378690901,-0.0208496501303859,0.04481811230249172,0.034199722290039064,0.8292438534173482
450,E,E d=11 LR=0.005 MCW=12 Est=2500,2025,0.6484339679068136,0.06209973800422275,0.06130600891452733,-0.009897006159563293,0.045084861435738796,0.030654233813285824,0.8143952498594828
451,E,E d=11 LR=0.006 MCW=5 Est=2300,2023,0.66391762119858,0.06237568824703906,0.05509871496041777,-0.02923795638738389,0.04858383098623903,0.03962582504749296,0.8593288868787176
451,E,E d=11 LR=0.006 MCW=5 Est=2300,2024,0.6254571338003243,0.061079682733303296,0.057384746906381845,-0.020921722332985972,0.044960854827080586,0.03471348774433136,0.8269512305163909
451,E,E d=11 LR=0.006 MCW=5 Est=2300,2025,0.6448071218318896,0.06241923459186384,0.06161204667879443,-0.01000582569761215,0.045494503533236495,0.03097943639755249,0.811486494767334
452,E,E d=11 LR=0.006 MCW=6 Est=2300,2023,0.6648791698178732,0.0622863943392586,0.05503613224693156,-0.02916537446620981,0.04848197685307824,0.03942630863189697,0.8596927748379388
452,E,E d=11 LR=0.006 MCW=6 Est=2300,2024,0.6273877234875271,0.060922061050701345,0.05721504350954887,-0.020926928066396278,0.04482067144899217,0.03469530320167541,0.8281024560724651
452,E,E d=11 LR=0.006 MCW=6 Est=2300,2025,0.6445112982937036,0.06244522221279823,0.06165940251151715,-0.009875416990885549,0.04543773590309846,0.030739124536514298,0.8113606926662049
453,E,E d=11 LR=0.006 MCW=8 Est=2300,2023,0.6653579330121654,0.06224188637582647,0.055172155931415987,-0.028811206660714586,0.04841189882313156,0.03959500402212143,0.8591273458102727
453,E,E d=11 LR=0.006 MCW=8 Est=2300,2024,0.6263486141073884,0.06100694903727181,0.05726973571562931,-0.021024395374008784,0.04489884913041544,0.03425174951553345,0.8282545289237854
453,E,E d=11 LR=0.006 MCW=8 Est=2300,2025,0.6424435928346339,0.06262656569238796,0.06184146608756151,-0.009885332823348482,0.0455705211345342,0.03064704188704491,0.8105159266288101
454,E,E d=11 LR=0.006 MCW=10 Est=2300,2023,0.6663501796563829,0.06214954121425956,0.05501732456141801,-0.028907775248380688,0.04833449254627404,0.039262882322072985,0.8600562492838297
454,E,E d=11 LR=0.006 MCW=10 Est=2300,2024,0.6271374470842095,0.06094251769666453,0.05720101987605965,-0.021024599559707577,0.04487087889356871,0.03392423534393313,0.8289716880423367
454,E,E d=11 LR=0.006 MCW=10 Est=2300,2025,0.6421890384970884,0.0626488545218828,0.06191827583795271,-0.0095397114180613,0.04548077008625368,0.030718210577964783,0.810352261065607
455,E,E d=11 LR=0.006 MCW=12 Est=2300,2023,0.6670957495956855,0.06208006306420617,0.0549438091296543,-0.02889830564726502,0.04827787318296769,0.03936016809940338,0.8605132546124895
455,E,E d=11 LR=0.006 MCW=12 Est=2300,2024,0.6287079260790365,0.060814038802304564,0.05717832998391735,-0.02071197464592281,0.04477339334149768,0.03378231453895569,0.8293968057693297
455,E,E d=11 LR=0.006 MCW=12 Est=2300,2025,0.6452397376851868,0.062381210493528495,0.061646419468779814,-0.009546433233151179,0.045293006630478694,0.030741771757602683,0.8121033985083537
456,E,E d=11 LR=0.008 MCW=5 Est=2000,2023,0.6623638171081442,0.0625197122158067,0.055285727150148484,-0.029192512532196502,0.04875118102530243,0.03975641977787017,0.8584219239328981
456,E,E d=11 LR=0.008 MCW=5 Est=2000,2024,0.6292816729968144,0.06076703354748559,0.05706118046183119,-0.020896268793215263,0.04475981123067336,0.03428856122493745,0.8283620288384678
456,E,E d=11 LR=0.008 MCW=5 Est=2000,2025,0.6435532291311041,0.06252931291134745,0.06177423057194872,-0.009688106557463194,0.04545456759008266,0.030307366073131545,0.8103327349745918
457,E,E d=11 LR=0.008 MCW=6 Est=2000,2023,0.6621649352547421,0.06253812286959123,0.05526702814895182,-0.029267258357926224,0.048783883067154275,0.03977852284908295,0.8585963751515812
457,E,E d=11 LR=0.008 MCW=6 Est=2000,2024,0.6308778705624993,0.06063607047097494,0.05687568582638671,-0.021021165544937357,0.04468396496997213,0.034081780433654785,0.8297549046989522
457,E,E d=11 LR=0.008 MCW=6 Est=2000,2025,0.6400880817725085,0.06283251279352882,0.06205969979981011,-0.009824374081780185,0.0457090084801038,0.03051078744232654,0.8087563624617794
458,E,E d=11 LR=0.008 MCW=8 Est=2000,2023,0.664002277045314,0.06236783184098573,0.05509586378441524,-0.02922656742564886,0.04856532242399323,0.0392760854959488,0.8595410135587881
458,E,E d=11 LR=0.008 MCW=8 Est=2000,2024,0.6324528083317517,0.060506573871490506,0.056777140374508525,-0.02091415341217506,0.04456199403402616,0.03366008019447328,0.8306525567868389
458,E,E d=11 LR=0.008 MCW=8 Est=2000,2025,0.6396854831841586,0.06286764529331781,0.06211450269300896,-0.009702029745694729,0.045739084992196866,0.030666944622993478,0.8086938971835502
459,E,E d=11 LR=0.008 MCW=10 Est=2000,2023,0.6645325914268453,0.06231859397888346,0.05519351351551796,-0.028935846647086812,0.04849967982353081,0.039094095468521106,0.859120399598133
459,E,E d=11 LR=0.008 MCW=10 Est=2000,2024,0.6313273702456186,0.06059913933750605,0.05684846817956725,-0.02098826711853358,0.04469674610540742,0.03365209460258484,0.830635467228048
459,E,E d=11 LR=0.008 MCW=10 Est=2000,2025,0.6426135347807858,0.06261168112432007,0.06184699794229557,-0.009755585704616203,0.045672618657255096,0.0307234942317009,0.8105820229840642
460,E,E d=11 LR=0.008 MCW=12 Est=2000,2023,0.6630284037358488,0.06245815152845459,0.05524777475510402,-0.029132526086374483,0.04870320726206045,0.03951692712306976,0.8589912370289727
460,E,E d=11 LR=0.008 MCW=12 Est=2000,2024,0.6309974253570205,0.060626249981415525,0.05686733823680542,-0.021015423454308534,0.044618172572830975,0.0342451006770134,0.8308947876326688
460,E,E d=11 LR=0.008 MCW=12 Est=2000,2025,0.642352263795245,0.06263456339398471,0.06192586777816508,-0.009395500640522797,0.04559832733411124,0.03078410679101944,0.8103909154340111
461,E,E d=11 LR=0.01 MCW=5 Est=1500,2023,0.6620426763915377,0.06254943778180015,0.055356145885830696,-0.029122659219624994,0.04870712694659179,0.03952785557508469,0.8581058926698018
461,E,E d=11 LR=0.01 MCW=5 Est=1500,2024,0.6254463326642912,0.06108056344051377,0.057463227684141235,-0.020707793120739178,0.04504148939233315,0.03463295710086822,0.8261663686729479
461,E,E d=11 LR=0.01 MCW=5 Est=1500,2025,0.6427324362298839,0.06260126489476939,0.061833070063795,-0.009777003990514597,0.04553518497549576,0.030537996888160696,0.8100606324640272
462,E,E d=11 LR=0.01 MCW=6 Est=1500,2023,0.6648679517160576,0.06228743684274256,0.05522176093946085,-0.02881461275007654,0.04846597154354373,0.03944061124324799,0.8588723346936998
462,E,E d=11 LR=0.01 MCW=6 Est=1500,2024,0.6268949698164739,0.06096233032386324,0.0573313542613433,-0.020724901410406452,0.04496054516211844,0.03472022223472593,0.8273097591596762
462,E,E d=11 LR=0.01 MCW=6 Est=1500,2025,0.6437747943474362,0.06250987596383495,0.06174255882459173,-0.00976427293917219,0.04535116505562615,0.03027764445543289,0.8109920871909959
463,E,E d=11 LR=0.01 MCW=8 Est=1500,2023,0.6625367230987306,0.06250370176187935,0.05543512757767184,-0.028873159934055804,0.04868361981554018,0.03957696634531021,0.8578803291060793
463,E,E d=11 LR=0.01 MCW=8 Est=1500,2024,0.6276285003249917,0.06090237437832534,0.057289635168793956,-0.02066390341711399,0.044996719821963516,0.034391264438629165,0.8279826185913552
463,E,E d=11 LR=0.01 MCW=8 Est=1500,2025,0.640916153755303,0.06276018981340971,0.06204915029593405,-0.009420423260998064,0.04543978932657964,0.030146084010601065,0.8095040215381238
464,E,E d=11 LR=0.01 MCW=10 Est=1500,2023,0.6615380707108548,0.06259611679505041,0.05559872419667918,-0.028758576244364786,0.0487207987209612,0.03944122177362442,0.8570085765658635
464,E,E d=11 LR=0.01 MCW=10 Est=1500,2024,0.6250408091016424,0.061113619994303,0.05741472284156392,-0.020938580443260007,0.04508647318399768,0.03446644246578218,0.827656285519073
464,E,E d=11 LR=0.01 MCW=10 Est=1500,2025,0.6414650083035036,0.0627122074428686,0.06193965411922248,-0.009813266886417581,0.045411783598339535,0.030248407840728755,0.8103096740294402
465,E,E d=11 LR=0.01 MCW=12 Est=1500,2023,0.6632069686277153,0.062441600710684136,0.05541393763263041,-0.02877931575103855,0.04858208012886385,0.03912071374058723,0.8581885232993176
465,E,E d=11 LR=0.01 MCW=12 Est=1500,2024,0.6289501162463271,0.06079420136720487,0.05708240825279292,-0.02091730362344158,0.04486941063139608,0.03435516518354416,0.8299391011732241
465,E,E d=11 LR=0.01 MCW=12 Est=1500,2025,0.6410993899555497,0.0627441748822547,0.062008823459725394,-0.009577958945220734,0.04547529487868098,0.030473084181547164,0.8102266991307381
466,E,E L2=0.25 MCW=6 (d9 LR0.005),2023,0.6676264247530073,0.062030563115455045,0.054520395568723144,-0.029585760529387512,0.04816520462297005,0.04000656449794769,0.8630516236532751
466,E,E L2=0.25 MCW=6 (d9 LR0.005),2024,0.6316091802224537,0.06057597419669778,0.05690067904970101,-0.020778868397771075,0.04431850799774738,0.03366050148010252,0.8308556038184468
466,E,E L2=0.25 MCW=6 (d9 LR0.005),2025,0.6488031770989917,0.062067121347925226,0.06124496243181903,-0.010068869333389139,0.04499779719076723,0.03042850893735885,0.8150243344299506
467,E,E L2=0.25 MCW=8 (d9 LR0.005),2023,0.6668282323888926,0.06210500139107103,0.05458988554896256,-0.02961377369229695,0.04819848701104448,0.04011956703662872,0.8627920802372561
467,E,E L2=0.25 MCW=8 (d9 LR0.005),2024,0.6319393995382174,0.06054881846920011,0.056761177565805475,-0.021079092376503582,0.044340123609046725,0.03377942943572998,0.8317537410711193
467,E,E L2=0.25 MCW=8 (d9 LR0.005),2025,0.6480558900278497,0.06213312039360395,0.06132138269855236,-0.010010628072907318,0.04505794252192466,0.030513143897056588,0.8145758143082745
468,E,E L2=0.25 MCW=10 (d9 LR0.005),2023,0.6660492757376302,0.06217755985064315,0.0546697733486931,-0.0296186567984435,0.04839981896713204,0.04020598232746124,0.8623553817155674
468,E,E L2=0.25 MCW=10 (d9 LR0.005),2024,0.6304600754049015,0.06067037658561991,0.05688043431297444,-0.021107126479188703,0.04449553573412239,0.03377463841438294,0.831027074939156
468,E,E L2=0.25 MCW=10 (d9 LR0.005),2025,0.6488991498403573,0.06205864012257378,0.06123914669965508,-0.010051951263043236,0.0451388544565957,0.03098523437976837,0.8151119140969284
469,E,E L2=0.5 MCW=6 (d9 LR0.005),2023,0.6649471669523943,0.062280074960076544,0.05456386278416188,-0.03002653178435784,0.0483629752731074,0.040011474370956424,0.8628119253749844
469,E,E L2=0.5 MCW=6 (d9 LR0.005),2024,0.6316666204666856,0.06057125144818067,0.056814446506689514,-0.020999885043312197,0.044294287728918295,0.033734722137451156,0.8310935034018898
469,E,E L2=0.5 MCW=6 (d9 LR0.005),2025,0.6508165925938783,0.0618889498495953,0.06101282490628631,-0.010376767827610999,0.04482401963818469,0.03032703161239625,0.8162658279646058
470,E,E L2=0.5 MCW=8 (d9 LR0.005),2023,0.6662657066474118,0.06215740818462812,0.05455845140166944,-0.029781181486150114,0.04827853254319774,0.04038568222522736,0.8628717293664466
470,E,E L2=0.5 MCW=8 (d9 LR0.005),2024,0.6308385859099435,0.06063929705019493,0.056883506149766935,-0.021009309405892813,0.04442386909342437,0.03382295203208924,0.83090062883579
470,E,E L2=0.5 MCW=8 (d9 LR0.005),2025,0.6498975732492567,0.06197033940907934,0.061125045350734535,-0.010200578214151795,0.04502653176058308,0.03042963963747025,0.8156055115405226
471,E,E L2=0.5 MCW=10 (d9 LR0.005),2023,0.6658924513836761,0.06219215752994761,0.05466260492167108,-0.02966250293138717,0.04839124580214199,0.04061019325256348,0.8624124733017281
471,E,E L2=0.5 MCW=10 (d9 LR0.005),2024,0.6303291465333246,0.06068112346293939,0.05693397478675537,-0.020993362329835934,0.04444851699582505,0.033654600143432634,0.8305965037689184
471,E,E L2=0.5 MCW=10 (d9 LR0.005),2025,0.6494832396166526,0.06200699840027578,0.0611985191286843,-0.00998043618701082,0.045062575872062895,0.03067640256881715,0.8152136637276464
472,E,E L2=1.0 MCW=6 (d9 LR0.005),2023,0.6646022758397027,0.06231212112927034,0.054524507020992985,-0.03016419361334386,0.04844859011123865,0.04020459300279618,0.8628833840572051
472,E,E L2=1.0 MCW=6 (d9 LR0.005),2024,0.6328837352910454,0.06047109331077056,0.056740124651222835,-0.02091199136126297,0.04427399533321806,0.03378664886951446,0.8314875870810017
472,E,E L2=1.0 MCW=6 (d9 LR0.005),2025,0.6520404238102756,0.061780399286688825,0.06090813022551145,-0.01034492201646797,0.04488546667372088,0.030466651454567915,0.8168064977940974
473,E,E L2=1.0 MCW=8 (d9 LR0.005),2023,0.6641695887549385,0.0623523017239568,0.05469497020668229,-0.02993776484611133,0.04846438645972533,0.04047707223892211,0.862096135872488
473,E,E L2=1.0 MCW=8 (d9 LR0.005),2024,0.6316706160758139,0.06057092291469037,0.05688327468343171,-0.020811769819775252,0.04441659709767846,0.033674103021621715,0.8306574717576866
473,E,E L2=1.0 MCW=8 (d9 LR0.005),2025,0.6507273627584692,0.06189685685196693,0.06105635390981039,-0.01016575313266441,0.04497257914847498,0.030446753218770026,0.8160400506565971
474,E,E L2=1.0 MCW=10 (d9 LR0.005),2023,0.664587303863403,0.062313511903748404,0.05470082575816941,-0.029846162691389528,0.048491244518865086,0.04019591990113258,0.8621757709384993
474,E,E L2=1.0 MCW=10 (d9 LR0.005),2024,0.6312500451601246,0.06060549401042863,0.05683179412940347,-0.021051676396215004,0.044436733914233646,0.03402667915821078,0.8311089661035278
474,E,E L2=1.0 MCW=10 (d9 LR0.005),2025,0.648521668383133,0.06209199192554385,0.061297647627812445,-0.00990019480785052,0.04515871508199993,0.030803083136677747,0.8145400148236361
475,E,E L2=1.5 MCW=6 (d9 LR0.005),2023,0.6639513782292488,0.06237255557625636,0.0546430829948795,-0.030074393910833035,0.04845070524490303,0.04027915811538696,0.8621536812278507
475,E,E L2=1.5 MCW=6 (d9 LR0.005),2024,0.6333506212619806,0.06043262853814003,0.05673190836305581,-0.020822900022209396,0.04424723279541451,0.03384186840057374,0.8312279112275768
475,E,E L2=1.5 MCW=6 (d9 LR0.005),2025,0.6531100493314779,0.06168536992358754,0.0608229049458399,-0.010279061187318172,0.04485631418250817,0.03072721588611603,0.8170223377045138
476,E,E L2=1.5 MCW=8 (d9 LR0.005),2023,0.664694917855339,0.06230351475127825,0.05462396991632656,-0.029965811537059753,0.04844483228951583,0.04073866176605223,0.8623079254512778
476,E,E L2=1.5 MCW=8 (d9 LR0.005),2024,0.6333585259878378,0.06043197709023926,0.05673502430684767,-0.020812517071669957,0.0442456137515464,0.03393895435333252,0.8313953836594633
476,E,E L2=1.5 MCW=8 (d9 LR0.005),2025,0.6502578272851909,0.0619384475836705,0.06108572241900851,-0.01024235355170418,0.04512297604012909,0.031107577681541446,0.8155128639865609
477,E,E L2=1.5 MCW=10 (d9 LR0.005),2023,0.6640356241374645,0.06236473682381785,0.05471157315343852,-0.02993332867646748,0.04854371637564299,0.04040925845503807,0.8619485615707203
477,E,E L2=1.5 MCW=10 (d9 LR0.005),2024,0.6314245328256614,0.06059115344942882,0.05684753062574268,-0.020967740342492755,0.04436164879643541,0.033804077744483935,0.8309046260400866
477,E,E L2=1.5 MCW=10 (d9 LR0.005),2025,0.6498910752544329,0.06197091449946073,0.06115658204340181,-0.010013326718386192,0.045132107715689845,0.03089404632151127,0.8152286653258558
478,E,E Champ d9 LR0.005 MCW8 L2=0.5 L1=0.05,2023,0.6656923948776681,0.06221077441521739,0.05463623874849488,-0.0297499893909007,0.04835036673491634,0.04043343508243561,0.8623653274613456
478,E,E Champ d9 LR0.005 MCW8 L2=0.5 L1=0.05,2024,0.6316468545382836,0.06057287664837198,0.05683578787783775,-0.020946756391011376,0.044349292833697575,0.033890979766845686,0.8310179107865376
478,E,E Champ d9 LR0.005 MCW8 L2=0.5 L1=0.05,2025,0.6499906058384293,0.06196210518426731,0.06111982212278552,-0.010181837876598007,0.04500232236310422,0.030524070620536803,0.8155658288174281
479,E,E Champ d9 LR0.005 MCW8 L2=0.5 L1=0.03,2023,0.6662658031619182,0.062157399196801404,0.054558475489635216,-0.029781118635091614,0.04827852693735771,0.04038569712638855,0.862871581134425
479,E,E Champ d9 LR0.005 MCW8 L2=0.5 L1=0.03,2024,0.6308386800941188,0.06063928931474056,0.056883517263892354,-0.021009256888472848,0.044423870546847516,0.03382281792163849,0.830900473558543
479,E,E Champ d9 LR0.005 MCW8 L2=0.5 L1=0.03,2025,0.6498978415053568,0.06197031566756331,0.06112502786698676,-0.010200538818983192,0.04502654430473013,0.03042963963747025,0.8156055924574626
480,E,E Champ d9 LR0.004 MCW8 L2=0.5 L1=0.03 Est2800,2023,0.663044708652647,0.06245664044073301,0.054920921787808365,-0.029740952996171608,0.0485360039655559,0.04066437077522278,0.8610761875583093
480,E,E Champ d9 LR0.004 MCW8 L2=0.5 L1=0.03 Est2800,2024,0.630872253087676,0.06063653186339246,0.05696393022619555,-0.020782195588918705,0.04455300826356554,0.03383299362659453,0.8308074339032969
480,E,E Champ d9 LR0.004 MCW8 L2=0.5 L1=0.03 Est2800,2025,0.6505863712806956,0.06190934859603847,0.06110790537879289,-0.009929317388537407,0.04490303167886883,0.030105592727661126,0.8158693332594068
481,E,E Champ d9 LR0.004 MCW8 L2=1.5 L1=0.03 Est2800,2023,0.6612378861923769,0.06262386913447897,0.054920425249359126,-0.03009145851902093,0.048689551157816036,0.0407696146965027,0.8608762458453056
481,E,E Champ d9 LR0.004 MCW8 L2=1.5 L1=0.03 Est2800,2024,0.6343256566800364,0.06035222041101325,0.056646397891587714,-0.020822490670942523,0.044351464394338215,0.033552924633026115,0.832192467129633
481,E,E Champ d9 LR0.004 MCW8 L2=1.5 L1=0.03 Est2800,2025,0.6487037689496319,0.062075904942646795,0.06124401558764555,-0.010128599565037732,0.04507408509961217,0.030947153925895685,0.8146234292874637
482,E,E Champ d10 LR0.005 MCW8 L2=0.5 L1=0.05,2023,0.6638962591671655,0.06237767057387758,0.055129529644902295,-0.02918404953660563,0.048542275759826024,0.039945872068405164,0.8595522503911014
482,E,E Champ d10 LR0.005 MCW8 L2=0.5 L1=0.05,2024,0.6299552971148441,0.06071179922476617,0.05691650966948434,-0.021128972755555038,0.04457639128356686,0.033622800946235654,0.8306525496439348
482,E,E Champ d10 LR0.005 MCW8 L2=0.5 L1=0.05,2025,0.6460186778008435,0.062312688262456124,0.061494853906247135,-0.010062507716439262,0.04532221956917341,0.030401875197887417,0.8131026790742514
483,E,E Champ d10 LR0.005 MCW8 L2=0.5 L1=0.03,2023,0.663823558332808,0.062384416502204214,0.05519342356181689,-0.029077507077574474,0.0484815494664966,0.040247750282287595,0.8593565955017181
483,E,E Champ d10 LR0.005 MCW8 L2=0.5 L1=0.03,2024,0.6275952343727939,0.06090509468617753,0.05705224944534873,-0.021318334715336628,0.04479390102943217,0.03407499015331268,0.8301072521286742
483,E,E Champ d10 LR0.005 MCW8 L2=0.5 L1=0.03,2025,0.6463729314663909,0.0622815001425214,0.06146236429983355,-0.010067921070288043,0.04521313983829523,0.030343518614768986,0.8134908131185081
484,E,E Champ d9 LR0.005 MCW6 L2=1.0 L1=0.02,2023,0.6654745975706309,0.062231035894226884,0.05452811991587898,-0.029989764369003358,0.04836382226268074,0.04032943224906921,0.8629291253992211
484,E,E Champ d9 LR0.005 MCW6 L2=1.0 L1=0.02,2024,0.6315008519248556,0.060584879969412066,0.05680460510429072,-0.021065719070394923,0.044338557049875105,0.033530278205871566,0.8311455646354587
484,E,E Champ d9 LR0.005 MCW6 L2=1.0 L1=0.02,2025,0.6513039547116775,0.0618457449593905,0.060965536729479346,-0.010397090981061978,0.044872298788079454,0.030527304232120522,0.8164974130973556
485,E,E Champ d9 LR0.005 MCW6 L2=0.5 L1=0.05,2023,0.6650192082109465,0.06227337903671071,0.054561435488388536,-0.030017053387970467,0.04838242872644569,0.04017396116256714,0.8626405429737317
485,E,E Champ d9 LR0.005 MCW6 L2=0.5 L1=0.05,2024,0.632109914537639,0.06053479132558431,0.05677592658080204,-0.020998931363039135,0.044279828374077804,0.03371794354915619,0.8310974364290292
485,E,E Champ d9 LR0.005 MCW6 L2=0.5 L1=0.05,2025,0.6519347815784291,0.06178977699089411,0.060933578303933124,-0.010250637817373266,0.04483992162430353,0.029995497435331343,0.816396232047566
486,E,E Champ d10 LR0.004 MCW8 Est2800,2023,0.6606040310883299,0.0626824292668299,0.05532109399016176,-0.029473097877946972,0.048800293813528066,0.0399909490942955,0.8584842735061702
486,E,E Champ d10 LR0.004 MCW8 Est2800,2024,0.6300369071711647,0.060705104132897675,0.05697438875541358,-0.020953011395262577,0.04456428509090974,0.03372090601921082,0.8298036278602585
486,E,E Champ d10 LR0.004 MCW8 Est2800,2025,0.6479886759196555,0.062139053186317454,0.061253186223751956,-0.010455099632732383,0.045283290829393176,0.031206661403179167,0.8143404926871458
487,E,E Champ d10 LR0.003 MCW8 Est3000,2023,0.6624833853427727,0.06250864107779668,0.055007640639558535,-0.029689891893742902,0.04858765720257062,0.039823241949081434,0.8601057404794693
487,E,E Champ d10 LR0.003 MCW8 Est3000,2024,0.6291466754867513,0.06077809673338988,0.05698558526773474,-0.021133388629137308,0.04464029936324227,0.034103679180145265,0.8298573642314792
487,E,E Champ d10 LR0.003 MCW8 Est3000,2025,0.6491805624928714,0.062033764666766716,0.061141627810791105,-0.010482810089786685,0.04503725305139971,0.03040063720941543,0.8150420969872877
488,E,E Champ d9 LR0.005 MCW8 L2=0.25 L1=0.05,2023,0.6659049510017793,0.062190994153824716,0.0546534051539904,-0.029677012297650244,0.048328884435656735,0.040495528221130374,0.8623052985870948
488,E,E Champ d9 LR0.005 MCW8 L2=0.25 L1=0.05,2024,0.6313737483476084,0.06059532760694748,0.056866624989154714,-0.020927988190257516,0.0443733940179027,0.033660885810852054,0.8308225662838395
488,E,E Champ d9 LR0.005 MCW8 L2=0.25 L1=0.05,2025,0.6505290291385672,0.06191442834785486,0.06107613613932057,-0.010153917073368355,0.044933684790177376,0.03030541360378264,0.8157848221305053
489,E,E Champ d9 LR0.006 MCW8 L2=0.5 L1=0.05 Est2300,2023,0.6608442697944917,0.06266024071299853,0.05510518245271982,-0.02982825226297384,0.048809661029805336,0.04061724150180817,0.8598634114818182
489,E,E Champ d9 LR0.006 MCW8 L2=0.5 L1=0.05 Est2300,2024,0.6290916686900268,0.060782604020004606,0.05713589670284486,-0.02073678525801013,0.04469360529301378,0.03421611642837524,0.8291702461992029
489,E,E Champ d9 LR0.006 MCW8 L2=0.5 L1=0.05 Est2300,2025,0.6517060576411018,0.061810075600643555,0.06093807592326222,-0.010345837256018878,0.04503784951794328,0.03105709320306778,0.8164197060717746
490,E,E Champ d9 LR0.005 MCW8 sub0.95 col0.8,2023,0.6643526173631809,0.062335308310055834,0.054678160276923085,-0.02993308288233652,0.04843589789555645,0.0405579799413681,0.8620709335474551
490,E,E Champ d9 LR0.005 MCW8 sub0.95 col0.8,2024,0.630154592509106,0.060695448211728106,0.057020944583272656,-0.02079781976855903,0.044529008444616665,0.034080724716186506,0.829917086529616
490,E,E Champ d9 LR0.005 MCW8 sub0.95 col0.8,2025,0.6508213624118511,0.06188852714905003,0.061022690753725135,-0.010316055731428821,0.04493445702170351,0.030810091733932496,0.8159285871530157
491,E,E Champ d9 LR0.005 MCW8 sub0.9 col0.75,2023,0.6543614040322301,0.06325627233191747,0.05520329091388826,-0.030886124094921457,0.04900514687326283,0.04020999121665955,0.8593573598172026
491,E,E Champ d9 LR0.005 MCW8 sub0.9 col0.75,2024,0.6396664623888177,0.05990986630843442,0.05643421317493583,-0.020108994750291122,0.044058196544170695,0.033761017858982084,0.8332633760119683
491,E,E Champ d9 LR0.005 MCW8 sub0.9 col0.75,2025,0.6529336030951327,0.061701056119786636,0.06087256170222759,-0.010077279300762233,0.0448966311913094,0.03053816866874695,0.8168183838840338
492,E,E Champ d9 LR0.005 MCW8 Bin128,2023,0.6594415917012333,0.06278968192634107,0.055137612536415706,-0.03003977097441301,0.0487789034076242,0.04020757031440736,0.8597405004291103
492,E,E Champ d9 LR0.005 MCW8 Bin128,2024,0.6289224321235165,0.06079646926003921,0.05734040731830498,-0.020206146566201448,0.04441303870910114,0.03349600076675413,0.8288951792824335
492,E,E Champ d9 LR0.005 MCW8 Bin128,2025,0.6514816092138233,0.061829988292547274,0.06112076708152819,-0.009338055666061855,0.04470638631815143,0.030154264777898787,0.8156011311291552
493,E,E Champ d9 LR0.005 MCW8 Bin64,2023,0.6651462145770131,0.06226157259051137,0.05465580319814803,-0.029820238064257223,0.04838373148583187,0.03941158938407899,0.8621164805123873
493,E,E Champ d9 LR0.005 MCW8 Bin64,2024,0.6258501079188405,0.06104763161722242,0.057542264369618124,-0.020388750156027313,0.04487729031434636,0.034888779163360584,0.8276520253613974
493,E,E Champ d9 LR0.005 MCW8 Bin64,2025,0.645701868364621,0.06234056661552897,0.06153998370340409,-0.0099587474980528,0.045329697800813626,0.03102074378728868,0.8128403629600054
494,E,E Champ d10 LR0.005 MCW6 L2=0.5 L1=0.05,2023,0.6623207641406839,0.06252369812352662,0.05513487939931271,-0.029484875795315196,0.048689084326271455,0.04059696328639984,0.8594873451609593
494,E,E Champ d10 LR0.005 MCW6 L2=0.5 L1=0.05,2024,0.6291294873878223,0.06077950517139795,0.05697133151267567,-0.02117582679311422,0.044610826599338696,0.03419339883327485,0.830126446582405
494,E,E Champ d10 LR0.005 MCW6 L2=0.5 L1=0.05,2025,0.6477793802935414,0.06215752347202339,0.061291482838245294,-0.010339818937693526,0.045252861014955806,0.030969669818878165,0.8142106237108815
495,E,E Champ d11 LR0.005 MCW8 L2=0.5 L1=0.05,2023,0.6648519070673675,0.062288927849176993,0.055055488999555,-0.029134235250302336,0.04840361690221124,0.03976984989643098,0.8597784478059542
495,E,E Champ d11 LR0.005 MCW8 L2=0.5 L1=0.05,2024,0.6274603056807219,0.060916127171920104,0.05720279294839443,-0.02094313807980413,0.044765367667305996,0.03377166497707368,0.8284188406822329
495,E,E Champ d11 LR0.005 MCW8 L2=0.5 L1=0.05,2025,0.6441737987111325,0.062474857805315816,0.06169592044304697,-0.009834696664344413,0.045393176403543865,0.030636862218379968,0.8114990812596076
496,E,E Champ d9 LR0.005 MCW8 L2=0.5 L1=0.05 Est3000,2023,0.6656820044369833,0.06221174117805662,0.05465626715082124,-0.029715201522851446,0.04835648761970225,0.04045965874195101,0.8622627639089991
496,E,E Champ d9 LR0.005 MCW8 L2=0.5 L1=0.05 Est3000,2024,0.6316770053441991,0.06057039756214174,0.056852573117359674,-0.02089397018069004,0.04435897189233872,0.03385523843765259,0.8309502658642004
496,E,E Champ d9 LR0.005 MCW8 L2=0.5 L1=0.05 Est3000,2025,0.6499914561198368,0.061962029921633105,0.06111942467541567,-0.01018376548019192,0.044995683114751994,0.03041528999805449,0.8155623039940902
497,E,E Champ d9 LR0.005 MCW8 L2=0.5 L1=0.05 Est4000,2023,0.6653433054680682,0.0622432466889469,0.05470668235186067,-0.02968839275598671,0.04839373917766268,0.04057687622308731,0.8620026738709434
497,E,E Champ d9 LR0.005 MCW8 L2=0.5 L1=0.05 Est4000,2024,0.6317321613354321,0.0605658622148435,0.056858586211343494,-0.020864439543592767,0.044368478911941636,0.03388658356666563,0.8309487052741815
497,E,E Champ d9 LR0.005 MCW8 L2=0.5 L1=0.05 Est4000,2025,0.6502764212935914,0.061936801086032764,0.06108583967073671,-0.010231691966231483,0.0449719128070162,0.03044529747962952,0.8157562182149508
498,E,E Champ Leaf127 Bin128 d9 MCW8 LR0.005,2023,0.6602550264483833,0.06271464950454489,0.05531452450568427,-0.029553860004878748,0.048673713968590986,0.039295695662498464,0.859336749239181
498,E,E Champ Leaf127 Bin128 d9 MCW8 LR0.005,2024,0.6363616490360333,0.06018397210911142,0.05690725311056419,-0.01958762468558209,0.04372322959792397,0.03325794458389281,0.8327642737860158
498,E,E Champ Leaf127 Bin128 d9 MCW8 LR0.005,2025,0.6527745290593208,0.06171519449749013,0.061055322700089384,-0.009000711185847214,0.04490544803012267,0.030451542437076567,0.8164882694099247
499,E,E Champ Leaf255 Bin128 d9 MCW8 LR0.005,2023,0.6596032881719206,0.06277477394705976,0.055121684946184635,-0.030037844343395684,0.04875714435392231,0.04012257671356201,0.8598338288679278
499,E,E Champ Leaf255 Bin128 d9 MCW8 LR0.005,2024,0.6290737392114771,0.06078407309892954,0.05731124348938935,-0.02025154092613409,0.044400616463949244,0.03370651376247405,0.8291457249820919
499,E,E Champ Leaf255 Bin128 d9 MCW8 LR0.005,2025,0.6517455780637772,0.06180656875008672,0.061102451745693794,-0.009302813086608009,0.044681710161310464,0.029876602828502644,0.8157115108734019
