id,group,Configuration,year,R2,RMSE,ubRMSE,Bias,MAE,Med|Err|,Pearson
0,R,Baseline (MAE),2023,0.6286139711665155,0.06557001158075311,0.05685855608711217,-0.032657786489424266,0.05093341499421521,0.04052776139974594,0.8505295297453785
0,R,Baseline (MAE),2024,0.6426622888958975,0.05966030006551575,0.057171369288827316,-0.017052446679086168,0.04448459890003512,0.034991535663604745,0.8300334377197773
0,R,Baseline (MAE),2025,0.6431330769156418,0.0625661544459757,0.061490586078336275,-0.011551255598437603,0.04697668291672503,0.03404295355081559,0.8107500278866402
1,R,Baseline (MSE),2023,0.6421278824840744,0.06436598369346226,0.056501027931279986,-0.03083202392863252,0.050277800289475774,0.040600400447845464,0.8529956071279198
1,R,Baseline (MSE),2024,0.6390822465692563,0.05995841315852993,0.056825116259059796,-0.019128969386262868,0.044152553881762466,0.03386179268360137,0.8313858295940267
1,R,Baseline (MSE),2025,0.6418528288876028,0.06267828095597189,0.06183869823725444,-0.01022459309300582,0.045788516389264206,0.0319688333272934,0.8109009535645
2,R,SOTA Control (1.3-lite peak),2023,0.6581389452251352,0.06290965355261288,0.05516658821302924,-0.0302369319714167,0.049017206752740426,0.04016852712631225,0.860206760067609
2,R,SOTA Control (1.3-lite peak),2024,0.6402997111949533,0.05985720047251368,0.05641801151039666,-0.019997310489959372,0.04395512379921775,0.033429851293563836,0.8348629091907911
2,R,SOTA Control (1.3-lite peak),2025,0.6395814371383619,0.06287672161060824,0.06221278006430162,-0.009113293431514352,0.045967788696742416,0.031125064790248867,0.8094498449512889
3,R,SOTA Control Est=2000,2023,0.6576860052181106,0.06295131502088257,0.055214646680595766,-0.030235919942934408,0.04905819771709623,0.0405606786608696,0.8599685828728204
3,R,SOTA Control Est=2000,2024,0.6404966188190538,0.05984081467444464,0.056403512350137915,-0.019989169428533057,0.0439515575014405,0.03320650005340575,0.8350730014700399
3,R,SOTA Control Est=2000,2025,0.6398337682423788,0.06285470758009665,0.06217142076464304,-0.009242765012982369,0.04595032677409933,0.031119695723056784,0.8097359051642278
4,A,A MSE d=7 LR=0.005 MCW=5 Est=2500,2023,0.6427927546322448,0.06430616477636503,0.05601236344731226,-0.03158952309376298,0.049904740832384525,0.040125776767730714,0.8557254068475263
4,A,A MSE d=7 LR=0.005 MCW=5 Est=2500,2024,0.6323917610803529,0.06051159854144495,0.057208467864966646,-0.019719147178228574,0.04459779752823809,0.033794736981391904,0.830606707000182
4,A,A MSE d=7 LR=0.005 MCW=5 Est=2500,2025,0.6371427969734451,0.0630890791571199,0.062310934743396475,-0.00987822455189245,0.04656050253403578,0.03265589284896851,0.8083694043121471
5,A,A MSE d=7 LR=0.005 MCW=8 Est=2500,2023,0.643320606514056,0.06425863399448178,0.055986753914468626,-0.03153815830003062,0.049887474706251524,0.040317490577697755,0.8559439550212069
5,A,A MSE d=7 LR=0.005 MCW=8 Est=2500,2024,0.6347509431966136,0.06031711478601995,0.057070274981940484,-0.019522757286151687,0.04438283668599039,0.033777078986167906,0.8316472683781438
5,A,A MSE d=7 LR=0.005 MCW=8 Est=2500,2025,0.6356600277364577,0.06321785043858946,0.06245980897313555,-0.009760577703973022,0.04667831759571169,0.03267978763580322,0.807681484820468
6,A,A MSE d=7 LR=0.005 MCW=10 Est=2500,2023,0.6442467322184626,0.06417515530919275,0.05594484312234524,-0.03144240905171238,0.049852694952164184,0.04025583255290985,0.856197646676471
6,A,A MSE d=7 LR=0.005 MCW=10 Est=2500,2024,0.6349814393043813,0.060298079754953535,0.05710388852621337,-0.0193650287879821,0.04434307898648219,0.033546079039573656,0.8315703133763364
6,A,A MSE d=7 LR=0.005 MCW=10 Est=2500,2025,0.634846470446339,0.0632883926079312,0.06254963594922516,-0.009641767551390238,0.04669588460372962,0.03319519829750062,0.8073114241374798
7,A,A MSE d=7 LR=0.005 MCW=15 Est=2500,2023,0.6452351279601543,0.06408594380394488,0.05591364781481205,-0.03131568586640799,0.049783864539936246,0.040243974745273595,0.8563825423373769
7,A,A MSE d=7 LR=0.005 MCW=15 Est=2500,2024,0.6376537815872316,0.060076949741571316,0.05685179326871015,-0.019419410139732102,0.04412663483850331,0.03362424826622007,0.8331788955294436
7,A,A MSE d=7 LR=0.005 MCW=15 Est=2500,2025,0.6349738420759827,0.06327735362276524,0.062484809251437526,-0.009983591253252577,0.04657586684694187,0.0326148077249527,0.8079777356821938
8,A,A MSE d=8 LR=0.005 MCW=5 Est=2500,2023,0.6561459819417126,0.06309276073923224,0.05510490126435852,-0.030726963962346705,0.049071285803670164,0.040297298669815074,0.860278622268693
8,A,A MSE d=8 LR=0.005 MCW=5 Est=2500,2024,0.6339276317962195,0.06038505721348646,0.056813555654719156,-0.020459106286436674,0.044325189286178776,0.03413993692398071,0.8315917934608711
8,A,A MSE d=8 LR=0.005 MCW=5 Est=2500,2025,0.6424018834073261,0.06263021832168592,0.061897230186851775,-0.009553907170259444,0.04579264177328305,0.031348459005355836,0.8106245177645112
9,A,A MSE d=8 LR=0.005 MCW=8 Est=2500,2023,0.6560274425240118,0.06310363502638046,0.05513119613591748,-0.03070211663983164,0.04914470101497797,0.04056474018096923,0.8601786460472707
9,A,A MSE d=8 LR=0.005 MCW=8 Est=2500,2024,0.635823420192627,0.060228495427646585,0.05664444129821377,-0.020466532058768434,0.04429378908941225,0.03399268627166746,0.8327838033767905
9,A,A MSE d=8 LR=0.005 MCW=8 Est=2500,2025,0.6412963441702938,0.06272695643067813,0.06197022036314522,-0.009714054313180346,0.04597869792895569,0.03152313929796219,0.8104127611170842
10,A,A MSE d=8 LR=0.005 MCW=10 Est=2500,2023,0.657500796106048,0.06296834263400176,0.05508450816482717,-0.030507525863500494,0.049034129501735066,0.04053705048561096,0.8604534749005127
10,A,A MSE d=8 LR=0.005 MCW=10 Est=2500,2024,0.6343898087505337,0.060346926233567,0.056844791331290445,-0.020258854989792772,0.04438083425864724,0.03440621423721313,0.8316371689221969
10,A,A MSE d=8 LR=0.005 MCW=10 Est=2500,2025,0.6438967053623844,0.06249917866558492,0.06176336669642845,-0.009562105845221524,0.045779048890281046,0.03148577570915222,0.811841625912508
11,A,A MSE d=8 LR=0.005 MCW=15 Est=2500,2023,0.6553205271747874,0.06316844547597854,0.05525883436068752,-0.030605779339036163,0.049208340027272646,0.04090633368492126,0.8596264370755611
11,A,A MSE d=8 LR=0.005 MCW=15 Est=2500,2024,0.6339005763046104,0.06038728862640536,0.056924993018114274,-0.020153654721719528,0.044372280749776775,0.034154789686203,0.8316403101586387
11,A,A MSE d=8 LR=0.005 MCW=15 Est=2500,2025,0.642364081072776,0.0626335286102325,0.06192709160369082,-0.00938052406196025,0.04600261825864748,0.031808899760246284,0.8112920683198193
12,A,A MSE d=9 LR=0.005 MCW=5 Est=2500,2023,0.6635128492156279,0.06241323906067885,0.05467626409273342,-0.030098480940192508,0.048540179114317,0.040444087266921995,0.8619180519694287
12,A,A MSE d=9 LR=0.005 MCW=5 Est=2500,2024,0.6327246641117277,0.06048419292971841,0.056804076647381505,-0.02077581465389159,0.044237246590298054,0.03382489109039305,0.8307960963335003
12,A,A MSE d=9 LR=0.005 MCW=5 Est=2500,2025,0.6513609394157166,0.06184069126647127,0.06097721081017468,-0.01029809973376383,0.044994969395802824,0.031013993859291086,0.8158870175522402
13,A,A MSE d=9 LR=0.005 MCW=8 Est=2500,2023,0.6646949926381087,0.062303507803531395,0.0546239611900128,-0.029965812996425457,0.04844481277607692,0.040738721370697006,0.8623079758865628
13,A,A MSE d=9 LR=0.005 MCW=8 Est=2500,2024,0.6333587626442817,0.06043195758669136,0.0567349991600097,-0.020812529135082032,0.04424558022274238,0.03393874573707581,0.8313954830341874
13,A,A MSE d=9 LR=0.005 MCW=8 Est=2500,2025,0.6502578653210734,0.06193844421564148,0.06108571313065501,-0.010242388548256397,0.0451229603098,0.031107562780380252,0.8155129246842235
14,A,A MSE d=9 LR=0.005 MCW=10 Est=2500,2023,0.6640359234192237,0.06236470904612229,0.05471155471103248,-0.02993330445355455,0.048543694735537365,0.04040932178497315,0.8619486558803549
14,A,A MSE d=9 LR=0.005 MCW=10 Est=2500,2024,0.6314249349584464,0.06059112039555233,0.05684749306735649,-0.02096774692578479,0.04436162420856637,0.03380404794216155,0.8309048446832552
14,A,A MSE d=9 LR=0.005 MCW=10 Est=2500,2025,0.6498910187635902,0.061970919499031996,0.06115658500086259,-0.010013339831840521,0.0451321342471984,0.030894197195768358,0.8152286366236042
15,A,A MSE d=9 LR=0.005 MCW=15 Est=2500,2023,0.6631108586401817,0.0624505094956438,0.05497451913257722,-0.029628843757522005,0.04859352078720095,0.04068688654899599,0.8608382009904597
15,A,A MSE d=9 LR=0.005 MCW=15 Est=2500,2024,0.629522982658489,0.060747252950936845,0.05705639895311697,-0.02085176451914525,0.04449540184655051,0.03406821572780608,0.8299581387852706
15,A,A MSE d=9 LR=0.005 MCW=15 Est=2500,2025,0.6490702535301518,0.0620435166099052,0.06131849613733712,-0.009457271529303443,0.04515590446447734,0.030736128866672516,0.8146746550427345
16,A,A MSE d=7 LR=0.008 MCW=5 Est=2000,2023,0.647387420970396,0.06389124926343667,0.055881644740444165,-0.030973109523352232,0.04981867673244642,0.04133648610115051,0.8565238605484952
16,A,A MSE d=7 LR=0.008 MCW=5 Est=2000,2024,0.6334380386516076,0.060425423865410326,0.05707555680706014,-0.019839673988709332,0.04458238393399981,0.033562134146690376,0.8313020455843856
16,A,A MSE d=7 LR=0.008 MCW=5 Est=2000,2025,0.6274249801142812,0.06392830370452257,0.06320910206542757,-0.00956229212166692,0.04713830795461793,0.03249490171670913,0.8027793209877637
17,A,A MSE d=7 LR=0.008 MCW=8 Est=2000,2023,0.6475277347158963,0.06387853600101562,0.055926802227921096,-0.030865193247285816,0.049741630800475355,0.04135855460166932,0.856326123285798
17,A,A MSE d=7 LR=0.008 MCW=8 Est=2000,2024,0.6368306015297795,0.06014515259389802,0.057031414271731716,-0.019101234713167214,0.04436937116732184,0.033472393751144414,0.8317152890092325
17,A,A MSE d=7 LR=0.008 MCW=8 Est=2000,2025,0.6296523747303464,0.06373692343064044,0.06311098066646417,-0.008910641263159299,0.047062585923221226,0.03245547187328339,0.8035884701190431
18,A,A MSE d=7 LR=0.008 MCW=10 Est=2000,2023,0.6510840577528065,0.06355546286275571,0.05572760681187086,-0.030557007358719523,0.04950194322429927,0.04096250367164612,0.8574002497836465
18,A,A MSE d=7 LR=0.008 MCW=10 Est=2000,2024,0.6342931497571457,0.06035490288164942,0.05721189298928426,-0.01922273675151477,0.04437201348251148,0.03326246309280395,0.8313106759608331
18,A,A MSE d=7 LR=0.008 MCW=10 Est=2000,2025,0.6331236578735622,0.0634375158193593,0.06276665497704506,-0.009201382305070433,0.04671027367753539,0.032092927217483525,0.8060051281417361
19,A,A MSE d=7 LR=0.008 MCW=15 Est=2000,2023,0.6467765402350054,0.06394656924634601,0.05613371495680542,-0.030629557024643192,0.04978741172340755,0.04134833741188049,0.8550940425090178
19,A,A MSE d=7 LR=0.008 MCW=15 Est=2000,2024,0.6355485525014347,0.06025122031691748,0.057046590162759425,-0.019388040169439725,0.04433782363934833,0.03366004788875579,0.8320814520772998
19,A,A MSE d=7 LR=0.008 MCW=15 Est=2000,2025,0.6276570593571819,0.06390838993859961,0.06326443424722897,-0.009049511805737464,0.04710265260032886,0.032537413597106934,0.8030679053727999
20,A,A MSE d=8 LR=0.008 MCW=5 Est=2000,2023,0.6555968459381682,0.06314312031488664,0.05517457448962061,-0.030705373682625086,0.04909252226374518,0.03983148139715195,0.8599489917763667
20,A,A MSE d=8 LR=0.008 MCW=5 Est=2000,2024,0.6368123134823018,0.060146666933437426,0.05653714092231248,-0.02052250569751936,0.044135381240565666,0.03344797515869141,0.8332558064504084
20,A,A MSE d=8 LR=0.008 MCW=5 Est=2000,2025,0.6410887602119659,0.06274510403859129,0.062038653357777855,-0.009389013279739428,0.04578806965066205,0.03140404152870179,0.8101041791008585
21,A,A MSE d=8 LR=0.008 MCW=8 Est=2000,2023,0.6534626665960326,0.06333845914854354,0.0553350313248094,-0.030818739682117683,0.049318004722325295,0.040496778428554536,0.8593333670405493
21,A,A MSE d=8 LR=0.008 MCW=8 Est=2000,2024,0.6386100365724344,0.059997623902517325,0.05640543393221363,-0.02044851824180898,0.044249157788751985,0.03380493140220642,0.8343925964734673
21,A,A MSE d=8 LR=0.008 MCW=8 Est=2000,2025,0.6416917960280253,0.06269237031550384,0.06194454133757032,-0.009654382127012796,0.045762628236372435,0.031470389991998665,0.8110783194799099
22,A,A MSE d=8 LR=0.008 MCW=10 Est=2000,2023,0.6554303741295447,0.06315837900139962,0.055282823491589805,-0.030541615295890338,0.04916886881916924,0.0404144048690796,0.859643593279495
22,A,A MSE d=8 LR=0.008 MCW=10 Est=2000,2024,0.6397628745545021,0.059901850920231495,0.056323913952940244,-0.02039236287512946,0.044111860356221846,0.0337973166704178,0.8351495754512547
22,A,A MSE d=8 LR=0.008 MCW=10 Est=2000,2025,0.6397552930350736,0.06286155478996681,0.06216240540968592,-0.00934935421801453,0.045828240643318786,0.03136660921573638,0.8099101859163704
23,A,A MSE d=8 LR=0.008 MCW=15 Est=2000,2023,0.6582454756975674,0.0628998508605494,0.055036786411014824,-0.030452313209802302,0.04894747154600634,0.03983591079711912,0.8608271977021036
23,A,A MSE d=8 LR=0.008 MCW=15 Est=2000,2024,0.6349589066526737,0.06029994083108622,0.056888831003570416,-0.019993593253054713,0.04429301922773834,0.033388385057449343,0.832031711320176
23,A,A MSE d=8 LR=0.008 MCW=15 Est=2000,2025,0.6406729942497162,0.0627814357622947,0.06206301795261556,-0.009470505740902153,0.045894247657781224,0.031233780622482298,0.8108580495530391
24,A,A MSE d=9 LR=0.008 MCW=5 Est=2000,2023,0.6561335827784014,0.06309389827195094,0.055331827348115065,-0.03031878759894096,0.04922283653149635,0.040864854335784906,0.8586412356048987
24,A,A MSE d=9 LR=0.008 MCW=5 Est=2000,2024,0.6299068682136589,0.060715771865788096,0.0569860971563599,-0.020952080730302365,0.04461702535670521,0.03421044182777405,0.8296663001674784
24,A,A MSE d=9 LR=0.008 MCW=5 Est=2000,2025,0.6493927389465816,0.06201500274323838,0.061174175893958134,-0.010177463777333471,0.0451425424507611,0.03095026004314423,0.8145520330752657
25,A,A MSE d=9 LR=0.008 MCW=8 Est=2000,2023,0.6567886716782398,0.06303377053887126,0.055504951359232106,-0.029874012167038333,0.04921009461640365,0.04101789808273315,0.8578499967323492
25,A,A MSE d=9 LR=0.008 MCW=8 Est=2000,2024,0.6346221715440818,0.06032774650420051,0.05677135399327546,-0.020407115432146378,0.04435828012900875,0.0337586237192154,0.831359035344418
25,A,A MSE d=9 LR=0.008 MCW=8 Est=2000,2025,0.6510945055749938,0.06186431642509472,0.0611081024909385,-0.009643311500787923,0.04513074556596762,0.0313741832971573,0.8153239704955241
26,A,A MSE d=9 LR=0.008 MCW=10 Est=2000,2023,0.6574774928421346,0.06297048474547418,0.055350427236522164,-0.030026857208416233,0.04908234483258259,0.04073702311515809,0.8587030229678823
26,A,A MSE d=9 LR=0.008 MCW=10 Est=2000,2024,0.6342864283553222,0.06035545751672128,0.056634373485507025,-0.020864539267481576,0.044348356210598364,0.03386098897457124,0.8323836064087222
26,A,A MSE d=9 LR=0.008 MCW=10 Est=2000,2025,0.6504163274844519,0.061924411002473805,0.06111592123562483,-0.009973808175640355,0.045057389501741735,0.031118657708168032,0.8155671941926294
27,A,A MSE d=9 LR=0.008 MCW=15 Est=2000,2023,0.6634636964025423,0.06241779744313401,0.05497626528117778,-0.029556584602854475,0.04865183276325455,0.040685606956481934,0.8609231479826239
27,A,A MSE d=9 LR=0.008 MCW=15 Est=2000,2024,0.6329042609697066,0.06046940280057175,0.056794630658753606,-0.02075857910928461,0.04440259806702684,0.03359484338760377,0.8318439072648157
27,A,A MSE d=9 LR=0.008 MCW=15 Est=2000,2025,0.6470637213388757,0.06222063876501474,0.06152049848497883,-0.009307854451280862,0.04525989744611222,0.031074180305004112,0.813537524604473
28,A,A MSE d=7 LR=0.01 MCW=5 Est=1500,2023,0.6415710399240175,0.06441604038404551,0.05612113763277733,-0.03162031261012217,0.05004328863410496,0.041113705635070774,0.8555320480474383
28,A,A MSE d=7 LR=0.01 MCW=5 Est=1500,2024,0.6311930532941858,0.060610177247262184,0.057245543777729294,-0.019913344879328807,0.044657170777470306,0.03414271187782286,0.8308168990417311
28,A,A MSE d=7 LR=0.01 MCW=5 Est=1500,2025,0.6333319184929811,0.06341950782829313,0.0626407876096378,-0.009907860557516636,0.04668072139069116,0.032190261363983175,0.807147486375679
29,A,A MSE d=7 LR=0.01 MCW=8 Est=1500,2023,0.6388694810393816,0.06465834368770593,0.05653520795730667,-0.03137629152180983,0.050283508422682484,0.041894833326339725,0.8535855055209136
29,A,A MSE d=7 LR=0.01 MCW=8 Est=1500,2024,0.6354708489537458,0.06025764296125805,0.05692108505389944,-0.019773052793609705,0.044388972035356335,0.03372631323337555,0.832789042781176
29,A,A MSE d=7 LR=0.01 MCW=8 Est=1500,2025,0.6311059852952052,0.0636117170717287,0.06294400925240011,-0.009192510432272169,0.04689018273456178,0.032382922410964965,0.805373085065194
30,A,A MSE d=7 LR=0.01 MCW=10 Est=1500,2023,0.6428738889564515,0.06429886126616384,0.056364081145903557,-0.03094242906921478,0.04998620079541882,0.04054179036617278,0.8543695028341101
30,A,A MSE d=7 LR=0.01 MCW=10 Est=1500,2024,0.6367069175480362,0.06015539348798675,0.05694480385230949,-0.01938970545640494,0.04431564394936686,0.03356209790706635,0.8330691058681007
30,A,A MSE d=7 LR=0.01 MCW=10 Est=1500,2025,0.6303964585244739,0.06367286272952795,0.06303205734696421,-0.009010726651184265,0.046868105980827864,0.0319869134426117,0.8049048786846665
31,A,A MSE d=7 LR=0.01 MCW=15 Est=1500,2023,0.6416282989760438,0.06441089494501032,0.05625275332187892,-0.03137500806892649,0.050163254887493125,0.04104725283384322,0.85477283242923
31,A,A MSE d=7 LR=0.01 MCW=15 Est=1500,2024,0.6328611126855379,0.06047295647068151,0.057213742540431316,-0.019584844403862385,0.044599774741062845,0.03410004043579101,0.8315074377395101
31,A,A MSE d=7 LR=0.01 MCW=15 Est=1500,2025,0.6343567943981641,0.06333081370571905,0.06264887955228772,-0.009268756953953168,0.04657101856156575,0.03163320660591125,0.8072580376905291
32,A,A MSE d=8 LR=0.01 MCW=5 Est=1500,2023,0.6557458057127383,0.06312946364230067,0.05519963236406071,-0.030632168820328487,0.049127526181697995,0.0404956146478653,0.8598434267972899
32,A,A MSE d=8 LR=0.01 MCW=5 Est=1500,2024,0.6341310585070244,0.06036827686940685,0.05672126710951738,-0.020664624512157465,0.04435310651493942,0.03395420503616334,0.8321446972951354
32,A,A MSE d=8 LR=0.01 MCW=5 Est=1500,2025,0.6375660224051571,0.06305227584598166,0.062353650099191485,-0.009360117983517404,0.04615796678535359,0.03167241734266281,0.8079384872225239
33,A,A MSE d=8 LR=0.01 MCW=8 Est=1500,2023,0.6571595929160834,0.06299969986179658,0.055185878397966806,-0.030388830318424008,0.0491082814123378,0.04053503203392028,0.859875138428983
33,A,A MSE d=8 LR=0.01 MCW=8 Est=1500,2024,0.637130381925232,0.06012032387752678,0.056627491460831236,-0.020193576976880886,0.044284348518752355,0.03398855221271515,0.8334511213361895
33,A,A MSE d=8 LR=0.01 MCW=8 Est=1500,2025,0.6388055129404702,0.0629443670443502,0.06220249836287273,-0.009635483383344972,0.046163848759819735,0.03194067490100862,0.8094473171438412
34,A,A MSE d=8 LR=0.01 MCW=10 Est=1500,2023,0.6581389452251352,0.06290965355261288,0.05516658821302924,-0.0302369319714167,0.049017206752740426,0.04016852712631225,0.860206760067609
34,A,A MSE d=8 LR=0.01 MCW=10 Est=1500,2024,0.6402997111949533,0.05985720047251368,0.05641801151039666,-0.019997310489959372,0.04395512379921775,0.033429851293563836,0.8348629091907911
34,A,A MSE d=8 LR=0.01 MCW=10 Est=1500,2025,0.6395814371383619,0.06287672161060824,0.06221278006430162,-0.009113293431514352,0.045967788696742416,0.031125064790248867,0.8094498449512889
35,A,A MSE d=8 LR=0.01 MCW=15 Est=1500,2023,0.6557078286155363,0.06313294567345663,0.05536627742304313,-0.030337174451856814,0.04926860381915214,0.041297820687293985,0.8592284470438465
35,A,A MSE d=8 LR=0.01 MCW=15 Est=1500,2024,0.6330436947169189,0.06045791768196338,0.05698180155814382,-0.020204803946321678,0.04439018579205271,0.03406408262252808,0.8315494716494805
35,A,A MSE d=8 LR=0.01 MCW=15 Est=1500,2025,0.6363614365195688,0.06315696922801937,0.06247724867990375,-0.009241004245127553,0.046404130621969075,0.03134499567747116,0.8083007634765701
36,A,A MSE d=9 LR=0.01 MCW=5 Est=1500,2023,0.6573272052859171,0.0629842979142567,0.05515933417496056,-0.030405092289399038,0.0490307081681328,0.040961975812911985,0.8595763191994069
36,A,A MSE d=9 LR=0.01 MCW=5 Est=1500,2024,0.63354371981709,0.06041671280122044,0.056698322851136795,-0.020868142424965576,0.044359526753082495,0.03385519886016847,0.8316253601689263
36,A,A MSE d=9 LR=0.01 MCW=5 Est=1500,2025,0.6458721471488696,0.06232558410405074,0.061550803045900195,-0.009796789184009865,0.045236140186735115,0.030314507246017454,0.8125932255980498
37,A,A MSE d=9 LR=0.01 MCW=8 Est=1500,2023,0.658117071040721,0.06291166617635593,0.055239967645935174,-0.030106871567159518,0.048991498668455,0.04062009555101395,0.8593710312543311
37,A,A MSE d=9 LR=0.01 MCW=8 Est=1500,2024,0.6362366946477633,0.06019431151016378,0.05653263858455054,-0.020674039708641647,0.044364613543732466,0.03404257750511169,0.8328143785558855
37,A,A MSE d=9 LR=0.01 MCW=8 Est=1500,2025,0.6460911059266611,0.062306313036099376,0.0615612067903304,-0.00960700071149105,0.04524437235702602,0.030715002477169046,0.8129283563838959
38,A,A MSE d=9 LR=0.01 MCW=10 Est=1500,2023,0.6615061050492652,0.06259907263568056,0.055105258750815976,-0.029699399873618856,0.04875616867388753,0.040414373278617854,0.8601087669901252
38,A,A MSE d=9 LR=0.01 MCW=10 Est=1500,2024,0.6336610081919436,0.060407043509773134,0.0567812466243583,-0.02061312537235996,0.04442351049396379,0.03384486842155457,0.8318097763753111
38,A,A MSE d=9 LR=0.01 MCW=10 Est=1500,2025,0.6514613353955386,0.06183178663626592,0.06107272457485125,-0.009658786240365619,0.04495345617831946,0.030684752523899086,0.8161302217919465
39,A,A MSE d=9 LR=0.01 MCW=15 Est=1500,2023,0.6623562849393969,0.0625204095735249,0.05510874021768277,-0.029526739827845202,0.048617222393654014,0.04031074595451356,0.8601721146382155
39,A,A MSE d=9 LR=0.01 MCW=15 Est=1500,2024,0.6337163254111524,0.06040248260321471,0.05677478786282361,-0.020617549956950434,0.044314944301068616,0.03374992895126344,0.8321111887947925
39,A,A MSE d=9 LR=0.01 MCW=15 Est=1500,2025,0.645362953073172,0.062370376426990705,0.061693436102108166,-0.009164267431697048,0.045321260831230066,0.030219086855649953,0.8128322693749352
40,A,A MSE d=7 LR=0.012 MCW=5 Est=1400,2023,0.6424531215616587,0.06433672870172909,0.05631058750625811,-0.031118039699509478,0.05008805485067478,0.04076860111951827,0.8542189290563379
40,A,A MSE d=7 LR=0.012 MCW=5 Est=1400,2024,0.6295505845332987,0.06074498996399782,0.0573414004178224,-0.02004788277705409,0.04482145867667566,0.03419542765617373,0.8297509501049186
40,A,A MSE d=7 LR=0.012 MCW=5 Est=1400,2025,0.6284899693961161,0.06383687019810136,0.06312962925306216,-0.009476070232969744,0.04710727326310663,0.032016039073467256,0.8037529509473544
41,A,A MSE d=7 LR=0.012 MCW=8 Est=1400,2023,0.6391488307290696,0.06463333087151692,0.056474758224453046,-0.031433567138281326,0.05028983836272958,0.041322939753532406,0.8534699682376985
41,A,A MSE d=7 LR=0.012 MCW=8 Est=1400,2024,0.6319200203239917,0.06055041246360996,0.05728534518309136,-0.01961483311942869,0.04451248025349013,0.03352367621660232,0.8306789396702264
41,A,A MSE d=7 LR=0.012 MCW=8 Est=1400,2025,0.6289418733733574,0.06379803287043638,0.06309401111330036,-0.009451706712130453,0.0470733707760266,0.032562601566314686,0.804264477233581
42,A,A MSE d=7 LR=0.012 MCW=10 Est=1400,2023,0.6422056097061959,0.06435899340202932,0.05630450767664781,-0.03117502922232572,0.050060177826102926,0.040540067434310906,0.8542353366535737
42,A,A MSE d=7 LR=0.012 MCW=10 Est=1400,2024,0.6341524352296793,0.0603665132669037,0.05722159282217873,-0.019230320784948032,0.04439112610368253,0.03367180716991425,0.8311945472443082
42,A,A MSE d=7 LR=0.012 MCW=10 Est=1400,2025,0.6283829939884298,0.06384606037215647,0.06314367687924327,-0.009444336674159004,0.04701841956059679,0.03262021410465239,0.8038508512429796
43,A,A MSE d=7 LR=0.012 MCW=15 Est=1400,2023,0.6439319681013745,0.06420353954589128,0.056022041784169814,-0.03136280160562127,0.05002849748660633,0.040988861799240106,0.8558132269439784
43,A,A MSE d=7 LR=0.012 MCW=15 Est=1400,2024,0.6339396160474329,0.060384068781033064,0.05733748988355649,-0.018938004555700688,0.044436860990211685,0.03372215461730957,0.8306532627573445
43,A,A MSE d=7 LR=0.012 MCW=15 Est=1400,2025,0.6339592922643056,0.06336522880631641,0.06259598933816507,-0.009843492289487601,0.04681960121054855,0.032872905373573305,0.8075038466949492
44,A,A MSE d=8 LR=0.012 MCW=5 Est=1400,2023,0.6516568279737647,0.06350327604099609,0.05562295002228441,-0.03063908449607467,0.04950970980082119,0.04135966444015504,0.8575908016822468
44,A,A MSE d=8 LR=0.012 MCW=5 Est=1400,2024,0.6285005463603632,0.06083101982429495,0.05729103489003315,-0.020448723431799338,0.04463243452262528,0.034222813129425045,0.8288257508146465
44,A,A MSE d=8 LR=0.012 MCW=5 Est=1400,2025,0.6349007564864577,0.06328368800610769,0.06257409439739103,-0.00945028454602194,0.046408008133844915,0.031616348743438716,0.806897383404217
45,A,A MSE d=8 LR=0.012 MCW=8 Est=1400,2023,0.6506128882891844,0.0635983604307944,0.05581463430875726,-0.030487342397541688,0.04953034929225893,0.040727910757064806,0.8567394371641814
45,A,A MSE d=8 LR=0.012 MCW=8 Est=1400,2024,0.6336866905787206,0.060404926038958535,0.0569191795436996,-0.020222811134718542,0.04435360840899821,0.03362558686733247,0.8316996938943321
45,A,A MSE d=8 LR=0.012 MCW=8 Est=1400,2025,0.6378118723959044,0.06303088707995565,0.06233282655589453,-0.009354755990356324,0.046161062420082624,0.03125344967842103,0.8089348126540082
46,A,A MSE d=8 LR=0.012 MCW=10 Est=1400,2023,0.6520788635476393,0.06346479564837179,0.05577180369392022,-0.03028673305948369,0.04931715614567597,0.04048329317569733,0.8569811907979352
46,A,A MSE d=8 LR=0.012 MCW=10 Est=1400,2024,0.6378436988603562,0.060061203550048466,0.056504177388412,-0.0203623698374163,0.04405858365739158,0.03343765664100645,0.833982899517756
46,A,A MSE d=8 LR=0.012 MCW=10 Est=1400,2025,0.6350435957148035,0.06327130743065497,0.06257644726439104,-0.0093512882402031,0.04627296916351879,0.031184067606925978,0.8074210253051689
47,A,A MSE d=8 LR=0.012 MCW=15 Est=1400,2023,0.6536903851160442,0.06331764507015775,0.055495353226006475,-0.030485897519201412,0.04926671103949877,0.04039756202697753,0.8585764653627159
47,A,A MSE d=8 LR=0.012 MCW=15 Est=1400,2024,0.6334693787905368,0.06042284069822748,0.057033954526358385,-0.01995113300419403,0.04426474427345808,0.03408868730068207,0.8312366206991247
47,A,A MSE d=8 LR=0.012 MCW=15 Est=1400,2025,0.6367670511241366,0.06312173570319225,0.06245086736821426,-0.009178381292007747,0.04618083909430725,0.030851877391338337,0.8081979424514119
48,A,A MSE d=9 LR=0.012 MCW=5 Est=1400,2023,0.6584307350084455,0.06288280008021145,0.055146812376639064,-0.030217141337717746,0.048973671292727554,0.040795088291168236,0.8596324659664671
48,A,A MSE d=9 LR=0.012 MCW=5 Est=1400,2024,0.6323887669032998,0.060511844975082295,0.05686145429073671,-0.020699236550058918,0.04454736130911205,0.034200037002563466,0.8307199161160896
48,A,A MSE d=9 LR=0.012 MCW=5 Est=1400,2025,0.6474456858874496,0.062186960572499346,0.06140522312890268,-0.009829376263795993,0.04520563030295413,0.030491051614284503,0.8133475526271581
49,A,A MSE d=9 LR=0.012 MCW=8 Est=1400,2023,0.6595143320326509,0.06278297590165649,0.05521679160713986,-0.029879892698631512,0.048845577430044834,0.04026002538204193,0.859522640200789
49,A,A MSE d=9 LR=0.012 MCW=8 Est=1400,2024,0.6330215456899901,0.06045974223685149,0.056917825797571646,-0.020389740961730997,0.04459607425575101,0.03403693675994873,0.8310308665400775
49,A,A MSE d=9 LR=0.012 MCW=8 Est=1400,2025,0.6481504293663797,0.06212477472385141,0.061332796472904835,-0.009888160157623624,0.04515873590347956,0.03028655809164047,0.8142331852362119
50,A,A MSE d=9 LR=0.012 MCW=10 Est=1400,2023,0.6612237118845594,0.06262517925842245,0.05517060523076835,-0.029633045668986863,0.04870295499291113,0.04011583292484283,0.8595766119236699
50,A,A MSE d=9 LR=0.012 MCW=10 Est=1400,2024,0.6323389093143963,0.060515948321404354,0.05691321088909651,-0.020568578665482187,0.04452323195316329,0.034415869653224934,0.8313375381907884
50,A,A MSE d=9 LR=0.012 MCW=10 Est=1400,2025,0.6482364044172338,0.06211718411207643,0.061327031515628995,-0.00987622232915307,0.045067499802482903,0.02992256510257721,0.8145334510926319
51,A,A MSE d=9 LR=0.012 MCW=15 Est=1400,2023,0.6623431833668714,0.0625216225499523,0.055086892448914536,-0.02957004508959072,0.04865888634395919,0.04038790464401243,0.8602097513731081
51,A,A MSE d=9 LR=0.012 MCW=15 Est=1400,2024,0.6295114579159646,0.06074819780172652,0.05717473987612357,-0.020527850763577413,0.04466063232546917,0.03403750717639922,0.8297807716740566
51,A,A MSE d=9 LR=0.012 MCW=15 Est=1400,2025,0.6447799740450224,0.06242161993206001,0.061732911297722334,-0.009246961536099186,0.045385243574961175,0.031095186352729787,0.812116034274635
52,A,A MSE d=7 LR=0.015 MCW=5 Est=1200,2023,0.6440359340140231,0.06419416568148491,0.05625211292175798,-0.03092880048401151,0.0500927030906686,0.04082952213287355,0.8548051002824196
52,A,A MSE d=7 LR=0.015 MCW=5 Est=1200,2024,0.6303355729717526,0.06068059601373041,0.057496758894440905,-0.019397356814304254,0.04453952957720737,0.033820015430450434,0.8301702819553708
52,A,A MSE d=7 LR=0.015 MCW=5 Est=1200,2025,0.6339613441388394,0.06336505120628617,0.06268081763934373,-0.00928680862506644,0.046512348143099014,0.0317966136932373,0.8066304592215365
53,A,A MSE d=7 LR=0.015 MCW=8 Est=1200,2023,0.6378823541987779,0.06474665307535848,0.05667164973515664,-0.03131218933189719,0.05050325609177468,0.041429840087890635,0.8529396837769121
53,A,A MSE d=7 LR=0.015 MCW=8 Est=1200,2024,0.636541366842537,0.060169098171659094,0.05701274049338824,-0.019231947327464544,0.04432176561642654,0.03355245471000673,0.8328334166332959
53,A,A MSE d=7 LR=0.015 MCW=8 Est=1200,2025,0.6306137001486247,0.0636541475012856,0.0629921461327017,-0.009156419590199059,0.046734698124319386,0.03202184796333313,0.8052431792005496
54,A,A MSE d=7 LR=0.015 MCW=10 Est=1200,2023,0.6463491095981684,0.06398524796137246,0.05613540036026766,-0.03070714547252524,0.04999942074058112,0.0409347357749939,0.8557169017895003
54,A,A MSE d=7 LR=0.015 MCW=10 Est=1200,2024,0.634053384091897,0.06037468465812422,0.05715288955502022,-0.01945892491699371,0.044357157362681594,0.03336322271823883,0.8322197614658287
54,A,A MSE d=7 LR=0.015 MCW=10 Est=1200,2025,0.6250707294443144,0.06412996275255468,0.06351678325661447,-0.00884705416375012,0.047041107754190986,0.032290646433830256,0.8016066673332689
55,A,A MSE d=7 LR=0.015 MCW=15 Est=1200,2023,0.6416163391775724,0.06441196971583309,0.05654774230996882,-0.030842416933807324,0.05026101822401279,0.04150226652622223,0.8536766657659421
55,A,A MSE d=7 LR=0.015 MCW=15 Est=1200,2024,0.6303806764953928,0.06067689401810172,0.05762552628570547,-0.018999583873574945,0.044584184619120074,0.03349615037441256,0.829874448174152
55,A,A MSE d=7 LR=0.015 MCW=15 Est=1200,2025,0.6337130120545598,0.06338654197920432,0.06271039993143103,-0.009233604091658793,0.04663919181070679,0.03239892244338989,0.8074100166131896
56,A,A MSE d=8 LR=0.015 MCW=5 Est=1200,2023,0.6567456760670489,0.06303771867576642,0.05502738809695383,-0.030752894742971954,0.049140194791189806,0.04020950984954835,0.8608547618525083
56,A,A MSE d=8 LR=0.015 MCW=5 Est=1200,2024,0.634854660671277,0.060308550242339394,0.056692850761907394,-0.020567982464161475,0.04411119370491771,0.0337747677564621,0.8327050619305082
56,A,A MSE d=8 LR=0.015 MCW=5 Est=1200,2025,0.639025497235908,0.06292519609669311,0.062200305135576284,-0.009523777866406473,0.045914543837833825,0.03145097976922988,0.8096323056199289
57,A,A MSE d=8 LR=0.015 MCW=8 Est=1200,2023,0.6545676283434427,0.06323739867640357,0.05537507211398087,-0.03053800877152982,0.049326134701072714,0.04041216826438904,0.8592854934114349
57,A,A MSE d=8 LR=0.015 MCW=8 Est=1200,2024,0.6333250028715656,0.060434739764448936,0.05680214951655996,-0.020636704756346685,0.044218327162629474,0.03362163412570954,0.8322239977944599
57,A,A MSE d=8 LR=0.015 MCW=8 Est=1200,2025,0.6389253132101602,0.06293392754735247,0.06219192003708274,-0.009635575677486682,0.04618097016811848,0.0315720362663269,0.8098385339849297
58,A,A MSE d=8 LR=0.015 MCW=10 Est=1200,2023,0.6521787539436454,0.06345568441884253,0.055530105131917404,-0.030708814843656958,0.049437438167211,0.04061093193292617,0.8583449867882272
58,A,A MSE d=8 LR=0.015 MCW=10 Est=1200,2024,0.6344319069963749,0.06034345180515537,0.05668615383224253,-0.020688454280446272,0.04415093516645853,0.03352529048919678,0.8330594538488602
58,A,A MSE d=8 LR=0.015 MCW=10 Est=1200,2025,0.6365611676836537,0.06313962213001192,0.06248402111008274,-0.009075185322374986,0.04622117446590844,0.031116470575332636,0.8082164974875157
59,A,A MSE d=8 LR=0.015 MCW=15 Est=1200,2023,0.6521170062605154,0.06346131671942175,0.055477847934226915,-0.03081472226630852,0.049363691764249644,0.04123379027843477,0.8589055439367933
59,A,A MSE d=8 LR=0.015 MCW=15 Est=1200,2024,0.6319124801071624,0.06055103265613076,0.057031460873221446,-0.02034305854723558,0.04431628568598665,0.03381859725713729,0.8314984252123949
59,A,A MSE d=8 LR=0.015 MCW=15 Est=1200,2025,0.6351415080119365,0.06326281949271907,0.06255517779548458,-0.009435786196381878,0.04633304740783212,0.03174216502904892,0.808160730128387
60,A,A MSE d=9 LR=0.015 MCW=5 Est=1200,2023,0.656581218264479,0.06305281798044976,0.05560623540576377,-0.029725484676866004,0.049100101542029026,0.04090668880939484,0.8572032655197908
60,A,A MSE d=9 LR=0.015 MCW=5 Est=1200,2024,0.6338167125948532,0.06039420479688717,0.05687252078342534,-0.02032181972728433,0.04449360172375726,0.03426984637975694,0.8310477165120626
60,A,A MSE d=9 LR=0.015 MCW=5 Est=1200,2025,0.6436154522182456,0.06252385496219935,0.06170843999843634,-0.01006483344589356,0.04536978943227194,0.031031880736351013,0.811416791354882
61,A,A MSE d=9 LR=0.015 MCW=8 Est=1200,2023,0.6554075970284408,0.06316046644745331,0.05560056715564026,-0.029963668898034465,0.04907861580468911,0.040215108633041396,0.857388646758495
61,A,A MSE d=9 LR=0.015 MCW=8 Est=1200,2024,0.6314916038122661,0.06058564020492246,0.05709707148419099,-0.02026189094293907,0.04459686846139525,0.03411482238769531,0.8297558586553105
61,A,A MSE d=9 LR=0.015 MCW=8 Est=1200,2025,0.6441647754570654,0.062475649937737424,0.06166940934968586,-0.01000453825040852,0.04557273372260926,0.03144645857810975,0.8120916670522659
62,A,A MSE d=9 LR=0.015 MCW=10 Est=1200,2023,0.6605358118693652,0.06268872859254723,0.05546104794354141,-0.02922240328163063,0.04874961624732641,0.04020110845565794,0.8581463695824592
62,A,A MSE d=9 LR=0.015 MCW=10 Est=1200,2024,0.6297039568416903,0.06073241393681032,0.05721976700749619,-0.020354959364150105,0.04476876162390454,0.034417912840843196,0.829140602305471
62,A,A MSE d=9 LR=0.015 MCW=10 Est=1200,2025,0.644755277585989,0.06242378980717003,0.061650089775721346,-0.009797753035020024,0.045452800524626094,0.03126157176494598,0.8125204821721936
63,A,A MSE d=9 LR=0.015 MCW=15 Est=1200,2023,0.6611890206881799,0.06262838563214623,0.05541477066677676,-0.029180779270566306,0.04872331223803975,0.040437604904174806,0.858602671953028
63,A,A MSE d=9 LR=0.015 MCW=15 Est=1200,2024,0.6265485260008867,0.060990626809011475,0.05734906318555621,-0.020759130757229377,0.04499388187565207,0.03453550958633422,0.8288171408666819
63,A,A MSE d=9 LR=0.015 MCW=15 Est=1200,2025,0.6436528973933164,0.06252057019829665,0.06176389775031327,-0.009697558074545342,0.04553507613353103,0.031697162032127385,0.8121633994854144
64,A,A MSE d=7 LR=0.02 MCW=5 Est=1000,2023,0.6372838003222474,0.06480014171273049,0.056864503827741913,-0.031072279774982607,0.0502231614539672,0.0401773897409439,0.8515413795864584
64,A,A MSE d=7 LR=0.02 MCW=5 Est=1000,2024,0.6327831707069219,0.06047937520200077,0.05752892602292194,-0.018659514862316123,0.044618759134115414,0.03385104411840439,0.8295137391573936
64,A,A MSE d=7 LR=0.02 MCW=5 Est=1000,2025,0.6293016308029087,0.06376709784898038,0.06315291035100713,-0.008829081621501231,0.046778564224513264,0.03180948680639266,0.8035335547661895
65,A,A MSE d=7 LR=0.02 MCW=8 Est=1000,2023,0.6393244579697722,0.06461760034873158,0.05696371959845409,-0.030505227819789933,0.05025267842924009,0.04109841918945312,0.8510785437190398
65,A,A MSE d=7 LR=0.02 MCW=8 Est=1000,2024,0.631980724076737,0.06054541927051498,0.05762188646232303,-0.01858671545374306,0.04452437596781245,0.03338305854797363,0.8298423101062316
65,A,A MSE d=7 LR=0.02 MCW=8 Est=1000,2025,0.6309667319471028,0.06362372229331395,0.06302825509198935,-0.008684301843898021,0.04680689263909315,0.03195897579193113,0.8049502622210508
66,A,A MSE d=7 LR=0.02 MCW=10 Est=1000,2023,0.640534539527641,0.06450911189794738,0.05684326605032582,-0.03050030528689653,0.0501865419828386,0.0406497858762741,0.8517401572414421
66,A,A MSE d=7 LR=0.02 MCW=10 Est=1000,2024,0.6396633501250951,0.0599101250338672,0.057019184012054476,-0.01838574810078779,0.04424260307946143,0.03344816565513611,0.8323875655755557
66,A,A MSE d=7 LR=0.02 MCW=10 Est=1000,2025,0.6298249385263066,0.0637220725632259,0.06309247900568514,-0.008935414073799396,0.04701390690618367,0.03235022842884065,0.8040525065240993
67,A,A MSE d=7 LR=0.02 MCW=15 Est=1000,2023,0.6416706202509944,0.06440709158711286,0.05669725696529117,-0.030556415027330877,0.04991555752763669,0.0399695219993591,0.8524427057464469
67,A,A MSE d=7 LR=0.02 MCW=15 Est=1000,2024,0.6351288586301026,0.0602859022920731,0.05752170619127901,-0.018045590445013294,0.044426302893858655,0.033314245223999006,0.8294967458311042
67,A,A MSE d=7 LR=0.02 MCW=15 Est=1000,2025,0.6316131124231525,0.06356797778537594,0.06291817358047154,-0.00906593806618113,0.04686995046746263,0.03213824808597564,0.8055449249102673
68,A,A MSE d=8 LR=0.02 MCW=5 Est=1000,2023,0.6582657009975813,0.06289798960182925,0.05555513688057185,-0.029492098299930252,0.04909030675802574,0.040547503471374514,0.8582173404241633
68,A,A MSE d=8 LR=0.02 MCW=5 Est=1000,2024,0.6291695373056594,0.060776223325273604,0.057396043930614524,-0.019986081821681368,0.0446537774616741,0.0349878840446472,0.8290705152236336
68,A,A MSE d=8 LR=0.02 MCW=5 Est=1000,2025,0.6360287758462888,0.0631858509792993,0.0626067074997719,-0.008535334792277447,0.046256846903203676,0.031605220794677744,0.8070974093009281
69,A,A MSE d=8 LR=0.02 MCW=8 Est=1000,2023,0.6510901040161664,0.06355491219326107,0.05619521667762579,-0.02968710976919096,0.049528520717193776,0.040547451615333574,0.8548085484381057
69,A,A MSE d=8 LR=0.02 MCW=8 Est=1000,2024,0.6309781442518991,0.06062783388070224,0.057161223532748176,-0.020207146361684667,0.04448128341622043,0.03384907913208007,0.8309491648477503
69,A,A MSE d=8 LR=0.02 MCW=8 Est=1000,2025,0.6326827482302424,0.06347562377386955,0.06283776591735447,-0.008976078653712572,0.046459614006326706,0.032077094912529,0.8061129758657659
70,A,A MSE d=8 LR=0.02 MCW=10 Est=1000,2023,0.6595459550575367,0.06278006031093257,0.05559674095363608,-0.02916056185978958,0.04893917909472826,0.03990139019489289,0.8579348452272787
70,A,A MSE d=8 LR=0.02 MCW=10 Est=1000,2024,0.6347406409144858,0.0603179654378427,0.0569572970482786,-0.019852538039175745,0.04408014791733089,0.033246587336063387,0.8318452792243529
70,A,A MSE d=8 LR=0.02 MCW=10 Est=1000,2025,0.6381395635519491,0.06300236690405624,0.0624180961674888,-0.008560344989510702,0.04605972784941344,0.03201012754440308,0.8082679632651855
71,A,A MSE d=8 LR=0.02 MCW=15 Est=1000,2023,0.6599591299783772,0.06274195381528526,0.05527707855536876,-0.029681599602162344,0.048809179222507375,0.03991316437721254,0.8599445119060316
71,A,A MSE d=8 LR=0.02 MCW=15 Est=1000,2024,0.6328877943222331,0.06047075900968426,0.05702399399222022,-0.020124035573535582,0.04419627142960857,0.03309438967704775,0.8317737507940467
71,A,A MSE d=8 LR=0.02 MCW=15 Est=1000,2025,0.640252915149254,0.06281812304867804,0.06208014358314237,-0.009600643522983744,0.0459600240502766,0.032309673905372614,0.8109941344677717
72,A,A MSE d=9 LR=0.02 MCW=5 Est=1000,2023,0.6539155372214388,0.06329705883983563,0.05585400901420732,-0.029779982115751655,0.04929244678614159,0.040305518269538876,0.8557901336612093
72,A,A MSE d=9 LR=0.02 MCW=5 Est=1000,2024,0.6256068695382381,0.06106747221421727,0.05745681340249516,-0.020686970745236264,0.044962749390450384,0.03457046461105345,0.8270087617736207
72,A,A MSE d=9 LR=0.02 MCW=5 Est=1000,2025,0.6418216336068492,0.06268101059361013,0.061881635786688524,-0.009978589148784845,0.04551153725757896,0.030968269526958456,0.8103147744178879
73,A,A MSE d=9 LR=0.02 MCW=8 Est=1000,2023,0.6566863856738644,0.06304316270004078,0.05564671867861419,-0.029629091506947237,0.049092646384297396,0.04013645738363267,0.8572242109549365
73,A,A MSE d=9 LR=0.02 MCW=8 Est=1000,2024,0.6330789192337276,0.06045501590317522,0.05680200964753013,-0.02069639212949077,0.04451588732983916,0.03422618198394775,0.8314763498859389
73,A,A MSE d=9 LR=0.02 MCW=8 Est=1000,2025,0.647570092869993,0.06217598754730953,0.061212024732986654,-0.010906028405034702,0.04502764978689895,0.030692268848419177,0.8148548250705714
74,A,A MSE d=9 LR=0.02 MCW=10 Est=1000,2023,0.6580658772414145,0.06291637621944596,0.055565161505155045,-0.029512424900250203,0.04888049609784058,0.03985985016822813,0.8574854020167957
74,A,A MSE d=9 LR=0.02 MCW=10 Est=1000,2024,0.6295837687567217,0.06074226918704545,0.05696804265890128,-0.021077603840088364,0.044668037353630896,0.03411526656150818,0.8299610008325075
74,A,A MSE d=9 LR=0.02 MCW=10 Est=1000,2025,0.6540125973356073,0.061605070295222365,0.060652806956453025,-0.010789888525028242,0.04483688347963832,0.031100854754447932,0.8181739367519558
75,A,A MSE d=9 LR=0.02 MCW=15 Est=1000,2023,0.6597120517199647,0.06276474424879705,0.055684834810266134,-0.02895880337255482,0.04876374784856807,0.040053350210189825,0.8570194580937044
75,A,A MSE d=9 LR=0.02 MCW=15 Est=1000,2024,0.6287550212446106,0.06081018181443246,0.05719233385398377,-0.020661925429138164,0.044695732710744236,0.03405010098218919,0.8296028926726807
75,A,A MSE d=9 LR=0.02 MCW=15 Est=1000,2025,0.6527435075243209,0.06171795129021897,0.06085404898027561,-0.010290298060215024,0.04488097540765786,0.030640667736530305,0.8176291182057321
76,B,B MSE L2=0.5 L1=0.0,2023,0.65750255387463,0.06296818105126653,0.05534472214518325,-0.030032541610352834,0.048965957482449696,0.03983874320983888,0.8596337039906526
76,B,B MSE L2=0.5 L1=0.0,2024,0.633185179820234,0.060446261363099905,0.056849894755168884,-0.020538743448078267,0.044483620863563916,0.03419772362709045,0.8327958919482144
76,B,B MSE L2=0.5 L1=0.0,2025,0.6382125065094256,0.06299601665113842,0.06225142328749773,-0.009657039535556246,0.04608007294390562,0.03142793089151383,0.8096172583769345
77,B,B MSE L2=0.5 L1=0.01,2023,0.6591681342884689,0.0628148859121078,0.055308504104782025,-0.029777160137300633,0.04873088714104801,0.0397599846124649,0.85968894439626
77,B,B MSE L2=0.5 L1=0.01,2024,0.6337787128632635,0.060397338342457633,0.05691440212691833,-0.020213592102705274,0.0443175664408961,0.033666057348251344,0.8319803272168192
77,B,B MSE L2=0.5 L1=0.01,2025,0.6382133648747633,0.0629959419199355,0.06232402977405819,-0.009176274358486535,0.04612078564282987,0.03145059412717818,0.8088325704142073
78,B,B MSE L2=0.5 L1=0.03,2023,0.6563950600433235,0.06306990529599803,0.055367075120274584,-0.030204303446232924,0.04902274887276962,0.03981129407882689,0.8591945521557092
78,B,B MSE L2=0.5 L1=0.03,2024,0.6371618243852213,0.06011771912400826,0.0565739709167078,-0.020335337832460477,0.044325442940177796,0.03406227278709412,0.8340289220288016
78,B,B MSE L2=0.5 L1=0.03,2025,0.6360657665014534,0.06318264008616027,0.06246069774849835,-0.009524035123202969,0.04638301865187428,0.03166676473617555,0.8080017050801529
79,B,B MSE L2=0.5 L1=0.05,2023,0.6595825738822337,0.06277668394651854,0.055012725444880624,-0.03024090088683365,0.048894906378679964,0.04007592320442199,0.8609142152100877
79,B,B MSE L2=0.5 L1=0.05,2024,0.6392198427159848,0.05994698280771285,0.056453578009924454,-0.020165174827546713,0.04411346009366994,0.034089614391326906,0.8346927476850899
79,B,B MSE L2=0.5 L1=0.05,2025,0.6461491062816482,0.06230120729220866,0.06154332808074751,-0.009688095726830371,0.04567798368397763,0.031094755172729485,0.8133796591750961
80,B,B MSE L2=0.5 L1=0.1,2023,0.6567610273173178,0.06303630905242279,0.05518786820282114,-0.03046104827776965,0.049076155626340934,0.04099748849868774,0.8597728401942167
80,B,B MSE L2=0.5 L1=0.1,2024,0.6392626502054725,0.05994342627070546,0.05635968529164093,-0.02041568571087039,0.043945124084895364,0.03363405680656434,0.8348804910028138
80,B,B MSE L2=0.5 L1=0.1,2025,0.6410233967830836,0.06275081721776056,0.06208169125041529,-0.0091394022225236,0.04600022003317089,0.03158608078956604,0.8098588950855174
81,B,B MSE L2=0.5 L1=0.2,2023,0.6503465863037474,0.06362259307003655,0.05552769993657957,-0.031056543412116156,0.04953219985378054,0.04101386642456056,0.8579354357061337
81,B,B MSE L2=0.5 L1=0.2,2024,0.6358359226819698,0.06022746157123336,0.05665102313864996,-0.020445261106252444,0.044171492366562794,0.033766309738159195,0.8332087331771417
81,B,B MSE L2=0.5 L1=0.2,2025,0.6426413747614598,0.06260924238907134,0.06192790174103666,-0.009211526392840497,0.04583509151872584,0.031303922623395916,0.8104664760676604
82,B,B MSE L2=1.0 L1=0.0,2023,0.6586138207033182,0.06286594481026388,0.055113989425236584,-0.03024194415909945,0.04898999980440364,0.040314363241195694,0.860708925476556
82,B,B MSE L2=1.0 L1=0.0,2024,0.6346768823993789,0.06032322966448415,0.05664343140197092,-0.02074641447700858,0.04444143386313356,0.0340529685020447,0.833547808967315
82,B,B MSE L2=1.0 L1=0.0,2025,0.6376912416030933,0.06304138277584025,0.06224487596730318,-0.009989562458138734,0.046233049860136134,0.03152365899086,0.8096289003089472
83,B,B MSE L2=1.0 L1=0.01,2023,0.6581337988737335,0.06291012706950047,0.055343720405104005,-0.029912484009563468,0.04890057256980608,0.039660938024520864,0.8594338860674696
83,B,B MSE L2=1.0 L1=0.01,2024,0.6361681056189121,0.06019998618200006,0.05666695640305352,-0.020319802926358304,0.04440407157007177,0.034481336355209335,0.8333940148607669
83,B,B MSE L2=1.0 L1=0.01,2025,0.6371167190615218,0.06309134616722326,0.06237058415311909,-0.009509373985236885,0.04630559243506389,0.031535063743591316,0.8086735721643384
84,B,B MSE L2=1.0 L1=0.03,2023,0.6569589406306255,0.06301813290593836,0.05527460577129527,-0.030265541987190676,0.049108674215040886,0.040243267297744745,0.8597511400700637
84,B,B MSE L2=1.0 L1=0.03,2024,0.6384958762426821,0.06000709954986971,0.05644821127545811,-0.020358080428325983,0.044172475706779964,0.033711917400360114,0.8347291065526194
84,B,B MSE L2=1.0 L1=0.03,2025,0.6377329105765679,0.06303775749052912,0.06234530764869229,-0.00931780465692878,0.046232256952407735,0.03119358539581296,0.8088550369656831
85,B,B MSE L2=1.0 L1=0.05,2023,0.6566691392473027,0.06304474617295867,0.055336706227516484,-0.030207432262647212,0.04900728571544088,0.039906019449234,0.8592743987267352
85,B,B MSE L2=1.0 L1=0.05,2024,0.6384191027171837,0.06001347113972568,0.05651444713167098,-0.020192423835725577,0.0440706339630983,0.033875854492187496,0.8341848040972133
85,B,B MSE L2=1.0 L1=0.05,2025,0.6397026289984232,0.06286614947543816,0.06222218095564927,-0.008975129357879879,0.04604813248575259,0.031506561279296866,0.8091732791551274
86,B,B MSE L2=1.0 L1=0.1,2023,0.652714668299105,0.06340678010101283,0.055477959920475564,-0.030702047583840042,0.0493670440660332,0.040540543437004084,0.8582075195558196
86,B,B MSE L2=1.0 L1=0.1,2024,0.6361983301433269,0.06019748564017035,0.0567033059320565,-0.02021069946422873,0.04416063689604178,0.03363146805763245,0.8327070347653307
86,B,B MSE L2=1.0 L1=0.1,2025,0.6443221910345582,0.06246182931551295,0.06175703573842731,-0.009356743997936727,0.04582354672144564,0.03153944641351701,0.8115695936473758
87,B,B MSE L2=1.0 L1=0.2,2023,0.6466773814313089,0.06395554433022509,0.05587862724728374,-0.03111094128332525,0.04976747575914273,0.04104446804523468,0.8560353764810011
87,B,B MSE L2=1.0 L1=0.2,2024,0.6320870639024696,0.060536671285125875,0.0569214281249685,-0.02060678501643043,0.04438082551430086,0.03403260695934296,0.8314235357068683
87,B,B MSE L2=1.0 L1=0.2,2025,0.6380979569961782,0.06300598879233593,0.062320762067806706,-0.009266997301597609,0.04625450337892345,0.03161972033977509,0.8079519900126332
88,B,B MSE L2=1.5 L1=0.0,2023,0.6618203305912709,0.06257001037645857,0.05489065552819854,-0.030033683327137784,0.04880212192592513,0.03977692461013793,0.8617395005094671
88,B,B MSE L2=1.5 L1=0.0,2024,0.6383364137173981,0.060020332910161074,0.05650118753964495,-0.02024984353043075,0.04417186180173607,0.033835127115249636,0.8344691325204058
88,B,B MSE L2=1.5 L1=0.0,2025,0.6395484093573742,0.06287960247085166,0.06210468237900941,-0.009841383718508923,0.046099527476261476,0.03125365948677064,0.810491063404566
89,B,B MSE L2=1.5 L1=0.01,2023,0.6605251565776351,0.06268971243925794,0.055036635100345004,-0.03001614303251647,0.04882520064150446,0.03993504488468169,0.8608561609651825
89,B,B MSE L2=1.5 L1=0.01,2024,0.6419448301841588,0.05972016267865327,0.056241663480795165,-0.02008415095250295,0.043946833175022376,0.0338153190612793,0.8357675826395625
89,B,B MSE L2=1.5 L1=0.01,2025,0.6398102564397437,0.0628567591374492,0.06218422069142447,-0.009170325308489357,0.045986350397762055,0.031216453492641447,0.8097721120290818
90,B,B MSE L2=1.5 L1=0.03,2023,0.6581389452251352,0.06290965355261288,0.05516658821302924,-0.0302369319714167,0.049017206752740426,0.04016852712631225,0.860206760067609
90,B,B MSE L2=1.5 L1=0.03,2024,0.6402997111949533,0.05985720047251368,0.05641801151039666,-0.019997310489959372,0.04395512379921775,0.033429851293563836,0.8348629091907911
90,B,B MSE L2=1.5 L1=0.03,2025,0.6395814371383619,0.06287672161060824,0.06221278006430162,-0.009113293431514352,0.045967788696742416,0.031125064790248867,0.8094498449512889
91,B,B MSE L2=1.5 L1=0.05,2023,0.6542710418462684,0.06326454050793942,0.05540516563873261,-0.030539641553649167,0.049305559225369056,0.040821467876434314,0.8588853121451154
91,B,B MSE L2=1.5 L1=0.05,2024,0.6365414478860624,0.06016909146344575,0.05661156764859944,-0.020382589881607703,0.044265122050155564,0.033966724038124084,0.8336250465786458
91,B,B MSE L2=1.5 L1=0.05,2025,0.6419901510633746,0.06266626362928242,0.06195538805289493,-0.00941225204029209,0.04597094525226218,0.03141359192132952,0.8107408247450443
92,B,B MSE L2=1.5 L1=0.1,2023,0.6523781950493102,0.06343748902865394,0.055509459768950366,-0.03070854751400588,0.049446715476038544,0.04128902387619021,0.858114061498956
92,B,B MSE L2=1.5 L1=0.1,2024,0.6360502995954929,0.06020973154394716,0.0566898223063416,-0.020284866844193415,0.04431130855080416,0.03405536127090453,0.8327511900427826
92,B,B MSE L2=1.5 L1=0.1,2025,0.642828885452486,0.06259281429429545,0.06188123108564721,-0.0094113570012695,0.04592477818581464,0.03131455910205841,0.8108318061908028
93,B,B MSE L2=1.5 L1=0.2,2023,0.6488402338533004,0.06375949299189122,0.05566601236922033,-0.031089676960252353,0.049669474642724934,0.04113139939308169,0.8571284648652927
93,B,B MSE L2=1.5 L1=0.2,2024,0.6329608008462715,0.06046474588976836,0.056801487911828694,-0.020726226543937968,0.04429246980842021,0.033732455849647514,0.832167616177804
93,B,B MSE L2=1.5 L1=0.2,2025,0.6392287638236609,0.06290747685209953,0.062205570600354074,-0.00937110613438012,0.04615681628953275,0.031492043495178215,0.8086451061878398
94,B,B MSE L2=2.0 L1=0.0,2023,0.6581334401353556,0.0629101600769621,0.055202944396747354,-0.030171562287004974,0.04902479076741998,0.04019406378269197,0.8600481151335687
94,B,B MSE L2=2.0 L1=0.0,2024,0.6395007342260054,0.05992364189365118,0.05642088776944346,-0.020187280249854878,0.0440191695273094,0.03374718475341798,0.8349248932287602
94,B,B MSE L2=2.0 L1=0.0,2025,0.6402715880247085,0.06281649272245858,0.0621208003127555,-0.0093229784110816,0.04593671773380046,0.03149906653165817,0.8100119968282169
95,B,B MSE L2=2.0 L1=0.01,2023,0.6558031360235348,0.06312420679645003,0.05544328826021629,-0.030177926876703558,0.049274806122227635,0.04053975874185563,0.8587721263803054
95,B,B MSE L2=2.0 L1=0.01,2024,0.6392630478590158,0.05994339323181658,0.056548011616128956,-0.019888005797821837,0.04415095478109479,0.033818592071533204,0.8340496372482156
95,B,B MSE L2=2.0 L1=0.01,2025,0.6384550079527685,0.0629749004074503,0.06234693121655807,-0.008871203368549062,0.046249832287204085,0.03149796211719513,0.8084798499389245
96,B,B MSE L2=2.0 L1=0.03,2023,0.6580405164133919,0.06291870939081712,0.05518760959730394,-0.03021740786933593,0.0490154388700457,0.04022193002700808,0.860030791551539
96,B,B MSE L2=2.0 L1=0.03,2024,0.639176662967938,0.059950570059000875,0.056495439410073844,-0.02005831934639849,0.04405078034239682,0.03367972379922868,0.8341974542863677
96,B,B MSE L2=2.0 L1=0.03,2025,0.6377128857550625,0.06303949971668636,0.0623834372253645,-0.009071123661328733,0.046113718084281115,0.03131514751911163,0.8082289333994201
97,B,B MSE L2=2.0 L1=0.05,2023,0.656772490840463,0.06303525639774349,0.05518104915842069,-0.030471221880738895,0.04920813055337839,0.04077554821968077,0.8599465247785164
97,B,B MSE L2=2.0 L1=0.05,2024,0.636165401840662,0.06020020986650026,0.05671687987421388,-0.02018070381511924,0.044209977978443164,0.033785341501235966,0.8327424348333391
97,B,B MSE L2=2.0 L1=0.05,2025,0.6404856266867791,0.06279780201277943,0.06211499802035471,-0.009235310420763787,0.04603648364832632,0.031533648848533616,0.809710752896599
98,B,B MSE L2=2.0 L1=0.1,2023,0.6519721797579103,0.06347452507446665,0.055526409049884505,-0.030754401822405904,0.04950529829972685,0.040849607288837436,0.8580208881634275
98,B,B MSE L2=2.0 L1=0.1,2024,0.6336565805060201,0.0604074085577397,0.056844563103563575,-0.020438949349401554,0.04435220793828364,0.03400132560729979,0.8322312058050559
98,B,B MSE L2=2.0 L1=0.1,2025,0.6426753865579193,0.06260626288427058,0.0618879161204629,-0.00945674312863949,0.04585647778987311,0.030799970209598543,0.8111115153349832
99,B,B MSE L2=2.0 L1=0.2,2023,0.647645219257747,0.06386788925410586,0.05564334131561869,-0.03135164820242117,0.04975264060082579,0.04102433848381043,0.8571885477029387
99,B,B MSE L2=2.0 L1=0.2,2024,0.6356197831335193,0.06024533209468974,0.05667134973409415,-0.02044157924233133,0.04417074372860278,0.033715102195739755,0.8328086112018297
99,B,B MSE L2=2.0 L1=0.2,2025,0.639387764301378,0.06289361291260501,0.06218379686735965,-0.009422417543261787,0.04607814980113955,0.03145831963419915,0.8087582026079434
100,B,B MSE L2=3.0 L1=0.0,2023,0.6564207371137614,0.06306754869330063,0.05528061659036568,-0.030357357058395578,0.04918406785214714,0.04034828865528106,0.8594937820631614
100,B,B MSE L2=3.0 L1=0.0,2024,0.6370975579165983,0.06012304296078302,0.05663755824740953,-0.02017343026860896,0.04416663607666201,0.03366572999954226,0.8328846694226452
100,B,B MSE L2=3.0 L1=0.0,2025,0.6410310153353742,0.0627501513346438,0.06206775063477071,-0.009229074908171393,0.04591457821327367,0.03130973452329634,0.8100315828895869
101,B,B MSE L2=3.0 L1=0.01,2023,0.6563919250921544,0.06307019301104425,0.05512004112442318,-0.0306533899086621,0.04912377143973871,0.040303991556167595,0.8602304261421606
101,B,B MSE L2=3.0 L1=0.01,2024,0.6389137589928753,0.05997240674693805,0.05646791455542579,-0.02020059899064654,0.044017225848511456,0.03348825454711912,0.8342860615261438
101,B,B MSE L2=3.0 L1=0.01,2025,0.6411179975583445,0.06274254834027561,0.06206563674489271,-0.009191523686683682,0.04597997496825299,0.03135818791389465,0.8101324112479013
102,B,B MSE L2=3.0 L1=0.03,2023,0.6531460849661751,0.06336738419236125,0.05543063682694562,-0.03070618635294166,0.04949776276634131,0.041178187370300295,0.8586153081296082
102,B,B MSE L2=3.0 L1=0.03,2024,0.6363977805748444,0.06018098205933093,0.056710382587450064,-0.020141576658661543,0.04430230540805325,0.03402291822433473,0.8328856199978703
102,B,B MSE L2=3.0 L1=0.03,2025,0.6427366482998494,0.0626008958692664,0.06185835084406034,-0.009613355006858573,0.045936996550966586,0.031367621958255765,0.8114079516447706
103,B,B MSE L2=3.0 L1=0.05,2023,0.65421206365052,0.06326993645359459,0.055395742672820006,-0.03056790068959331,0.04936062475195882,0.04111239862442018,0.8587749036375184
103,B,B MSE L2=3.0 L1=0.05,2024,0.6349390464232076,0.06030158113185697,0.05685307580216313,-0.020099961623010983,0.04439189452220733,0.03412149572372436,0.8322311684765014
103,B,B MSE L2=3.0 L1=0.05,2025,0.6420934574812314,0.062657221567562,0.06195141832701372,-0.009378122511365298,0.04597003080300373,0.03113921082019805,0.8108840953633337
104,B,B MSE L2=3.0 L1=0.1,2023,0.6495013543753927,0.06369944544082445,0.05562016998664228,-0.03104860770027558,0.04971150146348832,0.041271717548370335,0.8574420762139118
104,B,B MSE L2=3.0 L1=0.1,2024,0.6367504618396145,0.060151788268652445,0.05661180956946453,-0.020330780905353632,0.04407031927441957,0.0335452024936676,0.8336019181287032
104,B,B MSE L2=3.0 L1=0.1,2025,0.6415753614869705,0.06270255563134546,0.062000511428676214,-0.009356658874009492,0.04603561405168236,0.03143366289138795,0.8104624893565914
105,B,B MSE L2=3.0 L1=0.2,2023,0.6461853020858905,0.06400006490535959,0.055890289661101725,-0.03118146612153462,0.04982230142276389,0.04066763210296631,0.8558689883865787
105,B,B MSE L2=3.0 L1=0.2,2024,0.6356748978319943,0.06024077568804847,0.056648874232028364,-0.020490390576243515,0.044113586506505806,0.03364921140670779,0.8328878287948954
105,B,B MSE L2=3.0 L1=0.2,2025,0.6388948145415183,0.06293658539148184,0.062245286346532855,-0.009302586112335453,0.04622672046013504,0.032042072594165805,0.8080894413809916
106,B,B MSE L2=5.0 L1=0.0,2023,0.6524902743877549,0.06342726152725205,0.05554525832484393,-0.030622569821504398,0.04952480226342257,0.04104836988449097,0.8580363987380871
106,B,B MSE L2=5.0 L1=0.0,2024,0.636572233531095,0.060166543190049916,0.05661427099101266,-0.020367553633072147,0.044269789215300004,0.03388990688323973,0.8333362365482883
106,B,B MSE L2=5.0 L1=0.0,2025,0.6411323357959218,0.06274129496654293,0.062008903000267616,-0.009558558614254949,0.04610585774038676,0.03157658922672271,0.8103459894568106
107,B,B MSE L2=5.0 L1=0.01,2023,0.6526940887186983,0.06340865876601755,0.05551787753626654,-0.03063369517987335,0.04947891701124483,0.04072272878885269,0.858149167302682
107,B,B MSE L2=5.0 L1=0.01,2024,0.6350218405394508,0.060294742685870685,0.05674143918472257,-0.020392770090936513,0.04426611773585375,0.03353602886199952,0.8324528638689367
107,B,B MSE L2=5.0 L1=0.01,2025,0.6420380904437248,0.0626620678195417,0.061943185539642925,-0.009464486706748399,0.045849494599193644,0.03130997812747956,0.8109383049791282
108,B,B MSE L2=5.0 L1=0.03,2023,0.6538895338101609,0.06329943673990705,0.05534573806566458,-0.030719179181034766,0.04936377620604259,0.041023500204086294,0.8589633209199743
108,B,B MSE L2=5.0 L1=0.03,2024,0.6321456895242601,0.060531847941015904,0.056937373342928047,-0.02054848251012632,0.04446212583057866,0.03395021009445193,0.8311318596986195
108,B,B MSE L2=5.0 L1=0.03,2025,0.6421700037569854,0.06265052088894901,0.06192451200189696,-0.00951013043988123,0.046020104943322024,0.03175128370523453,0.8108314679379106
109,B,B MSE L2=5.0 L1=0.05,2023,0.6529907582860299,0.06338157106371115,0.05542830065153299,-0.030739665537990735,0.04950170175058651,0.040747795581817625,0.8584294904181773
109,B,B MSE L2=5.0 L1=0.05,2024,0.6340110400853392,0.06037817756116301,0.05682074009921761,-0.02041881042528275,0.044264958615363274,0.033828308105468746,0.8316186540607267
109,B,B MSE L2=5.0 L1=0.05,2025,0.6402306063364545,0.06282007077262239,0.06213074876447269,-0.009280697702407071,0.04625772299663461,0.03162767678499222,0.8092593050489328
110,B,B MSE L2=5.0 L1=0.1,2023,0.6486260597317807,0.06377893364710154,0.05571316116261548,-0.031045064832111446,0.04968959172567944,0.040776313781738294,0.8569425469078218
110,B,B MSE L2=5.0 L1=0.1,2024,0.6349774234577115,0.060298411446547955,0.05674006773282201,-0.02040742854952698,0.044146936337921924,0.03353233754634857,0.8327002497483762
110,B,B MSE L2=5.0 L1=0.1,2025,0.6406433682075202,0.06278402383263022,0.062071343922802835,-0.009433022433633894,0.046032593165973926,0.03155693364143371,0.8097049604317047
111,B,B MSE L2=5.0 L1=0.2,2023,0.6470204907263324,0.06392448338122422,0.0557898467114199,-0.031206290703522637,0.049841657656920474,0.041156853139400484,0.856267950534923
111,B,B MSE L2=5.0 L1=0.2,2024,0.6352600043309675,0.060275067031929704,0.05674386594130812,-0.02032774908612398,0.04402436492766745,0.03340046298503876,0.8321673261566376
111,B,B MSE L2=5.0 L1=0.2,2025,0.6362625916320346,0.06316555236520072,0.06250920032271884,-0.009082228835221763,0.046371023557942995,0.03192036300897598,0.8060290007864942
112,C,C MSE sub=0.8 col=0.7,2023,0.6316433732448565,0.06530203614858308,0.056822436602054605,-0.03218022100229542,0.04995182390192277,0.03994955301284789,0.8512808972477797
112,C,C MSE sub=0.8 col=0.7,2024,0.648109461231035,0.0592038299871637,0.05600634674021549,-0.019193295997916835,0.043509157419185644,0.03323147153854372,0.836558869249176
112,C,C MSE sub=0.8 col=0.7,2025,0.6448897828627314,0.06241197101928463,0.06169516821442422,-0.009431879213922398,0.04609149676873934,0.032352609783411035,0.8114030728613347
113,C,C MSE sub=0.8 col=0.75,2023,0.6465198372669327,0.06396980141330481,0.0557945396014511,-0.031290651056182284,0.04957655971654857,0.040279865026474015,0.8568542243652559
113,C,C MSE sub=0.8 col=0.75,2024,0.6373264535218378,0.060104079088641287,0.05671456323644856,-0.019898709484895735,0.04452817163003837,0.03408942472934723,0.8337481106039537
113,C,C MSE sub=0.8 col=0.75,2025,0.6389114268344507,0.06293513770662489,0.06217140106923548,-0.009774888604998682,0.0462587948451527,0.031829957306385034,0.8092423115806402
114,C,C MSE sub=0.8 col=0.8,2023,0.6518024177840066,0.06349000407690518,0.055496727621843704,-0.03083980935337269,0.04946573503631479,0.04119225680828094,0.8583029863575914
114,C,C MSE sub=0.8 col=0.8,2024,0.633383752105571,0.060429898096863034,0.057050330132263634,-0.01992567226640478,0.04440079026649965,0.03439160752296447,0.8309276396183596
114,C,C MSE sub=0.8 col=0.8,2025,0.6412668445673656,0.06272953569385915,0.062044550302076826,-0.009244913530168385,0.04615655767764923,0.031588149428367615,0.8100548546760677
115,C,C MSE sub=0.8 col=0.9,2023,0.6636904972695494,0.06239676138205247,0.05484385611976533,-0.0297574743028272,0.04881929797770811,0.04037297439575194,0.8620242462448138
115,C,C MSE sub=0.8 col=0.9,2024,0.6213402104923132,0.06141445501113164,0.05759558828543805,-0.0213186184473605,0.044911153519271774,0.03411076498031618,0.827580101429772
115,C,C MSE sub=0.8 col=0.9,2025,0.6472040289780134,0.06220826982014619,0.06132609244100068,-0.010439311276802163,0.04566691444555314,0.03163618093729019,0.8148713197606972
116,C,C MSE sub=0.85 col=0.7,2023,0.6279191502085298,0.06563131993044297,0.05706436897964896,-0.032421103447702986,0.050260774875382004,0.04051952147483828,0.8501964875251408
116,C,C MSE sub=0.85 col=0.7,2024,0.6520417524608365,0.05887210644697819,0.055678825532211144,-0.019125723608850786,0.0435850084485968,0.03320839589834214,0.838807020216565
116,C,C MSE sub=0.85 col=0.7,2025,0.6456307184157146,0.06234682589983047,0.06159789127420663,-0.00963465050507107,0.04589853731556545,0.03195359063148499,0.8124604863782786
117,C,C MSE sub=0.85 col=0.75,2023,0.6455070042136541,0.06406138276775154,0.05599575267253736,-0.031118104774431006,0.049576401023865464,0.04009083461761476,0.8557271823729011
117,C,C MSE sub=0.85 col=0.75,2024,0.643271803844589,0.059609396727585716,0.056270231602097584,-0.01967082138056949,0.04403358699461886,0.03364550542831421,0.8358102945007652
117,C,C MSE sub=0.85 col=0.75,2025,0.6417599836237072,0.0626864047175192,0.061964622113636285,-0.009485301403902928,0.045983624698950634,0.031585585355758644,0.8105819762306385
118,C,C MSE sub=0.85 col=0.8,2023,0.6535474492140325,0.06333071059108576,0.0553998902286771,-0.030686007668359414,0.049367444076387476,0.04091216874122619,0.8590139036364529
118,C,C MSE sub=0.85 col=0.8,2024,0.6429136115427718,0.0596393162435199,0.056135099898008134,-0.02014196113197042,0.04393731517163869,0.03378165483474732,0.8359848764299951
118,C,C MSE sub=0.85 col=0.8,2025,0.640132799370982,0.06282860932963201,0.06208713395275662,-0.009624029708395392,0.04592304654255974,0.03164580833911895,0.809799304483463
119,C,C MSE sub=0.85 col=0.9,2023,0.6586171643551815,0.06286563694433235,0.055059579017524195,-0.030340254890653173,0.04910709572547742,0.04014777517318724,0.8609637079939405
119,C,C MSE sub=0.85 col=0.9,2024,0.6250113793913086,0.06111601828308717,0.05741022258333516,-0.020957910934709154,0.0446522995506684,0.03375517320632934,0.8294284180473446
119,C,C MSE sub=0.85 col=0.9,2025,0.6445259296037877,0.06244393713002851,0.06154996097770681,-0.010528418112030211,0.04557989971359984,0.030889877855777723,0.813633693411235
120,C,C MSE sub=0.9 col=0.7,2023,0.6315844645451384,0.06530725758885465,0.05690452197763557,-0.032045487549325326,0.05004972827010741,0.04018865966796875,0.850975889551752
120,C,C MSE sub=0.9 col=0.7,2024,0.6477243099483005,0.05923622101865367,0.05625752094606887,-0.018547808900709003,0.04390954214382141,0.03396663296222688,0.8353902626137042
120,C,C MSE sub=0.9 col=0.7,2025,0.6428560869119166,0.06259043077523758,0.06190081014945212,-0.009265620727792941,0.04605411024065949,0.03219841545820236,0.8107527541130998
121,C,C MSE sub=0.9 col=0.75,2023,0.6487347787654173,0.06376906592544684,0.05580329939749052,-0.030862364545805553,0.04947731618223519,0.04028557920455933,0.8567581755883492
121,C,C MSE sub=0.9 col=0.75,2024,0.6400895253576862,0.05987468627781237,0.05648608063889308,-0.019857007646526363,0.04418511106724323,0.034139163613319395,0.8342160305729425
121,C,C MSE sub=0.9 col=0.75,2025,0.6409152158993745,0.06276027177195262,0.06210355845004329,-0.009055370822417629,0.046100628914620224,0.031484788000583644,0.8098935146712786
122,C,C MSE sub=0.9 col=0.8,2023,0.6581389452251352,0.06290965355261288,0.05516658821302924,-0.0302369319714167,0.049017206752740426,0.04016852712631225,0.860206760067609
122,C,C MSE sub=0.9 col=0.8,2024,0.6402997111949533,0.05985720047251368,0.05641801151039666,-0.019997310489959372,0.04395512379921775,0.033429851293563836,0.8348629091907911
122,C,C MSE sub=0.9 col=0.8,2025,0.6395814371383619,0.06287672161060824,0.06221278006430162,-0.009113293431514352,0.045967788696742416,0.031125064790248867,0.8094498449512889
123,C,C MSE sub=0.9 col=0.9,2023,0.66124384523061,0.06262331833547224,0.05502007783305924,-0.02990770861483726,0.04888635390484009,0.03994486236572266,0.8613581616799533
123,C,C MSE sub=0.9 col=0.9,2024,0.6212265565956305,0.06142367102592823,0.057642560837670394,-0.021217976850501866,0.045153077634276007,0.03505821895599365,0.8279421870321967
123,C,C MSE sub=0.9 col=0.9,2025,0.636701529768763,0.06312742851712554,0.06232316965910597,-0.010044638113296917,0.046116548291175626,0.031783305704593645,0.8091565436323017
124,C,C MSE sub=0.95 col=0.7,2023,0.6342694496358607,0.06506884518736962,0.0567627261406702,-0.031811122820440636,0.05004953599023426,0.04046844863891602,0.8517388463459511
124,C,C MSE sub=0.95 col=0.7,2024,0.6485232714534156,0.05916900899297113,0.056015870035232285,-0.019057647527655666,0.04374190564494107,0.03391866314411163,0.8365566517321861
124,C,C MSE sub=0.95 col=0.7,2025,0.6469457399164918,0.06223103761959893,0.061503630253451784,-0.009487123318416198,0.04567362743847555,0.031419362425804134,0.8132641035174708
125,C,C MSE sub=0.95 col=0.75,2023,0.648446050136748,0.06379526859495403,0.055677455904618894,-0.031142530389991808,0.04943771737011824,0.040496220827102664,0.8575065278484395
125,C,C MSE sub=0.95 col=0.75,2024,0.6406725582348196,0.0598261699631949,0.05628504006289248,-0.020277201075961048,0.044100725229494785,0.03386993026733398,0.835141930142209
125,C,C MSE sub=0.95 col=0.75,2025,0.6439540422948498,0.06249414690162904,0.06172508392515902,-0.009774068313374146,0.045844890881291,0.03139028045535089,0.8123507838314188
126,C,C MSE sub=0.95 col=0.8,2023,0.6585076765308184,0.0628757172256292,0.05526418126628157,-0.02998709865266825,0.04892921843763747,0.03984658956527709,0.8598345063502736
126,C,C MSE sub=0.95 col=0.8,2024,0.6353626946556283,0.06026658139558187,0.056657694874260874,-0.02054182189836417,0.04413842373895767,0.03327563762664795,0.8335071402081325
126,C,C MSE sub=0.95 col=0.8,2025,0.6379984085826198,0.06301465372679763,0.06238966150767301,-0.008853062818392071,0.04602404597279928,0.03104119211435319,0.8086601104160432
127,C,C MSE sub=0.95 col=0.9,2023,0.6585479422808986,0.06287201024251955,0.05529398765036761,-0.029924314556177847,0.04896898584157401,0.04021919441223143,0.8601987321133322
127,C,C MSE sub=0.95 col=0.9,2024,0.615165909690931,0.06191313227039857,0.0580797397693021,-0.021447139087503318,0.04544623694998942,0.03469357776641846,0.8255489519720913
127,C,C MSE sub=0.95 col=0.9,2025,0.6328400537693147,0.06346203043400339,0.06266396345744156,-0.010032795752473978,0.04631621761039031,0.03170864367485046,0.8071944671251937
128,D,D Leaf=31 d=6 MCW=8 Bin=128,2023,0.6134714551560303,0.06689339919843905,0.059036464679857355,-0.031455090119502586,0.051528644528427536,0.041072321057319644,0.8417100277002949
128,D,D Leaf=31 d=6 MCW=8 Bin=128,2024,0.6231807996637746,0.06126501152178956,0.0583135382054372,-0.01878650843126918,0.04562238117885697,0.03564704275131225,0.8257830075966555
128,D,D Leaf=31 d=6 MCW=8 Bin=128,2025,0.6260457742002599,0.06404651996013212,0.06329330761790149,-0.009793565734159095,0.048248074355151195,0.03394382548332213,0.8015366435399446
129,D,D Leaf=31 d=6 MCW=8 Bin=256,2023,0.614147094925612,0.06683490984631703,0.05889935489795726,-0.031587515995565765,0.051584536625911885,0.04137621432542801,0.8424746612068231
129,D,D Leaf=31 d=6 MCW=8 Bin=256,2024,0.6241988764979198,0.06118219372100618,0.05814028089166123,-0.01905173383719402,0.04560401490421237,0.03570349478721618,0.8262108098331526
129,D,D Leaf=31 d=6 MCW=8 Bin=256,2025,0.6255837659786567,0.06408607143864464,0.06316462938192331,-0.010828395425151878,0.048122088848136735,0.03415987956523896,0.8027929620139472
130,D,D Leaf=31 d=6 MCW=10 Bin=128,2023,0.6093822683701879,0.06724630967250173,0.05942086035898335,-0.03148376595593823,0.051810850780785796,0.04165206909179686,0.8398730903919074
130,D,D Leaf=31 d=6 MCW=10 Bin=128,2024,0.6204513340666975,0.06148649575043577,0.05855562716908698,-0.018757070379608696,0.045766145571470636,0.035818321704864486,0.8249860584353595
130,D,D Leaf=31 d=6 MCW=10 Bin=128,2025,0.627410849468927,0.06392951599677832,0.06314887407060019,-0.00996005618448158,0.04808284852192629,0.03384193414449692,0.8026347591880659
131,D,D Leaf=31 d=6 MCW=10 Bin=256,2023,0.6096098310748872,0.06722671893166159,0.0591186997819104,-0.03200642239321722,0.05193139989187997,0.04201882398128509,0.8416210163768162
131,D,D Leaf=31 d=6 MCW=10 Bin=256,2024,0.6237059721435517,0.06122230414876512,0.05813625375745339,-0.01919235591191547,0.04559943103980896,0.03551465785503388,0.8268483363214112
131,D,D Leaf=31 d=6 MCW=10 Bin=256,2025,0.628831267572262,0.06380754068909987,0.06284397944923657,-0.011047012979765717,0.04790091512303909,0.03408556693792343,0.8047632729510529
132,D,D Leaf=31 d=6 MCW=15 Bin=128,2023,0.6089380823709956,0.06728453295337807,0.05920816839877785,-0.031962496298258716,0.05179649089564628,0.04241769218444824,0.8412797785091755
132,D,D Leaf=31 d=6 MCW=15 Bin=128,2024,0.6222353488420364,0.06134182126007715,0.05846109170887044,-0.01857740004786219,0.045627922316995875,0.035773693203926094,0.8250807621721374
132,D,D Leaf=31 d=6 MCW=15 Bin=128,2025,0.6222386894173885,0.06437171094268421,0.06364442720102419,-0.009649044302008072,0.04836584538956276,0.03424521088600159,0.7992656349073456
133,D,D Leaf=31 d=6 MCW=15 Bin=256,2023,0.6149454546139252,0.06676573072870537,0.05884976206014954,-0.03153360596572913,0.05145662957386233,0.04068540692329409,0.8426612792849109
133,D,D Leaf=31 d=6 MCW=15 Bin=256,2024,0.6212982356846899,0.06141785884297515,0.05841043802305452,-0.018983522204038317,0.04573229629790626,0.036169843792915345,0.8250050959846176
133,D,D Leaf=31 d=6 MCW=15 Bin=256,2025,0.6250831869375303,0.06412889734465661,0.06326554331685279,-0.010487445039902808,0.04829689006401216,0.03434378600120544,0.8020077154469413
134,D,D Leaf=31 d=8 MCW=8 Bin=128,2023,0.6317135052834227,0.0652958193703402,0.05758097130978635,-0.030789215161573392,0.05099293179633162,0.041633193254470846,0.8495199970636065
134,D,D Leaf=31 d=8 MCW=8 Bin=128,2024,0.6198238926950134,0.06153729719411408,0.058170175810084095,-0.020076593140252754,0.045095669648137986,0.03409392833709718,0.8269834179292936
134,D,D Leaf=31 d=8 MCW=8 Bin=128,2025,0.6278508022270433,0.0638917609057765,0.06298686992693299,-0.010715004827281393,0.04756229485255227,0.033463462591171264,0.8034707181699202
135,D,D Leaf=31 d=8 MCW=8 Bin=256,2023,0.6346380648042423,0.06503604589020336,0.05732581015427564,-0.03071544815217499,0.05079980600344032,0.040925263643264764,0.8505525695048702
135,D,D Leaf=31 d=8 MCW=8 Bin=256,2024,0.619041976837398,0.06160054718826377,0.0581720631987397,-0.0202642166939718,0.04520079364210872,0.034606475591659525,0.8260551922138673
135,D,D Leaf=31 d=8 MCW=8 Bin=256,2025,0.6267050449640497,0.06399003895046564,0.06294415154987384,-0.011522103564394672,0.047905785875691706,0.03340001475811004,0.8032605432100549
136,D,D Leaf=31 d=8 MCW=10 Bin=128,2023,0.6310885616893822,0.06535119597025218,0.057703748631884655,-0.030676639460193195,0.05105170292413413,0.04178750562667849,0.8488993950492304
136,D,D Leaf=31 d=8 MCW=10 Bin=128,2024,0.6229583794877385,0.06128308990584387,0.05806081692388447,-0.0196101669854427,0.04489090772335774,0.03415925240516665,0.8275035431806943
136,D,D Leaf=31 d=8 MCW=10 Bin=128,2025,0.6270911876493261,0.06395693419192044,0.06316249157054304,-0.010049332805258257,0.04746675705795196,0.033237739473581315,0.8024291413055372
137,D,D Leaf=31 d=8 MCW=10 Bin=256,2023,0.6310794554180189,0.0653520025351757,0.05760361091985664,-0.030865972272899406,0.051067550920916284,0.04131685084104539,0.8493267434278475
137,D,D Leaf=31 d=8 MCW=10 Bin=256,2024,0.6169137219984507,0.06177237592223269,0.0583857873817177,-0.02017241330367138,0.04545664704429253,0.03496098828315736,0.8248637314807593
137,D,D Leaf=31 d=8 MCW=10 Bin=256,2025,0.6246165416810786,0.06416879438143701,0.0631842763299032,-0.011197383490512615,0.048010462584712206,0.03407418084144592,0.8018862361303283
138,D,D Leaf=31 d=8 MCW=15 Bin=128,2023,0.6302878875525861,0.06542207565383779,0.05763795655934328,-0.030950184918992363,0.051031993151838755,0.041677979350090016,0.8492137691475161
138,D,D Leaf=31 d=8 MCW=15 Bin=128,2024,0.620310165830943,0.06149792924231561,0.05821478233659838,-0.019825095728101687,0.045057882033143135,0.03453802239894868,0.8257120543253968
138,D,D Leaf=31 d=8 MCW=15 Bin=128,2025,0.6296642172881646,0.0637359043688407,0.06283453510810962,-0.01068113774192438,0.04758458859709093,0.033013724625110624,0.80450908963639
139,D,D Leaf=31 d=8 MCW=15 Bin=256,2023,0.6336817859978701,0.06512110120744531,0.05752271373672992,-0.030526959017114663,0.0510149195084566,0.04162682771682738,0.8496063591504359
139,D,D Leaf=31 d=8 MCW=15 Bin=256,2024,0.6148340642457951,0.0619398206072793,0.05851247060077555,-0.02031827161403216,0.04546252226995363,0.034359857201576235,0.8242369995330004
139,D,D Leaf=31 d=8 MCW=15 Bin=256,2025,0.6245924932781342,0.06417084978941426,0.0632135858540276,-0.011042668435266247,0.048243770165811835,0.034198322296142586,0.8016966884772753
140,D,D Leaf=63 d=6 MCW=8 Bin=128,2023,0.6217728166474337,0.06617117533326684,0.0580388351555361,-0.031782354519048546,0.05085753015350343,0.04011504727602005,0.8464155705708184
140,D,D Leaf=63 d=6 MCW=8 Bin=128,2024,0.6354715979868641,0.06025758105263804,0.057714179253626645,-0.01732193947831472,0.04462063997465466,0.03466249728202819,0.8294628998649773
140,D,D Leaf=63 d=6 MCW=8 Bin=128,2025,0.6309810842686989,0.06362248506474788,0.06299711008887317,-0.008898580013942106,0.047303280626992586,0.03350830721855165,0.8040905083144367
141,D,D Leaf=63 d=6 MCW=8 Bin=256,2023,0.619638115329278,0.06635764652215824,0.058323245311252894,-0.0316502181402168,0.05101504811252586,0.04092996072769167,0.8445579179110975
141,D,D Leaf=63 d=6 MCW=8 Bin=256,2024,0.6311959006513195,0.06060994327776243,0.05777035256092533,-0.01833443713639924,0.04487522827658289,0.034825727462768574,0.8281718819369982
141,D,D Leaf=63 d=6 MCW=8 Bin=256,2025,0.6325337956658572,0.06348849262030246,0.06279810116735315,-0.009337407829429357,0.0472977774734016,0.033317978382110605,0.8053524063943857
142,D,D Leaf=63 d=6 MCW=10 Bin=128,2023,0.6228046583423754,0.06608085288715819,0.057905955597092565,-0.031836762157634584,0.05086019010175682,0.04041617035865783,0.8471282067649288
142,D,D Leaf=63 d=6 MCW=10 Bin=128,2024,0.6331038736267668,0.06045296008796267,0.05780708313071195,-0.01768902253641425,0.044779802257484014,0.03508283543586732,0.8289125175553202
142,D,D Leaf=63 d=6 MCW=10 Bin=128,2025,0.629446329527547,0.06375465118196517,0.0631444963574299,-0.008799325377584169,0.047266547884389436,0.03323723983764649,0.8031910678199503
143,D,D Leaf=63 d=6 MCW=10 Bin=256,2023,0.6203501258322216,0.06629550902255894,0.05802796633923698,-0.032060094184089,0.05094978733096575,0.04079905271530149,0.846202793035598
143,D,D Leaf=63 d=6 MCW=10 Bin=256,2024,0.633195616626413,0.06044540143273876,0.05750016647803878,-0.01863806342800319,0.044662059604530714,0.03484810614585876,0.8296792459642424
143,D,D Leaf=63 d=6 MCW=10 Bin=256,2025,0.6272347221835025,0.06394462432958584,0.06326008348129745,-0.009331496053213494,0.04748078628966482,0.03345617491006851,0.8022729299899762
144,D,D Leaf=63 d=6 MCW=15 Bin=128,2023,0.6203021025338782,0.06629970187043173,0.05809185397327151,-0.0319528867249304,0.05093644570278474,0.0401335475444794,0.8460466036911551
144,D,D Leaf=63 d=6 MCW=15 Bin=128,2024,0.631817391033116,0.060558853309523424,0.05794041805185204,-0.01761484229246343,0.04482975558318534,0.03476540112495424,0.8280798052451638
144,D,D Leaf=63 d=6 MCW=15 Bin=128,2025,0.6311093860873888,0.06361142385644172,0.06300717716696048,-0.008746934920024449,0.04703505218551576,0.03298200035095214,0.8038594521382294
145,D,D Leaf=63 d=6 MCW=15 Bin=256,2023,0.627844749919799,0.06563788133380785,0.05759028625209292,-0.031491116134448126,0.05037094499574116,0.03952577137947083,0.8483169328248088
145,D,D Leaf=63 d=6 MCW=15 Bin=256,2024,0.6284777433498074,0.06083288673027338,0.057992806768647744,-0.018370478134663068,0.04493590638193033,0.0349320860505104,0.8268924124845829
145,D,D Leaf=63 d=6 MCW=15 Bin=256,2025,0.6306912057735895,0.06364746910890108,0.06297610269226435,-0.009220130891800878,0.04745915434523235,0.033283216238021836,0.8039059992225656
146,D,D Leaf=63 d=8 MCW=8 Bin=128,2023,0.6450799568060333,0.06409995759659647,0.056794377882787773,-0.02971873491238558,0.049793602285513903,0.03996805572509766,0.8529686009457982
146,D,D Leaf=63 d=8 MCW=8 Bin=128,2024,0.6335960169282309,0.06041240160169861,0.057423162429361095,-0.018768022887959132,0.044177459092615966,0.032924590110778806,0.8315561060583505
146,D,D Leaf=63 d=8 MCW=8 Bin=128,2025,0.6393959467307011,0.06289289936851129,0.06243754760273407,-0.007554431833965094,0.046120712908389,0.03142064535617828,0.8084411165890903
147,D,D Leaf=63 d=8 MCW=8 Bin=256,2023,0.6488715683761849,0.06375664824990314,0.05615979214835486,-0.03018257679383057,0.049660856683751885,0.040459090709686285,0.8560370337744073
147,D,D Leaf=63 d=8 MCW=8 Bin=256,2024,0.6302267917614024,0.060689523601368506,0.05740340248446294,-0.019699433106372715,0.04434483141231201,0.03321467494964597,0.8316411619837639
147,D,D Leaf=63 d=8 MCW=8 Bin=256,2025,0.6390871758267122,0.06291981995073925,0.062306280271445455,-0.008765339774905057,0.04656025808536596,0.031910072684288034,0.8092782570814409
148,D,D Leaf=63 d=8 MCW=10 Bin=128,2023,0.6462684297321375,0.0639925461571096,0.056620217944169826,-0.029819404481386386,0.04973992277108426,0.040254550933837896,0.85382493931123
148,D,D Leaf=63 d=8 MCW=10 Bin=128,2024,0.6325729803100516,0.06049668155114964,0.05758299144566158,-0.018548519579354744,0.044348413782013776,0.03342143487930299,0.830549795728121
148,D,D Leaf=63 d=8 MCW=10 Bin=128,2025,0.6372459013162033,0.0630801152725284,0.06261997429187596,-0.007605245721230418,0.04637070045743683,0.031751167356967924,0.8071237825560561
149,D,D Leaf=63 d=8 MCW=10 Bin=256,2023,0.6464820969982017,0.06397321627687189,0.056581008992009144,-0.029852333614874948,0.04989184179646523,0.04100133782625198,0.8537507440209268
149,D,D Leaf=63 d=8 MCW=10 Bin=256,2024,0.6298496563136164,0.06072046464462731,0.05754698263597587,-0.019373167538227352,0.044467950054182574,0.03329854011535645,0.8306810817225379
149,D,D Leaf=63 d=8 MCW=10 Bin=256,2025,0.638857541158406,0.06293983347406495,0.062332225014655324,-0.008724469179578356,0.046630582833977294,0.032207185208797465,0.8087559905902385
150,D,D Leaf=63 d=8 MCW=15 Bin=128,2023,0.6460366565270863,0.06401350743118804,0.05679609301949147,-0.02952851082198606,0.049829292229391794,0.04009584534168242,0.8528080483363607
150,D,D Leaf=63 d=8 MCW=15 Bin=128,2024,0.6274725956504017,0.060915122361503975,0.0578255210587599,-0.019153622351975194,0.044520675638326644,0.033442586898803695,0.8289234229755414
150,D,D Leaf=63 d=8 MCW=15 Bin=128,2025,0.6390856037898961,0.06291995698128941,0.06243257565184761,-0.007816296053992164,0.04626095791183728,0.03176070797443391,0.8086584497261436
151,D,D Leaf=63 d=8 MCW=15 Bin=256,2023,0.6450974162833789,0.06409838095202139,0.05660022244024951,-0.03008350478891632,0.050079752550952344,0.04162006783485413,0.8536553311159627
151,D,D Leaf=63 d=8 MCW=15 Bin=256,2024,0.6255823766962907,0.06106946970210059,0.05781431525054342,-0.019671936461099774,0.0446292314478716,0.03360052132606506,0.829111873132451
151,D,D Leaf=63 d=8 MCW=15 Bin=256,2025,0.6378921367493725,0.06302390256923658,0.06247975017685465,-0.008263964720064394,0.04691748310590955,0.03240064257383345,0.8080706412717015
152,D,D Leaf=127 d=6 MCW=8 Bin=128,2023,0.6220663141101852,0.06614549653229039,0.05801542534109506,-0.03177164040453593,0.05086011034306644,0.040447118937969206,0.8463580998403667
152,D,D Leaf=127 d=6 MCW=8 Bin=128,2024,0.6340833712127905,0.06037221093657619,0.05777060490344811,-0.017531715926477464,0.04464192896069221,0.03478775691986086,0.8290254333619048
152,D,D Leaf=127 d=6 MCW=8 Bin=128,2025,0.6317090395375085,0.0635597007675163,0.0629226926740706,-0.008976096495735442,0.047208996538523194,0.03315261006355284,0.804189050188209
153,D,D Leaf=127 d=6 MCW=8 Bin=256,2023,0.6203491938128093,0.06629559039841028,0.05809137875158947,-0.03194521906347147,0.051050673415521164,0.04091021376848221,0.8456872629184445
153,D,D Leaf=127 d=6 MCW=8 Bin=256,2024,0.6335160565792415,0.06041899314194104,0.05758516037788325,-0.018286717356623725,0.044771651645132936,0.03503081887960435,0.829090615350352
153,D,D Leaf=127 d=6 MCW=8 Bin=256,2025,0.6342444242608076,0.06334054442879368,0.06259892637817761,-0.009664315021543905,0.047037652650768993,0.03257431185245514,0.8062363310156454
154,D,D Leaf=127 d=6 MCW=10 Bin=128,2023,0.6239547207854694,0.06598003626022955,0.057647791221677784,-0.032095129726534756,0.05069643365369178,0.04042613077163695,0.8484293690677267
154,D,D Leaf=127 d=6 MCW=10 Bin=128,2024,0.6387559757743397,0.05998550833430544,0.05736710683714574,-0.01752929727073138,0.04440725670863083,0.03467938733100892,0.8314214940792535
154,D,D Leaf=127 d=6 MCW=10 Bin=128,2025,0.6306906813259155,0.0636475143011031,0.06300211004380223,-0.009041029075153164,0.04726247730784362,0.03345066773891449,0.8040225276925853
155,D,D Leaf=127 d=6 MCW=10 Bin=256,2023,0.6219829259635852,0.06615279337608776,0.057959301464124265,-0.031889048986293786,0.050892285797230014,0.04087970620393752,0.8464671940552911
155,D,D Leaf=127 d=6 MCW=10 Bin=256,2024,0.6319490048901883,0.060548028386661214,0.057561369982990156,-0.01878170458424919,0.04474038375746835,0.03488609886169433,0.8291867789106828
155,D,D Leaf=127 d=6 MCW=10 Bin=256,2025,0.6295452746977932,0.06374613873629442,0.06307518921957535,-0.009224462515597727,0.04747654051710072,0.03312647712230683,0.8031105426260788
156,D,D Leaf=127 d=6 MCW=15 Bin=128,2023,0.6226954426225029,0.06609041894587721,0.05792061641321413,-0.0318299492735269,0.050792242752821806,0.04035225677490234,0.8468419729637944
156,D,D Leaf=127 d=6 MCW=15 Bin=128,2024,0.6326523988751522,0.0604901430835948,0.05794834171278227,-0.017350709055401776,0.044812038789723375,0.03488096755743027,0.8276107158174352
156,D,D Leaf=127 d=6 MCW=15 Bin=128,2025,0.6316676798735619,0.06356326959535327,0.06302213308536006,-0.008276471652991297,0.04727234572160234,0.033657721340656276,0.8036793542464917
157,D,D Leaf=127 d=6 MCW=15 Bin=256,2023,0.628323158702726,0.06559567873528296,0.05766255031426027,-0.031270167252476846,0.050403483820572685,0.03978188252449033,0.8479624179083849
157,D,D Leaf=127 d=6 MCW=15 Bin=256,2024,0.6299708745866932,0.060710521343622155,0.05789253349768834,-0.018281738574641333,0.044884088567319604,0.03512194669246674,0.8277037337136759
157,D,D Leaf=127 d=6 MCW=15 Bin=256,2025,0.6300718502492153,0.06370081728040346,0.06304469212235637,-0.009119260791805478,0.047522237948959975,0.033433031558990474,0.8035592964256941
158,D,D Leaf=127 d=8 MCW=8 Bin=128,2023,0.6588685743929726,0.06284248410612053,0.055137442537575784,-0.03015029417839143,0.0490137894033549,0.04071517801284791,0.860483205301388
158,D,D Leaf=127 d=8 MCW=8 Bin=128,2024,0.6313686853747555,0.06059574373499572,0.05728586201437463,-0.01975282696431767,0.044335538893909475,0.03373170232772828,0.8304792322593118
158,D,D Leaf=127 d=8 MCW=8 Bin=128,2025,0.6379799137995483,0.0630162634261654,0.06247228409822705,-0.008262153214889108,0.04597653437758369,0.031516883850097654,0.8076977200483962
159,D,D Leaf=127 d=8 MCW=8 Bin=256,2023,0.6583912831097314,0.06288643151676389,0.05531065619061068,-0.029923812936801606,0.0489532791928871,0.0404066389799118,0.8596407769020711
159,D,D Leaf=127 d=8 MCW=8 Bin=256,2024,0.6341030015323006,0.06037059152167124,0.05704329712568254,-0.01976538829057027,0.04421684711273768,0.033987709522247334,0.8315026593564786
159,D,D Leaf=127 d=8 MCW=8 Bin=256,2025,0.640264379150705,0.06281712213328304,0.06221574862248467,-0.008671300735852542,0.045912511408925535,0.031569789290428155,0.8094964917316857
160,D,D Leaf=127 d=8 MCW=10 Bin=128,2023,0.6611194554668072,0.06263481478315601,0.05499043477286225,-0.02998619859888672,0.04892613493290331,0.04018622684478762,0.8611698002544372
160,D,D Leaf=127 d=8 MCW=10 Bin=128,2024,0.6287578338814326,0.06080995145807713,0.05741300417256959,-0.020039888744865855,0.0444242443480086,0.0339249529838562,0.8295786790990438
160,D,D Leaf=127 d=8 MCW=10 Bin=128,2025,0.6339491548132412,0.06336610624623655,0.0627600961650771,-0.008742639770667202,0.04628836663383499,0.03165453839302064,0.8060793045689941
161,D,D Leaf=127 d=8 MCW=10 Bin=256,2023,0.6562220164294387,0.06308578468149374,0.05536263929533609,-0.030245568256098792,0.04913957968651611,0.040561758518219,0.8592941465135125
161,D,D Leaf=127 d=8 MCW=10 Bin=256,2024,0.6377830888259617,0.060066229224466826,0.05669443990294483,-0.019841682731476237,0.04396800030238491,0.03345758748054506,0.8334528405874757
161,D,D Leaf=127 d=8 MCW=10 Bin=256,2025,0.6423261539541016,0.06263684965010827,0.06199308723778191,-0.008957235556754995,0.04583387851975172,0.03169432348012924,0.8105669203238333
162,D,D Leaf=127 d=8 MCW=15 Bin=128,2023,0.659070598191267,0.06282387315945057,0.055283051783803216,-0.02984331121414145,0.04894844789136864,0.040272892713546726,0.8597639464938814
162,D,D Leaf=127 d=8 MCW=15 Bin=128,2024,0.6301874390295807,0.060692752925389004,0.057331378658975925,-0.019917913412376836,0.04444359138536499,0.03393408143520356,0.8307846079725628
162,D,D Leaf=127 d=8 MCW=15 Bin=128,2025,0.6353867925524508,0.06324155097244358,0.06266457442397111,-0.008523196680985801,0.04612333639740371,0.03139174288511275,0.8072574605321682
163,D,D Leaf=127 d=8 MCW=15 Bin=256,2023,0.6584707185454837,0.06287911949385992,0.05537862432217895,-0.029782404814018937,0.0490571883652208,0.04058883440494537,0.8592953862676502
163,D,D Leaf=127 d=8 MCW=15 Bin=256,2024,0.6333516160682129,0.060432546554097834,0.05701313893337683,-0.02003982710066336,0.04423217609912624,0.03382407301664352,0.8320633527261572
163,D,D Leaf=127 d=8 MCW=15 Bin=256,2025,0.6383705458931465,0.06298225589473161,0.06237574503032954,-0.008719575075720479,0.04607890185241321,0.031361321330070496,0.8087876775927926
164,D,D Leaf=255 d=6 MCW=8 Bin=128,2023,0.6220663141101852,0.06614549653229039,0.05801542534109506,-0.03177164040453593,0.05086011034306644,0.040447118937969206,0.8463580998403667
164,D,D Leaf=255 d=6 MCW=8 Bin=128,2024,0.6340833712127905,0.06037221093657619,0.05777060490344811,-0.017531715926477464,0.04464192896069221,0.03478775691986086,0.8290254333619048
164,D,D Leaf=255 d=6 MCW=8 Bin=128,2025,0.6317090395375085,0.0635597007675163,0.0629226926740706,-0.008976096495735442,0.047208996538523194,0.03315261006355284,0.804189050188209
165,D,D Leaf=255 d=6 MCW=8 Bin=256,2023,0.6203491938128093,0.06629559039841028,0.05809137875158947,-0.03194521906347147,0.051050673415521164,0.04091021376848221,0.8456872629184445
165,D,D Leaf=255 d=6 MCW=8 Bin=256,2024,0.6335160565792415,0.06041899314194104,0.05758516037788325,-0.018286717356623725,0.044771651645132936,0.03503081887960435,0.829090615350352
165,D,D Leaf=255 d=6 MCW=8 Bin=256,2025,0.6342444242608076,0.06334054442879368,0.06259892637817761,-0.009664315021543905,0.047037652650768993,0.03257431185245514,0.8062363310156454
166,D,D Leaf=255 d=6 MCW=10 Bin=128,2023,0.6239547207854694,0.06598003626022955,0.057647791221677784,-0.032095129726534756,0.05069643365369178,0.04042613077163695,0.8484293690677267
166,D,D Leaf=255 d=6 MCW=10 Bin=128,2024,0.6387559757743397,0.05998550833430544,0.05736710683714574,-0.01752929727073138,0.04440725670863083,0.03467938733100892,0.8314214940792535
166,D,D Leaf=255 d=6 MCW=10 Bin=128,2025,0.6306906813259155,0.0636475143011031,0.06300211004380223,-0.009041029075153164,0.04726247730784362,0.03345066773891449,0.8040225276925853
167,D,D Leaf=255 d=6 MCW=10 Bin=256,2023,0.6219829259635852,0.06615279337608776,0.057959301464124265,-0.031889048986293786,0.050892285797230014,0.04087970620393752,0.8464671940552911
167,D,D Leaf=255 d=6 MCW=10 Bin=256,2024,0.6319490048901883,0.060548028386661214,0.057561369982990156,-0.01878170458424919,0.04474038375746835,0.03488609886169433,0.8291867789106828
167,D,D Leaf=255 d=6 MCW=10 Bin=256,2025,0.6295452746977932,0.06374613873629442,0.06307518921957535,-0.009224462515597727,0.04747654051710072,0.03312647712230683,0.8031105426260788
168,D,D Leaf=255 d=6 MCW=15 Bin=128,2023,0.6226954426225029,0.06609041894587721,0.05792061641321413,-0.0318299492735269,0.050792242752821806,0.04035225677490234,0.8468419729637944
168,D,D Leaf=255 d=6 MCW=15 Bin=128,2024,0.6326523988751522,0.0604901430835948,0.05794834171278227,-0.017350709055401776,0.044812038789723375,0.03488096755743027,0.8276107158174352
168,D,D Leaf=255 d=6 MCW=15 Bin=128,2025,0.6316676798735619,0.06356326959535327,0.06302213308536006,-0.008276471652991297,0.04727234572160234,0.033657721340656276,0.8036793542464917
169,D,D Leaf=255 d=6 MCW=15 Bin=256,2023,0.628323158702726,0.06559567873528296,0.05766255031426027,-0.031270167252476846,0.050403483820572685,0.03978188252449033,0.8479624179083849
169,D,D Leaf=255 d=6 MCW=15 Bin=256,2024,0.6299708745866932,0.060710521343622155,0.05789253349768834,-0.018281738574641333,0.044884088567319604,0.03512194669246674,0.8277037337136759
169,D,D Leaf=255 d=6 MCW=15 Bin=256,2025,0.6300718502492153,0.06370081728040346,0.06304469212235637,-0.009119260791805478,0.047522237948959975,0.033433031558990474,0.8035592964256941
170,D,D Leaf=255 d=8 MCW=8 Bin=128,2023,0.6569172572916547,0.0630219614948663,0.05503181057220878,-0.030712659536500802,0.04918604400913126,0.040758967161178605,0.8607661051236584
170,D,D Leaf=255 d=8 MCW=8 Bin=128,2024,0.6313487194724363,0.060597384713760666,0.0570383832456414,-0.020461326113896974,0.044319988912654686,0.03363472342491147,0.8311675155016037
170,D,D Leaf=255 d=8 MCW=8 Bin=128,2025,0.6399746117883438,0.06284241666447461,0.062198599067615566,-0.0089723801890834,0.04588726682842875,0.031183288991451265,0.8091637178785137
171,D,D Leaf=255 d=8 MCW=8 Bin=256,2023,0.6571595929160834,0.06299969986179658,0.055185878397966806,-0.030388830318424008,0.0491082814123378,0.04053503203392028,0.859875138428983
171,D,D Leaf=255 d=8 MCW=8 Bin=256,2024,0.637130381925232,0.06012032387752678,0.056627491460831236,-0.020193576976880886,0.044284348518752355,0.03398855221271515,0.8334511213361895
171,D,D Leaf=255 d=8 MCW=8 Bin=256,2025,0.6388055129404702,0.0629443670443502,0.06220249836287273,-0.009635483383344972,0.046163848759819735,0.03194067490100862,0.8094473171438412
172,D,D Leaf=255 d=8 MCW=10 Bin=128,2023,0.659530197235354,0.06278151317306603,0.05499485662314463,-0.030283397122840165,0.049027456798621125,0.04050961470603942,0.8609266782187042
172,D,D Leaf=255 d=8 MCW=10 Bin=128,2024,0.6325892767326,0.06049533993721766,0.05708145102752272,-0.020034822288110765,0.04423064013397804,0.03382178664207458,0.8312350091326904
172,D,D Leaf=255 d=8 MCW=10 Bin=128,2025,0.6399257753443588,0.06284667871958728,0.06226086017277076,-0.008560976382968325,0.046003462209331214,0.03156724703311921,0.8088064697359063
173,D,D Leaf=255 d=8 MCW=10 Bin=256,2023,0.6581389452251352,0.06290965355261288,0.05516658821302924,-0.0302369319714167,0.049017206752740426,0.04016852712631225,0.860206760067609
173,D,D Leaf=255 d=8 MCW=10 Bin=256,2024,0.6402997111949533,0.05985720047251368,0.05641801151039666,-0.019997310489959372,0.04395512379921775,0.033429851293563836,0.8348629091907911
173,D,D Leaf=255 d=8 MCW=10 Bin=256,2025,0.6395814371383619,0.06287672161060824,0.06221278006430162,-0.009113293431514352,0.045967788696742416,0.031125064790248867,0.8094498449512889
174,D,D Leaf=255 d=8 MCW=15 Bin=128,2023,0.659005134948776,0.0628299044037758,0.05506967243261316,-0.03024777786139493,0.04892578872191603,0.04048763418197632,0.8608653767210112
174,D,D Leaf=255 d=8 MCW=15 Bin=128,2024,0.6310449938009912,0.060622342164070926,0.05724885911623016,-0.019940824984169863,0.04439255571449226,0.03371916007995607,0.8306631285581674
174,D,D Leaf=255 d=8 MCW=15 Bin=128,2025,0.6351898295555154,0.06325863011741596,0.06267667079535208,-0.008560912471422677,0.04628312443913795,0.03156268727779388,0.8069179774493038
175,D,D Leaf=255 d=8 MCW=15 Bin=256,2023,0.6557078286155363,0.06313294567345663,0.05536627742304313,-0.030337174451856814,0.04926860381915214,0.041297820687293985,0.8592284470438465
175,D,D Leaf=255 d=8 MCW=15 Bin=256,2024,0.6330436947169189,0.06045791768196338,0.05698180155814382,-0.020204803946321678,0.04439018579205271,0.03406408262252808,0.8315494716494805
175,D,D Leaf=255 d=8 MCW=15 Bin=256,2025,0.6363614365195688,0.06315696922801937,0.06247724867990375,-0.009241004245127553,0.046404130621969075,0.03134499567747116,0.8083007634765701
176,E,E Gamma=0.001,2023,0.6565839086916467,0.06305257099432704,0.05521808116243828,-0.03043994450936566,0.04909610560218989,0.040463120937347385,0.860005075572268
176,E,E Gamma=0.001,2024,0.6377804629526271,0.06006644694763063,0.05649140490207118,-0.020413211884611444,0.0441691393382945,0.03394893121719361,0.8340749819512747
176,E,E Gamma=0.001,2025,0.6403045801158729,0.06281361208403004,0.062115610487850435,-0.009338136685906263,0.04592745050217649,0.031222627043724083,0.8098451451323729
177,E,E Gamma=0.005,2023,0.6559495741354922,0.06311077731171552,0.055215594289887183,-0.030564822265204766,0.04913378139741907,0.04080811333656309,0.8597673597252009
177,E,E Gamma=0.005,2024,0.6358439384831176,0.06022679871890618,0.05660906342875293,-0.020559212608996156,0.044052737487975044,0.03429191207885742,0.83255434626141
177,E,E Gamma=0.005,2025,0.6341433778624531,0.06334929329322496,0.0627284538900636,-0.008847261345367416,0.04636628574762848,0.03211692476272583,0.8057063457902301
178,E,E Gamma=0.01,2023,0.6535346413792888,0.06333188120128504,0.05549201292746025,-0.03052152810316461,0.04931107943022364,0.04073071742057799,0.858259902295356
178,E,E Gamma=0.01,2024,0.6335088729380649,0.06041958529099407,0.05677218492945303,-0.020674750413496656,0.04429196357433507,0.0344650933742523,0.8312613540350329
178,E,E Gamma=0.01,2025,0.6347907436556752,0.06329322170606519,0.06267367057698982,-0.008834190983906852,0.04650138076514697,0.03196722936630249,0.8058302897474783
179,E,E Gamma=0.02,2023,0.6512125109494551,0.06354376283288761,0.055635009972650716,-0.030701066110241072,0.04948239141875445,0.04045164716243744,0.8574569272370476
179,E,E Gamma=0.02,2024,0.6341711771314804,0.06036496699755155,0.05671737476539187,-0.020665639103964798,0.04417307744389873,0.034420813202857975,0.8311326844673249
179,E,E Gamma=0.02,2025,0.6349124166080821,0.06328267745705327,0.06265292622226253,-0.008905509638490438,0.04666368010742747,0.032007440090179445,0.8056159796211102
180,E,E Gamma=0.05,2023,0.6445229275574414,0.06415023871393975,0.05630859423648484,-0.030734269832979076,0.05008665949524558,0.04107492423057557,0.8535959196181078
180,E,E Gamma=0.05,2024,0.6348260038697173,0.060310916719551806,0.056790467198396165,-0.020303928412451776,0.044351107411274786,0.03500920534133911,0.8296467065247376
180,E,E Gamma=0.05,2025,0.6360268453023432,0.06318601855147564,0.06256504286830619,-0.008836761356664715,0.0469296409551433,0.03217975771427155,0.8054664332280387
181,E,E Gamma=0.1,2023,0.6417762392870668,0.06439759876198797,0.05670402540904788,-0.030523830505362507,0.050491310078176664,0.04152722656726837,0.8511296021012749
181,E,E Gamma=0.1,2024,0.6418327937939174,0.05972950524469111,0.05639537602098156,-0.019676772207183734,0.043895489944811635,0.03364203214645384,0.8302884430961133
181,E,E Gamma=0.1,2025,0.6289376585664259,0.06379839520669621,0.06329064236712681,-0.008033045481404271,0.04749953700920598,0.033307284176349636,0.7996988321689135
182,E,E Bin=64 LR=0.01 Est=1500,2023,0.6650492196325766,0.06227058939243565,0.05450206727559534,-0.030118946959814503,0.04836720184109216,0.03909116768836973,0.8634497726357548
182,E,E Bin=64 LR=0.01 Est=1500,2024,0.6327959028931269,0.0604783267188159,0.05722994621094336,-0.019554059948656638,0.04447087500468587,0.033788769602775576,0.8305868822605222
182,E,E Bin=64 LR=0.01 Est=1500,2025,0.6409121729661533,0.06276053769092192,0.06220666301929256,-0.008319625427739154,0.04610050142286204,0.03111008632183075,0.8095090143154878
183,E,E Bin=64 LR=0.015 Est=1200,2023,0.6600106645584628,0.06273719923569504,0.05520085385963675,-0.029813116259570522,0.0488638666438227,0.04011071681976319,0.8597187655483922
183,E,E Bin=64 LR=0.015 Est=1200,2024,0.6340775152325933,0.06037269402073995,0.05727293801981546,-0.019096406870369415,0.04439664973469638,0.033950230717658986,0.830246702081728
183,E,E Bin=64 LR=0.015 Est=1200,2025,0.6386946384968832,0.06295402719481233,0.062298940488464516,-0.009058231287617218,0.04630208701219818,0.03165117704868317,0.8085583654168775
184,E,E Bin=128 LR=0.01 Est=1500,2023,0.659530197235354,0.06278151317306603,0.05499485662314463,-0.030283397122840165,0.049027456798621125,0.04050961470603942,0.8609266782187042
184,E,E Bin=128 LR=0.01 Est=1500,2024,0.6325892767326,0.06049533993721766,0.05708145102752272,-0.020034822288110765,0.04423064013397804,0.03382178664207458,0.8312350091326904
184,E,E Bin=128 LR=0.01 Est=1500,2025,0.6399257753443588,0.06284667871958728,0.06226086017277076,-0.008560976382968325,0.046003462209331214,0.03156724703311921,0.8088064697359063
185,E,E Bin=128 LR=0.015 Est=1200,2023,0.6548266306617975,0.06321368679312302,0.055564454171899536,-0.030142356088367364,0.049455761515734074,0.04073642659187317,0.8581286682867593
185,E,E Bin=128 LR=0.015 Est=1200,2024,0.6300929142590315,0.06070050901942369,0.05745852582652125,-0.019572163958861345,0.0444997086336066,0.03392170375585557,0.8290466744123065
185,E,E Bin=128 LR=0.015 Est=1200,2025,0.6403117026535503,0.06281299017656503,0.062256326595287854,-0.008343951928319692,0.04562876188640503,0.03053247326612473,0.8094249563592939
186,E,E Bin=256 LR=0.01 Est=1500,2023,0.6581389452251352,0.06290965355261288,0.05516658821302924,-0.0302369319714167,0.049017206752740426,0.04016852712631225,0.860206760067609
186,E,E Bin=256 LR=0.01 Est=1500,2024,0.6402997111949533,0.05985720047251368,0.05641801151039666,-0.019997310489959372,0.04395512379921775,0.033429851293563836,0.8348629091907911
186,E,E Bin=256 LR=0.01 Est=1500,2025,0.6395814371383619,0.06287672161060824,0.06221278006430162,-0.009113293431514352,0.045967788696742416,0.031125064790248867,0.8094498449512889
187,E,E Bin=256 LR=0.015 Est=1200,2023,0.6521787539436454,0.06345568441884253,0.055530105131917404,-0.030708814843656958,0.049437438167211,0.04061093193292617,0.8583449867882272
187,E,E Bin=256 LR=0.015 Est=1200,2024,0.6344319069963749,0.06034345180515537,0.05668615383224253,-0.020688454280446272,0.04415093516645853,0.03352529048919678,0.8330594538488602
187,E,E Bin=256 LR=0.015 Est=1200,2025,0.6365611676836537,0.06313962213001192,0.06248402111008274,-0.009075185322374986,0.04622117446590844,0.031116470575332636,0.8082164974875157
188,E,E Bin=512 LR=0.01 Est=1500,2023,0.6519504905109346,0.06347650292382556,0.05555391101376964,-0.030708783670354987,0.04941128885887875,0.0403353272676468,0.8580739043888034
188,E,E Bin=512 LR=0.01 Est=1500,2024,0.6380752457105132,0.06004200023086779,0.056610051069691976,-0.020008595898923766,0.0440260587592532,0.03370917296409609,0.8337221189190335
188,E,E Bin=512 LR=0.01 Est=1500,2025,0.6406690060128717,0.06278178417270705,0.062120822728836796,-0.009086022639245961,0.046037575866862995,0.0314744867682457,0.8098726420154237
189,E,E Bin=512 LR=0.015 Est=1200,2023,0.6524460284228868,0.06343129927188806,0.05527933085774031,-0.03110828357914944,0.04952474200114413,0.04051167273521422,0.8592952320454268
189,E,E Bin=512 LR=0.015 Est=1200,2024,0.6370089428122582,0.060130383066421836,0.05686666010545942,-0.019540878577795816,0.04416772094413729,0.03380373430252076,0.8318014730324383
189,E,E Bin=512 LR=0.015 Est=1200,2025,0.6399740099036795,0.06284246919392432,0.06205652979225806,-0.009907726506718258,0.045916851564704944,0.03121987903118134,0.8102432261061788
190,E,E Huber3 LR=0.01 L2=1.5 Est=1500,2023,0.6586758356780815,0.0628602345511993,0.055158886183673074,-0.03014807394857191,0.04894997748262386,0.040259588837623594,0.8601998120618335
190,E,E Huber3 LR=0.01 L2=1.5 Est=1500,2024,0.6364203192475026,0.06017911680603638,0.056681365612111255,-0.020217539123425977,0.04422905736481149,0.034183167934417724,0.8331441368891511
190,E,E Huber3 LR=0.01 L2=1.5 Est=1500,2025,0.6412418914245672,0.06273171735983972,0.062035056274227264,-0.009323097981267969,0.04602808229414056,0.031361939132213607,0.8105022809262197
191,E,E Huber3 LR=0.01 L2=3.0 Est=1500,2023,0.6547888104444004,0.06321714982084314,0.055366383572770815,-0.03051182724033,0.049290512665164946,0.04087752205133438,0.8589540669188854
191,E,E Huber3 LR=0.01 L2=3.0 Est=1500,2024,0.6376554291968675,0.060076813154698365,0.05663868570450664,-0.02003204326681867,0.0442182245266144,0.034135257363319405,0.8332522543908462
191,E,E Huber3 LR=0.01 L2=3.0 Est=1500,2025,0.645540514889016,0.06235476048392947,0.06161935878805706,-0.00954833899465821,0.04566635447079607,0.03134676748514177,0.8128679451140381
192,E,E Huber3 LR=0.015 L2=1.5 Est=1200,2023,0.6520682678263583,0.06346576203140471,0.05542103742989603,-0.030925904358983,0.04951544099234937,0.04118923521041873,0.8587809478679826
192,E,E Huber3 LR=0.015 L2=1.5 Est=1200,2024,0.6298364089744761,0.06072155119959709,0.05701940392727178,-0.020878083245972304,0.04443675293873246,0.03364229452610016,0.8312103622645751
192,E,E Huber3 LR=0.015 L2=1.5 Est=1200,2025,0.642059693352242,0.06266017697123259,0.06181596630479747,-0.010251053012758372,0.045831723349942885,0.03144338968396188,0.8120606636722055
193,E,E Huber3 LR=0.015 L2=3.0 Est=1200,2023,0.6544168509779948,0.06325119837921742,0.05534181869329916,-0.03062673995261662,0.04932603034579903,0.040579956531524686,0.859128636007248
193,E,E Huber3 LR=0.015 L2=3.0 Est=1200,2024,0.6376889553735247,0.06007403376650638,0.0565931726105074,-0.02015198113118112,0.04391648950104443,0.033181028842926036,0.8331429488711527
193,E,E Huber3 LR=0.015 L2=3.0 Est=1200,2025,0.6377955043469945,0.06303231131353497,0.062335009309008815,-0.009349806627528585,0.04610255226189847,0.03157877349853515,0.8084764562319129
194,E,E Huber3 LR=0.02 L2=1.5 Est=1000,2023,0.6603933973096117,0.06270187703622614,0.05540255797514894,-0.029361232155283155,0.0487971818985683,0.039884777784347535,0.8589282152724522
194,E,E Huber3 LR=0.02 L2=1.5 Est=1000,2024,0.6323403237700902,0.060515831913641654,0.05710695176479058,-0.020024034836210687,0.04432097903897597,0.03353985834121703,0.831044345838751
194,E,E Huber3 LR=0.02 L2=1.5 Est=1000,2025,0.6375126701202978,0.0630569164969689,0.06238502384569531,-0.009180605528925396,0.04616985914962973,0.03250785076618193,0.8087594186169753
195,E,E Huber3 LR=0.02 L2=3.0 Est=1000,2023,0.6557292513382031,0.06313098149776802,0.0554709459648947,-0.030141250449035237,0.0491381204917113,0.03997346687316894,0.8586170623687288
195,E,E Huber3 LR=0.02 L2=3.0 Est=1000,2024,0.6316479819165286,0.06057278395390681,0.057125257750303214,-0.02014366123199387,0.04454661194232465,0.03407963132858277,0.8303166143095245
195,E,E Huber3 LR=0.02 L2=3.0 Est=1000,2025,0.6400866552585363,0.0628326373120069,0.06203579158005473,-0.009975012512184122,0.04610623503413746,0.032264393329620375,0.8104217382853458
196,E,E Champ Leaf127 Bin128 MCW10 LR0.01,2023,0.6611194554668072,0.06263481478315601,0.05499043477286225,-0.02998619859888672,0.04892613493290331,0.04018622684478762,0.8611698002544372
196,E,E Champ Leaf127 Bin128 MCW10 LR0.01,2024,0.6287578338814326,0.06080995145807713,0.05741300417256959,-0.020039888744865855,0.0444242443480086,0.0339249529838562,0.8295786790990438
196,E,E Champ Leaf127 Bin128 MCW10 LR0.01,2025,0.6339491548132412,0.06336610624623655,0.0627600961650771,-0.008742639770667202,0.04628836663383499,0.03165453839302064,0.8060793045689941
197,E,E Champ Leaf127 Bin128 MCW10 LR0.012,2023,0.6617844556695924,0.06257332907787268,0.05499628447444511,-0.029846778819391483,0.048656495287973486,0.03981231355667114,0.861108496410576
197,E,E Champ Leaf127 Bin128 MCW10 LR0.012,2024,0.6326535818880931,0.060490045681734196,0.057369167920415,-0.01917874349863872,0.044303076623040415,0.03357521271705627,0.830320241828319
197,E,E Champ Leaf127 Bin128 MCW10 LR0.012,2025,0.6341055192821372,0.06335257087810689,0.06288566717918707,-0.007677310746225762,0.04626758333756696,0.03121897992491723,0.8053792960664579
198,E,E Champ d=9 Bin128 MCW10 LR0.01,2023,0.6590380565700295,0.06282687134894724,0.055254121335605554,-0.02990314095421175,0.04890937103146927,0.040375453472137446,0.8593369963969906
198,E,E Champ d=9 Bin128 MCW10 LR0.01,2024,0.6290971699755187,0.0607821532567441,0.057336329008389766,-0.020174625897373226,0.04447744702200635,0.03311100912094117,0.8291082326050815
198,E,E Champ d=9 Bin128 MCW10 LR0.01,2025,0.6476694293585855,0.06216722441536072,0.061529687430042716,-0.008880391673291558,0.04519948936372494,0.030855611741542832,0.8130962185789122
199,E,E Champ d=9 MCW12 LR0.01 L2=1.5,2023,0.6611063512931563,0.06263602578444871,0.05517637316138976,-0.02964522846641066,0.048760011593725096,0.04030399966239928,0.8597890300422252
199,E,E Champ d=9 MCW12 LR0.01 L2=1.5,2024,0.6322243217899151,0.060525377973694575,0.056873339508614,-0.02070614951896637,0.04442305413038158,0.03380934584140777,0.8315083841579288
199,E,E Champ d=9 MCW12 LR0.01 L2=1.5,2025,0.6466533314325638,0.06225680294691551,0.061508243090086796,-0.00962525558839138,0.0453082464692877,0.03090239256620407,0.8136487250269462
